ts,dt,queued,running,dead,deferred,pg_database_size_bytes,docker_stats_json
2026-09-10T13:39:49Z,0,0,0,0,0,2668680883,"[{""name"":""lab-worker-1"",""cpu"":""0.46%"",""mem"":""100.4MiB / 122.8GiB""},{""name"":""lab-api"",""cpu"":""0.00%"",""mem"":""144.4MiB / 122.8GiB""},{""name"":""lab-allegro-stub"",""cpu"":""0.00%"",""mem"":""21.03MiB / 122.8GiB""},{""name"":""lab-erli-stub"",""cpu"":""0.00%"",""mem"":""18.05MiB / 122.8GiB""},{""name"":""lab-eparagony-stub"",""cpu"":""0.00%"",""mem"":""20.37MiB / 122.8GiB""},{""name"":""lab-invoicing-stub"",""cpu"":""0.00%"",""mem"":""16.6MiB / 122.8GiB""},{""name"":""lab-shipping-stub"",""cpu"":""0.00%"",""mem"":""16.58MiB / 122.8GiB""},{""name"":""lab-eparagony-stub-tls"",""cpu"":""0.00%"",""mem"":""23.3MiB / 122.8GiB""},{""name"":""lab-erli-stub-tls"",""cpu"":""0.00%"",""mem"":""22.67MiB / 122.8GiB""},{""name"":""lab-wc-tls"",""cpu"":""0.00%"",""mem"":""29.51MiB / 122.8GiB""},{""name"":""lab-prestashop"",""cpu"":""38.10%"",""mem"":""143MiB / 122.8GiB""},{""name"":""lab-woocommerce"",""cpu"":""0.00%"",""mem"":""294.6MiB / 122.8GiB""},{""name"":""lab-redis"",""cpu"":""0.31%"",""mem"":""79.88MiB / 122.8GiB""},{""name"":""lab-postgres"",""cpu"":""0.50%"",""mem"":""235.9MiB / 122.8GiB""},{""name"":""lab-mysql"",""cpu"":""43.19%"",""mem"":""722.5MiB / 122.8GiB""},{""name"":""lab-woocommerce-mysql"",""cpu"":""0.92%"",""mem"":""511.8MiB / 122.8GiB""}]"
2026-09-10T13:39:49Z,0,0,0,0,0,2668680883,"[{""name"":""lab-worker-1"",""cpu"":""0.46%"",""mem"":""100.4MiB / 122.8GiB""},{""name"":""lab-api"",""cpu"":""0.00%"",""mem"":""144.4MiB / 122.8GiB""},{""name"":""lab-allegro-stub"",""cpu"":""0.00%"",""mem"":""21.03MiB / 122.8GiB""},{""name"":""lab-erli-stub"",""cpu"":""0.00%"",""mem"":""18.05MiB / 122.8GiB""},{""name"":""lab-eparagony-stub"",""cpu"":""0.00%"",""mem"":""20.37MiB / 122.8GiB""},{""name"":""lab-invoicing-stub"",""cpu"":""0.00%"",""mem"":""16.6MiB / 122.8GiB""},{""name"":""lab-shipping-stub"",""cpu"":""0.00%"",""mem"":""16.58MiB / 122.8GiB""},{""name"":""lab-eparagony-stub-tls"",""cpu"":""0.00%"",""mem"":""23.3MiB / 122.8GiB""},{""name"":""lab-erli-stub-tls"",""cpu"":""0.00%"",""mem"":""22.67MiB / 122.8GiB""},{""name"":""lab-wc-tls"",""cpu"":""0.00%"",""mem"":""29.51MiB / 122.8GiB""},{""name"":""lab-prestashop"",""cpu"":""38.10%"",""mem"":""143MiB / 122.8GiB""},{""name"":""lab-woocommerce"",""cpu"":""0.00%"",""mem"":""294.6MiB / 122.8GiB""},{""name"":""lab-redis"",""cpu"":""0.31%"",""mem"":""79.88MiB / 122.8GiB""},{""name"":""lab-postgres"",""cpu"":""0.50%"",""mem"":""235.9MiB / 122.8GiB""},{""name"":""lab-mysql"",""cpu"":""43.19%"",""mem"":""722.5MiB / 122.8GiB""},{""name"":""lab-woocommerce-mysql"",""cpu"":""0.92%"",""mem"":""511.8MiB / 122.8GiB""}]"
2026-09-10T13:39:52Z,3,0,0,0,0,2668680883,"[{""name"":""lab-worker-1"",""cpu"":""0.44%"",""mem"":""100.4MiB / 122.8GiB""},{""name"":""lab-api"",""cpu"":""0.00%"",""mem"":""144.4MiB / 122.8GiB""},{""name"":""lab-allegro-stub"",""cpu"":""3.98%"",""mem"":""21.04MiB / 122.8GiB""},{""name"":""lab-erli-stub"",""cpu"":""0.01%"",""mem"":""18.05MiB / 122.8GiB""},{""name"":""lab-eparagony-stub"",""cpu"":""0.00%"",""mem"":""20.36MiB / 122.8GiB""},{""name"":""lab-invoicing-stub"",""cpu"":""3.31%"",""mem"":""16.6MiB / 122.8GiB""},{""name"":""lab-shipping-stub"",""cpu"":""3.92%"",""mem"":""16.6MiB / 122.8GiB""},{""name"":""lab-eparagony-stub-tls"",""cpu"":""0.00%"",""mem"":""23.3MiB / 122.8GiB""},{""name"":""lab-erli-stub-tls"",""cpu"":""0.00%"",""mem"":""22.67MiB / 122.8GiB""},{""name"":""lab-wc-tls"",""cpu"":""0.00%"",""mem"":""29.51MiB / 122.8GiB""},{""name"":""lab-prestashop"",""cpu"":""37.12%"",""mem"":""157MiB / 122.8GiB""},{""name"":""lab-woocommerce"",""cpu"":""0.01%"",""mem"":""294.6MiB / 122.8GiB""},{""name"":""lab-redis"",""cpu"":""0.26%"",""mem"":""79.63MiB / 122.8GiB""},{""name"":""lab-postgres"",""cpu"":""0.46%"",""mem"":""235.9MiB / 122.8GiB""},{""name"":""lab-mysql"",""cpu"":""42.16%"",""mem"":""722.3MiB / 122.8GiB""},{""name"":""lab-woocommerce-mysql"",""cpu"":""0.70%"",""mem"":""511.8MiB / 122.8GiB""}]"
2026-09-10T13:39:52Z,3,0,0,0,0,2668680883,"[{""name"":""lab-worker-1"",""cpu"":""0.44%"",""mem"":""100.4MiB / 122.8GiB""},{""name"":""lab-api"",""cpu"":""0.00%"",""mem"":""144.4MiB / 122.8GiB""},{""name"":""lab-allegro-stub"",""cpu"":""3.98%"",""mem"":""21.04MiB / 122.8GiB""},{""name"":""lab-erli-stub"",""cpu"":""0.01%"",""mem"":""18.05MiB / 122.8GiB""},{""name"":""lab-eparagony-stub"",""cpu"":""0.00%"",""mem"":""20.36MiB / 122.8GiB""},{""name"":""lab-invoicing-stub"",""cpu"":""3.31%"",""mem"":""16.6MiB / 122.8GiB""},{""name"":""lab-shipping-stub"",""cpu"":""3.92%"",""mem"":""16.6MiB / 122.8GiB""},{""name"":""lab-eparagony-stub-tls"",""cpu"":""0.00%"",""mem"":""23.3MiB / 122.8GiB""},{""name"":""lab-erli-stub-tls"",""cpu"":""0.00%"",""mem"":""22.67MiB / 122.8GiB""},{""name"":""lab-wc-tls"",""cpu"":""0.00%"",""mem"":""29.51MiB / 122.8GiB""},{""name"":""lab-prestashop"",""cpu"":""37.12%"",""mem"":""157MiB / 122.8GiB""},{""name"":""lab-woocommerce"",""cpu"":""0.01%"",""mem"":""294.6MiB / 122.8GiB""},{""name"":""lab-redis"",""cpu"":""0.26%"",""mem"":""79.63MiB / 122.8GiB""},{""name"":""lab-postgres"",""cpu"":""0.46%"",""mem"":""235.9MiB / 122.8GiB""},{""name"":""lab-mysql"",""cpu"":""42.16%"",""mem"":""722.3MiB / 122.8GiB""},{""name"":""lab-woocommerce-mysql"",""cpu"":""0.70%"",""mem"":""511.8MiB / 122.8GiB""}]"
2026-09-10T13:39:55Z,3,0,0,0,0,2668680883,"[{""name"":""lab-worker-1"",""cpu"":""0.41%"",""mem"":""100.4MiB / 122.8GiB""},{""name"":""lab-api"",""cpu"":""0.00%"",""mem"":""144.4MiB / 122.8GiB""},{""name"":""lab-allegro-stub"",""cpu"":""0.00%"",""mem"":""21.03MiB / 122.8GiB""},{""name"":""lab-erli-stub"",""cpu"":""0.00%"",""mem"":""18.05MiB / 122.8GiB""},{""name"":""lab-eparagony-stub"",""cpu"":""0.00%"",""mem"":""20.36MiB / 122.8GiB""},{""name"":""lab-invoicing-stub"",""cpu"":""0.00%"",""mem"":""16.6MiB / 122.8GiB""},{""name"":""lab-shipping-stub"",""cpu"":""0.00%"",""mem"":""16.58MiB / 122.8GiB""},{""name"":""lab-eparagony-stub-tls"",""cpu"":""0.00%"",""mem"":""23.3MiB / 122.8GiB""},{""name"":""lab-erli-stub-tls"",""cpu"":""0.00%"",""mem"":""22.67MiB / 122.8GiB""},{""name"":""lab-wc-tls"",""cpu"":""0.00%"",""mem"":""29.51MiB / 122.8GiB""},{""name"":""lab-prestashop"",""cpu"":""37.63%"",""mem"":""171.2MiB / 122.8GiB""},{""name"":""lab-woocommerce"",""cpu"":""0.00%"",""mem"":""294.6MiB / 122.8GiB""},{""name"":""lab-redis"",""cpu"":""0.26%"",""mem"":""79.63MiB / 122.8GiB""},{""name"":""lab-postgres"",""cpu"":""0.48%"",""mem"":""235.9MiB / 122.8GiB""},{""name"":""lab-mysql"",""cpu"":""42.69%"",""mem"":""722.3MiB / 122.8GiB""},{""name"":""lab-woocommerce-mysql"",""cpu"":""0.71%"",""mem"":""511.8MiB / 122.8GiB""}]"
2026-09-10T13:39:55Z,3,0,0,0,0,2668680883,"[{""name"":""lab-worker-1"",""cpu"":""0.41%"",""mem"":""100.4MiB / 122.8GiB""},{""name"":""lab-api"",""cpu"":""0.00%"",""mem"":""144.4MiB / 122.8GiB""},{""name"":""lab-allegro-stub"",""cpu"":""0.00%"",""mem"":""21.03MiB / 122.8GiB""},{""name"":""lab-erli-stub"",""cpu"":""0.00%"",""mem"":""18.05MiB / 122.8GiB""},{""name"":""lab-eparagony-stub"",""cpu"":""0.00%"",""mem"":""20.36MiB / 122.8GiB""},{""name"":""lab-invoicing-stub"",""cpu"":""0.00%"",""mem"":""16.6MiB / 122.8GiB""},{""name"":""lab-shipping-stub"",""cpu"":""0.00%"",""mem"":""16.58MiB / 122.8GiB""},{""name"":""lab-eparagony-stub-tls"",""cpu"":""0.00%"",""mem"":""23.3MiB / 122.8GiB""},{""name"":""lab-erli-stub-tls"",""cpu"":""0.00%"",""mem"":""22.67MiB / 122.8GiB""},{""name"":""lab-wc-tls"",""cpu"":""0.00%"",""mem"":""29.51MiB / 122.8GiB""},{""name"":""lab-prestashop"",""cpu"":""37.63%"",""mem"":""171.2MiB / 122.8GiB""},{""name"":""lab-woocommerce"",""cpu"":""0.00%"",""mem"":""294.6MiB / 122.8GiB""},{""name"":""lab-redis"",""cpu"":""0.26%"",""mem"":""79.63MiB / 122.8GiB""},{""name"":""lab-postgres"",""cpu"":""0.48%"",""mem"":""235.9MiB / 122.8GiB""},{""name"":""lab-mysql"",""cpu"":""42.69%"",""mem"":""722.3MiB / 122.8GiB""},{""name"":""lab-woocommerce-mysql"",""cpu"":""0.71%"",""mem"":""511.8MiB / 122.8GiB""}]"
2026-09-10T13:39:58Z,3,0,0,0,0,2668680883,"[{""name"":""lab-worker-1"",""cpu"":""0.48%"",""mem"":""100.4MiB / 122.8GiB""},{""name"":""lab-api"",""cpu"":""0.00%"",""mem"":""144.4MiB / 122.8GiB""},{""name"":""lab-allegro-stub"",""cpu"":""0.00%"",""mem"":""21.03MiB / 122.8GiB""},{""name"":""lab-erli-stub"",""cpu"":""0.00%"",""mem"":""18.05MiB / 122.8GiB""},{""name"":""lab-eparagony-stub"",""cpu"":""0.00%"",""mem"":""20.37MiB / 122.8GiB""},{""name"":""lab-invoicing-stub"",""cpu"":""0.00%"",""mem"":""16.6MiB / 122.8GiB""},{""name"":""lab-shipping-stub"",""cpu"":""0.00%"",""mem"":""16.58MiB / 122.8GiB""},{""name"":""lab-eparagony-stub-tls"",""cpu"":""0.00%"",""mem"":""23.3MiB / 122.8GiB""},{""name"":""lab-erli-stub-tls"",""cpu"":""0.00%"",""mem"":""22.67MiB / 122.8GiB""},{""name"":""lab-wc-tls"",""cpu"":""0.00%"",""mem"":""29.51MiB / 122.8GiB""},{""name"":""lab-prestashop"",""cpu"":""36.44%"",""mem"":""173.1MiB / 122.8GiB""},{""name"":""lab-woocommerce"",""cpu"":""0.01%"",""mem"":""294.6MiB / 122.8GiB""},{""name"":""lab-redis"",""cpu"":""0.31%"",""mem"":""79.63MiB / 122.8GiB""},{""name"":""lab-postgres"",""cpu"":""0.49%"",""mem"":""235.9MiB / 122.8GiB""},{""name"":""lab-mysql"",""cpu"":""43.23%"",""mem"":""722.8MiB / 122.8GiB""},{""name"":""lab-woocommerce-mysql"",""cpu"":""0.75%"",""mem"":""511.8MiB / 122.8GiB""}]"
2026-09-10T13:39:58Z,3,0,0,0,0,2668680883,"[{""name"":""lab-worker-1"",""cpu"":""0.48%"",""mem"":""100.4MiB / 122.8GiB""},{""name"":""lab-api"",""cpu"":""0.00%"",""mem"":""144.4MiB / 122.8GiB""},{""name"":""lab-allegro-stub"",""cpu"":""0.00%"",""mem"":""21.03MiB / 122.8GiB""},{""name"":""lab-erli-stub"",""cpu"":""0.00%"",""mem"":""18.05MiB / 122.8GiB""},{""name"":""lab-eparagony-stub"",""cpu"":""0.00%"",""mem"":""20.37MiB / 122.8GiB""},{""name"":""lab-invoicing-stub"",""cpu"":""0.00%"",""mem"":""16.6MiB / 122.8GiB""},{""name"":""lab-shipping-stub"",""cpu"":""0.00%"",""mem"":""16.58MiB / 122.8GiB""},{""name"":""lab-eparagony-stub-tls"",""cpu"":""0.00%"",""mem"":""23.3MiB / 122.8GiB""},{""name"":""lab-erli-stub-tls"",""cpu"":""0.00%"",""mem"":""22.67MiB / 122.8GiB""},{""name"":""lab-wc-tls"",""cpu"":""0.00%"",""mem"":""29.51MiB / 122.8GiB""},{""name"":""lab-prestashop"",""cpu"":""36.44%"",""mem"":""173.1MiB / 122.8GiB""},{""name"":""lab-woocommerce"",""cpu"":""0.01%"",""mem"":""294.6MiB / 122.8GiB""},{""name"":""lab-redis"",""cpu"":""0.31%"",""mem"":""79.63MiB / 122.8GiB""},{""name"":""lab-postgres"",""cpu"":""0.49%"",""mem"":""235.9MiB / 122.8GiB""},{""name"":""lab-mysql"",""cpu"":""43.23%"",""mem"":""722.8MiB / 122.8GiB""},{""name"":""lab-woocommerce-mysql"",""cpu"":""0.75%"",""mem"":""511.8MiB / 122.8GiB""}]"
2026-09-10T13:40:01Z,3,0,0,0,0,2668680883,"[{""name"":""lab-worker-1"",""cpu"":""0.41%"",""mem"":""100.4MiB / 122.8GiB""},{""name"":""lab-api"",""cpu"":""0.00%"",""mem"":""144.4MiB / 122.8GiB""},{""name"":""lab-allegro-stub"",""cpu"":""0.00%"",""mem"":""21.03MiB / 122.8GiB""},{""name"":""lab-erli-stub"",""cpu"":""4.14%"",""mem"":""18.06MiB / 122.8GiB""},{""name"":""lab-eparagony-stub"",""cpu"":""4.23%"",""mem"":""20.37MiB / 122.8GiB""},{""name"":""lab-invoicing-stub"",""cpu"":""0.00%"",""mem"":""16.6MiB / 122.8GiB""},{""name"":""lab-shipping-stub"",""cpu"":""0.00%"",""mem"":""16.58MiB / 122.8GiB""},{""name"":""lab-eparagony-stub-tls"",""cpu"":""0.00%"",""mem"":""23.3MiB / 122.8GiB""},{""name"":""lab-erli-stub-tls"",""cpu"":""0.00%"",""mem"":""22.67MiB / 122.8GiB""},{""name"":""lab-wc-tls"",""cpu"":""0.00%"",""mem"":""29.51MiB / 122.8GiB""},{""name"":""lab-prestashop"",""cpu"":""35.63%"",""mem"":""181.2MiB / 122.8GiB""},{""name"":""lab-woocommerce"",""cpu"":""0.01%"",""mem"":""294.6MiB / 122.8GiB""},{""name"":""lab-redis"",""cpu"":""4.63%"",""mem"":""79.63MiB / 122.8GiB""},{""name"":""lab-postgres"",""cpu"":""0.47%"",""mem"":""236.1MiB / 122.8GiB""},{""name"":""lab-mysql"",""cpu"":""42.62%"",""mem"":""722.3MiB / 122.8GiB""},{""name"":""lab-woocommerce-mysql"",""cpu"":""0.67%"",""mem"":""511.8MiB / 122.8GiB""}]"
2026-09-10T13:40:01Z,3,0,0,0,0,2668680883,"[{""name"":""lab-worker-1"",""cpu"":""0.41%"",""mem"":""100.4MiB / 122.8GiB""},{""name"":""lab-api"",""cpu"":""0.00%"",""mem"":""144.4MiB / 122.8GiB""},{""name"":""lab-allegro-stub"",""cpu"":""0.00%"",""mem"":""21.03MiB / 122.8GiB""},{""name"":""lab-erli-stub"",""cpu"":""4.14%"",""mem"":""18.06MiB / 122.8GiB""},{""name"":""lab-eparagony-stub"",""cpu"":""4.23%"",""mem"":""20.37MiB / 122.8GiB""},{""name"":""lab-invoicing-stub"",""cpu"":""0.00%"",""mem"":""16.6MiB / 122.8GiB""},{""name"":""lab-shipping-stub"",""cpu"":""0.00%"",""mem"":""16.58MiB / 122.8GiB""},{""name"":""lab-eparagony-stub-tls"",""cpu"":""0.00%"",""mem"":""23.3MiB / 122.8GiB""},{""name"":""lab-erli-stub-tls"",""cpu"":""0.00%"",""mem"":""22.67MiB / 122.8GiB""},{""name"":""lab-wc-tls"",""cpu"":""0.00%"",""mem"":""29.51MiB / 122.8GiB""},{""name"":""lab-prestashop"",""cpu"":""35.63%"",""mem"":""181.2MiB / 122.8GiB""},{""name"":""lab-woocommerce"",""cpu"":""0.01%"",""mem"":""294.6MiB / 122.8GiB""},{""name"":""lab-redis"",""cpu"":""4.63%"",""mem"":""79.63MiB / 122.8GiB""},{""name"":""lab-postgres"",""cpu"":""0.47%"",""mem"":""236.1MiB / 122.8GiB""},{""name"":""lab-mysql"",""cpu"":""42.62%"",""mem"":""722.3MiB / 122.8GiB""},{""name"":""lab-woocommerce-mysql"",""cpu"":""0.67%"",""mem"":""511.8MiB / 122.8GiB""}]"
2026-09-10T13:40:04Z,3,0,0,0,0,2668680883,"[{""name"":""lab-worker-1"",""cpu"":""0.36%"",""mem"":""100.4MiB / 122.8GiB""},{""name"":""lab-api"",""cpu"":""0.00%"",""mem"":""144.4MiB / 122.8GiB""},{""name"":""lab-allegro-stub"",""cpu"":""0.00%"",""mem"":""21.03MiB / 122.8GiB""},{""name"":""lab-erli-stub"",""cpu"":""0.00%"",""mem"":""18.05MiB / 122.8GiB""},{""name"":""lab-eparagony-stub"",""cpu"":""0.00%"",""mem"":""20.37MiB / 122.8GiB""},{""name"":""lab-invoicing-stub"",""cpu"":""0.00%"",""mem"":""16.6MiB / 122.8GiB""},{""name"":""lab-shipping-stub"",""cpu"":""0.00%"",""mem"":""16.58MiB / 122.8GiB""},{""name"":""lab-eparagony-stub-tls"",""cpu"":""0.00%"",""mem"":""23.3MiB / 122.8GiB""},{""name"":""lab-erli-stub-tls"",""cpu"":""0.00%"",""mem"":""22.67MiB / 122.8GiB""},{""name"":""lab-wc-tls"",""cpu"":""0.00%"",""mem"":""29.51MiB / 122.8GiB""},{""name"":""lab-prestashop"",""cpu"":""34.52%"",""mem"":""183.2MiB / 122.8GiB""},{""name"":""lab-woocommerce"",""cpu"":""0.01%"",""mem"":""294.6MiB / 122.8GiB""},{""name"":""lab-redis"",""cpu"":""0.22%"",""mem"":""79.63MiB / 122.8GiB""},{""name"":""lab-postgres"",""cpu"":""0.49%"",""mem"":""235.9MiB / 122.8GiB""},{""name"":""lab-mysql"",""cpu"":""42.26%"",""mem"":""722.3MiB / 122.8GiB""},{""name"":""lab-woocommerce-mysql"",""cpu"":""0.82%"",""mem"":""511.8MiB / 122.8GiB""}]"
2026-09-10T13:40:04Z,3,0,0,0,0,2668680883,"[{""name"":""lab-worker-1"",""cpu"":""0.36%"",""mem"":""100.4MiB / 122.8GiB""},{""name"":""lab-api"",""cpu"":""0.00%"",""mem"":""144.4MiB / 122.8GiB""},{""name"":""lab-allegro-stub"",""cpu"":""0.00%"",""mem"":""21.03MiB / 122.8GiB""},{""name"":""lab-erli-stub"",""cpu"":""0.00%"",""mem"":""18.05MiB / 122.8GiB""},{""name"":""lab-eparagony-stub"",""cpu"":""0.00%"",""mem"":""20.37MiB / 122.8GiB""},{""name"":""lab-invoicing-stub"",""cpu"":""0.00%"",""mem"":""16.6MiB / 122.8GiB""},{""name"":""lab-shipping-stub"",""cpu"":""0.00%"",""mem"":""16.58MiB / 122.8GiB""},{""name"":""lab-eparagony-stub-tls"",""cpu"":""0.00%"",""mem"":""23.3MiB / 122.8GiB""},{""name"":""lab-erli-stub-tls"",""cpu"":""0.00%"",""mem"":""22.67MiB / 122.8GiB""},{""name"":""lab-wc-tls"",""cpu"":""0.00%"",""mem"":""29.51MiB / 122.8GiB""},{""name"":""lab-prestashop"",""cpu"":""34.52%"",""mem"":""183.2MiB / 122.8GiB""},{""name"":""lab-woocommerce"",""cpu"":""0.01%"",""mem"":""294.6MiB / 122.8GiB""},{""name"":""lab-redis"",""cpu"":""0.22%"",""mem"":""79.63MiB / 122.8GiB""},{""name"":""lab-postgres"",""cpu"":""0.49%"",""mem"":""235.9MiB / 122.8GiB""},{""name"":""lab-mysql"",""cpu"":""42.26%"",""mem"":""722.3MiB / 122.8GiB""},{""name"":""lab-woocommerce-mysql"",""cpu"":""0.82%"",""mem"":""511.8MiB / 122.8GiB""}]"
2026-09-10T13:40:07Z,3,0,0,0,0,2668680883,"[{""name"":""lab-worker-1"",""cpu"":""0.49%"",""mem"":""100.7MiB / 122.8GiB""},{""name"":""lab-api"",""cpu"":""0.00%"",""mem"":""144.4MiB / 122.8GiB""},{""name"":""lab-allegro-stub"",""cpu"":""3.89%"",""mem"":""21.03MiB / 122.8GiB""},{""name"":""lab-erli-stub"",""cpu"":""0.01%"",""mem"":""18.05MiB / 122.8GiB""},{""name"":""lab-eparagony-stub"",""cpu"":""0.00%"",""mem"":""20.37MiB / 122.8GiB""},{""name"":""lab-invoicing-stub"",""cpu"":""4.12%"",""mem"":""16.6MiB / 122.8GiB""},{""name"":""lab-shipping-stub"",""cpu"":""4.17%"",""mem"":""16.58MiB / 122.8GiB""},{""name"":""lab-eparagony-stub-tls"",""cpu"":""0.00%"",""mem"":""23.3MiB / 122.8GiB""},{""name"":""lab-erli-stub-tls"",""cpu"":""0.00%"",""mem"":""22.67MiB / 122.8GiB""},{""name"":""lab-wc-tls"",""cpu"":""0.00%"",""mem"":""29.51MiB / 122.8GiB""},{""name"":""lab-prestashop"",""cpu"":""36.24%"",""mem"":""183.7MiB / 122.8GiB""},{""name"":""lab-woocommerce"",""cpu"":""0.01%"",""mem"":""294.6MiB / 122.8GiB""},{""name"":""lab-redis"",""cpu"":""0.25%"",""mem"":""79.63MiB / 122.8GiB""},{""name"":""lab-postgres"",""cpu"":""0.41%"",""mem"":""235.9MiB / 122.8GiB""},{""name"":""lab-mysql"",""cpu"":""45.45%"",""mem"":""722.3MiB / 122.8GiB""},{""name"":""lab-woocommerce-mysql"",""cpu"":""0.71%"",""mem"":""511.8MiB / 122.8GiB""}]"
2026-09-10T13:40:07Z,3,0,0,0,0,2668680883,"[{""name"":""lab-worker-1"",""cpu"":""0.49%"",""mem"":""100.7MiB / 122.8GiB""},{""name"":""lab-api"",""cpu"":""0.00%"",""mem"":""144.4MiB / 122.8GiB""},{""name"":""lab-allegro-stub"",""cpu"":""3.89%"",""mem"":""21.03MiB / 122.8GiB""},{""name"":""lab-erli-stub"",""cpu"":""0.01%"",""mem"":""18.05MiB / 122.8GiB""},{""name"":""lab-eparagony-stub"",""cpu"":""0.00%"",""mem"":""20.37MiB / 122.8GiB""},{""name"":""lab-invoicing-stub"",""cpu"":""4.12%"",""mem"":""16.6MiB / 122.8GiB""},{""name"":""lab-shipping-stub"",""cpu"":""4.17%"",""mem"":""16.58MiB / 122.8GiB""},{""name"":""lab-eparagony-stub-tls"",""cpu"":""0.00%"",""mem"":""23.3MiB / 122.8GiB""},{""name"":""lab-erli-stub-tls"",""cpu"":""0.00%"",""mem"":""22.67MiB / 122.8GiB""},{""name"":""lab-wc-tls"",""cpu"":""0.00%"",""mem"":""29.51MiB / 122.8GiB""},{""name"":""lab-prestashop"",""cpu"":""36.24%"",""mem"":""183.7MiB / 122.8GiB""},{""name"":""lab-woocommerce"",""cpu"":""0.01%"",""mem"":""294.6MiB / 122.8GiB""},{""name"":""lab-redis"",""cpu"":""0.25%"",""mem"":""79.63MiB / 122.8GiB""},{""name"":""lab-postgres"",""cpu"":""0.41%"",""mem"":""235.9MiB / 122.8GiB""},{""name"":""lab-mysql"",""cpu"":""45.45%"",""mem"":""722.3MiB / 122.8GiB""},{""name"":""lab-woocommerce-mysql"",""cpu"":""0.71%"",""mem"":""511.8MiB / 122.8GiB""}]"
2026-09-10T13:40:11Z,3,0,0,0,0,2668680883,"[{""name"":""lab-worker-1"",""cpu"":""0.44%"",""mem"":""100.4MiB / 122.8GiB""},{""name"":""lab-api"",""cpu"":""0.00%"",""mem"":""144.4MiB / 122.8GiB""},{""name"":""lab-allegro-stub"",""cpu"":""0.00%"",""mem"":""21.03MiB / 122.8GiB""},{""name"":""lab-erli-stub"",""cpu"":""0.00%"",""mem"":""18.05MiB / 122.8GiB""},{""name"":""lab-eparagony-stub"",""cpu"":""4.11%"",""mem"":""20.37MiB / 122.8GiB""},{""name"":""lab-invoicing-stub"",""cpu"":""0.00%"",""mem"":""16.6MiB / 122.8GiB""},{""name"":""lab-shipping-stub"",""cpu"":""0.00%"",""mem"":""16.58MiB / 122.8GiB""},{""name"":""lab-eparagony-stub-tls"",""cpu"":""0.00%"",""mem"":""23.3MiB / 122.8GiB""},{""name"":""lab-erli-stub-tls"",""cpu"":""0.00%"",""mem"":""22.67MiB / 122.8GiB""},{""name"":""lab-wc-tls"",""cpu"":""0.00%"",""mem"":""29.51MiB / 122.8GiB""},{""name"":""lab-prestashop"",""cpu"":""42.22%"",""mem"":""181.3MiB / 122.8GiB""},{""name"":""lab-woocommerce"",""cpu"":""0.01%"",""mem"":""294.6MiB / 122.8GiB""},{""name"":""lab-redis"",""cpu"":""5.24%"",""mem"":""79.75MiB / 122.8GiB""},{""name"":""lab-postgres"",""cpu"":""0.44%"",""mem"":""235.9MiB / 122.8GiB""},{""name"":""lab-mysql"",""cpu"":""44.35%"",""mem"":""722.6MiB / 122.8GiB""},{""name"":""lab-woocommerce-mysql"",""cpu"":""0.68%"",""mem"":""511.8MiB / 122.8GiB""}]"
2026-09-10T13:40:11Z,3,0,0,0,0,2668680883,"[{""name"":""lab-worker-1"",""cpu"":""0.44%"",""mem"":""100.4MiB / 122.8GiB""},{""name"":""lab-api"",""cpu"":""0.00%"",""mem"":""144.4MiB / 122.8GiB""},{""name"":""lab-allegro-stub"",""cpu"":""0.00%"",""mem"":""21.03MiB / 122.8GiB""},{""name"":""lab-erli-stub"",""cpu"":""0.00%"",""mem"":""18.05MiB / 122.8GiB""},{""name"":""lab-eparagony-stub"",""cpu"":""4.11%"",""mem"":""20.37MiB / 122.8GiB""},{""name"":""lab-invoicing-stub"",""cpu"":""0.00%"",""mem"":""16.6MiB / 122.8GiB""},{""name"":""lab-shipping-stub"",""cpu"":""0.00%"",""mem"":""16.58MiB / 122.8GiB""},{""name"":""lab-eparagony-stub-tls"",""cpu"":""0.00%"",""mem"":""23.3MiB / 122.8GiB""},{""name"":""lab-erli-stub-tls"",""cpu"":""0.00%"",""mem"":""22.67MiB / 122.8GiB""},{""name"":""lab-wc-tls"",""cpu"":""0.00%"",""mem"":""29.51MiB / 122.8GiB""},{""name"":""lab-prestashop"",""cpu"":""42.22%"",""mem"":""181.3MiB / 122.8GiB""},{""name"":""lab-woocommerce"",""cpu"":""0.01%"",""mem"":""294.6MiB / 122.8GiB""},{""name"":""lab-redis"",""cpu"":""5.24%"",""mem"":""79.75MiB / 122.8GiB""},{""name"":""lab-postgres"",""cpu"":""0.44%"",""mem"":""235.9MiB / 122.8GiB""},{""name"":""lab-mysql"",""cpu"":""44.35%"",""mem"":""722.6MiB / 122.8GiB""},{""name"":""lab-woocommerce-mysql"",""cpu"":""0.68%"",""mem"":""511.8MiB / 122.8GiB""}]"
2026-09-10T13:40:14Z,4,0,0,0,0,2668680883,"[{""name"":""lab-worker-1"",""cpu"":""0.46%"",""mem"":""100.4MiB / 122.8GiB""},{""name"":""lab-api"",""cpu"":""0.00%"",""mem"":""144.4MiB / 122.8GiB""},{""name"":""lab-allegro-stub"",""cpu"":""0.00%"",""mem"":""21.03MiB / 122.8GiB""},{""name"":""lab-erli-stub"",""cpu"":""0.00%"",""mem"":""18.05MiB / 122.8GiB""},{""name"":""lab-eparagony-stub"",""cpu"":""0.00%"",""mem"":""20.36MiB / 122.8GiB""},{""name"":""lab-invoicing-stub"",""cpu"":""0.00%"",""mem"":""16.6MiB / 122.8GiB""},{""name"":""lab-shipping-stub"",""cpu"":""0.00%"",""mem"":""16.58MiB / 122.8GiB""},{""name"":""lab-eparagony-stub-tls"",""cpu"":""0.00%"",""mem"":""23.3MiB / 122.8GiB""},{""name"":""lab-erli-stub-tls"",""cpu"":""0.00%"",""mem"":""22.67MiB / 122.8GiB""},{""name"":""lab-wc-tls"",""cpu"":""0.00%"",""mem"":""29.51MiB / 122.8GiB""},{""name"":""lab-prestashop"",""cpu"":""35.78%"",""mem"":""181.3MiB / 122.8GiB""},{""name"":""lab-woocommerce"",""cpu"":""0.01%"",""mem"":""294.6MiB / 122.8GiB""},{""name"":""lab-redis"",""cpu"":""0.24%"",""mem"":""79.63MiB / 122.8GiB""},{""name"":""lab-postgres"",""cpu"":""0.44%"",""mem"":""235.9MiB / 122.8GiB""},{""name"":""lab-mysql"",""cpu"":""48.43%"",""mem"":""722.3MiB / 122.8GiB""},{""name"":""lab-woocommerce-mysql"",""cpu"":""0.79%"",""mem"":""511.8MiB / 122.8GiB""}]"
2026-09-10T13:40:14Z,4,0,0,0,0,2668680883,"[{""name"":""lab-worker-1"",""cpu"":""0.46%"",""mem"":""100.4MiB / 122.8GiB""},{""name"":""lab-api"",""cpu"":""0.00%"",""mem"":""144.4MiB / 122.8GiB""},{""name"":""lab-allegro-stub"",""cpu"":""0.00%"",""mem"":""21.03MiB / 122.8GiB""},{""name"":""lab-erli-stub"",""cpu"":""0.00%"",""mem"":""18.05MiB / 122.8GiB""},{""name"":""lab-eparagony-stub"",""cpu"":""0.00%"",""mem"":""20.36MiB / 122.8GiB""},{""name"":""lab-invoicing-stub"",""cpu"":""0.00%"",""mem"":""16.6MiB / 122.8GiB""},{""name"":""lab-shipping-stub"",""cpu"":""0.00%"",""mem"":""16.58MiB / 122.8GiB""},{""name"":""lab-eparagony-stub-tls"",""cpu"":""0.00%"",""mem"":""23.3MiB / 122.8GiB""},{""name"":""lab-erli-stub-tls"",""cpu"":""0.00%"",""mem"":""22.67MiB / 122.8GiB""},{""name"":""lab-wc-tls"",""cpu"":""0.00%"",""mem"":""29.51MiB / 122.8GiB""},{""name"":""lab-prestashop"",""cpu"":""35.78%"",""mem"":""181.3MiB / 122.8GiB""},{""name"":""lab-woocommerce"",""cpu"":""0.01%"",""mem"":""294.6MiB / 122.8GiB""},{""name"":""lab-redis"",""cpu"":""0.24%"",""mem"":""79.63MiB / 122.8GiB""},{""name"":""lab-postgres"",""cpu"":""0.44%"",""mem"":""235.9MiB / 122.8GiB""},{""name"":""lab-mysql"",""cpu"":""48.43%"",""mem"":""722.3MiB / 122.8GiB""},{""name"":""lab-woocommerce-mysql"",""cpu"":""0.79%"",""mem"":""511.8MiB / 122.8GiB""}]"
2026-09-10T13:40:17Z,3,0,0,0,0,2668680883,"[{""name"":""lab-worker-1"",""cpu"":""0.40%"",""mem"":""100.4MiB / 122.8GiB""},{""name"":""lab-api"",""cpu"":""0.00%"",""mem"":""144.4MiB / 122.8GiB""},{""name"":""lab-allegro-stub"",""cpu"":""4.24%"",""mem"":""21.05MiB / 122.8GiB""},{""name"":""lab-erli-stub"",""cpu"":""4.25%"",""mem"":""18.06MiB / 122.8GiB""},{""name"":""lab-eparagony-stub"",""cpu"":""0.00%"",""mem"":""20.36MiB / 122.8GiB""},{""name"":""lab-invoicing-stub"",""cpu"":""4.94%"",""mem"":""17.12MiB / 122.8GiB""},{""name"":""lab-shipping-stub"",""cpu"":""3.85%"",""mem"":""16.62MiB / 122.8GiB""},{""name"":""lab-eparagony-stub-tls"",""cpu"":""0.00%"",""mem"":""23.3MiB / 122.8GiB""},{""name"":""lab-erli-stub-tls"",""cpu"":""0.00%"",""mem"":""22.67MiB / 122.8GiB""},{""name"":""lab-wc-tls"",""cpu"":""0.00%"",""mem"":""29.51MiB / 122.8GiB""},{""name"":""lab-prestashop"",""cpu"":""36.76%"",""mem"":""175.3MiB / 122.8GiB""},{""name"":""lab-woocommerce"",""cpu"":""0.00%"",""mem"":""294.6MiB / 122.8GiB""},{""name"":""lab-redis"",""cpu"":""0.24%"",""mem"":""79.88MiB / 122.8GiB""},{""name"":""lab-postgres"",""cpu"":""0.46%"",""mem"":""235.9MiB / 122.8GiB""},{""name"":""lab-mysql"",""cpu"":""44.21%"",""mem"":""722.3MiB / 122.8GiB""},{""name"":""lab-woocommerce-mysql"",""cpu"":""5.20%"",""mem"":""511.8MiB / 122.8GiB""}]"
2026-09-10T13:40:17Z,3,0,0,0,0,2668680883,"[{""name"":""lab-worker-1"",""cpu"":""0.40%"",""mem"":""100.4MiB / 122.8GiB""},{""name"":""lab-api"",""cpu"":""0.00%"",""mem"":""144.4MiB / 122.8GiB""},{""name"":""lab-allegro-stub"",""cpu"":""4.24%"",""mem"":""21.05MiB / 122.8GiB""},{""name"":""lab-erli-stub"",""cpu"":""4.25%"",""mem"":""18.06MiB / 122.8GiB""},{""name"":""lab-eparagony-stub"",""cpu"":""0.00%"",""mem"":""20.36MiB / 122.8GiB""},{""name"":""lab-invoicing-stub"",""cpu"":""4.94%"",""mem"":""17.12MiB / 122.8GiB""},{""name"":""lab-shipping-stub"",""cpu"":""3.85%"",""mem"":""16.62MiB / 122.8GiB""},{""name"":""lab-eparagony-stub-tls"",""cpu"":""0.00%"",""mem"":""23.3MiB / 122.8GiB""},{""name"":""lab-erli-stub-tls"",""cpu"":""0.00%"",""mem"":""22.67MiB / 122.8GiB""},{""name"":""lab-wc-tls"",""cpu"":""0.00%"",""mem"":""29.51MiB / 122.8GiB""},{""name"":""lab-prestashop"",""cpu"":""36.76%"",""mem"":""175.3MiB / 122.8GiB""},{""name"":""lab-woocommerce"",""cpu"":""0.00%"",""mem"":""294.6MiB / 122.8GiB""},{""name"":""lab-redis"",""cpu"":""0.24%"",""mem"":""79.88MiB / 122.8GiB""},{""name"":""lab-postgres"",""cpu"":""0.46%"",""mem"":""235.9MiB / 122.8GiB""},{""name"":""lab-mysql"",""cpu"":""44.21%"",""mem"":""722.3MiB / 122.8GiB""},{""name"":""lab-woocommerce-mysql"",""cpu"":""5.20%"",""mem"":""511.8MiB / 122.8GiB""}]"
2026-09-10T13:40:20Z,3,0,0,0,0,2668680883,"[{""name"":""lab-worker-1"",""cpu"":""0.30%"",""mem"":""100.4MiB / 122.8GiB""},{""name"":""lab-api"",""cpu"":""0.00%"",""mem"":""144.4MiB / 122.8GiB""},{""name"":""lab-allegro-stub"",""cpu"":""0.00%"",""mem"":""21.03MiB / 122.8GiB""},{""name"":""lab-erli-stub"",""cpu"":""0.00%"",""mem"":""18.05MiB / 122.8GiB""},{""name"":""lab-eparagony-stub"",""cpu"":""0.00%"",""mem"":""20.36MiB / 122.8GiB""},{""name"":""lab-invoicing-stub"",""cpu"":""0.00%"",""mem"":""16.6MiB / 122.8GiB""},{""name"":""lab-shipping-stub"",""cpu"":""0.00%"",""mem"":""16.58MiB / 122.8GiB""},{""name"":""lab-eparagony-stub-tls"",""cpu"":""0.00%"",""mem"":""23.3MiB / 122.8GiB""},{""name"":""lab-erli-stub-tls"",""cpu"":""0.00%"",""mem"":""22.67MiB / 122.8GiB""},{""name"":""lab-wc-tls"",""cpu"":""0.00%"",""mem"":""29.51MiB / 122.8GiB""},{""name"":""lab-prestashop"",""cpu"":""36.32%"",""mem"":""173.5MiB / 122.8GiB""},{""name"":""lab-woocommerce"",""cpu"":""0.00%"",""mem"":""294.6MiB / 122.8GiB""},{""name"":""lab-redis"",""cpu"":""0.26%"",""mem"":""79.88MiB / 122.8GiB""},{""name"":""lab-postgres"",""cpu"":""0.44%"",""mem"":""235.9MiB / 122.8GiB""},{""name"":""lab-mysql"",""cpu"":""44.30%"",""mem"":""722.6MiB / 122.8GiB""},{""name"":""lab-woocommerce-mysql"",""cpu"":""0.77%"",""mem"":""511.8MiB / 122.8GiB""}]"
2026-09-10T13:40:20Z,3,0,0,0,0,2668680883,"[{""name"":""lab-worker-1"",""cpu"":""0.30%"",""mem"":""100.4MiB / 122.8GiB""},{""name"":""lab-api"",""cpu"":""0.00%"",""mem"":""144.4MiB / 122.8GiB""},{""name"":""lab-allegro-stub"",""cpu"":""0.00%"",""mem"":""21.03MiB / 122.8GiB""},{""name"":""lab-erli-stub"",""cpu"":""0.00%"",""mem"":""18.05MiB / 122.8GiB""},{""name"":""lab-eparagony-stub"",""cpu"":""0.00%"",""mem"":""20.36MiB / 122.8GiB""},{""name"":""lab-invoicing-stub"",""cpu"":""0.00%"",""mem"":""16.6MiB / 122.8GiB""},{""name"":""lab-shipping-stub"",""cpu"":""0.00%"",""mem"":""16.58MiB / 122.8GiB""},{""name"":""lab-eparagony-stub-tls"",""cpu"":""0.00%"",""mem"":""23.3MiB / 122.8GiB""},{""name"":""lab-erli-stub-tls"",""cpu"":""0.00%"",""mem"":""22.67MiB / 122.8GiB""},{""name"":""lab-wc-tls"",""cpu"":""0.00%"",""mem"":""29.51MiB / 122.8GiB""},{""name"":""lab-prestashop"",""cpu"":""36.32%"",""mem"":""173.5MiB / 122.8GiB""},{""name"":""lab-woocommerce"",""cpu"":""0.00%"",""mem"":""294.6MiB / 122.8GiB""},{""name"":""lab-redis"",""cpu"":""0.26%"",""mem"":""79.88MiB / 122.8GiB""},{""name"":""lab-postgres"",""cpu"":""0.44%"",""mem"":""235.9MiB / 122.8GiB""},{""name"":""lab-mysql"",""cpu"":""44.30%"",""mem"":""722.6MiB / 122.8GiB""},{""name"":""lab-woocommerce-mysql"",""cpu"":""0.77%"",""mem"":""511.8MiB / 122.8GiB""}]"
2026-09-10T13:40:23Z,3,0,0,0,0,2668680883,"[{""name"":""lab-worker-1"",""cpu"":""0.44%"",""mem"":""100.4MiB / 122.8GiB""},{""name"":""lab-api"",""cpu"":""0.00%"",""mem"":""144.4MiB / 122.8GiB""},{""name"":""lab-allegro-stub"",""cpu"":""0.01%"",""mem"":""21.03MiB / 122.8GiB""},{""name"":""lab-erli-stub"",""cpu"":""0.00%"",""mem"":""18.05MiB / 122.8GiB""},{""name"":""lab-eparagony-stub"",""cpu"":""0.00%"",""mem"":""20.37MiB / 122.8GiB""},{""name"":""lab-invoicing-stub"",""cpu"":""0.01%"",""mem"":""16.61MiB / 122.8GiB""},{""name"":""lab-shipping-stub"",""cpu"":""0.01%"",""mem"":""16.58MiB / 122.8GiB""},{""name"":""lab-eparagony-stub-tls"",""cpu"":""0.00%"",""mem"":""23.3MiB / 122.8GiB""},{""name"":""lab-erli-stub-tls"",""cpu"":""0.00%"",""mem"":""22.67MiB / 122.8GiB""},{""name"":""lab-wc-tls"",""cpu"":""0.00%"",""mem"":""29.51MiB / 122.8GiB""},{""name"":""lab-prestashop"",""cpu"":""34.52%"",""mem"":""175.3MiB / 122.8GiB""},{""name"":""lab-woocommerce"",""cpu"":""0.00%"",""mem"":""294.6MiB / 122.8GiB""},{""name"":""lab-redis"",""cpu"":""0.21%"",""mem"":""79.63MiB / 122.8GiB""},{""name"":""lab-postgres"",""cpu"":""5.85%"",""mem"":""235.9MiB / 122.8GiB""},{""name"":""lab-mysql"",""cpu"":""47.71%"",""mem"":""723.8MiB / 122.8GiB""},{""name"":""lab-woocommerce-mysql"",""cpu"":""0.62%"",""mem"":""511.8MiB / 122.8GiB""}]"
2026-09-10T13:40:23Z,3,0,0,0,0,2668680883,"[{""name"":""lab-worker-1"",""cpu"":""0.44%"",""mem"":""100.4MiB / 122.8GiB""},{""name"":""lab-api"",""cpu"":""0.00%"",""mem"":""144.4MiB / 122.8GiB""},{""name"":""lab-allegro-stub"",""cpu"":""0.01%"",""mem"":""21.03MiB / 122.8GiB""},{""name"":""lab-erli-stub"",""cpu"":""0.00%"",""mem"":""18.05MiB / 122.8GiB""},{""name"":""lab-eparagony-stub"",""cpu"":""0.00%"",""mem"":""20.37MiB / 122.8GiB""},{""name"":""lab-invoicing-stub"",""cpu"":""0.01%"",""mem"":""16.61MiB / 122.8GiB""},{""name"":""lab-shipping-stub"",""cpu"":""0.01%"",""mem"":""16.58MiB / 122.8GiB""},{""name"":""lab-eparagony-stub-tls"",""cpu"":""0.00%"",""mem"":""23.3MiB / 122.8GiB""},{""name"":""lab-erli-stub-tls"",""cpu"":""0.00%"",""mem"":""22.67MiB / 122.8GiB""},{""name"":""lab-wc-tls"",""cpu"":""0.00%"",""mem"":""29.51MiB / 122.8GiB""},{""name"":""lab-prestashop"",""cpu"":""34.52%"",""mem"":""175.3MiB / 122.8GiB""},{""name"":""lab-woocommerce"",""cpu"":""0.00%"",""mem"":""294.6MiB / 122.8GiB""},{""name"":""lab-redis"",""cpu"":""0.21%"",""mem"":""79.63MiB / 122.8GiB""},{""name"":""lab-postgres"",""cpu"":""5.85%"",""mem"":""235.9MiB / 122.8GiB""},{""name"":""lab-mysql"",""cpu"":""47.71%"",""mem"":""723.8MiB / 122.8GiB""},{""name"":""lab-woocommerce-mysql"",""cpu"":""0.62%"",""mem"":""511.8MiB / 122.8GiB""}]"
2026-09-10T13:40:26Z,3,0,0,0,0,2668680883,"[{""name"":""lab-worker-1"",""cpu"":""0.51%"",""mem"":""100.7MiB / 122.8GiB""},{""name"":""lab-api"",""cpu"":""0.00%"",""mem"":""144.4MiB / 122.8GiB""},{""name"":""lab-allegro-stub"",""cpu"":""0.00%"",""mem"":""21.03MiB / 122.8GiB""},{""name"":""lab-erli-stub"",""cpu"":""4.04%"",""mem"":""18.09MiB / 122.8GiB""},{""name"":""lab-eparagony-stub"",""cpu"":""4.09%"",""mem"":""20.38MiB / 122.8GiB""},{""name"":""lab-invoicing-stub"",""cpu"":""0.01%"",""mem"":""16.6MiB / 122.8GiB""},{""name"":""lab-shipping-stub"",""cpu"":""0.01%"",""mem"":""16.58MiB / 122.8GiB""},{""name"":""lab-eparagony-stub-tls"",""cpu"":""0.00%"",""mem"":""23.3MiB / 122.8GiB""},{""name"":""lab-erli-stub-tls"",""cpu"":""0.00%"",""mem"":""22.67MiB / 122.8GiB""},{""name"":""lab-wc-tls"",""cpu"":""0.00%"",""mem"":""29.51MiB / 122.8GiB""},{""name"":""lab-prestashop"",""cpu"":""36.95%"",""mem"":""183.5MiB / 122.8GiB""},{""name"":""lab-woocommerce"",""cpu"":""0.00%"",""mem"":""294.6MiB / 122.8GiB""},{""name"":""lab-redis"",""cpu"":""0.28%"",""mem"":""79.88MiB / 122.8GiB""},{""name"":""lab-postgres"",""cpu"":""0.52%"",""mem"":""235.9MiB / 122.8GiB""},{""name"":""lab-mysql"",""cpu"":""42.49%"",""mem"":""722.3MiB / 122.8GiB""},{""name"":""lab-woocommerce-mysql"",""cpu"":""5.53%"",""mem"":""511.8MiB / 122.8GiB""}]"
2026-09-10T13:40:26Z,3,0,0,0,0,2668680883,"[{""name"":""lab-worker-1"",""cpu"":""0.51%"",""mem"":""100.7MiB / 122.8GiB""},{""name"":""lab-api"",""cpu"":""0.00%"",""mem"":""144.4MiB / 122.8GiB""},{""name"":""lab-allegro-stub"",""cpu"":""0.00%"",""mem"":""21.03MiB / 122.8GiB""},{""name"":""lab-erli-stub"",""cpu"":""4.04%"",""mem"":""18.09MiB / 122.8GiB""},{""name"":""lab-eparagony-stub"",""cpu"":""4.09%"",""mem"":""20.38MiB / 122.8GiB""},{""name"":""lab-invoicing-stub"",""cpu"":""0.01%"",""mem"":""16.6MiB / 122.8GiB""},{""name"":""lab-shipping-stub"",""cpu"":""0.01%"",""mem"":""16.58MiB / 122.8GiB""},{""name"":""lab-eparagony-stub-tls"",""cpu"":""0.00%"",""mem"":""23.3MiB / 122.8GiB""},{""name"":""lab-erli-stub-tls"",""cpu"":""0.00%"",""mem"":""22.67MiB / 122.8GiB""},{""name"":""lab-wc-tls"",""cpu"":""0.00%"",""mem"":""29.51MiB / 122.8GiB""},{""name"":""lab-prestashop"",""cpu"":""36.95%"",""mem"":""183.5MiB / 122.8GiB""},{""name"":""lab-woocommerce"",""cpu"":""0.00%"",""mem"":""294.6MiB / 122.8GiB""},{""name"":""lab-redis"",""cpu"":""0.28%"",""mem"":""79.88MiB / 122.8GiB""},{""name"":""lab-postgres"",""cpu"":""0.52%"",""mem"":""235.9MiB / 122.8GiB""},{""name"":""lab-mysql"",""cpu"":""42.49%"",""mem"":""722.3MiB / 122.8GiB""},{""name"":""lab-woocommerce-mysql"",""cpu"":""5.53%"",""mem"":""511.8MiB / 122.8GiB""}]"
2026-09-10T13:40:29Z,3,0,0,0,0,2668680883,"[{""name"":""lab-worker-1"",""cpu"":""1.49%"",""mem"":""100.8MiB / 122.8GiB""},{""name"":""lab-api"",""cpu"":""0.00%"",""mem"":""144.4MiB / 122.8GiB""},{""name"":""lab-allegro-stub"",""cpu"":""0.00%"",""mem"":""21.03MiB / 122.8GiB""},{""name"":""lab-erli-stub"",""cpu"":""0.00%"",""mem"":""18.05MiB / 122.8GiB""},{""name"":""lab-eparagony-stub"",""cpu"":""0.00%"",""mem"":""20.37MiB / 122.8GiB""},{""name"":""lab-invoicing-stub"",""cpu"":""0.00%"",""mem"":""16.6MiB / 122.8GiB""},{""name"":""lab-shipping-stub"",""cpu"":""0.00%"",""mem"":""16.58MiB / 122.8GiB""},{""name"":""lab-eparagony-stub-tls"",""cpu"":""0.00%"",""mem"":""23.3MiB / 122.8GiB""},{""name"":""lab-erli-stub-tls"",""cpu"":""0.00%"",""mem"":""22.67MiB / 122.8GiB""},{""name"":""lab-wc-tls"",""cpu"":""0.00%"",""mem"":""29.51MiB / 122.8GiB""},{""name"":""lab-prestashop"",""cpu"":""37.23%"",""mem"":""183.4MiB / 122.8GiB""},{""name"":""lab-woocommerce"",""cpu"":""0.01%"",""mem"":""294.6MiB / 122.8GiB""},{""name"":""lab-redis"",""cpu"":""0.29%"",""mem"":""79.88MiB / 122.8GiB""},{""name"":""lab-postgres"",""cpu"":""0.84%"",""mem"":""235.9MiB / 122.8GiB""},{""name"":""lab-mysql"",""cpu"":""42.82%"",""mem"":""722.4MiB / 122.8GiB""},{""name"":""lab-woocommerce-mysql"",""cpu"":""0.63%"",""mem"":""511.8MiB / 122.8GiB""}]"
2026-09-10T13:40:29Z,3,0,0,0,0,2668680883,"[{""name"":""lab-worker-1"",""cpu"":""1.49%"",""mem"":""100.8MiB / 122.8GiB""},{""name"":""lab-api"",""cpu"":""0.00%"",""mem"":""144.4MiB / 122.8GiB""},{""name"":""lab-allegro-stub"",""cpu"":""0.00%"",""mem"":""21.03MiB / 122.8GiB""},{""name"":""lab-erli-stub"",""cpu"":""0.00%"",""mem"":""18.05MiB / 122.8GiB""},{""name"":""lab-eparagony-stub"",""cpu"":""0.00%"",""mem"":""20.37MiB / 122.8GiB""},{""name"":""lab-invoicing-stub"",""cpu"":""0.00%"",""mem"":""16.6MiB / 122.8GiB""},{""name"":""lab-shipping-stub"",""cpu"":""0.00%"",""mem"":""16.58MiB / 122.8GiB""},{""name"":""lab-eparagony-stub-tls"",""cpu"":""0.00%"",""mem"":""23.3MiB / 122.8GiB""},{""name"":""lab-erli-stub-tls"",""cpu"":""0.00%"",""mem"":""22.67MiB / 122.8GiB""},{""name"":""lab-wc-tls"",""cpu"":""0.00%"",""mem"":""29.51MiB / 122.8GiB""},{""name"":""lab-prestashop"",""cpu"":""37.23%"",""mem"":""183.4MiB / 122.8GiB""},{""name"":""lab-woocommerce"",""cpu"":""0.01%"",""mem"":""294.6MiB / 122.8GiB""},{""name"":""lab-redis"",""cpu"":""0.29%"",""mem"":""79.88MiB / 122.8GiB""},{""name"":""lab-postgres"",""cpu"":""0.84%"",""mem"":""235.9MiB / 122.8GiB""},{""name"":""lab-mysql"",""cpu"":""42.82%"",""mem"":""722.4MiB / 122.8GiB""},{""name"":""lab-woocommerce-mysql"",""cpu"":""0.63%"",""mem"":""511.8MiB / 122.8GiB""}]"
2026-09-10T13:40:32Z,3,0,0,0,0,2668680883,"[{""name"":""lab-worker-1"",""cpu"":""0.37%"",""mem"":""100.5MiB / 122.8GiB""},{""name"":""lab-api"",""cpu"":""0.00%"",""mem"":""144.4MiB / 122.8GiB""},{""name"":""lab-allegro-stub"",""cpu"":""4.28%"",""mem"":""21.03MiB / 122.8GiB""},{""name"":""lab-erli-stub"",""cpu"":""0.01%"",""mem"":""18.05MiB / 122.8GiB""},{""name"":""lab-eparagony-stub"",""cpu"":""0.01%"",""mem"":""20.37MiB / 122.8GiB""},{""name"":""lab-invoicing-stub"",""cpu"":""2.74%"",""mem"":""16.6MiB / 122.8GiB""},{""name"":""lab-shipping-stub"",""cpu"":""3.51%"",""mem"":""16.58MiB / 122.8GiB""},{""name"":""lab-eparagony-stub-tls"",""cpu"":""0.00%"",""mem"":""23.3MiB / 122.8GiB""},{""name"":""lab-erli-stub-tls"",""cpu"":""0.00%"",""mem"":""22.67MiB / 122.8GiB""},{""name"":""lab-wc-tls"",""cpu"":""0.00%"",""mem"":""29.51MiB / 122.8GiB""},{""name"":""lab-prestashop"",""cpu"":""35.24%"",""mem"":""183.4MiB / 122.8GiB""},{""name"":""lab-woocommerce"",""cpu"":""0.00%"",""mem"":""294.6MiB / 122.8GiB""},{""name"":""lab-redis"",""cpu"":""0.27%"",""mem"":""79.63MiB / 122.8GiB""},{""name"":""lab-postgres"",""cpu"":""0.42%"",""mem"":""236.1MiB / 122.8GiB""},{""name"":""lab-mysql"",""cpu"":""41.14%"",""mem"":""724.4MiB / 122.8GiB""},{""name"":""lab-woocommerce-mysql"",""cpu"":""0.78%"",""mem"":""511.8MiB / 122.8GiB""}]"
2026-09-10T13:40:32Z,3,0,0,0,0,2668680883,"[{""name"":""lab-worker-1"",""cpu"":""0.37%"",""mem"":""100.5MiB / 122.8GiB""},{""name"":""lab-api"",""cpu"":""0.00%"",""mem"":""144.4MiB / 122.8GiB""},{""name"":""lab-allegro-stub"",""cpu"":""4.28%"",""mem"":""21.03MiB / 122.8GiB""},{""name"":""lab-erli-stub"",""cpu"":""0.01%"",""mem"":""18.05MiB / 122.8GiB""},{""name"":""lab-eparagony-stub"",""cpu"":""0.01%"",""mem"":""20.37MiB / 122.8GiB""},{""name"":""lab-invoicing-stub"",""cpu"":""2.74%"",""mem"":""16.6MiB / 122.8GiB""},{""name"":""lab-shipping-stub"",""cpu"":""3.51%"",""mem"":""16.58MiB / 122.8GiB""},{""name"":""lab-eparagony-stub-tls"",""cpu"":""0.00%"",""mem"":""23.3MiB / 122.8GiB""},{""name"":""lab-erli-stub-tls"",""cpu"":""0.00%"",""mem"":""22.67MiB / 122.8GiB""},{""name"":""lab-wc-tls"",""cpu"":""0.00%"",""mem"":""29.51MiB / 122.8GiB""},{""name"":""lab-prestashop"",""cpu"":""35.24%"",""mem"":""183.4MiB / 122.8GiB""},{""name"":""lab-woocommerce"",""cpu"":""0.00%"",""mem"":""294.6MiB / 122.8GiB""},{""name"":""lab-redis"",""cpu"":""0.27%"",""mem"":""79.63MiB / 122.8GiB""},{""name"":""lab-postgres"",""cpu"":""0.42%"",""mem"":""236.1MiB / 122.8GiB""},{""name"":""lab-mysql"",""cpu"":""41.14%"",""mem"":""724.4MiB / 122.8GiB""},{""name"":""lab-woocommerce-mysql"",""cpu"":""0.78%"",""mem"":""511.8MiB / 122.8GiB""}]"
2026-09-10T13:40:35Z,3,0,0,0,0,2668680883,"[{""name"":""lab-worker-1"",""cpu"":""0.47%"",""mem"":""100.5MiB / 122.8GiB""},{""name"":""lab-api"",""cpu"":""0.00%"",""mem"":""144.4MiB / 122.8GiB""},{""name"":""lab-allegro-stub"",""cpu"":""0.00%"",""mem"":""21.03MiB / 122.8GiB""},{""name"":""lab-erli-stub"",""cpu"":""0.00%"",""mem"":""18.05MiB / 122.8GiB""},{""name"":""lab-eparagony-stub"",""cpu"":""0.00%"",""mem"":""20.37MiB / 122.8GiB""},{""name"":""lab-invoicing-stub"",""cpu"":""0.00%"",""mem"":""16.6MiB / 122.8GiB""},{""name"":""lab-shipping-stub"",""cpu"":""0.00%"",""mem"":""16.58MiB / 122.8GiB""},{""name"":""lab-eparagony-stub-tls"",""cpu"":""0.00%"",""mem"":""23.3MiB / 122.8GiB""},{""name"":""lab-erli-stub-tls"",""cpu"":""0.00%"",""mem"":""22.67MiB / 122.8GiB""},{""name"":""lab-wc-tls"",""cpu"":""0.00%"",""mem"":""29.51MiB / 122.8GiB""},{""name"":""lab-prestashop"",""cpu"":""38.12%"",""mem"":""183.5MiB / 122.8GiB""},{""name"":""lab-woocommerce"",""cpu"":""0.00%"",""mem"":""294.6MiB / 122.8GiB""},{""name"":""lab-redis"",""cpu"":""0.27%"",""mem"":""79.63MiB / 122.8GiB""},{""name"":""lab-postgres"",""cpu"":""0.49%"",""mem"":""235.9MiB / 122.8GiB""},{""name"":""lab-mysql"",""cpu"":""43.50%"",""mem"":""724.6MiB / 122.8GiB""},{""name"":""lab-woocommerce-mysql"",""cpu"":""0.83%"",""mem"":""511.8MiB / 122.8GiB""}]"
2026-09-10T13:40:35Z,3,0,0,0,0,2668680883,"[{""name"":""lab-worker-1"",""cpu"":""0.47%"",""mem"":""100.5MiB / 122.8GiB""},{""name"":""lab-api"",""cpu"":""0.00%"",""mem"":""144.4MiB / 122.8GiB""},{""name"":""lab-allegro-stub"",""cpu"":""0.00%"",""mem"":""21.03MiB / 122.8GiB""},{""name"":""lab-erli-stub"",""cpu"":""0.00%"",""mem"":""18.05MiB / 122.8GiB""},{""name"":""lab-eparagony-stub"",""cpu"":""0.00%"",""mem"":""20.37MiB / 122.8GiB""},{""name"":""lab-invoicing-stub"",""cpu"":""0.00%"",""mem"":""16.6MiB / 122.8GiB""},{""name"":""lab-shipping-stub"",""cpu"":""0.00%"",""mem"":""16.58MiB / 122.8GiB""},{""name"":""lab-eparagony-stub-tls"",""cpu"":""0.00%"",""mem"":""23.3MiB / 122.8GiB""},{""name"":""lab-erli-stub-tls"",""cpu"":""0.00%"",""mem"":""22.67MiB / 122.8GiB""},{""name"":""lab-wc-tls"",""cpu"":""0.00%"",""mem"":""29.51MiB / 122.8GiB""},{""name"":""lab-prestashop"",""cpu"":""38.12%"",""mem"":""183.5MiB / 122.8GiB""},{""name"":""lab-woocommerce"",""cpu"":""0.00%"",""mem"":""294.6MiB / 122.8GiB""},{""name"":""lab-redis"",""cpu"":""0.27%"",""mem"":""79.63MiB / 122.8GiB""},{""name"":""lab-postgres"",""cpu"":""0.49%"",""mem"":""235.9MiB / 122.8GiB""},{""name"":""lab-mysql"",""cpu"":""43.50%"",""mem"":""724.6MiB / 122.8GiB""},{""name"":""lab-woocommerce-mysql"",""cpu"":""0.83%"",""mem"":""511.8MiB / 122.8GiB""}]"
2026-09-10T13:40:39Z,3,0,0,0,0,2668680883,"[{""name"":""lab-worker-1"",""cpu"":""0.45%"",""mem"":""100.7MiB / 122.8GiB""},{""name"":""lab-api"",""cpu"":""0.00%"",""mem"":""144.4MiB / 122.8GiB""},{""name"":""lab-allegro-stub"",""cpu"":""0.00%"",""mem"":""21.03MiB / 122.8GiB""},{""name"":""lab-erli-stub"",""cpu"":""0.00%"",""mem"":""18.05MiB / 122.8GiB""},{""name"":""lab-eparagony-stub"",""cpu"":""0.00%"",""mem"":""20.37MiB / 122.8GiB""},{""name"":""lab-invoicing-stub"",""cpu"":""0.00%"",""mem"":""16.6MiB / 122.8GiB""},{""name"":""lab-shipping-stub"",""cpu"":""0.00%"",""mem"":""16.58MiB / 122.8GiB""},{""name"":""lab-eparagony-stub-tls"",""cpu"":""0.00%"",""mem"":""23.3MiB / 122.8GiB""},{""name"":""lab-erli-stub-tls"",""cpu"":""0.00%"",""mem"":""22.67MiB / 122.8GiB""},{""name"":""lab-wc-tls"",""cpu"":""0.00%"",""mem"":""29.51MiB / 122.8GiB""},{""name"":""lab-prestashop"",""cpu"":""36.36%"",""mem"":""183.5MiB / 122.8GiB""},{""name"":""lab-woocommerce"",""cpu"":""0.01%"",""mem"":""294.6MiB / 122.8GiB""},{""name"":""lab-redis"",""cpu"":""0.30%"",""mem"":""79.88MiB / 122.8GiB""},{""name"":""lab-postgres"",""cpu"":""14.02%"",""mem"":""235.9MiB / 122.8GiB""},{""name"":""lab-mysql"",""cpu"":""46.21%"",""mem"":""724.4MiB / 122.8GiB""},{""name"":""lab-woocommerce-mysql"",""cpu"":""0.63%"",""mem"":""511.8MiB / 122.8GiB""}]"
2026-09-10T13:40:39Z,3,0,0,0,0,2668680883,"[{""name"":""lab-worker-1"",""cpu"":""0.45%"",""mem"":""100.7MiB / 122.8GiB""},{""name"":""lab-api"",""cpu"":""0.00%"",""mem"":""144.4MiB / 122.8GiB""},{""name"":""lab-allegro-stub"",""cpu"":""0.00%"",""mem"":""21.03MiB / 122.8GiB""},{""name"":""lab-erli-stub"",""cpu"":""0.00%"",""mem"":""18.05MiB / 122.8GiB""},{""name"":""lab-eparagony-stub"",""cpu"":""0.00%"",""mem"":""20.37MiB / 122.8GiB""},{""name"":""lab-invoicing-stub"",""cpu"":""0.00%"",""mem"":""16.6MiB / 122.8GiB""},{""name"":""lab-shipping-stub"",""cpu"":""0.00%"",""mem"":""16.58MiB / 122.8GiB""},{""name"":""lab-eparagony-stub-tls"",""cpu"":""0.00%"",""mem"":""23.3MiB / 122.8GiB""},{""name"":""lab-erli-stub-tls"",""cpu"":""0.00%"",""mem"":""22.67MiB / 122.8GiB""},{""name"":""lab-wc-tls"",""cpu"":""0.00%"",""mem"":""29.51MiB / 122.8GiB""},{""name"":""lab-prestashop"",""cpu"":""36.36%"",""mem"":""183.5MiB / 122.8GiB""},{""name"":""lab-woocommerce"",""cpu"":""0.01%"",""mem"":""294.6MiB / 122.8GiB""},{""name"":""lab-redis"",""cpu"":""0.30%"",""mem"":""79.88MiB / 122.8GiB""},{""name"":""lab-postgres"",""cpu"":""14.02%"",""mem"":""235.9MiB / 122.8GiB""},{""name"":""lab-mysql"",""cpu"":""46.21%"",""mem"":""724.4MiB / 122.8GiB""},{""name"":""lab-woocommerce-mysql"",""cpu"":""0.63%"",""mem"":""511.8MiB / 122.8GiB""}]"
2026-09-10T13:40:42Z,4,0,0,0,0,2668680883,"[{""name"":""lab-worker-1"",""cpu"":""0.41%"",""mem"":""100.5MiB / 122.8GiB""},{""name"":""lab-api"",""cpu"":""0.00%"",""mem"":""144.4MiB / 122.8GiB""},{""name"":""lab-allegro-stub"",""cpu"":""0.00%"",""mem"":""21.03MiB / 122.8GiB""},{""name"":""lab-erli-stub"",""cpu"":""3.96%"",""mem"":""18.05MiB / 122.8GiB""},{""name"":""lab-eparagony-stub"",""cpu"":""3.99%"",""mem"":""20.41MiB / 122.8GiB""},{""name"":""lab-invoicing-stub"",""cpu"":""0.00%"",""mem"":""16.6MiB / 122.8GiB""},{""name"":""lab-shipping-stub"",""cpu"":""0.00%"",""mem"":""16.58MiB / 122.8GiB""},{""name"":""lab-eparagony-stub-tls"",""cpu"":""0.00%"",""mem"":""23.3MiB / 122.8GiB""},{""name"":""lab-erli-stub-tls"",""cpu"":""0.00%"",""mem"":""22.67MiB / 122.8GiB""},{""name"":""lab-wc-tls"",""cpu"":""0.00%"",""mem"":""29.51MiB / 122.8GiB""},{""name"":""lab-prestashop"",""cpu"":""34.72%"",""mem"":""181.5MiB / 122.8GiB""},{""name"":""lab-woocommerce"",""cpu"":""19.06%"",""mem"":""294.6MiB / 122.8GiB""},{""name"":""lab-redis"",""cpu"":""0.33%"",""mem"":""79.63MiB / 122.8GiB""},{""name"":""lab-postgres"",""cpu"":""0.47%"",""mem"":""235.9MiB / 122.8GiB""},{""name"":""lab-mysql"",""cpu"":""43.49%"",""mem"":""724.4MiB / 122.8GiB""},{""name"":""lab-woocommerce-mysql"",""cpu"":""4.79%"",""mem"":""511.8MiB / 122.8GiB""}]"
2026-09-10T13:40:42Z,4,0,0,0,0,2668680883,"[{""name"":""lab-worker-1"",""cpu"":""0.41%"",""mem"":""100.5MiB / 122.8GiB""},{""name"":""lab-api"",""cpu"":""0.00%"",""mem"":""144.4MiB / 122.8GiB""},{""name"":""lab-allegro-stub"",""cpu"":""0.00%"",""mem"":""21.03MiB / 122.8GiB""},{""name"":""lab-erli-stub"",""cpu"":""3.96%"",""mem"":""18.05MiB / 122.8GiB""},{""name"":""lab-eparagony-stub"",""cpu"":""3.99%"",""mem"":""20.41MiB / 122.8GiB""},{""name"":""lab-invoicing-stub"",""cpu"":""0.00%"",""mem"":""16.6MiB / 122.8GiB""},{""name"":""lab-shipping-stub"",""cpu"":""0.00%"",""mem"":""16.58MiB / 122.8GiB""},{""name"":""lab-eparagony-stub-tls"",""cpu"":""0.00%"",""mem"":""23.3MiB / 122.8GiB""},{""name"":""lab-erli-stub-tls"",""cpu"":""0.00%"",""mem"":""22.67MiB / 122.8GiB""},{""name"":""lab-wc-tls"",""cpu"":""0.00%"",""mem"":""29.51MiB / 122.8GiB""},{""name"":""lab-prestashop"",""cpu"":""34.72%"",""mem"":""181.5MiB / 122.8GiB""},{""name"":""lab-woocommerce"",""cpu"":""19.06%"",""mem"":""294.6MiB / 122.8GiB""},{""name"":""lab-redis"",""cpu"":""0.33%"",""mem"":""79.63MiB / 122.8GiB""},{""name"":""lab-postgres"",""cpu"":""0.47%"",""mem"":""235.9MiB / 122.8GiB""},{""name"":""lab-mysql"",""cpu"":""43.49%"",""mem"":""724.4MiB / 122.8GiB""},{""name"":""lab-woocommerce-mysql"",""cpu"":""4.79%"",""mem"":""511.8MiB / 122.8GiB""}]"
2026-09-10T13:40:45Z,3,0,0,0,0,2668680883,"[{""name"":""lab-worker-1"",""cpu"":""0.49%"",""mem"":""100.5MiB / 122.8GiB""},{""name"":""lab-api"",""cpu"":""0.00%"",""mem"":""144.4MiB / 122.8GiB""},{""name"":""lab-allegro-stub"",""cpu"":""0.00%"",""mem"":""21.03MiB / 122.8GiB""},{""name"":""lab-erli-stub"",""cpu"":""0.00%"",""mem"":""18.05MiB / 122.8GiB""},{""name"":""lab-eparagony-stub"",""cpu"":""0.00%"",""mem"":""20.37MiB / 122.8GiB""},{""name"":""lab-invoicing-stub"",""cpu"":""0.00%"",""mem"":""16.6MiB / 122.8GiB""},{""name"":""lab-shipping-stub"",""cpu"":""0.00%"",""mem"":""16.58MiB / 122.8GiB""},{""name"":""lab-eparagony-stub-tls"",""cpu"":""0.00%"",""mem"":""23.3MiB / 122.8GiB""},{""name"":""lab-erli-stub-tls"",""cpu"":""0.00%"",""mem"":""22.67MiB / 122.8GiB""},{""name"":""lab-wc-tls"",""cpu"":""0.00%"",""mem"":""29.51MiB / 122.8GiB""},{""name"":""lab-prestashop"",""cpu"":""38.09%"",""mem"":""179.5MiB / 122.8GiB""},{""name"":""lab-woocommerce"",""cpu"":""0.00%"",""mem"":""294.6MiB / 122.8GiB""},{""name"":""lab-redis"",""cpu"":""0.29%"",""mem"":""79.63MiB / 122.8GiB""},{""name"":""lab-postgres"",""cpu"":""0.45%"",""mem"":""235.9MiB / 122.8GiB""},{""name"":""lab-mysql"",""cpu"":""42.94%"",""mem"":""724.4MiB / 122.8GiB""},{""name"":""lab-woocommerce-mysql"",""cpu"":""0.78%"",""mem"":""511.8MiB / 122.8GiB""}]"
2026-09-10T13:40:45Z,3,0,0,0,0,2668680883,"[{""name"":""lab-worker-1"",""cpu"":""0.49%"",""mem"":""100.5MiB / 122.8GiB""},{""name"":""lab-api"",""cpu"":""0.00%"",""mem"":""144.4MiB / 122.8GiB""},{""name"":""lab-allegro-stub"",""cpu"":""0.00%"",""mem"":""21.03MiB / 122.8GiB""},{""name"":""lab-erli-stub"",""cpu"":""0.00%"",""mem"":""18.05MiB / 122.8GiB""},{""name"":""lab-eparagony-stub"",""cpu"":""0.00%"",""mem"":""20.37MiB / 122.8GiB""},{""name"":""lab-invoicing-stub"",""cpu"":""0.00%"",""mem"":""16.6MiB / 122.8GiB""},{""name"":""lab-shipping-stub"",""cpu"":""0.00%"",""mem"":""16.58MiB / 122.8GiB""},{""name"":""lab-eparagony-stub-tls"",""cpu"":""0.00%"",""mem"":""23.3MiB / 122.8GiB""},{""name"":""lab-erli-stub-tls"",""cpu"":""0.00%"",""mem"":""22.67MiB / 122.8GiB""},{""name"":""lab-wc-tls"",""cpu"":""0.00%"",""mem"":""29.51MiB / 122.8GiB""},{""name"":""lab-prestashop"",""cpu"":""38.09%"",""mem"":""179.5MiB / 122.8GiB""},{""name"":""lab-woocommerce"",""cpu"":""0.00%"",""mem"":""294.6MiB / 122.8GiB""},{""name"":""lab-redis"",""cpu"":""0.29%"",""mem"":""79.63MiB / 122.8GiB""},{""name"":""lab-postgres"",""cpu"":""0.45%"",""mem"":""235.9MiB / 122.8GiB""},{""name"":""lab-mysql"",""cpu"":""42.94%"",""mem"":""724.4MiB / 122.8GiB""},{""name"":""lab-woocommerce-mysql"",""cpu"":""0.78%"",""mem"":""511.8MiB / 122.8GiB""}]"
2026-09-10T13:40:48Z,3,0,0,0,0,2668680883,"[{""name"":""lab-worker-1"",""cpu"":""0.62%"",""mem"":""100.5MiB / 122.8GiB""},{""name"":""lab-api"",""cpu"":""0.00%"",""mem"":""144.4MiB / 122.8GiB""},{""name"":""lab-allegro-stub"",""cpu"":""0.01%"",""mem"":""21.03MiB / 122.8GiB""},{""name"":""lab-erli-stub"",""cpu"":""0.00%"",""mem"":""18.05MiB / 122.8GiB""},{""name"":""lab-eparagony-stub"",""cpu"":""0.00%"",""mem"":""20.37MiB / 122.8GiB""},{""name"":""lab-invoicing-stub"",""cpu"":""0.01%"",""mem"":""16.6MiB / 122.8GiB""},{""name"":""lab-shipping-stub"",""cpu"":""0.01%"",""mem"":""16.58MiB / 122.8GiB""},{""name"":""lab-eparagony-stub-tls"",""cpu"":""0.00%"",""mem"":""23.3MiB / 122.8GiB""},{""name"":""lab-erli-stub-tls"",""cpu"":""0.00%"",""mem"":""22.67MiB / 122.8GiB""},{""name"":""lab-wc-tls"",""cpu"":""0.00%"",""mem"":""29.51MiB / 122.8GiB""},{""name"":""lab-prestashop"",""cpu"":""35.32%"",""mem"":""173.5MiB / 122.8GiB""},{""name"":""lab-woocommerce"",""cpu"":""0.01%"",""mem"":""294.6MiB / 122.8GiB""},{""name"":""lab-redis"",""cpu"":""0.30%"",""mem"":""79.63MiB / 122.8GiB""},{""name"":""lab-postgres"",""cpu"":""0.56%"",""mem"":""235.9MiB / 122.8GiB""},{""name"":""lab-mysql"",""cpu"":""45.99%"",""mem"":""724.6MiB / 122.8GiB""},{""name"":""lab-woocommerce-mysql"",""cpu"":""0.72%"",""mem"":""511.8MiB / 122.8GiB""}]"
2026-09-10T13:40:48Z,3,0,0,0,0,2668680883,"[{""name"":""lab-worker-1"",""cpu"":""0.62%"",""mem"":""100.5MiB / 122.8GiB""},{""name"":""lab-api"",""cpu"":""0.00%"",""mem"":""144.4MiB / 122.8GiB""},{""name"":""lab-allegro-stub"",""cpu"":""0.01%"",""mem"":""21.03MiB / 122.8GiB""},{""name"":""lab-erli-stub"",""cpu"":""0.00%"",""mem"":""18.05MiB / 122.8GiB""},{""name"":""lab-eparagony-stub"",""cpu"":""0.00%"",""mem"":""20.37MiB / 122.8GiB""},{""name"":""lab-invoicing-stub"",""cpu"":""0.01%"",""mem"":""16.6MiB / 122.8GiB""},{""name"":""lab-shipping-stub"",""cpu"":""0.01%"",""mem"":""16.58MiB / 122.8GiB""},{""name"":""lab-eparagony-stub-tls"",""cpu"":""0.00%"",""mem"":""23.3MiB / 122.8GiB""},{""name"":""lab-erli-stub-tls"",""cpu"":""0.00%"",""mem"":""22.67MiB / 122.8GiB""},{""name"":""lab-wc-tls"",""cpu"":""0.00%"",""mem"":""29.51MiB / 122.8GiB""},{""name"":""lab-prestashop"",""cpu"":""35.32%"",""mem"":""173.5MiB / 122.8GiB""},{""name"":""lab-woocommerce"",""cpu"":""0.01%"",""mem"":""294.6MiB / 122.8GiB""},{""name"":""lab-redis"",""cpu"":""0.30%"",""mem"":""79.63MiB / 122.8GiB""},{""name"":""lab-postgres"",""cpu"":""0.56%"",""mem"":""235.9MiB / 122.8GiB""},{""name"":""lab-mysql"",""cpu"":""45.99%"",""mem"":""724.6MiB / 122.8GiB""},{""name"":""lab-woocommerce-mysql"",""cpu"":""0.72%"",""mem"":""511.8MiB / 122.8GiB""}]"
2026-09-10T13:40:51Z,3,0,0,0,0,2668680883,"[{""name"":""lab-worker-1"",""cpu"":""0.54%"",""mem"":""100.5MiB / 122.8GiB""},{""name"":""lab-api"",""cpu"":""0.00%"",""mem"":""144.4MiB / 122.8GiB""},{""name"":""lab-allegro-stub"",""cpu"":""0.00%"",""mem"":""21.03MiB / 122.8GiB""},{""name"":""lab-erli-stub"",""cpu"":""0.00%"",""mem"":""18.05MiB / 122.8GiB""},{""name"":""lab-eparagony-stub"",""cpu"":""4.40%"",""mem"":""20.41MiB / 122.8GiB""},{""name"":""lab-invoicing-stub"",""cpu"":""0.00%"",""mem"":""16.6MiB / 122.8GiB""},{""name"":""lab-shipping-stub"",""cpu"":""0.00%"",""mem"":""16.58MiB / 122.8GiB""},{""name"":""lab-eparagony-stub-tls"",""cpu"":""0.00%"",""mem"":""23.3MiB / 122.8GiB""},{""name"":""lab-erli-stub-tls"",""cpu"":""0.00%"",""mem"":""22.67MiB / 122.8GiB""},{""name"":""lab-wc-tls"",""cpu"":""0.00%"",""mem"":""29.51MiB / 122.8GiB""},{""name"":""lab-prestashop"",""cpu"":""40.34%"",""mem"":""175.6MiB / 122.8GiB""},{""name"":""lab-woocommerce"",""cpu"":""0.01%"",""mem"":""294.6MiB / 122.8GiB""},{""name"":""lab-redis"",""cpu"":""4.32%"",""mem"":""79.66MiB / 122.8GiB""},{""name"":""lab-postgres"",""cpu"":""0.46%"",""mem"":""235.9MiB / 122.8GiB""},{""name"":""lab-mysql"",""cpu"":""40.48%"",""mem"":""724.4MiB / 122.8GiB""},{""name"":""lab-woocommerce-mysql"",""cpu"":""0.68%"",""mem"":""511.8MiB / 122.8GiB""}]"
2026-09-10T13:40:51Z,3,0,0,0,0,2668680883,"[{""name"":""lab-worker-1"",""cpu"":""0.54%"",""mem"":""100.5MiB / 122.8GiB""},{""name"":""lab-api"",""cpu"":""0.00%"",""mem"":""144.4MiB / 122.8GiB""},{""name"":""lab-allegro-stub"",""cpu"":""0.00%"",""mem"":""21.03MiB / 122.8GiB""},{""name"":""lab-erli-stub"",""cpu"":""0.00%"",""mem"":""18.05MiB / 122.8GiB""},{""name"":""lab-eparagony-stub"",""cpu"":""4.40%"",""mem"":""20.41MiB / 122.8GiB""},{""name"":""lab-invoicing-stub"",""cpu"":""0.00%"",""mem"":""16.6MiB / 122.8GiB""},{""name"":""lab-shipping-stub"",""cpu"":""0.00%"",""mem"":""16.58MiB / 122.8GiB""},{""name"":""lab-eparagony-stub-tls"",""cpu"":""0.00%"",""mem"":""23.3MiB / 122.8GiB""},{""name"":""lab-erli-stub-tls"",""cpu"":""0.00%"",""mem"":""22.67MiB / 122.8GiB""},{""name"":""lab-wc-tls"",""cpu"":""0.00%"",""mem"":""29.51MiB / 122.8GiB""},{""name"":""lab-prestashop"",""cpu"":""40.34%"",""mem"":""175.6MiB / 122.8GiB""},{""name"":""lab-woocommerce"",""cpu"":""0.01%"",""mem"":""294.6MiB / 122.8GiB""},{""name"":""lab-redis"",""cpu"":""4.32%"",""mem"":""79.66MiB / 122.8GiB""},{""name"":""lab-postgres"",""cpu"":""0.46%"",""mem"":""235.9MiB / 122.8GiB""},{""name"":""lab-mysql"",""cpu"":""40.48%"",""mem"":""724.4MiB / 122.8GiB""},{""name"":""lab-woocommerce-mysql"",""cpu"":""0.68%"",""mem"":""511.8MiB / 122.8GiB""}]"
2026-09-10T13:40:54Z,3,0,0,0,0,2668680883,"[{""name"":""lab-worker-1"",""cpu"":""0.37%"",""mem"":""100.5MiB / 122.8GiB""},{""name"":""lab-api"",""cpu"":""0.00%"",""mem"":""144.4MiB / 122.8GiB""},{""name"":""lab-allegro-stub"",""cpu"":""0.00%"",""mem"":""21.03MiB / 122.8GiB""},{""name"":""lab-erli-stub"",""cpu"":""0.00%"",""mem"":""18.05MiB / 122.8GiB""},{""name"":""lab-eparagony-stub"",""cpu"":""0.00%"",""mem"":""20.37MiB / 122.8GiB""},{""name"":""lab-invoicing-stub"",""cpu"":""0.00%"",""mem"":""16.6MiB / 122.8GiB""},{""name"":""lab-shipping-stub"",""cpu"":""0.00%"",""mem"":""16.58MiB / 122.8GiB""},{""name"":""lab-eparagony-stub-tls"",""cpu"":""0.00%"",""mem"":""23.3MiB / 122.8GiB""},{""name"":""lab-erli-stub-tls"",""cpu"":""0.00%"",""mem"":""22.67MiB / 122.8GiB""},{""name"":""lab-wc-tls"",""cpu"":""0.00%"",""mem"":""29.51MiB / 122.8GiB""},{""name"":""lab-prestashop"",""cpu"":""36.57%"",""mem"":""179.6MiB / 122.8GiB""},{""name"":""lab-woocommerce"",""cpu"":""0.01%"",""mem"":""294.6MiB / 122.8GiB""},{""name"":""lab-redis"",""cpu"":""0.25%"",""mem"":""79.88MiB / 122.8GiB""},{""name"":""lab-postgres"",""cpu"":""1.56%"",""mem"":""235.9MiB / 122.8GiB""},{""name"":""lab-mysql"",""cpu"":""43.54%"",""mem"":""724.4MiB / 122.8GiB""},{""name"":""lab-woocommerce-mysql"",""cpu"":""0.83%"",""mem"":""511.8MiB / 122.8GiB""}]"
2026-09-10T13:40:54Z,3,0,0,0,0,2668680883,"[{""name"":""lab-worker-1"",""cpu"":""0.37%"",""mem"":""100.5MiB / 122.8GiB""},{""name"":""lab-api"",""cpu"":""0.00%"",""mem"":""144.4MiB / 122.8GiB""},{""name"":""lab-allegro-stub"",""cpu"":""0.00%"",""mem"":""21.03MiB / 122.8GiB""},{""name"":""lab-erli-stub"",""cpu"":""0.00%"",""mem"":""18.05MiB / 122.8GiB""},{""name"":""lab-eparagony-stub"",""cpu"":""0.00%"",""mem"":""20.37MiB / 122.8GiB""},{""name"":""lab-invoicing-stub"",""cpu"":""0.00%"",""mem"":""16.6MiB / 122.8GiB""},{""name"":""lab-shipping-stub"",""cpu"":""0.00%"",""mem"":""16.58MiB / 122.8GiB""},{""name"":""lab-eparagony-stub-tls"",""cpu"":""0.00%"",""mem"":""23.3MiB / 122.8GiB""},{""name"":""lab-erli-stub-tls"",""cpu"":""0.00%"",""mem"":""22.67MiB / 122.8GiB""},{""name"":""lab-wc-tls"",""cpu"":""0.00%"",""mem"":""29.51MiB / 122.8GiB""},{""name"":""lab-prestashop"",""cpu"":""36.57%"",""mem"":""179.6MiB / 122.8GiB""},{""name"":""lab-woocommerce"",""cpu"":""0.01%"",""mem"":""294.6MiB / 122.8GiB""},{""name"":""lab-redis"",""cpu"":""0.25%"",""mem"":""79.88MiB / 122.8GiB""},{""name"":""lab-postgres"",""cpu"":""1.56%"",""mem"":""235.9MiB / 122.8GiB""},{""name"":""lab-mysql"",""cpu"":""43.54%"",""mem"":""724.4MiB / 122.8GiB""},{""name"":""lab-woocommerce-mysql"",""cpu"":""0.83%"",""mem"":""511.8MiB / 122.8GiB""}]"
2026-09-10T13:40:57Z,3,0,0,0,0,2668680883,"[{""name"":""lab-worker-1"",""cpu"":""0.52%"",""mem"":""100.7MiB / 122.8GiB""},{""name"":""lab-api"",""cpu"":""0.00%"",""mem"":""144.4MiB / 122.8GiB""},{""name"":""lab-allegro-stub"",""cpu"":""4.47%"",""mem"":""21.04MiB / 122.8GiB""},{""name"":""lab-erli-stub"",""cpu"":""4.31%"",""mem"":""18.06MiB / 122.8GiB""},{""name"":""lab-eparagony-stub"",""cpu"":""0.02%"",""mem"":""20.38MiB / 122.8GiB""},{""name"":""lab-invoicing-stub"",""cpu"":""4.00%"",""mem"":""16.62MiB / 122.8GiB""},{""name"":""lab-shipping-stub"",""cpu"":""4.05%"",""mem"":""16.59MiB / 122.8GiB""},{""name"":""lab-eparagony-stub-tls"",""cpu"":""0.00%"",""mem"":""23.3MiB / 122.8GiB""},{""name"":""lab-erli-stub-tls"",""cpu"":""0.00%"",""mem"":""22.67MiB / 122.8GiB""},{""name"":""lab-wc-tls"",""cpu"":""0.00%"",""mem"":""29.51MiB / 122.8GiB""},{""name"":""lab-prestashop"",""cpu"":""35.68%"",""mem"":""183.6MiB / 122.8GiB""},{""name"":""lab-woocommerce"",""cpu"":""0.01%"",""mem"":""294.6MiB / 122.8GiB""},{""name"":""lab-redis"",""cpu"":""0.25%"",""mem"":""79.63MiB / 122.8GiB""},{""name"":""lab-postgres"",""cpu"":""0.48%"",""mem"":""235.9MiB / 122.8GiB""},{""name"":""lab-mysql"",""cpu"":""45.46%"",""mem"":""724.4MiB / 122.8GiB""},{""name"":""lab-woocommerce-mysql"",""cpu"":""0.73%"",""mem"":""511.8MiB / 122.8GiB""}]"
2026-09-10T13:40:57Z,3,0,0,0,0,2668680883,"[{""name"":""lab-worker-1"",""cpu"":""0.52%"",""mem"":""100.7MiB / 122.8GiB""},{""name"":""lab-api"",""cpu"":""0.00%"",""mem"":""144.4MiB / 122.8GiB""},{""name"":""lab-allegro-stub"",""cpu"":""4.47%"",""mem"":""21.04MiB / 122.8GiB""},{""name"":""lab-erli-stub"",""cpu"":""4.31%"",""mem"":""18.06MiB / 122.8GiB""},{""name"":""lab-eparagony-stub"",""cpu"":""0.02%"",""mem"":""20.38MiB / 122.8GiB""},{""name"":""lab-invoicing-stub"",""cpu"":""4.00%"",""mem"":""16.62MiB / 122.8GiB""},{""name"":""lab-shipping-stub"",""cpu"":""4.05%"",""mem"":""16.59MiB / 122.8GiB""},{""name"":""lab-eparagony-stub-tls"",""cpu"":""0.00%"",""mem"":""23.3MiB / 122.8GiB""},{""name"":""lab-erli-stub-tls"",""cpu"":""0.00%"",""mem"":""22.67MiB / 122.8GiB""},{""name"":""lab-wc-tls"",""cpu"":""0.00%"",""mem"":""29.51MiB / 122.8GiB""},{""name"":""lab-prestashop"",""cpu"":""35.68%"",""mem"":""183.6MiB / 122.8GiB""},{""name"":""lab-woocommerce"",""cpu"":""0.01%"",""mem"":""294.6MiB / 122.8GiB""},{""name"":""lab-redis"",""cpu"":""0.25%"",""mem"":""79.63MiB / 122.8GiB""},{""name"":""lab-postgres"",""cpu"":""0.48%"",""mem"":""235.9MiB / 122.8GiB""},{""name"":""lab-mysql"",""cpu"":""45.46%"",""mem"":""724.4MiB / 122.8GiB""},{""name"":""lab-woocommerce-mysql"",""cpu"":""0.73%"",""mem"":""511.8MiB / 122.8GiB""}]"
2026-09-10T13:41:00Z,3,0,0,0,0,2668680883,"[{""name"":""lab-worker-1"",""cpu"":""0.50%"",""mem"":""100.7MiB / 122.8GiB""},{""name"":""lab-api"",""cpu"":""0.00%"",""mem"":""144.4MiB / 122.8GiB""},{""name"":""lab-allegro-stub"",""cpu"":""0.00%"",""mem"":""21.03MiB / 122.8GiB""},{""name"":""lab-erli-stub"",""cpu"":""0.00%"",""mem"":""18.05MiB / 122.8GiB""},{""name"":""lab-eparagony-stub"",""cpu"":""0.00%"",""mem"":""20.37MiB / 122.8GiB""},{""name"":""lab-invoicing-stub"",""cpu"":""0.00%"",""mem"":""16.6MiB / 122.8GiB""},{""name"":""lab-shipping-stub"",""cpu"":""0.00%"",""mem"":""16.58MiB / 122.8GiB""},{""name"":""lab-eparagony-stub-tls"",""cpu"":""0.00%"",""mem"":""23.3MiB / 122.8GiB""},{""name"":""lab-erli-stub-tls"",""cpu"":""0.00%"",""mem"":""22.67MiB / 122.8GiB""},{""name"":""lab-wc-tls"",""cpu"":""0.00%"",""mem"":""29.51MiB / 122.8GiB""},{""name"":""lab-prestashop"",""cpu"":""36.91%"",""mem"":""183.6MiB / 122.8GiB""},{""name"":""lab-woocommerce"",""cpu"":""0.00%"",""mem"":""294.6MiB / 122.8GiB""},{""name"":""lab-redis"",""cpu"":""0.25%"",""mem"":""79.63MiB / 122.8GiB""},{""name"":""lab-postgres"",""cpu"":""0.45%"",""mem"":""235.9MiB / 122.8GiB""},{""name"":""lab-mysql"",""cpu"":""42.42%"",""mem"":""724.4MiB / 122.8GiB""},{""name"":""lab-woocommerce-mysql"",""cpu"":""0.73%"",""mem"":""511.8MiB / 122.8GiB""}]"
2026-09-10T13:41:00Z,3,0,0,0,0,2668680883,"[{""name"":""lab-worker-1"",""cpu"":""0.50%"",""mem"":""100.7MiB / 122.8GiB""},{""name"":""lab-api"",""cpu"":""0.00%"",""mem"":""144.4MiB / 122.8GiB""},{""name"":""lab-allegro-stub"",""cpu"":""0.00%"",""mem"":""21.03MiB / 122.8GiB""},{""name"":""lab-erli-stub"",""cpu"":""0.00%"",""mem"":""18.05MiB / 122.8GiB""},{""name"":""lab-eparagony-stub"",""cpu"":""0.00%"",""mem"":""20.37MiB / 122.8GiB""},{""name"":""lab-invoicing-stub"",""cpu"":""0.00%"",""mem"":""16.6MiB / 122.8GiB""},{""name"":""lab-shipping-stub"",""cpu"":""0.00%"",""mem"":""16.58MiB / 122.8GiB""},{""name"":""lab-eparagony-stub-tls"",""cpu"":""0.00%"",""mem"":""23.3MiB / 122.8GiB""},{""name"":""lab-erli-stub-tls"",""cpu"":""0.00%"",""mem"":""22.67MiB / 122.8GiB""},{""name"":""lab-wc-tls"",""cpu"":""0.00%"",""mem"":""29.51MiB / 122.8GiB""},{""name"":""lab-prestashop"",""cpu"":""36.91%"",""mem"":""183.6MiB / 122.8GiB""},{""name"":""lab-woocommerce"",""cpu"":""0.00%"",""mem"":""294.6MiB / 122.8GiB""},{""name"":""lab-redis"",""cpu"":""0.25%"",""mem"":""79.63MiB / 122.8GiB""},{""name"":""lab-postgres"",""cpu"":""0.45%"",""mem"":""235.9MiB / 122.8GiB""},{""name"":""lab-mysql"",""cpu"":""42.42%"",""mem"":""724.4MiB / 122.8GiB""},{""name"":""lab-woocommerce-mysql"",""cpu"":""0.73%"",""mem"":""511.8MiB / 122.8GiB""}]"
2026-09-10T13:41:04Z,3,0,1,0,1,2668680883,"[{""name"":""lab-worker-1"",""cpu"":""4.59%"",""mem"":""103.2MiB / 122.8GiB""},{""name"":""lab-api"",""cpu"":""0.00%"",""mem"":""144.4MiB / 122.8GiB""},{""name"":""lab-allegro-stub"",""cpu"":""0.01%"",""mem"":""21.04MiB / 122.8GiB""},{""name"":""lab-erli-stub"",""cpu"":""0.00%"",""mem"":""18.05MiB / 122.8GiB""},{""name"":""lab-eparagony-stub"",""cpu"":""0.00%"",""mem"":""20.37MiB / 122.8GiB""},{""name"":""lab-invoicing-stub"",""cpu"":""0.01%"",""mem"":""16.6MiB / 122.8GiB""},{""name"":""lab-shipping-stub"",""cpu"":""0.01%"",""mem"":""16.6MiB / 122.8GiB""},{""name"":""lab-eparagony-stub-tls"",""cpu"":""0.00%"",""mem"":""23.3MiB / 122.8GiB""},{""name"":""lab-erli-stub-tls"",""cpu"":""0.00%"",""mem"":""22.67MiB / 122.8GiB""},{""name"":""lab-wc-tls"",""cpu"":""0.00%"",""mem"":""29.51MiB / 122.8GiB""},{""name"":""lab-prestashop"",""cpu"":""8.25%"",""mem"":""183.6MiB / 122.8GiB""},{""name"":""lab-woocommerce"",""cpu"":""0.01%"",""mem"":""294.6MiB / 122.8GiB""},{""name"":""lab-redis"",""cpu"":""0.77%"",""mem"":""79.68MiB / 122.8GiB""},{""name"":""lab-postgres"",""cpu"":""6.02%"",""mem"":""240.3MiB / 122.8GiB""},{""name"":""lab-mysql"",""cpu"":""12.87%"",""mem"":""724.6MiB / 122.8GiB""},{""name"":""lab-woocommerce-mysql"",""cpu"":""0.87%"",""mem"":""511.8MiB / 122.8GiB""}]"
2026-09-10T13:41:04Z,3,0,1,0,0,2668680883,"[{""name"":""lab-worker-1"",""cpu"":""4.59%"",""mem"":""103.2MiB / 122.8GiB""},{""name"":""lab-api"",""cpu"":""0.00%"",""mem"":""144.4MiB / 122.8GiB""},{""name"":""lab-allegro-stub"",""cpu"":""0.01%"",""mem"":""21.04MiB / 122.8GiB""},{""name"":""lab-erli-stub"",""cpu"":""0.00%"",""mem"":""18.05MiB / 122.8GiB""},{""name"":""lab-eparagony-stub"",""cpu"":""0.00%"",""mem"":""20.37MiB / 122.8GiB""},{""name"":""lab-invoicing-stub"",""cpu"":""0.01%"",""mem"":""16.6MiB / 122.8GiB""},{""name"":""lab-shipping-stub"",""cpu"":""0.01%"",""mem"":""16.6MiB / 122.8GiB""},{""name"":""lab-eparagony-stub-tls"",""cpu"":""0.00%"",""mem"":""23.3MiB / 122.8GiB""},{""name"":""lab-erli-stub-tls"",""cpu"":""0.00%"",""mem"":""22.67MiB / 122.8GiB""},{""name"":""lab-wc-tls"",""cpu"":""0.00%"",""mem"":""29.51MiB / 122.8GiB""},{""name"":""lab-prestashop"",""cpu"":""8.25%"",""mem"":""183.6MiB / 122.8GiB""},{""name"":""lab-woocommerce"",""cpu"":""0.01%"",""mem"":""294.6MiB / 122.8GiB""},{""name"":""lab-redis"",""cpu"":""0.77%"",""mem"":""79.68MiB / 122.8GiB""},{""name"":""lab-postgres"",""cpu"":""6.02%"",""mem"":""240.3MiB / 122.8GiB""},{""name"":""lab-mysql"",""cpu"":""12.87%"",""mem"":""724.6MiB / 122.8GiB""},{""name"":""lab-woocommerce-mysql"",""cpu"":""0.87%"",""mem"":""511.8MiB / 122.8GiB""}]"
2026-09-10T13:41:07Z,4,97,2,0,1,2668680883,"[{""name"":""lab-worker-1"",""cpu"":""5.01%"",""mem"":""103.6MiB / 122.8GiB""},{""name"":""lab-api"",""cpu"":""0.00%"",""mem"":""144.4MiB / 122.8GiB""},{""name"":""lab-allegro-stub"",""cpu"":""0.00%"",""mem"":""21.03MiB / 122.8GiB""},{""name"":""lab-erli-stub"",""cpu"":""3.95%"",""mem"":""18.09MiB / 122.8GiB""},{""name"":""lab-eparagony-stub"",""cpu"":""4.32%"",""mem"":""20.37MiB / 122.8GiB""},{""name"":""lab-invoicing-stub"",""cpu"":""0.00%"",""mem"":""16.6MiB / 122.8GiB""},{""name"":""lab-shipping-stub"",""cpu"":""0.00%"",""mem"":""16.58MiB / 122.8GiB""},{""name"":""lab-eparagony-stub-tls"",""cpu"":""0.00%"",""mem"":""23.3MiB / 122.8GiB""},{""name"":""lab-erli-stub-tls"",""cpu"":""0.00%"",""mem"":""22.67MiB / 122.8GiB""},{""name"":""lab-wc-tls"",""cpu"":""0.00%"",""mem"":""29.51MiB / 122.8GiB""},{""name"":""lab-prestashop"",""cpu"":""7.90%"",""mem"":""183.6MiB / 122.8GiB""},{""name"":""lab-woocommerce"",""cpu"":""0.00%"",""mem"":""294.6MiB / 122.8GiB""},{""name"":""lab-redis"",""cpu"":""0.72%"",""mem"":""79.68MiB / 122.8GiB""},{""name"":""lab-postgres"",""cpu"":""0.55%"",""mem"":""241.3MiB / 122.8GiB""},{""name"":""lab-mysql"",""cpu"":""7.92%"",""mem"":""724.4MiB / 122.8GiB""},{""name"":""lab-woocommerce-mysql"",""cpu"":""5.69%"",""mem"":""511.9MiB / 122.8GiB""}]"
2026-09-10T13:41:07Z,4,97,2,0,1,2668680883,"[{""name"":""lab-worker-1"",""cpu"":""5.01%"",""mem"":""103.6MiB / 122.8GiB""},{""name"":""lab-api"",""cpu"":""0.00%"",""mem"":""144.4MiB / 122.8GiB""},{""name"":""lab-allegro-stub"",""cpu"":""0.00%"",""mem"":""21.03MiB / 122.8GiB""},{""name"":""lab-erli-stub"",""cpu"":""3.95%"",""mem"":""18.09MiB / 122.8GiB""},{""name"":""lab-eparagony-stub"",""cpu"":""4.32%"",""mem"":""20.37MiB / 122.8GiB""},{""name"":""lab-invoicing-stub"",""cpu"":""0.00%"",""mem"":""16.6MiB / 122.8GiB""},{""name"":""lab-shipping-stub"",""cpu"":""0.00%"",""mem"":""16.58MiB / 122.8GiB""},{""name"":""lab-eparagony-stub-tls"",""cpu"":""0.00%"",""mem"":""23.3MiB / 122.8GiB""},{""name"":""lab-erli-stub-tls"",""cpu"":""0.00%"",""mem"":""22.67MiB / 122.8GiB""},{""name"":""lab-wc-tls"",""cpu"":""0.00%"",""mem"":""29.51MiB / 122.8GiB""},{""name"":""lab-prestashop"",""cpu"":""7.90%"",""mem"":""183.6MiB / 122.8GiB""},{""name"":""lab-woocommerce"",""cpu"":""0.00%"",""mem"":""294.6MiB / 122.8GiB""},{""name"":""lab-redis"",""cpu"":""0.72%"",""mem"":""79.68MiB / 122.8GiB""},{""name"":""lab-postgres"",""cpu"":""0.55%"",""mem"":""241.3MiB / 122.8GiB""},{""name"":""lab-mysql"",""cpu"":""7.92%"",""mem"":""724.4MiB / 122.8GiB""},{""name"":""lab-woocommerce-mysql"",""cpu"":""5.69%"",""mem"":""511.9MiB / 122.8GiB""}]"
2026-09-10T13:41:10Z,3,95,2,0,3,2668680883,"[{""name"":""lab-worker-1"",""cpu"":""4.27%"",""mem"":""103.7MiB / 122.8GiB""},{""name"":""lab-api"",""cpu"":""0.00%"",""mem"":""144.4MiB / 122.8GiB""},{""name"":""lab-allegro-stub"",""cpu"":""0.00%"",""mem"":""21.03MiB / 122.8GiB""},{""name"":""lab-erli-stub"",""cpu"":""0.00%"",""mem"":""18.05MiB / 122.8GiB""},{""name"":""lab-eparagony-stub"",""cpu"":""0.00%"",""mem"":""20.37MiB / 122.8GiB""},{""name"":""lab-invoicing-stub"",""cpu"":""0.00%"",""mem"":""16.6MiB / 122.8GiB""},{""name"":""lab-shipping-stub"",""cpu"":""0.00%"",""mem"":""16.58MiB / 122.8GiB""},{""name"":""lab-eparagony-stub-tls"",""cpu"":""0.00%"",""mem"":""23.3MiB / 122.8GiB""},{""name"":""lab-erli-stub-tls"",""cpu"":""0.00%"",""mem"":""22.67MiB / 122.8GiB""},{""name"":""lab-wc-tls"",""cpu"":""0.00%"",""mem"":""29.51MiB / 122.8GiB""},{""name"":""lab-prestashop"",""cpu"":""8.54%"",""mem"":""183.6MiB / 122.8GiB""},{""name"":""lab-woocommerce"",""cpu"":""0.01%"",""mem"":""294.6MiB / 122.8GiB""},{""name"":""lab-redis"",""cpu"":""0.76%"",""mem"":""79.68MiB / 122.8GiB""},{""name"":""lab-postgres"",""cpu"":""1.41%"",""mem"":""248.3MiB / 122.8GiB""},{""name"":""lab-mysql"",""cpu"":""8.73%"",""mem"":""724.4MiB / 122.8GiB""},{""name"":""lab-woocommerce-mysql"",""cpu"":""0.97%"",""mem"":""511.8MiB / 122.8GiB""}]"
2026-09-10T13:41:10Z,3,95,2,0,3,2668680883,"[{""name"":""lab-worker-1"",""cpu"":""4.27%"",""mem"":""103.7MiB / 122.8GiB""},{""name"":""lab-api"",""cpu"":""0.00%"",""mem"":""144.4MiB / 122.8GiB""},{""name"":""lab-allegro-stub"",""cpu"":""0.00%"",""mem"":""21.03MiB / 122.8GiB""},{""name"":""lab-erli-stub"",""cpu"":""0.00%"",""mem"":""18.05MiB / 122.8GiB""},{""name"":""lab-eparagony-stub"",""cpu"":""0.00%"",""mem"":""20.37MiB / 122.8GiB""},{""name"":""lab-invoicing-stub"",""cpu"":""0.00%"",""mem"":""16.6MiB / 122.8GiB""},{""name"":""lab-shipping-stub"",""cpu"":""0.00%"",""mem"":""16.58MiB / 122.8GiB""},{""name"":""lab-eparagony-stub-tls"",""cpu"":""0.00%"",""mem"":""23.3MiB / 122.8GiB""},{""name"":""lab-erli-stub-tls"",""cpu"":""0.00%"",""mem"":""22.67MiB / 122.8GiB""},{""name"":""lab-wc-tls"",""cpu"":""0.00%"",""mem"":""29.51MiB / 122.8GiB""},{""name"":""lab-prestashop"",""cpu"":""8.54%"",""mem"":""183.6MiB / 122.8GiB""},{""name"":""lab-woocommerce"",""cpu"":""0.01%"",""mem"":""294.6MiB / 122.8GiB""},{""name"":""lab-redis"",""cpu"":""0.76%"",""mem"":""79.68MiB / 122.8GiB""},{""name"":""lab-postgres"",""cpu"":""1.41%"",""mem"":""248.3MiB / 122.8GiB""},{""name"":""lab-mysql"",""cpu"":""8.73%"",""mem"":""724.4MiB / 122.8GiB""},{""name"":""lab-woocommerce-mysql"",""cpu"":""0.97%"",""mem"":""511.8MiB / 122.8GiB""}]"
2026-09-10T13:41:13Z,3,93,1,0,6,2668680883,"[{""name"":""lab-worker-1"",""cpu"":""25.67%"",""mem"":""107MiB / 122.8GiB""},{""name"":""lab-api"",""cpu"":""0.00%"",""mem"":""144.4MiB / 122.8GiB""},{""name"":""lab-allegro-stub"",""cpu"":""4.17%"",""mem"":""21.04MiB / 122.8GiB""},{""name"":""lab-erli-stub"",""cpu"":""0.03%"",""mem"":""18.05MiB / 122.8GiB""},{""name"":""lab-eparagony-stub"",""cpu"":""0.00%"",""mem"":""20.37MiB / 122.8GiB""},{""name"":""lab-invoicing-stub"",""cpu"":""3.43%"",""mem"":""16.61MiB / 122.8GiB""},{""name"":""lab-shipping-stub"",""cpu"":""4.67%"",""mem"":""16.58MiB / 122.8GiB""},{""name"":""lab-eparagony-stub-tls"",""cpu"":""0.00%"",""mem"":""23.3MiB / 122.8GiB""},{""name"":""lab-erli-stub-tls"",""cpu"":""0.00%"",""mem"":""22.67MiB / 122.8GiB""},{""name"":""lab-wc-tls"",""cpu"":""0.00%"",""mem"":""29.51MiB / 122.8GiB""},{""name"":""lab-prestashop"",""cpu"":""12.10%"",""mem"":""177.6MiB / 122.8GiB""},{""name"":""lab-woocommerce"",""cpu"":""0.01%"",""mem"":""294.6MiB / 122.8GiB""},{""name"":""lab-redis"",""cpu"":""2.54%"",""mem"":""79.72MiB / 122.8GiB""},{""name"":""lab-postgres"",""cpu"":""12.23%"",""mem"":""244.4MiB / 122.8GiB""},{""name"":""lab-mysql"",""cpu"":""15.73%"",""mem"":""724.4MiB / 122.8GiB""},{""name"":""lab-woocommerce-mysql"",""cpu"":""0.92%"",""mem"":""511.8MiB / 122.8GiB""}]"
2026-09-10T13:41:13Z,3,93,1,0,6,2668680883,"[{""name"":""lab-worker-1"",""cpu"":""25.67%"",""mem"":""107MiB / 122.8GiB""},{""name"":""lab-api"",""cpu"":""0.00%"",""mem"":""144.4MiB / 122.8GiB""},{""name"":""lab-allegro-stub"",""cpu"":""4.17%"",""mem"":""21.04MiB / 122.8GiB""},{""name"":""lab-erli-stub"",""cpu"":""0.03%"",""mem"":""18.05MiB / 122.8GiB""},{""name"":""lab-eparagony-stub"",""cpu"":""0.00%"",""mem"":""20.37MiB / 122.8GiB""},{""name"":""lab-invoicing-stub"",""cpu"":""3.43%"",""mem"":""16.61MiB / 122.8GiB""},{""name"":""lab-shipping-stub"",""cpu"":""4.67%"",""mem"":""16.58MiB / 122.8GiB""},{""name"":""lab-eparagony-stub-tls"",""cpu"":""0.00%"",""mem"":""23.3MiB / 122.8GiB""},{""name"":""lab-erli-stub-tls"",""cpu"":""0.00%"",""mem"":""22.67MiB / 122.8GiB""},{""name"":""lab-wc-tls"",""cpu"":""0.00%"",""mem"":""29.51MiB / 122.8GiB""},{""name"":""lab-prestashop"",""cpu"":""12.10%"",""mem"":""177.6MiB / 122.8GiB""},{""name"":""lab-woocommerce"",""cpu"":""0.01%"",""mem"":""294.6MiB / 122.8GiB""},{""name"":""lab-redis"",""cpu"":""2.54%"",""mem"":""79.72MiB / 122.8GiB""},{""name"":""lab-postgres"",""cpu"":""12.23%"",""mem"":""244.4MiB / 122.8GiB""},{""name"":""lab-mysql"",""cpu"":""15.73%"",""mem"":""724.4MiB / 122.8GiB""},{""name"":""lab-woocommerce-mysql"",""cpu"":""0.92%"",""mem"":""511.8MiB / 122.8GiB""}]"
2026-09-10T13:41:16Z,3,191,2,0,8,2668680883,"[{""name"":""lab-worker-1"",""cpu"":""5.43%"",""mem"":""107.3MiB / 122.8GiB""},{""name"":""lab-api"",""cpu"":""0.00%"",""mem"":""144.4MiB / 122.8GiB""},{""name"":""lab-allegro-stub"",""cpu"":""0.00%"",""mem"":""21.03MiB / 122.8GiB""},{""name"":""lab-erli-stub"",""cpu"":""0.00%"",""mem"":""18.05MiB / 122.8GiB""},{""name"":""lab-eparagony-stub"",""cpu"":""0.00%"",""mem"":""20.37MiB / 122.8GiB""},{""name"":""lab-invoicing-stub"",""cpu"":""0.00%"",""mem"":""16.6MiB / 122.8GiB""},{""name"":""lab-shipping-stub"",""cpu"":""0.00%"",""mem"":""16.58MiB / 122.8GiB""},{""name"":""lab-eparagony-stub-tls"",""cpu"":""0.00%"",""mem"":""23.3MiB / 122.8GiB""},{""name"":""lab-erli-stub-tls"",""cpu"":""0.00%"",""mem"":""22.67MiB / 122.8GiB""},{""name"":""lab-wc-tls"",""cpu"":""0.00%"",""mem"":""29.51MiB / 122.8GiB""},{""name"":""lab-prestashop"",""cpu"":""7.65%"",""mem"":""177.6MiB / 122.8GiB""},{""name"":""lab-woocommerce"",""cpu"":""0.01%"",""mem"":""294.6MiB / 122.8GiB""},{""name"":""lab-redis"",""cpu"":""0.76%"",""mem"":""79.72MiB / 122.8GiB""},{""name"":""lab-postgres"",""cpu"":""2.22%"",""mem"":""239.1MiB / 122.8GiB""},{""name"":""lab-mysql"",""cpu"":""7.44%"",""mem"":""724.4MiB / 122.8GiB""},{""name"":""lab-woocommerce-mysql"",""cpu"":""0.94%"",""mem"":""511.8MiB / 122.8GiB""}]"
2026-09-10T13:41:16Z,3,191,2,0,8,2668680883,"[{""name"":""lab-worker-1"",""cpu"":""5.43%"",""mem"":""107.3MiB / 122.8GiB""},{""name"":""lab-api"",""cpu"":""0.00%"",""mem"":""144.4MiB / 122.8GiB""},{""name"":""lab-allegro-stub"",""cpu"":""0.00%"",""mem"":""21.03MiB / 122.8GiB""},{""name"":""lab-erli-stub"",""cpu"":""0.00%"",""mem"":""18.05MiB / 122.8GiB""},{""name"":""lab-eparagony-stub"",""cpu"":""0.00%"",""mem"":""20.37MiB / 122.8GiB""},{""name"":""lab-invoicing-stub"",""cpu"":""0.00%"",""mem"":""16.6MiB / 122.8GiB""},{""name"":""lab-shipping-stub"",""cpu"":""0.00%"",""mem"":""16.58MiB / 122.8GiB""},{""name"":""lab-eparagony-stub-tls"",""cpu"":""0.00%"",""mem"":""23.3MiB / 122.8GiB""},{""name"":""lab-erli-stub-tls"",""cpu"":""0.00%"",""mem"":""22.67MiB / 122.8GiB""},{""name"":""lab-wc-tls"",""cpu"":""0.00%"",""mem"":""29.51MiB / 122.8GiB""},{""name"":""lab-prestashop"",""cpu"":""7.65%"",""mem"":""177.6MiB / 122.8GiB""},{""name"":""lab-woocommerce"",""cpu"":""0.01%"",""mem"":""294.6MiB / 122.8GiB""},{""name"":""lab-redis"",""cpu"":""0.76%"",""mem"":""79.72MiB / 122.8GiB""},{""name"":""lab-postgres"",""cpu"":""2.22%"",""mem"":""239.1MiB / 122.8GiB""},{""name"":""lab-mysql"",""cpu"":""7.44%"",""mem"":""724.4MiB / 122.8GiB""},{""name"":""lab-woocommerce-mysql"",""cpu"":""0.94%"",""mem"":""511.8MiB / 122.8GiB""}]"
2026-09-10T13:41:19Z,3,189,2,0,9,2668680883,"[{""name"":""lab-worker-1"",""cpu"":""7.24%"",""mem"":""106.9MiB / 122.8GiB""},{""name"":""lab-api"",""cpu"":""0.00%"",""mem"":""144.4MiB / 122.8GiB""},{""name"":""lab-allegro-stub"",""cpu"":""0.00%"",""mem"":""21.03MiB / 122.8GiB""},{""name"":""lab-erli-stub"",""cpu"":""0.00%"",""mem"":""18.05MiB / 122.8GiB""},{""name"":""lab-eparagony-stub"",""cpu"":""0.00%"",""mem"":""20.37MiB / 122.8GiB""},{""name"":""lab-invoicing-stub"",""cpu"":""0.00%"",""mem"":""16.6MiB / 122.8GiB""},{""name"":""lab-shipping-stub"",""cpu"":""0.00%"",""mem"":""16.58MiB / 122.8GiB""},{""name"":""lab-eparagony-stub-tls"",""cpu"":""0.00%"",""mem"":""23.3MiB / 122.8GiB""},{""name"":""lab-erli-stub-tls"",""cpu"":""0.00%"",""mem"":""22.67MiB / 122.8GiB""},{""name"":""lab-wc-tls"",""cpu"":""0.00%"",""mem"":""29.51MiB / 122.8GiB""},{""name"":""lab-prestashop"",""cpu"":""4.46%"",""mem"":""177.6MiB / 122.8GiB""},{""name"":""lab-woocommerce"",""cpu"":""0.01%"",""mem"":""294.6MiB / 122.8GiB""},{""name"":""lab-redis"",""cpu"":""0.49%"",""mem"":""79.72MiB / 122.8GiB""},{""name"":""lab-postgres"",""cpu"":""4.33%"",""mem"":""241.6MiB / 122.8GiB""},{""name"":""lab-mysql"",""cpu"":""4.32%"",""mem"":""724.4MiB / 122.8GiB""},{""name"":""lab-woocommerce-mysql"",""cpu"":""0.99%"",""mem"":""511.8MiB / 122.8GiB""}]"
2026-09-10T13:41:19Z,3,189,2,0,9,2668680883,"[{""name"":""lab-worker-1"",""cpu"":""7.24%"",""mem"":""106.9MiB / 122.8GiB""},{""name"":""lab-api"",""cpu"":""0.00%"",""mem"":""144.4MiB / 122.8GiB""},{""name"":""lab-allegro-stub"",""cpu"":""0.00%"",""mem"":""21.03MiB / 122.8GiB""},{""name"":""lab-erli-stub"",""cpu"":""0.00%"",""mem"":""18.05MiB / 122.8GiB""},{""name"":""lab-eparagony-stub"",""cpu"":""0.00%"",""mem"":""20.37MiB / 122.8GiB""},{""name"":""lab-invoicing-stub"",""cpu"":""0.00%"",""mem"":""16.6MiB / 122.8GiB""},{""name"":""lab-shipping-stub"",""cpu"":""0.00%"",""mem"":""16.58MiB / 122.8GiB""},{""name"":""lab-eparagony-stub-tls"",""cpu"":""0.00%"",""mem"":""23.3MiB / 122.8GiB""},{""name"":""lab-erli-stub-tls"",""cpu"":""0.00%"",""mem"":""22.67MiB / 122.8GiB""},{""name"":""lab-wc-tls"",""cpu"":""0.00%"",""mem"":""29.51MiB / 122.8GiB""},{""name"":""lab-prestashop"",""cpu"":""4.46%"",""mem"":""177.6MiB / 122.8GiB""},{""name"":""lab-woocommerce"",""cpu"":""0.01%"",""mem"":""294.6MiB / 122.8GiB""},{""name"":""lab-redis"",""cpu"":""0.49%"",""mem"":""79.72MiB / 122.8GiB""},{""name"":""lab-postgres"",""cpu"":""4.33%"",""mem"":""241.6MiB / 122.8GiB""},{""name"":""lab-mysql"",""cpu"":""4.32%"",""mem"":""724.4MiB / 122.8GiB""},{""name"":""lab-woocommerce-mysql"",""cpu"":""0.99%"",""mem"":""511.8MiB / 122.8GiB""}]"
2026-09-10T13:41:22Z,3,187,2,0,11,2668680883,"[{""name"":""lab-worker-1"",""cpu"":""12.38%"",""mem"":""107.1MiB / 122.8GiB""},{""name"":""lab-api"",""cpu"":""0.01%"",""mem"":""144.4MiB / 122.8GiB""},{""name"":""lab-allegro-stub"",""cpu"":""4.63%"",""mem"":""21.14MiB / 122.8GiB""},{""name"":""lab-erli-stub"",""cpu"":""4.17%"",""mem"":""18.06MiB / 122.8GiB""},{""name"":""lab-eparagony-stub"",""cpu"":""0.01%"",""mem"":""20.39MiB / 122.8GiB""},{""name"":""lab-invoicing-stub"",""cpu"":""3.99%"",""mem"":""16.73MiB / 122.8GiB""},{""name"":""lab-shipping-stub"",""cpu"":""3.79%"",""mem"":""16.68MiB / 122.8GiB""},{""name"":""lab-eparagony-stub-tls"",""cpu"":""0.00%"",""mem"":""23.3MiB / 122.8GiB""},{""name"":""lab-erli-stub-tls"",""cpu"":""0.00%"",""mem"":""22.67MiB / 122.8GiB""},{""name"":""lab-wc-tls"",""cpu"":""0.00%"",""mem"":""29.51MiB / 122.8GiB""},{""name"":""lab-prestashop"",""cpu"":""6.74%"",""mem"":""177.6MiB / 122.8GiB""},{""name"":""lab-woocommerce"",""cpu"":""0.00%"",""mem"":""294.6MiB / 122.8GiB""},{""name"":""lab-redis"",""cpu"":""0.70%"",""mem"":""79.73MiB / 122.8GiB""},{""name"":""lab-postgres"",""cpu"":""2.94%"",""mem"":""241.7MiB / 122.8GiB""},{""name"":""lab-mysql"",""cpu"":""7.03%"",""mem"":""724.4MiB / 122.8GiB""},{""name"":""lab-woocommerce-mysql"",""cpu"":""0.96%"",""mem"":""511.8MiB / 122.8GiB""}]"
2026-09-10T13:41:22Z,3,187,2,0,11,2668680883,"[{""name"":""lab-worker-1"",""cpu"":""12.38%"",""mem"":""107.1MiB / 122.8GiB""},{""name"":""lab-api"",""cpu"":""0.01%"",""mem"":""144.4MiB / 122.8GiB""},{""name"":""lab-allegro-stub"",""cpu"":""4.63%"",""mem"":""21.14MiB / 122.8GiB""},{""name"":""lab-erli-stub"",""cpu"":""4.17%"",""mem"":""18.06MiB / 122.8GiB""},{""name"":""lab-eparagony-stub"",""cpu"":""0.01%"",""mem"":""20.39MiB / 122.8GiB""},{""name"":""lab-invoicing-stub"",""cpu"":""3.99%"",""mem"":""16.73MiB / 122.8GiB""},{""name"":""lab-shipping-stub"",""cpu"":""3.79%"",""mem"":""16.68MiB / 122.8GiB""},{""name"":""lab-eparagony-stub-tls"",""cpu"":""0.00%"",""mem"":""23.3MiB / 122.8GiB""},{""name"":""lab-erli-stub-tls"",""cpu"":""0.00%"",""mem"":""22.67MiB / 122.8GiB""},{""name"":""lab-wc-tls"",""cpu"":""0.00%"",""mem"":""29.51MiB / 122.8GiB""},{""name"":""lab-prestashop"",""cpu"":""6.74%"",""mem"":""177.6MiB / 122.8GiB""},{""name"":""lab-woocommerce"",""cpu"":""0.00%"",""mem"":""294.6MiB / 122.8GiB""},{""name"":""lab-redis"",""cpu"":""0.70%"",""mem"":""79.73MiB / 122.8GiB""},{""name"":""lab-postgres"",""cpu"":""2.94%"",""mem"":""241.7MiB / 122.8GiB""},{""name"":""lab-mysql"",""cpu"":""7.03%"",""mem"":""724.4MiB / 122.8GiB""},{""name"":""lab-woocommerce-mysql"",""cpu"":""0.96%"",""mem"":""511.8MiB / 122.8GiB""}]"
2026-09-10T13:41:25Z,3,185,3,0,13,2668680883,"[{""name"":""lab-worker-1"",""cpu"":""16.95%"",""mem"":""107.2MiB / 122.8GiB""},{""name"":""lab-api"",""cpu"":""0.00%"",""mem"":""144.4MiB / 122.8GiB""},{""name"":""lab-allegro-stub"",""cpu"":""0.00%"",""mem"":""21.03MiB / 122.8GiB""},{""name"":""lab-erli-stub"",""cpu"":""0.00%"",""mem"":""18.05MiB / 122.8GiB""},{""name"":""lab-eparagony-stub"",""cpu"":""0.00%"",""mem"":""20.37MiB / 122.8GiB""},{""name"":""lab-invoicing-stub"",""cpu"":""0.00%"",""mem"":""16.6MiB / 122.8GiB""},{""name"":""lab-shipping-stub"",""cpu"":""0.00%"",""mem"":""16.58MiB / 122.8GiB""},{""name"":""lab-eparagony-stub-tls"",""cpu"":""0.00%"",""mem"":""23.3MiB / 122.8GiB""},{""name"":""lab-erli-stub-tls"",""cpu"":""0.00%"",""mem"":""22.67MiB / 122.8GiB""},{""name"":""lab-wc-tls"",""cpu"":""0.00%"",""mem"":""29.51MiB / 122.8GiB""},{""name"":""lab-prestashop"",""cpu"":""8.06%"",""mem"":""177.8MiB / 122.8GiB""},{""name"":""lab-woocommerce"",""cpu"":""0.01%"",""mem"":""294.6MiB / 122.8GiB""},{""name"":""lab-redis"",""cpu"":""0.97%"",""mem"":""79.78MiB / 122.8GiB""},{""name"":""lab-postgres"",""cpu"":""9.07%"",""mem"":""241.7MiB / 122.8GiB""},{""name"":""lab-mysql"",""cpu"":""7.45%"",""mem"":""724.4MiB / 122.8GiB""},{""name"":""lab-woocommerce-mysql"",""cpu"":""0.93%"",""mem"":""511.8MiB / 122.8GiB""}]"
2026-09-10T13:41:25Z,3,185,3,0,13,2668680883,"[{""name"":""lab-worker-1"",""cpu"":""16.95%"",""mem"":""107.2MiB / 122.8GiB""},{""name"":""lab-api"",""cpu"":""0.00%"",""mem"":""144.4MiB / 122.8GiB""},{""name"":""lab-allegro-stub"",""cpu"":""0.00%"",""mem"":""21.03MiB / 122.8GiB""},{""name"":""lab-erli-stub"",""cpu"":""0.00%"",""mem"":""18.05MiB / 122.8GiB""},{""name"":""lab-eparagony-stub"",""cpu"":""0.00%"",""mem"":""20.37MiB / 122.8GiB""},{""name"":""lab-invoicing-stub"",""cpu"":""0.00%"",""mem"":""16.6MiB / 122.8GiB""},{""name"":""lab-shipping-stub"",""cpu"":""0.00%"",""mem"":""16.58MiB / 122.8GiB""},{""name"":""lab-eparagony-stub-tls"",""cpu"":""0.00%"",""mem"":""23.3MiB / 122.8GiB""},{""name"":""lab-erli-stub-tls"",""cpu"":""0.00%"",""mem"":""22.67MiB / 122.8GiB""},{""name"":""lab-wc-tls"",""cpu"":""0.00%"",""mem"":""29.51MiB / 122.8GiB""},{""name"":""lab-prestashop"",""cpu"":""8.06%"",""mem"":""177.8MiB / 122.8GiB""},{""name"":""lab-woocommerce"",""cpu"":""0.01%"",""mem"":""294.6MiB / 122.8GiB""},{""name"":""lab-redis"",""cpu"":""0.97%"",""mem"":""79.78MiB / 122.8GiB""},{""name"":""lab-postgres"",""cpu"":""9.07%"",""mem"":""241.7MiB / 122.8GiB""},{""name"":""lab-mysql"",""cpu"":""7.45%"",""mem"":""724.4MiB / 122.8GiB""},{""name"":""lab-woocommerce-mysql"",""cpu"":""0.93%"",""mem"":""511.8MiB / 122.8GiB""}]"
2026-09-10T13:41:29Z,3,283,2,0,15,2668689075,"[{""name"":""lab-worker-1"",""cpu"":""5.23%"",""mem"":""110.8MiB / 122.8GiB""},{""name"":""lab-api"",""cpu"":""0.00%"",""mem"":""144.4MiB / 122.8GiB""},{""name"":""lab-allegro-stub"",""cpu"":""0.01%"",""mem"":""21.03MiB / 122.8GiB""},{""name"":""lab-erli-stub"",""cpu"":""0.01%"",""mem"":""18.05MiB / 122.8GiB""},{""name"":""lab-eparagony-stub"",""cpu"":""0.00%"",""mem"":""20.37MiB / 122.8GiB""},{""name"":""lab-invoicing-stub"",""cpu"":""0.01%"",""mem"":""16.6MiB / 122.8GiB""},{""name"":""lab-shipping-stub"",""cpu"":""0.01%"",""mem"":""16.58MiB / 122.8GiB""},{""name"":""lab-eparagony-stub-tls"",""cpu"":""0.00%"",""mem"":""23.3MiB / 122.8GiB""},{""name"":""lab-erli-stub-tls"",""cpu"":""0.00%"",""mem"":""22.67MiB / 122.8GiB""},{""name"":""lab-wc-tls"",""cpu"":""0.00%"",""mem"":""29.51MiB / 122.8GiB""},{""name"":""lab-prestashop"",""cpu"":""7.99%"",""mem"":""177.6MiB / 122.8GiB""},{""name"":""lab-woocommerce"",""cpu"":""0.01%"",""mem"":""294.6MiB / 122.8GiB""},{""name"":""lab-redis"",""cpu"":""0.73%"",""mem"":""79.78MiB / 122.8GiB""},{""name"":""lab-postgres"",""cpu"":""2.20%"",""mem"":""241.7MiB / 122.8GiB""},{""name"":""lab-mysql"",""cpu"":""7.99%"",""mem"":""724.6MiB / 122.8GiB""},{""name"":""lab-woocommerce-mysql"",""cpu"":""0.88%"",""mem"":""511.8MiB / 122.8GiB""}]"
2026-09-10T13:41:29Z,3,283,2,0,15,2668689075,"[{""name"":""lab-worker-1"",""cpu"":""5.23%"",""mem"":""110.8MiB / 122.8GiB""},{""name"":""lab-api"",""cpu"":""0.00%"",""mem"":""144.4MiB / 122.8GiB""},{""name"":""lab-allegro-stub"",""cpu"":""0.01%"",""mem"":""21.03MiB / 122.8GiB""},{""name"":""lab-erli-stub"",""cpu"":""0.01%"",""mem"":""18.05MiB / 122.8GiB""},{""name"":""lab-eparagony-stub"",""cpu"":""0.00%"",""mem"":""20.37MiB / 122.8GiB""},{""name"":""lab-invoicing-stub"",""cpu"":""0.01%"",""mem"":""16.6MiB / 122.8GiB""},{""name"":""lab-shipping-stub"",""cpu"":""0.01%"",""mem"":""16.58MiB / 122.8GiB""},{""name"":""lab-eparagony-stub-tls"",""cpu"":""0.00%"",""mem"":""23.3MiB / 122.8GiB""},{""name"":""lab-erli-stub-tls"",""cpu"":""0.00%"",""mem"":""22.67MiB / 122.8GiB""},{""name"":""lab-wc-tls"",""cpu"":""0.00%"",""mem"":""29.51MiB / 122.8GiB""},{""name"":""lab-prestashop"",""cpu"":""7.99%"",""mem"":""177.6MiB / 122.8GiB""},{""name"":""lab-woocommerce"",""cpu"":""0.01%"",""mem"":""294.6MiB / 122.8GiB""},{""name"":""lab-redis"",""cpu"":""0.73%"",""mem"":""79.78MiB / 122.8GiB""},{""name"":""lab-postgres"",""cpu"":""2.20%"",""mem"":""241.7MiB / 122.8GiB""},{""name"":""lab-mysql"",""cpu"":""7.99%"",""mem"":""724.6MiB / 122.8GiB""},{""name"":""lab-woocommerce-mysql"",""cpu"":""0.88%"",""mem"":""511.8MiB / 122.8GiB""}]"
2026-09-10T13:41:32Z,4,281,2,0,17,2668697267,"[{""name"":""lab-worker-1"",""cpu"":""5.50%"",""mem"":""113.5MiB / 122.8GiB""},{""name"":""lab-api"",""cpu"":""0.61%"",""mem"":""144.6MiB / 122.8GiB""},{""name"":""lab-allegro-stub"",""cpu"":""0.00%"",""mem"":""21.03MiB / 122.8GiB""},{""name"":""lab-erli-stub"",""cpu"":""0.00%"",""mem"":""18.05MiB / 122.8GiB""},{""name"":""lab-eparagony-stub"",""cpu"":""4.15%"",""mem"":""20.4MiB / 122.8GiB""},{""name"":""lab-invoicing-stub"",""cpu"":""0.00%"",""mem"":""16.6MiB / 122.8GiB""},{""name"":""lab-shipping-stub"",""cpu"":""0.00%"",""mem"":""16.58MiB / 122.8GiB""},{""name"":""lab-eparagony-stub-tls"",""cpu"":""0.00%"",""mem"":""23.3MiB / 122.8GiB""},{""name"":""lab-erli-stub-tls"",""cpu"":""0.00%"",""mem"":""22.67MiB / 122.8GiB""},{""name"":""lab-wc-tls"",""cpu"":""0.00%"",""mem"":""29.51MiB / 122.8GiB""},{""name"":""lab-prestashop"",""cpu"":""8.53%"",""mem"":""177.6MiB / 122.8GiB""},{""name"":""lab-woocommerce"",""cpu"":""0.01%"",""mem"":""294.6MiB / 122.8GiB""},{""name"":""lab-redis"",""cpu"":""4.87%"",""mem"":""79.79MiB / 122.8GiB""},{""name"":""lab-postgres"",""cpu"":""2.44%"",""mem"":""241.7MiB / 122.8GiB""},{""name"":""lab-mysql"",""cpu"":""8.06%"",""mem"":""724.4MiB / 122.8GiB""},{""name"":""lab-woocommerce-mysql"",""cpu"":""1.26%"",""mem"":""511.8MiB / 122.8GiB""}]"
2026-09-10T13:41:32Z,4,281,2,0,17,2668697267,"[{""name"":""lab-worker-1"",""cpu"":""5.50%"",""mem"":""113.5MiB / 122.8GiB""},{""name"":""lab-api"",""cpu"":""0.61%"",""mem"":""144.6MiB / 122.8GiB""},{""name"":""lab-allegro-stub"",""cpu"":""0.00%"",""mem"":""21.03MiB / 122.8GiB""},{""name"":""lab-erli-stub"",""cpu"":""0.00%"",""mem"":""18.05MiB / 122.8GiB""},{""name"":""lab-eparagony-stub"",""cpu"":""4.15%"",""mem"":""20.4MiB / 122.8GiB""},{""name"":""lab-invoicing-stub"",""cpu"":""0.00%"",""mem"":""16.6MiB / 122.8GiB""},{""name"":""lab-shipping-stub"",""cpu"":""0.00%"",""mem"":""16.58MiB / 122.8GiB""},{""name"":""lab-eparagony-stub-tls"",""cpu"":""0.00%"",""mem"":""23.3MiB / 122.8GiB""},{""name"":""lab-erli-stub-tls"",""cpu"":""0.00%"",""mem"":""22.67MiB / 122.8GiB""},{""name"":""lab-wc-tls"",""cpu"":""0.00%"",""mem"":""29.51MiB / 122.8GiB""},{""name"":""lab-prestashop"",""cpu"":""8.53%"",""mem"":""177.6MiB / 122.8GiB""},{""name"":""lab-woocommerce"",""cpu"":""0.01%"",""mem"":""294.6MiB / 122.8GiB""},{""name"":""lab-redis"",""cpu"":""4.87%"",""mem"":""79.79MiB / 122.8GiB""},{""name"":""lab-postgres"",""cpu"":""2.44%"",""mem"":""241.7MiB / 122.8GiB""},{""name"":""lab-mysql"",""cpu"":""8.06%"",""mem"":""724.4MiB / 122.8GiB""},{""name"":""lab-woocommerce-mysql"",""cpu"":""1.26%"",""mem"":""511.8MiB / 122.8GiB""}]"
2026-09-10T13:41:35Z,3,279,3,0,21,2668697267,"[{""name"":""lab-worker-1"",""cpu"":""11.29%"",""mem"":""114.6MiB / 122.8GiB""},{""name"":""lab-api"",""cpu"":""0.00%"",""mem"":""144.6MiB / 122.8GiB""},{""name"":""lab-allegro-stub"",""cpu"":""0.00%"",""mem"":""21.03MiB / 122.8GiB""},{""name"":""lab-erli-stub"",""cpu"":""0.00%"",""mem"":""18.05MiB / 122.8GiB""},{""name"":""lab-eparagony-stub"",""cpu"":""0.00%"",""mem"":""20.37MiB / 122.8GiB""},{""name"":""lab-invoicing-stub"",""cpu"":""0.00%"",""mem"":""16.6MiB / 122.8GiB""},{""name"":""lab-shipping-stub"",""cpu"":""0.00%"",""mem"":""16.58MiB / 122.8GiB""},{""name"":""lab-eparagony-stub-tls"",""cpu"":""0.00%"",""mem"":""23.3MiB / 122.8GiB""},{""name"":""lab-erli-stub-tls"",""cpu"":""0.00%"",""mem"":""22.67MiB / 122.8GiB""},{""name"":""lab-wc-tls"",""cpu"":""0.00%"",""mem"":""29.51MiB / 122.8GiB""},{""name"":""lab-prestashop"",""cpu"":""7.96%"",""mem"":""177.6MiB / 122.8GiB""},{""name"":""lab-woocommerce"",""cpu"":""0.01%"",""mem"":""294.6MiB / 122.8GiB""},{""name"":""lab-redis"",""cpu"":""0.69%"",""mem"":""79.83MiB / 122.8GiB""},{""name"":""lab-postgres"",""cpu"":""3.26%"",""mem"":""241.8MiB / 122.8GiB""},{""name"":""lab-mysql"",""cpu"":""7.76%"",""mem"":""724.6MiB / 122.8GiB""},{""name"":""lab-woocommerce-mysql"",""cpu"":""0.94%"",""mem"":""511.8MiB / 122.8GiB""}]"
2026-09-10T13:41:35Z,3,279,3,0,22,2668697267,"[{""name"":""lab-worker-1"",""cpu"":""11.29%"",""mem"":""114.6MiB / 122.8GiB""},{""name"":""lab-api"",""cpu"":""0.00%"",""mem"":""144.6MiB / 122.8GiB""},{""name"":""lab-allegro-stub"",""cpu"":""0.00%"",""mem"":""21.03MiB / 122.8GiB""},{""name"":""lab-erli-stub"",""cpu"":""0.00%"",""mem"":""18.05MiB / 122.8GiB""},{""name"":""lab-eparagony-stub"",""cpu"":""0.00%"",""mem"":""20.37MiB / 122.8GiB""},{""name"":""lab-invoicing-stub"",""cpu"":""0.00%"",""mem"":""16.6MiB / 122.8GiB""},{""name"":""lab-shipping-stub"",""cpu"":""0.00%"",""mem"":""16.58MiB / 122.8GiB""},{""name"":""lab-eparagony-stub-tls"",""cpu"":""0.00%"",""mem"":""23.3MiB / 122.8GiB""},{""name"":""lab-erli-stub-tls"",""cpu"":""0.00%"",""mem"":""22.67MiB / 122.8GiB""},{""name"":""lab-wc-tls"",""cpu"":""0.00%"",""mem"":""29.51MiB / 122.8GiB""},{""name"":""lab-prestashop"",""cpu"":""7.96%"",""mem"":""177.6MiB / 122.8GiB""},{""name"":""lab-woocommerce"",""cpu"":""0.01%"",""mem"":""294.6MiB / 122.8GiB""},{""name"":""lab-redis"",""cpu"":""0.69%"",""mem"":""79.83MiB / 122.8GiB""},{""name"":""lab-postgres"",""cpu"":""3.26%"",""mem"":""241.8MiB / 122.8GiB""},{""name"":""lab-mysql"",""cpu"":""7.76%"",""mem"":""724.6MiB / 122.8GiB""},{""name"":""lab-woocommerce-mysql"",""cpu"":""0.94%"",""mem"":""511.8MiB / 122.8GiB""}]"
2026-09-10T13:41:38Z,3,379,2,0,19,2668705459,"[{""name"":""lab-worker-1"",""cpu"":""5.38%"",""mem"":""114.2MiB / 122.8GiB""},{""name"":""lab-api"",""cpu"":""0.01%"",""mem"":""144.6MiB / 122.8GiB""},{""name"":""lab-allegro-stub"",""cpu"":""3.95%"",""mem"":""21.05MiB / 122.8GiB""},{""name"":""lab-erli-stub"",""cpu"":""0.01%"",""mem"":""18.05MiB / 122.8GiB""},{""name"":""lab-eparagony-stub"",""cpu"":""0.00%"",""mem"":""20.37MiB / 122.8GiB""},{""name"":""lab-invoicing-stub"",""cpu"":""4.47%"",""mem"":""16.61MiB / 122.8GiB""},{""name"":""lab-shipping-stub"",""cpu"":""4.26%"",""mem"":""16.63MiB / 122.8GiB""},{""name"":""lab-eparagony-stub-tls"",""cpu"":""0.00%"",""mem"":""23.3MiB / 122.8GiB""},{""name"":""lab-erli-stub-tls"",""cpu"":""0.00%"",""mem"":""22.67MiB / 122.8GiB""},{""name"":""lab-wc-tls"",""cpu"":""0.00%"",""mem"":""29.51MiB / 122.8GiB""},{""name"":""lab-prestashop"",""cpu"":""7.59%"",""mem"":""177.6MiB / 122.8GiB""},{""name"":""lab-woocommerce"",""cpu"":""0.01%"",""mem"":""294.6MiB / 122.8GiB""},{""name"":""lab-redis"",""cpu"":""0.69%"",""mem"":""79.83MiB / 122.8GiB""},{""name"":""lab-postgres"",""cpu"":""2.36%"",""mem"":""241.8MiB / 122.8GiB""},{""name"":""lab-mysql"",""cpu"":""7.66%"",""mem"":""724.6MiB / 122.8GiB""},{""name"":""lab-woocommerce-mysql"",""cpu"":""0.88%"",""mem"":""511.8MiB / 122.8GiB""}]"
2026-09-10T13:41:38Z,3,379,2,0,19,2668705459,"[{""name"":""lab-worker-1"",""cpu"":""5.38%"",""mem"":""114.2MiB / 122.8GiB""},{""name"":""lab-api"",""cpu"":""0.01%"",""mem"":""144.6MiB / 122.8GiB""},{""name"":""lab-allegro-stub"",""cpu"":""3.95%"",""mem"":""21.05MiB / 122.8GiB""},{""name"":""lab-erli-stub"",""cpu"":""0.01%"",""mem"":""18.05MiB / 122.8GiB""},{""name"":""lab-eparagony-stub"",""cpu"":""0.00%"",""mem"":""20.37MiB / 122.8GiB""},{""name"":""lab-invoicing-stub"",""cpu"":""4.47%"",""mem"":""16.61MiB / 122.8GiB""},{""name"":""lab-shipping-stub"",""cpu"":""4.26%"",""mem"":""16.63MiB / 122.8GiB""},{""name"":""lab-eparagony-stub-tls"",""cpu"":""0.00%"",""mem"":""23.3MiB / 122.8GiB""},{""name"":""lab-erli-stub-tls"",""cpu"":""0.00%"",""mem"":""22.67MiB / 122.8GiB""},{""name"":""lab-wc-tls"",""cpu"":""0.00%"",""mem"":""29.51MiB / 122.8GiB""},{""name"":""lab-prestashop"",""cpu"":""7.59%"",""mem"":""177.6MiB / 122.8GiB""},{""name"":""lab-woocommerce"",""cpu"":""0.01%"",""mem"":""294.6MiB / 122.8GiB""},{""name"":""lab-redis"",""cpu"":""0.69%"",""mem"":""79.83MiB / 122.8GiB""},{""name"":""lab-postgres"",""cpu"":""2.36%"",""mem"":""241.8MiB / 122.8GiB""},{""name"":""lab-mysql"",""cpu"":""7.66%"",""mem"":""724.6MiB / 122.8GiB""},{""name"":""lab-woocommerce-mysql"",""cpu"":""0.88%"",""mem"":""511.8MiB / 122.8GiB""}]"
2026-09-10T13:41:41Z,3,379,2,0,19,2668705459,"[{""name"":""lab-worker-1"",""cpu"":""5.96%"",""mem"":""114.6MiB / 122.8GiB""},{""name"":""lab-api"",""cpu"":""0.00%"",""mem"":""144.6MiB / 122.8GiB""},{""name"":""lab-allegro-stub"",""cpu"":""0.00%"",""mem"":""21.03MiB / 122.8GiB""},{""name"":""lab-erli-stub"",""cpu"":""0.00%"",""mem"":""18.05MiB / 122.8GiB""},{""name"":""lab-eparagony-stub"",""cpu"":""0.00%"",""mem"":""20.36MiB / 122.8GiB""},{""name"":""lab-invoicing-stub"",""cpu"":""0.00%"",""mem"":""16.6MiB / 122.8GiB""},{""name"":""lab-shipping-stub"",""cpu"":""0.00%"",""mem"":""16.58MiB / 122.8GiB""},{""name"":""lab-eparagony-stub-tls"",""cpu"":""0.00%"",""mem"":""23.3MiB / 122.8GiB""},{""name"":""lab-erli-stub-tls"",""cpu"":""0.00%"",""mem"":""22.67MiB / 122.8GiB""},{""name"":""lab-wc-tls"",""cpu"":""0.00%"",""mem"":""29.51MiB / 122.8GiB""},{""name"":""lab-prestashop"",""cpu"":""12.51%"",""mem"":""171.6MiB / 122.8GiB""},{""name"":""lab-woocommerce"",""cpu"":""0.01%"",""mem"":""294.6MiB / 122.8GiB""},{""name"":""lab-redis"",""cpu"":""4.84%"",""mem"":""79.99MiB / 122.8GiB""},{""name"":""lab-postgres"",""cpu"":""1.40%"",""mem"":""241.8MiB / 122.8GiB""},{""name"":""lab-mysql"",""cpu"":""7.40%"",""mem"":""724.6MiB / 122.8GiB""},{""name"":""lab-woocommerce-mysql"",""cpu"":""0.90%"",""mem"":""511.8MiB / 122.8GiB""}]"
2026-09-10T13:41:41Z,3,379,2,0,19,2668705459,"[{""name"":""lab-worker-1"",""cpu"":""5.96%"",""mem"":""114.6MiB / 122.8GiB""},{""name"":""lab-api"",""cpu"":""0.00%"",""mem"":""144.6MiB / 122.8GiB""},{""name"":""lab-allegro-stub"",""cpu"":""0.00%"",""mem"":""21.03MiB / 122.8GiB""},{""name"":""lab-erli-stub"",""cpu"":""0.00%"",""mem"":""18.05MiB / 122.8GiB""},{""name"":""lab-eparagony-stub"",""cpu"":""0.00%"",""mem"":""20.36MiB / 122.8GiB""},{""name"":""lab-invoicing-stub"",""cpu"":""0.00%"",""mem"":""16.6MiB / 122.8GiB""},{""name"":""lab-shipping-stub"",""cpu"":""0.00%"",""mem"":""16.58MiB / 122.8GiB""},{""name"":""lab-eparagony-stub-tls"",""cpu"":""0.00%"",""mem"":""23.3MiB / 122.8GiB""},{""name"":""lab-erli-stub-tls"",""cpu"":""0.00%"",""mem"":""22.67MiB / 122.8GiB""},{""name"":""lab-wc-tls"",""cpu"":""0.00%"",""mem"":""29.51MiB / 122.8GiB""},{""name"":""lab-prestashop"",""cpu"":""12.51%"",""mem"":""171.6MiB / 122.8GiB""},{""name"":""lab-woocommerce"",""cpu"":""0.01%"",""mem"":""294.6MiB / 122.8GiB""},{""name"":""lab-redis"",""cpu"":""4.84%"",""mem"":""79.99MiB / 122.8GiB""},{""name"":""lab-postgres"",""cpu"":""1.40%"",""mem"":""241.8MiB / 122.8GiB""},{""name"":""lab-mysql"",""cpu"":""7.40%"",""mem"":""724.6MiB / 122.8GiB""},{""name"":""lab-woocommerce-mysql"",""cpu"":""0.90%"",""mem"":""511.8MiB / 122.8GiB""}]"
2026-09-10T13:41:44Z,3,380,3,0,19,2668705459,"[{""name"":""lab-worker-1"",""cpu"":""42.21%"",""mem"":""115.4MiB / 122.8GiB""},{""name"":""lab-api"",""cpu"":""0.00%"",""mem"":""144.6MiB / 122.8GiB""},{""name"":""lab-allegro-stub"",""cpu"":""0.00%"",""mem"":""21.03MiB / 122.8GiB""},{""name"":""lab-erli-stub"",""cpu"":""0.00%"",""mem"":""18.05MiB / 122.8GiB""},{""name"":""lab-eparagony-stub"",""cpu"":""0.00%"",""mem"":""20.37MiB / 122.8GiB""},{""name"":""lab-invoicing-stub"",""cpu"":""0.00%"",""mem"":""16.6MiB / 122.8GiB""},{""name"":""lab-shipping-stub"",""cpu"":""0.00%"",""mem"":""16.58MiB / 122.8GiB""},{""name"":""lab-eparagony-stub-tls"",""cpu"":""0.00%"",""mem"":""23.3MiB / 122.8GiB""},{""name"":""lab-erli-stub-tls"",""cpu"":""0.00%"",""mem"":""22.67MiB / 122.8GiB""},{""name"":""lab-wc-tls"",""cpu"":""0.00%"",""mem"":""29.51MiB / 122.8GiB""},{""name"":""lab-prestashop"",""cpu"":""12.56%"",""mem"":""171.6MiB / 122.8GiB""},{""name"":""lab-woocommerce"",""cpu"":""0.01%"",""mem"":""294.6MiB / 122.8GiB""},{""name"":""lab-redis"",""cpu"":""2.97%"",""mem"":""79.89MiB / 122.8GiB""},{""name"":""lab-postgres"",""cpu"":""19.10%"",""mem"":""241.8MiB / 122.8GiB""},{""name"":""lab-mysql"",""cpu"":""18.61%"",""mem"":""724.4MiB / 122.8GiB""},{""name"":""lab-woocommerce-mysql"",""cpu"":""0.85%"",""mem"":""511.8MiB / 122.8GiB""}]"
2026-09-10T13:41:44Z,3,380,3,0,19,2668705459,"[{""name"":""lab-worker-1"",""cpu"":""42.21%"",""mem"":""115.4MiB / 122.8GiB""},{""name"":""lab-api"",""cpu"":""0.00%"",""mem"":""144.6MiB / 122.8GiB""},{""name"":""lab-allegro-stub"",""cpu"":""0.00%"",""mem"":""21.03MiB / 122.8GiB""},{""name"":""lab-erli-stub"",""cpu"":""0.00%"",""mem"":""18.05MiB / 122.8GiB""},{""name"":""lab-eparagony-stub"",""cpu"":""0.00%"",""mem"":""20.37MiB / 122.8GiB""},{""name"":""lab-invoicing-stub"",""cpu"":""0.00%"",""mem"":""16.6MiB / 122.8GiB""},{""name"":""lab-shipping-stub"",""cpu"":""0.00%"",""mem"":""16.58MiB / 122.8GiB""},{""name"":""lab-eparagony-stub-tls"",""cpu"":""0.00%"",""mem"":""23.3MiB / 122.8GiB""},{""name"":""lab-erli-stub-tls"",""cpu"":""0.00%"",""mem"":""22.67MiB / 122.8GiB""},{""name"":""lab-wc-tls"",""cpu"":""0.00%"",""mem"":""29.51MiB / 122.8GiB""},{""name"":""lab-prestashop"",""cpu"":""12.56%"",""mem"":""171.6MiB / 122.8GiB""},{""name"":""lab-woocommerce"",""cpu"":""0.01%"",""mem"":""294.6MiB / 122.8GiB""},{""name"":""lab-redis"",""cpu"":""2.97%"",""mem"":""79.89MiB / 122.8GiB""},{""name"":""lab-postgres"",""cpu"":""19.10%"",""mem"":""241.8MiB / 122.8GiB""},{""name"":""lab-mysql"",""cpu"":""18.61%"",""mem"":""724.4MiB / 122.8GiB""},{""name"":""lab-woocommerce-mysql"",""cpu"":""0.85%"",""mem"":""511.8MiB / 122.8GiB""}]"
2026-09-10T13:41:47Z,3,479,2,0,20,2668705459,"[{""name"":""lab-worker-1"",""cpu"":""5.34%"",""mem"":""115.7MiB / 122.8GiB""},{""name"":""lab-api"",""cpu"":""0.00%"",""mem"":""144.6MiB / 122.8GiB""},{""name"":""lab-allegro-stub"",""cpu"":""0.00%"",""mem"":""21.03MiB / 122.8GiB""},{""name"":""lab-erli-stub"",""cpu"":""3.97%"",""mem"":""18.06MiB / 122.8GiB""},{""name"":""lab-eparagony-stub"",""cpu"":""4.49%"",""mem"":""20.37MiB / 122.8GiB""},{""name"":""lab-invoicing-stub"",""cpu"":""0.00%"",""mem"":""16.6MiB / 122.8GiB""},{""name"":""lab-shipping-stub"",""cpu"":""0.00%"",""mem"":""16.58MiB / 122.8GiB""},{""name"":""lab-eparagony-stub-tls"",""cpu"":""0.00%"",""mem"":""23.3MiB / 122.8GiB""},{""name"":""lab-erli-stub-tls"",""cpu"":""0.00%"",""mem"":""22.67MiB / 122.8GiB""},{""name"":""lab-wc-tls"",""cpu"":""0.00%"",""mem"":""29.51MiB / 122.8GiB""},{""name"":""lab-prestashop"",""cpu"":""8.04%"",""mem"":""171.6MiB / 122.8GiB""},{""name"":""lab-woocommerce"",""cpu"":""0.01%"",""mem"":""294.6MiB / 122.8GiB""},{""name"":""lab-redis"",""cpu"":""0.73%"",""mem"":""79.89MiB / 122.8GiB""},{""name"":""lab-postgres"",""cpu"":""1.54%"",""mem"":""242MiB / 122.8GiB""},{""name"":""lab-mysql"",""cpu"":""8.04%"",""mem"":""724.4MiB / 122.8GiB""},{""name"":""lab-woocommerce-mysql"",""cpu"":""5.47%"",""mem"":""511.8MiB / 122.8GiB""}]"
2026-09-10T13:41:47Z,3,479,2,0,20,2668705459,"[{""name"":""lab-worker-1"",""cpu"":""5.34%"",""mem"":""115.7MiB / 122.8GiB""},{""name"":""lab-api"",""cpu"":""0.00%"",""mem"":""144.6MiB / 122.8GiB""},{""name"":""lab-allegro-stub"",""cpu"":""0.00%"",""mem"":""21.03MiB / 122.8GiB""},{""name"":""lab-erli-stub"",""cpu"":""3.97%"",""mem"":""18.06MiB / 122.8GiB""},{""name"":""lab-eparagony-stub"",""cpu"":""4.49%"",""mem"":""20.37MiB / 122.8GiB""},{""name"":""lab-invoicing-stub"",""cpu"":""0.00%"",""mem"":""16.6MiB / 122.8GiB""},{""name"":""lab-shipping-stub"",""cpu"":""0.00%"",""mem"":""16.58MiB / 122.8GiB""},{""name"":""lab-eparagony-stub-tls"",""cpu"":""0.00%"",""mem"":""23.3MiB / 122.8GiB""},{""name"":""lab-erli-stub-tls"",""cpu"":""0.00%"",""mem"":""22.67MiB / 122.8GiB""},{""name"":""lab-wc-tls"",""cpu"":""0.00%"",""mem"":""29.51MiB / 122.8GiB""},{""name"":""lab-prestashop"",""cpu"":""8.04%"",""mem"":""171.6MiB / 122.8GiB""},{""name"":""lab-woocommerce"",""cpu"":""0.01%"",""mem"":""294.6MiB / 122.8GiB""},{""name"":""lab-redis"",""cpu"":""0.73%"",""mem"":""79.89MiB / 122.8GiB""},{""name"":""lab-postgres"",""cpu"":""1.54%"",""mem"":""242MiB / 122.8GiB""},{""name"":""lab-mysql"",""cpu"":""8.04%"",""mem"":""724.4MiB / 122.8GiB""},{""name"":""lab-woocommerce-mysql"",""cpu"":""5.47%"",""mem"":""511.8MiB / 122.8GiB""}]"
2026-09-10T13:41:50Z,3,479,2,0,19,2668705459,"[{""name"":""lab-worker-1"",""cpu"":""7.52%"",""mem"":""115.5MiB / 122.8GiB""},{""name"":""lab-api"",""cpu"":""0.01%"",""mem"":""144.6MiB / 122.8GiB""},{""name"":""lab-allegro-stub"",""cpu"":""0.00%"",""mem"":""21.03MiB / 122.8GiB""},{""name"":""lab-erli-stub"",""cpu"":""0.00%"",""mem"":""18.05MiB / 122.8GiB""},{""name"":""lab-eparagony-stub"",""cpu"":""0.00%"",""mem"":""20.37MiB / 122.8GiB""},{""name"":""lab-invoicing-stub"",""cpu"":""0.00%"",""mem"":""16.6MiB / 122.8GiB""},{""name"":""lab-shipping-stub"",""cpu"":""0.00%"",""mem"":""16.58MiB / 122.8GiB""},{""name"":""lab-eparagony-stub-tls"",""cpu"":""0.00%"",""mem"":""23.3MiB / 122.8GiB""},{""name"":""lab-erli-stub-tls"",""cpu"":""0.00%"",""mem"":""22.67MiB / 122.8GiB""},{""name"":""lab-wc-tls"",""cpu"":""0.00%"",""mem"":""29.51MiB / 122.8GiB""},{""name"":""lab-prestashop"",""cpu"":""7.78%"",""mem"":""171.6MiB / 122.8GiB""},{""name"":""lab-woocommerce"",""cpu"":""0.01%"",""mem"":""294.6MiB / 122.8GiB""},{""name"":""lab-redis"",""cpu"":""0.78%"",""mem"":""79.89MiB / 122.8GiB""},{""name"":""lab-postgres"",""cpu"":""2.48%"",""mem"":""242.3MiB / 122.8GiB""},{""name"":""lab-mysql"",""cpu"":""7.71%"",""mem"":""724.4MiB / 122.8GiB""},{""name"":""lab-woocommerce-mysql"",""cpu"":""0.88%"",""mem"":""511.8MiB / 122.8GiB""}]"
2026-09-10T13:41:50Z,3,479,2,0,19,2668705459,"[{""name"":""lab-worker-1"",""cpu"":""7.52%"",""mem"":""115.5MiB / 122.8GiB""},{""name"":""lab-api"",""cpu"":""0.01%"",""mem"":""144.6MiB / 122.8GiB""},{""name"":""lab-allegro-stub"",""cpu"":""0.00%"",""mem"":""21.03MiB / 122.8GiB""},{""name"":""lab-erli-stub"",""cpu"":""0.00%"",""mem"":""18.05MiB / 122.8GiB""},{""name"":""lab-eparagony-stub"",""cpu"":""0.00%"",""mem"":""20.37MiB / 122.8GiB""},{""name"":""lab-invoicing-stub"",""cpu"":""0.00%"",""mem"":""16.6MiB / 122.8GiB""},{""name"":""lab-shipping-stub"",""cpu"":""0.00%"",""mem"":""16.58MiB / 122.8GiB""},{""name"":""lab-eparagony-stub-tls"",""cpu"":""0.00%"",""mem"":""23.3MiB / 122.8GiB""},{""name"":""lab-erli-stub-tls"",""cpu"":""0.00%"",""mem"":""22.67MiB / 122.8GiB""},{""name"":""lab-wc-tls"",""cpu"":""0.00%"",""mem"":""29.51MiB / 122.8GiB""},{""name"":""lab-prestashop"",""cpu"":""7.78%"",""mem"":""171.6MiB / 122.8GiB""},{""name"":""lab-woocommerce"",""cpu"":""0.01%"",""mem"":""294.6MiB / 122.8GiB""},{""name"":""lab-redis"",""cpu"":""0.78%"",""mem"":""79.89MiB / 122.8GiB""},{""name"":""lab-postgres"",""cpu"":""2.48%"",""mem"":""242.3MiB / 122.8GiB""},{""name"":""lab-mysql"",""cpu"":""7.71%"",""mem"":""724.4MiB / 122.8GiB""},{""name"":""lab-woocommerce-mysql"",""cpu"":""0.88%"",""mem"":""511.8MiB / 122.8GiB""}]"
2026-09-10T13:41:53Z,3,478,3,0,19,2668705459,"[{""name"":""lab-worker-1"",""cpu"":""20.43%"",""mem"":""115.6MiB / 122.8GiB""},{""name"":""lab-api"",""cpu"":""0.00%"",""mem"":""144.6MiB / 122.8GiB""},{""name"":""lab-allegro-stub"",""cpu"":""4.40%"",""mem"":""21.03MiB / 122.8GiB""},{""name"":""lab-erli-stub"",""cpu"":""0.01%"",""mem"":""18.05MiB / 122.8GiB""},{""name"":""lab-eparagony-stub"",""cpu"":""0.00%"",""mem"":""20.37MiB / 122.8GiB""},{""name"":""lab-invoicing-stub"",""cpu"":""3.87%"",""mem"":""16.6MiB / 122.8GiB""},{""name"":""lab-shipping-stub"",""cpu"":""4.10%"",""mem"":""16.58MiB / 122.8GiB""},{""name"":""lab-eparagony-stub-tls"",""cpu"":""0.00%"",""mem"":""23.3MiB / 122.8GiB""},{""name"":""lab-erli-stub-tls"",""cpu"":""0.00%"",""mem"":""22.67MiB / 122.8GiB""},{""name"":""lab-wc-tls"",""cpu"":""0.00%"",""mem"":""29.51MiB / 122.8GiB""},{""name"":""lab-prestashop"",""cpu"":""12.98%"",""mem"":""171.6MiB / 122.8GiB""},{""name"":""lab-woocommerce"",""cpu"":""0.00%"",""mem"":""294.6MiB / 122.8GiB""},{""name"":""lab-redis"",""cpu"":""2.45%"",""mem"":""79.95MiB / 122.8GiB""},{""name"":""lab-postgres"",""cpu"":""12.35%"",""mem"":""242MiB / 122.8GiB""},{""name"":""lab-mysql"",""cpu"":""15.06%"",""mem"":""724.4MiB / 122.8GiB""},{""name"":""lab-woocommerce-mysql"",""cpu"":""0.83%"",""mem"":""511.8MiB / 122.8GiB""}]"
2026-09-10T13:41:53Z,3,479,3,0,19,2668705459,"[{""name"":""lab-worker-1"",""cpu"":""20.43%"",""mem"":""115.6MiB / 122.8GiB""},{""name"":""lab-api"",""cpu"":""0.00%"",""mem"":""144.6MiB / 122.8GiB""},{""name"":""lab-allegro-stub"",""cpu"":""4.40%"",""mem"":""21.03MiB / 122.8GiB""},{""name"":""lab-erli-stub"",""cpu"":""0.01%"",""mem"":""18.05MiB / 122.8GiB""},{""name"":""lab-eparagony-stub"",""cpu"":""0.00%"",""mem"":""20.37MiB / 122.8GiB""},{""name"":""lab-invoicing-stub"",""cpu"":""3.87%"",""mem"":""16.6MiB / 122.8GiB""},{""name"":""lab-shipping-stub"",""cpu"":""4.10%"",""mem"":""16.58MiB / 122.8GiB""},{""name"":""lab-eparagony-stub-tls"",""cpu"":""0.00%"",""mem"":""23.3MiB / 122.8GiB""},{""name"":""lab-erli-stub-tls"",""cpu"":""0.00%"",""mem"":""22.67MiB / 122.8GiB""},{""name"":""lab-wc-tls"",""cpu"":""0.00%"",""mem"":""29.51MiB / 122.8GiB""},{""name"":""lab-prestashop"",""cpu"":""12.98%"",""mem"":""171.6MiB / 122.8GiB""},{""name"":""lab-woocommerce"",""cpu"":""0.00%"",""mem"":""294.6MiB / 122.8GiB""},{""name"":""lab-redis"",""cpu"":""2.45%"",""mem"":""79.95MiB / 122.8GiB""},{""name"":""lab-postgres"",""cpu"":""12.35%"",""mem"":""242MiB / 122.8GiB""},{""name"":""lab-mysql"",""cpu"":""15.06%"",""mem"":""724.4MiB / 122.8GiB""},{""name"":""lab-woocommerce-mysql"",""cpu"":""0.83%"",""mem"":""511.8MiB / 122.8GiB""}]"
2026-09-10T13:41:57Z,3,578,2,0,20,2668705459,"[{""name"":""lab-worker-1"",""cpu"":""5.74%"",""mem"":""115.4MiB / 122.8GiB""},{""name"":""lab-api"",""cpu"":""0.00%"",""mem"":""144.6MiB / 122.8GiB""},{""name"":""lab-allegro-stub"",""cpu"":""0.01%"",""mem"":""21.03MiB / 122.8GiB""},{""name"":""lab-erli-stub"",""cpu"":""0.00%"",""mem"":""18.05MiB / 122.8GiB""},{""name"":""lab-eparagony-stub"",""cpu"":""4.17%"",""mem"":""20.49MiB / 122.8GiB""},{""name"":""lab-invoicing-stub"",""cpu"":""0.01%"",""mem"":""16.6MiB / 122.8GiB""},{""name"":""lab-shipping-stub"",""cpu"":""0.01%"",""mem"":""16.58MiB / 122.8GiB""},{""name"":""lab-eparagony-stub-tls"",""cpu"":""0.00%"",""mem"":""23.3MiB / 122.8GiB""},{""name"":""lab-erli-stub-tls"",""cpu"":""0.00%"",""mem"":""22.67MiB / 122.8GiB""},{""name"":""lab-wc-tls"",""cpu"":""0.00%"",""mem"":""29.51MiB / 122.8GiB""},{""name"":""lab-prestashop"",""cpu"":""7.60%"",""mem"":""171.6MiB / 122.8GiB""},{""name"":""lab-woocommerce"",""cpu"":""0.01%"",""mem"":""294.6MiB / 122.8GiB""},{""name"":""lab-redis"",""cpu"":""0.72%"",""mem"":""79.94MiB / 122.8GiB""},{""name"":""lab-postgres"",""cpu"":""3.19%"",""mem"":""241.8MiB / 122.8GiB""},{""name"":""lab-mysql"",""cpu"":""7.92%"",""mem"":""724.4MiB / 122.8GiB""},{""name"":""lab-woocommerce-mysql"",""cpu"":""5.03%"",""mem"":""513.5MiB / 122.8GiB""}]"
2026-09-10T13:41:57Z,3,578,2,0,20,2668705459,"[{""name"":""lab-worker-1"",""cpu"":""5.74%"",""mem"":""115.4MiB / 122.8GiB""},{""name"":""lab-api"",""cpu"":""0.00%"",""mem"":""144.6MiB / 122.8GiB""},{""name"":""lab-allegro-stub"",""cpu"":""0.01%"",""mem"":""21.03MiB / 122.8GiB""},{""name"":""lab-erli-stub"",""cpu"":""0.00%"",""mem"":""18.05MiB / 122.8GiB""},{""name"":""lab-eparagony-stub"",""cpu"":""4.17%"",""mem"":""20.49MiB / 122.8GiB""},{""name"":""lab-invoicing-stub"",""cpu"":""0.01%"",""mem"":""16.6MiB / 122.8GiB""},{""name"":""lab-shipping-stub"",""cpu"":""0.01%"",""mem"":""16.58MiB / 122.8GiB""},{""name"":""lab-eparagony-stub-tls"",""cpu"":""0.00%"",""mem"":""23.3MiB / 122.8GiB""},{""name"":""lab-erli-stub-tls"",""cpu"":""0.00%"",""mem"":""22.67MiB / 122.8GiB""},{""name"":""lab-wc-tls"",""cpu"":""0.00%"",""mem"":""29.51MiB / 122.8GiB""},{""name"":""lab-prestashop"",""cpu"":""7.60%"",""mem"":""171.6MiB / 122.8GiB""},{""name"":""lab-woocommerce"",""cpu"":""0.01%"",""mem"":""294.6MiB / 122.8GiB""},{""name"":""lab-redis"",""cpu"":""0.72%"",""mem"":""79.94MiB / 122.8GiB""},{""name"":""lab-postgres"",""cpu"":""3.19%"",""mem"":""241.8MiB / 122.8GiB""},{""name"":""lab-mysql"",""cpu"":""7.92%"",""mem"":""724.4MiB / 122.8GiB""},{""name"":""lab-woocommerce-mysql"",""cpu"":""5.03%"",""mem"":""513.5MiB / 122.8GiB""}]"
2026-09-10T13:42:00Z,4,578,2,0,19,2668705459,"[{""name"":""lab-worker-1"",""cpu"":""4.40%"",""mem"":""115.3MiB / 122.8GiB""},{""name"":""lab-api"",""cpu"":""0.00%"",""mem"":""144.6MiB / 122.8GiB""},{""name"":""lab-allegro-stub"",""cpu"":""0.00%"",""mem"":""21.03MiB / 122.8GiB""},{""name"":""lab-erli-stub"",""cpu"":""0.00%"",""mem"":""18.05MiB / 122.8GiB""},{""name"":""lab-eparagony-stub"",""cpu"":""0.00%"",""mem"":""20.36MiB / 122.8GiB""},{""name"":""lab-invoicing-stub"",""cpu"":""0.00%"",""mem"":""16.6MiB / 122.8GiB""},{""name"":""lab-shipping-stub"",""cpu"":""0.00%"",""mem"":""16.58MiB / 122.8GiB""},{""name"":""lab-eparagony-stub-tls"",""cpu"":""0.00%"",""mem"":""23.3MiB / 122.8GiB""},{""name"":""lab-erli-stub-tls"",""cpu"":""0.00%"",""mem"":""22.67MiB / 122.8GiB""},{""name"":""lab-wc-tls"",""cpu"":""0.00%"",""mem"":""29.51MiB / 122.8GiB""},{""name"":""lab-prestashop"",""cpu"":""6.70%"",""mem"":""171.6MiB / 122.8GiB""},{""name"":""lab-woocommerce"",""cpu"":""0.01%"",""mem"":""294.6MiB / 122.8GiB""},{""name"":""lab-redis"",""cpu"":""0.59%"",""mem"":""80.2MiB / 122.8GiB""},{""name"":""lab-postgres"",""cpu"":""3.32%"",""mem"":""241.8MiB / 122.8GiB""},{""name"":""lab-mysql"",""cpu"":""6.27%"",""mem"":""724.6MiB / 122.8GiB""},{""name"":""lab-woocommerce-mysql"",""cpu"":""0.96%"",""mem"":""511.8MiB / 122.8GiB""}]"
2026-09-10T13:42:00Z,4,578,2,0,19,2668705459,"[{""name"":""lab-worker-1"",""cpu"":""4.40%"",""mem"":""115.3MiB / 122.8GiB""},{""name"":""lab-api"",""cpu"":""0.00%"",""mem"":""144.6MiB / 122.8GiB""},{""name"":""lab-allegro-stub"",""cpu"":""0.00%"",""mem"":""21.03MiB / 122.8GiB""},{""name"":""lab-erli-stub"",""cpu"":""0.00%"",""mem"":""18.05MiB / 122.8GiB""},{""name"":""lab-eparagony-stub"",""cpu"":""0.00%"",""mem"":""20.36MiB / 122.8GiB""},{""name"":""lab-invoicing-stub"",""cpu"":""0.00%"",""mem"":""16.6MiB / 122.8GiB""},{""name"":""lab-shipping-stub"",""cpu"":""0.00%"",""mem"":""16.58MiB / 122.8GiB""},{""name"":""lab-eparagony-stub-tls"",""cpu"":""0.00%"",""mem"":""23.3MiB / 122.8GiB""},{""name"":""lab-erli-stub-tls"",""cpu"":""0.00%"",""mem"":""22.67MiB / 122.8GiB""},{""name"":""lab-wc-tls"",""cpu"":""0.00%"",""mem"":""29.51MiB / 122.8GiB""},{""name"":""lab-prestashop"",""cpu"":""6.70%"",""mem"":""171.6MiB / 122.8GiB""},{""name"":""lab-woocommerce"",""cpu"":""0.01%"",""mem"":""294.6MiB / 122.8GiB""},{""name"":""lab-redis"",""cpu"":""0.59%"",""mem"":""80.2MiB / 122.8GiB""},{""name"":""lab-postgres"",""cpu"":""3.32%"",""mem"":""241.8MiB / 122.8GiB""},{""name"":""lab-mysql"",""cpu"":""6.27%"",""mem"":""724.6MiB / 122.8GiB""},{""name"":""lab-woocommerce-mysql"",""cpu"":""0.96%"",""mem"":""511.8MiB / 122.8GiB""}]"
2026-09-10T13:42:03Z,3,579,2,0,19,2668705459,"[{""name"":""lab-worker-1"",""cpu"":""3.49%"",""mem"":""115.3MiB / 122.8GiB""},{""name"":""lab-api"",""cpu"":""0.00%"",""mem"":""144.6MiB / 122.8GiB""},{""name"":""lab-allegro-stub"",""cpu"":""3.49%"",""mem"":""21.04MiB / 122.8GiB""},{""name"":""lab-erli-stub"",""cpu"":""4.08%"",""mem"":""18.08MiB / 122.8GiB""},{""name"":""lab-eparagony-stub"",""cpu"":""0.01%"",""mem"":""20.37MiB / 122.8GiB""},{""name"":""lab-invoicing-stub"",""cpu"":""3.98%"",""mem"":""16.65MiB / 122.8GiB""},{""name"":""lab-shipping-stub"",""cpu"":""3.94%"",""mem"":""16.58MiB / 122.8GiB""},{""name"":""lab-eparagony-stub-tls"",""cpu"":""0.00%"",""mem"":""23.3MiB / 122.8GiB""},{""name"":""lab-erli-stub-tls"",""cpu"":""0.00%"",""mem"":""22.67MiB / 122.8GiB""},{""name"":""lab-wc-tls"",""cpu"":""0.00%"",""mem"":""29.51MiB / 122.8GiB""},{""name"":""lab-prestashop"",""cpu"":""8.03%"",""mem"":""171.6MiB / 122.8GiB""},{""name"":""lab-woocommerce"",""cpu"":""0.00%"",""mem"":""294.6MiB / 122.8GiB""},{""name"":""lab-redis"",""cpu"":""0.79%"",""mem"":""79.95MiB / 122.8GiB""},{""name"":""lab-postgres"",""cpu"":""0.58%"",""mem"":""241.8MiB / 122.8GiB""},{""name"":""lab-mysql"",""cpu"":""8.27%"",""mem"":""724.4MiB / 122.8GiB""},{""name"":""lab-woocommerce-mysql"",""cpu"":""0.88%"",""mem"":""511.8MiB / 122.8GiB""}]"
2026-09-10T13:42:03Z,3,579,2,0,19,2668705459,"[{""name"":""lab-worker-1"",""cpu"":""3.49%"",""mem"":""115.3MiB / 122.8GiB""},{""name"":""lab-api"",""cpu"":""0.00%"",""mem"":""144.6MiB / 122.8GiB""},{""name"":""lab-allegro-stub"",""cpu"":""3.49%"",""mem"":""21.04MiB / 122.8GiB""},{""name"":""lab-erli-stub"",""cpu"":""4.08%"",""mem"":""18.08MiB / 122.8GiB""},{""name"":""lab-eparagony-stub"",""cpu"":""0.01%"",""mem"":""20.37MiB / 122.8GiB""},{""name"":""lab-invoicing-stub"",""cpu"":""3.98%"",""mem"":""16.65MiB / 122.8GiB""},{""name"":""lab-shipping-stub"",""cpu"":""3.94%"",""mem"":""16.58MiB / 122.8GiB""},{""name"":""lab-eparagony-stub-tls"",""cpu"":""0.00%"",""mem"":""23.3MiB / 122.8GiB""},{""name"":""lab-erli-stub-tls"",""cpu"":""0.00%"",""mem"":""22.67MiB / 122.8GiB""},{""name"":""lab-wc-tls"",""cpu"":""0.00%"",""mem"":""29.51MiB / 122.8GiB""},{""name"":""lab-prestashop"",""cpu"":""8.03%"",""mem"":""171.6MiB / 122.8GiB""},{""name"":""lab-woocommerce"",""cpu"":""0.00%"",""mem"":""294.6MiB / 122.8GiB""},{""name"":""lab-redis"",""cpu"":""0.79%"",""mem"":""79.95MiB / 122.8GiB""},{""name"":""lab-postgres"",""cpu"":""0.58%"",""mem"":""241.8MiB / 122.8GiB""},{""name"":""lab-mysql"",""cpu"":""8.27%"",""mem"":""724.4MiB / 122.8GiB""},{""name"":""lab-woocommerce-mysql"",""cpu"":""0.88%"",""mem"":""511.8MiB / 122.8GiB""}]"
2026-09-10T13:42:06Z,3,679,0,0,20,2668705459,"[{""name"":""lab-worker-1"",""cpu"":""3.72%"",""mem"":""124.3MiB / 122.8GiB""},{""name"":""lab-api"",""cpu"":""0.00%"",""mem"":""144.6MiB / 122.8GiB""},{""name"":""lab-allegro-stub"",""cpu"":""0.00%"",""mem"":""21.03MiB / 122.8GiB""},{""name"":""lab-erli-stub"",""cpu"":""0.00%"",""mem"":""18.05MiB / 122.8GiB""},{""name"":""lab-eparagony-stub"",""cpu"":""0.00%"",""mem"":""20.36MiB / 122.8GiB""},{""name"":""lab-invoicing-stub"",""cpu"":""0.00%"",""mem"":""16.6MiB / 122.8GiB""},{""name"":""lab-shipping-stub"",""cpu"":""0.00%"",""mem"":""16.58MiB / 122.8GiB""},{""name"":""lab-eparagony-stub-tls"",""cpu"":""0.00%"",""mem"":""23.3MiB / 122.8GiB""},{""name"":""lab-erli-stub-tls"",""cpu"":""0.00%"",""mem"":""22.67MiB / 122.8GiB""},{""name"":""lab-wc-tls"",""cpu"":""0.00%"",""mem"":""29.51MiB / 122.8GiB""},{""name"":""lab-prestashop"",""cpu"":""8.33%"",""mem"":""163.5MiB / 122.8GiB""},{""name"":""lab-woocommerce"",""cpu"":""0.00%"",""mem"":""294.6MiB / 122.8GiB""},{""name"":""lab-redis"",""cpu"":""0.73%"",""mem"":""80MiB / 122.8GiB""},{""name"":""lab-postgres"",""cpu"":""0.61%"",""mem"":""241.8MiB / 122.8GiB""},{""name"":""lab-mysql"",""cpu"":""8.48%"",""mem"":""724.4MiB / 122.8GiB""},{""name"":""lab-woocommerce-mysql"",""cpu"":""1.01%"",""mem"":""511.8MiB / 122.8GiB""}]"
2026-09-10T13:42:06Z,3,679,0,0,20,2668705459,"[{""name"":""lab-worker-1"",""cpu"":""3.72%"",""mem"":""124.3MiB / 122.8GiB""},{""name"":""lab-api"",""cpu"":""0.00%"",""mem"":""144.6MiB / 122.8GiB""},{""name"":""lab-allegro-stub"",""cpu"":""0.00%"",""mem"":""21.03MiB / 122.8GiB""},{""name"":""lab-erli-stub"",""cpu"":""0.00%"",""mem"":""18.05MiB / 122.8GiB""},{""name"":""lab-eparagony-stub"",""cpu"":""0.00%"",""mem"":""20.36MiB / 122.8GiB""},{""name"":""lab-invoicing-stub"",""cpu"":""0.00%"",""mem"":""16.6MiB / 122.8GiB""},{""name"":""lab-shipping-stub"",""cpu"":""0.00%"",""mem"":""16.58MiB / 122.8GiB""},{""name"":""lab-eparagony-stub-tls"",""cpu"":""0.00%"",""mem"":""23.3MiB / 122.8GiB""},{""name"":""lab-erli-stub-tls"",""cpu"":""0.00%"",""mem"":""22.67MiB / 122.8GiB""},{""name"":""lab-wc-tls"",""cpu"":""0.00%"",""mem"":""29.51MiB / 122.8GiB""},{""name"":""lab-prestashop"",""cpu"":""8.33%"",""mem"":""163.5MiB / 122.8GiB""},{""name"":""lab-woocommerce"",""cpu"":""0.00%"",""mem"":""294.6MiB / 122.8GiB""},{""name"":""lab-redis"",""cpu"":""0.73%"",""mem"":""80MiB / 122.8GiB""},{""name"":""lab-postgres"",""cpu"":""0.61%"",""mem"":""241.8MiB / 122.8GiB""},{""name"":""lab-mysql"",""cpu"":""8.48%"",""mem"":""724.4MiB / 122.8GiB""},{""name"":""lab-woocommerce-mysql"",""cpu"":""1.01%"",""mem"":""511.8MiB / 122.8GiB""}]"
2026-09-10T13:42:09Z,3,680,1,0,20,2668713651,"[{""name"":""lab-worker-1"",""cpu"":""3.91%"",""mem"":""128.5MiB / 122.8GiB""},{""name"":""lab-api"",""cpu"":""0.00%"",""mem"":""144.6MiB / 122.8GiB""},{""name"":""lab-allegro-stub"",""cpu"":""0.01%"",""mem"":""21.04MiB / 122.8GiB""},{""name"":""lab-erli-stub"",""cpu"":""0.00%"",""mem"":""18.05MiB / 122.8GiB""},{""name"":""lab-eparagony-stub"",""cpu"":""0.00%"",""mem"":""20.37MiB / 122.8GiB""},{""name"":""lab-invoicing-stub"",""cpu"":""0.01%"",""mem"":""16.6MiB / 122.8GiB""},{""name"":""lab-shipping-stub"",""cpu"":""0.01%"",""mem"":""16.6MiB / 122.8GiB""},{""name"":""lab-eparagony-stub-tls"",""cpu"":""0.00%"",""mem"":""23.3MiB / 122.8GiB""},{""name"":""lab-erli-stub-tls"",""cpu"":""0.00%"",""mem"":""22.67MiB / 122.8GiB""},{""name"":""lab-wc-tls"",""cpu"":""0.00%"",""mem"":""29.51MiB / 122.8GiB""},{""name"":""lab-prestashop"",""cpu"":""8.92%"",""mem"":""163.6MiB / 122.8GiB""},{""name"":""lab-woocommerce"",""cpu"":""0.01%"",""mem"":""294.6MiB / 122.8GiB""},{""name"":""lab-redis"",""cpu"":""0.83%"",""mem"":""80MiB / 122.8GiB""},{""name"":""lab-postgres"",""cpu"":""0.61%"",""mem"":""241.8MiB / 122.8GiB""},{""name"":""lab-mysql"",""cpu"":""9.87%"",""mem"":""724.6MiB / 122.8GiB""},{""name"":""lab-woocommerce-mysql"",""cpu"":""1.04%"",""mem"":""511.8MiB / 122.8GiB""}]"
2026-09-10T13:42:09Z,3,680,1,0,20,2668713651,"[{""name"":""lab-worker-1"",""cpu"":""3.91%"",""mem"":""128.5MiB / 122.8GiB""},{""name"":""lab-api"",""cpu"":""0.00%"",""mem"":""144.6MiB / 122.8GiB""},{""name"":""lab-allegro-stub"",""cpu"":""0.01%"",""mem"":""21.04MiB / 122.8GiB""},{""name"":""lab-erli-stub"",""cpu"":""0.00%"",""mem"":""18.05MiB / 122.8GiB""},{""name"":""lab-eparagony-stub"",""cpu"":""0.00%"",""mem"":""20.37MiB / 122.8GiB""},{""name"":""lab-invoicing-stub"",""cpu"":""0.01%"",""mem"":""16.6MiB / 122.8GiB""},{""name"":""lab-shipping-stub"",""cpu"":""0.01%"",""mem"":""16.6MiB / 122.8GiB""},{""name"":""lab-eparagony-stub-tls"",""cpu"":""0.00%"",""mem"":""23.3MiB / 122.8GiB""},{""name"":""lab-erli-stub-tls"",""cpu"":""0.00%"",""mem"":""22.67MiB / 122.8GiB""},{""name"":""lab-wc-tls"",""cpu"":""0.00%"",""mem"":""29.51MiB / 122.8GiB""},{""name"":""lab-prestashop"",""cpu"":""8.92%"",""mem"":""163.6MiB / 122.8GiB""},{""name"":""lab-woocommerce"",""cpu"":""0.01%"",""mem"":""294.6MiB / 122.8GiB""},{""name"":""lab-redis"",""cpu"":""0.83%"",""mem"":""80MiB / 122.8GiB""},{""name"":""lab-postgres"",""cpu"":""0.61%"",""mem"":""241.8MiB / 122.8GiB""},{""name"":""lab-mysql"",""cpu"":""9.87%"",""mem"":""724.6MiB / 122.8GiB""},{""name"":""lab-woocommerce-mysql"",""cpu"":""1.04%"",""mem"":""511.8MiB / 122.8GiB""}]"
2026-09-10T13:42:12Z,3,680,0,0,20,2668713651,"[{""name"":""lab-worker-1"",""cpu"":""6.03%"",""mem"":""128.6MiB / 122.8GiB""},{""name"":""lab-api"",""cpu"":""0.87%"",""mem"":""144.7MiB / 122.8GiB""},{""name"":""lab-allegro-stub"",""cpu"":""0.00%"",""mem"":""21.03MiB / 122.8GiB""},{""name"":""lab-erli-stub"",""cpu"":""2.22%"",""mem"":""25.75MiB / 122.8GiB""},{""name"":""lab-eparagony-stub"",""cpu"":""4.28%"",""mem"":""20.41MiB / 122.8GiB""},{""name"":""lab-invoicing-stub"",""cpu"":""0.00%"",""mem"":""16.6MiB / 122.8GiB""},{""name"":""lab-shipping-stub"",""cpu"":""0.00%"",""mem"":""16.58MiB / 122.8GiB""},{""name"":""lab-eparagony-stub-tls"",""cpu"":""0.00%"",""mem"":""23.3MiB / 122.8GiB""},{""name"":""lab-erli-stub-tls"",""cpu"":""0.00%"",""mem"":""22.67MiB / 122.8GiB""},{""name"":""lab-wc-tls"",""cpu"":""0.00%"",""mem"":""29.51MiB / 122.8GiB""},{""name"":""lab-prestashop"",""cpu"":""8.53%"",""mem"":""161.5MiB / 122.8GiB""},{""name"":""lab-woocommerce"",""cpu"":""13.74%"",""mem"":""294.6MiB / 122.8GiB""},{""name"":""lab-redis"",""cpu"":""0.84%"",""mem"":""80.01MiB / 122.8GiB""},{""name"":""lab-postgres"",""cpu"":""1.46%"",""mem"":""241.8MiB / 122.8GiB""},{""name"":""lab-mysql"",""cpu"":""8.45%"",""mem"":""724.4MiB / 122.8GiB""},{""name"":""lab-woocommerce-mysql"",""cpu"":""2.12%"",""mem"":""511.8MiB / 122.8GiB""}]"
2026-09-10T13:42:12Z,3,680,0,0,20,2668713651,"[{""name"":""lab-worker-1"",""cpu"":""6.03%"",""mem"":""128.6MiB / 122.8GiB""},{""name"":""lab-api"",""cpu"":""0.87%"",""mem"":""144.7MiB / 122.8GiB""},{""name"":""lab-allegro-stub"",""cpu"":""0.00%"",""mem"":""21.03MiB / 122.8GiB""},{""name"":""lab-erli-stub"",""cpu"":""2.22%"",""mem"":""25.75MiB / 122.8GiB""},{""name"":""lab-eparagony-stub"",""cpu"":""4.28%"",""mem"":""20.41MiB / 122.8GiB""},{""name"":""lab-invoicing-stub"",""cpu"":""0.00%"",""mem"":""16.6MiB / 122.8GiB""},{""name"":""lab-shipping-stub"",""cpu"":""0.00%"",""mem"":""16.58MiB / 122.8GiB""},{""name"":""lab-eparagony-stub-tls"",""cpu"":""0.00%"",""mem"":""23.3MiB / 122.8GiB""},{""name"":""lab-erli-stub-tls"",""cpu"":""0.00%"",""mem"":""22.67MiB / 122.8GiB""},{""name"":""lab-wc-tls"",""cpu"":""0.00%"",""mem"":""29.51MiB / 122.8GiB""},{""name"":""lab-prestashop"",""cpu"":""8.53%"",""mem"":""161.5MiB / 122.8GiB""},{""name"":""lab-woocommerce"",""cpu"":""13.74%"",""mem"":""294.6MiB / 122.8GiB""},{""name"":""lab-redis"",""cpu"":""0.84%"",""mem"":""80.01MiB / 122.8GiB""},{""name"":""lab-postgres"",""cpu"":""1.46%"",""mem"":""241.8MiB / 122.8GiB""},{""name"":""lab-mysql"",""cpu"":""8.45%"",""mem"":""724.4MiB / 122.8GiB""},{""name"":""lab-woocommerce-mysql"",""cpu"":""2.12%"",""mem"":""511.8MiB / 122.8GiB""}]"
2026-09-10T13:42:15Z,3,709,1,0,19,2668713651,"[{""name"":""lab-worker-1"",""cpu"":""3.64%"",""mem"":""129MiB / 122.8GiB""},{""name"":""lab-api"",""cpu"":""0.00%"",""mem"":""144.7MiB / 122.8GiB""},{""name"":""lab-allegro-stub"",""cpu"":""0.00%"",""mem"":""21.03MiB / 122.8GiB""},{""name"":""lab-erli-stub"",""cpu"":""0.00%"",""mem"":""18.05MiB / 122.8GiB""},{""name"":""lab-eparagony-stub"",""cpu"":""0.00%"",""mem"":""20.36MiB / 122.8GiB""},{""name"":""lab-invoicing-stub"",""cpu"":""0.00%"",""mem"":""16.6MiB / 122.8GiB""},{""name"":""lab-shipping-stub"",""cpu"":""0.00%"",""mem"":""16.58MiB / 122.8GiB""},{""name"":""lab-eparagony-stub-tls"",""cpu"":""0.00%"",""mem"":""23.3MiB / 122.8GiB""},{""name"":""lab-erli-stub-tls"",""cpu"":""0.00%"",""mem"":""22.67MiB / 122.8GiB""},{""name"":""lab-wc-tls"",""cpu"":""0.00%"",""mem"":""29.51MiB / 122.8GiB""},{""name"":""lab-prestashop"",""cpu"":""7.71%"",""mem"":""161.5MiB / 122.8GiB""},{""name"":""lab-woocommerce"",""cpu"":""0.01%"",""mem"":""294.6MiB / 122.8GiB""},{""name"":""lab-redis"",""cpu"":""0.70%"",""mem"":""80.06MiB / 122.8GiB""},{""name"":""lab-postgres"",""cpu"":""1.47%"",""mem"":""242MiB / 122.8GiB""},{""name"":""lab-mysql"",""cpu"":""7.95%"",""mem"":""724.4MiB / 122.8GiB""},{""name"":""lab-woocommerce-mysql"",""cpu"":""0.95%"",""mem"":""511.8MiB / 122.8GiB""}]"
2026-09-10T13:42:15Z,3,707,1,0,19,2668713651,"[{""name"":""lab-worker-1"",""cpu"":""3.64%"",""mem"":""129MiB / 122.8GiB""},{""name"":""lab-api"",""cpu"":""0.00%"",""mem"":""144.7MiB / 122.8GiB""},{""name"":""lab-allegro-stub"",""cpu"":""0.00%"",""mem"":""21.03MiB / 122.8GiB""},{""name"":""lab-erli-stub"",""cpu"":""0.00%"",""mem"":""18.05MiB / 122.8GiB""},{""name"":""lab-eparagony-stub"",""cpu"":""0.00%"",""mem"":""20.36MiB / 122.8GiB""},{""name"":""lab-invoicing-stub"",""cpu"":""0.00%"",""mem"":""16.6MiB / 122.8GiB""},{""name"":""lab-shipping-stub"",""cpu"":""0.00%"",""mem"":""16.58MiB / 122.8GiB""},{""name"":""lab-eparagony-stub-tls"",""cpu"":""0.00%"",""mem"":""23.3MiB / 122.8GiB""},{""name"":""lab-erli-stub-tls"",""cpu"":""0.00%"",""mem"":""22.67MiB / 122.8GiB""},{""name"":""lab-wc-tls"",""cpu"":""0.00%"",""mem"":""29.51MiB / 122.8GiB""},{""name"":""lab-prestashop"",""cpu"":""7.71%"",""mem"":""161.5MiB / 122.8GiB""},{""name"":""lab-woocommerce"",""cpu"":""0.01%"",""mem"":""294.6MiB / 122.8GiB""},{""name"":""lab-redis"",""cpu"":""0.70%"",""mem"":""80.06MiB / 122.8GiB""},{""name"":""lab-postgres"",""cpu"":""1.47%"",""mem"":""242MiB / 122.8GiB""},{""name"":""lab-mysql"",""cpu"":""7.95%"",""mem"":""724.4MiB / 122.8GiB""},{""name"":""lab-woocommerce-mysql"",""cpu"":""0.95%"",""mem"":""511.8MiB / 122.8GiB""}]"
2026-09-10T13:42:18Z,3,780,1,0,20,2668713651,"[{""name"":""lab-worker-1"",""cpu"":""5.92%"",""mem"":""129.4MiB / 122.8GiB""},{""name"":""lab-api"",""cpu"":""0.01%"",""mem"":""144.7MiB / 122.8GiB""},{""name"":""lab-allegro-stub"",""cpu"":""3.96%"",""mem"":""21.04MiB / 122.8GiB""},{""name"":""lab-erli-stub"",""cpu"":""0.01%"",""mem"":""18.05MiB / 122.8GiB""},{""name"":""lab-eparagony-stub"",""cpu"":""0.01%"",""mem"":""20.36MiB / 122.8GiB""},{""name"":""lab-invoicing-stub"",""cpu"":""3.58%"",""mem"":""16.61MiB / 122.8GiB""},{""name"":""lab-shipping-stub"",""cpu"":""4.24%"",""mem"":""16.61MiB / 122.8GiB""},{""name"":""lab-eparagony-stub-tls"",""cpu"":""0.00%"",""mem"":""23.3MiB / 122.8GiB""},{""name"":""lab-erli-stub-tls"",""cpu"":""0.00%"",""mem"":""22.67MiB / 122.8GiB""},{""name"":""lab-wc-tls"",""cpu"":""0.00%"",""mem"":""29.51MiB / 122.8GiB""},{""name"":""lab-prestashop"",""cpu"":""8.60%"",""mem"":""161.8MiB / 122.8GiB""},{""name"":""lab-woocommerce"",""cpu"":""0.01%"",""mem"":""294.6MiB / 122.8GiB""},{""name"":""lab-redis"",""cpu"":""0.86%"",""mem"":""80.06MiB / 122.8GiB""},{""name"":""lab-postgres"",""cpu"":""0.60%"",""mem"":""241.8MiB / 122.8GiB""},{""name"":""lab-mysql"",""cpu"":""9.24%"",""mem"":""724.4MiB / 122.8GiB""},{""name"":""lab-woocommerce-mysql"",""cpu"":""0.97%"",""mem"":""511.8MiB / 122.8GiB""}]"
2026-09-10T13:42:18Z,3,780,1,0,20,2668713651,"[{""name"":""lab-worker-1"",""cpu"":""5.92%"",""mem"":""129.4MiB / 122.8GiB""},{""name"":""lab-api"",""cpu"":""0.01%"",""mem"":""144.7MiB / 122.8GiB""},{""name"":""lab-allegro-stub"",""cpu"":""3.96%"",""mem"":""21.04MiB / 122.8GiB""},{""name"":""lab-erli-stub"",""cpu"":""0.01%"",""mem"":""18.05MiB / 122.8GiB""},{""name"":""lab-eparagony-stub"",""cpu"":""0.01%"",""mem"":""20.36MiB / 122.8GiB""},{""name"":""lab-invoicing-stub"",""cpu"":""3.58%"",""mem"":""16.61MiB / 122.8GiB""},{""name"":""lab-shipping-stub"",""cpu"":""4.24%"",""mem"":""16.61MiB / 122.8GiB""},{""name"":""lab-eparagony-stub-tls"",""cpu"":""0.00%"",""mem"":""23.3MiB / 122.8GiB""},{""name"":""lab-erli-stub-tls"",""cpu"":""0.00%"",""mem"":""22.67MiB / 122.8GiB""},{""name"":""lab-wc-tls"",""cpu"":""0.00%"",""mem"":""29.51MiB / 122.8GiB""},{""name"":""lab-prestashop"",""cpu"":""8.60%"",""mem"":""161.8MiB / 122.8GiB""},{""name"":""lab-woocommerce"",""cpu"":""0.01%"",""mem"":""294.6MiB / 122.8GiB""},{""name"":""lab-redis"",""cpu"":""0.86%"",""mem"":""80.06MiB / 122.8GiB""},{""name"":""lab-postgres"",""cpu"":""0.60%"",""mem"":""241.8MiB / 122.8GiB""},{""name"":""lab-mysql"",""cpu"":""9.24%"",""mem"":""724.4MiB / 122.8GiB""},{""name"":""lab-woocommerce-mysql"",""cpu"":""0.97%"",""mem"":""511.8MiB / 122.8GiB""}]"
2026-09-10T13:42:22Z,3,779,0,0,20,2668713651,"[{""name"":""lab-worker-1"",""cpu"":""4.84%"",""mem"":""128.9MiB / 122.8GiB""},{""name"":""lab-api"",""cpu"":""0.36%"",""mem"":""144.7MiB / 122.8GiB""},{""name"":""lab-allegro-stub"",""cpu"":""0.00%"",""mem"":""21.04MiB / 122.8GiB""},{""name"":""lab-erli-stub"",""cpu"":""0.00%"",""mem"":""18.05MiB / 122.8GiB""},{""name"":""lab-eparagony-stub"",""cpu"":""0.00%"",""mem"":""20.36MiB / 122.8GiB""},{""name"":""lab-invoicing-stub"",""cpu"":""0.00%"",""mem"":""16.6MiB / 122.8GiB""},{""name"":""lab-shipping-stub"",""cpu"":""0.00%"",""mem"":""16.58MiB / 122.8GiB""},{""name"":""lab-eparagony-stub-tls"",""cpu"":""0.00%"",""mem"":""23.3MiB / 122.8GiB""},{""name"":""lab-erli-stub-tls"",""cpu"":""0.00%"",""mem"":""22.67MiB / 122.8GiB""},{""name"":""lab-wc-tls"",""cpu"":""0.00%"",""mem"":""29.51MiB / 122.8GiB""},{""name"":""lab-prestashop"",""cpu"":""8.08%"",""mem"":""161.5MiB / 122.8GiB""},{""name"":""lab-woocommerce"",""cpu"":""0.01%"",""mem"":""294.6MiB / 122.8GiB""},{""name"":""lab-redis"",""cpu"":""5.02%"",""mem"":""80.11MiB / 122.8GiB""},{""name"":""lab-postgres"",""cpu"":""0.87%"",""mem"":""241.8MiB / 122.8GiB""},{""name"":""lab-mysql"",""cpu"":""7.44%"",""mem"":""724.4MiB / 122.8GiB""},{""name"":""lab-woocommerce-mysql"",""cpu"":""0.92%"",""mem"":""511.8MiB / 122.8GiB""}]"
2026-09-10T13:42:22Z,3,779,0,0,20,2668713651,"[{""name"":""lab-worker-1"",""cpu"":""4.84%"",""mem"":""128.9MiB / 122.8GiB""},{""name"":""lab-api"",""cpu"":""0.36%"",""mem"":""144.7MiB / 122.8GiB""},{""name"":""lab-allegro-stub"",""cpu"":""0.00%"",""mem"":""21.04MiB / 122.8GiB""},{""name"":""lab-erli-stub"",""cpu"":""0.00%"",""mem"":""18.05MiB / 122.8GiB""},{""name"":""lab-eparagony-stub"",""cpu"":""0.00%"",""mem"":""20.36MiB / 122.8GiB""},{""name"":""lab-invoicing-stub"",""cpu"":""0.00%"",""mem"":""16.6MiB / 122.8GiB""},{""name"":""lab-shipping-stub"",""cpu"":""0.00%"",""mem"":""16.58MiB / 122.8GiB""},{""name"":""lab-eparagony-stub-tls"",""cpu"":""0.00%"",""mem"":""23.3MiB / 122.8GiB""},{""name"":""lab-erli-stub-tls"",""cpu"":""0.00%"",""mem"":""22.67MiB / 122.8GiB""},{""name"":""lab-wc-tls"",""cpu"":""0.00%"",""mem"":""29.51MiB / 122.8GiB""},{""name"":""lab-prestashop"",""cpu"":""8.08%"",""mem"":""161.5MiB / 122.8GiB""},{""name"":""lab-woocommerce"",""cpu"":""0.01%"",""mem"":""294.6MiB / 122.8GiB""},{""name"":""lab-redis"",""cpu"":""5.02%"",""mem"":""80.11MiB / 122.8GiB""},{""name"":""lab-postgres"",""cpu"":""0.87%"",""mem"":""241.8MiB / 122.8GiB""},{""name"":""lab-mysql"",""cpu"":""7.44%"",""mem"":""724.4MiB / 122.8GiB""},{""name"":""lab-woocommerce-mysql"",""cpu"":""0.92%"",""mem"":""511.8MiB / 122.8GiB""}]"
2026-09-10T13:42:25Z,4,779,2,0,22,2668713651,"[{""name"":""lab-worker-1"",""cpu"":""6.08%"",""mem"":""129.6MiB / 122.8GiB""},{""name"":""lab-api"",""cpu"":""0.00%"",""mem"":""144.7MiB / 122.8GiB""},{""name"":""lab-allegro-stub"",""cpu"":""0.00%"",""mem"":""21.03MiB / 122.8GiB""},{""name"":""lab-erli-stub"",""cpu"":""0.00%"",""mem"":""18.06MiB / 122.8GiB""},{""name"":""lab-eparagony-stub"",""cpu"":""0.00%"",""mem"":""20.37MiB / 122.8GiB""},{""name"":""lab-invoicing-stub"",""cpu"":""0.00%"",""mem"":""16.6MiB / 122.8GiB""},{""name"":""lab-shipping-stub"",""cpu"":""0.00%"",""mem"":""16.58MiB / 122.8GiB""},{""name"":""lab-eparagony-stub-tls"",""cpu"":""0.00%"",""mem"":""23.3MiB / 122.8GiB""},{""name"":""lab-erli-stub-tls"",""cpu"":""0.00%"",""mem"":""22.67MiB / 122.8GiB""},{""name"":""lab-wc-tls"",""cpu"":""0.00%"",""mem"":""29.51MiB / 122.8GiB""},{""name"":""lab-prestashop"",""cpu"":""7.53%"",""mem"":""161.5MiB / 122.8GiB""},{""name"":""lab-woocommerce"",""cpu"":""0.00%"",""mem"":""294.6MiB / 122.8GiB""},{""name"":""lab-redis"",""cpu"":""0.73%"",""mem"":""80.12MiB / 122.8GiB""},{""name"":""lab-postgres"",""cpu"":""2.59%"",""mem"":""241.8MiB / 122.8GiB""},{""name"":""lab-mysql"",""cpu"":""12.04%"",""mem"":""724.7MiB / 122.8GiB""},{""name"":""lab-woocommerce-mysql"",""cpu"":""0.97%"",""mem"":""511.8MiB / 122.8GiB""}]"
2026-09-10T13:42:25Z,4,779,2,0,23,2668713651,"[{""name"":""lab-worker-1"",""cpu"":""6.08%"",""mem"":""129.6MiB / 122.8GiB""},{""name"":""lab-api"",""cpu"":""0.00%"",""mem"":""144.7MiB / 122.8GiB""},{""name"":""lab-allegro-stub"",""cpu"":""0.00%"",""mem"":""21.03MiB / 122.8GiB""},{""name"":""lab-erli-stub"",""cpu"":""0.00%"",""mem"":""18.06MiB / 122.8GiB""},{""name"":""lab-eparagony-stub"",""cpu"":""0.00%"",""mem"":""20.37MiB / 122.8GiB""},{""name"":""lab-invoicing-stub"",""cpu"":""0.00%"",""mem"":""16.6MiB / 122.8GiB""},{""name"":""lab-shipping-stub"",""cpu"":""0.00%"",""mem"":""16.58MiB / 122.8GiB""},{""name"":""lab-eparagony-stub-tls"",""cpu"":""0.00%"",""mem"":""23.3MiB / 122.8GiB""},{""name"":""lab-erli-stub-tls"",""cpu"":""0.00%"",""mem"":""22.67MiB / 122.8GiB""},{""name"":""lab-wc-tls"",""cpu"":""0.00%"",""mem"":""29.51MiB / 122.8GiB""},{""name"":""lab-prestashop"",""cpu"":""7.53%"",""mem"":""161.5MiB / 122.8GiB""},{""name"":""lab-woocommerce"",""cpu"":""0.00%"",""mem"":""294.6MiB / 122.8GiB""},{""name"":""lab-redis"",""cpu"":""0.73%"",""mem"":""80.12MiB / 122.8GiB""},{""name"":""lab-postgres"",""cpu"":""2.59%"",""mem"":""241.8MiB / 122.8GiB""},{""name"":""lab-mysql"",""cpu"":""12.04%"",""mem"":""724.7MiB / 122.8GiB""},{""name"":""lab-woocommerce-mysql"",""cpu"":""0.97%"",""mem"":""511.8MiB / 122.8GiB""}]"
2026-09-10T13:42:28Z,3,879,2,0,20,2668713651,"[{""name"":""lab-worker-1"",""cpu"":""4.48%"",""mem"":""129.1MiB / 122.8GiB""},{""name"":""lab-api"",""cpu"":""0.01%"",""mem"":""144.7MiB / 122.8GiB""},{""name"":""lab-allegro-stub"",""cpu"":""0.00%"",""mem"":""21.03MiB / 122.8GiB""},{""name"":""lab-erli-stub"",""cpu"":""4.27%"",""mem"":""18.31MiB / 122.8GiB""},{""name"":""lab-eparagony-stub"",""cpu"":""3.90%"",""mem"":""20.37MiB / 122.8GiB""},{""name"":""lab-invoicing-stub"",""cpu"":""0.00%"",""mem"":""16.6MiB / 122.8GiB""},{""name"":""lab-shipping-stub"",""cpu"":""0.00%"",""mem"":""16.58MiB / 122.8GiB""},{""name"":""lab-eparagony-stub-tls"",""cpu"":""0.00%"",""mem"":""23.3MiB / 122.8GiB""},{""name"":""lab-erli-stub-tls"",""cpu"":""0.00%"",""mem"":""22.67MiB / 122.8GiB""},{""name"":""lab-wc-tls"",""cpu"":""0.00%"",""mem"":""29.51MiB / 122.8GiB""},{""name"":""lab-prestashop"",""cpu"":""9.47%"",""mem"":""153.5MiB / 122.8GiB""},{""name"":""lab-woocommerce"",""cpu"":""0.01%"",""mem"":""294.6MiB / 122.8GiB""},{""name"":""lab-redis"",""cpu"":""0.71%"",""mem"":""80.12MiB / 122.8GiB""},{""name"":""lab-postgres"",""cpu"":""1.73%"",""mem"":""241.8MiB / 122.8GiB""},{""name"":""lab-mysql"",""cpu"":""9.31%"",""mem"":""724.4MiB / 122.8GiB""},{""name"":""lab-woocommerce-mysql"",""cpu"":""4.90%"",""mem"":""511.8MiB / 122.8GiB""}]"
2026-09-10T13:42:28Z,3,879,2,0,20,2668713651,"[{""name"":""lab-worker-1"",""cpu"":""4.48%"",""mem"":""129.1MiB / 122.8GiB""},{""name"":""lab-api"",""cpu"":""0.01%"",""mem"":""144.7MiB / 122.8GiB""},{""name"":""lab-allegro-stub"",""cpu"":""0.00%"",""mem"":""21.03MiB / 122.8GiB""},{""name"":""lab-erli-stub"",""cpu"":""4.27%"",""mem"":""18.31MiB / 122.8GiB""},{""name"":""lab-eparagony-stub"",""cpu"":""3.90%"",""mem"":""20.37MiB / 122.8GiB""},{""name"":""lab-invoicing-stub"",""cpu"":""0.00%"",""mem"":""16.6MiB / 122.8GiB""},{""name"":""lab-shipping-stub"",""cpu"":""0.00%"",""mem"":""16.58MiB / 122.8GiB""},{""name"":""lab-eparagony-stub-tls"",""cpu"":""0.00%"",""mem"":""23.3MiB / 122.8GiB""},{""name"":""lab-erli-stub-tls"",""cpu"":""0.00%"",""mem"":""22.67MiB / 122.8GiB""},{""name"":""lab-wc-tls"",""cpu"":""0.00%"",""mem"":""29.51MiB / 122.8GiB""},{""name"":""lab-prestashop"",""cpu"":""9.47%"",""mem"":""153.5MiB / 122.8GiB""},{""name"":""lab-woocommerce"",""cpu"":""0.01%"",""mem"":""294.6MiB / 122.8GiB""},{""name"":""lab-redis"",""cpu"":""0.71%"",""mem"":""80.12MiB / 122.8GiB""},{""name"":""lab-postgres"",""cpu"":""1.73%"",""mem"":""241.8MiB / 122.8GiB""},{""name"":""lab-mysql"",""cpu"":""9.31%"",""mem"":""724.4MiB / 122.8GiB""},{""name"":""lab-woocommerce-mysql"",""cpu"":""4.90%"",""mem"":""511.8MiB / 122.8GiB""}]"
2026-09-10T13:42:31Z,3,879,2,0,19,2668713651,"[{""name"":""lab-worker-1"",""cpu"":""6.39%"",""mem"":""129.9MiB / 122.8GiB""},{""name"":""lab-api"",""cpu"":""0.00%"",""mem"":""144.7MiB / 122.8GiB""},{""name"":""lab-allegro-stub"",""cpu"":""0.00%"",""mem"":""21.03MiB / 122.8GiB""},{""name"":""lab-erli-stub"",""cpu"":""0.00%"",""mem"":""18.05MiB / 122.8GiB""},{""name"":""lab-eparagony-stub"",""cpu"":""0.00%"",""mem"":""20.36MiB / 122.8GiB""},{""name"":""lab-invoicing-stub"",""cpu"":""0.00%"",""mem"":""16.6MiB / 122.8GiB""},{""name"":""lab-shipping-stub"",""cpu"":""0.00%"",""mem"":""16.58MiB / 122.8GiB""},{""name"":""lab-eparagony-stub-tls"",""cpu"":""0.00%"",""mem"":""23.3MiB / 122.8GiB""},{""name"":""lab-erli-stub-tls"",""cpu"":""0.00%"",""mem"":""22.67MiB / 122.8GiB""},{""name"":""lab-wc-tls"",""cpu"":""0.00%"",""mem"":""29.51MiB / 122.8GiB""},{""name"":""lab-prestashop"",""cpu"":""7.26%"",""mem"":""153.5MiB / 122.8GiB""},{""name"":""lab-woocommerce"",""cpu"":""0.01%"",""mem"":""294.6MiB / 122.8GiB""},{""name"":""lab-redis"",""cpu"":""0.79%"",""mem"":""80.11MiB / 122.8GiB""},{""name"":""lab-postgres"",""cpu"":""1.26%"",""mem"":""241.8MiB / 122.8GiB""},{""name"":""lab-mysql"",""cpu"":""7.58%"",""mem"":""724.6MiB / 122.8GiB""},{""name"":""lab-woocommerce-mysql"",""cpu"":""0.86%"",""mem"":""511.8MiB / 122.8GiB""}]"
2026-09-10T13:42:31Z,3,879,2,0,19,2668713651,"[{""name"":""lab-worker-1"",""cpu"":""6.39%"",""mem"":""129.9MiB / 122.8GiB""},{""name"":""lab-api"",""cpu"":""0.00%"",""mem"":""144.7MiB / 122.8GiB""},{""name"":""lab-allegro-stub"",""cpu"":""0.00%"",""mem"":""21.03MiB / 122.8GiB""},{""name"":""lab-erli-stub"",""cpu"":""0.00%"",""mem"":""18.05MiB / 122.8GiB""},{""name"":""lab-eparagony-stub"",""cpu"":""0.00%"",""mem"":""20.36MiB / 122.8GiB""},{""name"":""lab-invoicing-stub"",""cpu"":""0.00%"",""mem"":""16.6MiB / 122.8GiB""},{""name"":""lab-shipping-stub"",""cpu"":""0.00%"",""mem"":""16.58MiB / 122.8GiB""},{""name"":""lab-eparagony-stub-tls"",""cpu"":""0.00%"",""mem"":""23.3MiB / 122.8GiB""},{""name"":""lab-erli-stub-tls"",""cpu"":""0.00%"",""mem"":""22.67MiB / 122.8GiB""},{""name"":""lab-wc-tls"",""cpu"":""0.00%"",""mem"":""29.51MiB / 122.8GiB""},{""name"":""lab-prestashop"",""cpu"":""7.26%"",""mem"":""153.5MiB / 122.8GiB""},{""name"":""lab-woocommerce"",""cpu"":""0.01%"",""mem"":""294.6MiB / 122.8GiB""},{""name"":""lab-redis"",""cpu"":""0.79%"",""mem"":""80.11MiB / 122.8GiB""},{""name"":""lab-postgres"",""cpu"":""1.26%"",""mem"":""241.8MiB / 122.8GiB""},{""name"":""lab-mysql"",""cpu"":""7.58%"",""mem"":""724.6MiB / 122.8GiB""},{""name"":""lab-woocommerce-mysql"",""cpu"":""0.86%"",""mem"":""511.8MiB / 122.8GiB""}]"
2026-09-10T13:42:34Z,3,880,3,0,20,2668713651,"[{""name"":""lab-worker-1"",""cpu"":""12.74%"",""mem"":""129.7MiB / 122.8GiB""},{""name"":""lab-api"",""cpu"":""0.00%"",""mem"":""144.7MiB / 122.8GiB""},{""name"":""lab-allegro-stub"",""cpu"":""3.87%"",""mem"":""21.03MiB / 122.8GiB""},{""name"":""lab-erli-stub"",""cpu"":""0.00%"",""mem"":""18.05MiB / 122.8GiB""},{""name"":""lab-eparagony-stub"",""cpu"":""0.00%"",""mem"":""20.36MiB / 122.8GiB""},{""name"":""lab-invoicing-stub"",""cpu"":""3.54%"",""mem"":""16.61MiB / 122.8GiB""},{""name"":""lab-shipping-stub"",""cpu"":""2.24%"",""mem"":""16.58MiB / 122.8GiB""},{""name"":""lab-eparagony-stub-tls"",""cpu"":""0.00%"",""mem"":""23.3MiB / 122.8GiB""},{""name"":""lab-erli-stub-tls"",""cpu"":""0.00%"",""mem"":""22.67MiB / 122.8GiB""},{""name"":""lab-wc-tls"",""cpu"":""0.00%"",""mem"":""29.51MiB / 122.8GiB""},{""name"":""lab-prestashop"",""cpu"":""11.10%"",""mem"":""153.5MiB / 122.8GiB""},{""name"":""lab-woocommerce"",""cpu"":""0.00%"",""mem"":""294.6MiB / 122.8GiB""},{""name"":""lab-redis"",""cpu"":""2.20%"",""mem"":""80.18MiB / 122.8GiB""},{""name"":""lab-postgres"",""cpu"":""10.13%"",""mem"":""242.1MiB / 122.8GiB""},{""name"":""lab-mysql"",""cpu"":""15.83%"",""mem"":""724.4MiB / 122.8GiB""},{""name"":""lab-woocommerce-mysql"",""cpu"":""0.81%"",""mem"":""511.8MiB / 122.8GiB""}]"
2026-09-10T13:42:34Z,3,877,3,0,20,2668713651,"[{""name"":""lab-worker-1"",""cpu"":""12.74%"",""mem"":""129.7MiB / 122.8GiB""},{""name"":""lab-api"",""cpu"":""0.00%"",""mem"":""144.7MiB / 122.8GiB""},{""name"":""lab-allegro-stub"",""cpu"":""3.87%"",""mem"":""21.03MiB / 122.8GiB""},{""name"":""lab-erli-stub"",""cpu"":""0.00%"",""mem"":""18.05MiB / 122.8GiB""},{""name"":""lab-eparagony-stub"",""cpu"":""0.00%"",""mem"":""20.36MiB / 122.8GiB""},{""name"":""lab-invoicing-stub"",""cpu"":""3.54%"",""mem"":""16.61MiB / 122.8GiB""},{""name"":""lab-shipping-stub"",""cpu"":""2.24%"",""mem"":""16.58MiB / 122.8GiB""},{""name"":""lab-eparagony-stub-tls"",""cpu"":""0.00%"",""mem"":""23.3MiB / 122.8GiB""},{""name"":""lab-erli-stub-tls"",""cpu"":""0.00%"",""mem"":""22.67MiB / 122.8GiB""},{""name"":""lab-wc-tls"",""cpu"":""0.00%"",""mem"":""29.51MiB / 122.8GiB""},{""name"":""lab-prestashop"",""cpu"":""11.10%"",""mem"":""153.5MiB / 122.8GiB""},{""name"":""lab-woocommerce"",""cpu"":""0.00%"",""mem"":""294.6MiB / 122.8GiB""},{""name"":""lab-redis"",""cpu"":""2.20%"",""mem"":""80.18MiB / 122.8GiB""},{""name"":""lab-postgres"",""cpu"":""10.13%"",""mem"":""242.1MiB / 122.8GiB""},{""name"":""lab-mysql"",""cpu"":""15.83%"",""mem"":""724.4MiB / 122.8GiB""},{""name"":""lab-woocommerce-mysql"",""cpu"":""0.81%"",""mem"":""511.8MiB / 122.8GiB""}]"
2026-09-10T13:42:37Z,3,979,2,0,19,2668713651,"[{""name"":""lab-worker-1"",""cpu"":""4.69%"",""mem"":""129.8MiB / 122.8GiB""},{""name"":""lab-api"",""cpu"":""0.00%"",""mem"":""144.7MiB / 122.8GiB""},{""name"":""lab-allegro-stub"",""cpu"":""0.00%"",""mem"":""21.03MiB / 122.8GiB""},{""name"":""lab-erli-stub"",""cpu"":""0.00%"",""mem"":""18.05MiB / 122.8GiB""},{""name"":""lab-eparagony-stub"",""cpu"":""3.97%"",""mem"":""20.38MiB / 122.8GiB""},{""name"":""lab-invoicing-stub"",""cpu"":""0.00%"",""mem"":""16.6MiB / 122.8GiB""},{""name"":""lab-shipping-stub"",""cpu"":""0.00%"",""mem"":""16.58MiB / 122.8GiB""},{""name"":""lab-eparagony-stub-tls"",""cpu"":""0.00%"",""mem"":""23.3MiB / 122.8GiB""},{""name"":""lab-erli-stub-tls"",""cpu"":""0.00%"",""mem"":""22.67MiB / 122.8GiB""},{""name"":""lab-wc-tls"",""cpu"":""0.00%"",""mem"":""29.51MiB / 122.8GiB""},{""name"":""lab-prestashop"",""cpu"":""8.75%"",""mem"":""153.5MiB / 122.8GiB""},{""name"":""lab-woocommerce"",""cpu"":""0.01%"",""mem"":""294.6MiB / 122.8GiB""},{""name"":""lab-redis"",""cpu"":""0.74%"",""mem"":""80.18MiB / 122.8GiB""},{""name"":""lab-postgres"",""cpu"":""2.30%"",""mem"":""242.3MiB / 122.8GiB""},{""name"":""lab-mysql"",""cpu"":""8.18%"",""mem"":""724.4MiB / 122.8GiB""},{""name"":""lab-woocommerce-mysql"",""cpu"":""5.68%"",""mem"":""512MiB / 122.8GiB""}]"
2026-09-10T13:42:37Z,3,979,2,0,19,2668713651,"[{""name"":""lab-worker-1"",""cpu"":""4.69%"",""mem"":""129.8MiB / 122.8GiB""},{""name"":""lab-api"",""cpu"":""0.00%"",""mem"":""144.7MiB / 122.8GiB""},{""name"":""lab-allegro-stub"",""cpu"":""0.00%"",""mem"":""21.03MiB / 122.8GiB""},{""name"":""lab-erli-stub"",""cpu"":""0.00%"",""mem"":""18.05MiB / 122.8GiB""},{""name"":""lab-eparagony-stub"",""cpu"":""3.97%"",""mem"":""20.38MiB / 122.8GiB""},{""name"":""lab-invoicing-stub"",""cpu"":""0.00%"",""mem"":""16.6MiB / 122.8GiB""},{""name"":""lab-shipping-stub"",""cpu"":""0.00%"",""mem"":""16.58MiB / 122.8GiB""},{""name"":""lab-eparagony-stub-tls"",""cpu"":""0.00%"",""mem"":""23.3MiB / 122.8GiB""},{""name"":""lab-erli-stub-tls"",""cpu"":""0.00%"",""mem"":""22.67MiB / 122.8GiB""},{""name"":""lab-wc-tls"",""cpu"":""0.00%"",""mem"":""29.51MiB / 122.8GiB""},{""name"":""lab-prestashop"",""cpu"":""8.75%"",""mem"":""153.5MiB / 122.8GiB""},{""name"":""lab-woocommerce"",""cpu"":""0.01%"",""mem"":""294.6MiB / 122.8GiB""},{""name"":""lab-redis"",""cpu"":""0.74%"",""mem"":""80.18MiB / 122.8GiB""},{""name"":""lab-postgres"",""cpu"":""2.30%"",""mem"":""242.3MiB / 122.8GiB""},{""name"":""lab-mysql"",""cpu"":""8.18%"",""mem"":""724.4MiB / 122.8GiB""},{""name"":""lab-woocommerce-mysql"",""cpu"":""5.68%"",""mem"":""512MiB / 122.8GiB""}]"
2026-09-10T13:42:40Z,3,979,2,0,19,2668713651,"[{""name"":""lab-worker-1"",""cpu"":""3.04%"",""mem"":""129.6MiB / 122.8GiB""},{""name"":""lab-api"",""cpu"":""0.00%"",""mem"":""144.7MiB / 122.8GiB""},{""name"":""lab-allegro-stub"",""cpu"":""0.00%"",""mem"":""21.03MiB / 122.8GiB""},{""name"":""lab-erli-stub"",""cpu"":""0.00%"",""mem"":""18.05MiB / 122.8GiB""},{""name"":""lab-eparagony-stub"",""cpu"":""0.00%"",""mem"":""20.36MiB / 122.8GiB""},{""name"":""lab-invoicing-stub"",""cpu"":""0.00%"",""mem"":""16.6MiB / 122.8GiB""},{""name"":""lab-shipping-stub"",""cpu"":""0.00%"",""mem"":""16.58MiB / 122.8GiB""},{""name"":""lab-eparagony-stub-tls"",""cpu"":""0.00%"",""mem"":""23.3MiB / 122.8GiB""},{""name"":""lab-erli-stub-tls"",""cpu"":""0.00%"",""mem"":""22.67MiB / 122.8GiB""},{""name"":""lab-wc-tls"",""cpu"":""0.00%"",""mem"":""29.51MiB / 122.8GiB""},{""name"":""lab-prestashop"",""cpu"":""7.91%"",""mem"":""153.5MiB / 122.8GiB""},{""name"":""lab-woocommerce"",""cpu"":""0.01%"",""mem"":""294.6MiB / 122.8GiB""},{""name"":""lab-redis"",""cpu"":""0.79%"",""mem"":""80.18MiB / 122.8GiB""},{""name"":""lab-postgres"",""cpu"":""0.63%"",""mem"":""241.8MiB / 122.8GiB""},{""name"":""lab-mysql"",""cpu"":""8.01%"",""mem"":""724.6MiB / 122.8GiB""},{""name"":""lab-woocommerce-mysql"",""cpu"":""1.02%"",""mem"":""511.8MiB / 122.8GiB""}]"
2026-09-10T13:42:40Z,3,979,2,0,19,2668713651,"[{""name"":""lab-worker-1"",""cpu"":""3.04%"",""mem"":""129.6MiB / 122.8GiB""},{""name"":""lab-api"",""cpu"":""0.00%"",""mem"":""144.7MiB / 122.8GiB""},{""name"":""lab-allegro-stub"",""cpu"":""0.00%"",""mem"":""21.03MiB / 122.8GiB""},{""name"":""lab-erli-stub"",""cpu"":""0.00%"",""mem"":""18.05MiB / 122.8GiB""},{""name"":""lab-eparagony-stub"",""cpu"":""0.00%"",""mem"":""20.36MiB / 122.8GiB""},{""name"":""lab-invoicing-stub"",""cpu"":""0.00%"",""mem"":""16.6MiB / 122.8GiB""},{""name"":""lab-shipping-stub"",""cpu"":""0.00%"",""mem"":""16.58MiB / 122.8GiB""},{""name"":""lab-eparagony-stub-tls"",""cpu"":""0.00%"",""mem"":""23.3MiB / 122.8GiB""},{""name"":""lab-erli-stub-tls"",""cpu"":""0.00%"",""mem"":""22.67MiB / 122.8GiB""},{""name"":""lab-wc-tls"",""cpu"":""0.00%"",""mem"":""29.51MiB / 122.8GiB""},{""name"":""lab-prestashop"",""cpu"":""7.91%"",""mem"":""153.5MiB / 122.8GiB""},{""name"":""lab-woocommerce"",""cpu"":""0.01%"",""mem"":""294.6MiB / 122.8GiB""},{""name"":""lab-redis"",""cpu"":""0.79%"",""mem"":""80.18MiB / 122.8GiB""},{""name"":""lab-postgres"",""cpu"":""0.63%"",""mem"":""241.8MiB / 122.8GiB""},{""name"":""lab-mysql"",""cpu"":""8.01%"",""mem"":""724.6MiB / 122.8GiB""},{""name"":""lab-woocommerce-mysql"",""cpu"":""1.02%"",""mem"":""511.8MiB / 122.8GiB""}]"
2026-09-10T13:42:43Z,3,978,2,0,20,2668721843,"[{""name"":""lab-worker-1"",""cpu"":""3.14%"",""mem"":""129.5MiB / 122.8GiB""},{""name"":""lab-api"",""cpu"":""0.00%"",""mem"":""144.7MiB / 122.8GiB""},{""name"":""lab-allegro-stub"",""cpu"":""4.28%"",""mem"":""21.39MiB / 122.8GiB""},{""name"":""lab-erli-stub"",""cpu"":""3.82%"",""mem"":""18.07MiB / 122.8GiB""},{""name"":""lab-eparagony-stub"",""cpu"":""0.01%"",""mem"":""20.38MiB / 122.8GiB""},{""name"":""lab-invoicing-stub"",""cpu"":""4.34%"",""mem"":""16.61MiB / 122.8GiB""},{""name"":""lab-shipping-stub"",""cpu"":""4.08%"",""mem"":""16.61MiB / 122.8GiB""},{""name"":""lab-eparagony-stub-tls"",""cpu"":""0.00%"",""mem"":""23.3MiB / 122.8GiB""},{""name"":""lab-erli-stub-tls"",""cpu"":""0.00%"",""mem"":""22.67MiB / 122.8GiB""},{""name"":""lab-wc-tls"",""cpu"":""0.00%"",""mem"":""29.51MiB / 122.8GiB""},{""name"":""lab-prestashop"",""cpu"":""8.12%"",""mem"":""151.5MiB / 122.8GiB""},{""name"":""lab-woocommerce"",""cpu"":""0.01%"",""mem"":""294.6MiB / 122.8GiB""},{""name"":""lab-redis"",""cpu"":""0.83%"",""mem"":""80.18MiB / 122.8GiB""},{""name"":""lab-postgres"",""cpu"":""0.55%"",""mem"":""241.8MiB / 122.8GiB""},{""name"":""lab-mysql"",""cpu"":""8.28%"",""mem"":""724.4MiB / 122.8GiB""},{""name"":""lab-woocommerce-mysql"",""cpu"":""1.25%"",""mem"":""511.8MiB / 122.8GiB""}]"
2026-09-10T13:42:43Z,3,978,2,0,20,2668721843,"[{""name"":""lab-worker-1"",""cpu"":""3.14%"",""mem"":""129.5MiB / 122.8GiB""},{""name"":""lab-api"",""cpu"":""0.00%"",""mem"":""144.7MiB / 122.8GiB""},{""name"":""lab-allegro-stub"",""cpu"":""4.28%"",""mem"":""21.39MiB / 122.8GiB""},{""name"":""lab-erli-stub"",""cpu"":""3.82%"",""mem"":""18.07MiB / 122.8GiB""},{""name"":""lab-eparagony-stub"",""cpu"":""0.01%"",""mem"":""20.38MiB / 122.8GiB""},{""name"":""lab-invoicing-stub"",""cpu"":""4.34%"",""mem"":""16.61MiB / 122.8GiB""},{""name"":""lab-shipping-stub"",""cpu"":""4.08%"",""mem"":""16.61MiB / 122.8GiB""},{""name"":""lab-eparagony-stub-tls"",""cpu"":""0.00%"",""mem"":""23.3MiB / 122.8GiB""},{""name"":""lab-erli-stub-tls"",""cpu"":""0.00%"",""mem"":""22.67MiB / 122.8GiB""},{""name"":""lab-wc-tls"",""cpu"":""0.00%"",""mem"":""29.51MiB / 122.8GiB""},{""name"":""lab-prestashop"",""cpu"":""8.12%"",""mem"":""151.5MiB / 122.8GiB""},{""name"":""lab-woocommerce"",""cpu"":""0.01%"",""mem"":""294.6MiB / 122.8GiB""},{""name"":""lab-redis"",""cpu"":""0.83%"",""mem"":""80.18MiB / 122.8GiB""},{""name"":""lab-postgres"",""cpu"":""0.55%"",""mem"":""241.8MiB / 122.8GiB""},{""name"":""lab-mysql"",""cpu"":""8.28%"",""mem"":""724.4MiB / 122.8GiB""},{""name"":""lab-woocommerce-mysql"",""cpu"":""1.25%"",""mem"":""511.8MiB / 122.8GiB""}]"
2026-09-10T13:42:46Z,3,1034,2,0,19,2668721843,"[{""name"":""lab-worker-1"",""cpu"":""6.88%"",""mem"":""130.4MiB / 122.8GiB""},{""name"":""lab-api"",""cpu"":""0.00%"",""mem"":""144.7MiB / 122.8GiB""},{""name"":""lab-allegro-stub"",""cpu"":""0.00%"",""mem"":""21.03MiB / 122.8GiB""},{""name"":""lab-erli-stub"",""cpu"":""0.00%"",""mem"":""18.05MiB / 122.8GiB""},{""name"":""lab-eparagony-stub"",""cpu"":""0.00%"",""mem"":""20.36MiB / 122.8GiB""},{""name"":""lab-invoicing-stub"",""cpu"":""0.00%"",""mem"":""16.6MiB / 122.8GiB""},{""name"":""lab-shipping-stub"",""cpu"":""0.00%"",""mem"":""16.58MiB / 122.8GiB""},{""name"":""lab-eparagony-stub-tls"",""cpu"":""0.00%"",""mem"":""23.3MiB / 122.8GiB""},{""name"":""lab-erli-stub-tls"",""cpu"":""0.00%"",""mem"":""22.67MiB / 122.8GiB""},{""name"":""lab-wc-tls"",""cpu"":""0.00%"",""mem"":""29.51MiB / 122.8GiB""},{""name"":""lab-prestashop"",""cpu"":""7.92%"",""mem"":""151.8MiB / 122.8GiB""},{""name"":""lab-woocommerce"",""cpu"":""0.01%"",""mem"":""294.6MiB / 122.8GiB""},{""name"":""lab-redis"",""cpu"":""0.81%"",""mem"":""80.23MiB / 122.8GiB""},{""name"":""lab-postgres"",""cpu"":""0.62%"",""mem"":""242MiB / 122.8GiB""},{""name"":""lab-mysql"",""cpu"":""9.13%"",""mem"":""724.6MiB / 122.8GiB""},{""name"":""lab-woocommerce-mysql"",""cpu"":""1.03%"",""mem"":""511.8MiB / 122.8GiB""}]"
2026-09-10T13:42:46Z,3,1034,2,0,19,2668721843,"[{""name"":""lab-worker-1"",""cpu"":""6.88%"",""mem"":""130.4MiB / 122.8GiB""},{""name"":""lab-api"",""cpu"":""0.00%"",""mem"":""144.7MiB / 122.8GiB""},{""name"":""lab-allegro-stub"",""cpu"":""0.00%"",""mem"":""21.03MiB / 122.8GiB""},{""name"":""lab-erli-stub"",""cpu"":""0.00%"",""mem"":""18.05MiB / 122.8GiB""},{""name"":""lab-eparagony-stub"",""cpu"":""0.00%"",""mem"":""20.36MiB / 122.8GiB""},{""name"":""lab-invoicing-stub"",""cpu"":""0.00%"",""mem"":""16.6MiB / 122.8GiB""},{""name"":""lab-shipping-stub"",""cpu"":""0.00%"",""mem"":""16.58MiB / 122.8GiB""},{""name"":""lab-eparagony-stub-tls"",""cpu"":""0.00%"",""mem"":""23.3MiB / 122.8GiB""},{""name"":""lab-erli-stub-tls"",""cpu"":""0.00%"",""mem"":""22.67MiB / 122.8GiB""},{""name"":""lab-wc-tls"",""cpu"":""0.00%"",""mem"":""29.51MiB / 122.8GiB""},{""name"":""lab-prestashop"",""cpu"":""7.92%"",""mem"":""151.8MiB / 122.8GiB""},{""name"":""lab-woocommerce"",""cpu"":""0.01%"",""mem"":""294.6MiB / 122.8GiB""},{""name"":""lab-redis"",""cpu"":""0.81%"",""mem"":""80.23MiB / 122.8GiB""},{""name"":""lab-postgres"",""cpu"":""0.62%"",""mem"":""242MiB / 122.8GiB""},{""name"":""lab-mysql"",""cpu"":""9.13%"",""mem"":""724.6MiB / 122.8GiB""},{""name"":""lab-woocommerce-mysql"",""cpu"":""1.03%"",""mem"":""511.8MiB / 122.8GiB""}]"
2026-09-10T13:42:50Z,3,1078,2,0,21,2668721843,"[{""name"":""lab-worker-1"",""cpu"":""3.38%"",""mem"":""130.7MiB / 122.8GiB""},{""name"":""lab-api"",""cpu"":""0.00%"",""mem"":""144.7MiB / 122.8GiB""},{""name"":""lab-allegro-stub"",""cpu"":""0.00%"",""mem"":""21.03MiB / 122.8GiB""},{""name"":""lab-erli-stub"",""cpu"":""0.00%"",""mem"":""18.05MiB / 122.8GiB""},{""name"":""lab-eparagony-stub"",""cpu"":""0.00%"",""mem"":""20.36MiB / 122.8GiB""},{""name"":""lab-invoicing-stub"",""cpu"":""0.00%"",""mem"":""16.61MiB / 122.8GiB""},{""name"":""lab-shipping-stub"",""cpu"":""0.00%"",""mem"":""16.6MiB / 122.8GiB""},{""name"":""lab-eparagony-stub-tls"",""cpu"":""0.00%"",""mem"":""23.3MiB / 122.8GiB""},{""name"":""lab-erli-stub-tls"",""cpu"":""0.00%"",""mem"":""22.67MiB / 122.8GiB""},{""name"":""lab-wc-tls"",""cpu"":""0.00%"",""mem"":""29.51MiB / 122.8GiB""},{""name"":""lab-prestashop"",""cpu"":""7.78%"",""mem"":""143.5MiB / 122.8GiB""},{""name"":""lab-woocommerce"",""cpu"":""0.01%"",""mem"":""294.6MiB / 122.8GiB""},{""name"":""lab-redis"",""cpu"":""0.76%"",""mem"":""80.23MiB / 122.8GiB""},{""name"":""lab-postgres"",""cpu"":""0.58%"",""mem"":""241.8MiB / 122.8GiB""},{""name"":""lab-mysql"",""cpu"":""8.07%"",""mem"":""724.4MiB / 122.8GiB""},{""name"":""lab-woocommerce-mysql"",""cpu"":""1.01%"",""mem"":""511.8MiB / 122.8GiB""}]"
2026-09-10T13:42:50Z,3,1078,2,0,21,2668721843,"[{""name"":""lab-worker-1"",""cpu"":""3.38%"",""mem"":""130.7MiB / 122.8GiB""},{""name"":""lab-api"",""cpu"":""0.00%"",""mem"":""144.7MiB / 122.8GiB""},{""name"":""lab-allegro-stub"",""cpu"":""0.00%"",""mem"":""21.03MiB / 122.8GiB""},{""name"":""lab-erli-stub"",""cpu"":""0.00%"",""mem"":""18.05MiB / 122.8GiB""},{""name"":""lab-eparagony-stub"",""cpu"":""0.00%"",""mem"":""20.36MiB / 122.8GiB""},{""name"":""lab-invoicing-stub"",""cpu"":""0.00%"",""mem"":""16.61MiB / 122.8GiB""},{""name"":""lab-shipping-stub"",""cpu"":""0.00%"",""mem"":""16.6MiB / 122.8GiB""},{""name"":""lab-eparagony-stub-tls"",""cpu"":""0.00%"",""mem"":""23.3MiB / 122.8GiB""},{""name"":""lab-erli-stub-tls"",""cpu"":""0.00%"",""mem"":""22.67MiB / 122.8GiB""},{""name"":""lab-wc-tls"",""cpu"":""0.00%"",""mem"":""29.51MiB / 122.8GiB""},{""name"":""lab-prestashop"",""cpu"":""7.78%"",""mem"":""143.5MiB / 122.8GiB""},{""name"":""lab-woocommerce"",""cpu"":""0.01%"",""mem"":""294.6MiB / 122.8GiB""},{""name"":""lab-redis"",""cpu"":""0.76%"",""mem"":""80.23MiB / 122.8GiB""},{""name"":""lab-postgres"",""cpu"":""0.58%"",""mem"":""241.8MiB / 122.8GiB""},{""name"":""lab-mysql"",""cpu"":""8.07%"",""mem"":""724.4MiB / 122.8GiB""},{""name"":""lab-woocommerce-mysql"",""cpu"":""1.01%"",""mem"":""511.8MiB / 122.8GiB""}]"
2026-09-10T13:42:53Z,4,1078,2,0,20,2668721843,"[{""name"":""lab-worker-1"",""cpu"":""5.08%"",""mem"":""130.8MiB / 122.8GiB""},{""name"":""lab-api"",""cpu"":""0.01%"",""mem"":""144.9MiB / 122.8GiB""},{""name"":""lab-allegro-stub"",""cpu"":""0.00%"",""mem"":""21.03MiB / 122.8GiB""},{""name"":""lab-erli-stub"",""cpu"":""4.31%"",""mem"":""18.17MiB / 122.8GiB""},{""name"":""lab-eparagony-stub"",""cpu"":""4.48%"",""mem"":""20.38MiB / 122.8GiB""},{""name"":""lab-invoicing-stub"",""cpu"":""0.00%"",""mem"":""16.6MiB / 122.8GiB""},{""name"":""lab-shipping-stub"",""cpu"":""0.00%"",""mem"":""16.58MiB / 122.8GiB""},{""name"":""lab-eparagony-stub-tls"",""cpu"":""0.00%"",""mem"":""23.3MiB / 122.8GiB""},{""name"":""lab-erli-stub-tls"",""cpu"":""0.00%"",""mem"":""22.67MiB / 122.8GiB""},{""name"":""lab-wc-tls"",""cpu"":""0.00%"",""mem"":""29.51MiB / 122.8GiB""},{""name"":""lab-prestashop"",""cpu"":""7.91%"",""mem"":""143.5MiB / 122.8GiB""},{""name"":""lab-woocommerce"",""cpu"":""0.01%"",""mem"":""294.6MiB / 122.8GiB""},{""name"":""lab-redis"",""cpu"":""0.73%"",""mem"":""80.23MiB / 122.8GiB""},{""name"":""lab-postgres"",""cpu"":""2.75%"",""mem"":""241.8MiB / 122.8GiB""},{""name"":""lab-mysql"",""cpu"":""7.61%"",""mem"":""724.4MiB / 122.8GiB""},{""name"":""lab-woocommerce-mysql"",""cpu"":""0.92%"",""mem"":""511.8MiB / 122.8GiB""}]"
2026-09-10T13:42:53Z,4,1078,2,0,20,2668721843,"[{""name"":""lab-worker-1"",""cpu"":""5.08%"",""mem"":""130.8MiB / 122.8GiB""},{""name"":""lab-api"",""cpu"":""0.01%"",""mem"":""144.9MiB / 122.8GiB""},{""name"":""lab-allegro-stub"",""cpu"":""0.00%"",""mem"":""21.03MiB / 122.8GiB""},{""name"":""lab-erli-stub"",""cpu"":""4.31%"",""mem"":""18.17MiB / 122.8GiB""},{""name"":""lab-eparagony-stub"",""cpu"":""4.48%"",""mem"":""20.38MiB / 122.8GiB""},{""name"":""lab-invoicing-stub"",""cpu"":""0.00%"",""mem"":""16.6MiB / 122.8GiB""},{""name"":""lab-shipping-stub"",""cpu"":""0.00%"",""mem"":""16.58MiB / 122.8GiB""},{""name"":""lab-eparagony-stub-tls"",""cpu"":""0.00%"",""mem"":""23.3MiB / 122.8GiB""},{""name"":""lab-erli-stub-tls"",""cpu"":""0.00%"",""mem"":""22.67MiB / 122.8GiB""},{""name"":""lab-wc-tls"",""cpu"":""0.00%"",""mem"":""29.51MiB / 122.8GiB""},{""name"":""lab-prestashop"",""cpu"":""7.91%"",""mem"":""143.5MiB / 122.8GiB""},{""name"":""lab-woocommerce"",""cpu"":""0.01%"",""mem"":""294.6MiB / 122.8GiB""},{""name"":""lab-redis"",""cpu"":""0.73%"",""mem"":""80.23MiB / 122.8GiB""},{""name"":""lab-postgres"",""cpu"":""2.75%"",""mem"":""241.8MiB / 122.8GiB""},{""name"":""lab-mysql"",""cpu"":""7.61%"",""mem"":""724.4MiB / 122.8GiB""},{""name"":""lab-woocommerce-mysql"",""cpu"":""0.92%"",""mem"":""511.8MiB / 122.8GiB""}]"
2026-09-10T13:42:56Z,3,1178,2,0,20,2668721843,"[{""name"":""lab-worker-1"",""cpu"":""5.84%"",""mem"":""131.5MiB / 122.8GiB""},{""name"":""lab-api"",""cpu"":""0.00%"",""mem"":""144.8MiB / 122.8GiB""},{""name"":""lab-allegro-stub"",""cpu"":""0.00%"",""mem"":""21.03MiB / 122.8GiB""},{""name"":""lab-erli-stub"",""cpu"":""0.00%"",""mem"":""18.05MiB / 122.8GiB""},{""name"":""lab-eparagony-stub"",""cpu"":""0.00%"",""mem"":""20.36MiB / 122.8GiB""},{""name"":""lab-invoicing-stub"",""cpu"":""0.01%"",""mem"":""16.6MiB / 122.8GiB""},{""name"":""lab-shipping-stub"",""cpu"":""0.01%"",""mem"":""16.58MiB / 122.8GiB""},{""name"":""lab-eparagony-stub-tls"",""cpu"":""0.00%"",""mem"":""23.3MiB / 122.8GiB""},{""name"":""lab-erli-stub-tls"",""cpu"":""0.00%"",""mem"":""22.67MiB / 122.8GiB""},{""name"":""lab-wc-tls"",""cpu"":""0.00%"",""mem"":""29.51MiB / 122.8GiB""},{""name"":""lab-prestashop"",""cpu"":""9.03%"",""mem"":""143.8MiB / 122.8GiB""},{""name"":""lab-woocommerce"",""cpu"":""0.01%"",""mem"":""294.6MiB / 122.8GiB""},{""name"":""lab-redis"",""cpu"":""0.75%"",""mem"":""80.29MiB / 122.8GiB""},{""name"":""lab-postgres"",""cpu"":""3.72%"",""mem"":""241.8MiB / 122.8GiB""},{""name"":""lab-mysql"",""cpu"":""7.95%"",""mem"":""724.4MiB / 122.8GiB""},{""name"":""lab-woocommerce-mysql"",""cpu"":""0.93%"",""mem"":""511.8MiB / 122.8GiB""}]"
2026-09-10T13:42:56Z,3,1178,2,0,20,2668721843,"[{""name"":""lab-worker-1"",""cpu"":""5.84%"",""mem"":""131.5MiB / 122.8GiB""},{""name"":""lab-api"",""cpu"":""0.00%"",""mem"":""144.8MiB / 122.8GiB""},{""name"":""lab-allegro-stub"",""cpu"":""0.00%"",""mem"":""21.03MiB / 122.8GiB""},{""name"":""lab-erli-stub"",""cpu"":""0.00%"",""mem"":""18.05MiB / 122.8GiB""},{""name"":""lab-eparagony-stub"",""cpu"":""0.00%"",""mem"":""20.36MiB / 122.8GiB""},{""name"":""lab-invoicing-stub"",""cpu"":""0.01%"",""mem"":""16.6MiB / 122.8GiB""},{""name"":""lab-shipping-stub"",""cpu"":""0.01%"",""mem"":""16.58MiB / 122.8GiB""},{""name"":""lab-eparagony-stub-tls"",""cpu"":""0.00%"",""mem"":""23.3MiB / 122.8GiB""},{""name"":""lab-erli-stub-tls"",""cpu"":""0.00%"",""mem"":""22.67MiB / 122.8GiB""},{""name"":""lab-wc-tls"",""cpu"":""0.00%"",""mem"":""29.51MiB / 122.8GiB""},{""name"":""lab-prestashop"",""cpu"":""9.03%"",""mem"":""143.8MiB / 122.8GiB""},{""name"":""lab-woocommerce"",""cpu"":""0.01%"",""mem"":""294.6MiB / 122.8GiB""},{""name"":""lab-redis"",""cpu"":""0.75%"",""mem"":""80.29MiB / 122.8GiB""},{""name"":""lab-postgres"",""cpu"":""3.72%"",""mem"":""241.8MiB / 122.8GiB""},{""name"":""lab-mysql"",""cpu"":""7.95%"",""mem"":""724.4MiB / 122.8GiB""},{""name"":""lab-woocommerce-mysql"",""cpu"":""0.93%"",""mem"":""511.8MiB / 122.8GiB""}]"
2026-09-10T13:42:59Z,3,1178,1,0,21,2668721843,"[{""name"":""lab-worker-1"",""cpu"":""3.11%"",""mem"":""131.5MiB / 122.8GiB""},{""name"":""lab-api"",""cpu"":""0.00%"",""mem"":""144.8MiB / 122.8GiB""},{""name"":""lab-allegro-stub"",""cpu"":""4.21%"",""mem"":""21.04MiB / 122.8GiB""},{""name"":""lab-erli-stub"",""cpu"":""0.01%"",""mem"":""18.07MiB / 122.8GiB""},{""name"":""lab-eparagony-stub"",""cpu"":""0.00%"",""mem"":""20.37MiB / 122.8GiB""},{""name"":""lab-invoicing-stub"",""cpu"":""4.15%"",""mem"":""16.75MiB / 122.8GiB""},{""name"":""lab-shipping-stub"",""cpu"":""4.16%"",""mem"":""16.58MiB / 122.8GiB""},{""name"":""lab-eparagony-stub-tls"",""cpu"":""0.00%"",""mem"":""23.3MiB / 122.8GiB""},{""name"":""lab-erli-stub-tls"",""cpu"":""0.00%"",""mem"":""22.67MiB / 122.8GiB""},{""name"":""lab-wc-tls"",""cpu"":""0.00%"",""mem"":""29.51MiB / 122.8GiB""},{""name"":""lab-prestashop"",""cpu"":""7.75%"",""mem"":""143.5MiB / 122.8GiB""},{""name"":""lab-woocommerce"",""cpu"":""0.00%"",""mem"":""294.6MiB / 122.8GiB""},{""name"":""lab-redis"",""cpu"":""0.80%"",""mem"":""80.29MiB / 122.8GiB""},{""name"":""lab-postgres"",""cpu"":""0.60%"",""mem"":""241.8MiB / 122.8GiB""},{""name"":""lab-mysql"",""cpu"":""7.66%"",""mem"":""724.6MiB / 122.8GiB""},{""name"":""lab-woocommerce-mysql"",""cpu"":""0.95%"",""mem"":""511.8MiB / 122.8GiB""}]"
2026-09-10T13:42:59Z,3,1178,1,0,21,2668721843,"[{""name"":""lab-worker-1"",""cpu"":""3.11%"",""mem"":""131.5MiB / 122.8GiB""},{""name"":""lab-api"",""cpu"":""0.00%"",""mem"":""144.8MiB / 122.8GiB""},{""name"":""lab-allegro-stub"",""cpu"":""4.21%"",""mem"":""21.04MiB / 122.8GiB""},{""name"":""lab-erli-stub"",""cpu"":""0.01%"",""mem"":""18.07MiB / 122.8GiB""},{""name"":""lab-eparagony-stub"",""cpu"":""0.00%"",""mem"":""20.37MiB / 122.8GiB""},{""name"":""lab-invoicing-stub"",""cpu"":""4.15%"",""mem"":""16.75MiB / 122.8GiB""},{""name"":""lab-shipping-stub"",""cpu"":""4.16%"",""mem"":""16.58MiB / 122.8GiB""},{""name"":""lab-eparagony-stub-tls"",""cpu"":""0.00%"",""mem"":""23.3MiB / 122.8GiB""},{""name"":""lab-erli-stub-tls"",""cpu"":""0.00%"",""mem"":""22.67MiB / 122.8GiB""},{""name"":""lab-wc-tls"",""cpu"":""0.00%"",""mem"":""29.51MiB / 122.8GiB""},{""name"":""lab-prestashop"",""cpu"":""7.75%"",""mem"":""143.5MiB / 122.8GiB""},{""name"":""lab-woocommerce"",""cpu"":""0.00%"",""mem"":""294.6MiB / 122.8GiB""},{""name"":""lab-redis"",""cpu"":""0.80%"",""mem"":""80.29MiB / 122.8GiB""},{""name"":""lab-postgres"",""cpu"":""0.60%"",""mem"":""241.8MiB / 122.8GiB""},{""name"":""lab-mysql"",""cpu"":""7.66%"",""mem"":""724.6MiB / 122.8GiB""},{""name"":""lab-woocommerce-mysql"",""cpu"":""0.95%"",""mem"":""511.8MiB / 122.8GiB""}]"
2026-09-10T13:43:02Z,3,1179,1,0,20,2668730035,"[{""name"":""lab-worker-1"",""cpu"":""4.91%"",""mem"":""131.6MiB / 122.8GiB""},{""name"":""lab-api"",""cpu"":""1.74%"",""mem"":""145MiB / 122.8GiB""},{""name"":""lab-allegro-stub"",""cpu"":""0.00%"",""mem"":""21.03MiB / 122.8GiB""},{""name"":""lab-erli-stub"",""cpu"":""0.00%"",""mem"":""18.05MiB / 122.8GiB""},{""name"":""lab-eparagony-stub"",""cpu"":""0.00%"",""mem"":""20.36MiB / 122.8GiB""},{""name"":""lab-invoicing-stub"",""cpu"":""0.00%"",""mem"":""16.6MiB / 122.8GiB""},{""name"":""lab-shipping-stub"",""cpu"":""0.00%"",""mem"":""16.58MiB / 122.8GiB""},{""name"":""lab-eparagony-stub-tls"",""cpu"":""0.00%"",""mem"":""23.3MiB / 122.8GiB""},{""name"":""lab-erli-stub-tls"",""cpu"":""0.00%"",""mem"":""22.67MiB / 122.8GiB""},{""name"":""lab-wc-tls"",""cpu"":""0.00%"",""mem"":""29.51MiB / 122.8GiB""},{""name"":""lab-prestashop"",""cpu"":""7.94%"",""mem"":""144MiB / 122.8GiB""},{""name"":""lab-woocommerce"",""cpu"":""0.01%"",""mem"":""294.6MiB / 122.8GiB""},{""name"":""lab-redis"",""cpu"":""5.05%"",""mem"":""80.34MiB / 122.8GiB""},{""name"":""lab-postgres"",""cpu"":""1.79%"",""mem"":""241.8MiB / 122.8GiB""},{""name"":""lab-mysql"",""cpu"":""7.97%"",""mem"":""724.4MiB / 122.8GiB""},{""name"":""lab-woocommerce-mysql"",""cpu"":""0.92%"",""mem"":""511.8MiB / 122.8GiB""}]"
2026-09-10T13:43:02Z,3,1179,1,0,20,2668730035,"[{""name"":""lab-worker-1"",""cpu"":""4.91%"",""mem"":""131.6MiB / 122.8GiB""},{""name"":""lab-api"",""cpu"":""1.74%"",""mem"":""145MiB / 122.8GiB""},{""name"":""lab-allegro-stub"",""cpu"":""0.00%"",""mem"":""21.03MiB / 122.8GiB""},{""name"":""lab-erli-stub"",""cpu"":""0.00%"",""mem"":""18.05MiB / 122.8GiB""},{""name"":""lab-eparagony-stub"",""cpu"":""0.00%"",""mem"":""20.36MiB / 122.8GiB""},{""name"":""lab-invoicing-stub"",""cpu"":""0.00%"",""mem"":""16.6MiB / 122.8GiB""},{""name"":""lab-shipping-stub"",""cpu"":""0.00%"",""mem"":""16.58MiB / 122.8GiB""},{""name"":""lab-eparagony-stub-tls"",""cpu"":""0.00%"",""mem"":""23.3MiB / 122.8GiB""},{""name"":""lab-erli-stub-tls"",""cpu"":""0.00%"",""mem"":""22.67MiB / 122.8GiB""},{""name"":""lab-wc-tls"",""cpu"":""0.00%"",""mem"":""29.51MiB / 122.8GiB""},{""name"":""lab-prestashop"",""cpu"":""7.94%"",""mem"":""144MiB / 122.8GiB""},{""name"":""lab-woocommerce"",""cpu"":""0.01%"",""mem"":""294.6MiB / 122.8GiB""},{""name"":""lab-redis"",""cpu"":""5.05%"",""mem"":""80.34MiB / 122.8GiB""},{""name"":""lab-postgres"",""cpu"":""1.79%"",""mem"":""241.8MiB / 122.8GiB""},{""name"":""lab-mysql"",""cpu"":""7.97%"",""mem"":""724.4MiB / 122.8GiB""},{""name"":""lab-woocommerce-mysql"",""cpu"":""0.92%"",""mem"":""511.8MiB / 122.8GiB""}]"
2026-09-10T13:43:05Z,3,1178,3,0,20,2668746419,"[{""name"":""lab-worker-1"",""cpu"":""12.68%"",""mem"":""132.9MiB / 122.8GiB""},{""name"":""lab-api"",""cpu"":""0.00%"",""mem"":""144.9MiB / 122.8GiB""},{""name"":""lab-allegro-stub"",""cpu"":""0.00%"",""mem"":""21.03MiB / 122.8GiB""},{""name"":""lab-erli-stub"",""cpu"":""0.00%"",""mem"":""18.05MiB / 122.8GiB""},{""name"":""lab-eparagony-stub"",""cpu"":""0.00%"",""mem"":""20.36MiB / 122.8GiB""},{""name"":""lab-invoicing-stub"",""cpu"":""0.00%"",""mem"":""16.6MiB / 122.8GiB""},{""name"":""lab-shipping-stub"",""cpu"":""0.00%"",""mem"":""16.58MiB / 122.8GiB""},{""name"":""lab-eparagony-stub-tls"",""cpu"":""0.00%"",""mem"":""23.3MiB / 122.8GiB""},{""name"":""lab-erli-stub-tls"",""cpu"":""0.00%"",""mem"":""22.67MiB / 122.8GiB""},{""name"":""lab-wc-tls"",""cpu"":""0.00%"",""mem"":""29.51MiB / 122.8GiB""},{""name"":""lab-prestashop"",""cpu"":""10.30%"",""mem"":""143.5MiB / 122.8GiB""},{""name"":""lab-woocommerce"",""cpu"":""0.01%"",""mem"":""294.6MiB / 122.8GiB""},{""name"":""lab-redis"",""cpu"":""2.60%"",""mem"":""80.34MiB / 122.8GiB""},{""name"":""lab-postgres"",""cpu"":""8.87%"",""mem"":""241.6MiB / 122.8GiB""},{""name"":""lab-mysql"",""cpu"":""11.34%"",""mem"":""724.4MiB / 122.8GiB""},{""name"":""lab-woocommerce-mysql"",""cpu"":""0.87%"",""mem"":""511.8MiB / 122.8GiB""}]"
2026-09-10T13:43:05Z,3,1178,3,0,20,2668746419,"[{""name"":""lab-worker-1"",""cpu"":""12.68%"",""mem"":""132.9MiB / 122.8GiB""},{""name"":""lab-api"",""cpu"":""0.00%"",""mem"":""144.9MiB / 122.8GiB""},{""name"":""lab-allegro-stub"",""cpu"":""0.00%"",""mem"":""21.03MiB / 122.8GiB""},{""name"":""lab-erli-stub"",""cpu"":""0.00%"",""mem"":""18.05MiB / 122.8GiB""},{""name"":""lab-eparagony-stub"",""cpu"":""0.00%"",""mem"":""20.36MiB / 122.8GiB""},{""name"":""lab-invoicing-stub"",""cpu"":""0.00%"",""mem"":""16.6MiB / 122.8GiB""},{""name"":""lab-shipping-stub"",""cpu"":""0.00%"",""mem"":""16.58MiB / 122.8GiB""},{""name"":""lab-eparagony-stub-tls"",""cpu"":""0.00%"",""mem"":""23.3MiB / 122.8GiB""},{""name"":""lab-erli-stub-tls"",""cpu"":""0.00%"",""mem"":""22.67MiB / 122.8GiB""},{""name"":""lab-wc-tls"",""cpu"":""0.00%"",""mem"":""29.51MiB / 122.8GiB""},{""name"":""lab-prestashop"",""cpu"":""10.30%"",""mem"":""143.5MiB / 122.8GiB""},{""name"":""lab-woocommerce"",""cpu"":""0.01%"",""mem"":""294.6MiB / 122.8GiB""},{""name"":""lab-redis"",""cpu"":""2.60%"",""mem"":""80.34MiB / 122.8GiB""},{""name"":""lab-postgres"",""cpu"":""8.87%"",""mem"":""241.6MiB / 122.8GiB""},{""name"":""lab-mysql"",""cpu"":""11.34%"",""mem"":""724.4MiB / 122.8GiB""},{""name"":""lab-woocommerce-mysql"",""cpu"":""0.87%"",""mem"":""511.8MiB / 122.8GiB""}]"
2026-09-10T13:43:08Z,3,1279,1,0,20,2668746419,"[{""name"":""lab-worker-1"",""cpu"":""3.11%"",""mem"":""132.7MiB / 122.8GiB""},{""name"":""lab-api"",""cpu"":""0.01%"",""mem"":""144.9MiB / 122.8GiB""},{""name"":""lab-allegro-stub"",""cpu"":""0.00%"",""mem"":""21.03MiB / 122.8GiB""},{""name"":""lab-erli-stub"",""cpu"":""3.85%"",""mem"":""18.11MiB / 122.8GiB""},{""name"":""lab-eparagony-stub"",""cpu"":""4.00%"",""mem"":""20.39MiB / 122.8GiB""},{""name"":""lab-invoicing-stub"",""cpu"":""0.00%"",""mem"":""16.6MiB / 122.8GiB""},{""name"":""lab-shipping-stub"",""cpu"":""0.00%"",""mem"":""16.58MiB / 122.8GiB""},{""name"":""lab-eparagony-stub-tls"",""cpu"":""0.00%"",""mem"":""23.3MiB / 122.8GiB""},{""name"":""lab-erli-stub-tls"",""cpu"":""0.00%"",""mem"":""22.67MiB / 122.8GiB""},{""name"":""lab-wc-tls"",""cpu"":""0.00%"",""mem"":""29.51MiB / 122.8GiB""},{""name"":""lab-prestashop"",""cpu"":""7.50%"",""mem"":""141.8MiB / 122.8GiB""},{""name"":""lab-woocommerce"",""cpu"":""0.01%"",""mem"":""294.6MiB / 122.8GiB""},{""name"":""lab-redis"",""cpu"":""0.73%"",""mem"":""80.34MiB / 122.8GiB""},{""name"":""lab-postgres"",""cpu"":""0.64%"",""mem"":""241.8MiB / 122.8GiB""},{""name"":""lab-mysql"",""cpu"":""7.10%"",""mem"":""724.4MiB / 122.8GiB""},{""name"":""lab-woocommerce-mysql"",""cpu"":""0.93%"",""mem"":""511.9MiB / 122.8GiB""}]"
2026-09-10T13:43:08Z,3,1279,1,0,20,2668746419,"[{""name"":""lab-worker-1"",""cpu"":""3.11%"",""mem"":""132.7MiB / 122.8GiB""},{""name"":""lab-api"",""cpu"":""0.01%"",""mem"":""144.9MiB / 122.8GiB""},{""name"":""lab-allegro-stub"",""cpu"":""0.00%"",""mem"":""21.03MiB / 122.8GiB""},{""name"":""lab-erli-stub"",""cpu"":""3.85%"",""mem"":""18.11MiB / 122.8GiB""},{""name"":""lab-eparagony-stub"",""cpu"":""4.00%"",""mem"":""20.39MiB / 122.8GiB""},{""name"":""lab-invoicing-stub"",""cpu"":""0.00%"",""mem"":""16.6MiB / 122.8GiB""},{""name"":""lab-shipping-stub"",""cpu"":""0.00%"",""mem"":""16.58MiB / 122.8GiB""},{""name"":""lab-eparagony-stub-tls"",""cpu"":""0.00%"",""mem"":""23.3MiB / 122.8GiB""},{""name"":""lab-erli-stub-tls"",""cpu"":""0.00%"",""mem"":""22.67MiB / 122.8GiB""},{""name"":""lab-wc-tls"",""cpu"":""0.00%"",""mem"":""29.51MiB / 122.8GiB""},{""name"":""lab-prestashop"",""cpu"":""7.50%"",""mem"":""141.8MiB / 122.8GiB""},{""name"":""lab-woocommerce"",""cpu"":""0.01%"",""mem"":""294.6MiB / 122.8GiB""},{""name"":""lab-redis"",""cpu"":""0.73%"",""mem"":""80.34MiB / 122.8GiB""},{""name"":""lab-postgres"",""cpu"":""0.64%"",""mem"":""241.8MiB / 122.8GiB""},{""name"":""lab-mysql"",""cpu"":""7.10%"",""mem"":""724.4MiB / 122.8GiB""},{""name"":""lab-woocommerce-mysql"",""cpu"":""0.93%"",""mem"":""511.9MiB / 122.8GiB""}]"
2026-09-10T13:43:11Z,3,1278,2,0,20,2668746419,"[{""name"":""lab-worker-1"",""cpu"":""3.86%"",""mem"":""132.8MiB / 122.8GiB""},{""name"":""lab-api"",""cpu"":""0.00%"",""mem"":""144.9MiB / 122.8GiB""},{""name"":""lab-allegro-stub"",""cpu"":""0.00%"",""mem"":""21.03MiB / 122.8GiB""},{""name"":""lab-erli-stub"",""cpu"":""0.00%"",""mem"":""18.05MiB / 122.8GiB""},{""name"":""lab-eparagony-stub"",""cpu"":""0.00%"",""mem"":""20.37MiB / 122.8GiB""},{""name"":""lab-invoicing-stub"",""cpu"":""0.00%"",""mem"":""16.6MiB / 122.8GiB""},{""name"":""lab-shipping-stub"",""cpu"":""0.00%"",""mem"":""16.58MiB / 122.8GiB""},{""name"":""lab-eparagony-stub-tls"",""cpu"":""0.00%"",""mem"":""23.3MiB / 122.8GiB""},{""name"":""lab-erli-stub-tls"",""cpu"":""0.00%"",""mem"":""22.67MiB / 122.8GiB""},{""name"":""lab-wc-tls"",""cpu"":""0.00%"",""mem"":""29.51MiB / 122.8GiB""},{""name"":""lab-prestashop"",""cpu"":""13.71%"",""mem"":""139.6MiB / 122.8GiB""},{""name"":""lab-woocommerce"",""cpu"":""0.01%"",""mem"":""294.6MiB / 122.8GiB""},{""name"":""lab-redis"",""cpu"":""0.70%"",""mem"":""80.34MiB / 122.8GiB""},{""name"":""lab-postgres"",""cpu"":""1.47%"",""mem"":""241.8MiB / 122.8GiB""},{""name"":""lab-mysql"",""cpu"":""7.86%"",""mem"":""724.6MiB / 122.8GiB""},{""name"":""lab-woocommerce-mysql"",""cpu"":""0.83%"",""mem"":""511.8MiB / 122.8GiB""}]"
2026-09-10T13:43:11Z,3,1278,2,0,20,2668746419,"[{""name"":""lab-worker-1"",""cpu"":""3.86%"",""mem"":""132.8MiB / 122.8GiB""},{""name"":""lab-api"",""cpu"":""0.00%"",""mem"":""144.9MiB / 122.8GiB""},{""name"":""lab-allegro-stub"",""cpu"":""0.00%"",""mem"":""21.03MiB / 122.8GiB""},{""name"":""lab-erli-stub"",""cpu"":""0.00%"",""mem"":""18.05MiB / 122.8GiB""},{""name"":""lab-eparagony-stub"",""cpu"":""0.00%"",""mem"":""20.37MiB / 122.8GiB""},{""name"":""lab-invoicing-stub"",""cpu"":""0.00%"",""mem"":""16.6MiB / 122.8GiB""},{""name"":""lab-shipping-stub"",""cpu"":""0.00%"",""mem"":""16.58MiB / 122.8GiB""},{""name"":""lab-eparagony-stub-tls"",""cpu"":""0.00%"",""mem"":""23.3MiB / 122.8GiB""},{""name"":""lab-erli-stub-tls"",""cpu"":""0.00%"",""mem"":""22.67MiB / 122.8GiB""},{""name"":""lab-wc-tls"",""cpu"":""0.00%"",""mem"":""29.51MiB / 122.8GiB""},{""name"":""lab-prestashop"",""cpu"":""13.71%"",""mem"":""139.6MiB / 122.8GiB""},{""name"":""lab-woocommerce"",""cpu"":""0.01%"",""mem"":""294.6MiB / 122.8GiB""},{""name"":""lab-redis"",""cpu"":""0.70%"",""mem"":""80.34MiB / 122.8GiB""},{""name"":""lab-postgres"",""cpu"":""1.47%"",""mem"":""241.8MiB / 122.8GiB""},{""name"":""lab-mysql"",""cpu"":""7.86%"",""mem"":""724.6MiB / 122.8GiB""},{""name"":""lab-woocommerce-mysql"",""cpu"":""0.83%"",""mem"":""511.8MiB / 122.8GiB""}]"
2026-09-10T13:43:15Z,3,1278,3,0,20,2668746419,"[{""name"":""lab-worker-1"",""cpu"":""4.32%"",""mem"":""133.6MiB / 122.8GiB""},{""name"":""lab-api"",""cpu"":""0.00%"",""mem"":""144.9MiB / 122.8GiB""},{""name"":""lab-allegro-stub"",""cpu"":""0.01%"",""mem"":""21.04MiB / 122.8GiB""},{""name"":""lab-erli-stub"",""cpu"":""0.01%"",""mem"":""18.05MiB / 122.8GiB""},{""name"":""lab-eparagony-stub"",""cpu"":""0.00%"",""mem"":""20.37MiB / 122.8GiB""},{""name"":""lab-invoicing-stub"",""cpu"":""0.01%"",""mem"":""16.6MiB / 122.8GiB""},{""name"":""lab-shipping-stub"",""cpu"":""0.01%"",""mem"":""16.59MiB / 122.8GiB""},{""name"":""lab-eparagony-stub-tls"",""cpu"":""0.00%"",""mem"":""23.3MiB / 122.8GiB""},{""name"":""lab-erli-stub-tls"",""cpu"":""0.00%"",""mem"":""22.67MiB / 122.8GiB""},{""name"":""lab-wc-tls"",""cpu"":""0.00%"",""mem"":""29.51MiB / 122.8GiB""},{""name"":""lab-prestashop"",""cpu"":""7.36%"",""mem"":""139.5MiB / 122.8GiB""},{""name"":""lab-woocommerce"",""cpu"":""0.01%"",""mem"":""294.6MiB / 122.8GiB""},{""name"":""lab-redis"",""cpu"":""0.70%"",""mem"":""80.39MiB / 122.8GiB""},{""name"":""lab-postgres"",""cpu"":""6.89%"",""mem"":""241.8MiB / 122.8GiB""},{""name"":""lab-mysql"",""cpu"":""12.09%"",""mem"":""724.4MiB / 122.8GiB""},{""name"":""lab-woocommerce-mysql"",""cpu"":""0.90%"",""mem"":""511.8MiB / 122.8GiB""}]"
2026-09-10T13:43:15Z,3,1278,3,0,20,2668746419,"[{""name"":""lab-worker-1"",""cpu"":""4.32%"",""mem"":""133.6MiB / 122.8GiB""},{""name"":""lab-api"",""cpu"":""0.00%"",""mem"":""144.9MiB / 122.8GiB""},{""name"":""lab-allegro-stub"",""cpu"":""0.01%"",""mem"":""21.04MiB / 122.8GiB""},{""name"":""lab-erli-stub"",""cpu"":""0.01%"",""mem"":""18.05MiB / 122.8GiB""},{""name"":""lab-eparagony-stub"",""cpu"":""0.00%"",""mem"":""20.37MiB / 122.8GiB""},{""name"":""lab-invoicing-stub"",""cpu"":""0.01%"",""mem"":""16.6MiB / 122.8GiB""},{""name"":""lab-shipping-stub"",""cpu"":""0.01%"",""mem"":""16.59MiB / 122.8GiB""},{""name"":""lab-eparagony-stub-tls"",""cpu"":""0.00%"",""mem"":""23.3MiB / 122.8GiB""},{""name"":""lab-erli-stub-tls"",""cpu"":""0.00%"",""mem"":""22.67MiB / 122.8GiB""},{""name"":""lab-wc-tls"",""cpu"":""0.00%"",""mem"":""29.51MiB / 122.8GiB""},{""name"":""lab-prestashop"",""cpu"":""7.36%"",""mem"":""139.5MiB / 122.8GiB""},{""name"":""lab-woocommerce"",""cpu"":""0.01%"",""mem"":""294.6MiB / 122.8GiB""},{""name"":""lab-redis"",""cpu"":""0.70%"",""mem"":""80.39MiB / 122.8GiB""},{""name"":""lab-postgres"",""cpu"":""6.89%"",""mem"":""241.8MiB / 122.8GiB""},{""name"":""lab-mysql"",""cpu"":""12.09%"",""mem"":""724.4MiB / 122.8GiB""},{""name"":""lab-woocommerce-mysql"",""cpu"":""0.90%"",""mem"":""511.8MiB / 122.8GiB""}]"
2026-09-10T13:43:18Z,4,1379,1,0,20,2668746419,"[{""name"":""lab-worker-1"",""cpu"":""6.22%"",""mem"":""133.2MiB / 122.8GiB""},{""name"":""lab-api"",""cpu"":""0.01%"",""mem"":""144.9MiB / 122.8GiB""},{""name"":""lab-allegro-stub"",""cpu"":""0.00%"",""mem"":""21.03MiB / 122.8GiB""},{""name"":""lab-erli-stub"",""cpu"":""0.00%"",""mem"":""18.05MiB / 122.8GiB""},{""name"":""lab-eparagony-stub"",""cpu"":""4.08%"",""mem"":""20.39MiB / 122.8GiB""},{""name"":""lab-invoicing-stub"",""cpu"":""0.00%"",""mem"":""16.6MiB / 122.8GiB""},{""name"":""lab-shipping-stub"",""cpu"":""0.00%"",""mem"":""16.58MiB / 122.8GiB""},{""name"":""lab-eparagony-stub-tls"",""cpu"":""0.00%"",""mem"":""23.3MiB / 122.8GiB""},{""name"":""lab-erli-stub-tls"",""cpu"":""0.00%"",""mem"":""22.67MiB / 122.8GiB""},{""name"":""lab-wc-tls"",""cpu"":""0.00%"",""mem"":""29.51MiB / 122.8GiB""},{""name"":""lab-prestashop"",""cpu"":""9.55%"",""mem"":""139.5MiB / 122.8GiB""},{""name"":""lab-woocommerce"",""cpu"":""0.01%"",""mem"":""294.6MiB / 122.8GiB""},{""name"":""lab-redis"",""cpu"":""0.70%"",""mem"":""80.4MiB / 122.8GiB""},{""name"":""lab-postgres"",""cpu"":""2.56%"",""mem"":""241.8MiB / 122.8GiB""},{""name"":""lab-mysql"",""cpu"":""8.36%"",""mem"":""724.6MiB / 122.8GiB""},{""name"":""lab-woocommerce-mysql"",""cpu"":""5.48%"",""mem"":""511.8MiB / 122.8GiB""}]"
2026-09-10T13:43:18Z,4,1379,1,0,20,2668746419,"[{""name"":""lab-worker-1"",""cpu"":""6.22%"",""mem"":""133.2MiB / 122.8GiB""},{""name"":""lab-api"",""cpu"":""0.01%"",""mem"":""144.9MiB / 122.8GiB""},{""name"":""lab-allegro-stub"",""cpu"":""0.00%"",""mem"":""21.03MiB / 122.8GiB""},{""name"":""lab-erli-stub"",""cpu"":""0.00%"",""mem"":""18.05MiB / 122.8GiB""},{""name"":""lab-eparagony-stub"",""cpu"":""4.08%"",""mem"":""20.39MiB / 122.8GiB""},{""name"":""lab-invoicing-stub"",""cpu"":""0.00%"",""mem"":""16.6MiB / 122.8GiB""},{""name"":""lab-shipping-stub"",""cpu"":""0.00%"",""mem"":""16.58MiB / 122.8GiB""},{""name"":""lab-eparagony-stub-tls"",""cpu"":""0.00%"",""mem"":""23.3MiB / 122.8GiB""},{""name"":""lab-erli-stub-tls"",""cpu"":""0.00%"",""mem"":""22.67MiB / 122.8GiB""},{""name"":""lab-wc-tls"",""cpu"":""0.00%"",""mem"":""29.51MiB / 122.8GiB""},{""name"":""lab-prestashop"",""cpu"":""9.55%"",""mem"":""139.5MiB / 122.8GiB""},{""name"":""lab-woocommerce"",""cpu"":""0.01%"",""mem"":""294.6MiB / 122.8GiB""},{""name"":""lab-redis"",""cpu"":""0.70%"",""mem"":""80.4MiB / 122.8GiB""},{""name"":""lab-postgres"",""cpu"":""2.56%"",""mem"":""241.8MiB / 122.8GiB""},{""name"":""lab-mysql"",""cpu"":""8.36%"",""mem"":""724.6MiB / 122.8GiB""},{""name"":""lab-woocommerce-mysql"",""cpu"":""5.48%"",""mem"":""511.8MiB / 122.8GiB""}]"
2026-09-10T13:43:21Z,3,1379,2,0,21,2668746419,"[{""name"":""lab-worker-1"",""cpu"":""5.82%"",""mem"":""133.3MiB / 122.8GiB""},{""name"":""lab-api"",""cpu"":""0.01%"",""mem"":""144.9MiB / 122.8GiB""},{""name"":""lab-allegro-stub"",""cpu"":""0.00%"",""mem"":""21.03MiB / 122.8GiB""},{""name"":""lab-erli-stub"",""cpu"":""0.00%"",""mem"":""18.05MiB / 122.8GiB""},{""name"":""lab-eparagony-stub"",""cpu"":""0.00%"",""mem"":""20.36MiB / 122.8GiB""},{""name"":""lab-invoicing-stub"",""cpu"":""0.00%"",""mem"":""16.6MiB / 122.8GiB""},{""name"":""lab-shipping-stub"",""cpu"":""0.00%"",""mem"":""16.58MiB / 122.8GiB""},{""name"":""lab-eparagony-stub-tls"",""cpu"":""0.00%"",""mem"":""23.3MiB / 122.8GiB""},{""name"":""lab-erli-stub-tls"",""cpu"":""0.00%"",""mem"":""22.67MiB / 122.8GiB""},{""name"":""lab-wc-tls"",""cpu"":""0.00%"",""mem"":""29.51MiB / 122.8GiB""},{""name"":""lab-prestashop"",""cpu"":""8.07%"",""mem"":""139.5MiB / 122.8GiB""},{""name"":""lab-woocommerce"",""cpu"":""0.01%"",""mem"":""294.6MiB / 122.8GiB""},{""name"":""lab-redis"",""cpu"":""0.75%"",""mem"":""80.4MiB / 122.8GiB""},{""name"":""lab-postgres"",""cpu"":""1.74%"",""mem"":""241.8MiB / 122.8GiB""},{""name"":""lab-mysql"",""cpu"":""8.32%"",""mem"":""724.6MiB / 122.8GiB""},{""name"":""lab-woocommerce-mysql"",""cpu"":""0.89%"",""mem"":""511.8MiB / 122.8GiB""}]"
2026-09-10T13:43:21Z,3,1379,2,0,21,2668746419,"[{""name"":""lab-worker-1"",""cpu"":""5.82%"",""mem"":""133.3MiB / 122.8GiB""},{""name"":""lab-api"",""cpu"":""0.01%"",""mem"":""144.9MiB / 122.8GiB""},{""name"":""lab-allegro-stub"",""cpu"":""0.00%"",""mem"":""21.03MiB / 122.8GiB""},{""name"":""lab-erli-stub"",""cpu"":""0.00%"",""mem"":""18.05MiB / 122.8GiB""},{""name"":""lab-eparagony-stub"",""cpu"":""0.00%"",""mem"":""20.36MiB / 122.8GiB""},{""name"":""lab-invoicing-stub"",""cpu"":""0.00%"",""mem"":""16.6MiB / 122.8GiB""},{""name"":""lab-shipping-stub"",""cpu"":""0.00%"",""mem"":""16.58MiB / 122.8GiB""},{""name"":""lab-eparagony-stub-tls"",""cpu"":""0.00%"",""mem"":""23.3MiB / 122.8GiB""},{""name"":""lab-erli-stub-tls"",""cpu"":""0.00%"",""mem"":""22.67MiB / 122.8GiB""},{""name"":""lab-wc-tls"",""cpu"":""0.00%"",""mem"":""29.51MiB / 122.8GiB""},{""name"":""lab-prestashop"",""cpu"":""8.07%"",""mem"":""139.5MiB / 122.8GiB""},{""name"":""lab-woocommerce"",""cpu"":""0.01%"",""mem"":""294.6MiB / 122.8GiB""},{""name"":""lab-redis"",""cpu"":""0.75%"",""mem"":""80.4MiB / 122.8GiB""},{""name"":""lab-postgres"",""cpu"":""1.74%"",""mem"":""241.8MiB / 122.8GiB""},{""name"":""lab-mysql"",""cpu"":""8.32%"",""mem"":""724.6MiB / 122.8GiB""},{""name"":""lab-woocommerce-mysql"",""cpu"":""0.89%"",""mem"":""511.8MiB / 122.8GiB""}]"
2026-09-10T13:43:24Z,3,1380,3,0,20,2668746419,"[{""name"":""lab-worker-1"",""cpu"":""14.76%"",""mem"":""133.2MiB / 122.8GiB""},{""name"":""lab-api"",""cpu"":""0.00%"",""mem"":""144.9MiB / 122.8GiB""},{""name"":""lab-allegro-stub"",""cpu"":""3.68%"",""mem"":""21.03MiB / 122.8GiB""},{""name"":""lab-erli-stub"",""cpu"":""4.21%"",""mem"":""18.09MiB / 122.8GiB""},{""name"":""lab-eparagony-stub"",""cpu"":""0.00%"",""mem"":""20.36MiB / 122.8GiB""},{""name"":""lab-invoicing-stub"",""cpu"":""3.99%"",""mem"":""16.6MiB / 122.8GiB""},{""name"":""lab-shipping-stub"",""cpu"":""3.86%"",""mem"":""16.59MiB / 122.8GiB""},{""name"":""lab-eparagony-stub-tls"",""cpu"":""0.00%"",""mem"":""23.3MiB / 122.8GiB""},{""name"":""lab-erli-stub-tls"",""cpu"":""0.00%"",""mem"":""22.67MiB / 122.8GiB""},{""name"":""lab-wc-tls"",""cpu"":""0.00%"",""mem"":""29.51MiB / 122.8GiB""},{""name"":""lab-prestashop"",""cpu"":""10.67%"",""mem"":""139.5MiB / 122.8GiB""},{""name"":""lab-woocommerce"",""cpu"":""0.00%"",""mem"":""294.6MiB / 122.8GiB""},{""name"":""lab-redis"",""cpu"":""3.02%"",""mem"":""80.7MiB / 122.8GiB""},{""name"":""lab-postgres"",""cpu"":""17.75%"",""mem"":""241.3MiB / 122.8GiB""},{""name"":""lab-mysql"",""cpu"":""12.46%"",""mem"":""724.4MiB / 122.8GiB""},{""name"":""lab-woocommerce-mysql"",""cpu"":""0.87%"",""mem"":""511.8MiB / 122.8GiB""}]"
2026-09-10T13:43:24Z,3,1380,3,0,20,2668746419,"[{""name"":""lab-worker-1"",""cpu"":""14.76%"",""mem"":""133.2MiB / 122.8GiB""},{""name"":""lab-api"",""cpu"":""0.00%"",""mem"":""144.9MiB / 122.8GiB""},{""name"":""lab-allegro-stub"",""cpu"":""3.68%"",""mem"":""21.03MiB / 122.8GiB""},{""name"":""lab-erli-stub"",""cpu"":""4.21%"",""mem"":""18.09MiB / 122.8GiB""},{""name"":""lab-eparagony-stub"",""cpu"":""0.00%"",""mem"":""20.36MiB / 122.8GiB""},{""name"":""lab-invoicing-stub"",""cpu"":""3.99%"",""mem"":""16.6MiB / 122.8GiB""},{""name"":""lab-shipping-stub"",""cpu"":""3.86%"",""mem"":""16.59MiB / 122.8GiB""},{""name"":""lab-eparagony-stub-tls"",""cpu"":""0.00%"",""mem"":""23.3MiB / 122.8GiB""},{""name"":""lab-erli-stub-tls"",""cpu"":""0.00%"",""mem"":""22.67MiB / 122.8GiB""},{""name"":""lab-wc-tls"",""cpu"":""0.00%"",""mem"":""29.51MiB / 122.8GiB""},{""name"":""lab-prestashop"",""cpu"":""10.67%"",""mem"":""139.5MiB / 122.8GiB""},{""name"":""lab-woocommerce"",""cpu"":""0.00%"",""mem"":""294.6MiB / 122.8GiB""},{""name"":""lab-redis"",""cpu"":""3.02%"",""mem"":""80.7MiB / 122.8GiB""},{""name"":""lab-postgres"",""cpu"":""17.75%"",""mem"":""241.3MiB / 122.8GiB""},{""name"":""lab-mysql"",""cpu"":""12.46%"",""mem"":""724.4MiB / 122.8GiB""},{""name"":""lab-woocommerce-mysql"",""cpu"":""0.87%"",""mem"":""511.8MiB / 122.8GiB""}]"
2026-09-10T13:43:27Z,3,1477,2,0,21,2668746419,"[{""name"":""lab-worker-1"",""cpu"":""3.83%"",""mem"":""133.5MiB / 122.8GiB""},{""name"":""lab-api"",""cpu"":""0.00%"",""mem"":""144.9MiB / 122.8GiB""},{""name"":""lab-allegro-stub"",""cpu"":""0.01%"",""mem"":""21.03MiB / 122.8GiB""},{""name"":""lab-erli-stub"",""cpu"":""0.00%"",""mem"":""18.05MiB / 122.8GiB""},{""name"":""lab-eparagony-stub"",""cpu"":""0.01%"",""mem"":""20.36MiB / 122.8GiB""},{""name"":""lab-invoicing-stub"",""cpu"":""0.00%"",""mem"":""16.6MiB / 122.8GiB""},{""name"":""lab-shipping-stub"",""cpu"":""0.00%"",""mem"":""16.58MiB / 122.8GiB""},{""name"":""lab-eparagony-stub-tls"",""cpu"":""0.00%"",""mem"":""23.3MiB / 122.8GiB""},{""name"":""lab-erli-stub-tls"",""cpu"":""0.00%"",""mem"":""22.67MiB / 122.8GiB""},{""name"":""lab-wc-tls"",""cpu"":""0.00%"",""mem"":""29.51MiB / 122.8GiB""},{""name"":""lab-prestashop"",""cpu"":""7.33%"",""mem"":""139.5MiB / 122.8GiB""},{""name"":""lab-woocommerce"",""cpu"":""0.00%"",""mem"":""294.6MiB / 122.8GiB""},{""name"":""lab-redis"",""cpu"":""0.84%"",""mem"":""80.7MiB / 122.8GiB""},{""name"":""lab-postgres"",""cpu"":""1.72%"",""mem"":""241.8MiB / 122.8GiB""},{""name"":""lab-mysql"",""cpu"":""7.66%"",""mem"":""724.4MiB / 122.8GiB""},{""name"":""lab-woocommerce-mysql"",""cpu"":""1.00%"",""mem"":""511.8MiB / 122.8GiB""}]"
2026-09-10T13:43:27Z,3,1477,2,0,21,2668746419,"[{""name"":""lab-worker-1"",""cpu"":""3.83%"",""mem"":""133.5MiB / 122.8GiB""},{""name"":""lab-api"",""cpu"":""0.00%"",""mem"":""144.9MiB / 122.8GiB""},{""name"":""lab-allegro-stub"",""cpu"":""0.01%"",""mem"":""21.03MiB / 122.8GiB""},{""name"":""lab-erli-stub"",""cpu"":""0.00%"",""mem"":""18.05MiB / 122.8GiB""},{""name"":""lab-eparagony-stub"",""cpu"":""0.01%"",""mem"":""20.36MiB / 122.8GiB""},{""name"":""lab-invoicing-stub"",""cpu"":""0.00%"",""mem"":""16.6MiB / 122.8GiB""},{""name"":""lab-shipping-stub"",""cpu"":""0.00%"",""mem"":""16.58MiB / 122.8GiB""},{""name"":""lab-eparagony-stub-tls"",""cpu"":""0.00%"",""mem"":""23.3MiB / 122.8GiB""},{""name"":""lab-erli-stub-tls"",""cpu"":""0.00%"",""mem"":""22.67MiB / 122.8GiB""},{""name"":""lab-wc-tls"",""cpu"":""0.00%"",""mem"":""29.51MiB / 122.8GiB""},{""name"":""lab-prestashop"",""cpu"":""7.33%"",""mem"":""139.5MiB / 122.8GiB""},{""name"":""lab-woocommerce"",""cpu"":""0.00%"",""mem"":""294.6MiB / 122.8GiB""},{""name"":""lab-redis"",""cpu"":""0.84%"",""mem"":""80.7MiB / 122.8GiB""},{""name"":""lab-postgres"",""cpu"":""1.72%"",""mem"":""241.8MiB / 122.8GiB""},{""name"":""lab-mysql"",""cpu"":""7.66%"",""mem"":""724.4MiB / 122.8GiB""},{""name"":""lab-woocommerce-mysql"",""cpu"":""1.00%"",""mem"":""511.8MiB / 122.8GiB""}]"
2026-09-10T13:43:30Z,3,1477,2,0,21,2668746419,"[{""name"":""lab-worker-1"",""cpu"":""5.49%"",""mem"":""134.1MiB / 122.8GiB""},{""name"":""lab-api"",""cpu"":""0.00%"",""mem"":""144.9MiB / 122.8GiB""},{""name"":""lab-allegro-stub"",""cpu"":""0.01%"",""mem"":""21.03MiB / 122.8GiB""},{""name"":""lab-erli-stub"",""cpu"":""0.00%"",""mem"":""18.05MiB / 122.8GiB""},{""name"":""lab-eparagony-stub"",""cpu"":""0.00%"",""mem"":""20.37MiB / 122.8GiB""},{""name"":""lab-invoicing-stub"",""cpu"":""0.01%"",""mem"":""16.6MiB / 122.8GiB""},{""name"":""lab-shipping-stub"",""cpu"":""0.01%"",""mem"":""16.58MiB / 122.8GiB""},{""name"":""lab-eparagony-stub-tls"",""cpu"":""0.00%"",""mem"":""23.3MiB / 122.8GiB""},{""name"":""lab-erli-stub-tls"",""cpu"":""0.00%"",""mem"":""22.67MiB / 122.8GiB""},{""name"":""lab-wc-tls"",""cpu"":""0.00%"",""mem"":""29.51MiB / 122.8GiB""},{""name"":""lab-prestashop"",""cpu"":""7.93%"",""mem"":""137.5MiB / 122.8GiB""},{""name"":""lab-woocommerce"",""cpu"":""0.01%"",""mem"":""294.6MiB / 122.8GiB""},{""name"":""lab-redis"",""cpu"":""0.78%"",""mem"":""80.45MiB / 122.8GiB""},{""name"":""lab-postgres"",""cpu"":""3.63%"",""mem"":""241.8MiB / 122.8GiB""},{""name"":""lab-mysql"",""cpu"":""8.23%"",""mem"":""724.4MiB / 122.8GiB""},{""name"":""lab-woocommerce-mysql"",""cpu"":""1.04%"",""mem"":""511.8MiB / 122.8GiB""}]"
2026-09-10T13:43:30Z,3,1477,2,0,21,2668746419,"[{""name"":""lab-worker-1"",""cpu"":""5.49%"",""mem"":""134.1MiB / 122.8GiB""},{""name"":""lab-api"",""cpu"":""0.00%"",""mem"":""144.9MiB / 122.8GiB""},{""name"":""lab-allegro-stub"",""cpu"":""0.01%"",""mem"":""21.03MiB / 122.8GiB""},{""name"":""lab-erli-stub"",""cpu"":""0.00%"",""mem"":""18.05MiB / 122.8GiB""},{""name"":""lab-eparagony-stub"",""cpu"":""0.00%"",""mem"":""20.37MiB / 122.8GiB""},{""name"":""lab-invoicing-stub"",""cpu"":""0.01%"",""mem"":""16.6MiB / 122.8GiB""},{""name"":""lab-shipping-stub"",""cpu"":""0.01%"",""mem"":""16.58MiB / 122.8GiB""},{""name"":""lab-eparagony-stub-tls"",""cpu"":""0.00%"",""mem"":""23.3MiB / 122.8GiB""},{""name"":""lab-erli-stub-tls"",""cpu"":""0.00%"",""mem"":""22.67MiB / 122.8GiB""},{""name"":""lab-wc-tls"",""cpu"":""0.00%"",""mem"":""29.51MiB / 122.8GiB""},{""name"":""lab-prestashop"",""cpu"":""7.93%"",""mem"":""137.5MiB / 122.8GiB""},{""name"":""lab-woocommerce"",""cpu"":""0.01%"",""mem"":""294.6MiB / 122.8GiB""},{""name"":""lab-redis"",""cpu"":""0.78%"",""mem"":""80.45MiB / 122.8GiB""},{""name"":""lab-postgres"",""cpu"":""3.63%"",""mem"":""241.8MiB / 122.8GiB""},{""name"":""lab-mysql"",""cpu"":""8.23%"",""mem"":""724.4MiB / 122.8GiB""},{""name"":""lab-woocommerce-mysql"",""cpu"":""1.04%"",""mem"":""511.8MiB / 122.8GiB""}]"
2026-09-10T13:43:33Z,3,1478,1,0,21,2668754611,"[{""name"":""lab-worker-1"",""cpu"":""12.28%"",""mem"":""133.7MiB / 122.8GiB""},{""name"":""lab-api"",""cpu"":""0.01%"",""mem"":""145MiB / 122.8GiB""},{""name"":""lab-allegro-stub"",""cpu"":""0.00%"",""mem"":""21.03MiB / 122.8GiB""},{""name"":""lab-erli-stub"",""cpu"":""4.16%"",""mem"":""18.07MiB / 122.8GiB""},{""name"":""lab-eparagony-stub"",""cpu"":""4.01%"",""mem"":""20.4MiB / 122.8GiB""},{""name"":""lab-invoicing-stub"",""cpu"":""0.00%"",""mem"":""16.6MiB / 122.8GiB""},{""name"":""lab-shipping-stub"",""cpu"":""0.00%"",""mem"":""16.58MiB / 122.8GiB""},{""name"":""lab-eparagony-stub-tls"",""cpu"":""0.00%"",""mem"":""23.3MiB / 122.8GiB""},{""name"":""lab-erli-stub-tls"",""cpu"":""0.00%"",""mem"":""22.67MiB / 122.8GiB""},{""name"":""lab-wc-tls"",""cpu"":""0.00%"",""mem"":""29.51MiB / 122.8GiB""},{""name"":""lab-prestashop"",""cpu"":""12.77%"",""mem"":""137.5MiB / 122.8GiB""},{""name"":""lab-woocommerce"",""cpu"":""0.01%"",""mem"":""294.6MiB / 122.8GiB""},{""name"":""lab-redis"",""cpu"":""2.11%"",""mem"":""80.52MiB / 122.8GiB""},{""name"":""lab-postgres"",""cpu"":""8.56%"",""mem"":""244.7MiB / 122.8GiB""},{""name"":""lab-mysql"",""cpu"":""14.20%"",""mem"":""724.4MiB / 122.8GiB""},{""name"":""lab-woocommerce-mysql"",""cpu"":""0.92%"",""mem"":""511.8MiB / 122.8GiB""}]"
2026-09-10T13:43:33Z,3,1478,1,0,21,2668754611,"[{""name"":""lab-worker-1"",""cpu"":""12.28%"",""mem"":""133.7MiB / 122.8GiB""},{""name"":""lab-api"",""cpu"":""0.01%"",""mem"":""145MiB / 122.8GiB""},{""name"":""lab-allegro-stub"",""cpu"":""0.00%"",""mem"":""21.03MiB / 122.8GiB""},{""name"":""lab-erli-stub"",""cpu"":""4.16%"",""mem"":""18.07MiB / 122.8GiB""},{""name"":""lab-eparagony-stub"",""cpu"":""4.01%"",""mem"":""20.4MiB / 122.8GiB""},{""name"":""lab-invoicing-stub"",""cpu"":""0.00%"",""mem"":""16.6MiB / 122.8GiB""},{""name"":""lab-shipping-stub"",""cpu"":""0.00%"",""mem"":""16.58MiB / 122.8GiB""},{""name"":""lab-eparagony-stub-tls"",""cpu"":""0.00%"",""mem"":""23.3MiB / 122.8GiB""},{""name"":""lab-erli-stub-tls"",""cpu"":""0.00%"",""mem"":""22.67MiB / 122.8GiB""},{""name"":""lab-wc-tls"",""cpu"":""0.00%"",""mem"":""29.51MiB / 122.8GiB""},{""name"":""lab-prestashop"",""cpu"":""12.77%"",""mem"":""137.5MiB / 122.8GiB""},{""name"":""lab-woocommerce"",""cpu"":""0.01%"",""mem"":""294.6MiB / 122.8GiB""},{""name"":""lab-redis"",""cpu"":""2.11%"",""mem"":""80.52MiB / 122.8GiB""},{""name"":""lab-postgres"",""cpu"":""8.56%"",""mem"":""244.7MiB / 122.8GiB""},{""name"":""lab-mysql"",""cpu"":""14.20%"",""mem"":""724.4MiB / 122.8GiB""},{""name"":""lab-woocommerce-mysql"",""cpu"":""0.92%"",""mem"":""511.8MiB / 122.8GiB""}]"
2026-09-10T13:43:36Z,3,1578,2,0,20,2668754611,"[{""name"":""lab-worker-1"",""cpu"":""6.51%"",""mem"":""133.3MiB / 122.8GiB""},{""name"":""lab-api"",""cpu"":""0.00%"",""mem"":""145MiB / 122.8GiB""},{""name"":""lab-allegro-stub"",""cpu"":""0.00%"",""mem"":""21.03MiB / 122.8GiB""},{""name"":""lab-erli-stub"",""cpu"":""0.00%"",""mem"":""18.05MiB / 122.8GiB""},{""name"":""lab-eparagony-stub"",""cpu"":""0.00%"",""mem"":""20.36MiB / 122.8GiB""},{""name"":""lab-invoicing-stub"",""cpu"":""0.00%"",""mem"":""16.6MiB / 122.8GiB""},{""name"":""lab-shipping-stub"",""cpu"":""0.00%"",""mem"":""16.58MiB / 122.8GiB""},{""name"":""lab-eparagony-stub-tls"",""cpu"":""0.00%"",""mem"":""23.3MiB / 122.8GiB""},{""name"":""lab-erli-stub-tls"",""cpu"":""0.00%"",""mem"":""22.67MiB / 122.8GiB""},{""name"":""lab-wc-tls"",""cpu"":""0.00%"",""mem"":""29.51MiB / 122.8GiB""},{""name"":""lab-prestashop"",""cpu"":""8.11%"",""mem"":""137.5MiB / 122.8GiB""},{""name"":""lab-woocommerce"",""cpu"":""0.01%"",""mem"":""294.6MiB / 122.8GiB""},{""name"":""lab-redis"",""cpu"":""0.67%"",""mem"":""80.5MiB / 122.8GiB""},{""name"":""lab-postgres"",""cpu"":""3.59%"",""mem"":""244.4MiB / 122.8GiB""},{""name"":""lab-mysql"",""cpu"":""8.14%"",""mem"":""724.4MiB / 122.8GiB""},{""name"":""lab-woocommerce-mysql"",""cpu"":""0.88%"",""mem"":""511.8MiB / 122.8GiB""}]"
2026-09-10T13:43:36Z,3,1578,2,0,20,2668754611,"[{""name"":""lab-worker-1"",""cpu"":""6.51%"",""mem"":""133.3MiB / 122.8GiB""},{""name"":""lab-api"",""cpu"":""0.00%"",""mem"":""145MiB / 122.8GiB""},{""name"":""lab-allegro-stub"",""cpu"":""0.00%"",""mem"":""21.03MiB / 122.8GiB""},{""name"":""lab-erli-stub"",""cpu"":""0.00%"",""mem"":""18.05MiB / 122.8GiB""},{""name"":""lab-eparagony-stub"",""cpu"":""0.00%"",""mem"":""20.36MiB / 122.8GiB""},{""name"":""lab-invoicing-stub"",""cpu"":""0.00%"",""mem"":""16.6MiB / 122.8GiB""},{""name"":""lab-shipping-stub"",""cpu"":""0.00%"",""mem"":""16.58MiB / 122.8GiB""},{""name"":""lab-eparagony-stub-tls"",""cpu"":""0.00%"",""mem"":""23.3MiB / 122.8GiB""},{""name"":""lab-erli-stub-tls"",""cpu"":""0.00%"",""mem"":""22.67MiB / 122.8GiB""},{""name"":""lab-wc-tls"",""cpu"":""0.00%"",""mem"":""29.51MiB / 122.8GiB""},{""name"":""lab-prestashop"",""cpu"":""8.11%"",""mem"":""137.5MiB / 122.8GiB""},{""name"":""lab-woocommerce"",""cpu"":""0.01%"",""mem"":""294.6MiB / 122.8GiB""},{""name"":""lab-redis"",""cpu"":""0.67%"",""mem"":""80.5MiB / 122.8GiB""},{""name"":""lab-postgres"",""cpu"":""3.59%"",""mem"":""244.4MiB / 122.8GiB""},{""name"":""lab-mysql"",""cpu"":""8.14%"",""mem"":""724.4MiB / 122.8GiB""},{""name"":""lab-woocommerce-mysql"",""cpu"":""0.88%"",""mem"":""511.8MiB / 122.8GiB""}]"
2026-09-10T13:43:40Z,3,1578,1,0,21,2668754611,"[{""name"":""lab-worker-1"",""cpu"":""3.79%"",""mem"":""133.6MiB / 122.8GiB""},{""name"":""lab-api"",""cpu"":""0.00%"",""mem"":""145MiB / 122.8GiB""},{""name"":""lab-allegro-stub"",""cpu"":""3.92%"",""mem"":""21.16MiB / 122.8GiB""},{""name"":""lab-erli-stub"",""cpu"":""0.01%"",""mem"":""18.05MiB / 122.8GiB""},{""name"":""lab-eparagony-stub"",""cpu"":""0.01%"",""mem"":""20.36MiB / 122.8GiB""},{""name"":""lab-invoicing-stub"",""cpu"":""4.18%"",""mem"":""16.71MiB / 122.8GiB""},{""name"":""lab-shipping-stub"",""cpu"":""4.04%"",""mem"":""16.58MiB / 122.8GiB""},{""name"":""lab-eparagony-stub-tls"",""cpu"":""0.00%"",""mem"":""23.3MiB / 122.8GiB""},{""name"":""lab-erli-stub-tls"",""cpu"":""0.00%"",""mem"":""22.67MiB / 122.8GiB""},{""name"":""lab-wc-tls"",""cpu"":""0.00%"",""mem"":""29.51MiB / 122.8GiB""},{""name"":""lab-prestashop"",""cpu"":""8.47%"",""mem"":""137.5MiB / 122.8GiB""},{""name"":""lab-woocommerce"",""cpu"":""0.01%"",""mem"":""294.6MiB / 122.8GiB""},{""name"":""lab-redis"",""cpu"":""0.57%"",""mem"":""80.76MiB / 122.8GiB""},{""name"":""lab-postgres"",""cpu"":""1.61%"",""mem"":""244.5MiB / 122.8GiB""},{""name"":""lab-mysql"",""cpu"":""8.45%"",""mem"":""724.4MiB / 122.8GiB""},{""name"":""lab-woocommerce-mysql"",""cpu"":""1.02%"",""mem"":""511.8MiB / 122.8GiB""}]"
2026-09-10T13:43:40Z,3,1578,1,0,21,2668754611,"[{""name"":""lab-worker-1"",""cpu"":""3.79%"",""mem"":""133.6MiB / 122.8GiB""},{""name"":""lab-api"",""cpu"":""0.00%"",""mem"":""145MiB / 122.8GiB""},{""name"":""lab-allegro-stub"",""cpu"":""3.92%"",""mem"":""21.16MiB / 122.8GiB""},{""name"":""lab-erli-stub"",""cpu"":""0.01%"",""mem"":""18.05MiB / 122.8GiB""},{""name"":""lab-eparagony-stub"",""cpu"":""0.01%"",""mem"":""20.36MiB / 122.8GiB""},{""name"":""lab-invoicing-stub"",""cpu"":""4.18%"",""mem"":""16.71MiB / 122.8GiB""},{""name"":""lab-shipping-stub"",""cpu"":""4.04%"",""mem"":""16.58MiB / 122.8GiB""},{""name"":""lab-eparagony-stub-tls"",""cpu"":""0.00%"",""mem"":""23.3MiB / 122.8GiB""},{""name"":""lab-erli-stub-tls"",""cpu"":""0.00%"",""mem"":""22.67MiB / 122.8GiB""},{""name"":""lab-wc-tls"",""cpu"":""0.00%"",""mem"":""29.51MiB / 122.8GiB""},{""name"":""lab-prestashop"",""cpu"":""8.47%"",""mem"":""137.5MiB / 122.8GiB""},{""name"":""lab-woocommerce"",""cpu"":""0.01%"",""mem"":""294.6MiB / 122.8GiB""},{""name"":""lab-redis"",""cpu"":""0.57%"",""mem"":""80.76MiB / 122.8GiB""},{""name"":""lab-postgres"",""cpu"":""1.61%"",""mem"":""244.5MiB / 122.8GiB""},{""name"":""lab-mysql"",""cpu"":""8.45%"",""mem"":""724.4MiB / 122.8GiB""},{""name"":""lab-woocommerce-mysql"",""cpu"":""1.02%"",""mem"":""511.8MiB / 122.8GiB""}]"
2026-09-10T13:43:43Z,4,1577,2,0,21,2668754611,"[{""name"":""lab-worker-1"",""cpu"":""7.92%"",""mem"":""133.6MiB / 122.8GiB""},{""name"":""lab-api"",""cpu"":""0.46%"",""mem"":""145MiB / 122.8GiB""},{""name"":""lab-allegro-stub"",""cpu"":""0.00%"",""mem"":""21.03MiB / 122.8GiB""},{""name"":""lab-erli-stub"",""cpu"":""0.01%"",""mem"":""18.05MiB / 122.8GiB""},{""name"":""lab-eparagony-stub"",""cpu"":""0.00%"",""mem"":""20.36MiB / 122.8GiB""},{""name"":""lab-invoicing-stub"",""cpu"":""0.00%"",""mem"":""16.6MiB / 122.8GiB""},{""name"":""lab-shipping-stub"",""cpu"":""0.00%"",""mem"":""16.58MiB / 122.8GiB""},{""name"":""lab-eparagony-stub-tls"",""cpu"":""0.00%"",""mem"":""23.3MiB / 122.8GiB""},{""name"":""lab-erli-stub-tls"",""cpu"":""0.00%"",""mem"":""22.67MiB / 122.8GiB""},{""name"":""lab-wc-tls"",""cpu"":""0.00%"",""mem"":""29.51MiB / 122.8GiB""},{""name"":""lab-prestashop"",""cpu"":""7.47%"",""mem"":""135.5MiB / 122.8GiB""},{""name"":""lab-woocommerce"",""cpu"":""17.91%"",""mem"":""294.6MiB / 122.8GiB""},{""name"":""lab-redis"",""cpu"":""4.14%"",""mem"":""80.76MiB / 122.8GiB""},{""name"":""lab-postgres"",""cpu"":""5.06%"",""mem"":""244.5MiB / 122.8GiB""},{""name"":""lab-mysql"",""cpu"":""7.34%"",""mem"":""724.4MiB / 122.8GiB""},{""name"":""lab-woocommerce-mysql"",""cpu"":""5.39%"",""mem"":""511.8MiB / 122.8GiB""}]"
2026-09-10T13:43:43Z,4,1577,2,0,21,2668754611,"[{""name"":""lab-worker-1"",""cpu"":""7.92%"",""mem"":""133.6MiB / 122.8GiB""},{""name"":""lab-api"",""cpu"":""0.46%"",""mem"":""145MiB / 122.8GiB""},{""name"":""lab-allegro-stub"",""cpu"":""0.00%"",""mem"":""21.03MiB / 122.8GiB""},{""name"":""lab-erli-stub"",""cpu"":""0.01%"",""mem"":""18.05MiB / 122.8GiB""},{""name"":""lab-eparagony-stub"",""cpu"":""0.00%"",""mem"":""20.36MiB / 122.8GiB""},{""name"":""lab-invoicing-stub"",""cpu"":""0.00%"",""mem"":""16.6MiB / 122.8GiB""},{""name"":""lab-shipping-stub"",""cpu"":""0.00%"",""mem"":""16.58MiB / 122.8GiB""},{""name"":""lab-eparagony-stub-tls"",""cpu"":""0.00%"",""mem"":""23.3MiB / 122.8GiB""},{""name"":""lab-erli-stub-tls"",""cpu"":""0.00%"",""mem"":""22.67MiB / 122.8GiB""},{""name"":""lab-wc-tls"",""cpu"":""0.00%"",""mem"":""29.51MiB / 122.8GiB""},{""name"":""lab-prestashop"",""cpu"":""7.47%"",""mem"":""135.5MiB / 122.8GiB""},{""name"":""lab-woocommerce"",""cpu"":""17.91%"",""mem"":""294.6MiB / 122.8GiB""},{""name"":""lab-redis"",""cpu"":""4.14%"",""mem"":""80.76MiB / 122.8GiB""},{""name"":""lab-postgres"",""cpu"":""5.06%"",""mem"":""244.5MiB / 122.8GiB""},{""name"":""lab-mysql"",""cpu"":""7.34%"",""mem"":""724.4MiB / 122.8GiB""},{""name"":""lab-woocommerce-mysql"",""cpu"":""5.39%"",""mem"":""511.8MiB / 122.8GiB""}]"
2026-09-10T13:43:46Z,3,1677,2,0,20,2668754611,"[{""name"":""lab-worker-1"",""cpu"":""3.74%"",""mem"":""134.1MiB / 122.8GiB""},{""name"":""lab-api"",""cpu"":""0.00%"",""mem"":""145MiB / 122.8GiB""},{""name"":""lab-allegro-stub"",""cpu"":""0.00%"",""mem"":""21.04MiB / 122.8GiB""},{""name"":""lab-erli-stub"",""cpu"":""0.00%"",""mem"":""18.05MiB / 122.8GiB""},{""name"":""lab-eparagony-stub"",""cpu"":""0.00%"",""mem"":""20.36MiB / 122.8GiB""},{""name"":""lab-invoicing-stub"",""cpu"":""0.00%"",""mem"":""16.6MiB / 122.8GiB""},{""name"":""lab-shipping-stub"",""cpu"":""0.00%"",""mem"":""16.58MiB / 122.8GiB""},{""name"":""lab-eparagony-stub-tls"",""cpu"":""0.00%"",""mem"":""23.3MiB / 122.8GiB""},{""name"":""lab-erli-stub-tls"",""cpu"":""0.00%"",""mem"":""22.67MiB / 122.8GiB""},{""name"":""lab-wc-tls"",""cpu"":""0.00%"",""mem"":""29.51MiB / 122.8GiB""},{""name"":""lab-prestashop"",""cpu"":""7.95%"",""mem"":""135.5MiB / 122.8GiB""},{""name"":""lab-woocommerce"",""cpu"":""0.00%"",""mem"":""294.6MiB / 122.8GiB""},{""name"":""lab-redis"",""cpu"":""0.70%"",""mem"":""80.57MiB / 122.8GiB""},{""name"":""lab-postgres"",""cpu"":""1.42%"",""mem"":""241.8MiB / 122.8GiB""},{""name"":""lab-mysql"",""cpu"":""7.39%"",""mem"":""724.4MiB / 122.8GiB""},{""name"":""lab-woocommerce-mysql"",""cpu"":""1.33%"",""mem"":""511.8MiB / 122.8GiB""}]"
2026-09-10T13:43:46Z,3,1677,2,0,20,2668754611,"[{""name"":""lab-worker-1"",""cpu"":""3.74%"",""mem"":""134.1MiB / 122.8GiB""},{""name"":""lab-api"",""cpu"":""0.00%"",""mem"":""145MiB / 122.8GiB""},{""name"":""lab-allegro-stub"",""cpu"":""0.00%"",""mem"":""21.04MiB / 122.8GiB""},{""name"":""lab-erli-stub"",""cpu"":""0.00%"",""mem"":""18.05MiB / 122.8GiB""},{""name"":""lab-eparagony-stub"",""cpu"":""0.00%"",""mem"":""20.36MiB / 122.8GiB""},{""name"":""lab-invoicing-stub"",""cpu"":""0.00%"",""mem"":""16.6MiB / 122.8GiB""},{""name"":""lab-shipping-stub"",""cpu"":""0.00%"",""mem"":""16.58MiB / 122.8GiB""},{""name"":""lab-eparagony-stub-tls"",""cpu"":""0.00%"",""mem"":""23.3MiB / 122.8GiB""},{""name"":""lab-erli-stub-tls"",""cpu"":""0.00%"",""mem"":""22.67MiB / 122.8GiB""},{""name"":""lab-wc-tls"",""cpu"":""0.00%"",""mem"":""29.51MiB / 122.8GiB""},{""name"":""lab-prestashop"",""cpu"":""7.95%"",""mem"":""135.5MiB / 122.8GiB""},{""name"":""lab-woocommerce"",""cpu"":""0.00%"",""mem"":""294.6MiB / 122.8GiB""},{""name"":""lab-redis"",""cpu"":""0.70%"",""mem"":""80.57MiB / 122.8GiB""},{""name"":""lab-postgres"",""cpu"":""1.42%"",""mem"":""241.8MiB / 122.8GiB""},{""name"":""lab-mysql"",""cpu"":""7.39%"",""mem"":""724.4MiB / 122.8GiB""},{""name"":""lab-woocommerce-mysql"",""cpu"":""1.33%"",""mem"":""511.8MiB / 122.8GiB""}]"
2026-09-10T13:43:49Z,3,1678,2,0,20,2668762803,"[{""name"":""lab-worker-1"",""cpu"":""3.10%"",""mem"":""134MiB / 122.8GiB""},{""name"":""lab-api"",""cpu"":""0.00%"",""mem"":""145MiB / 122.8GiB""},{""name"":""lab-allegro-stub"",""cpu"":""3.83%"",""mem"":""21.05MiB / 122.8GiB""},{""name"":""lab-erli-stub"",""cpu"":""4.66%"",""mem"":""18.06MiB / 122.8GiB""},{""name"":""lab-eparagony-stub"",""cpu"":""0.01%"",""mem"":""20.38MiB / 122.8GiB""},{""name"":""lab-invoicing-stub"",""cpu"":""3.89%"",""mem"":""16.62MiB / 122.8GiB""},{""name"":""lab-shipping-stub"",""cpu"":""3.69%"",""mem"":""16.59MiB / 122.8GiB""},{""name"":""lab-eparagony-stub-tls"",""cpu"":""0.00%"",""mem"":""23.3MiB / 122.8GiB""},{""name"":""lab-erli-stub-tls"",""cpu"":""0.00%"",""mem"":""22.67MiB / 122.8GiB""},{""name"":""lab-wc-tls"",""cpu"":""0.00%"",""mem"":""29.51MiB / 122.8GiB""},{""name"":""lab-prestashop"",""cpu"":""7.87%"",""mem"":""135.5MiB / 122.8GiB""},{""name"":""lab-woocommerce"",""cpu"":""0.00%"",""mem"":""294.6MiB / 122.8GiB""},{""name"":""lab-redis"",""cpu"":""0.78%"",""mem"":""80.56MiB / 122.8GiB""},{""name"":""lab-postgres"",""cpu"":""0.81%"",""mem"":""241.8MiB / 122.8GiB""},{""name"":""lab-mysql"",""cpu"":""7.99%"",""mem"":""724.4MiB / 122.8GiB""},{""name"":""lab-woocommerce-mysql"",""cpu"":""0.91%"",""mem"":""511.8MiB / 122.8GiB""}]"
2026-09-10T13:43:49Z,3,1678,2,0,20,2668762803,"[{""name"":""lab-worker-1"",""cpu"":""3.10%"",""mem"":""134MiB / 122.8GiB""},{""name"":""lab-api"",""cpu"":""0.00%"",""mem"":""145MiB / 122.8GiB""},{""name"":""lab-allegro-stub"",""cpu"":""3.83%"",""mem"":""21.05MiB / 122.8GiB""},{""name"":""lab-erli-stub"",""cpu"":""4.66%"",""mem"":""18.06MiB / 122.8GiB""},{""name"":""lab-eparagony-stub"",""cpu"":""0.01%"",""mem"":""20.38MiB / 122.8GiB""},{""name"":""lab-invoicing-stub"",""cpu"":""3.89%"",""mem"":""16.62MiB / 122.8GiB""},{""name"":""lab-shipping-stub"",""cpu"":""3.69%"",""mem"":""16.59MiB / 122.8GiB""},{""name"":""lab-eparagony-stub-tls"",""cpu"":""0.00%"",""mem"":""23.3MiB / 122.8GiB""},{""name"":""lab-erli-stub-tls"",""cpu"":""0.00%"",""mem"":""22.67MiB / 122.8GiB""},{""name"":""lab-wc-tls"",""cpu"":""0.00%"",""mem"":""29.51MiB / 122.8GiB""},{""name"":""lab-prestashop"",""cpu"":""7.87%"",""mem"":""135.5MiB / 122.8GiB""},{""name"":""lab-woocommerce"",""cpu"":""0.00%"",""mem"":""294.6MiB / 122.8GiB""},{""name"":""lab-redis"",""cpu"":""0.78%"",""mem"":""80.56MiB / 122.8GiB""},{""name"":""lab-postgres"",""cpu"":""0.81%"",""mem"":""241.8MiB / 122.8GiB""},{""name"":""lab-mysql"",""cpu"":""7.99%"",""mem"":""724.4MiB / 122.8GiB""},{""name"":""lab-woocommerce-mysql"",""cpu"":""0.91%"",""mem"":""511.8MiB / 122.8GiB""}]"
2026-09-10T13:43:52Z,3,1678,2,0,20,2668762803,"[{""name"":""lab-worker-1"",""cpu"":""3.63%"",""mem"":""134MiB / 122.8GiB""},{""name"":""lab-api"",""cpu"":""0.42%"",""mem"":""145MiB / 122.8GiB""},{""name"":""lab-allegro-stub"",""cpu"":""0.00%"",""mem"":""21.03MiB / 122.8GiB""},{""name"":""lab-erli-stub"",""cpu"":""0.00%"",""mem"":""18.06MiB / 122.8GiB""},{""name"":""lab-eparagony-stub"",""cpu"":""0.00%"",""mem"":""20.36MiB / 122.8GiB""},{""name"":""lab-invoicing-stub"",""cpu"":""0.00%"",""mem"":""16.6MiB / 122.8GiB""},{""name"":""lab-shipping-stub"",""cpu"":""0.00%"",""mem"":""16.58MiB / 122.8GiB""},{""name"":""lab-eparagony-stub-tls"",""cpu"":""0.00%"",""mem"":""23.3MiB / 122.8GiB""},{""name"":""lab-erli-stub-tls"",""cpu"":""0.00%"",""mem"":""22.67MiB / 122.8GiB""},{""name"":""lab-wc-tls"",""cpu"":""0.00%"",""mem"":""29.51MiB / 122.8GiB""},{""name"":""lab-prestashop"",""cpu"":""8.95%"",""mem"":""135.8MiB / 122.8GiB""},{""name"":""lab-woocommerce"",""cpu"":""0.01%"",""mem"":""294.6MiB / 122.8GiB""},{""name"":""lab-redis"",""cpu"":""5.09%"",""mem"":""80.62MiB / 122.8GiB""},{""name"":""lab-postgres"",""cpu"":""1.47%"",""mem"":""241.8MiB / 122.8GiB""},{""name"":""lab-mysql"",""cpu"":""8.60%"",""mem"":""724.4MiB / 122.8GiB""},{""name"":""lab-woocommerce-mysql"",""cpu"":""0.94%"",""mem"":""511.8MiB / 122.8GiB""}]"
2026-09-10T13:43:52Z,3,1678,2,0,20,2668762803,"[{""name"":""lab-worker-1"",""cpu"":""3.63%"",""mem"":""134MiB / 122.8GiB""},{""name"":""lab-api"",""cpu"":""0.42%"",""mem"":""145MiB / 122.8GiB""},{""name"":""lab-allegro-stub"",""cpu"":""0.00%"",""mem"":""21.03MiB / 122.8GiB""},{""name"":""lab-erli-stub"",""cpu"":""0.00%"",""mem"":""18.06MiB / 122.8GiB""},{""name"":""lab-eparagony-stub"",""cpu"":""0.00%"",""mem"":""20.36MiB / 122.8GiB""},{""name"":""lab-invoicing-stub"",""cpu"":""0.00%"",""mem"":""16.6MiB / 122.8GiB""},{""name"":""lab-shipping-stub"",""cpu"":""0.00%"",""mem"":""16.58MiB / 122.8GiB""},{""name"":""lab-eparagony-stub-tls"",""cpu"":""0.00%"",""mem"":""23.3MiB / 122.8GiB""},{""name"":""lab-erli-stub-tls"",""cpu"":""0.00%"",""mem"":""22.67MiB / 122.8GiB""},{""name"":""lab-wc-tls"",""cpu"":""0.00%"",""mem"":""29.51MiB / 122.8GiB""},{""name"":""lab-prestashop"",""cpu"":""8.95%"",""mem"":""135.8MiB / 122.8GiB""},{""name"":""lab-woocommerce"",""cpu"":""0.01%"",""mem"":""294.6MiB / 122.8GiB""},{""name"":""lab-redis"",""cpu"":""5.09%"",""mem"":""80.62MiB / 122.8GiB""},{""name"":""lab-postgres"",""cpu"":""1.47%"",""mem"":""241.8MiB / 122.8GiB""},{""name"":""lab-mysql"",""cpu"":""8.60%"",""mem"":""724.4MiB / 122.8GiB""},{""name"":""lab-woocommerce-mysql"",""cpu"":""0.94%"",""mem"":""511.8MiB / 122.8GiB""}]"
2026-09-10T13:43:55Z,3,1689,2,0,20,2668762803,"[{""name"":""lab-worker-1"",""cpu"":""2.72%"",""mem"":""134.6MiB / 122.8GiB""},{""name"":""lab-api"",""cpu"":""0.00%"",""mem"":""145MiB / 122.8GiB""},{""name"":""lab-allegro-stub"",""cpu"":""0.01%"",""mem"":""21.03MiB / 122.8GiB""},{""name"":""lab-erli-stub"",""cpu"":""0.00%"",""mem"":""18.05MiB / 122.8GiB""},{""name"":""lab-eparagony-stub"",""cpu"":""0.00%"",""mem"":""20.37MiB / 122.8GiB""},{""name"":""lab-invoicing-stub"",""cpu"":""0.01%"",""mem"":""16.6MiB / 122.8GiB""},{""name"":""lab-shipping-stub"",""cpu"":""0.01%"",""mem"":""16.65MiB / 122.8GiB""},{""name"":""lab-eparagony-stub-tls"",""cpu"":""0.00%"",""mem"":""23.3MiB / 122.8GiB""},{""name"":""lab-erli-stub-tls"",""cpu"":""0.00%"",""mem"":""22.67MiB / 122.8GiB""},{""name"":""lab-wc-tls"",""cpu"":""0.00%"",""mem"":""29.51MiB / 122.8GiB""},{""name"":""lab-prestashop"",""cpu"":""7.53%"",""mem"":""135.5MiB / 122.8GiB""},{""name"":""lab-woocommerce"",""cpu"":""0.01%"",""mem"":""294.6MiB / 122.8GiB""},{""name"":""lab-redis"",""cpu"":""0.64%"",""mem"":""80.61MiB / 122.8GiB""},{""name"":""lab-postgres"",""cpu"":""0.69%"",""mem"":""241.8MiB / 122.8GiB""},{""name"":""lab-mysql"",""cpu"":""11.52%"",""mem"":""724.4MiB / 122.8GiB""},{""name"":""lab-woocommerce-mysql"",""cpu"":""0.94%"",""mem"":""511.8MiB / 122.8GiB""}]"
2026-09-10T13:43:55Z,3,1691,2,0,20,2668762803,"[{""name"":""lab-worker-1"",""cpu"":""2.72%"",""mem"":""134.6MiB / 122.8GiB""},{""name"":""lab-api"",""cpu"":""0.00%"",""mem"":""145MiB / 122.8GiB""},{""name"":""lab-allegro-stub"",""cpu"":""0.01%"",""mem"":""21.03MiB / 122.8GiB""},{""name"":""lab-erli-stub"",""cpu"":""0.00%"",""mem"":""18.05MiB / 122.8GiB""},{""name"":""lab-eparagony-stub"",""cpu"":""0.00%"",""mem"":""20.37MiB / 122.8GiB""},{""name"":""lab-invoicing-stub"",""cpu"":""0.01%"",""mem"":""16.6MiB / 122.8GiB""},{""name"":""lab-shipping-stub"",""cpu"":""0.01%"",""mem"":""16.65MiB / 122.8GiB""},{""name"":""lab-eparagony-stub-tls"",""cpu"":""0.00%"",""mem"":""23.3MiB / 122.8GiB""},{""name"":""lab-erli-stub-tls"",""cpu"":""0.00%"",""mem"":""22.67MiB / 122.8GiB""},{""name"":""lab-wc-tls"",""cpu"":""0.00%"",""mem"":""29.51MiB / 122.8GiB""},{""name"":""lab-prestashop"",""cpu"":""7.53%"",""mem"":""135.5MiB / 122.8GiB""},{""name"":""lab-woocommerce"",""cpu"":""0.01%"",""mem"":""294.6MiB / 122.8GiB""},{""name"":""lab-redis"",""cpu"":""0.64%"",""mem"":""80.61MiB / 122.8GiB""},{""name"":""lab-postgres"",""cpu"":""0.69%"",""mem"":""241.8MiB / 122.8GiB""},{""name"":""lab-mysql"",""cpu"":""11.52%"",""mem"":""724.4MiB / 122.8GiB""},{""name"":""lab-woocommerce-mysql"",""cpu"":""0.94%"",""mem"":""511.8MiB / 122.8GiB""}]"
2026-09-10T13:43:58Z,3,1751,1,0,20,2668762803,"[{""name"":""lab-worker-1"",""cpu"":""5.74%"",""mem"":""134.9MiB / 122.8GiB""},{""name"":""lab-api"",""cpu"":""0.01%"",""mem"":""145MiB / 122.8GiB""},{""name"":""lab-allegro-stub"",""cpu"":""0.00%"",""mem"":""21.03MiB / 122.8GiB""},{""name"":""lab-erli-stub"",""cpu"":""0.00%"",""mem"":""18.05MiB / 122.8GiB""},{""name"":""lab-eparagony-stub"",""cpu"":""4.15%"",""mem"":""20.4MiB / 122.8GiB""},{""name"":""lab-invoicing-stub"",""cpu"":""0.00%"",""mem"":""16.6MiB / 122.8GiB""},{""name"":""lab-shipping-stub"",""cpu"":""0.00%"",""mem"":""16.58MiB / 122.8GiB""},{""name"":""lab-eparagony-stub-tls"",""cpu"":""0.00%"",""mem"":""23.3MiB / 122.8GiB""},{""name"":""lab-erli-stub-tls"",""cpu"":""0.00%"",""mem"":""22.67MiB / 122.8GiB""},{""name"":""lab-wc-tls"",""cpu"":""0.00%"",""mem"":""29.51MiB / 122.8GiB""},{""name"":""lab-prestashop"",""cpu"":""8.34%"",""mem"":""135.8MiB / 122.8GiB""},{""name"":""lab-woocommerce"",""cpu"":""0.00%"",""mem"":""294.6MiB / 122.8GiB""},{""name"":""lab-redis"",""cpu"":""0.72%"",""mem"":""80.61MiB / 122.8GiB""},{""name"":""lab-postgres"",""cpu"":""1.95%"",""mem"":""241.8MiB / 122.8GiB""},{""name"":""lab-mysql"",""cpu"":""7.38%"",""mem"":""724.6MiB / 122.8GiB""},{""name"":""lab-woocommerce-mysql"",""cpu"":""4.38%"",""mem"":""511.8MiB / 122.8GiB""}]"
2026-09-10T13:43:58Z,3,1751,1,0,20,2668762803,"[{""name"":""lab-worker-1"",""cpu"":""5.74%"",""mem"":""134.9MiB / 122.8GiB""},{""name"":""lab-api"",""cpu"":""0.01%"",""mem"":""145MiB / 122.8GiB""},{""name"":""lab-allegro-stub"",""cpu"":""0.00%"",""mem"":""21.03MiB / 122.8GiB""},{""name"":""lab-erli-stub"",""cpu"":""0.00%"",""mem"":""18.05MiB / 122.8GiB""},{""name"":""lab-eparagony-stub"",""cpu"":""4.15%"",""mem"":""20.4MiB / 122.8GiB""},{""name"":""lab-invoicing-stub"",""cpu"":""0.00%"",""mem"":""16.6MiB / 122.8GiB""},{""name"":""lab-shipping-stub"",""cpu"":""0.00%"",""mem"":""16.58MiB / 122.8GiB""},{""name"":""lab-eparagony-stub-tls"",""cpu"":""0.00%"",""mem"":""23.3MiB / 122.8GiB""},{""name"":""lab-erli-stub-tls"",""cpu"":""0.00%"",""mem"":""22.67MiB / 122.8GiB""},{""name"":""lab-wc-tls"",""cpu"":""0.00%"",""mem"":""29.51MiB / 122.8GiB""},{""name"":""lab-prestashop"",""cpu"":""8.34%"",""mem"":""135.8MiB / 122.8GiB""},{""name"":""lab-woocommerce"",""cpu"":""0.00%"",""mem"":""294.6MiB / 122.8GiB""},{""name"":""lab-redis"",""cpu"":""0.72%"",""mem"":""80.61MiB / 122.8GiB""},{""name"":""lab-postgres"",""cpu"":""1.95%"",""mem"":""241.8MiB / 122.8GiB""},{""name"":""lab-mysql"",""cpu"":""7.38%"",""mem"":""724.6MiB / 122.8GiB""},{""name"":""lab-woocommerce-mysql"",""cpu"":""4.38%"",""mem"":""511.8MiB / 122.8GiB""}]"
2026-09-10T13:44:01Z,3,1750,2,0,20,2668762803,"[{""name"":""lab-worker-1"",""cpu"":""4.92%"",""mem"":""134.7MiB / 122.8GiB""},{""name"":""lab-api"",""cpu"":""0.00%"",""mem"":""145MiB / 122.8GiB""},{""name"":""lab-allegro-stub"",""cpu"":""0.00%"",""mem"":""21.03MiB / 122.8GiB""},{""name"":""lab-erli-stub"",""cpu"":""0.00%"",""mem"":""18.05MiB / 122.8GiB""},{""name"":""lab-eparagony-stub"",""cpu"":""0.00%"",""mem"":""20.36MiB / 122.8GiB""},{""name"":""lab-invoicing-stub"",""cpu"":""0.00%"",""mem"":""16.6MiB / 122.8GiB""},{""name"":""lab-shipping-stub"",""cpu"":""0.00%"",""mem"":""16.58MiB / 122.8GiB""},{""name"":""lab-eparagony-stub-tls"",""cpu"":""0.00%"",""mem"":""23.3MiB / 122.8GiB""},{""name"":""lab-erli-stub-tls"",""cpu"":""0.00%"",""mem"":""22.67MiB / 122.8GiB""},{""name"":""lab-wc-tls"",""cpu"":""0.00%"",""mem"":""29.51MiB / 122.8GiB""},{""name"":""lab-prestashop"",""cpu"":""8.63%"",""mem"":""135.5MiB / 122.8GiB""},{""name"":""lab-woocommerce"",""cpu"":""0.01%"",""mem"":""294.6MiB / 122.8GiB""},{""name"":""lab-redis"",""cpu"":""0.74%"",""mem"":""80.61MiB / 122.8GiB""},{""name"":""lab-postgres"",""cpu"":""1.83%"",""mem"":""241.8MiB / 122.8GiB""},{""name"":""lab-mysql"",""cpu"":""8.55%"",""mem"":""724.6MiB / 122.8GiB""},{""name"":""lab-woocommerce-mysql"",""cpu"":""0.97%"",""mem"":""511.8MiB / 122.8GiB""}]"
2026-09-10T13:44:01Z,3,1750,2,0,20,2668762803,"[{""name"":""lab-worker-1"",""cpu"":""4.92%"",""mem"":""134.7MiB / 122.8GiB""},{""name"":""lab-api"",""cpu"":""0.00%"",""mem"":""145MiB / 122.8GiB""},{""name"":""lab-allegro-stub"",""cpu"":""0.00%"",""mem"":""21.03MiB / 122.8GiB""},{""name"":""lab-erli-stub"",""cpu"":""0.00%"",""mem"":""18.05MiB / 122.8GiB""},{""name"":""lab-eparagony-stub"",""cpu"":""0.00%"",""mem"":""20.36MiB / 122.8GiB""},{""name"":""lab-invoicing-stub"",""cpu"":""0.00%"",""mem"":""16.6MiB / 122.8GiB""},{""name"":""lab-shipping-stub"",""cpu"":""0.00%"",""mem"":""16.58MiB / 122.8GiB""},{""name"":""lab-eparagony-stub-tls"",""cpu"":""0.00%"",""mem"":""23.3MiB / 122.8GiB""},{""name"":""lab-erli-stub-tls"",""cpu"":""0.00%"",""mem"":""22.67MiB / 122.8GiB""},{""name"":""lab-wc-tls"",""cpu"":""0.00%"",""mem"":""29.51MiB / 122.8GiB""},{""name"":""lab-prestashop"",""cpu"":""8.63%"",""mem"":""135.5MiB / 122.8GiB""},{""name"":""lab-woocommerce"",""cpu"":""0.01%"",""mem"":""294.6MiB / 122.8GiB""},{""name"":""lab-redis"",""cpu"":""0.74%"",""mem"":""80.61MiB / 122.8GiB""},{""name"":""lab-postgres"",""cpu"":""1.83%"",""mem"":""241.8MiB / 122.8GiB""},{""name"":""lab-mysql"",""cpu"":""8.55%"",""mem"":""724.6MiB / 122.8GiB""},{""name"":""lab-woocommerce-mysql"",""cpu"":""0.97%"",""mem"":""511.8MiB / 122.8GiB""}]"
2026-09-10T13:44:04Z,3,1752,2,0,19,2668762803,"[{""name"":""lab-worker-1"",""cpu"":""6.32%"",""mem"":""135MiB / 122.8GiB""},{""name"":""lab-api"",""cpu"":""0.00%"",""mem"":""145MiB / 122.8GiB""},{""name"":""lab-allegro-stub"",""cpu"":""3.99%"",""mem"":""21.03MiB / 122.8GiB""},{""name"":""lab-erli-stub"",""cpu"":""0.02%"",""mem"":""18.05MiB / 122.8GiB""},{""name"":""lab-eparagony-stub"",""cpu"":""0.01%"",""mem"":""20.37MiB / 122.8GiB""},{""name"":""lab-invoicing-stub"",""cpu"":""4.37%"",""mem"":""16.62MiB / 122.8GiB""},{""name"":""lab-shipping-stub"",""cpu"":""4.07%"",""mem"":""16.59MiB / 122.8GiB""},{""name"":""lab-eparagony-stub-tls"",""cpu"":""0.00%"",""mem"":""23.3MiB / 122.8GiB""},{""name"":""lab-erli-stub-tls"",""cpu"":""0.00%"",""mem"":""22.67MiB / 122.8GiB""},{""name"":""lab-wc-tls"",""cpu"":""0.00%"",""mem"":""29.51MiB / 122.8GiB""},{""name"":""lab-prestashop"",""cpu"":""8.00%"",""mem"":""135.5MiB / 122.8GiB""},{""name"":""lab-woocommerce"",""cpu"":""0.01%"",""mem"":""294.6MiB / 122.8GiB""},{""name"":""lab-redis"",""cpu"":""0.70%"",""mem"":""80.61MiB / 122.8GiB""},{""name"":""lab-postgres"",""cpu"":""5.79%"",""mem"":""241.8MiB / 122.8GiB""},{""name"":""lab-mysql"",""cpu"":""11.22%"",""mem"":""724.4MiB / 122.8GiB""},{""name"":""lab-woocommerce-mysql"",""cpu"":""0.86%"",""mem"":""511.8MiB / 122.8GiB""}]"
2026-09-10T13:44:04Z,3,1752,2,0,19,2668762803,"[{""name"":""lab-worker-1"",""cpu"":""6.32%"",""mem"":""135MiB / 122.8GiB""},{""name"":""lab-api"",""cpu"":""0.00%"",""mem"":""145MiB / 122.8GiB""},{""name"":""lab-allegro-stub"",""cpu"":""3.99%"",""mem"":""21.03MiB / 122.8GiB""},{""name"":""lab-erli-stub"",""cpu"":""0.02%"",""mem"":""18.05MiB / 122.8GiB""},{""name"":""lab-eparagony-stub"",""cpu"":""0.01%"",""mem"":""20.37MiB / 122.8GiB""},{""name"":""lab-invoicing-stub"",""cpu"":""4.37%"",""mem"":""16.62MiB / 122.8GiB""},{""name"":""lab-shipping-stub"",""cpu"":""4.07%"",""mem"":""16.59MiB / 122.8GiB""},{""name"":""lab-eparagony-stub-tls"",""cpu"":""0.00%"",""mem"":""23.3MiB / 122.8GiB""},{""name"":""lab-erli-stub-tls"",""cpu"":""0.00%"",""mem"":""22.67MiB / 122.8GiB""},{""name"":""lab-wc-tls"",""cpu"":""0.00%"",""mem"":""29.51MiB / 122.8GiB""},{""name"":""lab-prestashop"",""cpu"":""8.00%"",""mem"":""135.5MiB / 122.8GiB""},{""name"":""lab-woocommerce"",""cpu"":""0.01%"",""mem"":""294.6MiB / 122.8GiB""},{""name"":""lab-redis"",""cpu"":""0.70%"",""mem"":""80.61MiB / 122.8GiB""},{""name"":""lab-postgres"",""cpu"":""5.79%"",""mem"":""241.8MiB / 122.8GiB""},{""name"":""lab-mysql"",""cpu"":""11.22%"",""mem"":""724.4MiB / 122.8GiB""},{""name"":""lab-woocommerce-mysql"",""cpu"":""0.86%"",""mem"":""511.8MiB / 122.8GiB""}]"
2026-09-10T13:44:08Z,3,1751,1,0,20,2668762803,"[{""name"":""lab-worker-1"",""cpu"":""4.96%"",""mem"":""134.9MiB / 122.8GiB""},{""name"":""lab-api"",""cpu"":""0.00%"",""mem"":""145MiB / 122.8GiB""},{""name"":""lab-allegro-stub"",""cpu"":""0.00%"",""mem"":""21.03MiB / 122.8GiB""},{""name"":""lab-erli-stub"",""cpu"":""0.00%"",""mem"":""18.05MiB / 122.8GiB""},{""name"":""lab-eparagony-stub"",""cpu"":""0.00%"",""mem"":""20.36MiB / 122.8GiB""},{""name"":""lab-invoicing-stub"",""cpu"":""0.00%"",""mem"":""16.6MiB / 122.8GiB""},{""name"":""lab-shipping-stub"",""cpu"":""0.00%"",""mem"":""16.58MiB / 122.8GiB""},{""name"":""lab-eparagony-stub-tls"",""cpu"":""0.00%"",""mem"":""23.3MiB / 122.8GiB""},{""name"":""lab-erli-stub-tls"",""cpu"":""0.00%"",""mem"":""22.67MiB / 122.8GiB""},{""name"":""lab-wc-tls"",""cpu"":""0.00%"",""mem"":""29.51MiB / 122.8GiB""},{""name"":""lab-prestashop"",""cpu"":""7.86%"",""mem"":""135.5MiB / 122.8GiB""},{""name"":""lab-woocommerce"",""cpu"":""0.01%"",""mem"":""294.6MiB / 122.8GiB""},{""name"":""lab-redis"",""cpu"":""0.75%"",""mem"":""80.6MiB / 122.8GiB""},{""name"":""lab-postgres"",""cpu"":""1.71%"",""mem"":""241.8MiB / 122.8GiB""},{""name"":""lab-mysql"",""cpu"":""7.96%"",""mem"":""724.4MiB / 122.8GiB""},{""name"":""lab-woocommerce-mysql"",""cpu"":""5.77%"",""mem"":""512.1MiB / 122.8GiB""}]"
2026-09-10T13:44:08Z,3,1751,1,0,19,2668762803,"[{""name"":""lab-worker-1"",""cpu"":""4.96%"",""mem"":""134.9MiB / 122.8GiB""},{""name"":""lab-api"",""cpu"":""0.00%"",""mem"":""145MiB / 122.8GiB""},{""name"":""lab-allegro-stub"",""cpu"":""0.00%"",""mem"":""21.03MiB / 122.8GiB""},{""name"":""lab-erli-stub"",""cpu"":""0.00%"",""mem"":""18.05MiB / 122.8GiB""},{""name"":""lab-eparagony-stub"",""cpu"":""0.00%"",""mem"":""20.36MiB / 122.8GiB""},{""name"":""lab-invoicing-stub"",""cpu"":""0.00%"",""mem"":""16.6MiB / 122.8GiB""},{""name"":""lab-shipping-stub"",""cpu"":""0.00%"",""mem"":""16.58MiB / 122.8GiB""},{""name"":""lab-eparagony-stub-tls"",""cpu"":""0.00%"",""mem"":""23.3MiB / 122.8GiB""},{""name"":""lab-erli-stub-tls"",""cpu"":""0.00%"",""mem"":""22.67MiB / 122.8GiB""},{""name"":""lab-wc-tls"",""cpu"":""0.00%"",""mem"":""29.51MiB / 122.8GiB""},{""name"":""lab-prestashop"",""cpu"":""7.86%"",""mem"":""135.5MiB / 122.8GiB""},{""name"":""lab-woocommerce"",""cpu"":""0.01%"",""mem"":""294.6MiB / 122.8GiB""},{""name"":""lab-redis"",""cpu"":""0.75%"",""mem"":""80.6MiB / 122.8GiB""},{""name"":""lab-postgres"",""cpu"":""1.71%"",""mem"":""241.8MiB / 122.8GiB""},{""name"":""lab-mysql"",""cpu"":""7.96%"",""mem"":""724.4MiB / 122.8GiB""},{""name"":""lab-woocommerce-mysql"",""cpu"":""5.77%"",""mem"":""512.1MiB / 122.8GiB""}]"
2026-09-10T13:44:11Z,4,1752,1,0,19,2668770995,"[{""name"":""lab-worker-1"",""cpu"":""4.49%"",""mem"":""135.1MiB / 122.8GiB""},{""name"":""lab-api"",""cpu"":""0.00%"",""mem"":""145MiB / 122.8GiB""},{""name"":""lab-allegro-stub"",""cpu"":""0.00%"",""mem"":""21.03MiB / 122.8GiB""},{""name"":""lab-erli-stub"",""cpu"":""0.00%"",""mem"":""18.05MiB / 122.8GiB""},{""name"":""lab-eparagony-stub"",""cpu"":""0.00%"",""mem"":""20.37MiB / 122.8GiB""},{""name"":""lab-invoicing-stub"",""cpu"":""0.00%"",""mem"":""16.6MiB / 122.8GiB""},{""name"":""lab-shipping-stub"",""cpu"":""0.00%"",""mem"":""16.58MiB / 122.8GiB""},{""name"":""lab-eparagony-stub-tls"",""cpu"":""0.00%"",""mem"":""23.3MiB / 122.8GiB""},{""name"":""lab-erli-stub-tls"",""cpu"":""0.00%"",""mem"":""22.67MiB / 122.8GiB""},{""name"":""lab-wc-tls"",""cpu"":""0.00%"",""mem"":""29.51MiB / 122.8GiB""},{""name"":""lab-prestashop"",""cpu"":""8.23%"",""mem"":""137.5MiB / 122.8GiB""},{""name"":""lab-woocommerce"",""cpu"":""0.01%"",""mem"":""294.6MiB / 122.8GiB""},{""name"":""lab-redis"",""cpu"":""0.74%"",""mem"":""80.61MiB / 122.8GiB""},{""name"":""lab-postgres"",""cpu"":""2.56%"",""mem"":""241.8MiB / 122.8GiB""},{""name"":""lab-mysql"",""cpu"":""8.43%"",""mem"":""724.6MiB / 122.8GiB""},{""name"":""lab-woocommerce-mysql"",""cpu"":""0.94%"",""mem"":""511.8MiB / 122.8GiB""}]"
2026-09-10T13:44:11Z,4,1752,1,0,19,2668770995,"[{""name"":""lab-worker-1"",""cpu"":""4.49%"",""mem"":""135.1MiB / 122.8GiB""},{""name"":""lab-api"",""cpu"":""0.00%"",""mem"":""145MiB / 122.8GiB""},{""name"":""lab-allegro-stub"",""cpu"":""0.00%"",""mem"":""21.03MiB / 122.8GiB""},{""name"":""lab-erli-stub"",""cpu"":""0.00%"",""mem"":""18.05MiB / 122.8GiB""},{""name"":""lab-eparagony-stub"",""cpu"":""0.00%"",""mem"":""20.37MiB / 122.8GiB""},{""name"":""lab-invoicing-stub"",""cpu"":""0.00%"",""mem"":""16.6MiB / 122.8GiB""},{""name"":""lab-shipping-stub"",""cpu"":""0.00%"",""mem"":""16.58MiB / 122.8GiB""},{""name"":""lab-eparagony-stub-tls"",""cpu"":""0.00%"",""mem"":""23.3MiB / 122.8GiB""},{""name"":""lab-erli-stub-tls"",""cpu"":""0.00%"",""mem"":""22.67MiB / 122.8GiB""},{""name"":""lab-wc-tls"",""cpu"":""0.00%"",""mem"":""29.51MiB / 122.8GiB""},{""name"":""lab-prestashop"",""cpu"":""8.23%"",""mem"":""137.5MiB / 122.8GiB""},{""name"":""lab-woocommerce"",""cpu"":""0.01%"",""mem"":""294.6MiB / 122.8GiB""},{""name"":""lab-redis"",""cpu"":""0.74%"",""mem"":""80.61MiB / 122.8GiB""},{""name"":""lab-postgres"",""cpu"":""2.56%"",""mem"":""241.8MiB / 122.8GiB""},{""name"":""lab-mysql"",""cpu"":""8.43%"",""mem"":""724.6MiB / 122.8GiB""},{""name"":""lab-woocommerce-mysql"",""cpu"":""0.94%"",""mem"":""511.8MiB / 122.8GiB""}]"
2026-09-10T13:44:14Z,3,1751,3,0,19,2668770995,"[{""name"":""lab-worker-1"",""cpu"":""4.72%"",""mem"":""134.6MiB / 122.8GiB""},{""name"":""lab-api"",""cpu"":""0.00%"",""mem"":""145.1MiB / 122.8GiB""},{""name"":""lab-allegro-stub"",""cpu"":""0.00%"",""mem"":""21.03MiB / 122.8GiB""},{""name"":""lab-erli-stub"",""cpu"":""4.18%"",""mem"":""18.15MiB / 122.8GiB""},{""name"":""lab-eparagony-stub"",""cpu"":""3.99%"",""mem"":""20.38MiB / 122.8GiB""},{""name"":""lab-invoicing-stub"",""cpu"":""0.00%"",""mem"":""16.6MiB / 122.8GiB""},{""name"":""lab-shipping-stub"",""cpu"":""0.00%"",""mem"":""16.58MiB / 122.8GiB""},{""name"":""lab-eparagony-stub-tls"",""cpu"":""0.00%"",""mem"":""23.3MiB / 122.8GiB""},{""name"":""lab-erli-stub-tls"",""cpu"":""0.00%"",""mem"":""22.67MiB / 122.8GiB""},{""name"":""lab-wc-tls"",""cpu"":""0.00%"",""mem"":""29.51MiB / 122.8GiB""},{""name"":""lab-prestashop"",""cpu"":""8.07%"",""mem"":""136MiB / 122.8GiB""},{""name"":""lab-woocommerce"",""cpu"":""0.01%"",""mem"":""294.6MiB / 122.8GiB""},{""name"":""lab-redis"",""cpu"":""0.69%"",""mem"":""80.61MiB / 122.8GiB""},{""name"":""lab-postgres"",""cpu"":""2.98%"",""mem"":""239.1MiB / 122.8GiB""},{""name"":""lab-mysql"",""cpu"":""6.98%"",""mem"":""724.4MiB / 122.8GiB""},{""name"":""lab-woocommerce-mysql"",""cpu"":""0.95%"",""mem"":""511.8MiB / 122.8GiB""}]"
2026-09-10T13:44:14Z,3,1751,2,0,19,2668770995,"[{""name"":""lab-worker-1"",""cpu"":""4.72%"",""mem"":""134.6MiB / 122.8GiB""},{""name"":""lab-api"",""cpu"":""0.00%"",""mem"":""145.1MiB / 122.8GiB""},{""name"":""lab-allegro-stub"",""cpu"":""0.00%"",""mem"":""21.03MiB / 122.8GiB""},{""name"":""lab-erli-stub"",""cpu"":""4.18%"",""mem"":""18.15MiB / 122.8GiB""},{""name"":""lab-eparagony-stub"",""cpu"":""3.99%"",""mem"":""20.38MiB / 122.8GiB""},{""name"":""lab-invoicing-stub"",""cpu"":""0.00%"",""mem"":""16.6MiB / 122.8GiB""},{""name"":""lab-shipping-stub"",""cpu"":""0.00%"",""mem"":""16.58MiB / 122.8GiB""},{""name"":""lab-eparagony-stub-tls"",""cpu"":""0.00%"",""mem"":""23.3MiB / 122.8GiB""},{""name"":""lab-erli-stub-tls"",""cpu"":""0.00%"",""mem"":""22.67MiB / 122.8GiB""},{""name"":""lab-wc-tls"",""cpu"":""0.00%"",""mem"":""29.51MiB / 122.8GiB""},{""name"":""lab-prestashop"",""cpu"":""8.07%"",""mem"":""136MiB / 122.8GiB""},{""name"":""lab-woocommerce"",""cpu"":""0.01%"",""mem"":""294.6MiB / 122.8GiB""},{""name"":""lab-redis"",""cpu"":""0.69%"",""mem"":""80.61MiB / 122.8GiB""},{""name"":""lab-postgres"",""cpu"":""2.98%"",""mem"":""239.1MiB / 122.8GiB""},{""name"":""lab-mysql"",""cpu"":""6.98%"",""mem"":""724.4MiB / 122.8GiB""},{""name"":""lab-woocommerce-mysql"",""cpu"":""0.95%"",""mem"":""511.8MiB / 122.8GiB""}]"
2026-09-10T13:44:17Z,3,1750,2,0,20,2668770995,"[{""name"":""lab-worker-1"",""cpu"":""4.17%"",""mem"":""134.6MiB / 122.8GiB""},{""name"":""lab-api"",""cpu"":""0.00%"",""mem"":""145.1MiB / 122.8GiB""},{""name"":""lab-allegro-stub"",""cpu"":""0.00%"",""mem"":""21.03MiB / 122.8GiB""},{""name"":""lab-erli-stub"",""cpu"":""0.00%"",""mem"":""18.05MiB / 122.8GiB""},{""name"":""lab-eparagony-stub"",""cpu"":""0.00%"",""mem"":""20.37MiB / 122.8GiB""},{""name"":""lab-invoicing-stub"",""cpu"":""0.00%"",""mem"":""16.6MiB / 122.8GiB""},{""name"":""lab-shipping-stub"",""cpu"":""0.00%"",""mem"":""16.58MiB / 122.8GiB""},{""name"":""lab-eparagony-stub-tls"",""cpu"":""0.00%"",""mem"":""23.3MiB / 122.8GiB""},{""name"":""lab-erli-stub-tls"",""cpu"":""0.00%"",""mem"":""22.67MiB / 122.8GiB""},{""name"":""lab-wc-tls"",""cpu"":""0.00%"",""mem"":""29.51MiB / 122.8GiB""},{""name"":""lab-prestashop"",""cpu"":""6.35%"",""mem"":""135.5MiB / 122.8GiB""},{""name"":""lab-woocommerce"",""cpu"":""0.01%"",""mem"":""294.6MiB / 122.8GiB""},{""name"":""lab-redis"",""cpu"":""0.61%"",""mem"":""80.61MiB / 122.8GiB""},{""name"":""lab-postgres"",""cpu"":""3.99%"",""mem"":""241.7MiB / 122.8GiB""},{""name"":""lab-mysql"",""cpu"":""6.20%"",""mem"":""724.4MiB / 122.8GiB""},{""name"":""lab-woocommerce-mysql"",""cpu"":""1.04%"",""mem"":""511.8MiB / 122.8GiB""}]"
2026-09-10T13:44:17Z,3,1750,2,0,20,2668770995,"[{""name"":""lab-worker-1"",""cpu"":""4.17%"",""mem"":""134.6MiB / 122.8GiB""},{""name"":""lab-api"",""cpu"":""0.00%"",""mem"":""145.1MiB / 122.8GiB""},{""name"":""lab-allegro-stub"",""cpu"":""0.00%"",""mem"":""21.03MiB / 122.8GiB""},{""name"":""lab-erli-stub"",""cpu"":""0.00%"",""mem"":""18.05MiB / 122.8GiB""},{""name"":""lab-eparagony-stub"",""cpu"":""0.00%"",""mem"":""20.37MiB / 122.8GiB""},{""name"":""lab-invoicing-stub"",""cpu"":""0.00%"",""mem"":""16.6MiB / 122.8GiB""},{""name"":""lab-shipping-stub"",""cpu"":""0.00%"",""mem"":""16.58MiB / 122.8GiB""},{""name"":""lab-eparagony-stub-tls"",""cpu"":""0.00%"",""mem"":""23.3MiB / 122.8GiB""},{""name"":""lab-erli-stub-tls"",""cpu"":""0.00%"",""mem"":""22.67MiB / 122.8GiB""},{""name"":""lab-wc-tls"",""cpu"":""0.00%"",""mem"":""29.51MiB / 122.8GiB""},{""name"":""lab-prestashop"",""cpu"":""6.35%"",""mem"":""135.5MiB / 122.8GiB""},{""name"":""lab-woocommerce"",""cpu"":""0.01%"",""mem"":""294.6MiB / 122.8GiB""},{""name"":""lab-redis"",""cpu"":""0.61%"",""mem"":""80.61MiB / 122.8GiB""},{""name"":""lab-postgres"",""cpu"":""3.99%"",""mem"":""241.7MiB / 122.8GiB""},{""name"":""lab-mysql"",""cpu"":""6.20%"",""mem"":""724.4MiB / 122.8GiB""},{""name"":""lab-woocommerce-mysql"",""cpu"":""1.04%"",""mem"":""511.8MiB / 122.8GiB""}]"
2026-09-10T13:44:20Z,3,1750,2,0,20,2668779187,"[{""name"":""lab-worker-1"",""cpu"":""3.84%"",""mem"":""134.6MiB / 122.8GiB""},{""name"":""lab-api"",""cpu"":""0.02%"",""mem"":""145.1MiB / 122.8GiB""},{""name"":""lab-allegro-stub"",""cpu"":""3.30%"",""mem"":""21.04MiB / 122.8GiB""},{""name"":""lab-erli-stub"",""cpu"":""0.01%"",""mem"":""18.05MiB / 122.8GiB""},{""name"":""lab-eparagony-stub"",""cpu"":""0.00%"",""mem"":""20.37MiB / 122.8GiB""},{""name"":""lab-invoicing-stub"",""cpu"":""4.08%"",""mem"":""16.62MiB / 122.8GiB""},{""name"":""lab-shipping-stub"",""cpu"":""4.26%"",""mem"":""16.6MiB / 122.8GiB""},{""name"":""lab-eparagony-stub-tls"",""cpu"":""0.00%"",""mem"":""23.3MiB / 122.8GiB""},{""name"":""lab-erli-stub-tls"",""cpu"":""0.00%"",""mem"":""22.67MiB / 122.8GiB""},{""name"":""lab-wc-tls"",""cpu"":""0.00%"",""mem"":""29.51MiB / 122.8GiB""},{""name"":""lab-prestashop"",""cpu"":""7.34%"",""mem"":""135.7MiB / 122.8GiB""},{""name"":""lab-woocommerce"",""cpu"":""0.01%"",""mem"":""294.6MiB / 122.8GiB""},{""name"":""lab-redis"",""cpu"":""0.75%"",""mem"":""80.61MiB / 122.8GiB""},{""name"":""lab-postgres"",""cpu"":""1.94%"",""mem"":""241.8MiB / 122.8GiB""},{""name"":""lab-mysql"",""cpu"":""7.72%"",""mem"":""724.4MiB / 122.8GiB""},{""name"":""lab-woocommerce-mysql"",""cpu"":""0.87%"",""mem"":""511.8MiB / 122.8GiB""}]"
2026-09-10T13:44:20Z,3,1750,2,0,20,2668779187,"[{""name"":""lab-worker-1"",""cpu"":""3.84%"",""mem"":""134.6MiB / 122.8GiB""},{""name"":""lab-api"",""cpu"":""0.02%"",""mem"":""145.1MiB / 122.8GiB""},{""name"":""lab-allegro-stub"",""cpu"":""3.30%"",""mem"":""21.04MiB / 122.8GiB""},{""name"":""lab-erli-stub"",""cpu"":""0.01%"",""mem"":""18.05MiB / 122.8GiB""},{""name"":""lab-eparagony-stub"",""cpu"":""0.00%"",""mem"":""20.37MiB / 122.8GiB""},{""name"":""lab-invoicing-stub"",""cpu"":""4.08%"",""mem"":""16.62MiB / 122.8GiB""},{""name"":""lab-shipping-stub"",""cpu"":""4.26%"",""mem"":""16.6MiB / 122.8GiB""},{""name"":""lab-eparagony-stub-tls"",""cpu"":""0.00%"",""mem"":""23.3MiB / 122.8GiB""},{""name"":""lab-erli-stub-tls"",""cpu"":""0.00%"",""mem"":""22.67MiB / 122.8GiB""},{""name"":""lab-wc-tls"",""cpu"":""0.00%"",""mem"":""29.51MiB / 122.8GiB""},{""name"":""lab-prestashop"",""cpu"":""7.34%"",""mem"":""135.7MiB / 122.8GiB""},{""name"":""lab-woocommerce"",""cpu"":""0.01%"",""mem"":""294.6MiB / 122.8GiB""},{""name"":""lab-redis"",""cpu"":""0.75%"",""mem"":""80.61MiB / 122.8GiB""},{""name"":""lab-postgres"",""cpu"":""1.94%"",""mem"":""241.8MiB / 122.8GiB""},{""name"":""lab-mysql"",""cpu"":""7.72%"",""mem"":""724.4MiB / 122.8GiB""},{""name"":""lab-woocommerce-mysql"",""cpu"":""0.87%"",""mem"":""511.8MiB / 122.8GiB""}]"
2026-09-10T13:44:23Z,3,1750,1,0,21,2668779187,"[{""name"":""lab-worker-1"",""cpu"":""5.55%"",""mem"":""135.2MiB / 122.8GiB""},{""name"":""lab-api"",""cpu"":""0.01%"",""mem"":""145.1MiB / 122.8GiB""},{""name"":""lab-allegro-stub"",""cpu"":""0.00%"",""mem"":""21.03MiB / 122.8GiB""},{""name"":""lab-erli-stub"",""cpu"":""0.00%"",""mem"":""18.05MiB / 122.8GiB""},{""name"":""lab-eparagony-stub"",""cpu"":""3.98%"",""mem"":""20.42MiB / 122.8GiB""},{""name"":""lab-invoicing-stub"",""cpu"":""0.00%"",""mem"":""16.6MiB / 122.8GiB""},{""name"":""lab-shipping-stub"",""cpu"":""0.00%"",""mem"":""16.58MiB / 122.8GiB""},{""name"":""lab-eparagony-stub-tls"",""cpu"":""0.00%"",""mem"":""23.3MiB / 122.8GiB""},{""name"":""lab-erli-stub-tls"",""cpu"":""0.00%"",""mem"":""22.67MiB / 122.8GiB""},{""name"":""lab-wc-tls"",""cpu"":""0.00%"",""mem"":""29.51MiB / 122.8GiB""},{""name"":""lab-prestashop"",""cpu"":""8.56%"",""mem"":""135.5MiB / 122.8GiB""},{""name"":""lab-woocommerce"",""cpu"":""0.01%"",""mem"":""294.6MiB / 122.8GiB""},{""name"":""lab-redis"",""cpu"":""0.84%"",""mem"":""80.61MiB / 122.8GiB""},{""name"":""lab-postgres"",""cpu"":""3.29%"",""mem"":""242.2MiB / 122.8GiB""},{""name"":""lab-mysql"",""cpu"":""7.56%"",""mem"":""724.4MiB / 122.8GiB""},{""name"":""lab-woocommerce-mysql"",""cpu"":""1.00%"",""mem"":""511.8MiB / 122.8GiB""}]"
2026-09-10T13:44:23Z,3,1750,1,0,21,2668779187,"[{""name"":""lab-worker-1"",""cpu"":""5.55%"",""mem"":""135.2MiB / 122.8GiB""},{""name"":""lab-api"",""cpu"":""0.01%"",""mem"":""145.1MiB / 122.8GiB""},{""name"":""lab-allegro-stub"",""cpu"":""0.00%"",""mem"":""21.03MiB / 122.8GiB""},{""name"":""lab-erli-stub"",""cpu"":""0.00%"",""mem"":""18.05MiB / 122.8GiB""},{""name"":""lab-eparagony-stub"",""cpu"":""3.98%"",""mem"":""20.42MiB / 122.8GiB""},{""name"":""lab-invoicing-stub"",""cpu"":""0.00%"",""mem"":""16.6MiB / 122.8GiB""},{""name"":""lab-shipping-stub"",""cpu"":""0.00%"",""mem"":""16.58MiB / 122.8GiB""},{""name"":""lab-eparagony-stub-tls"",""cpu"":""0.00%"",""mem"":""23.3MiB / 122.8GiB""},{""name"":""lab-erli-stub-tls"",""cpu"":""0.00%"",""mem"":""22.67MiB / 122.8GiB""},{""name"":""lab-wc-tls"",""cpu"":""0.00%"",""mem"":""29.51MiB / 122.8GiB""},{""name"":""lab-prestashop"",""cpu"":""8.56%"",""mem"":""135.5MiB / 122.8GiB""},{""name"":""lab-woocommerce"",""cpu"":""0.01%"",""mem"":""294.6MiB / 122.8GiB""},{""name"":""lab-redis"",""cpu"":""0.84%"",""mem"":""80.61MiB / 122.8GiB""},{""name"":""lab-postgres"",""cpu"":""3.29%"",""mem"":""242.2MiB / 122.8GiB""},{""name"":""lab-mysql"",""cpu"":""7.56%"",""mem"":""724.4MiB / 122.8GiB""},{""name"":""lab-woocommerce-mysql"",""cpu"":""1.00%"",""mem"":""511.8MiB / 122.8GiB""}]"
2026-09-10T13:44:26Z,3,1750,2,0,20,2668779187,"[{""name"":""lab-worker-1"",""cpu"":""7.31%"",""mem"":""134.6MiB / 122.8GiB""},{""name"":""lab-api"",""cpu"":""0.00%"",""mem"":""145.1MiB / 122.8GiB""},{""name"":""lab-allegro-stub"",""cpu"":""0.01%"",""mem"":""21.03MiB / 122.8GiB""},{""name"":""lab-erli-stub"",""cpu"":""0.00%"",""mem"":""18.05MiB / 122.8GiB""},{""name"":""lab-eparagony-stub"",""cpu"":""0.00%"",""mem"":""20.37MiB / 122.8GiB""},{""name"":""lab-invoicing-stub"",""cpu"":""0.02%"",""mem"":""16.6MiB / 122.8GiB""},{""name"":""lab-shipping-stub"",""cpu"":""0.01%"",""mem"":""16.58MiB / 122.8GiB""},{""name"":""lab-eparagony-stub-tls"",""cpu"":""0.00%"",""mem"":""23.3MiB / 122.8GiB""},{""name"":""lab-erli-stub-tls"",""cpu"":""0.00%"",""mem"":""22.67MiB / 122.8GiB""},{""name"":""lab-wc-tls"",""cpu"":""0.00%"",""mem"":""29.51MiB / 122.8GiB""},{""name"":""lab-prestashop"",""cpu"":""6.38%"",""mem"":""135.5MiB / 122.8GiB""},{""name"":""lab-woocommerce"",""cpu"":""0.01%"",""mem"":""294.6MiB / 122.8GiB""},{""name"":""lab-redis"",""cpu"":""0.56%"",""mem"":""80.61MiB / 122.8GiB""},{""name"":""lab-postgres"",""cpu"":""3.79%"",""mem"":""241.8MiB / 122.8GiB""},{""name"":""lab-mysql"",""cpu"":""5.49%"",""mem"":""724.4MiB / 122.8GiB""},{""name"":""lab-woocommerce-mysql"",""cpu"":""0.91%"",""mem"":""511.8MiB / 122.8GiB""}]"
2026-09-10T13:44:26Z,3,1750,2,0,20,2668779187,"[{""name"":""lab-worker-1"",""cpu"":""7.31%"",""mem"":""134.6MiB / 122.8GiB""},{""name"":""lab-api"",""cpu"":""0.00%"",""mem"":""145.1MiB / 122.8GiB""},{""name"":""lab-allegro-stub"",""cpu"":""0.01%"",""mem"":""21.03MiB / 122.8GiB""},{""name"":""lab-erli-stub"",""cpu"":""0.00%"",""mem"":""18.05MiB / 122.8GiB""},{""name"":""lab-eparagony-stub"",""cpu"":""0.00%"",""mem"":""20.37MiB / 122.8GiB""},{""name"":""lab-invoicing-stub"",""cpu"":""0.02%"",""mem"":""16.6MiB / 122.8GiB""},{""name"":""lab-shipping-stub"",""cpu"":""0.01%"",""mem"":""16.58MiB / 122.8GiB""},{""name"":""lab-eparagony-stub-tls"",""cpu"":""0.00%"",""mem"":""23.3MiB / 122.8GiB""},{""name"":""lab-erli-stub-tls"",""cpu"":""0.00%"",""mem"":""22.67MiB / 122.8GiB""},{""name"":""lab-wc-tls"",""cpu"":""0.00%"",""mem"":""29.51MiB / 122.8GiB""},{""name"":""lab-prestashop"",""cpu"":""6.38%"",""mem"":""135.5MiB / 122.8GiB""},{""name"":""lab-woocommerce"",""cpu"":""0.01%"",""mem"":""294.6MiB / 122.8GiB""},{""name"":""lab-redis"",""cpu"":""0.56%"",""mem"":""80.61MiB / 122.8GiB""},{""name"":""lab-postgres"",""cpu"":""3.79%"",""mem"":""241.8MiB / 122.8GiB""},{""name"":""lab-mysql"",""cpu"":""5.49%"",""mem"":""724.4MiB / 122.8GiB""},{""name"":""lab-woocommerce-mysql"",""cpu"":""0.91%"",""mem"":""511.8MiB / 122.8GiB""}]"
2026-09-10T13:44:29Z,3,1750,2,0,20,2668779187,"[{""name"":""lab-worker-1"",""cpu"":""7.91%"",""mem"":""134.7MiB / 122.8GiB""},{""name"":""lab-api"",""cpu"":""0.00%"",""mem"":""145.1MiB / 122.8GiB""},{""name"":""lab-allegro-stub"",""cpu"":""3.84%"",""mem"":""21.05MiB / 122.8GiB""},{""name"":""lab-erli-stub"",""cpu"":""4.07%"",""mem"":""18.07MiB / 122.8GiB""},{""name"":""lab-eparagony-stub"",""cpu"":""0.01%"",""mem"":""20.37MiB / 122.8GiB""},{""name"":""lab-invoicing-stub"",""cpu"":""4.20%"",""mem"":""16.64MiB / 122.8GiB""},{""name"":""lab-shipping-stub"",""cpu"":""4.08%"",""mem"":""16.62MiB / 122.8GiB""},{""name"":""lab-eparagony-stub-tls"",""cpu"":""0.00%"",""mem"":""23.3MiB / 122.8GiB""},{""name"":""lab-erli-stub-tls"",""cpu"":""0.00%"",""mem"":""22.67MiB / 122.8GiB""},{""name"":""lab-wc-tls"",""cpu"":""0.00%"",""mem"":""29.51MiB / 122.8GiB""},{""name"":""lab-prestashop"",""cpu"":""5.51%"",""mem"":""135.5MiB / 122.8GiB""},{""name"":""lab-woocommerce"",""cpu"":""0.01%"",""mem"":""294.6MiB / 122.8GiB""},{""name"":""lab-redis"",""cpu"":""0.54%"",""mem"":""80.6MiB / 122.8GiB""},{""name"":""lab-postgres"",""cpu"":""3.38%"",""mem"":""241.8MiB / 122.8GiB""},{""name"":""lab-mysql"",""cpu"":""6.29%"",""mem"":""724.4MiB / 122.8GiB""},{""name"":""lab-woocommerce-mysql"",""cpu"":""0.91%"",""mem"":""511.8MiB / 122.8GiB""}]"
2026-09-10T13:44:29Z,3,1750,2,0,20,2668779187,"[{""name"":""lab-worker-1"",""cpu"":""7.91%"",""mem"":""134.7MiB / 122.8GiB""},{""name"":""lab-api"",""cpu"":""0.00%"",""mem"":""145.1MiB / 122.8GiB""},{""name"":""lab-allegro-stub"",""cpu"":""3.84%"",""mem"":""21.05MiB / 122.8GiB""},{""name"":""lab-erli-stub"",""cpu"":""4.07%"",""mem"":""18.07MiB / 122.8GiB""},{""name"":""lab-eparagony-stub"",""cpu"":""0.01%"",""mem"":""20.37MiB / 122.8GiB""},{""name"":""lab-invoicing-stub"",""cpu"":""4.20%"",""mem"":""16.64MiB / 122.8GiB""},{""name"":""lab-shipping-stub"",""cpu"":""4.08%"",""mem"":""16.62MiB / 122.8GiB""},{""name"":""lab-eparagony-stub-tls"",""cpu"":""0.00%"",""mem"":""23.3MiB / 122.8GiB""},{""name"":""lab-erli-stub-tls"",""cpu"":""0.00%"",""mem"":""22.67MiB / 122.8GiB""},{""name"":""lab-wc-tls"",""cpu"":""0.00%"",""mem"":""29.51MiB / 122.8GiB""},{""name"":""lab-prestashop"",""cpu"":""5.51%"",""mem"":""135.5MiB / 122.8GiB""},{""name"":""lab-woocommerce"",""cpu"":""0.01%"",""mem"":""294.6MiB / 122.8GiB""},{""name"":""lab-redis"",""cpu"":""0.54%"",""mem"":""80.6MiB / 122.8GiB""},{""name"":""lab-postgres"",""cpu"":""3.38%"",""mem"":""241.8MiB / 122.8GiB""},{""name"":""lab-mysql"",""cpu"":""6.29%"",""mem"":""724.4MiB / 122.8GiB""},{""name"":""lab-woocommerce-mysql"",""cpu"":""0.91%"",""mem"":""511.8MiB / 122.8GiB""}]"
2026-09-10T13:44:33Z,3,1750,2,0,19,2668779187,"[{""name"":""lab-worker-1"",""cpu"":""5.51%"",""mem"":""135MiB / 122.8GiB""},{""name"":""lab-api"",""cpu"":""0.47%"",""mem"":""145.1MiB / 122.8GiB""},{""name"":""lab-allegro-stub"",""cpu"":""0.00%"",""mem"":""21.03MiB / 122.8GiB""},{""name"":""lab-erli-stub"",""cpu"":""0.00%"",""mem"":""18.05MiB / 122.8GiB""},{""name"":""lab-eparagony-stub"",""cpu"":""0.00%"",""mem"":""20.37MiB / 122.8GiB""},{""name"":""lab-invoicing-stub"",""cpu"":""0.00%"",""mem"":""16.61MiB / 122.8GiB""},{""name"":""lab-shipping-stub"",""cpu"":""0.00%"",""mem"":""16.58MiB / 122.8GiB""},{""name"":""lab-eparagony-stub-tls"",""cpu"":""0.00%"",""mem"":""23.3MiB / 122.8GiB""},{""name"":""lab-erli-stub-tls"",""cpu"":""0.00%"",""mem"":""22.67MiB / 122.8GiB""},{""name"":""lab-wc-tls"",""cpu"":""0.00%"",""mem"":""29.51MiB / 122.8GiB""},{""name"":""lab-prestashop"",""cpu"":""6.11%"",""mem"":""137.5MiB / 122.8GiB""},{""name"":""lab-woocommerce"",""cpu"":""0.01%"",""mem"":""294.6MiB / 122.8GiB""},{""name"":""lab-redis"",""cpu"":""4.90%"",""mem"":""80.62MiB / 122.8GiB""},{""name"":""lab-postgres"",""cpu"":""3.05%"",""mem"":""241.8MiB / 122.8GiB""},{""name"":""lab-mysql"",""cpu"":""5.77%"",""mem"":""724.6MiB / 122.8GiB""},{""name"":""lab-woocommerce-mysql"",""cpu"":""0.92%"",""mem"":""511.8MiB / 122.8GiB""}]"
2026-09-10T13:44:33Z,3,1750,2,0,19,2668779187,"[{""name"":""lab-worker-1"",""cpu"":""5.51%"",""mem"":""135MiB / 122.8GiB""},{""name"":""lab-api"",""cpu"":""0.47%"",""mem"":""145.1MiB / 122.8GiB""},{""name"":""lab-allegro-stub"",""cpu"":""0.00%"",""mem"":""21.03MiB / 122.8GiB""},{""name"":""lab-erli-stub"",""cpu"":""0.00%"",""mem"":""18.05MiB / 122.8GiB""},{""name"":""lab-eparagony-stub"",""cpu"":""0.00%"",""mem"":""20.37MiB / 122.8GiB""},{""name"":""lab-invoicing-stub"",""cpu"":""0.00%"",""mem"":""16.61MiB / 122.8GiB""},{""name"":""lab-shipping-stub"",""cpu"":""0.00%"",""mem"":""16.58MiB / 122.8GiB""},{""name"":""lab-eparagony-stub-tls"",""cpu"":""0.00%"",""mem"":""23.3MiB / 122.8GiB""},{""name"":""lab-erli-stub-tls"",""cpu"":""0.00%"",""mem"":""22.67MiB / 122.8GiB""},{""name"":""lab-wc-tls"",""cpu"":""0.00%"",""mem"":""29.51MiB / 122.8GiB""},{""name"":""lab-prestashop"",""cpu"":""6.11%"",""mem"":""137.5MiB / 122.8GiB""},{""name"":""lab-woocommerce"",""cpu"":""0.01%"",""mem"":""294.6MiB / 122.8GiB""},{""name"":""lab-redis"",""cpu"":""4.90%"",""mem"":""80.62MiB / 122.8GiB""},{""name"":""lab-postgres"",""cpu"":""3.05%"",""mem"":""241.8MiB / 122.8GiB""},{""name"":""lab-mysql"",""cpu"":""5.77%"",""mem"":""724.6MiB / 122.8GiB""},{""name"":""lab-woocommerce-mysql"",""cpu"":""0.92%"",""mem"":""511.8MiB / 122.8GiB""}]"
2026-09-10T13:44:36Z,4,1750,2,0,19,2668779187,"[{""name"":""lab-worker-1"",""cpu"":""5.70%"",""mem"":""135.2MiB / 122.8GiB""},{""name"":""lab-api"",""cpu"":""0.00%"",""mem"":""145.1MiB / 122.8GiB""},{""name"":""lab-allegro-stub"",""cpu"":""0.00%"",""mem"":""21.03MiB / 122.8GiB""},{""name"":""lab-erli-stub"",""cpu"":""0.00%"",""mem"":""18.05MiB / 122.8GiB""},{""name"":""lab-eparagony-stub"",""cpu"":""0.00%"",""mem"":""20.37MiB / 122.8GiB""},{""name"":""lab-invoicing-stub"",""cpu"":""0.00%"",""mem"":""16.62MiB / 122.8GiB""},{""name"":""lab-shipping-stub"",""cpu"":""0.00%"",""mem"":""16.58MiB / 122.8GiB""},{""name"":""lab-eparagony-stub-tls"",""cpu"":""0.00%"",""mem"":""23.3MiB / 122.8GiB""},{""name"":""lab-erli-stub-tls"",""cpu"":""0.00%"",""mem"":""22.67MiB / 122.8GiB""},{""name"":""lab-wc-tls"",""cpu"":""0.00%"",""mem"":""29.51MiB / 122.8GiB""},{""name"":""lab-prestashop"",""cpu"":""7.90%"",""mem"":""137.7MiB / 122.8GiB""},{""name"":""lab-woocommerce"",""cpu"":""0.01%"",""mem"":""294.6MiB / 122.8GiB""},{""name"":""lab-redis"",""cpu"":""0.75%"",""mem"":""80.61MiB / 122.8GiB""},{""name"":""lab-postgres"",""cpu"":""3.72%"",""mem"":""241.8MiB / 122.8GiB""},{""name"":""lab-mysql"",""cpu"":""7.64%"",""mem"":""724.4MiB / 122.8GiB""},{""name"":""lab-woocommerce-mysql"",""cpu"":""1.01%"",""mem"":""511.8MiB / 122.8GiB""}]"
2026-09-10T13:44:36Z,4,1750,2,0,19,2668779187,"[{""name"":""lab-worker-1"",""cpu"":""5.70%"",""mem"":""135.2MiB / 122.8GiB""},{""name"":""lab-api"",""cpu"":""0.00%"",""mem"":""145.1MiB / 122.8GiB""},{""name"":""lab-allegro-stub"",""cpu"":""0.00%"",""mem"":""21.03MiB / 122.8GiB""},{""name"":""lab-erli-stub"",""cpu"":""0.00%"",""mem"":""18.05MiB / 122.8GiB""},{""name"":""lab-eparagony-stub"",""cpu"":""0.00%"",""mem"":""20.37MiB / 122.8GiB""},{""name"":""lab-invoicing-stub"",""cpu"":""0.00%"",""mem"":""16.62MiB / 122.8GiB""},{""name"":""lab-shipping-stub"",""cpu"":""0.00%"",""mem"":""16.58MiB / 122.8GiB""},{""name"":""lab-eparagony-stub-tls"",""cpu"":""0.00%"",""mem"":""23.3MiB / 122.8GiB""},{""name"":""lab-erli-stub-tls"",""cpu"":""0.00%"",""mem"":""22.67MiB / 122.8GiB""},{""name"":""lab-wc-tls"",""cpu"":""0.00%"",""mem"":""29.51MiB / 122.8GiB""},{""name"":""lab-prestashop"",""cpu"":""7.90%"",""mem"":""137.7MiB / 122.8GiB""},{""name"":""lab-woocommerce"",""cpu"":""0.01%"",""mem"":""294.6MiB / 122.8GiB""},{""name"":""lab-redis"",""cpu"":""0.75%"",""mem"":""80.61MiB / 122.8GiB""},{""name"":""lab-postgres"",""cpu"":""3.72%"",""mem"":""241.8MiB / 122.8GiB""},{""name"":""lab-mysql"",""cpu"":""7.64%"",""mem"":""724.4MiB / 122.8GiB""},{""name"":""lab-woocommerce-mysql"",""cpu"":""1.01%"",""mem"":""511.8MiB / 122.8GiB""}]"
2026-09-10T13:44:39Z,3,1751,2,0,20,2668779187,"[{""name"":""lab-worker-1"",""cpu"":""3.62%"",""mem"":""135.5MiB / 122.8GiB""},{""name"":""lab-api"",""cpu"":""0.01%"",""mem"":""145.1MiB / 122.8GiB""},{""name"":""lab-allegro-stub"",""cpu"":""0.00%"",""mem"":""21.03MiB / 122.8GiB""},{""name"":""lab-erli-stub"",""cpu"":""4.20%"",""mem"":""18.61MiB / 122.8GiB""},{""name"":""lab-eparagony-stub"",""cpu"":""4.20%"",""mem"":""20.38MiB / 122.8GiB""},{""name"":""lab-invoicing-stub"",""cpu"":""0.00%"",""mem"":""16.6MiB / 122.8GiB""},{""name"":""lab-shipping-stub"",""cpu"":""0.00%"",""mem"":""16.58MiB / 122.8GiB""},{""name"":""lab-eparagony-stub-tls"",""cpu"":""0.00%"",""mem"":""23.3MiB / 122.8GiB""},{""name"":""lab-erli-stub-tls"",""cpu"":""0.00%"",""mem"":""22.67MiB / 122.8GiB""},{""name"":""lab-wc-tls"",""cpu"":""0.00%"",""mem"":""29.51MiB / 122.8GiB""},{""name"":""lab-prestashop"",""cpu"":""7.53%"",""mem"":""137.5MiB / 122.8GiB""},{""name"":""lab-woocommerce"",""cpu"":""0.00%"",""mem"":""294.6MiB / 122.8GiB""},{""name"":""lab-redis"",""cpu"":""0.75%"",""mem"":""80.61MiB / 122.8GiB""},{""name"":""lab-postgres"",""cpu"":""1.85%"",""mem"":""241.8MiB / 122.8GiB""},{""name"":""lab-mysql"",""cpu"":""7.29%"",""mem"":""724.4MiB / 122.8GiB""},{""name"":""lab-woocommerce-mysql"",""cpu"":""0.93%"",""mem"":""511.8MiB / 122.8GiB""}]"
2026-09-10T13:44:39Z,3,1751,2,0,20,2668779187,"[{""name"":""lab-worker-1"",""cpu"":""3.62%"",""mem"":""135.5MiB / 122.8GiB""},{""name"":""lab-api"",""cpu"":""0.01%"",""mem"":""145.1MiB / 122.8GiB""},{""name"":""lab-allegro-stub"",""cpu"":""0.00%"",""mem"":""21.03MiB / 122.8GiB""},{""name"":""lab-erli-stub"",""cpu"":""4.20%"",""mem"":""18.61MiB / 122.8GiB""},{""name"":""lab-eparagony-stub"",""cpu"":""4.20%"",""mem"":""20.38MiB / 122.8GiB""},{""name"":""lab-invoicing-stub"",""cpu"":""0.00%"",""mem"":""16.6MiB / 122.8GiB""},{""name"":""lab-shipping-stub"",""cpu"":""0.00%"",""mem"":""16.58MiB / 122.8GiB""},{""name"":""lab-eparagony-stub-tls"",""cpu"":""0.00%"",""mem"":""23.3MiB / 122.8GiB""},{""name"":""lab-erli-stub-tls"",""cpu"":""0.00%"",""mem"":""22.67MiB / 122.8GiB""},{""name"":""lab-wc-tls"",""cpu"":""0.00%"",""mem"":""29.51MiB / 122.8GiB""},{""name"":""lab-prestashop"",""cpu"":""7.53%"",""mem"":""137.5MiB / 122.8GiB""},{""name"":""lab-woocommerce"",""cpu"":""0.00%"",""mem"":""294.6MiB / 122.8GiB""},{""name"":""lab-redis"",""cpu"":""0.75%"",""mem"":""80.61MiB / 122.8GiB""},{""name"":""lab-postgres"",""cpu"":""1.85%"",""mem"":""241.8MiB / 122.8GiB""},{""name"":""lab-mysql"",""cpu"":""7.29%"",""mem"":""724.4MiB / 122.8GiB""},{""name"":""lab-woocommerce-mysql"",""cpu"":""0.93%"",""mem"":""511.8MiB / 122.8GiB""}]"
2026-09-10T13:44:42Z,3,1751,1,0,20,2668779187,"[{""name"":""lab-worker-1"",""cpu"":""4.91%"",""mem"":""135.4MiB / 122.8GiB""},{""name"":""lab-api"",""cpu"":""0.00%"",""mem"":""145.1MiB / 122.8GiB""},{""name"":""lab-allegro-stub"",""cpu"":""0.00%"",""mem"":""21.03MiB / 122.8GiB""},{""name"":""lab-erli-stub"",""cpu"":""0.00%"",""mem"":""18.05MiB / 122.8GiB""},{""name"":""lab-eparagony-stub"",""cpu"":""0.00%"",""mem"":""20.38MiB / 122.8GiB""},{""name"":""lab-invoicing-stub"",""cpu"":""0.00%"",""mem"":""16.6MiB / 122.8GiB""},{""name"":""lab-shipping-stub"",""cpu"":""0.00%"",""mem"":""16.58MiB / 122.8GiB""},{""name"":""lab-eparagony-stub-tls"",""cpu"":""0.00%"",""mem"":""23.3MiB / 122.8GiB""},{""name"":""lab-erli-stub-tls"",""cpu"":""0.00%"",""mem"":""22.67MiB / 122.8GiB""},{""name"":""lab-wc-tls"",""cpu"":""0.00%"",""mem"":""29.51MiB / 122.8GiB""},{""name"":""lab-prestashop"",""cpu"":""8.60%"",""mem"":""136MiB / 122.8GiB""},{""name"":""lab-woocommerce"",""cpu"":""0.01%"",""mem"":""294.6MiB / 122.8GiB""},{""name"":""lab-redis"",""cpu"":""0.94%"",""mem"":""80.62MiB / 122.8GiB""},{""name"":""lab-postgres"",""cpu"":""2.93%"",""mem"":""242MiB / 122.8GiB""},{""name"":""lab-mysql"",""cpu"":""9.01%"",""mem"":""724.6MiB / 122.8GiB""},{""name"":""lab-woocommerce-mysql"",""cpu"":""0.99%"",""mem"":""511.8MiB / 122.8GiB""}]"
2026-09-10T13:44:42Z,3,1751,1,0,20,2668779187,"[{""name"":""lab-worker-1"",""cpu"":""4.91%"",""mem"":""135.4MiB / 122.8GiB""},{""name"":""lab-api"",""cpu"":""0.00%"",""mem"":""145.1MiB / 122.8GiB""},{""name"":""lab-allegro-stub"",""cpu"":""0.00%"",""mem"":""21.03MiB / 122.8GiB""},{""name"":""lab-erli-stub"",""cpu"":""0.00%"",""mem"":""18.05MiB / 122.8GiB""},{""name"":""lab-eparagony-stub"",""cpu"":""0.00%"",""mem"":""20.38MiB / 122.8GiB""},{""name"":""lab-invoicing-stub"",""cpu"":""0.00%"",""mem"":""16.6MiB / 122.8GiB""},{""name"":""lab-shipping-stub"",""cpu"":""0.00%"",""mem"":""16.58MiB / 122.8GiB""},{""name"":""lab-eparagony-stub-tls"",""cpu"":""0.00%"",""mem"":""23.3MiB / 122.8GiB""},{""name"":""lab-erli-stub-tls"",""cpu"":""0.00%"",""mem"":""22.67MiB / 122.8GiB""},{""name"":""lab-wc-tls"",""cpu"":""0.00%"",""mem"":""29.51MiB / 122.8GiB""},{""name"":""lab-prestashop"",""cpu"":""8.60%"",""mem"":""136MiB / 122.8GiB""},{""name"":""lab-woocommerce"",""cpu"":""0.01%"",""mem"":""294.6MiB / 122.8GiB""},{""name"":""lab-redis"",""cpu"":""0.94%"",""mem"":""80.62MiB / 122.8GiB""},{""name"":""lab-postgres"",""cpu"":""2.93%"",""mem"":""242MiB / 122.8GiB""},{""name"":""lab-mysql"",""cpu"":""9.01%"",""mem"":""724.6MiB / 122.8GiB""},{""name"":""lab-woocommerce-mysql"",""cpu"":""0.99%"",""mem"":""511.8MiB / 122.8GiB""}]"
2026-09-10T13:44:45Z,3,1750,2,0,21,2668779187,"[{""name"":""lab-worker-1"",""cpu"":""4.46%"",""mem"":""135.8MiB / 122.8GiB""},{""name"":""lab-api"",""cpu"":""0.00%"",""mem"":""145.1MiB / 122.8GiB""},{""name"":""lab-allegro-stub"",""cpu"":""3.93%"",""mem"":""21.03MiB / 122.8GiB""},{""name"":""lab-erli-stub"",""cpu"":""0.01%"",""mem"":""18.06MiB / 122.8GiB""},{""name"":""lab-eparagony-stub"",""cpu"":""0.00%"",""mem"":""20.37MiB / 122.8GiB""},{""name"":""lab-invoicing-stub"",""cpu"":""4.10%"",""mem"":""16.61MiB / 122.8GiB""},{""name"":""lab-shipping-stub"",""cpu"":""4.20%"",""mem"":""16.58MiB / 122.8GiB""},{""name"":""lab-eparagony-stub-tls"",""cpu"":""0.00%"",""mem"":""23.3MiB / 122.8GiB""},{""name"":""lab-erli-stub-tls"",""cpu"":""0.00%"",""mem"":""22.67MiB / 122.8GiB""},{""name"":""lab-wc-tls"",""cpu"":""0.00%"",""mem"":""29.51MiB / 122.8GiB""},{""name"":""lab-prestashop"",""cpu"":""8.32%"",""mem"":""135.5MiB / 122.8GiB""},{""name"":""lab-woocommerce"",""cpu"":""0.01%"",""mem"":""294.6MiB / 122.8GiB""},{""name"":""lab-redis"",""cpu"":""0.78%"",""mem"":""80.86MiB / 122.8GiB""},{""name"":""lab-postgres"",""cpu"":""6.72%"",""mem"":""239.1MiB / 122.8GiB""},{""name"":""lab-mysql"",""cpu"":""12.27%"",""mem"":""724.4MiB / 122.8GiB""},{""name"":""lab-woocommerce-mysql"",""cpu"":""0.89%"",""mem"":""511.8MiB / 122.8GiB""}]"
2026-09-10T13:44:45Z,3,1750,2,0,21,2668779187,"[{""name"":""lab-worker-1"",""cpu"":""4.46%"",""mem"":""135.8MiB / 122.8GiB""},{""name"":""lab-api"",""cpu"":""0.00%"",""mem"":""145.1MiB / 122.8GiB""},{""name"":""lab-allegro-stub"",""cpu"":""3.93%"",""mem"":""21.03MiB / 122.8GiB""},{""name"":""lab-erli-stub"",""cpu"":""0.01%"",""mem"":""18.06MiB / 122.8GiB""},{""name"":""lab-eparagony-stub"",""cpu"":""0.00%"",""mem"":""20.37MiB / 122.8GiB""},{""name"":""lab-invoicing-stub"",""cpu"":""4.10%"",""mem"":""16.61MiB / 122.8GiB""},{""name"":""lab-shipping-stub"",""cpu"":""4.20%"",""mem"":""16.58MiB / 122.8GiB""},{""name"":""lab-eparagony-stub-tls"",""cpu"":""0.00%"",""mem"":""23.3MiB / 122.8GiB""},{""name"":""lab-erli-stub-tls"",""cpu"":""0.00%"",""mem"":""22.67MiB / 122.8GiB""},{""name"":""lab-wc-tls"",""cpu"":""0.00%"",""mem"":""29.51MiB / 122.8GiB""},{""name"":""lab-prestashop"",""cpu"":""8.32%"",""mem"":""135.5MiB / 122.8GiB""},{""name"":""lab-woocommerce"",""cpu"":""0.01%"",""mem"":""294.6MiB / 122.8GiB""},{""name"":""lab-redis"",""cpu"":""0.78%"",""mem"":""80.86MiB / 122.8GiB""},{""name"":""lab-postgres"",""cpu"":""6.72%"",""mem"":""239.1MiB / 122.8GiB""},{""name"":""lab-mysql"",""cpu"":""12.27%"",""mem"":""724.4MiB / 122.8GiB""},{""name"":""lab-woocommerce-mysql"",""cpu"":""0.89%"",""mem"":""511.8MiB / 122.8GiB""}]"
2026-09-10T13:44:48Z,3,1750,1,0,21,2668779187,"[{""name"":""lab-worker-1"",""cpu"":""3.45%"",""mem"":""136.2MiB / 122.8GiB""},{""name"":""lab-api"",""cpu"":""0.01%"",""mem"":""145.1MiB / 122.8GiB""},{""name"":""lab-allegro-stub"",""cpu"":""0.00%"",""mem"":""21.03MiB / 122.8GiB""},{""name"":""lab-erli-stub"",""cpu"":""0.00%"",""mem"":""18.05MiB / 122.8GiB""},{""name"":""lab-eparagony-stub"",""cpu"":""0.00%"",""mem"":""20.37MiB / 122.8GiB""},{""name"":""lab-invoicing-stub"",""cpu"":""0.00%"",""mem"":""16.6MiB / 122.8GiB""},{""name"":""lab-shipping-stub"",""cpu"":""0.00%"",""mem"":""16.58MiB / 122.8GiB""},{""name"":""lab-eparagony-stub-tls"",""cpu"":""0.00%"",""mem"":""23.3MiB / 122.8GiB""},{""name"":""lab-erli-stub-tls"",""cpu"":""0.00%"",""mem"":""22.67MiB / 122.8GiB""},{""name"":""lab-wc-tls"",""cpu"":""0.00%"",""mem"":""29.51MiB / 122.8GiB""},{""name"":""lab-prestashop"",""cpu"":""7.97%"",""mem"":""135.5MiB / 122.8GiB""},{""name"":""lab-woocommerce"",""cpu"":""0.01%"",""mem"":""294.6MiB / 122.8GiB""},{""name"":""lab-redis"",""cpu"":""0.70%"",""mem"":""80.86MiB / 122.8GiB""},{""name"":""lab-postgres"",""cpu"":""1.86%"",""mem"":""239.1MiB / 122.8GiB""},{""name"":""lab-mysql"",""cpu"":""7.96%"",""mem"":""724.4MiB / 122.8GiB""},{""name"":""lab-woocommerce-mysql"",""cpu"":""5.76%"",""mem"":""511.8MiB / 122.8GiB""}]"
2026-09-10T13:44:48Z,3,1750,1,0,20,2668779187,"[{""name"":""lab-worker-1"",""cpu"":""3.45%"",""mem"":""136.2MiB / 122.8GiB""},{""name"":""lab-api"",""cpu"":""0.01%"",""mem"":""145.1MiB / 122.8GiB""},{""name"":""lab-allegro-stub"",""cpu"":""0.00%"",""mem"":""21.03MiB / 122.8GiB""},{""name"":""lab-erli-stub"",""cpu"":""0.00%"",""mem"":""18.05MiB / 122.8GiB""},{""name"":""lab-eparagony-stub"",""cpu"":""0.00%"",""mem"":""20.37MiB / 122.8GiB""},{""name"":""lab-invoicing-stub"",""cpu"":""0.00%"",""mem"":""16.6MiB / 122.8GiB""},{""name"":""lab-shipping-stub"",""cpu"":""0.00%"",""mem"":""16.58MiB / 122.8GiB""},{""name"":""lab-eparagony-stub-tls"",""cpu"":""0.00%"",""mem"":""23.3MiB / 122.8GiB""},{""name"":""lab-erli-stub-tls"",""cpu"":""0.00%"",""mem"":""22.67MiB / 122.8GiB""},{""name"":""lab-wc-tls"",""cpu"":""0.00%"",""mem"":""29.51MiB / 122.8GiB""},{""name"":""lab-prestashop"",""cpu"":""7.97%"",""mem"":""135.5MiB / 122.8GiB""},{""name"":""lab-woocommerce"",""cpu"":""0.01%"",""mem"":""294.6MiB / 122.8GiB""},{""name"":""lab-redis"",""cpu"":""0.70%"",""mem"":""80.86MiB / 122.8GiB""},{""name"":""lab-postgres"",""cpu"":""1.86%"",""mem"":""239.1MiB / 122.8GiB""},{""name"":""lab-mysql"",""cpu"":""7.96%"",""mem"":""724.4MiB / 122.8GiB""},{""name"":""lab-woocommerce-mysql"",""cpu"":""5.76%"",""mem"":""511.8MiB / 122.8GiB""}]"
2026-09-10T13:44:51Z,3,1750,2,0,20,2668779187,"[{""name"":""lab-worker-1"",""cpu"":""4.05%"",""mem"":""135.9MiB / 122.8GiB""},{""name"":""lab-api"",""cpu"":""0.00%"",""mem"":""145.1MiB / 122.8GiB""},{""name"":""lab-allegro-stub"",""cpu"":""0.00%"",""mem"":""21.03MiB / 122.8GiB""},{""name"":""lab-erli-stub"",""cpu"":""0.00%"",""mem"":""18.05MiB / 122.8GiB""},{""name"":""lab-eparagony-stub"",""cpu"":""0.00%"",""mem"":""20.37MiB / 122.8GiB""},{""name"":""lab-invoicing-stub"",""cpu"":""0.00%"",""mem"":""16.6MiB / 122.8GiB""},{""name"":""lab-shipping-stub"",""cpu"":""0.00%"",""mem"":""16.58MiB / 122.8GiB""},{""name"":""lab-eparagony-stub-tls"",""cpu"":""0.00%"",""mem"":""23.3MiB / 122.8GiB""},{""name"":""lab-erli-stub-tls"",""cpu"":""0.00%"",""mem"":""22.67MiB / 122.8GiB""},{""name"":""lab-wc-tls"",""cpu"":""0.00%"",""mem"":""29.51MiB / 122.8GiB""},{""name"":""lab-prestashop"",""cpu"":""7.36%"",""mem"":""135.5MiB / 122.8GiB""},{""name"":""lab-woocommerce"",""cpu"":""0.00%"",""mem"":""294.6MiB / 122.8GiB""},{""name"":""lab-redis"",""cpu"":""0.75%"",""mem"":""80.61MiB / 122.8GiB""},{""name"":""lab-postgres"",""cpu"":""2.92%"",""mem"":""241.7MiB / 122.8GiB""},{""name"":""lab-mysql"",""cpu"":""8.08%"",""mem"":""724.4MiB / 122.8GiB""},{""name"":""lab-woocommerce-mysql"",""cpu"":""1.02%"",""mem"":""511.8MiB / 122.8GiB""}]"
2026-09-10T13:44:51Z,3,1750,2,0,20,2668779187,"[{""name"":""lab-worker-1"",""cpu"":""4.05%"",""mem"":""135.9MiB / 122.8GiB""},{""name"":""lab-api"",""cpu"":""0.00%"",""mem"":""145.1MiB / 122.8GiB""},{""name"":""lab-allegro-stub"",""cpu"":""0.00%"",""mem"":""21.03MiB / 122.8GiB""},{""name"":""lab-erli-stub"",""cpu"":""0.00%"",""mem"":""18.05MiB / 122.8GiB""},{""name"":""lab-eparagony-stub"",""cpu"":""0.00%"",""mem"":""20.37MiB / 122.8GiB""},{""name"":""lab-invoicing-stub"",""cpu"":""0.00%"",""mem"":""16.6MiB / 122.8GiB""},{""name"":""lab-shipping-stub"",""cpu"":""0.00%"",""mem"":""16.58MiB / 122.8GiB""},{""name"":""lab-eparagony-stub-tls"",""cpu"":""0.00%"",""mem"":""23.3MiB / 122.8GiB""},{""name"":""lab-erli-stub-tls"",""cpu"":""0.00%"",""mem"":""22.67MiB / 122.8GiB""},{""name"":""lab-wc-tls"",""cpu"":""0.00%"",""mem"":""29.51MiB / 122.8GiB""},{""name"":""lab-prestashop"",""cpu"":""7.36%"",""mem"":""135.5MiB / 122.8GiB""},{""name"":""lab-woocommerce"",""cpu"":""0.00%"",""mem"":""294.6MiB / 122.8GiB""},{""name"":""lab-redis"",""cpu"":""0.75%"",""mem"":""80.61MiB / 122.8GiB""},{""name"":""lab-postgres"",""cpu"":""2.92%"",""mem"":""241.7MiB / 122.8GiB""},{""name"":""lab-mysql"",""cpu"":""8.08%"",""mem"":""724.4MiB / 122.8GiB""},{""name"":""lab-woocommerce-mysql"",""cpu"":""1.02%"",""mem"":""511.8MiB / 122.8GiB""}]"
2026-09-10T13:44:54Z,3,1751,2,0,19,2668779187,"[{""name"":""lab-worker-1"",""cpu"":""5.73%"",""mem"":""136MiB / 122.8GiB""},{""name"":""lab-api"",""cpu"":""0.00%"",""mem"":""145.3MiB / 122.8GiB""},{""name"":""lab-allegro-stub"",""cpu"":""0.00%"",""mem"":""21.03MiB / 122.8GiB""},{""name"":""lab-erli-stub"",""cpu"":""4.19%"",""mem"":""18.35MiB / 122.8GiB""},{""name"":""lab-eparagony-stub"",""cpu"":""3.84%"",""mem"":""20.39MiB / 122.8GiB""},{""name"":""lab-invoicing-stub"",""cpu"":""0.00%"",""mem"":""16.6MiB / 122.8GiB""},{""name"":""lab-shipping-stub"",""cpu"":""0.00%"",""mem"":""16.58MiB / 122.8GiB""},{""name"":""lab-eparagony-stub-tls"",""cpu"":""0.00%"",""mem"":""23.3MiB / 122.8GiB""},{""name"":""lab-erli-stub-tls"",""cpu"":""0.00%"",""mem"":""22.67MiB / 122.8GiB""},{""name"":""lab-wc-tls"",""cpu"":""0.00%"",""mem"":""29.51MiB / 122.8GiB""},{""name"":""lab-prestashop"",""cpu"":""8.17%"",""mem"":""135.5MiB / 122.8GiB""},{""name"":""lab-woocommerce"",""cpu"":""0.01%"",""mem"":""294.6MiB / 122.8GiB""},{""name"":""lab-redis"",""cpu"":""0.78%"",""mem"":""80.61MiB / 122.8GiB""},{""name"":""lab-postgres"",""cpu"":""8.66%"",""mem"":""241.8MiB / 122.8GiB""},{""name"":""lab-mysql"",""cpu"":""7.63%"",""mem"":""724.4MiB / 122.8GiB""},{""name"":""lab-woocommerce-mysql"",""cpu"":""0.85%"",""mem"":""511.8MiB / 122.8GiB""}]"
2026-09-10T13:44:54Z,3,1751,2,0,19,2668779187,"[{""name"":""lab-worker-1"",""cpu"":""5.73%"",""mem"":""136MiB / 122.8GiB""},{""name"":""lab-api"",""cpu"":""0.00%"",""mem"":""145.3MiB / 122.8GiB""},{""name"":""lab-allegro-stub"",""cpu"":""0.00%"",""mem"":""21.03MiB / 122.8GiB""},{""name"":""lab-erli-stub"",""cpu"":""4.19%"",""mem"":""18.35MiB / 122.8GiB""},{""name"":""lab-eparagony-stub"",""cpu"":""3.84%"",""mem"":""20.39MiB / 122.8GiB""},{""name"":""lab-invoicing-stub"",""cpu"":""0.00%"",""mem"":""16.6MiB / 122.8GiB""},{""name"":""lab-shipping-stub"",""cpu"":""0.00%"",""mem"":""16.58MiB / 122.8GiB""},{""name"":""lab-eparagony-stub-tls"",""cpu"":""0.00%"",""mem"":""23.3MiB / 122.8GiB""},{""name"":""lab-erli-stub-tls"",""cpu"":""0.00%"",""mem"":""22.67MiB / 122.8GiB""},{""name"":""lab-wc-tls"",""cpu"":""0.00%"",""mem"":""29.51MiB / 122.8GiB""},{""name"":""lab-prestashop"",""cpu"":""8.17%"",""mem"":""135.5MiB / 122.8GiB""},{""name"":""lab-woocommerce"",""cpu"":""0.01%"",""mem"":""294.6MiB / 122.8GiB""},{""name"":""lab-redis"",""cpu"":""0.78%"",""mem"":""80.61MiB / 122.8GiB""},{""name"":""lab-postgres"",""cpu"":""8.66%"",""mem"":""241.8MiB / 122.8GiB""},{""name"":""lab-mysql"",""cpu"":""7.63%"",""mem"":""724.4MiB / 122.8GiB""},{""name"":""lab-woocommerce-mysql"",""cpu"":""0.85%"",""mem"":""511.8MiB / 122.8GiB""}]"
2026-09-10T13:44:58Z,3,1751,1,0,19,2668779187,"[{""name"":""lab-worker-1"",""cpu"":""3.74%"",""mem"":""136.2MiB / 122.8GiB""},{""name"":""lab-api"",""cpu"":""0.00%"",""mem"":""145.3MiB / 122.8GiB""},{""name"":""lab-allegro-stub"",""cpu"":""0.00%"",""mem"":""21.03MiB / 122.8GiB""},{""name"":""lab-erli-stub"",""cpu"":""0.00%"",""mem"":""18.05MiB / 122.8GiB""},{""name"":""lab-eparagony-stub"",""cpu"":""0.01%"",""mem"":""20.37MiB / 122.8GiB""},{""name"":""lab-invoicing-stub"",""cpu"":""0.00%"",""mem"":""16.6MiB / 122.8GiB""},{""name"":""lab-shipping-stub"",""cpu"":""0.00%"",""mem"":""16.58MiB / 122.8GiB""},{""name"":""lab-eparagony-stub-tls"",""cpu"":""0.00%"",""mem"":""23.3MiB / 122.8GiB""},{""name"":""lab-erli-stub-tls"",""cpu"":""0.00%"",""mem"":""22.67MiB / 122.8GiB""},{""name"":""lab-wc-tls"",""cpu"":""0.00%"",""mem"":""29.51MiB / 122.8GiB""},{""name"":""lab-prestashop"",""cpu"":""8.19%"",""mem"":""135.5MiB / 122.8GiB""},{""name"":""lab-woocommerce"",""cpu"":""0.00%"",""mem"":""294.6MiB / 122.8GiB""},{""name"":""lab-redis"",""cpu"":""0.80%"",""mem"":""80.61MiB / 122.8GiB""},{""name"":""lab-postgres"",""cpu"":""1.74%"",""mem"":""242MiB / 122.8GiB""},{""name"":""lab-mysql"",""cpu"":""7.84%"",""mem"":""724.4MiB / 122.8GiB""},{""name"":""lab-woocommerce-mysql"",""cpu"":""1.00%"",""mem"":""511.8MiB / 122.8GiB""}]"
2026-09-10T13:44:58Z,3,1751,1,0,19,2668779187,"[{""name"":""lab-worker-1"",""cpu"":""3.74%"",""mem"":""136.2MiB / 122.8GiB""},{""name"":""lab-api"",""cpu"":""0.00%"",""mem"":""145.3MiB / 122.8GiB""},{""name"":""lab-allegro-stub"",""cpu"":""0.00%"",""mem"":""21.03MiB / 122.8GiB""},{""name"":""lab-erli-stub"",""cpu"":""0.00%"",""mem"":""18.05MiB / 122.8GiB""},{""name"":""lab-eparagony-stub"",""cpu"":""0.01%"",""mem"":""20.37MiB / 122.8GiB""},{""name"":""lab-invoicing-stub"",""cpu"":""0.00%"",""mem"":""16.6MiB / 122.8GiB""},{""name"":""lab-shipping-stub"",""cpu"":""0.00%"",""mem"":""16.58MiB / 122.8GiB""},{""name"":""lab-eparagony-stub-tls"",""cpu"":""0.00%"",""mem"":""23.3MiB / 122.8GiB""},{""name"":""lab-erli-stub-tls"",""cpu"":""0.00%"",""mem"":""22.67MiB / 122.8GiB""},{""name"":""lab-wc-tls"",""cpu"":""0.00%"",""mem"":""29.51MiB / 122.8GiB""},{""name"":""lab-prestashop"",""cpu"":""8.19%"",""mem"":""135.5MiB / 122.8GiB""},{""name"":""lab-woocommerce"",""cpu"":""0.00%"",""mem"":""294.6MiB / 122.8GiB""},{""name"":""lab-redis"",""cpu"":""0.80%"",""mem"":""80.61MiB / 122.8GiB""},{""name"":""lab-postgres"",""cpu"":""1.74%"",""mem"":""242MiB / 122.8GiB""},{""name"":""lab-mysql"",""cpu"":""7.84%"",""mem"":""724.4MiB / 122.8GiB""},{""name"":""lab-woocommerce-mysql"",""cpu"":""1.00%"",""mem"":""511.8MiB / 122.8GiB""}]"
2026-09-10T13:45:01Z,4,1750,2,0,19,2668779187,"[{""name"":""lab-worker-1"",""cpu"":""3.99%"",""mem"":""136.1MiB / 122.8GiB""},{""name"":""lab-api"",""cpu"":""0.00%"",""mem"":""145.3MiB / 122.8GiB""},{""name"":""lab-allegro-stub"",""cpu"":""0.00%"",""mem"":""21.03MiB / 122.8GiB""},{""name"":""lab-erli-stub"",""cpu"":""0.00%"",""mem"":""18.05MiB / 122.8GiB""},{""name"":""lab-eparagony-stub"",""cpu"":""0.00%"",""mem"":""20.37MiB / 122.8GiB""},{""name"":""lab-invoicing-stub"",""cpu"":""0.01%"",""mem"":""16.6MiB / 122.8GiB""},{""name"":""lab-shipping-stub"",""cpu"":""0.01%"",""mem"":""16.58MiB / 122.8GiB""},{""name"":""lab-eparagony-stub-tls"",""cpu"":""0.00%"",""mem"":""23.3MiB / 122.8GiB""},{""name"":""lab-erli-stub-tls"",""cpu"":""0.00%"",""mem"":""22.67MiB / 122.8GiB""},{""name"":""lab-wc-tls"",""cpu"":""0.00%"",""mem"":""29.51MiB / 122.8GiB""},{""name"":""lab-prestashop"",""cpu"":""7.87%"",""mem"":""135.5MiB / 122.8GiB""},{""name"":""lab-woocommerce"",""cpu"":""0.01%"",""mem"":""294.6MiB / 122.8GiB""},{""name"":""lab-redis"",""cpu"":""0.70%"",""mem"":""80.85MiB / 122.8GiB""},{""name"":""lab-postgres"",""cpu"":""2.58%"",""mem"":""241.8MiB / 122.8GiB""},{""name"":""lab-mysql"",""cpu"":""7.53%"",""mem"":""724.4MiB / 122.8GiB""},{""name"":""lab-woocommerce-mysql"",""cpu"":""0.99%"",""mem"":""511.8MiB / 122.8GiB""}]"
2026-09-10T13:45:01Z,4,1750,2,0,19,2668779187,"[{""name"":""lab-worker-1"",""cpu"":""3.99%"",""mem"":""136.1MiB / 122.8GiB""},{""name"":""lab-api"",""cpu"":""0.00%"",""mem"":""145.3MiB / 122.8GiB""},{""name"":""lab-allegro-stub"",""cpu"":""0.00%"",""mem"":""21.03MiB / 122.8GiB""},{""name"":""lab-erli-stub"",""cpu"":""0.00%"",""mem"":""18.05MiB / 122.8GiB""},{""name"":""lab-eparagony-stub"",""cpu"":""0.00%"",""mem"":""20.37MiB / 122.8GiB""},{""name"":""lab-invoicing-stub"",""cpu"":""0.01%"",""mem"":""16.6MiB / 122.8GiB""},{""name"":""lab-shipping-stub"",""cpu"":""0.01%"",""mem"":""16.58MiB / 122.8GiB""},{""name"":""lab-eparagony-stub-tls"",""cpu"":""0.00%"",""mem"":""23.3MiB / 122.8GiB""},{""name"":""lab-erli-stub-tls"",""cpu"":""0.00%"",""mem"":""22.67MiB / 122.8GiB""},{""name"":""lab-wc-tls"",""cpu"":""0.00%"",""mem"":""29.51MiB / 122.8GiB""},{""name"":""lab-prestashop"",""cpu"":""7.87%"",""mem"":""135.5MiB / 122.8GiB""},{""name"":""lab-woocommerce"",""cpu"":""0.01%"",""mem"":""294.6MiB / 122.8GiB""},{""name"":""lab-redis"",""cpu"":""0.70%"",""mem"":""80.85MiB / 122.8GiB""},{""name"":""lab-postgres"",""cpu"":""2.58%"",""mem"":""241.8MiB / 122.8GiB""},{""name"":""lab-mysql"",""cpu"":""7.53%"",""mem"":""724.4MiB / 122.8GiB""},{""name"":""lab-woocommerce-mysql"",""cpu"":""0.99%"",""mem"":""511.8MiB / 122.8GiB""}]"
2026-09-10T13:45:04Z,3,1750,2,0,19,2668787379,"[{""name"":""lab-worker-1"",""cpu"":""3.44%"",""mem"":""136.2MiB / 122.8GiB""},{""name"":""lab-api"",""cpu"":""0.00%"",""mem"":""145.3MiB / 122.8GiB""},{""name"":""lab-allegro-stub"",""cpu"":""0.00%"",""mem"":""21.03MiB / 122.8GiB""},{""name"":""lab-erli-stub"",""cpu"":""0.00%"",""mem"":""18.05MiB / 122.8GiB""},{""name"":""lab-eparagony-stub"",""cpu"":""3.91%"",""mem"":""20.39MiB / 122.8GiB""},{""name"":""lab-invoicing-stub"",""cpu"":""0.00%"",""mem"":""16.6MiB / 122.8GiB""},{""name"":""lab-shipping-stub"",""cpu"":""0.00%"",""mem"":""16.58MiB / 122.8GiB""},{""name"":""lab-eparagony-stub-tls"",""cpu"":""0.00%"",""mem"":""23.3MiB / 122.8GiB""},{""name"":""lab-erli-stub-tls"",""cpu"":""0.00%"",""mem"":""22.67MiB / 122.8GiB""},{""name"":""lab-wc-tls"",""cpu"":""0.00%"",""mem"":""29.51MiB / 122.8GiB""},{""name"":""lab-prestashop"",""cpu"":""7.94%"",""mem"":""135.5MiB / 122.8GiB""},{""name"":""lab-woocommerce"",""cpu"":""0.01%"",""mem"":""294.6MiB / 122.8GiB""},{""name"":""lab-redis"",""cpu"":""0.75%"",""mem"":""80.61MiB / 122.8GiB""},{""name"":""lab-postgres"",""cpu"":""0.96%"",""mem"":""241.8MiB / 122.8GiB""},{""name"":""lab-mysql"",""cpu"":""7.70%"",""mem"":""724.4MiB / 122.8GiB""},{""name"":""lab-woocommerce-mysql"",""cpu"":""0.94%"",""mem"":""511.8MiB / 122.8GiB""}]"
2026-09-10T13:45:04Z,3,1750,2,0,19,2668787379,"[{""name"":""lab-worker-1"",""cpu"":""3.44%"",""mem"":""136.2MiB / 122.8GiB""},{""name"":""lab-api"",""cpu"":""0.00%"",""mem"":""145.3MiB / 122.8GiB""},{""name"":""lab-allegro-stub"",""cpu"":""0.00%"",""mem"":""21.03MiB / 122.8GiB""},{""name"":""lab-erli-stub"",""cpu"":""0.00%"",""mem"":""18.05MiB / 122.8GiB""},{""name"":""lab-eparagony-stub"",""cpu"":""3.91%"",""mem"":""20.39MiB / 122.8GiB""},{""name"":""lab-invoicing-stub"",""cpu"":""0.00%"",""mem"":""16.6MiB / 122.8GiB""},{""name"":""lab-shipping-stub"",""cpu"":""0.00%"",""mem"":""16.58MiB / 122.8GiB""},{""name"":""lab-eparagony-stub-tls"",""cpu"":""0.00%"",""mem"":""23.3MiB / 122.8GiB""},{""name"":""lab-erli-stub-tls"",""cpu"":""0.00%"",""mem"":""22.67MiB / 122.8GiB""},{""name"":""lab-wc-tls"",""cpu"":""0.00%"",""mem"":""29.51MiB / 122.8GiB""},{""name"":""lab-prestashop"",""cpu"":""7.94%"",""mem"":""135.5MiB / 122.8GiB""},{""name"":""lab-woocommerce"",""cpu"":""0.01%"",""mem"":""294.6MiB / 122.8GiB""},{""name"":""lab-redis"",""cpu"":""0.75%"",""mem"":""80.61MiB / 122.8GiB""},{""name"":""lab-postgres"",""cpu"":""0.96%"",""mem"":""241.8MiB / 122.8GiB""},{""name"":""lab-mysql"",""cpu"":""7.70%"",""mem"":""724.4MiB / 122.8GiB""},{""name"":""lab-woocommerce-mysql"",""cpu"":""0.94%"",""mem"":""511.8MiB / 122.8GiB""}]"
2026-09-10T13:45:07Z,3,1750,1,0,20,2668787379,"[{""name"":""lab-worker-1"",""cpu"":""4.83%"",""mem"":""136MiB / 122.8GiB""},{""name"":""lab-api"",""cpu"":""0.00%"",""mem"":""145.3MiB / 122.8GiB""},{""name"":""lab-allegro-stub"",""cpu"":""0.00%"",""mem"":""21.03MiB / 122.8GiB""},{""name"":""lab-erli-stub"",""cpu"":""0.00%"",""mem"":""18.05MiB / 122.8GiB""},{""name"":""lab-eparagony-stub"",""cpu"":""0.00%"",""mem"":""20.37MiB / 122.8GiB""},{""name"":""lab-invoicing-stub"",""cpu"":""0.00%"",""mem"":""16.6MiB / 122.8GiB""},{""name"":""lab-shipping-stub"",""cpu"":""0.00%"",""mem"":""16.58MiB / 122.8GiB""},{""name"":""lab-eparagony-stub-tls"",""cpu"":""0.00%"",""mem"":""23.3MiB / 122.8GiB""},{""name"":""lab-erli-stub-tls"",""cpu"":""0.00%"",""mem"":""22.67MiB / 122.8GiB""},{""name"":""lab-wc-tls"",""cpu"":""0.00%"",""mem"":""29.51MiB / 122.8GiB""},{""name"":""lab-prestashop"",""cpu"":""8.65%"",""mem"":""135.5MiB / 122.8GiB""},{""name"":""lab-woocommerce"",""cpu"":""0.00%"",""mem"":""294.6MiB / 122.8GiB""},{""name"":""lab-redis"",""cpu"":""0.80%"",""mem"":""80.61MiB / 122.8GiB""},{""name"":""lab-postgres"",""cpu"":""2.76%"",""mem"":""241.8MiB / 122.8GiB""},{""name"":""lab-mysql"",""cpu"":""8.24%"",""mem"":""724.4MiB / 122.8GiB""},{""name"":""lab-woocommerce-mysql"",""cpu"":""1.00%"",""mem"":""511.8MiB / 122.8GiB""}]"
2026-09-10T13:45:07Z,3,1750,1,0,20,2668787379,"[{""name"":""lab-worker-1"",""cpu"":""4.83%"",""mem"":""136MiB / 122.8GiB""},{""name"":""lab-api"",""cpu"":""0.00%"",""mem"":""145.3MiB / 122.8GiB""},{""name"":""lab-allegro-stub"",""cpu"":""0.00%"",""mem"":""21.03MiB / 122.8GiB""},{""name"":""lab-erli-stub"",""cpu"":""0.00%"",""mem"":""18.05MiB / 122.8GiB""},{""name"":""lab-eparagony-stub"",""cpu"":""0.00%"",""mem"":""20.37MiB / 122.8GiB""},{""name"":""lab-invoicing-stub"",""cpu"":""0.00%"",""mem"":""16.6MiB / 122.8GiB""},{""name"":""lab-shipping-stub"",""cpu"":""0.00%"",""mem"":""16.58MiB / 122.8GiB""},{""name"":""lab-eparagony-stub-tls"",""cpu"":""0.00%"",""mem"":""23.3MiB / 122.8GiB""},{""name"":""lab-erli-stub-tls"",""cpu"":""0.00%"",""mem"":""22.67MiB / 122.8GiB""},{""name"":""lab-wc-tls"",""cpu"":""0.00%"",""mem"":""29.51MiB / 122.8GiB""},{""name"":""lab-prestashop"",""cpu"":""8.65%"",""mem"":""135.5MiB / 122.8GiB""},{""name"":""lab-woocommerce"",""cpu"":""0.00%"",""mem"":""294.6MiB / 122.8GiB""},{""name"":""lab-redis"",""cpu"":""0.80%"",""mem"":""80.61MiB / 122.8GiB""},{""name"":""lab-postgres"",""cpu"":""2.76%"",""mem"":""241.8MiB / 122.8GiB""},{""name"":""lab-mysql"",""cpu"":""8.24%"",""mem"":""724.4MiB / 122.8GiB""},{""name"":""lab-woocommerce-mysql"",""cpu"":""1.00%"",""mem"":""511.8MiB / 122.8GiB""}]"
2026-09-10T13:45:10Z,3,1751,1,0,21,2668803763,"[{""name"":""lab-worker-1"",""cpu"":""4.69%"",""mem"":""135.9MiB / 122.8GiB""},{""name"":""lab-api"",""cpu"":""0.00%"",""mem"":""145.3MiB / 122.8GiB""},{""name"":""lab-allegro-stub"",""cpu"":""4.26%"",""mem"":""21.07MiB / 122.8GiB""},{""name"":""lab-erli-stub"",""cpu"":""4.02%"",""mem"":""18.05MiB / 122.8GiB""},{""name"":""lab-eparagony-stub"",""cpu"":""0.01%"",""mem"":""20.37MiB / 122.8GiB""},{""name"":""lab-invoicing-stub"",""cpu"":""3.99%"",""mem"":""16.63MiB / 122.8GiB""},{""name"":""lab-shipping-stub"",""cpu"":""4.16%"",""mem"":""16.61MiB / 122.8GiB""},{""name"":""lab-eparagony-stub-tls"",""cpu"":""0.00%"",""mem"":""23.3MiB / 122.8GiB""},{""name"":""lab-erli-stub-tls"",""cpu"":""0.00%"",""mem"":""22.67MiB / 122.8GiB""},{""name"":""lab-wc-tls"",""cpu"":""0.00%"",""mem"":""29.51MiB / 122.8GiB""},{""name"":""lab-prestashop"",""cpu"":""8.15%"",""mem"":""136MiB / 122.8GiB""},{""name"":""lab-woocommerce"",""cpu"":""0.01%"",""mem"":""294.6MiB / 122.8GiB""},{""name"":""lab-redis"",""cpu"":""0.60%"",""mem"":""80.61MiB / 122.8GiB""},{""name"":""lab-postgres"",""cpu"":""2.16%"",""mem"":""241.8MiB / 122.8GiB""},{""name"":""lab-mysql"",""cpu"":""7.28%"",""mem"":""724.4MiB / 122.8GiB""},{""name"":""lab-woocommerce-mysql"",""cpu"":""0.79%"",""mem"":""511.8MiB / 122.8GiB""}]"
2026-09-10T13:45:10Z,3,1751,1,0,21,2668803763,"[{""name"":""lab-worker-1"",""cpu"":""4.69%"",""mem"":""135.9MiB / 122.8GiB""},{""name"":""lab-api"",""cpu"":""0.00%"",""mem"":""145.3MiB / 122.8GiB""},{""name"":""lab-allegro-stub"",""cpu"":""4.26%"",""mem"":""21.07MiB / 122.8GiB""},{""name"":""lab-erli-stub"",""cpu"":""4.02%"",""mem"":""18.05MiB / 122.8GiB""},{""name"":""lab-eparagony-stub"",""cpu"":""0.01%"",""mem"":""20.37MiB / 122.8GiB""},{""name"":""lab-invoicing-stub"",""cpu"":""3.99%"",""mem"":""16.63MiB / 122.8GiB""},{""name"":""lab-shipping-stub"",""cpu"":""4.16%"",""mem"":""16.61MiB / 122.8GiB""},{""name"":""lab-eparagony-stub-tls"",""cpu"":""0.00%"",""mem"":""23.3MiB / 122.8GiB""},{""name"":""lab-erli-stub-tls"",""cpu"":""0.00%"",""mem"":""22.67MiB / 122.8GiB""},{""name"":""lab-wc-tls"",""cpu"":""0.00%"",""mem"":""29.51MiB / 122.8GiB""},{""name"":""lab-prestashop"",""cpu"":""8.15%"",""mem"":""136MiB / 122.8GiB""},{""name"":""lab-woocommerce"",""cpu"":""0.01%"",""mem"":""294.6MiB / 122.8GiB""},{""name"":""lab-redis"",""cpu"":""0.60%"",""mem"":""80.61MiB / 122.8GiB""},{""name"":""lab-postgres"",""cpu"":""2.16%"",""mem"":""241.8MiB / 122.8GiB""},{""name"":""lab-mysql"",""cpu"":""7.28%"",""mem"":""724.4MiB / 122.8GiB""},{""name"":""lab-woocommerce-mysql"",""cpu"":""0.79%"",""mem"":""511.8MiB / 122.8GiB""}]"
2026-09-10T13:45:13Z,3,1750,2,0,19,2668803763,"[{""name"":""lab-worker-1"",""cpu"":""6.78%"",""mem"":""136.1MiB / 122.8GiB""},{""name"":""lab-api"",""cpu"":""0.01%"",""mem"":""145.3MiB / 122.8GiB""},{""name"":""lab-allegro-stub"",""cpu"":""0.00%"",""mem"":""21.03MiB / 122.8GiB""},{""name"":""lab-erli-stub"",""cpu"":""0.00%"",""mem"":""18.05MiB / 122.8GiB""},{""name"":""lab-eparagony-stub"",""cpu"":""0.00%"",""mem"":""20.37MiB / 122.8GiB""},{""name"":""lab-invoicing-stub"",""cpu"":""0.00%"",""mem"":""16.6MiB / 122.8GiB""},{""name"":""lab-shipping-stub"",""cpu"":""0.00%"",""mem"":""16.58MiB / 122.8GiB""},{""name"":""lab-eparagony-stub-tls"",""cpu"":""0.00%"",""mem"":""23.3MiB / 122.8GiB""},{""name"":""lab-erli-stub-tls"",""cpu"":""0.00%"",""mem"":""22.67MiB / 122.8GiB""},{""name"":""lab-wc-tls"",""cpu"":""0.00%"",""mem"":""29.51MiB / 122.8GiB""},{""name"":""lab-prestashop"",""cpu"":""8.00%"",""mem"":""135.5MiB / 122.8GiB""},{""name"":""lab-woocommerce"",""cpu"":""12.61%"",""mem"":""294.6MiB / 122.8GiB""},{""name"":""lab-redis"",""cpu"":""4.93%"",""mem"":""80.88MiB / 122.8GiB""},{""name"":""lab-postgres"",""cpu"":""2.32%"",""mem"":""239.1MiB / 122.8GiB""},{""name"":""lab-mysql"",""cpu"":""7.83%"",""mem"":""724.4MiB / 122.8GiB""},{""name"":""lab-woocommerce-mysql"",""cpu"":""1.98%"",""mem"":""511.8MiB / 122.8GiB""}]"
2026-09-10T13:45:13Z,3,1750,2,0,19,2668803763,"[{""name"":""lab-worker-1"",""cpu"":""6.78%"",""mem"":""136.1MiB / 122.8GiB""},{""name"":""lab-api"",""cpu"":""0.01%"",""mem"":""145.3MiB / 122.8GiB""},{""name"":""lab-allegro-stub"",""cpu"":""0.00%"",""mem"":""21.03MiB / 122.8GiB""},{""name"":""lab-erli-stub"",""cpu"":""0.00%"",""mem"":""18.05MiB / 122.8GiB""},{""name"":""lab-eparagony-stub"",""cpu"":""0.00%"",""mem"":""20.37MiB / 122.8GiB""},{""name"":""lab-invoicing-stub"",""cpu"":""0.00%"",""mem"":""16.6MiB / 122.8GiB""},{""name"":""lab-shipping-stub"",""cpu"":""0.00%"",""mem"":""16.58MiB / 122.8GiB""},{""name"":""lab-eparagony-stub-tls"",""cpu"":""0.00%"",""mem"":""23.3MiB / 122.8GiB""},{""name"":""lab-erli-stub-tls"",""cpu"":""0.00%"",""mem"":""22.67MiB / 122.8GiB""},{""name"":""lab-wc-tls"",""cpu"":""0.00%"",""mem"":""29.51MiB / 122.8GiB""},{""name"":""lab-prestashop"",""cpu"":""8.00%"",""mem"":""135.5MiB / 122.8GiB""},{""name"":""lab-woocommerce"",""cpu"":""12.61%"",""mem"":""294.6MiB / 122.8GiB""},{""name"":""lab-redis"",""cpu"":""4.93%"",""mem"":""80.88MiB / 122.8GiB""},{""name"":""lab-postgres"",""cpu"":""2.32%"",""mem"":""239.1MiB / 122.8GiB""},{""name"":""lab-mysql"",""cpu"":""7.83%"",""mem"":""724.4MiB / 122.8GiB""},{""name"":""lab-woocommerce-mysql"",""cpu"":""1.98%"",""mem"":""511.8MiB / 122.8GiB""}]"
2026-09-10T13:45:16Z,3,1750,2,0,20,2668803763,"[{""name"":""lab-worker-1"",""cpu"":""5.22%"",""mem"":""135.9MiB / 122.8GiB""},{""name"":""lab-api"",""cpu"":""0.00%"",""mem"":""145.3MiB / 122.8GiB""},{""name"":""lab-allegro-stub"",""cpu"":""0.01%"",""mem"":""21.03MiB / 122.8GiB""},{""name"":""lab-erli-stub"",""cpu"":""0.00%"",""mem"":""18.05MiB / 122.8GiB""},{""name"":""lab-eparagony-stub"",""cpu"":""0.00%"",""mem"":""20.37MiB / 122.8GiB""},{""name"":""lab-invoicing-stub"",""cpu"":""0.01%"",""mem"":""16.61MiB / 122.8GiB""},{""name"":""lab-shipping-stub"",""cpu"":""0.01%"",""mem"":""16.6MiB / 122.8GiB""},{""name"":""lab-eparagony-stub-tls"",""cpu"":""0.00%"",""mem"":""23.3MiB / 122.8GiB""},{""name"":""lab-erli-stub-tls"",""cpu"":""0.00%"",""mem"":""22.67MiB / 122.8GiB""},{""name"":""lab-wc-tls"",""cpu"":""0.00%"",""mem"":""29.51MiB / 122.8GiB""},{""name"":""lab-prestashop"",""cpu"":""6.61%"",""mem"":""135.5MiB / 122.8GiB""},{""name"":""lab-woocommerce"",""cpu"":""0.01%"",""mem"":""294.6MiB / 122.8GiB""},{""name"":""lab-redis"",""cpu"":""0.55%"",""mem"":""80.61MiB / 122.8GiB""},{""name"":""lab-postgres"",""cpu"":""4.03%"",""mem"":""241.8MiB / 122.8GiB""},{""name"":""lab-mysql"",""cpu"":""6.48%"",""mem"":""724.4MiB / 122.8GiB""},{""name"":""lab-woocommerce-mysql"",""cpu"":""0.92%"",""mem"":""511.8MiB / 122.8GiB""}]"
2026-09-10T13:45:16Z,3,1750,2,0,20,2668803763,"[{""name"":""lab-worker-1"",""cpu"":""5.22%"",""mem"":""135.9MiB / 122.8GiB""},{""name"":""lab-api"",""cpu"":""0.00%"",""mem"":""145.3MiB / 122.8GiB""},{""name"":""lab-allegro-stub"",""cpu"":""0.01%"",""mem"":""21.03MiB / 122.8GiB""},{""name"":""lab-erli-stub"",""cpu"":""0.00%"",""mem"":""18.05MiB / 122.8GiB""},{""name"":""lab-eparagony-stub"",""cpu"":""0.00%"",""mem"":""20.37MiB / 122.8GiB""},{""name"":""lab-invoicing-stub"",""cpu"":""0.01%"",""mem"":""16.61MiB / 122.8GiB""},{""name"":""lab-shipping-stub"",""cpu"":""0.01%"",""mem"":""16.6MiB / 122.8GiB""},{""name"":""lab-eparagony-stub-tls"",""cpu"":""0.00%"",""mem"":""23.3MiB / 122.8GiB""},{""name"":""lab-erli-stub-tls"",""cpu"":""0.00%"",""mem"":""22.67MiB / 122.8GiB""},{""name"":""lab-wc-tls"",""cpu"":""0.00%"",""mem"":""29.51MiB / 122.8GiB""},{""name"":""lab-prestashop"",""cpu"":""6.61%"",""mem"":""135.5MiB / 122.8GiB""},{""name"":""lab-woocommerce"",""cpu"":""0.01%"",""mem"":""294.6MiB / 122.8GiB""},{""name"":""lab-redis"",""cpu"":""0.55%"",""mem"":""80.61MiB / 122.8GiB""},{""name"":""lab-postgres"",""cpu"":""4.03%"",""mem"":""241.8MiB / 122.8GiB""},{""name"":""lab-mysql"",""cpu"":""6.48%"",""mem"":""724.4MiB / 122.8GiB""},{""name"":""lab-woocommerce-mysql"",""cpu"":""0.92%"",""mem"":""511.8MiB / 122.8GiB""}]"
2026-09-10T13:45:19Z,3,1750,2,0,20,2668811955,"[{""name"":""lab-worker-1"",""cpu"":""4.22%"",""mem"":""136MiB / 122.8GiB""},{""name"":""lab-api"",""cpu"":""0.00%"",""mem"":""145.3MiB / 122.8GiB""},{""name"":""lab-allegro-stub"",""cpu"":""0.00%"",""mem"":""21.03MiB / 122.8GiB""},{""name"":""lab-erli-stub"",""cpu"":""4.07%"",""mem"":""18.08MiB / 122.8GiB""},{""name"":""lab-eparagony-stub"",""cpu"":""3.87%"",""mem"":""20.6MiB / 122.8GiB""},{""name"":""lab-invoicing-stub"",""cpu"":""0.00%"",""mem"":""16.6MiB / 122.8GiB""},{""name"":""lab-shipping-stub"",""cpu"":""0.00%"",""mem"":""16.58MiB / 122.8GiB""},{""name"":""lab-eparagony-stub-tls"",""cpu"":""0.00%"",""mem"":""23.3MiB / 122.8GiB""},{""name"":""lab-erli-stub-tls"",""cpu"":""0.00%"",""mem"":""22.67MiB / 122.8GiB""},{""name"":""lab-wc-tls"",""cpu"":""0.00%"",""mem"":""29.51MiB / 122.8GiB""},{""name"":""lab-prestashop"",""cpu"":""6.04%"",""mem"":""135.5MiB / 122.8GiB""},{""name"":""lab-woocommerce"",""cpu"":""0.01%"",""mem"":""294.6MiB / 122.8GiB""},{""name"":""lab-redis"",""cpu"":""0.54%"",""mem"":""80.61MiB / 122.8GiB""},{""name"":""lab-postgres"",""cpu"":""2.73%"",""mem"":""241.8MiB / 122.8GiB""},{""name"":""lab-mysql"",""cpu"":""5.95%"",""mem"":""724.4MiB / 122.8GiB""},{""name"":""lab-woocommerce-mysql"",""cpu"":""0.94%"",""mem"":""511.8MiB / 122.8GiB""}]"
2026-09-10T13:45:19Z,3,1750,2,0,20,2668811955,"[{""name"":""lab-worker-1"",""cpu"":""4.22%"",""mem"":""136MiB / 122.8GiB""},{""name"":""lab-api"",""cpu"":""0.00%"",""mem"":""145.3MiB / 122.8GiB""},{""name"":""lab-allegro-stub"",""cpu"":""0.00%"",""mem"":""21.03MiB / 122.8GiB""},{""name"":""lab-erli-stub"",""cpu"":""4.07%"",""mem"":""18.08MiB / 122.8GiB""},{""name"":""lab-eparagony-stub"",""cpu"":""3.87%"",""mem"":""20.6MiB / 122.8GiB""},{""name"":""lab-invoicing-stub"",""cpu"":""0.00%"",""mem"":""16.6MiB / 122.8GiB""},{""name"":""lab-shipping-stub"",""cpu"":""0.00%"",""mem"":""16.58MiB / 122.8GiB""},{""name"":""lab-eparagony-stub-tls"",""cpu"":""0.00%"",""mem"":""23.3MiB / 122.8GiB""},{""name"":""lab-erli-stub-tls"",""cpu"":""0.00%"",""mem"":""22.67MiB / 122.8GiB""},{""name"":""lab-wc-tls"",""cpu"":""0.00%"",""mem"":""29.51MiB / 122.8GiB""},{""name"":""lab-prestashop"",""cpu"":""6.04%"",""mem"":""135.5MiB / 122.8GiB""},{""name"":""lab-woocommerce"",""cpu"":""0.01%"",""mem"":""294.6MiB / 122.8GiB""},{""name"":""lab-redis"",""cpu"":""0.54%"",""mem"":""80.61MiB / 122.8GiB""},{""name"":""lab-postgres"",""cpu"":""2.73%"",""mem"":""241.8MiB / 122.8GiB""},{""name"":""lab-mysql"",""cpu"":""5.95%"",""mem"":""724.4MiB / 122.8GiB""},{""name"":""lab-woocommerce-mysql"",""cpu"":""0.94%"",""mem"":""511.8MiB / 122.8GiB""}]"
2026-09-10T13:45:22Z,3,1750,2,0,20,2668811955,"[{""name"":""lab-worker-1"",""cpu"":""6.40%"",""mem"":""136.3MiB / 122.8GiB""},{""name"":""lab-api"",""cpu"":""0.34%"",""mem"":""145.3MiB / 122.8GiB""},{""name"":""lab-allegro-stub"",""cpu"":""0.00%"",""mem"":""21.03MiB / 122.8GiB""},{""name"":""lab-erli-stub"",""cpu"":""0.00%"",""mem"":""18.05MiB / 122.8GiB""},{""name"":""lab-eparagony-stub"",""cpu"":""0.00%"",""mem"":""20.37MiB / 122.8GiB""},{""name"":""lab-invoicing-stub"",""cpu"":""0.00%"",""mem"":""16.6MiB / 122.8GiB""},{""name"":""lab-shipping-stub"",""cpu"":""0.00%"",""mem"":""16.58MiB / 122.8GiB""},{""name"":""lab-eparagony-stub-tls"",""cpu"":""0.00%"",""mem"":""23.3MiB / 122.8GiB""},{""name"":""lab-erli-stub-tls"",""cpu"":""0.00%"",""mem"":""22.67MiB / 122.8GiB""},{""name"":""lab-wc-tls"",""cpu"":""0.00%"",""mem"":""29.51MiB / 122.8GiB""},{""name"":""lab-prestashop"",""cpu"":""5.50%"",""mem"":""135.7MiB / 122.8GiB""},{""name"":""lab-woocommerce"",""cpu"":""0.01%"",""mem"":""294.6MiB / 122.8GiB""},{""name"":""lab-redis"",""cpu"":""5.00%"",""mem"":""80.7MiB / 122.8GiB""},{""name"":""lab-postgres"",""cpu"":""4.49%"",""mem"":""242MiB / 122.8GiB""},{""name"":""lab-mysql"",""cpu"":""6.98%"",""mem"":""724.4MiB / 122.8GiB""},{""name"":""lab-woocommerce-mysql"",""cpu"":""0.92%"",""mem"":""511.8MiB / 122.8GiB""}]"
2026-09-10T13:45:22Z,3,1750,2,0,20,2668811955,"[{""name"":""lab-worker-1"",""cpu"":""6.40%"",""mem"":""136.3MiB / 122.8GiB""},{""name"":""lab-api"",""cpu"":""0.34%"",""mem"":""145.3MiB / 122.8GiB""},{""name"":""lab-allegro-stub"",""cpu"":""0.00%"",""mem"":""21.03MiB / 122.8GiB""},{""name"":""lab-erli-stub"",""cpu"":""0.00%"",""mem"":""18.05MiB / 122.8GiB""},{""name"":""lab-eparagony-stub"",""cpu"":""0.00%"",""mem"":""20.37MiB / 122.8GiB""},{""name"":""lab-invoicing-stub"",""cpu"":""0.00%"",""mem"":""16.6MiB / 122.8GiB""},{""name"":""lab-shipping-stub"",""cpu"":""0.00%"",""mem"":""16.58MiB / 122.8GiB""},{""name"":""lab-eparagony-stub-tls"",""cpu"":""0.00%"",""mem"":""23.3MiB / 122.8GiB""},{""name"":""lab-erli-stub-tls"",""cpu"":""0.00%"",""mem"":""22.67MiB / 122.8GiB""},{""name"":""lab-wc-tls"",""cpu"":""0.00%"",""mem"":""29.51MiB / 122.8GiB""},{""name"":""lab-prestashop"",""cpu"":""5.50%"",""mem"":""135.7MiB / 122.8GiB""},{""name"":""lab-woocommerce"",""cpu"":""0.01%"",""mem"":""294.6MiB / 122.8GiB""},{""name"":""lab-redis"",""cpu"":""5.00%"",""mem"":""80.7MiB / 122.8GiB""},{""name"":""lab-postgres"",""cpu"":""4.49%"",""mem"":""242MiB / 122.8GiB""},{""name"":""lab-mysql"",""cpu"":""6.98%"",""mem"":""724.4MiB / 122.8GiB""},{""name"":""lab-woocommerce-mysql"",""cpu"":""0.92%"",""mem"":""511.8MiB / 122.8GiB""}]"
2026-09-10T13:45:26Z,3,1750,2,0,20,2668811955,"[{""name"":""lab-worker-1"",""cpu"":""6.09%"",""mem"":""136.2MiB / 122.8GiB""},{""name"":""lab-api"",""cpu"":""0.00%"",""mem"":""145.3MiB / 122.8GiB""},{""name"":""lab-allegro-stub"",""cpu"":""3.77%"",""mem"":""21.03MiB / 122.8GiB""},{""name"":""lab-erli-stub"",""cpu"":""0.00%"",""mem"":""18.07MiB / 122.8GiB""},{""name"":""lab-eparagony-stub"",""cpu"":""0.01%"",""mem"":""20.37MiB / 122.8GiB""},{""name"":""lab-invoicing-stub"",""cpu"":""3.86%"",""mem"":""16.61MiB / 122.8GiB""},{""name"":""lab-shipping-stub"",""cpu"":""4.09%"",""mem"":""16.64MiB / 122.8GiB""},{""name"":""lab-eparagony-stub-tls"",""cpu"":""0.00%"",""mem"":""23.3MiB / 122.8GiB""},{""name"":""lab-erli-stub-tls"",""cpu"":""0.00%"",""mem"":""22.67MiB / 122.8GiB""},{""name"":""lab-wc-tls"",""cpu"":""0.00%"",""mem"":""29.51MiB / 122.8GiB""},{""name"":""lab-prestashop"",""cpu"":""6.91%"",""mem"":""135.5MiB / 122.8GiB""},{""name"":""lab-woocommerce"",""cpu"":""0.01%"",""mem"":""294.6MiB / 122.8GiB""},{""name"":""lab-redis"",""cpu"":""0.71%"",""mem"":""80.61MiB / 122.8GiB""},{""name"":""lab-postgres"",""cpu"":""3.57%"",""mem"":""241.8MiB / 122.8GiB""},{""name"":""lab-mysql"",""cpu"":""11.48%"",""mem"":""724.4MiB / 122.8GiB""},{""name"":""lab-woocommerce-mysql"",""cpu"":""0.72%"",""mem"":""511.8MiB / 122.8GiB""}]"
2026-09-10T13:45:26Z,3,1750,2,0,20,2668811955,"[{""name"":""lab-worker-1"",""cpu"":""6.09%"",""mem"":""136.2MiB / 122.8GiB""},{""name"":""lab-api"",""cpu"":""0.00%"",""mem"":""145.3MiB / 122.8GiB""},{""name"":""lab-allegro-stub"",""cpu"":""3.77%"",""mem"":""21.03MiB / 122.8GiB""},{""name"":""lab-erli-stub"",""cpu"":""0.00%"",""mem"":""18.07MiB / 122.8GiB""},{""name"":""lab-eparagony-stub"",""cpu"":""0.01%"",""mem"":""20.37MiB / 122.8GiB""},{""name"":""lab-invoicing-stub"",""cpu"":""3.86%"",""mem"":""16.61MiB / 122.8GiB""},{""name"":""lab-shipping-stub"",""cpu"":""4.09%"",""mem"":""16.64MiB / 122.8GiB""},{""name"":""lab-eparagony-stub-tls"",""cpu"":""0.00%"",""mem"":""23.3MiB / 122.8GiB""},{""name"":""lab-erli-stub-tls"",""cpu"":""0.00%"",""mem"":""22.67MiB / 122.8GiB""},{""name"":""lab-wc-tls"",""cpu"":""0.00%"",""mem"":""29.51MiB / 122.8GiB""},{""name"":""lab-prestashop"",""cpu"":""6.91%"",""mem"":""135.5MiB / 122.8GiB""},{""name"":""lab-woocommerce"",""cpu"":""0.01%"",""mem"":""294.6MiB / 122.8GiB""},{""name"":""lab-redis"",""cpu"":""0.71%"",""mem"":""80.61MiB / 122.8GiB""},{""name"":""lab-postgres"",""cpu"":""3.57%"",""mem"":""241.8MiB / 122.8GiB""},{""name"":""lab-mysql"",""cpu"":""11.48%"",""mem"":""724.4MiB / 122.8GiB""},{""name"":""lab-woocommerce-mysql"",""cpu"":""0.72%"",""mem"":""511.8MiB / 122.8GiB""}]"
2026-09-10T13:45:29Z,4,1751,2,0,19,2668811955,"[{""name"":""lab-worker-1"",""cpu"":""2.50%"",""mem"":""136.2MiB / 122.8GiB""},{""name"":""lab-api"",""cpu"":""0.01%"",""mem"":""145.3MiB / 122.8GiB""},{""name"":""lab-allegro-stub"",""cpu"":""0.00%"",""mem"":""21.03MiB / 122.8GiB""},{""name"":""lab-erli-stub"",""cpu"":""0.00%"",""mem"":""18.05MiB / 122.8GiB""},{""name"":""lab-eparagony-stub"",""cpu"":""0.00%"",""mem"":""20.37MiB / 122.8GiB""},{""name"":""lab-invoicing-stub"",""cpu"":""0.00%"",""mem"":""16.61MiB / 122.8GiB""},{""name"":""lab-shipping-stub"",""cpu"":""0.00%"",""mem"":""16.58MiB / 122.8GiB""},{""name"":""lab-eparagony-stub-tls"",""cpu"":""0.00%"",""mem"":""23.3MiB / 122.8GiB""},{""name"":""lab-erli-stub-tls"",""cpu"":""0.00%"",""mem"":""22.67MiB / 122.8GiB""},{""name"":""lab-wc-tls"",""cpu"":""0.00%"",""mem"":""29.51MiB / 122.8GiB""},{""name"":""lab-prestashop"",""cpu"":""7.86%"",""mem"":""135.5MiB / 122.8GiB""},{""name"":""lab-woocommerce"",""cpu"":""0.01%"",""mem"":""294.6MiB / 122.8GiB""},{""name"":""lab-redis"",""cpu"":""0.76%"",""mem"":""80.86MiB / 122.8GiB""},{""name"":""lab-postgres"",""cpu"":""0.77%"",""mem"":""241.8MiB / 122.8GiB""},{""name"":""lab-mysql"",""cpu"":""7.82%"",""mem"":""724.4MiB / 122.8GiB""},{""name"":""lab-woocommerce-mysql"",""cpu"":""5.81%"",""mem"":""511.8MiB / 122.8GiB""}]"
2026-09-10T13:45:29Z,4,1751,2,0,19,2668811955,"[{""name"":""lab-worker-1"",""cpu"":""2.50%"",""mem"":""136.2MiB / 122.8GiB""},{""name"":""lab-api"",""cpu"":""0.01%"",""mem"":""145.3MiB / 122.8GiB""},{""name"":""lab-allegro-stub"",""cpu"":""0.00%"",""mem"":""21.03MiB / 122.8GiB""},{""name"":""lab-erli-stub"",""cpu"":""0.00%"",""mem"":""18.05MiB / 122.8GiB""},{""name"":""lab-eparagony-stub"",""cpu"":""0.00%"",""mem"":""20.37MiB / 122.8GiB""},{""name"":""lab-invoicing-stub"",""cpu"":""0.00%"",""mem"":""16.61MiB / 122.8GiB""},{""name"":""lab-shipping-stub"",""cpu"":""0.00%"",""mem"":""16.58MiB / 122.8GiB""},{""name"":""lab-eparagony-stub-tls"",""cpu"":""0.00%"",""mem"":""23.3MiB / 122.8GiB""},{""name"":""lab-erli-stub-tls"",""cpu"":""0.00%"",""mem"":""22.67MiB / 122.8GiB""},{""name"":""lab-wc-tls"",""cpu"":""0.00%"",""mem"":""29.51MiB / 122.8GiB""},{""name"":""lab-prestashop"",""cpu"":""7.86%"",""mem"":""135.5MiB / 122.8GiB""},{""name"":""lab-woocommerce"",""cpu"":""0.01%"",""mem"":""294.6MiB / 122.8GiB""},{""name"":""lab-redis"",""cpu"":""0.76%"",""mem"":""80.86MiB / 122.8GiB""},{""name"":""lab-postgres"",""cpu"":""0.77%"",""mem"":""241.8MiB / 122.8GiB""},{""name"":""lab-mysql"",""cpu"":""7.82%"",""mem"":""724.4MiB / 122.8GiB""},{""name"":""lab-woocommerce-mysql"",""cpu"":""5.81%"",""mem"":""511.8MiB / 122.8GiB""}]"
2026-09-10T13:45:32Z,3,1750,1,0,20,2668811955,"[{""name"":""lab-worker-1"",""cpu"":""6.59%"",""mem"":""136.1MiB / 122.8GiB""},{""name"":""lab-api"",""cpu"":""0.00%"",""mem"":""145.3MiB / 122.8GiB""},{""name"":""lab-allegro-stub"",""cpu"":""0.00%"",""mem"":""21.03MiB / 122.8GiB""},{""name"":""lab-erli-stub"",""cpu"":""0.00%"",""mem"":""18.06MiB / 122.8GiB""},{""name"":""lab-eparagony-stub"",""cpu"":""0.00%"",""mem"":""20.38MiB / 122.8GiB""},{""name"":""lab-invoicing-stub"",""cpu"":""0.00%"",""mem"":""16.6MiB / 122.8GiB""},{""name"":""lab-shipping-stub"",""cpu"":""0.00%"",""mem"":""16.58MiB / 122.8GiB""},{""name"":""lab-eparagony-stub-tls"",""cpu"":""0.00%"",""mem"":""23.3MiB / 122.8GiB""},{""name"":""lab-erli-stub-tls"",""cpu"":""0.00%"",""mem"":""22.67MiB / 122.8GiB""},{""name"":""lab-wc-tls"",""cpu"":""0.00%"",""mem"":""29.51MiB / 122.8GiB""},{""name"":""lab-prestashop"",""cpu"":""8.65%"",""mem"":""135.5MiB / 122.8GiB""},{""name"":""lab-woocommerce"",""cpu"":""0.01%"",""mem"":""294.6MiB / 122.8GiB""},{""name"":""lab-redis"",""cpu"":""0.78%"",""mem"":""80.61MiB / 122.8GiB""},{""name"":""lab-postgres"",""cpu"":""2.70%"",""mem"":""241.8MiB / 122.8GiB""},{""name"":""lab-mysql"",""cpu"":""8.50%"",""mem"":""724.4MiB / 122.8GiB""},{""name"":""lab-woocommerce-mysql"",""cpu"":""0.99%"",""mem"":""511.8MiB / 122.8GiB""}]"
2026-09-10T13:45:32Z,3,1750,1,0,20,2668811955,"[{""name"":""lab-worker-1"",""cpu"":""6.59%"",""mem"":""136.1MiB / 122.8GiB""},{""name"":""lab-api"",""cpu"":""0.00%"",""mem"":""145.3MiB / 122.8GiB""},{""name"":""lab-allegro-stub"",""cpu"":""0.00%"",""mem"":""21.03MiB / 122.8GiB""},{""name"":""lab-erli-stub"",""cpu"":""0.00%"",""mem"":""18.06MiB / 122.8GiB""},{""name"":""lab-eparagony-stub"",""cpu"":""0.00%"",""mem"":""20.38MiB / 122.8GiB""},{""name"":""lab-invoicing-stub"",""cpu"":""0.00%"",""mem"":""16.6MiB / 122.8GiB""},{""name"":""lab-shipping-stub"",""cpu"":""0.00%"",""mem"":""16.58MiB / 122.8GiB""},{""name"":""lab-eparagony-stub-tls"",""cpu"":""0.00%"",""mem"":""23.3MiB / 122.8GiB""},{""name"":""lab-erli-stub-tls"",""cpu"":""0.00%"",""mem"":""22.67MiB / 122.8GiB""},{""name"":""lab-wc-tls"",""cpu"":""0.00%"",""mem"":""29.51MiB / 122.8GiB""},{""name"":""lab-prestashop"",""cpu"":""8.65%"",""mem"":""135.5MiB / 122.8GiB""},{""name"":""lab-woocommerce"",""cpu"":""0.01%"",""mem"":""294.6MiB / 122.8GiB""},{""name"":""lab-redis"",""cpu"":""0.78%"",""mem"":""80.61MiB / 122.8GiB""},{""name"":""lab-postgres"",""cpu"":""2.70%"",""mem"":""241.8MiB / 122.8GiB""},{""name"":""lab-mysql"",""cpu"":""8.50%"",""mem"":""724.4MiB / 122.8GiB""},{""name"":""lab-woocommerce-mysql"",""cpu"":""0.99%"",""mem"":""511.8MiB / 122.8GiB""}]"
2026-09-10T13:45:35Z,3,1750,3,0,20,2668811955,"[{""name"":""lab-worker-1"",""cpu"":""7.73%"",""mem"":""136.1MiB / 122.8GiB""},{""name"":""lab-api"",""cpu"":""0.00%"",""mem"":""145.3MiB / 122.8GiB""},{""name"":""lab-allegro-stub"",""cpu"":""4.00%"",""mem"":""21.13MiB / 122.8GiB""},{""name"":""lab-erli-stub"",""cpu"":""3.97%"",""mem"":""18.06MiB / 122.8GiB""},{""name"":""lab-eparagony-stub"",""cpu"":""0.01%"",""mem"":""20.37MiB / 122.8GiB""},{""name"":""lab-invoicing-stub"",""cpu"":""4.27%"",""mem"":""16.7MiB / 122.8GiB""},{""name"":""lab-shipping-stub"",""cpu"":""2.97%"",""mem"":""16.67MiB / 122.8GiB""},{""name"":""lab-eparagony-stub-tls"",""cpu"":""0.00%"",""mem"":""23.3MiB / 122.8GiB""},{""name"":""lab-erli-stub-tls"",""cpu"":""0.00%"",""mem"":""22.67MiB / 122.8GiB""},{""name"":""lab-wc-tls"",""cpu"":""0.00%"",""mem"":""29.51MiB / 122.8GiB""},{""name"":""lab-prestashop"",""cpu"":""6.98%"",""mem"":""137.7MiB / 122.8GiB""},{""name"":""lab-woocommerce"",""cpu"":""0.01%"",""mem"":""294.6MiB / 122.8GiB""},{""name"":""lab-redis"",""cpu"":""0.60%"",""mem"":""80.61MiB / 122.8GiB""},{""name"":""lab-postgres"",""cpu"":""11.06%"",""mem"":""241.3MiB / 122.8GiB""},{""name"":""lab-mysql"",""cpu"":""11.14%"",""mem"":""724.4MiB / 122.8GiB""},{""name"":""lab-woocommerce-mysql"",""cpu"":""1.05%"",""mem"":""511.8MiB / 122.8GiB""}]"
2026-09-10T13:45:35Z,3,1750,3,0,20,2668811955,"[{""name"":""lab-worker-1"",""cpu"":""7.73%"",""mem"":""136.1MiB / 122.8GiB""},{""name"":""lab-api"",""cpu"":""0.00%"",""mem"":""145.3MiB / 122.8GiB""},{""name"":""lab-allegro-stub"",""cpu"":""4.00%"",""mem"":""21.13MiB / 122.8GiB""},{""name"":""lab-erli-stub"",""cpu"":""3.97%"",""mem"":""18.06MiB / 122.8GiB""},{""name"":""lab-eparagony-stub"",""cpu"":""0.01%"",""mem"":""20.37MiB / 122.8GiB""},{""name"":""lab-invoicing-stub"",""cpu"":""4.27%"",""mem"":""16.7MiB / 122.8GiB""},{""name"":""lab-shipping-stub"",""cpu"":""2.97%"",""mem"":""16.67MiB / 122.8GiB""},{""name"":""lab-eparagony-stub-tls"",""cpu"":""0.00%"",""mem"":""23.3MiB / 122.8GiB""},{""name"":""lab-erli-stub-tls"",""cpu"":""0.00%"",""mem"":""22.67MiB / 122.8GiB""},{""name"":""lab-wc-tls"",""cpu"":""0.00%"",""mem"":""29.51MiB / 122.8GiB""},{""name"":""lab-prestashop"",""cpu"":""6.98%"",""mem"":""137.7MiB / 122.8GiB""},{""name"":""lab-woocommerce"",""cpu"":""0.01%"",""mem"":""294.6MiB / 122.8GiB""},{""name"":""lab-redis"",""cpu"":""0.60%"",""mem"":""80.61MiB / 122.8GiB""},{""name"":""lab-postgres"",""cpu"":""11.06%"",""mem"":""241.3MiB / 122.8GiB""},{""name"":""lab-mysql"",""cpu"":""11.14%"",""mem"":""724.4MiB / 122.8GiB""},{""name"":""lab-woocommerce-mysql"",""cpu"":""1.05%"",""mem"":""511.8MiB / 122.8GiB""}]"
2026-09-10T13:45:38Z,3,1751,2,0,19,2668811955,"[{""name"":""lab-worker-1"",""cpu"":""4.89%"",""mem"":""136.1MiB / 122.8GiB""},{""name"":""lab-api"",""cpu"":""0.00%"",""mem"":""145.3MiB / 122.8GiB""},{""name"":""lab-allegro-stub"",""cpu"":""0.00%"",""mem"":""21.03MiB / 122.8GiB""},{""name"":""lab-erli-stub"",""cpu"":""0.00%"",""mem"":""18.06MiB / 122.8GiB""},{""name"":""lab-eparagony-stub"",""cpu"":""0.00%"",""mem"":""20.37MiB / 122.8GiB""},{""name"":""lab-invoicing-stub"",""cpu"":""0.00%"",""mem"":""16.6MiB / 122.8GiB""},{""name"":""lab-shipping-stub"",""cpu"":""0.00%"",""mem"":""16.58MiB / 122.8GiB""},{""name"":""lab-eparagony-stub-tls"",""cpu"":""0.00%"",""mem"":""23.3MiB / 122.8GiB""},{""name"":""lab-erli-stub-tls"",""cpu"":""0.00%"",""mem"":""22.67MiB / 122.8GiB""},{""name"":""lab-wc-tls"",""cpu"":""0.00%"",""mem"":""29.51MiB / 122.8GiB""},{""name"":""lab-prestashop"",""cpu"":""6.49%"",""mem"":""137.5MiB / 122.8GiB""},{""name"":""lab-woocommerce"",""cpu"":""0.01%"",""mem"":""294.6MiB / 122.8GiB""},{""name"":""lab-redis"",""cpu"":""0.64%"",""mem"":""80.61MiB / 122.8GiB""},{""name"":""lab-postgres"",""cpu"":""3.36%"",""mem"":""241.4MiB / 122.8GiB""},{""name"":""lab-mysql"",""cpu"":""6.35%"",""mem"":""724.4MiB / 122.8GiB""},{""name"":""lab-woocommerce-mysql"",""cpu"":""5.44%"",""mem"":""511.8MiB / 122.8GiB""}]"
2026-09-10T13:45:38Z,3,1751,2,0,19,2668811955,"[{""name"":""lab-worker-1"",""cpu"":""4.89%"",""mem"":""136.1MiB / 122.8GiB""},{""name"":""lab-api"",""cpu"":""0.00%"",""mem"":""145.3MiB / 122.8GiB""},{""name"":""lab-allegro-stub"",""cpu"":""0.00%"",""mem"":""21.03MiB / 122.8GiB""},{""name"":""lab-erli-stub"",""cpu"":""0.00%"",""mem"":""18.06MiB / 122.8GiB""},{""name"":""lab-eparagony-stub"",""cpu"":""0.00%"",""mem"":""20.37MiB / 122.8GiB""},{""name"":""lab-invoicing-stub"",""cpu"":""0.00%"",""mem"":""16.6MiB / 122.8GiB""},{""name"":""lab-shipping-stub"",""cpu"":""0.00%"",""mem"":""16.58MiB / 122.8GiB""},{""name"":""lab-eparagony-stub-tls"",""cpu"":""0.00%"",""mem"":""23.3MiB / 122.8GiB""},{""name"":""lab-erli-stub-tls"",""cpu"":""0.00%"",""mem"":""22.67MiB / 122.8GiB""},{""name"":""lab-wc-tls"",""cpu"":""0.00%"",""mem"":""29.51MiB / 122.8GiB""},{""name"":""lab-prestashop"",""cpu"":""6.49%"",""mem"":""137.5MiB / 122.8GiB""},{""name"":""lab-woocommerce"",""cpu"":""0.01%"",""mem"":""294.6MiB / 122.8GiB""},{""name"":""lab-redis"",""cpu"":""0.64%"",""mem"":""80.61MiB / 122.8GiB""},{""name"":""lab-postgres"",""cpu"":""3.36%"",""mem"":""241.4MiB / 122.8GiB""},{""name"":""lab-mysql"",""cpu"":""6.35%"",""mem"":""724.4MiB / 122.8GiB""},{""name"":""lab-woocommerce-mysql"",""cpu"":""5.44%"",""mem"":""511.8MiB / 122.8GiB""}]"
2026-09-10T13:45:41Z,3,1751,2,0,19,2668811955,"[{""name"":""lab-worker-1"",""cpu"":""6.74%"",""mem"":""135.9MiB / 122.8GiB""},{""name"":""lab-api"",""cpu"":""0.00%"",""mem"":""145.3MiB / 122.8GiB""},{""name"":""lab-allegro-stub"",""cpu"":""0.01%"",""mem"":""21.03MiB / 122.8GiB""},{""name"":""lab-erli-stub"",""cpu"":""0.00%"",""mem"":""18.06MiB / 122.8GiB""},{""name"":""lab-eparagony-stub"",""cpu"":""0.00%"",""mem"":""20.38MiB / 122.8GiB""},{""name"":""lab-invoicing-stub"",""cpu"":""0.01%"",""mem"":""16.6MiB / 122.8GiB""},{""name"":""lab-shipping-stub"",""cpu"":""0.01%"",""mem"":""16.59MiB / 122.8GiB""},{""name"":""lab-eparagony-stub-tls"",""cpu"":""0.00%"",""mem"":""23.3MiB / 122.8GiB""},{""name"":""lab-erli-stub-tls"",""cpu"":""0.00%"",""mem"":""22.67MiB / 122.8GiB""},{""name"":""lab-wc-tls"",""cpu"":""0.00%"",""mem"":""29.51MiB / 122.8GiB""},{""name"":""lab-prestashop"",""cpu"":""11.08%"",""mem"":""135.5MiB / 122.8GiB""},{""name"":""lab-woocommerce"",""cpu"":""0.00%"",""mem"":""294.6MiB / 122.8GiB""},{""name"":""lab-redis"",""cpu"":""0.56%"",""mem"":""80.61MiB / 122.8GiB""},{""name"":""lab-postgres"",""cpu"":""3.75%"",""mem"":""241.4MiB / 122.8GiB""},{""name"":""lab-mysql"",""cpu"":""6.37%"",""mem"":""724.4MiB / 122.8GiB""},{""name"":""lab-woocommerce-mysql"",""cpu"":""0.95%"",""mem"":""511.8MiB / 122.8GiB""}]"
2026-09-10T13:45:41Z,3,1751,2,0,19,2668811955,"[{""name"":""lab-worker-1"",""cpu"":""6.74%"",""mem"":""135.9MiB / 122.8GiB""},{""name"":""lab-api"",""cpu"":""0.00%"",""mem"":""145.3MiB / 122.8GiB""},{""name"":""lab-allegro-stub"",""cpu"":""0.01%"",""mem"":""21.03MiB / 122.8GiB""},{""name"":""lab-erli-stub"",""cpu"":""0.00%"",""mem"":""18.06MiB / 122.8GiB""},{""name"":""lab-eparagony-stub"",""cpu"":""0.00%"",""mem"":""20.38MiB / 122.8GiB""},{""name"":""lab-invoicing-stub"",""cpu"":""0.01%"",""mem"":""16.6MiB / 122.8GiB""},{""name"":""lab-shipping-stub"",""cpu"":""0.01%"",""mem"":""16.59MiB / 122.8GiB""},{""name"":""lab-eparagony-stub-tls"",""cpu"":""0.00%"",""mem"":""23.3MiB / 122.8GiB""},{""name"":""lab-erli-stub-tls"",""cpu"":""0.00%"",""mem"":""22.67MiB / 122.8GiB""},{""name"":""lab-wc-tls"",""cpu"":""0.00%"",""mem"":""29.51MiB / 122.8GiB""},{""name"":""lab-prestashop"",""cpu"":""11.08%"",""mem"":""135.5MiB / 122.8GiB""},{""name"":""lab-woocommerce"",""cpu"":""0.00%"",""mem"":""294.6MiB / 122.8GiB""},{""name"":""lab-redis"",""cpu"":""0.56%"",""mem"":""80.61MiB / 122.8GiB""},{""name"":""lab-postgres"",""cpu"":""3.75%"",""mem"":""241.4MiB / 122.8GiB""},{""name"":""lab-mysql"",""cpu"":""6.37%"",""mem"":""724.4MiB / 122.8GiB""},{""name"":""lab-woocommerce-mysql"",""cpu"":""0.95%"",""mem"":""511.8MiB / 122.8GiB""}]"
2026-09-10T13:45:44Z,3,1751,2,0,19,2668811955,"[{""name"":""lab-worker-1"",""cpu"":""5.94%"",""mem"":""136MiB / 122.8GiB""},{""name"":""lab-api"",""cpu"":""0.00%"",""mem"":""145.4MiB / 122.8GiB""},{""name"":""lab-allegro-stub"",""cpu"":""0.00%"",""mem"":""21.03MiB / 122.8GiB""},{""name"":""lab-erli-stub"",""cpu"":""0.00%"",""mem"":""18.05MiB / 122.8GiB""},{""name"":""lab-eparagony-stub"",""cpu"":""4.27%"",""mem"":""20.48MiB / 122.8GiB""},{""name"":""lab-invoicing-stub"",""cpu"":""0.00%"",""mem"":""16.6MiB / 122.8GiB""},{""name"":""lab-shipping-stub"",""cpu"":""0.00%"",""mem"":""16.58MiB / 122.8GiB""},{""name"":""lab-eparagony-stub-tls"",""cpu"":""0.00%"",""mem"":""23.3MiB / 122.8GiB""},{""name"":""lab-erli-stub-tls"",""cpu"":""0.00%"",""mem"":""22.67MiB / 122.8GiB""},{""name"":""lab-wc-tls"",""cpu"":""0.00%"",""mem"":""29.51MiB / 122.8GiB""},{""name"":""lab-prestashop"",""cpu"":""8.88%"",""mem"":""135.7MiB / 122.8GiB""},{""name"":""lab-woocommerce"",""cpu"":""0.00%"",""mem"":""294.6MiB / 122.8GiB""},{""name"":""lab-redis"",""cpu"":""0.76%"",""mem"":""80.61MiB / 122.8GiB""},{""name"":""lab-postgres"",""cpu"":""3.09%"",""mem"":""241.4MiB / 122.8GiB""},{""name"":""lab-mysql"",""cpu"":""8.53%"",""mem"":""724.4MiB / 122.8GiB""},{""name"":""lab-woocommerce-mysql"",""cpu"":""1.40%"",""mem"":""511.8MiB / 122.8GiB""}]"
2026-09-10T13:45:44Z,3,1751,2,0,19,2668811955,"[{""name"":""lab-worker-1"",""cpu"":""5.94%"",""mem"":""136MiB / 122.8GiB""},{""name"":""lab-api"",""cpu"":""0.00%"",""mem"":""145.4MiB / 122.8GiB""},{""name"":""lab-allegro-stub"",""cpu"":""0.00%"",""mem"":""21.03MiB / 122.8GiB""},{""name"":""lab-erli-stub"",""cpu"":""0.00%"",""mem"":""18.05MiB / 122.8GiB""},{""name"":""lab-eparagony-stub"",""cpu"":""4.27%"",""mem"":""20.48MiB / 122.8GiB""},{""name"":""lab-invoicing-stub"",""cpu"":""0.00%"",""mem"":""16.6MiB / 122.8GiB""},{""name"":""lab-shipping-stub"",""cpu"":""0.00%"",""mem"":""16.58MiB / 122.8GiB""},{""name"":""lab-eparagony-stub-tls"",""cpu"":""0.00%"",""mem"":""23.3MiB / 122.8GiB""},{""name"":""lab-erli-stub-tls"",""cpu"":""0.00%"",""mem"":""22.67MiB / 122.8GiB""},{""name"":""lab-wc-tls"",""cpu"":""0.00%"",""mem"":""29.51MiB / 122.8GiB""},{""name"":""lab-prestashop"",""cpu"":""8.88%"",""mem"":""135.7MiB / 122.8GiB""},{""name"":""lab-woocommerce"",""cpu"":""0.00%"",""mem"":""294.6MiB / 122.8GiB""},{""name"":""lab-redis"",""cpu"":""0.76%"",""mem"":""80.61MiB / 122.8GiB""},{""name"":""lab-postgres"",""cpu"":""3.09%"",""mem"":""241.4MiB / 122.8GiB""},{""name"":""lab-mysql"",""cpu"":""8.53%"",""mem"":""724.4MiB / 122.8GiB""},{""name"":""lab-woocommerce-mysql"",""cpu"":""1.40%"",""mem"":""511.8MiB / 122.8GiB""}]"
2026-09-10T13:45:47Z,3,1750,2,0,20,2668811955,"[{""name"":""lab-worker-1"",""cpu"":""4.73%"",""mem"":""136MiB / 122.8GiB""},{""name"":""lab-api"",""cpu"":""0.00%"",""mem"":""145.4MiB / 122.8GiB""},{""name"":""lab-allegro-stub"",""cpu"":""0.00%"",""mem"":""21.03MiB / 122.8GiB""},{""name"":""lab-erli-stub"",""cpu"":""0.00%"",""mem"":""18.05MiB / 122.8GiB""},{""name"":""lab-eparagony-stub"",""cpu"":""0.00%"",""mem"":""20.37MiB / 122.8GiB""},{""name"":""lab-invoicing-stub"",""cpu"":""0.00%"",""mem"":""16.61MiB / 122.8GiB""},{""name"":""lab-shipping-stub"",""cpu"":""0.00%"",""mem"":""16.58MiB / 122.8GiB""},{""name"":""lab-eparagony-stub-tls"",""cpu"":""0.00%"",""mem"":""23.3MiB / 122.8GiB""},{""name"":""lab-erli-stub-tls"",""cpu"":""0.00%"",""mem"":""22.67MiB / 122.8GiB""},{""name"":""lab-wc-tls"",""cpu"":""0.00%"",""mem"":""29.51MiB / 122.8GiB""},{""name"":""lab-prestashop"",""cpu"":""7.53%"",""mem"":""135.5MiB / 122.8GiB""},{""name"":""lab-woocommerce"",""cpu"":""0.00%"",""mem"":""294.6MiB / 122.8GiB""},{""name"":""lab-redis"",""cpu"":""0.70%"",""mem"":""80.62MiB / 122.8GiB""},{""name"":""lab-postgres"",""cpu"":""3.00%"",""mem"":""241.4MiB / 122.8GiB""},{""name"":""lab-mysql"",""cpu"":""7.50%"",""mem"":""724.4MiB / 122.8GiB""},{""name"":""lab-woocommerce-mysql"",""cpu"":""0.90%"",""mem"":""511.8MiB / 122.8GiB""}]"
2026-09-10T13:45:47Z,3,1750,2,0,20,2668811955,"[{""name"":""lab-worker-1"",""cpu"":""4.73%"",""mem"":""136MiB / 122.8GiB""},{""name"":""lab-api"",""cpu"":""0.00%"",""mem"":""145.4MiB / 122.8GiB""},{""name"":""lab-allegro-stub"",""cpu"":""0.00%"",""mem"":""21.03MiB / 122.8GiB""},{""name"":""lab-erli-stub"",""cpu"":""0.00%"",""mem"":""18.05MiB / 122.8GiB""},{""name"":""lab-eparagony-stub"",""cpu"":""0.00%"",""mem"":""20.37MiB / 122.8GiB""},{""name"":""lab-invoicing-stub"",""cpu"":""0.00%"",""mem"":""16.61MiB / 122.8GiB""},{""name"":""lab-shipping-stub"",""cpu"":""0.00%"",""mem"":""16.58MiB / 122.8GiB""},{""name"":""lab-eparagony-stub-tls"",""cpu"":""0.00%"",""mem"":""23.3MiB / 122.8GiB""},{""name"":""lab-erli-stub-tls"",""cpu"":""0.00%"",""mem"":""22.67MiB / 122.8GiB""},{""name"":""lab-wc-tls"",""cpu"":""0.00%"",""mem"":""29.51MiB / 122.8GiB""},{""name"":""lab-prestashop"",""cpu"":""7.53%"",""mem"":""135.5MiB / 122.8GiB""},{""name"":""lab-woocommerce"",""cpu"":""0.00%"",""mem"":""294.6MiB / 122.8GiB""},{""name"":""lab-redis"",""cpu"":""0.70%"",""mem"":""80.62MiB / 122.8GiB""},{""name"":""lab-postgres"",""cpu"":""3.00%"",""mem"":""241.4MiB / 122.8GiB""},{""name"":""lab-mysql"",""cpu"":""7.50%"",""mem"":""724.4MiB / 122.8GiB""},{""name"":""lab-woocommerce-mysql"",""cpu"":""0.90%"",""mem"":""511.8MiB / 122.8GiB""}]"
2026-09-10T13:45:51Z,3,1750,2,0,19,2668811955,"[{""name"":""lab-worker-1"",""cpu"":""3.81%"",""mem"":""136.1MiB / 122.8GiB""},{""name"":""lab-api"",""cpu"":""0.01%"",""mem"":""145.4MiB / 122.8GiB""},{""name"":""lab-allegro-stub"",""cpu"":""4.32%"",""mem"":""21.04MiB / 122.8GiB""},{""name"":""lab-erli-stub"",""cpu"":""3.73%"",""mem"":""18.08MiB / 122.8GiB""},{""name"":""lab-eparagony-stub"",""cpu"":""0.01%"",""mem"":""20.37MiB / 122.8GiB""},{""name"":""lab-invoicing-stub"",""cpu"":""4.03%"",""mem"":""16.62MiB / 122.8GiB""},{""name"":""lab-shipping-stub"",""cpu"":""4.02%"",""mem"":""16.58MiB / 122.8GiB""},{""name"":""lab-eparagony-stub-tls"",""cpu"":""0.00%"",""mem"":""23.3MiB / 122.8GiB""},{""name"":""lab-erli-stub-tls"",""cpu"":""0.00%"",""mem"":""22.67MiB / 122.8GiB""},{""name"":""lab-wc-tls"",""cpu"":""0.00%"",""mem"":""29.51MiB / 122.8GiB""},{""name"":""lab-prestashop"",""cpu"":""6.37%"",""mem"":""135.5MiB / 122.8GiB""},{""name"":""lab-woocommerce"",""cpu"":""0.01%"",""mem"":""294.6MiB / 122.8GiB""},{""name"":""lab-redis"",""cpu"":""0.63%"",""mem"":""80.61MiB / 122.8GiB""},{""name"":""lab-postgres"",""cpu"":""2.96%"",""mem"":""241.4MiB / 122.8GiB""},{""name"":""lab-mysql"",""cpu"":""6.42%"",""mem"":""724.4MiB / 122.8GiB""},{""name"":""lab-woocommerce-mysql"",""cpu"":""0.87%"",""mem"":""511.8MiB / 122.8GiB""}]"
2026-09-10T13:45:51Z,3,1750,2,0,19,2668811955,"[{""name"":""lab-worker-1"",""cpu"":""3.81%"",""mem"":""136.1MiB / 122.8GiB""},{""name"":""lab-api"",""cpu"":""0.01%"",""mem"":""145.4MiB / 122.8GiB""},{""name"":""lab-allegro-stub"",""cpu"":""4.32%"",""mem"":""21.04MiB / 122.8GiB""},{""name"":""lab-erli-stub"",""cpu"":""3.73%"",""mem"":""18.08MiB / 122.8GiB""},{""name"":""lab-eparagony-stub"",""cpu"":""0.01%"",""mem"":""20.37MiB / 122.8GiB""},{""name"":""lab-invoicing-stub"",""cpu"":""4.03%"",""mem"":""16.62MiB / 122.8GiB""},{""name"":""lab-shipping-stub"",""cpu"":""4.02%"",""mem"":""16.58MiB / 122.8GiB""},{""name"":""lab-eparagony-stub-tls"",""cpu"":""0.00%"",""mem"":""23.3MiB / 122.8GiB""},{""name"":""lab-erli-stub-tls"",""cpu"":""0.00%"",""mem"":""22.67MiB / 122.8GiB""},{""name"":""lab-wc-tls"",""cpu"":""0.00%"",""mem"":""29.51MiB / 122.8GiB""},{""name"":""lab-prestashop"",""cpu"":""6.37%"",""mem"":""135.5MiB / 122.8GiB""},{""name"":""lab-woocommerce"",""cpu"":""0.01%"",""mem"":""294.6MiB / 122.8GiB""},{""name"":""lab-redis"",""cpu"":""0.63%"",""mem"":""80.61MiB / 122.8GiB""},{""name"":""lab-postgres"",""cpu"":""2.96%"",""mem"":""241.4MiB / 122.8GiB""},{""name"":""lab-mysql"",""cpu"":""6.42%"",""mem"":""724.4MiB / 122.8GiB""},{""name"":""lab-woocommerce-mysql"",""cpu"":""0.87%"",""mem"":""511.8MiB / 122.8GiB""}]"
2026-09-10T13:45:54Z,4,1750,2,0,19,2668811955,"[{""name"":""lab-worker-1"",""cpu"":""5.37%"",""mem"":""136MiB / 122.8GiB""},{""name"":""lab-api"",""cpu"":""0.00%"",""mem"":""145.4MiB / 122.8GiB""},{""name"":""lab-allegro-stub"",""cpu"":""0.00%"",""mem"":""21.03MiB / 122.8GiB""},{""name"":""lab-erli-stub"",""cpu"":""0.00%"",""mem"":""18.05MiB / 122.8GiB""},{""name"":""lab-eparagony-stub"",""cpu"":""0.00%"",""mem"":""20.37MiB / 122.8GiB""},{""name"":""lab-invoicing-stub"",""cpu"":""0.00%"",""mem"":""16.6MiB / 122.8GiB""},{""name"":""lab-shipping-stub"",""cpu"":""0.00%"",""mem"":""16.58MiB / 122.8GiB""},{""name"":""lab-eparagony-stub-tls"",""cpu"":""0.00%"",""mem"":""23.3MiB / 122.8GiB""},{""name"":""lab-erli-stub-tls"",""cpu"":""0.00%"",""mem"":""22.67MiB / 122.8GiB""},{""name"":""lab-wc-tls"",""cpu"":""0.00%"",""mem"":""29.51MiB / 122.8GiB""},{""name"":""lab-prestashop"",""cpu"":""6.45%"",""mem"":""135.5MiB / 122.8GiB""},{""name"":""lab-woocommerce"",""cpu"":""0.01%"",""mem"":""294.6MiB / 122.8GiB""},{""name"":""lab-redis"",""cpu"":""0.65%"",""mem"":""80.61MiB / 122.8GiB""},{""name"":""lab-postgres"",""cpu"":""3.08%"",""mem"":""241.4MiB / 122.8GiB""},{""name"":""lab-mysql"",""cpu"":""6.85%"",""mem"":""724.4MiB / 122.8GiB""},{""name"":""lab-woocommerce-mysql"",""cpu"":""0.96%"",""mem"":""511.8MiB / 122.8GiB""}]"
2026-09-10T13:45:54Z,4,1750,2,0,19,2668811955,"[{""name"":""lab-worker-1"",""cpu"":""5.37%"",""mem"":""136MiB / 122.8GiB""},{""name"":""lab-api"",""cpu"":""0.00%"",""mem"":""145.4MiB / 122.8GiB""},{""name"":""lab-allegro-stub"",""cpu"":""0.00%"",""mem"":""21.03MiB / 122.8GiB""},{""name"":""lab-erli-stub"",""cpu"":""0.00%"",""mem"":""18.05MiB / 122.8GiB""},{""name"":""lab-eparagony-stub"",""cpu"":""0.00%"",""mem"":""20.37MiB / 122.8GiB""},{""name"":""lab-invoicing-stub"",""cpu"":""0.00%"",""mem"":""16.6MiB / 122.8GiB""},{""name"":""lab-shipping-stub"",""cpu"":""0.00%"",""mem"":""16.58MiB / 122.8GiB""},{""name"":""lab-eparagony-stub-tls"",""cpu"":""0.00%"",""mem"":""23.3MiB / 122.8GiB""},{""name"":""lab-erli-stub-tls"",""cpu"":""0.00%"",""mem"":""22.67MiB / 122.8GiB""},{""name"":""lab-wc-tls"",""cpu"":""0.00%"",""mem"":""29.51MiB / 122.8GiB""},{""name"":""lab-prestashop"",""cpu"":""6.45%"",""mem"":""135.5MiB / 122.8GiB""},{""name"":""lab-woocommerce"",""cpu"":""0.01%"",""mem"":""294.6MiB / 122.8GiB""},{""name"":""lab-redis"",""cpu"":""0.65%"",""mem"":""80.61MiB / 122.8GiB""},{""name"":""lab-postgres"",""cpu"":""3.08%"",""mem"":""241.4MiB / 122.8GiB""},{""name"":""lab-mysql"",""cpu"":""6.85%"",""mem"":""724.4MiB / 122.8GiB""},{""name"":""lab-woocommerce-mysql"",""cpu"":""0.96%"",""mem"":""511.8MiB / 122.8GiB""}]"
2026-09-10T13:45:57Z,3,1749,2,0,21,2668811955,"[{""name"":""lab-worker-1"",""cpu"":""2.91%"",""mem"":""136.3MiB / 122.8GiB""},{""name"":""lab-api"",""cpu"":""0.00%"",""mem"":""145.4MiB / 122.8GiB""},{""name"":""lab-allegro-stub"",""cpu"":""0.01%"",""mem"":""21.03MiB / 122.8GiB""},{""name"":""lab-erli-stub"",""cpu"":""0.00%"",""mem"":""18.05MiB / 122.8GiB""},{""name"":""lab-eparagony-stub"",""cpu"":""0.01%"",""mem"":""20.37MiB / 122.8GiB""},{""name"":""lab-invoicing-stub"",""cpu"":""0.01%"",""mem"":""16.6MiB / 122.8GiB""},{""name"":""lab-shipping-stub"",""cpu"":""0.00%"",""mem"":""16.58MiB / 122.8GiB""},{""name"":""lab-eparagony-stub-tls"",""cpu"":""0.00%"",""mem"":""23.3MiB / 122.8GiB""},{""name"":""lab-erli-stub-tls"",""cpu"":""0.00%"",""mem"":""22.67MiB / 122.8GiB""},{""name"":""lab-wc-tls"",""cpu"":""0.00%"",""mem"":""29.51MiB / 122.8GiB""},{""name"":""lab-prestashop"",""cpu"":""7.92%"",""mem"":""135.5MiB / 122.8GiB""},{""name"":""lab-woocommerce"",""cpu"":""0.01%"",""mem"":""294.6MiB / 122.8GiB""},{""name"":""lab-redis"",""cpu"":""0.77%"",""mem"":""80.87MiB / 122.8GiB""},{""name"":""lab-postgres"",""cpu"":""2.70%"",""mem"":""241.4MiB / 122.8GiB""},{""name"":""lab-mysql"",""cpu"":""7.59%"",""mem"":""724.4MiB / 122.8GiB""},{""name"":""lab-woocommerce-mysql"",""cpu"":""0.96%"",""mem"":""511.8MiB / 122.8GiB""}]"
2026-09-10T13:45:57Z,3,1749,2,0,21,2668811955,"[{""name"":""lab-worker-1"",""cpu"":""2.91%"",""mem"":""136.3MiB / 122.8GiB""},{""name"":""lab-api"",""cpu"":""0.00%"",""mem"":""145.4MiB / 122.8GiB""},{""name"":""lab-allegro-stub"",""cpu"":""0.01%"",""mem"":""21.03MiB / 122.8GiB""},{""name"":""lab-erli-stub"",""cpu"":""0.00%"",""mem"":""18.05MiB / 122.8GiB""},{""name"":""lab-eparagony-stub"",""cpu"":""0.01%"",""mem"":""20.37MiB / 122.8GiB""},{""name"":""lab-invoicing-stub"",""cpu"":""0.01%"",""mem"":""16.6MiB / 122.8GiB""},{""name"":""lab-shipping-stub"",""cpu"":""0.00%"",""mem"":""16.58MiB / 122.8GiB""},{""name"":""lab-eparagony-stub-tls"",""cpu"":""0.00%"",""mem"":""23.3MiB / 122.8GiB""},{""name"":""lab-erli-stub-tls"",""cpu"":""0.00%"",""mem"":""22.67MiB / 122.8GiB""},{""name"":""lab-wc-tls"",""cpu"":""0.00%"",""mem"":""29.51MiB / 122.8GiB""},{""name"":""lab-prestashop"",""cpu"":""7.92%"",""mem"":""135.5MiB / 122.8GiB""},{""name"":""lab-woocommerce"",""cpu"":""0.01%"",""mem"":""294.6MiB / 122.8GiB""},{""name"":""lab-redis"",""cpu"":""0.77%"",""mem"":""80.87MiB / 122.8GiB""},{""name"":""lab-postgres"",""cpu"":""2.70%"",""mem"":""241.4MiB / 122.8GiB""},{""name"":""lab-mysql"",""cpu"":""7.59%"",""mem"":""724.4MiB / 122.8GiB""},{""name"":""lab-woocommerce-mysql"",""cpu"":""0.96%"",""mem"":""511.8MiB / 122.8GiB""}]"
2026-09-10T13:46:00Z,3,1748,1,0,23,2668811955,"[{""name"":""lab-worker-1"",""cpu"":""4.01%"",""mem"":""135.9MiB / 122.8GiB""},{""name"":""lab-api"",""cpu"":""0.00%"",""mem"":""145.4MiB / 122.8GiB""},{""name"":""lab-allegro-stub"",""cpu"":""0.00%"",""mem"":""21.03MiB / 122.8GiB""},{""name"":""lab-erli-stub"",""cpu"":""4.22%"",""mem"":""18.36MiB / 122.8GiB""},{""name"":""lab-eparagony-stub"",""cpu"":""3.91%"",""mem"":""20.42MiB / 122.8GiB""},{""name"":""lab-invoicing-stub"",""cpu"":""0.00%"",""mem"":""16.6MiB / 122.8GiB""},{""name"":""lab-shipping-stub"",""cpu"":""0.00%"",""mem"":""16.58MiB / 122.8GiB""},{""name"":""lab-eparagony-stub-tls"",""cpu"":""0.00%"",""mem"":""23.3MiB / 122.8GiB""},{""name"":""lab-erli-stub-tls"",""cpu"":""0.00%"",""mem"":""22.67MiB / 122.8GiB""},{""name"":""lab-wc-tls"",""cpu"":""0.00%"",""mem"":""29.51MiB / 122.8GiB""},{""name"":""lab-prestashop"",""cpu"":""7.98%"",""mem"":""135.5MiB / 122.8GiB""},{""name"":""lab-woocommerce"",""cpu"":""0.01%"",""mem"":""294.6MiB / 122.8GiB""},{""name"":""lab-redis"",""cpu"":""0.68%"",""mem"":""80.86MiB / 122.8GiB""},{""name"":""lab-postgres"",""cpu"":""1.73%"",""mem"":""241.8MiB / 122.8GiB""},{""name"":""lab-mysql"",""cpu"":""7.08%"",""mem"":""724.4MiB / 122.8GiB""},{""name"":""lab-woocommerce-mysql"",""cpu"":""0.80%"",""mem"":""511.8MiB / 122.8GiB""}]"
2026-09-10T13:46:00Z,3,1748,1,0,23,2668811955,"[{""name"":""lab-worker-1"",""cpu"":""4.01%"",""mem"":""135.9MiB / 122.8GiB""},{""name"":""lab-api"",""cpu"":""0.00%"",""mem"":""145.4MiB / 122.8GiB""},{""name"":""lab-allegro-stub"",""cpu"":""0.00%"",""mem"":""21.03MiB / 122.8GiB""},{""name"":""lab-erli-stub"",""cpu"":""4.22%"",""mem"":""18.36MiB / 122.8GiB""},{""name"":""lab-eparagony-stub"",""cpu"":""3.91%"",""mem"":""20.42MiB / 122.8GiB""},{""name"":""lab-invoicing-stub"",""cpu"":""0.00%"",""mem"":""16.6MiB / 122.8GiB""},{""name"":""lab-shipping-stub"",""cpu"":""0.00%"",""mem"":""16.58MiB / 122.8GiB""},{""name"":""lab-eparagony-stub-tls"",""cpu"":""0.00%"",""mem"":""23.3MiB / 122.8GiB""},{""name"":""lab-erli-stub-tls"",""cpu"":""0.00%"",""mem"":""22.67MiB / 122.8GiB""},{""name"":""lab-wc-tls"",""cpu"":""0.00%"",""mem"":""29.51MiB / 122.8GiB""},{""name"":""lab-prestashop"",""cpu"":""7.98%"",""mem"":""135.5MiB / 122.8GiB""},{""name"":""lab-woocommerce"",""cpu"":""0.01%"",""mem"":""294.6MiB / 122.8GiB""},{""name"":""lab-redis"",""cpu"":""0.68%"",""mem"":""80.86MiB / 122.8GiB""},{""name"":""lab-postgres"",""cpu"":""1.73%"",""mem"":""241.8MiB / 122.8GiB""},{""name"":""lab-mysql"",""cpu"":""7.08%"",""mem"":""724.4MiB / 122.8GiB""},{""name"":""lab-woocommerce-mysql"",""cpu"":""0.80%"",""mem"":""511.8MiB / 122.8GiB""}]"
2026-09-10T13:46:03Z,3,1747,1,0,24,2668811955,"[{""name"":""lab-worker-1"",""cpu"":""7.01%"",""mem"":""136.5MiB / 122.8GiB""},{""name"":""lab-api"",""cpu"":""0.00%"",""mem"":""145.4MiB / 122.8GiB""},{""name"":""lab-allegro-stub"",""cpu"":""0.00%"",""mem"":""21.03MiB / 122.8GiB""},{""name"":""lab-erli-stub"",""cpu"":""0.00%"",""mem"":""18.06MiB / 122.8GiB""},{""name"":""lab-eparagony-stub"",""cpu"":""0.00%"",""mem"":""20.37MiB / 122.8GiB""},{""name"":""lab-invoicing-stub"",""cpu"":""0.00%"",""mem"":""16.6MiB / 122.8GiB""},{""name"":""lab-shipping-stub"",""cpu"":""0.00%"",""mem"":""16.58MiB / 122.8GiB""},{""name"":""lab-eparagony-stub-tls"",""cpu"":""0.00%"",""mem"":""23.3MiB / 122.8GiB""},{""name"":""lab-erli-stub-tls"",""cpu"":""0.00%"",""mem"":""22.67MiB / 122.8GiB""},{""name"":""lab-wc-tls"",""cpu"":""0.00%"",""mem"":""29.51MiB / 122.8GiB""},{""name"":""lab-prestashop"",""cpu"":""8.79%"",""mem"":""135.5MiB / 122.8GiB""},{""name"":""lab-woocommerce"",""cpu"":""0.01%"",""mem"":""294.6MiB / 122.8GiB""},{""name"":""lab-redis"",""cpu"":""5.37%"",""mem"":""80.61MiB / 122.8GiB""},{""name"":""lab-postgres"",""cpu"":""45.84%"",""mem"":""248.9MiB / 122.8GiB""},{""name"":""lab-mysql"",""cpu"":""8.45%"",""mem"":""724.7MiB / 122.8GiB""},{""name"":""lab-woocommerce-mysql"",""cpu"":""0.67%"",""mem"":""511.8MiB / 122.8GiB""}]"
2026-09-10T13:46:06Z,3,1746,2,0,23,2668811955,"[{""name"":""lab-worker-1"",""cpu"":""4.10%"",""mem"":""136.1MiB / 122.8GiB""},{""name"":""lab-api"",""cpu"":""0.00%"",""mem"":""145.4MiB / 122.8GiB""},{""name"":""lab-allegro-stub"",""cpu"":""4.73%"",""mem"":""21.03MiB / 122.8GiB""},{""name"":""lab-erli-stub"",""cpu"":""0.01%"",""mem"":""18.06MiB / 122.8GiB""},{""name"":""lab-eparagony-stub"",""cpu"":""0.00%"",""mem"":""20.37MiB / 122.8GiB""},{""name"":""lab-invoicing-stub"",""cpu"":""2.97%"",""mem"":""16.6MiB / 122.8GiB""},{""name"":""lab-shipping-stub"",""cpu"":""3.94%"",""mem"":""16.58MiB / 122.8GiB""},{""name"":""lab-eparagony-stub-tls"",""cpu"":""0.00%"",""mem"":""23.3MiB / 122.8GiB""},{""name"":""lab-erli-stub-tls"",""cpu"":""0.00%"",""mem"":""22.67MiB / 122.8GiB""},{""name"":""lab-wc-tls"",""cpu"":""0.00%"",""mem"":""29.51MiB / 122.8GiB""},{""name"":""lab-prestashop"",""cpu"":""7.21%"",""mem"":""135.5MiB / 122.8GiB""},{""name"":""lab-woocommerce"",""cpu"":""0.00%"",""mem"":""294.6MiB / 122.8GiB""},{""name"":""lab-redis"",""cpu"":""42.74%"",""mem"":""81.02MiB / 122.8GiB""},{""name"":""lab-postgres"",""cpu"":""3.58%"",""mem"":""241.3MiB / 122.8GiB""},{""name"":""lab-mysql"",""cpu"":""7.60%"",""mem"":""724.4MiB / 122.8GiB""},{""name"":""lab-woocommerce-mysql"",""cpu"":""0.63%"",""mem"":""511.8MiB / 122.8GiB""}]"
2026-09-10T13:46:09Z,3,1747,2,0,23,2668811955,"[{""name"":""lab-worker-1"",""cpu"":""3.26%"",""mem"":""136.1MiB / 122.8GiB""},{""name"":""lab-api"",""cpu"":""0.00%"",""mem"":""145.4MiB / 122.8GiB""},{""name"":""lab-allegro-stub"",""cpu"":""0.00%"",""mem"":""21.03MiB / 122.8GiB""},{""name"":""lab-erli-stub"",""cpu"":""0.00%"",""mem"":""18.05MiB / 122.8GiB""},{""name"":""lab-eparagony-stub"",""cpu"":""0.00%"",""mem"":""20.37MiB / 122.8GiB""},{""name"":""lab-invoicing-stub"",""cpu"":""0.00%"",""mem"":""16.6MiB / 122.8GiB""},{""name"":""lab-shipping-stub"",""cpu"":""0.00%"",""mem"":""16.58MiB / 122.8GiB""},{""name"":""lab-eparagony-stub-tls"",""cpu"":""0.00%"",""mem"":""23.3MiB / 122.8GiB""},{""name"":""lab-erli-stub-tls"",""cpu"":""0.00%"",""mem"":""22.67MiB / 122.8GiB""},{""name"":""lab-wc-tls"",""cpu"":""0.00%"",""mem"":""29.51MiB / 122.8GiB""},{""name"":""lab-prestashop"",""cpu"":""8.52%"",""mem"":""135.5MiB / 122.8GiB""},{""name"":""lab-woocommerce"",""cpu"":""0.01%"",""mem"":""294.6MiB / 122.8GiB""},{""name"":""lab-redis"",""cpu"":""43.01%"",""mem"":""80.71MiB / 122.8GiB""},{""name"":""lab-postgres"",""cpu"":""1.97%"",""mem"":""241.7MiB / 122.8GiB""},{""name"":""lab-mysql"",""cpu"":""6.77%"",""mem"":""724.4MiB / 122.8GiB""},{""name"":""lab-woocommerce-mysql"",""cpu"":""0.63%"",""mem"":""511.8MiB / 122.8GiB""}]"
2026-09-10T13:46:12Z,3,1747,2,0,23,2668811955,"[{""name"":""lab-worker-1"",""cpu"":""4.04%"",""mem"":""136.1MiB / 122.8GiB""},{""name"":""lab-api"",""cpu"":""0.00%"",""mem"":""145.4MiB / 122.8GiB""},{""name"":""lab-allegro-stub"",""cpu"":""0.00%"",""mem"":""21.03MiB / 122.8GiB""},{""name"":""lab-erli-stub"",""cpu"":""0.01%"",""mem"":""18.06MiB / 122.8GiB""},{""name"":""lab-eparagony-stub"",""cpu"":""0.00%"",""mem"":""20.37MiB / 122.8GiB""},{""name"":""lab-invoicing-stub"",""cpu"":""0.00%"",""mem"":""16.6MiB / 122.8GiB""},{""name"":""lab-shipping-stub"",""cpu"":""0.00%"",""mem"":""16.58MiB / 122.8GiB""},{""name"":""lab-eparagony-stub-tls"",""cpu"":""0.00%"",""mem"":""23.3MiB / 122.8GiB""},{""name"":""lab-erli-stub-tls"",""cpu"":""0.00%"",""mem"":""22.67MiB / 122.8GiB""},{""name"":""lab-wc-tls"",""cpu"":""0.00%"",""mem"":""29.51MiB / 122.8GiB""},{""name"":""lab-prestashop"",""cpu"":""7.46%"",""mem"":""135.5MiB / 122.8GiB""},{""name"":""lab-woocommerce"",""cpu"":""0.01%"",""mem"":""294.6MiB / 122.8GiB""},{""name"":""lab-redis"",""cpu"":""45.94%"",""mem"":""80.7MiB / 122.8GiB""},{""name"":""lab-postgres"",""cpu"":""1.98%"",""mem"":""241.8MiB / 122.8GiB""},{""name"":""lab-mysql"",""cpu"":""8.03%"",""mem"":""724.4MiB / 122.8GiB""},{""name"":""lab-woocommerce-mysql"",""cpu"":""0.64%"",""mem"":""511.8MiB / 122.8GiB""}]"
2026-09-10T13:46:15Z,3,1746,2,0,23,2668811955,"[{""name"":""lab-worker-1"",""cpu"":""3.49%"",""mem"":""136.1MiB / 122.8GiB""},{""name"":""lab-api"",""cpu"":""0.00%"",""mem"":""145.4MiB / 122.8GiB""},{""name"":""lab-allegro-stub"",""cpu"":""4.24%"",""mem"":""21.03MiB / 122.8GiB""},{""name"":""lab-erli-stub"",""cpu"":""4.28%"",""mem"":""18.06MiB / 122.8GiB""},{""name"":""lab-eparagony-stub"",""cpu"":""0.01%"",""mem"":""20.37MiB / 122.8GiB""},{""name"":""lab-invoicing-stub"",""cpu"":""3.67%"",""mem"":""16.6MiB / 122.8GiB""},{""name"":""lab-shipping-stub"",""cpu"":""4.04%"",""mem"":""16.58MiB / 122.8GiB""},{""name"":""lab-eparagony-stub-tls"",""cpu"":""0.00%"",""mem"":""23.3MiB / 122.8GiB""},{""name"":""lab-erli-stub-tls"",""cpu"":""0.00%"",""mem"":""22.67MiB / 122.8GiB""},{""name"":""lab-wc-tls"",""cpu"":""0.00%"",""mem"":""29.51MiB / 122.8GiB""},{""name"":""lab-prestashop"",""cpu"":""8.59%"",""mem"":""135.5MiB / 122.8GiB""},{""name"":""lab-woocommerce"",""cpu"":""0.01%"",""mem"":""294.6MiB / 122.8GiB""},{""name"":""lab-redis"",""cpu"":""44.93%"",""mem"":""80.73MiB / 122.8GiB""},{""name"":""lab-postgres"",""cpu"":""7.19%"",""mem"":""241.8MiB / 122.8GiB""},{""name"":""lab-mysql"",""cpu"":""12.92%"",""mem"":""724.4MiB / 122.8GiB""},{""name"":""lab-woocommerce-mysql"",""cpu"":""0.67%"",""mem"":""511.8MiB / 122.8GiB""}]"
2026-09-10T13:46:19Z,3,1746,2,0,24,2668811955,"[{""name"":""lab-worker-1"",""cpu"":""3.79%"",""mem"":""136.3MiB / 122.8GiB""},{""name"":""lab-api"",""cpu"":""0.00%"",""mem"":""145.4MiB / 122.8GiB""},{""name"":""lab-allegro-stub"",""cpu"":""0.00%"",""mem"":""21.03MiB / 122.8GiB""},{""name"":""lab-erli-stub"",""cpu"":""0.00%"",""mem"":""18.06MiB / 122.8GiB""},{""name"":""lab-eparagony-stub"",""cpu"":""0.00%"",""mem"":""20.37MiB / 122.8GiB""},{""name"":""lab-invoicing-stub"",""cpu"":""0.00%"",""mem"":""16.6MiB / 122.8GiB""},{""name"":""lab-shipping-stub"",""cpu"":""0.00%"",""mem"":""16.58MiB / 122.8GiB""},{""name"":""lab-eparagony-stub-tls"",""cpu"":""0.00%"",""mem"":""23.3MiB / 122.8GiB""},{""name"":""lab-erli-stub-tls"",""cpu"":""0.00%"",""mem"":""22.67MiB / 122.8GiB""},{""name"":""lab-wc-tls"",""cpu"":""0.00%"",""mem"":""29.51MiB / 122.8GiB""},{""name"":""lab-prestashop"",""cpu"":""8.01%"",""mem"":""135.5MiB / 122.8GiB""},{""name"":""lab-woocommerce"",""cpu"":""0.00%"",""mem"":""294.6MiB / 122.8GiB""},{""name"":""lab-redis"",""cpu"":""43.56%"",""mem"":""80.69MiB / 122.8GiB""},{""name"":""lab-postgres"",""cpu"":""3.58%"",""mem"":""242MiB / 122.8GiB""},{""name"":""lab-mysql"",""cpu"":""6.97%"",""mem"":""724.4MiB / 122.8GiB""},{""name"":""lab-woocommerce-mysql"",""cpu"":""5.07%"",""mem"":""511.8MiB / 122.8GiB""}]"
2026-09-10T13:46:22Z,4,1747,2,0,23,2668811955,"[{""name"":""lab-worker-1"",""cpu"":""4.58%"",""mem"":""136.2MiB / 122.8GiB""},{""name"":""lab-api"",""cpu"":""0.00%"",""mem"":""145.4MiB / 122.8GiB""},{""name"":""lab-allegro-stub"",""cpu"":""0.00%"",""mem"":""21.03MiB / 122.8GiB""},{""name"":""lab-erli-stub"",""cpu"":""0.00%"",""mem"":""18.06MiB / 122.8GiB""},{""name"":""lab-eparagony-stub"",""cpu"":""0.00%"",""mem"":""20.37MiB / 122.8GiB""},{""name"":""lab-invoicing-stub"",""cpu"":""0.00%"",""mem"":""16.6MiB / 122.8GiB""},{""name"":""lab-shipping-stub"",""cpu"":""0.00%"",""mem"":""16.58MiB / 122.8GiB""},{""name"":""lab-eparagony-stub-tls"",""cpu"":""0.00%"",""mem"":""23.3MiB / 122.8GiB""},{""name"":""lab-erli-stub-tls"",""cpu"":""0.00%"",""mem"":""22.67MiB / 122.8GiB""},{""name"":""lab-wc-tls"",""cpu"":""0.00%"",""mem"":""29.51MiB / 122.8GiB""},{""name"":""lab-prestashop"",""cpu"":""8.21%"",""mem"":""135.5MiB / 122.8GiB""},{""name"":""lab-woocommerce"",""cpu"":""0.00%"",""mem"":""294.6MiB / 122.8GiB""},{""name"":""lab-redis"",""cpu"":""42.81%"",""mem"":""80.86MiB / 122.8GiB""},{""name"":""lab-postgres"",""cpu"":""3.25%"",""mem"":""239.1MiB / 122.8GiB""},{""name"":""lab-mysql"",""cpu"":""7.70%"",""mem"":""724.4MiB / 122.8GiB""},{""name"":""lab-woocommerce-mysql"",""cpu"":""0.63%"",""mem"":""511.8MiB / 122.8GiB""}]"
2026-09-10T13:46:25Z,3,1748,2,0,23,2668811955,"[{""name"":""lab-worker-1"",""cpu"":""4.89%"",""mem"":""135.9MiB / 122.8GiB""},{""name"":""lab-api"",""cpu"":""0.00%"",""mem"":""145.4MiB / 122.8GiB""},{""name"":""lab-allegro-stub"",""cpu"":""0.00%"",""mem"":""21.03MiB / 122.8GiB""},{""name"":""lab-erli-stub"",""cpu"":""0.00%"",""mem"":""18.05MiB / 122.8GiB""},{""name"":""lab-eparagony-stub"",""cpu"":""4.46%"",""mem"":""20.37MiB / 122.8GiB""},{""name"":""lab-invoicing-stub"",""cpu"":""0.00%"",""mem"":""16.6MiB / 122.8GiB""},{""name"":""lab-shipping-stub"",""cpu"":""0.00%"",""mem"":""16.58MiB / 122.8GiB""},{""name"":""lab-eparagony-stub-tls"",""cpu"":""0.00%"",""mem"":""23.3MiB / 122.8GiB""},{""name"":""lab-erli-stub-tls"",""cpu"":""0.00%"",""mem"":""22.67MiB / 122.8GiB""},{""name"":""lab-wc-tls"",""cpu"":""0.00%"",""mem"":""29.51MiB / 122.8GiB""},{""name"":""lab-prestashop"",""cpu"":""9.30%"",""mem"":""135.5MiB / 122.8GiB""},{""name"":""lab-woocommerce"",""cpu"":""0.00%"",""mem"":""294.6MiB / 122.8GiB""},{""name"":""lab-redis"",""cpu"":""43.00%"",""mem"":""80.76MiB / 122.8GiB""},{""name"":""lab-postgres"",""cpu"":""4.07%"",""mem"":""243.5MiB / 122.8GiB""},{""name"":""lab-mysql"",""cpu"":""8.40%"",""mem"":""724.4MiB / 122.8GiB""},{""name"":""lab-woocommerce-mysql"",""cpu"":""0.62%"",""mem"":""511.8MiB / 122.8GiB""}]"
2026-09-10T13:46:28Z,3,1747,2,0,22,2668811955,"[{""name"":""lab-worker-1"",""cpu"":""3.00%"",""mem"":""136.1MiB / 122.8GiB""},{""name"":""lab-api"",""cpu"":""0.00%"",""mem"":""145.4MiB / 122.8GiB""},{""name"":""lab-allegro-stub"",""cpu"":""0.00%"",""mem"":""21.03MiB / 122.8GiB""},{""name"":""lab-erli-stub"",""cpu"":""0.00%"",""mem"":""18.06MiB / 122.8GiB""},{""name"":""lab-eparagony-stub"",""cpu"":""0.00%"",""mem"":""20.37MiB / 122.8GiB""},{""name"":""lab-invoicing-stub"",""cpu"":""0.00%"",""mem"":""16.6MiB / 122.8GiB""},{""name"":""lab-shipping-stub"",""cpu"":""0.00%"",""mem"":""16.58MiB / 122.8GiB""},{""name"":""lab-eparagony-stub-tls"",""cpu"":""0.00%"",""mem"":""23.3MiB / 122.8GiB""},{""name"":""lab-erli-stub-tls"",""cpu"":""0.00%"",""mem"":""22.67MiB / 122.8GiB""},{""name"":""lab-wc-tls"",""cpu"":""0.00%"",""mem"":""29.51MiB / 122.8GiB""},{""name"":""lab-prestashop"",""cpu"":""7.88%"",""mem"":""135.5MiB / 122.8GiB""},{""name"":""lab-woocommerce"",""cpu"":""0.00%"",""mem"":""294.6MiB / 122.8GiB""},{""name"":""lab-redis"",""cpu"":""43.38%"",""mem"":""80.78MiB / 122.8GiB""},{""name"":""lab-postgres"",""cpu"":""0.77%"",""mem"":""239.1MiB / 122.8GiB""},{""name"":""lab-mysql"",""cpu"":""7.52%"",""mem"":""724.4MiB / 122.8GiB""},{""name"":""lab-woocommerce-mysql"",""cpu"":""0.62%"",""mem"":""511.8MiB / 122.8GiB""}]"
2026-09-10T13:46:31Z,3,1748,2,0,22,2668820147,"[{""name"":""lab-worker-1"",""cpu"":""3.17%"",""mem"":""136.3MiB / 122.8GiB""},{""name"":""lab-api"",""cpu"":""0.00%"",""mem"":""145.4MiB / 122.8GiB""},{""name"":""lab-allegro-stub"",""cpu"":""3.63%"",""mem"":""21.03MiB / 122.8GiB""},{""name"":""lab-erli-stub"",""cpu"":""0.86%"",""mem"":""18.06MiB / 122.8GiB""},{""name"":""lab-eparagony-stub"",""cpu"":""0.00%"",""mem"":""20.37MiB / 122.8GiB""},{""name"":""lab-invoicing-stub"",""cpu"":""4.68%"",""mem"":""16.6MiB / 122.8GiB""},{""name"":""lab-shipping-stub"",""cpu"":""3.23%"",""mem"":""16.58MiB / 122.8GiB""},{""name"":""lab-eparagony-stub-tls"",""cpu"":""0.00%"",""mem"":""23.3MiB / 122.8GiB""},{""name"":""lab-erli-stub-tls"",""cpu"":""0.00%"",""mem"":""22.67MiB / 122.8GiB""},{""name"":""lab-wc-tls"",""cpu"":""0.00%"",""mem"":""29.51MiB / 122.8GiB""},{""name"":""lab-prestashop"",""cpu"":""8.51%"",""mem"":""135.5MiB / 122.8GiB""},{""name"":""lab-woocommerce"",""cpu"":""0.01%"",""mem"":""294.6MiB / 122.8GiB""},{""name"":""lab-redis"",""cpu"":""46.59%"",""mem"":""88.34MiB / 122.8GiB""},{""name"":""lab-postgres"",""cpu"":""0.72%"",""mem"":""241.2MiB / 122.8GiB""},{""name"":""lab-mysql"",""cpu"":""8.80%"",""mem"":""724.4MiB / 122.8GiB""},{""name"":""lab-woocommerce-mysql"",""cpu"":""0.62%"",""mem"":""511.8MiB / 122.8GiB""}]"
2026-09-10T13:46:34Z,3,1750,2,0,20,2668820147,"[{""name"":""lab-worker-1"",""cpu"":""3.20%"",""mem"":""136.1MiB / 122.8GiB""},{""name"":""lab-api"",""cpu"":""0.00%"",""mem"":""145.4MiB / 122.8GiB""},{""name"":""lab-allegro-stub"",""cpu"":""0.00%"",""mem"":""21.03MiB / 122.8GiB""},{""name"":""lab-erli-stub"",""cpu"":""0.00%"",""mem"":""18.06MiB / 122.8GiB""},{""name"":""lab-eparagony-stub"",""cpu"":""0.00%"",""mem"":""20.37MiB / 122.8GiB""},{""name"":""lab-invoicing-stub"",""cpu"":""0.00%"",""mem"":""16.6MiB / 122.8GiB""},{""name"":""lab-shipping-stub"",""cpu"":""0.00%"",""mem"":""16.58MiB / 122.8GiB""},{""name"":""lab-eparagony-stub-tls"",""cpu"":""0.00%"",""mem"":""23.3MiB / 122.8GiB""},{""name"":""lab-erli-stub-tls"",""cpu"":""0.00%"",""mem"":""22.67MiB / 122.8GiB""},{""name"":""lab-wc-tls"",""cpu"":""0.00%"",""mem"":""29.51MiB / 122.8GiB""},{""name"":""lab-prestashop"",""cpu"":""7.32%"",""mem"":""135.5MiB / 122.8GiB""},{""name"":""lab-woocommerce"",""cpu"":""0.01%"",""mem"":""294.6MiB / 122.8GiB""},{""name"":""lab-redis"",""cpu"":""45.87%"",""mem"":""87.9MiB / 122.8GiB""},{""name"":""lab-postgres"",""cpu"":""0.69%"",""mem"":""241.7MiB / 122.8GiB""},{""name"":""lab-mysql"",""cpu"":""7.74%"",""mem"":""724.4MiB / 122.8GiB""},{""name"":""lab-woocommerce-mysql"",""cpu"":""0.61%"",""mem"":""511.8MiB / 122.8GiB""}]"
2026-09-10T13:46:37Z,3,1750,2,0,20,2668820147,"[{""name"":""lab-worker-1"",""cpu"":""3.86%"",""mem"":""136.1MiB / 122.8GiB""},{""name"":""lab-api"",""cpu"":""0.00%"",""mem"":""145.4MiB / 122.8GiB""},{""name"":""lab-allegro-stub"",""cpu"":""0.01%"",""mem"":""21.03MiB / 122.8GiB""},{""name"":""lab-erli-stub"",""cpu"":""0.00%"",""mem"":""18.06MiB / 122.8GiB""},{""name"":""lab-eparagony-stub"",""cpu"":""0.00%"",""mem"":""20.37MiB / 122.8GiB""},{""name"":""lab-invoicing-stub"",""cpu"":""0.01%"",""mem"":""16.6MiB / 122.8GiB""},{""name"":""lab-shipping-stub"",""cpu"":""0.01%"",""mem"":""16.58MiB / 122.8GiB""},{""name"":""lab-eparagony-stub-tls"",""cpu"":""0.00%"",""mem"":""23.3MiB / 122.8GiB""},{""name"":""lab-erli-stub-tls"",""cpu"":""0.00%"",""mem"":""22.67MiB / 122.8GiB""},{""name"":""lab-wc-tls"",""cpu"":""0.00%"",""mem"":""29.51MiB / 122.8GiB""},{""name"":""lab-prestashop"",""cpu"":""6.89%"",""mem"":""135.5MiB / 122.8GiB""},{""name"":""lab-woocommerce"",""cpu"":""0.00%"",""mem"":""294.6MiB / 122.8GiB""},{""name"":""lab-redis"",""cpu"":""44.58%"",""mem"":""80.81MiB / 122.8GiB""},{""name"":""lab-postgres"",""cpu"":""1.64%"",""mem"":""241.7MiB / 122.8GiB""},{""name"":""lab-mysql"",""cpu"":""7.70%"",""mem"":""724.4MiB / 122.8GiB""},{""name"":""lab-woocommerce-mysql"",""cpu"":""0.63%"",""mem"":""511.8MiB / 122.8GiB""}]"
2026-09-10T13:46:40Z,3,1750,2,0,20,2668820147,"[{""name"":""lab-worker-1"",""cpu"":""5.15%"",""mem"":""136.1MiB / 122.8GiB""},{""name"":""lab-api"",""cpu"":""0.00%"",""mem"":""145.4MiB / 122.8GiB""},{""name"":""lab-allegro-stub"",""cpu"":""0.00%"",""mem"":""21.03MiB / 122.8GiB""},{""name"":""lab-erli-stub"",""cpu"":""4.24%"",""mem"":""18.06MiB / 122.8GiB""},{""name"":""lab-eparagony-stub"",""cpu"":""3.88%"",""mem"":""20.37MiB / 122.8GiB""},{""name"":""lab-invoicing-stub"",""cpu"":""0.00%"",""mem"":""16.6MiB / 122.8GiB""},{""name"":""lab-shipping-stub"",""cpu"":""0.00%"",""mem"":""16.58MiB / 122.8GiB""},{""name"":""lab-eparagony-stub-tls"",""cpu"":""0.00%"",""mem"":""23.3MiB / 122.8GiB""},{""name"":""lab-erli-stub-tls"",""cpu"":""0.00%"",""mem"":""22.67MiB / 122.8GiB""},{""name"":""lab-wc-tls"",""cpu"":""0.00%"",""mem"":""29.51MiB / 122.8GiB""},{""name"":""lab-prestashop"",""cpu"":""9.02%"",""mem"":""137.5MiB / 122.8GiB""},{""name"":""lab-woocommerce"",""cpu"":""0.00%"",""mem"":""294.6MiB / 122.8GiB""},{""name"":""lab-redis"",""cpu"":""43.31%"",""mem"":""88.23MiB / 122.8GiB""},{""name"":""lab-postgres"",""cpu"":""2.70%"",""mem"":""241.7MiB / 122.8GiB""},{""name"":""lab-mysql"",""cpu"":""7.66%"",""mem"":""724.4MiB / 122.8GiB""},{""name"":""lab-woocommerce-mysql"",""cpu"":""0.64%"",""mem"":""511.8MiB / 122.8GiB""}]"
2026-09-10T13:46:43Z,3,1751,1,0,20,2668820147,"[{""name"":""lab-worker-1"",""cpu"":""4.51%"",""mem"":""136.2MiB / 122.8GiB""},{""name"":""lab-api"",""cpu"":""0.00%"",""mem"":""145.4MiB / 122.8GiB""},{""name"":""lab-allegro-stub"",""cpu"":""0.00%"",""mem"":""21.03MiB / 122.8GiB""},{""name"":""lab-erli-stub"",""cpu"":""0.00%"",""mem"":""18.05MiB / 122.8GiB""},{""name"":""lab-eparagony-stub"",""cpu"":""0.00%"",""mem"":""20.37MiB / 122.8GiB""},{""name"":""lab-invoicing-stub"",""cpu"":""0.00%"",""mem"":""16.6MiB / 122.8GiB""},{""name"":""lab-shipping-stub"",""cpu"":""0.00%"",""mem"":""16.58MiB / 122.8GiB""},{""name"":""lab-eparagony-stub-tls"",""cpu"":""0.00%"",""mem"":""23.3MiB / 122.8GiB""},{""name"":""lab-erli-stub-tls"",""cpu"":""0.00%"",""mem"":""22.67MiB / 122.8GiB""},{""name"":""lab-wc-tls"",""cpu"":""0.00%"",""mem"":""29.51MiB / 122.8GiB""},{""name"":""lab-prestashop"",""cpu"":""6.97%"",""mem"":""135.5MiB / 122.8GiB""},{""name"":""lab-woocommerce"",""cpu"":""11.90%"",""mem"":""304.8MiB / 122.8GiB""},{""name"":""lab-redis"",""cpu"":""50.87%"",""mem"":""88.31MiB / 122.8GiB""},{""name"":""lab-postgres"",""cpu"":""2.66%"",""mem"":""241.7MiB / 122.8GiB""},{""name"":""lab-mysql"",""cpu"":""7.61%"",""mem"":""724.4MiB / 122.8GiB""},{""name"":""lab-woocommerce-mysql"",""cpu"":""1.94%"",""mem"":""511.8MiB / 122.8GiB""}]"
2026-09-10T13:46:47Z,3,1749,2,0,21,2668820147,"[{""name"":""lab-worker-1"",""cpu"":""3.07%"",""mem"":""136.1MiB / 122.8GiB""},{""name"":""lab-api"",""cpu"":""0.00%"",""mem"":""145.4MiB / 122.8GiB""},{""name"":""lab-allegro-stub"",""cpu"":""4.20%"",""mem"":""21.03MiB / 122.8GiB""},{""name"":""lab-erli-stub"",""cpu"":""0.00%"",""mem"":""18.06MiB / 122.8GiB""},{""name"":""lab-eparagony-stub"",""cpu"":""0.00%"",""mem"":""20.37MiB / 122.8GiB""},{""name"":""lab-invoicing-stub"",""cpu"":""3.99%"",""mem"":""16.6MiB / 122.8GiB""},{""name"":""lab-shipping-stub"",""cpu"":""3.45%"",""mem"":""16.59MiB / 122.8GiB""},{""name"":""lab-eparagony-stub-tls"",""cpu"":""0.00%"",""mem"":""23.3MiB / 122.8GiB""},{""name"":""lab-erli-stub-tls"",""cpu"":""0.00%"",""mem"":""22.67MiB / 122.8GiB""},{""name"":""lab-wc-tls"",""cpu"":""0.00%"",""mem"":""29.51MiB / 122.8GiB""},{""name"":""lab-prestashop"",""cpu"":""8.02%"",""mem"":""135.5MiB / 122.8GiB""},{""name"":""lab-woocommerce"",""cpu"":""0.00%"",""mem"":""294.6MiB / 122.8GiB""},{""name"":""lab-redis"",""cpu"":""45.21%"",""mem"":""81.97MiB / 122.8GiB""},{""name"":""lab-postgres"",""cpu"":""0.69%"",""mem"":""241.7MiB / 122.8GiB""},{""name"":""lab-mysql"",""cpu"":""8.41%"",""mem"":""724.4MiB / 122.8GiB""},{""name"":""lab-woocommerce-mysql"",""cpu"":""0.73%"",""mem"":""511.8MiB / 122.8GiB""}]"
2026-09-10T13:46:50Z,4,1751,0,0,21,2668828339,"[{""name"":""lab-worker-1"",""cpu"":""3.23%"",""mem"":""136MiB / 122.8GiB""},{""name"":""lab-api"",""cpu"":""0.00%"",""mem"":""145.4MiB / 122.8GiB""},{""name"":""lab-allegro-stub"",""cpu"":""0.00%"",""mem"":""21.03MiB / 122.8GiB""},{""name"":""lab-erli-stub"",""cpu"":""0.00%"",""mem"":""18.05MiB / 122.8GiB""},{""name"":""lab-eparagony-stub"",""cpu"":""2.81%"",""mem"":""27.56MiB / 122.8GiB""},{""name"":""lab-invoicing-stub"",""cpu"":""0.00%"",""mem"":""16.6MiB / 122.8GiB""},{""name"":""lab-shipping-stub"",""cpu"":""0.00%"",""mem"":""16.58MiB / 122.8GiB""},{""name"":""lab-eparagony-stub-tls"",""cpu"":""0.00%"",""mem"":""23.3MiB / 122.8GiB""},{""name"":""lab-erli-stub-tls"",""cpu"":""0.00%"",""mem"":""22.67MiB / 122.8GiB""},{""name"":""lab-wc-tls"",""cpu"":""0.00%"",""mem"":""29.51MiB / 122.8GiB""},{""name"":""lab-prestashop"",""cpu"":""8.09%"",""mem"":""135.5MiB / 122.8GiB""},{""name"":""lab-woocommerce"",""cpu"":""0.00%"",""mem"":""294.6MiB / 122.8GiB""},{""name"":""lab-redis"",""cpu"":""44.61%"",""mem"":""87.14MiB / 122.8GiB""},{""name"":""lab-postgres"",""cpu"":""0.57%"",""mem"":""241.2MiB / 122.8GiB""},{""name"":""lab-mysql"",""cpu"":""7.50%"",""mem"":""724.4MiB / 122.8GiB""},{""name"":""lab-woocommerce-mysql"",""cpu"":""0.66%"",""mem"":""511.8MiB / 122.8GiB""}]"
2026-09-10T13:46:53Z,3,1750,2,0,20,2668828339,"[{""name"":""lab-worker-1"",""cpu"":""5.08%"",""mem"":""135.9MiB / 122.8GiB""},{""name"":""lab-api"",""cpu"":""0.00%"",""mem"":""145.4MiB / 122.8GiB""},{""name"":""lab-allegro-stub"",""cpu"":""0.00%"",""mem"":""21.03MiB / 122.8GiB""},{""name"":""lab-erli-stub"",""cpu"":""0.00%"",""mem"":""18.06MiB / 122.8GiB""},{""name"":""lab-eparagony-stub"",""cpu"":""0.00%"",""mem"":""20.37MiB / 122.8GiB""},{""name"":""lab-invoicing-stub"",""cpu"":""0.00%"",""mem"":""16.6MiB / 122.8GiB""},{""name"":""lab-shipping-stub"",""cpu"":""0.00%"",""mem"":""16.58MiB / 122.8GiB""},{""name"":""lab-eparagony-stub-tls"",""cpu"":""0.00%"",""mem"":""23.3MiB / 122.8GiB""},{""name"":""lab-erli-stub-tls"",""cpu"":""0.00%"",""mem"":""22.67MiB / 122.8GiB""},{""name"":""lab-wc-tls"",""cpu"":""0.00%"",""mem"":""29.51MiB / 122.8GiB""},{""name"":""lab-prestashop"",""cpu"":""9.25%"",""mem"":""135.5MiB / 122.8GiB""},{""name"":""lab-woocommerce"",""cpu"":""0.00%"",""mem"":""294.6MiB / 122.8GiB""},{""name"":""lab-redis"",""cpu"":""50.62%"",""mem"":""87.84MiB / 122.8GiB""},{""name"":""lab-postgres"",""cpu"":""2.29%"",""mem"":""241.7MiB / 122.8GiB""},{""name"":""lab-mysql"",""cpu"":""7.96%"",""mem"":""724.4MiB / 122.8GiB""},{""name"":""lab-woocommerce-mysql"",""cpu"":""0.60%"",""mem"":""511.8MiB / 122.8GiB""}]"
2026-09-10T13:46:56Z,3,1750,1,0,20,2668828339,"[{""name"":""lab-worker-1"",""cpu"":""3.08%"",""mem"":""136MiB / 122.8GiB""},{""name"":""lab-api"",""cpu"":""0.00%"",""mem"":""145.4MiB / 122.8GiB""},{""name"":""lab-allegro-stub"",""cpu"":""4.01%"",""mem"":""21.05MiB / 122.8GiB""},{""name"":""lab-erli-stub"",""cpu"":""4.22%"",""mem"":""18.06MiB / 122.8GiB""},{""name"":""lab-eparagony-stub"",""cpu"":""0.01%"",""mem"":""20.37MiB / 122.8GiB""},{""name"":""lab-invoicing-stub"",""cpu"":""4.03%"",""mem"":""16.6MiB / 122.8GiB""},{""name"":""lab-shipping-stub"",""cpu"":""4.36%"",""mem"":""16.58MiB / 122.8GiB""},{""name"":""lab-eparagony-stub-tls"",""cpu"":""0.00%"",""mem"":""23.3MiB / 122.8GiB""},{""name"":""lab-erli-stub-tls"",""cpu"":""0.00%"",""mem"":""22.67MiB / 122.8GiB""},{""name"":""lab-wc-tls"",""cpu"":""0.00%"",""mem"":""29.51MiB / 122.8GiB""},{""name"":""lab-prestashop"",""cpu"":""8.23%"",""mem"":""135.5MiB / 122.8GiB""},{""name"":""lab-woocommerce"",""cpu"":""0.00%"",""mem"":""294.6MiB / 122.8GiB""},{""name"":""lab-redis"",""cpu"":""44.01%"",""mem"":""80.77MiB / 122.8GiB""},{""name"":""lab-postgres"",""cpu"":""5.52%"",""mem"":""241.7MiB / 122.8GiB""},{""name"":""lab-mysql"",""cpu"":""11.71%"",""mem"":""724.4MiB / 122.8GiB""},{""name"":""lab-woocommerce-mysql"",""cpu"":""0.62%"",""mem"":""511.8MiB / 122.8GiB""}]"
2026-09-10T13:46:59Z,3,1750,1,0,21,2668828339,"[{""name"":""lab-worker-1"",""cpu"":""4.59%"",""mem"":""136.2MiB / 122.8GiB""},{""name"":""lab-api"",""cpu"":""0.00%"",""mem"":""145.4MiB / 122.8GiB""},{""name"":""lab-allegro-stub"",""cpu"":""0.00%"",""mem"":""21.03MiB / 122.8GiB""},{""name"":""lab-erli-stub"",""cpu"":""0.00%"",""mem"":""18.05MiB / 122.8GiB""},{""name"":""lab-eparagony-stub"",""cpu"":""0.00%"",""mem"":""20.37MiB / 122.8GiB""},{""name"":""lab-invoicing-stub"",""cpu"":""0.00%"",""mem"":""16.6MiB / 122.8GiB""},{""name"":""lab-shipping-stub"",""cpu"":""0.00%"",""mem"":""16.58MiB / 122.8GiB""},{""name"":""lab-eparagony-stub-tls"",""cpu"":""0.00%"",""mem"":""23.3MiB / 122.8GiB""},{""name"":""lab-erli-stub-tls"",""cpu"":""0.00%"",""mem"":""22.67MiB / 122.8GiB""},{""name"":""lab-wc-tls"",""cpu"":""0.00%"",""mem"":""29.51MiB / 122.8GiB""},{""name"":""lab-prestashop"",""cpu"":""8.03%"",""mem"":""135.5MiB / 122.8GiB""},{""name"":""lab-woocommerce"",""cpu"":""0.00%"",""mem"":""294.6MiB / 122.8GiB""},{""name"":""lab-redis"",""cpu"":""40.73%"",""mem"":""82.45MiB / 122.8GiB""},{""name"":""lab-postgres"",""cpu"":""1.62%"",""mem"":""241.7MiB / 122.8GiB""},{""name"":""lab-mysql"",""cpu"":""7.24%"",""mem"":""724.4MiB / 122.8GiB""},{""name"":""lab-woocommerce-mysql"",""cpu"":""5.17%"",""mem"":""511.8MiB / 122.8GiB""}]"
2026-09-10T13:47:02Z,3,1749,2,0,21,2668828339,"[{""name"":""lab-worker-1"",""cpu"":""4.00%"",""mem"":""136.1MiB / 122.8GiB""},{""name"":""lab-api"",""cpu"":""0.00%"",""mem"":""145.4MiB / 122.8GiB""},{""name"":""lab-allegro-stub"",""cpu"":""0.01%"",""mem"":""21.04MiB / 122.8GiB""},{""name"":""lab-erli-stub"",""cpu"":""0.00%"",""mem"":""18.06MiB / 122.8GiB""},{""name"":""lab-eparagony-stub"",""cpu"":""0.00%"",""mem"":""20.37MiB / 122.8GiB""},{""name"":""lab-invoicing-stub"",""cpu"":""0.01%"",""mem"":""16.6MiB / 122.8GiB""},{""name"":""lab-shipping-stub"",""cpu"":""0.01%"",""mem"":""16.58MiB / 122.8GiB""},{""name"":""lab-eparagony-stub-tls"",""cpu"":""0.00%"",""mem"":""23.3MiB / 122.8GiB""},{""name"":""lab-erli-stub-tls"",""cpu"":""0.00%"",""mem"":""22.67MiB / 122.8GiB""},{""name"":""lab-wc-tls"",""cpu"":""0.00%"",""mem"":""29.51MiB / 122.8GiB""},{""name"":""lab-prestashop"",""cpu"":""45.01%"",""mem"":""161.6MiB / 122.8GiB""},{""name"":""lab-woocommerce"",""cpu"":""0.00%"",""mem"":""294.6MiB / 122.8GiB""},{""name"":""lab-redis"",""cpu"":""0.66%"",""mem"":""81.02MiB / 122.8GiB""},{""name"":""lab-postgres"",""cpu"":""2.36%"",""mem"":""241.7MiB / 122.8GiB""},{""name"":""lab-mysql"",""cpu"":""48.64%"",""mem"":""724.7MiB / 122.8GiB""},{""name"":""lab-woocommerce-mysql"",""cpu"":""0.73%"",""mem"":""511.8MiB / 122.8GiB""}]"
2026-09-10T13:47:05Z,3,1749,2,0,21,2668828339,"[{""name"":""lab-worker-1"",""cpu"":""5.72%"",""mem"":""136.5MiB / 122.8GiB""},{""name"":""lab-api"",""cpu"":""0.00%"",""mem"":""145.4MiB / 122.8GiB""},{""name"":""lab-allegro-stub"",""cpu"":""0.00%"",""mem"":""21.04MiB / 122.8GiB""},{""name"":""lab-erli-stub"",""cpu"":""0.00%"",""mem"":""18.05MiB / 122.8GiB""},{""name"":""lab-eparagony-stub"",""cpu"":""2.64%"",""mem"":""20.4MiB / 122.8GiB""},{""name"":""lab-invoicing-stub"",""cpu"":""0.00%"",""mem"":""16.6MiB / 122.8GiB""},{""name"":""lab-shipping-stub"",""cpu"":""0.00%"",""mem"":""16.58MiB / 122.8GiB""},{""name"":""lab-eparagony-stub-tls"",""cpu"":""0.00%"",""mem"":""23.3MiB / 122.8GiB""},{""name"":""lab-erli-stub-tls"",""cpu"":""0.00%"",""mem"":""22.67MiB / 122.8GiB""},{""name"":""lab-wc-tls"",""cpu"":""0.00%"",""mem"":""29.51MiB / 122.8GiB""},{""name"":""lab-prestashop"",""cpu"":""46.46%"",""mem"":""173.7MiB / 122.8GiB""},{""name"":""lab-woocommerce"",""cpu"":""0.00%"",""mem"":""294.6MiB / 122.8GiB""},{""name"":""lab-redis"",""cpu"":""0.74%"",""mem"":""81.01MiB / 122.8GiB""},{""name"":""lab-postgres"",""cpu"":""7.80%"",""mem"":""241.8MiB / 122.8GiB""},{""name"":""lab-mysql"",""cpu"":""53.69%"",""mem"":""724.5MiB / 122.8GiB""},{""name"":""lab-woocommerce-mysql"",""cpu"":""0.65%"",""mem"":""511.8MiB / 122.8GiB""}]"
2026-09-10T13:47:08Z,3,1748,1,0,24,2668828339,"[{""name"":""lab-worker-1"",""cpu"":""6.29%"",""mem"":""136MiB / 122.8GiB""},{""name"":""lab-api"",""cpu"":""0.00%"",""mem"":""145.4MiB / 122.8GiB""},{""name"":""lab-allegro-stub"",""cpu"":""0.00%"",""mem"":""21.04MiB / 122.8GiB""},{""name"":""lab-erli-stub"",""cpu"":""0.00%"",""mem"":""18.06MiB / 122.8GiB""},{""name"":""lab-eparagony-stub"",""cpu"":""0.00%"",""mem"":""20.37MiB / 122.8GiB""},{""name"":""lab-invoicing-stub"",""cpu"":""0.00%"",""mem"":""16.6MiB / 122.8GiB""},{""name"":""lab-shipping-stub"",""cpu"":""0.00%"",""mem"":""16.58MiB / 122.8GiB""},{""name"":""lab-eparagony-stub-tls"",""cpu"":""0.00%"",""mem"":""23.3MiB / 122.8GiB""},{""name"":""lab-erli-stub-tls"",""cpu"":""0.00%"",""mem"":""22.67MiB / 122.8GiB""},{""name"":""lab-wc-tls"",""cpu"":""0.00%"",""mem"":""29.51MiB / 122.8GiB""},{""name"":""lab-prestashop"",""cpu"":""44.12%"",""mem"":""171.7MiB / 122.8GiB""},{""name"":""lab-woocommerce"",""cpu"":""0.00%"",""mem"":""294.6MiB / 122.8GiB""},{""name"":""lab-redis"",""cpu"":""0.70%"",""mem"":""80.75MiB / 122.8GiB""},{""name"":""lab-postgres"",""cpu"":""2.63%"",""mem"":""241.7MiB / 122.8GiB""},{""name"":""lab-mysql"",""cpu"":""50.42%"",""mem"":""724.8MiB / 122.8GiB""},{""name"":""lab-woocommerce-mysql"",""cpu"":""4.24%"",""mem"":""512.1MiB / 122.8GiB""}]"
2026-09-10T13:47:12Z,3,1746,2,0,23,2668828339,"[{""name"":""lab-worker-1"",""cpu"":""5.47%"",""mem"":""135.9MiB / 122.8GiB""},{""name"":""lab-api"",""cpu"":""0.00%"",""mem"":""145.4MiB / 122.8GiB""},{""name"":""lab-allegro-stub"",""cpu"":""3.88%"",""mem"":""21.04MiB / 122.8GiB""},{""name"":""lab-erli-stub"",""cpu"":""0.01%"",""mem"":""18.06MiB / 122.8GiB""},{""name"":""lab-eparagony-stub"",""cpu"":""0.01%"",""mem"":""20.37MiB / 122.8GiB""},{""name"":""lab-invoicing-stub"",""cpu"":""3.96%"",""mem"":""16.6MiB / 122.8GiB""},{""name"":""lab-shipping-stub"",""cpu"":""4.21%"",""mem"":""16.58MiB / 122.8GiB""},{""name"":""lab-eparagony-stub-tls"",""cpu"":""0.00%"",""mem"":""23.3MiB / 122.8GiB""},{""name"":""lab-erli-stub-tls"",""cpu"":""0.00%"",""mem"":""22.67MiB / 122.8GiB""},{""name"":""lab-wc-tls"",""cpu"":""0.00%"",""mem"":""29.51MiB / 122.8GiB""},{""name"":""lab-prestashop"",""cpu"":""49.77%"",""mem"":""166.4MiB / 122.8GiB""},{""name"":""lab-woocommerce"",""cpu"":""0.00%"",""mem"":""294.6MiB / 122.8GiB""},{""name"":""lab-redis"",""cpu"":""0.64%"",""mem"":""80.75MiB / 122.8GiB""},{""name"":""lab-postgres"",""cpu"":""2.69%"",""mem"":""241.8MiB / 122.8GiB""},{""name"":""lab-mysql"",""cpu"":""48.56%"",""mem"":""724.4MiB / 122.8GiB""},{""name"":""lab-woocommerce-mysql"",""cpu"":""0.68%"",""mem"":""511.8MiB / 122.8GiB""}]"
2026-09-10T13:47:15Z,4,1745,1,0,26,2668828339,"[{""name"":""lab-worker-1"",""cpu"":""5.76%"",""mem"":""136MiB / 122.8GiB""},{""name"":""lab-api"",""cpu"":""0.00%"",""mem"":""145.4MiB / 122.8GiB""},{""name"":""lab-allegro-stub"",""cpu"":""0.00%"",""mem"":""21.04MiB / 122.8GiB""},{""name"":""lab-erli-stub"",""cpu"":""0.00%"",""mem"":""18.05MiB / 122.8GiB""},{""name"":""lab-eparagony-stub"",""cpu"":""0.00%"",""mem"":""20.37MiB / 122.8GiB""},{""name"":""lab-invoicing-stub"",""cpu"":""0.00%"",""mem"":""16.6MiB / 122.8GiB""},{""name"":""lab-shipping-stub"",""cpu"":""0.00%"",""mem"":""16.58MiB / 122.8GiB""},{""name"":""lab-eparagony-stub-tls"",""cpu"":""0.00%"",""mem"":""23.3MiB / 122.8GiB""},{""name"":""lab-erli-stub-tls"",""cpu"":""0.00%"",""mem"":""22.67MiB / 122.8GiB""},{""name"":""lab-wc-tls"",""cpu"":""0.00%"",""mem"":""29.51MiB / 122.8GiB""},{""name"":""lab-prestashop"",""cpu"":""42.89%"",""mem"":""169.7MiB / 122.8GiB""},{""name"":""lab-woocommerce"",""cpu"":""13.91%"",""mem"":""294.7MiB / 122.8GiB""},{""name"":""lab-redis"",""cpu"":""0.78%"",""mem"":""80.74MiB / 122.8GiB""},{""name"":""lab-postgres"",""cpu"":""1.94%"",""mem"":""241.7MiB / 122.8GiB""},{""name"":""lab-mysql"",""cpu"":""52.99%"",""mem"":""724.7MiB / 122.8GiB""},{""name"":""lab-woocommerce-mysql"",""cpu"":""1.97%"",""mem"":""511.8MiB / 122.8GiB""}]"
2026-09-10T13:47:18Z,3,1745,2,0,26,2668828339,"[{""name"":""lab-worker-1"",""cpu"":""3.61%"",""mem"":""136.4MiB / 122.8GiB""},{""name"":""lab-api"",""cpu"":""0.00%"",""mem"":""145.4MiB / 122.8GiB""},{""name"":""lab-allegro-stub"",""cpu"":""0.00%"",""mem"":""21.04MiB / 122.8GiB""},{""name"":""lab-erli-stub"",""cpu"":""0.00%"",""mem"":""18.05MiB / 122.8GiB""},{""name"":""lab-eparagony-stub"",""cpu"":""0.00%"",""mem"":""20.37MiB / 122.8GiB""},{""name"":""lab-invoicing-stub"",""cpu"":""0.00%"",""mem"":""16.6MiB / 122.8GiB""},{""name"":""lab-shipping-stub"",""cpu"":""0.00%"",""mem"":""16.58MiB / 122.8GiB""},{""name"":""lab-eparagony-stub-tls"",""cpu"":""0.00%"",""mem"":""23.3MiB / 122.8GiB""},{""name"":""lab-erli-stub-tls"",""cpu"":""0.00%"",""mem"":""22.67MiB / 122.8GiB""},{""name"":""lab-wc-tls"",""cpu"":""0.00%"",""mem"":""29.51MiB / 122.8GiB""},{""name"":""lab-prestashop"",""cpu"":""43.87%"",""mem"":""171.7MiB / 122.8GiB""},{""name"":""lab-woocommerce"",""cpu"":""0.01%"",""mem"":""294.6MiB / 122.8GiB""},{""name"":""lab-redis"",""cpu"":""0.78%"",""mem"":""80.73MiB / 122.8GiB""},{""name"":""lab-postgres"",""cpu"":""0.56%"",""mem"":""241.8MiB / 122.8GiB""},{""name"":""lab-mysql"",""cpu"":""51.05%"",""mem"":""724.7MiB / 122.8GiB""},{""name"":""lab-woocommerce-mysql"",""cpu"":""0.68%"",""mem"":""511.8MiB / 122.8GiB""}]"
2026-09-10T13:47:21Z,3,1745,2,0,26,2668828339,"[{""name"":""lab-worker-1"",""cpu"":""3.19%"",""mem"":""136.2MiB / 122.8GiB""},{""name"":""lab-api"",""cpu"":""0.01%"",""mem"":""145.4MiB / 122.8GiB""},{""name"":""lab-allegro-stub"",""cpu"":""0.00%"",""mem"":""21.04MiB / 122.8GiB""},{""name"":""lab-erli-stub"",""cpu"":""4.23%"",""mem"":""18.06MiB / 122.8GiB""},{""name"":""lab-eparagony-stub"",""cpu"":""4.11%"",""mem"":""20.38MiB / 122.8GiB""},{""name"":""lab-invoicing-stub"",""cpu"":""0.00%"",""mem"":""16.6MiB / 122.8GiB""},{""name"":""lab-shipping-stub"",""cpu"":""0.00%"",""mem"":""16.58MiB / 122.8GiB""},{""name"":""lab-eparagony-stub-tls"",""cpu"":""0.00%"",""mem"":""23.3MiB / 122.8GiB""},{""name"":""lab-erli-stub-tls"",""cpu"":""0.00%"",""mem"":""22.67MiB / 122.8GiB""},{""name"":""lab-wc-tls"",""cpu"":""0.00%"",""mem"":""29.51MiB / 122.8GiB""},{""name"":""lab-prestashop"",""cpu"":""45.12%"",""mem"":""165.7MiB / 122.8GiB""},{""name"":""lab-woocommerce"",""cpu"":""0.00%"",""mem"":""294.6MiB / 122.8GiB""},{""name"":""lab-redis"",""cpu"":""0.71%"",""mem"":""80.73MiB / 122.8GiB""},{""name"":""lab-postgres"",""cpu"":""0.74%"",""mem"":""241.8MiB / 122.8GiB""},{""name"":""lab-mysql"",""cpu"":""49.30%"",""mem"":""724.4MiB / 122.8GiB""},{""name"":""lab-woocommerce-mysql"",""cpu"":""0.85%"",""mem"":""511.8MiB / 122.8GiB""}]"
2026-09-10T13:47:24Z,3,1745,1,0,25,2668828339,"[{""name"":""lab-worker-1"",""cpu"":""2.96%"",""mem"":""136.1MiB / 122.8GiB""},{""name"":""lab-api"",""cpu"":""0.00%"",""mem"":""145.4MiB / 122.8GiB""},{""name"":""lab-allegro-stub"",""cpu"":""0.00%"",""mem"":""21.04MiB / 122.8GiB""},{""name"":""lab-erli-stub"",""cpu"":""0.00%"",""mem"":""18.05MiB / 122.8GiB""},{""name"":""lab-eparagony-stub"",""cpu"":""0.00%"",""mem"":""20.37MiB / 122.8GiB""},{""name"":""lab-invoicing-stub"",""cpu"":""0.00%"",""mem"":""16.6MiB / 122.8GiB""},{""name"":""lab-shipping-stub"",""cpu"":""0.00%"",""mem"":""16.58MiB / 122.8GiB""},{""name"":""lab-eparagony-stub-tls"",""cpu"":""0.00%"",""mem"":""23.3MiB / 122.8GiB""},{""name"":""lab-erli-stub-tls"",""cpu"":""0.00%"",""mem"":""22.67MiB / 122.8GiB""},{""name"":""lab-wc-tls"",""cpu"":""0.00%"",""mem"":""29.51MiB / 122.8GiB""},{""name"":""lab-prestashop"",""cpu"":""44.90%"",""mem"":""169.8MiB / 122.8GiB""},{""name"":""lab-woocommerce"",""cpu"":""0.01%"",""mem"":""294.6MiB / 122.8GiB""},{""name"":""lab-redis"",""cpu"":""0.81%"",""mem"":""80.71MiB / 122.8GiB""},{""name"":""lab-postgres"",""cpu"":""0.73%"",""mem"":""241.7MiB / 122.8GiB""},{""name"":""lab-mysql"",""cpu"":""50.69%"",""mem"":""724.7MiB / 122.8GiB""},{""name"":""lab-woocommerce-mysql"",""cpu"":""0.79%"",""mem"":""511.8MiB / 122.8GiB""}]"
2026-09-10T13:47:27Z,3,1745,1,0,27,2668828339,"[{""name"":""lab-worker-1"",""cpu"":""3.04%"",""mem"":""135.9MiB / 122.8GiB""},{""name"":""lab-api"",""cpu"":""0.00%"",""mem"":""145.4MiB / 122.8GiB""},{""name"":""lab-allegro-stub"",""cpu"":""0.02%"",""mem"":""21.04MiB / 122.8GiB""},{""name"":""lab-erli-stub"",""cpu"":""0.01%"",""mem"":""18.05MiB / 122.8GiB""},{""name"":""lab-eparagony-stub"",""cpu"":""0.01%"",""mem"":""20.37MiB / 122.8GiB""},{""name"":""lab-invoicing-stub"",""cpu"":""0.01%"",""mem"":""16.6MiB / 122.8GiB""},{""name"":""lab-shipping-stub"",""cpu"":""0.01%"",""mem"":""16.58MiB / 122.8GiB""},{""name"":""lab-eparagony-stub-tls"",""cpu"":""0.00%"",""mem"":""23.3MiB / 122.8GiB""},{""name"":""lab-erli-stub-tls"",""cpu"":""0.00%"",""mem"":""22.67MiB / 122.8GiB""},{""name"":""lab-wc-tls"",""cpu"":""0.00%"",""mem"":""29.51MiB / 122.8GiB""},{""name"":""lab-prestashop"",""cpu"":""43.77%"",""mem"":""172MiB / 122.8GiB""},{""name"":""lab-woocommerce"",""cpu"":""0.01%"",""mem"":""294.6MiB / 122.8GiB""},{""name"":""lab-redis"",""cpu"":""0.76%"",""mem"":""80.71MiB / 122.8GiB""},{""name"":""lab-postgres"",""cpu"":""0.70%"",""mem"":""241.8MiB / 122.8GiB""},{""name"":""lab-mysql"",""cpu"":""50.33%"",""mem"":""724.7MiB / 122.8GiB""},{""name"":""lab-woocommerce-mysql"",""cpu"":""0.69%"",""mem"":""511.8MiB / 122.8GiB""}]"
2026-09-10T13:47:30Z,3,1745,1,0,26,2668828339,"[{""name"":""lab-worker-1"",""cpu"":""3.54%"",""mem"":""136.1MiB / 122.8GiB""},{""name"":""lab-api"",""cpu"":""0.00%"",""mem"":""145.4MiB / 122.8GiB""},{""name"":""lab-allegro-stub"",""cpu"":""0.00%"",""mem"":""21.04MiB / 122.8GiB""},{""name"":""lab-erli-stub"",""cpu"":""0.00%"",""mem"":""18.05MiB / 122.8GiB""},{""name"":""lab-eparagony-stub"",""cpu"":""4.00%"",""mem"":""20.39MiB / 122.8GiB""},{""name"":""lab-invoicing-stub"",""cpu"":""0.00%"",""mem"":""16.6MiB / 122.8GiB""},{""name"":""lab-shipping-stub"",""cpu"":""0.00%"",""mem"":""16.58MiB / 122.8GiB""},{""name"":""lab-eparagony-stub-tls"",""cpu"":""0.00%"",""mem"":""23.3MiB / 122.8GiB""},{""name"":""lab-erli-stub-tls"",""cpu"":""0.00%"",""mem"":""22.67MiB / 122.8GiB""},{""name"":""lab-wc-tls"",""cpu"":""0.00%"",""mem"":""29.51MiB / 122.8GiB""},{""name"":""lab-prestashop"",""cpu"":""42.85%"",""mem"":""170MiB / 122.8GiB""},{""name"":""lab-woocommerce"",""cpu"":""0.01%"",""mem"":""294.6MiB / 122.8GiB""},{""name"":""lab-redis"",""cpu"":""0.82%"",""mem"":""80.95MiB / 122.8GiB""},{""name"":""lab-postgres"",""cpu"":""0.69%"",""mem"":""241.7MiB / 122.8GiB""},{""name"":""lab-mysql"",""cpu"":""49.95%"",""mem"":""724.4MiB / 122.8GiB""},{""name"":""lab-woocommerce-mysql"",""cpu"":""0.68%"",""mem"":""511.8MiB / 122.8GiB""}]"
2026-09-10T13:47:33Z,3,1745,1,0,26,2668828339,"[{""name"":""lab-worker-1"",""cpu"":""3.27%"",""mem"":""135.9MiB / 122.8GiB""},{""name"":""lab-api"",""cpu"":""0.00%"",""mem"":""145.4MiB / 122.8GiB""},{""name"":""lab-allegro-stub"",""cpu"":""0.00%"",""mem"":""21.04MiB / 122.8GiB""},{""name"":""lab-erli-stub"",""cpu"":""0.00%"",""mem"":""18.05MiB / 122.8GiB""},{""name"":""lab-eparagony-stub"",""cpu"":""0.00%"",""mem"":""20.37MiB / 122.8GiB""},{""name"":""lab-invoicing-stub"",""cpu"":""0.00%"",""mem"":""16.6MiB / 122.8GiB""},{""name"":""lab-shipping-stub"",""cpu"":""0.00%"",""mem"":""16.58MiB / 122.8GiB""},{""name"":""lab-eparagony-stub-tls"",""cpu"":""0.00%"",""mem"":""23.3MiB / 122.8GiB""},{""name"":""lab-erli-stub-tls"",""cpu"":""0.00%"",""mem"":""22.67MiB / 122.8GiB""},{""name"":""lab-wc-tls"",""cpu"":""0.00%"",""mem"":""29.51MiB / 122.8GiB""},{""name"":""lab-prestashop"",""cpu"":""44.03%"",""mem"":""169.8MiB / 122.8GiB""},{""name"":""lab-woocommerce"",""cpu"":""0.01%"",""mem"":""294.6MiB / 122.8GiB""},{""name"":""lab-redis"",""cpu"":""4.77%"",""mem"":""80.96MiB / 122.8GiB""},{""name"":""lab-postgres"",""cpu"":""0.76%"",""mem"":""241.7MiB / 122.8GiB""},{""name"":""lab-mysql"",""cpu"":""53.59%"",""mem"":""724.4MiB / 122.8GiB""},{""name"":""lab-woocommerce-mysql"",""cpu"":""0.68%"",""mem"":""511.8MiB / 122.8GiB""}]"
2026-09-10T13:47:36Z,3,1747,1,0,24,2668828339,"[{""name"":""lab-worker-1"",""cpu"":""3.02%"",""mem"":""136MiB / 122.8GiB""},{""name"":""lab-api"",""cpu"":""0.00%"",""mem"":""145.4MiB / 122.8GiB""},{""name"":""lab-allegro-stub"",""cpu"":""3.92%"",""mem"":""21.05MiB / 122.8GiB""},{""name"":""lab-erli-stub"",""cpu"":""4.03%"",""mem"":""18.06MiB / 122.8GiB""},{""name"":""lab-eparagony-stub"",""cpu"":""0.01%"",""mem"":""20.38MiB / 122.8GiB""},{""name"":""lab-invoicing-stub"",""cpu"":""2.99%"",""mem"":""16.61MiB / 122.8GiB""},{""name"":""lab-shipping-stub"",""cpu"":""3.77%"",""mem"":""16.59MiB / 122.8GiB""},{""name"":""lab-eparagony-stub-tls"",""cpu"":""0.00%"",""mem"":""23.3MiB / 122.8GiB""},{""name"":""lab-erli-stub-tls"",""cpu"":""0.00%"",""mem"":""22.67MiB / 122.8GiB""},{""name"":""lab-wc-tls"",""cpu"":""0.00%"",""mem"":""29.51MiB / 122.8GiB""},{""name"":""lab-prestashop"",""cpu"":""49.81%"",""mem"":""176.3MiB / 122.8GiB""},{""name"":""lab-woocommerce"",""cpu"":""0.00%"",""mem"":""294.6MiB / 122.8GiB""},{""name"":""lab-redis"",""cpu"":""0.73%"",""mem"":""80.68MiB / 122.8GiB""},{""name"":""lab-postgres"",""cpu"":""0.75%"",""mem"":""241.7MiB / 122.8GiB""},{""name"":""lab-mysql"",""cpu"":""48.20%"",""mem"":""724.4MiB / 122.8GiB""},{""name"":""lab-woocommerce-mysql"",""cpu"":""0.71%"",""mem"":""511.8MiB / 122.8GiB""}]"
2026-09-10T13:47:40Z,3,1749,0,0,23,2668828339,"[{""name"":""lab-worker-1"",""cpu"":""3.35%"",""mem"":""136MiB / 122.8GiB""},{""name"":""lab-api"",""cpu"":""0.00%"",""mem"":""145.4MiB / 122.8GiB""},{""name"":""lab-allegro-stub"",""cpu"":""0.00%"",""mem"":""21.04MiB / 122.8GiB""},{""name"":""lab-erli-stub"",""cpu"":""0.00%"",""mem"":""18.05MiB / 122.8GiB""},{""name"":""lab-eparagony-stub"",""cpu"":""0.00%"",""mem"":""20.38MiB / 122.8GiB""},{""name"":""lab-invoicing-stub"",""cpu"":""0.00%"",""mem"":""16.6MiB / 122.8GiB""},{""name"":""lab-shipping-stub"",""cpu"":""0.00%"",""mem"":""16.58MiB / 122.8GiB""},{""name"":""lab-eparagony-stub-tls"",""cpu"":""0.00%"",""mem"":""23.3MiB / 122.8GiB""},{""name"":""lab-erli-stub-tls"",""cpu"":""0.00%"",""mem"":""22.67MiB / 122.8GiB""},{""name"":""lab-wc-tls"",""cpu"":""0.00%"",""mem"":""29.51MiB / 122.8GiB""},{""name"":""lab-prestashop"",""cpu"":""46.11%"",""mem"":""169.9MiB / 122.8GiB""},{""name"":""lab-woocommerce"",""cpu"":""0.00%"",""mem"":""294.6MiB / 122.8GiB""},{""name"":""lab-redis"",""cpu"":""0.77%"",""mem"":""80.66MiB / 122.8GiB""},{""name"":""lab-postgres"",""cpu"":""0.75%"",""mem"":""241.8MiB / 122.8GiB""},{""name"":""lab-mysql"",""cpu"":""49.32%"",""mem"":""724.5MiB / 122.8GiB""},{""name"":""lab-woocommerce-mysql"",""cpu"":""4.73%"",""mem"":""511.8MiB / 122.8GiB""}]"
2026-09-10T13:47:43Z,4,1749,0,0,22,2668836531,"[{""name"":""lab-worker-1"",""cpu"":""3.59%"",""mem"":""136MiB / 122.8GiB""},{""name"":""lab-api"",""cpu"":""0.00%"",""mem"":""145.4MiB / 122.8GiB""},{""name"":""lab-allegro-stub"",""cpu"":""0.00%"",""mem"":""21.04MiB / 122.8GiB""},{""name"":""lab-erli-stub"",""cpu"":""0.01%"",""mem"":""18.06MiB / 122.8GiB""},{""name"":""lab-eparagony-stub"",""cpu"":""0.00%"",""mem"":""20.37MiB / 122.8GiB""},{""name"":""lab-invoicing-stub"",""cpu"":""0.00%"",""mem"":""16.6MiB / 122.8GiB""},{""name"":""lab-shipping-stub"",""cpu"":""0.00%"",""mem"":""16.58MiB / 122.8GiB""},{""name"":""lab-eparagony-stub-tls"",""cpu"":""0.00%"",""mem"":""23.3MiB / 122.8GiB""},{""name"":""lab-erli-stub-tls"",""cpu"":""0.00%"",""mem"":""22.67MiB / 122.8GiB""},{""name"":""lab-wc-tls"",""cpu"":""0.00%"",""mem"":""29.51MiB / 122.8GiB""},{""name"":""lab-prestashop"",""cpu"":""44.50%"",""mem"":""163.9MiB / 122.8GiB""},{""name"":""lab-woocommerce"",""cpu"":""0.00%"",""mem"":""294.6MiB / 122.8GiB""},{""name"":""lab-redis"",""cpu"":""0.70%"",""mem"":""80.66MiB / 122.8GiB""},{""name"":""lab-postgres"",""cpu"":""1.84%"",""mem"":""241.8MiB / 122.8GiB""},{""name"":""lab-mysql"",""cpu"":""50.83%"",""mem"":""724.5MiB / 122.8GiB""},{""name"":""lab-woocommerce-mysql"",""cpu"":""0.72%"",""mem"":""511.8MiB / 122.8GiB""}]"
2026-09-10T13:47:46Z,3,1752,0,0,20,2668836531,"[{""name"":""lab-worker-1"",""cpu"":""2.92%"",""mem"":""136.1MiB / 122.8GiB""},{""name"":""lab-api"",""cpu"":""0.00%"",""mem"":""145.4MiB / 122.8GiB""},{""name"":""lab-allegro-stub"",""cpu"":""0.00%"",""mem"":""21.04MiB / 122.8GiB""},{""name"":""lab-erli-stub"",""cpu"":""4.26%"",""mem"":""18.33MiB / 122.8GiB""},{""name"":""lab-eparagony-stub"",""cpu"":""4.26%"",""mem"":""20.37MiB / 122.8GiB""},{""name"":""lab-invoicing-stub"",""cpu"":""0.00%"",""mem"":""16.6MiB / 122.8GiB""},{""name"":""lab-shipping-stub"",""cpu"":""0.00%"",""mem"":""16.58MiB / 122.8GiB""},{""name"":""lab-eparagony-stub-tls"",""cpu"":""0.00%"",""mem"":""23.3MiB / 122.8GiB""},{""name"":""lab-erli-stub-tls"",""cpu"":""0.00%"",""mem"":""22.67MiB / 122.8GiB""},{""name"":""lab-wc-tls"",""cpu"":""0.00%"",""mem"":""29.51MiB / 122.8GiB""},{""name"":""lab-prestashop"",""cpu"":""46.96%"",""mem"":""175.9MiB / 122.8GiB""},{""name"":""lab-woocommerce"",""cpu"":""0.01%"",""mem"":""294.6MiB / 122.8GiB""},{""name"":""lab-redis"",""cpu"":""0.74%"",""mem"":""80.91MiB / 122.8GiB""},{""name"":""lab-postgres"",""cpu"":""5.89%"",""mem"":""241.8MiB / 122.8GiB""},{""name"":""lab-mysql"",""cpu"":""54.30%"",""mem"":""724.5MiB / 122.8GiB""},{""name"":""lab-woocommerce-mysql"",""cpu"":""0.77%"",""mem"":""511.8MiB / 122.8GiB""}]"
2026-09-10T13:47:49Z,3,1752,0,0,20,2668836531,"[{""name"":""lab-worker-1"",""cpu"":""3.40%"",""mem"":""136.2MiB / 122.8GiB""},{""name"":""lab-api"",""cpu"":""0.00%"",""mem"":""145.4MiB / 122.8GiB""},{""name"":""lab-allegro-stub"",""cpu"":""0.00%"",""mem"":""21.04MiB / 122.8GiB""},{""name"":""lab-erli-stub"",""cpu"":""0.00%"",""mem"":""18.06MiB / 122.8GiB""},{""name"":""lab-eparagony-stub"",""cpu"":""0.00%"",""mem"":""20.37MiB / 122.8GiB""},{""name"":""lab-invoicing-stub"",""cpu"":""0.00%"",""mem"":""16.6MiB / 122.8GiB""},{""name"":""lab-shipping-stub"",""cpu"":""0.00%"",""mem"":""16.58MiB / 122.8GiB""},{""name"":""lab-eparagony-stub-tls"",""cpu"":""0.00%"",""mem"":""23.3MiB / 122.8GiB""},{""name"":""lab-erli-stub-tls"",""cpu"":""0.00%"",""mem"":""22.67MiB / 122.8GiB""},{""name"":""lab-wc-tls"",""cpu"":""0.00%"",""mem"":""29.51MiB / 122.8GiB""},{""name"":""lab-prestashop"",""cpu"":""44.92%"",""mem"":""169.9MiB / 122.8GiB""},{""name"":""lab-woocommerce"",""cpu"":""0.01%"",""mem"":""294.6MiB / 122.8GiB""},{""name"":""lab-redis"",""cpu"":""0.71%"",""mem"":""80.89MiB / 122.8GiB""},{""name"":""lab-postgres"",""cpu"":""0.74%"",""mem"":""241.8MiB / 122.8GiB""},{""name"":""lab-mysql"",""cpu"":""48.75%"",""mem"":""724.4MiB / 122.8GiB""},{""name"":""lab-woocommerce-mysql"",""cpu"":""4.88%"",""mem"":""511.8MiB / 122.8GiB""}]"
2026-09-10T13:47:52Z,3,1751,1,0,20,2668836531,"[{""name"":""lab-worker-1"",""cpu"":""2.59%"",""mem"":""136.3MiB / 122.8GiB""},{""name"":""lab-api"",""cpu"":""0.00%"",""mem"":""145.4MiB / 122.8GiB""},{""name"":""lab-allegro-stub"",""cpu"":""4.22%"",""mem"":""21.06MiB / 122.8GiB""},{""name"":""lab-erli-stub"",""cpu"":""0.01%"",""mem"":""18.05MiB / 122.8GiB""},{""name"":""lab-eparagony-stub"",""cpu"":""0.00%"",""mem"":""20.37MiB / 122.8GiB""},{""name"":""lab-invoicing-stub"",""cpu"":""4.04%"",""mem"":""16.6MiB / 122.8GiB""},{""name"":""lab-shipping-stub"",""cpu"":""3.70%"",""mem"":""16.58MiB / 122.8GiB""},{""name"":""lab-eparagony-stub-tls"",""cpu"":""0.00%"",""mem"":""23.3MiB / 122.8GiB""},{""name"":""lab-erli-stub-tls"",""cpu"":""0.00%"",""mem"":""22.67MiB / 122.8GiB""},{""name"":""lab-wc-tls"",""cpu"":""0.00%"",""mem"":""29.51MiB / 122.8GiB""},{""name"":""lab-prestashop"",""cpu"":""45.68%"",""mem"":""170.5MiB / 122.8GiB""},{""name"":""lab-woocommerce"",""cpu"":""0.00%"",""mem"":""294.6MiB / 122.8GiB""},{""name"":""lab-redis"",""cpu"":""0.73%"",""mem"":""80.65MiB / 122.8GiB""},{""name"":""lab-postgres"",""cpu"":""0.74%"",""mem"":""241.7MiB / 122.8GiB""},{""name"":""lab-mysql"",""cpu"":""49.55%"",""mem"":""724.7MiB / 122.8GiB""},{""name"":""lab-woocommerce-mysql"",""cpu"":""0.70%"",""mem"":""511.8MiB / 122.8GiB""}]"
2026-09-10T13:47:55Z,3,1752,2,0,20,2668836531,"[{""name"":""lab-worker-1"",""cpu"":""2.73%"",""mem"":""136.3MiB / 122.8GiB""},{""name"":""lab-api"",""cpu"":""0.00%"",""mem"":""145.4MiB / 122.8GiB""},{""name"":""lab-allegro-stub"",""cpu"":""0.00%"",""mem"":""21.04MiB / 122.8GiB""},{""name"":""lab-erli-stub"",""cpu"":""0.00%"",""mem"":""18.05MiB / 122.8GiB""},{""name"":""lab-eparagony-stub"",""cpu"":""0.00%"",""mem"":""20.37MiB / 122.8GiB""},{""name"":""lab-invoicing-stub"",""cpu"":""0.00%"",""mem"":""16.6MiB / 122.8GiB""},{""name"":""lab-shipping-stub"",""cpu"":""0.00%"",""mem"":""16.58MiB / 122.8GiB""},{""name"":""lab-eparagony-stub-tls"",""cpu"":""0.00%"",""mem"":""23.3MiB / 122.8GiB""},{""name"":""lab-erli-stub-tls"",""cpu"":""0.00%"",""mem"":""22.67MiB / 122.8GiB""},{""name"":""lab-wc-tls"",""cpu"":""0.00%"",""mem"":""29.51MiB / 122.8GiB""},{""name"":""lab-prestashop"",""cpu"":""44.27%"",""mem"":""172MiB / 122.8GiB""},{""name"":""lab-woocommerce"",""cpu"":""0.01%"",""mem"":""294.6MiB / 122.8GiB""},{""name"":""lab-redis"",""cpu"":""0.76%"",""mem"":""80.63MiB / 122.8GiB""},{""name"":""lab-postgres"",""cpu"":""0.68%"",""mem"":""241.8MiB / 122.8GiB""},{""name"":""lab-mysql"",""cpu"":""51.42%"",""mem"":""724.7MiB / 122.8GiB""},{""name"":""lab-woocommerce-mysql"",""cpu"":""0.71%"",""mem"":""511.8MiB / 122.8GiB""}]"
2026-09-10T13:47:58Z,3,1752,2,0,20,2668836531,"[{""name"":""lab-worker-1"",""cpu"":""3.10%"",""mem"":""135.9MiB / 122.8GiB""},{""name"":""lab-api"",""cpu"":""0.00%"",""mem"":""145.4MiB / 122.8GiB""},{""name"":""lab-allegro-stub"",""cpu"":""0.00%"",""mem"":""21.04MiB / 122.8GiB""},{""name"":""lab-erli-stub"",""cpu"":""0.00%"",""mem"":""18.06MiB / 122.8GiB""},{""name"":""lab-eparagony-stub"",""cpu"":""0.00%"",""mem"":""20.37MiB / 122.8GiB""},{""name"":""lab-invoicing-stub"",""cpu"":""0.00%"",""mem"":""16.6MiB / 122.8GiB""},{""name"":""lab-shipping-stub"",""cpu"":""0.00%"",""mem"":""16.58MiB / 122.8GiB""},{""name"":""lab-eparagony-stub-tls"",""cpu"":""0.00%"",""mem"":""23.3MiB / 122.8GiB""},{""name"":""lab-erli-stub-tls"",""cpu"":""0.00%"",""mem"":""22.67MiB / 122.8GiB""},{""name"":""lab-wc-tls"",""cpu"":""0.00%"",""mem"":""29.51MiB / 122.8GiB""},{""name"":""lab-prestashop"",""cpu"":""43.70%"",""mem"":""172.2MiB / 122.8GiB""},{""name"":""lab-woocommerce"",""cpu"":""0.01%"",""mem"":""294.6MiB / 122.8GiB""},{""name"":""lab-redis"",""cpu"":""0.65%"",""mem"":""80.61MiB / 122.8GiB""},{""name"":""lab-postgres"",""cpu"":""0.79%"",""mem"":""241.8MiB / 122.8GiB""},{""name"":""lab-mysql"",""cpu"":""49.53%"",""mem"":""724.5MiB / 122.8GiB""},{""name"":""lab-woocommerce-mysql"",""cpu"":""0.74%"",""mem"":""511.8MiB / 122.8GiB""}]"
2026-09-10T13:48:01Z,3,1750,2,0,20,2668844723,"[{""name"":""lab-worker-1"",""cpu"":""4.32%"",""mem"":""136.2MiB / 122.8GiB""},{""name"":""lab-api"",""cpu"":""0.00%"",""mem"":""145.4MiB / 122.8GiB""},{""name"":""lab-allegro-stub"",""cpu"":""1.14%"",""mem"":""25.35MiB / 122.8GiB""},{""name"":""lab-erli-stub"",""cpu"":""4.46%"",""mem"":""18.06MiB / 122.8GiB""},{""name"":""lab-eparagony-stub"",""cpu"":""3.90%"",""mem"":""20.37MiB / 122.8GiB""},{""name"":""lab-invoicing-stub"",""cpu"":""3.68%"",""mem"":""16.68MiB / 122.8GiB""},{""name"":""lab-shipping-stub"",""cpu"":""2.26%"",""mem"":""23.63MiB / 122.8GiB""},{""name"":""lab-eparagony-stub-tls"",""cpu"":""0.00%"",""mem"":""23.3MiB / 122.8GiB""},{""name"":""lab-erli-stub-tls"",""cpu"":""0.00%"",""mem"":""22.67MiB / 122.8GiB""},{""name"":""lab-wc-tls"",""cpu"":""0.00%"",""mem"":""29.51MiB / 122.8GiB""},{""name"":""lab-prestashop"",""cpu"":""44.61%"",""mem"":""174MiB / 122.8GiB""},{""name"":""lab-woocommerce"",""cpu"":""0.01%"",""mem"":""294.6MiB / 122.8GiB""},{""name"":""lab-redis"",""cpu"":""0.76%"",""mem"":""80.61MiB / 122.8GiB""},{""name"":""lab-postgres"",""cpu"":""1.70%"",""mem"":""241.7MiB / 122.8GiB""},{""name"":""lab-mysql"",""cpu"":""51.45%"",""mem"":""724.5MiB / 122.8GiB""},{""name"":""lab-woocommerce-mysql"",""cpu"":""0.67%"",""mem"":""511.8MiB / 122.8GiB""}]"
2026-09-10T13:48:05Z,3,1751,1,0,20,2668844723,"[{""name"":""lab-worker-1"",""cpu"":""6.62%"",""mem"":""136.5MiB / 122.8GiB""},{""name"":""lab-api"",""cpu"":""0.00%"",""mem"":""145.4MiB / 122.8GiB""},{""name"":""lab-allegro-stub"",""cpu"":""0.00%"",""mem"":""21.04MiB / 122.8GiB""},{""name"":""lab-erli-stub"",""cpu"":""0.00%"",""mem"":""18.05MiB / 122.8GiB""},{""name"":""lab-eparagony-stub"",""cpu"":""0.00%"",""mem"":""20.37MiB / 122.8GiB""},{""name"":""lab-invoicing-stub"",""cpu"":""0.00%"",""mem"":""16.6MiB / 122.8GiB""},{""name"":""lab-shipping-stub"",""cpu"":""0.00%"",""mem"":""16.58MiB / 122.8GiB""},{""name"":""lab-eparagony-stub-tls"",""cpu"":""0.00%"",""mem"":""23.3MiB / 122.8GiB""},{""name"":""lab-erli-stub-tls"",""cpu"":""0.00%"",""mem"":""22.67MiB / 122.8GiB""},{""name"":""lab-wc-tls"",""cpu"":""0.00%"",""mem"":""29.51MiB / 122.8GiB""},{""name"":""lab-prestashop"",""cpu"":""42.84%"",""mem"":""166MiB / 122.8GiB""},{""name"":""lab-woocommerce"",""cpu"":""0.01%"",""mem"":""294.6MiB / 122.8GiB""},{""name"":""lab-redis"",""cpu"":""0.71%"",""mem"":""80.62MiB / 122.8GiB""},{""name"":""lab-postgres"",""cpu"":""2.17%"",""mem"":""241.8MiB / 122.8GiB""},{""name"":""lab-mysql"",""cpu"":""49.09%"",""mem"":""724.5MiB / 122.8GiB""},{""name"":""lab-woocommerce-mysql"",""cpu"":""0.80%"",""mem"":""511.8MiB / 122.8GiB""}]"
2026-09-10T13:48:08Z,4,1750,2,0,20,2668852915,"[{""name"":""lab-worker-1"",""cpu"":""3.08%"",""mem"":""136.1MiB / 122.8GiB""},{""name"":""lab-api"",""cpu"":""0.00%"",""mem"":""145.4MiB / 122.8GiB""},{""name"":""lab-allegro-stub"",""cpu"":""0.00%"",""mem"":""21.04MiB / 122.8GiB""},{""name"":""lab-erli-stub"",""cpu"":""0.00%"",""mem"":""18.06MiB / 122.8GiB""},{""name"":""lab-eparagony-stub"",""cpu"":""0.00%"",""mem"":""20.37MiB / 122.8GiB""},{""name"":""lab-invoicing-stub"",""cpu"":""0.00%"",""mem"":""16.6MiB / 122.8GiB""},{""name"":""lab-shipping-stub"",""cpu"":""0.00%"",""mem"":""16.58MiB / 122.8GiB""},{""name"":""lab-eparagony-stub-tls"",""cpu"":""0.00%"",""mem"":""23.3MiB / 122.8GiB""},{""name"":""lab-erli-stub-tls"",""cpu"":""0.00%"",""mem"":""22.67MiB / 122.8GiB""},{""name"":""lab-wc-tls"",""cpu"":""0.00%"",""mem"":""29.51MiB / 122.8GiB""},{""name"":""lab-prestashop"",""cpu"":""46.55%"",""mem"":""172.1MiB / 122.8GiB""},{""name"":""lab-woocommerce"",""cpu"":""0.00%"",""mem"":""294.6MiB / 122.8GiB""},{""name"":""lab-redis"",""cpu"":""0.72%"",""mem"":""80.61MiB / 122.8GiB""},{""name"":""lab-postgres"",""cpu"":""0.73%"",""mem"":""241.8MiB / 122.8GiB""},{""name"":""lab-mysql"",""cpu"":""49.52%"",""mem"":""724.7MiB / 122.8GiB""},{""name"":""lab-woocommerce-mysql"",""cpu"":""0.71%"",""mem"":""511.8MiB / 122.8GiB""}]"
2026-09-10T13:48:11Z,3,1750,2,0,20,2668852915,"[{""name"":""lab-worker-1"",""cpu"":""5.54%"",""mem"":""136.2MiB / 122.8GiB""},{""name"":""lab-api"",""cpu"":""0.00%"",""mem"":""145.4MiB / 122.8GiB""},{""name"":""lab-allegro-stub"",""cpu"":""0.00%"",""mem"":""21.04MiB / 122.8GiB""},{""name"":""lab-erli-stub"",""cpu"":""0.00%"",""mem"":""18.05MiB / 122.8GiB""},{""name"":""lab-eparagony-stub"",""cpu"":""4.21%"",""mem"":""20.41MiB / 122.8GiB""},{""name"":""lab-invoicing-stub"",""cpu"":""0.00%"",""mem"":""16.6MiB / 122.8GiB""},{""name"":""lab-shipping-stub"",""cpu"":""0.00%"",""mem"":""16.58MiB / 122.8GiB""},{""name"":""lab-eparagony-stub-tls"",""cpu"":""0.00%"",""mem"":""23.3MiB / 122.8GiB""},{""name"":""lab-erli-stub-tls"",""cpu"":""0.00%"",""mem"":""22.67MiB / 122.8GiB""},{""name"":""lab-wc-tls"",""cpu"":""0.00%"",""mem"":""29.51MiB / 122.8GiB""},{""name"":""lab-prestashop"",""cpu"":""44.54%"",""mem"":""172.1MiB / 122.8GiB""},{""name"":""lab-woocommerce"",""cpu"":""0.01%"",""mem"":""294.6MiB / 122.8GiB""},{""name"":""lab-redis"",""cpu"":""0.73%"",""mem"":""80.62MiB / 122.8GiB""},{""name"":""lab-postgres"",""cpu"":""4.78%"",""mem"":""241.3MiB / 122.8GiB""},{""name"":""lab-mysql"",""cpu"":""49.01%"",""mem"":""724.8MiB / 122.8GiB""},{""name"":""lab-woocommerce-mysql"",""cpu"":""0.69%"",""mem"":""511.8MiB / 122.8GiB""}]"
2026-09-10T13:48:14Z,3,1750,2,0,20,2668852915,"[{""name"":""lab-worker-1"",""cpu"":""9.97%"",""mem"":""136.2MiB / 122.8GiB""},{""name"":""lab-api"",""cpu"":""0.00%"",""mem"":""145.4MiB / 122.8GiB""},{""name"":""lab-allegro-stub"",""cpu"":""0.00%"",""mem"":""21.04MiB / 122.8GiB""},{""name"":""lab-erli-stub"",""cpu"":""0.00%"",""mem"":""18.06MiB / 122.8GiB""},{""name"":""lab-eparagony-stub"",""cpu"":""0.00%"",""mem"":""20.37MiB / 122.8GiB""},{""name"":""lab-invoicing-stub"",""cpu"":""0.00%"",""mem"":""16.6MiB / 122.8GiB""},{""name"":""lab-shipping-stub"",""cpu"":""0.00%"",""mem"":""16.58MiB / 122.8GiB""},{""name"":""lab-eparagony-stub-tls"",""cpu"":""0.00%"",""mem"":""23.3MiB / 122.8GiB""},{""name"":""lab-erli-stub-tls"",""cpu"":""0.00%"",""mem"":""22.67MiB / 122.8GiB""},{""name"":""lab-wc-tls"",""cpu"":""0.00%"",""mem"":""29.51MiB / 122.8GiB""},{""name"":""lab-prestashop"",""cpu"":""36.55%"",""mem"":""172.1MiB / 122.8GiB""},{""name"":""lab-woocommerce"",""cpu"":""0.01%"",""mem"":""294.6MiB / 122.8GiB""},{""name"":""lab-redis"",""cpu"":""4.71%"",""mem"":""80.61MiB / 122.8GiB""},{""name"":""lab-postgres"",""cpu"":""5.19%"",""mem"":""241.8MiB / 122.8GiB""},{""name"":""lab-mysql"",""cpu"":""43.81%"",""mem"":""726.5MiB / 122.8GiB""},{""name"":""lab-woocommerce-mysql"",""cpu"":""0.80%"",""mem"":""511.8MiB / 122.8GiB""}]"
2026-09-10T13:48:17Z,3,1750,2,0,20,2668861107,"[{""name"":""lab-worker-1"",""cpu"":""5.13%"",""mem"":""136MiB / 122.8GiB""},{""name"":""lab-api"",""cpu"":""0.00%"",""mem"":""145.4MiB / 122.8GiB""},{""name"":""lab-allegro-stub"",""cpu"":""2.72%"",""mem"":""21.09MiB / 122.8GiB""},{""name"":""lab-erli-stub"",""cpu"":""4.10%"",""mem"":""18.07MiB / 122.8GiB""},{""name"":""lab-eparagony-stub"",""cpu"":""0.01%"",""mem"":""20.37MiB / 122.8GiB""},{""name"":""lab-invoicing-stub"",""cpu"":""4.13%"",""mem"":""16.61MiB / 122.8GiB""},{""name"":""lab-shipping-stub"",""cpu"":""3.97%"",""mem"":""16.59MiB / 122.8GiB""},{""name"":""lab-eparagony-stub-tls"",""cpu"":""0.00%"",""mem"":""23.3MiB / 122.8GiB""},{""name"":""lab-erli-stub-tls"",""cpu"":""0.00%"",""mem"":""22.67MiB / 122.8GiB""},{""name"":""lab-wc-tls"",""cpu"":""0.00%"",""mem"":""29.51MiB / 122.8GiB""},{""name"":""lab-prestashop"",""cpu"":""6.52%"",""mem"":""172MiB / 122.8GiB""},{""name"":""lab-woocommerce"",""cpu"":""0.01%"",""mem"":""294.6MiB / 122.8GiB""},{""name"":""lab-redis"",""cpu"":""0.61%"",""mem"":""80.62MiB / 122.8GiB""},{""name"":""lab-postgres"",""cpu"":""3.63%"",""mem"":""241.7MiB / 122.8GiB""},{""name"":""lab-mysql"",""cpu"":""7.26%"",""mem"":""726.7MiB / 122.8GiB""},{""name"":""lab-woocommerce-mysql"",""cpu"":""0.80%"",""mem"":""511.8MiB / 122.8GiB""}]"
2026-09-10T13:48:20Z,3,1750,2,0,20,2668861107,"[{""name"":""lab-worker-1"",""cpu"":""4.67%"",""mem"":""136.1MiB / 122.8GiB""},{""name"":""lab-api"",""cpu"":""0.00%"",""mem"":""145.4MiB / 122.8GiB""},{""name"":""lab-allegro-stub"",""cpu"":""0.00%"",""mem"":""21.05MiB / 122.8GiB""},{""name"":""lab-erli-stub"",""cpu"":""0.00%"",""mem"":""18.05MiB / 122.8GiB""},{""name"":""lab-eparagony-stub"",""cpu"":""0.00%"",""mem"":""20.37MiB / 122.8GiB""},{""name"":""lab-invoicing-stub"",""cpu"":""0.00%"",""mem"":""16.6MiB / 122.8GiB""},{""name"":""lab-shipping-stub"",""cpu"":""0.00%"",""mem"":""16.58MiB / 122.8GiB""},{""name"":""lab-eparagony-stub-tls"",""cpu"":""0.00%"",""mem"":""23.3MiB / 122.8GiB""},{""name"":""lab-erli-stub-tls"",""cpu"":""0.00%"",""mem"":""22.67MiB / 122.8GiB""},{""name"":""lab-wc-tls"",""cpu"":""0.00%"",""mem"":""29.51MiB / 122.8GiB""},{""name"":""lab-prestashop"",""cpu"":""6.43%"",""mem"":""172MiB / 122.8GiB""},{""name"":""lab-woocommerce"",""cpu"":""0.01%"",""mem"":""294.6MiB / 122.8GiB""},{""name"":""lab-redis"",""cpu"":""0.62%"",""mem"":""80.61MiB / 122.8GiB""},{""name"":""lab-postgres"",""cpu"":""2.74%"",""mem"":""241.9MiB / 122.8GiB""},{""name"":""lab-mysql"",""cpu"":""6.38%"",""mem"":""726.5MiB / 122.8GiB""},{""name"":""lab-woocommerce-mysql"",""cpu"":""1.02%"",""mem"":""511.8MiB / 122.8GiB""}]"
2026-09-10T13:48:23Z,3,1749,2,0,22,2668861107,"[{""name"":""lab-worker-1"",""cpu"":""4.49%"",""mem"":""136.1MiB / 122.8GiB""},{""name"":""lab-api"",""cpu"":""0.00%"",""mem"":""145.4MiB / 122.8GiB""},{""name"":""lab-allegro-stub"",""cpu"":""0.01%"",""mem"":""21.04MiB / 122.8GiB""},{""name"":""lab-erli-stub"",""cpu"":""0.00%"",""mem"":""18.05MiB / 122.8GiB""},{""name"":""lab-eparagony-stub"",""cpu"":""0.00%"",""mem"":""20.37MiB / 122.8GiB""},{""name"":""lab-invoicing-stub"",""cpu"":""0.01%"",""mem"":""16.6MiB / 122.8GiB""},{""name"":""lab-shipping-stub"",""cpu"":""0.01%"",""mem"":""16.58MiB / 122.8GiB""},{""name"":""lab-eparagony-stub-tls"",""cpu"":""0.00%"",""mem"":""23.3MiB / 122.8GiB""},{""name"":""lab-erli-stub-tls"",""cpu"":""0.00%"",""mem"":""22.67MiB / 122.8GiB""},{""name"":""lab-wc-tls"",""cpu"":""0.00%"",""mem"":""29.51MiB / 122.8GiB""},{""name"":""lab-prestashop"",""cpu"":""7.71%"",""mem"":""172MiB / 122.8GiB""},{""name"":""lab-woocommerce"",""cpu"":""0.00%"",""mem"":""294.6MiB / 122.8GiB""},{""name"":""lab-redis"",""cpu"":""4.76%"",""mem"":""82.09MiB / 122.8GiB""},{""name"":""lab-postgres"",""cpu"":""0.84%"",""mem"":""241.7MiB / 122.8GiB""},{""name"":""lab-mysql"",""cpu"":""8.30%"",""mem"":""726.7MiB / 122.8GiB""},{""name"":""lab-woocommerce-mysql"",""cpu"":""0.90%"",""mem"":""511.8MiB / 122.8GiB""}]"
2026-09-10T13:48:26Z,3,1748,1,0,23,2668861107,"[{""name"":""lab-worker-1"",""cpu"":""3.91%"",""mem"":""136MiB / 122.8GiB""},{""name"":""lab-api"",""cpu"":""0.00%"",""mem"":""145.4MiB / 122.8GiB""},{""name"":""lab-allegro-stub"",""cpu"":""0.01%"",""mem"":""21.04MiB / 122.8GiB""},{""name"":""lab-erli-stub"",""cpu"":""3.75%"",""mem"":""18.12MiB / 122.8GiB""},{""name"":""lab-eparagony-stub"",""cpu"":""4.48%"",""mem"":""20.37MiB / 122.8GiB""},{""name"":""lab-invoicing-stub"",""cpu"":""0.01%"",""mem"":""16.6MiB / 122.8GiB""},{""name"":""lab-shipping-stub"",""cpu"":""0.01%"",""mem"":""16.58MiB / 122.8GiB""},{""name"":""lab-eparagony-stub-tls"",""cpu"":""0.00%"",""mem"":""23.3MiB / 122.8GiB""},{""name"":""lab-erli-stub-tls"",""cpu"":""0.00%"",""mem"":""22.67MiB / 122.8GiB""},{""name"":""lab-wc-tls"",""cpu"":""0.00%"",""mem"":""29.51MiB / 122.8GiB""},{""name"":""lab-prestashop"",""cpu"":""7.78%"",""mem"":""166MiB / 122.8GiB""},{""name"":""lab-woocommerce"",""cpu"":""0.01%"",""mem"":""294.6MiB / 122.8GiB""},{""name"":""lab-redis"",""cpu"":""0.70%"",""mem"":""80.61MiB / 122.8GiB""},{""name"":""lab-postgres"",""cpu"":""6.82%"",""mem"":""241.8MiB / 122.8GiB""},{""name"":""lab-mysql"",""cpu"":""12.53%"",""mem"":""726.7MiB / 122.8GiB""},{""name"":""lab-woocommerce-mysql"",""cpu"":""0.88%"",""mem"":""511.8MiB / 122.8GiB""}]"
2026-09-10T13:48:29Z,3,1746,2,0,24,2668861107,"[{""name"":""lab-worker-1"",""cpu"":""3.53%"",""mem"":""136.1MiB / 122.8GiB""},{""name"":""lab-api"",""cpu"":""0.00%"",""mem"":""145.4MiB / 122.8GiB""},{""name"":""lab-allegro-stub"",""cpu"":""0.00%"",""mem"":""21.04MiB / 122.8GiB""},{""name"":""lab-erli-stub"",""cpu"":""0.00%"",""mem"":""18.06MiB / 122.8GiB""},{""name"":""lab-eparagony-stub"",""cpu"":""0.00%"",""mem"":""20.37MiB / 122.8GiB""},{""name"":""lab-invoicing-stub"",""cpu"":""0.00%"",""mem"":""16.6MiB / 122.8GiB""},{""name"":""lab-shipping-stub"",""cpu"":""0.00%"",""mem"":""16.58MiB / 122.8GiB""},{""name"":""lab-eparagony-stub-tls"",""cpu"":""0.00%"",""mem"":""23.3MiB / 122.8GiB""},{""name"":""lab-erli-stub-tls"",""cpu"":""0.00%"",""mem"":""22.67MiB / 122.8GiB""},{""name"":""lab-wc-tls"",""cpu"":""0.00%"",""mem"":""29.51MiB / 122.8GiB""},{""name"":""lab-prestashop"",""cpu"":""7.71%"",""mem"":""166MiB / 122.8GiB""},{""name"":""lab-woocommerce"",""cpu"":""0.01%"",""mem"":""294.6MiB / 122.8GiB""},{""name"":""lab-redis"",""cpu"":""0.68%"",""mem"":""80.86MiB / 122.8GiB""},{""name"":""lab-postgres"",""cpu"":""1.90%"",""mem"":""241.8MiB / 122.8GiB""},{""name"":""lab-mysql"",""cpu"":""7.45%"",""mem"":""726.5MiB / 122.8GiB""},{""name"":""lab-woocommerce-mysql"",""cpu"":""5.30%"",""mem"":""511.8MiB / 122.8GiB""}]"
2026-09-10T13:48:33Z,3,1746,2,0,24,2668861107,"[{""name"":""lab-worker-1"",""cpu"":""5.14%"",""mem"":""136.3MiB / 122.8GiB""},{""name"":""lab-api"",""cpu"":""0.00%"",""mem"":""145.4MiB / 122.8GiB""},{""name"":""lab-allegro-stub"",""cpu"":""4.00%"",""mem"":""21.06MiB / 122.8GiB""},{""name"":""lab-erli-stub"",""cpu"":""0.01%"",""mem"":""18.07MiB / 122.8GiB""},{""name"":""lab-eparagony-stub"",""cpu"":""0.01%"",""mem"":""20.37MiB / 122.8GiB""},{""name"":""lab-invoicing-stub"",""cpu"":""4.16%"",""mem"":""16.61MiB / 122.8GiB""},{""name"":""lab-shipping-stub"",""cpu"":""3.74%"",""mem"":""16.63MiB / 122.8GiB""},{""name"":""lab-eparagony-stub-tls"",""cpu"":""0.00%"",""mem"":""23.3MiB / 122.8GiB""},{""name"":""lab-erli-stub-tls"",""cpu"":""0.00%"",""mem"":""22.67MiB / 122.8GiB""},{""name"":""lab-wc-tls"",""cpu"":""0.00%"",""mem"":""29.51MiB / 122.8GiB""},{""name"":""lab-prestashop"",""cpu"":""7.57%"",""mem"":""166MiB / 122.8GiB""},{""name"":""lab-woocommerce"",""cpu"":""0.01%"",""mem"":""294.6MiB / 122.8GiB""},{""name"":""lab-redis"",""cpu"":""0.67%"",""mem"":""80.86MiB / 122.8GiB""},{""name"":""lab-postgres"",""cpu"":""1.82%"",""mem"":""241.7MiB / 122.8GiB""},{""name"":""lab-mysql"",""cpu"":""7.58%"",""mem"":""727MiB / 122.8GiB""},{""name"":""lab-woocommerce-mysql"",""cpu"":""0.88%"",""mem"":""511.8MiB / 122.8GiB""}]"
2026-09-10T13:48:36Z,4,1747,2,0,23,2668861107,"[{""name"":""lab-worker-1"",""cpu"":""5.18%"",""mem"":""136.1MiB / 122.8GiB""},{""name"":""lab-api"",""cpu"":""0.00%"",""mem"":""145.4MiB / 122.8GiB""},{""name"":""lab-allegro-stub"",""cpu"":""0.00%"",""mem"":""21.04MiB / 122.8GiB""},{""name"":""lab-erli-stub"",""cpu"":""0.00%"",""mem"":""18.05MiB / 122.8GiB""},{""name"":""lab-eparagony-stub"",""cpu"":""0.00%"",""mem"":""20.37MiB / 122.8GiB""},{""name"":""lab-invoicing-stub"",""cpu"":""0.00%"",""mem"":""16.6MiB / 122.8GiB""},{""name"":""lab-shipping-stub"",""cpu"":""0.00%"",""mem"":""16.58MiB / 122.8GiB""},{""name"":""lab-eparagony-stub-tls"",""cpu"":""0.00%"",""mem"":""23.3MiB / 122.8GiB""},{""name"":""lab-erli-stub-tls"",""cpu"":""0.00%"",""mem"":""22.67MiB / 122.8GiB""},{""name"":""lab-wc-tls"",""cpu"":""0.00%"",""mem"":""29.51MiB / 122.8GiB""},{""name"":""lab-prestashop"",""cpu"":""7.73%"",""mem"":""166.3MiB / 122.8GiB""},{""name"":""lab-woocommerce"",""cpu"":""0.01%"",""mem"":""294.6MiB / 122.8GiB""},{""name"":""lab-redis"",""cpu"":""0.79%"",""mem"":""80.62MiB / 122.8GiB""},{""name"":""lab-postgres"",""cpu"":""7.87%"",""mem"":""242MiB / 122.8GiB""},{""name"":""lab-mysql"",""cpu"":""7.63%"",""mem"":""727MiB / 122.8GiB""},{""name"":""lab-woocommerce-mysql"",""cpu"":""0.96%"",""mem"":""511.8MiB / 122.8GiB""}]"
2026-09-10T13:48:39Z,3,1748,1,0,24,2668861107,"[{""name"":""lab-worker-1"",""cpu"":""4.37%"",""mem"":""136MiB / 122.8GiB""},{""name"":""lab-api"",""cpu"":""0.00%"",""mem"":""145.4MiB / 122.8GiB""},{""name"":""lab-allegro-stub"",""cpu"":""0.00%"",""mem"":""21.04MiB / 122.8GiB""},{""name"":""lab-erli-stub"",""cpu"":""0.00%"",""mem"":""18.06MiB / 122.8GiB""},{""name"":""lab-eparagony-stub"",""cpu"":""0.00%"",""mem"":""20.37MiB / 122.8GiB""},{""name"":""lab-invoicing-stub"",""cpu"":""0.00%"",""mem"":""16.6MiB / 122.8GiB""},{""name"":""lab-shipping-stub"",""cpu"":""0.00%"",""mem"":""16.58MiB / 122.8GiB""},{""name"":""lab-eparagony-stub-tls"",""cpu"":""0.00%"",""mem"":""23.3MiB / 122.8GiB""},{""name"":""lab-erli-stub-tls"",""cpu"":""0.00%"",""mem"":""22.67MiB / 122.8GiB""},{""name"":""lab-wc-tls"",""cpu"":""0.00%"",""mem"":""29.51MiB / 122.8GiB""},{""name"":""lab-prestashop"",""cpu"":""7.86%"",""mem"":""166MiB / 122.8GiB""},{""name"":""lab-woocommerce"",""cpu"":""0.01%"",""mem"":""294.6MiB / 122.8GiB""},{""name"":""lab-redis"",""cpu"":""0.71%"",""mem"":""80.61MiB / 122.8GiB""},{""name"":""lab-postgres"",""cpu"":""2.72%"",""mem"":""241.7MiB / 122.8GiB""},{""name"":""lab-mysql"",""cpu"":""7.69%"",""mem"":""726.5MiB / 122.8GiB""},{""name"":""lab-woocommerce-mysql"",""cpu"":""0.95%"",""mem"":""511.8MiB / 122.8GiB""}]"
2026-09-10T13:48:42Z,3,1747,2,0,23,2668861107,"[{""name"":""lab-worker-1"",""cpu"":""5.54%"",""mem"":""136.1MiB / 122.8GiB""},{""name"":""lab-api"",""cpu"":""0.00%"",""mem"":""145.4MiB / 122.8GiB""},{""name"":""lab-allegro-stub"",""cpu"":""4.05%"",""mem"":""21.32MiB / 122.8GiB""},{""name"":""lab-erli-stub"",""cpu"":""4.07%"",""mem"":""18.05MiB / 122.8GiB""},{""name"":""lab-eparagony-stub"",""cpu"":""2.58%"",""mem"":""20.38MiB / 122.8GiB""},{""name"":""lab-invoicing-stub"",""cpu"":""4.20%"",""mem"":""16.6MiB / 122.8GiB""},{""name"":""lab-shipping-stub"",""cpu"":""3.91%"",""mem"":""16.6MiB / 122.8GiB""},{""name"":""lab-eparagony-stub-tls"",""cpu"":""0.00%"",""mem"":""23.3MiB / 122.8GiB""},{""name"":""lab-erli-stub-tls"",""cpu"":""0.00%"",""mem"":""22.67MiB / 122.8GiB""},{""name"":""lab-wc-tls"",""cpu"":""0.00%"",""mem"":""29.51MiB / 122.8GiB""},{""name"":""lab-prestashop"",""cpu"":""12.09%"",""mem"":""164MiB / 122.8GiB""},{""name"":""lab-woocommerce"",""cpu"":""0.01%"",""mem"":""294.6MiB / 122.8GiB""},{""name"":""lab-redis"",""cpu"":""0.63%"",""mem"":""80.61MiB / 122.8GiB""},{""name"":""lab-postgres"",""cpu"":""3.82%"",""mem"":""241.8MiB / 122.8GiB""},{""name"":""lab-mysql"",""cpu"":""8.14%"",""mem"":""726.5MiB / 122.8GiB""},{""name"":""lab-woocommerce-mysql"",""cpu"":""0.87%"",""mem"":""511.8MiB / 122.8GiB""}]"
2026-09-10T13:48:45Z,3,1746,1,0,24,2668869299,"[{""name"":""lab-worker-1"",""cpu"":""4.64%"",""mem"":""136MiB / 122.8GiB""},{""name"":""lab-api"",""cpu"":""0.00%"",""mem"":""145.4MiB / 122.8GiB""},{""name"":""lab-allegro-stub"",""cpu"":""0.00%"",""mem"":""21.04MiB / 122.8GiB""},{""name"":""lab-erli-stub"",""cpu"":""0.00%"",""mem"":""18.05MiB / 122.8GiB""},{""name"":""lab-eparagony-stub"",""cpu"":""0.00%"",""mem"":""20.37MiB / 122.8GiB""},{""name"":""lab-invoicing-stub"",""cpu"":""0.00%"",""mem"":""16.6MiB / 122.8GiB""},{""name"":""lab-shipping-stub"",""cpu"":""0.00%"",""mem"":""16.58MiB / 122.8GiB""},{""name"":""lab-eparagony-stub-tls"",""cpu"":""0.00%"",""mem"":""23.3MiB / 122.8GiB""},{""name"":""lab-erli-stub-tls"",""cpu"":""0.00%"",""mem"":""22.67MiB / 122.8GiB""},{""name"":""lab-wc-tls"",""cpu"":""0.00%"",""mem"":""29.51MiB / 122.8GiB""},{""name"":""lab-prestashop"",""cpu"":""8.28%"",""mem"":""164.2MiB / 122.8GiB""},{""name"":""lab-woocommerce"",""cpu"":""18.88%"",""mem"":""294.8MiB / 122.8GiB""},{""name"":""lab-redis"",""cpu"":""0.67%"",""mem"":""80.62MiB / 122.8GiB""},{""name"":""lab-postgres"",""cpu"":""1.82%"",""mem"":""239.1MiB / 122.8GiB""},{""name"":""lab-mysql"",""cpu"":""8.31%"",""mem"":""726.7MiB / 122.8GiB""},{""name"":""lab-woocommerce-mysql"",""cpu"":""5.26%"",""mem"":""511.8MiB / 122.8GiB""}]"
2026-09-10T13:48:48Z,3,1747,4,0,23,2668869299,"[{""name"":""lab-worker-1"",""cpu"":""4.14%"",""mem"":""136.2MiB / 122.8GiB""},{""name"":""lab-api"",""cpu"":""0.00%"",""mem"":""145.4MiB / 122.8GiB""},{""name"":""lab-allegro-stub"",""cpu"":""0.01%"",""mem"":""21.05MiB / 122.8GiB""},{""name"":""lab-erli-stub"",""cpu"":""0.00%"",""mem"":""18.06MiB / 122.8GiB""},{""name"":""lab-eparagony-stub"",""cpu"":""0.00%"",""mem"":""20.38MiB / 122.8GiB""},{""name"":""lab-invoicing-stub"",""cpu"":""0.01%"",""mem"":""16.6MiB / 122.8GiB""},{""name"":""lab-shipping-stub"",""cpu"":""0.01%"",""mem"":""16.58MiB / 122.8GiB""},{""name"":""lab-eparagony-stub-tls"",""cpu"":""0.00%"",""mem"":""23.3MiB / 122.8GiB""},{""name"":""lab-erli-stub-tls"",""cpu"":""0.00%"",""mem"":""22.67MiB / 122.8GiB""},{""name"":""lab-wc-tls"",""cpu"":""0.00%"",""mem"":""29.51MiB / 122.8GiB""},{""name"":""lab-prestashop"",""cpu"":""8.12%"",""mem"":""158MiB / 122.8GiB""},{""name"":""lab-woocommerce"",""cpu"":""0.01%"",""mem"":""294.6MiB / 122.8GiB""},{""name"":""lab-redis"",""cpu"":""0.72%"",""mem"":""80.61MiB / 122.8GiB""},{""name"":""lab-postgres"",""cpu"":""1.73%"",""mem"":""239.1MiB / 122.8GiB""},{""name"":""lab-mysql"",""cpu"":""7.04%"",""mem"":""726.7MiB / 122.8GiB""},{""name"":""lab-woocommerce-mysql"",""cpu"":""0.91%"",""mem"":""511.8MiB / 122.8GiB""}]"
2026-09-10T13:48:51Z,3,1748,2,0,22,2668869299,"[{""name"":""lab-worker-1"",""cpu"":""5.04%"",""mem"":""136.1MiB / 122.8GiB""},{""name"":""lab-api"",""cpu"":""0.00%"",""mem"":""145.4MiB / 122.8GiB""},{""name"":""lab-allegro-stub"",""cpu"":""0.00%"",""mem"":""21.04MiB / 122.8GiB""},{""name"":""lab-erli-stub"",""cpu"":""0.00%"",""mem"":""18.05MiB / 122.8GiB""},{""name"":""lab-eparagony-stub"",""cpu"":""3.72%"",""mem"":""20.44MiB / 122.8GiB""},{""name"":""lab-invoicing-stub"",""cpu"":""0.00%"",""mem"":""16.6MiB / 122.8GiB""},{""name"":""lab-shipping-stub"",""cpu"":""0.00%"",""mem"":""16.58MiB / 122.8GiB""},{""name"":""lab-eparagony-stub-tls"",""cpu"":""0.00%"",""mem"":""23.3MiB / 122.8GiB""},{""name"":""lab-erli-stub-tls"",""cpu"":""0.00%"",""mem"":""22.67MiB / 122.8GiB""},{""name"":""lab-wc-tls"",""cpu"":""0.00%"",""mem"":""29.51MiB / 122.8GiB""},{""name"":""lab-prestashop"",""cpu"":""8.53%"",""mem"":""158MiB / 122.8GiB""},{""name"":""lab-woocommerce"",""cpu"":""0.01%"",""mem"":""294.6MiB / 122.8GiB""},{""name"":""lab-redis"",""cpu"":""0.87%"",""mem"":""80.62MiB / 122.8GiB""},{""name"":""lab-postgres"",""cpu"":""2.85%"",""mem"":""239.1MiB / 122.8GiB""},{""name"":""lab-mysql"",""cpu"":""8.00%"",""mem"":""726.7MiB / 122.8GiB""},{""name"":""lab-woocommerce-mysql"",""cpu"":""0.90%"",""mem"":""511.8MiB / 122.8GiB""}]"
2026-09-10T13:48:54Z,3,1748,2,0,22,2668869299,"[{""name"":""lab-worker-1"",""cpu"":""3.99%"",""mem"":""136.2MiB / 122.8GiB""},{""name"":""lab-api"",""cpu"":""0.00%"",""mem"":""145.4MiB / 122.8GiB""},{""name"":""lab-allegro-stub"",""cpu"":""0.00%"",""mem"":""21.04MiB / 122.8GiB""},{""name"":""lab-erli-stub"",""cpu"":""0.00%"",""mem"":""18.05MiB / 122.8GiB""},{""name"":""lab-eparagony-stub"",""cpu"":""0.00%"",""mem"":""20.37MiB / 122.8GiB""},{""name"":""lab-invoicing-stub"",""cpu"":""0.00%"",""mem"":""16.6MiB / 122.8GiB""},{""name"":""lab-shipping-stub"",""cpu"":""0.00%"",""mem"":""16.58MiB / 122.8GiB""},{""name"":""lab-eparagony-stub-tls"",""cpu"":""0.00%"",""mem"":""23.3MiB / 122.8GiB""},{""name"":""lab-erli-stub-tls"",""cpu"":""0.00%"",""mem"":""22.67MiB / 122.8GiB""},{""name"":""lab-wc-tls"",""cpu"":""0.00%"",""mem"":""29.51MiB / 122.8GiB""},{""name"":""lab-prestashop"",""cpu"":""7.98%"",""mem"":""158.2MiB / 122.8GiB""},{""name"":""lab-woocommerce"",""cpu"":""0.01%"",""mem"":""294.6MiB / 122.8GiB""},{""name"":""lab-redis"",""cpu"":""4.87%"",""mem"":""80.65MiB / 122.8GiB""},{""name"":""lab-postgres"",""cpu"":""3.86%"",""mem"":""239.3MiB / 122.8GiB""},{""name"":""lab-mysql"",""cpu"":""7.65%"",""mem"":""726.5MiB / 122.8GiB""},{""name"":""lab-woocommerce-mysql"",""cpu"":""0.94%"",""mem"":""511.8MiB / 122.8GiB""}]"
2026-09-10T13:48:57Z,3,1748,1,0,22,2668869299,"[{""name"":""lab-worker-1"",""cpu"":""3.89%"",""mem"":""136.6MiB / 122.8GiB""},{""name"":""lab-api"",""cpu"":""0.00%"",""mem"":""145.4MiB / 122.8GiB""},{""name"":""lab-allegro-stub"",""cpu"":""3.32%"",""mem"":""21.05MiB / 122.8GiB""},{""name"":""lab-erli-stub"",""cpu"":""4.15%"",""mem"":""18.06MiB / 122.8GiB""},{""name"":""lab-eparagony-stub"",""cpu"":""0.02%"",""mem"":""20.37MiB / 122.8GiB""},{""name"":""lab-invoicing-stub"",""cpu"":""3.98%"",""mem"":""16.62MiB / 122.8GiB""},{""name"":""lab-shipping-stub"",""cpu"":""3.66%"",""mem"":""16.61MiB / 122.8GiB""},{""name"":""lab-eparagony-stub-tls"",""cpu"":""0.00%"",""mem"":""23.3MiB / 122.8GiB""},{""name"":""lab-erli-stub-tls"",""cpu"":""0.00%"",""mem"":""22.67MiB / 122.8GiB""},{""name"":""lab-wc-tls"",""cpu"":""0.00%"",""mem"":""29.51MiB / 122.8GiB""},{""name"":""lab-prestashop"",""cpu"":""7.96%"",""mem"":""158MiB / 122.8GiB""},{""name"":""lab-woocommerce"",""cpu"":""0.01%"",""mem"":""294.6MiB / 122.8GiB""},{""name"":""lab-redis"",""cpu"":""0.81%"",""mem"":""80.61MiB / 122.8GiB""},{""name"":""lab-postgres"",""cpu"":""1.75%"",""mem"":""239.1MiB / 122.8GiB""},{""name"":""lab-mysql"",""cpu"":""8.08%"",""mem"":""726.7MiB / 122.8GiB""},{""name"":""lab-woocommerce-mysql"",""cpu"":""0.92%"",""mem"":""511.8MiB / 122.8GiB""}]"
2026-09-10T13:49:01Z,3,1748,2,0,22,2668869299,"[{""name"":""lab-worker-1"",""cpu"":""4.12%"",""mem"":""136.2MiB / 122.8GiB""},{""name"":""lab-api"",""cpu"":""0.00%"",""mem"":""145.4MiB / 122.8GiB""},{""name"":""lab-allegro-stub"",""cpu"":""0.00%"",""mem"":""21.04MiB / 122.8GiB""},{""name"":""lab-erli-stub"",""cpu"":""0.00%"",""mem"":""18.05MiB / 122.8GiB""},{""name"":""lab-eparagony-stub"",""cpu"":""0.00%"",""mem"":""20.37MiB / 122.8GiB""},{""name"":""lab-invoicing-stub"",""cpu"":""0.00%"",""mem"":""16.6MiB / 122.8GiB""},{""name"":""lab-shipping-stub"",""cpu"":""0.00%"",""mem"":""16.59MiB / 122.8GiB""},{""name"":""lab-eparagony-stub-tls"",""cpu"":""0.00%"",""mem"":""23.3MiB / 122.8GiB""},{""name"":""lab-erli-stub-tls"",""cpu"":""0.00%"",""mem"":""22.67MiB / 122.8GiB""},{""name"":""lab-wc-tls"",""cpu"":""0.00%"",""mem"":""29.51MiB / 122.8GiB""},{""name"":""lab-prestashop"",""cpu"":""9.55%"",""mem"":""157.9MiB / 122.8GiB""},{""name"":""lab-woocommerce"",""cpu"":""0.01%"",""mem"":""294.6MiB / 122.8GiB""},{""name"":""lab-redis"",""cpu"":""0.71%"",""mem"":""80.62MiB / 122.8GiB""},{""name"":""lab-postgres"",""cpu"":""1.66%"",""mem"":""241.3MiB / 122.8GiB""},{""name"":""lab-mysql"",""cpu"":""9.49%"",""mem"":""726.5MiB / 122.8GiB""},{""name"":""lab-woocommerce-mysql"",""cpu"":""0.86%"",""mem"":""511.8MiB / 122.8GiB""}]"
2026-09-10T13:49:04Z,4,1748,2,0,22,2668869299,"[{""name"":""lab-worker-1"",""cpu"":""4.58%"",""mem"":""136MiB / 122.8GiB""},{""name"":""lab-api"",""cpu"":""0.00%"",""mem"":""145.4MiB / 122.8GiB""},{""name"":""lab-allegro-stub"",""cpu"":""0.00%"",""mem"":""21.04MiB / 122.8GiB""},{""name"":""lab-erli-stub"",""cpu"":""0.00%"",""mem"":""18.05MiB / 122.8GiB""},{""name"":""lab-eparagony-stub"",""cpu"":""0.00%"",""mem"":""20.37MiB / 122.8GiB""},{""name"":""lab-invoicing-stub"",""cpu"":""0.00%"",""mem"":""16.6MiB / 122.8GiB""},{""name"":""lab-shipping-stub"",""cpu"":""0.00%"",""mem"":""16.58MiB / 122.8GiB""},{""name"":""lab-eparagony-stub-tls"",""cpu"":""0.00%"",""mem"":""23.3MiB / 122.8GiB""},{""name"":""lab-erli-stub-tls"",""cpu"":""0.00%"",""mem"":""22.67MiB / 122.8GiB""},{""name"":""lab-wc-tls"",""cpu"":""0.00%"",""mem"":""29.51MiB / 122.8GiB""},{""name"":""lab-prestashop"",""cpu"":""7.52%"",""mem"":""157.9MiB / 122.8GiB""},{""name"":""lab-woocommerce"",""cpu"":""0.01%"",""mem"":""294.6MiB / 122.8GiB""},{""name"":""lab-redis"",""cpu"":""4.79%"",""mem"":""80.93MiB / 122.8GiB""},{""name"":""lab-postgres"",""cpu"":""2.86%"",""mem"":""241.8MiB / 122.8GiB""},{""name"":""lab-mysql"",""cpu"":""8.13%"",""mem"":""726.5MiB / 122.8GiB""},{""name"":""lab-woocommerce-mysql"",""cpu"":""1.00%"",""mem"":""511.8MiB / 122.8GiB""}]"
2026-09-10T13:49:07Z,3,1748,2,0,21,2668869299,"[{""name"":""lab-worker-1"",""cpu"":""4.78%"",""mem"":""136.3MiB / 122.8GiB""},{""name"":""lab-api"",""cpu"":""0.00%"",""mem"":""145.4MiB / 122.8GiB""},{""name"":""lab-allegro-stub"",""cpu"":""0.00%"",""mem"":""21.04MiB / 122.8GiB""},{""name"":""lab-erli-stub"",""cpu"":""4.03%"",""mem"":""18.08MiB / 122.8GiB""},{""name"":""lab-eparagony-stub"",""cpu"":""4.08%"",""mem"":""20.38MiB / 122.8GiB""},{""name"":""lab-invoicing-stub"",""cpu"":""0.00%"",""mem"":""16.6MiB / 122.8GiB""},{""name"":""lab-shipping-stub"",""cpu"":""0.00%"",""mem"":""16.58MiB / 122.8GiB""},{""name"":""lab-eparagony-stub-tls"",""cpu"":""0.00%"",""mem"":""23.3MiB / 122.8GiB""},{""name"":""lab-erli-stub-tls"",""cpu"":""0.00%"",""mem"":""22.67MiB / 122.8GiB""},{""name"":""lab-wc-tls"",""cpu"":""0.00%"",""mem"":""29.51MiB / 122.8GiB""},{""name"":""lab-prestashop"",""cpu"":""7.64%"",""mem"":""158MiB / 122.8GiB""},{""name"":""lab-woocommerce"",""cpu"":""0.00%"",""mem"":""294.6MiB / 122.8GiB""},{""name"":""lab-redis"",""cpu"":""0.73%"",""mem"":""80.87MiB / 122.8GiB""},{""name"":""lab-postgres"",""cpu"":""2.42%"",""mem"":""241.8MiB / 122.8GiB""},{""name"":""lab-mysql"",""cpu"":""9.70%"",""mem"":""726.5MiB / 122.8GiB""},{""name"":""lab-woocommerce-mysql"",""cpu"":""0.65%"",""mem"":""511.8MiB / 122.8GiB""}]"
2026-09-10T13:49:10Z,3,1749,2,0,21,2668869299,"[{""name"":""lab-worker-1"",""cpu"":""6.12%"",""mem"":""136.1MiB / 122.8GiB""},{""name"":""lab-api"",""cpu"":""0.00%"",""mem"":""145.4MiB / 122.8GiB""},{""name"":""lab-allegro-stub"",""cpu"":""0.00%"",""mem"":""21.04MiB / 122.8GiB""},{""name"":""lab-erli-stub"",""cpu"":""0.00%"",""mem"":""18.05MiB / 122.8GiB""},{""name"":""lab-eparagony-stub"",""cpu"":""0.00%"",""mem"":""20.37MiB / 122.8GiB""},{""name"":""lab-invoicing-stub"",""cpu"":""0.00%"",""mem"":""16.6MiB / 122.8GiB""},{""name"":""lab-shipping-stub"",""cpu"":""0.00%"",""mem"":""16.58MiB / 122.8GiB""},{""name"":""lab-eparagony-stub-tls"",""cpu"":""0.00%"",""mem"":""23.3MiB / 122.8GiB""},{""name"":""lab-erli-stub-tls"",""cpu"":""0.00%"",""mem"":""22.67MiB / 122.8GiB""},{""name"":""lab-wc-tls"",""cpu"":""0.00%"",""mem"":""29.51MiB / 122.8GiB""},{""name"":""lab-prestashop"",""cpu"":""6.23%"",""mem"":""157.9MiB / 122.8GiB""},{""name"":""lab-woocommerce"",""cpu"":""0.01%"",""mem"":""294.6MiB / 122.8GiB""},{""name"":""lab-redis"",""cpu"":""0.74%"",""mem"":""80.87MiB / 122.8GiB""},{""name"":""lab-postgres"",""cpu"":""2.71%"",""mem"":""241.8MiB / 122.8GiB""},{""name"":""lab-mysql"",""cpu"":""7.98%"",""mem"":""726.5MiB / 122.8GiB""},{""name"":""lab-woocommerce-mysql"",""cpu"":""5.31%"",""mem"":""511.8MiB / 122.8GiB""}]"
2026-09-10T13:49:13Z,3,1749,2,0,20,2668869299,"[{""name"":""lab-worker-1"",""cpu"":""6.36%"",""mem"":""136.6MiB / 122.8GiB""},{""name"":""lab-api"",""cpu"":""0.00%"",""mem"":""145.4MiB / 122.8GiB""},{""name"":""lab-allegro-stub"",""cpu"":""4.03%"",""mem"":""21.06MiB / 122.8GiB""},{""name"":""lab-erli-stub"",""cpu"":""0.01%"",""mem"":""18.08MiB / 122.8GiB""},{""name"":""lab-eparagony-stub"",""cpu"":""0.00%"",""mem"":""20.37MiB / 122.8GiB""},{""name"":""lab-invoicing-stub"",""cpu"":""4.02%"",""mem"":""16.62MiB / 122.8GiB""},{""name"":""lab-shipping-stub"",""cpu"":""3.79%"",""mem"":""16.58MiB / 122.8GiB""},{""name"":""lab-eparagony-stub-tls"",""cpu"":""0.00%"",""mem"":""23.3MiB / 122.8GiB""},{""name"":""lab-erli-stub-tls"",""cpu"":""0.00%"",""mem"":""22.67MiB / 122.8GiB""},{""name"":""lab-wc-tls"",""cpu"":""0.00%"",""mem"":""29.51MiB / 122.8GiB""},{""name"":""lab-prestashop"",""cpu"":""6.83%"",""mem"":""153.9MiB / 122.8GiB""},{""name"":""lab-woocommerce"",""cpu"":""0.00%"",""mem"":""294.6MiB / 122.8GiB""},{""name"":""lab-redis"",""cpu"":""0.70%"",""mem"":""80.62MiB / 122.8GiB""},{""name"":""lab-postgres"",""cpu"":""5.24%"",""mem"":""241.3MiB / 122.8GiB""},{""name"":""lab-mysql"",""cpu"":""7.33%"",""mem"":""726.7MiB / 122.8GiB""},{""name"":""lab-woocommerce-mysql"",""cpu"":""0.87%"",""mem"":""511.8MiB / 122.8GiB""}]"
2026-09-10T13:49:16Z,3,1749,2,0,21,2668869299,"[{""name"":""lab-worker-1"",""cpu"":""6.53%"",""mem"":""136.2MiB / 122.8GiB""},{""name"":""lab-api"",""cpu"":""0.00%"",""mem"":""145.4MiB / 122.8GiB""},{""name"":""lab-allegro-stub"",""cpu"":""0.00%"",""mem"":""21.04MiB / 122.8GiB""},{""name"":""lab-erli-stub"",""cpu"":""0.00%"",""mem"":""18.05MiB / 122.8GiB""},{""name"":""lab-eparagony-stub"",""cpu"":""0.00%"",""mem"":""20.37MiB / 122.8GiB""},{""name"":""lab-invoicing-stub"",""cpu"":""0.00%"",""mem"":""16.6MiB / 122.8GiB""},{""name"":""lab-shipping-stub"",""cpu"":""0.00%"",""mem"":""16.58MiB / 122.8GiB""},{""name"":""lab-eparagony-stub-tls"",""cpu"":""0.00%"",""mem"":""23.3MiB / 122.8GiB""},{""name"":""lab-erli-stub-tls"",""cpu"":""0.00%"",""mem"":""22.67MiB / 122.8GiB""},{""name"":""lab-wc-tls"",""cpu"":""0.00%"",""mem"":""29.51MiB / 122.8GiB""},{""name"":""lab-prestashop"",""cpu"":""7.67%"",""mem"":""153.9MiB / 122.8GiB""},{""name"":""lab-woocommerce"",""cpu"":""0.01%"",""mem"":""294.6MiB / 122.8GiB""},{""name"":""lab-redis"",""cpu"":""0.66%"",""mem"":""80.61MiB / 122.8GiB""},{""name"":""lab-postgres"",""cpu"":""22.27%"",""mem"":""242MiB / 122.8GiB""},{""name"":""lab-mysql"",""cpu"":""11.45%"",""mem"":""726.5MiB / 122.8GiB""},{""name"":""lab-woocommerce-mysql"",""cpu"":""0.83%"",""mem"":""511.8MiB / 122.8GiB""}]"
2026-09-10T13:49:19Z,3,1749,3,0,21,2668869299,"[{""name"":""lab-worker-1"",""cpu"":""13.60%"",""mem"":""137.2MiB / 122.8GiB""},{""name"":""lab-api"",""cpu"":""0.00%"",""mem"":""145.4MiB / 122.8GiB""},{""name"":""lab-allegro-stub"",""cpu"":""0.07%"",""mem"":""21.05MiB / 122.8GiB""},{""name"":""lab-erli-stub"",""cpu"":""0.00%"",""mem"":""18.05MiB / 122.8GiB""},{""name"":""lab-eparagony-stub"",""cpu"":""0.00%"",""mem"":""20.37MiB / 122.8GiB""},{""name"":""lab-invoicing-stub"",""cpu"":""0.00%"",""mem"":""16.6MiB / 122.8GiB""},{""name"":""lab-shipping-stub"",""cpu"":""0.00%"",""mem"":""16.58MiB / 122.8GiB""},{""name"":""lab-eparagony-stub-tls"",""cpu"":""0.00%"",""mem"":""23.3MiB / 122.8GiB""},{""name"":""lab-erli-stub-tls"",""cpu"":""0.00%"",""mem"":""22.67MiB / 122.8GiB""},{""name"":""lab-wc-tls"",""cpu"":""0.33%"",""mem"":""29.54MiB / 122.8GiB""},{""name"":""lab-prestashop"",""cpu"":""7.76%"",""mem"":""153.9MiB / 122.8GiB""},{""name"":""lab-woocommerce"",""cpu"":""6.16%"",""mem"":""294.6MiB / 122.8GiB""},{""name"":""lab-redis"",""cpu"":""0.76%"",""mem"":""80.92MiB / 122.8GiB""},{""name"":""lab-postgres"",""cpu"":""14.93%"",""mem"":""245.5MiB / 122.8GiB""},{""name"":""lab-mysql"",""cpu"":""7.47%"",""mem"":""726.5MiB / 122.8GiB""},{""name"":""lab-woocommerce-mysql"",""cpu"":""10.30%"",""mem"":""512.1MiB / 122.8GiB""}]"
2026-09-10T13:49:22Z,3,1750,1,0,21,2668869299,"[{""name"":""lab-worker-1"",""cpu"":""8.79%"",""mem"":""136.6MiB / 122.8GiB""},{""name"":""lab-api"",""cpu"":""0.01%"",""mem"":""145.4MiB / 122.8GiB""},{""name"":""lab-allegro-stub"",""cpu"":""4.29%"",""mem"":""21.16MiB / 122.8GiB""},{""name"":""lab-erli-stub"",""cpu"":""3.94%"",""mem"":""18.07MiB / 122.8GiB""},{""name"":""lab-eparagony-stub"",""cpu"":""0.01%"",""mem"":""20.37MiB / 122.8GiB""},{""name"":""lab-invoicing-stub"",""cpu"":""4.15%"",""mem"":""16.63MiB / 122.8GiB""},{""name"":""lab-shipping-stub"",""cpu"":""4.15%"",""mem"":""16.61MiB / 122.8GiB""},{""name"":""lab-eparagony-stub-tls"",""cpu"":""0.00%"",""mem"":""23.3MiB / 122.8GiB""},{""name"":""lab-erli-stub-tls"",""cpu"":""0.00%"",""mem"":""22.67MiB / 122.8GiB""},{""name"":""lab-wc-tls"",""cpu"":""0.05%"",""mem"":""29.54MiB / 122.8GiB""},{""name"":""lab-prestashop"",""cpu"":""8.39%"",""mem"":""153.9MiB / 122.8GiB""},{""name"":""lab-woocommerce"",""cpu"":""16.39%"",""mem"":""296.6MiB / 122.8GiB""},{""name"":""lab-redis"",""cpu"":""0.86%"",""mem"":""80.67MiB / 122.8GiB""},{""name"":""lab-postgres"",""cpu"":""6.84%"",""mem"":""249.3MiB / 122.8GiB""},{""name"":""lab-mysql"",""cpu"":""8.61%"",""mem"":""726.5MiB / 122.8GiB""},{""name"":""lab-woocommerce-mysql"",""cpu"":""23.55%"",""mem"":""511.8MiB / 122.8GiB""}]"
2026-09-10T13:49:26Z,3,1750,1,0,21,2668885683,"[{""name"":""lab-worker-1"",""cpu"":""10.05%"",""mem"":""136.6MiB / 122.8GiB""},{""name"":""lab-api"",""cpu"":""0.00%"",""mem"":""145.4MiB / 122.8GiB""},{""name"":""lab-allegro-stub"",""cpu"":""0.10%"",""mem"":""21.05MiB / 122.8GiB""},{""name"":""lab-erli-stub"",""cpu"":""0.00%"",""mem"":""18.05MiB / 122.8GiB""},{""name"":""lab-eparagony-stub"",""cpu"":""0.00%"",""mem"":""20.37MiB / 122.8GiB""},{""name"":""lab-invoicing-stub"",""cpu"":""0.00%"",""mem"":""16.61MiB / 122.8GiB""},{""name"":""lab-shipping-stub"",""cpu"":""0.00%"",""mem"":""16.58MiB / 122.8GiB""},{""name"":""lab-eparagony-stub-tls"",""cpu"":""0.00%"",""mem"":""23.3MiB / 122.8GiB""},{""name"":""lab-erli-stub-tls"",""cpu"":""0.00%"",""mem"":""22.67MiB / 122.8GiB""},{""name"":""lab-wc-tls"",""cpu"":""0.05%"",""mem"":""29.54MiB / 122.8GiB""},{""name"":""lab-prestashop"",""cpu"":""7.25%"",""mem"":""153.9MiB / 122.8GiB""},{""name"":""lab-woocommerce"",""cpu"":""17.79%"",""mem"":""298.6MiB / 122.8GiB""},{""name"":""lab-redis"",""cpu"":""0.86%"",""mem"":""80.68MiB / 122.8GiB""},{""name"":""lab-postgres"",""cpu"":""6.81%"",""mem"":""249.9MiB / 122.8GiB""},{""name"":""lab-mysql"",""cpu"":""7.81%"",""mem"":""726.7MiB / 122.8GiB""},{""name"":""lab-woocommerce-mysql"",""cpu"":""22.68%"",""mem"":""511.8MiB / 122.8GiB""}]"
2026-09-10T13:49:29Z,4,1751,1,0,21,2668893875,"[{""name"":""lab-worker-1"",""cpu"":""17.14%"",""mem"":""137.9MiB / 122.8GiB""},{""name"":""lab-api"",""cpu"":""0.00%"",""mem"":""145.6MiB / 122.8GiB""},{""name"":""lab-allegro-stub"",""cpu"":""0.07%"",""mem"":""21.05MiB / 122.8GiB""},{""name"":""lab-erli-stub"",""cpu"":""0.00%"",""mem"":""18.05MiB / 122.8GiB""},{""name"":""lab-eparagony-stub"",""cpu"":""0.00%"",""mem"":""20.37MiB / 122.8GiB""},{""name"":""lab-invoicing-stub"",""cpu"":""0.00%"",""mem"":""16.6MiB / 122.8GiB""},{""name"":""lab-shipping-stub"",""cpu"":""0.00%"",""mem"":""16.59MiB / 122.8GiB""},{""name"":""lab-eparagony-stub-tls"",""cpu"":""0.00%"",""mem"":""23.3MiB / 122.8GiB""},{""name"":""lab-erli-stub-tls"",""cpu"":""0.00%"",""mem"":""22.67MiB / 122.8GiB""},{""name"":""lab-wc-tls"",""cpu"":""0.07%"",""mem"":""29.54MiB / 122.8GiB""},{""name"":""lab-prestashop"",""cpu"":""14.22%"",""mem"":""154MiB / 122.8GiB""},{""name"":""lab-woocommerce"",""cpu"":""16.16%"",""mem"":""298.6MiB / 122.8GiB""},{""name"":""lab-redis"",""cpu"":""34.03%"",""mem"":""80.71MiB / 122.8GiB""},{""name"":""lab-postgres"",""cpu"":""10.29%"",""mem"":""250.5MiB / 122.8GiB""},{""name"":""lab-mysql"",""cpu"":""16.88%"",""mem"":""726.5MiB / 122.8GiB""},{""name"":""lab-woocommerce-mysql"",""cpu"":""20.96%"",""mem"":""511.8MiB / 122.8GiB""}]"
2026-09-10T13:49:32Z,3,1749,1,0,22,2668902067,"[{""name"":""lab-worker-1"",""cpu"":""11.67%"",""mem"":""136.7MiB / 122.8GiB""},{""name"":""lab-api"",""cpu"":""0.00%"",""mem"":""145.6MiB / 122.8GiB""},{""name"":""lab-allegro-stub"",""cpu"":""0.13%"",""mem"":""21.05MiB / 122.8GiB""},{""name"":""lab-erli-stub"",""cpu"":""0.00%"",""mem"":""18.05MiB / 122.8GiB""},{""name"":""lab-eparagony-stub"",""cpu"":""4.18%"",""mem"":""20.38MiB / 122.8GiB""},{""name"":""lab-invoicing-stub"",""cpu"":""0.00%"",""mem"":""16.6MiB / 122.8GiB""},{""name"":""lab-shipping-stub"",""cpu"":""0.00%"",""mem"":""16.58MiB / 122.8GiB""},{""name"":""lab-eparagony-stub-tls"",""cpu"":""0.00%"",""mem"":""23.3MiB / 122.8GiB""},{""name"":""lab-erli-stub-tls"",""cpu"":""0.00%"",""mem"":""22.67MiB / 122.8GiB""},{""name"":""lab-wc-tls"",""cpu"":""0.07%"",""mem"":""29.55MiB / 122.8GiB""},{""name"":""lab-prestashop"",""cpu"":""8.21%"",""mem"":""153.9MiB / 122.8GiB""},{""name"":""lab-woocommerce"",""cpu"":""18.56%"",""mem"":""296.6MiB / 122.8GiB""},{""name"":""lab-redis"",""cpu"":""0.81%"",""mem"":""80.71MiB / 122.8GiB""},{""name"":""lab-postgres"",""cpu"":""6.26%"",""mem"":""250.8MiB / 122.8GiB""},{""name"":""lab-mysql"",""cpu"":""7.99%"",""mem"":""726.5MiB / 122.8GiB""},{""name"":""lab-woocommerce-mysql"",""cpu"":""23.97%"",""mem"":""512.1MiB / 122.8GiB""}]"
2026-09-10T13:49:35Z,3,1748,1,0,23,2668902067,"[{""name"":""lab-worker-1"",""cpu"":""11.45%"",""mem"":""136.8MiB / 122.8GiB""},{""name"":""lab-api"",""cpu"":""0.00%"",""mem"":""145.6MiB / 122.8GiB""},{""name"":""lab-allegro-stub"",""cpu"":""0.09%"",""mem"":""21.06MiB / 122.8GiB""},{""name"":""lab-erli-stub"",""cpu"":""0.00%"",""mem"":""18.05MiB / 122.8GiB""},{""name"":""lab-eparagony-stub"",""cpu"":""0.00%"",""mem"":""20.37MiB / 122.8GiB""},{""name"":""lab-invoicing-stub"",""cpu"":""0.00%"",""mem"":""16.6MiB / 122.8GiB""},{""name"":""lab-shipping-stub"",""cpu"":""0.00%"",""mem"":""16.58MiB / 122.8GiB""},{""name"":""lab-eparagony-stub-tls"",""cpu"":""0.00%"",""mem"":""23.3MiB / 122.8GiB""},{""name"":""lab-erli-stub-tls"",""cpu"":""0.00%"",""mem"":""22.67MiB / 122.8GiB""},{""name"":""lab-wc-tls"",""cpu"":""0.09%"",""mem"":""29.55MiB / 122.8GiB""},{""name"":""lab-prestashop"",""cpu"":""7.62%"",""mem"":""153.9MiB / 122.8GiB""},{""name"":""lab-woocommerce"",""cpu"":""17.87%"",""mem"":""296.6MiB / 122.8GiB""},{""name"":""lab-redis"",""cpu"":""0.83%"",""mem"":""80.97MiB / 122.8GiB""},{""name"":""lab-postgres"",""cpu"":""6.86%"",""mem"":""254.4MiB / 122.8GiB""},{""name"":""lab-mysql"",""cpu"":""7.78%"",""mem"":""726.5MiB / 122.8GiB""},{""name"":""lab-woocommerce-mysql"",""cpu"":""23.25%"",""mem"":""512.1MiB / 122.8GiB""}]"
2026-09-10T13:49:38Z,3,1748,1,0,22,2668902067,"[{""name"":""lab-worker-1"",""cpu"":""10.57%"",""mem"":""137.6MiB / 122.8GiB""},{""name"":""lab-api"",""cpu"":""0.00%"",""mem"":""145.6MiB / 122.8GiB""},{""name"":""lab-allegro-stub"",""cpu"":""4.22%"",""mem"":""21.3MiB / 122.8GiB""},{""name"":""lab-erli-stub"",""cpu"":""0.01%"",""mem"":""18.05MiB / 122.8GiB""},{""name"":""lab-eparagony-stub"",""cpu"":""0.00%"",""mem"":""20.37MiB / 122.8GiB""},{""name"":""lab-invoicing-stub"",""cpu"":""4.06%"",""mem"":""16.6MiB / 122.8GiB""},{""name"":""lab-shipping-stub"",""cpu"":""3.91%"",""mem"":""16.59MiB / 122.8GiB""},{""name"":""lab-eparagony-stub-tls"",""cpu"":""0.00%"",""mem"":""23.3MiB / 122.8GiB""},{""name"":""lab-erli-stub-tls"",""cpu"":""0.00%"",""mem"":""22.67MiB / 122.8GiB""},{""name"":""lab-wc-tls"",""cpu"":""0.07%"",""mem"":""29.55MiB / 122.8GiB""},{""name"":""lab-prestashop"",""cpu"":""11.36%"",""mem"":""153.9MiB / 122.8GiB""},{""name"":""lab-woocommerce"",""cpu"":""18.23%"",""mem"":""298.6MiB / 122.8GiB""},{""name"":""lab-redis"",""cpu"":""1.41%"",""mem"":""80.72MiB / 122.8GiB""},{""name"":""lab-postgres"",""cpu"":""5.50%"",""mem"":""254.5MiB / 122.8GiB""},{""name"":""lab-mysql"",""cpu"":""13.54%"",""mem"":""726.5MiB / 122.8GiB""},{""name"":""lab-woocommerce-mysql"",""cpu"":""21.96%"",""mem"":""511.8MiB / 122.8GiB""}]"
2026-09-10T13:49:41Z,3,1748,2,0,22,2668910259,"[{""name"":""lab-worker-1"",""cpu"":""7.50%"",""mem"":""136.9MiB / 122.8GiB""},{""name"":""lab-api"",""cpu"":""0.00%"",""mem"":""145.6MiB / 122.8GiB""},{""name"":""lab-allegro-stub"",""cpu"":""0.09%"",""mem"":""21.3MiB / 122.8GiB""},{""name"":""lab-erli-stub"",""cpu"":""0.00%"",""mem"":""18.05MiB / 122.8GiB""},{""name"":""lab-eparagony-stub"",""cpu"":""0.00%"",""mem"":""20.37MiB / 122.8GiB""},{""name"":""lab-invoicing-stub"",""cpu"":""0.00%"",""mem"":""16.6MiB / 122.8GiB""},{""name"":""lab-shipping-stub"",""cpu"":""0.00%"",""mem"":""16.58MiB / 122.8GiB""},{""name"":""lab-eparagony-stub-tls"",""cpu"":""0.00%"",""mem"":""23.3MiB / 122.8GiB""},{""name"":""lab-erli-stub-tls"",""cpu"":""0.00%"",""mem"":""22.67MiB / 122.8GiB""},{""name"":""lab-wc-tls"",""cpu"":""0.07%"",""mem"":""29.55MiB / 122.8GiB""},{""name"":""lab-prestashop"",""cpu"":""8.31%"",""mem"":""153.9MiB / 122.8GiB""},{""name"":""lab-woocommerce"",""cpu"":""17.19%"",""mem"":""298.6MiB / 122.8GiB""},{""name"":""lab-redis"",""cpu"":""0.94%"",""mem"":""80.71MiB / 122.8GiB""},{""name"":""lab-postgres"",""cpu"":""5.26%"",""mem"":""254.8MiB / 122.8GiB""},{""name"":""lab-mysql"",""cpu"":""8.05%"",""mem"":""726.5MiB / 122.8GiB""},{""name"":""lab-woocommerce-mysql"",""cpu"":""22.16%"",""mem"":""512.1MiB / 122.8GiB""}]"
2026-09-10T13:49:44Z,3,1747,2,0,22,2668926643,"[{""name"":""lab-worker-1"",""cpu"":""12.26%"",""mem"":""136.7MiB / 122.8GiB""},{""name"":""lab-api"",""cpu"":""0.00%"",""mem"":""145.6MiB / 122.8GiB""},{""name"":""lab-allegro-stub"",""cpu"":""0.09%"",""mem"":""21.29MiB / 122.8GiB""},{""name"":""lab-erli-stub"",""cpu"":""0.00%"",""mem"":""18.05MiB / 122.8GiB""},{""name"":""lab-eparagony-stub"",""cpu"":""0.00%"",""mem"":""20.37MiB / 122.8GiB""},{""name"":""lab-invoicing-stub"",""cpu"":""0.00%"",""mem"":""16.6MiB / 122.8GiB""},{""name"":""lab-shipping-stub"",""cpu"":""0.00%"",""mem"":""16.58MiB / 122.8GiB""},{""name"":""lab-eparagony-stub-tls"",""cpu"":""0.00%"",""mem"":""23.3MiB / 122.8GiB""},{""name"":""lab-erli-stub-tls"",""cpu"":""0.00%"",""mem"":""22.67MiB / 122.8GiB""},{""name"":""lab-wc-tls"",""cpu"":""0.07%"",""mem"":""29.8MiB / 122.8GiB""},{""name"":""lab-prestashop"",""cpu"":""9.83%"",""mem"":""149.9MiB / 122.8GiB""},{""name"":""lab-woocommerce"",""cpu"":""18.46%"",""mem"":""298.6MiB / 122.8GiB""},{""name"":""lab-redis"",""cpu"":""5.25%"",""mem"":""80.75MiB / 122.8GiB""},{""name"":""lab-postgres"",""cpu"":""7.77%"",""mem"":""254.8MiB / 122.8GiB""},{""name"":""lab-mysql"",""cpu"":""8.03%"",""mem"":""726.5MiB / 122.8GiB""},{""name"":""lab-woocommerce-mysql"",""cpu"":""23.07%"",""mem"":""511.8MiB / 122.8GiB""}]"
2026-09-10T13:49:47Z,3,1748,2,0,22,2668943027,"[{""name"":""lab-worker-1"",""cpu"":""8.03%"",""mem"":""137.2MiB / 122.8GiB""},{""name"":""lab-api"",""cpu"":""0.65%"",""mem"":""145.7MiB / 122.8GiB""},{""name"":""lab-allegro-stub"",""cpu"":""0.16%"",""mem"":""21.3MiB / 122.8GiB""},{""name"":""lab-erli-stub"",""cpu"":""3.79%"",""mem"":""18.09MiB / 122.8GiB""},{""name"":""lab-eparagony-stub"",""cpu"":""4.03%"",""mem"":""20.39MiB / 122.8GiB""},{""name"":""lab-invoicing-stub"",""cpu"":""0.00%"",""mem"":""16.6MiB / 122.8GiB""},{""name"":""lab-shipping-stub"",""cpu"":""0.00%"",""mem"":""16.58MiB / 122.8GiB""},{""name"":""lab-eparagony-stub-tls"",""cpu"":""0.00%"",""mem"":""23.3MiB / 122.8GiB""},{""name"":""lab-erli-stub-tls"",""cpu"":""0.00%"",""mem"":""22.67MiB / 122.8GiB""},{""name"":""lab-wc-tls"",""cpu"":""0.04%"",""mem"":""29.55MiB / 122.8GiB""},{""name"":""lab-prestashop"",""cpu"":""8.13%"",""mem"":""149.9MiB / 122.8GiB""},{""name"":""lab-woocommerce"",""cpu"":""12.34%"",""mem"":""298.6MiB / 122.8GiB""},{""name"":""lab-redis"",""cpu"":""0.96%"",""mem"":""80.73MiB / 122.8GiB""},{""name"":""lab-postgres"",""cpu"":""5.05%"",""mem"":""254.6MiB / 122.8GiB""},{""name"":""lab-mysql"",""cpu"":""8.37%"",""mem"":""726.5MiB / 122.8GiB""},{""name"":""lab-woocommerce-mysql"",""cpu"":""19.00%"",""mem"":""511.8MiB / 122.8GiB""}]"
2026-09-10T13:49:51Z,3,1749,0,0,23,2668959411,"[{""name"":""lab-worker-1"",""cpu"":""8.57%"",""mem"":""137.2MiB / 122.8GiB""},{""name"":""lab-api"",""cpu"":""0.01%"",""mem"":""145.7MiB / 122.8GiB""},{""name"":""lab-allegro-stub"",""cpu"":""0.12%"",""mem"":""21.29MiB / 122.8GiB""},{""name"":""lab-erli-stub"",""cpu"":""0.00%"",""mem"":""18.05MiB / 122.8GiB""},{""name"":""lab-eparagony-stub"",""cpu"":""0.00%"",""mem"":""20.39MiB / 122.8GiB""},{""name"":""lab-invoicing-stub"",""cpu"":""0.00%"",""mem"":""16.6MiB / 122.8GiB""},{""name"":""lab-shipping-stub"",""cpu"":""0.00%"",""mem"":""16.58MiB / 122.8GiB""},{""name"":""lab-eparagony-stub-tls"",""cpu"":""0.00%"",""mem"":""23.3MiB / 122.8GiB""},{""name"":""lab-erli-stub-tls"",""cpu"":""0.00%"",""mem"":""22.67MiB / 122.8GiB""},{""name"":""lab-wc-tls"",""cpu"":""0.07%"",""mem"":""29.56MiB / 122.8GiB""},{""name"":""lab-prestashop"",""cpu"":""8.34%"",""mem"":""149.9MiB / 122.8GiB""},{""name"":""lab-woocommerce"",""cpu"":""20.37%"",""mem"":""300.6MiB / 122.8GiB""},{""name"":""lab-redis"",""cpu"":""0.90%"",""mem"":""80.72MiB / 122.8GiB""},{""name"":""lab-postgres"",""cpu"":""4.80%"",""mem"":""254.7MiB / 122.8GiB""},{""name"":""lab-mysql"",""cpu"":""8.06%"",""mem"":""726.5MiB / 122.8GiB""},{""name"":""lab-woocommerce-mysql"",""cpu"":""21.20%"",""mem"":""511.8MiB / 122.8GiB""}]"
2026-09-10T13:49:54Z,4,1749,0,0,24,2668959411,"[{""name"":""lab-worker-1"",""cpu"":""9.02%"",""mem"":""137.6MiB / 122.8GiB""},{""name"":""lab-api"",""cpu"":""0.00%"",""mem"":""145.7MiB / 122.8GiB""},{""name"":""lab-allegro-stub"",""cpu"":""0.11%"",""mem"":""21.29MiB / 122.8GiB""},{""name"":""lab-erli-stub"",""cpu"":""0.00%"",""mem"":""18.05MiB / 122.8GiB""},{""name"":""lab-eparagony-stub"",""cpu"":""0.00%"",""mem"":""20.37MiB / 122.8GiB""},{""name"":""lab-invoicing-stub"",""cpu"":""0.01%"",""mem"":""16.6MiB / 122.8GiB""},{""name"":""lab-shipping-stub"",""cpu"":""0.01%"",""mem"":""16.58MiB / 122.8GiB""},{""name"":""lab-eparagony-stub-tls"",""cpu"":""0.00%"",""mem"":""23.3MiB / 122.8GiB""},{""name"":""lab-erli-stub-tls"",""cpu"":""0.00%"",""mem"":""22.67MiB / 122.8GiB""},{""name"":""lab-wc-tls"",""cpu"":""0.08%"",""mem"":""29.55MiB / 122.8GiB""},{""name"":""lab-prestashop"",""cpu"":""9.91%"",""mem"":""150.2MiB / 122.8GiB""},{""name"":""lab-woocommerce"",""cpu"":""16.20%"",""mem"":""300.6MiB / 122.8GiB""},{""name"":""lab-redis"",""cpu"":""0.91%"",""mem"":""80.71MiB / 122.8GiB""},{""name"":""lab-postgres"",""cpu"":""4.74%"",""mem"":""254.6MiB / 122.8GiB""},{""name"":""lab-mysql"",""cpu"":""9.24%"",""mem"":""726.5MiB / 122.8GiB""},{""name"":""lab-woocommerce-mysql"",""cpu"":""22.27%"",""mem"":""511.8MiB / 122.8GiB""}]"
2026-09-10T13:49:57Z,3,1748,2,0,22,2668975795,"[{""name"":""lab-worker-1"",""cpu"":""10.14%"",""mem"":""137.6MiB / 122.8GiB""},{""name"":""lab-api"",""cpu"":""0.77%"",""mem"":""145.7MiB / 122.8GiB""},{""name"":""lab-allegro-stub"",""cpu"":""0.09%"",""mem"":""21.3MiB / 122.8GiB""},{""name"":""lab-erli-stub"",""cpu"":""0.00%"",""mem"":""18.05MiB / 122.8GiB""},{""name"":""lab-eparagony-stub"",""cpu"":""3.95%"",""mem"":""20.68MiB / 122.8GiB""},{""name"":""lab-invoicing-stub"",""cpu"":""0.01%"",""mem"":""16.6MiB / 122.8GiB""},{""name"":""lab-shipping-stub"",""cpu"":""0.00%"",""mem"":""16.58MiB / 122.8GiB""},{""name"":""lab-eparagony-stub-tls"",""cpu"":""0.00%"",""mem"":""23.3MiB / 122.8GiB""},{""name"":""lab-erli-stub-tls"",""cpu"":""0.00%"",""mem"":""22.67MiB / 122.8GiB""},{""name"":""lab-wc-tls"",""cpu"":""0.12%"",""mem"":""29.55MiB / 122.8GiB""},{""name"":""lab-prestashop"",""cpu"":""8.09%"",""mem"":""149.9MiB / 122.8GiB""},{""name"":""lab-woocommerce"",""cpu"":""17.97%"",""mem"":""302.8MiB / 122.8GiB""},{""name"":""lab-redis"",""cpu"":""0.98%"",""mem"":""80.72MiB / 122.8GiB""},{""name"":""lab-postgres"",""cpu"":""11.63%"",""mem"":""254.6MiB / 122.8GiB""},{""name"":""lab-mysql"",""cpu"":""11.65%"",""mem"":""726.5MiB / 122.8GiB""},{""name"":""lab-woocommerce-mysql"",""cpu"":""21.95%"",""mem"":""511.8MiB / 122.8GiB""}]"
2026-09-10T13:50:00Z,3,1749,2,0,22,2668992179,"[{""name"":""lab-worker-1"",""cpu"":""10.27%"",""mem"":""137.9MiB / 122.8GiB""},{""name"":""lab-api"",""cpu"":""0.00%"",""mem"":""145.7MiB / 122.8GiB""},{""name"":""lab-allegro-stub"",""cpu"":""0.10%"",""mem"":""21.3MiB / 122.8GiB""},{""name"":""lab-erli-stub"",""cpu"":""0.00%"",""mem"":""18.05MiB / 122.8GiB""},{""name"":""lab-eparagony-stub"",""cpu"":""0.00%"",""mem"":""20.37MiB / 122.8GiB""},{""name"":""lab-invoicing-stub"",""cpu"":""0.00%"",""mem"":""16.6MiB / 122.8GiB""},{""name"":""lab-shipping-stub"",""cpu"":""0.00%"",""mem"":""16.58MiB / 122.8GiB""},{""name"":""lab-eparagony-stub-tls"",""cpu"":""0.00%"",""mem"":""23.3MiB / 122.8GiB""},{""name"":""lab-erli-stub-tls"",""cpu"":""0.00%"",""mem"":""22.67MiB / 122.8GiB""},{""name"":""lab-wc-tls"",""cpu"":""0.07%"",""mem"":""29.54MiB / 122.8GiB""},{""name"":""lab-prestashop"",""cpu"":""8.19%"",""mem"":""149.9MiB / 122.8GiB""},{""name"":""lab-woocommerce"",""cpu"":""16.42%"",""mem"":""302.6MiB / 122.8GiB""},{""name"":""lab-redis"",""cpu"":""1.29%"",""mem"":""80.72MiB / 122.8GiB""},{""name"":""lab-postgres"",""cpu"":""7.19%"",""mem"":""254.9MiB / 122.8GiB""},{""name"":""lab-mysql"",""cpu"":""7.31%"",""mem"":""726.5MiB / 122.8GiB""},{""name"":""lab-woocommerce-mysql"",""cpu"":""22.88%"",""mem"":""511.9MiB / 122.8GiB""}]"
2026-09-10T13:50:03Z,3,1751,1,0,20,2668992179,"[{""name"":""lab-worker-1"",""cpu"":""8.67%"",""mem"":""137.4MiB / 122.8GiB""},{""name"":""lab-api"",""cpu"":""0.01%"",""mem"":""145.7MiB / 122.8GiB""},{""name"":""lab-allegro-stub"",""cpu"":""4.19%"",""mem"":""21.34MiB / 122.8GiB""},{""name"":""lab-erli-stub"",""cpu"":""4.14%"",""mem"":""18.07MiB / 122.8GiB""},{""name"":""lab-eparagony-stub"",""cpu"":""0.01%"",""mem"":""20.37MiB / 122.8GiB""},{""name"":""lab-invoicing-stub"",""cpu"":""4.77%"",""mem"":""16.7MiB / 122.8GiB""},{""name"":""lab-shipping-stub"",""cpu"":""4.21%"",""mem"":""16.58MiB / 122.8GiB""},{""name"":""lab-eparagony-stub-tls"",""cpu"":""0.00%"",""mem"":""23.3MiB / 122.8GiB""},{""name"":""lab-erli-stub-tls"",""cpu"":""0.00%"",""mem"":""22.67MiB / 122.8GiB""},{""name"":""lab-wc-tls"",""cpu"":""0.08%"",""mem"":""29.54MiB / 122.8GiB""},{""name"":""lab-prestashop"",""cpu"":""7.56%"",""mem"":""149.9MiB / 122.8GiB""},{""name"":""lab-woocommerce"",""cpu"":""16.32%"",""mem"":""302.6MiB / 122.8GiB""},{""name"":""lab-redis"",""cpu"":""0.95%"",""mem"":""80.72MiB / 122.8GiB""},{""name"":""lab-postgres"",""cpu"":""6.33%"",""mem"":""251.2MiB / 122.8GiB""},{""name"":""lab-mysql"",""cpu"":""6.74%"",""mem"":""726.5MiB / 122.8GiB""},{""name"":""lab-woocommerce-mysql"",""cpu"":""21.90%"",""mem"":""511.8MiB / 122.8GiB""}]"
2026-09-10T13:50:06Z,3,1751,1,0,20,2669000371,"[{""name"":""lab-worker-1"",""cpu"":""9.79%"",""mem"":""137.5MiB / 122.8GiB""},{""name"":""lab-api"",""cpu"":""0.00%"",""mem"":""145.7MiB / 122.8GiB""},{""name"":""lab-allegro-stub"",""cpu"":""0.09%"",""mem"":""21.3MiB / 122.8GiB""},{""name"":""lab-erli-stub"",""cpu"":""0.00%"",""mem"":""18.05MiB / 122.8GiB""},{""name"":""lab-eparagony-stub"",""cpu"":""0.00%"",""mem"":""20.37MiB / 122.8GiB""},{""name"":""lab-invoicing-stub"",""cpu"":""0.00%"",""mem"":""16.6MiB / 122.8GiB""},{""name"":""lab-shipping-stub"",""cpu"":""0.00%"",""mem"":""16.58MiB / 122.8GiB""},{""name"":""lab-eparagony-stub-tls"",""cpu"":""0.00%"",""mem"":""23.3MiB / 122.8GiB""},{""name"":""lab-erli-stub-tls"",""cpu"":""0.00%"",""mem"":""22.67MiB / 122.8GiB""},{""name"":""lab-wc-tls"",""cpu"":""0.05%"",""mem"":""29.55MiB / 122.8GiB""},{""name"":""lab-prestashop"",""cpu"":""7.95%"",""mem"":""149.9MiB / 122.8GiB""},{""name"":""lab-woocommerce"",""cpu"":""18.10%"",""mem"":""302.6MiB / 122.8GiB""},{""name"":""lab-redis"",""cpu"":""0.71%"",""mem"":""80.72MiB / 122.8GiB""},{""name"":""lab-postgres"",""cpu"":""10.24%"",""mem"":""251.2MiB / 122.8GiB""},{""name"":""lab-mysql"",""cpu"":""7.11%"",""mem"":""726.5MiB / 122.8GiB""},{""name"":""lab-woocommerce-mysql"",""cpu"":""19.60%"",""mem"":""511.8MiB / 122.8GiB""}]"
2026-09-10T13:50:09Z,3,1751,2,0,20,2669008563,"[{""name"":""lab-worker-1"",""cpu"":""28.38%"",""mem"":""137.6MiB / 122.8GiB""},{""name"":""lab-api"",""cpu"":""0.00%"",""mem"":""145.8MiB / 122.8GiB""},{""name"":""lab-allegro-stub"",""cpu"":""0.07%"",""mem"":""21.3MiB / 122.8GiB""},{""name"":""lab-erli-stub"",""cpu"":""0.00%"",""mem"":""18.05MiB / 122.8GiB""},{""name"":""lab-eparagony-stub"",""cpu"":""0.00%"",""mem"":""20.39MiB / 122.8GiB""},{""name"":""lab-invoicing-stub"",""cpu"":""0.01%"",""mem"":""16.6MiB / 122.8GiB""},{""name"":""lab-shipping-stub"",""cpu"":""0.01%"",""mem"":""16.58MiB / 122.8GiB""},{""name"":""lab-eparagony-stub-tls"",""cpu"":""0.00%"",""mem"":""23.3MiB / 122.8GiB""},{""name"":""lab-erli-stub-tls"",""cpu"":""0.00%"",""mem"":""22.67MiB / 122.8GiB""},{""name"":""lab-wc-tls"",""cpu"":""0.06%"",""mem"":""29.54MiB / 122.8GiB""},{""name"":""lab-prestashop"",""cpu"":""13.95%"",""mem"":""146.2MiB / 122.8GiB""},{""name"":""lab-woocommerce"",""cpu"":""16.34%"",""mem"":""302.6MiB / 122.8GiB""},{""name"":""lab-redis"",""cpu"":""1.35%"",""mem"":""80.73MiB / 122.8GiB""},{""name"":""lab-postgres"",""cpu"":""7.39%"",""mem"":""253.5MiB / 122.8GiB""},{""name"":""lab-mysql"",""cpu"":""16.87%"",""mem"":""726.5MiB / 122.8GiB""},{""name"":""lab-woocommerce-mysql"",""cpu"":""20.17%"",""mem"":""511.8MiB / 122.8GiB""}]"
2026-09-10T13:50:12Z,3,1751,1,0,20,2669008563,"[{""name"":""lab-worker-1"",""cpu"":""8.68%"",""mem"":""137.5MiB / 122.8GiB""},{""name"":""lab-api"",""cpu"":""0.00%"",""mem"":""145.8MiB / 122.8GiB""},{""name"":""lab-allegro-stub"",""cpu"":""0.08%"",""mem"":""21.3MiB / 122.8GiB""},{""name"":""lab-erli-stub"",""cpu"":""4.11%"",""mem"":""18.06MiB / 122.8GiB""},{""name"":""lab-eparagony-stub"",""cpu"":""3.97%"",""mem"":""20.41MiB / 122.8GiB""},{""name"":""lab-invoicing-stub"",""cpu"":""0.00%"",""mem"":""16.6MiB / 122.8GiB""},{""name"":""lab-shipping-stub"",""cpu"":""0.00%"",""mem"":""16.58MiB / 122.8GiB""},{""name"":""lab-eparagony-stub-tls"",""cpu"":""0.00%"",""mem"":""23.3MiB / 122.8GiB""},{""name"":""lab-erli-stub-tls"",""cpu"":""0.00%"",""mem"":""22.67MiB / 122.8GiB""},{""name"":""lab-wc-tls"",""cpu"":""0.07%"",""mem"":""29.55MiB / 122.8GiB""},{""name"":""lab-prestashop"",""cpu"":""12.38%"",""mem"":""143.9MiB / 122.8GiB""},{""name"":""lab-woocommerce"",""cpu"":""17.56%"",""mem"":""302.6MiB / 122.8GiB""},{""name"":""lab-redis"",""cpu"":""0.93%"",""mem"":""80.72MiB / 122.8GiB""},{""name"":""lab-postgres"",""cpu"":""6.18%"",""mem"":""254.5MiB / 122.8GiB""},{""name"":""lab-mysql"",""cpu"":""8.28%"",""mem"":""726.5MiB / 122.8GiB""},{""name"":""lab-woocommerce-mysql"",""cpu"":""21.47%"",""mem"":""511.8MiB / 122.8GiB""}]"
2026-09-10T13:50:16Z,3,1750,1,0,20,2669041331,"[{""name"":""lab-worker-1"",""cpu"":""12.30%"",""mem"":""137.9MiB / 122.8GiB""},{""name"":""lab-api"",""cpu"":""0.00%"",""mem"":""145.8MiB / 122.8GiB""},{""name"":""lab-allegro-stub"",""cpu"":""0.09%"",""mem"":""21.3MiB / 122.8GiB""},{""name"":""lab-erli-stub"",""cpu"":""0.00%"",""mem"":""18.05MiB / 122.8GiB""},{""name"":""lab-eparagony-stub"",""cpu"":""0.00%"",""mem"":""20.37MiB / 122.8GiB""},{""name"":""lab-invoicing-stub"",""cpu"":""0.00%"",""mem"":""16.6MiB / 122.8GiB""},{""name"":""lab-shipping-stub"",""cpu"":""0.00%"",""mem"":""16.58MiB / 122.8GiB""},{""name"":""lab-eparagony-stub-tls"",""cpu"":""0.00%"",""mem"":""23.3MiB / 122.8GiB""},{""name"":""lab-erli-stub-tls"",""cpu"":""0.00%"",""mem"":""22.67MiB / 122.8GiB""},{""name"":""lab-wc-tls"",""cpu"":""0.06%"",""mem"":""29.54MiB / 122.8GiB""},{""name"":""lab-prestashop"",""cpu"":""7.87%"",""mem"":""143.9MiB / 122.8GiB""},{""name"":""lab-woocommerce"",""cpu"":""30.61%"",""mem"":""302.6MiB / 122.8GiB""},{""name"":""lab-redis"",""cpu"":""0.94%"",""mem"":""80.98MiB / 122.8GiB""},{""name"":""lab-postgres"",""cpu"":""6.29%"",""mem"":""254.7MiB / 122.8GiB""},{""name"":""lab-mysql"",""cpu"":""8.21%"",""mem"":""726.7MiB / 122.8GiB""},{""name"":""lab-woocommerce-mysql"",""cpu"":""22.29%"",""mem"":""512.1MiB / 122.8GiB""}]"
2026-09-10T13:50:19Z,4,1752,3,0,21,2669049523,"[{""name"":""lab-worker-1"",""cpu"":""16.83%"",""mem"":""137.7MiB / 122.8GiB""},{""name"":""lab-api"",""cpu"":""0.00%"",""mem"":""145.8MiB / 122.8GiB""},{""name"":""lab-allegro-stub"",""cpu"":""3.96%"",""mem"":""21.34MiB / 122.8GiB""},{""name"":""lab-erli-stub"",""cpu"":""0.00%"",""mem"":""18.07MiB / 122.8GiB""},{""name"":""lab-eparagony-stub"",""cpu"":""0.00%"",""mem"":""20.37MiB / 122.8GiB""},{""name"":""lab-invoicing-stub"",""cpu"":""3.95%"",""mem"":""16.62MiB / 122.8GiB""},{""name"":""lab-shipping-stub"",""cpu"":""4.48%"",""mem"":""16.61MiB / 122.8GiB""},{""name"":""lab-eparagony-stub-tls"",""cpu"":""0.00%"",""mem"":""23.3MiB / 122.8GiB""},{""name"":""lab-erli-stub-tls"",""cpu"":""0.00%"",""mem"":""22.67MiB / 122.8GiB""},{""name"":""lab-wc-tls"",""cpu"":""0.06%"",""mem"":""29.54MiB / 122.8GiB""},{""name"":""lab-prestashop"",""cpu"":""13.11%"",""mem"":""143.9MiB / 122.8GiB""},{""name"":""lab-woocommerce"",""cpu"":""15.95%"",""mem"":""302.7MiB / 122.8GiB""},{""name"":""lab-redis"",""cpu"":""1.48%"",""mem"":""80.73MiB / 122.8GiB""},{""name"":""lab-postgres"",""cpu"":""6.25%"",""mem"":""254.7MiB / 122.8GiB""},{""name"":""lab-mysql"",""cpu"":""16.63%"",""mem"":""726.5MiB / 122.8GiB""},{""name"":""lab-woocommerce-mysql"",""cpu"":""19.97%"",""mem"":""511.8MiB / 122.8GiB""}]"
2026-09-10T13:50:22Z,3,1750,2,0,20,2669049523,"[{""name"":""lab-worker-1"",""cpu"":""11.28%"",""mem"":""137.6MiB / 122.8GiB""},{""name"":""lab-api"",""cpu"":""0.00%"",""mem"":""145.8MiB / 122.8GiB""},{""name"":""lab-allegro-stub"",""cpu"":""0.20%"",""mem"":""21.4MiB / 122.8GiB""},{""name"":""lab-erli-stub"",""cpu"":""0.00%"",""mem"":""18.05MiB / 122.8GiB""},{""name"":""lab-eparagony-stub"",""cpu"":""0.00%"",""mem"":""20.37MiB / 122.8GiB""},{""name"":""lab-invoicing-stub"",""cpu"":""0.00%"",""mem"":""16.6MiB / 122.8GiB""},{""name"":""lab-shipping-stub"",""cpu"":""0.00%"",""mem"":""16.58MiB / 122.8GiB""},{""name"":""lab-eparagony-stub-tls"",""cpu"":""0.00%"",""mem"":""23.3MiB / 122.8GiB""},{""name"":""lab-erli-stub-tls"",""cpu"":""0.00%"",""mem"":""22.67MiB / 122.8GiB""},{""name"":""lab-wc-tls"",""cpu"":""0.07%"",""mem"":""29.55MiB / 122.8GiB""},{""name"":""lab-prestashop"",""cpu"":""8.41%"",""mem"":""143.9MiB / 122.8GiB""},{""name"":""lab-woocommerce"",""cpu"":""16.85%"",""mem"":""302.6MiB / 122.8GiB""},{""name"":""lab-redis"",""cpu"":""0.77%"",""mem"":""80.73MiB / 122.8GiB""},{""name"":""lab-postgres"",""cpu"":""6.87%"",""mem"":""254.7MiB / 122.8GiB""},{""name"":""lab-mysql"",""cpu"":""7.67%"",""mem"":""726.5MiB / 122.8GiB""},{""name"":""lab-woocommerce-mysql"",""cpu"":""20.82%"",""mem"":""511.8MiB / 122.8GiB""}]"
2026-09-10T13:50:25Z,3,1751,2,0,21,2669057715,"[{""name"":""lab-worker-1"",""cpu"":""8.73%"",""mem"":""137.5MiB / 122.8GiB""},{""name"":""lab-api"",""cpu"":""0.00%"",""mem"":""145.8MiB / 122.8GiB""},{""name"":""lab-allegro-stub"",""cpu"":""0.08%"",""mem"":""21.4MiB / 122.8GiB""},{""name"":""lab-erli-stub"",""cpu"":""0.00%"",""mem"":""18.05MiB / 122.8GiB""},{""name"":""lab-eparagony-stub"",""cpu"":""0.00%"",""mem"":""20.37MiB / 122.8GiB""},{""name"":""lab-invoicing-stub"",""cpu"":""0.00%"",""mem"":""16.6MiB / 122.8GiB""},{""name"":""lab-shipping-stub"",""cpu"":""0.00%"",""mem"":""16.58MiB / 122.8GiB""},{""name"":""lab-eparagony-stub-tls"",""cpu"":""0.00%"",""mem"":""23.3MiB / 122.8GiB""},{""name"":""lab-erli-stub-tls"",""cpu"":""0.00%"",""mem"":""22.67MiB / 122.8GiB""},{""name"":""lab-wc-tls"",""cpu"":""0.08%"",""mem"":""29.54MiB / 122.8GiB""},{""name"":""lab-prestashop"",""cpu"":""8.85%"",""mem"":""143.9MiB / 122.8GiB""},{""name"":""lab-woocommerce"",""cpu"":""18.15%"",""mem"":""302.7MiB / 122.8GiB""},{""name"":""lab-redis"",""cpu"":""5.61%"",""mem"":""80.75MiB / 122.8GiB""},{""name"":""lab-postgres"",""cpu"":""6.49%"",""mem"":""251.3MiB / 122.8GiB""},{""name"":""lab-mysql"",""cpu"":""8.88%"",""mem"":""726.5MiB / 122.8GiB""},{""name"":""lab-woocommerce-mysql"",""cpu"":""21.61%"",""mem"":""512.1MiB / 122.8GiB""}]"
2026-09-10T13:50:28Z,3,1749,2,0,21,2669057715,"[{""name"":""lab-worker-1"",""cpu"":""10.81%"",""mem"":""137.6MiB / 122.8GiB""},{""name"":""lab-api"",""cpu"":""0.01%"",""mem"":""146MiB / 122.8GiB""},{""name"":""lab-allegro-stub"",""cpu"":""4.31%"",""mem"":""21.41MiB / 122.8GiB""},{""name"":""lab-erli-stub"",""cpu"":""4.09%"",""mem"":""18.06MiB / 122.8GiB""},{""name"":""lab-eparagony-stub"",""cpu"":""0.01%"",""mem"":""20.37MiB / 122.8GiB""},{""name"":""lab-invoicing-stub"",""cpu"":""3.97%"",""mem"":""16.85MiB / 122.8GiB""},{""name"":""lab-shipping-stub"",""cpu"":""4.25%"",""mem"":""16.59MiB / 122.8GiB""},{""name"":""lab-eparagony-stub-tls"",""cpu"":""0.00%"",""mem"":""23.3MiB / 122.8GiB""},{""name"":""lab-erli-stub-tls"",""cpu"":""0.00%"",""mem"":""22.67MiB / 122.8GiB""},{""name"":""lab-wc-tls"",""cpu"":""0.08%"",""mem"":""29.55MiB / 122.8GiB""},{""name"":""lab-prestashop"",""cpu"":""7.09%"",""mem"":""143.9MiB / 122.8GiB""},{""name"":""lab-woocommerce"",""cpu"":""17.06%"",""mem"":""302.6MiB / 122.8GiB""},{""name"":""lab-redis"",""cpu"":""0.98%"",""mem"":""80.98MiB / 122.8GiB""},{""name"":""lab-postgres"",""cpu"":""6.99%"",""mem"":""251.2MiB / 122.8GiB""},{""name"":""lab-mysql"",""cpu"":""7.91%"",""mem"":""726.5MiB / 122.8GiB""},{""name"":""lab-woocommerce-mysql"",""cpu"":""21.00%"",""mem"":""511.9MiB / 122.8GiB""}]"
2026-09-10T13:50:31Z,3,1750,2,0,20,2669065907,"[{""name"":""lab-worker-1"",""cpu"":""9.96%"",""mem"":""137.4MiB / 122.8GiB""},{""name"":""lab-api"",""cpu"":""0.00%"",""mem"":""146MiB / 122.8GiB""},{""name"":""lab-allegro-stub"",""cpu"":""0.08%"",""mem"":""21.4MiB / 122.8GiB""},{""name"":""lab-erli-stub"",""cpu"":""0.00%"",""mem"":""18.05MiB / 122.8GiB""},{""name"":""lab-eparagony-stub"",""cpu"":""0.00%"",""mem"":""20.37MiB / 122.8GiB""},{""name"":""lab-invoicing-stub"",""cpu"":""0.00%"",""mem"":""16.6MiB / 122.8GiB""},{""name"":""lab-shipping-stub"",""cpu"":""0.00%"",""mem"":""16.58MiB / 122.8GiB""},{""name"":""lab-eparagony-stub-tls"",""cpu"":""0.00%"",""mem"":""23.3MiB / 122.8GiB""},{""name"":""lab-erli-stub-tls"",""cpu"":""0.00%"",""mem"":""22.67MiB / 122.8GiB""},{""name"":""lab-wc-tls"",""cpu"":""0.42%"",""mem"":""29.6MiB / 122.8GiB""},{""name"":""lab-prestashop"",""cpu"":""8.83%"",""mem"":""145.9MiB / 122.8GiB""},{""name"":""lab-woocommerce"",""cpu"":""64.81%"",""mem"":""302.6MiB / 122.8GiB""},{""name"":""lab-redis"",""cpu"":""0.84%"",""mem"":""80.73MiB / 122.8GiB""},{""name"":""lab-postgres"",""cpu"":""9.20%"",""mem"":""253.9MiB / 122.8GiB""},{""name"":""lab-mysql"",""cpu"":""8.27%"",""mem"":""726.7MiB / 122.8GiB""},{""name"":""lab-woocommerce-mysql"",""cpu"":""77.91%"",""mem"":""512.1MiB / 122.8GiB""}]"
2026-09-10T13:50:34Z,3,1749,2,0,21,2669106867,"[{""name"":""lab-worker-1"",""cpu"":""9.33%"",""mem"":""137.7MiB / 122.8GiB""},{""name"":""lab-api"",""cpu"":""0.00%"",""mem"":""146MiB / 122.8GiB""},{""name"":""lab-allegro-stub"",""cpu"":""0.05%"",""mem"":""21.4MiB / 122.8GiB""},{""name"":""lab-erli-stub"",""cpu"":""0.01%"",""mem"":""18.05MiB / 122.8GiB""},{""name"":""lab-eparagony-stub"",""cpu"":""0.00%"",""mem"":""20.37MiB / 122.8GiB""},{""name"":""lab-invoicing-stub"",""cpu"":""0.01%"",""mem"":""16.6MiB / 122.8GiB""},{""name"":""lab-shipping-stub"",""cpu"":""0.01%"",""mem"":""16.58MiB / 122.8GiB""},{""name"":""lab-eparagony-stub-tls"",""cpu"":""0.00%"",""mem"":""23.3MiB / 122.8GiB""},{""name"":""lab-erli-stub-tls"",""cpu"":""0.00%"",""mem"":""22.67MiB / 122.8GiB""},{""name"":""lab-wc-tls"",""cpu"":""0.07%"",""mem"":""29.59MiB / 122.8GiB""},{""name"":""lab-prestashop"",""cpu"":""7.84%"",""mem"":""145.9MiB / 122.8GiB""},{""name"":""lab-woocommerce"",""cpu"":""18.52%"",""mem"":""300.6MiB / 122.8GiB""},{""name"":""lab-redis"",""cpu"":""5.07%"",""mem"":""80.74MiB / 122.8GiB""},{""name"":""lab-postgres"",""cpu"":""6.11%"",""mem"":""254.1MiB / 122.8GiB""},{""name"":""lab-mysql"",""cpu"":""7.82%"",""mem"":""726.5MiB / 122.8GiB""},{""name"":""lab-woocommerce-mysql"",""cpu"":""25.02%"",""mem"":""511.9MiB / 122.8GiB""}]"
2026-09-10T13:50:37Z,3,1749,2,0,20,2669106867,"[{""name"":""lab-worker-1"",""cpu"":""10.53%"",""mem"":""138.1MiB / 122.8GiB""},{""name"":""lab-api"",""cpu"":""0.75%"",""mem"":""146MiB / 122.8GiB""},{""name"":""lab-allegro-stub"",""cpu"":""0.07%"",""mem"":""21.4MiB / 122.8GiB""},{""name"":""lab-erli-stub"",""cpu"":""0.00%"",""mem"":""18.05MiB / 122.8GiB""},{""name"":""lab-eparagony-stub"",""cpu"":""4.13%"",""mem"":""20.46MiB / 122.8GiB""},{""name"":""lab-invoicing-stub"",""cpu"":""0.00%"",""mem"":""16.6MiB / 122.8GiB""},{""name"":""lab-shipping-stub"",""cpu"":""0.00%"",""mem"":""16.58MiB / 122.8GiB""},{""name"":""lab-eparagony-stub-tls"",""cpu"":""0.00%"",""mem"":""23.3MiB / 122.8GiB""},{""name"":""lab-erli-stub-tls"",""cpu"":""0.00%"",""mem"":""22.67MiB / 122.8GiB""},{""name"":""lab-wc-tls"",""cpu"":""0.07%"",""mem"":""29.55MiB / 122.8GiB""},{""name"":""lab-prestashop"",""cpu"":""7.83%"",""mem"":""145.9MiB / 122.8GiB""},{""name"":""lab-woocommerce"",""cpu"":""17.66%"",""mem"":""300.6MiB / 122.8GiB""},{""name"":""lab-redis"",""cpu"":""0.94%"",""mem"":""80.74MiB / 122.8GiB""},{""name"":""lab-postgres"",""cpu"":""7.85%"",""mem"":""255.1MiB / 122.8GiB""},{""name"":""lab-mysql"",""cpu"":""11.75%"",""mem"":""726.5MiB / 122.8GiB""},{""name"":""lab-woocommerce-mysql"",""cpu"":""21.68%"",""mem"":""511.9MiB / 122.8GiB""}]"
2026-09-10T13:50:41Z,3,1749,2,0,21,2669106867,"[{""name"":""lab-worker-1"",""cpu"":""14.78%"",""mem"":""138.3MiB / 122.8GiB""},{""name"":""lab-api"",""cpu"":""0.00%"",""mem"":""146MiB / 122.8GiB""},{""name"":""lab-allegro-stub"",""cpu"":""0.07%"",""mem"":""21.4MiB / 122.8GiB""},{""name"":""lab-erli-stub"",""cpu"":""0.00%"",""mem"":""18.05MiB / 122.8GiB""},{""name"":""lab-eparagony-stub"",""cpu"":""0.00%"",""mem"":""20.37MiB / 122.8GiB""},{""name"":""lab-invoicing-stub"",""cpu"":""0.00%"",""mem"":""16.6MiB / 122.8GiB""},{""name"":""lab-shipping-stub"",""cpu"":""0.00%"",""mem"":""16.58MiB / 122.8GiB""},{""name"":""lab-eparagony-stub-tls"",""cpu"":""0.00%"",""mem"":""23.3MiB / 122.8GiB""},{""name"":""lab-erli-stub-tls"",""cpu"":""0.00%"",""mem"":""22.67MiB / 122.8GiB""},{""name"":""lab-wc-tls"",""cpu"":""0.06%"",""mem"":""29.55MiB / 122.8GiB""},{""name"":""lab-prestashop"",""cpu"":""8.14%"",""mem"":""145.9MiB / 122.8GiB""},{""name"":""lab-woocommerce"",""cpu"":""17.16%"",""mem"":""300.6MiB / 122.8GiB""},{""name"":""lab-redis"",""cpu"":""0.84%"",""mem"":""80.74MiB / 122.8GiB""},{""name"":""lab-postgres"",""cpu"":""7.04%"",""mem"":""254.9MiB / 122.8GiB""},{""name"":""lab-mysql"",""cpu"":""6.99%"",""mem"":""726.5MiB / 122.8GiB""},{""name"":""lab-woocommerce-mysql"",""cpu"":""25.59%"",""mem"":""511.9MiB / 122.8GiB""}]"
2026-09-10T13:50:44Z,4,1750,2,0,20,2669131443,"[{""name"":""lab-worker-1"",""cpu"":""7.80%"",""mem"":""137.9MiB / 122.8GiB""},{""name"":""lab-api"",""cpu"":""0.01%"",""mem"":""146MiB / 122.8GiB""},{""name"":""lab-allegro-stub"",""cpu"":""4.19%"",""mem"":""21.42MiB / 122.8GiB""},{""name"":""lab-erli-stub"",""cpu"":""3.87%"",""mem"":""18.07MiB / 122.8GiB""},{""name"":""lab-eparagony-stub"",""cpu"":""0.00%"",""mem"":""20.38MiB / 122.8GiB""},{""name"":""lab-invoicing-stub"",""cpu"":""4.22%"",""mem"":""16.61MiB / 122.8GiB""},{""name"":""lab-shipping-stub"",""cpu"":""4.40%"",""mem"":""16.58MiB / 122.8GiB""},{""name"":""lab-eparagony-stub-tls"",""cpu"":""0.00%"",""mem"":""23.3MiB / 122.8GiB""},{""name"":""lab-erli-stub-tls"",""cpu"":""0.00%"",""mem"":""22.67MiB / 122.8GiB""},{""name"":""lab-wc-tls"",""cpu"":""0.08%"",""mem"":""29.55MiB / 122.8GiB""},{""name"":""lab-prestashop"",""cpu"":""6.68%"",""mem"":""143.9MiB / 122.8GiB""},{""name"":""lab-woocommerce"",""cpu"":""17.37%"",""mem"":""300.8MiB / 122.8GiB""},{""name"":""lab-redis"",""cpu"":""0.75%"",""mem"":""80.74MiB / 122.8GiB""},{""name"":""lab-postgres"",""cpu"":""5.28%"",""mem"":""251.2MiB / 122.8GiB""},{""name"":""lab-mysql"",""cpu"":""8.10%"",""mem"":""726.7MiB / 122.8GiB""},{""name"":""lab-woocommerce-mysql"",""cpu"":""21.50%"",""mem"":""514.1MiB / 122.8GiB""}]"
2026-09-10T13:50:47Z,3,1750,2,0,20,2669139635,"[{""name"":""lab-worker-1"",""cpu"":""9.93%"",""mem"":""137.6MiB / 122.8GiB""},{""name"":""lab-api"",""cpu"":""0.00%"",""mem"":""146MiB / 122.8GiB""},{""name"":""lab-allegro-stub"",""cpu"":""0.09%"",""mem"":""21.4MiB / 122.8GiB""},{""name"":""lab-erli-stub"",""cpu"":""0.00%"",""mem"":""18.05MiB / 122.8GiB""},{""name"":""lab-eparagony-stub"",""cpu"":""0.00%"",""mem"":""20.37MiB / 122.8GiB""},{""name"":""lab-invoicing-stub"",""cpu"":""0.00%"",""mem"":""16.6MiB / 122.8GiB""},{""name"":""lab-shipping-stub"",""cpu"":""0.00%"",""mem"":""16.58MiB / 122.8GiB""},{""name"":""lab-eparagony-stub-tls"",""cpu"":""0.00%"",""mem"":""23.3MiB / 122.8GiB""},{""name"":""lab-erli-stub-tls"",""cpu"":""0.00%"",""mem"":""22.67MiB / 122.8GiB""},{""name"":""lab-wc-tls"",""cpu"":""0.08%"",""mem"":""29.55MiB / 122.8GiB""},{""name"":""lab-prestashop"",""cpu"":""6.88%"",""mem"":""143.9MiB / 122.8GiB""},{""name"":""lab-woocommerce"",""cpu"":""13.62%"",""mem"":""300.6MiB / 122.8GiB""},{""name"":""lab-redis"",""cpu"":""0.78%"",""mem"":""80.74MiB / 122.8GiB""},{""name"":""lab-postgres"",""cpu"":""12.62%"",""mem"":""254.7MiB / 122.8GiB""},{""name"":""lab-mysql"",""cpu"":""12.62%"",""mem"":""726.7MiB / 122.8GiB""},{""name"":""lab-woocommerce-mysql"",""cpu"":""17.46%"",""mem"":""513.9MiB / 122.8GiB""}]"
2026-09-10T13:50:50Z,3,1751,3,0,19,2669147827,"[{""name"":""lab-worker-1"",""cpu"":""8.63%"",""mem"":""138.4MiB / 122.8GiB""},{""name"":""lab-api"",""cpu"":""0.00%"",""mem"":""146.1MiB / 122.8GiB""},{""name"":""lab-allegro-stub"",""cpu"":""0.09%"",""mem"":""21.41MiB / 122.8GiB""},{""name"":""lab-erli-stub"",""cpu"":""0.00%"",""mem"":""18.05MiB / 122.8GiB""},{""name"":""lab-eparagony-stub"",""cpu"":""0.00%"",""mem"":""20.37MiB / 122.8GiB""},{""name"":""lab-invoicing-stub"",""cpu"":""0.00%"",""mem"":""16.6MiB / 122.8GiB""},{""name"":""lab-shipping-stub"",""cpu"":""0.00%"",""mem"":""16.58MiB / 122.8GiB""},{""name"":""lab-eparagony-stub-tls"",""cpu"":""0.00%"",""mem"":""23.3MiB / 122.8GiB""},{""name"":""lab-erli-stub-tls"",""cpu"":""0.00%"",""mem"":""22.67MiB / 122.8GiB""},{""name"":""lab-wc-tls"",""cpu"":""0.08%"",""mem"":""29.55MiB / 122.8GiB""},{""name"":""lab-prestashop"",""cpu"":""5.17%"",""mem"":""143.9MiB / 122.8GiB""},{""name"":""lab-woocommerce"",""cpu"":""17.79%"",""mem"":""300.6MiB / 122.8GiB""},{""name"":""lab-redis"",""cpu"":""0.62%"",""mem"":""80.75MiB / 122.8GiB""},{""name"":""lab-postgres"",""cpu"":""8.43%"",""mem"":""254.6MiB / 122.8GiB""},{""name"":""lab-mysql"",""cpu"":""4.57%"",""mem"":""726.5MiB / 122.8GiB""},{""name"":""lab-woocommerce-mysql"",""cpu"":""27.18%"",""mem"":""514.6MiB / 122.8GiB""}]"
2026-09-10T13:50:53Z,3,1751,2,0,19,2669164211,"[{""name"":""lab-worker-1"",""cpu"":""10.22%"",""mem"":""137.6MiB / 122.8GiB""},{""name"":""lab-api"",""cpu"":""0.01%"",""mem"":""146.1MiB / 122.8GiB""},{""name"":""lab-allegro-stub"",""cpu"":""0.09%"",""mem"":""21.41MiB / 122.8GiB""},{""name"":""lab-erli-stub"",""cpu"":""4.07%"",""mem"":""18.36MiB / 122.8GiB""},{""name"":""lab-eparagony-stub"",""cpu"":""4.01%"",""mem"":""20.38MiB / 122.8GiB""},{""name"":""lab-invoicing-stub"",""cpu"":""0.00%"",""mem"":""16.6MiB / 122.8GiB""},{""name"":""lab-shipping-stub"",""cpu"":""0.00%"",""mem"":""16.58MiB / 122.8GiB""},{""name"":""lab-eparagony-stub-tls"",""cpu"":""0.00%"",""mem"":""23.3MiB / 122.8GiB""},{""name"":""lab-erli-stub-tls"",""cpu"":""0.00%"",""mem"":""22.67MiB / 122.8GiB""},{""name"":""lab-wc-tls"",""cpu"":""0.07%"",""mem"":""29.55MiB / 122.8GiB""},{""name"":""lab-prestashop"",""cpu"":""6.61%"",""mem"":""143.9MiB / 122.8GiB""},{""name"":""lab-woocommerce"",""cpu"":""16.98%"",""mem"":""300.6MiB / 122.8GiB""},{""name"":""lab-redis"",""cpu"":""0.69%"",""mem"":""80.75MiB / 122.8GiB""},{""name"":""lab-postgres"",""cpu"":""8.28%"",""mem"":""255MiB / 122.8GiB""},{""name"":""lab-mysql"",""cpu"":""6.05%"",""mem"":""726.5MiB / 122.8GiB""},{""name"":""lab-woocommerce-mysql"",""cpu"":""21.84%"",""mem"":""514.5MiB / 122.8GiB""}]"
2026-09-10T13:50:56Z,3,1749,2,0,21,2669172403,"[{""name"":""lab-worker-1"",""cpu"":""10.23%"",""mem"":""139.3MiB / 122.8GiB""},{""name"":""lab-api"",""cpu"":""0.00%"",""mem"":""146.1MiB / 122.8GiB""},{""name"":""lab-allegro-stub"",""cpu"":""0.09%"",""mem"":""21.41MiB / 122.8GiB""},{""name"":""lab-erli-stub"",""cpu"":""0.00%"",""mem"":""18.05MiB / 122.8GiB""},{""name"":""lab-eparagony-stub"",""cpu"":""0.00%"",""mem"":""20.37MiB / 122.8GiB""},{""name"":""lab-invoicing-stub"",""cpu"":""0.01%"",""mem"":""16.6MiB / 122.8GiB""},{""name"":""lab-shipping-stub"",""cpu"":""0.01%"",""mem"":""16.58MiB / 122.8GiB""},{""name"":""lab-eparagony-stub-tls"",""cpu"":""0.00%"",""mem"":""23.3MiB / 122.8GiB""},{""name"":""lab-erli-stub-tls"",""cpu"":""0.00%"",""mem"":""22.67MiB / 122.8GiB""},{""name"":""lab-wc-tls"",""cpu"":""0.10%"",""mem"":""29.55MiB / 122.8GiB""},{""name"":""lab-prestashop"",""cpu"":""6.29%"",""mem"":""144.2MiB / 122.8GiB""},{""name"":""lab-woocommerce"",""cpu"":""16.41%"",""mem"":""300.6MiB / 122.8GiB""},{""name"":""lab-redis"",""cpu"":""0.66%"",""mem"":""80.76MiB / 122.8GiB""},{""name"":""lab-postgres"",""cpu"":""8.58%"",""mem"":""254.7MiB / 122.8GiB""},{""name"":""lab-mysql"",""cpu"":""6.32%"",""mem"":""726.5MiB / 122.8GiB""},{""name"":""lab-woocommerce-mysql"",""cpu"":""16.57%"",""mem"":""514.5MiB / 122.8GiB""}]"
2026-09-10T13:50:59Z,3,1749,3,0,21,2669180595,"[{""name"":""lab-worker-1"",""cpu"":""10.75%"",""mem"":""137.7MiB / 122.8GiB""},{""name"":""lab-api"",""cpu"":""0.00%"",""mem"":""146.1MiB / 122.8GiB""},{""name"":""lab-allegro-stub"",""cpu"":""3.37%"",""mem"":""21.43MiB / 122.8GiB""},{""name"":""lab-erli-stub"",""cpu"":""0.01%"",""mem"":""18.05MiB / 122.8GiB""},{""name"":""lab-eparagony-stub"",""cpu"":""0.00%"",""mem"":""20.37MiB / 122.8GiB""},{""name"":""lab-invoicing-stub"",""cpu"":""3.75%"",""mem"":""16.6MiB / 122.8GiB""},{""name"":""lab-shipping-stub"",""cpu"":""4.17%"",""mem"":""16.58MiB / 122.8GiB""},{""name"":""lab-eparagony-stub-tls"",""cpu"":""0.00%"",""mem"":""23.3MiB / 122.8GiB""},{""name"":""lab-erli-stub-tls"",""cpu"":""0.00%"",""mem"":""22.67MiB / 122.8GiB""},{""name"":""lab-wc-tls"",""cpu"":""0.07%"",""mem"":""29.56MiB / 122.8GiB""},{""name"":""lab-prestashop"",""cpu"":""8.73%"",""mem"":""143.9MiB / 122.8GiB""},{""name"":""lab-woocommerce"",""cpu"":""20.76%"",""mem"":""302.6MiB / 122.8GiB""},{""name"":""lab-redis"",""cpu"":""0.88%"",""mem"":""80.76MiB / 122.8GiB""},{""name"":""lab-postgres"",""cpu"":""9.06%"",""mem"":""254.7MiB / 122.8GiB""},{""name"":""lab-mysql"",""cpu"":""8.30%"",""mem"":""726.5MiB / 122.8GiB""},{""name"":""lab-woocommerce-mysql"",""cpu"":""20.60%"",""mem"":""514.5MiB / 122.8GiB""}]"
2026-09-10T13:51:02Z,3,1749,2,0,20,2669188787,"[{""name"":""lab-worker-1"",""cpu"":""8.54%"",""mem"":""137.6MiB / 122.8GiB""},{""name"":""lab-api"",""cpu"":""0.00%"",""mem"":""146.1MiB / 122.8GiB""},{""name"":""lab-allegro-stub"",""cpu"":""0.06%"",""mem"":""21.41MiB / 122.8GiB""},{""name"":""lab-erli-stub"",""cpu"":""0.00%"",""mem"":""18.05MiB / 122.8GiB""},{""name"":""lab-eparagony-stub"",""cpu"":""1.62%"",""mem"":""24.92MiB / 122.8GiB""},{""name"":""lab-invoicing-stub"",""cpu"":""0.00%"",""mem"":""16.6MiB / 122.8GiB""},{""name"":""lab-shipping-stub"",""cpu"":""0.00%"",""mem"":""16.58MiB / 122.8GiB""},{""name"":""lab-eparagony-stub-tls"",""cpu"":""0.00%"",""mem"":""23.3MiB / 122.8GiB""},{""name"":""lab-erli-stub-tls"",""cpu"":""0.00%"",""mem"":""22.67MiB / 122.8GiB""},{""name"":""lab-wc-tls"",""cpu"":""0.09%"",""mem"":""29.55MiB / 122.8GiB""},{""name"":""lab-prestashop"",""cpu"":""10.12%"",""mem"":""143.9MiB / 122.8GiB""},{""name"":""lab-woocommerce"",""cpu"":""20.21%"",""mem"":""302.7MiB / 122.8GiB""},{""name"":""lab-redis"",""cpu"":""0.99%"",""mem"":""80.76MiB / 122.8GiB""},{""name"":""lab-postgres"",""cpu"":""6.39%"",""mem"":""254.7MiB / 122.8GiB""},{""name"":""lab-mysql"",""cpu"":""9.66%"",""mem"":""726.5MiB / 122.8GiB""},{""name"":""lab-woocommerce-mysql"",""cpu"":""20.70%"",""mem"":""514.8MiB / 122.8GiB""}]"
2026-09-10T13:51:05Z,3,1749,1,0,22,2669188787,"[{""name"":""lab-worker-1"",""cpu"":""8.63%"",""mem"":""138.3MiB / 122.8GiB""},{""name"":""lab-api"",""cpu"":""0.00%"",""mem"":""146.1MiB / 122.8GiB""},{""name"":""lab-allegro-stub"",""cpu"":""0.04%"",""mem"":""21.4MiB / 122.8GiB""},{""name"":""lab-erli-stub"",""cpu"":""0.00%"",""mem"":""18.05MiB / 122.8GiB""},{""name"":""lab-eparagony-stub"",""cpu"":""0.00%"",""mem"":""20.37MiB / 122.8GiB""},{""name"":""lab-invoicing-stub"",""cpu"":""0.00%"",""mem"":""16.6MiB / 122.8GiB""},{""name"":""lab-shipping-stub"",""cpu"":""0.00%"",""mem"":""16.58MiB / 122.8GiB""},{""name"":""lab-eparagony-stub-tls"",""cpu"":""0.00%"",""mem"":""23.3MiB / 122.8GiB""},{""name"":""lab-erli-stub-tls"",""cpu"":""0.00%"",""mem"":""22.67MiB / 122.8GiB""},{""name"":""lab-wc-tls"",""cpu"":""0.00%"",""mem"":""29.55MiB / 122.8GiB""},{""name"":""lab-prestashop"",""cpu"":""11.33%"",""mem"":""142.2MiB / 122.8GiB""},{""name"":""lab-woocommerce"",""cpu"":""0.01%"",""mem"":""302.6MiB / 122.8GiB""},{""name"":""lab-redis"",""cpu"":""0.89%"",""mem"":""80.77MiB / 122.8GiB""},{""name"":""lab-postgres"",""cpu"":""4.88%"",""mem"":""254.8MiB / 122.8GiB""},{""name"":""lab-mysql"",""cpu"":""10.92%"",""mem"":""726.5MiB / 122.8GiB""},{""name"":""lab-woocommerce-mysql"",""cpu"":""2.73%"",""mem"":""514.5MiB / 122.8GiB""}]"
2026-09-10T13:51:09Z,3,1748,2,0,21,2669188787,"[{""name"":""lab-worker-1"",""cpu"":""12.18%"",""mem"":""137.6MiB / 122.8GiB""},{""name"":""lab-api"",""cpu"":""0.00%"",""mem"":""146.3MiB / 122.8GiB""},{""name"":""lab-allegro-stub"",""cpu"":""3.93%"",""mem"":""21.45MiB / 122.8GiB""},{""name"":""lab-erli-stub"",""cpu"":""4.05%"",""mem"":""18.07MiB / 122.8GiB""},{""name"":""lab-eparagony-stub"",""cpu"":""0.00%"",""mem"":""20.37MiB / 122.8GiB""},{""name"":""lab-invoicing-stub"",""cpu"":""4.07%"",""mem"":""16.6MiB / 122.8GiB""},{""name"":""lab-shipping-stub"",""cpu"":""4.30%"",""mem"":""16.58MiB / 122.8GiB""},{""name"":""lab-eparagony-stub-tls"",""cpu"":""0.00%"",""mem"":""23.3MiB / 122.8GiB""},{""name"":""lab-erli-stub-tls"",""cpu"":""0.00%"",""mem"":""22.67MiB / 122.8GiB""},{""name"":""lab-wc-tls"",""cpu"":""0.07%"",""mem"":""29.8MiB / 122.8GiB""},{""name"":""lab-prestashop"",""cpu"":""11.73%"",""mem"":""141.9MiB / 122.8GiB""},{""name"":""lab-woocommerce"",""cpu"":""18.18%"",""mem"":""302.6MiB / 122.8GiB""},{""name"":""lab-redis"",""cpu"":""1.13%"",""mem"":""81MiB / 122.8GiB""},{""name"":""lab-postgres"",""cpu"":""9.97%"",""mem"":""254.4MiB / 122.8GiB""},{""name"":""lab-mysql"",""cpu"":""13.13%"",""mem"":""726.5MiB / 122.8GiB""},{""name"":""lab-woocommerce-mysql"",""cpu"":""24.33%"",""mem"":""514.6MiB / 122.8GiB""}]"
2026-09-10T13:51:12Z,4,1748,2,0,22,2669196979,"[{""name"":""lab-worker-1"",""cpu"":""9.80%"",""mem"":""137.7MiB / 122.8GiB""},{""name"":""lab-api"",""cpu"":""0.00%"",""mem"":""146.3MiB / 122.8GiB""},{""name"":""lab-allegro-stub"",""cpu"":""0.09%"",""mem"":""21.42MiB / 122.8GiB""},{""name"":""lab-erli-stub"",""cpu"":""0.00%"",""mem"":""18.05MiB / 122.8GiB""},{""name"":""lab-eparagony-stub"",""cpu"":""0.00%"",""mem"":""20.37MiB / 122.8GiB""},{""name"":""lab-invoicing-stub"",""cpu"":""0.00%"",""mem"":""16.6MiB / 122.8GiB""},{""name"":""lab-shipping-stub"",""cpu"":""0.00%"",""mem"":""16.58MiB / 122.8GiB""},{""name"":""lab-eparagony-stub-tls"",""cpu"":""0.00%"",""mem"":""23.3MiB / 122.8GiB""},{""name"":""lab-erli-stub-tls"",""cpu"":""0.00%"",""mem"":""22.67MiB / 122.8GiB""},{""name"":""lab-wc-tls"",""cpu"":""0.07%"",""mem"":""29.55MiB / 122.8GiB""},{""name"":""lab-prestashop"",""cpu"":""9.44%"",""mem"":""148.2MiB / 122.8GiB""},{""name"":""lab-woocommerce"",""cpu"":""18.28%"",""mem"":""302.6MiB / 122.8GiB""},{""name"":""lab-redis"",""cpu"":""0.73%"",""mem"":""80.76MiB / 122.8GiB""},{""name"":""lab-postgres"",""cpu"":""5.71%"",""mem"":""254.6MiB / 122.8GiB""},{""name"":""lab-mysql"",""cpu"":""7.48%"",""mem"":""726.5MiB / 122.8GiB""},{""name"":""lab-woocommerce-mysql"",""cpu"":""20.95%"",""mem"":""514.6MiB / 122.8GiB""}]"
2026-09-10T13:51:15Z,3,1748,2,0,22,2669205171,"[{""name"":""lab-worker-1"",""cpu"":""19.11%"",""mem"":""138.1MiB / 122.8GiB""},{""name"":""lab-api"",""cpu"":""0.00%"",""mem"":""146.3MiB / 122.8GiB""},{""name"":""lab-allegro-stub"",""cpu"":""0.08%"",""mem"":""21.42MiB / 122.8GiB""},{""name"":""lab-erli-stub"",""cpu"":""0.00%"",""mem"":""18.05MiB / 122.8GiB""},{""name"":""lab-eparagony-stub"",""cpu"":""0.00%"",""mem"":""20.37MiB / 122.8GiB""},{""name"":""lab-invoicing-stub"",""cpu"":""0.00%"",""mem"":""16.6MiB / 122.8GiB""},{""name"":""lab-shipping-stub"",""cpu"":""0.00%"",""mem"":""16.58MiB / 122.8GiB""},{""name"":""lab-eparagony-stub-tls"",""cpu"":""0.00%"",""mem"":""23.3MiB / 122.8GiB""},{""name"":""lab-erli-stub-tls"",""cpu"":""0.00%"",""mem"":""22.67MiB / 122.8GiB""},{""name"":""lab-wc-tls"",""cpu"":""0.08%"",""mem"":""29.56MiB / 122.8GiB""},{""name"":""lab-prestashop"",""cpu"":""7.26%"",""mem"":""139.9MiB / 122.8GiB""},{""name"":""lab-woocommerce"",""cpu"":""18.31%"",""mem"":""302.6MiB / 122.8GiB""},{""name"":""lab-redis"",""cpu"":""5.16%"",""mem"":""80.8MiB / 122.8GiB""},{""name"":""lab-postgres"",""cpu"":""7.06%"",""mem"":""254.7MiB / 122.8GiB""},{""name"":""lab-mysql"",""cpu"":""7.47%"",""mem"":""726.7MiB / 122.8GiB""},{""name"":""lab-woocommerce-mysql"",""cpu"":""23.28%"",""mem"":""515.1MiB / 122.8GiB""}]"
2026-09-10T13:51:18Z,3,1748,2,0,22,2669246131,"[{""name"":""lab-worker-1"",""cpu"":""12.09%"",""mem"":""137.9MiB / 122.8GiB""},{""name"":""lab-api"",""cpu"":""0.82%"",""mem"":""146.3MiB / 122.8GiB""},{""name"":""lab-allegro-stub"",""cpu"":""0.16%"",""mem"":""21.42MiB / 122.8GiB""},{""name"":""lab-erli-stub"",""cpu"":""1.45%"",""mem"":""22.61MiB / 122.8GiB""},{""name"":""lab-eparagony-stub"",""cpu"":""3.87%"",""mem"":""20.39MiB / 122.8GiB""},{""name"":""lab-invoicing-stub"",""cpu"":""0.00%"",""mem"":""16.6MiB / 122.8GiB""},{""name"":""lab-shipping-stub"",""cpu"":""0.00%"",""mem"":""16.58MiB / 122.8GiB""},{""name"":""lab-eparagony-stub-tls"",""cpu"":""0.00%"",""mem"":""23.3MiB / 122.8GiB""},{""name"":""lab-erli-stub-tls"",""cpu"":""0.00%"",""mem"":""22.67MiB / 122.8GiB""},{""name"":""lab-wc-tls"",""cpu"":""0.06%"",""mem"":""29.55MiB / 122.8GiB""},{""name"":""lab-prestashop"",""cpu"":""9.03%"",""mem"":""139.9MiB / 122.8GiB""},{""name"":""lab-woocommerce"",""cpu"":""16.97%"",""mem"":""302.6MiB / 122.8GiB""},{""name"":""lab-redis"",""cpu"":""0.96%"",""mem"":""80.76MiB / 122.8GiB""},{""name"":""lab-postgres"",""cpu"":""7.06%"",""mem"":""254.7MiB / 122.8GiB""},{""name"":""lab-mysql"",""cpu"":""7.60%"",""mem"":""726.5MiB / 122.8GiB""},{""name"":""lab-woocommerce-mysql"",""cpu"":""21.51%"",""mem"":""514.6MiB / 122.8GiB""}]"
2026-09-10T13:51:21Z,3,1748,2,0,21,2669246131,"[{""name"":""lab-worker-1"",""cpu"":""12.45%"",""mem"":""138.3MiB / 122.8GiB""},{""name"":""lab-api"",""cpu"":""0.02%"",""mem"":""146.3MiB / 122.8GiB""},{""name"":""lab-allegro-stub"",""cpu"":""0.08%"",""mem"":""21.42MiB / 122.8GiB""},{""name"":""lab-erli-stub"",""cpu"":""0.00%"",""mem"":""18.05MiB / 122.8GiB""},{""name"":""lab-eparagony-stub"",""cpu"":""0.00%"",""mem"":""20.37MiB / 122.8GiB""},{""name"":""lab-invoicing-stub"",""cpu"":""0.00%"",""mem"":""16.6MiB / 122.8GiB""},{""name"":""lab-shipping-stub"",""cpu"":""0.00%"",""mem"":""16.58MiB / 122.8GiB""},{""name"":""lab-eparagony-stub-tls"",""cpu"":""0.00%"",""mem"":""23.3MiB / 122.8GiB""},{""name"":""lab-erli-stub-tls"",""cpu"":""0.00%"",""mem"":""22.67MiB / 122.8GiB""},{""name"":""lab-wc-tls"",""cpu"":""0.07%"",""mem"":""29.55MiB / 122.8GiB""},{""name"":""lab-prestashop"",""cpu"":""7.58%"",""mem"":""139.9MiB / 122.8GiB""},{""name"":""lab-woocommerce"",""cpu"":""18.05%"",""mem"":""302.7MiB / 122.8GiB""},{""name"":""lab-redis"",""cpu"":""0.81%"",""mem"":""80.77MiB / 122.8GiB""},{""name"":""lab-postgres"",""cpu"":""7.58%"",""mem"":""254.4MiB / 122.8GiB""},{""name"":""lab-mysql"",""cpu"":""7.33%"",""mem"":""726.5MiB / 122.8GiB""},{""name"":""lab-woocommerce-mysql"",""cpu"":""23.40%"",""mem"":""514.8MiB / 122.8GiB""}]"
2026-09-10T13:51:24Z,3,1749,2,0,20,2669246131,"[{""name"":""lab-worker-1"",""cpu"":""15.83%"",""mem"":""138.1MiB / 122.8GiB""},{""name"":""lab-api"",""cpu"":""0.00%"",""mem"":""146.3MiB / 122.8GiB""},{""name"":""lab-allegro-stub"",""cpu"":""3.84%"",""mem"":""21.43MiB / 122.8GiB""},{""name"":""lab-erli-stub"",""cpu"":""0.01%"",""mem"":""18.07MiB / 122.8GiB""},{""name"":""lab-eparagony-stub"",""cpu"":""0.01%"",""mem"":""20.37MiB / 122.8GiB""},{""name"":""lab-invoicing-stub"",""cpu"":""4.28%"",""mem"":""16.63MiB / 122.8GiB""},{""name"":""lab-shipping-stub"",""cpu"":""4.08%"",""mem"":""16.59MiB / 122.8GiB""},{""name"":""lab-eparagony-stub-tls"",""cpu"":""0.00%"",""mem"":""23.3MiB / 122.8GiB""},{""name"":""lab-erli-stub-tls"",""cpu"":""0.00%"",""mem"":""22.67MiB / 122.8GiB""},{""name"":""lab-wc-tls"",""cpu"":""0.09%"",""mem"":""29.56MiB / 122.8GiB""},{""name"":""lab-prestashop"",""cpu"":""9.27%"",""mem"":""139.9MiB / 122.8GiB""},{""name"":""lab-woocommerce"",""cpu"":""16.99%"",""mem"":""302.6MiB / 122.8GiB""},{""name"":""lab-redis"",""cpu"":""3.40%"",""mem"":""86.34MiB / 122.8GiB""},{""name"":""lab-postgres"",""cpu"":""7.19%"",""mem"":""254.6MiB / 122.8GiB""},{""name"":""lab-mysql"",""cpu"":""8.55%"",""mem"":""726.5MiB / 122.8GiB""},{""name"":""lab-woocommerce-mysql"",""cpu"":""22.08%"",""mem"":""514.6MiB / 122.8GiB""}]"
2026-09-10T13:51:27Z,3,1750,2,0,19,2669254323,"[{""name"":""lab-worker-1"",""cpu"":""8.19%"",""mem"":""137.8MiB / 122.8GiB""},{""name"":""lab-api"",""cpu"":""0.90%"",""mem"":""146.4MiB / 122.8GiB""},{""name"":""lab-allegro-stub"",""cpu"":""0.06%"",""mem"":""21.42MiB / 122.8GiB""},{""name"":""lab-erli-stub"",""cpu"":""0.00%"",""mem"":""18.05MiB / 122.8GiB""},{""name"":""lab-eparagony-stub"",""cpu"":""0.01%"",""mem"":""20.37MiB / 122.8GiB""},{""name"":""lab-invoicing-stub"",""cpu"":""0.00%"",""mem"":""16.6MiB / 122.8GiB""},{""name"":""lab-shipping-stub"",""cpu"":""0.00%"",""mem"":""16.58MiB / 122.8GiB""},{""name"":""lab-eparagony-stub-tls"",""cpu"":""0.00%"",""mem"":""23.3MiB / 122.8GiB""},{""name"":""lab-erli-stub-tls"",""cpu"":""0.00%"",""mem"":""22.67MiB / 122.8GiB""},{""name"":""lab-wc-tls"",""cpu"":""0.07%"",""mem"":""29.8MiB / 122.8GiB""},{""name"":""lab-prestashop"",""cpu"":""8.02%"",""mem"":""139.9MiB / 122.8GiB""},{""name"":""lab-woocommerce"",""cpu"":""17.37%"",""mem"":""302.6MiB / 122.8GiB""},{""name"":""lab-redis"",""cpu"":""0.87%"",""mem"":""80.77MiB / 122.8GiB""},{""name"":""lab-postgres"",""cpu"":""11.52%"",""mem"":""254.6MiB / 122.8GiB""},{""name"":""lab-mysql"",""cpu"":""11.75%"",""mem"":""726.5MiB / 122.8GiB""},{""name"":""lab-woocommerce-mysql"",""cpu"":""22.06%"",""mem"":""514.6MiB / 122.8GiB""}]"
2026-09-10T13:51:30Z,3,1749,3,0,21,2669278899,"[{""name"":""lab-worker-1"",""cpu"":""11.02%"",""mem"":""138MiB / 122.8GiB""},{""name"":""lab-api"",""cpu"":""0.00%"",""mem"":""146.4MiB / 122.8GiB""},{""name"":""lab-allegro-stub"",""cpu"":""0.06%"",""mem"":""21.43MiB / 122.8GiB""},{""name"":""lab-erli-stub"",""cpu"":""0.00%"",""mem"":""18.05MiB / 122.8GiB""},{""name"":""lab-eparagony-stub"",""cpu"":""0.00%"",""mem"":""20.37MiB / 122.8GiB""},{""name"":""lab-invoicing-stub"",""cpu"":""0.00%"",""mem"":""16.6MiB / 122.8GiB""},{""name"":""lab-shipping-stub"",""cpu"":""0.01%"",""mem"":""16.58MiB / 122.8GiB""},{""name"":""lab-eparagony-stub-tls"",""cpu"":""0.00%"",""mem"":""23.3MiB / 122.8GiB""},{""name"":""lab-erli-stub-tls"",""cpu"":""0.00%"",""mem"":""22.67MiB / 122.8GiB""},{""name"":""lab-wc-tls"",""cpu"":""0.20%"",""mem"":""29.61MiB / 122.8GiB""},{""name"":""lab-prestashop"",""cpu"":""8.15%"",""mem"":""139.9MiB / 122.8GiB""},{""name"":""lab-woocommerce"",""cpu"":""50.21%"",""mem"":""303.2MiB / 122.8GiB""},{""name"":""lab-redis"",""cpu"":""0.74%"",""mem"":""80.76MiB / 122.8GiB""},{""name"":""lab-postgres"",""cpu"":""6.26%"",""mem"":""254.7MiB / 122.8GiB""},{""name"":""lab-mysql"",""cpu"":""7.01%"",""mem"":""726.5MiB / 122.8GiB""},{""name"":""lab-woocommerce-mysql"",""cpu"":""78.93%"",""mem"":""515.3MiB / 122.8GiB""}]"
2026-09-10T13:51:34Z,3,1750,2,0,20,2669287091,"[{""name"":""lab-worker-1"",""cpu"":""5.86%"",""mem"":""137.7MiB / 122.8GiB""},{""name"":""lab-api"",""cpu"":""0.01%"",""mem"":""146.4MiB / 122.8GiB""},{""name"":""lab-allegro-stub"",""cpu"":""0.90%"",""mem"":""25.46MiB / 122.8GiB""},{""name"":""lab-erli-stub"",""cpu"":""4.26%"",""mem"":""18.09MiB / 122.8GiB""},{""name"":""lab-eparagony-stub"",""cpu"":""4.01%"",""mem"":""20.38MiB / 122.8GiB""},{""name"":""lab-invoicing-stub"",""cpu"":""3.69%"",""mem"":""23.9MiB / 122.8GiB""},{""name"":""lab-shipping-stub"",""cpu"":""0.00%"",""mem"":""16.58MiB / 122.8GiB""},{""name"":""lab-eparagony-stub-tls"",""cpu"":""0.00%"",""mem"":""23.3MiB / 122.8GiB""},{""name"":""lab-erli-stub-tls"",""cpu"":""0.00%"",""mem"":""22.67MiB / 122.8GiB""},{""name"":""lab-wc-tls"",""cpu"":""0.05%"",""mem"":""29.6MiB / 122.8GiB""},{""name"":""lab-prestashop"",""cpu"":""7.99%"",""mem"":""139.9MiB / 122.8GiB""},{""name"":""lab-woocommerce"",""cpu"":""17.65%"",""mem"":""301.2MiB / 122.8GiB""},{""name"":""lab-redis"",""cpu"":""31.32%"",""mem"":""80.79MiB / 122.8GiB""},{""name"":""lab-postgres"",""cpu"":""4.11%"",""mem"":""254.7MiB / 122.8GiB""},{""name"":""lab-mysql"",""cpu"":""7.76%"",""mem"":""726.5MiB / 122.8GiB""},{""name"":""lab-woocommerce-mysql"",""cpu"":""23.86%"",""mem"":""514.8MiB / 122.8GiB""}]"
2026-09-10T13:51:37Z,4,1750,2,0,20,2669311667,"[{""name"":""lab-worker-1"",""cpu"":""9.17%"",""mem"":""137.7MiB / 122.8GiB""},{""name"":""lab-api"",""cpu"":""0.00%"",""mem"":""146.4MiB / 122.8GiB""},{""name"":""lab-allegro-stub"",""cpu"":""0.10%"",""mem"":""21.42MiB / 122.8GiB""},{""name"":""lab-erli-stub"",""cpu"":""0.00%"",""mem"":""18.05MiB / 122.8GiB""},{""name"":""lab-eparagony-stub"",""cpu"":""0.00%"",""mem"":""20.37MiB / 122.8GiB""},{""name"":""lab-invoicing-stub"",""cpu"":""0.00%"",""mem"":""16.6MiB / 122.8GiB""},{""name"":""lab-shipping-stub"",""cpu"":""0.00%"",""mem"":""16.58MiB / 122.8GiB""},{""name"":""lab-eparagony-stub-tls"",""cpu"":""0.00%"",""mem"":""23.3MiB / 122.8GiB""},{""name"":""lab-erli-stub-tls"",""cpu"":""0.00%"",""mem"":""22.67MiB / 122.8GiB""},{""name"":""lab-wc-tls"",""cpu"":""0.05%"",""mem"":""29.55MiB / 122.8GiB""},{""name"":""lab-prestashop"",""cpu"":""6.79%"",""mem"":""139.9MiB / 122.8GiB""},{""name"":""lab-woocommerce"",""cpu"":""20.52%"",""mem"":""317.1MiB / 122.8GiB""},{""name"":""lab-redis"",""cpu"":""0.73%"",""mem"":""80.77MiB / 122.8GiB""},{""name"":""lab-postgres"",""cpu"":""12.04%"",""mem"":""251.1MiB / 122.8GiB""},{""name"":""lab-mysql"",""cpu"":""6.32%"",""mem"":""726.5MiB / 122.8GiB""},{""name"":""lab-woocommerce-mysql"",""cpu"":""22.13%"",""mem"":""514.6MiB / 122.8GiB""}]"
2026-09-10T13:51:40Z,3,1750,3,0,20,2669336243,"[{""name"":""lab-worker-1"",""cpu"":""12.94%"",""mem"":""138.4MiB / 122.8GiB""},{""name"":""lab-api"",""cpu"":""0.00%"",""mem"":""146.4MiB / 122.8GiB""},{""name"":""lab-allegro-stub"",""cpu"":""0.09%"",""mem"":""21.43MiB / 122.8GiB""},{""name"":""lab-erli-stub"",""cpu"":""0.00%"",""mem"":""18.05MiB / 122.8GiB""},{""name"":""lab-eparagony-stub"",""cpu"":""0.00%"",""mem"":""20.37MiB / 122.8GiB""},{""name"":""lab-invoicing-stub"",""cpu"":""0.01%"",""mem"":""16.6MiB / 122.8GiB""},{""name"":""lab-shipping-stub"",""cpu"":""0.01%"",""mem"":""16.61MiB / 122.8GiB""},{""name"":""lab-eparagony-stub-tls"",""cpu"":""0.00%"",""mem"":""23.3MiB / 122.8GiB""},{""name"":""lab-erli-stub-tls"",""cpu"":""0.00%"",""mem"":""22.67MiB / 122.8GiB""},{""name"":""lab-wc-tls"",""cpu"":""0.10%"",""mem"":""29.55MiB / 122.8GiB""},{""name"":""lab-prestashop"",""cpu"":""8.13%"",""mem"":""139.9MiB / 122.8GiB""},{""name"":""lab-woocommerce"",""cpu"":""22.91%"",""mem"":""311.3MiB / 122.8GiB""},{""name"":""lab-redis"",""cpu"":""0.96%"",""mem"":""80.77MiB / 122.8GiB""},{""name"":""lab-postgres"",""cpu"":""9.02%"",""mem"":""254.7MiB / 122.8GiB""},{""name"":""lab-mysql"",""cpu"":""7.13%"",""mem"":""726.5MiB / 122.8GiB""},{""name"":""lab-woocommerce-mysql"",""cpu"":""19.76%"",""mem"":""514.8MiB / 122.8GiB""}]"
2026-09-10T13:51:43Z,3,1750,2,0,20,2669352627,"[{""name"":""lab-worker-1"",""cpu"":""10.74%"",""mem"":""138.4MiB / 122.8GiB""},{""name"":""lab-api"",""cpu"":""0.00%"",""mem"":""146.4MiB / 122.8GiB""},{""name"":""lab-allegro-stub"",""cpu"":""0.09%"",""mem"":""21.42MiB / 122.8GiB""},{""name"":""lab-erli-stub"",""cpu"":""0.01%"",""mem"":""18.05MiB / 122.8GiB""},{""name"":""lab-eparagony-stub"",""cpu"":""4.17%"",""mem"":""20.39MiB / 122.8GiB""},{""name"":""lab-invoicing-stub"",""cpu"":""0.00%"",""mem"":""16.6MiB / 122.8GiB""},{""name"":""lab-shipping-stub"",""cpu"":""0.00%"",""mem"":""16.58MiB / 122.8GiB""},{""name"":""lab-eparagony-stub-tls"",""cpu"":""0.00%"",""mem"":""23.3MiB / 122.8GiB""},{""name"":""lab-erli-stub-tls"",""cpu"":""0.00%"",""mem"":""22.67MiB / 122.8GiB""},{""name"":""lab-wc-tls"",""cpu"":""0.08%"",""mem"":""29.55MiB / 122.8GiB""},{""name"":""lab-prestashop"",""cpu"":""8.11%"",""mem"":""137.9MiB / 122.8GiB""},{""name"":""lab-woocommerce"",""cpu"":""17.46%"",""mem"":""311.1MiB / 122.8GiB""},{""name"":""lab-redis"",""cpu"":""0.77%"",""mem"":""80.77MiB / 122.8GiB""},{""name"":""lab-postgres"",""cpu"":""8.69%"",""mem"":""254.5MiB / 122.8GiB""},{""name"":""lab-mysql"",""cpu"":""7.67%"",""mem"":""726.5MiB / 122.8GiB""},{""name"":""lab-woocommerce-mysql"",""cpu"":""21.63%"",""mem"":""514.6MiB / 122.8GiB""}]"
2026-09-10T13:51:46Z,3,1750,2,0,19,2669360819,"[{""name"":""lab-worker-1"",""cpu"":""9.28%"",""mem"":""137.9MiB / 122.8GiB""},{""name"":""lab-api"",""cpu"":""0.00%"",""mem"":""146.4MiB / 122.8GiB""},{""name"":""lab-allegro-stub"",""cpu"":""0.09%"",""mem"":""21.43MiB / 122.8GiB""},{""name"":""lab-erli-stub"",""cpu"":""0.00%"",""mem"":""18.05MiB / 122.8GiB""},{""name"":""lab-eparagony-stub"",""cpu"":""0.00%"",""mem"":""20.37MiB / 122.8GiB""},{""name"":""lab-invoicing-stub"",""cpu"":""0.00%"",""mem"":""16.6MiB / 122.8GiB""},{""name"":""lab-shipping-stub"",""cpu"":""0.00%"",""mem"":""16.58MiB / 122.8GiB""},{""name"":""lab-eparagony-stub-tls"",""cpu"":""0.00%"",""mem"":""23.3MiB / 122.8GiB""},{""name"":""lab-erli-stub-tls"",""cpu"":""0.00%"",""mem"":""22.67MiB / 122.8GiB""},{""name"":""lab-wc-tls"",""cpu"":""0.08%"",""mem"":""29.56MiB / 122.8GiB""},{""name"":""lab-prestashop"",""cpu"":""6.80%"",""mem"":""138.1MiB / 122.8GiB""},{""name"":""lab-woocommerce"",""cpu"":""29.17%"",""mem"":""315.3MiB / 122.8GiB""},{""name"":""lab-redis"",""cpu"":""0.77%"",""mem"":""80.77MiB / 122.8GiB""},{""name"":""lab-postgres"",""cpu"":""6.08%"",""mem"":""254.6MiB / 122.8GiB""},{""name"":""lab-mysql"",""cpu"":""6.80%"",""mem"":""726.5MiB / 122.8GiB""},{""name"":""lab-woocommerce-mysql"",""cpu"":""22.87%"",""mem"":""515.6MiB / 122.8GiB""}]"
2026-09-10T13:51:49Z,3,1752,2,0,20,2669393587,"[{""name"":""lab-worker-1"",""cpu"":""10.94%"",""mem"":""138.5MiB / 122.8GiB""},{""name"":""lab-api"",""cpu"":""0.00%"",""mem"":""146.6MiB / 122.8GiB""},{""name"":""lab-allegro-stub"",""cpu"":""4.47%"",""mem"":""21.68MiB / 122.8GiB""},{""name"":""lab-erli-stub"",""cpu"":""3.81%"",""mem"":""18.06MiB / 122.8GiB""},{""name"":""lab-eparagony-stub"",""cpu"":""0.00%"",""mem"":""20.38MiB / 122.8GiB""},{""name"":""lab-invoicing-stub"",""cpu"":""4.13%"",""mem"":""16.6MiB / 122.8GiB""},{""name"":""lab-shipping-stub"",""cpu"":""3.96%"",""mem"":""16.64MiB / 122.8GiB""},{""name"":""lab-eparagony-stub-tls"",""cpu"":""0.00%"",""mem"":""23.3MiB / 122.8GiB""},{""name"":""lab-erli-stub-tls"",""cpu"":""0.00%"",""mem"":""22.67MiB / 122.8GiB""},{""name"":""lab-wc-tls"",""cpu"":""0.07%"",""mem"":""29.55MiB / 122.8GiB""},{""name"":""lab-prestashop"",""cpu"":""8.43%"",""mem"":""138.1MiB / 122.8GiB""},{""name"":""lab-woocommerce"",""cpu"":""17.42%"",""mem"":""315.2MiB / 122.8GiB""},{""name"":""lab-redis"",""cpu"":""1.40%"",""mem"":""80.77MiB / 122.8GiB""},{""name"":""lab-postgres"",""cpu"":""7.20%"",""mem"":""254.6MiB / 122.8GiB""},{""name"":""lab-mysql"",""cpu"":""7.91%"",""mem"":""726.5MiB / 122.8GiB""},{""name"":""lab-woocommerce-mysql"",""cpu"":""22.47%"",""mem"":""515.6MiB / 122.8GiB""}]"
2026-09-10T13:51:52Z,3,1750,2,0,19,2669409971,"[{""name"":""lab-worker-1"",""cpu"":""11.59%"",""mem"":""138.1MiB / 122.8GiB""},{""name"":""lab-api"",""cpu"":""0.00%"",""mem"":""146.6MiB / 122.8GiB""},{""name"":""lab-allegro-stub"",""cpu"":""0.08%"",""mem"":""21.43MiB / 122.8GiB""},{""name"":""lab-erli-stub"",""cpu"":""0.00%"",""mem"":""18.05MiB / 122.8GiB""},{""name"":""lab-eparagony-stub"",""cpu"":""0.00%"",""mem"":""20.37MiB / 122.8GiB""},{""name"":""lab-invoicing-stub"",""cpu"":""0.00%"",""mem"":""16.6MiB / 122.8GiB""},{""name"":""lab-shipping-stub"",""cpu"":""0.00%"",""mem"":""16.58MiB / 122.8GiB""},{""name"":""lab-eparagony-stub-tls"",""cpu"":""0.00%"",""mem"":""23.3MiB / 122.8GiB""},{""name"":""lab-erli-stub-tls"",""cpu"":""0.00%"",""mem"":""22.67MiB / 122.8GiB""},{""name"":""lab-wc-tls"",""cpu"":""0.07%"",""mem"":""29.55MiB / 122.8GiB""},{""name"":""lab-prestashop"",""cpu"":""7.24%"",""mem"":""137.9MiB / 122.8GiB""},{""name"":""lab-woocommerce"",""cpu"":""17.65%"",""mem"":""317.3MiB / 122.8GiB""},{""name"":""lab-redis"",""cpu"":""0.76%"",""mem"":""81.03MiB / 122.8GiB""},{""name"":""lab-postgres"",""cpu"":""7.05%"",""mem"":""254.6MiB / 122.8GiB""},{""name"":""lab-mysql"",""cpu"":""6.05%"",""mem"":""726.5MiB / 122.8GiB""},{""name"":""lab-woocommerce-mysql"",""cpu"":""21.36%"",""mem"":""515.6MiB / 122.8GiB""}]"
2026-09-10T13:51:55Z,3,1750,2,0,20,2669426355,"[{""name"":""lab-worker-1"",""cpu"":""7.10%"",""mem"":""137.9MiB / 122.8GiB""},{""name"":""lab-api"",""cpu"":""0.00%"",""mem"":""146.6MiB / 122.8GiB""},{""name"":""lab-allegro-stub"",""cpu"":""0.08%"",""mem"":""21.43MiB / 122.8GiB""},{""name"":""lab-erli-stub"",""cpu"":""0.00%"",""mem"":""18.05MiB / 122.8GiB""},{""name"":""lab-eparagony-stub"",""cpu"":""0.00%"",""mem"":""20.37MiB / 122.8GiB""},{""name"":""lab-invoicing-stub"",""cpu"":""0.01%"",""mem"":""16.6MiB / 122.8GiB""},{""name"":""lab-shipping-stub"",""cpu"":""0.01%"",""mem"":""16.58MiB / 122.8GiB""},{""name"":""lab-eparagony-stub-tls"",""cpu"":""0.00%"",""mem"":""23.3MiB / 122.8GiB""},{""name"":""lab-erli-stub-tls"",""cpu"":""0.00%"",""mem"":""22.67MiB / 122.8GiB""},{""name"":""lab-wc-tls"",""cpu"":""0.08%"",""mem"":""29.56MiB / 122.8GiB""},{""name"":""lab-prestashop"",""cpu"":""6.54%"",""mem"":""139.9MiB / 122.8GiB""},{""name"":""lab-woocommerce"",""cpu"":""17.37%"",""mem"":""317.3MiB / 122.8GiB""},{""name"":""lab-redis"",""cpu"":""0.74%"",""mem"":""80.79MiB / 122.8GiB""},{""name"":""lab-postgres"",""cpu"":""6.42%"",""mem"":""254.6MiB / 122.8GiB""},{""name"":""lab-mysql"",""cpu"":""5.07%"",""mem"":""726.5MiB / 122.8GiB""},{""name"":""lab-woocommerce-mysql"",""cpu"":""18.85%"",""mem"":""515.7MiB / 122.8GiB""}]"
2026-09-10T13:51:59Z,3,1750,2,0,20,2669434547,"[{""name"":""lab-worker-1"",""cpu"":""10.12%"",""mem"":""137.6MiB / 122.8GiB""},{""name"":""lab-api"",""cpu"":""0.01%"",""mem"":""146.6MiB / 122.8GiB""},{""name"":""lab-allegro-stub"",""cpu"":""0.16%"",""mem"":""21.43MiB / 122.8GiB""},{""name"":""lab-erli-stub"",""cpu"":""3.90%"",""mem"":""18.09MiB / 122.8GiB""},{""name"":""lab-eparagony-stub"",""cpu"":""3.72%"",""mem"":""20.37MiB / 122.8GiB""},{""name"":""lab-invoicing-stub"",""cpu"":""0.00%"",""mem"":""16.6MiB / 122.8GiB""},{""name"":""lab-shipping-stub"",""cpu"":""0.00%"",""mem"":""16.58MiB / 122.8GiB""},{""name"":""lab-eparagony-stub-tls"",""cpu"":""0.00%"",""mem"":""23.3MiB / 122.8GiB""},{""name"":""lab-erli-stub-tls"",""cpu"":""0.00%"",""mem"":""22.67MiB / 122.8GiB""},{""name"":""lab-wc-tls"",""cpu"":""0.08%"",""mem"":""29.56MiB / 122.8GiB""},{""name"":""lab-prestashop"",""cpu"":""8.12%"",""mem"":""139.9MiB / 122.8GiB""},{""name"":""lab-woocommerce"",""cpu"":""17.71%"",""mem"":""317.2MiB / 122.8GiB""},{""name"":""lab-redis"",""cpu"":""0.91%"",""mem"":""80.79MiB / 122.8GiB""},{""name"":""lab-postgres"",""cpu"":""6.16%"",""mem"":""251.1MiB / 122.8GiB""},{""name"":""lab-mysql"",""cpu"":""7.81%"",""mem"":""726.5MiB / 122.8GiB""},{""name"":""lab-woocommerce-mysql"",""cpu"":""24.03%"",""mem"":""515.7MiB / 122.8GiB""}]"
2026-09-10T13:52:02Z,4,1749,2,0,20,2669450931,"[{""name"":""lab-worker-1"",""cpu"":""11.27%"",""mem"":""137.8MiB / 122.8GiB""},{""name"":""lab-api"",""cpu"":""0.00%"",""mem"":""146.6MiB / 122.8GiB""},{""name"":""lab-allegro-stub"",""cpu"":""0.06%"",""mem"":""21.43MiB / 122.8GiB""},{""name"":""lab-erli-stub"",""cpu"":""0.00%"",""mem"":""18.05MiB / 122.8GiB""},{""name"":""lab-eparagony-stub"",""cpu"":""0.00%"",""mem"":""20.37MiB / 122.8GiB""},{""name"":""lab-invoicing-stub"",""cpu"":""0.00%"",""mem"":""16.6MiB / 122.8GiB""},{""name"":""lab-shipping-stub"",""cpu"":""0.00%"",""mem"":""16.58MiB / 122.8GiB""},{""name"":""lab-eparagony-stub-tls"",""cpu"":""0.00%"",""mem"":""23.3MiB / 122.8GiB""},{""name"":""lab-erli-stub-tls"",""cpu"":""0.00%"",""mem"":""22.67MiB / 122.8GiB""},{""name"":""lab-wc-tls"",""cpu"":""0.00%"",""mem"":""29.55MiB / 122.8GiB""},{""name"":""lab-prestashop"",""cpu"":""10.03%"",""mem"":""139.9MiB / 122.8GiB""},{""name"":""lab-woocommerce"",""cpu"":""0.00%"",""mem"":""317.2MiB / 122.8GiB""},{""name"":""lab-redis"",""cpu"":""0.77%"",""mem"":""80.79MiB / 122.8GiB""},{""name"":""lab-postgres"",""cpu"":""9.64%"",""mem"":""251.2MiB / 122.8GiB""},{""name"":""lab-mysql"",""cpu"":""10.52%"",""mem"":""726.5MiB / 122.8GiB""},{""name"":""lab-woocommerce-mysql"",""cpu"":""2.62%"",""mem"":""515.7MiB / 122.8GiB""}]"
2026-09-10T13:52:05Z,3,1750,2,0,20,2669459123,"[{""name"":""lab-worker-1"",""cpu"":""12.34%"",""mem"":""137.5MiB / 122.8GiB""},{""name"":""lab-api"",""cpu"":""0.00%"",""mem"":""146.6MiB / 122.8GiB""},{""name"":""lab-allegro-stub"",""cpu"":""4.03%"",""mem"":""21.43MiB / 122.8GiB""},{""name"":""lab-erli-stub"",""cpu"":""0.00%"",""mem"":""18.06MiB / 122.8GiB""},{""name"":""lab-eparagony-stub"",""cpu"":""0.00%"",""mem"":""20.37MiB / 122.8GiB""},{""name"":""lab-invoicing-stub"",""cpu"":""4.31%"",""mem"":""16.6MiB / 122.8GiB""},{""name"":""lab-shipping-stub"",""cpu"":""3.99%"",""mem"":""16.59MiB / 122.8GiB""},{""name"":""lab-eparagony-stub-tls"",""cpu"":""0.00%"",""mem"":""23.3MiB / 122.8GiB""},{""name"":""lab-erli-stub-tls"",""cpu"":""0.00%"",""mem"":""22.67MiB / 122.8GiB""},{""name"":""lab-wc-tls"",""cpu"":""0.00%"",""mem"":""29.52MiB / 122.8GiB""},{""name"":""lab-prestashop"",""cpu"":""11.42%"",""mem"":""139.9MiB / 122.8GiB""},{""name"":""lab-woocommerce"",""cpu"":""0.01%"",""mem"":""317.2MiB / 122.8GiB""},{""name"":""lab-redis"",""cpu"":""4.84%"",""mem"":""80.8MiB / 122.8GiB""},{""name"":""lab-postgres"",""cpu"":""7.76%"",""mem"":""251.5MiB / 122.8GiB""},{""name"":""lab-mysql"",""cpu"":""10.11%"",""mem"":""726.5MiB / 122.8GiB""},{""name"":""lab-woocommerce-mysql"",""cpu"":""0.85%"",""mem"":""515.9MiB / 122.8GiB""}]"
2026-09-10T13:52:08Z,3,1751,2,0,20,2669459123,"[{""name"":""lab-worker-1"",""cpu"":""16.57%"",""mem"":""137.7MiB / 122.8GiB""},{""name"":""lab-api"",""cpu"":""0.98%"",""mem"":""146.8MiB / 122.8GiB""},{""name"":""lab-allegro-stub"",""cpu"":""0.00%"",""mem"":""21.43MiB / 122.8GiB""},{""name"":""lab-erli-stub"",""cpu"":""0.00%"",""mem"":""18.05MiB / 122.8GiB""},{""name"":""lab-eparagony-stub"",""cpu"":""0.00%"",""mem"":""20.37MiB / 122.8GiB""},{""name"":""lab-invoicing-stub"",""cpu"":""0.00%"",""mem"":""16.6MiB / 122.8GiB""},{""name"":""lab-shipping-stub"",""cpu"":""0.00%"",""mem"":""16.58MiB / 122.8GiB""},{""name"":""lab-eparagony-stub-tls"",""cpu"":""0.00%"",""mem"":""23.3MiB / 122.8GiB""},{""name"":""lab-erli-stub-tls"",""cpu"":""0.00%"",""mem"":""22.67MiB / 122.8GiB""},{""name"":""lab-wc-tls"",""cpu"":""0.00%"",""mem"":""29.52MiB / 122.8GiB""},{""name"":""lab-prestashop"",""cpu"":""10.53%"",""mem"":""139.9MiB / 122.8GiB""},{""name"":""lab-woocommerce"",""cpu"":""0.01%"",""mem"":""317.2MiB / 122.8GiB""},{""name"":""lab-redis"",""cpu"":""0.97%"",""mem"":""80.79MiB / 122.8GiB""},{""name"":""lab-postgres"",""cpu"":""7.86%"",""mem"":""251.2MiB / 122.8GiB""},{""name"":""lab-mysql"",""cpu"":""15.82%"",""mem"":""726.7MiB / 122.8GiB""},{""name"":""lab-woocommerce-mysql"",""cpu"":""0.88%"",""mem"":""515.7MiB / 122.8GiB""}]"
2026-09-10T13:52:11Z,3,1750,3,0,20,2669459123,"[{""name"":""lab-worker-1"",""cpu"":""11.34%"",""mem"":""137.8MiB / 122.8GiB""},{""name"":""lab-api"",""cpu"":""0.00%"",""mem"":""146.7MiB / 122.8GiB""},{""name"":""lab-allegro-stub"",""cpu"":""0.00%"",""mem"":""21.43MiB / 122.8GiB""},{""name"":""lab-erli-stub"",""cpu"":""0.00%"",""mem"":""18.05MiB / 122.8GiB""},{""name"":""lab-eparagony-stub"",""cpu"":""0.00%"",""mem"":""20.37MiB / 122.8GiB""},{""name"":""lab-invoicing-stub"",""cpu"":""0.00%"",""mem"":""16.6MiB / 122.8GiB""},{""name"":""lab-shipping-stub"",""cpu"":""0.00%"",""mem"":""16.58MiB / 122.8GiB""},{""name"":""lab-eparagony-stub-tls"",""cpu"":""0.00%"",""mem"":""23.3MiB / 122.8GiB""},{""name"":""lab-erli-stub-tls"",""cpu"":""0.00%"",""mem"":""22.67MiB / 122.8GiB""},{""name"":""lab-wc-tls"",""cpu"":""0.00%"",""mem"":""29.52MiB / 122.8GiB""},{""name"":""lab-prestashop"",""cpu"":""10.68%"",""mem"":""142.2MiB / 122.8GiB""},{""name"":""lab-woocommerce"",""cpu"":""0.01%"",""mem"":""317.2MiB / 122.8GiB""},{""name"":""lab-redis"",""cpu"":""0.76%"",""mem"":""80.79MiB / 122.8GiB""},{""name"":""lab-postgres"",""cpu"":""4.61%"",""mem"":""244.2MiB / 122.8GiB""},{""name"":""lab-mysql"",""cpu"":""9.16%"",""mem"":""726.7MiB / 122.8GiB""},{""name"":""lab-woocommerce-mysql"",""cpu"":""5.37%"",""mem"":""516.2MiB / 122.8GiB""}]"
2026-09-10T13:52:14Z,3,1751,2,0,20,2669459123,"[{""name"":""lab-worker-1"",""cpu"":""13.19%"",""mem"":""137.7MiB / 122.8GiB""},{""name"":""lab-api"",""cpu"":""0.01%"",""mem"":""146.7MiB / 122.8GiB""},{""name"":""lab-allegro-stub"",""cpu"":""4.20%"",""mem"":""21.45MiB / 122.8GiB""},{""name"":""lab-erli-stub"",""cpu"":""3.95%"",""mem"":""18.07MiB / 122.8GiB""},{""name"":""lab-eparagony-stub"",""cpu"":""0.01%"",""mem"":""20.37MiB / 122.8GiB""},{""name"":""lab-invoicing-stub"",""cpu"":""4.14%"",""mem"":""16.61MiB / 122.8GiB""},{""name"":""lab-shipping-stub"",""cpu"":""3.99%"",""mem"":""16.6MiB / 122.8GiB""},{""name"":""lab-eparagony-stub-tls"",""cpu"":""0.00%"",""mem"":""23.3MiB / 122.8GiB""},{""name"":""lab-erli-stub-tls"",""cpu"":""0.00%"",""mem"":""22.67MiB / 122.8GiB""},{""name"":""lab-wc-tls"",""cpu"":""0.00%"",""mem"":""29.52MiB / 122.8GiB""},{""name"":""lab-prestashop"",""cpu"":""11.06%"",""mem"":""139.9MiB / 122.8GiB""},{""name"":""lab-woocommerce"",""cpu"":""0.01%"",""mem"":""317.2MiB / 122.8GiB""},{""name"":""lab-redis"",""cpu"":""0.83%"",""mem"":""80.79MiB / 122.8GiB""},{""name"":""lab-postgres"",""cpu"":""7.20%"",""mem"":""244.2MiB / 122.8GiB""},{""name"":""lab-mysql"",""cpu"":""10.62%"",""mem"":""726.5MiB / 122.8GiB""},{""name"":""lab-woocommerce-mysql"",""cpu"":""0.99%"",""mem"":""515.7MiB / 122.8GiB""}]"
2026-09-10T13:52:17Z,3,1751,2,0,20,2669467315,"[{""name"":""lab-worker-1"",""cpu"":""11.73%"",""mem"":""137.8MiB / 122.8GiB""},{""name"":""lab-api"",""cpu"":""0.40%"",""mem"":""146.7MiB / 122.8GiB""},{""name"":""lab-allegro-stub"",""cpu"":""0.00%"",""mem"":""21.43MiB / 122.8GiB""},{""name"":""lab-erli-stub"",""cpu"":""0.00%"",""mem"":""18.05MiB / 122.8GiB""},{""name"":""lab-eparagony-stub"",""cpu"":""0.00%"",""mem"":""20.37MiB / 122.8GiB""},{""name"":""lab-invoicing-stub"",""cpu"":""0.00%"",""mem"":""16.6MiB / 122.8GiB""},{""name"":""lab-shipping-stub"",""cpu"":""0.00%"",""mem"":""16.58MiB / 122.8GiB""},{""name"":""lab-eparagony-stub-tls"",""cpu"":""0.00%"",""mem"":""23.3MiB / 122.8GiB""},{""name"":""lab-erli-stub-tls"",""cpu"":""0.00%"",""mem"":""22.67MiB / 122.8GiB""},{""name"":""lab-wc-tls"",""cpu"":""0.00%"",""mem"":""29.52MiB / 122.8GiB""},{""name"":""lab-prestashop"",""cpu"":""9.95%"",""mem"":""139.9MiB / 122.8GiB""},{""name"":""lab-woocommerce"",""cpu"":""0.01%"",""mem"":""317.3MiB / 122.8GiB""},{""name"":""lab-redis"",""cpu"":""0.90%"",""mem"":""80.8MiB / 122.8GiB""},{""name"":""lab-postgres"",""cpu"":""11.05%"",""mem"":""244.3MiB / 122.8GiB""},{""name"":""lab-mysql"",""cpu"":""14.60%"",""mem"":""726.5MiB / 122.8GiB""},{""name"":""lab-woocommerce-mysql"",""cpu"":""0.80%"",""mem"":""515.7MiB / 122.8GiB""}]"
2026-09-10T13:52:20Z,3,1750,3,0,20,2669467315,"[{""name"":""lab-worker-1"",""cpu"":""13.43%"",""mem"":""137.6MiB / 122.8GiB""},{""name"":""lab-api"",""cpu"":""0.01%"",""mem"":""146.7MiB / 122.8GiB""},{""name"":""lab-allegro-stub"",""cpu"":""0.01%"",""mem"":""21.43MiB / 122.8GiB""},{""name"":""lab-erli-stub"",""cpu"":""0.01%"",""mem"":""18.05MiB / 122.8GiB""},{""name"":""lab-eparagony-stub"",""cpu"":""0.00%"",""mem"":""20.39MiB / 122.8GiB""},{""name"":""lab-invoicing-stub"",""cpu"":""0.01%"",""mem"":""16.6MiB / 122.8GiB""},{""name"":""lab-shipping-stub"",""cpu"":""0.01%"",""mem"":""16.58MiB / 122.8GiB""},{""name"":""lab-eparagony-stub-tls"",""cpu"":""0.00%"",""mem"":""23.3MiB / 122.8GiB""},{""name"":""lab-erli-stub-tls"",""cpu"":""0.00%"",""mem"":""22.67MiB / 122.8GiB""},{""name"":""lab-wc-tls"",""cpu"":""0.00%"",""mem"":""29.52MiB / 122.8GiB""},{""name"":""lab-prestashop"",""cpu"":""10.20%"",""mem"":""139.9MiB / 122.8GiB""},{""name"":""lab-woocommerce"",""cpu"":""0.00%"",""mem"":""317.3MiB / 122.8GiB""},{""name"":""lab-redis"",""cpu"":""0.81%"",""mem"":""80.79MiB / 122.8GiB""},{""name"":""lab-postgres"",""cpu"":""7.26%"",""mem"":""244.3MiB / 122.8GiB""},{""name"":""lab-mysql"",""cpu"":""9.65%"",""mem"":""726.5MiB / 122.8GiB""},{""name"":""lab-woocommerce-mysql"",""cpu"":""5.54%"",""mem"":""516MiB / 122.8GiB""}]"
2026-09-10T13:52:24Z,3,1750,2,0,19,2669475507,"[{""name"":""lab-worker-1"",""cpu"":""8.06%"",""mem"":""137.6MiB / 122.8GiB""},{""name"":""lab-api"",""cpu"":""0.01%"",""mem"":""146.7MiB / 122.8GiB""},{""name"":""lab-allegro-stub"",""cpu"":""0.00%"",""mem"":""21.43MiB / 122.8GiB""},{""name"":""lab-erli-stub"",""cpu"":""0.00%"",""mem"":""18.05MiB / 122.8GiB""},{""name"":""lab-eparagony-stub"",""cpu"":""3.79%"",""mem"":""20.42MiB / 122.8GiB""},{""name"":""lab-invoicing-stub"",""cpu"":""0.00%"",""mem"":""16.6MiB / 122.8GiB""},{""name"":""lab-shipping-stub"",""cpu"":""0.00%"",""mem"":""16.58MiB / 122.8GiB""},{""name"":""lab-eparagony-stub-tls"",""cpu"":""0.00%"",""mem"":""23.3MiB / 122.8GiB""},{""name"":""lab-erli-stub-tls"",""cpu"":""0.00%"",""mem"":""22.67MiB / 122.8GiB""},{""name"":""lab-wc-tls"",""cpu"":""0.00%"",""mem"":""29.52MiB / 122.8GiB""},{""name"":""lab-prestashop"",""cpu"":""9.55%"",""mem"":""139.9MiB / 122.8GiB""},{""name"":""lab-woocommerce"",""cpu"":""0.01%"",""mem"":""317.3MiB / 122.8GiB""},{""name"":""lab-redis"",""cpu"":""0.72%"",""mem"":""80.79MiB / 122.8GiB""},{""name"":""lab-postgres"",""cpu"":""5.31%"",""mem"":""244.5MiB / 122.8GiB""},{""name"":""lab-mysql"",""cpu"":""8.58%"",""mem"":""726.5MiB / 122.8GiB""},{""name"":""lab-woocommerce-mysql"",""cpu"":""1.79%"",""mem"":""515.7MiB / 122.8GiB""}]"
2026-09-10T13:52:27Z,4,1751,2,0,19,2669475507,"[{""name"":""lab-worker-1"",""cpu"":""9.36%"",""mem"":""137.6MiB / 122.8GiB""},{""name"":""lab-api"",""cpu"":""0.00%"",""mem"":""146.7MiB / 122.8GiB""},{""name"":""lab-allegro-stub"",""cpu"":""0.01%"",""mem"":""21.43MiB / 122.8GiB""},{""name"":""lab-erli-stub"",""cpu"":""0.00%"",""mem"":""18.05MiB / 122.8GiB""},{""name"":""lab-eparagony-stub"",""cpu"":""0.01%"",""mem"":""20.37MiB / 122.8GiB""},{""name"":""lab-invoicing-stub"",""cpu"":""0.01%"",""mem"":""16.6MiB / 122.8GiB""},{""name"":""lab-shipping-stub"",""cpu"":""0.01%"",""mem"":""16.59MiB / 122.8GiB""},{""name"":""lab-eparagony-stub-tls"",""cpu"":""0.00%"",""mem"":""23.3MiB / 122.8GiB""},{""name"":""lab-erli-stub-tls"",""cpu"":""0.00%"",""mem"":""22.67MiB / 122.8GiB""},{""name"":""lab-wc-tls"",""cpu"":""0.00%"",""mem"":""29.52MiB / 122.8GiB""},{""name"":""lab-prestashop"",""cpu"":""8.18%"",""mem"":""139.9MiB / 122.8GiB""},{""name"":""lab-woocommerce"",""cpu"":""0.01%"",""mem"":""317.3MiB / 122.8GiB""},{""name"":""lab-redis"",""cpu"":""0.60%"",""mem"":""80.8MiB / 122.8GiB""},{""name"":""lab-postgres"",""cpu"":""6.41%"",""mem"":""244.3MiB / 122.8GiB""},{""name"":""lab-mysql"",""cpu"":""8.60%"",""mem"":""726.5MiB / 122.8GiB""},{""name"":""lab-woocommerce-mysql"",""cpu"":""0.93%"",""mem"":""515.7MiB / 122.8GiB""}]"
2026-09-10T13:52:30Z,3,1751,3,0,19,2669475507,"[{""name"":""lab-worker-1"",""cpu"":""9.41%"",""mem"":""138.9MiB / 122.8GiB""},{""name"":""lab-api"",""cpu"":""0.00%"",""mem"":""146.9MiB / 122.8GiB""},{""name"":""lab-allegro-stub"",""cpu"":""4.32%"",""mem"":""21.45MiB / 122.8GiB""},{""name"":""lab-erli-stub"",""cpu"":""2.07%"",""mem"":""18.06MiB / 122.8GiB""},{""name"":""lab-eparagony-stub"",""cpu"":""0.00%"",""mem"":""20.37MiB / 122.8GiB""},{""name"":""lab-invoicing-stub"",""cpu"":""4.25%"",""mem"":""16.6MiB / 122.8GiB""},{""name"":""lab-shipping-stub"",""cpu"":""3.96%"",""mem"":""16.59MiB / 122.8GiB""},{""name"":""lab-eparagony-stub-tls"",""cpu"":""0.00%"",""mem"":""23.3MiB / 122.8GiB""},{""name"":""lab-erli-stub-tls"",""cpu"":""0.00%"",""mem"":""22.67MiB / 122.8GiB""},{""name"":""lab-wc-tls"",""cpu"":""0.00%"",""mem"":""29.52MiB / 122.8GiB""},{""name"":""lab-prestashop"",""cpu"":""15.55%"",""mem"":""139.9MiB / 122.8GiB""},{""name"":""lab-woocommerce"",""cpu"":""0.01%"",""mem"":""317.3MiB / 122.8GiB""},{""name"":""lab-redis"",""cpu"":""1.23%"",""mem"":""80.79MiB / 122.8GiB""},{""name"":""lab-postgres"",""cpu"":""5.16%"",""mem"":""244.2MiB / 122.8GiB""},{""name"":""lab-mysql"",""cpu"":""17.85%"",""mem"":""726.7MiB / 122.8GiB""},{""name"":""lab-woocommerce-mysql"",""cpu"":""0.88%"",""mem"":""515.7MiB / 122.8GiB""}]"
2026-09-10T13:52:33Z,3,1750,2,0,20,2669483699,"[{""name"":""lab-worker-1"",""cpu"":""10.56%"",""mem"":""137.6MiB / 122.8GiB""},{""name"":""lab-api"",""cpu"":""0.00%"",""mem"":""146.9MiB / 122.8GiB""},{""name"":""lab-allegro-stub"",""cpu"":""0.00%"",""mem"":""21.43MiB / 122.8GiB""},{""name"":""lab-erli-stub"",""cpu"":""0.00%"",""mem"":""18.05MiB / 122.8GiB""},{""name"":""lab-eparagony-stub"",""cpu"":""0.00%"",""mem"":""20.37MiB / 122.8GiB""},{""name"":""lab-invoicing-stub"",""cpu"":""0.00%"",""mem"":""16.6MiB / 122.8GiB""},{""name"":""lab-shipping-stub"",""cpu"":""0.00%"",""mem"":""16.58MiB / 122.8GiB""},{""name"":""lab-eparagony-stub-tls"",""cpu"":""0.00%"",""mem"":""23.3MiB / 122.8GiB""},{""name"":""lab-erli-stub-tls"",""cpu"":""0.00%"",""mem"":""22.67MiB / 122.8GiB""},{""name"":""lab-wc-tls"",""cpu"":""0.00%"",""mem"":""29.52MiB / 122.8GiB""},{""name"":""lab-prestashop"",""cpu"":""9.12%"",""mem"":""139.9MiB / 122.8GiB""},{""name"":""lab-woocommerce"",""cpu"":""0.01%"",""mem"":""317.3MiB / 122.8GiB""},{""name"":""lab-redis"",""cpu"":""0.84%"",""mem"":""80.79MiB / 122.8GiB""},{""name"":""lab-postgres"",""cpu"":""6.33%"",""mem"":""244.3MiB / 122.8GiB""},{""name"":""lab-mysql"",""cpu"":""7.88%"",""mem"":""726.5MiB / 122.8GiB""},{""name"":""lab-woocommerce-mysql"",""cpu"":""0.98%"",""mem"":""515.7MiB / 122.8GiB""}]"
2026-09-10T13:52:36Z,3,1748,1,0,23,2669483699,"[{""name"":""lab-worker-1"",""cpu"":""9.51%"",""mem"":""137.8MiB / 122.8GiB""},{""name"":""lab-api"",""cpu"":""0.00%"",""mem"":""146.9MiB / 122.8GiB""},{""name"":""lab-allegro-stub"",""cpu"":""0.00%"",""mem"":""21.43MiB / 122.8GiB""},{""name"":""lab-erli-stub"",""cpu"":""0.00%"",""mem"":""18.05MiB / 122.8GiB""},{""name"":""lab-eparagony-stub"",""cpu"":""0.00%"",""mem"":""20.37MiB / 122.8GiB""},{""name"":""lab-invoicing-stub"",""cpu"":""0.00%"",""mem"":""16.6MiB / 122.8GiB""},{""name"":""lab-shipping-stub"",""cpu"":""0.00%"",""mem"":""16.59MiB / 122.8GiB""},{""name"":""lab-eparagony-stub-tls"",""cpu"":""0.00%"",""mem"":""23.3MiB / 122.8GiB""},{""name"":""lab-erli-stub-tls"",""cpu"":""0.00%"",""mem"":""22.67MiB / 122.8GiB""},{""name"":""lab-wc-tls"",""cpu"":""0.00%"",""mem"":""29.52MiB / 122.8GiB""},{""name"":""lab-prestashop"",""cpu"":""9.56%"",""mem"":""140.2MiB / 122.8GiB""},{""name"":""lab-woocommerce"",""cpu"":""0.01%"",""mem"":""317.3MiB / 122.8GiB""},{""name"":""lab-redis"",""cpu"":""0.93%"",""mem"":""80.8MiB / 122.8GiB""},{""name"":""lab-postgres"",""cpu"":""6.13%"",""mem"":""244.3MiB / 122.8GiB""},{""name"":""lab-mysql"",""cpu"":""11.11%"",""mem"":""726.5MiB / 122.8GiB""},{""name"":""lab-woocommerce-mysql"",""cpu"":""0.96%"",""mem"":""515.7MiB / 122.8GiB""}]"
2026-09-10T13:52:39Z,3,1747,2,0,23,2669483699,"[{""name"":""lab-worker-1"",""cpu"":""16.13%"",""mem"":""138.5MiB / 122.8GiB""},{""name"":""lab-api"",""cpu"":""0.00%"",""mem"":""146.8MiB / 122.8GiB""},{""name"":""lab-allegro-stub"",""cpu"":""0.10%"",""mem"":""21.43MiB / 122.8GiB""},{""name"":""lab-erli-stub"",""cpu"":""4.18%"",""mem"":""18.07MiB / 122.8GiB""},{""name"":""lab-eparagony-stub"",""cpu"":""3.99%"",""mem"":""20.39MiB / 122.8GiB""},{""name"":""lab-invoicing-stub"",""cpu"":""0.00%"",""mem"":""16.6MiB / 122.8GiB""},{""name"":""lab-shipping-stub"",""cpu"":""0.00%"",""mem"":""16.58MiB / 122.8GiB""},{""name"":""lab-eparagony-stub-tls"",""cpu"":""0.00%"",""mem"":""23.3MiB / 122.8GiB""},{""name"":""lab-erli-stub-tls"",""cpu"":""0.00%"",""mem"":""22.67MiB / 122.8GiB""},{""name"":""lab-wc-tls"",""cpu"":""0.00%"",""mem"":""29.52MiB / 122.8GiB""},{""name"":""lab-prestashop"",""cpu"":""15.66%"",""mem"":""139.9MiB / 122.8GiB""},{""name"":""lab-woocommerce"",""cpu"":""0.00%"",""mem"":""317.3MiB / 122.8GiB""},{""name"":""lab-redis"",""cpu"":""1.19%"",""mem"":""80.79MiB / 122.8GiB""},{""name"":""lab-postgres"",""cpu"":""8.74%"",""mem"":""247.1MiB / 122.8GiB""},{""name"":""lab-mysql"",""cpu"":""17.80%"",""mem"":""726.5MiB / 122.8GiB""},{""name"":""lab-woocommerce-mysql"",""cpu"":""0.82%"",""mem"":""515.7MiB / 122.8GiB""}]"
2026-09-10T13:52:42Z,3,1747,2,0,23,2669491891,"[{""name"":""lab-worker-1"",""cpu"":""11.91%"",""mem"":""138.2MiB / 122.8GiB""},{""name"":""lab-api"",""cpu"":""0.00%"",""mem"":""146.8MiB / 122.8GiB""},{""name"":""lab-allegro-stub"",""cpu"":""0.03%"",""mem"":""21.43MiB / 122.8GiB""},{""name"":""lab-erli-stub"",""cpu"":""0.01%"",""mem"":""18.05MiB / 122.8GiB""},{""name"":""lab-eparagony-stub"",""cpu"":""0.00%"",""mem"":""20.37MiB / 122.8GiB""},{""name"":""lab-invoicing-stub"",""cpu"":""0.00%"",""mem"":""16.6MiB / 122.8GiB""},{""name"":""lab-shipping-stub"",""cpu"":""0.00%"",""mem"":""16.58MiB / 122.8GiB""},{""name"":""lab-eparagony-stub-tls"",""cpu"":""0.00%"",""mem"":""23.3MiB / 122.8GiB""},{""name"":""lab-erli-stub-tls"",""cpu"":""0.00%"",""mem"":""22.67MiB / 122.8GiB""},{""name"":""lab-wc-tls"",""cpu"":""0.00%"",""mem"":""29.52MiB / 122.8GiB""},{""name"":""lab-prestashop"",""cpu"":""14.23%"",""mem"":""140MiB / 122.8GiB""},{""name"":""lab-woocommerce"",""cpu"":""0.01%"",""mem"":""317.3MiB / 122.8GiB""},{""name"":""lab-redis"",""cpu"":""0.85%"",""mem"":""80.79MiB / 122.8GiB""},{""name"":""lab-postgres"",""cpu"":""7.28%"",""mem"":""247MiB / 122.8GiB""},{""name"":""lab-mysql"",""cpu"":""9.83%"",""mem"":""726.5MiB / 122.8GiB""},{""name"":""lab-woocommerce-mysql"",""cpu"":""0.94%"",""mem"":""515.7MiB / 122.8GiB""}]"
2026-09-10T13:52:45Z,3,1746,2,0,24,2669500083,"[{""name"":""lab-worker-1"",""cpu"":""10.70%"",""mem"":""138.1MiB / 122.8GiB""},{""name"":""lab-api"",""cpu"":""0.00%"",""mem"":""146.8MiB / 122.8GiB""},{""name"":""lab-allegro-stub"",""cpu"":""0.02%"",""mem"":""21.43MiB / 122.8GiB""},{""name"":""lab-erli-stub"",""cpu"":""0.01%"",""mem"":""18.05MiB / 122.8GiB""},{""name"":""lab-eparagony-stub"",""cpu"":""0.00%"",""mem"":""20.37MiB / 122.8GiB""},{""name"":""lab-invoicing-stub"",""cpu"":""0.71%"",""mem"":""16.67MiB / 122.8GiB""},{""name"":""lab-shipping-stub"",""cpu"":""0.85%"",""mem"":""16.59MiB / 122.8GiB""},{""name"":""lab-eparagony-stub-tls"",""cpu"":""0.00%"",""mem"":""23.3MiB / 122.8GiB""},{""name"":""lab-erli-stub-tls"",""cpu"":""0.00%"",""mem"":""22.67MiB / 122.8GiB""},{""name"":""lab-wc-tls"",""cpu"":""0.00%"",""mem"":""29.52MiB / 122.8GiB""},{""name"":""lab-prestashop"",""cpu"":""11.12%"",""mem"":""139.9MiB / 122.8GiB""},{""name"":""lab-woocommerce"",""cpu"":""0.01%"",""mem"":""317.3MiB / 122.8GiB""},{""name"":""lab-redis"",""cpu"":""5.39%"",""mem"":""81.11MiB / 122.8GiB""},{""name"":""lab-postgres"",""cpu"":""5.14%"",""mem"":""247MiB / 122.8GiB""},{""name"":""lab-mysql"",""cpu"":""11.19%"",""mem"":""726.7MiB / 122.8GiB""},{""name"":""lab-woocommerce-mysql"",""cpu"":""0.88%"",""mem"":""515.7MiB / 122.8GiB""}]"
2026-09-10T13:52:48Z,3,1746,2,0,24,2669500083,"[{""name"":""lab-worker-1"",""cpu"":""10.90%"",""mem"":""138.4MiB / 122.8GiB""},{""name"":""lab-api"",""cpu"":""1.03%"",""mem"":""147MiB / 122.8GiB""},{""name"":""lab-allegro-stub"",""cpu"":""0.09%"",""mem"":""21.43MiB / 122.8GiB""},{""name"":""lab-erli-stub"",""cpu"":""0.00%"",""mem"":""18.05MiB / 122.8GiB""},{""name"":""lab-eparagony-stub"",""cpu"":""4.09%"",""mem"":""20.43MiB / 122.8GiB""},{""name"":""lab-invoicing-stub"",""cpu"":""0.00%"",""mem"":""16.6MiB / 122.8GiB""},{""name"":""lab-shipping-stub"",""cpu"":""0.00%"",""mem"":""16.58MiB / 122.8GiB""},{""name"":""lab-eparagony-stub-tls"",""cpu"":""0.00%"",""mem"":""23.3MiB / 122.8GiB""},{""name"":""lab-erli-stub-tls"",""cpu"":""0.00%"",""mem"":""22.67MiB / 122.8GiB""},{""name"":""lab-wc-tls"",""cpu"":""0.00%"",""mem"":""29.52MiB / 122.8GiB""},{""name"":""lab-prestashop"",""cpu"":""9.47%"",""mem"":""139.9MiB / 122.8GiB""},{""name"":""lab-woocommerce"",""cpu"":""0.01%"",""mem"":""315.3MiB / 122.8GiB""},{""name"":""lab-redis"",""cpu"":""0.94%"",""mem"":""80.8MiB / 122.8GiB""},{""name"":""lab-postgres"",""cpu"":""7.24%"",""mem"":""247.8MiB / 122.8GiB""},{""name"":""lab-mysql"",""cpu"":""10.37%"",""mem"":""726.5MiB / 122.8GiB""},{""name"":""lab-woocommerce-mysql"",""cpu"":""0.97%"",""mem"":""515.7MiB / 122.8GiB""}]"
2026-09-10T13:52:52Z,3,1746,2,0,24,2669500083,"[{""name"":""lab-worker-1"",""cpu"":""10.72%"",""mem"":""138.5MiB / 122.8GiB""},{""name"":""lab-api"",""cpu"":""0.00%"",""mem"":""147MiB / 122.8GiB""},{""name"":""lab-allegro-stub"",""cpu"":""0.04%"",""mem"":""21.43MiB / 122.8GiB""},{""name"":""lab-erli-stub"",""cpu"":""0.00%"",""mem"":""18.05MiB / 122.8GiB""},{""name"":""lab-eparagony-stub"",""cpu"":""0.00%"",""mem"":""20.37MiB / 122.8GiB""},{""name"":""lab-invoicing-stub"",""cpu"":""0.00%"",""mem"":""16.6MiB / 122.8GiB""},{""name"":""lab-shipping-stub"",""cpu"":""0.00%"",""mem"":""16.58MiB / 122.8GiB""},{""name"":""lab-eparagony-stub-tls"",""cpu"":""0.00%"",""mem"":""23.3MiB / 122.8GiB""},{""name"":""lab-erli-stub-tls"",""cpu"":""0.00%"",""mem"":""22.67MiB / 122.8GiB""},{""name"":""lab-wc-tls"",""cpu"":""0.00%"",""mem"":""29.52MiB / 122.8GiB""},{""name"":""lab-prestashop"",""cpu"":""10.74%"",""mem"":""140MiB / 122.8GiB""},{""name"":""lab-woocommerce"",""cpu"":""0.01%"",""mem"":""315.3MiB / 122.8GiB""},{""name"":""lab-redis"",""cpu"":""0.90%"",""mem"":""81.05MiB / 122.8GiB""},{""name"":""lab-postgres"",""cpu"":""5.66%"",""mem"":""247.1MiB / 122.8GiB""},{""name"":""lab-mysql"",""cpu"":""10.35%"",""mem"":""726.5MiB / 122.8GiB""},{""name"":""lab-woocommerce-mysql"",""cpu"":""0.92%"",""mem"":""515.7MiB / 122.8GiB""}]"
2026-09-10T13:52:55Z,4,1745,2,0,24,2669508275,"[{""name"":""lab-worker-1"",""cpu"":""10.25%"",""mem"":""138.8MiB / 122.8GiB""},{""name"":""lab-api"",""cpu"":""0.00%"",""mem"":""147MiB / 122.8GiB""},{""name"":""lab-allegro-stub"",""cpu"":""4.15%"",""mem"":""21.45MiB / 122.8GiB""},{""name"":""lab-erli-stub"",""cpu"":""3.90%"",""mem"":""18.06MiB / 122.8GiB""},{""name"":""lab-eparagony-stub"",""cpu"":""0.00%"",""mem"":""20.37MiB / 122.8GiB""},{""name"":""lab-invoicing-stub"",""cpu"":""4.08%"",""mem"":""16.61MiB / 122.8GiB""},{""name"":""lab-shipping-stub"",""cpu"":""4.26%"",""mem"":""16.67MiB / 122.8GiB""},{""name"":""lab-eparagony-stub-tls"",""cpu"":""0.00%"",""mem"":""23.3MiB / 122.8GiB""},{""name"":""lab-erli-stub-tls"",""cpu"":""0.00%"",""mem"":""22.67MiB / 122.8GiB""},{""name"":""lab-wc-tls"",""cpu"":""0.00%"",""mem"":""29.52MiB / 122.8GiB""},{""name"":""lab-prestashop"",""cpu"":""11.33%"",""mem"":""140MiB / 122.8GiB""},{""name"":""lab-woocommerce"",""cpu"":""0.01%"",""mem"":""315.3MiB / 122.8GiB""},{""name"":""lab-redis"",""cpu"":""5.17%"",""mem"":""81.4MiB / 122.8GiB""},{""name"":""lab-postgres"",""cpu"":""7.07%"",""mem"":""247.1MiB / 122.8GiB""},{""name"":""lab-mysql"",""cpu"":""9.56%"",""mem"":""726.5MiB / 122.8GiB""},{""name"":""lab-woocommerce-mysql"",""cpu"":""0.86%"",""mem"":""515.7MiB / 122.8GiB""}]"
2026-09-10T13:52:58Z,3,1745,2,0,24,2669516467,"[{""name"":""lab-worker-1"",""cpu"":""8.25%"",""mem"":""139.1MiB / 122.8GiB""},{""name"":""lab-api"",""cpu"":""0.84%"",""mem"":""147MiB / 122.8GiB""},{""name"":""lab-allegro-stub"",""cpu"":""0.00%"",""mem"":""21.68MiB / 122.8GiB""},{""name"":""lab-erli-stub"",""cpu"":""0.00%"",""mem"":""18.05MiB / 122.8GiB""},{""name"":""lab-eparagony-stub"",""cpu"":""0.00%"",""mem"":""20.37MiB / 122.8GiB""},{""name"":""lab-invoicing-stub"",""cpu"":""0.00%"",""mem"":""16.6MiB / 122.8GiB""},{""name"":""lab-shipping-stub"",""cpu"":""0.00%"",""mem"":""16.58MiB / 122.8GiB""},{""name"":""lab-eparagony-stub-tls"",""cpu"":""0.00%"",""mem"":""23.3MiB / 122.8GiB""},{""name"":""lab-erli-stub-tls"",""cpu"":""0.00%"",""mem"":""22.67MiB / 122.8GiB""},{""name"":""lab-wc-tls"",""cpu"":""0.00%"",""mem"":""29.52MiB / 122.8GiB""},{""name"":""lab-prestashop"",""cpu"":""11.24%"",""mem"":""142MiB / 122.8GiB""},{""name"":""lab-woocommerce"",""cpu"":""0.01%"",""mem"":""315.3MiB / 122.8GiB""},{""name"":""lab-redis"",""cpu"":""0.94%"",""mem"":""81.06MiB / 122.8GiB""},{""name"":""lab-postgres"",""cpu"":""9.75%"",""mem"":""244.3MiB / 122.8GiB""},{""name"":""lab-mysql"",""cpu"":""14.43%"",""mem"":""726.5MiB / 122.8GiB""},{""name"":""lab-woocommerce-mysql"",""cpu"":""1.07%"",""mem"":""515.7MiB / 122.8GiB""}]"
2026-09-10T13:53:01Z,3,1745,2,0,25,2669516467,"[{""name"":""lab-worker-1"",""cpu"":""8.10%"",""mem"":""139.5MiB / 122.8GiB""},{""name"":""lab-api"",""cpu"":""0.00%"",""mem"":""147MiB / 122.8GiB""},{""name"":""lab-allegro-stub"",""cpu"":""0.00%"",""mem"":""21.43MiB / 122.8GiB""},{""name"":""lab-erli-stub"",""cpu"":""0.00%"",""mem"":""18.05MiB / 122.8GiB""},{""name"":""lab-eparagony-stub"",""cpu"":""0.00%"",""mem"":""20.37MiB / 122.8GiB""},{""name"":""lab-invoicing-stub"",""cpu"":""0.00%"",""mem"":""16.6MiB / 122.8GiB""},{""name"":""lab-shipping-stub"",""cpu"":""0.00%"",""mem"":""16.58MiB / 122.8GiB""},{""name"":""lab-eparagony-stub-tls"",""cpu"":""0.00%"",""mem"":""23.3MiB / 122.8GiB""},{""name"":""lab-erli-stub-tls"",""cpu"":""0.00%"",""mem"":""22.67MiB / 122.8GiB""},{""name"":""lab-wc-tls"",""cpu"":""0.00%"",""mem"":""29.52MiB / 122.8GiB""},{""name"":""lab-prestashop"",""cpu"":""11.43%"",""mem"":""142.2MiB / 122.8GiB""},{""name"":""lab-woocommerce"",""cpu"":""0.00%"",""mem"":""315.3MiB / 122.8GiB""},{""name"":""lab-redis"",""cpu"":""0.93%"",""mem"":""80.8MiB / 122.8GiB""},{""name"":""lab-postgres"",""cpu"":""6.16%"",""mem"":""244.3MiB / 122.8GiB""},{""name"":""lab-mysql"",""cpu"":""10.28%"",""mem"":""726.5MiB / 122.8GiB""},{""name"":""lab-woocommerce-mysql"",""cpu"":""5.56%"",""mem"":""515.7MiB / 122.8GiB""}]"
2026-09-10T13:53:04Z,3,1746,2,0,23,2669524659,"[{""name"":""lab-worker-1"",""cpu"":""7.44%"",""mem"":""139.5MiB / 122.8GiB""},{""name"":""lab-api"",""cpu"":""0.01%"",""mem"":""147MiB / 122.8GiB""},{""name"":""lab-allegro-stub"",""cpu"":""0.00%"",""mem"":""21.43MiB / 122.8GiB""},{""name"":""lab-erli-stub"",""cpu"":""3.84%"",""mem"":""18.15MiB / 122.8GiB""},{""name"":""lab-eparagony-stub"",""cpu"":""4.38%"",""mem"":""20.43MiB / 122.8GiB""},{""name"":""lab-invoicing-stub"",""cpu"":""0.00%"",""mem"":""16.6MiB / 122.8GiB""},{""name"":""lab-shipping-stub"",""cpu"":""0.00%"",""mem"":""16.58MiB / 122.8GiB""},{""name"":""lab-eparagony-stub-tls"",""cpu"":""0.00%"",""mem"":""23.3MiB / 122.8GiB""},{""name"":""lab-erli-stub-tls"",""cpu"":""0.00%"",""mem"":""22.67MiB / 122.8GiB""},{""name"":""lab-wc-tls"",""cpu"":""0.00%"",""mem"":""29.52MiB / 122.8GiB""},{""name"":""lab-prestashop"",""cpu"":""10.43%"",""mem"":""142MiB / 122.8GiB""},{""name"":""lab-woocommerce"",""cpu"":""0.01%"",""mem"":""315.3MiB / 122.8GiB""},{""name"":""lab-redis"",""cpu"":""0.78%"",""mem"":""80.8MiB / 122.8GiB""},{""name"":""lab-postgres"",""cpu"":""4.14%"",""mem"":""244.5MiB / 122.8GiB""},{""name"":""lab-mysql"",""cpu"":""10.45%"",""mem"":""726.5MiB / 122.8GiB""},{""name"":""lab-woocommerce-mysql"",""cpu"":""0.94%"",""mem"":""515.7MiB / 122.8GiB""}]"
2026-09-10T13:53:07Z,3,1748,2,0,21,2669524659,"[{""name"":""lab-worker-1"",""cpu"":""11.23%"",""mem"":""140.1MiB / 122.8GiB""},{""name"":""lab-api"",""cpu"":""0.00%"",""mem"":""147MiB / 122.8GiB""},{""name"":""lab-allegro-stub"",""cpu"":""0.00%"",""mem"":""21.43MiB / 122.8GiB""},{""name"":""lab-erli-stub"",""cpu"":""0.00%"",""mem"":""18.05MiB / 122.8GiB""},{""name"":""lab-eparagony-stub"",""cpu"":""0.00%"",""mem"":""20.37MiB / 122.8GiB""},{""name"":""lab-invoicing-stub"",""cpu"":""0.00%"",""mem"":""16.6MiB / 122.8GiB""},{""name"":""lab-shipping-stub"",""cpu"":""0.00%"",""mem"":""16.58MiB / 122.8GiB""},{""name"":""lab-eparagony-stub-tls"",""cpu"":""0.00%"",""mem"":""23.3MiB / 122.8GiB""},{""name"":""lab-erli-stub-tls"",""cpu"":""0.00%"",""mem"":""22.67MiB / 122.8GiB""},{""name"":""lab-wc-tls"",""cpu"":""0.00%"",""mem"":""29.52MiB / 122.8GiB""},{""name"":""lab-prestashop"",""cpu"":""7.24%"",""mem"":""142MiB / 122.8GiB""},{""name"":""lab-woocommerce"",""cpu"":""0.01%"",""mem"":""315.3MiB / 122.8GiB""},{""name"":""lab-redis"",""cpu"":""0.86%"",""mem"":""80.8MiB / 122.8GiB""},{""name"":""lab-postgres"",""cpu"":""13.22%"",""mem"":""249.2MiB / 122.8GiB""},{""name"":""lab-mysql"",""cpu"":""9.93%"",""mem"":""726.5MiB / 122.8GiB""},{""name"":""lab-woocommerce-mysql"",""cpu"":""1.40%"",""mem"":""515.7MiB / 122.8GiB""}]"
2026-09-10T13:53:10Z,3,1751,2,0,20,2669524659,"[{""name"":""lab-worker-1"",""cpu"":""14.74%"",""mem"":""140.4MiB / 122.8GiB""},{""name"":""lab-api"",""cpu"":""0.00%"",""mem"":""147.2MiB / 122.8GiB""},{""name"":""lab-allegro-stub"",""cpu"":""4.07%"",""mem"":""21.48MiB / 122.8GiB""},{""name"":""lab-erli-stub"",""cpu"":""0.01%"",""mem"":""18.05MiB / 122.8GiB""},{""name"":""lab-eparagony-stub"",""cpu"":""0.01%"",""mem"":""20.37MiB / 122.8GiB""},{""name"":""lab-invoicing-stub"",""cpu"":""3.16%"",""mem"":""16.62MiB / 122.8GiB""},{""name"":""lab-shipping-stub"",""cpu"":""2.54%"",""mem"":""16.62MiB / 122.8GiB""},{""name"":""lab-eparagony-stub-tls"",""cpu"":""0.00%"",""mem"":""23.3MiB / 122.8GiB""},{""name"":""lab-erli-stub-tls"",""cpu"":""0.00%"",""mem"":""22.67MiB / 122.8GiB""},{""name"":""lab-wc-tls"",""cpu"":""0.00%"",""mem"":""29.52MiB / 122.8GiB""},{""name"":""lab-prestashop"",""cpu"":""13.28%"",""mem"":""142MiB / 122.8GiB""},{""name"":""lab-woocommerce"",""cpu"":""0.01%"",""mem"":""315.3MiB / 122.8GiB""},{""name"":""lab-redis"",""cpu"":""1.32%"",""mem"":""80.8MiB / 122.8GiB""},{""name"":""lab-postgres"",""cpu"":""7.33%"",""mem"":""247.1MiB / 122.8GiB""},{""name"":""lab-mysql"",""cpu"":""14.76%"",""mem"":""726.5MiB / 122.8GiB""},{""name"":""lab-woocommerce-mysql"",""cpu"":""0.92%"",""mem"":""515.7MiB / 122.8GiB""}]"
2026-09-10T13:53:13Z,3,1750,1,0,20,2669532851,"[{""name"":""lab-worker-1"",""cpu"":""6.86%"",""mem"":""139.1MiB / 122.8GiB""},{""name"":""lab-api"",""cpu"":""0.00%"",""mem"":""147.2MiB / 122.8GiB""},{""name"":""lab-allegro-stub"",""cpu"":""0.10%"",""mem"":""21.43MiB / 122.8GiB""},{""name"":""lab-erli-stub"",""cpu"":""0.00%"",""mem"":""18.05MiB / 122.8GiB""},{""name"":""lab-eparagony-stub"",""cpu"":""0.00%"",""mem"":""20.37MiB / 122.8GiB""},{""name"":""lab-invoicing-stub"",""cpu"":""0.00%"",""mem"":""16.6MiB / 122.8GiB""},{""name"":""lab-shipping-stub"",""cpu"":""0.00%"",""mem"":""16.58MiB / 122.8GiB""},{""name"":""lab-eparagony-stub-tls"",""cpu"":""0.00%"",""mem"":""23.3MiB / 122.8GiB""},{""name"":""lab-erli-stub-tls"",""cpu"":""0.00%"",""mem"":""22.67MiB / 122.8GiB""},{""name"":""lab-wc-tls"",""cpu"":""0.00%"",""mem"":""29.52MiB / 122.8GiB""},{""name"":""lab-prestashop"",""cpu"":""8.21%"",""mem"":""140.2MiB / 122.8GiB""},{""name"":""lab-woocommerce"",""cpu"":""0.01%"",""mem"":""315.3MiB / 122.8GiB""},{""name"":""lab-redis"",""cpu"":""0.78%"",""mem"":""81.05MiB / 122.8GiB""},{""name"":""lab-postgres"",""cpu"":""4.60%"",""mem"":""247.1MiB / 122.8GiB""},{""name"":""lab-mysql"",""cpu"":""7.80%"",""mem"":""726.5MiB / 122.8GiB""},{""name"":""lab-woocommerce-mysql"",""cpu"":""0.95%"",""mem"":""515.7MiB / 122.8GiB""}]"
2026-09-10T13:53:17Z,3,1749,2,0,21,2669532851,"[{""name"":""lab-worker-1"",""cpu"":""4.84%"",""mem"":""139MiB / 122.8GiB""},{""name"":""lab-api"",""cpu"":""0.00%"",""mem"":""147.2MiB / 122.8GiB""},{""name"":""lab-allegro-stub"",""cpu"":""0.06%"",""mem"":""21.43MiB / 122.8GiB""},{""name"":""lab-erli-stub"",""cpu"":""0.00%"",""mem"":""18.05MiB / 122.8GiB""},{""name"":""lab-eparagony-stub"",""cpu"":""0.00%"",""mem"":""20.37MiB / 122.8GiB""},{""name"":""lab-invoicing-stub"",""cpu"":""0.01%"",""mem"":""16.6MiB / 122.8GiB""},{""name"":""lab-shipping-stub"",""cpu"":""0.01%"",""mem"":""16.58MiB / 122.8GiB""},{""name"":""lab-eparagony-stub-tls"",""cpu"":""0.00%"",""mem"":""23.3MiB / 122.8GiB""},{""name"":""lab-erli-stub-tls"",""cpu"":""0.00%"",""mem"":""22.67MiB / 122.8GiB""},{""name"":""lab-wc-tls"",""cpu"":""0.00%"",""mem"":""29.52MiB / 122.8GiB""},{""name"":""lab-prestashop"",""cpu"":""7.84%"",""mem"":""140MiB / 122.8GiB""},{""name"":""lab-woocommerce"",""cpu"":""0.01%"",""mem"":""315.3MiB / 122.8GiB""},{""name"":""lab-redis"",""cpu"":""0.68%"",""mem"":""80.8MiB / 122.8GiB""},{""name"":""lab-postgres"",""cpu"":""2.88%"",""mem"":""247.3MiB / 122.8GiB""},{""name"":""lab-mysql"",""cpu"":""8.26%"",""mem"":""726.5MiB / 122.8GiB""},{""name"":""lab-woocommerce-mysql"",""cpu"":""1.38%"",""mem"":""515.7MiB / 122.8GiB""}]"
2026-09-10T13:53:20Z,4,1750,2,0,21,2669549235,"[{""name"":""lab-worker-1"",""cpu"":""6.07%"",""mem"":""139MiB / 122.8GiB""},{""name"":""lab-api"",""cpu"":""0.00%"",""mem"":""147.2MiB / 122.8GiB""},{""name"":""lab-allegro-stub"",""cpu"":""3.52%"",""mem"":""26.5MiB / 122.8GiB""},{""name"":""lab-erli-stub"",""cpu"":""4.28%"",""mem"":""18.07MiB / 122.8GiB""},{""name"":""lab-eparagony-stub"",""cpu"":""4.64%"",""mem"":""20.38MiB / 122.8GiB""},{""name"":""lab-invoicing-stub"",""cpu"":""3.39%"",""mem"":""16.71MiB / 122.8GiB""},{""name"":""lab-shipping-stub"",""cpu"":""2.51%"",""mem"":""23.82MiB / 122.8GiB""},{""name"":""lab-eparagony-stub-tls"",""cpu"":""0.00%"",""mem"":""23.3MiB / 122.8GiB""},{""name"":""lab-erli-stub-tls"",""cpu"":""0.00%"",""mem"":""22.67MiB / 122.8GiB""},{""name"":""lab-wc-tls"",""cpu"":""0.00%"",""mem"":""29.52MiB / 122.8GiB""},{""name"":""lab-prestashop"",""cpu"":""8.93%"",""mem"":""142.2MiB / 122.8GiB""},{""name"":""lab-woocommerce"",""cpu"":""0.01%"",""mem"":""317.3MiB / 122.8GiB""},{""name"":""lab-redis"",""cpu"":""0.92%"",""mem"":""80.8MiB / 122.8GiB""},{""name"":""lab-postgres"",""cpu"":""0.88%"",""mem"":""243.5MiB / 122.8GiB""},{""name"":""lab-mysql"",""cpu"":""8.18%"",""mem"":""727MiB / 122.8GiB""},{""name"":""lab-woocommerce-mysql"",""cpu"":""0.85%"",""mem"":""515.7MiB / 122.8GiB""}]"
2026-09-10T13:53:23Z,3,1750,2,0,21,2669549235,"[{""name"":""lab-worker-1"",""cpu"":""3.72%"",""mem"":""139.9MiB / 122.8GiB""},{""name"":""lab-api"",""cpu"":""0.00%"",""mem"":""147.2MiB / 122.8GiB""},{""name"":""lab-allegro-stub"",""cpu"":""0.03%"",""mem"":""21.43MiB / 122.8GiB""},{""name"":""lab-erli-stub"",""cpu"":""0.00%"",""mem"":""18.06MiB / 122.8GiB""},{""name"":""lab-eparagony-stub"",""cpu"":""0.00%"",""mem"":""20.37MiB / 122.8GiB""},{""name"":""lab-invoicing-stub"",""cpu"":""0.00%"",""mem"":""16.6MiB / 122.8GiB""},{""name"":""lab-shipping-stub"",""cpu"":""0.00%"",""mem"":""16.58MiB / 122.8GiB""},{""name"":""lab-eparagony-stub-tls"",""cpu"":""0.00%"",""mem"":""23.3MiB / 122.8GiB""},{""name"":""lab-erli-stub-tls"",""cpu"":""0.00%"",""mem"":""22.67MiB / 122.8GiB""},{""name"":""lab-wc-tls"",""cpu"":""0.00%"",""mem"":""29.52MiB / 122.8GiB""},{""name"":""lab-prestashop"",""cpu"":""9.04%"",""mem"":""142MiB / 122.8GiB""},{""name"":""lab-woocommerce"",""cpu"":""0.01%"",""mem"":""317.3MiB / 122.8GiB""},{""name"":""lab-redis"",""cpu"":""0.87%"",""mem"":""80.8MiB / 122.8GiB""},{""name"":""lab-postgres"",""cpu"":""0.92%"",""mem"":""243.5MiB / 122.8GiB""},{""name"":""lab-mysql"",""cpu"":""9.74%"",""mem"":""726.5MiB / 122.8GiB""},{""name"":""lab-woocommerce-mysql"",""cpu"":""1.01%"",""mem"":""515.7MiB / 122.8GiB""}]"
2026-09-10T13:53:26Z,3,1750,1,0,22,2669549235,"[{""name"":""lab-worker-1"",""cpu"":""3.15%"",""mem"":""139MiB / 122.8GiB""},{""name"":""lab-api"",""cpu"":""0.00%"",""mem"":""147.2MiB / 122.8GiB""},{""name"":""lab-allegro-stub"",""cpu"":""0.01%"",""mem"":""21.43MiB / 122.8GiB""},{""name"":""lab-erli-stub"",""cpu"":""0.00%"",""mem"":""18.05MiB / 122.8GiB""},{""name"":""lab-eparagony-stub"",""cpu"":""0.00%"",""mem"":""20.37MiB / 122.8GiB""},{""name"":""lab-invoicing-stub"",""cpu"":""0.02%"",""mem"":""16.62MiB / 122.8GiB""},{""name"":""lab-shipping-stub"",""cpu"":""0.02%"",""mem"":""16.58MiB / 122.8GiB""},{""name"":""lab-eparagony-stub-tls"",""cpu"":""0.00%"",""mem"":""23.3MiB / 122.8GiB""},{""name"":""lab-erli-stub-tls"",""cpu"":""0.00%"",""mem"":""22.67MiB / 122.8GiB""},{""name"":""lab-wc-tls"",""cpu"":""0.00%"",""mem"":""29.52MiB / 122.8GiB""},{""name"":""lab-prestashop"",""cpu"":""7.66%"",""mem"":""142MiB / 122.8GiB""},{""name"":""lab-woocommerce"",""cpu"":""0.01%"",""mem"":""317.3MiB / 122.8GiB""},{""name"":""lab-redis"",""cpu"":""0.78%"",""mem"":""80.8MiB / 122.8GiB""},{""name"":""lab-postgres"",""cpu"":""0.92%"",""mem"":""243.5MiB / 122.8GiB""},{""name"":""lab-mysql"",""cpu"":""8.21%"",""mem"":""726.7MiB / 122.8GiB""},{""name"":""lab-woocommerce-mysql"",""cpu"":""1.02%"",""mem"":""515.7MiB / 122.8GiB""}]"
2026-09-10T13:53:29Z,3,1749,2,0,21,2669549235,"[{""name"":""lab-worker-1"",""cpu"":""4.60%"",""mem"":""139.6MiB / 122.8GiB""},{""name"":""lab-api"",""cpu"":""0.02%"",""mem"":""147.3MiB / 122.8GiB""},{""name"":""lab-allegro-stub"",""cpu"":""0.10%"",""mem"":""21.44MiB / 122.8GiB""},{""name"":""lab-erli-stub"",""cpu"":""0.00%"",""mem"":""18.05MiB / 122.8GiB""},{""name"":""lab-eparagony-stub"",""cpu"":""4.04%"",""mem"":""20.42MiB / 122.8GiB""},{""name"":""lab-invoicing-stub"",""cpu"":""0.00%"",""mem"":""16.6MiB / 122.8GiB""},{""name"":""lab-shipping-stub"",""cpu"":""0.00%"",""mem"":""16.58MiB / 122.8GiB""},{""name"":""lab-eparagony-stub-tls"",""cpu"":""0.00%"",""mem"":""23.3MiB / 122.8GiB""},{""name"":""lab-erli-stub-tls"",""cpu"":""0.00%"",""mem"":""22.67MiB / 122.8GiB""},{""name"":""lab-wc-tls"",""cpu"":""0.00%"",""mem"":""29.52MiB / 122.8GiB""},{""name"":""lab-prestashop"",""cpu"":""7.67%"",""mem"":""142MiB / 122.8GiB""},{""name"":""lab-woocommerce"",""cpu"":""0.01%"",""mem"":""317.3MiB / 122.8GiB""},{""name"":""lab-redis"",""cpu"":""0.82%"",""mem"":""81.05MiB / 122.8GiB""},{""name"":""lab-postgres"",""cpu"":""2.07%"",""mem"":""243.5MiB / 122.8GiB""},{""name"":""lab-mysql"",""cpu"":""7.75%"",""mem"":""726.5MiB / 122.8GiB""},{""name"":""lab-woocommerce-mysql"",""cpu"":""0.84%"",""mem"":""515.7MiB / 122.8GiB""}]"
2026-09-10T13:53:32Z,3,1750,1,0,21,2669549235,"[{""name"":""lab-worker-1"",""cpu"":""4.13%"",""mem"":""139.9MiB / 122.8GiB""},{""name"":""lab-api"",""cpu"":""0.00%"",""mem"":""147.3MiB / 122.8GiB""},{""name"":""lab-allegro-stub"",""cpu"":""0.04%"",""mem"":""21.43MiB / 122.8GiB""},{""name"":""lab-erli-stub"",""cpu"":""0.00%"",""mem"":""18.05MiB / 122.8GiB""},{""name"":""lab-eparagony-stub"",""cpu"":""0.00%"",""mem"":""20.37MiB / 122.8GiB""},{""name"":""lab-invoicing-stub"",""cpu"":""0.00%"",""mem"":""16.6MiB / 122.8GiB""},{""name"":""lab-shipping-stub"",""cpu"":""0.00%"",""mem"":""16.58MiB / 122.8GiB""},{""name"":""lab-eparagony-stub-tls"",""cpu"":""0.00%"",""mem"":""23.3MiB / 122.8GiB""},{""name"":""lab-erli-stub-tls"",""cpu"":""0.00%"",""mem"":""22.67MiB / 122.8GiB""},{""name"":""lab-wc-tls"",""cpu"":""0.00%"",""mem"":""29.52MiB / 122.8GiB""},{""name"":""lab-prestashop"",""cpu"":""9.39%"",""mem"":""142MiB / 122.8GiB""},{""name"":""lab-woocommerce"",""cpu"":""0.01%"",""mem"":""317.3MiB / 122.8GiB""},{""name"":""lab-redis"",""cpu"":""0.90%"",""mem"":""80.8MiB / 122.8GiB""},{""name"":""lab-postgres"",""cpu"":""0.83%"",""mem"":""243.5MiB / 122.8GiB""},{""name"":""lab-mysql"",""cpu"":""8.56%"",""mem"":""726.7MiB / 122.8GiB""},{""name"":""lab-woocommerce-mysql"",""cpu"":""0.95%"",""mem"":""515.7MiB / 122.8GiB""}]"
2026-09-10T13:53:35Z,3,1751,0,0,21,2669549235,"[{""name"":""lab-worker-1"",""cpu"":""2.96%"",""mem"":""139MiB / 122.8GiB""},{""name"":""lab-api"",""cpu"":""0.00%"",""mem"":""147.3MiB / 122.8GiB""},{""name"":""lab-allegro-stub"",""cpu"":""4.19%"",""mem"":""21.43MiB / 122.8GiB""},{""name"":""lab-erli-stub"",""cpu"":""3.99%"",""mem"":""18.05MiB / 122.8GiB""},{""name"":""lab-eparagony-stub"",""cpu"":""0.01%"",""mem"":""20.37MiB / 122.8GiB""},{""name"":""lab-invoicing-stub"",""cpu"":""3.87%"",""mem"":""16.84MiB / 122.8GiB""},{""name"":""lab-shipping-stub"",""cpu"":""4.24%"",""mem"":""16.58MiB / 122.8GiB""},{""name"":""lab-eparagony-stub-tls"",""cpu"":""0.00%"",""mem"":""23.3MiB / 122.8GiB""},{""name"":""lab-erli-stub-tls"",""cpu"":""0.00%"",""mem"":""22.67MiB / 122.8GiB""},{""name"":""lab-wc-tls"",""cpu"":""0.00%"",""mem"":""29.52MiB / 122.8GiB""},{""name"":""lab-prestashop"",""cpu"":""7.98%"",""mem"":""142MiB / 122.8GiB""},{""name"":""lab-woocommerce"",""cpu"":""0.00%"",""mem"":""317.3MiB / 122.8GiB""},{""name"":""lab-redis"",""cpu"":""4.74%"",""mem"":""80.81MiB / 122.8GiB""},{""name"":""lab-postgres"",""cpu"":""0.97%"",""mem"":""243.5MiB / 122.8GiB""},{""name"":""lab-mysql"",""cpu"":""8.44%"",""mem"":""726.7MiB / 122.8GiB""},{""name"":""lab-woocommerce-mysql"",""cpu"":""0.85%"",""mem"":""515.7MiB / 122.8GiB""}]"
2026-09-10T13:53:38Z,3,1751,0,0,21,2669549235,"[{""name"":""lab-worker-1"",""cpu"":""5.05%"",""mem"":""139.5MiB / 122.8GiB""},{""name"":""lab-api"",""cpu"":""0.80%"",""mem"":""147.3MiB / 122.8GiB""},{""name"":""lab-allegro-stub"",""cpu"":""0.09%"",""mem"":""21.43MiB / 122.8GiB""},{""name"":""lab-erli-stub"",""cpu"":""0.00%"",""mem"":""18.05MiB / 122.8GiB""},{""name"":""lab-eparagony-stub"",""cpu"":""0.00%"",""mem"":""20.37MiB / 122.8GiB""},{""name"":""lab-invoicing-stub"",""cpu"":""0.00%"",""mem"":""16.6MiB / 122.8GiB""},{""name"":""lab-shipping-stub"",""cpu"":""0.00%"",""mem"":""16.58MiB / 122.8GiB""},{""name"":""lab-eparagony-stub-tls"",""cpu"":""0.00%"",""mem"":""23.3MiB / 122.8GiB""},{""name"":""lab-erli-stub-tls"",""cpu"":""0.00%"",""mem"":""22.67MiB / 122.8GiB""},{""name"":""lab-wc-tls"",""cpu"":""0.00%"",""mem"":""29.52MiB / 122.8GiB""},{""name"":""lab-prestashop"",""cpu"":""8.48%"",""mem"":""142MiB / 122.8GiB""},{""name"":""lab-woocommerce"",""cpu"":""0.01%"",""mem"":""317.3MiB / 122.8GiB""},{""name"":""lab-redis"",""cpu"":""0.96%"",""mem"":""81.05MiB / 122.8GiB""},{""name"":""lab-postgres"",""cpu"":""2.07%"",""mem"":""243.5MiB / 122.8GiB""},{""name"":""lab-mysql"",""cpu"":""13.25%"",""mem"":""726.5MiB / 122.8GiB""},{""name"":""lab-woocommerce-mysql"",""cpu"":""0.89%"",""mem"":""515.7MiB / 122.8GiB""}]"
2026-09-10T13:53:42Z,3,1752,2,0,19,2669549235,"[{""name"":""lab-worker-1"",""cpu"":""4.01%"",""mem"":""139MiB / 122.8GiB""},{""name"":""lab-api"",""cpu"":""0.00%"",""mem"":""147.3MiB / 122.8GiB""},{""name"":""lab-allegro-stub"",""cpu"":""0.05%"",""mem"":""21.43MiB / 122.8GiB""},{""name"":""lab-erli-stub"",""cpu"":""0.00%"",""mem"":""18.05MiB / 122.8GiB""},{""name"":""lab-eparagony-stub"",""cpu"":""0.00%"",""mem"":""20.37MiB / 122.8GiB""},{""name"":""lab-invoicing-stub"",""cpu"":""0.01%"",""mem"":""16.6MiB / 122.8GiB""},{""name"":""lab-shipping-stub"",""cpu"":""0.01%"",""mem"":""16.58MiB / 122.8GiB""},{""name"":""lab-eparagony-stub-tls"",""cpu"":""0.00%"",""mem"":""23.3MiB / 122.8GiB""},{""name"":""lab-erli-stub-tls"",""cpu"":""0.00%"",""mem"":""22.67MiB / 122.8GiB""},{""name"":""lab-wc-tls"",""cpu"":""0.00%"",""mem"":""29.52MiB / 122.8GiB""},{""name"":""lab-prestashop"",""cpu"":""9.04%"",""mem"":""142MiB / 122.8GiB""},{""name"":""lab-woocommerce"",""cpu"":""0.01%"",""mem"":""317.3MiB / 122.8GiB""},{""name"":""lab-redis"",""cpu"":""0.78%"",""mem"":""80.8MiB / 122.8GiB""},{""name"":""lab-postgres"",""cpu"":""1.86%"",""mem"":""243.5MiB / 122.8GiB""},{""name"":""lab-mysql"",""cpu"":""9.49%"",""mem"":""726.5MiB / 122.8GiB""},{""name"":""lab-woocommerce-mysql"",""cpu"":""5.25%"",""mem"":""515.7MiB / 122.8GiB""}]"
2026-09-10T13:53:45Z,4,1750,1,0,20,2669557427,"[{""name"":""lab-worker-1"",""cpu"":""4.76%"",""mem"":""139.4MiB / 122.8GiB""},{""name"":""lab-api"",""cpu"":""0.01%"",""mem"":""147.3MiB / 122.8GiB""},{""name"":""lab-allegro-stub"",""cpu"":""0.01%"",""mem"":""21.43MiB / 122.8GiB""},{""name"":""lab-erli-stub"",""cpu"":""3.92%"",""mem"":""18.1MiB / 122.8GiB""},{""name"":""lab-eparagony-stub"",""cpu"":""4.44%"",""mem"":""20.41MiB / 122.8GiB""},{""name"":""lab-invoicing-stub"",""cpu"":""0.00%"",""mem"":""16.6MiB / 122.8GiB""},{""name"":""lab-shipping-stub"",""cpu"":""0.00%"",""mem"":""16.58MiB / 122.8GiB""},{""name"":""lab-eparagony-stub-tls"",""cpu"":""0.00%"",""mem"":""23.3MiB / 122.8GiB""},{""name"":""lab-erli-stub-tls"",""cpu"":""0.00%"",""mem"":""22.67MiB / 122.8GiB""},{""name"":""lab-wc-tls"",""cpu"":""0.00%"",""mem"":""29.52MiB / 122.8GiB""},{""name"":""lab-prestashop"",""cpu"":""7.69%"",""mem"":""139.9MiB / 122.8GiB""},{""name"":""lab-woocommerce"",""cpu"":""0.00%"",""mem"":""317.3MiB / 122.8GiB""},{""name"":""lab-redis"",""cpu"":""3.22%"",""mem"":""82.07MiB / 122.8GiB""},{""name"":""lab-postgres"",""cpu"":""2.05%"",""mem"":""243.8MiB / 122.8GiB""},{""name"":""lab-mysql"",""cpu"":""6.45%"",""mem"":""726.5MiB / 122.8GiB""},{""name"":""lab-woocommerce-mysql"",""cpu"":""0.87%"",""mem"":""515.7MiB / 122.8GiB""}]"
2026-09-10T13:53:48Z,3,1750,2,0,21,2669565619,"[{""name"":""lab-worker-1"",""cpu"":""3.08%"",""mem"":""139.4MiB / 122.8GiB""},{""name"":""lab-api"",""cpu"":""0.00%"",""mem"":""147.3MiB / 122.8GiB""},{""name"":""lab-allegro-stub"",""cpu"":""0.00%"",""mem"":""21.43MiB / 122.8GiB""},{""name"":""lab-erli-stub"",""cpu"":""0.00%"",""mem"":""18.05MiB / 122.8GiB""},{""name"":""lab-eparagony-stub"",""cpu"":""0.00%"",""mem"":""20.37MiB / 122.8GiB""},{""name"":""lab-invoicing-stub"",""cpu"":""0.00%"",""mem"":""16.6MiB / 122.8GiB""},{""name"":""lab-shipping-stub"",""cpu"":""0.00%"",""mem"":""16.58MiB / 122.8GiB""},{""name"":""lab-eparagony-stub-tls"",""cpu"":""0.00%"",""mem"":""23.3MiB / 122.8GiB""},{""name"":""lab-erli-stub-tls"",""cpu"":""0.00%"",""mem"":""22.67MiB / 122.8GiB""},{""name"":""lab-wc-tls"",""cpu"":""0.00%"",""mem"":""29.52MiB / 122.8GiB""},{""name"":""lab-prestashop"",""cpu"":""7.48%"",""mem"":""140.2MiB / 122.8GiB""},{""name"":""lab-woocommerce"",""cpu"":""18.18%"",""mem"":""315.3MiB / 122.8GiB""},{""name"":""lab-redis"",""cpu"":""0.80%"",""mem"":""80.8MiB / 122.8GiB""},{""name"":""lab-postgres"",""cpu"":""5.93%"",""mem"":""243.5MiB / 122.8GiB""},{""name"":""lab-mysql"",""cpu"":""11.73%"",""mem"":""726.8MiB / 122.8GiB""},{""name"":""lab-woocommerce-mysql"",""cpu"":""5.22%"",""mem"":""515.7MiB / 122.8GiB""}]"
2026-09-10T13:53:51Z,3,1749,1,0,22,2669565619,"[{""name"":""lab-worker-1"",""cpu"":""3.21%"",""mem"":""139MiB / 122.8GiB""},{""name"":""lab-api"",""cpu"":""0.02%"",""mem"":""147.4MiB / 122.8GiB""},{""name"":""lab-allegro-stub"",""cpu"":""4.22%"",""mem"":""21.44MiB / 122.8GiB""},{""name"":""lab-erli-stub"",""cpu"":""0.01%"",""mem"":""18.05MiB / 122.8GiB""},{""name"":""lab-eparagony-stub"",""cpu"":""0.00%"",""mem"":""20.37MiB / 122.8GiB""},{""name"":""lab-invoicing-stub"",""cpu"":""4.10%"",""mem"":""16.62MiB / 122.8GiB""},{""name"":""lab-shipping-stub"",""cpu"":""4.09%"",""mem"":""16.62MiB / 122.8GiB""},{""name"":""lab-eparagony-stub-tls"",""cpu"":""0.00%"",""mem"":""23.3MiB / 122.8GiB""},{""name"":""lab-erli-stub-tls"",""cpu"":""0.00%"",""mem"":""22.67MiB / 122.8GiB""},{""name"":""lab-wc-tls"",""cpu"":""0.00%"",""mem"":""29.52MiB / 122.8GiB""},{""name"":""lab-prestashop"",""cpu"":""7.96%"",""mem"":""139.9MiB / 122.8GiB""},{""name"":""lab-woocommerce"",""cpu"":""0.01%"",""mem"":""315.3MiB / 122.8GiB""},{""name"":""lab-redis"",""cpu"":""0.72%"",""mem"":""80.79MiB / 122.8GiB""},{""name"":""lab-postgres"",""cpu"":""0.90%"",""mem"":""242.7MiB / 122.8GiB""},{""name"":""lab-mysql"",""cpu"":""6.84%"",""mem"":""726.5MiB / 122.8GiB""},{""name"":""lab-woocommerce-mysql"",""cpu"":""5.26%"",""mem"":""516MiB / 122.8GiB""}]"
2026-09-10T13:53:54Z,3,1749,2,0,23,2669573811,"[{""name"":""lab-worker-1"",""cpu"":""3.62%"",""mem"":""139MiB / 122.8GiB""},{""name"":""lab-api"",""cpu"":""0.01%"",""mem"":""147.4MiB / 122.8GiB""},{""name"":""lab-allegro-stub"",""cpu"":""0.00%"",""mem"":""21.43MiB / 122.8GiB""},{""name"":""lab-erli-stub"",""cpu"":""0.00%"",""mem"":""18.05MiB / 122.8GiB""},{""name"":""lab-eparagony-stub"",""cpu"":""0.00%"",""mem"":""20.37MiB / 122.8GiB""},{""name"":""lab-invoicing-stub"",""cpu"":""0.00%"",""mem"":""16.61MiB / 122.8GiB""},{""name"":""lab-shipping-stub"",""cpu"":""0.00%"",""mem"":""16.58MiB / 122.8GiB""},{""name"":""lab-eparagony-stub-tls"",""cpu"":""0.00%"",""mem"":""23.3MiB / 122.8GiB""},{""name"":""lab-erli-stub-tls"",""cpu"":""0.00%"",""mem"":""22.67MiB / 122.8GiB""},{""name"":""lab-wc-tls"",""cpu"":""0.00%"",""mem"":""29.52MiB / 122.8GiB""},{""name"":""lab-prestashop"",""cpu"":""7.75%"",""mem"":""139.9MiB / 122.8GiB""},{""name"":""lab-woocommerce"",""cpu"":""0.01%"",""mem"":""315.3MiB / 122.8GiB""},{""name"":""lab-redis"",""cpu"":""0.81%"",""mem"":""80.8MiB / 122.8GiB""},{""name"":""lab-postgres"",""cpu"":""2.98%"",""mem"":""242.7MiB / 122.8GiB""},{""name"":""lab-mysql"",""cpu"":""9.23%"",""mem"":""726.5MiB / 122.8GiB""},{""name"":""lab-woocommerce-mysql"",""cpu"":""1.08%"",""mem"":""515.7MiB / 122.8GiB""}]"
2026-09-10T13:53:57Z,3,1749,2,0,23,2669573811,"[{""name"":""lab-worker-1"",""cpu"":""3.19%"",""mem"":""139.3MiB / 122.8GiB""},{""name"":""lab-api"",""cpu"":""0.00%"",""mem"":""147.4MiB / 122.8GiB""},{""name"":""lab-allegro-stub"",""cpu"":""0.01%"",""mem"":""21.43MiB / 122.8GiB""},{""name"":""lab-erli-stub"",""cpu"":""0.00%"",""mem"":""18.05MiB / 122.8GiB""},{""name"":""lab-eparagony-stub"",""cpu"":""0.01%"",""mem"":""20.37MiB / 122.8GiB""},{""name"":""lab-invoicing-stub"",""cpu"":""0.00%"",""mem"":""16.6MiB / 122.8GiB""},{""name"":""lab-shipping-stub"",""cpu"":""0.00%"",""mem"":""16.58MiB / 122.8GiB""},{""name"":""lab-eparagony-stub-tls"",""cpu"":""0.00%"",""mem"":""23.3MiB / 122.8GiB""},{""name"":""lab-erli-stub-tls"",""cpu"":""0.00%"",""mem"":""22.67MiB / 122.8GiB""},{""name"":""lab-wc-tls"",""cpu"":""0.00%"",""mem"":""29.52MiB / 122.8GiB""},{""name"":""lab-prestashop"",""cpu"":""8.79%"",""mem"":""139.9MiB / 122.8GiB""},{""name"":""lab-woocommerce"",""cpu"":""0.01%"",""mem"":""315.3MiB / 122.8GiB""},{""name"":""lab-redis"",""cpu"":""0.76%"",""mem"":""81.05MiB / 122.8GiB""},{""name"":""lab-postgres"",""cpu"":""1.04%"",""mem"":""242.7MiB / 122.8GiB""},{""name"":""lab-mysql"",""cpu"":""8.44%"",""mem"":""726.5MiB / 122.8GiB""},{""name"":""lab-woocommerce-mysql"",""cpu"":""0.96%"",""mem"":""515.7MiB / 122.8GiB""}]"
2026-09-10T13:54:00Z,3,1747,3,0,23,2669573811,"[{""name"":""lab-worker-1"",""cpu"":""5.46%"",""mem"":""140.2MiB / 122.8GiB""},{""name"":""lab-api"",""cpu"":""0.00%"",""mem"":""147.5MiB / 122.8GiB""},{""name"":""lab-allegro-stub"",""cpu"":""3.66%"",""mem"":""21.47MiB / 122.8GiB""},{""name"":""lab-erli-stub"",""cpu"":""4.03%"",""mem"":""18.07MiB / 122.8GiB""},{""name"":""lab-eparagony-stub"",""cpu"":""0.01%"",""mem"":""20.38MiB / 122.8GiB""},{""name"":""lab-invoicing-stub"",""cpu"":""3.81%"",""mem"":""16.61MiB / 122.8GiB""},{""name"":""lab-shipping-stub"",""cpu"":""3.97%"",""mem"":""16.6MiB / 122.8GiB""},{""name"":""lab-eparagony-stub-tls"",""cpu"":""0.00%"",""mem"":""23.3MiB / 122.8GiB""},{""name"":""lab-erli-stub-tls"",""cpu"":""0.00%"",""mem"":""22.67MiB / 122.8GiB""},{""name"":""lab-wc-tls"",""cpu"":""0.00%"",""mem"":""29.52MiB / 122.8GiB""},{""name"":""lab-prestashop"",""cpu"":""10.73%"",""mem"":""139.9MiB / 122.8GiB""},{""name"":""lab-woocommerce"",""cpu"":""0.01%"",""mem"":""315.3MiB / 122.8GiB""},{""name"":""lab-redis"",""cpu"":""1.36%"",""mem"":""80.8MiB / 122.8GiB""},{""name"":""lab-postgres"",""cpu"":""0.95%"",""mem"":""242.7MiB / 122.8GiB""},{""name"":""lab-mysql"",""cpu"":""12.51%"",""mem"":""726.5MiB / 122.8GiB""},{""name"":""lab-woocommerce-mysql"",""cpu"":""0.89%"",""mem"":""515.7MiB / 122.8GiB""}]"
2026-09-10T13:54:03Z,3,1748,1,0,23,2669582003,"[{""name"":""lab-worker-1"",""cpu"":""4.45%"",""mem"":""139MiB / 122.8GiB""},{""name"":""lab-api"",""cpu"":""0.00%"",""mem"":""147.5MiB / 122.8GiB""},{""name"":""lab-allegro-stub"",""cpu"":""0.00%"",""mem"":""21.43MiB / 122.8GiB""},{""name"":""lab-erli-stub"",""cpu"":""0.00%"",""mem"":""18.05MiB / 122.8GiB""},{""name"":""lab-eparagony-stub"",""cpu"":""0.00%"",""mem"":""20.37MiB / 122.8GiB""},{""name"":""lab-invoicing-stub"",""cpu"":""0.00%"",""mem"":""16.6MiB / 122.8GiB""},{""name"":""lab-shipping-stub"",""cpu"":""0.00%"",""mem"":""16.58MiB / 122.8GiB""},{""name"":""lab-eparagony-stub-tls"",""cpu"":""0.00%"",""mem"":""23.3MiB / 122.8GiB""},{""name"":""lab-erli-stub-tls"",""cpu"":""0.00%"",""mem"":""22.67MiB / 122.8GiB""},{""name"":""lab-wc-tls"",""cpu"":""0.00%"",""mem"":""29.52MiB / 122.8GiB""},{""name"":""lab-prestashop"",""cpu"":""7.74%"",""mem"":""139.9MiB / 122.8GiB""},{""name"":""lab-woocommerce"",""cpu"":""0.01%"",""mem"":""315.3MiB / 122.8GiB""},{""name"":""lab-redis"",""cpu"":""0.79%"",""mem"":""80.8MiB / 122.8GiB""},{""name"":""lab-postgres"",""cpu"":""1.78%"",""mem"":""242.7MiB / 122.8GiB""},{""name"":""lab-mysql"",""cpu"":""8.13%"",""mem"":""726.8MiB / 122.8GiB""},{""name"":""lab-woocommerce-mysql"",""cpu"":""0.99%"",""mem"":""515.7MiB / 122.8GiB""}]"
2026-09-10T13:54:06Z,3,1747,2,0,23,2669598387,"[{""name"":""lab-worker-1"",""cpu"":""6.74%"",""mem"":""139.1MiB / 122.8GiB""},{""name"":""lab-api"",""cpu"":""0.00%"",""mem"":""147.5MiB / 122.8GiB""},{""name"":""lab-allegro-stub"",""cpu"":""0.01%"",""mem"":""21.43MiB / 122.8GiB""},{""name"":""lab-erli-stub"",""cpu"":""0.01%"",""mem"":""18.05MiB / 122.8GiB""},{""name"":""lab-eparagony-stub"",""cpu"":""0.00%"",""mem"":""20.37MiB / 122.8GiB""},{""name"":""lab-invoicing-stub"",""cpu"":""0.01%"",""mem"":""16.6MiB / 122.8GiB""},{""name"":""lab-shipping-stub"",""cpu"":""0.01%"",""mem"":""16.58MiB / 122.8GiB""},{""name"":""lab-eparagony-stub-tls"",""cpu"":""0.00%"",""mem"":""23.3MiB / 122.8GiB""},{""name"":""lab-erli-stub-tls"",""cpu"":""0.00%"",""mem"":""22.67MiB / 122.8GiB""},{""name"":""lab-wc-tls"",""cpu"":""0.00%"",""mem"":""29.52MiB / 122.8GiB""},{""name"":""lab-prestashop"",""cpu"":""8.10%"",""mem"":""139.9MiB / 122.8GiB""},{""name"":""lab-woocommerce"",""cpu"":""0.01%"",""mem"":""315.3MiB / 122.8GiB""},{""name"":""lab-redis"",""cpu"":""0.79%"",""mem"":""80.8MiB / 122.8GiB""},{""name"":""lab-postgres"",""cpu"":""3.07%"",""mem"":""242.7MiB / 122.8GiB""},{""name"":""lab-mysql"",""cpu"":""8.40%"",""mem"":""726.5MiB / 122.8GiB""},{""name"":""lab-woocommerce-mysql"",""cpu"":""0.96%"",""mem"":""515.7MiB / 122.8GiB""}]"
2026-09-10T13:54:10Z,4,1748,1,0,23,2669598387,"[{""name"":""lab-worker-1"",""cpu"":""13.44%"",""mem"":""139.8MiB / 122.8GiB""},{""name"":""lab-api"",""cpu"":""0.00%"",""mem"":""147.6MiB / 122.8GiB""},{""name"":""lab-allegro-stub"",""cpu"":""0.06%"",""mem"":""21.43MiB / 122.8GiB""},{""name"":""lab-erli-stub"",""cpu"":""0.00%"",""mem"":""18.05MiB / 122.8GiB""},{""name"":""lab-eparagony-stub"",""cpu"":""3.82%"",""mem"":""20.38MiB / 122.8GiB""},{""name"":""lab-invoicing-stub"",""cpu"":""0.00%"",""mem"":""16.6MiB / 122.8GiB""},{""name"":""lab-shipping-stub"",""cpu"":""0.00%"",""mem"":""16.58MiB / 122.8GiB""},{""name"":""lab-eparagony-stub-tls"",""cpu"":""0.00%"",""mem"":""23.3MiB / 122.8GiB""},{""name"":""lab-erli-stub-tls"",""cpu"":""0.00%"",""mem"":""22.67MiB / 122.8GiB""},{""name"":""lab-wc-tls"",""cpu"":""0.00%"",""mem"":""29.52MiB / 122.8GiB""},{""name"":""lab-prestashop"",""cpu"":""11.86%"",""mem"":""139.9MiB / 122.8GiB""},{""name"":""lab-woocommerce"",""cpu"":""0.01%"",""mem"":""315.3MiB / 122.8GiB""},{""name"":""lab-redis"",""cpu"":""1.25%"",""mem"":""80.79MiB / 122.8GiB""},{""name"":""lab-postgres"",""cpu"":""3.11%"",""mem"":""244.9MiB / 122.8GiB""},{""name"":""lab-mysql"",""cpu"":""12.69%"",""mem"":""726.5MiB / 122.8GiB""},{""name"":""lab-woocommerce-mysql"",""cpu"":""0.83%"",""mem"":""515.7MiB / 122.8GiB""}]"
2026-09-10T13:54:13Z,3,1748,1,0,23,2669598387,"[{""name"":""lab-worker-1"",""cpu"":""5.03%"",""mem"":""139.1MiB / 122.8GiB""},{""name"":""lab-api"",""cpu"":""0.00%"",""mem"":""147.6MiB / 122.8GiB""},{""name"":""lab-allegro-stub"",""cpu"":""0.02%"",""mem"":""21.43MiB / 122.8GiB""},{""name"":""lab-erli-stub"",""cpu"":""0.01%"",""mem"":""18.05MiB / 122.8GiB""},{""name"":""lab-eparagony-stub"",""cpu"":""0.00%"",""mem"":""20.37MiB / 122.8GiB""},{""name"":""lab-invoicing-stub"",""cpu"":""0.00%"",""mem"":""16.6MiB / 122.8GiB""},{""name"":""lab-shipping-stub"",""cpu"":""0.00%"",""mem"":""16.58MiB / 122.8GiB""},{""name"":""lab-eparagony-stub-tls"",""cpu"":""0.00%"",""mem"":""23.3MiB / 122.8GiB""},{""name"":""lab-erli-stub-tls"",""cpu"":""0.00%"",""mem"":""22.67MiB / 122.8GiB""},{""name"":""lab-wc-tls"",""cpu"":""0.00%"",""mem"":""29.52MiB / 122.8GiB""},{""name"":""lab-prestashop"",""cpu"":""12.83%"",""mem"":""137.9MiB / 122.8GiB""},{""name"":""lab-woocommerce"",""cpu"":""0.00%"",""mem"":""315.3MiB / 122.8GiB""},{""name"":""lab-redis"",""cpu"":""0.79%"",""mem"":""80.8MiB / 122.8GiB""},{""name"":""lab-postgres"",""cpu"":""3.18%"",""mem"":""245.4MiB / 122.8GiB""},{""name"":""lab-mysql"",""cpu"":""8.76%"",""mem"":""726.5MiB / 122.8GiB""},{""name"":""lab-woocommerce-mysql"",""cpu"":""0.91%"",""mem"":""515.7MiB / 122.8GiB""}]"
2026-09-10T13:54:16Z,3,1747,2,0,23,2669598387,"[{""name"":""lab-worker-1"",""cpu"":""4.67%"",""mem"":""139.1MiB / 122.8GiB""},{""name"":""lab-api"",""cpu"":""0.00%"",""mem"":""147.6MiB / 122.8GiB""},{""name"":""lab-allegro-stub"",""cpu"":""3.88%"",""mem"":""21.43MiB / 122.8GiB""},{""name"":""lab-erli-stub"",""cpu"":""0.39%"",""mem"":""18.06MiB / 122.8GiB""},{""name"":""lab-eparagony-stub"",""cpu"":""0.00%"",""mem"":""20.37MiB / 122.8GiB""},{""name"":""lab-invoicing-stub"",""cpu"":""4.28%"",""mem"":""16.63MiB / 122.8GiB""},{""name"":""lab-shipping-stub"",""cpu"":""4.35%"",""mem"":""16.6MiB / 122.8GiB""},{""name"":""lab-eparagony-stub-tls"",""cpu"":""0.00%"",""mem"":""23.3MiB / 122.8GiB""},{""name"":""lab-erli-stub-tls"",""cpu"":""0.00%"",""mem"":""22.67MiB / 122.8GiB""},{""name"":""lab-wc-tls"",""cpu"":""0.00%"",""mem"":""29.52MiB / 122.8GiB""},{""name"":""lab-prestashop"",""cpu"":""7.67%"",""mem"":""137.9MiB / 122.8GiB""},{""name"":""lab-woocommerce"",""cpu"":""0.01%"",""mem"":""315.3MiB / 122.8GiB""},{""name"":""lab-redis"",""cpu"":""4.96%"",""mem"":""81.05MiB / 122.8GiB""},{""name"":""lab-postgres"",""cpu"":""2.41%"",""mem"":""245.4MiB / 122.8GiB""},{""name"":""lab-mysql"",""cpu"":""7.25%"",""mem"":""726.7MiB / 122.8GiB""},{""name"":""lab-woocommerce-mysql"",""cpu"":""0.88%"",""mem"":""515.7MiB / 122.8GiB""}]"
2026-09-10T13:54:19Z,3,1749,2,0,21,2669606579,"[{""name"":""lab-worker-1"",""cpu"":""4.01%"",""mem"":""139MiB / 122.8GiB""},{""name"":""lab-api"",""cpu"":""0.00%"",""mem"":""147.6MiB / 122.8GiB""},{""name"":""lab-allegro-stub"",""cpu"":""0.00%"",""mem"":""21.43MiB / 122.8GiB""},{""name"":""lab-erli-stub"",""cpu"":""0.00%"",""mem"":""18.05MiB / 122.8GiB""},{""name"":""lab-eparagony-stub"",""cpu"":""0.00%"",""mem"":""20.37MiB / 122.8GiB""},{""name"":""lab-invoicing-stub"",""cpu"":""0.00%"",""mem"":""16.6MiB / 122.8GiB""},{""name"":""lab-shipping-stub"",""cpu"":""0.00%"",""mem"":""16.58MiB / 122.8GiB""},{""name"":""lab-eparagony-stub-tls"",""cpu"":""0.00%"",""mem"":""23.3MiB / 122.8GiB""},{""name"":""lab-erli-stub-tls"",""cpu"":""0.00%"",""mem"":""22.67MiB / 122.8GiB""},{""name"":""lab-wc-tls"",""cpu"":""0.00%"",""mem"":""29.52MiB / 122.8GiB""},{""name"":""lab-prestashop"",""cpu"":""9.70%"",""mem"":""138MiB / 122.8GiB""},{""name"":""lab-woocommerce"",""cpu"":""0.00%"",""mem"":""315.3MiB / 122.8GiB""},{""name"":""lab-redis"",""cpu"":""0.72%"",""mem"":""80.8MiB / 122.8GiB""},{""name"":""lab-postgres"",""cpu"":""54.19%"",""mem"":""239.3MiB / 122.8GiB""},{""name"":""lab-mysql"",""cpu"":""9.38%"",""mem"":""726.5MiB / 122.8GiB""},{""name"":""lab-woocommerce-mysql"",""cpu"":""0.68%"",""mem"":""515.7MiB / 122.8GiB""}]"
2026-09-10T13:54:22Z,3,1749,2,0,21,2669606579,"[{""name"":""lab-worker-1"",""cpu"":""47.02%"",""mem"":""140.2MiB / 122.8GiB""},{""name"":""lab-api"",""cpu"":""0.00%"",""mem"":""147.9MiB / 122.8GiB""},{""name"":""lab-allegro-stub"",""cpu"":""0.00%"",""mem"":""21.43MiB / 122.8GiB""},{""name"":""lab-erli-stub"",""cpu"":""0.00%"",""mem"":""18.05MiB / 122.8GiB""},{""name"":""lab-eparagony-stub"",""cpu"":""0.00%"",""mem"":""20.37MiB / 122.8GiB""},{""name"":""lab-invoicing-stub"",""cpu"":""0.00%"",""mem"":""16.6MiB / 122.8GiB""},{""name"":""lab-shipping-stub"",""cpu"":""0.00%"",""mem"":""16.58MiB / 122.8GiB""},{""name"":""lab-eparagony-stub-tls"",""cpu"":""0.00%"",""mem"":""23.3MiB / 122.8GiB""},{""name"":""lab-erli-stub-tls"",""cpu"":""0.00%"",""mem"":""22.67MiB / 122.8GiB""},{""name"":""lab-wc-tls"",""cpu"":""0.00%"",""mem"":""29.52MiB / 122.8GiB""},{""name"":""lab-prestashop"",""cpu"":""4.23%"",""mem"":""137.9MiB / 122.8GiB""},{""name"":""lab-woocommerce"",""cpu"":""0.01%"",""mem"":""315.3MiB / 122.8GiB""},{""name"":""lab-redis"",""cpu"":""0.39%"",""mem"":""81.04MiB / 122.8GiB""},{""name"":""lab-postgres"",""cpu"":""69.19%"",""mem"":""244.3MiB / 122.8GiB""},{""name"":""lab-mysql"",""cpu"":""4.53%"",""mem"":""726.5MiB / 122.8GiB""},{""name"":""lab-woocommerce-mysql"",""cpu"":""0.84%"",""mem"":""515.7MiB / 122.8GiB""}]"
2026-09-10T13:54:25Z,3,1444,0,0,379,2669819571,"[{""name"":""lab-worker-1"",""cpu"":""45.42%"",""mem"":""140.1MiB / 122.8GiB""},{""name"":""lab-api"",""cpu"":""0.00%"",""mem"":""147.9MiB / 122.8GiB""},{""name"":""lab-allegro-stub"",""cpu"":""0.00%"",""mem"":""21.43MiB / 122.8GiB""},{""name"":""lab-erli-stub"",""cpu"":""3.96%"",""mem"":""18.06MiB / 122.8GiB""},{""name"":""lab-eparagony-stub"",""cpu"":""3.81%"",""mem"":""20.38MiB / 122.8GiB""},{""name"":""lab-invoicing-stub"",""cpu"":""0.00%"",""mem"":""16.6MiB / 122.8GiB""},{""name"":""lab-shipping-stub"",""cpu"":""0.00%"",""mem"":""16.58MiB / 122.8GiB""},{""name"":""lab-eparagony-stub-tls"",""cpu"":""0.00%"",""mem"":""23.3MiB / 122.8GiB""},{""name"":""lab-erli-stub-tls"",""cpu"":""0.00%"",""mem"":""22.67MiB / 122.8GiB""},{""name"":""lab-wc-tls"",""cpu"":""0.00%"",""mem"":""29.52MiB / 122.8GiB""},{""name"":""lab-prestashop"",""cpu"":""0.02%"",""mem"":""137.9MiB / 122.8GiB""},{""name"":""lab-woocommerce"",""cpu"":""0.00%"",""mem"":""315.3MiB / 122.8GiB""},{""name"":""lab-redis"",""cpu"":""3.64%"",""mem"":""88.29MiB / 122.8GiB""},{""name"":""lab-postgres"",""cpu"":""73.85%"",""mem"":""243.6MiB / 122.8GiB""},{""name"":""lab-mysql"",""cpu"":""0.71%"",""mem"":""726.5MiB / 122.8GiB""},{""name"":""lab-woocommerce-mysql"",""cpu"":""0.84%"",""mem"":""515.7MiB / 122.8GiB""}]"
2026-09-10T13:54:28Z,3,952,0,0,868,2669934259,"[{""name"":""lab-worker-1"",""cpu"":""44.58%"",""mem"":""139.8MiB / 122.8GiB""},{""name"":""lab-api"",""cpu"":""0.00%"",""mem"":""147.9MiB / 122.8GiB""},{""name"":""lab-allegro-stub"",""cpu"":""0.00%"",""mem"":""21.43MiB / 122.8GiB""},{""name"":""lab-erli-stub"",""cpu"":""0.00%"",""mem"":""18.05MiB / 122.8GiB""},{""name"":""lab-eparagony-stub"",""cpu"":""0.00%"",""mem"":""20.37MiB / 122.8GiB""},{""name"":""lab-invoicing-stub"",""cpu"":""0.00%"",""mem"":""16.6MiB / 122.8GiB""},{""name"":""lab-shipping-stub"",""cpu"":""0.00%"",""mem"":""16.58MiB / 122.8GiB""},{""name"":""lab-eparagony-stub-tls"",""cpu"":""0.00%"",""mem"":""23.3MiB / 122.8GiB""},{""name"":""lab-erli-stub-tls"",""cpu"":""0.00%"",""mem"":""22.67MiB / 122.8GiB""},{""name"":""lab-wc-tls"",""cpu"":""0.00%"",""mem"":""29.52MiB / 122.8GiB""},{""name"":""lab-prestashop"",""cpu"":""0.00%"",""mem"":""137.9MiB / 122.8GiB""},{""name"":""lab-woocommerce"",""cpu"":""0.00%"",""mem"":""315.3MiB / 122.8GiB""},{""name"":""lab-redis"",""cpu"":""0.28%"",""mem"":""80.8MiB / 122.8GiB""},{""name"":""lab-postgres"",""cpu"":""79.04%"",""mem"":""244.1MiB / 122.8GiB""},{""name"":""lab-mysql"",""cpu"":""5.15%"",""mem"":""726.5MiB / 122.8GiB""},{""name"":""lab-woocommerce-mysql"",""cpu"":""0.74%"",""mem"":""515.7MiB / 122.8GiB""}]"
2026-09-10T13:54:31Z,3,388,0,0,1439,2670016179,"[{""name"":""lab-worker-1"",""cpu"":""46.41%"",""mem"":""139.7MiB / 122.8GiB""},{""name"":""lab-api"",""cpu"":""0.08%"",""mem"":""147.9MiB / 122.8GiB""},{""name"":""lab-allegro-stub"",""cpu"":""0.01%"",""mem"":""21.43MiB / 122.8GiB""},{""name"":""lab-erli-stub"",""cpu"":""0.01%"",""mem"":""18.05MiB / 122.8GiB""},{""name"":""lab-eparagony-stub"",""cpu"":""0.00%"",""mem"":""20.37MiB / 122.8GiB""},{""name"":""lab-invoicing-stub"",""cpu"":""0.01%"",""mem"":""16.6MiB / 122.8GiB""},{""name"":""lab-shipping-stub"",""cpu"":""0.01%"",""mem"":""16.58MiB / 122.8GiB""},{""name"":""lab-eparagony-stub-tls"",""cpu"":""0.00%"",""mem"":""23.3MiB / 122.8GiB""},{""name"":""lab-erli-stub-tls"",""cpu"":""0.00%"",""mem"":""22.67MiB / 122.8GiB""},{""name"":""lab-wc-tls"",""cpu"":""0.00%"",""mem"":""29.52MiB / 122.8GiB""},{""name"":""lab-prestashop"",""cpu"":""0.01%"",""mem"":""137.9MiB / 122.8GiB""},{""name"":""lab-woocommerce"",""cpu"":""0.01%"",""mem"":""315.3MiB / 122.8GiB""},{""name"":""lab-redis"",""cpu"":""0.30%"",""mem"":""80.8MiB / 122.8GiB""},{""name"":""lab-postgres"",""cpu"":""75.38%"",""mem"":""241.7MiB / 122.8GiB""},{""name"":""lab-mysql"",""cpu"":""0.70%"",""mem"":""726.5MiB / 122.8GiB""},{""name"":""lab-woocommerce-mysql"",""cpu"":""5.26%"",""mem"":""515.7MiB / 122.8GiB""}]"
2026-09-10T13:54:35Z,3,0,0,0,1772,2670048947,"[{""name"":""lab-worker-1"",""cpu"":""1.00%"",""mem"":""139.2MiB / 122.8GiB""},{""name"":""lab-api"",""cpu"":""0.00%"",""mem"":""147.9MiB / 122.8GiB""},{""name"":""lab-allegro-stub"",""cpu"":""0.00%"",""mem"":""21.43MiB / 122.8GiB""},{""name"":""lab-erli-stub"",""cpu"":""0.00%"",""mem"":""18.05MiB / 122.8GiB""},{""name"":""lab-eparagony-stub"",""cpu"":""4.31%"",""mem"":""20.76MiB / 122.8GiB""},{""name"":""lab-invoicing-stub"",""cpu"":""0.00%"",""mem"":""16.6MiB / 122.8GiB""},{""name"":""lab-shipping-stub"",""cpu"":""0.00%"",""mem"":""16.58MiB / 122.8GiB""},{""name"":""lab-eparagony-stub-tls"",""cpu"":""0.00%"",""mem"":""23.3MiB / 122.8GiB""},{""name"":""lab-erli-stub-tls"",""cpu"":""0.00%"",""mem"":""22.67MiB / 122.8GiB""},{""name"":""lab-wc-tls"",""cpu"":""0.00%"",""mem"":""29.52MiB / 122.8GiB""},{""name"":""lab-prestashop"",""cpu"":""0.01%"",""mem"":""137.9MiB / 122.8GiB""},{""name"":""lab-woocommerce"",""cpu"":""0.00%"",""mem"":""315.3MiB / 122.8GiB""},{""name"":""lab-redis"",""cpu"":""0.30%"",""mem"":""80.8MiB / 122.8GiB""},{""name"":""lab-postgres"",""cpu"":""1.02%"",""mem"":""241.4MiB / 122.8GiB""},{""name"":""lab-mysql"",""cpu"":""0.96%"",""mem"":""726.5MiB / 122.8GiB""},{""name"":""lab-woocommerce-mysql"",""cpu"":""0.89%"",""mem"":""515.7MiB / 122.8GiB""}]"
2026-09-10T13:54:38Z,4,0,0,0,1772,2670048947,"[{""name"":""lab-worker-1"",""cpu"":""1.07%"",""mem"":""139.3MiB / 122.8GiB""},{""name"":""lab-api"",""cpu"":""0.00%"",""mem"":""147.9MiB / 122.8GiB""},{""name"":""lab-allegro-stub"",""cpu"":""0.00%"",""mem"":""21.43MiB / 122.8GiB""},{""name"":""lab-erli-stub"",""cpu"":""0.00%"",""mem"":""18.05MiB / 122.8GiB""},{""name"":""lab-eparagony-stub"",""cpu"":""0.00%"",""mem"":""20.37MiB / 122.8GiB""},{""name"":""lab-invoicing-stub"",""cpu"":""0.00%"",""mem"":""16.6MiB / 122.8GiB""},{""name"":""lab-shipping-stub"",""cpu"":""0.00%"",""mem"":""16.59MiB / 122.8GiB""},{""name"":""lab-eparagony-stub-tls"",""cpu"":""0.00%"",""mem"":""23.3MiB / 122.8GiB""},{""name"":""lab-erli-stub-tls"",""cpu"":""0.00%"",""mem"":""22.67MiB / 122.8GiB""},{""name"":""lab-wc-tls"",""cpu"":""0.00%"",""mem"":""29.52MiB / 122.8GiB""},{""name"":""lab-prestashop"",""cpu"":""0.01%"",""mem"":""137.9MiB / 122.8GiB""},{""name"":""lab-woocommerce"",""cpu"":""0.01%"",""mem"":""315.3MiB / 122.8GiB""},{""name"":""lab-redis"",""cpu"":""0.33%"",""mem"":""80.8MiB / 122.8GiB""},{""name"":""lab-postgres"",""cpu"":""1.03%"",""mem"":""241.6MiB / 122.8GiB""},{""name"":""lab-mysql"",""cpu"":""0.94%"",""mem"":""726.5MiB / 122.8GiB""},{""name"":""lab-woocommerce-mysql"",""cpu"":""0.96%"",""mem"":""515.7MiB / 122.8GiB""}]"
2026-09-10T13:54:41Z,3,0,0,0,1772,2670048947,"[{""name"":""lab-worker-1"",""cpu"":""0.48%"",""mem"":""139.3MiB / 122.8GiB""},{""name"":""lab-api"",""cpu"":""0.00%"",""mem"":""147.9MiB / 122.8GiB""},{""name"":""lab-allegro-stub"",""cpu"":""4.13%"",""mem"":""21.43MiB / 122.8GiB""},{""name"":""lab-erli-stub"",""cpu"":""3.99%"",""mem"":""18.07MiB / 122.8GiB""},{""name"":""lab-eparagony-stub"",""cpu"":""0.01%"",""mem"":""20.38MiB / 122.8GiB""},{""name"":""lab-invoicing-stub"",""cpu"":""3.64%"",""mem"":""16.61MiB / 122.8GiB""},{""name"":""lab-shipping-stub"",""cpu"":""3.94%"",""mem"":""16.59MiB / 122.8GiB""},{""name"":""lab-eparagony-stub-tls"",""cpu"":""0.00%"",""mem"":""23.3MiB / 122.8GiB""},{""name"":""lab-erli-stub-tls"",""cpu"":""0.00%"",""mem"":""22.67MiB / 122.8GiB""},{""name"":""lab-wc-tls"",""cpu"":""0.00%"",""mem"":""29.52MiB / 122.8GiB""},{""name"":""lab-prestashop"",""cpu"":""0.00%"",""mem"":""137.9MiB / 122.8GiB""},{""name"":""lab-woocommerce"",""cpu"":""0.00%"",""mem"":""315.3MiB / 122.8GiB""},{""name"":""lab-redis"",""cpu"":""0.27%"",""mem"":""80.8MiB / 122.8GiB""},{""name"":""lab-postgres"",""cpu"":""0.51%"",""mem"":""241.6MiB / 122.8GiB""},{""name"":""lab-mysql"",""cpu"":""0.91%"",""mem"":""726.5MiB / 122.8GiB""},{""name"":""lab-woocommerce-mysql"",""cpu"":""0.81%"",""mem"":""515.7MiB / 122.8GiB""}]"
2026-09-10T13:54:44Z,3,0,0,0,1772,2670048947,"[{""name"":""lab-worker-1"",""cpu"":""1.05%"",""mem"":""139.5MiB / 122.8GiB""},{""name"":""lab-api"",""cpu"":""0.00%"",""mem"":""147.9MiB / 122.8GiB""},{""name"":""lab-allegro-stub"",""cpu"":""0.00%"",""mem"":""21.43MiB / 122.8GiB""},{""name"":""lab-erli-stub"",""cpu"":""0.00%"",""mem"":""18.05MiB / 122.8GiB""},{""name"":""lab-eparagony-stub"",""cpu"":""0.00%"",""mem"":""20.37MiB / 122.8GiB""},{""name"":""lab-invoicing-stub"",""cpu"":""0.00%"",""mem"":""16.6MiB / 122.8GiB""},{""name"":""lab-shipping-stub"",""cpu"":""0.00%"",""mem"":""16.58MiB / 122.8GiB""},{""name"":""lab-eparagony-stub-tls"",""cpu"":""0.00%"",""mem"":""23.3MiB / 122.8GiB""},{""name"":""lab-erli-stub-tls"",""cpu"":""0.00%"",""mem"":""22.67MiB / 122.8GiB""},{""name"":""lab-wc-tls"",""cpu"":""0.00%"",""mem"":""29.52MiB / 122.8GiB""},{""name"":""lab-prestashop"",""cpu"":""0.01%"",""mem"":""135.9MiB / 122.8GiB""},{""name"":""lab-woocommerce"",""cpu"":""0.01%"",""mem"":""315.3MiB / 122.8GiB""},{""name"":""lab-redis"",""cpu"":""0.31%"",""mem"":""80.8MiB / 122.8GiB""},{""name"":""lab-postgres"",""cpu"":""1.12%"",""mem"":""238.7MiB / 122.8GiB""},{""name"":""lab-mysql"",""cpu"":""0.94%"",""mem"":""726.5MiB / 122.8GiB""},{""name"":""lab-woocommerce-mysql"",""cpu"":""1.01%"",""mem"":""515.7MiB / 122.8GiB""}]"
2026-09-10T13:54:47Z,3,0,0,0,1771,2670048947,"[{""name"":""lab-worker-1"",""cpu"":""0.88%"",""mem"":""139MiB / 122.8GiB""},{""name"":""lab-api"",""cpu"":""0.00%"",""mem"":""147.9MiB / 122.8GiB""},{""name"":""lab-allegro-stub"",""cpu"":""0.04%"",""mem"":""21.43MiB / 122.8GiB""},{""name"":""lab-erli-stub"",""cpu"":""0.00%"",""mem"":""18.05MiB / 122.8GiB""},{""name"":""lab-eparagony-stub"",""cpu"":""0.00%"",""mem"":""20.37MiB / 122.8GiB""},{""name"":""lab-invoicing-stub"",""cpu"":""0.01%"",""mem"":""16.6MiB / 122.8GiB""},{""name"":""lab-shipping-stub"",""cpu"":""0.01%"",""mem"":""16.59MiB / 122.8GiB""},{""name"":""lab-eparagony-stub-tls"",""cpu"":""0.00%"",""mem"":""23.3MiB / 122.8GiB""},{""name"":""lab-erli-stub-tls"",""cpu"":""0.00%"",""mem"":""22.67MiB / 122.8GiB""},{""name"":""lab-wc-tls"",""cpu"":""0.00%"",""mem"":""29.52MiB / 122.8GiB""},{""name"":""lab-prestashop"",""cpu"":""0.01%"",""mem"":""135.9MiB / 122.8GiB""},{""name"":""lab-woocommerce"",""cpu"":""0.00%"",""mem"":""315.3MiB / 122.8GiB""},{""name"":""lab-redis"",""cpu"":""0.29%"",""mem"":""80.8MiB / 122.8GiB""},{""name"":""lab-postgres"",""cpu"":""1.20%"",""mem"":""238.9MiB / 122.8GiB""},{""name"":""lab-mysql"",""cpu"":""0.94%"",""mem"":""726.5MiB / 122.8GiB""},{""name"":""lab-woocommerce-mysql"",""cpu"":""0.94%"",""mem"":""515.7MiB / 122.8GiB""}]"
2026-09-10T13:54:50Z,3,0,0,0,1772,2670048947,"[{""name"":""lab-worker-1"",""cpu"":""0.79%"",""mem"":""139MiB / 122.8GiB""},{""name"":""lab-api"",""cpu"":""0.00%"",""mem"":""147.9MiB / 122.8GiB""},{""name"":""lab-allegro-stub"",""cpu"":""0.00%"",""mem"":""21.43MiB / 122.8GiB""},{""name"":""lab-erli-stub"",""cpu"":""0.00%"",""mem"":""18.79MiB / 122.8GiB""},{""name"":""lab-eparagony-stub"",""cpu"":""4.46%"",""mem"":""20.38MiB / 122.8GiB""},{""name"":""lab-invoicing-stub"",""cpu"":""0.00%"",""mem"":""16.6MiB / 122.8GiB""},{""name"":""lab-shipping-stub"",""cpu"":""0.00%"",""mem"":""16.58MiB / 122.8GiB""},{""name"":""lab-eparagony-stub-tls"",""cpu"":""0.00%"",""mem"":""23.3MiB / 122.8GiB""},{""name"":""lab-erli-stub-tls"",""cpu"":""0.00%"",""mem"":""22.67MiB / 122.8GiB""},{""name"":""lab-wc-tls"",""cpu"":""0.00%"",""mem"":""29.52MiB / 122.8GiB""},{""name"":""lab-prestashop"",""cpu"":""0.01%"",""mem"":""135.9MiB / 122.8GiB""},{""name"":""lab-woocommerce"",""cpu"":""0.01%"",""mem"":""313.3MiB / 122.8GiB""},{""name"":""lab-redis"",""cpu"":""0.31%"",""mem"":""80.8MiB / 122.8GiB""},{""name"":""lab-postgres"",""cpu"":""1.10%"",""mem"":""238.7MiB / 122.8GiB""},{""name"":""lab-mysql"",""cpu"":""0.94%"",""mem"":""726.5MiB / 122.8GiB""},{""name"":""lab-woocommerce-mysql"",""cpu"":""1.01%"",""mem"":""515.7MiB / 122.8GiB""}]"
2026-09-10T13:54:53Z,3,0,0,0,1772,2670048947,"[{""name"":""lab-worker-1"",""cpu"":""0.48%"",""mem"":""139.1MiB / 122.8GiB""},{""name"":""lab-api"",""cpu"":""0.00%"",""mem"":""147.9MiB / 122.8GiB""},{""name"":""lab-allegro-stub"",""cpu"":""0.00%"",""mem"":""21.43MiB / 122.8GiB""},{""name"":""lab-erli-stub"",""cpu"":""0.00%"",""mem"":""18.05MiB / 122.8GiB""},{""name"":""lab-eparagony-stub"",""cpu"":""0.00%"",""mem"":""20.37MiB / 122.8GiB""},{""name"":""lab-invoicing-stub"",""cpu"":""0.00%"",""mem"":""16.6MiB / 122.8GiB""},{""name"":""lab-shipping-stub"",""cpu"":""0.00%"",""mem"":""16.58MiB / 122.8GiB""},{""name"":""lab-eparagony-stub-tls"",""cpu"":""0.00%"",""mem"":""23.3MiB / 122.8GiB""},{""name"":""lab-erli-stub-tls"",""cpu"":""0.00%"",""mem"":""22.67MiB / 122.8GiB""},{""name"":""lab-wc-tls"",""cpu"":""0.00%"",""mem"":""29.52MiB / 122.8GiB""},{""name"":""lab-prestashop"",""cpu"":""0.01%"",""mem"":""135.9MiB / 122.8GiB""},{""name"":""lab-woocommerce"",""cpu"":""0.01%"",""mem"":""313.3MiB / 122.8GiB""},{""name"":""lab-redis"",""cpu"":""0.30%"",""mem"":""80.8MiB / 122.8GiB""},{""name"":""lab-postgres"",""cpu"":""0.52%"",""mem"":""238.8MiB / 122.8GiB""},{""name"":""lab-mysql"",""cpu"":""1.02%"",""mem"":""726.5MiB / 122.8GiB""},{""name"":""lab-woocommerce-mysql"",""cpu"":""0.96%"",""mem"":""515.7MiB / 122.8GiB""}]"
2026-09-10T13:54:56Z,3,0,0,0,1772,2670081715,"[{""name"":""lab-worker-1"",""cpu"":""0.48%"",""mem"":""139.1MiB / 122.8GiB""},{""name"":""lab-api"",""cpu"":""0.00%"",""mem"":""147.9MiB / 122.8GiB""},{""name"":""lab-allegro-stub"",""cpu"":""4.17%"",""mem"":""21.43MiB / 122.8GiB""},{""name"":""lab-erli-stub"",""cpu"":""0.01%"",""mem"":""18.07MiB / 122.8GiB""},{""name"":""lab-eparagony-stub"",""cpu"":""0.01%"",""mem"":""20.37MiB / 122.8GiB""},{""name"":""lab-invoicing-stub"",""cpu"":""3.91%"",""mem"":""16.61MiB / 122.8GiB""},{""name"":""lab-shipping-stub"",""cpu"":""4.04%"",""mem"":""16.83MiB / 122.8GiB""},{""name"":""lab-eparagony-stub-tls"",""cpu"":""0.00%"",""mem"":""23.3MiB / 122.8GiB""},{""name"":""lab-erli-stub-tls"",""cpu"":""0.00%"",""mem"":""22.67MiB / 122.8GiB""},{""name"":""lab-wc-tls"",""cpu"":""0.00%"",""mem"":""29.52MiB / 122.8GiB""},{""name"":""lab-prestashop"",""cpu"":""0.00%"",""mem"":""135.9MiB / 122.8GiB""},{""name"":""lab-woocommerce"",""cpu"":""0.01%"",""mem"":""313.3MiB / 122.8GiB""},{""name"":""lab-redis"",""cpu"":""3.75%"",""mem"":""80.8MiB / 122.8GiB""},{""name"":""lab-postgres"",""cpu"":""0.45%"",""mem"":""238.7MiB / 122.8GiB""},{""name"":""lab-mysql"",""cpu"":""0.82%"",""mem"":""726.5MiB / 122.8GiB""},{""name"":""lab-woocommerce-mysql"",""cpu"":""0.94%"",""mem"":""515.7MiB / 122.8GiB""}]"
2026-09-10T13:55:00Z,3,0,0,0,1772,2670081715,"[{""name"":""lab-worker-1"",""cpu"":""0.43%"",""mem"":""139.3MiB / 122.8GiB""},{""name"":""lab-api"",""cpu"":""0.00%"",""mem"":""147.9MiB / 122.8GiB""},{""name"":""lab-allegro-stub"",""cpu"":""0.00%"",""mem"":""21.43MiB / 122.8GiB""},{""name"":""lab-erli-stub"",""cpu"":""0.00%"",""mem"":""18.05MiB / 122.8GiB""},{""name"":""lab-eparagony-stub"",""cpu"":""0.00%"",""mem"":""20.37MiB / 122.8GiB""},{""name"":""lab-invoicing-stub"",""cpu"":""0.00%"",""mem"":""16.6MiB / 122.8GiB""},{""name"":""lab-shipping-stub"",""cpu"":""0.00%"",""mem"":""16.58MiB / 122.8GiB""},{""name"":""lab-eparagony-stub-tls"",""cpu"":""0.00%"",""mem"":""23.3MiB / 122.8GiB""},{""name"":""lab-erli-stub-tls"",""cpu"":""0.00%"",""mem"":""22.67MiB / 122.8GiB""},{""name"":""lab-wc-tls"",""cpu"":""0.00%"",""mem"":""29.52MiB / 122.8GiB""},{""name"":""lab-prestashop"",""cpu"":""0.01%"",""mem"":""135.9MiB / 122.8GiB""},{""name"":""lab-woocommerce"",""cpu"":""0.01%"",""mem"":""313.3MiB / 122.8GiB""},{""name"":""lab-redis"",""cpu"":""0.27%"",""mem"":""81.05MiB / 122.8GiB""},{""name"":""lab-postgres"",""cpu"":""0.42%"",""mem"":""238.7MiB / 122.8GiB""},{""name"":""lab-mysql"",""cpu"":""1.04%"",""mem"":""726.5MiB / 122.8GiB""},{""name"":""lab-woocommerce-mysql"",""cpu"":""0.96%"",""mem"":""515.7MiB / 122.8GiB""}]"
2026-09-10T13:55:03Z,4,0,0,0,1772,2670081715,"[{""name"":""lab-worker-1"",""cpu"":""0.50%"",""mem"":""139.4MiB / 122.8GiB""},{""name"":""lab-api"",""cpu"":""0.00%"",""mem"":""147.9MiB / 122.8GiB""},{""name"":""lab-allegro-stub"",""cpu"":""0.00%"",""mem"":""21.43MiB / 122.8GiB""},{""name"":""lab-erli-stub"",""cpu"":""0.00%"",""mem"":""18.05MiB / 122.8GiB""},{""name"":""lab-eparagony-stub"",""cpu"":""0.00%"",""mem"":""20.37MiB / 122.8GiB""},{""name"":""lab-invoicing-stub"",""cpu"":""0.00%"",""mem"":""16.6MiB / 122.8GiB""},{""name"":""lab-shipping-stub"",""cpu"":""0.00%"",""mem"":""16.58MiB / 122.8GiB""},{""name"":""lab-eparagony-stub-tls"",""cpu"":""0.00%"",""mem"":""23.3MiB / 122.8GiB""},{""name"":""lab-erli-stub-tls"",""cpu"":""0.00%"",""mem"":""22.67MiB / 122.8GiB""},{""name"":""lab-wc-tls"",""cpu"":""0.00%"",""mem"":""29.52MiB / 122.8GiB""},{""name"":""lab-prestashop"",""cpu"":""0.01%"",""mem"":""135.9MiB / 122.8GiB""},{""name"":""lab-woocommerce"",""cpu"":""0.01%"",""mem"":""313.3MiB / 122.8GiB""},{""name"":""lab-redis"",""cpu"":""0.29%"",""mem"":""80.8MiB / 122.8GiB""},{""name"":""lab-postgres"",""cpu"":""1.38%"",""mem"":""236MiB / 122.8GiB""},{""name"":""lab-mysql"",""cpu"":""0.99%"",""mem"":""726.5MiB / 122.8GiB""},{""name"":""lab-woocommerce-mysql"",""cpu"":""0.97%"",""mem"":""515.7MiB / 122.8GiB""}]"
2026-09-10T13:55:06Z,3,0,0,0,1772,2670081715,"[{""name"":""lab-worker-1"",""cpu"":""0.34%"",""mem"":""139.2MiB / 122.8GiB""},{""name"":""lab-api"",""cpu"":""0.00%"",""mem"":""147.9MiB / 122.8GiB""},{""name"":""lab-allegro-stub"",""cpu"":""4.52%"",""mem"":""21.52MiB / 122.8GiB""},{""name"":""lab-erli-stub"",""cpu"":""4.26%"",""mem"":""18.05MiB / 122.8GiB""},{""name"":""lab-eparagony-stub"",""cpu"":""3.97%"",""mem"":""20.37MiB / 122.8GiB""},{""name"":""lab-invoicing-stub"",""cpu"":""2.73%"",""mem"":""21.77MiB / 122.8GiB""},{""name"":""lab-shipping-stub"",""cpu"":""0.00%"",""mem"":""16.58MiB / 122.8GiB""},{""name"":""lab-eparagony-stub-tls"",""cpu"":""0.00%"",""mem"":""23.3MiB / 122.8GiB""},{""name"":""lab-erli-stub-tls"",""cpu"":""0.00%"",""mem"":""22.67MiB / 122.8GiB""},{""name"":""lab-wc-tls"",""cpu"":""0.00%"",""mem"":""29.52MiB / 122.8GiB""},{""name"":""lab-prestashop"",""cpu"":""0.01%"",""mem"":""135.9MiB / 122.8GiB""},{""name"":""lab-woocommerce"",""cpu"":""0.01%"",""mem"":""313.3MiB / 122.8GiB""},{""name"":""lab-redis"",""cpu"":""4.44%"",""mem"":""80.84MiB / 122.8GiB""},{""name"":""lab-postgres"",""cpu"":""0.48%"",""mem"":""236MiB / 122.8GiB""},{""name"":""lab-mysql"",""cpu"":""0.90%"",""mem"":""726.5MiB / 122.8GiB""},{""name"":""lab-woocommerce-mysql"",""cpu"":""0.81%"",""mem"":""515.7MiB / 122.8GiB""}]"
2026-09-10T13:55:09Z,3,0,0,0,1772,2670081715,"[{""name"":""lab-worker-1"",""cpu"":""0.45%"",""mem"":""139.2MiB / 122.8GiB""},{""name"":""lab-api"",""cpu"":""0.00%"",""mem"":""147.9MiB / 122.8GiB""},{""name"":""lab-allegro-stub"",""cpu"":""0.00%"",""mem"":""21.43MiB / 122.8GiB""},{""name"":""lab-erli-stub"",""cpu"":""0.00%"",""mem"":""18.05MiB / 122.8GiB""},{""name"":""lab-eparagony-stub"",""cpu"":""0.00%"",""mem"":""20.37MiB / 122.8GiB""},{""name"":""lab-invoicing-stub"",""cpu"":""0.00%"",""mem"":""16.6MiB / 122.8GiB""},{""name"":""lab-shipping-stub"",""cpu"":""0.00%"",""mem"":""16.58MiB / 122.8GiB""},{""name"":""lab-eparagony-stub-tls"",""cpu"":""0.00%"",""mem"":""23.3MiB / 122.8GiB""},{""name"":""lab-erli-stub-tls"",""cpu"":""0.00%"",""mem"":""22.67MiB / 122.8GiB""},{""name"":""lab-wc-tls"",""cpu"":""0.00%"",""mem"":""29.52MiB / 122.8GiB""},{""name"":""lab-prestashop"",""cpu"":""0.01%"",""mem"":""135.9MiB / 122.8GiB""},{""name"":""lab-woocommerce"",""cpu"":""0.01%"",""mem"":""313.3MiB / 122.8GiB""},{""name"":""lab-redis"",""cpu"":""0.32%"",""mem"":""80.8MiB / 122.8GiB""},{""name"":""lab-postgres"",""cpu"":""5.49%"",""mem"":""236.2MiB / 122.8GiB""},{""name"":""lab-mysql"",""cpu"":""5.29%"",""mem"":""726.5MiB / 122.8GiB""},{""name"":""lab-woocommerce-mysql"",""cpu"":""0.91%"",""mem"":""515.7MiB / 122.8GiB""}]"
2026-09-10T13:55:12Z,3,0,0,0,1772,2670081715,"[{""name"":""lab-worker-1"",""cpu"":""0.48%"",""mem"":""139.3MiB / 122.8GiB""},{""name"":""lab-api"",""cpu"":""0.00%"",""mem"":""147.9MiB / 122.8GiB""},{""name"":""lab-allegro-stub"",""cpu"":""0.01%"",""mem"":""21.45MiB / 122.8GiB""},{""name"":""lab-erli-stub"",""cpu"":""0.00%"",""mem"":""18.05MiB / 122.8GiB""},{""name"":""lab-eparagony-stub"",""cpu"":""0.00%"",""mem"":""20.37MiB / 122.8GiB""},{""name"":""lab-invoicing-stub"",""cpu"":""0.01%"",""mem"":""16.6MiB / 122.8GiB""},{""name"":""lab-shipping-stub"",""cpu"":""0.01%"",""mem"":""16.58MiB / 122.8GiB""},{""name"":""lab-eparagony-stub-tls"",""cpu"":""0.00%"",""mem"":""23.3MiB / 122.8GiB""},{""name"":""lab-erli-stub-tls"",""cpu"":""0.00%"",""mem"":""22.67MiB / 122.8GiB""},{""name"":""lab-wc-tls"",""cpu"":""0.00%"",""mem"":""29.52MiB / 122.8GiB""},{""name"":""lab-prestashop"",""cpu"":""0.01%"",""mem"":""135.9MiB / 122.8GiB""},{""name"":""lab-woocommerce"",""cpu"":""0.01%"",""mem"":""313.3MiB / 122.8GiB""},{""name"":""lab-redis"",""cpu"":""0.31%"",""mem"":""80.8MiB / 122.8GiB""},{""name"":""lab-postgres"",""cpu"":""0.49%"",""mem"":""236MiB / 122.8GiB""},{""name"":""lab-mysql"",""cpu"":""0.98%"",""mem"":""726.5MiB / 122.8GiB""},{""name"":""lab-woocommerce-mysql"",""cpu"":""5.22%"",""mem"":""516MiB / 122.8GiB""}]"
2026-09-10T13:55:15Z,3,0,0,0,1772,2670081715,"[{""name"":""lab-worker-1"",""cpu"":""0.28%"",""mem"":""139.3MiB / 122.8GiB""},{""name"":""lab-api"",""cpu"":""0.00%"",""mem"":""147.9MiB / 122.8GiB""},{""name"":""lab-allegro-stub"",""cpu"":""0.00%"",""mem"":""21.43MiB / 122.8GiB""},{""name"":""lab-erli-stub"",""cpu"":""0.00%"",""mem"":""18.05MiB / 122.8GiB""},{""name"":""lab-eparagony-stub"",""cpu"":""3.85%"",""mem"":""20.45MiB / 122.8GiB""},{""name"":""lab-invoicing-stub"",""cpu"":""0.00%"",""mem"":""16.6MiB / 122.8GiB""},{""name"":""lab-shipping-stub"",""cpu"":""0.00%"",""mem"":""16.58MiB / 122.8GiB""},{""name"":""lab-eparagony-stub-tls"",""cpu"":""0.00%"",""mem"":""23.3MiB / 122.8GiB""},{""name"":""lab-erli-stub-tls"",""cpu"":""0.00%"",""mem"":""22.67MiB / 122.8GiB""},{""name"":""lab-wc-tls"",""cpu"":""0.00%"",""mem"":""29.52MiB / 122.8GiB""},{""name"":""lab-prestashop"",""cpu"":""0.01%"",""mem"":""135.9MiB / 122.8GiB""},{""name"":""lab-woocommerce"",""cpu"":""0.01%"",""mem"":""313.3MiB / 122.8GiB""},{""name"":""lab-redis"",""cpu"":""0.29%"",""mem"":""81.05MiB / 122.8GiB""},{""name"":""lab-postgres"",""cpu"":""0.44%"",""mem"":""236MiB / 122.8GiB""},{""name"":""lab-mysql"",""cpu"":""0.94%"",""mem"":""726.5MiB / 122.8GiB""},{""name"":""lab-woocommerce-mysql"",""cpu"":""0.92%"",""mem"":""515.7MiB / 122.8GiB""}]"
2026-09-10T13:55:18Z,3,0,0,0,1772,2670081715,"[{""name"":""lab-worker-1"",""cpu"":""0.38%"",""mem"":""139.4MiB / 122.8GiB""},{""name"":""lab-api"",""cpu"":""0.00%"",""mem"":""147.9MiB / 122.8GiB""},{""name"":""lab-allegro-stub"",""cpu"":""0.00%"",""mem"":""21.43MiB / 122.8GiB""},{""name"":""lab-erli-stub"",""cpu"":""0.00%"",""mem"":""18.05MiB / 122.8GiB""},{""name"":""lab-eparagony-stub"",""cpu"":""0.00%"",""mem"":""20.37MiB / 122.8GiB""},{""name"":""lab-invoicing-stub"",""cpu"":""0.00%"",""mem"":""16.6MiB / 122.8GiB""},{""name"":""lab-shipping-stub"",""cpu"":""0.00%"",""mem"":""16.58MiB / 122.8GiB""},{""name"":""lab-eparagony-stub-tls"",""cpu"":""0.00%"",""mem"":""23.3MiB / 122.8GiB""},{""name"":""lab-erli-stub-tls"",""cpu"":""0.00%"",""mem"":""22.67MiB / 122.8GiB""},{""name"":""lab-wc-tls"",""cpu"":""0.00%"",""mem"":""29.52MiB / 122.8GiB""},{""name"":""lab-prestashop"",""cpu"":""0.01%"",""mem"":""135.9MiB / 122.8GiB""},{""name"":""lab-woocommerce"",""cpu"":""13.46%"",""mem"":""313.5MiB / 122.8GiB""},{""name"":""lab-redis"",""cpu"":""0.24%"",""mem"":""81.05MiB / 122.8GiB""},{""name"":""lab-postgres"",""cpu"":""5.06%"",""mem"":""236MiB / 122.8GiB""},{""name"":""lab-mysql"",""cpu"":""5.36%"",""mem"":""726.8MiB / 122.8GiB""},{""name"":""lab-woocommerce-mysql"",""cpu"":""2.02%"",""mem"":""515.7MiB / 122.8GiB""}]"
2026-09-10T13:55:21Z,3,0,0,0,1772,2670081715,"[{""name"":""lab-worker-1"",""cpu"":""0.27%"",""mem"":""139.4MiB / 122.8GiB""},{""name"":""lab-api"",""cpu"":""0.00%"",""mem"":""147.9MiB / 122.8GiB""},{""name"":""lab-allegro-stub"",""cpu"":""4.14%"",""mem"":""21.43MiB / 122.8GiB""},{""name"":""lab-erli-stub"",""cpu"":""4.04%"",""mem"":""18.07MiB / 122.8GiB""},{""name"":""lab-eparagony-stub"",""cpu"":""0.01%"",""mem"":""20.39MiB / 122.8GiB""},{""name"":""lab-invoicing-stub"",""cpu"":""3.40%"",""mem"":""16.6MiB / 122.8GiB""},{""name"":""lab-shipping-stub"",""cpu"":""3.30%"",""mem"":""16.59MiB / 122.8GiB""},{""name"":""lab-eparagony-stub-tls"",""cpu"":""0.00%"",""mem"":""23.3MiB / 122.8GiB""},{""name"":""lab-erli-stub-tls"",""cpu"":""0.00%"",""mem"":""22.67MiB / 122.8GiB""},{""name"":""lab-wc-tls"",""cpu"":""0.00%"",""mem"":""29.52MiB / 122.8GiB""},{""name"":""lab-prestashop"",""cpu"":""0.00%"",""mem"":""135.8MiB / 122.8GiB""},{""name"":""lab-woocommerce"",""cpu"":""0.00%"",""mem"":""313.3MiB / 122.8GiB""},{""name"":""lab-redis"",""cpu"":""0.24%"",""mem"":""80.8MiB / 122.8GiB""},{""name"":""lab-postgres"",""cpu"":""0.42%"",""mem"":""236MiB / 122.8GiB""},{""name"":""lab-mysql"",""cpu"":""0.79%"",""mem"":""726.5MiB / 122.8GiB""},{""name"":""lab-woocommerce-mysql"",""cpu"":""5.32%"",""mem"":""515.7MiB / 122.8GiB""}]"
2026-09-10T13:55:24Z,3,0,0,0,1772,2670081715,"[{""name"":""lab-worker-1"",""cpu"":""0.43%"",""mem"":""139.4MiB / 122.8GiB""},{""name"":""lab-api"",""cpu"":""0.00%"",""mem"":""147.9MiB / 122.8GiB""},{""name"":""lab-allegro-stub"",""cpu"":""0.00%"",""mem"":""21.43MiB / 122.8GiB""},{""name"":""lab-erli-stub"",""cpu"":""0.00%"",""mem"":""18.05MiB / 122.8GiB""},{""name"":""lab-eparagony-stub"",""cpu"":""0.00%"",""mem"":""20.37MiB / 122.8GiB""},{""name"":""lab-invoicing-stub"",""cpu"":""0.00%"",""mem"":""16.6MiB / 122.8GiB""},{""name"":""lab-shipping-stub"",""cpu"":""0.00%"",""mem"":""16.58MiB / 122.8GiB""},{""name"":""lab-eparagony-stub-tls"",""cpu"":""0.00%"",""mem"":""23.3MiB / 122.8GiB""},{""name"":""lab-erli-stub-tls"",""cpu"":""0.00%"",""mem"":""22.67MiB / 122.8GiB""},{""name"":""lab-wc-tls"",""cpu"":""0.00%"",""mem"":""29.52MiB / 122.8GiB""},{""name"":""lab-prestashop"",""cpu"":""0.01%"",""mem"":""135.8MiB / 122.8GiB""},{""name"":""lab-woocommerce"",""cpu"":""0.00%"",""mem"":""313.3MiB / 122.8GiB""},{""name"":""lab-redis"",""cpu"":""0.32%"",""mem"":""81.05MiB / 122.8GiB""},{""name"":""lab-postgres"",""cpu"":""1.43%"",""mem"":""236.5MiB / 122.8GiB""},{""name"":""lab-mysql"",""cpu"":""0.90%"",""mem"":""726.5MiB / 122.8GiB""},{""name"":""lab-woocommerce-mysql"",""cpu"":""0.97%"",""mem"":""515.7MiB / 122.8GiB""}]"
2026-09-10T13:55:28Z,4,0,0,0,1772,2670081715,"[{""name"":""lab-worker-1"",""cpu"":""0.48%"",""mem"":""139.5MiB / 122.8GiB""},{""name"":""lab-api"",""cpu"":""0.00%"",""mem"":""147.9MiB / 122.8GiB""},{""name"":""lab-allegro-stub"",""cpu"":""0.00%"",""mem"":""21.43MiB / 122.8GiB""},{""name"":""lab-erli-stub"",""cpu"":""0.00%"",""mem"":""18.05MiB / 122.8GiB""},{""name"":""lab-eparagony-stub"",""cpu"":""0.00%"",""mem"":""20.46MiB / 122.8GiB""},{""name"":""lab-invoicing-stub"",""cpu"":""0.00%"",""mem"":""16.6MiB / 122.8GiB""},{""name"":""lab-shipping-stub"",""cpu"":""0.00%"",""mem"":""16.58MiB / 122.8GiB""},{""name"":""lab-eparagony-stub-tls"",""cpu"":""0.00%"",""mem"":""23.3MiB / 122.8GiB""},{""name"":""lab-erli-stub-tls"",""cpu"":""0.00%"",""mem"":""22.67MiB / 122.8GiB""},{""name"":""lab-wc-tls"",""cpu"":""0.00%"",""mem"":""29.52MiB / 122.8GiB""},{""name"":""lab-prestashop"",""cpu"":""0.01%"",""mem"":""135.8MiB / 122.8GiB""},{""name"":""lab-woocommerce"",""cpu"":""0.01%"",""mem"":""313.3MiB / 122.8GiB""},{""name"":""lab-redis"",""cpu"":""0.32%"",""mem"":""80.8MiB / 122.8GiB""},{""name"":""lab-postgres"",""cpu"":""0.42%"",""mem"":""236MiB / 122.8GiB""},{""name"":""lab-mysql"",""cpu"":""1.02%"",""mem"":""726.5MiB / 122.8GiB""},{""name"":""lab-woocommerce-mysql"",""cpu"":""0.93%"",""mem"":""515.7MiB / 122.8GiB""}]"
2026-09-10T13:55:31Z,3,0,0,0,1772,2670081715,"[{""name"":""lab-worker-1"",""cpu"":""0.38%"",""mem"":""139MiB / 122.8GiB""},{""name"":""lab-api"",""cpu"":""0.00%"",""mem"":""147.9MiB / 122.8GiB""},{""name"":""lab-allegro-stub"",""cpu"":""0.00%"",""mem"":""21.43MiB / 122.8GiB""},{""name"":""lab-erli-stub"",""cpu"":""3.91%"",""mem"":""18.1MiB / 122.8GiB""},{""name"":""lab-eparagony-stub"",""cpu"":""4.51%"",""mem"":""20.49MiB / 122.8GiB""},{""name"":""lab-invoicing-stub"",""cpu"":""0.00%"",""mem"":""16.6MiB / 122.8GiB""},{""name"":""lab-shipping-stub"",""cpu"":""0.00%"",""mem"":""16.58MiB / 122.8GiB""},{""name"":""lab-eparagony-stub-tls"",""cpu"":""0.00%"",""mem"":""23.3MiB / 122.8GiB""},{""name"":""lab-erli-stub-tls"",""cpu"":""0.00%"",""mem"":""22.67MiB / 122.8GiB""},{""name"":""lab-wc-tls"",""cpu"":""0.00%"",""mem"":""29.52MiB / 122.8GiB""},{""name"":""lab-prestashop"",""cpu"":""0.01%"",""mem"":""135.8MiB / 122.8GiB""},{""name"":""lab-woocommerce"",""cpu"":""0.01%"",""mem"":""313.3MiB / 122.8GiB""},{""name"":""lab-redis"",""cpu"":""0.27%"",""mem"":""80.8MiB / 122.8GiB""},{""name"":""lab-postgres"",""cpu"":""0.41%"",""mem"":""236MiB / 122.8GiB""},{""name"":""lab-mysql"",""cpu"":""0.87%"",""mem"":""726.5MiB / 122.8GiB""},{""name"":""lab-woocommerce-mysql"",""cpu"":""0.85%"",""mem"":""515.7MiB / 122.8GiB""}]"
2026-09-10T13:55:34Z,3,0,0,0,1772,2670081715,"[{""name"":""lab-worker-1"",""cpu"":""0.48%"",""mem"":""139MiB / 122.8GiB""},{""name"":""lab-api"",""cpu"":""0.00%"",""mem"":""147.9MiB / 122.8GiB""},{""name"":""lab-allegro-stub"",""cpu"":""0.00%"",""mem"":""21.43MiB / 122.8GiB""},{""name"":""lab-erli-stub"",""cpu"":""0.00%"",""mem"":""18.05MiB / 122.8GiB""},{""name"":""lab-eparagony-stub"",""cpu"":""0.00%"",""mem"":""20.46MiB / 122.8GiB""},{""name"":""lab-invoicing-stub"",""cpu"":""0.00%"",""mem"":""16.6MiB / 122.8GiB""},{""name"":""lab-shipping-stub"",""cpu"":""0.00%"",""mem"":""16.58MiB / 122.8GiB""},{""name"":""lab-eparagony-stub-tls"",""cpu"":""0.00%"",""mem"":""23.3MiB / 122.8GiB""},{""name"":""lab-erli-stub-tls"",""cpu"":""0.00%"",""mem"":""22.67MiB / 122.8GiB""},{""name"":""lab-wc-tls"",""cpu"":""0.00%"",""mem"":""29.52MiB / 122.8GiB""},{""name"":""lab-prestashop"",""cpu"":""0.01%"",""mem"":""135.8MiB / 122.8GiB""},{""name"":""lab-woocommerce"",""cpu"":""0.01%"",""mem"":""313.3MiB / 122.8GiB""},{""name"":""lab-redis"",""cpu"":""0.29%"",""mem"":""80.8MiB / 122.8GiB""},{""name"":""lab-postgres"",""cpu"":""0.47%"",""mem"":""236MiB / 122.8GiB""},{""name"":""lab-mysql"",""cpu"":""0.95%"",""mem"":""726.5MiB / 122.8GiB""},{""name"":""lab-woocommerce-mysql"",""cpu"":""1.01%"",""mem"":""515.7MiB / 122.8GiB""}]"
2026-09-10T13:55:37Z,3,0,0,0,1772,2670081715,"[{""name"":""lab-worker-1"",""cpu"":""0.50%"",""mem"":""138.9MiB / 122.8GiB""},{""name"":""lab-api"",""cpu"":""0.00%"",""mem"":""147.9MiB / 122.8GiB""},{""name"":""lab-allegro-stub"",""cpu"":""3.56%"",""mem"":""21.43MiB / 122.8GiB""},{""name"":""lab-erli-stub"",""cpu"":""0.01%"",""mem"":""18.05MiB / 122.8GiB""},{""name"":""lab-eparagony-stub"",""cpu"":""0.00%"",""mem"":""20.46MiB / 122.8GiB""},{""name"":""lab-invoicing-stub"",""cpu"":""3.50%"",""mem"":""16.62MiB / 122.8GiB""},{""name"":""lab-shipping-stub"",""cpu"":""4.40%"",""mem"":""16.61MiB / 122.8GiB""},{""name"":""lab-eparagony-stub-tls"",""cpu"":""0.00%"",""mem"":""23.3MiB / 122.8GiB""},{""name"":""lab-erli-stub-tls"",""cpu"":""0.00%"",""mem"":""22.67MiB / 122.8GiB""},{""name"":""lab-wc-tls"",""cpu"":""0.00%"",""mem"":""29.52MiB / 122.8GiB""},{""name"":""lab-prestashop"",""cpu"":""0.01%"",""mem"":""135.8MiB / 122.8GiB""},{""name"":""lab-woocommerce"",""cpu"":""0.01%"",""mem"":""313.3MiB / 122.8GiB""},{""name"":""lab-redis"",""cpu"":""0.30%"",""mem"":""81.05MiB / 122.8GiB""},{""name"":""lab-postgres"",""cpu"":""0.49%"",""mem"":""236MiB / 122.8GiB""},{""name"":""lab-mysql"",""cpu"":""0.86%"",""mem"":""726.5MiB / 122.8GiB""},{""name"":""lab-woocommerce-mysql"",""cpu"":""0.89%"",""mem"":""515.7MiB / 122.8GiB""}]"
2026-09-10T13:55:40Z,3,0,0,0,1772,2670081715,"[{""name"":""lab-worker-1"",""cpu"":""0.40%"",""mem"":""138.9MiB / 122.8GiB""},{""name"":""lab-api"",""cpu"":""0.00%"",""mem"":""147.9MiB / 122.8GiB""},{""name"":""lab-allegro-stub"",""cpu"":""0.00%"",""mem"":""21.43MiB / 122.8GiB""},{""name"":""lab-erli-stub"",""cpu"":""0.00%"",""mem"":""18.05MiB / 122.8GiB""},{""name"":""lab-eparagony-stub"",""cpu"":""0.00%"",""mem"":""20.46MiB / 122.8GiB""},{""name"":""lab-invoicing-stub"",""cpu"":""0.00%"",""mem"":""16.6MiB / 122.8GiB""},{""name"":""lab-shipping-stub"",""cpu"":""0.00%"",""mem"":""16.58MiB / 122.8GiB""},{""name"":""lab-eparagony-stub-tls"",""cpu"":""0.00%"",""mem"":""23.3MiB / 122.8GiB""},{""name"":""lab-erli-stub-tls"",""cpu"":""0.00%"",""mem"":""22.67MiB / 122.8GiB""},{""name"":""lab-wc-tls"",""cpu"":""0.00%"",""mem"":""29.52MiB / 122.8GiB""},{""name"":""lab-prestashop"",""cpu"":""0.01%"",""mem"":""135.8MiB / 122.8GiB""},{""name"":""lab-woocommerce"",""cpu"":""0.01%"",""mem"":""313.3MiB / 122.8GiB""},{""name"":""lab-redis"",""cpu"":""0.27%"",""mem"":""80.8MiB / 122.8GiB""},{""name"":""lab-postgres"",""cpu"":""0.47%"",""mem"":""236.2MiB / 122.8GiB""},{""name"":""lab-mysql"",""cpu"":""0.99%"",""mem"":""726.5MiB / 122.8GiB""},{""name"":""lab-woocommerce-mysql"",""cpu"":""0.99%"",""mem"":""515.7MiB / 122.8GiB""}]"
2026-09-10T13:55:43Z,3,0,0,0,1772,2670081715,"[{""name"":""lab-worker-1"",""cpu"":""0.42%"",""mem"":""138.9MiB / 122.8GiB""},{""name"":""lab-api"",""cpu"":""0.00%"",""mem"":""147.9MiB / 122.8GiB""},{""name"":""lab-allegro-stub"",""cpu"":""0.00%"",""mem"":""21.43MiB / 122.8GiB""},{""name"":""lab-erli-stub"",""cpu"":""0.00%"",""mem"":""18.05MiB / 122.8GiB""},{""name"":""lab-eparagony-stub"",""cpu"":""0.00%"",""mem"":""20.46MiB / 122.8GiB""},{""name"":""lab-invoicing-stub"",""cpu"":""0.00%"",""mem"":""16.6MiB / 122.8GiB""},{""name"":""lab-shipping-stub"",""cpu"":""0.00%"",""mem"":""16.58MiB / 122.8GiB""},{""name"":""lab-eparagony-stub-tls"",""cpu"":""0.00%"",""mem"":""23.3MiB / 122.8GiB""},{""name"":""lab-erli-stub-tls"",""cpu"":""0.00%"",""mem"":""22.67MiB / 122.8GiB""},{""name"":""lab-wc-tls"",""cpu"":""0.00%"",""mem"":""29.52MiB / 122.8GiB""},{""name"":""lab-prestashop"",""cpu"":""5.09%"",""mem"":""133.8MiB / 122.8GiB""},{""name"":""lab-woocommerce"",""cpu"":""0.01%"",""mem"":""313.3MiB / 122.8GiB""},{""name"":""lab-redis"",""cpu"":""0.28%"",""mem"":""80.8MiB / 122.8GiB""},{""name"":""lab-postgres"",""cpu"":""1.38%"",""mem"":""236MiB / 122.8GiB""},{""name"":""lab-mysql"",""cpu"":""1.42%"",""mem"":""726.5MiB / 122.8GiB""},{""name"":""lab-woocommerce-mysql"",""cpu"":""0.90%"",""mem"":""515.7MiB / 122.8GiB""}]"
2026-09-10T13:55:46Z,3,0,0,0,1772,2670081715,"[{""name"":""lab-worker-1"",""cpu"":""0.58%"",""mem"":""138.9MiB / 122.8GiB""},{""name"":""lab-api"",""cpu"":""0.00%"",""mem"":""147.9MiB / 122.8GiB""},{""name"":""lab-allegro-stub"",""cpu"":""4.32%"",""mem"":""21.45MiB / 122.8GiB""},{""name"":""lab-erli-stub"",""cpu"":""4.01%"",""mem"":""18.05MiB / 122.8GiB""},{""name"":""lab-eparagony-stub"",""cpu"":""0.99%"",""mem"":""20.46MiB / 122.8GiB""},{""name"":""lab-invoicing-stub"",""cpu"":""4.07%"",""mem"":""16.61MiB / 122.8GiB""},{""name"":""lab-shipping-stub"",""cpu"":""4.13%"",""mem"":""16.61MiB / 122.8GiB""},{""name"":""lab-eparagony-stub-tls"",""cpu"":""0.00%"",""mem"":""23.3MiB / 122.8GiB""},{""name"":""lab-erli-stub-tls"",""cpu"":""0.00%"",""mem"":""22.67MiB / 122.8GiB""},{""name"":""lab-wc-tls"",""cpu"":""0.00%"",""mem"":""29.52MiB / 122.8GiB""},{""name"":""lab-prestashop"",""cpu"":""0.01%"",""mem"":""133.8MiB / 122.8GiB""},{""name"":""lab-woocommerce"",""cpu"":""0.01%"",""mem"":""313.3MiB / 122.8GiB""},{""name"":""lab-redis"",""cpu"":""4.76%"",""mem"":""81.05MiB / 122.8GiB""},{""name"":""lab-postgres"",""cpu"":""0.48%"",""mem"":""236MiB / 122.8GiB""},{""name"":""lab-mysql"",""cpu"":""0.87%"",""mem"":""726.5MiB / 122.8GiB""},{""name"":""lab-woocommerce-mysql"",""cpu"":""0.82%"",""mem"":""515.7MiB / 122.8GiB""}]"
2026-09-10T13:55:49Z,3,0,0,0,1772,2670081715,"[{""name"":""lab-worker-1"",""cpu"":""0.53%"",""mem"":""139.2MiB / 122.8GiB""},{""name"":""lab-api"",""cpu"":""0.00%"",""mem"":""147.9MiB / 122.8GiB""},{""name"":""lab-allegro-stub"",""cpu"":""0.00%"",""mem"":""21.43MiB / 122.8GiB""},{""name"":""lab-erli-stub"",""cpu"":""0.00%"",""mem"":""18.05MiB / 122.8GiB""},{""name"":""lab-eparagony-stub"",""cpu"":""0.00%"",""mem"":""20.46MiB / 122.8GiB""},{""name"":""lab-invoicing-stub"",""cpu"":""0.00%"",""mem"":""16.6MiB / 122.8GiB""},{""name"":""lab-shipping-stub"",""cpu"":""0.00%"",""mem"":""16.58MiB / 122.8GiB""},{""name"":""lab-eparagony-stub-tls"",""cpu"":""0.00%"",""mem"":""23.3MiB / 122.8GiB""},{""name"":""lab-erli-stub-tls"",""cpu"":""0.00%"",""mem"":""22.67MiB / 122.8GiB""},{""name"":""lab-wc-tls"",""cpu"":""0.00%"",""mem"":""29.52MiB / 122.8GiB""},{""name"":""lab-prestashop"",""cpu"":""0.01%"",""mem"":""133.8MiB / 122.8GiB""},{""name"":""lab-woocommerce"",""cpu"":""0.01%"",""mem"":""311.3MiB / 122.8GiB""},{""name"":""lab-redis"",""cpu"":""0.29%"",""mem"":""80.8MiB / 122.8GiB""},{""name"":""lab-postgres"",""cpu"":""0.47%"",""mem"":""236.2MiB / 122.8GiB""},{""name"":""lab-mysql"",""cpu"":""1.00%"",""mem"":""726.5MiB / 122.8GiB""},{""name"":""lab-woocommerce-mysql"",""cpu"":""1.27%"",""mem"":""515.7MiB / 122.8GiB""}]"
2026-09-10T13:55:53Z,3,0,0,0,1772,2670081715,"[{""name"":""lab-worker-1"",""cpu"":""0.45%"",""mem"":""138.9MiB / 122.8GiB""},{""name"":""lab-api"",""cpu"":""0.00%"",""mem"":""147.9MiB / 122.8GiB""},{""name"":""lab-allegro-stub"",""cpu"":""0.00%"",""mem"":""21.43MiB / 122.8GiB""},{""name"":""lab-erli-stub"",""cpu"":""0.00%"",""mem"":""18.05MiB / 122.8GiB""},{""name"":""lab-eparagony-stub"",""cpu"":""0.00%"",""mem"":""20.46MiB / 122.8GiB""},{""name"":""lab-invoicing-stub"",""cpu"":""0.00%"",""mem"":""16.6MiB / 122.8GiB""},{""name"":""lab-shipping-stub"",""cpu"":""0.01%"",""mem"":""16.59MiB / 122.8GiB""},{""name"":""lab-eparagony-stub-tls"",""cpu"":""0.00%"",""mem"":""23.3MiB / 122.8GiB""},{""name"":""lab-erli-stub-tls"",""cpu"":""0.00%"",""mem"":""22.67MiB / 122.8GiB""},{""name"":""lab-wc-tls"",""cpu"":""0.00%"",""mem"":""29.52MiB / 122.8GiB""},{""name"":""lab-prestashop"",""cpu"":""0.00%"",""mem"":""133.8MiB / 122.8GiB""},{""name"":""lab-woocommerce"",""cpu"":""0.01%"",""mem"":""311.3MiB / 122.8GiB""},{""name"":""lab-redis"",""cpu"":""0.29%"",""mem"":""81.05MiB / 122.8GiB""},{""name"":""lab-postgres"",""cpu"":""0.46%"",""mem"":""236.1MiB / 122.8GiB""},{""name"":""lab-mysql"",""cpu"":""1.06%"",""mem"":""726.5MiB / 122.8GiB""},{""name"":""lab-woocommerce-mysql"",""cpu"":""0.98%"",""mem"":""515.7MiB / 122.8GiB""}]"
2026-09-10T13:55:56Z,4,0,0,0,1772,2670081715,"[{""name"":""lab-worker-1"",""cpu"":""0.38%"",""mem"":""138.9MiB / 122.8GiB""},{""name"":""lab-api"",""cpu"":""0.00%"",""mem"":""147.9MiB / 122.8GiB""},{""name"":""lab-allegro-stub"",""cpu"":""0.00%"",""mem"":""21.43MiB / 122.8GiB""},{""name"":""lab-erli-stub"",""cpu"":""0.00%"",""mem"":""18.05MiB / 122.8GiB""},{""name"":""lab-eparagony-stub"",""cpu"":""3.97%"",""mem"":""20.47MiB / 122.8GiB""},{""name"":""lab-invoicing-stub"",""cpu"":""0.00%"",""mem"":""16.6MiB / 122.8GiB""},{""name"":""lab-shipping-stub"",""cpu"":""0.01%"",""mem"":""16.58MiB / 122.8GiB""},{""name"":""lab-eparagony-stub-tls"",""cpu"":""0.00%"",""mem"":""23.3MiB / 122.8GiB""},{""name"":""lab-erli-stub-tls"",""cpu"":""0.00%"",""mem"":""22.67MiB / 122.8GiB""},{""name"":""lab-wc-tls"",""cpu"":""0.00%"",""mem"":""29.52MiB / 122.8GiB""},{""name"":""lab-prestashop"",""cpu"":""0.01%"",""mem"":""133.8MiB / 122.8GiB""},{""name"":""lab-woocommerce"",""cpu"":""0.01%"",""mem"":""311.3MiB / 122.8GiB""},{""name"":""lab-redis"",""cpu"":""4.30%"",""mem"":""85.98MiB / 122.8GiB""},{""name"":""lab-postgres"",""cpu"":""0.47%"",""mem"":""236MiB / 122.8GiB""},{""name"":""lab-mysql"",""cpu"":""0.92%"",""mem"":""726.5MiB / 122.8GiB""},{""name"":""lab-woocommerce-mysql"",""cpu"":""0.92%"",""mem"":""515.7MiB / 122.8GiB""}]"
2026-09-10T13:55:59Z,3,0,0,0,1772,2670081715,"[{""name"":""lab-worker-1"",""cpu"":""0.45%"",""mem"":""138.9MiB / 122.8GiB""},{""name"":""lab-api"",""cpu"":""0.00%"",""mem"":""147.9MiB / 122.8GiB""},{""name"":""lab-allegro-stub"",""cpu"":""0.00%"",""mem"":""21.43MiB / 122.8GiB""},{""name"":""lab-erli-stub"",""cpu"":""0.00%"",""mem"":""18.05MiB / 122.8GiB""},{""name"":""lab-eparagony-stub"",""cpu"":""0.00%"",""mem"":""20.46MiB / 122.8GiB""},{""name"":""lab-invoicing-stub"",""cpu"":""0.00%"",""mem"":""16.6MiB / 122.8GiB""},{""name"":""lab-shipping-stub"",""cpu"":""0.00%"",""mem"":""16.58MiB / 122.8GiB""},{""name"":""lab-eparagony-stub-tls"",""cpu"":""0.00%"",""mem"":""23.3MiB / 122.8GiB""},{""name"":""lab-erli-stub-tls"",""cpu"":""0.00%"",""mem"":""22.67MiB / 122.8GiB""},{""name"":""lab-wc-tls"",""cpu"":""0.00%"",""mem"":""29.52MiB / 122.8GiB""},{""name"":""lab-prestashop"",""cpu"":""0.01%"",""mem"":""133.8MiB / 122.8GiB""},{""name"":""lab-woocommerce"",""cpu"":""0.01%"",""mem"":""311.3MiB / 122.8GiB""},{""name"":""lab-redis"",""cpu"":""0.30%"",""mem"":""81.05MiB / 122.8GiB""},{""name"":""lab-postgres"",""cpu"":""5.54%"",""mem"":""236MiB / 122.8GiB""},{""name"":""lab-mysql"",""cpu"":""5.09%"",""mem"":""726.5MiB / 122.8GiB""},{""name"":""lab-woocommerce-mysql"",""cpu"":""0.97%"",""mem"":""515.7MiB / 122.8GiB""}]"
2026-09-10T13:56:02Z,3,0,0,0,1772,2670081715,"[{""name"":""lab-worker-1"",""cpu"":""0.43%"",""mem"":""138.9MiB / 122.8GiB""},{""name"":""lab-api"",""cpu"":""0.00%"",""mem"":""147.9MiB / 122.8GiB""},{""name"":""lab-allegro-stub"",""cpu"":""4.07%"",""mem"":""21.43MiB / 122.8GiB""},{""name"":""lab-erli-stub"",""cpu"":""4.39%"",""mem"":""18.07MiB / 122.8GiB""},{""name"":""lab-eparagony-stub"",""cpu"":""0.00%"",""mem"":""20.46MiB / 122.8GiB""},{""name"":""lab-invoicing-stub"",""cpu"":""4.48%"",""mem"":""16.61MiB / 122.8GiB""},{""name"":""lab-shipping-stub"",""cpu"":""3.99%"",""mem"":""16.58MiB / 122.8GiB""},{""name"":""lab-eparagony-stub-tls"",""cpu"":""0.00%"",""mem"":""23.3MiB / 122.8GiB""},{""name"":""lab-erli-stub-tls"",""cpu"":""0.00%"",""mem"":""22.67MiB / 122.8GiB""},{""name"":""lab-wc-tls"",""cpu"":""0.00%"",""mem"":""29.52MiB / 122.8GiB""},{""name"":""lab-prestashop"",""cpu"":""0.01%"",""mem"":""133.8MiB / 122.8GiB""},{""name"":""lab-woocommerce"",""cpu"":""0.01%"",""mem"":""311.3MiB / 122.8GiB""},{""name"":""lab-redis"",""cpu"":""0.25%"",""mem"":""80.8MiB / 122.8GiB""},{""name"":""lab-postgres"",""cpu"":""0.39%"",""mem"":""236MiB / 122.8GiB""},{""name"":""lab-mysql"",""cpu"":""0.84%"",""mem"":""726.5MiB / 122.8GiB""},{""name"":""lab-woocommerce-mysql"",""cpu"":""5.52%"",""mem"":""515.8MiB / 122.8GiB""}]"
2026-09-10T13:56:05Z,3,0,0,0,1772,2670081715,"[{""name"":""lab-worker-1"",""cpu"":""0.39%"",""mem"":""138.9MiB / 122.8GiB""},{""name"":""lab-api"",""cpu"":""0.00%"",""mem"":""147.9MiB / 122.8GiB""},{""name"":""lab-allegro-stub"",""cpu"":""0.00%"",""mem"":""21.43MiB / 122.8GiB""},{""name"":""lab-erli-stub"",""cpu"":""0.00%"",""mem"":""18.05MiB / 122.8GiB""},{""name"":""lab-eparagony-stub"",""cpu"":""0.00%"",""mem"":""20.46MiB / 122.8GiB""},{""name"":""lab-invoicing-stub"",""cpu"":""0.00%"",""mem"":""16.6MiB / 122.8GiB""},{""name"":""lab-shipping-stub"",""cpu"":""0.00%"",""mem"":""16.58MiB / 122.8GiB""},{""name"":""lab-eparagony-stub-tls"",""cpu"":""0.00%"",""mem"":""23.3MiB / 122.8GiB""},{""name"":""lab-erli-stub-tls"",""cpu"":""0.00%"",""mem"":""22.67MiB / 122.8GiB""},{""name"":""lab-wc-tls"",""cpu"":""0.00%"",""mem"":""29.52MiB / 122.8GiB""},{""name"":""lab-prestashop"",""cpu"":""0.01%"",""mem"":""133.8MiB / 122.8GiB""},{""name"":""lab-woocommerce"",""cpu"":""0.01%"",""mem"":""311.3MiB / 122.8GiB""},{""name"":""lab-redis"",""cpu"":""0.29%"",""mem"":""80.8MiB / 122.8GiB""},{""name"":""lab-postgres"",""cpu"":""0.50%"",""mem"":""236MiB / 122.8GiB""},{""name"":""lab-mysql"",""cpu"":""1.02%"",""mem"":""726.5MiB / 122.8GiB""},{""name"":""lab-woocommerce-mysql"",""cpu"":""1.01%"",""mem"":""515.7MiB / 122.8GiB""}]"
