ts,dt,queued,running,dead,deferred,pg_database_size_bytes,docker_stats_json
2026-09-10T08:39:30Z,0,1,0,0,10,2666387123,"[{""name"":""lab-worker-1"",""cpu"":""0.38%"",""mem"":""95.88MiB / 122.8GiB""},{""name"":""lab-allegro-stub"",""cpu"":""4.00%"",""mem"":""19.2MiB / 122.8GiB""},{""name"":""lab-erli-stub"",""cpu"":""0.00%"",""mem"":""15.65MiB / 122.8GiB""},{""name"":""lab-eparagony-stub"",""cpu"":""0.00%"",""mem"":""19.37MiB / 122.8GiB""},{""name"":""lab-invoicing-stub"",""cpu"":""4.13%"",""mem"":""15.87MiB / 122.8GiB""},{""name"":""lab-shipping-stub"",""cpu"":""4.70%"",""mem"":""15.82MiB / 122.8GiB""},{""name"":""lab-api"",""cpu"":""0.00%"",""mem"":""148.7MiB / 122.8GiB""},{""name"":""lab-eparagony-stub-tls"",""cpu"":""0.00%"",""mem"":""23.64MiB / 122.8GiB""},{""name"":""lab-erli-stub-tls"",""cpu"":""0.00%"",""mem"":""22.95MiB / 122.8GiB""},{""name"":""lab-wc-tls"",""cpu"":""0.00%"",""mem"":""23.06MiB / 122.8GiB""},{""name"":""lab-prestashop"",""cpu"":""0.01%"",""mem"":""169.7MiB / 122.8GiB""},{""name"":""lab-woocommerce"",""cpu"":""0.01%"",""mem"":""224.4MiB / 122.8GiB""},{""name"":""lab-redis"",""cpu"":""0.27%"",""mem"":""77.59MiB / 122.8GiB""},{""name"":""lab-postgres"",""cpu"":""0.90%"",""mem"":""240.3MiB / 122.8GiB""},{""name"":""lab-mysql"",""cpu"":""5.50%"",""mem"":""717.2MiB / 122.8GiB""},{""name"":""lab-woocommerce-mysql"",""cpu"":""0.82%"",""mem"":""494.3MiB / 122.8GiB""}]"
2026-09-10T08:39:33Z,3,0,0,0,11,2666387123,"[{""name"":""lab-worker-1"",""cpu"":""0.58%"",""mem"":""95.7MiB / 122.8GiB""},{""name"":""lab-allegro-stub"",""cpu"":""0.00%"",""mem"":""19.18MiB / 122.8GiB""},{""name"":""lab-erli-stub"",""cpu"":""0.00%"",""mem"":""15.65MiB / 122.8GiB""},{""name"":""lab-eparagony-stub"",""cpu"":""0.00%"",""mem"":""19.37MiB / 122.8GiB""},{""name"":""lab-invoicing-stub"",""cpu"":""0.00%"",""mem"":""15.83MiB / 122.8GiB""},{""name"":""lab-shipping-stub"",""cpu"":""0.00%"",""mem"":""15.82MiB / 122.8GiB""},{""name"":""lab-api"",""cpu"":""0.00%"",""mem"":""148.7MiB / 122.8GiB""},{""name"":""lab-eparagony-stub-tls"",""cpu"":""0.00%"",""mem"":""23.64MiB / 122.8GiB""},{""name"":""lab-erli-stub-tls"",""cpu"":""0.00%"",""mem"":""22.95MiB / 122.8GiB""},{""name"":""lab-wc-tls"",""cpu"":""0.00%"",""mem"":""23.06MiB / 122.8GiB""},{""name"":""lab-prestashop"",""cpu"":""0.01%"",""mem"":""169.7MiB / 122.8GiB""},{""name"":""lab-woocommerce"",""cpu"":""0.01%"",""mem"":""224.4MiB / 122.8GiB""},{""name"":""lab-redis"",""cpu"":""0.29%"",""mem"":""77.84MiB / 122.8GiB""},{""name"":""lab-postgres"",""cpu"":""0.38%"",""mem"":""240.1MiB / 122.8GiB""},{""name"":""lab-mysql"",""cpu"":""1.01%"",""mem"":""717.2MiB / 122.8GiB""},{""name"":""lab-woocommerce-mysql"",""cpu"":""6.00%"",""mem"":""494.4MiB / 122.8GiB""}]"
2026-09-10T08:39:36Z,3,0,0,0,11,2666387123,"[{""name"":""lab-worker-1"",""cpu"":""0.51%"",""mem"":""95.96MiB / 122.8GiB""},{""name"":""lab-allegro-stub"",""cpu"":""0.01%"",""mem"":""19.18MiB / 122.8GiB""},{""name"":""lab-erli-stub"",""cpu"":""4.03%"",""mem"":""15.7MiB / 122.8GiB""},{""name"":""lab-eparagony-stub"",""cpu"":""4.17%"",""mem"":""19.38MiB / 122.8GiB""},{""name"":""lab-invoicing-stub"",""cpu"":""0.01%"",""mem"":""15.83MiB / 122.8GiB""},{""name"":""lab-shipping-stub"",""cpu"":""0.01%"",""mem"":""15.82MiB / 122.8GiB""},{""name"":""lab-api"",""cpu"":""0.00%"",""mem"":""148.7MiB / 122.8GiB""},{""name"":""lab-eparagony-stub-tls"",""cpu"":""0.00%"",""mem"":""23.64MiB / 122.8GiB""},{""name"":""lab-erli-stub-tls"",""cpu"":""0.00%"",""mem"":""22.95MiB / 122.8GiB""},{""name"":""lab-wc-tls"",""cpu"":""0.00%"",""mem"":""23.06MiB / 122.8GiB""},{""name"":""lab-prestashop"",""cpu"":""0.01%"",""mem"":""169.7MiB / 122.8GiB""},{""name"":""lab-woocommerce"",""cpu"":""0.01%"",""mem"":""224.4MiB / 122.8GiB""},{""name"":""lab-redis"",""cpu"":""0.26%"",""mem"":""77.59MiB / 122.8GiB""},{""name"":""lab-postgres"",""cpu"":""3.88%"",""mem"":""240.1MiB / 122.8GiB""},{""name"":""lab-mysql"",""cpu"":""0.94%"",""mem"":""717.2MiB / 122.8GiB""},{""name"":""lab-woocommerce-mysql"",""cpu"":""0.92%"",""mem"":""494.3MiB / 122.8GiB""}]"
2026-09-10T08:39:39Z,3,0,0,0,11,2666387123,"[{""name"":""lab-worker-1"",""cpu"":""0.72%"",""mem"":""95.72MiB / 122.8GiB""},{""name"":""lab-allegro-stub"",""cpu"":""0.06%"",""mem"":""19.19MiB / 122.8GiB""},{""name"":""lab-erli-stub"",""cpu"":""0.00%"",""mem"":""15.65MiB / 122.8GiB""},{""name"":""lab-eparagony-stub"",""cpu"":""0.00%"",""mem"":""19.37MiB / 122.8GiB""},{""name"":""lab-invoicing-stub"",""cpu"":""0.00%"",""mem"":""15.83MiB / 122.8GiB""},{""name"":""lab-shipping-stub"",""cpu"":""0.00%"",""mem"":""15.82MiB / 122.8GiB""},{""name"":""lab-api"",""cpu"":""0.01%"",""mem"":""148.7MiB / 122.8GiB""},{""name"":""lab-eparagony-stub-tls"",""cpu"":""0.00%"",""mem"":""23.64MiB / 122.8GiB""},{""name"":""lab-erli-stub-tls"",""cpu"":""0.00%"",""mem"":""22.95MiB / 122.8GiB""},{""name"":""lab-wc-tls"",""cpu"":""0.00%"",""mem"":""23.06MiB / 122.8GiB""},{""name"":""lab-prestashop"",""cpu"":""0.01%"",""mem"":""169.7MiB / 122.8GiB""},{""name"":""lab-woocommerce"",""cpu"":""0.01%"",""mem"":""224.4MiB / 122.8GiB""},{""name"":""lab-redis"",""cpu"":""0.30%"",""mem"":""77.59MiB / 122.8GiB""},{""name"":""lab-postgres"",""cpu"":""0.78%"",""mem"":""240.1MiB / 122.8GiB""},{""name"":""lab-mysql"",""cpu"":""5.32%"",""mem"":""717.3MiB / 122.8GiB""},{""name"":""lab-woocommerce-mysql"",""cpu"":""0.99%"",""mem"":""494.3MiB / 122.8GiB""}]"
2026-09-10T08:39:43Z,4,0,0,0,12,2666387123,"[{""name"":""lab-worker-1"",""cpu"":""0.25%"",""mem"":""95.73MiB / 122.8GiB""},{""name"":""lab-allegro-stub"",""cpu"":""0.04%"",""mem"":""19.18MiB / 122.8GiB""},{""name"":""lab-erli-stub"",""cpu"":""0.00%"",""mem"":""15.65MiB / 122.8GiB""},{""name"":""lab-eparagony-stub"",""cpu"":""0.00%"",""mem"":""19.37MiB / 122.8GiB""},{""name"":""lab-invoicing-stub"",""cpu"":""0.00%"",""mem"":""15.83MiB / 122.8GiB""},{""name"":""lab-shipping-stub"",""cpu"":""0.00%"",""mem"":""15.82MiB / 122.8GiB""},{""name"":""lab-api"",""cpu"":""0.00%"",""mem"":""148.7MiB / 122.8GiB""},{""name"":""lab-eparagony-stub-tls"",""cpu"":""0.00%"",""mem"":""23.64MiB / 122.8GiB""},{""name"":""lab-erli-stub-tls"",""cpu"":""0.00%"",""mem"":""22.95MiB / 122.8GiB""},{""name"":""lab-wc-tls"",""cpu"":""0.00%"",""mem"":""23.06MiB / 122.8GiB""},{""name"":""lab-prestashop"",""cpu"":""0.00%"",""mem"":""169.7MiB / 122.8GiB""},{""name"":""lab-woocommerce"",""cpu"":""0.01%"",""mem"":""224.4MiB / 122.8GiB""},{""name"":""lab-redis"",""cpu"":""0.28%"",""mem"":""77.84MiB / 122.8GiB""},{""name"":""lab-postgres"",""cpu"":""0.35%"",""mem"":""240.1MiB / 122.8GiB""},{""name"":""lab-mysql"",""cpu"":""0.89%"",""mem"":""717.2MiB / 122.8GiB""},{""name"":""lab-woocommerce-mysql"",""cpu"":""5.59%"",""mem"":""494.3MiB / 122.8GiB""}]"
2026-09-10T08:39:46Z,3,0,0,0,12,2666387123,"[{""name"":""lab-worker-1"",""cpu"":""0.39%"",""mem"":""95.75MiB / 122.8GiB""},{""name"":""lab-allegro-stub"",""cpu"":""3.91%"",""mem"":""19.19MiB / 122.8GiB""},{""name"":""lab-erli-stub"",""cpu"":""0.00%"",""mem"":""15.65MiB / 122.8GiB""},{""name"":""lab-eparagony-stub"",""cpu"":""4.03%"",""mem"":""19.39MiB / 122.8GiB""},{""name"":""lab-invoicing-stub"",""cpu"":""4.35%"",""mem"":""15.84MiB / 122.8GiB""},{""name"":""lab-shipping-stub"",""cpu"":""0.01%"",""mem"":""15.82MiB / 122.8GiB""},{""name"":""lab-api"",""cpu"":""0.00%"",""mem"":""148.7MiB / 122.8GiB""},{""name"":""lab-eparagony-stub-tls"",""cpu"":""0.00%"",""mem"":""23.64MiB / 122.8GiB""},{""name"":""lab-erli-stub-tls"",""cpu"":""0.00%"",""mem"":""22.95MiB / 122.8GiB""},{""name"":""lab-wc-tls"",""cpu"":""0.00%"",""mem"":""23.06MiB / 122.8GiB""},{""name"":""lab-prestashop"",""cpu"":""0.01%"",""mem"":""169.7MiB / 122.8GiB""},{""name"":""lab-woocommerce"",""cpu"":""0.00%"",""mem"":""224.4MiB / 122.8GiB""},{""name"":""lab-redis"",""cpu"":""0.28%"",""mem"":""77.59MiB / 122.8GiB""},{""name"":""lab-postgres"",""cpu"":""5.88%"",""mem"":""240.1MiB / 122.8GiB""},{""name"":""lab-mysql"",""cpu"":""0.95%"",""mem"":""717.2MiB / 122.8GiB""},{""name"":""lab-woocommerce-mysql"",""cpu"":""0.91%"",""mem"":""494.3MiB / 122.8GiB""}]"
2026-09-10T08:39:49Z,3,0,0,0,12,2666387123,"[{""name"":""lab-worker-1"",""cpu"":""3.29%"",""mem"":""96.76MiB / 122.8GiB""},{""name"":""lab-allegro-stub"",""cpu"":""0.11%"",""mem"":""19.19MiB / 122.8GiB""},{""name"":""lab-erli-stub"",""cpu"":""0.00%"",""mem"":""15.65MiB / 122.8GiB""},{""name"":""lab-eparagony-stub"",""cpu"":""0.00%"",""mem"":""19.37MiB / 122.8GiB""},{""name"":""lab-invoicing-stub"",""cpu"":""0.00%"",""mem"":""15.83MiB / 122.8GiB""},{""name"":""lab-shipping-stub"",""cpu"":""0.00%"",""mem"":""15.82MiB / 122.8GiB""},{""name"":""lab-api"",""cpu"":""0.02%"",""mem"":""148.7MiB / 122.8GiB""},{""name"":""lab-eparagony-stub-tls"",""cpu"":""0.00%"",""mem"":""23.64MiB / 122.8GiB""},{""name"":""lab-erli-stub-tls"",""cpu"":""0.00%"",""mem"":""22.95MiB / 122.8GiB""},{""name"":""lab-wc-tls"",""cpu"":""0.00%"",""mem"":""23.06MiB / 122.8GiB""},{""name"":""lab-prestashop"",""cpu"":""0.01%"",""mem"":""169.7MiB / 122.8GiB""},{""name"":""lab-woocommerce"",""cpu"":""0.01%"",""mem"":""224.4MiB / 122.8GiB""},{""name"":""lab-redis"",""cpu"":""0.34%"",""mem"":""77.59MiB / 122.8GiB""},{""name"":""lab-postgres"",""cpu"":""5.84%"",""mem"":""239.9MiB / 122.8GiB""},{""name"":""lab-mysql"",""cpu"":""1.04%"",""mem"":""717.2MiB / 122.8GiB""},{""name"":""lab-woocommerce-mysql"",""cpu"":""0.99%"",""mem"":""494.3MiB / 122.8GiB""}]"
2026-09-10T08:39:52Z,3,0,0,0,13,2666387123,"[{""name"":""lab-worker-1"",""cpu"":""0.44%"",""mem"":""95.79MiB / 122.8GiB""},{""name"":""lab-allegro-stub"",""cpu"":""0.05%"",""mem"":""19.44MiB / 122.8GiB""},{""name"":""lab-erli-stub"",""cpu"":""0.01%"",""mem"":""15.7MiB / 122.8GiB""},{""name"":""lab-eparagony-stub"",""cpu"":""0.02%"",""mem"":""19.41MiB / 122.8GiB""},{""name"":""lab-invoicing-stub"",""cpu"":""0.00%"",""mem"":""15.83MiB / 122.8GiB""},{""name"":""lab-shipping-stub"",""cpu"":""0.00%"",""mem"":""15.82MiB / 122.8GiB""},{""name"":""lab-api"",""cpu"":""0.00%"",""mem"":""148.7MiB / 122.8GiB""},{""name"":""lab-eparagony-stub-tls"",""cpu"":""0.00%"",""mem"":""23.64MiB / 122.8GiB""},{""name"":""lab-erli-stub-tls"",""cpu"":""0.00%"",""mem"":""22.95MiB / 122.8GiB""},{""name"":""lab-wc-tls"",""cpu"":""0.00%"",""mem"":""23.06MiB / 122.8GiB""},{""name"":""lab-prestashop"",""cpu"":""0.01%"",""mem"":""169.7MiB / 122.8GiB""},{""name"":""lab-woocommerce"",""cpu"":""0.01%"",""mem"":""224.4MiB / 122.8GiB""},{""name"":""lab-redis"",""cpu"":""0.29%"",""mem"":""77.84MiB / 122.8GiB""},{""name"":""lab-postgres"",""cpu"":""0.38%"",""mem"":""239.9MiB / 122.8GiB""},{""name"":""lab-mysql"",""cpu"":""1.05%"",""mem"":""717.2MiB / 122.8GiB""},{""name"":""lab-woocommerce-mysql"",""cpu"":""0.98%"",""mem"":""494.3MiB / 122.8GiB""}]"
2026-09-10T08:39:55Z,3,0,0,0,13,2666387123,"[{""name"":""lab-worker-1"",""cpu"":""0.44%"",""mem"":""96.04MiB / 122.8GiB""},{""name"":""lab-allegro-stub"",""cpu"":""0.03%"",""mem"":""19.18MiB / 122.8GiB""},{""name"":""lab-erli-stub"",""cpu"":""0.00%"",""mem"":""15.65MiB / 122.8GiB""},{""name"":""lab-eparagony-stub"",""cpu"":""0.00%"",""mem"":""19.37MiB / 122.8GiB""},{""name"":""lab-invoicing-stub"",""cpu"":""2.12%"",""mem"":""21.37MiB / 122.8GiB""},{""name"":""lab-shipping-stub"",""cpu"":""3.99%"",""mem"":""15.84MiB / 122.8GiB""},{""name"":""lab-api"",""cpu"":""0.00%"",""mem"":""148.7MiB / 122.8GiB""},{""name"":""lab-eparagony-stub-tls"",""cpu"":""0.00%"",""mem"":""23.64MiB / 122.8GiB""},{""name"":""lab-erli-stub-tls"",""cpu"":""0.00%"",""mem"":""22.95MiB / 122.8GiB""},{""name"":""lab-wc-tls"",""cpu"":""0.00%"",""mem"":""23.06MiB / 122.8GiB""},{""name"":""lab-prestashop"",""cpu"":""0.01%"",""mem"":""169.7MiB / 122.8GiB""},{""name"":""lab-woocommerce"",""cpu"":""0.01%"",""mem"":""224.4MiB / 122.8GiB""},{""name"":""lab-redis"",""cpu"":""0.30%"",""mem"":""77.59MiB / 122.8GiB""},{""name"":""lab-postgres"",""cpu"":""0.43%"",""mem"":""239.9MiB / 122.8GiB""},{""name"":""lab-mysql"",""cpu"":""1.00%"",""mem"":""717.2MiB / 122.8GiB""},{""name"":""lab-woocommerce-mysql"",""cpu"":""0.91%"",""mem"":""494.3MiB / 122.8GiB""}]"
2026-09-10T08:39:58Z,3,0,0,0,13,2666387123,"[{""name"":""lab-worker-1"",""cpu"":""1.12%"",""mem"":""95.81MiB / 122.8GiB""},{""name"":""lab-allegro-stub"",""cpu"":""0.00%"",""mem"":""19.18MiB / 122.8GiB""},{""name"":""lab-erli-stub"",""cpu"":""0.00%"",""mem"":""15.65MiB / 122.8GiB""},{""name"":""lab-eparagony-stub"",""cpu"":""0.00%"",""mem"":""19.37MiB / 122.8GiB""},{""name"":""lab-invoicing-stub"",""cpu"":""0.00%"",""mem"":""15.83MiB / 122.8GiB""},{""name"":""lab-shipping-stub"",""cpu"":""0.00%"",""mem"":""15.82MiB / 122.8GiB""},{""name"":""lab-api"",""cpu"":""0.84%"",""mem"":""148.7MiB / 122.8GiB""},{""name"":""lab-eparagony-stub-tls"",""cpu"":""0.00%"",""mem"":""23.64MiB / 122.8GiB""},{""name"":""lab-erli-stub-tls"",""cpu"":""0.00%"",""mem"":""22.95MiB / 122.8GiB""},{""name"":""lab-wc-tls"",""cpu"":""0.00%"",""mem"":""23.06MiB / 122.8GiB""},{""name"":""lab-prestashop"",""cpu"":""0.01%"",""mem"":""169.7MiB / 122.8GiB""},{""name"":""lab-woocommerce"",""cpu"":""4.05%"",""mem"":""232.4MiB / 122.8GiB""},{""name"":""lab-redis"",""cpu"":""0.36%"",""mem"":""77.59MiB / 122.8GiB""},{""name"":""lab-postgres"",""cpu"":""0.77%"",""mem"":""239.9MiB / 122.8GiB""},{""name"":""lab-mysql"",""cpu"":""1.34%"",""mem"":""717.2MiB / 122.8GiB""},{""name"":""lab-woocommerce-mysql"",""cpu"":""1.02%"",""mem"":""494.3MiB / 122.8GiB""}]"
2026-09-10T08:40:01Z,3,0,0,0,13,2666387123,"[{""name"":""lab-worker-1"",""cpu"":""1.71%"",""mem"":""95.89MiB / 122.8GiB""},{""name"":""lab-allegro-stub"",""cpu"":""0.01%"",""mem"":""19.19MiB / 122.8GiB""},{""name"":""lab-erli-stub"",""cpu"":""4.17%"",""mem"":""15.8MiB / 122.8GiB""},{""name"":""lab-eparagony-stub"",""cpu"":""4.27%"",""mem"":""19.4MiB / 122.8GiB""},{""name"":""lab-invoicing-stub"",""cpu"":""0.01%"",""mem"":""15.83MiB / 122.8GiB""},{""name"":""lab-shipping-stub"",""cpu"":""0.02%"",""mem"":""15.82MiB / 122.8GiB""},{""name"":""lab-api"",""cpu"":""0.00%"",""mem"":""148.7MiB / 122.8GiB""},{""name"":""lab-eparagony-stub-tls"",""cpu"":""0.00%"",""mem"":""23.64MiB / 122.8GiB""},{""name"":""lab-erli-stub-tls"",""cpu"":""0.00%"",""mem"":""22.95MiB / 122.8GiB""},{""name"":""lab-wc-tls"",""cpu"":""0.00%"",""mem"":""23.06MiB / 122.8GiB""},{""name"":""lab-prestashop"",""cpu"":""0.01%"",""mem"":""163.7MiB / 122.8GiB""},{""name"":""lab-woocommerce"",""cpu"":""0.01%"",""mem"":""224.4MiB / 122.8GiB""},{""name"":""lab-redis"",""cpu"":""0.32%"",""mem"":""77.59MiB / 122.8GiB""},{""name"":""lab-postgres"",""cpu"":""1.70%"",""mem"":""242.1MiB / 122.8GiB""},{""name"":""lab-mysql"",""cpu"":""0.97%"",""mem"":""717.2MiB / 122.8GiB""},{""name"":""lab-woocommerce-mysql"",""cpu"":""0.98%"",""mem"":""494.3MiB / 122.8GiB""}]"
2026-09-10T08:40:04Z,3,0,0,0,13,2666387123,"[{""name"":""lab-worker-1"",""cpu"":""0.49%"",""mem"":""95.89MiB / 122.8GiB""},{""name"":""lab-allegro-stub"",""cpu"":""0.00%"",""mem"":""19.18MiB / 122.8GiB""},{""name"":""lab-erli-stub"",""cpu"":""0.00%"",""mem"":""15.65MiB / 122.8GiB""},{""name"":""lab-eparagony-stub"",""cpu"":""0.00%"",""mem"":""19.37MiB / 122.8GiB""},{""name"":""lab-invoicing-stub"",""cpu"":""0.00%"",""mem"":""15.83MiB / 122.8GiB""},{""name"":""lab-shipping-stub"",""cpu"":""0.00%"",""mem"":""15.82MiB / 122.8GiB""},{""name"":""lab-api"",""cpu"":""0.01%"",""mem"":""148.7MiB / 122.8GiB""},{""name"":""lab-eparagony-stub-tls"",""cpu"":""0.00%"",""mem"":""23.64MiB / 122.8GiB""},{""name"":""lab-erli-stub-tls"",""cpu"":""0.00%"",""mem"":""22.95MiB / 122.8GiB""},{""name"":""lab-wc-tls"",""cpu"":""0.00%"",""mem"":""23.06MiB / 122.8GiB""},{""name"":""lab-prestashop"",""cpu"":""0.01%"",""mem"":""163.7MiB / 122.8GiB""},{""name"":""lab-woocommerce"",""cpu"":""0.01%"",""mem"":""224.4MiB / 122.8GiB""},{""name"":""lab-redis"",""cpu"":""4.21%"",""mem"":""77.9MiB / 122.8GiB""},{""name"":""lab-postgres"",""cpu"":""0.36%"",""mem"":""242.2MiB / 122.8GiB""},{""name"":""lab-mysql"",""cpu"":""1.01%"",""mem"":""717.2MiB / 122.8GiB""},{""name"":""lab-woocommerce-mysql"",""cpu"":""1.02%"",""mem"":""494.3MiB / 122.8GiB""}]"
2026-09-10T08:40:08Z,3,0,0,0,13,2666387123,"[{""name"":""lab-worker-1"",""cpu"":""0.76%"",""mem"":""95.89MiB / 122.8GiB""},{""name"":""lab-allegro-stub"",""cpu"":""0.00%"",""mem"":""19.2MiB / 122.8GiB""},{""name"":""lab-erli-stub"",""cpu"":""0.00%"",""mem"":""15.65MiB / 122.8GiB""},{""name"":""lab-eparagony-stub"",""cpu"":""0.00%"",""mem"":""19.37MiB / 122.8GiB""},{""name"":""lab-invoicing-stub"",""cpu"":""0.00%"",""mem"":""15.83MiB / 122.8GiB""},{""name"":""lab-shipping-stub"",""cpu"":""0.00%"",""mem"":""15.82MiB / 122.8GiB""},{""name"":""lab-api"",""cpu"":""0.00%"",""mem"":""148.7MiB / 122.8GiB""},{""name"":""lab-eparagony-stub-tls"",""cpu"":""0.00%"",""mem"":""23.64MiB / 122.8GiB""},{""name"":""lab-erli-stub-tls"",""cpu"":""0.00%"",""mem"":""22.95MiB / 122.8GiB""},{""name"":""lab-wc-tls"",""cpu"":""0.00%"",""mem"":""23.06MiB / 122.8GiB""},{""name"":""lab-prestashop"",""cpu"":""0.01%"",""mem"":""163.7MiB / 122.8GiB""},{""name"":""lab-woocommerce"",""cpu"":""0.01%"",""mem"":""224.4MiB / 122.8GiB""},{""name"":""lab-redis"",""cpu"":""0.30%"",""mem"":""77.59MiB / 122.8GiB""},{""name"":""lab-postgres"",""cpu"":""0.71%"",""mem"":""242.4MiB / 122.8GiB""},{""name"":""lab-mysql"",""cpu"":""1.00%"",""mem"":""717.2MiB / 122.8GiB""},{""name"":""lab-woocommerce-mysql"",""cpu"":""0.99%"",""mem"":""494.3MiB / 122.8GiB""}]"
2026-09-10T08:40:11Z,4,0,0,0,13,2666387123,"[{""name"":""lab-worker-1"",""cpu"":""1.36%"",""mem"":""95.94MiB / 122.8GiB""},{""name"":""lab-allegro-stub"",""cpu"":""4.24%"",""mem"":""19.53MiB / 122.8GiB""},{""name"":""lab-erli-stub"",""cpu"":""0.00%"",""mem"":""15.65MiB / 122.8GiB""},{""name"":""lab-eparagony-stub"",""cpu"":""0.00%"",""mem"":""19.37MiB / 122.8GiB""},{""name"":""lab-invoicing-stub"",""cpu"":""4.20%"",""mem"":""15.83MiB / 122.8GiB""},{""name"":""lab-shipping-stub"",""cpu"":""4.17%"",""mem"":""15.84MiB / 122.8GiB""},{""name"":""lab-api"",""cpu"":""0.00%"",""mem"":""148.7MiB / 122.8GiB""},{""name"":""lab-eparagony-stub-tls"",""cpu"":""0.00%"",""mem"":""23.64MiB / 122.8GiB""},{""name"":""lab-erli-stub-tls"",""cpu"":""0.00%"",""mem"":""22.95MiB / 122.8GiB""},{""name"":""lab-wc-tls"",""cpu"":""0.00%"",""mem"":""23.06MiB / 122.8GiB""},{""name"":""lab-prestashop"",""cpu"":""0.01%"",""mem"":""163.7MiB / 122.8GiB""},{""name"":""lab-woocommerce"",""cpu"":""0.01%"",""mem"":""224.4MiB / 122.8GiB""},{""name"":""lab-redis"",""cpu"":""0.29%"",""mem"":""77.59MiB / 122.8GiB""},{""name"":""lab-postgres"",""cpu"":""1.85%"",""mem"":""242.2MiB / 122.8GiB""},{""name"":""lab-mysql"",""cpu"":""0.94%"",""mem"":""717.2MiB / 122.8GiB""},{""name"":""lab-woocommerce-mysql"",""cpu"":""0.89%"",""mem"":""494.3MiB / 122.8GiB""}]"
2026-09-10T08:40:14Z,3,0,0,0,13,2666387123,"[{""name"":""lab-worker-1"",""cpu"":""0.48%"",""mem"":""96.43MiB / 122.8GiB""},{""name"":""lab-allegro-stub"",""cpu"":""0.00%"",""mem"":""19.34MiB / 122.8GiB""},{""name"":""lab-erli-stub"",""cpu"":""0.00%"",""mem"":""15.65MiB / 122.8GiB""},{""name"":""lab-eparagony-stub"",""cpu"":""0.00%"",""mem"":""19.37MiB / 122.8GiB""},{""name"":""lab-invoicing-stub"",""cpu"":""0.00%"",""mem"":""15.83MiB / 122.8GiB""},{""name"":""lab-shipping-stub"",""cpu"":""0.00%"",""mem"":""15.82MiB / 122.8GiB""},{""name"":""lab-api"",""cpu"":""0.00%"",""mem"":""148.7MiB / 122.8GiB""},{""name"":""lab-eparagony-stub-tls"",""cpu"":""0.00%"",""mem"":""23.64MiB / 122.8GiB""},{""name"":""lab-erli-stub-tls"",""cpu"":""0.00%"",""mem"":""22.95MiB / 122.8GiB""},{""name"":""lab-wc-tls"",""cpu"":""0.00%"",""mem"":""23.06MiB / 122.8GiB""},{""name"":""lab-prestashop"",""cpu"":""0.01%"",""mem"":""163.7MiB / 122.8GiB""},{""name"":""lab-woocommerce"",""cpu"":""0.00%"",""mem"":""224.4MiB / 122.8GiB""},{""name"":""lab-redis"",""cpu"":""0.30%"",""mem"":""77.59MiB / 122.8GiB""},{""name"":""lab-postgres"",""cpu"":""0.37%"",""mem"":""242.5MiB / 122.8GiB""},{""name"":""lab-mysql"",""cpu"":""0.95%"",""mem"":""717.2MiB / 122.8GiB""},{""name"":""lab-woocommerce-mysql"",""cpu"":""1.04%"",""mem"":""494.3MiB / 122.8GiB""}]"
2026-09-10T08:40:17Z,3,0,0,0,13,2666387123,"[{""name"":""lab-worker-1"",""cpu"":""0.43%"",""mem"":""95.95MiB / 122.8GiB""},{""name"":""lab-allegro-stub"",""cpu"":""0.00%"",""mem"":""19.34MiB / 122.8GiB""},{""name"":""lab-erli-stub"",""cpu"":""3.86%"",""mem"":""15.66MiB / 122.8GiB""},{""name"":""lab-eparagony-stub"",""cpu"":""0.55%"",""mem"":""19.37MiB / 122.8GiB""},{""name"":""lab-invoicing-stub"",""cpu"":""0.00%"",""mem"":""15.83MiB / 122.8GiB""},{""name"":""lab-shipping-stub"",""cpu"":""0.00%"",""mem"":""15.82MiB / 122.8GiB""},{""name"":""lab-api"",""cpu"":""0.01%"",""mem"":""148.7MiB / 122.8GiB""},{""name"":""lab-eparagony-stub-tls"",""cpu"":""0.00%"",""mem"":""23.64MiB / 122.8GiB""},{""name"":""lab-erli-stub-tls"",""cpu"":""0.00%"",""mem"":""22.95MiB / 122.8GiB""},{""name"":""lab-wc-tls"",""cpu"":""0.00%"",""mem"":""23.06MiB / 122.8GiB""},{""name"":""lab-prestashop"",""cpu"":""0.01%"",""mem"":""163.7MiB / 122.8GiB""},{""name"":""lab-woocommerce"",""cpu"":""0.01%"",""mem"":""224.4MiB / 122.8GiB""},{""name"":""lab-redis"",""cpu"":""0.26%"",""mem"":""77.59MiB / 122.8GiB""},{""name"":""lab-postgres"",""cpu"":""1.44%"",""mem"":""242.2MiB / 122.8GiB""},{""name"":""lab-mysql"",""cpu"":""0.90%"",""mem"":""717.2MiB / 122.8GiB""},{""name"":""lab-woocommerce-mysql"",""cpu"":""0.93%"",""mem"":""494.3MiB / 122.8GiB""}]"
2026-09-10T08:40:20Z,3,1,0,0,13,2666387123,"[{""name"":""lab-worker-1"",""cpu"":""0.41%"",""mem"":""96.01MiB / 122.8GiB""},{""name"":""lab-allegro-stub"",""cpu"":""0.01%"",""mem"":""19.35MiB / 122.8GiB""},{""name"":""lab-erli-stub"",""cpu"":""0.00%"",""mem"":""15.65MiB / 122.8GiB""},{""name"":""lab-eparagony-stub"",""cpu"":""0.00%"",""mem"":""19.37MiB / 122.8GiB""},{""name"":""lab-invoicing-stub"",""cpu"":""0.00%"",""mem"":""15.83MiB / 122.8GiB""},{""name"":""lab-shipping-stub"",""cpu"":""4.21%"",""mem"":""15.92MiB / 122.8GiB""},{""name"":""lab-api"",""cpu"":""0.00%"",""mem"":""148.7MiB / 122.8GiB""},{""name"":""lab-eparagony-stub-tls"",""cpu"":""0.00%"",""mem"":""23.64MiB / 122.8GiB""},{""name"":""lab-erli-stub-tls"",""cpu"":""0.00%"",""mem"":""22.95MiB / 122.8GiB""},{""name"":""lab-wc-tls"",""cpu"":""0.00%"",""mem"":""23.06MiB / 122.8GiB""},{""name"":""lab-prestashop"",""cpu"":""0.01%"",""mem"":""163.7MiB / 122.8GiB""},{""name"":""lab-woocommerce"",""cpu"":""0.00%"",""mem"":""224.4MiB / 122.8GiB""},{""name"":""lab-redis"",""cpu"":""0.28%"",""mem"":""77.59MiB / 122.8GiB""},{""name"":""lab-postgres"",""cpu"":""0.79%"",""mem"":""241.9MiB / 122.8GiB""},{""name"":""lab-mysql"",""cpu"":""5.29%"",""mem"":""717.2MiB / 122.8GiB""},{""name"":""lab-woocommerce-mysql"",""cpu"":""1.01%"",""mem"":""494.3MiB / 122.8GiB""}]"
2026-09-10T08:40:23Z,3,0,0,0,13,2666387123,"[{""name"":""lab-worker-1"",""cpu"":""0.43%"",""mem"":""96.04MiB / 122.8GiB""},{""name"":""lab-allegro-stub"",""cpu"":""0.00%"",""mem"":""19.34MiB / 122.8GiB""},{""name"":""lab-erli-stub"",""cpu"":""0.00%"",""mem"":""15.65MiB / 122.8GiB""},{""name"":""lab-eparagony-stub"",""cpu"":""0.00%"",""mem"":""19.37MiB / 122.8GiB""},{""name"":""lab-invoicing-stub"",""cpu"":""0.00%"",""mem"":""15.83MiB / 122.8GiB""},{""name"":""lab-shipping-stub"",""cpu"":""0.00%"",""mem"":""15.82MiB / 122.8GiB""},{""name"":""lab-api"",""cpu"":""0.00%"",""mem"":""148.7MiB / 122.8GiB""},{""name"":""lab-eparagony-stub-tls"",""cpu"":""0.00%"",""mem"":""23.64MiB / 122.8GiB""},{""name"":""lab-erli-stub-tls"",""cpu"":""0.00%"",""mem"":""22.95MiB / 122.8GiB""},{""name"":""lab-wc-tls"",""cpu"":""0.00%"",""mem"":""23.06MiB / 122.8GiB""},{""name"":""lab-prestashop"",""cpu"":""0.01%"",""mem"":""163.7MiB / 122.8GiB""},{""name"":""lab-woocommerce"",""cpu"":""0.01%"",""mem"":""224.4MiB / 122.8GiB""},{""name"":""lab-redis"",""cpu"":""0.30%"",""mem"":""77.59MiB / 122.8GiB""},{""name"":""lab-postgres"",""cpu"":""0.39%"",""mem"":""242.4MiB / 122.8GiB""},{""name"":""lab-mysql"",""cpu"":""0.98%"",""mem"":""717.2MiB / 122.8GiB""},{""name"":""lab-woocommerce-mysql"",""cpu"":""5.11%"",""mem"":""494.3MiB / 122.8GiB""}]"
2026-09-10T08:40:26Z,3,0,0,0,13,2666387123,"[{""name"":""lab-worker-1"",""cpu"":""0.47%"",""mem"":""96.05MiB / 122.8GiB""},{""name"":""lab-allegro-stub"",""cpu"":""4.26%"",""mem"":""19.34MiB / 122.8GiB""},{""name"":""lab-erli-stub"",""cpu"":""4.00%"",""mem"":""15.68MiB / 122.8GiB""},{""name"":""lab-eparagony-stub"",""cpu"":""3.71%"",""mem"":""19.39MiB / 122.8GiB""},{""name"":""lab-invoicing-stub"",""cpu"":""4.34%"",""mem"":""15.84MiB / 122.8GiB""},{""name"":""lab-shipping-stub"",""cpu"":""0.01%"",""mem"":""15.82MiB / 122.8GiB""},{""name"":""lab-api"",""cpu"":""0.00%"",""mem"":""148.7MiB / 122.8GiB""},{""name"":""lab-eparagony-stub-tls"",""cpu"":""0.00%"",""mem"":""23.64MiB / 122.8GiB""},{""name"":""lab-erli-stub-tls"",""cpu"":""0.00%"",""mem"":""22.95MiB / 122.8GiB""},{""name"":""lab-wc-tls"",""cpu"":""0.00%"",""mem"":""23.06MiB / 122.8GiB""},{""name"":""lab-prestashop"",""cpu"":""0.00%"",""mem"":""163.7MiB / 122.8GiB""},{""name"":""lab-woocommerce"",""cpu"":""0.01%"",""mem"":""224.4MiB / 122.8GiB""},{""name"":""lab-redis"",""cpu"":""0.25%"",""mem"":""77.59MiB / 122.8GiB""},{""name"":""lab-postgres"",""cpu"":""5.67%"",""mem"":""242.2MiB / 122.8GiB""},{""name"":""lab-mysql"",""cpu"":""0.80%"",""mem"":""717.2MiB / 122.8GiB""},{""name"":""lab-woocommerce-mysql"",""cpu"":""0.85%"",""mem"":""494.3MiB / 122.8GiB""}]"
2026-09-10T08:40:29Z,3,0,0,0,13,2666387123,"[{""name"":""lab-worker-1"",""cpu"":""2.75%"",""mem"":""96.04MiB / 122.8GiB""},{""name"":""lab-allegro-stub"",""cpu"":""0.12%"",""mem"":""19.35MiB / 122.8GiB""},{""name"":""lab-erli-stub"",""cpu"":""0.00%"",""mem"":""15.65MiB / 122.8GiB""},{""name"":""lab-eparagony-stub"",""cpu"":""0.00%"",""mem"":""19.37MiB / 122.8GiB""},{""name"":""lab-invoicing-stub"",""cpu"":""0.00%"",""mem"":""15.83MiB / 122.8GiB""},{""name"":""lab-shipping-stub"",""cpu"":""0.00%"",""mem"":""15.82MiB / 122.8GiB""},{""name"":""lab-api"",""cpu"":""0.01%"",""mem"":""148.7MiB / 122.8GiB""},{""name"":""lab-eparagony-stub-tls"",""cpu"":""0.00%"",""mem"":""23.64MiB / 122.8GiB""},{""name"":""lab-erli-stub-tls"",""cpu"":""0.00%"",""mem"":""22.95MiB / 122.8GiB""},{""name"":""lab-wc-tls"",""cpu"":""0.00%"",""mem"":""23.06MiB / 122.8GiB""},{""name"":""lab-prestashop"",""cpu"":""5.08%"",""mem"":""161.7MiB / 122.8GiB""},{""name"":""lab-woocommerce"",""cpu"":""19.72%"",""mem"":""222.4MiB / 122.8GiB""},{""name"":""lab-redis"",""cpu"":""0.41%"",""mem"":""77.6MiB / 122.8GiB""},{""name"":""lab-postgres"",""cpu"":""4.15%"",""mem"":""240.1MiB / 122.8GiB""},{""name"":""lab-mysql"",""cpu"":""1.29%"",""mem"":""717.2MiB / 122.8GiB""},{""name"":""lab-woocommerce-mysql"",""cpu"":""5.09%"",""mem"":""494.3MiB / 122.8GiB""}]"
2026-09-10T08:40:33Z,3,0,0,0,14,2666387123,"[{""name"":""lab-worker-1"",""cpu"":""1.25%"",""mem"":""96.06MiB / 122.8GiB""},{""name"":""lab-allegro-stub"",""cpu"":""0.05%"",""mem"":""19.6MiB / 122.8GiB""},{""name"":""lab-erli-stub"",""cpu"":""0.00%"",""mem"":""15.68MiB / 122.8GiB""},{""name"":""lab-eparagony-stub"",""cpu"":""0.01%"",""mem"":""19.37MiB / 122.8GiB""},{""name"":""lab-invoicing-stub"",""cpu"":""0.00%"",""mem"":""15.83MiB / 122.8GiB""},{""name"":""lab-shipping-stub"",""cpu"":""0.00%"",""mem"":""15.82MiB / 122.8GiB""},{""name"":""lab-api"",""cpu"":""0.00%"",""mem"":""148.7MiB / 122.8GiB""},{""name"":""lab-eparagony-stub-tls"",""cpu"":""0.00%"",""mem"":""23.64MiB / 122.8GiB""},{""name"":""lab-erli-stub-tls"",""cpu"":""0.00%"",""mem"":""22.95MiB / 122.8GiB""},{""name"":""lab-wc-tls"",""cpu"":""0.00%"",""mem"":""23.06MiB / 122.8GiB""},{""name"":""lab-prestashop"",""cpu"":""0.01%"",""mem"":""161.7MiB / 122.8GiB""},{""name"":""lab-woocommerce"",""cpu"":""0.01%"",""mem"":""222.4MiB / 122.8GiB""},{""name"":""lab-redis"",""cpu"":""0.28%"",""mem"":""77.6MiB / 122.8GiB""},{""name"":""lab-postgres"",""cpu"":""0.41%"",""mem"":""240.1MiB / 122.8GiB""},{""name"":""lab-mysql"",""cpu"":""0.99%"",""mem"":""717.2MiB / 122.8GiB""},{""name"":""lab-woocommerce-mysql"",""cpu"":""1.00%"",""mem"":""494.3MiB / 122.8GiB""}]"
2026-09-10T08:40:36Z,4,0,0,0,14,2666387123,"[{""name"":""lab-worker-1"",""cpu"":""0.38%"",""mem"":""96.08MiB / 122.8GiB""},{""name"":""lab-allegro-stub"",""cpu"":""3.70%"",""mem"":""26.89MiB / 122.8GiB""},{""name"":""lab-erli-stub"",""cpu"":""0.00%"",""mem"":""15.65MiB / 122.8GiB""},{""name"":""lab-eparagony-stub"",""cpu"":""0.00%"",""mem"":""19.37MiB / 122.8GiB""},{""name"":""lab-invoicing-stub"",""cpu"":""4.20%"",""mem"":""15.85MiB / 122.8GiB""},{""name"":""lab-shipping-stub"",""cpu"":""4.25%"",""mem"":""15.83MiB / 122.8GiB""},{""name"":""lab-api"",""cpu"":""0.00%"",""mem"":""148.7MiB / 122.8GiB""},{""name"":""lab-eparagony-stub-tls"",""cpu"":""0.00%"",""mem"":""23.64MiB / 122.8GiB""},{""name"":""lab-erli-stub-tls"",""cpu"":""0.00%"",""mem"":""22.95MiB / 122.8GiB""},{""name"":""lab-wc-tls"",""cpu"":""0.00%"",""mem"":""23.06MiB / 122.8GiB""},{""name"":""lab-prestashop"",""cpu"":""0.00%"",""mem"":""161.7MiB / 122.8GiB""},{""name"":""lab-woocommerce"",""cpu"":""0.01%"",""mem"":""222.4MiB / 122.8GiB""},{""name"":""lab-redis"",""cpu"":""0.27%"",""mem"":""77.6MiB / 122.8GiB""},{""name"":""lab-postgres"",""cpu"":""0.65%"",""mem"":""241.6MiB / 122.8GiB""},{""name"":""lab-mysql"",""cpu"":""0.88%"",""mem"":""717.2MiB / 122.8GiB""},{""name"":""lab-woocommerce-mysql"",""cpu"":""1.11%"",""mem"":""494.3MiB / 122.8GiB""}]"
2026-09-10T08:40:39Z,3,0,0,0,14,2666387123,"[{""name"":""lab-worker-1"",""cpu"":""1.30%"",""mem"":""96.09MiB / 122.8GiB""},{""name"":""lab-allegro-stub"",""cpu"":""0.00%"",""mem"":""19.34MiB / 122.8GiB""},{""name"":""lab-erli-stub"",""cpu"":""0.00%"",""mem"":""15.65MiB / 122.8GiB""},{""name"":""lab-eparagony-stub"",""cpu"":""0.00%"",""mem"":""19.37MiB / 122.8GiB""},{""name"":""lab-invoicing-stub"",""cpu"":""0.00%"",""mem"":""15.84MiB / 122.8GiB""},{""name"":""lab-shipping-stub"",""cpu"":""0.00%"",""mem"":""15.82MiB / 122.8GiB""},{""name"":""lab-api"",""cpu"":""0.86%"",""mem"":""148.7MiB / 122.8GiB""},{""name"":""lab-eparagony-stub-tls"",""cpu"":""0.00%"",""mem"":""23.64MiB / 122.8GiB""},{""name"":""lab-erli-stub-tls"",""cpu"":""0.00%"",""mem"":""22.95MiB / 122.8GiB""},{""name"":""lab-wc-tls"",""cpu"":""0.00%"",""mem"":""23.06MiB / 122.8GiB""},{""name"":""lab-prestashop"",""cpu"":""0.01%"",""mem"":""161.7MiB / 122.8GiB""},{""name"":""lab-woocommerce"",""cpu"":""0.01%"",""mem"":""222.4MiB / 122.8GiB""},{""name"":""lab-redis"",""cpu"":""0.42%"",""mem"":""77.6MiB / 122.8GiB""},{""name"":""lab-postgres"",""cpu"":""0.74%"",""mem"":""240.1MiB / 122.8GiB""},{""name"":""lab-mysql"",""cpu"":""0.88%"",""mem"":""717.2MiB / 122.8GiB""},{""name"":""lab-woocommerce-mysql"",""cpu"":""0.96%"",""mem"":""494.3MiB / 122.8GiB""}]"
2026-09-10T08:40:42Z,3,0,0,0,15,2666387123,"[{""name"":""lab-worker-1"",""cpu"":""0.39%"",""mem"":""96.11MiB / 122.8GiB""},{""name"":""lab-allegro-stub"",""cpu"":""0.01%"",""mem"":""19.35MiB / 122.8GiB""},{""name"":""lab-erli-stub"",""cpu"":""4.24%"",""mem"":""15.68MiB / 122.8GiB""},{""name"":""lab-eparagony-stub"",""cpu"":""3.98%"",""mem"":""19.38MiB / 122.8GiB""},{""name"":""lab-invoicing-stub"",""cpu"":""0.01%"",""mem"":""15.83MiB / 122.8GiB""},{""name"":""lab-shipping-stub"",""cpu"":""0.00%"",""mem"":""15.84MiB / 122.8GiB""},{""name"":""lab-api"",""cpu"":""0.00%"",""mem"":""148.7MiB / 122.8GiB""},{""name"":""lab-eparagony-stub-tls"",""cpu"":""0.00%"",""mem"":""23.64MiB / 122.8GiB""},{""name"":""lab-erli-stub-tls"",""cpu"":""0.00%"",""mem"":""22.95MiB / 122.8GiB""},{""name"":""lab-wc-tls"",""cpu"":""0.00%"",""mem"":""23.06MiB / 122.8GiB""},{""name"":""lab-prestashop"",""cpu"":""0.01%"",""mem"":""161.7MiB / 122.8GiB""},{""name"":""lab-woocommerce"",""cpu"":""0.01%"",""mem"":""222.4MiB / 122.8GiB""},{""name"":""lab-redis"",""cpu"":""0.30%"",""mem"":""77.6MiB / 122.8GiB""},{""name"":""lab-postgres"",""cpu"":""0.35%"",""mem"":""239.9MiB / 122.8GiB""},{""name"":""lab-mysql"",""cpu"":""0.94%"",""mem"":""717.2MiB / 122.8GiB""},{""name"":""lab-woocommerce-mysql"",""cpu"":""0.90%"",""mem"":""494.3MiB / 122.8GiB""}]"
2026-09-10T08:40:45Z,3,0,0,0,15,2666387123,"[{""name"":""lab-worker-1"",""cpu"":""0.48%"",""mem"":""96.19MiB / 122.8GiB""},{""name"":""lab-allegro-stub"",""cpu"":""0.00%"",""mem"":""19.34MiB / 122.8GiB""},{""name"":""lab-erli-stub"",""cpu"":""0.00%"",""mem"":""15.65MiB / 122.8GiB""},{""name"":""lab-eparagony-stub"",""cpu"":""0.00%"",""mem"":""19.37MiB / 122.8GiB""},{""name"":""lab-invoicing-stub"",""cpu"":""0.00%"",""mem"":""15.83MiB / 122.8GiB""},{""name"":""lab-shipping-stub"",""cpu"":""0.00%"",""mem"":""15.84MiB / 122.8GiB""},{""name"":""lab-api"",""cpu"":""0.01%"",""mem"":""148.7MiB / 122.8GiB""},{""name"":""lab-eparagony-stub-tls"",""cpu"":""0.00%"",""mem"":""23.64MiB / 122.8GiB""},{""name"":""lab-erli-stub-tls"",""cpu"":""0.00%"",""mem"":""22.95MiB / 122.8GiB""},{""name"":""lab-wc-tls"",""cpu"":""0.00%"",""mem"":""23.06MiB / 122.8GiB""},{""name"":""lab-prestashop"",""cpu"":""0.01%"",""mem"":""161.7MiB / 122.8GiB""},{""name"":""lab-woocommerce"",""cpu"":""0.01%"",""mem"":""222.4MiB / 122.8GiB""},{""name"":""lab-redis"",""cpu"":""4.43%"",""mem"":""77.64MiB / 122.8GiB""},{""name"":""lab-postgres"",""cpu"":""0.34%"",""mem"":""239.9MiB / 122.8GiB""},{""name"":""lab-mysql"",""cpu"":""0.92%"",""mem"":""717.2MiB / 122.8GiB""},{""name"":""lab-woocommerce-mysql"",""cpu"":""0.98%"",""mem"":""494.3MiB / 122.8GiB""}]"
2026-09-10T08:40:48Z,3,0,0,0,15,2666387123,"[{""name"":""lab-worker-1"",""cpu"":""1.95%"",""mem"":""96.22MiB / 122.8GiB""},{""name"":""lab-allegro-stub"",""cpu"":""0.00%"",""mem"":""19.34MiB / 122.8GiB""},{""name"":""lab-erli-stub"",""cpu"":""0.00%"",""mem"":""15.65MiB / 122.8GiB""},{""name"":""lab-eparagony-stub"",""cpu"":""0.00%"",""mem"":""19.37MiB / 122.8GiB""},{""name"":""lab-invoicing-stub"",""cpu"":""0.00%"",""mem"":""15.83MiB / 122.8GiB""},{""name"":""lab-shipping-stub"",""cpu"":""0.00%"",""mem"":""15.84MiB / 122.8GiB""},{""name"":""lab-api"",""cpu"":""0.72%"",""mem"":""148.7MiB / 122.8GiB""},{""name"":""lab-eparagony-stub-tls"",""cpu"":""0.00%"",""mem"":""23.64MiB / 122.8GiB""},{""name"":""lab-erli-stub-tls"",""cpu"":""0.00%"",""mem"":""22.95MiB / 122.8GiB""},{""name"":""lab-wc-tls"",""cpu"":""0.00%"",""mem"":""23.06MiB / 122.8GiB""},{""name"":""lab-prestashop"",""cpu"":""0.01%"",""mem"":""161.7MiB / 122.8GiB""},{""name"":""lab-woocommerce"",""cpu"":""0.01%"",""mem"":""222.4MiB / 122.8GiB""},{""name"":""lab-redis"",""cpu"":""0.41%"",""mem"":""77.6MiB / 122.8GiB""},{""name"":""lab-postgres"",""cpu"":""0.74%"",""mem"":""239.9MiB / 122.8GiB""},{""name"":""lab-mysql"",""cpu"":""0.97%"",""mem"":""717.2MiB / 122.8GiB""},{""name"":""lab-woocommerce-mysql"",""cpu"":""0.99%"",""mem"":""494.3MiB / 122.8GiB""}]"
2026-09-10T08:40:51Z,3,0,0,0,16,2666387123,"[{""name"":""lab-worker-1"",""cpu"":""0.29%"",""mem"":""96.28MiB / 122.8GiB""},{""name"":""lab-allegro-stub"",""cpu"":""3.60%"",""mem"":""19.38MiB / 122.8GiB""},{""name"":""lab-erli-stub"",""cpu"":""0.00%"",""mem"":""15.65MiB / 122.8GiB""},{""name"":""lab-eparagony-stub"",""cpu"":""1.29%"",""mem"":""25.84MiB / 122.8GiB""},{""name"":""lab-invoicing-stub"",""cpu"":""4.22%"",""mem"":""15.84MiB / 122.8GiB""},{""name"":""lab-shipping-stub"",""cpu"":""3.97%"",""mem"":""15.85MiB / 122.8GiB""},{""name"":""lab-api"",""cpu"":""0.00%"",""mem"":""148.7MiB / 122.8GiB""},{""name"":""lab-eparagony-stub-tls"",""cpu"":""0.00%"",""mem"":""23.64MiB / 122.8GiB""},{""name"":""lab-erli-stub-tls"",""cpu"":""0.00%"",""mem"":""22.95MiB / 122.8GiB""},{""name"":""lab-wc-tls"",""cpu"":""0.00%"",""mem"":""23.06MiB / 122.8GiB""},{""name"":""lab-prestashop"",""cpu"":""0.00%"",""mem"":""161.7MiB / 122.8GiB""},{""name"":""lab-woocommerce"",""cpu"":""0.00%"",""mem"":""222.4MiB / 122.8GiB""},{""name"":""lab-redis"",""cpu"":""0.27%"",""mem"":""77.6MiB / 122.8GiB""},{""name"":""lab-postgres"",""cpu"":""1.52%"",""mem"":""239.9MiB / 122.8GiB""},{""name"":""lab-mysql"",""cpu"":""0.84%"",""mem"":""717.2MiB / 122.8GiB""},{""name"":""lab-woocommerce-mysql"",""cpu"":""0.85%"",""mem"":""494.3MiB / 122.8GiB""}]"
2026-09-10T08:40:54Z,3,0,0,0,16,2666387123,"[{""name"":""lab-worker-1"",""cpu"":""0.66%"",""mem"":""96.3MiB / 122.8GiB""},{""name"":""lab-allegro-stub"",""cpu"":""0.00%"",""mem"":""19.34MiB / 122.8GiB""},{""name"":""lab-erli-stub"",""cpu"":""0.00%"",""mem"":""15.65MiB / 122.8GiB""},{""name"":""lab-eparagony-stub"",""cpu"":""0.00%"",""mem"":""19.37MiB / 122.8GiB""},{""name"":""lab-invoicing-stub"",""cpu"":""0.00%"",""mem"":""15.83MiB / 122.8GiB""},{""name"":""lab-shipping-stub"",""cpu"":""0.00%"",""mem"":""15.84MiB / 122.8GiB""},{""name"":""lab-api"",""cpu"":""0.01%"",""mem"":""148.7MiB / 122.8GiB""},{""name"":""lab-eparagony-stub-tls"",""cpu"":""0.00%"",""mem"":""23.64MiB / 122.8GiB""},{""name"":""lab-erli-stub-tls"",""cpu"":""0.00%"",""mem"":""22.95MiB / 122.8GiB""},{""name"":""lab-wc-tls"",""cpu"":""0.00%"",""mem"":""23.06MiB / 122.8GiB""},{""name"":""lab-prestashop"",""cpu"":""0.01%"",""mem"":""161.7MiB / 122.8GiB""},{""name"":""lab-woocommerce"",""cpu"":""0.01%"",""mem"":""222.4MiB / 122.8GiB""},{""name"":""lab-redis"",""cpu"":""4.65%"",""mem"":""77.67MiB / 122.8GiB""},{""name"":""lab-postgres"",""cpu"":""0.38%"",""mem"":""239.9MiB / 122.8GiB""},{""name"":""lab-mysql"",""cpu"":""0.94%"",""mem"":""717.2MiB / 122.8GiB""},{""name"":""lab-woocommerce-mysql"",""cpu"":""1.00%"",""mem"":""494.3MiB / 122.8GiB""}]"
2026-09-10T08:40:58Z,3,0,0,0,16,2666387123,"[{""name"":""lab-worker-1"",""cpu"":""0.35%"",""mem"":""96.3MiB / 122.8GiB""},{""name"":""lab-allegro-stub"",""cpu"":""0.01%"",""mem"":""19.34MiB / 122.8GiB""},{""name"":""lab-erli-stub"",""cpu"":""4.04%"",""mem"":""15.66MiB / 122.8GiB""},{""name"":""lab-eparagony-stub"",""cpu"":""0.01%"",""mem"":""19.37MiB / 122.8GiB""},{""name"":""lab-invoicing-stub"",""cpu"":""0.01%"",""mem"":""15.83MiB / 122.8GiB""},{""name"":""lab-shipping-stub"",""cpu"":""0.00%"",""mem"":""15.84MiB / 122.8GiB""},{""name"":""lab-api"",""cpu"":""0.00%"",""mem"":""148.7MiB / 122.8GiB""},{""name"":""lab-eparagony-stub-tls"",""cpu"":""0.00%"",""mem"":""23.64MiB / 122.8GiB""},{""name"":""lab-erli-stub-tls"",""cpu"":""0.00%"",""mem"":""22.95MiB / 122.8GiB""},{""name"":""lab-wc-tls"",""cpu"":""0.00%"",""mem"":""23.06MiB / 122.8GiB""},{""name"":""lab-prestashop"",""cpu"":""0.01%"",""mem"":""161.7MiB / 122.8GiB""},{""name"":""lab-woocommerce"",""cpu"":""0.01%"",""mem"":""222.4MiB / 122.8GiB""},{""name"":""lab-redis"",""cpu"":""0.27%"",""mem"":""77.6MiB / 122.8GiB""},{""name"":""lab-postgres"",""cpu"":""0.37%"",""mem"":""239.9MiB / 122.8GiB""},{""name"":""lab-mysql"",""cpu"":""0.96%"",""mem"":""717.2MiB / 122.8GiB""},{""name"":""lab-woocommerce-mysql"",""cpu"":""0.95%"",""mem"":""494.3MiB / 122.8GiB""}]"
2026-09-10T08:41:01Z,4,2,0,0,14,2666387123,"[{""name"":""lab-worker-1"",""cpu"":""0.53%"",""mem"":""96.61MiB / 122.8GiB""},{""name"":""lab-allegro-stub"",""cpu"":""0.00%"",""mem"":""19.35MiB / 122.8GiB""},{""name"":""lab-erli-stub"",""cpu"":""0.00%"",""mem"":""15.65MiB / 122.8GiB""},{""name"":""lab-eparagony-stub"",""cpu"":""0.00%"",""mem"":""19.37MiB / 122.8GiB""},{""name"":""lab-invoicing-stub"",""cpu"":""0.00%"",""mem"":""15.83MiB / 122.8GiB""},{""name"":""lab-shipping-stub"",""cpu"":""3.81%"",""mem"":""15.9MiB / 122.8GiB""},{""name"":""lab-api"",""cpu"":""0.00%"",""mem"":""148.7MiB / 122.8GiB""},{""name"":""lab-eparagony-stub-tls"",""cpu"":""0.00%"",""mem"":""23.64MiB / 122.8GiB""},{""name"":""lab-erli-stub-tls"",""cpu"":""0.00%"",""mem"":""22.95MiB / 122.8GiB""},{""name"":""lab-wc-tls"",""cpu"":""0.00%"",""mem"":""23.06MiB / 122.8GiB""},{""name"":""lab-prestashop"",""cpu"":""0.01%"",""mem"":""155.7MiB / 122.8GiB""},{""name"":""lab-woocommerce"",""cpu"":""0.00%"",""mem"":""224.4MiB / 122.8GiB""},{""name"":""lab-redis"",""cpu"":""0.26%"",""mem"":""77.6MiB / 122.8GiB""},{""name"":""lab-postgres"",""cpu"":""0.72%"",""mem"":""243.6MiB / 122.8GiB""},{""name"":""lab-mysql"",""cpu"":""5.33%"",""mem"":""717.3MiB / 122.8GiB""},{""name"":""lab-woocommerce-mysql"",""cpu"":""0.89%"",""mem"":""494.3MiB / 122.8GiB""}]"
2026-09-10T08:41:04Z,3,0,0,0,15,2666387123,"[{""name"":""lab-worker-1"",""cpu"":""0.42%"",""mem"":""96.36MiB / 122.8GiB""},{""name"":""lab-allegro-stub"",""cpu"":""0.00%"",""mem"":""19.34MiB / 122.8GiB""},{""name"":""lab-erli-stub"",""cpu"":""0.00%"",""mem"":""15.65MiB / 122.8GiB""},{""name"":""lab-eparagony-stub"",""cpu"":""0.00%"",""mem"":""19.37MiB / 122.8GiB""},{""name"":""lab-invoicing-stub"",""cpu"":""0.00%"",""mem"":""15.83MiB / 122.8GiB""},{""name"":""lab-shipping-stub"",""cpu"":""0.00%"",""mem"":""15.84MiB / 122.8GiB""},{""name"":""lab-api"",""cpu"":""0.00%"",""mem"":""148.7MiB / 122.8GiB""},{""name"":""lab-eparagony-stub-tls"",""cpu"":""0.00%"",""mem"":""23.64MiB / 122.8GiB""},{""name"":""lab-erli-stub-tls"",""cpu"":""0.00%"",""mem"":""22.95MiB / 122.8GiB""},{""name"":""lab-wc-tls"",""cpu"":""0.00%"",""mem"":""23.06MiB / 122.8GiB""},{""name"":""lab-prestashop"",""cpu"":""0.01%"",""mem"":""155.7MiB / 122.8GiB""},{""name"":""lab-woocommerce"",""cpu"":""0.01%"",""mem"":""224.4MiB / 122.8GiB""},{""name"":""lab-redis"",""cpu"":""0.28%"",""mem"":""77.6MiB / 122.8GiB""},{""name"":""lab-postgres"",""cpu"":""0.30%"",""mem"":""243.6MiB / 122.8GiB""},{""name"":""lab-mysql"",""cpu"":""0.94%"",""mem"":""717.2MiB / 122.8GiB""},{""name"":""lab-woocommerce-mysql"",""cpu"":""5.59%"",""mem"":""494.3MiB / 122.8GiB""}]"
2026-09-10T08:41:07Z,3,0,0,0,15,2666387123,"[{""name"":""lab-worker-1"",""cpu"":""0.35%"",""mem"":""96.38MiB / 122.8GiB""},{""name"":""lab-allegro-stub"",""cpu"":""4.25%"",""mem"":""19.36MiB / 122.8GiB""},{""name"":""lab-erli-stub"",""cpu"":""4.03%"",""mem"":""15.71MiB / 122.8GiB""},{""name"":""lab-eparagony-stub"",""cpu"":""4.14%"",""mem"":""19.38MiB / 122.8GiB""},{""name"":""lab-invoicing-stub"",""cpu"":""1.98%"",""mem"":""15.83MiB / 122.8GiB""},{""name"":""lab-shipping-stub"",""cpu"":""0.00%"",""mem"":""15.84MiB / 122.8GiB""},{""name"":""lab-api"",""cpu"":""0.00%"",""mem"":""148.7MiB / 122.8GiB""},{""name"":""lab-eparagony-stub-tls"",""cpu"":""0.00%"",""mem"":""23.64MiB / 122.8GiB""},{""name"":""lab-erli-stub-tls"",""cpu"":""0.00%"",""mem"":""22.95MiB / 122.8GiB""},{""name"":""lab-wc-tls"",""cpu"":""0.00%"",""mem"":""23.06MiB / 122.8GiB""},{""name"":""lab-prestashop"",""cpu"":""0.01%"",""mem"":""155.7MiB / 122.8GiB""},{""name"":""lab-woocommerce"",""cpu"":""0.00%"",""mem"":""224.4MiB / 122.8GiB""},{""name"":""lab-redis"",""cpu"":""0.25%"",""mem"":""77.6MiB / 122.8GiB""},{""name"":""lab-postgres"",""cpu"":""5.31%"",""mem"":""243.6MiB / 122.8GiB""},{""name"":""lab-mysql"",""cpu"":""0.82%"",""mem"":""717.2MiB / 122.8GiB""},{""name"":""lab-woocommerce-mysql"",""cpu"":""0.79%"",""mem"":""494.3MiB / 122.8GiB""}]"
2026-09-10T08:41:10Z,3,0,0,0,15,2666387123,"[{""name"":""lab-worker-1"",""cpu"":""6.91%"",""mem"":""96.42MiB / 122.8GiB""},{""name"":""lab-allegro-stub"",""cpu"":""0.13%"",""mem"":""19.35MiB / 122.8GiB""},{""name"":""lab-erli-stub"",""cpu"":""0.00%"",""mem"":""15.65MiB / 122.8GiB""},{""name"":""lab-eparagony-stub"",""cpu"":""0.00%"",""mem"":""19.37MiB / 122.8GiB""},{""name"":""lab-invoicing-stub"",""cpu"":""0.00%"",""mem"":""15.83MiB / 122.8GiB""},{""name"":""lab-shipping-stub"",""cpu"":""0.00%"",""mem"":""15.84MiB / 122.8GiB""},{""name"":""lab-api"",""cpu"":""0.00%"",""mem"":""148.7MiB / 122.8GiB""},{""name"":""lab-eparagony-stub-tls"",""cpu"":""0.00%"",""mem"":""23.64MiB / 122.8GiB""},{""name"":""lab-erli-stub-tls"",""cpu"":""0.00%"",""mem"":""22.95MiB / 122.8GiB""},{""name"":""lab-wc-tls"",""cpu"":""0.00%"",""mem"":""23.06MiB / 122.8GiB""},{""name"":""lab-prestashop"",""cpu"":""0.01%"",""mem"":""155.7MiB / 122.8GiB""},{""name"":""lab-woocommerce"",""cpu"":""0.01%"",""mem"":""224.4MiB / 122.8GiB""},{""name"":""lab-redis"",""cpu"":""0.34%"",""mem"":""77.6MiB / 122.8GiB""},{""name"":""lab-postgres"",""cpu"":""9.15%"",""mem"":""243.5MiB / 122.8GiB""},{""name"":""lab-mysql"",""cpu"":""5.55%"",""mem"":""717.3MiB / 122.8GiB""},{""name"":""lab-woocommerce-mysql"",""cpu"":""0.94%"",""mem"":""494.3MiB / 122.8GiB""}]"
2026-09-10T08:41:13Z,3,0,0,0,14,2666387123,"[{""name"":""lab-worker-1"",""cpu"":""0.50%"",""mem"":""96.44MiB / 122.8GiB""},{""name"":""lab-allegro-stub"",""cpu"":""0.04%"",""mem"":""19.36MiB / 122.8GiB""},{""name"":""lab-erli-stub"",""cpu"":""0.01%"",""mem"":""15.65MiB / 122.8GiB""},{""name"":""lab-eparagony-stub"",""cpu"":""0.00%"",""mem"":""19.37MiB / 122.8GiB""},{""name"":""lab-invoicing-stub"",""cpu"":""0.00%"",""mem"":""15.83MiB / 122.8GiB""},{""name"":""lab-shipping-stub"",""cpu"":""0.00%"",""mem"":""15.84MiB / 122.8GiB""},{""name"":""lab-api"",""cpu"":""0.00%"",""mem"":""148.7MiB / 122.8GiB""},{""name"":""lab-eparagony-stub-tls"",""cpu"":""0.00%"",""mem"":""23.64MiB / 122.8GiB""},{""name"":""lab-erli-stub-tls"",""cpu"":""0.00%"",""mem"":""22.95MiB / 122.8GiB""},{""name"":""lab-wc-tls"",""cpu"":""0.00%"",""mem"":""23.06MiB / 122.8GiB""},{""name"":""lab-prestashop"",""cpu"":""0.01%"",""mem"":""155.7MiB / 122.8GiB""},{""name"":""lab-woocommerce"",""cpu"":""0.01%"",""mem"":""224.4MiB / 122.8GiB""},{""name"":""lab-redis"",""cpu"":""0.28%"",""mem"":""77.85MiB / 122.8GiB""},{""name"":""lab-postgres"",""cpu"":""0.45%"",""mem"":""243.6MiB / 122.8GiB""},{""name"":""lab-mysql"",""cpu"":""0.95%"",""mem"":""717.2MiB / 122.8GiB""},{""name"":""lab-woocommerce-mysql"",""cpu"":""5.47%"",""mem"":""494.4MiB / 122.8GiB""}]"
2026-09-10T08:41:16Z,3,0,0,0,14,2666387123,"[{""name"":""lab-worker-1"",""cpu"":""0.40%"",""mem"":""96.7MiB / 122.8GiB""},{""name"":""lab-allegro-stub"",""cpu"":""4.36%"",""mem"":""19.38MiB / 122.8GiB""},{""name"":""lab-erli-stub"",""cpu"":""0.00%"",""mem"":""15.65MiB / 122.8GiB""},{""name"":""lab-eparagony-stub"",""cpu"":""0.00%"",""mem"":""19.37MiB / 122.8GiB""},{""name"":""lab-invoicing-stub"",""cpu"":""4.00%"",""mem"":""15.86MiB / 122.8GiB""},{""name"":""lab-shipping-stub"",""cpu"":""4.34%"",""mem"":""15.85MiB / 122.8GiB""},{""name"":""lab-api"",""cpu"":""0.02%"",""mem"":""148.7MiB / 122.8GiB""},{""name"":""lab-eparagony-stub-tls"",""cpu"":""0.00%"",""mem"":""23.64MiB / 122.8GiB""},{""name"":""lab-erli-stub-tls"",""cpu"":""0.00%"",""mem"":""22.95MiB / 122.8GiB""},{""name"":""lab-wc-tls"",""cpu"":""0.00%"",""mem"":""23.06MiB / 122.8GiB""},{""name"":""lab-prestashop"",""cpu"":""0.00%"",""mem"":""155.7MiB / 122.8GiB""},{""name"":""lab-woocommerce"",""cpu"":""0.01%"",""mem"":""224.4MiB / 122.8GiB""},{""name"":""lab-redis"",""cpu"":""0.28%"",""mem"":""77.6MiB / 122.8GiB""},{""name"":""lab-postgres"",""cpu"":""5.36%"",""mem"":""243.7MiB / 122.8GiB""},{""name"":""lab-mysql"",""cpu"":""0.86%"",""mem"":""717.2MiB / 122.8GiB""},{""name"":""lab-woocommerce-mysql"",""cpu"":""0.84%"",""mem"":""494.3MiB / 122.8GiB""}]"
2026-09-10T08:41:19Z,3,0,0,0,14,2666387123,"[{""name"":""lab-worker-1"",""cpu"":""3.57%"",""mem"":""96.43MiB / 122.8GiB""},{""name"":""lab-allegro-stub"",""cpu"":""0.05%"",""mem"":""19.35MiB / 122.8GiB""},{""name"":""lab-erli-stub"",""cpu"":""0.00%"",""mem"":""15.65MiB / 122.8GiB""},{""name"":""lab-eparagony-stub"",""cpu"":""0.00%"",""mem"":""19.37MiB / 122.8GiB""},{""name"":""lab-invoicing-stub"",""cpu"":""0.00%"",""mem"":""15.83MiB / 122.8GiB""},{""name"":""lab-shipping-stub"",""cpu"":""0.00%"",""mem"":""15.84MiB / 122.8GiB""},{""name"":""lab-api"",""cpu"":""0.01%"",""mem"":""148.7MiB / 122.8GiB""},{""name"":""lab-eparagony-stub-tls"",""cpu"":""0.00%"",""mem"":""23.64MiB / 122.8GiB""},{""name"":""lab-erli-stub-tls"",""cpu"":""0.00%"",""mem"":""22.95MiB / 122.8GiB""},{""name"":""lab-wc-tls"",""cpu"":""0.00%"",""mem"":""23.06MiB / 122.8GiB""},{""name"":""lab-prestashop"",""cpu"":""0.01%"",""mem"":""155.7MiB / 122.8GiB""},{""name"":""lab-woocommerce"",""cpu"":""0.01%"",""mem"":""224.4MiB / 122.8GiB""},{""name"":""lab-redis"",""cpu"":""0.43%"",""mem"":""77.6MiB / 122.8GiB""},{""name"":""lab-postgres"",""cpu"":""7.16%"",""mem"":""243.6MiB / 122.8GiB""},{""name"":""lab-mysql"",""cpu"":""0.98%"",""mem"":""717.2MiB / 122.8GiB""},{""name"":""lab-woocommerce-mysql"",""cpu"":""0.90%"",""mem"":""494.3MiB / 122.8GiB""}]"
2026-09-10T08:41:22Z,3,0,0,0,13,2666387123,"[{""name"":""lab-worker-1"",""cpu"":""0.37%"",""mem"":""96.46MiB / 122.8GiB""},{""name"":""lab-allegro-stub"",""cpu"":""0.01%"",""mem"":""19.37MiB / 122.8GiB""},{""name"":""lab-erli-stub"",""cpu"":""4.08%"",""mem"":""15.66MiB / 122.8GiB""},{""name"":""lab-eparagony-stub"",""cpu"":""4.10%"",""mem"":""19.38MiB / 122.8GiB""},{""name"":""lab-invoicing-stub"",""cpu"":""0.01%"",""mem"":""15.83MiB / 122.8GiB""},{""name"":""lab-shipping-stub"",""cpu"":""0.01%"",""mem"":""15.84MiB / 122.8GiB""},{""name"":""lab-api"",""cpu"":""0.00%"",""mem"":""148.7MiB / 122.8GiB""},{""name"":""lab-eparagony-stub-tls"",""cpu"":""0.00%"",""mem"":""23.64MiB / 122.8GiB""},{""name"":""lab-erli-stub-tls"",""cpu"":""0.00%"",""mem"":""22.95MiB / 122.8GiB""},{""name"":""lab-wc-tls"",""cpu"":""0.00%"",""mem"":""23.06MiB / 122.8GiB""},{""name"":""lab-prestashop"",""cpu"":""0.01%"",""mem"":""155.7MiB / 122.8GiB""},{""name"":""lab-woocommerce"",""cpu"":""0.00%"",""mem"":""224.4MiB / 122.8GiB""},{""name"":""lab-redis"",""cpu"":""0.30%"",""mem"":""77.6MiB / 122.8GiB""},{""name"":""lab-postgres"",""cpu"":""0.37%"",""mem"":""243.8MiB / 122.8GiB""},{""name"":""lab-mysql"",""cpu"":""0.91%"",""mem"":""717.2MiB / 122.8GiB""},{""name"":""lab-woocommerce-mysql"",""cpu"":""0.88%"",""mem"":""494.3MiB / 122.8GiB""}]"
2026-09-10T08:41:26Z,4,0,0,0,13,2666387123,"[{""name"":""lab-worker-1"",""cpu"":""0.38%"",""mem"":""96.47MiB / 122.8GiB""},{""name"":""lab-allegro-stub"",""cpu"":""0.01%"",""mem"":""19.35MiB / 122.8GiB""},{""name"":""lab-erli-stub"",""cpu"":""0.01%"",""mem"":""15.65MiB / 122.8GiB""},{""name"":""lab-eparagony-stub"",""cpu"":""0.02%"",""mem"":""19.37MiB / 122.8GiB""},{""name"":""lab-invoicing-stub"",""cpu"":""0.01%"",""mem"":""15.83MiB / 122.8GiB""},{""name"":""lab-shipping-stub"",""cpu"":""0.00%"",""mem"":""15.84MiB / 122.8GiB""},{""name"":""lab-api"",""cpu"":""0.00%"",""mem"":""148.7MiB / 122.8GiB""},{""name"":""lab-eparagony-stub-tls"",""cpu"":""0.00%"",""mem"":""23.64MiB / 122.8GiB""},{""name"":""lab-erli-stub-tls"",""cpu"":""0.00%"",""mem"":""22.95MiB / 122.8GiB""},{""name"":""lab-wc-tls"",""cpu"":""0.00%"",""mem"":""23.06MiB / 122.8GiB""},{""name"":""lab-prestashop"",""cpu"":""0.01%"",""mem"":""155.7MiB / 122.8GiB""},{""name"":""lab-woocommerce"",""cpu"":""0.01%"",""mem"":""224.4MiB / 122.8GiB""},{""name"":""lab-redis"",""cpu"":""0.31%"",""mem"":""77.6MiB / 122.8GiB""},{""name"":""lab-postgres"",""cpu"":""0.37%"",""mem"":""243.9MiB / 122.8GiB""},{""name"":""lab-mysql"",""cpu"":""1.01%"",""mem"":""717.2MiB / 122.8GiB""},{""name"":""lab-woocommerce-mysql"",""cpu"":""1.01%"",""mem"":""494.3MiB / 122.8GiB""}]"
2026-09-10T08:41:29Z,3,0,0,0,13,2666387123,"[{""name"":""lab-worker-1"",""cpu"":""2.78%"",""mem"":""96.49MiB / 122.8GiB""},{""name"":""lab-allegro-stub"",""cpu"":""0.12%"",""mem"":""19.36MiB / 122.8GiB""},{""name"":""lab-erli-stub"",""cpu"":""0.00%"",""mem"":""15.65MiB / 122.8GiB""},{""name"":""lab-eparagony-stub"",""cpu"":""0.00%"",""mem"":""19.38MiB / 122.8GiB""},{""name"":""lab-invoicing-stub"",""cpu"":""0.00%"",""mem"":""15.83MiB / 122.8GiB""},{""name"":""lab-shipping-stub"",""cpu"":""0.00%"",""mem"":""15.84MiB / 122.8GiB""},{""name"":""lab-api"",""cpu"":""0.87%"",""mem"":""148.7MiB / 122.8GiB""},{""name"":""lab-eparagony-stub-tls"",""cpu"":""0.00%"",""mem"":""23.64MiB / 122.8GiB""},{""name"":""lab-erli-stub-tls"",""cpu"":""0.00%"",""mem"":""22.95MiB / 122.8GiB""},{""name"":""lab-wc-tls"",""cpu"":""0.00%"",""mem"":""23.06MiB / 122.8GiB""},{""name"":""lab-prestashop"",""cpu"":""0.00%"",""mem"":""155.7MiB / 122.8GiB""},{""name"":""lab-woocommerce"",""cpu"":""0.01%"",""mem"":""224.4MiB / 122.8GiB""},{""name"":""lab-redis"",""cpu"":""0.44%"",""mem"":""77.6MiB / 122.8GiB""},{""name"":""lab-postgres"",""cpu"":""3.34%"",""mem"":""244.5MiB / 122.8GiB""},{""name"":""lab-mysql"",""cpu"":""0.96%"",""mem"":""717.2MiB / 122.8GiB""},{""name"":""lab-woocommerce-mysql"",""cpu"":""0.99%"",""mem"":""494.3MiB / 122.8GiB""}]"
2026-09-10T08:41:32Z,3,0,0,0,14,2666387123,"[{""name"":""lab-worker-1"",""cpu"":""0.46%"",""mem"":""96.48MiB / 122.8GiB""},{""name"":""lab-allegro-stub"",""cpu"":""4.11%"",""mem"":""19.61MiB / 122.8GiB""},{""name"":""lab-erli-stub"",""cpu"":""0.00%"",""mem"":""15.65MiB / 122.8GiB""},{""name"":""lab-eparagony-stub"",""cpu"":""3.74%"",""mem"":""19.39MiB / 122.8GiB""},{""name"":""lab-invoicing-stub"",""cpu"":""4.22%"",""mem"":""15.86MiB / 122.8GiB""},{""name"":""lab-shipping-stub"",""cpu"":""0.01%"",""mem"":""15.86MiB / 122.8GiB""},{""name"":""lab-api"",""cpu"":""0.00%"",""mem"":""148.7MiB / 122.8GiB""},{""name"":""lab-eparagony-stub-tls"",""cpu"":""0.00%"",""mem"":""23.64MiB / 122.8GiB""},{""name"":""lab-erli-stub-tls"",""cpu"":""0.00%"",""mem"":""22.95MiB / 122.8GiB""},{""name"":""lab-wc-tls"",""cpu"":""0.00%"",""mem"":""23.06MiB / 122.8GiB""},{""name"":""lab-prestashop"",""cpu"":""0.00%"",""mem"":""153.7MiB / 122.8GiB""},{""name"":""lab-woocommerce"",""cpu"":""0.01%"",""mem"":""222.4MiB / 122.8GiB""},{""name"":""lab-redis"",""cpu"":""0.28%"",""mem"":""77.6MiB / 122.8GiB""},{""name"":""lab-postgres"",""cpu"":""0.37%"",""mem"":""240MiB / 122.8GiB""},{""name"":""lab-mysql"",""cpu"":""0.94%"",""mem"":""717.2MiB / 122.8GiB""},{""name"":""lab-woocommerce-mysql"",""cpu"":""1.01%"",""mem"":""494.3MiB / 122.8GiB""}]"
2026-09-10T08:41:35Z,3,0,0,0,14,2666387123,"[{""name"":""lab-worker-1"",""cpu"":""0.50%"",""mem"":""96.75MiB / 122.8GiB""},{""name"":""lab-allegro-stub"",""cpu"":""0.01%"",""mem"":""19.35MiB / 122.8GiB""},{""name"":""lab-erli-stub"",""cpu"":""0.00%"",""mem"":""15.65MiB / 122.8GiB""},{""name"":""lab-eparagony-stub"",""cpu"":""0.00%"",""mem"":""19.37MiB / 122.8GiB""},{""name"":""lab-invoicing-stub"",""cpu"":""0.00%"",""mem"":""15.83MiB / 122.8GiB""},{""name"":""lab-shipping-stub"",""cpu"":""0.00%"",""mem"":""15.84MiB / 122.8GiB""},{""name"":""lab-api"",""cpu"":""0.01%"",""mem"":""148.7MiB / 122.8GiB""},{""name"":""lab-eparagony-stub-tls"",""cpu"":""0.00%"",""mem"":""23.64MiB / 122.8GiB""},{""name"":""lab-erli-stub-tls"",""cpu"":""0.00%"",""mem"":""22.95MiB / 122.8GiB""},{""name"":""lab-wc-tls"",""cpu"":""0.00%"",""mem"":""23.06MiB / 122.8GiB""},{""name"":""lab-prestashop"",""cpu"":""0.01%"",""mem"":""153.7MiB / 122.8GiB""},{""name"":""lab-woocommerce"",""cpu"":""0.01%"",""mem"":""222.4MiB / 122.8GiB""},{""name"":""lab-redis"",""cpu"":""4.43%"",""mem"":""77.62MiB / 122.8GiB""},{""name"":""lab-postgres"",""cpu"":""0.36%"",""mem"":""240.1MiB / 122.8GiB""},{""name"":""lab-mysql"",""cpu"":""0.96%"",""mem"":""717.2MiB / 122.8GiB""},{""name"":""lab-woocommerce-mysql"",""cpu"":""0.97%"",""mem"":""494.3MiB / 122.8GiB""}]"
2026-09-10T08:41:38Z,3,0,0,0,14,2666387123,"[{""name"":""lab-worker-1"",""cpu"":""0.40%"",""mem"":""96.76MiB / 122.8GiB""},{""name"":""lab-allegro-stub"",""cpu"":""0.00%"",""mem"":""19.35MiB / 122.8GiB""},{""name"":""lab-erli-stub"",""cpu"":""0.01%"",""mem"":""15.68MiB / 122.8GiB""},{""name"":""lab-eparagony-stub"",""cpu"":""0.01%"",""mem"":""19.4MiB / 122.8GiB""},{""name"":""lab-invoicing-stub"",""cpu"":""0.00%"",""mem"":""15.83MiB / 122.8GiB""},{""name"":""lab-shipping-stub"",""cpu"":""0.00%"",""mem"":""15.84MiB / 122.8GiB""},{""name"":""lab-api"",""cpu"":""0.00%"",""mem"":""148.7MiB / 122.8GiB""},{""name"":""lab-eparagony-stub-tls"",""cpu"":""0.00%"",""mem"":""23.64MiB / 122.8GiB""},{""name"":""lab-erli-stub-tls"",""cpu"":""0.00%"",""mem"":""22.95MiB / 122.8GiB""},{""name"":""lab-wc-tls"",""cpu"":""0.00%"",""mem"":""23.06MiB / 122.8GiB""},{""name"":""lab-prestashop"",""cpu"":""0.00%"",""mem"":""153.7MiB / 122.8GiB""},{""name"":""lab-woocommerce"",""cpu"":""0.01%"",""mem"":""222.4MiB / 122.8GiB""},{""name"":""lab-redis"",""cpu"":""0.28%"",""mem"":""77.6MiB / 122.8GiB""},{""name"":""lab-postgres"",""cpu"":""1.32%"",""mem"":""240MiB / 122.8GiB""},{""name"":""lab-mysql"",""cpu"":""1.00%"",""mem"":""717.2MiB / 122.8GiB""},{""name"":""lab-woocommerce-mysql"",""cpu"":""1.02%"",""mem"":""494.3MiB / 122.8GiB""}]"
2026-09-10T08:41:41Z,3,0,0,0,15,2666387123,"[{""name"":""lab-worker-1"",""cpu"":""0.39%"",""mem"":""96.57MiB / 122.8GiB""},{""name"":""lab-allegro-stub"",""cpu"":""0.00%"",""mem"":""19.35MiB / 122.8GiB""},{""name"":""lab-erli-stub"",""cpu"":""0.00%"",""mem"":""15.65MiB / 122.8GiB""},{""name"":""lab-eparagony-stub"",""cpu"":""0.00%"",""mem"":""19.37MiB / 122.8GiB""},{""name"":""lab-invoicing-stub"",""cpu"":""3.45%"",""mem"":""16.88MiB / 122.8GiB""},{""name"":""lab-shipping-stub"",""cpu"":""4.11%"",""mem"":""15.88MiB / 122.8GiB""},{""name"":""lab-api"",""cpu"":""0.00%"",""mem"":""148.7MiB / 122.8GiB""},{""name"":""lab-eparagony-stub-tls"",""cpu"":""0.00%"",""mem"":""23.64MiB / 122.8GiB""},{""name"":""lab-erli-stub-tls"",""cpu"":""0.00%"",""mem"":""22.95MiB / 122.8GiB""},{""name"":""lab-wc-tls"",""cpu"":""0.00%"",""mem"":""23.06MiB / 122.8GiB""},{""name"":""lab-prestashop"",""cpu"":""0.01%"",""mem"":""153.7MiB / 122.8GiB""},{""name"":""lab-woocommerce"",""cpu"":""0.01%"",""mem"":""222.4MiB / 122.8GiB""},{""name"":""lab-redis"",""cpu"":""0.27%"",""mem"":""77.6MiB / 122.8GiB""},{""name"":""lab-postgres"",""cpu"":""0.38%"",""mem"":""239.8MiB / 122.8GiB""},{""name"":""lab-mysql"",""cpu"":""1.03%"",""mem"":""717.2MiB / 122.8GiB""},{""name"":""lab-woocommerce-mysql"",""cpu"":""0.95%"",""mem"":""494.3MiB / 122.8GiB""}]"
2026-09-10T08:41:44Z,3,0,0,0,15,2666387123,"[{""name"":""lab-worker-1"",""cpu"":""0.48%"",""mem"":""96.59MiB / 122.8GiB""},{""name"":""lab-allegro-stub"",""cpu"":""0.00%"",""mem"":""19.35MiB / 122.8GiB""},{""name"":""lab-erli-stub"",""cpu"":""0.00%"",""mem"":""15.65MiB / 122.8GiB""},{""name"":""lab-eparagony-stub"",""cpu"":""0.00%"",""mem"":""19.37MiB / 122.8GiB""},{""name"":""lab-invoicing-stub"",""cpu"":""0.00%"",""mem"":""15.83MiB / 122.8GiB""},{""name"":""lab-shipping-stub"",""cpu"":""0.00%"",""mem"":""15.84MiB / 122.8GiB""},{""name"":""lab-api"",""cpu"":""0.00%"",""mem"":""148.7MiB / 122.8GiB""},{""name"":""lab-eparagony-stub-tls"",""cpu"":""0.00%"",""mem"":""23.64MiB / 122.8GiB""},{""name"":""lab-erli-stub-tls"",""cpu"":""0.00%"",""mem"":""22.95MiB / 122.8GiB""},{""name"":""lab-wc-tls"",""cpu"":""0.00%"",""mem"":""23.06MiB / 122.8GiB""},{""name"":""lab-prestashop"",""cpu"":""0.01%"",""mem"":""153.7MiB / 122.8GiB""},{""name"":""lab-woocommerce"",""cpu"":""0.01%"",""mem"":""222.4MiB / 122.8GiB""},{""name"":""lab-redis"",""cpu"":""0.32%"",""mem"":""77.6MiB / 122.8GiB""},{""name"":""lab-postgres"",""cpu"":""0.36%"",""mem"":""240MiB / 122.8GiB""},{""name"":""lab-mysql"",""cpu"":""0.98%"",""mem"":""717.2MiB / 122.8GiB""},{""name"":""lab-woocommerce-mysql"",""cpu"":""1.00%"",""mem"":""494.3MiB / 122.8GiB""}]"
2026-09-10T08:41:47Z,3,0,0,0,15,2666387123,"[{""name"":""lab-worker-1"",""cpu"":""0.35%"",""mem"":""96.61MiB / 122.8GiB""},{""name"":""lab-allegro-stub"",""cpu"":""4.21%"",""mem"":""19.4MiB / 122.8GiB""},{""name"":""lab-erli-stub"",""cpu"":""4.16%"",""mem"":""15.71MiB / 122.8GiB""},{""name"":""lab-eparagony-stub"",""cpu"":""4.17%"",""mem"":""19.4MiB / 122.8GiB""},{""name"":""lab-invoicing-stub"",""cpu"":""0.01%"",""mem"":""15.83MiB / 122.8GiB""},{""name"":""lab-shipping-stub"",""cpu"":""0.01%"",""mem"":""15.84MiB / 122.8GiB""},{""name"":""lab-api"",""cpu"":""0.00%"",""mem"":""148.7MiB / 122.8GiB""},{""name"":""lab-eparagony-stub-tls"",""cpu"":""0.00%"",""mem"":""23.64MiB / 122.8GiB""},{""name"":""lab-erli-stub-tls"",""cpu"":""0.00%"",""mem"":""22.95MiB / 122.8GiB""},{""name"":""lab-wc-tls"",""cpu"":""0.00%"",""mem"":""23.06MiB / 122.8GiB""},{""name"":""lab-prestashop"",""cpu"":""0.01%"",""mem"":""153.7MiB / 122.8GiB""},{""name"":""lab-woocommerce"",""cpu"":""0.01%"",""mem"":""222.4MiB / 122.8GiB""},{""name"":""lab-redis"",""cpu"":""0.27%"",""mem"":""77.6MiB / 122.8GiB""},{""name"":""lab-postgres"",""cpu"":""0.35%"",""mem"":""239.8MiB / 122.8GiB""},{""name"":""lab-mysql"",""cpu"":""0.86%"",""mem"":""717.2MiB / 122.8GiB""},{""name"":""lab-woocommerce-mysql"",""cpu"":""0.93%"",""mem"":""494.3MiB / 122.8GiB""}]"
2026-09-10T08:41:51Z,3,0,0,0,16,2666387123,"[{""name"":""lab-worker-1"",""cpu"":""0.48%"",""mem"":""96.64MiB / 122.8GiB""},{""name"":""lab-allegro-stub"",""cpu"":""0.00%"",""mem"":""19.35MiB / 122.8GiB""},{""name"":""lab-erli-stub"",""cpu"":""0.00%"",""mem"":""15.65MiB / 122.8GiB""},{""name"":""lab-eparagony-stub"",""cpu"":""0.00%"",""mem"":""19.37MiB / 122.8GiB""},{""name"":""lab-invoicing-stub"",""cpu"":""0.00%"",""mem"":""15.83MiB / 122.8GiB""},{""name"":""lab-shipping-stub"",""cpu"":""0.00%"",""mem"":""15.84MiB / 122.8GiB""},{""name"":""lab-api"",""cpu"":""0.00%"",""mem"":""148.7MiB / 122.8GiB""},{""name"":""lab-eparagony-stub-tls"",""cpu"":""0.00%"",""mem"":""23.64MiB / 122.8GiB""},{""name"":""lab-erli-stub-tls"",""cpu"":""0.00%"",""mem"":""22.95MiB / 122.8GiB""},{""name"":""lab-wc-tls"",""cpu"":""0.00%"",""mem"":""23.06MiB / 122.8GiB""},{""name"":""lab-prestashop"",""cpu"":""0.01%"",""mem"":""153.7MiB / 122.8GiB""},{""name"":""lab-woocommerce"",""cpu"":""0.01%"",""mem"":""222.4MiB / 122.8GiB""},{""name"":""lab-redis"",""cpu"":""0.26%"",""mem"":""77.6MiB / 122.8GiB""},{""name"":""lab-postgres"",""cpu"":""0.67%"",""mem"":""240.1MiB / 122.8GiB""},{""name"":""lab-mysql"",""cpu"":""5.55%"",""mem"":""717.3MiB / 122.8GiB""},{""name"":""lab-woocommerce-mysql"",""cpu"":""0.95%"",""mem"":""494.3MiB / 122.8GiB""}]"
2026-09-10T08:41:54Z,4,0,0,0,16,2666387123,"[{""name"":""lab-worker-1"",""cpu"":""0.43%"",""mem"":""96.9MiB / 122.8GiB""},{""name"":""lab-allegro-stub"",""cpu"":""0.00%"",""mem"":""19.35MiB / 122.8GiB""},{""name"":""lab-erli-stub"",""cpu"":""0.00%"",""mem"":""15.65MiB / 122.8GiB""},{""name"":""lab-eparagony-stub"",""cpu"":""0.00%"",""mem"":""19.37MiB / 122.8GiB""},{""name"":""lab-invoicing-stub"",""cpu"":""0.00%"",""mem"":""15.83MiB / 122.8GiB""},{""name"":""lab-shipping-stub"",""cpu"":""0.00%"",""mem"":""15.84MiB / 122.8GiB""},{""name"":""lab-api"",""cpu"":""0.00%"",""mem"":""148.7MiB / 122.8GiB""},{""name"":""lab-eparagony-stub-tls"",""cpu"":""0.00%"",""mem"":""23.64MiB / 122.8GiB""},{""name"":""lab-erli-stub-tls"",""cpu"":""0.00%"",""mem"":""22.95MiB / 122.8GiB""},{""name"":""lab-wc-tls"",""cpu"":""0.00%"",""mem"":""23.06MiB / 122.8GiB""},{""name"":""lab-prestashop"",""cpu"":""0.01%"",""mem"":""153.7MiB / 122.8GiB""},{""name"":""lab-woocommerce"",""cpu"":""0.00%"",""mem"":""222.4MiB / 122.8GiB""},{""name"":""lab-redis"",""cpu"":""0.28%"",""mem"":""77.6MiB / 122.8GiB""},{""name"":""lab-postgres"",""cpu"":""0.39%"",""mem"":""239.9MiB / 122.8GiB""},{""name"":""lab-mysql"",""cpu"":""1.00%"",""mem"":""717.2MiB / 122.8GiB""},{""name"":""lab-woocommerce-mysql"",""cpu"":""5.56%"",""mem"":""494.4MiB / 122.8GiB""}]"
2026-09-10T08:41:57Z,3,0,0,0,16,2666387123,"[{""name"":""lab-worker-1"",""cpu"":""0.42%"",""mem"":""96.9MiB / 122.8GiB""},{""name"":""lab-allegro-stub"",""cpu"":""4.10%"",""mem"":""19.39MiB / 122.8GiB""},{""name"":""lab-erli-stub"",""cpu"":""0.00%"",""mem"":""15.65MiB / 122.8GiB""},{""name"":""lab-eparagony-stub"",""cpu"":""0.00%"",""mem"":""19.37MiB / 122.8GiB""},{""name"":""lab-invoicing-stub"",""cpu"":""4.00%"",""mem"":""15.85MiB / 122.8GiB""},{""name"":""lab-shipping-stub"",""cpu"":""4.13%"",""mem"":""15.84MiB / 122.8GiB""},{""name"":""lab-api"",""cpu"":""0.00%"",""mem"":""148.7MiB / 122.8GiB""},{""name"":""lab-eparagony-stub-tls"",""cpu"":""0.00%"",""mem"":""23.64MiB / 122.8GiB""},{""name"":""lab-erli-stub-tls"",""cpu"":""0.00%"",""mem"":""22.95MiB / 122.8GiB""},{""name"":""lab-wc-tls"",""cpu"":""0.00%"",""mem"":""23.06MiB / 122.8GiB""},{""name"":""lab-prestashop"",""cpu"":""0.01%"",""mem"":""153.7MiB / 122.8GiB""},{""name"":""lab-woocommerce"",""cpu"":""0.01%"",""mem"":""222.4MiB / 122.8GiB""},{""name"":""lab-redis"",""cpu"":""0.27%"",""mem"":""77.6MiB / 122.8GiB""},{""name"":""lab-postgres"",""cpu"":""5.58%"",""mem"":""239.9MiB / 122.8GiB""},{""name"":""lab-mysql"",""cpu"":""0.86%"",""mem"":""717.2MiB / 122.8GiB""},{""name"":""lab-woocommerce-mysql"",""cpu"":""0.86%"",""mem"":""494.3MiB / 122.8GiB""}]"
2026-09-10T08:42:00Z,3,0,0,0,16,2666387123,"[{""name"":""lab-worker-1"",""cpu"":""0.93%"",""mem"":""96.71MiB / 122.8GiB""},{""name"":""lab-allegro-stub"",""cpu"":""0.08%"",""mem"":""19.35MiB / 122.8GiB""},{""name"":""lab-erli-stub"",""cpu"":""0.00%"",""mem"":""15.65MiB / 122.8GiB""},{""name"":""lab-eparagony-stub"",""cpu"":""0.00%"",""mem"":""19.37MiB / 122.8GiB""},{""name"":""lab-invoicing-stub"",""cpu"":""0.00%"",""mem"":""15.83MiB / 122.8GiB""},{""name"":""lab-shipping-stub"",""cpu"":""0.00%"",""mem"":""15.84MiB / 122.8GiB""},{""name"":""lab-api"",""cpu"":""0.01%"",""mem"":""148.8MiB / 122.8GiB""},{""name"":""lab-eparagony-stub-tls"",""cpu"":""0.00%"",""mem"":""23.64MiB / 122.8GiB""},{""name"":""lab-erli-stub-tls"",""cpu"":""0.00%"",""mem"":""22.95MiB / 122.8GiB""},{""name"":""lab-wc-tls"",""cpu"":""0.00%"",""mem"":""23.06MiB / 122.8GiB""},{""name"":""lab-prestashop"",""cpu"":""5.14%"",""mem"":""147.7MiB / 122.8GiB""},{""name"":""lab-woocommerce"",""cpu"":""13.97%"",""mem"":""224.4MiB / 122.8GiB""},{""name"":""lab-redis"",""cpu"":""0.31%"",""mem"":""77.85MiB / 122.8GiB""},{""name"":""lab-postgres"",""cpu"":""0.85%"",""mem"":""241.7MiB / 122.8GiB""},{""name"":""lab-mysql"",""cpu"":""1.41%"",""mem"":""717.2MiB / 122.8GiB""},{""name"":""lab-woocommerce-mysql"",""cpu"":""1.92%"",""mem"":""494.3MiB / 122.8GiB""}]"
2026-09-10T08:42:03Z,3,0,0,0,16,2666387123,"[{""name"":""lab-worker-1"",""cpu"":""1.33%"",""mem"":""97MiB / 122.8GiB""},{""name"":""lab-allegro-stub"",""cpu"":""0.02%"",""mem"":""19.37MiB / 122.8GiB""},{""name"":""lab-erli-stub"",""cpu"":""4.01%"",""mem"":""15.7MiB / 122.8GiB""},{""name"":""lab-eparagony-stub"",""cpu"":""4.10%"",""mem"":""19.39MiB / 122.8GiB""},{""name"":""lab-invoicing-stub"",""cpu"":""0.00%"",""mem"":""15.83MiB / 122.8GiB""},{""name"":""lab-shipping-stub"",""cpu"":""0.00%"",""mem"":""15.84MiB / 122.8GiB""},{""name"":""lab-api"",""cpu"":""0.00%"",""mem"":""148.8MiB / 122.8GiB""},{""name"":""lab-eparagony-stub-tls"",""cpu"":""0.00%"",""mem"":""23.64MiB / 122.8GiB""},{""name"":""lab-erli-stub-tls"",""cpu"":""0.00%"",""mem"":""22.95MiB / 122.8GiB""},{""name"":""lab-wc-tls"",""cpu"":""0.00%"",""mem"":""23.06MiB / 122.8GiB""},{""name"":""lab-prestashop"",""cpu"":""0.01%"",""mem"":""147.7MiB / 122.8GiB""},{""name"":""lab-woocommerce"",""cpu"":""0.01%"",""mem"":""224.4MiB / 122.8GiB""},{""name"":""lab-redis"",""cpu"":""0.32%"",""mem"":""77.6MiB / 122.8GiB""},{""name"":""lab-postgres"",""cpu"":""1.42%"",""mem"":""241.9MiB / 122.8GiB""},{""name"":""lab-mysql"",""cpu"":""0.92%"",""mem"":""717.2MiB / 122.8GiB""},{""name"":""lab-woocommerce-mysql"",""cpu"":""0.88%"",""mem"":""494.3MiB / 122.8GiB""}]"
2026-09-10T08:42:06Z,3,0,0,0,16,2666387123,"[{""name"":""lab-worker-1"",""cpu"":""0.50%"",""mem"":""96.75MiB / 122.8GiB""},{""name"":""lab-allegro-stub"",""cpu"":""0.00%"",""mem"":""19.35MiB / 122.8GiB""},{""name"":""lab-erli-stub"",""cpu"":""0.00%"",""mem"":""15.65MiB / 122.8GiB""},{""name"":""lab-eparagony-stub"",""cpu"":""0.00%"",""mem"":""19.37MiB / 122.8GiB""},{""name"":""lab-invoicing-stub"",""cpu"":""0.00%"",""mem"":""15.83MiB / 122.8GiB""},{""name"":""lab-shipping-stub"",""cpu"":""4.07%"",""mem"":""16.21MiB / 122.8GiB""},{""name"":""lab-api"",""cpu"":""0.00%"",""mem"":""148.8MiB / 122.8GiB""},{""name"":""lab-eparagony-stub-tls"",""cpu"":""0.00%"",""mem"":""23.64MiB / 122.8GiB""},{""name"":""lab-erli-stub-tls"",""cpu"":""0.00%"",""mem"":""22.95MiB / 122.8GiB""},{""name"":""lab-wc-tls"",""cpu"":""0.00%"",""mem"":""23.06MiB / 122.8GiB""},{""name"":""lab-prestashop"",""cpu"":""0.01%"",""mem"":""147.7MiB / 122.8GiB""},{""name"":""lab-woocommerce"",""cpu"":""0.01%"",""mem"":""224.4MiB / 122.8GiB""},{""name"":""lab-redis"",""cpu"":""0.31%"",""mem"":""77.6MiB / 122.8GiB""},{""name"":""lab-postgres"",""cpu"":""0.30%"",""mem"":""241.9MiB / 122.8GiB""},{""name"":""lab-mysql"",""cpu"":""1.04%"",""mem"":""717.2MiB / 122.8GiB""},{""name"":""lab-woocommerce-mysql"",""cpu"":""0.98%"",""mem"":""494.3MiB / 122.8GiB""}]"
2026-09-10T08:42:09Z,3,0,0,0,16,2666387123,"[{""name"":""lab-worker-1"",""cpu"":""5.20%"",""mem"":""96.79MiB / 122.8GiB""},{""name"":""lab-allegro-stub"",""cpu"":""0.12%"",""mem"":""19.35MiB / 122.8GiB""},{""name"":""lab-erli-stub"",""cpu"":""0.00%"",""mem"":""15.65MiB / 122.8GiB""},{""name"":""lab-eparagony-stub"",""cpu"":""0.00%"",""mem"":""19.37MiB / 122.8GiB""},{""name"":""lab-invoicing-stub"",""cpu"":""0.00%"",""mem"":""15.83MiB / 122.8GiB""},{""name"":""lab-shipping-stub"",""cpu"":""0.00%"",""mem"":""15.84MiB / 122.8GiB""},{""name"":""lab-api"",""cpu"":""0.80%"",""mem"":""148.8MiB / 122.8GiB""},{""name"":""lab-eparagony-stub-tls"",""cpu"":""0.00%"",""mem"":""23.64MiB / 122.8GiB""},{""name"":""lab-erli-stub-tls"",""cpu"":""0.00%"",""mem"":""22.95MiB / 122.8GiB""},{""name"":""lab-wc-tls"",""cpu"":""0.00%"",""mem"":""23.06MiB / 122.8GiB""},{""name"":""lab-prestashop"",""cpu"":""0.01%"",""mem"":""147.7MiB / 122.8GiB""},{""name"":""lab-woocommerce"",""cpu"":""0.01%"",""mem"":""224.4MiB / 122.8GiB""},{""name"":""lab-redis"",""cpu"":""0.48%"",""mem"":""77.6MiB / 122.8GiB""},{""name"":""lab-postgres"",""cpu"":""5.79%"",""mem"":""241.8MiB / 122.8GiB""},{""name"":""lab-mysql"",""cpu"":""0.98%"",""mem"":""717.2MiB / 122.8GiB""},{""name"":""lab-woocommerce-mysql"",""cpu"":""1.01%"",""mem"":""494.3MiB / 122.8GiB""}]"
2026-09-10T08:42:12Z,3,0,0,0,16,2666387123,"[{""name"":""lab-worker-1"",""cpu"":""0.42%"",""mem"":""96.78MiB / 122.8GiB""},{""name"":""lab-allegro-stub"",""cpu"":""4.38%"",""mem"":""19.36MiB / 122.8GiB""},{""name"":""lab-erli-stub"",""cpu"":""4.38%"",""mem"":""15.79MiB / 122.8GiB""},{""name"":""lab-eparagony-stub"",""cpu"":""3.80%"",""mem"":""19.39MiB / 122.8GiB""},{""name"":""lab-invoicing-stub"",""cpu"":""4.02%"",""mem"":""15.83MiB / 122.8GiB""},{""name"":""lab-shipping-stub"",""cpu"":""0.01%"",""mem"":""15.84MiB / 122.8GiB""},{""name"":""lab-api"",""cpu"":""0.00%"",""mem"":""148.8MiB / 122.8GiB""},{""name"":""lab-eparagony-stub-tls"",""cpu"":""0.00%"",""mem"":""23.64MiB / 122.8GiB""},{""name"":""lab-erli-stub-tls"",""cpu"":""0.00%"",""mem"":""22.95MiB / 122.8GiB""},{""name"":""lab-wc-tls"",""cpu"":""0.00%"",""mem"":""23.06MiB / 122.8GiB""},{""name"":""lab-prestashop"",""cpu"":""0.00%"",""mem"":""147.7MiB / 122.8GiB""},{""name"":""lab-woocommerce"",""cpu"":""0.01%"",""mem"":""224.4MiB / 122.8GiB""},{""name"":""lab-redis"",""cpu"":""0.28%"",""mem"":""77.6MiB / 122.8GiB""},{""name"":""lab-postgres"",""cpu"":""0.40%"",""mem"":""241.9MiB / 122.8GiB""},{""name"":""lab-mysql"",""cpu"":""0.85%"",""mem"":""717.2MiB / 122.8GiB""},{""name"":""lab-woocommerce-mysql"",""cpu"":""0.91%"",""mem"":""494.3MiB / 122.8GiB""}]"
2026-09-10T08:42:16Z,3,0,0,0,16,2666387123,"[{""name"":""lab-worker-1"",""cpu"":""0.43%"",""mem"":""97.04MiB / 122.8GiB""},{""name"":""lab-allegro-stub"",""cpu"":""0.01%"",""mem"":""19.35MiB / 122.8GiB""},{""name"":""lab-erli-stub"",""cpu"":""0.00%"",""mem"":""15.65MiB / 122.8GiB""},{""name"":""lab-eparagony-stub"",""cpu"":""0.00%"",""mem"":""19.37MiB / 122.8GiB""},{""name"":""lab-invoicing-stub"",""cpu"":""0.00%"",""mem"":""15.83MiB / 122.8GiB""},{""name"":""lab-shipping-stub"",""cpu"":""0.00%"",""mem"":""15.84MiB / 122.8GiB""},{""name"":""lab-api"",""cpu"":""0.01%"",""mem"":""148.8MiB / 122.8GiB""},{""name"":""lab-eparagony-stub-tls"",""cpu"":""0.00%"",""mem"":""23.64MiB / 122.8GiB""},{""name"":""lab-erli-stub-tls"",""cpu"":""0.00%"",""mem"":""22.95MiB / 122.8GiB""},{""name"":""lab-wc-tls"",""cpu"":""0.00%"",""mem"":""23.06MiB / 122.8GiB""},{""name"":""lab-prestashop"",""cpu"":""0.00%"",""mem"":""147.7MiB / 122.8GiB""},{""name"":""lab-woocommerce"",""cpu"":""0.01%"",""mem"":""224.4MiB / 122.8GiB""},{""name"":""lab-redis"",""cpu"":""4.36%"",""mem"":""77.87MiB / 122.8GiB""},{""name"":""lab-postgres"",""cpu"":""0.37%"",""mem"":""241.9MiB / 122.8GiB""},{""name"":""lab-mysql"",""cpu"":""0.98%"",""mem"":""717.2MiB / 122.8GiB""},{""name"":""lab-woocommerce-mysql"",""cpu"":""0.98%"",""mem"":""494.3MiB / 122.8GiB""}]"
2026-09-10T08:42:19Z,4,0,0,0,16,2666387123,"[{""name"":""lab-worker-1"",""cpu"":""1.14%"",""mem"":""96.79MiB / 122.8GiB""},{""name"":""lab-allegro-stub"",""cpu"":""0.00%"",""mem"":""19.35MiB / 122.8GiB""},{""name"":""lab-erli-stub"",""cpu"":""0.00%"",""mem"":""15.7MiB / 122.8GiB""},{""name"":""lab-eparagony-stub"",""cpu"":""0.00%"",""mem"":""19.38MiB / 122.8GiB""},{""name"":""lab-invoicing-stub"",""cpu"":""0.00%"",""mem"":""15.83MiB / 122.8GiB""},{""name"":""lab-shipping-stub"",""cpu"":""0.00%"",""mem"":""15.84MiB / 122.8GiB""},{""name"":""lab-api"",""cpu"":""0.77%"",""mem"":""148.8MiB / 122.8GiB""},{""name"":""lab-eparagony-stub-tls"",""cpu"":""0.00%"",""mem"":""23.64MiB / 122.8GiB""},{""name"":""lab-erli-stub-tls"",""cpu"":""0.00%"",""mem"":""22.95MiB / 122.8GiB""},{""name"":""lab-wc-tls"",""cpu"":""0.00%"",""mem"":""23.06MiB / 122.8GiB""},{""name"":""lab-prestashop"",""cpu"":""0.01%"",""mem"":""147.7MiB / 122.8GiB""},{""name"":""lab-woocommerce"",""cpu"":""0.01%"",""mem"":""224.4MiB / 122.8GiB""},{""name"":""lab-redis"",""cpu"":""0.36%"",""mem"":""77.61MiB / 122.8GiB""},{""name"":""lab-postgres"",""cpu"":""0.78%"",""mem"":""242MiB / 122.8GiB""},{""name"":""lab-mysql"",""cpu"":""1.01%"",""mem"":""717.2MiB / 122.8GiB""},{""name"":""lab-woocommerce-mysql"",""cpu"":""1.04%"",""mem"":""494.3MiB / 122.8GiB""}]"
2026-09-10T08:42:22Z,3,0,0,0,16,2666387123,"[{""name"":""lab-worker-1"",""cpu"":""0.35%"",""mem"":""96.82MiB / 122.8GiB""},{""name"":""lab-allegro-stub"",""cpu"":""0.00%"",""mem"":""19.35MiB / 122.8GiB""},{""name"":""lab-erli-stub"",""cpu"":""0.00%"",""mem"":""15.65MiB / 122.8GiB""},{""name"":""lab-eparagony-stub"",""cpu"":""0.00%"",""mem"":""19.37MiB / 122.8GiB""},{""name"":""lab-invoicing-stub"",""cpu"":""4.11%"",""mem"":""15.94MiB / 122.8GiB""},{""name"":""lab-shipping-stub"",""cpu"":""3.97%"",""mem"":""15.85MiB / 122.8GiB""},{""name"":""lab-api"",""cpu"":""0.00%"",""mem"":""148.8MiB / 122.8GiB""},{""name"":""lab-eparagony-stub-tls"",""cpu"":""0.00%"",""mem"":""23.64MiB / 122.8GiB""},{""name"":""lab-erli-stub-tls"",""cpu"":""0.00%"",""mem"":""22.95MiB / 122.8GiB""},{""name"":""lab-wc-tls"",""cpu"":""0.00%"",""mem"":""23.06MiB / 122.8GiB""},{""name"":""lab-prestashop"",""cpu"":""0.01%"",""mem"":""147.7MiB / 122.8GiB""},{""name"":""lab-woocommerce"",""cpu"":""0.01%"",""mem"":""224.4MiB / 122.8GiB""},{""name"":""lab-redis"",""cpu"":""0.29%"",""mem"":""77.85MiB / 122.8GiB""},{""name"":""lab-postgres"",""cpu"":""0.37%"",""mem"":""241.8MiB / 122.8GiB""},{""name"":""lab-mysql"",""cpu"":""0.96%"",""mem"":""717.2MiB / 122.8GiB""},{""name"":""lab-woocommerce-mysql"",""cpu"":""0.96%"",""mem"":""494.3MiB / 122.8GiB""}]"
2026-09-10T08:42:25Z,3,0,0,0,16,2666387123,"[{""name"":""lab-worker-1"",""cpu"":""0.54%"",""mem"":""96.84MiB / 122.8GiB""},{""name"":""lab-allegro-stub"",""cpu"":""0.00%"",""mem"":""19.35MiB / 122.8GiB""},{""name"":""lab-erli-stub"",""cpu"":""0.00%"",""mem"":""15.65MiB / 122.8GiB""},{""name"":""lab-eparagony-stub"",""cpu"":""0.00%"",""mem"":""19.37MiB / 122.8GiB""},{""name"":""lab-invoicing-stub"",""cpu"":""0.01%"",""mem"":""15.83MiB / 122.8GiB""},{""name"":""lab-shipping-stub"",""cpu"":""0.01%"",""mem"":""15.84MiB / 122.8GiB""},{""name"":""lab-api"",""cpu"":""0.01%"",""mem"":""148.8MiB / 122.8GiB""},{""name"":""lab-eparagony-stub-tls"",""cpu"":""0.00%"",""mem"":""23.64MiB / 122.8GiB""},{""name"":""lab-erli-stub-tls"",""cpu"":""0.00%"",""mem"":""22.95MiB / 122.8GiB""},{""name"":""lab-wc-tls"",""cpu"":""0.00%"",""mem"":""23.06MiB / 122.8GiB""},{""name"":""lab-prestashop"",""cpu"":""0.01%"",""mem"":""147.7MiB / 122.8GiB""},{""name"":""lab-woocommerce"",""cpu"":""0.00%"",""mem"":""224.4MiB / 122.8GiB""},{""name"":""lab-redis"",""cpu"":""4.63%"",""mem"":""77.88MiB / 122.8GiB""},{""name"":""lab-postgres"",""cpu"":""0.36%"",""mem"":""241.8MiB / 122.8GiB""},{""name"":""lab-mysql"",""cpu"":""0.91%"",""mem"":""717.2MiB / 122.8GiB""},{""name"":""lab-woocommerce-mysql"",""cpu"":""0.94%"",""mem"":""494.3MiB / 122.8GiB""}]"
2026-09-10T08:42:28Z,3,0,0,0,16,2666387123,"[{""name"":""lab-worker-1"",""cpu"":""0.52%"",""mem"":""96.84MiB / 122.8GiB""},{""name"":""lab-allegro-stub"",""cpu"":""0.01%"",""mem"":""19.36MiB / 122.8GiB""},{""name"":""lab-erli-stub"",""cpu"":""2.70%"",""mem"":""15.71MiB / 122.8GiB""},{""name"":""lab-eparagony-stub"",""cpu"":""3.93%"",""mem"":""19.41MiB / 122.8GiB""},{""name"":""lab-invoicing-stub"",""cpu"":""0.01%"",""mem"":""15.84MiB / 122.8GiB""},{""name"":""lab-shipping-stub"",""cpu"":""0.00%"",""mem"":""15.84MiB / 122.8GiB""},{""name"":""lab-api"",""cpu"":""0.00%"",""mem"":""148.8MiB / 122.8GiB""},{""name"":""lab-eparagony-stub-tls"",""cpu"":""0.00%"",""mem"":""23.64MiB / 122.8GiB""},{""name"":""lab-erli-stub-tls"",""cpu"":""0.00%"",""mem"":""22.95MiB / 122.8GiB""},{""name"":""lab-wc-tls"",""cpu"":""0.00%"",""mem"":""23.06MiB / 122.8GiB""},{""name"":""lab-prestashop"",""cpu"":""0.01%"",""mem"":""147.7MiB / 122.8GiB""},{""name"":""lab-woocommerce"",""cpu"":""0.01%"",""mem"":""224.4MiB / 122.8GiB""},{""name"":""lab-redis"",""cpu"":""0.27%"",""mem"":""77.85MiB / 122.8GiB""},{""name"":""lab-postgres"",""cpu"":""0.39%"",""mem"":""242MiB / 122.8GiB""},{""name"":""lab-mysql"",""cpu"":""0.93%"",""mem"":""717.2MiB / 122.8GiB""},{""name"":""lab-woocommerce-mysql"",""cpu"":""0.98%"",""mem"":""494.3MiB / 122.8GiB""}]"
2026-09-10T08:42:31Z,3,0,0,0,17,2666387123,"[{""name"":""lab-worker-1"",""cpu"":""0.36%"",""mem"":""96.86MiB / 122.8GiB""},{""name"":""lab-allegro-stub"",""cpu"":""0.00%"",""mem"":""19.35MiB / 122.8GiB""},{""name"":""lab-erli-stub"",""cpu"":""0.00%"",""mem"":""15.65MiB / 122.8GiB""},{""name"":""lab-eparagony-stub"",""cpu"":""0.00%"",""mem"":""19.37MiB / 122.8GiB""},{""name"":""lab-invoicing-stub"",""cpu"":""0.00%"",""mem"":""15.83MiB / 122.8GiB""},{""name"":""lab-shipping-stub"",""cpu"":""0.00%"",""mem"":""15.84MiB / 122.8GiB""},{""name"":""lab-api"",""cpu"":""0.00%"",""mem"":""148.8MiB / 122.8GiB""},{""name"":""lab-eparagony-stub-tls"",""cpu"":""0.00%"",""mem"":""23.64MiB / 122.8GiB""},{""name"":""lab-erli-stub-tls"",""cpu"":""0.00%"",""mem"":""22.95MiB / 122.8GiB""},{""name"":""lab-wc-tls"",""cpu"":""0.00%"",""mem"":""23.06MiB / 122.8GiB""},{""name"":""lab-prestashop"",""cpu"":""0.01%"",""mem"":""145.7MiB / 122.8GiB""},{""name"":""lab-woocommerce"",""cpu"":""0.00%"",""mem"":""222.4MiB / 122.8GiB""},{""name"":""lab-redis"",""cpu"":""0.26%"",""mem"":""77.85MiB / 122.8GiB""},{""name"":""lab-postgres"",""cpu"":""0.43%"",""mem"":""239.9MiB / 122.8GiB""},{""name"":""lab-mysql"",""cpu"":""5.39%"",""mem"":""717.3MiB / 122.8GiB""},{""name"":""lab-woocommerce-mysql"",""cpu"":""1.27%"",""mem"":""494.3MiB / 122.8GiB""}]"
2026-09-10T08:42:34Z,3,0,0,0,17,2666387123,"[{""name"":""lab-worker-1"",""cpu"":""0.52%"",""mem"":""96.9MiB / 122.8GiB""},{""name"":""lab-allegro-stub"",""cpu"":""0.00%"",""mem"":""19.35MiB / 122.8GiB""},{""name"":""lab-erli-stub"",""cpu"":""0.01%"",""mem"":""15.65MiB / 122.8GiB""},{""name"":""lab-eparagony-stub"",""cpu"":""0.00%"",""mem"":""19.37MiB / 122.8GiB""},{""name"":""lab-invoicing-stub"",""cpu"":""0.00%"",""mem"":""15.82MiB / 122.8GiB""},{""name"":""lab-shipping-stub"",""cpu"":""0.00%"",""mem"":""15.84MiB / 122.8GiB""},{""name"":""lab-api"",""cpu"":""0.00%"",""mem"":""148.8MiB / 122.8GiB""},{""name"":""lab-eparagony-stub-tls"",""cpu"":""0.00%"",""mem"":""23.64MiB / 122.8GiB""},{""name"":""lab-erli-stub-tls"",""cpu"":""0.00%"",""mem"":""22.95MiB / 122.8GiB""},{""name"":""lab-wc-tls"",""cpu"":""0.00%"",""mem"":""23.06MiB / 122.8GiB""},{""name"":""lab-prestashop"",""cpu"":""0.00%"",""mem"":""145.7MiB / 122.8GiB""},{""name"":""lab-woocommerce"",""cpu"":""0.01%"",""mem"":""222.4MiB / 122.8GiB""},{""name"":""lab-redis"",""cpu"":""0.30%"",""mem"":""77.6MiB / 122.8GiB""},{""name"":""lab-postgres"",""cpu"":""0.36%"",""mem"":""240.1MiB / 122.8GiB""},{""name"":""lab-mysql"",""cpu"":""0.95%"",""mem"":""717.2MiB / 122.8GiB""},{""name"":""lab-woocommerce-mysql"",""cpu"":""5.25%"",""mem"":""494.3MiB / 122.8GiB""}]"
2026-09-10T08:42:37Z,3,0,0,0,17,2666387123,"[{""name"":""lab-worker-1"",""cpu"":""0.43%"",""mem"":""96.9MiB / 122.8GiB""},{""name"":""lab-allegro-stub"",""cpu"":""4.09%"",""mem"":""19.39MiB / 122.8GiB""},{""name"":""lab-erli-stub"",""cpu"":""0.00%"",""mem"":""15.65MiB / 122.8GiB""},{""name"":""lab-eparagony-stub"",""cpu"":""0.73%"",""mem"":""24.36MiB / 122.8GiB""},{""name"":""lab-invoicing-stub"",""cpu"":""4.11%"",""mem"":""15.84MiB / 122.8GiB""},{""name"":""lab-shipping-stub"",""cpu"":""4.25%"",""mem"":""15.85MiB / 122.8GiB""},{""name"":""lab-api"",""cpu"":""0.00%"",""mem"":""148.8MiB / 122.8GiB""},{""name"":""lab-eparagony-stub-tls"",""cpu"":""0.00%"",""mem"":""23.64MiB / 122.8GiB""},{""name"":""lab-erli-stub-tls"",""cpu"":""0.00%"",""mem"":""22.95MiB / 122.8GiB""},{""name"":""lab-wc-tls"",""cpu"":""0.00%"",""mem"":""23.06MiB / 122.8GiB""},{""name"":""lab-prestashop"",""cpu"":""0.01%"",""mem"":""145.7MiB / 122.8GiB""},{""name"":""lab-woocommerce"",""cpu"":""0.01%"",""mem"":""222.4MiB / 122.8GiB""},{""name"":""lab-redis"",""cpu"":""0.28%"",""mem"":""77.85MiB / 122.8GiB""},{""name"":""lab-postgres"",""cpu"":""6.58%"",""mem"":""240.1MiB / 122.8GiB""},{""name"":""lab-mysql"",""cpu"":""0.89%"",""mem"":""717.2MiB / 122.8GiB""},{""name"":""lab-woocommerce-mysql"",""cpu"":""0.89%"",""mem"":""494.3MiB / 122.8GiB""}]"
2026-09-10T08:42:41Z,3,0,0,0,17,2666387123,"[{""name"":""lab-worker-1"",""cpu"":""0.46%"",""mem"":""96.92MiB / 122.8GiB""},{""name"":""lab-allegro-stub"",""cpu"":""0.01%"",""mem"":""19.35MiB / 122.8GiB""},{""name"":""lab-erli-stub"",""cpu"":""0.00%"",""mem"":""15.65MiB / 122.8GiB""},{""name"":""lab-eparagony-stub"",""cpu"":""0.00%"",""mem"":""19.37MiB / 122.8GiB""},{""name"":""lab-invoicing-stub"",""cpu"":""0.00%"",""mem"":""15.82MiB / 122.8GiB""},{""name"":""lab-shipping-stub"",""cpu"":""0.00%"",""mem"":""15.85MiB / 122.8GiB""},{""name"":""lab-api"",""cpu"":""0.01%"",""mem"":""148.8MiB / 122.8GiB""},{""name"":""lab-eparagony-stub-tls"",""cpu"":""0.00%"",""mem"":""23.64MiB / 122.8GiB""},{""name"":""lab-erli-stub-tls"",""cpu"":""0.00%"",""mem"":""22.95MiB / 122.8GiB""},{""name"":""lab-wc-tls"",""cpu"":""0.00%"",""mem"":""23.06MiB / 122.8GiB""},{""name"":""lab-prestashop"",""cpu"":""0.01%"",""mem"":""145.7MiB / 122.8GiB""},{""name"":""lab-woocommerce"",""cpu"":""0.00%"",""mem"":""222.4MiB / 122.8GiB""},{""name"":""lab-redis"",""cpu"":""0.28%"",""mem"":""77.6MiB / 122.8GiB""},{""name"":""lab-postgres"",""cpu"":""0.87%"",""mem"":""240.1MiB / 122.8GiB""},{""name"":""lab-mysql"",""cpu"":""5.76%"",""mem"":""717.3MiB / 122.8GiB""},{""name"":""lab-woocommerce-mysql"",""cpu"":""0.99%"",""mem"":""494.3MiB / 122.8GiB""}]"
2026-09-10T08:42:44Z,4,0,0,0,17,2666387123,"[{""name"":""lab-worker-1"",""cpu"":""0.43%"",""mem"":""96.95MiB / 122.8GiB""},{""name"":""lab-allegro-stub"",""cpu"":""0.00%"",""mem"":""19.35MiB / 122.8GiB""},{""name"":""lab-erli-stub"",""cpu"":""4.36%"",""mem"":""15.67MiB / 122.8GiB""},{""name"":""lab-eparagony-stub"",""cpu"":""0.00%"",""mem"":""19.38MiB / 122.8GiB""},{""name"":""lab-invoicing-stub"",""cpu"":""0.00%"",""mem"":""15.82MiB / 122.8GiB""},{""name"":""lab-shipping-stub"",""cpu"":""0.00%"",""mem"":""15.84MiB / 122.8GiB""},{""name"":""lab-api"",""cpu"":""0.00%"",""mem"":""148.8MiB / 122.8GiB""},{""name"":""lab-eparagony-stub-tls"",""cpu"":""0.00%"",""mem"":""23.64MiB / 122.8GiB""},{""name"":""lab-erli-stub-tls"",""cpu"":""0.00%"",""mem"":""22.95MiB / 122.8GiB""},{""name"":""lab-wc-tls"",""cpu"":""0.00%"",""mem"":""23.06MiB / 122.8GiB""},{""name"":""lab-prestashop"",""cpu"":""0.01%"",""mem"":""145.7MiB / 122.8GiB""},{""name"":""lab-woocommerce"",""cpu"":""0.01%"",""mem"":""222.4MiB / 122.8GiB""},{""name"":""lab-redis"",""cpu"":""0.28%"",""mem"":""77.6MiB / 122.8GiB""},{""name"":""lab-postgres"",""cpu"":""0.37%"",""mem"":""240.1MiB / 122.8GiB""},{""name"":""lab-mysql"",""cpu"":""0.93%"",""mem"":""717.2MiB / 122.8GiB""},{""name"":""lab-woocommerce-mysql"",""cpu"":""6.01%"",""mem"":""494.4MiB / 122.8GiB""}]"
2026-09-10T08:42:47Z,3,0,0,0,18,2666387123,"[{""name"":""lab-worker-1"",""cpu"":""0.21%"",""mem"":""96.99MiB / 122.8GiB""},{""name"":""lab-allegro-stub"",""cpu"":""0.00%"",""mem"":""19.35MiB / 122.8GiB""},{""name"":""lab-erli-stub"",""cpu"":""0.00%"",""mem"":""15.65MiB / 122.8GiB""},{""name"":""lab-eparagony-stub"",""cpu"":""0.00%"",""mem"":""19.37MiB / 122.8GiB""},{""name"":""lab-invoicing-stub"",""cpu"":""0.00%"",""mem"":""15.82MiB / 122.8GiB""},{""name"":""lab-shipping-stub"",""cpu"":""4.09%"",""mem"":""15.87MiB / 122.8GiB""},{""name"":""lab-api"",""cpu"":""0.01%"",""mem"":""148.8MiB / 122.8GiB""},{""name"":""lab-eparagony-stub-tls"",""cpu"":""0.00%"",""mem"":""23.64MiB / 122.8GiB""},{""name"":""lab-erli-stub-tls"",""cpu"":""0.00%"",""mem"":""22.95MiB / 122.8GiB""},{""name"":""lab-wc-tls"",""cpu"":""0.00%"",""mem"":""23.06MiB / 122.8GiB""},{""name"":""lab-prestashop"",""cpu"":""0.01%"",""mem"":""145.7MiB / 122.8GiB""},{""name"":""lab-woocommerce"",""cpu"":""0.01%"",""mem"":""222.4MiB / 122.8GiB""},{""name"":""lab-redis"",""cpu"":""0.29%"",""mem"":""77.6MiB / 122.8GiB""},{""name"":""lab-postgres"",""cpu"":""6.51%"",""mem"":""240.2MiB / 122.8GiB""},{""name"":""lab-mysql"",""cpu"":""0.95%"",""mem"":""717.2MiB / 122.8GiB""},{""name"":""lab-woocommerce-mysql"",""cpu"":""0.94%"",""mem"":""494.3MiB / 122.8GiB""}]"
2026-09-10T08:42:50Z,3,0,0,0,18,2666387123,"[{""name"":""lab-worker-1"",""cpu"":""2.58%"",""mem"":""97.01MiB / 122.8GiB""},{""name"":""lab-allegro-stub"",""cpu"":""0.19%"",""mem"":""19.35MiB / 122.8GiB""},{""name"":""lab-erli-stub"",""cpu"":""0.00%"",""mem"":""15.65MiB / 122.8GiB""},{""name"":""lab-eparagony-stub"",""cpu"":""0.00%"",""mem"":""19.37MiB / 122.8GiB""},{""name"":""lab-invoicing-stub"",""cpu"":""0.00%"",""mem"":""15.83MiB / 122.8GiB""},{""name"":""lab-shipping-stub"",""cpu"":""0.00%"",""mem"":""15.84MiB / 122.8GiB""},{""name"":""lab-api"",""cpu"":""0.01%"",""mem"":""148.8MiB / 122.8GiB""},{""name"":""lab-eparagony-stub-tls"",""cpu"":""0.00%"",""mem"":""23.64MiB / 122.8GiB""},{""name"":""lab-erli-stub-tls"",""cpu"":""0.00%"",""mem"":""22.95MiB / 122.8GiB""},{""name"":""lab-wc-tls"",""cpu"":""0.00%"",""mem"":""23.06MiB / 122.8GiB""},{""name"":""lab-prestashop"",""cpu"":""0.01%"",""mem"":""145.7MiB / 122.8GiB""},{""name"":""lab-woocommerce"",""cpu"":""0.01%"",""mem"":""222.4MiB / 122.8GiB""},{""name"":""lab-redis"",""cpu"":""0.38%"",""mem"":""77.6MiB / 122.8GiB""},{""name"":""lab-postgres"",""cpu"":""3.59%"",""mem"":""240.1MiB / 122.8GiB""},{""name"":""lab-mysql"",""cpu"":""0.89%"",""mem"":""717.2MiB / 122.8GiB""},{""name"":""lab-woocommerce-mysql"",""cpu"":""0.89%"",""mem"":""494.3MiB / 122.8GiB""}]"
2026-09-10T08:42:53Z,3,0,0,0,19,2666387123,"[{""name"":""lab-worker-1"",""cpu"":""0.71%"",""mem"":""97.03MiB / 122.8GiB""},{""name"":""lab-allegro-stub"",""cpu"":""4.21%"",""mem"":""19.35MiB / 122.8GiB""},{""name"":""lab-erli-stub"",""cpu"":""4.10%"",""mem"":""15.69MiB / 122.8GiB""},{""name"":""lab-eparagony-stub"",""cpu"":""4.16%"",""mem"":""19.42MiB / 122.8GiB""},{""name"":""lab-invoicing-stub"",""cpu"":""0.84%"",""mem"":""15.83MiB / 122.8GiB""},{""name"":""lab-shipping-stub"",""cpu"":""0.01%"",""mem"":""15.84MiB / 122.8GiB""},{""name"":""lab-api"",""cpu"":""0.00%"",""mem"":""148.8MiB / 122.8GiB""},{""name"":""lab-eparagony-stub-tls"",""cpu"":""0.00%"",""mem"":""23.64MiB / 122.8GiB""},{""name"":""lab-erli-stub-tls"",""cpu"":""0.00%"",""mem"":""22.95MiB / 122.8GiB""},{""name"":""lab-wc-tls"",""cpu"":""0.00%"",""mem"":""23.06MiB / 122.8GiB""},{""name"":""lab-prestashop"",""cpu"":""0.00%"",""mem"":""145.7MiB / 122.8GiB""},{""name"":""lab-woocommerce"",""cpu"":""0.00%"",""mem"":""222.4MiB / 122.8GiB""},{""name"":""lab-redis"",""cpu"":""0.33%"",""mem"":""77.6MiB / 122.8GiB""},{""name"":""lab-postgres"",""cpu"":""1.00%"",""mem"":""240.4MiB / 122.8GiB""},{""name"":""lab-mysql"",""cpu"":""0.82%"",""mem"":""717.2MiB / 122.8GiB""},{""name"":""lab-woocommerce-mysql"",""cpu"":""0.80%"",""mem"":""494.3MiB / 122.8GiB""}]"
2026-09-10T08:42:56Z,3,0,0,0,19,2666387123,"[{""name"":""lab-worker-1"",""cpu"":""0.38%"",""mem"":""97.05MiB / 122.8GiB""},{""name"":""lab-allegro-stub"",""cpu"":""0.02%"",""mem"":""19.34MiB / 122.8GiB""},{""name"":""lab-erli-stub"",""cpu"":""0.01%"",""mem"":""15.65MiB / 122.8GiB""},{""name"":""lab-eparagony-stub"",""cpu"":""0.01%"",""mem"":""19.37MiB / 122.8GiB""},{""name"":""lab-invoicing-stub"",""cpu"":""0.00%"",""mem"":""15.83MiB / 122.8GiB""},{""name"":""lab-shipping-stub"",""cpu"":""0.00%"",""mem"":""15.84MiB / 122.8GiB""},{""name"":""lab-api"",""cpu"":""0.00%"",""mem"":""148.8MiB / 122.8GiB""},{""name"":""lab-eparagony-stub-tls"",""cpu"":""0.00%"",""mem"":""23.64MiB / 122.8GiB""},{""name"":""lab-erli-stub-tls"",""cpu"":""0.00%"",""mem"":""22.95MiB / 122.8GiB""},{""name"":""lab-wc-tls"",""cpu"":""0.00%"",""mem"":""23.06MiB / 122.8GiB""},{""name"":""lab-prestashop"",""cpu"":""0.01%"",""mem"":""145.7MiB / 122.8GiB""},{""name"":""lab-woocommerce"",""cpu"":""0.01%"",""mem"":""222.4MiB / 122.8GiB""},{""name"":""lab-redis"",""cpu"":""0.27%"",""mem"":""77.62MiB / 122.8GiB""},{""name"":""lab-postgres"",""cpu"":""0.37%"",""mem"":""240.3MiB / 122.8GiB""},{""name"":""lab-mysql"",""cpu"":""1.00%"",""mem"":""717.2MiB / 122.8GiB""},{""name"":""lab-woocommerce-mysql"",""cpu"":""0.99%"",""mem"":""494.3MiB / 122.8GiB""}]"
2026-09-10T08:42:59Z,3,0,0,0,19,2666387123,"[{""name"":""lab-worker-1"",""cpu"":""1.74%"",""mem"":""97.06MiB / 122.8GiB""},{""name"":""lab-allegro-stub"",""cpu"":""0.00%"",""mem"":""19.35MiB / 122.8GiB""},{""name"":""lab-erli-stub"",""cpu"":""0.01%"",""mem"":""15.66MiB / 122.8GiB""},{""name"":""lab-eparagony-stub"",""cpu"":""0.01%"",""mem"":""19.37MiB / 122.8GiB""},{""name"":""lab-invoicing-stub"",""cpu"":""0.00%"",""mem"":""15.84MiB / 122.8GiB""},{""name"":""lab-shipping-stub"",""cpu"":""0.00%"",""mem"":""15.84MiB / 122.8GiB""},{""name"":""lab-api"",""cpu"":""0.89%"",""mem"":""148.9MiB / 122.8GiB""},{""name"":""lab-eparagony-stub-tls"",""cpu"":""0.00%"",""mem"":""23.64MiB / 122.8GiB""},{""name"":""lab-erli-stub-tls"",""cpu"":""0.00%"",""mem"":""22.95MiB / 122.8GiB""},{""name"":""lab-wc-tls"",""cpu"":""0.00%"",""mem"":""23.06MiB / 122.8GiB""},{""name"":""lab-prestashop"",""cpu"":""0.01%"",""mem"":""145.7MiB / 122.8GiB""},{""name"":""lab-woocommerce"",""cpu"":""0.01%"",""mem"":""222.4MiB / 122.8GiB""},{""name"":""lab-redis"",""cpu"":""0.45%"",""mem"":""77.61MiB / 122.8GiB""},{""name"":""lab-postgres"",""cpu"":""1.47%"",""mem"":""238MiB / 122.8GiB""},{""name"":""lab-mysql"",""cpu"":""0.93%"",""mem"":""717.2MiB / 122.8GiB""},{""name"":""lab-woocommerce-mysql"",""cpu"":""1.01%"",""mem"":""494.3MiB / 122.8GiB""}]"
2026-09-10T08:43:02Z,3,0,0,0,17,2666387123,"[{""name"":""lab-worker-1"",""cpu"":""0.87%"",""mem"":""97.2MiB / 122.8GiB""},{""name"":""lab-allegro-stub"",""cpu"":""3.91%"",""mem"":""19.4MiB / 122.8GiB""},{""name"":""lab-erli-stub"",""cpu"":""0.00%"",""mem"":""15.65MiB / 122.8GiB""},{""name"":""lab-eparagony-stub"",""cpu"":""0.00%"",""mem"":""19.37MiB / 122.8GiB""},{""name"":""lab-invoicing-stub"",""cpu"":""4.24%"",""mem"":""15.86MiB / 122.8GiB""},{""name"":""lab-shipping-stub"",""cpu"":""4.06%"",""mem"":""15.85MiB / 122.8GiB""},{""name"":""lab-api"",""cpu"":""0.00%"",""mem"":""148.9MiB / 122.8GiB""},{""name"":""lab-eparagony-stub-tls"",""cpu"":""0.00%"",""mem"":""23.64MiB / 122.8GiB""},{""name"":""lab-erli-stub-tls"",""cpu"":""0.00%"",""mem"":""22.95MiB / 122.8GiB""},{""name"":""lab-wc-tls"",""cpu"":""0.00%"",""mem"":""23.06MiB / 122.8GiB""},{""name"":""lab-prestashop"",""cpu"":""0.01%"",""mem"":""139.7MiB / 122.8GiB""},{""name"":""lab-woocommerce"",""cpu"":""0.00%"",""mem"":""222.4MiB / 122.8GiB""},{""name"":""lab-redis"",""cpu"":""0.28%"",""mem"":""77.61MiB / 122.8GiB""},{""name"":""lab-postgres"",""cpu"":""0.37%"",""mem"":""246MiB / 122.8GiB""},{""name"":""lab-mysql"",""cpu"":""0.85%"",""mem"":""717.2MiB / 122.8GiB""},{""name"":""lab-woocommerce-mysql"",""cpu"":""0.87%"",""mem"":""494.3MiB / 122.8GiB""}]"
2026-09-10T08:43:05Z,3,0,0,0,17,2666387123,"[{""name"":""lab-worker-1"",""cpu"":""0.54%"",""mem"":""97.22MiB / 122.8GiB""},{""name"":""lab-allegro-stub"",""cpu"":""0.00%"",""mem"":""19.34MiB / 122.8GiB""},{""name"":""lab-erli-stub"",""cpu"":""0.00%"",""mem"":""15.65MiB / 122.8GiB""},{""name"":""lab-eparagony-stub"",""cpu"":""0.00%"",""mem"":""19.37MiB / 122.8GiB""},{""name"":""lab-invoicing-stub"",""cpu"":""0.00%"",""mem"":""15.83MiB / 122.8GiB""},{""name"":""lab-shipping-stub"",""cpu"":""0.00%"",""mem"":""15.84MiB / 122.8GiB""},{""name"":""lab-api"",""cpu"":""0.01%"",""mem"":""148.9MiB / 122.8GiB""},{""name"":""lab-eparagony-stub-tls"",""cpu"":""0.00%"",""mem"":""23.64MiB / 122.8GiB""},{""name"":""lab-erli-stub-tls"",""cpu"":""0.00%"",""mem"":""22.95MiB / 122.8GiB""},{""name"":""lab-wc-tls"",""cpu"":""0.00%"",""mem"":""23.06MiB / 122.8GiB""},{""name"":""lab-prestashop"",""cpu"":""0.00%"",""mem"":""139.7MiB / 122.8GiB""},{""name"":""lab-woocommerce"",""cpu"":""0.00%"",""mem"":""222.4MiB / 122.8GiB""},{""name"":""lab-redis"",""cpu"":""3.76%"",""mem"":""77.96MiB / 122.8GiB""},{""name"":""lab-postgres"",""cpu"":""0.40%"",""mem"":""245.7MiB / 122.8GiB""},{""name"":""lab-mysql"",""cpu"":""0.98%"",""mem"":""717.2MiB / 122.8GiB""},{""name"":""lab-woocommerce-mysql"",""cpu"":""0.94%"",""mem"":""494.3MiB / 122.8GiB""}]"
2026-09-10T08:43:09Z,3,0,0,0,17,2666387123,"[{""name"":""lab-worker-1"",""cpu"":""0.38%"",""mem"":""97.22MiB / 122.8GiB""},{""name"":""lab-allegro-stub"",""cpu"":""0.00%"",""mem"":""19.35MiB / 122.8GiB""},{""name"":""lab-erli-stub"",""cpu"":""3.91%"",""mem"":""15.7MiB / 122.8GiB""},{""name"":""lab-eparagony-stub"",""cpu"":""4.22%"",""mem"":""19.65MiB / 122.8GiB""},{""name"":""lab-invoicing-stub"",""cpu"":""0.00%"",""mem"":""15.84MiB / 122.8GiB""},{""name"":""lab-shipping-stub"",""cpu"":""0.00%"",""mem"":""15.84MiB / 122.8GiB""},{""name"":""lab-api"",""cpu"":""0.00%"",""mem"":""148.9MiB / 122.8GiB""},{""name"":""lab-eparagony-stub-tls"",""cpu"":""0.00%"",""mem"":""23.64MiB / 122.8GiB""},{""name"":""lab-erli-stub-tls"",""cpu"":""0.00%"",""mem"":""22.95MiB / 122.8GiB""},{""name"":""lab-wc-tls"",""cpu"":""0.00%"",""mem"":""23.06MiB / 122.8GiB""},{""name"":""lab-prestashop"",""cpu"":""0.01%"",""mem"":""139.7MiB / 122.8GiB""},{""name"":""lab-woocommerce"",""cpu"":""0.00%"",""mem"":""222.4MiB / 122.8GiB""},{""name"":""lab-redis"",""cpu"":""0.28%"",""mem"":""77.61MiB / 122.8GiB""},{""name"":""lab-postgres"",""cpu"":""0.38%"",""mem"":""245.7MiB / 122.8GiB""},{""name"":""lab-mysql"",""cpu"":""0.92%"",""mem"":""717.2MiB / 122.8GiB""},{""name"":""lab-woocommerce-mysql"",""cpu"":""0.85%"",""mem"":""494.3MiB / 122.8GiB""}]"
2026-09-10T08:43:12Z,4,0,0,0,15,2666387123,"[{""name"":""lab-worker-1"",""cpu"":""0.36%"",""mem"":""97.55MiB / 122.8GiB""},{""name"":""lab-allegro-stub"",""cpu"":""0.00%"",""mem"":""19.35MiB / 122.8GiB""},{""name"":""lab-erli-stub"",""cpu"":""0.00%"",""mem"":""15.65MiB / 122.8GiB""},{""name"":""lab-eparagony-stub"",""cpu"":""0.00%"",""mem"":""19.37MiB / 122.8GiB""},{""name"":""lab-invoicing-stub"",""cpu"":""0.00%"",""mem"":""15.83MiB / 122.8GiB""},{""name"":""lab-shipping-stub"",""cpu"":""0.00%"",""mem"":""15.84MiB / 122.8GiB""},{""name"":""lab-api"",""cpu"":""0.00%"",""mem"":""148.9MiB / 122.8GiB""},{""name"":""lab-eparagony-stub-tls"",""cpu"":""0.00%"",""mem"":""23.64MiB / 122.8GiB""},{""name"":""lab-erli-stub-tls"",""cpu"":""0.00%"",""mem"":""22.95MiB / 122.8GiB""},{""name"":""lab-wc-tls"",""cpu"":""0.00%"",""mem"":""23.06MiB / 122.8GiB""},{""name"":""lab-prestashop"",""cpu"":""0.01%"",""mem"":""139.7MiB / 122.8GiB""},{""name"":""lab-woocommerce"",""cpu"":""0.01%"",""mem"":""222.4MiB / 122.8GiB""},{""name"":""lab-redis"",""cpu"":""0.29%"",""mem"":""77.61MiB / 122.8GiB""},{""name"":""lab-postgres"",""cpu"":""0.39%"",""mem"":""245.6MiB / 122.8GiB""},{""name"":""lab-mysql"",""cpu"":""1.03%"",""mem"":""717.2MiB / 122.8GiB""},{""name"":""lab-woocommerce-mysql"",""cpu"":""1.02%"",""mem"":""494.3MiB / 122.8GiB""}]"
2026-09-10T08:43:15Z,3,0,0,0,15,2666387123,"[{""name"":""lab-worker-1"",""cpu"":""0.63%"",""mem"":""97.34MiB / 122.8GiB""},{""name"":""lab-allegro-stub"",""cpu"":""0.00%"",""mem"":""19.34MiB / 122.8GiB""},{""name"":""lab-erli-stub"",""cpu"":""0.00%"",""mem"":""15.68MiB / 122.8GiB""},{""name"":""lab-eparagony-stub"",""cpu"":""0.00%"",""mem"":""19.37MiB / 122.8GiB""},{""name"":""lab-invoicing-stub"",""cpu"":""0.00%"",""mem"":""15.83MiB / 122.8GiB""},{""name"":""lab-shipping-stub"",""cpu"":""0.00%"",""mem"":""15.84MiB / 122.8GiB""},{""name"":""lab-api"",""cpu"":""0.00%"",""mem"":""148.9MiB / 122.8GiB""},{""name"":""lab-eparagony-stub-tls"",""cpu"":""0.00%"",""mem"":""23.64MiB / 122.8GiB""},{""name"":""lab-erli-stub-tls"",""cpu"":""0.00%"",""mem"":""22.95MiB / 122.8GiB""},{""name"":""lab-wc-tls"",""cpu"":""0.00%"",""mem"":""23.06MiB / 122.8GiB""},{""name"":""lab-prestashop"",""cpu"":""0.00%"",""mem"":""139.7MiB / 122.8GiB""},{""name"":""lab-woocommerce"",""cpu"":""0.00%"",""mem"":""222.4MiB / 122.8GiB""},{""name"":""lab-redis"",""cpu"":""0.28%"",""mem"":""77.61MiB / 122.8GiB""},{""name"":""lab-postgres"",""cpu"":""0.35%"",""mem"":""245.6MiB / 122.8GiB""},{""name"":""lab-mysql"",""cpu"":""0.86%"",""mem"":""717.2MiB / 122.8GiB""},{""name"":""lab-woocommerce-mysql"",""cpu"":""0.92%"",""mem"":""494.3MiB / 122.8GiB""}]"
2026-09-10T08:43:18Z,3,0,0,0,15,2666387123,"[{""name"":""lab-worker-1"",""cpu"":""0.28%"",""mem"":""97.34MiB / 122.8GiB""},{""name"":""lab-allegro-stub"",""cpu"":""3.83%"",""mem"":""19.36MiB / 122.8GiB""},{""name"":""lab-erli-stub"",""cpu"":""0.00%"",""mem"":""15.68MiB / 122.8GiB""},{""name"":""lab-eparagony-stub"",""cpu"":""4.24%"",""mem"":""19.73MiB / 122.8GiB""},{""name"":""lab-invoicing-stub"",""cpu"":""4.09%"",""mem"":""15.87MiB / 122.8GiB""},{""name"":""lab-shipping-stub"",""cpu"":""3.68%"",""mem"":""15.84MiB / 122.8GiB""},{""name"":""lab-api"",""cpu"":""0.00%"",""mem"":""148.9MiB / 122.8GiB""},{""name"":""lab-eparagony-stub-tls"",""cpu"":""0.00%"",""mem"":""23.64MiB / 122.8GiB""},{""name"":""lab-erli-stub-tls"",""cpu"":""0.00%"",""mem"":""22.95MiB / 122.8GiB""},{""name"":""lab-wc-tls"",""cpu"":""0.00%"",""mem"":""23.06MiB / 122.8GiB""},{""name"":""lab-prestashop"",""cpu"":""0.01%"",""mem"":""139.7MiB / 122.8GiB""},{""name"":""lab-woocommerce"",""cpu"":""0.01%"",""mem"":""222.4MiB / 122.8GiB""},{""name"":""lab-redis"",""cpu"":""0.25%"",""mem"":""77.61MiB / 122.8GiB""},{""name"":""lab-postgres"",""cpu"":""0.43%"",""mem"":""245.5MiB / 122.8GiB""},{""name"":""lab-mysql"",""cpu"":""0.84%"",""mem"":""717.2MiB / 122.8GiB""},{""name"":""lab-woocommerce-mysql"",""cpu"":""0.81%"",""mem"":""494.3MiB / 122.8GiB""}]"
2026-09-10T08:43:21Z,3,2,0,0,12,2666387123,"[{""name"":""lab-worker-1"",""cpu"":""0.38%"",""mem"":""97.42MiB / 122.8GiB""},{""name"":""lab-allegro-stub"",""cpu"":""0.01%"",""mem"":""19.35MiB / 122.8GiB""},{""name"":""lab-erli-stub"",""cpu"":""0.00%"",""mem"":""15.68MiB / 122.8GiB""},{""name"":""lab-eparagony-stub"",""cpu"":""0.00%"",""mem"":""19.37MiB / 122.8GiB""},{""name"":""lab-invoicing-stub"",""cpu"":""0.00%"",""mem"":""15.83MiB / 122.8GiB""},{""name"":""lab-shipping-stub"",""cpu"":""0.00%"",""mem"":""15.84MiB / 122.8GiB""},{""name"":""lab-api"",""cpu"":""0.00%"",""mem"":""148.9MiB / 122.8GiB""},{""name"":""lab-eparagony-stub-tls"",""cpu"":""0.00%"",""mem"":""23.64MiB / 122.8GiB""},{""name"":""lab-erli-stub-tls"",""cpu"":""0.00%"",""mem"":""22.95MiB / 122.8GiB""},{""name"":""lab-wc-tls"",""cpu"":""0.00%"",""mem"":""23.06MiB / 122.8GiB""},{""name"":""lab-prestashop"",""cpu"":""0.01%"",""mem"":""139.7MiB / 122.8GiB""},{""name"":""lab-woocommerce"",""cpu"":""0.01%"",""mem"":""222.4MiB / 122.8GiB""},{""name"":""lab-redis"",""cpu"":""0.27%"",""mem"":""77.61MiB / 122.8GiB""},{""name"":""lab-postgres"",""cpu"":""0.76%"",""mem"":""245.4MiB / 122.8GiB""},{""name"":""lab-mysql"",""cpu"":""5.49%"",""mem"":""717.5MiB / 122.8GiB""},{""name"":""lab-woocommerce-mysql"",""cpu"":""0.93%"",""mem"":""494.3MiB / 122.8GiB""}]"
2026-09-10T08:43:24Z,3,0,0,0,13,2666387123,"[{""name"":""lab-worker-1"",""cpu"":""0.54%"",""mem"":""97.43MiB / 122.8GiB""},{""name"":""lab-allegro-stub"",""cpu"":""0.00%"",""mem"":""19.34MiB / 122.8GiB""},{""name"":""lab-erli-stub"",""cpu"":""0.03%"",""mem"":""15.71MiB / 122.8GiB""},{""name"":""lab-eparagony-stub"",""cpu"":""0.01%"",""mem"":""19.37MiB / 122.8GiB""},{""name"":""lab-invoicing-stub"",""cpu"":""0.00%"",""mem"":""15.83MiB / 122.8GiB""},{""name"":""lab-shipping-stub"",""cpu"":""0.00%"",""mem"":""15.84MiB / 122.8GiB""},{""name"":""lab-api"",""cpu"":""0.00%"",""mem"":""148.9MiB / 122.8GiB""},{""name"":""lab-eparagony-stub-tls"",""cpu"":""0.00%"",""mem"":""23.64MiB / 122.8GiB""},{""name"":""lab-erli-stub-tls"",""cpu"":""0.00%"",""mem"":""22.95MiB / 122.8GiB""},{""name"":""lab-wc-tls"",""cpu"":""0.00%"",""mem"":""23.06MiB / 122.8GiB""},{""name"":""lab-prestashop"",""cpu"":""0.01%"",""mem"":""139.7MiB / 122.8GiB""},{""name"":""lab-woocommerce"",""cpu"":""0.01%"",""mem"":""222.4MiB / 122.8GiB""},{""name"":""lab-redis"",""cpu"":""0.33%"",""mem"":""77.61MiB / 122.8GiB""},{""name"":""lab-postgres"",""cpu"":""0.46%"",""mem"":""245.4MiB / 122.8GiB""},{""name"":""lab-mysql"",""cpu"":""1.04%"",""mem"":""717.2MiB / 122.8GiB""},{""name"":""lab-woocommerce-mysql"",""cpu"":""5.52%"",""mem"":""494.3MiB / 122.8GiB""}]"
2026-09-10T08:43:27Z,3,0,0,0,13,2666387123,"[{""name"":""lab-worker-1"",""cpu"":""0.42%"",""mem"":""97.45MiB / 122.8GiB""},{""name"":""lab-allegro-stub"",""cpu"":""0.00%"",""mem"":""19.34MiB / 122.8GiB""},{""name"":""lab-erli-stub"",""cpu"":""0.00%"",""mem"":""15.69MiB / 122.8GiB""},{""name"":""lab-eparagony-stub"",""cpu"":""0.00%"",""mem"":""19.37MiB / 122.8GiB""},{""name"":""lab-invoicing-stub"",""cpu"":""2.84%"",""mem"":""24.88MiB / 122.8GiB""},{""name"":""lab-shipping-stub"",""cpu"":""4.17%"",""mem"":""15.86MiB / 122.8GiB""},{""name"":""lab-api"",""cpu"":""0.00%"",""mem"":""148.9MiB / 122.8GiB""},{""name"":""lab-eparagony-stub-tls"",""cpu"":""0.00%"",""mem"":""23.64MiB / 122.8GiB""},{""name"":""lab-erli-stub-tls"",""cpu"":""0.00%"",""mem"":""22.95MiB / 122.8GiB""},{""name"":""lab-wc-tls"",""cpu"":""0.00%"",""mem"":""23.06MiB / 122.8GiB""},{""name"":""lab-prestashop"",""cpu"":""0.01%"",""mem"":""139.7MiB / 122.8GiB""},{""name"":""lab-woocommerce"",""cpu"":""0.00%"",""mem"":""222.4MiB / 122.8GiB""},{""name"":""lab-redis"",""cpu"":""0.27%"",""mem"":""77.61MiB / 122.8GiB""},{""name"":""lab-postgres"",""cpu"":""6.10%"",""mem"":""245.4MiB / 122.8GiB""},{""name"":""lab-mysql"",""cpu"":""0.95%"",""mem"":""717.2MiB / 122.8GiB""},{""name"":""lab-woocommerce-mysql"",""cpu"":""0.92%"",""mem"":""494.3MiB / 122.8GiB""}]"
2026-09-10T08:43:30Z,3,0,0,0,13,2666387123,"[{""name"":""lab-worker-1"",""cpu"":""3.04%"",""mem"":""97.45MiB / 122.8GiB""},{""name"":""lab-allegro-stub"",""cpu"":""0.11%"",""mem"":""19.35MiB / 122.8GiB""},{""name"":""lab-erli-stub"",""cpu"":""0.00%"",""mem"":""15.7MiB / 122.8GiB""},{""name"":""lab-eparagony-stub"",""cpu"":""0.00%"",""mem"":""19.37MiB / 122.8GiB""},{""name"":""lab-invoicing-stub"",""cpu"":""0.00%"",""mem"":""15.83MiB / 122.8GiB""},{""name"":""lab-shipping-stub"",""cpu"":""0.00%"",""mem"":""15.84MiB / 122.8GiB""},{""name"":""lab-api"",""cpu"":""0.01%"",""mem"":""148.9MiB / 122.8GiB""},{""name"":""lab-eparagony-stub-tls"",""cpu"":""0.00%"",""mem"":""23.64MiB / 122.8GiB""},{""name"":""lab-erli-stub-tls"",""cpu"":""0.00%"",""mem"":""22.95MiB / 122.8GiB""},{""name"":""lab-wc-tls"",""cpu"":""0.00%"",""mem"":""23.06MiB / 122.8GiB""},{""name"":""lab-prestashop"",""cpu"":""3.30%"",""mem"":""139.7MiB / 122.8GiB""},{""name"":""lab-woocommerce"",""cpu"":""18.87%"",""mem"":""220.4MiB / 122.8GiB""},{""name"":""lab-redis"",""cpu"":""0.31%"",""mem"":""77.61MiB / 122.8GiB""},{""name"":""lab-postgres"",""cpu"":""7.39%"",""mem"":""239.8MiB / 122.8GiB""},{""name"":""lab-mysql"",""cpu"":""1.31%"",""mem"":""717.2MiB / 122.8GiB""},{""name"":""lab-woocommerce-mysql"",""cpu"":""5.05%"",""mem"":""494.3MiB / 122.8GiB""}]"
2026-09-10T08:43:34Z,3,0,0,0,14,2666387123,"[{""name"":""lab-worker-1"",""cpu"":""0.42%"",""mem"":""97.46MiB / 122.8GiB""},{""name"":""lab-allegro-stub"",""cpu"":""4.09%"",""mem"":""19.35MiB / 122.8GiB""},{""name"":""lab-erli-stub"",""cpu"":""4.06%"",""mem"":""15.73MiB / 122.8GiB""},{""name"":""lab-eparagony-stub"",""cpu"":""4.19%"",""mem"":""19.4MiB / 122.8GiB""},{""name"":""lab-invoicing-stub"",""cpu"":""0.01%"",""mem"":""15.84MiB / 122.8GiB""},{""name"":""lab-shipping-stub"",""cpu"":""0.01%"",""mem"":""15.84MiB / 122.8GiB""},{""name"":""lab-api"",""cpu"":""0.00%"",""mem"":""148.9MiB / 122.8GiB""},{""name"":""lab-eparagony-stub-tls"",""cpu"":""0.00%"",""mem"":""23.64MiB / 122.8GiB""},{""name"":""lab-erli-stub-tls"",""cpu"":""0.00%"",""mem"":""22.95MiB / 122.8GiB""},{""name"":""lab-wc-tls"",""cpu"":""0.00%"",""mem"":""23.06MiB / 122.8GiB""},{""name"":""lab-prestashop"",""cpu"":""0.01%"",""mem"":""139.7MiB / 122.8GiB""},{""name"":""lab-woocommerce"",""cpu"":""0.01%"",""mem"":""220.4MiB / 122.8GiB""},{""name"":""lab-redis"",""cpu"":""0.27%"",""mem"":""77.61MiB / 122.8GiB""},{""name"":""lab-postgres"",""cpu"":""0.36%"",""mem"":""239.9MiB / 122.8GiB""},{""name"":""lab-mysql"",""cpu"":""0.92%"",""mem"":""717.2MiB / 122.8GiB""},{""name"":""lab-woocommerce-mysql"",""cpu"":""0.98%"",""mem"":""494.3MiB / 122.8GiB""}]"
2026-09-10T08:43:37Z,4,0,0,0,14,2666387123,"[{""name"":""lab-worker-1"",""cpu"":""0.37%"",""mem"":""97.72MiB / 122.8GiB""},{""name"":""lab-allegro-stub"",""cpu"":""0.01%"",""mem"":""19.34MiB / 122.8GiB""},{""name"":""lab-erli-stub"",""cpu"":""0.00%"",""mem"":""15.7MiB / 122.8GiB""},{""name"":""lab-eparagony-stub"",""cpu"":""0.00%"",""mem"":""19.37MiB / 122.8GiB""},{""name"":""lab-invoicing-stub"",""cpu"":""0.00%"",""mem"":""15.83MiB / 122.8GiB""},{""name"":""lab-shipping-stub"",""cpu"":""0.00%"",""mem"":""15.84MiB / 122.8GiB""},{""name"":""lab-api"",""cpu"":""0.00%"",""mem"":""148.9MiB / 122.8GiB""},{""name"":""lab-eparagony-stub-tls"",""cpu"":""0.00%"",""mem"":""23.64MiB / 122.8GiB""},{""name"":""lab-erli-stub-tls"",""cpu"":""0.00%"",""mem"":""22.95MiB / 122.8GiB""},{""name"":""lab-wc-tls"",""cpu"":""0.00%"",""mem"":""23.06MiB / 122.8GiB""},{""name"":""lab-prestashop"",""cpu"":""0.01%"",""mem"":""139.7MiB / 122.8GiB""},{""name"":""lab-woocommerce"",""cpu"":""0.01%"",""mem"":""220.4MiB / 122.8GiB""},{""name"":""lab-redis"",""cpu"":""0.28%"",""mem"":""77.61MiB / 122.8GiB""},{""name"":""lab-postgres"",""cpu"":""0.40%"",""mem"":""239.9MiB / 122.8GiB""},{""name"":""lab-mysql"",""cpu"":""1.05%"",""mem"":""717.2MiB / 122.8GiB""},{""name"":""lab-woocommerce-mysql"",""cpu"":""1.06%"",""mem"":""494.3MiB / 122.8GiB""}]"
2026-09-10T08:43:40Z,3,0,0,0,14,2666387123,"[{""name"":""lab-worker-1"",""cpu"":""3.16%"",""mem"":""97.52MiB / 122.8GiB""},{""name"":""lab-allegro-stub"",""cpu"":""0.05%"",""mem"":""19.35MiB / 122.8GiB""},{""name"":""lab-erli-stub"",""cpu"":""0.00%"",""mem"":""15.7MiB / 122.8GiB""},{""name"":""lab-eparagony-stub"",""cpu"":""0.00%"",""mem"":""19.37MiB / 122.8GiB""},{""name"":""lab-invoicing-stub"",""cpu"":""0.00%"",""mem"":""15.83MiB / 122.8GiB""},{""name"":""lab-shipping-stub"",""cpu"":""0.00%"",""mem"":""15.84MiB / 122.8GiB""},{""name"":""lab-api"",""cpu"":""0.84%"",""mem"":""148.9MiB / 122.8GiB""},{""name"":""lab-eparagony-stub-tls"",""cpu"":""0.00%"",""mem"":""23.64MiB / 122.8GiB""},{""name"":""lab-erli-stub-tls"",""cpu"":""0.00%"",""mem"":""22.95MiB / 122.8GiB""},{""name"":""lab-wc-tls"",""cpu"":""0.00%"",""mem"":""23.06MiB / 122.8GiB""},{""name"":""lab-prestashop"",""cpu"":""0.01%"",""mem"":""139.7MiB / 122.8GiB""},{""name"":""lab-woocommerce"",""cpu"":""0.00%"",""mem"":""220.4MiB / 122.8GiB""},{""name"":""lab-redis"",""cpu"":""0.44%"",""mem"":""77.61MiB / 122.8GiB""},{""name"":""lab-postgres"",""cpu"":""5.90%"",""mem"":""239.8MiB / 122.8GiB""},{""name"":""lab-mysql"",""cpu"":""0.92%"",""mem"":""717.2MiB / 122.8GiB""},{""name"":""lab-woocommerce-mysql"",""cpu"":""1.01%"",""mem"":""494.3MiB / 122.8GiB""}]"
2026-09-10T08:43:43Z,3,0,0,0,15,2666387123,"[{""name"":""lab-worker-1"",""cpu"":""0.31%"",""mem"":""97.51MiB / 122.8GiB""},{""name"":""lab-allegro-stub"",""cpu"":""4.01%"",""mem"":""19.38MiB / 122.8GiB""},{""name"":""lab-erli-stub"",""cpu"":""0.00%"",""mem"":""15.7MiB / 122.8GiB""},{""name"":""lab-eparagony-stub"",""cpu"":""0.00%"",""mem"":""19.37MiB / 122.8GiB""},{""name"":""lab-invoicing-stub"",""cpu"":""4.05%"",""mem"":""15.85MiB / 122.8GiB""},{""name"":""lab-shipping-stub"",""cpu"":""3.87%"",""mem"":""15.85MiB / 122.8GiB""},{""name"":""lab-api"",""cpu"":""0.00%"",""mem"":""148.9MiB / 122.8GiB""},{""name"":""lab-eparagony-stub-tls"",""cpu"":""0.00%"",""mem"":""23.64MiB / 122.8GiB""},{""name"":""lab-erli-stub-tls"",""cpu"":""0.00%"",""mem"":""22.95MiB / 122.8GiB""},{""name"":""lab-wc-tls"",""cpu"":""0.00%"",""mem"":""23.06MiB / 122.8GiB""},{""name"":""lab-prestashop"",""cpu"":""0.01%"",""mem"":""139.7MiB / 122.8GiB""},{""name"":""lab-woocommerce"",""cpu"":""0.01%"",""mem"":""220.4MiB / 122.8GiB""},{""name"":""lab-redis"",""cpu"":""0.29%"",""mem"":""77.61MiB / 122.8GiB""},{""name"":""lab-postgres"",""cpu"":""0.36%"",""mem"":""239.9MiB / 122.8GiB""},{""name"":""lab-mysql"",""cpu"":""0.82%"",""mem"":""717.2MiB / 122.8GiB""},{""name"":""lab-woocommerce-mysql"",""cpu"":""0.88%"",""mem"":""494.3MiB / 122.8GiB""}]"
2026-09-10T08:43:46Z,3,0,0,0,15,2666387123,"[{""name"":""lab-worker-1"",""cpu"":""0.27%"",""mem"":""97.55MiB / 122.8GiB""},{""name"":""lab-allegro-stub"",""cpu"":""0.01%"",""mem"":""19.34MiB / 122.8GiB""},{""name"":""lab-erli-stub"",""cpu"":""0.00%"",""mem"":""15.7MiB / 122.8GiB""},{""name"":""lab-eparagony-stub"",""cpu"":""0.00%"",""mem"":""19.37MiB / 122.8GiB""},{""name"":""lab-invoicing-stub"",""cpu"":""0.00%"",""mem"":""15.83MiB / 122.8GiB""},{""name"":""lab-shipping-stub"",""cpu"":""0.00%"",""mem"":""15.84MiB / 122.8GiB""},{""name"":""lab-api"",""cpu"":""0.01%"",""mem"":""148.9MiB / 122.8GiB""},{""name"":""lab-eparagony-stub-tls"",""cpu"":""0.00%"",""mem"":""23.64MiB / 122.8GiB""},{""name"":""lab-erli-stub-tls"",""cpu"":""0.00%"",""mem"":""22.95MiB / 122.8GiB""},{""name"":""lab-wc-tls"",""cpu"":""0.00%"",""mem"":""23.06MiB / 122.8GiB""},{""name"":""lab-prestashop"",""cpu"":""0.01%"",""mem"":""139.7MiB / 122.8GiB""},{""name"":""lab-woocommerce"",""cpu"":""0.01%"",""mem"":""220.4MiB / 122.8GiB""},{""name"":""lab-redis"",""cpu"":""4.74%"",""mem"":""77.63MiB / 122.8GiB""},{""name"":""lab-postgres"",""cpu"":""0.37%"",""mem"":""239.8MiB / 122.8GiB""},{""name"":""lab-mysql"",""cpu"":""0.99%"",""mem"":""717.2MiB / 122.8GiB""},{""name"":""lab-woocommerce-mysql"",""cpu"":""0.83%"",""mem"":""494.3MiB / 122.8GiB""}]"
2026-09-10T08:43:49Z,3,0,0,0,15,2666387123,"[{""name"":""lab-worker-1"",""cpu"":""0.35%"",""mem"":""97.56MiB / 122.8GiB""},{""name"":""lab-allegro-stub"",""cpu"":""0.01%"",""mem"":""19.36MiB / 122.8GiB""},{""name"":""lab-erli-stub"",""cpu"":""4.06%"",""mem"":""15.73MiB / 122.8GiB""},{""name"":""lab-eparagony-stub"",""cpu"":""6.90%"",""mem"":""19.47MiB / 122.8GiB""},{""name"":""lab-invoicing-stub"",""cpu"":""0.01%"",""mem"":""15.83MiB / 122.8GiB""},{""name"":""lab-shipping-stub"",""cpu"":""0.00%"",""mem"":""15.84MiB / 122.8GiB""},{""name"":""lab-api"",""cpu"":""0.00%"",""mem"":""148.9MiB / 122.8GiB""},{""name"":""lab-eparagony-stub-tls"",""cpu"":""0.00%"",""mem"":""23.64MiB / 122.8GiB""},{""name"":""lab-erli-stub-tls"",""cpu"":""0.00%"",""mem"":""22.95MiB / 122.8GiB""},{""name"":""lab-wc-tls"",""cpu"":""0.00%"",""mem"":""23.06MiB / 122.8GiB""},{""name"":""lab-prestashop"",""cpu"":""0.01%"",""mem"":""139.7MiB / 122.8GiB""},{""name"":""lab-woocommerce"",""cpu"":""0.01%"",""mem"":""220.4MiB / 122.8GiB""},{""name"":""lab-redis"",""cpu"":""0.27%"",""mem"":""77.61MiB / 122.8GiB""},{""name"":""lab-postgres"",""cpu"":""0.40%"",""mem"":""239.9MiB / 122.8GiB""},{""name"":""lab-mysql"",""cpu"":""0.93%"",""mem"":""717.2MiB / 122.8GiB""},{""name"":""lab-woocommerce-mysql"",""cpu"":""0.95%"",""mem"":""494.3MiB / 122.8GiB""}]"
2026-09-10T08:43:52Z,3,0,0,0,16,2666387123,"[{""name"":""lab-worker-1"",""cpu"":""0.39%"",""mem"":""97.59MiB / 122.8GiB""},{""name"":""lab-allegro-stub"",""cpu"":""0.00%"",""mem"":""19.35MiB / 122.8GiB""},{""name"":""lab-erli-stub"",""cpu"":""0.00%"",""mem"":""15.7MiB / 122.8GiB""},{""name"":""lab-eparagony-stub"",""cpu"":""0.00%"",""mem"":""19.46MiB / 122.8GiB""},{""name"":""lab-invoicing-stub"",""cpu"":""0.00%"",""mem"":""15.83MiB / 122.8GiB""},{""name"":""lab-shipping-stub"",""cpu"":""0.00%"",""mem"":""15.84MiB / 122.8GiB""},{""name"":""lab-api"",""cpu"":""0.00%"",""mem"":""148.9MiB / 122.8GiB""},{""name"":""lab-eparagony-stub-tls"",""cpu"":""0.00%"",""mem"":""23.64MiB / 122.8GiB""},{""name"":""lab-erli-stub-tls"",""cpu"":""0.00%"",""mem"":""22.95MiB / 122.8GiB""},{""name"":""lab-wc-tls"",""cpu"":""0.00%"",""mem"":""23.06MiB / 122.8GiB""},{""name"":""lab-prestashop"",""cpu"":""0.01%"",""mem"":""139.7MiB / 122.8GiB""},{""name"":""lab-woocommerce"",""cpu"":""0.01%"",""mem"":""220.4MiB / 122.8GiB""},{""name"":""lab-redis"",""cpu"":""0.31%"",""mem"":""77.61MiB / 122.8GiB""},{""name"":""lab-postgres"",""cpu"":""0.42%"",""mem"":""240MiB / 122.8GiB""},{""name"":""lab-mysql"",""cpu"":""0.92%"",""mem"":""717.2MiB / 122.8GiB""},{""name"":""lab-woocommerce-mysql"",""cpu"":""0.86%"",""mem"":""494.3MiB / 122.8GiB""}]"
2026-09-10T08:43:55Z,3,0,0,0,16,2666387123,"[{""name"":""lab-worker-1"",""cpu"":""0.49%"",""mem"":""97.6MiB / 122.8GiB""},{""name"":""lab-allegro-stub"",""cpu"":""0.01%"",""mem"":""19.34MiB / 122.8GiB""},{""name"":""lab-erli-stub"",""cpu"":""0.00%"",""mem"":""15.7MiB / 122.8GiB""},{""name"":""lab-eparagony-stub"",""cpu"":""0.01%"",""mem"":""19.46MiB / 122.8GiB""},{""name"":""lab-invoicing-stub"",""cpu"":""0.01%"",""mem"":""15.83MiB / 122.8GiB""},{""name"":""lab-shipping-stub"",""cpu"":""0.01%"",""mem"":""15.84MiB / 122.8GiB""},{""name"":""lab-api"",""cpu"":""0.01%"",""mem"":""148.9MiB / 122.8GiB""},{""name"":""lab-eparagony-stub-tls"",""cpu"":""0.00%"",""mem"":""23.64MiB / 122.8GiB""},{""name"":""lab-erli-stub-tls"",""cpu"":""0.00%"",""mem"":""22.95MiB / 122.8GiB""},{""name"":""lab-wc-tls"",""cpu"":""0.00%"",""mem"":""23.06MiB / 122.8GiB""},{""name"":""lab-prestashop"",""cpu"":""0.01%"",""mem"":""139.7MiB / 122.8GiB""},{""name"":""lab-woocommerce"",""cpu"":""0.01%"",""mem"":""220.4MiB / 122.8GiB""},{""name"":""lab-redis"",""cpu"":""4.37%"",""mem"":""77.66MiB / 122.8GiB""},{""name"":""lab-postgres"",""cpu"":""0.36%"",""mem"":""239.9MiB / 122.8GiB""},{""name"":""lab-mysql"",""cpu"":""0.99%"",""mem"":""717.2MiB / 122.8GiB""},{""name"":""lab-woocommerce-mysql"",""cpu"":""0.99%"",""mem"":""494.3MiB / 122.8GiB""}]"
2026-09-10T08:43:59Z,3,0,0,0,16,2666387123,"[{""name"":""lab-worker-1"",""cpu"":""0.40%"",""mem"":""97.61MiB / 122.8GiB""},{""name"":""lab-allegro-stub"",""cpu"":""4.27%"",""mem"":""19.35MiB / 122.8GiB""},{""name"":""lab-erli-stub"",""cpu"":""3.91%"",""mem"":""15.81MiB / 122.8GiB""},{""name"":""lab-eparagony-stub"",""cpu"":""4.17%"",""mem"":""19.48MiB / 122.8GiB""},{""name"":""lab-invoicing-stub"",""cpu"":""4.10%"",""mem"":""15.83MiB / 122.8GiB""},{""name"":""lab-shipping-stub"",""cpu"":""0.01%"",""mem"":""15.84MiB / 122.8GiB""},{""name"":""lab-api"",""cpu"":""0.00%"",""mem"":""148.9MiB / 122.8GiB""},{""name"":""lab-eparagony-stub-tls"",""cpu"":""0.00%"",""mem"":""23.64MiB / 122.8GiB""},{""name"":""lab-erli-stub-tls"",""cpu"":""0.00%"",""mem"":""22.95MiB / 122.8GiB""},{""name"":""lab-wc-tls"",""cpu"":""0.00%"",""mem"":""23.06MiB / 122.8GiB""},{""name"":""lab-prestashop"",""cpu"":""0.00%"",""mem"":""139.7MiB / 122.8GiB""},{""name"":""lab-woocommerce"",""cpu"":""0.00%"",""mem"":""220.4MiB / 122.8GiB""},{""name"":""lab-redis"",""cpu"":""0.30%"",""mem"":""77.61MiB / 122.8GiB""},{""name"":""lab-postgres"",""cpu"":""0.40%"",""mem"":""239.9MiB / 122.8GiB""},{""name"":""lab-mysql"",""cpu"":""0.87%"",""mem"":""717.2MiB / 122.8GiB""},{""name"":""lab-woocommerce-mysql"",""cpu"":""0.87%"",""mem"":""494.3MiB / 122.8GiB""}]"
2026-09-10T08:44:02Z,4,2,0,0,16,2666387123,"[{""name"":""lab-worker-1"",""cpu"":""0.37%"",""mem"":""97.65MiB / 122.8GiB""},{""name"":""lab-allegro-stub"",""cpu"":""0.00%"",""mem"":""19.35MiB / 122.8GiB""},{""name"":""lab-erli-stub"",""cpu"":""0.00%"",""mem"":""15.7MiB / 122.8GiB""},{""name"":""lab-eparagony-stub"",""cpu"":""0.00%"",""mem"":""19.46MiB / 122.8GiB""},{""name"":""lab-invoicing-stub"",""cpu"":""0.00%"",""mem"":""15.83MiB / 122.8GiB""},{""name"":""lab-shipping-stub"",""cpu"":""0.00%"",""mem"":""15.84MiB / 122.8GiB""},{""name"":""lab-api"",""cpu"":""0.00%"",""mem"":""148.9MiB / 122.8GiB""},{""name"":""lab-eparagony-stub-tls"",""cpu"":""0.00%"",""mem"":""23.64MiB / 122.8GiB""},{""name"":""lab-erli-stub-tls"",""cpu"":""0.00%"",""mem"":""22.95MiB / 122.8GiB""},{""name"":""lab-wc-tls"",""cpu"":""0.00%"",""mem"":""23.06MiB / 122.8GiB""},{""name"":""lab-prestashop"",""cpu"":""0.00%"",""mem"":""137.7MiB / 122.8GiB""},{""name"":""lab-woocommerce"",""cpu"":""0.00%"",""mem"":""220.4MiB / 122.8GiB""},{""name"":""lab-redis"",""cpu"":""0.30%"",""mem"":""77.61MiB / 122.8GiB""},{""name"":""lab-postgres"",""cpu"":""0.69%"",""mem"":""241.7MiB / 122.8GiB""},{""name"":""lab-mysql"",""cpu"":""5.34%"",""mem"":""717.3MiB / 122.8GiB""},{""name"":""lab-woocommerce-mysql"",""cpu"":""0.99%"",""mem"":""494.3MiB / 122.8GiB""}]"
2026-09-10T08:44:05Z,3,0,0,0,16,2666387123,"[{""name"":""lab-worker-1"",""cpu"":""0.50%"",""mem"":""97.67MiB / 122.8GiB""},{""name"":""lab-allegro-stub"",""cpu"":""0.00%"",""mem"":""19.34MiB / 122.8GiB""},{""name"":""lab-erli-stub"",""cpu"":""0.01%"",""mem"":""15.74MiB / 122.8GiB""},{""name"":""lab-eparagony-stub"",""cpu"":""0.00%"",""mem"":""19.46MiB / 122.8GiB""},{""name"":""lab-invoicing-stub"",""cpu"":""0.00%"",""mem"":""15.83MiB / 122.8GiB""},{""name"":""lab-shipping-stub"",""cpu"":""0.00%"",""mem"":""15.85MiB / 122.8GiB""},{""name"":""lab-api"",""cpu"":""0.00%"",""mem"":""148.9MiB / 122.8GiB""},{""name"":""lab-eparagony-stub-tls"",""cpu"":""0.00%"",""mem"":""23.64MiB / 122.8GiB""},{""name"":""lab-erli-stub-tls"",""cpu"":""0.00%"",""mem"":""22.95MiB / 122.8GiB""},{""name"":""lab-wc-tls"",""cpu"":""0.00%"",""mem"":""23.06MiB / 122.8GiB""},{""name"":""lab-prestashop"",""cpu"":""0.01%"",""mem"":""137.7MiB / 122.8GiB""},{""name"":""lab-woocommerce"",""cpu"":""0.01%"",""mem"":""220.4MiB / 122.8GiB""},{""name"":""lab-redis"",""cpu"":""0.30%"",""mem"":""77.61MiB / 122.8GiB""},{""name"":""lab-postgres"",""cpu"":""0.36%"",""mem"":""241.7MiB / 122.8GiB""},{""name"":""lab-mysql"",""cpu"":""0.98%"",""mem"":""717.2MiB / 122.8GiB""},{""name"":""lab-woocommerce-mysql"",""cpu"":""5.32%"",""mem"":""494.3MiB / 122.8GiB""}]"
2026-09-10T08:44:08Z,3,0,0,0,16,2666387123,"[{""name"":""lab-worker-1"",""cpu"":""0.35%"",""mem"":""97.69MiB / 122.8GiB""},{""name"":""lab-allegro-stub"",""cpu"":""0.00%"",""mem"":""19.34MiB / 122.8GiB""},{""name"":""lab-erli-stub"",""cpu"":""0.00%"",""mem"":""15.7MiB / 122.8GiB""},{""name"":""lab-eparagony-stub"",""cpu"":""0.00%"",""mem"":""19.46MiB / 122.8GiB""},{""name"":""lab-invoicing-stub"",""cpu"":""4.14%"",""mem"":""15.88MiB / 122.8GiB""},{""name"":""lab-shipping-stub"",""cpu"":""4.41%"",""mem"":""15.87MiB / 122.8GiB""},{""name"":""lab-api"",""cpu"":""0.00%"",""mem"":""148.9MiB / 122.8GiB""},{""name"":""lab-eparagony-stub-tls"",""cpu"":""0.00%"",""mem"":""23.64MiB / 122.8GiB""},{""name"":""lab-erli-stub-tls"",""cpu"":""0.00%"",""mem"":""22.95MiB / 122.8GiB""},{""name"":""lab-wc-tls"",""cpu"":""0.00%"",""mem"":""23.06MiB / 122.8GiB""},{""name"":""lab-prestashop"",""cpu"":""0.01%"",""mem"":""137.7MiB / 122.8GiB""},{""name"":""lab-woocommerce"",""cpu"":""0.01%"",""mem"":""220.4MiB / 122.8GiB""},{""name"":""lab-redis"",""cpu"":""0.27%"",""mem"":""77.61MiB / 122.8GiB""},{""name"":""lab-postgres"",""cpu"":""5.42%"",""mem"":""241.8MiB / 122.8GiB""},{""name"":""lab-mysql"",""cpu"":""0.85%"",""mem"":""717.2MiB / 122.8GiB""},{""name"":""lab-woocommerce-mysql"",""cpu"":""0.86%"",""mem"":""494.3MiB / 122.8GiB""}]"
2026-09-10T08:44:11Z,3,0,0,0,16,2666387123,"[{""name"":""lab-worker-1"",""cpu"":""1.46%"",""mem"":""97.73MiB / 122.8GiB""},{""name"":""lab-allegro-stub"",""cpu"":""0.08%"",""mem"":""19.35MiB / 122.8GiB""},{""name"":""lab-erli-stub"",""cpu"":""0.00%"",""mem"":""15.7MiB / 122.8GiB""},{""name"":""lab-eparagony-stub"",""cpu"":""0.00%"",""mem"":""19.46MiB / 122.8GiB""},{""name"":""lab-invoicing-stub"",""cpu"":""0.00%"",""mem"":""15.83MiB / 122.8GiB""},{""name"":""lab-shipping-stub"",""cpu"":""0.00%"",""mem"":""15.84MiB / 122.8GiB""},{""name"":""lab-api"",""cpu"":""0.00%"",""mem"":""149MiB / 122.8GiB""},{""name"":""lab-eparagony-stub-tls"",""cpu"":""0.00%"",""mem"":""23.64MiB / 122.8GiB""},{""name"":""lab-erli-stub-tls"",""cpu"":""0.00%"",""mem"":""22.95MiB / 122.8GiB""},{""name"":""lab-wc-tls"",""cpu"":""0.00%"",""mem"":""23.06MiB / 122.8GiB""},{""name"":""lab-prestashop"",""cpu"":""0.00%"",""mem"":""137.7MiB / 122.8GiB""},{""name"":""lab-woocommerce"",""cpu"":""0.01%"",""mem"":""220.4MiB / 122.8GiB""},{""name"":""lab-redis"",""cpu"":""0.32%"",""mem"":""77.61MiB / 122.8GiB""},{""name"":""lab-postgres"",""cpu"":""1.33%"",""mem"":""241.8MiB / 122.8GiB""},{""name"":""lab-mysql"",""cpu"":""5.31%"",""mem"":""717.3MiB / 122.8GiB""},{""name"":""lab-woocommerce-mysql"",""cpu"":""0.88%"",""mem"":""494.3MiB / 122.8GiB""}]"
2026-09-10T08:44:14Z,3,0,0,0,16,2666387123,"[{""name"":""lab-worker-1"",""cpu"":""0.50%"",""mem"":""97.98MiB / 122.8GiB""},{""name"":""lab-allegro-stub"",""cpu"":""0.06%"",""mem"":""19.34MiB / 122.8GiB""},{""name"":""lab-erli-stub"",""cpu"":""4.32%"",""mem"":""15.73MiB / 122.8GiB""},{""name"":""lab-eparagony-stub"",""cpu"":""4.15%"",""mem"":""19.48MiB / 122.8GiB""},{""name"":""lab-invoicing-stub"",""cpu"":""0.01%"",""mem"":""15.85MiB / 122.8GiB""},{""name"":""lab-shipping-stub"",""cpu"":""0.01%"",""mem"":""15.84MiB / 122.8GiB""},{""name"":""lab-api"",""cpu"":""0.00%"",""mem"":""149MiB / 122.8GiB""},{""name"":""lab-eparagony-stub-tls"",""cpu"":""0.00%"",""mem"":""23.64MiB / 122.8GiB""},{""name"":""lab-erli-stub-tls"",""cpu"":""0.00%"",""mem"":""22.95MiB / 122.8GiB""},{""name"":""lab-wc-tls"",""cpu"":""0.00%"",""mem"":""23.06MiB / 122.8GiB""},{""name"":""lab-prestashop"",""cpu"":""0.01%"",""mem"":""137.7MiB / 122.8GiB""},{""name"":""lab-woocommerce"",""cpu"":""0.01%"",""mem"":""220.4MiB / 122.8GiB""},{""name"":""lab-redis"",""cpu"":""0.29%"",""mem"":""77.61MiB / 122.8GiB""},{""name"":""lab-postgres"",""cpu"":""0.37%"",""mem"":""241.7MiB / 122.8GiB""},{""name"":""lab-mysql"",""cpu"":""0.89%"",""mem"":""717.2MiB / 122.8GiB""},{""name"":""lab-woocommerce-mysql"",""cpu"":""5.38%"",""mem"":""494.3MiB / 122.8GiB""}]"
2026-09-10T08:44:17Z,3,0,0,0,16,2666387123,"[{""name"":""lab-worker-1"",""cpu"":""0.43%"",""mem"":""97.78MiB / 122.8GiB""},{""name"":""lab-allegro-stub"",""cpu"":""0.01%"",""mem"":""19.34MiB / 122.8GiB""},{""name"":""lab-erli-stub"",""cpu"":""0.00%"",""mem"":""15.7MiB / 122.8GiB""},{""name"":""lab-eparagony-stub"",""cpu"":""0.00%"",""mem"":""19.46MiB / 122.8GiB""},{""name"":""lab-invoicing-stub"",""cpu"":""0.00%"",""mem"":""15.83MiB / 122.8GiB""},{""name"":""lab-shipping-stub"",""cpu"":""0.00%"",""mem"":""15.84MiB / 122.8GiB""},{""name"":""lab-api"",""cpu"":""0.00%"",""mem"":""149MiB / 122.8GiB""},{""name"":""lab-eparagony-stub-tls"",""cpu"":""0.00%"",""mem"":""23.64MiB / 122.8GiB""},{""name"":""lab-erli-stub-tls"",""cpu"":""0.00%"",""mem"":""22.95MiB / 122.8GiB""},{""name"":""lab-wc-tls"",""cpu"":""0.00%"",""mem"":""23.06MiB / 122.8GiB""},{""name"":""lab-prestashop"",""cpu"":""0.01%"",""mem"":""137.7MiB / 122.8GiB""},{""name"":""lab-woocommerce"",""cpu"":""0.01%"",""mem"":""220.4MiB / 122.8GiB""},{""name"":""lab-redis"",""cpu"":""0.26%"",""mem"":""77.61MiB / 122.8GiB""},{""name"":""lab-postgres"",""cpu"":""6.25%"",""mem"":""241.8MiB / 122.8GiB""},{""name"":""lab-mysql"",""cpu"":""0.96%"",""mem"":""717.2MiB / 122.8GiB""},{""name"":""lab-woocommerce-mysql"",""cpu"":""0.96%"",""mem"":""494.3MiB / 122.8GiB""}]"
2026-09-10T08:44:20Z,3,0,0,0,16,2666387123,"[{""name"":""lab-worker-1"",""cpu"":""5.12%"",""mem"":""97.94MiB / 122.8GiB""},{""name"":""lab-allegro-stub"",""cpu"":""0.14%"",""mem"":""19.35MiB / 122.8GiB""},{""name"":""lab-erli-stub"",""cpu"":""0.01%"",""mem"":""15.7MiB / 122.8GiB""},{""name"":""lab-eparagony-stub"",""cpu"":""0.00%"",""mem"":""19.46MiB / 122.8GiB""},{""name"":""lab-invoicing-stub"",""cpu"":""0.00%"",""mem"":""15.83MiB / 122.8GiB""},{""name"":""lab-shipping-stub"",""cpu"":""0.00%"",""mem"":""15.84MiB / 122.8GiB""},{""name"":""lab-api"",""cpu"":""0.80%"",""mem"":""149MiB / 122.8GiB""},{""name"":""lab-eparagony-stub-tls"",""cpu"":""0.00%"",""mem"":""23.64MiB / 122.8GiB""},{""name"":""lab-erli-stub-tls"",""cpu"":""0.00%"",""mem"":""22.95MiB / 122.8GiB""},{""name"":""lab-wc-tls"",""cpu"":""0.00%"",""mem"":""23.06MiB / 122.8GiB""},{""name"":""lab-prestashop"",""cpu"":""0.01%"",""mem"":""137.7MiB / 122.8GiB""},{""name"":""lab-woocommerce"",""cpu"":""0.02%"",""mem"":""220.4MiB / 122.8GiB""},{""name"":""lab-redis"",""cpu"":""0.47%"",""mem"":""77.61MiB / 122.8GiB""},{""name"":""lab-postgres"",""cpu"":""7.52%"",""mem"":""241.7MiB / 122.8GiB""},{""name"":""lab-mysql"",""cpu"":""0.89%"",""mem"":""717.2MiB / 122.8GiB""},{""name"":""lab-woocommerce-mysql"",""cpu"":""0.82%"",""mem"":""494.3MiB / 122.8GiB""}]"
2026-09-10T08:44:23Z,3,0,0,0,16,2666387123,"[{""name"":""lab-worker-1"",""cpu"":""0.41%"",""mem"":""97.84MiB / 122.8GiB""},{""name"":""lab-allegro-stub"",""cpu"":""4.01%"",""mem"":""19.38MiB / 122.8GiB""},{""name"":""lab-erli-stub"",""cpu"":""0.00%"",""mem"":""15.7MiB / 122.8GiB""},{""name"":""lab-eparagony-stub"",""cpu"":""0.00%"",""mem"":""19.46MiB / 122.8GiB""},{""name"":""lab-invoicing-stub"",""cpu"":""4.25%"",""mem"":""15.86MiB / 122.8GiB""},{""name"":""lab-shipping-stub"",""cpu"":""4.23%"",""mem"":""15.88MiB / 122.8GiB""},{""name"":""lab-api"",""cpu"":""0.00%"",""mem"":""149MiB / 122.8GiB""},{""name"":""lab-eparagony-stub-tls"",""cpu"":""0.00%"",""mem"":""23.64MiB / 122.8GiB""},{""name"":""lab-erli-stub-tls"",""cpu"":""0.00%"",""mem"":""22.95MiB / 122.8GiB""},{""name"":""lab-wc-tls"",""cpu"":""0.00%"",""mem"":""23.06MiB / 122.8GiB""},{""name"":""lab-prestashop"",""cpu"":""0.00%"",""mem"":""137.7MiB / 122.8GiB""},{""name"":""lab-woocommerce"",""cpu"":""0.01%"",""mem"":""220.4MiB / 122.8GiB""},{""name"":""lab-redis"",""cpu"":""0.28%"",""mem"":""77.61MiB / 122.8GiB""},{""name"":""lab-postgres"",""cpu"":""0.36%"",""mem"":""241.8MiB / 122.8GiB""},{""name"":""lab-mysql"",""cpu"":""0.79%"",""mem"":""717.2MiB / 122.8GiB""},{""name"":""lab-woocommerce-mysql"",""cpu"":""0.92%"",""mem"":""494.3MiB / 122.8GiB""}]"
2026-09-10T08:44:27Z,3,0,0,0,16,2666387123,"[{""name"":""lab-worker-1"",""cpu"":""0.35%"",""mem"":""97.86MiB / 122.8GiB""},{""name"":""lab-allegro-stub"",""cpu"":""0.01%"",""mem"":""19.36MiB / 122.8GiB""},{""name"":""lab-erli-stub"",""cpu"":""0.01%"",""mem"":""15.7MiB / 122.8GiB""},{""name"":""lab-eparagony-stub"",""cpu"":""0.00%"",""mem"":""19.46MiB / 122.8GiB""},{""name"":""lab-invoicing-stub"",""cpu"":""0.00%"",""mem"":""15.83MiB / 122.8GiB""},{""name"":""lab-shipping-stub"",""cpu"":""0.00%"",""mem"":""15.84MiB / 122.8GiB""},{""name"":""lab-api"",""cpu"":""0.00%"",""mem"":""149MiB / 122.8GiB""},{""name"":""lab-eparagony-stub-tls"",""cpu"":""0.00%"",""mem"":""23.64MiB / 122.8GiB""},{""name"":""lab-erli-stub-tls"",""cpu"":""0.00%"",""mem"":""22.95MiB / 122.8GiB""},{""name"":""lab-wc-tls"",""cpu"":""0.00%"",""mem"":""23.06MiB / 122.8GiB""},{""name"":""lab-prestashop"",""cpu"":""0.01%"",""mem"":""137.7MiB / 122.8GiB""},{""name"":""lab-woocommerce"",""cpu"":""0.01%"",""mem"":""220.4MiB / 122.8GiB""},{""name"":""lab-redis"",""cpu"":""0.27%"",""mem"":""77.61MiB / 122.8GiB""},{""name"":""lab-postgres"",""cpu"":""0.35%"",""mem"":""241.7MiB / 122.8GiB""},{""name"":""lab-mysql"",""cpu"":""0.98%"",""mem"":""717.2MiB / 122.8GiB""},{""name"":""lab-woocommerce-mysql"",""cpu"":""1.02%"",""mem"":""494.3MiB / 122.8GiB""}]"
