ts,dt,queued,running,dead,deferred,pg_database_size_bytes,docker_stats_json
2026-09-09T06:40:18Z,0,0,0,53,0,2663446195,"[{""name"":""lab-worker-1"",""cpu"":""0.64%"",""mem"":""93.34MiB / 122.8GiB""},{""name"":""lab-api"",""cpu"":""0.00%"",""mem"":""131.1MiB / 122.8GiB""},{""name"":""lab-wc-tls"",""cpu"":""0.00%"",""mem"":""30.18MiB / 122.8GiB""},{""name"":""lab-prestashop"",""cpu"":""0.00%"",""mem"":""119MiB / 122.8GiB""},{""name"":""lab-woocommerce"",""cpu"":""0.01%"",""mem"":""204.1MiB / 122.8GiB""},{""name"":""lab-redis"",""cpu"":""0.25%"",""mem"":""75.9MiB / 122.8GiB""},{""name"":""lab-postgres"",""cpu"":""0.49%"",""mem"":""241.6MiB / 122.8GiB""},{""name"":""lab-mysql"",""cpu"":""15.00%"",""mem"":""709.1MiB / 122.8GiB""},{""name"":""lab-woocommerce-mysql"",""cpu"":""0.87%"",""mem"":""485.4MiB / 122.8GiB""},{""name"":""lab-allegro-stub"",""cpu"":""0.00%"",""mem"":""30.17MiB / 122.8GiB""}]"
2026-09-09T06:40:22Z,4,0,0,53,0,2663446195,"[{""name"":""lab-worker-1"",""cpu"":""0.62%"",""mem"":""93.24MiB / 122.8GiB""},{""name"":""lab-api"",""cpu"":""0.00%"",""mem"":""131.1MiB / 122.8GiB""},{""name"":""lab-wc-tls"",""cpu"":""0.00%"",""mem"":""30.18MiB / 122.8GiB""},{""name"":""lab-prestashop"",""cpu"":""4.85%"",""mem"":""119MiB / 122.8GiB""},{""name"":""lab-woocommerce"",""cpu"":""0.00%"",""mem"":""204.1MiB / 122.8GiB""},{""name"":""lab-redis"",""cpu"":""0.26%"",""mem"":""75.9MiB / 122.8GiB""},{""name"":""lab-postgres"",""cpu"":""0.46%"",""mem"":""241.6MiB / 122.8GiB""},{""name"":""lab-mysql"",""cpu"":""19.58%"",""mem"":""709.1MiB / 122.8GiB""},{""name"":""lab-woocommerce-mysql"",""cpu"":""0.81%"",""mem"":""485.3MiB / 122.8GiB""},{""name"":""lab-allegro-stub"",""cpu"":""0.00%"",""mem"":""30.17MiB / 122.8GiB""}]"
2026-09-09T06:40:25Z,4,0,0,53,0,2663446195,"[{""name"":""lab-worker-1"",""cpu"":""0.55%"",""mem"":""93.24MiB / 122.8GiB""},{""name"":""lab-api"",""cpu"":""0.00%"",""mem"":""131.1MiB / 122.8GiB""},{""name"":""lab-wc-tls"",""cpu"":""0.00%"",""mem"":""30.18MiB / 122.8GiB""},{""name"":""lab-prestashop"",""cpu"":""0.01%"",""mem"":""119MiB / 122.8GiB""},{""name"":""lab-woocommerce"",""cpu"":""0.01%"",""mem"":""204.1MiB / 122.8GiB""},{""name"":""lab-redis"",""cpu"":""4.49%"",""mem"":""75.9MiB / 122.8GiB""},{""name"":""lab-postgres"",""cpu"":""0.50%"",""mem"":""241.6MiB / 122.8GiB""},{""name"":""lab-mysql"",""cpu"":""14.63%"",""mem"":""709.2MiB / 122.8GiB""},{""name"":""lab-woocommerce-mysql"",""cpu"":""5.03%"",""mem"":""485.6MiB / 122.8GiB""},{""name"":""lab-allegro-stub"",""cpu"":""4.26%"",""mem"":""30.17MiB / 122.8GiB""}]"
2026-09-09T06:40:29Z,3,0,0,53,0,2663446195,"[{""name"":""lab-worker-1"",""cpu"":""0.64%"",""mem"":""93.41MiB / 122.8GiB""},{""name"":""lab-api"",""cpu"":""0.00%"",""mem"":""131.1MiB / 122.8GiB""},{""name"":""lab-wc-tls"",""cpu"":""0.00%"",""mem"":""30.18MiB / 122.8GiB""},{""name"":""lab-prestashop"",""cpu"":""0.01%"",""mem"":""119MiB / 122.8GiB""},{""name"":""lab-woocommerce"",""cpu"":""0.01%"",""mem"":""204.1MiB / 122.8GiB""},{""name"":""lab-redis"",""cpu"":""0.29%"",""mem"":""76.15MiB / 122.8GiB""},{""name"":""lab-postgres"",""cpu"":""1.59%"",""mem"":""241.6MiB / 122.8GiB""},{""name"":""lab-mysql"",""cpu"":""14.59%"",""mem"":""709.1MiB / 122.8GiB""},{""name"":""lab-woocommerce-mysql"",""cpu"":""0.88%"",""mem"":""485.3MiB / 122.8GiB""},{""name"":""lab-allegro-stub"",""cpu"":""0.00%"",""mem"":""30.17MiB / 122.8GiB""}]"
2026-09-09T06:40:33Z,4,0,0,53,0,2663446195,"[{""name"":""lab-worker-1"",""cpu"":""0.53%"",""mem"":""93.7MiB / 122.8GiB""},{""name"":""lab-api"",""cpu"":""0.01%"",""mem"":""131.1MiB / 122.8GiB""},{""name"":""lab-wc-tls"",""cpu"":""0.00%"",""mem"":""30.18MiB / 122.8GiB""},{""name"":""lab-prestashop"",""cpu"":""0.01%"",""mem"":""119MiB / 122.8GiB""},{""name"":""lab-woocommerce"",""cpu"":""0.00%"",""mem"":""204.1MiB / 122.8GiB""},{""name"":""lab-redis"",""cpu"":""0.27%"",""mem"":""75.9MiB / 122.8GiB""},{""name"":""lab-postgres"",""cpu"":""0.46%"",""mem"":""241.6MiB / 122.8GiB""},{""name"":""lab-mysql"",""cpu"":""14.77%"",""mem"":""709.2MiB / 122.8GiB""},{""name"":""lab-woocommerce-mysql"",""cpu"":""0.84%"",""mem"":""485.3MiB / 122.8GiB""},{""name"":""lab-allegro-stub"",""cpu"":""0.00%"",""mem"":""30.17MiB / 122.8GiB""}]"
2026-09-09T06:40:36Z,4,0,0,53,0,2663446195,"[{""name"":""lab-worker-1"",""cpu"":""0.59%"",""mem"":""93.57MiB / 122.8GiB""},{""name"":""lab-api"",""cpu"":""0.00%"",""mem"":""131.1MiB / 122.8GiB""},{""name"":""lab-wc-tls"",""cpu"":""0.00%"",""mem"":""30.18MiB / 122.8GiB""},{""name"":""lab-prestashop"",""cpu"":""0.01%"",""mem"":""119MiB / 122.8GiB""},{""name"":""lab-woocommerce"",""cpu"":""0.01%"",""mem"":""204.1MiB / 122.8GiB""},{""name"":""lab-redis"",""cpu"":""0.26%"",""mem"":""76.15MiB / 122.8GiB""},{""name"":""lab-postgres"",""cpu"":""0.48%"",""mem"":""241.6MiB / 122.8GiB""},{""name"":""lab-mysql"",""cpu"":""13.95%"",""mem"":""709.1MiB / 122.8GiB""},{""name"":""lab-woocommerce-mysql"",""cpu"":""0.82%"",""mem"":""485.4MiB / 122.8GiB""},{""name"":""lab-allegro-stub"",""cpu"":""0.00%"",""mem"":""30.17MiB / 122.8GiB""}]"
2026-09-09T06:40:40Z,3,0,0,53,0,2663446195,"[{""name"":""lab-worker-1"",""cpu"":""0.51%"",""mem"":""93.76MiB / 122.8GiB""},{""name"":""lab-api"",""cpu"":""0.00%"",""mem"":""131.1MiB / 122.8GiB""},{""name"":""lab-wc-tls"",""cpu"":""0.00%"",""mem"":""30.18MiB / 122.8GiB""},{""name"":""lab-prestashop"",""cpu"":""0.01%"",""mem"":""119MiB / 122.8GiB""},{""name"":""lab-woocommerce"",""cpu"":""0.00%"",""mem"":""204.1MiB / 122.8GiB""},{""name"":""lab-redis"",""cpu"":""0.25%"",""mem"":""75.9MiB / 122.8GiB""},{""name"":""lab-postgres"",""cpu"":""0.45%"",""mem"":""241.6MiB / 122.8GiB""},{""name"":""lab-mysql"",""cpu"":""15.27%"",""mem"":""709.1MiB / 122.8GiB""},{""name"":""lab-woocommerce-mysql"",""cpu"":""0.85%"",""mem"":""485.3MiB / 122.8GiB""},{""name"":""lab-allegro-stub"",""cpu"":""0.00%"",""mem"":""30.17MiB / 122.8GiB""}]"
2026-09-09T06:40:44Z,4,0,0,53,0,2663446195,"[{""name"":""lab-worker-1"",""cpu"":""1.85%"",""mem"":""93.97MiB / 122.8GiB""},{""name"":""lab-api"",""cpu"":""0.00%"",""mem"":""131.1MiB / 122.8GiB""},{""name"":""lab-wc-tls"",""cpu"":""0.00%"",""mem"":""30.18MiB / 122.8GiB""},{""name"":""lab-prestashop"",""cpu"":""0.01%"",""mem"":""119MiB / 122.8GiB""},{""name"":""lab-woocommerce"",""cpu"":""0.00%"",""mem"":""204.1MiB / 122.8GiB""},{""name"":""lab-redis"",""cpu"":""0.26%"",""mem"":""75.9MiB / 122.8GiB""},{""name"":""lab-postgres"",""cpu"":""5.75%"",""mem"":""241.6MiB / 122.8GiB""},{""name"":""lab-mysql"",""cpu"":""14.89%"",""mem"":""709.1MiB / 122.8GiB""},{""name"":""lab-woocommerce-mysql"",""cpu"":""0.88%"",""mem"":""485.3MiB / 122.8GiB""},{""name"":""lab-allegro-stub"",""cpu"":""0.00%"",""mem"":""30.17MiB / 122.8GiB""}]"
2026-09-09T06:40:48Z,4,0,0,53,0,2663446195,"[{""name"":""lab-worker-1"",""cpu"":""0.44%"",""mem"":""93.88MiB / 122.8GiB""},{""name"":""lab-api"",""cpu"":""0.00%"",""mem"":""131.1MiB / 122.8GiB""},{""name"":""lab-wc-tls"",""cpu"":""0.00%"",""mem"":""30.18MiB / 122.8GiB""},{""name"":""lab-prestashop"",""cpu"":""0.00%"",""mem"":""119MiB / 122.8GiB""},{""name"":""lab-woocommerce"",""cpu"":""0.01%"",""mem"":""204.1MiB / 122.8GiB""},{""name"":""lab-redis"",""cpu"":""0.27%"",""mem"":""75.9MiB / 122.8GiB""},{""name"":""lab-postgres"",""cpu"":""0.48%"",""mem"":""241.6MiB / 122.8GiB""},{""name"":""lab-mysql"",""cpu"":""15.90%"",""mem"":""709.1MiB / 122.8GiB""},{""name"":""lab-woocommerce-mysql"",""cpu"":""0.86%"",""mem"":""485.3MiB / 122.8GiB""},{""name"":""lab-allegro-stub"",""cpu"":""0.00%"",""mem"":""30.18MiB / 122.8GiB""}]"
2026-09-09T06:40:51Z,4,0,0,53,0,2663446195,"[{""name"":""lab-worker-1"",""cpu"":""1.85%"",""mem"":""94.23MiB / 122.8GiB""},{""name"":""lab-api"",""cpu"":""0.00%"",""mem"":""131.1MiB / 122.8GiB""},{""name"":""lab-wc-tls"",""cpu"":""0.00%"",""mem"":""30.18MiB / 122.8GiB""},{""name"":""lab-prestashop"",""cpu"":""4.80%"",""mem"":""121.3MiB / 122.8GiB""},{""name"":""lab-woocommerce"",""cpu"":""0.00%"",""mem"":""204.1MiB / 122.8GiB""},{""name"":""lab-redis"",""cpu"":""0.27%"",""mem"":""76.15MiB / 122.8GiB""},{""name"":""lab-postgres"",""cpu"":""0.51%"",""mem"":""241.6MiB / 122.8GiB""},{""name"":""lab-mysql"",""cpu"":""19.44%"",""mem"":""709.6MiB / 122.8GiB""},{""name"":""lab-woocommerce-mysql"",""cpu"":""0.80%"",""mem"":""485.3MiB / 122.8GiB""},{""name"":""lab-allegro-stub"",""cpu"":""4.34%"",""mem"":""30.19MiB / 122.8GiB""}]"
2026-09-09T06:40:55Z,3,0,0,53,0,2663446195,"[{""name"":""lab-worker-1"",""cpu"":""0.45%"",""mem"":""94.47MiB / 122.8GiB""},{""name"":""lab-api"",""cpu"":""0.00%"",""mem"":""131.1MiB / 122.8GiB""},{""name"":""lab-wc-tls"",""cpu"":""0.00%"",""mem"":""30.18MiB / 122.8GiB""},{""name"":""lab-prestashop"",""cpu"":""0.01%"",""mem"":""117MiB / 122.8GiB""},{""name"":""lab-woocommerce"",""cpu"":""0.01%"",""mem"":""204.1MiB / 122.8GiB""},{""name"":""lab-redis"",""cpu"":""0.30%"",""mem"":""75.9MiB / 122.8GiB""},{""name"":""lab-postgres"",""cpu"":""0.46%"",""mem"":""241.6MiB / 122.8GiB""},{""name"":""lab-mysql"",""cpu"":""14.94%"",""mem"":""709.2MiB / 122.8GiB""},{""name"":""lab-woocommerce-mysql"",""cpu"":""0.93%"",""mem"":""485.3MiB / 122.8GiB""},{""name"":""lab-allegro-stub"",""cpu"":""0.00%"",""mem"":""30.17MiB / 122.8GiB""}]"
2026-09-09T06:40:59Z,4,0,0,53,0,2663446195,"[{""name"":""lab-worker-1"",""cpu"":""1.63%"",""mem"":""94.59MiB / 122.8GiB""},{""name"":""lab-api"",""cpu"":""0.00%"",""mem"":""131.1MiB / 122.8GiB""},{""name"":""lab-wc-tls"",""cpu"":""0.00%"",""mem"":""30.18MiB / 122.8GiB""},{""name"":""lab-prestashop"",""cpu"":""0.00%"",""mem"":""117MiB / 122.8GiB""},{""name"":""lab-woocommerce"",""cpu"":""20.77%"",""mem"":""204.1MiB / 122.8GiB""},{""name"":""lab-redis"",""cpu"":""0.27%"",""mem"":""76.15MiB / 122.8GiB""},{""name"":""lab-postgres"",""cpu"":""0.56%"",""mem"":""241.6MiB / 122.8GiB""},{""name"":""lab-mysql"",""cpu"":""15.11%"",""mem"":""709MiB / 122.8GiB""},{""name"":""lab-woocommerce-mysql"",""cpu"":""5.31%"",""mem"":""485.3MiB / 122.8GiB""},{""name"":""lab-allegro-stub"",""cpu"":""0.00%"",""mem"":""30.17MiB / 122.8GiB""}]"
2026-09-09T06:41:02Z,4,0,0,53,0,2663446195,"[{""name"":""lab-worker-1"",""cpu"":""0.42%"",""mem"":""94.42MiB / 122.8GiB""},{""name"":""lab-api"",""cpu"":""0.01%"",""mem"":""131.1MiB / 122.8GiB""},{""name"":""lab-wc-tls"",""cpu"":""0.00%"",""mem"":""30.18MiB / 122.8GiB""},{""name"":""lab-prestashop"",""cpu"":""0.00%"",""mem"":""117MiB / 122.8GiB""},{""name"":""lab-woocommerce"",""cpu"":""0.01%"",""mem"":""204.1MiB / 122.8GiB""},{""name"":""lab-redis"",""cpu"":""0.28%"",""mem"":""75.9MiB / 122.8GiB""},{""name"":""lab-postgres"",""cpu"":""0.48%"",""mem"":""241.6MiB / 122.8GiB""},{""name"":""lab-mysql"",""cpu"":""14.59%"",""mem"":""709.1MiB / 122.8GiB""},{""name"":""lab-woocommerce-mysql"",""cpu"":""0.95%"",""mem"":""485.3MiB / 122.8GiB""},{""name"":""lab-allegro-stub"",""cpu"":""0.00%"",""mem"":""30.17MiB / 122.8GiB""}]"
2026-09-09T06:41:06Z,3,0,0,53,0,2663446195,"[{""name"":""lab-worker-1"",""cpu"":""0.49%"",""mem"":""94.59MiB / 122.8GiB""},{""name"":""lab-api"",""cpu"":""0.00%"",""mem"":""131.1MiB / 122.8GiB""},{""name"":""lab-wc-tls"",""cpu"":""0.00%"",""mem"":""30.18MiB / 122.8GiB""},{""name"":""lab-prestashop"",""cpu"":""0.01%"",""mem"":""117MiB / 122.8GiB""},{""name"":""lab-woocommerce"",""cpu"":""0.01%"",""mem"":""204.1MiB / 122.8GiB""},{""name"":""lab-redis"",""cpu"":""4.43%"",""mem"":""75.9MiB / 122.8GiB""},{""name"":""lab-postgres"",""cpu"":""0.45%"",""mem"":""241.6MiB / 122.8GiB""},{""name"":""lab-mysql"",""cpu"":""15.08%"",""mem"":""709.1MiB / 122.8GiB""},{""name"":""lab-woocommerce-mysql"",""cpu"":""5.87%"",""mem"":""485.4MiB / 122.8GiB""},{""name"":""lab-allegro-stub"",""cpu"":""4.22%"",""mem"":""30.17MiB / 122.8GiB""}]"
2026-09-09T06:41:10Z,4,0,0,53,0,2663446195,"[{""name"":""lab-worker-1"",""cpu"":""0.60%"",""mem"":""94.74MiB / 122.8GiB""},{""name"":""lab-api"",""cpu"":""0.00%"",""mem"":""131.1MiB / 122.8GiB""},{""name"":""lab-wc-tls"",""cpu"":""0.00%"",""mem"":""30.18MiB / 122.8GiB""},{""name"":""lab-prestashop"",""cpu"":""0.01%"",""mem"":""117MiB / 122.8GiB""},{""name"":""lab-woocommerce"",""cpu"":""0.01%"",""mem"":""204.1MiB / 122.8GiB""},{""name"":""lab-redis"",""cpu"":""0.27%"",""mem"":""76.15MiB / 122.8GiB""},{""name"":""lab-postgres"",""cpu"":""1.47%"",""mem"":""241.6MiB / 122.8GiB""},{""name"":""lab-mysql"",""cpu"":""14.89%"",""mem"":""709.1MiB / 122.8GiB""},{""name"":""lab-woocommerce-mysql"",""cpu"":""0.85%"",""mem"":""485.3MiB / 122.8GiB""},{""name"":""lab-allegro-stub"",""cpu"":""0.00%"",""mem"":""30.17MiB / 122.8GiB""}]"
2026-09-09T06:41:13Z,4,0,0,53,0,2663446195,"[{""name"":""lab-worker-1"",""cpu"":""0.40%"",""mem"":""94.8MiB / 122.8GiB""},{""name"":""lab-api"",""cpu"":""0.00%"",""mem"":""131.1MiB / 122.8GiB""},{""name"":""lab-wc-tls"",""cpu"":""0.00%"",""mem"":""30.18MiB / 122.8GiB""},{""name"":""lab-prestashop"",""cpu"":""0.00%"",""mem"":""117MiB / 122.8GiB""},{""name"":""lab-woocommerce"",""cpu"":""0.00%"",""mem"":""204.1MiB / 122.8GiB""},{""name"":""lab-redis"",""cpu"":""0.27%"",""mem"":""75.9MiB / 122.8GiB""},{""name"":""lab-postgres"",""cpu"":""6.07%"",""mem"":""241.6MiB / 122.8GiB""},{""name"":""lab-mysql"",""cpu"":""14.54%"",""mem"":""709.6MiB / 122.8GiB""},{""name"":""lab-woocommerce-mysql"",""cpu"":""0.92%"",""mem"":""485.3MiB / 122.8GiB""},{""name"":""lab-allegro-stub"",""cpu"":""0.00%"",""mem"":""30.17MiB / 122.8GiB""}]"
2026-09-09T06:41:17Z,3,0,0,53,0,2663446195,"[{""name"":""lab-worker-1"",""cpu"":""0.51%"",""mem"":""94.92MiB / 122.8GiB""},{""name"":""lab-api"",""cpu"":""0.00%"",""mem"":""131.1MiB / 122.8GiB""},{""name"":""lab-wc-tls"",""cpu"":""0.00%"",""mem"":""30.18MiB / 122.8GiB""},{""name"":""lab-prestashop"",""cpu"":""0.01%"",""mem"":""117MiB / 122.8GiB""},{""name"":""lab-woocommerce"",""cpu"":""0.00%"",""mem"":""204.1MiB / 122.8GiB""},{""name"":""lab-redis"",""cpu"":""0.26%"",""mem"":""75.9MiB / 122.8GiB""},{""name"":""lab-postgres"",""cpu"":""0.45%"",""mem"":""241.6MiB / 122.8GiB""},{""name"":""lab-mysql"",""cpu"":""14.76%"",""mem"":""709.4MiB / 122.8GiB""},{""name"":""lab-woocommerce-mysql"",""cpu"":""0.80%"",""mem"":""485.3MiB / 122.8GiB""},{""name"":""lab-allegro-stub"",""cpu"":""0.01%"",""mem"":""30.17MiB / 122.8GiB""}]"
2026-09-09T06:41:21Z,4,0,0,53,0,2663446195,"[{""name"":""lab-worker-1"",""cpu"":""0.27%"",""mem"":""95.03MiB / 122.8GiB""},{""name"":""lab-api"",""cpu"":""0.00%"",""mem"":""131.1MiB / 122.8GiB""},{""name"":""lab-wc-tls"",""cpu"":""0.00%"",""mem"":""30.18MiB / 122.8GiB""},{""name"":""lab-prestashop"",""cpu"":""0.01%"",""mem"":""117MiB / 122.8GiB""},{""name"":""lab-woocommerce"",""cpu"":""0.01%"",""mem"":""204.1MiB / 122.8GiB""},{""name"":""lab-redis"",""cpu"":""0.30%"",""mem"":""75.9MiB / 122.8GiB""},{""name"":""lab-postgres"",""cpu"":""0.51%"",""mem"":""241.8MiB / 122.8GiB""},{""name"":""lab-mysql"",""cpu"":""14.71%"",""mem"":""709.3MiB / 122.8GiB""},{""name"":""lab-woocommerce-mysql"",""cpu"":""0.87%"",""mem"":""485.3MiB / 122.8GiB""},{""name"":""lab-allegro-stub"",""cpu"":""0.01%"",""mem"":""30.17MiB / 122.8GiB""}]"
2026-09-09T06:41:24Z,4,0,0,53,0,2663446195,"[{""name"":""lab-worker-1"",""cpu"":""0.41%"",""mem"":""95.09MiB / 122.8GiB""},{""name"":""lab-api"",""cpu"":""0.00%"",""mem"":""131.1MiB / 122.8GiB""},{""name"":""lab-wc-tls"",""cpu"":""0.00%"",""mem"":""30.18MiB / 122.8GiB""},{""name"":""lab-prestashop"",""cpu"":""0.01%"",""mem"":""115MiB / 122.8GiB""},{""name"":""lab-woocommerce"",""cpu"":""0.00%"",""mem"":""204.1MiB / 122.8GiB""},{""name"":""lab-redis"",""cpu"":""0.29%"",""mem"":""76.15MiB / 122.8GiB""},{""name"":""lab-postgres"",""cpu"":""0.51%"",""mem"":""241.6MiB / 122.8GiB""},{""name"":""lab-mysql"",""cpu"":""15.08%"",""mem"":""709.1MiB / 122.8GiB""},{""name"":""lab-woocommerce-mysql"",""cpu"":""0.88%"",""mem"":""485.3MiB / 122.8GiB""},{""name"":""lab-allegro-stub"",""cpu"":""0.00%"",""mem"":""30.17MiB / 122.8GiB""}]"
2026-09-09T06:41:28Z,3,0,0,53,0,2663446195,"[{""name"":""lab-worker-1"",""cpu"":""0.44%"",""mem"":""95.19MiB / 122.8GiB""},{""name"":""lab-api"",""cpu"":""0.00%"",""mem"":""131.1MiB / 122.8GiB""},{""name"":""lab-wc-tls"",""cpu"":""0.00%"",""mem"":""30.18MiB / 122.8GiB""},{""name"":""lab-prestashop"",""cpu"":""0.01%"",""mem"":""115MiB / 122.8GiB""},{""name"":""lab-woocommerce"",""cpu"":""11.05%"",""mem"":""214.5MiB / 122.8GiB""},{""name"":""lab-redis"",""cpu"":""0.26%"",""mem"":""75.9MiB / 122.8GiB""},{""name"":""lab-postgres"",""cpu"":""0.47%"",""mem"":""241.6MiB / 122.8GiB""},{""name"":""lab-mysql"",""cpu"":""14.81%"",""mem"":""709.1MiB / 122.8GiB""},{""name"":""lab-woocommerce-mysql"",""cpu"":""1.76%"",""mem"":""485.4MiB / 122.8GiB""},{""name"":""lab-allegro-stub"",""cpu"":""0.00%"",""mem"":""30.17MiB / 122.8GiB""}]"
2026-09-09T06:41:32Z,4,0,0,53,0,2663446195,"[{""name"":""lab-worker-1"",""cpu"":""0.43%"",""mem"":""95.29MiB / 122.8GiB""},{""name"":""lab-api"",""cpu"":""0.00%"",""mem"":""131.1MiB / 122.8GiB""},{""name"":""lab-wc-tls"",""cpu"":""0.00%"",""mem"":""30.18MiB / 122.8GiB""},{""name"":""lab-prestashop"",""cpu"":""0.00%"",""mem"":""115MiB / 122.8GiB""},{""name"":""lab-woocommerce"",""cpu"":""0.01%"",""mem"":""204.1MiB / 122.8GiB""},{""name"":""lab-redis"",""cpu"":""0.28%"",""mem"":""75.9MiB / 122.8GiB""},{""name"":""lab-postgres"",""cpu"":""0.49%"",""mem"":""241.6MiB / 122.8GiB""},{""name"":""lab-mysql"",""cpu"":""20.13%"",""mem"":""709.7MiB / 122.8GiB""},{""name"":""lab-woocommerce-mysql"",""cpu"":""0.86%"",""mem"":""485.3MiB / 122.8GiB""},{""name"":""lab-allegro-stub"",""cpu"":""0.01%"",""mem"":""30.17MiB / 122.8GiB""}]"
2026-09-09T06:41:36Z,4,0,0,53,0,2663446195,"[{""name"":""lab-worker-1"",""cpu"":""0.48%"",""mem"":""95.39MiB / 122.8GiB""},{""name"":""lab-api"",""cpu"":""0.00%"",""mem"":""131.1MiB / 122.8GiB""},{""name"":""lab-wc-tls"",""cpu"":""0.00%"",""mem"":""30.18MiB / 122.8GiB""},{""name"":""lab-prestashop"",""cpu"":""0.01%"",""mem"":""115MiB / 122.8GiB""},{""name"":""lab-woocommerce"",""cpu"":""0.00%"",""mem"":""204.1MiB / 122.8GiB""},{""name"":""lab-redis"",""cpu"":""5.14%"",""mem"":""76.16MiB / 122.8GiB""},{""name"":""lab-postgres"",""cpu"":""0.43%"",""mem"":""241.6MiB / 122.8GiB""},{""name"":""lab-mysql"",""cpu"":""14.94%"",""mem"":""709.6MiB / 122.8GiB""},{""name"":""lab-woocommerce-mysql"",""cpu"":""5.60%"",""mem"":""485.4MiB / 122.8GiB""},{""name"":""lab-allegro-stub"",""cpu"":""0.00%"",""mem"":""30.17MiB / 122.8GiB""}]"
2026-09-09T06:41:39Z,4,0,0,53,0,2663446195,"[{""name"":""lab-worker-1"",""cpu"":""0.41%"",""mem"":""95.5MiB / 122.8GiB""},{""name"":""lab-api"",""cpu"":""0.00%"",""mem"":""131.1MiB / 122.8GiB""},{""name"":""lab-wc-tls"",""cpu"":""0.00%"",""mem"":""30.18MiB / 122.8GiB""},{""name"":""lab-prestashop"",""cpu"":""0.01%"",""mem"":""115MiB / 122.8GiB""},{""name"":""lab-woocommerce"",""cpu"":""0.01%"",""mem"":""204.1MiB / 122.8GiB""},{""name"":""lab-redis"",""cpu"":""0.28%"",""mem"":""75.9MiB / 122.8GiB""},{""name"":""lab-postgres"",""cpu"":""0.41%"",""mem"":""241.6MiB / 122.8GiB""},{""name"":""lab-mysql"",""cpu"":""10.82%"",""mem"":""709.1MiB / 122.8GiB""},{""name"":""lab-woocommerce-mysql"",""cpu"":""0.88%"",""mem"":""485.3MiB / 122.8GiB""},{""name"":""lab-allegro-stub"",""cpu"":""0.00%"",""mem"":""30.17MiB / 122.8GiB""}]"
2026-09-09T06:41:43Z,3,0,0,53,0,2663446195,"[{""name"":""lab-worker-1"",""cpu"":""0.42%"",""mem"":""95.64MiB / 122.8GiB""},{""name"":""lab-api"",""cpu"":""0.00%"",""mem"":""131.1MiB / 122.8GiB""},{""name"":""lab-wc-tls"",""cpu"":""0.00%"",""mem"":""30.18MiB / 122.8GiB""},{""name"":""lab-prestashop"",""cpu"":""0.01%"",""mem"":""115MiB / 122.8GiB""},{""name"":""lab-woocommerce"",""cpu"":""0.01%"",""mem"":""204.1MiB / 122.8GiB""},{""name"":""lab-redis"",""cpu"":""0.27%"",""mem"":""75.9MiB / 122.8GiB""},{""name"":""lab-postgres"",""cpu"":""0.41%"",""mem"":""241.6MiB / 122.8GiB""},{""name"":""lab-mysql"",""cpu"":""19.72%"",""mem"":""711MiB / 122.8GiB""},{""name"":""lab-woocommerce-mysql"",""cpu"":""0.90%"",""mem"":""485.3MiB / 122.8GiB""},{""name"":""lab-allegro-stub"",""cpu"":""0.00%"",""mem"":""30.17MiB / 122.8GiB""}]"
2026-09-09T06:41:47Z,4,0,0,53,0,2663446195,"[{""name"":""lab-worker-1"",""cpu"":""0.40%"",""mem"":""95.78MiB / 122.8GiB""},{""name"":""lab-api"",""cpu"":""0.00%"",""mem"":""131.1MiB / 122.8GiB""},{""name"":""lab-wc-tls"",""cpu"":""0.00%"",""mem"":""30.18MiB / 122.8GiB""},{""name"":""lab-prestashop"",""cpu"":""0.01%"",""mem"":""115MiB / 122.8GiB""},{""name"":""lab-woocommerce"",""cpu"":""0.01%"",""mem"":""204.1MiB / 122.8GiB""},{""name"":""lab-redis"",""cpu"":""0.26%"",""mem"":""75.9MiB / 122.8GiB""},{""name"":""lab-postgres"",""cpu"":""0.46%"",""mem"":""241.6MiB / 122.8GiB""},{""name"":""lab-mysql"",""cpu"":""15.37%"",""mem"":""709.4MiB / 122.8GiB""},{""name"":""lab-woocommerce-mysql"",""cpu"":""0.90%"",""mem"":""485.4MiB / 122.8GiB""},{""name"":""lab-allegro-stub"",""cpu"":""4.24%"",""mem"":""30.17MiB / 122.8GiB""}]"
2026-09-09T06:41:50Z,4,0,0,53,0,2663446195,"[{""name"":""lab-worker-1"",""cpu"":""0.52%"",""mem"":""95.89MiB / 122.8GiB""},{""name"":""lab-api"",""cpu"":""0.00%"",""mem"":""131.1MiB / 122.8GiB""},{""name"":""lab-wc-tls"",""cpu"":""0.00%"",""mem"":""30.18MiB / 122.8GiB""},{""name"":""lab-prestashop"",""cpu"":""0.01%"",""mem"":""115MiB / 122.8GiB""},{""name"":""lab-woocommerce"",""cpu"":""0.00%"",""mem"":""204.1MiB / 122.8GiB""},{""name"":""lab-redis"",""cpu"":""0.29%"",""mem"":""75.9MiB / 122.8GiB""},{""name"":""lab-postgres"",""cpu"":""0.46%"",""mem"":""241.6MiB / 122.8GiB""},{""name"":""lab-mysql"",""cpu"":""14.79%"",""mem"":""709.6MiB / 122.8GiB""},{""name"":""lab-woocommerce-mysql"",""cpu"":""0.93%"",""mem"":""485.3MiB / 122.8GiB""},{""name"":""lab-allegro-stub"",""cpu"":""0.00%"",""mem"":""30.17MiB / 122.8GiB""}]"
2026-09-09T06:41:54Z,3,0,0,53,0,2663446195,"[{""name"":""lab-worker-1"",""cpu"":""0.61%"",""mem"":""95.95MiB / 122.8GiB""},{""name"":""lab-api"",""cpu"":""0.00%"",""mem"":""131.1MiB / 122.8GiB""},{""name"":""lab-wc-tls"",""cpu"":""0.00%"",""mem"":""30.18MiB / 122.8GiB""},{""name"":""lab-prestashop"",""cpu"":""0.01%"",""mem"":""113MiB / 122.8GiB""},{""name"":""lab-woocommerce"",""cpu"":""0.00%"",""mem"":""204.1MiB / 122.8GiB""},{""name"":""lab-redis"",""cpu"":""0.26%"",""mem"":""75.9MiB / 122.8GiB""},{""name"":""lab-postgres"",""cpu"":""5.86%"",""mem"":""241.6MiB / 122.8GiB""},{""name"":""lab-mysql"",""cpu"":""15.11%"",""mem"":""709.1MiB / 122.8GiB""},{""name"":""lab-woocommerce-mysql"",""cpu"":""0.86%"",""mem"":""485.3MiB / 122.8GiB""},{""name"":""lab-allegro-stub"",""cpu"":""0.00%"",""mem"":""30.17MiB / 122.8GiB""}]"
2026-09-09T06:41:58Z,4,0,0,53,0,2663446195,"[{""name"":""lab-worker-1"",""cpu"":""1.23%"",""mem"":""96.17MiB / 122.8GiB""},{""name"":""lab-api"",""cpu"":""0.00%"",""mem"":""131.1MiB / 122.8GiB""},{""name"":""lab-wc-tls"",""cpu"":""0.00%"",""mem"":""30.18MiB / 122.8GiB""},{""name"":""lab-prestashop"",""cpu"":""0.01%"",""mem"":""113MiB / 122.8GiB""},{""name"":""lab-woocommerce"",""cpu"":""0.01%"",""mem"":""204.1MiB / 122.8GiB""},{""name"":""lab-redis"",""cpu"":""0.27%"",""mem"":""75.9MiB / 122.8GiB""},{""name"":""lab-postgres"",""cpu"":""0.44%"",""mem"":""241.6MiB / 122.8GiB""},{""name"":""lab-mysql"",""cpu"":""14.76%"",""mem"":""709.1MiB / 122.8GiB""},{""name"":""lab-woocommerce-mysql"",""cpu"":""0.94%"",""mem"":""485.3MiB / 122.8GiB""},{""name"":""lab-allegro-stub"",""cpu"":""0.00%"",""mem"":""30.17MiB / 122.8GiB""}]"
2026-09-09T06:42:02Z,4,0,0,53,0,2663446195,"[{""name"":""lab-worker-1"",""cpu"":""0.41%"",""mem"":""96.14MiB / 122.8GiB""},{""name"":""lab-api"",""cpu"":""0.00%"",""mem"":""131.1MiB / 122.8GiB""},{""name"":""lab-wc-tls"",""cpu"":""0.00%"",""mem"":""30.18MiB / 122.8GiB""},{""name"":""lab-prestashop"",""cpu"":""0.01%"",""mem"":""113MiB / 122.8GiB""},{""name"":""lab-woocommerce"",""cpu"":""0.01%"",""mem"":""204.1MiB / 122.8GiB""},{""name"":""lab-redis"",""cpu"":""0.31%"",""mem"":""75.9MiB / 122.8GiB""},{""name"":""lab-postgres"",""cpu"":""0.42%"",""mem"":""241.6MiB / 122.8GiB""},{""name"":""lab-mysql"",""cpu"":""15.24%"",""mem"":""721.6MiB / 122.8GiB""},{""name"":""lab-woocommerce-mysql"",""cpu"":""0.94%"",""mem"":""485.3MiB / 122.8GiB""},{""name"":""lab-allegro-stub"",""cpu"":""4.14%"",""mem"":""30.18MiB / 122.8GiB""}]"
2026-09-09T06:42:05Z,4,0,0,53,0,2663446195,"[{""name"":""lab-worker-1"",""cpu"":""0.54%"",""mem"":""96.26MiB / 122.8GiB""},{""name"":""lab-api"",""cpu"":""0.00%"",""mem"":""131.1MiB / 122.8GiB""},{""name"":""lab-wc-tls"",""cpu"":""0.00%"",""mem"":""30.18MiB / 122.8GiB""},{""name"":""lab-prestashop"",""cpu"":""15.80%"",""mem"":""113MiB / 122.8GiB""},{""name"":""lab-woocommerce"",""cpu"":""0.01%"",""mem"":""204.1MiB / 122.8GiB""},{""name"":""lab-redis"",""cpu"":""0.27%"",""mem"":""75.9MiB / 122.8GiB""},{""name"":""lab-postgres"",""cpu"":""0.44%"",""mem"":""241.6MiB / 122.8GiB""},{""name"":""lab-mysql"",""cpu"":""25.02%"",""mem"":""709.4MiB / 122.8GiB""},{""name"":""lab-woocommerce-mysql"",""cpu"":""0.73%"",""mem"":""485.3MiB / 122.8GiB""},{""name"":""lab-allegro-stub"",""cpu"":""0.00%"",""mem"":""30.17MiB / 122.8GiB""}]"
2026-09-09T06:42:09Z,3,0,0,53,0,2663446195,"[{""name"":""lab-worker-1"",""cpu"":""0.53%"",""mem"":""96.36MiB / 122.8GiB""},{""name"":""lab-api"",""cpu"":""0.00%"",""mem"":""131.1MiB / 122.8GiB""},{""name"":""lab-wc-tls"",""cpu"":""0.00%"",""mem"":""30.18MiB / 122.8GiB""},{""name"":""lab-prestashop"",""cpu"":""0.01%"",""mem"":""113MiB / 122.8GiB""},{""name"":""lab-woocommerce"",""cpu"":""0.01%"",""mem"":""204.1MiB / 122.8GiB""},{""name"":""lab-redis"",""cpu"":""0.27%"",""mem"":""75.9MiB / 122.8GiB""},{""name"":""lab-postgres"",""cpu"":""0.40%"",""mem"":""241.6MiB / 122.8GiB""},{""name"":""lab-mysql"",""cpu"":""15.13%"",""mem"":""709.2MiB / 122.8GiB""},{""name"":""lab-woocommerce-mysql"",""cpu"":""0.85%"",""mem"":""485.3MiB / 122.8GiB""},{""name"":""lab-allegro-stub"",""cpu"":""0.00%"",""mem"":""30.17MiB / 122.8GiB""}]"
2026-09-09T06:42:13Z,4,0,0,53,0,2663446195,"[{""name"":""lab-worker-1"",""cpu"":""2.62%"",""mem"":""96.75MiB / 122.8GiB""},{""name"":""lab-api"",""cpu"":""0.00%"",""mem"":""131.1MiB / 122.8GiB""},{""name"":""lab-wc-tls"",""cpu"":""0.00%"",""mem"":""30.18MiB / 122.8GiB""},{""name"":""lab-prestashop"",""cpu"":""0.01%"",""mem"":""113MiB / 122.8GiB""},{""name"":""lab-woocommerce"",""cpu"":""0.01%"",""mem"":""204.1MiB / 122.8GiB""},{""name"":""lab-redis"",""cpu"":""0.27%"",""mem"":""75.9MiB / 122.8GiB""},{""name"":""lab-postgres"",""cpu"":""0.50%"",""mem"":""241.6MiB / 122.8GiB""},{""name"":""lab-mysql"",""cpu"":""15.15%"",""mem"":""709MiB / 122.8GiB""},{""name"":""lab-woocommerce-mysql"",""cpu"":""0.97%"",""mem"":""485.3MiB / 122.8GiB""},{""name"":""lab-allegro-stub"",""cpu"":""0.00%"",""mem"":""30.17MiB / 122.8GiB""}]"
2026-09-09T06:42:16Z,4,0,0,53,0,2663446195,"[{""name"":""lab-worker-1"",""cpu"":""0.46%"",""mem"":""96.44MiB / 122.8GiB""},{""name"":""lab-api"",""cpu"":""0.00%"",""mem"":""131.1MiB / 122.8GiB""},{""name"":""lab-wc-tls"",""cpu"":""0.00%"",""mem"":""30.18MiB / 122.8GiB""},{""name"":""lab-prestashop"",""cpu"":""0.00%"",""mem"":""113MiB / 122.8GiB""},{""name"":""lab-woocommerce"",""cpu"":""0.00%"",""mem"":""204.1MiB / 122.8GiB""},{""name"":""lab-redis"",""cpu"":""4.39%"",""mem"":""75.9MiB / 122.8GiB""},{""name"":""lab-postgres"",""cpu"":""0.45%"",""mem"":""241.6MiB / 122.8GiB""},{""name"":""lab-mysql"",""cpu"":""15.25%"",""mem"":""709.4MiB / 122.8GiB""},{""name"":""lab-woocommerce-mysql"",""cpu"":""5.73%"",""mem"":""485.3MiB / 122.8GiB""},{""name"":""lab-allegro-stub"",""cpu"":""1.63%"",""mem"":""30.17MiB / 122.8GiB""}]"
2026-09-09T06:42:20Z,3,0,0,53,0,2663446195,"[{""name"":""lab-worker-1"",""cpu"":""0.88%"",""mem"":""96.55MiB / 122.8GiB""},{""name"":""lab-api"",""cpu"":""0.00%"",""mem"":""131.1MiB / 122.8GiB""},{""name"":""lab-wc-tls"",""cpu"":""0.00%"",""mem"":""30.18MiB / 122.8GiB""},{""name"":""lab-prestashop"",""cpu"":""0.01%"",""mem"":""113MiB / 122.8GiB""},{""name"":""lab-woocommerce"",""cpu"":""0.00%"",""mem"":""204.1MiB / 122.8GiB""},{""name"":""lab-redis"",""cpu"":""0.29%"",""mem"":""76.15MiB / 122.8GiB""},{""name"":""lab-postgres"",""cpu"":""0.49%"",""mem"":""241.6MiB / 122.8GiB""},{""name"":""lab-mysql"",""cpu"":""14.64%"",""mem"":""709.3MiB / 122.8GiB""},{""name"":""lab-woocommerce-mysql"",""cpu"":""0.89%"",""mem"":""485.3MiB / 122.8GiB""},{""name"":""lab-allegro-stub"",""cpu"":""0.00%"",""mem"":""30.17MiB / 122.8GiB""}]"
2026-09-09T06:42:24Z,4,0,0,53,0,2663446195,"[{""name"":""lab-worker-1"",""cpu"":""0.59%"",""mem"":""96.88MiB / 122.8GiB""},{""name"":""lab-api"",""cpu"":""0.00%"",""mem"":""131.1MiB / 122.8GiB""},{""name"":""lab-wc-tls"",""cpu"":""0.00%"",""mem"":""30.18MiB / 122.8GiB""},{""name"":""lab-prestashop"",""cpu"":""0.00%"",""mem"":""111MiB / 122.8GiB""},{""name"":""lab-woocommerce"",""cpu"":""0.01%"",""mem"":""204.1MiB / 122.8GiB""},{""name"":""lab-redis"",""cpu"":""0.29%"",""mem"":""75.9MiB / 122.8GiB""},{""name"":""lab-postgres"",""cpu"":""5.68%"",""mem"":""241.7MiB / 122.8GiB""},{""name"":""lab-mysql"",""cpu"":""14.53%"",""mem"":""715.1MiB / 122.8GiB""},{""name"":""lab-woocommerce-mysql"",""cpu"":""0.91%"",""mem"":""485.3MiB / 122.8GiB""},{""name"":""lab-allegro-stub"",""cpu"":""0.00%"",""mem"":""30.17MiB / 122.8GiB""}]"
2026-09-09T06:42:27Z,4,0,0,53,0,2663446195,"[{""name"":""lab-worker-1"",""cpu"":""0.76%"",""mem"":""97.1MiB / 122.8GiB""},{""name"":""lab-api"",""cpu"":""0.00%"",""mem"":""131.1MiB / 122.8GiB""},{""name"":""lab-wc-tls"",""cpu"":""0.00%"",""mem"":""30.18MiB / 122.8GiB""},{""name"":""lab-prestashop"",""cpu"":""15.91%"",""mem"":""111MiB / 122.8GiB""},{""name"":""lab-woocommerce"",""cpu"":""0.01%"",""mem"":""204.1MiB / 122.8GiB""},{""name"":""lab-redis"",""cpu"":""0.28%"",""mem"":""76.15MiB / 122.8GiB""},{""name"":""lab-postgres"",""cpu"":""0.65%"",""mem"":""240.9MiB / 122.8GiB""},{""name"":""lab-mysql"",""cpu"":""27.28%"",""mem"":""709.2MiB / 122.8GiB""},{""name"":""lab-woocommerce-mysql"",""cpu"":""0.81%"",""mem"":""485.4MiB / 122.8GiB""},{""name"":""lab-allegro-stub"",""cpu"":""1.35%"",""mem"":""30.17MiB / 122.8GiB""}]"
2026-09-09T06:42:31Z,3,0,0,53,0,2663446195,"[{""name"":""lab-worker-1"",""cpu"":""0.40%"",""mem"":""97.11MiB / 122.8GiB""},{""name"":""lab-api"",""cpu"":""0.00%"",""mem"":""131.1MiB / 122.8GiB""},{""name"":""lab-wc-tls"",""cpu"":""0.00%"",""mem"":""30.18MiB / 122.8GiB""},{""name"":""lab-prestashop"",""cpu"":""0.00%"",""mem"":""111MiB / 122.8GiB""},{""name"":""lab-woocommerce"",""cpu"":""0.01%"",""mem"":""200.1MiB / 122.8GiB""},{""name"":""lab-redis"",""cpu"":""0.29%"",""mem"":""76.15MiB / 122.8GiB""},{""name"":""lab-postgres"",""cpu"":""0.36%"",""mem"":""240.6MiB / 122.8GiB""},{""name"":""lab-mysql"",""cpu"":""15.43%"",""mem"":""710MiB / 122.8GiB""},{""name"":""lab-woocommerce-mysql"",""cpu"":""0.85%"",""mem"":""485.3MiB / 122.8GiB""},{""name"":""lab-allegro-stub"",""cpu"":""0.00%"",""mem"":""30.17MiB / 122.8GiB""}]"
2026-09-09T06:42:35Z,4,0,0,53,0,2663446195,"[{""name"":""lab-worker-1"",""cpu"":""0.41%"",""mem"":""96.98MiB / 122.8GiB""},{""name"":""lab-api"",""cpu"":""0.00%"",""mem"":""131.1MiB / 122.8GiB""},{""name"":""lab-wc-tls"",""cpu"":""0.00%"",""mem"":""30.18MiB / 122.8GiB""},{""name"":""lab-prestashop"",""cpu"":""0.01%"",""mem"":""111MiB / 122.8GiB""},{""name"":""lab-woocommerce"",""cpu"":""0.00%"",""mem"":""200.1MiB / 122.8GiB""},{""name"":""lab-redis"",""cpu"":""0.27%"",""mem"":""75.9MiB / 122.8GiB""},{""name"":""lab-postgres"",""cpu"":""0.38%"",""mem"":""240.6MiB / 122.8GiB""},{""name"":""lab-mysql"",""cpu"":""11.68%"",""mem"":""710.2MiB / 122.8GiB""},{""name"":""lab-woocommerce-mysql"",""cpu"":""0.90%"",""mem"":""485.3MiB / 122.8GiB""},{""name"":""lab-allegro-stub"",""cpu"":""0.01%"",""mem"":""30.17MiB / 122.8GiB""}]"
2026-09-09T06:42:39Z,4,0,0,53,0,2663446195,"[{""name"":""lab-worker-1"",""cpu"":""0.92%"",""mem"":""97.58MiB / 122.8GiB""},{""name"":""lab-api"",""cpu"":""0.00%"",""mem"":""131.1MiB / 122.8GiB""},{""name"":""lab-wc-tls"",""cpu"":""0.00%"",""mem"":""30.18MiB / 122.8GiB""},{""name"":""lab-prestashop"",""cpu"":""0.01%"",""mem"":""111MiB / 122.8GiB""},{""name"":""lab-woocommerce"",""cpu"":""0.00%"",""mem"":""200.1MiB / 122.8GiB""},{""name"":""lab-redis"",""cpu"":""29.76%"",""mem"":""76.15MiB / 122.8GiB""},{""name"":""lab-postgres"",""cpu"":""0.40%"",""mem"":""240.6MiB / 122.8GiB""},{""name"":""lab-mysql"",""cpu"":""14.78%"",""mem"":""710MiB / 122.8GiB""},{""name"":""lab-woocommerce-mysql"",""cpu"":""0.88%"",""mem"":""485.3MiB / 122.8GiB""},{""name"":""lab-allegro-stub"",""cpu"":""0.00%"",""mem"":""30.17MiB / 122.8GiB""}]"
2026-09-09T06:42:42Z,4,0,0,53,0,2663446195,"[{""name"":""lab-worker-1"",""cpu"":""0.60%"",""mem"":""97.2MiB / 122.8GiB""},{""name"":""lab-api"",""cpu"":""0.00%"",""mem"":""131.1MiB / 122.8GiB""},{""name"":""lab-wc-tls"",""cpu"":""0.00%"",""mem"":""30.18MiB / 122.8GiB""},{""name"":""lab-prestashop"",""cpu"":""0.00%"",""mem"":""111MiB / 122.8GiB""},{""name"":""lab-woocommerce"",""cpu"":""0.01%"",""mem"":""200.1MiB / 122.8GiB""},{""name"":""lab-redis"",""cpu"":""0.29%"",""mem"":""76.15MiB / 122.8GiB""},{""name"":""lab-postgres"",""cpu"":""0.34%"",""mem"":""240.6MiB / 122.8GiB""},{""name"":""lab-mysql"",""cpu"":""20.15%"",""mem"":""710.7MiB / 122.8GiB""},{""name"":""lab-woocommerce-mysql"",""cpu"":""1.28%"",""mem"":""485.3MiB / 122.8GiB""},{""name"":""lab-allegro-stub"",""cpu"":""0.01%"",""mem"":""30.17MiB / 122.8GiB""}]"
2026-09-09T06:42:46Z,3,0,0,53,0,2663446195,"[{""name"":""lab-worker-1"",""cpu"":""0.48%"",""mem"":""97.31MiB / 122.8GiB""},{""name"":""lab-api"",""cpu"":""0.00%"",""mem"":""131.1MiB / 122.8GiB""},{""name"":""lab-wc-tls"",""cpu"":""0.00%"",""mem"":""30.18MiB / 122.8GiB""},{""name"":""lab-prestashop"",""cpu"":""0.00%"",""mem"":""111MiB / 122.8GiB""},{""name"":""lab-woocommerce"",""cpu"":""0.00%"",""mem"":""200.1MiB / 122.8GiB""},{""name"":""lab-redis"",""cpu"":""4.67%"",""mem"":""75.91MiB / 122.8GiB""},{""name"":""lab-postgres"",""cpu"":""0.38%"",""mem"":""240.6MiB / 122.8GiB""},{""name"":""lab-mysql"",""cpu"":""15.26%"",""mem"":""710.7MiB / 122.8GiB""},{""name"":""lab-woocommerce-mysql"",""cpu"":""5.37%"",""mem"":""485.4MiB / 122.8GiB""},{""name"":""lab-allegro-stub"",""cpu"":""0.00%"",""mem"":""30.17MiB / 122.8GiB""}]"
2026-09-09T06:42:50Z,4,0,0,53,0,2663446195,"[{""name"":""lab-worker-1"",""cpu"":""0.56%"",""mem"":""97.41MiB / 122.8GiB""},{""name"":""lab-api"",""cpu"":""0.00%"",""mem"":""131.1MiB / 122.8GiB""},{""name"":""lab-wc-tls"",""cpu"":""0.00%"",""mem"":""30.18MiB / 122.8GiB""},{""name"":""lab-prestashop"",""cpu"":""11.64%"",""mem"":""111MiB / 122.8GiB""},{""name"":""lab-woocommerce"",""cpu"":""0.01%"",""mem"":""200.1MiB / 122.8GiB""},{""name"":""lab-redis"",""cpu"":""0.28%"",""mem"":""75.9MiB / 122.8GiB""},{""name"":""lab-postgres"",""cpu"":""0.20%"",""mem"":""240.6MiB / 122.8GiB""},{""name"":""lab-mysql"",""cpu"":""21.65%"",""mem"":""711MiB / 122.8GiB""},{""name"":""lab-woocommerce-mysql"",""cpu"":""0.78%"",""mem"":""485.3MiB / 122.8GiB""},{""name"":""lab-allegro-stub"",""cpu"":""0.00%"",""mem"":""30.17MiB / 122.8GiB""}]"
2026-09-09T06:42:53Z,4,0,0,53,0,2663446195,"[{""name"":""lab-worker-1"",""cpu"":""1.04%"",""mem"":""97.61MiB / 122.8GiB""},{""name"":""lab-api"",""cpu"":""0.00%"",""mem"":""131.1MiB / 122.8GiB""},{""name"":""lab-wc-tls"",""cpu"":""0.00%"",""mem"":""30.18MiB / 122.8GiB""},{""name"":""lab-prestashop"",""cpu"":""0.01%"",""mem"":""109MiB / 122.8GiB""},{""name"":""lab-woocommerce"",""cpu"":""0.00%"",""mem"":""200.1MiB / 122.8GiB""},{""name"":""lab-redis"",""cpu"":""0.26%"",""mem"":""75.9MiB / 122.8GiB""},{""name"":""lab-postgres"",""cpu"":""0.41%"",""mem"":""240.6MiB / 122.8GiB""},{""name"":""lab-mysql"",""cpu"":""15.55%"",""mem"":""710.6MiB / 122.8GiB""},{""name"":""lab-woocommerce-mysql"",""cpu"":""0.90%"",""mem"":""485.3MiB / 122.8GiB""},{""name"":""lab-allegro-stub"",""cpu"":""0.00%"",""mem"":""30.17MiB / 122.8GiB""}]"
2026-09-09T06:42:57Z,3,0,0,53,0,2663446195,"[{""name"":""lab-worker-1"",""cpu"":""0.38%"",""mem"":""97.63MiB / 122.8GiB""},{""name"":""lab-api"",""cpu"":""0.00%"",""mem"":""131.1MiB / 122.8GiB""},{""name"":""lab-wc-tls"",""cpu"":""0.00%"",""mem"":""30.18MiB / 122.8GiB""},{""name"":""lab-prestashop"",""cpu"":""0.01%"",""mem"":""109MiB / 122.8GiB""},{""name"":""lab-woocommerce"",""cpu"":""0.01%"",""mem"":""200.1MiB / 122.8GiB""},{""name"":""lab-redis"",""cpu"":""0.27%"",""mem"":""75.9MiB / 122.8GiB""},{""name"":""lab-postgres"",""cpu"":""0.38%"",""mem"":""240.8MiB / 122.8GiB""},{""name"":""lab-mysql"",""cpu"":""11.04%"",""mem"":""710.6MiB / 122.8GiB""},{""name"":""lab-woocommerce-mysql"",""cpu"":""0.87%"",""mem"":""485.4MiB / 122.8GiB""},{""name"":""lab-allegro-stub"",""cpu"":""4.24%"",""mem"":""30.18MiB / 122.8GiB""}]"
2026-09-09T06:43:01Z,4,0,0,53,0,2663446195,"[{""name"":""lab-worker-1"",""cpu"":""1.04%"",""mem"":""98.01MiB / 122.8GiB""},{""name"":""lab-api"",""cpu"":""0.00%"",""mem"":""131.1MiB / 122.8GiB""},{""name"":""lab-wc-tls"",""cpu"":""0.00%"",""mem"":""30.18MiB / 122.8GiB""},{""name"":""lab-prestashop"",""cpu"":""0.00%"",""mem"":""109MiB / 122.8GiB""},{""name"":""lab-woocommerce"",""cpu"":""0.01%"",""mem"":""202.1MiB / 122.8GiB""},{""name"":""lab-redis"",""cpu"":""0.29%"",""mem"":""76.15MiB / 122.8GiB""},{""name"":""lab-postgres"",""cpu"":""0.35%"",""mem"":""240.6MiB / 122.8GiB""},{""name"":""lab-mysql"",""cpu"":""15.00%"",""mem"":""710.9MiB / 122.8GiB""},{""name"":""lab-woocommerce-mysql"",""cpu"":""0.85%"",""mem"":""485.3MiB / 122.8GiB""},{""name"":""lab-allegro-stub"",""cpu"":""0.00%"",""mem"":""30.17MiB / 122.8GiB""}]"
2026-09-09T06:43:04Z,4,0,0,53,0,2663446195,"[{""name"":""lab-worker-1"",""cpu"":""0.40%"",""mem"":""97.88MiB / 122.8GiB""},{""name"":""lab-api"",""cpu"":""0.00%"",""mem"":""131.1MiB / 122.8GiB""},{""name"":""lab-wc-tls"",""cpu"":""0.00%"",""mem"":""30.18MiB / 122.8GiB""},{""name"":""lab-prestashop"",""cpu"":""0.01%"",""mem"":""109MiB / 122.8GiB""},{""name"":""lab-woocommerce"",""cpu"":""0.01%"",""mem"":""202.1MiB / 122.8GiB""},{""name"":""lab-redis"",""cpu"":""0.26%"",""mem"":""75.9MiB / 122.8GiB""},{""name"":""lab-postgres"",""cpu"":""5.58%"",""mem"":""240.6MiB / 122.8GiB""},{""name"":""lab-mysql"",""cpu"":""14.91%"",""mem"":""710.9MiB / 122.8GiB""},{""name"":""lab-woocommerce-mysql"",""cpu"":""0.86%"",""mem"":""485.3MiB / 122.8GiB""},{""name"":""lab-allegro-stub"",""cpu"":""0.01%"",""mem"":""30.17MiB / 122.8GiB""}]"
2026-09-09T06:43:08Z,3,0,0,53,0,2663446195,"[{""name"":""lab-worker-1"",""cpu"":""0.38%"",""mem"":""97.98MiB / 122.8GiB""},{""name"":""lab-api"",""cpu"":""0.00%"",""mem"":""131.1MiB / 122.8GiB""},{""name"":""lab-wc-tls"",""cpu"":""0.00%"",""mem"":""30.18MiB / 122.8GiB""},{""name"":""lab-prestashop"",""cpu"":""0.01%"",""mem"":""109MiB / 122.8GiB""},{""name"":""lab-woocommerce"",""cpu"":""0.01%"",""mem"":""202.1MiB / 122.8GiB""},{""name"":""lab-redis"",""cpu"":""0.26%"",""mem"":""75.9MiB / 122.8GiB""},{""name"":""lab-postgres"",""cpu"":""0.34%"",""mem"":""240.6MiB / 122.8GiB""},{""name"":""lab-mysql"",""cpu"":""14.68%"",""mem"":""710.7MiB / 122.8GiB""},{""name"":""lab-woocommerce-mysql"",""cpu"":""0.84%"",""mem"":""485.3MiB / 122.8GiB""},{""name"":""lab-allegro-stub"",""cpu"":""0.01%"",""mem"":""30.17MiB / 122.8GiB""}]"
2026-09-09T06:43:12Z,4,0,0,53,0,2663446195,"[{""name"":""lab-worker-1"",""cpu"":""0.41%"",""mem"":""98.38MiB / 122.8GiB""},{""name"":""lab-api"",""cpu"":""0.00%"",""mem"":""131.1MiB / 122.8GiB""},{""name"":""lab-wc-tls"",""cpu"":""0.00%"",""mem"":""30.18MiB / 122.8GiB""},{""name"":""lab-prestashop"",""cpu"":""0.00%"",""mem"":""109MiB / 122.8GiB""},{""name"":""lab-woocommerce"",""cpu"":""0.00%"",""mem"":""202.1MiB / 122.8GiB""},{""name"":""lab-redis"",""cpu"":""0.26%"",""mem"":""75.9MiB / 122.8GiB""},{""name"":""lab-postgres"",""cpu"":""0.38%"",""mem"":""240.6MiB / 122.8GiB""},{""name"":""lab-mysql"",""cpu"":""11.61%"",""mem"":""715.6MiB / 122.8GiB""},{""name"":""lab-woocommerce-mysql"",""cpu"":""0.86%"",""mem"":""485.3MiB / 122.8GiB""},{""name"":""lab-allegro-stub"",""cpu"":""0.00%"",""mem"":""30.17MiB / 122.8GiB""}]"
2026-09-09T06:43:16Z,4,0,0,53,0,2663446195,"[{""name"":""lab-worker-1"",""cpu"":""0.51%"",""mem"":""98.24MiB / 122.8GiB""},{""name"":""lab-api"",""cpu"":""0.00%"",""mem"":""131.1MiB / 122.8GiB""},{""name"":""lab-wc-tls"",""cpu"":""0.00%"",""mem"":""30.18MiB / 122.8GiB""},{""name"":""lab-prestashop"",""cpu"":""0.00%"",""mem"":""109MiB / 122.8GiB""},{""name"":""lab-woocommerce"",""cpu"":""0.01%"",""mem"":""202.1MiB / 122.8GiB""},{""name"":""lab-redis"",""cpu"":""0.27%"",""mem"":""76.15MiB / 122.8GiB""},{""name"":""lab-postgres"",""cpu"":""0.36%"",""mem"":""240.6MiB / 122.8GiB""},{""name"":""lab-mysql"",""cpu"":""15.17%"",""mem"":""710.7MiB / 122.8GiB""},{""name"":""lab-woocommerce-mysql"",""cpu"":""0.81%"",""mem"":""485.3MiB / 122.8GiB""},{""name"":""lab-allegro-stub"",""cpu"":""0.00%"",""mem"":""30.17MiB / 122.8GiB""}]"
2026-09-09T06:43:19Z,4,0,0,53,0,2663446195,"[{""name"":""lab-worker-1"",""cpu"":""0.61%"",""mem"":""98.37MiB / 122.8GiB""},{""name"":""lab-api"",""cpu"":""0.00%"",""mem"":""131.1MiB / 122.8GiB""},{""name"":""lab-wc-tls"",""cpu"":""0.00%"",""mem"":""30.18MiB / 122.8GiB""},{""name"":""lab-prestashop"",""cpu"":""0.00%"",""mem"":""109MiB / 122.8GiB""},{""name"":""lab-woocommerce"",""cpu"":""0.01%"",""mem"":""202.1MiB / 122.8GiB""},{""name"":""lab-redis"",""cpu"":""0.27%"",""mem"":""75.9MiB / 122.8GiB""},{""name"":""lab-postgres"",""cpu"":""0.36%"",""mem"":""240.6MiB / 122.8GiB""},{""name"":""lab-mysql"",""cpu"":""13.47%"",""mem"":""711.2MiB / 122.8GiB""},{""name"":""lab-woocommerce-mysql"",""cpu"":""0.90%"",""mem"":""485.3MiB / 122.8GiB""},{""name"":""lab-allegro-stub"",""cpu"":""0.00%"",""mem"":""30.18MiB / 122.8GiB""}]"
2026-09-09T06:43:23Z,3,0,0,53,0,2663446195,"[{""name"":""lab-worker-1"",""cpu"":""0.76%"",""mem"":""98.64MiB / 122.8GiB""},{""name"":""lab-api"",""cpu"":""0.00%"",""mem"":""131.1MiB / 122.8GiB""},{""name"":""lab-wc-tls"",""cpu"":""0.00%"",""mem"":""30.18MiB / 122.8GiB""},{""name"":""lab-prestashop"",""cpu"":""0.01%"",""mem"":""109MiB / 122.8GiB""},{""name"":""lab-woocommerce"",""cpu"":""0.00%"",""mem"":""202.1MiB / 122.8GiB""},{""name"":""lab-redis"",""cpu"":""0.29%"",""mem"":""76.15MiB / 122.8GiB""},{""name"":""lab-postgres"",""cpu"":""0.34%"",""mem"":""240.6MiB / 122.8GiB""},{""name"":""lab-mysql"",""cpu"":""19.02%"",""mem"":""710.7MiB / 122.8GiB""},{""name"":""lab-woocommerce-mysql"",""cpu"":""0.84%"",""mem"":""485.3MiB / 122.8GiB""},{""name"":""lab-allegro-stub"",""cpu"":""2.79%"",""mem"":""30.17MiB / 122.8GiB""}]"
2026-09-09T06:43:27Z,4,0,0,53,0,2663446195,"[{""name"":""lab-worker-1"",""cpu"":""0.38%"",""mem"":""98.64MiB / 122.8GiB""},{""name"":""lab-api"",""cpu"":""0.00%"",""mem"":""131.1MiB / 122.8GiB""},{""name"":""lab-wc-tls"",""cpu"":""0.00%"",""mem"":""30.18MiB / 122.8GiB""},{""name"":""lab-prestashop"",""cpu"":""0.01%"",""mem"":""109MiB / 122.8GiB""},{""name"":""lab-woocommerce"",""cpu"":""0.01%"",""mem"":""202.1MiB / 122.8GiB""},{""name"":""lab-redis"",""cpu"":""4.61%"",""mem"":""76.15MiB / 122.8GiB""},{""name"":""lab-postgres"",""cpu"":""0.33%"",""mem"":""240.6MiB / 122.8GiB""},{""name"":""lab-mysql"",""cpu"":""15.33%"",""mem"":""711.2MiB / 122.8GiB""},{""name"":""lab-woocommerce-mysql"",""cpu"":""5.12%"",""mem"":""485.6MiB / 122.8GiB""},{""name"":""lab-allegro-stub"",""cpu"":""0.00%"",""mem"":""30.17MiB / 122.8GiB""}]"
2026-09-09T06:43:30Z,4,0,0,53,0,2663446195,"[{""name"":""lab-worker-1"",""cpu"":""0.44%"",""mem"":""98.73MiB / 122.8GiB""},{""name"":""lab-api"",""cpu"":""0.00%"",""mem"":""131.1MiB / 122.8GiB""},{""name"":""lab-wc-tls"",""cpu"":""0.00%"",""mem"":""30.18MiB / 122.8GiB""},{""name"":""lab-prestashop"",""cpu"":""0.00%"",""mem"":""109MiB / 122.8GiB""},{""name"":""lab-woocommerce"",""cpu"":""0.01%"",""mem"":""198.1MiB / 122.8GiB""},{""name"":""lab-redis"",""cpu"":""0.29%"",""mem"":""75.9MiB / 122.8GiB""},{""name"":""lab-postgres"",""cpu"":""0.37%"",""mem"":""240.6MiB / 122.8GiB""},{""name"":""lab-mysql"",""cpu"":""14.63%"",""mem"":""710.9MiB / 122.8GiB""},{""name"":""lab-woocommerce-mysql"",""cpu"":""1.06%"",""mem"":""485.4MiB / 122.8GiB""},{""name"":""lab-allegro-stub"",""cpu"":""0.00%"",""mem"":""30.17MiB / 122.8GiB""}]"
2026-09-09T06:43:34Z,3,0,0,53,0,2663446195,"[{""name"":""lab-worker-1"",""cpu"":""0.40%"",""mem"":""98.64MiB / 122.8GiB""},{""name"":""lab-api"",""cpu"":""0.00%"",""mem"":""131.1MiB / 122.8GiB""},{""name"":""lab-wc-tls"",""cpu"":""0.00%"",""mem"":""30.18MiB / 122.8GiB""},{""name"":""lab-prestashop"",""cpu"":""0.01%"",""mem"":""109MiB / 122.8GiB""},{""name"":""lab-woocommerce"",""cpu"":""0.01%"",""mem"":""198.1MiB / 122.8GiB""},{""name"":""lab-redis"",""cpu"":""0.29%"",""mem"":""75.9MiB / 122.8GiB""},{""name"":""lab-postgres"",""cpu"":""5.83%"",""mem"":""240.6MiB / 122.8GiB""},{""name"":""lab-mysql"",""cpu"":""15.59%"",""mem"":""710.9MiB / 122.8GiB""},{""name"":""lab-woocommerce-mysql"",""cpu"":""0.90%"",""mem"":""485.3MiB / 122.8GiB""},{""name"":""lab-allegro-stub"",""cpu"":""0.01%"",""mem"":""30.17MiB / 122.8GiB""}]"
2026-09-09T06:43:38Z,4,0,0,53,0,2663446195,"[{""name"":""lab-worker-1"",""cpu"":""0.36%"",""mem"":""98.9MiB / 122.8GiB""},{""name"":""lab-api"",""cpu"":""0.00%"",""mem"":""131.1MiB / 122.8GiB""},{""name"":""lab-wc-tls"",""cpu"":""0.00%"",""mem"":""30.18MiB / 122.8GiB""},{""name"":""lab-prestashop"",""cpu"":""0.01%"",""mem"":""109MiB / 122.8GiB""},{""name"":""lab-woocommerce"",""cpu"":""0.01%"",""mem"":""198.1MiB / 122.8GiB""},{""name"":""lab-redis"",""cpu"":""0.26%"",""mem"":""75.9MiB / 122.8GiB""},{""name"":""lab-postgres"",""cpu"":""0.37%"",""mem"":""240.6MiB / 122.8GiB""},{""name"":""lab-mysql"",""cpu"":""14.86%"",""mem"":""710.6MiB / 122.8GiB""},{""name"":""lab-woocommerce-mysql"",""cpu"":""0.95%"",""mem"":""485.4MiB / 122.8GiB""},{""name"":""lab-allegro-stub"",""cpu"":""4.27%"",""mem"":""30.17MiB / 122.8GiB""}]"
2026-09-09T06:43:41Z,4,0,0,53,0,2663446195,"[{""name"":""lab-worker-1"",""cpu"":""0.55%"",""mem"":""98.68MiB / 122.8GiB""},{""name"":""lab-api"",""cpu"":""0.00%"",""mem"":""131.1MiB / 122.8GiB""},{""name"":""lab-wc-tls"",""cpu"":""0.00%"",""mem"":""30.18MiB / 122.8GiB""},{""name"":""lab-prestashop"",""cpu"":""0.01%"",""mem"":""109MiB / 122.8GiB""},{""name"":""lab-woocommerce"",""cpu"":""0.00%"",""mem"":""198.1MiB / 122.8GiB""},{""name"":""lab-redis"",""cpu"":""0.30%"",""mem"":""75.9MiB / 122.8GiB""},{""name"":""lab-postgres"",""cpu"":""0.34%"",""mem"":""240.6MiB / 122.8GiB""},{""name"":""lab-mysql"",""cpu"":""14.14%"",""mem"":""712.8MiB / 122.8GiB""},{""name"":""lab-woocommerce-mysql"",""cpu"":""0.92%"",""mem"":""485.3MiB / 122.8GiB""},{""name"":""lab-allegro-stub"",""cpu"":""0.00%"",""mem"":""30.17MiB / 122.8GiB""}]"
2026-09-09T06:43:45Z,4,0,0,53,0,2663446195,"[{""name"":""lab-worker-1"",""cpu"":""0.46%"",""mem"":""98.71MiB / 122.8GiB""},{""name"":""lab-api"",""cpu"":""0.00%"",""mem"":""131.1MiB / 122.8GiB""},{""name"":""lab-wc-tls"",""cpu"":""0.00%"",""mem"":""30.18MiB / 122.8GiB""},{""name"":""lab-prestashop"",""cpu"":""0.00%"",""mem"":""109MiB / 122.8GiB""},{""name"":""lab-woocommerce"",""cpu"":""0.01%"",""mem"":""198.1MiB / 122.8GiB""},{""name"":""lab-redis"",""cpu"":""0.26%"",""mem"":""75.9MiB / 122.8GiB""},{""name"":""lab-postgres"",""cpu"":""0.30%"",""mem"":""240.6MiB / 122.8GiB""},{""name"":""lab-mysql"",""cpu"":""14.65%"",""mem"":""710.6MiB / 122.8GiB""},{""name"":""lab-woocommerce-mysql"",""cpu"":""0.88%"",""mem"":""485.3MiB / 122.8GiB""},{""name"":""lab-allegro-stub"",""cpu"":""0.00%"",""mem"":""30.17MiB / 122.8GiB""}]"
2026-09-09T06:43:49Z,3,0,0,53,0,2663446195,"[{""name"":""lab-worker-1"",""cpu"":""0.39%"",""mem"":""98.71MiB / 122.8GiB""},{""name"":""lab-api"",""cpu"":""0.00%"",""mem"":""131.1MiB / 122.8GiB""},{""name"":""lab-wc-tls"",""cpu"":""0.00%"",""mem"":""30.18MiB / 122.8GiB""},{""name"":""lab-prestashop"",""cpu"":""0.00%"",""mem"":""109MiB / 122.8GiB""},{""name"":""lab-woocommerce"",""cpu"":""0.01%"",""mem"":""198.1MiB / 122.8GiB""},{""name"":""lab-redis"",""cpu"":""0.27%"",""mem"":""75.9MiB / 122.8GiB""},{""name"":""lab-postgres"",""cpu"":""1.43%"",""mem"":""240.8MiB / 122.8GiB""},{""name"":""lab-mysql"",""cpu"":""11.19%"",""mem"":""710.6MiB / 122.8GiB""},{""name"":""lab-woocommerce-mysql"",""cpu"":""0.91%"",""mem"":""485.4MiB / 122.8GiB""},{""name"":""lab-allegro-stub"",""cpu"":""0.00%"",""mem"":""30.17MiB / 122.8GiB""}]"
2026-09-09T06:43:53Z,4,0,0,53,0,2663446195,"[{""name"":""lab-worker-1"",""cpu"":""0.39%"",""mem"":""98.73MiB / 122.8GiB""},{""name"":""lab-api"",""cpu"":""0.00%"",""mem"":""131.1MiB / 122.8GiB""},{""name"":""lab-wc-tls"",""cpu"":""0.00%"",""mem"":""30.18MiB / 122.8GiB""},{""name"":""lab-prestashop"",""cpu"":""5.35%"",""mem"":""109MiB / 122.8GiB""},{""name"":""lab-woocommerce"",""cpu"":""0.00%"",""mem"":""198.1MiB / 122.8GiB""},{""name"":""lab-redis"",""cpu"":""0.27%"",""mem"":""75.9MiB / 122.8GiB""},{""name"":""lab-postgres"",""cpu"":""0.41%"",""mem"":""240.6MiB / 122.8GiB""},{""name"":""lab-mysql"",""cpu"":""19.81%"",""mem"":""711.3MiB / 122.8GiB""},{""name"":""lab-woocommerce-mysql"",""cpu"":""0.86%"",""mem"":""485.3MiB / 122.8GiB""},{""name"":""lab-allegro-stub"",""cpu"":""4.17%"",""mem"":""30.17MiB / 122.8GiB""}]"
2026-09-09T06:43:56Z,4,0,0,53,0,2663446195,"[{""name"":""lab-worker-1"",""cpu"":""0.44%"",""mem"":""98.75MiB / 122.8GiB""},{""name"":""lab-api"",""cpu"":""0.00%"",""mem"":""131.1MiB / 122.8GiB""},{""name"":""lab-wc-tls"",""cpu"":""0.00%"",""mem"":""30.18MiB / 122.8GiB""},{""name"":""lab-prestashop"",""cpu"":""0.00%"",""mem"":""109MiB / 122.8GiB""},{""name"":""lab-woocommerce"",""cpu"":""0.01%"",""mem"":""198.1MiB / 122.8GiB""},{""name"":""lab-redis"",""cpu"":""4.57%"",""mem"":""75.91MiB / 122.8GiB""},{""name"":""lab-postgres"",""cpu"":""0.38%"",""mem"":""240.6MiB / 122.8GiB""},{""name"":""lab-mysql"",""cpu"":""15.08%"",""mem"":""711.3MiB / 122.8GiB""},{""name"":""lab-woocommerce-mysql"",""cpu"":""5.58%"",""mem"":""485.5MiB / 122.8GiB""},{""name"":""lab-allegro-stub"",""cpu"":""0.00%"",""mem"":""30.17MiB / 122.8GiB""}]"
2026-09-09T06:44:00Z,3,0,0,53,0,2663446195,"[{""name"":""lab-worker-1"",""cpu"":""0.45%"",""mem"":""99.02MiB / 122.8GiB""},{""name"":""lab-api"",""cpu"":""0.00%"",""mem"":""131.1MiB / 122.8GiB""},{""name"":""lab-wc-tls"",""cpu"":""0.00%"",""mem"":""30.18MiB / 122.8GiB""},{""name"":""lab-prestashop"",""cpu"":""0.01%"",""mem"":""109MiB / 122.8GiB""},{""name"":""lab-woocommerce"",""cpu"":""14.68%"",""mem"":""200.1MiB / 122.8GiB""},{""name"":""lab-redis"",""cpu"":""0.29%"",""mem"":""75.9MiB / 122.8GiB""},{""name"":""lab-postgres"",""cpu"":""0.34%"",""mem"":""240.6MiB / 122.8GiB""},{""name"":""lab-mysql"",""cpu"":""14.78%"",""mem"":""711.3MiB / 122.8GiB""},{""name"":""lab-woocommerce-mysql"",""cpu"":""2.17%"",""mem"":""485.3MiB / 122.8GiB""},{""name"":""lab-allegro-stub"",""cpu"":""0.00%"",""mem"":""30.17MiB / 122.8GiB""}]"
2026-09-09T06:44:04Z,4,0,0,53,0,2663446195,"[{""name"":""lab-worker-1"",""cpu"":""0.47%"",""mem"":""99.04MiB / 122.8GiB""},{""name"":""lab-api"",""cpu"":""0.00%"",""mem"":""131.1MiB / 122.8GiB""},{""name"":""lab-wc-tls"",""cpu"":""0.00%"",""mem"":""30.18MiB / 122.8GiB""},{""name"":""lab-prestashop"",""cpu"":""0.00%"",""mem"":""109MiB / 122.8GiB""},{""name"":""lab-woocommerce"",""cpu"":""0.01%"",""mem"":""200.1MiB / 122.8GiB""},{""name"":""lab-redis"",""cpu"":""0.26%"",""mem"":""75.9MiB / 122.8GiB""},{""name"":""lab-postgres"",""cpu"":""0.39%"",""mem"":""240.6MiB / 122.8GiB""},{""name"":""lab-mysql"",""cpu"":""14.79%"",""mem"":""711.6MiB / 122.8GiB""},{""name"":""lab-woocommerce-mysql"",""cpu"":""0.86%"",""mem"":""485.3MiB / 122.8GiB""},{""name"":""lab-allegro-stub"",""cpu"":""0.00%"",""mem"":""30.17MiB / 122.8GiB""}]"
2026-09-09T06:44:07Z,4,0,0,53,0,2663446195,"[{""name"":""lab-worker-1"",""cpu"":""0.22%"",""mem"":""98.82MiB / 122.8GiB""},{""name"":""lab-api"",""cpu"":""0.00%"",""mem"":""131.1MiB / 122.8GiB""},{""name"":""lab-wc-tls"",""cpu"":""0.00%"",""mem"":""30.18MiB / 122.8GiB""},{""name"":""lab-prestashop"",""cpu"":""0.01%"",""mem"":""109MiB / 122.8GiB""},{""name"":""lab-woocommerce"",""cpu"":""0.00%"",""mem"":""200.1MiB / 122.8GiB""},{""name"":""lab-redis"",""cpu"":""0.26%"",""mem"":""76.15MiB / 122.8GiB""},{""name"":""lab-postgres"",""cpu"":""0.34%"",""mem"":""240.6MiB / 122.8GiB""},{""name"":""lab-mysql"",""cpu"":""13.48%"",""mem"":""711.5MiB / 122.8GiB""},{""name"":""lab-woocommerce-mysql"",""cpu"":""0.88%"",""mem"":""485.4MiB / 122.8GiB""},{""name"":""lab-allegro-stub"",""cpu"":""0.00%"",""mem"":""30.17MiB / 122.8GiB""}]"
2026-09-09T06:44:11Z,3,0,0,53,0,2663446195,"[{""name"":""lab-worker-1"",""cpu"":""0.50%"",""mem"":""98.88MiB / 122.8GiB""},{""name"":""lab-api"",""cpu"":""0.00%"",""mem"":""131.1MiB / 122.8GiB""},{""name"":""lab-wc-tls"",""cpu"":""0.00%"",""mem"":""30.18MiB / 122.8GiB""},{""name"":""lab-prestashop"",""cpu"":""0.01%"",""mem"":""109MiB / 122.8GiB""},{""name"":""lab-woocommerce"",""cpu"":""0.01%"",""mem"":""200.1MiB / 122.8GiB""},{""name"":""lab-redis"",""cpu"":""0.28%"",""mem"":""75.9MiB / 122.8GiB""},{""name"":""lab-postgres"",""cpu"":""0.41%"",""mem"":""240.6MiB / 122.8GiB""},{""name"":""lab-mysql"",""cpu"":""14.53%"",""mem"":""711.5MiB / 122.8GiB""},{""name"":""lab-woocommerce-mysql"",""cpu"":""0.95%"",""mem"":""485.3MiB / 122.8GiB""},{""name"":""lab-allegro-stub"",""cpu"":""0.00%"",""mem"":""30.17MiB / 122.8GiB""}]"
2026-09-09T06:44:15Z,4,0,0,53,0,2663446195,"[{""name"":""lab-worker-1"",""cpu"":""0.38%"",""mem"":""98.89MiB / 122.8GiB""},{""name"":""lab-api"",""cpu"":""0.00%"",""mem"":""131.1MiB / 122.8GiB""},{""name"":""lab-wc-tls"",""cpu"":""0.00%"",""mem"":""30.18MiB / 122.8GiB""},{""name"":""lab-prestashop"",""cpu"":""0.00%"",""mem"":""109MiB / 122.8GiB""},{""name"":""lab-woocommerce"",""cpu"":""0.01%"",""mem"":""200.1MiB / 122.8GiB""},{""name"":""lab-redis"",""cpu"":""0.27%"",""mem"":""76.15MiB / 122.8GiB""},{""name"":""lab-postgres"",""cpu"":""5.39%"",""mem"":""240.6MiB / 122.8GiB""},{""name"":""lab-mysql"",""cpu"":""14.31%"",""mem"":""711.5MiB / 122.8GiB""},{""name"":""lab-woocommerce-mysql"",""cpu"":""0.87%"",""mem"":""485.3MiB / 122.8GiB""},{""name"":""lab-allegro-stub"",""cpu"":""0.00%"",""mem"":""30.17MiB / 122.8GiB""}]"
2026-09-09T06:44:19Z,4,0,0,53,0,2663446195,"[{""name"":""lab-worker-1"",""cpu"":""0.38%"",""mem"":""99.22MiB / 122.8GiB""},{""name"":""lab-api"",""cpu"":""0.00%"",""mem"":""131.1MiB / 122.8GiB""},{""name"":""lab-wc-tls"",""cpu"":""0.00%"",""mem"":""30.18MiB / 122.8GiB""},{""name"":""lab-prestashop"",""cpu"":""0.00%"",""mem"":""109MiB / 122.8GiB""},{""name"":""lab-woocommerce"",""cpu"":""0.01%"",""mem"":""200.1MiB / 122.8GiB""},{""name"":""lab-redis"",""cpu"":""0.28%"",""mem"":""76.15MiB / 122.8GiB""},{""name"":""lab-postgres"",""cpu"":""0.37%"",""mem"":""240.6MiB / 122.8GiB""},{""name"":""lab-mysql"",""cpu"":""14.88%"",""mem"":""711.6MiB / 122.8GiB""},{""name"":""lab-woocommerce-mysql"",""cpu"":""0.84%"",""mem"":""485.3MiB / 122.8GiB""},{""name"":""lab-allegro-stub"",""cpu"":""4.03%"",""mem"":""30.19MiB / 122.8GiB""}]"
2026-09-09T06:44:22Z,4,0,0,53,0,2663446195,"[{""name"":""lab-worker-1"",""cpu"":""0.18%"",""mem"":""99.24MiB / 122.8GiB""},{""name"":""lab-api"",""cpu"":""0.00%"",""mem"":""131.1MiB / 122.8GiB""},{""name"":""lab-wc-tls"",""cpu"":""0.00%"",""mem"":""30.18MiB / 122.8GiB""},{""name"":""lab-prestashop"",""cpu"":""5.24%"",""mem"":""109MiB / 122.8GiB""},{""name"":""lab-woocommerce"",""cpu"":""0.00%"",""mem"":""200.1MiB / 122.8GiB""},{""name"":""lab-redis"",""cpu"":""0.26%"",""mem"":""75.9MiB / 122.8GiB""},{""name"":""lab-postgres"",""cpu"":""0.35%"",""mem"":""240.6MiB / 122.8GiB""},{""name"":""lab-mysql"",""cpu"":""14.03%"",""mem"":""712.2MiB / 122.8GiB""},{""name"":""lab-woocommerce-mysql"",""cpu"":""0.89%"",""mem"":""485.3MiB / 122.8GiB""},{""name"":""lab-allegro-stub"",""cpu"":""0.00%"",""mem"":""30.17MiB / 122.8GiB""}]"
2026-09-09T06:44:26Z,3,0,0,53,0,2663446195,"[{""name"":""lab-worker-1"",""cpu"":""0.82%"",""mem"":""99.09MiB / 122.8GiB""},{""name"":""lab-api"",""cpu"":""0.00%"",""mem"":""131.1MiB / 122.8GiB""},{""name"":""lab-wc-tls"",""cpu"":""0.00%"",""mem"":""30.18MiB / 122.8GiB""},{""name"":""lab-prestashop"",""cpu"":""0.01%"",""mem"":""109MiB / 122.8GiB""},{""name"":""lab-woocommerce"",""cpu"":""0.00%"",""mem"":""200.1MiB / 122.8GiB""},{""name"":""lab-redis"",""cpu"":""0.29%"",""mem"":""76.15MiB / 122.8GiB""},{""name"":""lab-postgres"",""cpu"":""0.35%"",""mem"":""240.6MiB / 122.8GiB""},{""name"":""lab-mysql"",""cpu"":""15.45%"",""mem"":""711.6MiB / 122.8GiB""},{""name"":""lab-woocommerce-mysql"",""cpu"":""0.89%"",""mem"":""485.3MiB / 122.8GiB""},{""name"":""lab-allegro-stub"",""cpu"":""0.00%"",""mem"":""30.17MiB / 122.8GiB""}]"
2026-09-09T06:44:30Z,4,0,0,53,0,2663446195,"[{""name"":""lab-worker-1"",""cpu"":""0.47%"",""mem"":""99.12MiB / 122.8GiB""},{""name"":""lab-api"",""cpu"":""0.00%"",""mem"":""131.1MiB / 122.8GiB""},{""name"":""lab-wc-tls"",""cpu"":""0.00%"",""mem"":""30.18MiB / 122.8GiB""},{""name"":""lab-prestashop"",""cpu"":""0.00%"",""mem"":""109MiB / 122.8GiB""},{""name"":""lab-woocommerce"",""cpu"":""19.27%"",""mem"":""198.1MiB / 122.8GiB""},{""name"":""lab-redis"",""cpu"":""0.25%"",""mem"":""75.9MiB / 122.8GiB""},{""name"":""lab-postgres"",""cpu"":""0.35%"",""mem"":""240.6MiB / 122.8GiB""},{""name"":""lab-mysql"",""cpu"":""10.89%"",""mem"":""711.2MiB / 122.8GiB""},{""name"":""lab-woocommerce-mysql"",""cpu"":""5.11%"",""mem"":""485.4MiB / 122.8GiB""},{""name"":""lab-allegro-stub"",""cpu"":""0.00%"",""mem"":""30.17MiB / 122.8GiB""}]"
2026-09-09T06:44:33Z,4,0,0,53,0,2663446195,"[{""name"":""lab-worker-1"",""cpu"":""0.43%"",""mem"":""99.27MiB / 122.8GiB""},{""name"":""lab-api"",""cpu"":""0.02%"",""mem"":""131.1MiB / 122.8GiB""},{""name"":""lab-wc-tls"",""cpu"":""0.00%"",""mem"":""30.18MiB / 122.8GiB""},{""name"":""lab-prestashop"",""cpu"":""0.01%"",""mem"":""109MiB / 122.8GiB""},{""name"":""lab-woocommerce"",""cpu"":""0.00%"",""mem"":""198.1MiB / 122.8GiB""},{""name"":""lab-redis"",""cpu"":""0.23%"",""mem"":""75.9MiB / 122.8GiB""},{""name"":""lab-postgres"",""cpu"":""0.29%"",""mem"":""240.6MiB / 122.8GiB""},{""name"":""lab-mysql"",""cpu"":""19.78%"",""mem"":""711.3MiB / 122.8GiB""},{""name"":""lab-woocommerce-mysql"",""cpu"":""0.88%"",""mem"":""485.4MiB / 122.8GiB""},{""name"":""lab-allegro-stub"",""cpu"":""4.04%"",""mem"":""30.18MiB / 122.8GiB""}]"
2026-09-09T06:44:37Z,3,0,0,53,0,2663446195,"[{""name"":""lab-worker-1"",""cpu"":""0.52%"",""mem"":""99.29MiB / 122.8GiB""},{""name"":""lab-api"",""cpu"":""0.00%"",""mem"":""131.1MiB / 122.8GiB""},{""name"":""lab-wc-tls"",""cpu"":""0.00%"",""mem"":""30.18MiB / 122.8GiB""},{""name"":""lab-prestashop"",""cpu"":""0.01%"",""mem"":""109MiB / 122.8GiB""},{""name"":""lab-woocommerce"",""cpu"":""0.01%"",""mem"":""198.1MiB / 122.8GiB""},{""name"":""lab-redis"",""cpu"":""4.12%"",""mem"":""75.9MiB / 122.8GiB""},{""name"":""lab-postgres"",""cpu"":""0.37%"",""mem"":""240.6MiB / 122.8GiB""},{""name"":""lab-mysql"",""cpu"":""15.22%"",""mem"":""711.5MiB / 122.8GiB""},{""name"":""lab-woocommerce-mysql"",""cpu"":""5.48%"",""mem"":""485.4MiB / 122.8GiB""},{""name"":""lab-allegro-stub"",""cpu"":""0.00%"",""mem"":""30.17MiB / 122.8GiB""}]"
2026-09-09T06:44:41Z,4,0,0,53,0,2663446195,"[{""name"":""lab-worker-1"",""cpu"":""1.42%"",""mem"":""99.68MiB / 122.8GiB""},{""name"":""lab-api"",""cpu"":""0.00%"",""mem"":""131.1MiB / 122.8GiB""},{""name"":""lab-wc-tls"",""cpu"":""0.00%"",""mem"":""30.18MiB / 122.8GiB""},{""name"":""lab-prestashop"",""cpu"":""0.01%"",""mem"":""109MiB / 122.8GiB""},{""name"":""lab-woocommerce"",""cpu"":""0.01%"",""mem"":""198.1MiB / 122.8GiB""},{""name"":""lab-redis"",""cpu"":""0.28%"",""mem"":""75.9MiB / 122.8GiB""},{""name"":""lab-postgres"",""cpu"":""0.42%"",""mem"":""240.6MiB / 122.8GiB""},{""name"":""lab-mysql"",""cpu"":""14.66%"",""mem"":""711.2MiB / 122.8GiB""},{""name"":""lab-woocommerce-mysql"",""cpu"":""0.84%"",""mem"":""485.4MiB / 122.8GiB""},{""name"":""lab-allegro-stub"",""cpu"":""0.00%"",""mem"":""30.17MiB / 122.8GiB""}]"
2026-09-09T06:44:44Z,4,0,0,53,0,2663446195,"[{""name"":""lab-worker-1"",""cpu"":""0.38%"",""mem"":""99.29MiB / 122.8GiB""},{""name"":""lab-api"",""cpu"":""0.00%"",""mem"":""131.1MiB / 122.8GiB""},{""name"":""lab-wc-tls"",""cpu"":""0.00%"",""mem"":""30.18MiB / 122.8GiB""},{""name"":""lab-prestashop"",""cpu"":""0.01%"",""mem"":""109MiB / 122.8GiB""},{""name"":""lab-woocommerce"",""cpu"":""0.00%"",""mem"":""198.1MiB / 122.8GiB""},{""name"":""lab-redis"",""cpu"":""0.27%"",""mem"":""76.15MiB / 122.8GiB""},{""name"":""lab-postgres"",""cpu"":""4.77%"",""mem"":""240.6MiB / 122.8GiB""},{""name"":""lab-mysql"",""cpu"":""14.78%"",""mem"":""711.8MiB / 122.8GiB""},{""name"":""lab-woocommerce-mysql"",""cpu"":""0.85%"",""mem"":""485.4MiB / 122.8GiB""},{""name"":""lab-allegro-stub"",""cpu"":""0.01%"",""mem"":""30.17MiB / 122.8GiB""}]"
2026-09-09T06:44:48Z,3,0,0,53,0,2663446195,"[{""name"":""lab-worker-1"",""cpu"":""0.42%"",""mem"":""99.5MiB / 122.8GiB""},{""name"":""lab-api"",""cpu"":""0.00%"",""mem"":""131.1MiB / 122.8GiB""},{""name"":""lab-wc-tls"",""cpu"":""0.00%"",""mem"":""30.18MiB / 122.8GiB""},{""name"":""lab-prestashop"",""cpu"":""0.01%"",""mem"":""109MiB / 122.8GiB""},{""name"":""lab-woocommerce"",""cpu"":""0.01%"",""mem"":""198.1MiB / 122.8GiB""},{""name"":""lab-redis"",""cpu"":""0.26%"",""mem"":""75.91MiB / 122.8GiB""},{""name"":""lab-postgres"",""cpu"":""0.34%"",""mem"":""240.6MiB / 122.8GiB""},{""name"":""lab-mysql"",""cpu"":""15.45%"",""mem"":""711.5MiB / 122.8GiB""},{""name"":""lab-woocommerce-mysql"",""cpu"":""0.87%"",""mem"":""485.4MiB / 122.8GiB""},{""name"":""lab-allegro-stub"",""cpu"":""3.97%"",""mem"":""30.2MiB / 122.8GiB""}]"
2026-09-09T06:44:52Z,4,0,0,53,0,2663446195,"[{""name"":""lab-worker-1"",""cpu"":""0.54%"",""mem"":""99.48MiB / 122.8GiB""},{""name"":""lab-api"",""cpu"":""0.00%"",""mem"":""131.1MiB / 122.8GiB""},{""name"":""lab-wc-tls"",""cpu"":""0.00%"",""mem"":""30.18MiB / 122.8GiB""},{""name"":""lab-prestashop"",""cpu"":""5.34%"",""mem"":""109MiB / 122.8GiB""},{""name"":""lab-woocommerce"",""cpu"":""0.01%"",""mem"":""198.1MiB / 122.8GiB""},{""name"":""lab-redis"",""cpu"":""0.27%"",""mem"":""75.9MiB / 122.8GiB""},{""name"":""lab-postgres"",""cpu"":""0.34%"",""mem"":""240.6MiB / 122.8GiB""},{""name"":""lab-mysql"",""cpu"":""14.80%"",""mem"":""711.2MiB / 122.8GiB""},{""name"":""lab-woocommerce-mysql"",""cpu"":""0.86%"",""mem"":""485.4MiB / 122.8GiB""},{""name"":""lab-allegro-stub"",""cpu"":""0.00%"",""mem"":""30.17MiB / 122.8GiB""}]"
2026-09-09T06:44:55Z,4,0,0,53,0,2663446195,"[{""name"":""lab-worker-1"",""cpu"":""0.39%"",""mem"":""99.72MiB / 122.8GiB""},{""name"":""lab-api"",""cpu"":""0.00%"",""mem"":""131.1MiB / 122.8GiB""},{""name"":""lab-wc-tls"",""cpu"":""0.00%"",""mem"":""30.18MiB / 122.8GiB""},{""name"":""lab-prestashop"",""cpu"":""0.01%"",""mem"":""109MiB / 122.8GiB""},{""name"":""lab-woocommerce"",""cpu"":""0.01%"",""mem"":""198.1MiB / 122.8GiB""},{""name"":""lab-redis"",""cpu"":""0.22%"",""mem"":""76.15MiB / 122.8GiB""},{""name"":""lab-postgres"",""cpu"":""0.36%"",""mem"":""240.6MiB / 122.8GiB""},{""name"":""lab-mysql"",""cpu"":""14.93%"",""mem"":""711.2MiB / 122.8GiB""},{""name"":""lab-woocommerce-mysql"",""cpu"":""0.85%"",""mem"":""485.4MiB / 122.8GiB""},{""name"":""lab-allegro-stub"",""cpu"":""0.00%"",""mem"":""30.18MiB / 122.8GiB""}]"
2026-09-09T06:44:59Z,3,0,0,53,0,2663446195,"[{""name"":""lab-worker-1"",""cpu"":""0.40%"",""mem"":""99.5MiB / 122.8GiB""},{""name"":""lab-api"",""cpu"":""0.00%"",""mem"":""131.1MiB / 122.8GiB""},{""name"":""lab-wc-tls"",""cpu"":""0.00%"",""mem"":""30.18MiB / 122.8GiB""},{""name"":""lab-prestashop"",""cpu"":""0.01%"",""mem"":""109MiB / 122.8GiB""},{""name"":""lab-woocommerce"",""cpu"":""0.01%"",""mem"":""198.1MiB / 122.8GiB""},{""name"":""lab-redis"",""cpu"":""0.26%"",""mem"":""75.9MiB / 122.8GiB""},{""name"":""lab-postgres"",""cpu"":""0.37%"",""mem"":""240.6MiB / 122.8GiB""},{""name"":""lab-mysql"",""cpu"":""12.55%"",""mem"":""719.2MiB / 122.8GiB""},{""name"":""lab-woocommerce-mysql"",""cpu"":""0.94%"",""mem"":""485.4MiB / 122.8GiB""},{""name"":""lab-allegro-stub"",""cpu"":""0.00%"",""mem"":""30.17MiB / 122.8GiB""}]"
2026-09-09T06:45:03Z,4,0,0,53,0,2663446195,"[{""name"":""lab-worker-1"",""cpu"":""2.08%"",""mem"":""99.91MiB / 122.8GiB""},{""name"":""lab-api"",""cpu"":""0.02%"",""mem"":""131.1MiB / 122.8GiB""},{""name"":""lab-wc-tls"",""cpu"":""0.00%"",""mem"":""30.18MiB / 122.8GiB""},{""name"":""lab-prestashop"",""cpu"":""0.01%"",""mem"":""109MiB / 122.8GiB""},{""name"":""lab-woocommerce"",""cpu"":""0.00%"",""mem"":""198.1MiB / 122.8GiB""},{""name"":""lab-redis"",""cpu"":""0.25%"",""mem"":""75.9MiB / 122.8GiB""},{""name"":""lab-postgres"",""cpu"":""0.42%"",""mem"":""240.6MiB / 122.8GiB""},{""name"":""lab-mysql"",""cpu"":""17.48%"",""mem"":""716.6MiB / 122.8GiB""},{""name"":""lab-woocommerce-mysql"",""cpu"":""0.84%"",""mem"":""485.4MiB / 122.8GiB""},{""name"":""lab-allegro-stub"",""cpu"":""0.00%"",""mem"":""30.17MiB / 122.8GiB""}]"
2026-09-09T06:45:07Z,4,0,0,53,0,2663446195,"[{""name"":""lab-worker-1"",""cpu"":""0.49%"",""mem"":""99.77MiB / 122.8GiB""},{""name"":""lab-api"",""cpu"":""0.00%"",""mem"":""131.1MiB / 122.8GiB""},{""name"":""lab-wc-tls"",""cpu"":""0.00%"",""mem"":""30.18MiB / 122.8GiB""},{""name"":""lab-prestashop"",""cpu"":""0.00%"",""mem"":""109MiB / 122.8GiB""},{""name"":""lab-woocommerce"",""cpu"":""0.01%"",""mem"":""198.1MiB / 122.8GiB""},{""name"":""lab-redis"",""cpu"":""4.30%"",""mem"":""75.91MiB / 122.8GiB""},{""name"":""lab-postgres"",""cpu"":""0.35%"",""mem"":""240.6MiB / 122.8GiB""},{""name"":""lab-mysql"",""cpu"":""13.67%"",""mem"":""711.3MiB / 122.8GiB""},{""name"":""lab-woocommerce-mysql"",""cpu"":""5.59%"",""mem"":""485.4MiB / 122.8GiB""},{""name"":""lab-allegro-stub"",""cpu"":""0.00%"",""mem"":""30.17MiB / 122.8GiB""}]"
2026-09-09T06:45:10Z,4,0,0,53,0,2663446195,"[{""name"":""lab-worker-1"",""cpu"":""0.40%"",""mem"":""99.77MiB / 122.8GiB""},{""name"":""lab-api"",""cpu"":""0.00%"",""mem"":""131.1MiB / 122.8GiB""},{""name"":""lab-wc-tls"",""cpu"":""0.00%"",""mem"":""30.18MiB / 122.8GiB""},{""name"":""lab-prestashop"",""cpu"":""0.01%"",""mem"":""109MiB / 122.8GiB""},{""name"":""lab-woocommerce"",""cpu"":""0.01%"",""mem"":""198.1MiB / 122.8GiB""},{""name"":""lab-redis"",""cpu"":""0.28%"",""mem"":""75.9MiB / 122.8GiB""},{""name"":""lab-postgres"",""cpu"":""1.40%"",""mem"":""240.8MiB / 122.8GiB""},{""name"":""lab-mysql"",""cpu"":""11.42%"",""mem"":""712.7MiB / 122.8GiB""},{""name"":""lab-woocommerce-mysql"",""cpu"":""0.84%"",""mem"":""485.4MiB / 122.8GiB""},{""name"":""lab-allegro-stub"",""cpu"":""0.00%"",""mem"":""30.17MiB / 122.8GiB""}]"
2026-09-09T06:45:14Z,3,0,0,53,0,2663446195,"[{""name"":""lab-worker-1"",""cpu"":""0.49%"",""mem"":""99.77MiB / 122.8GiB""},{""name"":""lab-api"",""cpu"":""0.00%"",""mem"":""131.1MiB / 122.8GiB""},{""name"":""lab-wc-tls"",""cpu"":""0.00%"",""mem"":""30.18MiB / 122.8GiB""},{""name"":""lab-prestashop"",""cpu"":""0.01%"",""mem"":""109MiB / 122.8GiB""},{""name"":""lab-woocommerce"",""cpu"":""0.01%"",""mem"":""198.1MiB / 122.8GiB""},{""name"":""lab-redis"",""cpu"":""0.26%"",""mem"":""75.9MiB / 122.8GiB""},{""name"":""lab-postgres"",""cpu"":""0.35%"",""mem"":""240.6MiB / 122.8GiB""},{""name"":""lab-mysql"",""cpu"":""14.85%"",""mem"":""711.5MiB / 122.8GiB""},{""name"":""lab-woocommerce-mysql"",""cpu"":""0.89%"",""mem"":""485.4MiB / 122.8GiB""},{""name"":""lab-allegro-stub"",""cpu"":""4.41%"",""mem"":""30.17MiB / 122.8GiB""}]"
2026-09-09T06:45:18Z,4,0,0,53,0,2663446195,"[{""name"":""lab-worker-1"",""cpu"":""0.36%"",""mem"":""99.53MiB / 122.8GiB""},{""name"":""lab-api"",""cpu"":""0.00%"",""mem"":""131.1MiB / 122.8GiB""},{""name"":""lab-wc-tls"",""cpu"":""0.00%"",""mem"":""30.18MiB / 122.8GiB""},{""name"":""lab-prestashop"",""cpu"":""0.01%"",""mem"":""109MiB / 122.8GiB""},{""name"":""lab-woocommerce"",""cpu"":""0.00%"",""mem"":""198.1MiB / 122.8GiB""},{""name"":""lab-redis"",""cpu"":""0.26%"",""mem"":""75.9MiB / 122.8GiB""},{""name"":""lab-postgres"",""cpu"":""0.30%"",""mem"":""240.6MiB / 122.8GiB""},{""name"":""lab-mysql"",""cpu"":""12.75%"",""mem"":""711.2MiB / 122.8GiB""},{""name"":""lab-woocommerce-mysql"",""cpu"":""0.83%"",""mem"":""485.4MiB / 122.8GiB""},{""name"":""lab-allegro-stub"",""cpu"":""0.00%"",""mem"":""30.17MiB / 122.8GiB""}]"
2026-09-09T06:45:21Z,4,0,0,53,0,2663446195,"[{""name"":""lab-worker-1"",""cpu"":""0.44%"",""mem"":""99.8MiB / 122.8GiB""},{""name"":""lab-api"",""cpu"":""0.00%"",""mem"":""131.1MiB / 122.8GiB""},{""name"":""lab-wc-tls"",""cpu"":""0.00%"",""mem"":""30.18MiB / 122.8GiB""},{""name"":""lab-prestashop"",""cpu"":""16.08%"",""mem"":""109.1MiB / 122.8GiB""},{""name"":""lab-woocommerce"",""cpu"":""0.01%"",""mem"":""198.1MiB / 122.8GiB""},{""name"":""lab-redis"",""cpu"":""0.30%"",""mem"":""75.91MiB / 122.8GiB""},{""name"":""lab-postgres"",""cpu"":""0.35%"",""mem"":""240.6MiB / 122.8GiB""},{""name"":""lab-mysql"",""cpu"":""24.31%"",""mem"":""711.2MiB / 122.8GiB""},{""name"":""lab-woocommerce-mysql"",""cpu"":""1.09%"",""mem"":""485.4MiB / 122.8GiB""},{""name"":""lab-allegro-stub"",""cpu"":""0.00%"",""mem"":""30.17MiB / 122.8GiB""}]"
2026-09-09T06:45:25Z,3,0,0,53,0,2663446195,"[{""name"":""lab-worker-1"",""cpu"":""0.36%"",""mem"":""99.77MiB / 122.8GiB""},{""name"":""lab-api"",""cpu"":""0.00%"",""mem"":""131.1MiB / 122.8GiB""},{""name"":""lab-wc-tls"",""cpu"":""0.00%"",""mem"":""30.18MiB / 122.8GiB""},{""name"":""lab-prestashop"",""cpu"":""0.01%"",""mem"":""109MiB / 122.8GiB""},{""name"":""lab-woocommerce"",""cpu"":""0.01%"",""mem"":""198.1MiB / 122.8GiB""},{""name"":""lab-redis"",""cpu"":""0.28%"",""mem"":""76.15MiB / 122.8GiB""},{""name"":""lab-postgres"",""cpu"":""5.28%"",""mem"":""240.6MiB / 122.8GiB""},{""name"":""lab-mysql"",""cpu"":""15.53%"",""mem"":""711.2MiB / 122.8GiB""},{""name"":""lab-woocommerce-mysql"",""cpu"":""0.83%"",""mem"":""485.4MiB / 122.8GiB""},{""name"":""lab-allegro-stub"",""cpu"":""0.00%"",""mem"":""30.17MiB / 122.8GiB""}]"
2026-09-09T06:45:29Z,4,0,0,53,0,2663446195,"[{""name"":""lab-worker-1"",""cpu"":""1.09%"",""mem"":""99.63MiB / 122.8GiB""},{""name"":""lab-api"",""cpu"":""0.00%"",""mem"":""131.1MiB / 122.8GiB""},{""name"":""lab-wc-tls"",""cpu"":""0.00%"",""mem"":""30.18MiB / 122.8GiB""},{""name"":""lab-prestashop"",""cpu"":""0.01%"",""mem"":""109MiB / 122.8GiB""},{""name"":""lab-woocommerce"",""cpu"":""0.01%"",""mem"":""198.1MiB / 122.8GiB""},{""name"":""lab-redis"",""cpu"":""0.27%"",""mem"":""76.15MiB / 122.8GiB""},{""name"":""lab-postgres"",""cpu"":""1.31%"",""mem"":""240.6MiB / 122.8GiB""},{""name"":""lab-mysql"",""cpu"":""15.05%"",""mem"":""711.5MiB / 122.8GiB""},{""name"":""lab-woocommerce-mysql"",""cpu"":""0.84%"",""mem"":""485.4MiB / 122.8GiB""},{""name"":""lab-allegro-stub"",""cpu"":""4.00%"",""mem"":""30.17MiB / 122.8GiB""}]"
2026-09-09T06:45:32Z,4,0,0,53,0,2663446195,"[{""name"":""lab-worker-1"",""cpu"":""0.47%"",""mem"":""99.65MiB / 122.8GiB""},{""name"":""lab-api"",""cpu"":""0.02%"",""mem"":""131.1MiB / 122.8GiB""},{""name"":""lab-wc-tls"",""cpu"":""0.00%"",""mem"":""30.18MiB / 122.8GiB""},{""name"":""lab-prestashop"",""cpu"":""0.00%"",""mem"":""109MiB / 122.8GiB""},{""name"":""lab-woocommerce"",""cpu"":""0.01%"",""mem"":""198.1MiB / 122.8GiB""},{""name"":""lab-redis"",""cpu"":""0.24%"",""mem"":""75.9MiB / 122.8GiB""},{""name"":""lab-postgres"",""cpu"":""0.37%"",""mem"":""240.6MiB / 122.8GiB""},{""name"":""lab-mysql"",""cpu"":""14.85%"",""mem"":""711.3MiB / 122.8GiB""},{""name"":""lab-woocommerce-mysql"",""cpu"":""0.90%"",""mem"":""485.4MiB / 122.8GiB""},{""name"":""lab-allegro-stub"",""cpu"":""0.00%"",""mem"":""30.17MiB / 122.8GiB""}]"
2026-09-09T06:45:36Z,3,0,0,53,0,2663446195,"[{""name"":""lab-worker-1"",""cpu"":""0.24%"",""mem"":""99.61MiB / 122.8GiB""},{""name"":""lab-api"",""cpu"":""0.00%"",""mem"":""131.1MiB / 122.8GiB""},{""name"":""lab-wc-tls"",""cpu"":""0.00%"",""mem"":""30.18MiB / 122.8GiB""},{""name"":""lab-prestashop"",""cpu"":""0.00%"",""mem"":""109MiB / 122.8GiB""},{""name"":""lab-woocommerce"",""cpu"":""0.00%"",""mem"":""198.1MiB / 122.8GiB""},{""name"":""lab-redis"",""cpu"":""0.26%"",""mem"":""76.15MiB / 122.8GiB""},{""name"":""lab-postgres"",""cpu"":""0.36%"",""mem"":""240.7MiB / 122.8GiB""},{""name"":""lab-mysql"",""cpu"":""14.24%"",""mem"":""711.3MiB / 122.8GiB""},{""name"":""lab-woocommerce-mysql"",""cpu"":""0.79%"",""mem"":""485.4MiB / 122.8GiB""},{""name"":""lab-allegro-stub"",""cpu"":""0.00%"",""mem"":""30.17MiB / 122.8GiB""}]"
2026-09-09T06:45:40Z,4,0,0,53,0,2663446195,"[{""name"":""lab-worker-1"",""cpu"":""0.42%"",""mem"":""99.61MiB / 122.8GiB""},{""name"":""lab-api"",""cpu"":""0.00%"",""mem"":""131.1MiB / 122.8GiB""},{""name"":""lab-wc-tls"",""cpu"":""0.00%"",""mem"":""30.18MiB / 122.8GiB""},{""name"":""lab-prestashop"",""cpu"":""0.00%"",""mem"":""109MiB / 122.8GiB""},{""name"":""lab-woocommerce"",""cpu"":""0.01%"",""mem"":""198.1MiB / 122.8GiB""},{""name"":""lab-redis"",""cpu"":""0.28%"",""mem"":""75.9MiB / 122.8GiB""},{""name"":""lab-postgres"",""cpu"":""0.34%"",""mem"":""240.6MiB / 122.8GiB""},{""name"":""lab-mysql"",""cpu"":""12.63%"",""mem"":""717MiB / 122.8GiB""},{""name"":""lab-woocommerce-mysql"",""cpu"":""0.92%"",""mem"":""485.4MiB / 122.8GiB""},{""name"":""lab-allegro-stub"",""cpu"":""0.00%"",""mem"":""30.17MiB / 122.8GiB""}]"
2026-09-09T06:45:44Z,4,0,0,53,0,2663446195,"[{""name"":""lab-worker-1"",""cpu"":""0.34%"",""mem"":""99.64MiB / 122.8GiB""},{""name"":""lab-api"",""cpu"":""0.00%"",""mem"":""131.1MiB / 122.8GiB""},{""name"":""lab-wc-tls"",""cpu"":""0.00%"",""mem"":""30.18MiB / 122.8GiB""},{""name"":""lab-prestashop"",""cpu"":""17.35%"",""mem"":""109MiB / 122.8GiB""},{""name"":""lab-woocommerce"",""cpu"":""0.00%"",""mem"":""198.1MiB / 122.8GiB""},{""name"":""lab-redis"",""cpu"":""0.24%"",""mem"":""75.9MiB / 122.8GiB""},{""name"":""lab-postgres"",""cpu"":""0.34%"",""mem"":""240.6MiB / 122.8GiB""},{""name"":""lab-mysql"",""cpu"":""29.15%"",""mem"":""717.5MiB / 122.8GiB""},{""name"":""lab-woocommerce-mysql"",""cpu"":""0.73%"",""mem"":""485.4MiB / 122.8GiB""},{""name"":""lab-allegro-stub"",""cpu"":""3.46%"",""mem"":""35.84MiB / 122.8GiB""}]"
2026-09-09T06:45:47Z,4,0,0,53,0,2663446195,"[{""name"":""lab-worker-1"",""cpu"":""0.39%"",""mem"":""99.66MiB / 122.8GiB""},{""name"":""lab-api"",""cpu"":""0.00%"",""mem"":""131.1MiB / 122.8GiB""},{""name"":""lab-wc-tls"",""cpu"":""0.00%"",""mem"":""30.18MiB / 122.8GiB""},{""name"":""lab-prestashop"",""cpu"":""0.01%"",""mem"":""109MiB / 122.8GiB""},{""name"":""lab-woocommerce"",""cpu"":""0.01%"",""mem"":""198.1MiB / 122.8GiB""},{""name"":""lab-redis"",""cpu"":""4.63%"",""mem"":""75.92MiB / 122.8GiB""},{""name"":""lab-postgres"",""cpu"":""0.34%"",""mem"":""240.6MiB / 122.8GiB""},{""name"":""lab-mysql"",""cpu"":""14.54%"",""mem"":""711.2MiB / 122.8GiB""},{""name"":""lab-woocommerce-mysql"",""cpu"":""5.50%"",""mem"":""485.4MiB / 122.8GiB""},{""name"":""lab-allegro-stub"",""cpu"":""0.00%"",""mem"":""30.17MiB / 122.8GiB""}]"
2026-09-09T06:45:51Z,3,0,0,53,0,2663446195,"[{""name"":""lab-worker-1"",""cpu"":""0.47%"",""mem"":""99.68MiB / 122.8GiB""},{""name"":""lab-api"",""cpu"":""0.00%"",""mem"":""131.1MiB / 122.8GiB""},{""name"":""lab-wc-tls"",""cpu"":""0.00%"",""mem"":""30.18MiB / 122.8GiB""},{""name"":""lab-prestashop"",""cpu"":""0.01%"",""mem"":""109MiB / 122.8GiB""},{""name"":""lab-woocommerce"",""cpu"":""0.00%"",""mem"":""198.1MiB / 122.8GiB""},{""name"":""lab-redis"",""cpu"":""0.25%"",""mem"":""75.9MiB / 122.8GiB""},{""name"":""lab-postgres"",""cpu"":""0.37%"",""mem"":""240.6MiB / 122.8GiB""},{""name"":""lab-mysql"",""cpu"":""14.54%"",""mem"":""711.3MiB / 122.8GiB""},{""name"":""lab-woocommerce-mysql"",""cpu"":""0.83%"",""mem"":""485.4MiB / 122.8GiB""},{""name"":""lab-allegro-stub"",""cpu"":""0.00%"",""mem"":""30.18MiB / 122.8GiB""}]"
2026-09-09T06:45:55Z,4,0,0,53,0,2663446195,"[{""name"":""lab-worker-1"",""cpu"":""0.56%"",""mem"":""99.71MiB / 122.8GiB""},{""name"":""lab-api"",""cpu"":""0.00%"",""mem"":""131.1MiB / 122.8GiB""},{""name"":""lab-wc-tls"",""cpu"":""0.00%"",""mem"":""30.18MiB / 122.8GiB""},{""name"":""lab-prestashop"",""cpu"":""0.01%"",""mem"":""109MiB / 122.8GiB""},{""name"":""lab-woocommerce"",""cpu"":""0.01%"",""mem"":""198.1MiB / 122.8GiB""},{""name"":""lab-redis"",""cpu"":""0.27%"",""mem"":""75.9MiB / 122.8GiB""},{""name"":""lab-postgres"",""cpu"":""0.85%"",""mem"":""242.2MiB / 122.8GiB""},{""name"":""lab-mysql"",""cpu"":""15.24%"",""mem"":""711.5MiB / 122.8GiB""},{""name"":""lab-woocommerce-mysql"",""cpu"":""0.92%"",""mem"":""485.4MiB / 122.8GiB""},{""name"":""lab-allegro-stub"",""cpu"":""0.01%"",""mem"":""30.17MiB / 122.8GiB""}]"
2026-09-09T06:45:58Z,4,0,0,53,0,2663446195,"[{""name"":""lab-worker-1"",""cpu"":""0.49%"",""mem"":""99.94MiB / 122.8GiB""},{""name"":""lab-api"",""cpu"":""0.00%"",""mem"":""131.1MiB / 122.8GiB""},{""name"":""lab-wc-tls"",""cpu"":""0.00%"",""mem"":""30.18MiB / 122.8GiB""},{""name"":""lab-prestashop"",""cpu"":""0.01%"",""mem"":""109MiB / 122.8GiB""},{""name"":""lab-woocommerce"",""cpu"":""0.01%"",""mem"":""198.1MiB / 122.8GiB""},{""name"":""lab-redis"",""cpu"":""0.27%"",""mem"":""75.9MiB / 122.8GiB""},{""name"":""lab-postgres"",""cpu"":""0.44%"",""mem"":""240.6MiB / 122.8GiB""},{""name"":""lab-mysql"",""cpu"":""14.35%"",""mem"":""711.5MiB / 122.8GiB""},{""name"":""lab-woocommerce-mysql"",""cpu"":""0.82%"",""mem"":""485.4MiB / 122.8GiB""},{""name"":""lab-allegro-stub"",""cpu"":""3.99%"",""mem"":""30.17MiB / 122.8GiB""}]"
2026-09-09T06:46:02Z,3,0,0,53,0,2663446195,"[{""name"":""lab-worker-1"",""cpu"":""0.50%"",""mem"":""99.73MiB / 122.8GiB""},{""name"":""lab-api"",""cpu"":""0.00%"",""mem"":""131.1MiB / 122.8GiB""},{""name"":""lab-wc-tls"",""cpu"":""0.00%"",""mem"":""30.18MiB / 122.8GiB""},{""name"":""lab-prestashop"",""cpu"":""0.01%"",""mem"":""109MiB / 122.8GiB""},{""name"":""lab-woocommerce"",""cpu"":""0.00%"",""mem"":""198.1MiB / 122.8GiB""},{""name"":""lab-redis"",""cpu"":""0.28%"",""mem"":""75.9MiB / 122.8GiB""},{""name"":""lab-postgres"",""cpu"":""0.43%"",""mem"":""240.6MiB / 122.8GiB""},{""name"":""lab-mysql"",""cpu"":""14.78%"",""mem"":""711.5MiB / 122.8GiB""},{""name"":""lab-woocommerce-mysql"",""cpu"":""0.92%"",""mem"":""485.4MiB / 122.8GiB""},{""name"":""lab-allegro-stub"",""cpu"":""0.00%"",""mem"":""30.17MiB / 122.8GiB""}]"
2026-09-09T06:46:06Z,4,0,0,53,0,2663446195,"[{""name"":""lab-worker-1"",""cpu"":""0.35%"",""mem"":""99.76MiB / 122.8GiB""},{""name"":""lab-api"",""cpu"":""0.00%"",""mem"":""131.1MiB / 122.8GiB""},{""name"":""lab-wc-tls"",""cpu"":""0.00%"",""mem"":""30.18MiB / 122.8GiB""},{""name"":""lab-prestashop"",""cpu"":""14.52%"",""mem"":""109MiB / 122.8GiB""},{""name"":""lab-woocommerce"",""cpu"":""0.01%"",""mem"":""198.1MiB / 122.8GiB""},{""name"":""lab-redis"",""cpu"":""0.26%"",""mem"":""76.15MiB / 122.8GiB""},{""name"":""lab-postgres"",""cpu"":""2.73%"",""mem"":""240.6MiB / 122.8GiB""},{""name"":""lab-mysql"",""cpu"":""23.34%"",""mem"":""711.5MiB / 122.8GiB""},{""name"":""lab-woocommerce-mysql"",""cpu"":""0.82%"",""mem"":""485.4MiB / 122.8GiB""},{""name"":""lab-allegro-stub"",""cpu"":""0.00%"",""mem"":""30.17MiB / 122.8GiB""}]"
2026-09-09T06:46:09Z,4,0,0,53,0,2663446195,"[{""name"":""lab-worker-1"",""cpu"":""0.38%"",""mem"":""100MiB / 122.8GiB""},{""name"":""lab-api"",""cpu"":""0.00%"",""mem"":""131.1MiB / 122.8GiB""},{""name"":""lab-wc-tls"",""cpu"":""0.00%"",""mem"":""30.18MiB / 122.8GiB""},{""name"":""lab-prestashop"",""cpu"":""0.00%"",""mem"":""109MiB / 122.8GiB""},{""name"":""lab-woocommerce"",""cpu"":""0.01%"",""mem"":""198.1MiB / 122.8GiB""},{""name"":""lab-redis"",""cpu"":""0.27%"",""mem"":""75.9MiB / 122.8GiB""},{""name"":""lab-postgres"",""cpu"":""0.28%"",""mem"":""240.6MiB / 122.8GiB""},{""name"":""lab-mysql"",""cpu"":""11.01%"",""mem"":""711.7MiB / 122.8GiB""},{""name"":""lab-woocommerce-mysql"",""cpu"":""0.93%"",""mem"":""485.4MiB / 122.8GiB""},{""name"":""lab-allegro-stub"",""cpu"":""4.03%"",""mem"":""30.18MiB / 122.8GiB""}]"
2026-09-09T06:46:13Z,3,0,0,53,0,2663446195,"[{""name"":""lab-worker-1"",""cpu"":""0.49%"",""mem"":""99.8MiB / 122.8GiB""},{""name"":""lab-api"",""cpu"":""0.00%"",""mem"":""131.1MiB / 122.8GiB""},{""name"":""lab-wc-tls"",""cpu"":""0.00%"",""mem"":""30.18MiB / 122.8GiB""},{""name"":""lab-prestashop"",""cpu"":""0.01%"",""mem"":""109MiB / 122.8GiB""},{""name"":""lab-woocommerce"",""cpu"":""0.00%"",""mem"":""198.1MiB / 122.8GiB""},{""name"":""lab-redis"",""cpu"":""0.30%"",""mem"":""76.15MiB / 122.8GiB""},{""name"":""lab-postgres"",""cpu"":""0.41%"",""mem"":""240.6MiB / 122.8GiB""},{""name"":""lab-mysql"",""cpu"":""20.80%"",""mem"":""711.8MiB / 122.8GiB""},{""name"":""lab-woocommerce-mysql"",""cpu"":""0.87%"",""mem"":""485.4MiB / 122.8GiB""},{""name"":""lab-allegro-stub"",""cpu"":""0.00%"",""mem"":""30.17MiB / 122.8GiB""}]"
2026-09-09T06:46:17Z,4,0,0,53,0,2663446195,"[{""name"":""lab-worker-1"",""cpu"":""0.40%"",""mem"":""99.8MiB / 122.8GiB""},{""name"":""lab-api"",""cpu"":""0.00%"",""mem"":""131.1MiB / 122.8GiB""},{""name"":""lab-wc-tls"",""cpu"":""0.00%"",""mem"":""30.18MiB / 122.8GiB""},{""name"":""lab-prestashop"",""cpu"":""0.01%"",""mem"":""109MiB / 122.8GiB""},{""name"":""lab-woocommerce"",""cpu"":""0.01%"",""mem"":""198.1MiB / 122.8GiB""},{""name"":""lab-redis"",""cpu"":""2.18%"",""mem"":""81.14MiB / 122.8GiB""},{""name"":""lab-postgres"",""cpu"":""0.34%"",""mem"":""240.6MiB / 122.8GiB""},{""name"":""lab-mysql"",""cpu"":""13.50%"",""mem"":""711.5MiB / 122.8GiB""},{""name"":""lab-woocommerce-mysql"",""cpu"":""0.88%"",""mem"":""485.4MiB / 122.8GiB""},{""name"":""lab-allegro-stub"",""cpu"":""0.00%"",""mem"":""30.17MiB / 122.8GiB""}]"
2026-09-09T06:46:20Z,4,0,0,53,0,2663446195,"[{""name"":""lab-worker-1"",""cpu"":""0.37%"",""mem"":""100.1MiB / 122.8GiB""},{""name"":""lab-api"",""cpu"":""0.00%"",""mem"":""131.1MiB / 122.8GiB""},{""name"":""lab-wc-tls"",""cpu"":""0.00%"",""mem"":""30.18MiB / 122.8GiB""},{""name"":""lab-prestashop"",""cpu"":""0.01%"",""mem"":""109MiB / 122.8GiB""},{""name"":""lab-woocommerce"",""cpu"":""0.01%"",""mem"":""198.1MiB / 122.8GiB""},{""name"":""lab-redis"",""cpu"":""0.28%"",""mem"":""75.9MiB / 122.8GiB""},{""name"":""lab-postgres"",""cpu"":""0.33%"",""mem"":""240.6MiB / 122.8GiB""},{""name"":""lab-mysql"",""cpu"":""12.09%"",""mem"":""718.2MiB / 122.8GiB""},{""name"":""lab-woocommerce-mysql"",""cpu"":""0.91%"",""mem"":""485.4MiB / 122.8GiB""},{""name"":""lab-allegro-stub"",""cpu"":""0.00%"",""mem"":""30.17MiB / 122.8GiB""}]"
2026-09-09T06:46:24Z,3,0,0,53,0,2663446195,"[{""name"":""lab-worker-1"",""cpu"":""0.28%"",""mem"":""100.1MiB / 122.8GiB""},{""name"":""lab-api"",""cpu"":""0.00%"",""mem"":""131.1MiB / 122.8GiB""},{""name"":""lab-wc-tls"",""cpu"":""0.00%"",""mem"":""30.18MiB / 122.8GiB""},{""name"":""lab-prestashop"",""cpu"":""0.01%"",""mem"":""107MiB / 122.8GiB""},{""name"":""lab-woocommerce"",""cpu"":""0.00%"",""mem"":""198.1MiB / 122.8GiB""},{""name"":""lab-redis"",""cpu"":""0.28%"",""mem"":""76.15MiB / 122.8GiB""},{""name"":""lab-postgres"",""cpu"":""0.37%"",""mem"":""240.6MiB / 122.8GiB""},{""name"":""lab-mysql"",""cpu"":""15.72%"",""mem"":""711.3MiB / 122.8GiB""},{""name"":""lab-woocommerce-mysql"",""cpu"":""0.78%"",""mem"":""485.4MiB / 122.8GiB""},{""name"":""lab-allegro-stub"",""cpu"":""3.58%"",""mem"":""30.17MiB / 122.8GiB""}]"
2026-09-09T06:46:28Z,4,0,0,53,0,2663446195,"[{""name"":""lab-worker-1"",""cpu"":""0.45%"",""mem"":""100.1MiB / 122.8GiB""},{""name"":""lab-api"",""cpu"":""0.00%"",""mem"":""131.1MiB / 122.8GiB""},{""name"":""lab-wc-tls"",""cpu"":""0.00%"",""mem"":""30.18MiB / 122.8GiB""},{""name"":""lab-prestashop"",""cpu"":""4.85%"",""mem"":""107MiB / 122.8GiB""},{""name"":""lab-woocommerce"",""cpu"":""0.00%"",""mem"":""198.1MiB / 122.8GiB""},{""name"":""lab-redis"",""cpu"":""3.11%"",""mem"":""76.19MiB / 122.8GiB""},{""name"":""lab-postgres"",""cpu"":""0.37%"",""mem"":""240.6MiB / 122.8GiB""},{""name"":""lab-mysql"",""cpu"":""19.44%"",""mem"":""711.3MiB / 122.8GiB""},{""name"":""lab-woocommerce-mysql"",""cpu"":""5.02%"",""mem"":""485.4MiB / 122.8GiB""},{""name"":""lab-allegro-stub"",""cpu"":""0.00%"",""mem"":""30.17MiB / 122.8GiB""}]"
2026-09-09T06:46:32Z,4,0,0,53,0,2663446195,"[{""name"":""lab-worker-1"",""cpu"":""0.35%"",""mem"":""100.1MiB / 122.8GiB""},{""name"":""lab-api"",""cpu"":""0.00%"",""mem"":""131.1MiB / 122.8GiB""},{""name"":""lab-wc-tls"",""cpu"":""0.00%"",""mem"":""30.18MiB / 122.8GiB""},{""name"":""lab-prestashop"",""cpu"":""0.00%"",""mem"":""107MiB / 122.8GiB""},{""name"":""lab-woocommerce"",""cpu"":""0.00%"",""mem"":""200.4MiB / 122.8GiB""},{""name"":""lab-redis"",""cpu"":""0.26%"",""mem"":""75.9MiB / 122.8GiB""},{""name"":""lab-postgres"",""cpu"":""0.35%"",""mem"":""240.7MiB / 122.8GiB""},{""name"":""lab-mysql"",""cpu"":""14.42%"",""mem"":""711.3MiB / 122.8GiB""},{""name"":""lab-woocommerce-mysql"",""cpu"":""1.22%"",""mem"":""485.4MiB / 122.8GiB""},{""name"":""lab-allegro-stub"",""cpu"":""0.00%"",""mem"":""30.17MiB / 122.8GiB""}]"
2026-09-09T06:46:35Z,4,0,0,53,0,2663446195,"[{""name"":""lab-worker-1"",""cpu"":""0.41%"",""mem"":""100.1MiB / 122.8GiB""},{""name"":""lab-api"",""cpu"":""0.00%"",""mem"":""131.1MiB / 122.8GiB""},{""name"":""lab-wc-tls"",""cpu"":""0.00%"",""mem"":""30.18MiB / 122.8GiB""},{""name"":""lab-prestashop"",""cpu"":""0.00%"",""mem"":""107MiB / 122.8GiB""},{""name"":""lab-woocommerce"",""cpu"":""0.01%"",""mem"":""200.1MiB / 122.8GiB""},{""name"":""lab-redis"",""cpu"":""0.27%"",""mem"":""76.15MiB / 122.8GiB""},{""name"":""lab-postgres"",""cpu"":""5.28%"",""mem"":""240.6MiB / 122.8GiB""},{""name"":""lab-mysql"",""cpu"":""15.69%"",""mem"":""712.5MiB / 122.8GiB""},{""name"":""lab-woocommerce-mysql"",""cpu"":""0.75%"",""mem"":""485.4MiB / 122.8GiB""},{""name"":""lab-allegro-stub"",""cpu"":""0.00%"",""mem"":""30.17MiB / 122.8GiB""}]"
2026-09-09T06:46:39Z,3,0,0,53,0,2663446195,"[{""name"":""lab-worker-1"",""cpu"":""0.45%"",""mem"":""100.1MiB / 122.8GiB""},{""name"":""lab-api"",""cpu"":""0.00%"",""mem"":""131.1MiB / 122.8GiB""},{""name"":""lab-wc-tls"",""cpu"":""0.00%"",""mem"":""30.18MiB / 122.8GiB""},{""name"":""lab-prestashop"",""cpu"":""0.00%"",""mem"":""107MiB / 122.8GiB""},{""name"":""lab-woocommerce"",""cpu"":""0.00%"",""mem"":""200.1MiB / 122.8GiB""},{""name"":""lab-redis"",""cpu"":""0.29%"",""mem"":""75.9MiB / 122.8GiB""},{""name"":""lab-postgres"",""cpu"":""0.29%"",""mem"":""240.6MiB / 122.8GiB""},{""name"":""lab-mysql"",""cpu"":""14.17%"",""mem"":""711.5MiB / 122.8GiB""},{""name"":""lab-woocommerce-mysql"",""cpu"":""0.78%"",""mem"":""485.4MiB / 122.8GiB""},{""name"":""lab-allegro-stub"",""cpu"":""0.00%"",""mem"":""30.17MiB / 122.8GiB""}]"
2026-09-09T06:46:43Z,4,0,0,53,0,2663446195,"[{""name"":""lab-worker-1"",""cpu"":""0.41%"",""mem"":""100.1MiB / 122.8GiB""},{""name"":""lab-api"",""cpu"":""0.00%"",""mem"":""131.1MiB / 122.8GiB""},{""name"":""lab-wc-tls"",""cpu"":""0.00%"",""mem"":""30.18MiB / 122.8GiB""},{""name"":""lab-prestashop"",""cpu"":""0.01%"",""mem"":""107MiB / 122.8GiB""},{""name"":""lab-woocommerce"",""cpu"":""0.01%"",""mem"":""200.1MiB / 122.8GiB""},{""name"":""lab-redis"",""cpu"":""0.32%"",""mem"":""75.91MiB / 122.8GiB""},{""name"":""lab-postgres"",""cpu"":""0.33%"",""mem"":""240.6MiB / 122.8GiB""},{""name"":""lab-mysql"",""cpu"":""12.63%"",""mem"":""711.3MiB / 122.8GiB""},{""name"":""lab-woocommerce-mysql"",""cpu"":""0.92%"",""mem"":""485.4MiB / 122.8GiB""},{""name"":""lab-allegro-stub"",""cpu"":""0.00%"",""mem"":""30.17MiB / 122.8GiB""}]"
2026-09-09T06:46:46Z,4,0,0,53,0,2663446195,"[{""name"":""lab-worker-1"",""cpu"":""0.36%"",""mem"":""100.1MiB / 122.8GiB""},{""name"":""lab-api"",""cpu"":""0.00%"",""mem"":""131.1MiB / 122.8GiB""},{""name"":""lab-wc-tls"",""cpu"":""0.00%"",""mem"":""30.18MiB / 122.8GiB""},{""name"":""lab-prestashop"",""cpu"":""0.01%"",""mem"":""107MiB / 122.8GiB""},{""name"":""lab-woocommerce"",""cpu"":""0.01%"",""mem"":""200.1MiB / 122.8GiB""},{""name"":""lab-redis"",""cpu"":""0.27%"",""mem"":""76.15MiB / 122.8GiB""},{""name"":""lab-postgres"",""cpu"":""0.37%"",""mem"":""240.6MiB / 122.8GiB""},{""name"":""lab-mysql"",""cpu"":""14.59%"",""mem"":""711.5MiB / 122.8GiB""},{""name"":""lab-woocommerce-mysql"",""cpu"":""0.87%"",""mem"":""485.4MiB / 122.8GiB""},{""name"":""lab-allegro-stub"",""cpu"":""0.00%"",""mem"":""30.17MiB / 122.8GiB""}]"
2026-09-09T06:46:50Z,3,0,0,53,0,2663446195,"[{""name"":""lab-worker-1"",""cpu"":""0.44%"",""mem"":""100.1MiB / 122.8GiB""},{""name"":""lab-api"",""cpu"":""0.00%"",""mem"":""131.1MiB / 122.8GiB""},{""name"":""lab-wc-tls"",""cpu"":""0.00%"",""mem"":""30.18MiB / 122.8GiB""},{""name"":""lab-prestashop"",""cpu"":""0.01%"",""mem"":""107MiB / 122.8GiB""},{""name"":""lab-woocommerce"",""cpu"":""0.01%"",""mem"":""200.1MiB / 122.8GiB""},{""name"":""lab-redis"",""cpu"":""0.25%"",""mem"":""76.15MiB / 122.8GiB""},{""name"":""lab-postgres"",""cpu"":""0.37%"",""mem"":""240.6MiB / 122.8GiB""},{""name"":""lab-mysql"",""cpu"":""14.24%"",""mem"":""711.3MiB / 122.8GiB""},{""name"":""lab-woocommerce-mysql"",""cpu"":""0.79%"",""mem"":""485.4MiB / 122.8GiB""},{""name"":""lab-allegro-stub"",""cpu"":""0.00%"",""mem"":""30.17MiB / 122.8GiB""}]"
2026-09-09T06:46:54Z,4,0,0,53,0,2663446195,"[{""name"":""lab-worker-1"",""cpu"":""0.34%"",""mem"":""100.1MiB / 122.8GiB""},{""name"":""lab-api"",""cpu"":""0.00%"",""mem"":""131.1MiB / 122.8GiB""},{""name"":""lab-wc-tls"",""cpu"":""0.00%"",""mem"":""30.18MiB / 122.8GiB""},{""name"":""lab-prestashop"",""cpu"":""0.00%"",""mem"":""107MiB / 122.8GiB""},{""name"":""lab-woocommerce"",""cpu"":""0.01%"",""mem"":""200.1MiB / 122.8GiB""},{""name"":""lab-redis"",""cpu"":""0.26%"",""mem"":""75.9MiB / 122.8GiB""},{""name"":""lab-postgres"",""cpu"":""0.30%"",""mem"":""240.6MiB / 122.8GiB""},{""name"":""lab-mysql"",""cpu"":""19.40%"",""mem"":""711.5MiB / 122.8GiB""},{""name"":""lab-woocommerce-mysql"",""cpu"":""0.79%"",""mem"":""485.4MiB / 122.8GiB""},{""name"":""lab-allegro-stub"",""cpu"":""0.00%"",""mem"":""30.17MiB / 122.8GiB""}]"
2026-09-09T06:46:57Z,4,0,0,53,0,2663446195,"[{""name"":""lab-worker-1"",""cpu"":""0.53%"",""mem"":""100.1MiB / 122.8GiB""},{""name"":""lab-api"",""cpu"":""0.00%"",""mem"":""131.1MiB / 122.8GiB""},{""name"":""lab-wc-tls"",""cpu"":""0.00%"",""mem"":""30.18MiB / 122.8GiB""},{""name"":""lab-prestashop"",""cpu"":""0.01%"",""mem"":""107MiB / 122.8GiB""},{""name"":""lab-woocommerce"",""cpu"":""0.00%"",""mem"":""200.1MiB / 122.8GiB""},{""name"":""lab-redis"",""cpu"":""4.32%"",""mem"":""75.9MiB / 122.8GiB""},{""name"":""lab-postgres"",""cpu"":""0.35%"",""mem"":""240.6MiB / 122.8GiB""},{""name"":""lab-mysql"",""cpu"":""15.05%"",""mem"":""711.6MiB / 122.8GiB""},{""name"":""lab-woocommerce-mysql"",""cpu"":""5.17%"",""mem"":""485.4MiB / 122.8GiB""},{""name"":""lab-allegro-stub"",""cpu"":""0.00%"",""mem"":""30.17MiB / 122.8GiB""}]"
2026-09-09T06:47:01Z,3,0,0,53,0,2663446195,"[{""name"":""lab-worker-1"",""cpu"":""0.24%"",""mem"":""100.3MiB / 122.8GiB""},{""name"":""lab-api"",""cpu"":""0.00%"",""mem"":""131.1MiB / 122.8GiB""},{""name"":""lab-wc-tls"",""cpu"":""0.00%"",""mem"":""30.18MiB / 122.8GiB""},{""name"":""lab-prestashop"",""cpu"":""0.01%"",""mem"":""107MiB / 122.8GiB""},{""name"":""lab-woocommerce"",""cpu"":""14.52%"",""mem"":""200.4MiB / 122.8GiB""},{""name"":""lab-redis"",""cpu"":""0.28%"",""mem"":""76.15MiB / 122.8GiB""},{""name"":""lab-postgres"",""cpu"":""0.36%"",""mem"":""240.6MiB / 122.8GiB""},{""name"":""lab-mysql"",""cpu"":""14.48%"",""mem"":""711.3MiB / 122.8GiB""},{""name"":""lab-woocommerce-mysql"",""cpu"":""2.16%"",""mem"":""485.4MiB / 122.8GiB""},{""name"":""lab-allegro-stub"",""cpu"":""0.00%"",""mem"":""30.17MiB / 122.8GiB""}]"
2026-09-09T06:47:05Z,4,0,0,53,0,2663446195,"[{""name"":""lab-worker-1"",""cpu"":""0.37%"",""mem"":""100.1MiB / 122.8GiB""},{""name"":""lab-api"",""cpu"":""0.00%"",""mem"":""131.1MiB / 122.8GiB""},{""name"":""lab-wc-tls"",""cpu"":""0.00%"",""mem"":""30.18MiB / 122.8GiB""},{""name"":""lab-prestashop"",""cpu"":""0.01%"",""mem"":""107MiB / 122.8GiB""},{""name"":""lab-woocommerce"",""cpu"":""0.00%"",""mem"":""200.1MiB / 122.8GiB""},{""name"":""lab-redis"",""cpu"":""0.27%"",""mem"":""75.9MiB / 122.8GiB""},{""name"":""lab-postgres"",""cpu"":""0.38%"",""mem"":""240.6MiB / 122.8GiB""},{""name"":""lab-mysql"",""cpu"":""13.72%"",""mem"":""716.8MiB / 122.8GiB""},{""name"":""lab-woocommerce-mysql"",""cpu"":""0.96%"",""mem"":""485.4MiB / 122.8GiB""},{""name"":""lab-allegro-stub"",""cpu"":""3.82%"",""mem"":""30.18MiB / 122.8GiB""}]"
2026-09-09T06:47:08Z,4,0,0,53,0,2663446195,"[{""name"":""lab-worker-1"",""cpu"":""0.36%"",""mem"":""100.1MiB / 122.8GiB""},{""name"":""lab-api"",""cpu"":""0.00%"",""mem"":""131.1MiB / 122.8GiB""},{""name"":""lab-wc-tls"",""cpu"":""0.00%"",""mem"":""30.18MiB / 122.8GiB""},{""name"":""lab-prestashop"",""cpu"":""0.01%"",""mem"":""107MiB / 122.8GiB""},{""name"":""lab-woocommerce"",""cpu"":""0.01%"",""mem"":""200.1MiB / 122.8GiB""},{""name"":""lab-redis"",""cpu"":""0.26%"",""mem"":""75.9MiB / 122.8GiB""},{""name"":""lab-postgres"",""cpu"":""0.39%"",""mem"":""240.6MiB / 122.8GiB""},{""name"":""lab-mysql"",""cpu"":""15.02%"",""mem"":""711.2MiB / 122.8GiB""},{""name"":""lab-woocommerce-mysql"",""cpu"":""0.82%"",""mem"":""485.4MiB / 122.8GiB""},{""name"":""lab-allegro-stub"",""cpu"":""0.00%"",""mem"":""30.17MiB / 122.8GiB""}]"
2026-09-09T06:47:12Z,4,0,0,53,0,2663446195,"[{""name"":""lab-worker-1"",""cpu"":""0.53%"",""mem"":""100.1MiB / 122.8GiB""},{""name"":""lab-api"",""cpu"":""0.00%"",""mem"":""131.1MiB / 122.8GiB""},{""name"":""lab-wc-tls"",""cpu"":""0.00%"",""mem"":""30.18MiB / 122.8GiB""},{""name"":""lab-prestashop"",""cpu"":""0.01%"",""mem"":""107MiB / 122.8GiB""},{""name"":""lab-woocommerce"",""cpu"":""0.01%"",""mem"":""200.1MiB / 122.8GiB""},{""name"":""lab-redis"",""cpu"":""0.30%"",""mem"":""75.91MiB / 122.8GiB""},{""name"":""lab-postgres"",""cpu"":""0.38%"",""mem"":""240.6MiB / 122.8GiB""},{""name"":""lab-mysql"",""cpu"":""15.64%"",""mem"":""711.3MiB / 122.8GiB""},{""name"":""lab-woocommerce-mysql"",""cpu"":""0.87%"",""mem"":""485.4MiB / 122.8GiB""},{""name"":""lab-allegro-stub"",""cpu"":""0.00%"",""mem"":""30.17MiB / 122.8GiB""}]"
2026-09-09T06:47:16Z,3,0,0,53,0,2663446195,"[{""name"":""lab-worker-1"",""cpu"":""0.37%"",""mem"":""100.1MiB / 122.8GiB""},{""name"":""lab-api"",""cpu"":""0.00%"",""mem"":""131.1MiB / 122.8GiB""},{""name"":""lab-wc-tls"",""cpu"":""0.00%"",""mem"":""30.18MiB / 122.8GiB""},{""name"":""lab-prestashop"",""cpu"":""0.00%"",""mem"":""107MiB / 122.8GiB""},{""name"":""lab-woocommerce"",""cpu"":""0.01%"",""mem"":""200.1MiB / 122.8GiB""},{""name"":""lab-redis"",""cpu"":""0.28%"",""mem"":""75.9MiB / 122.8GiB""},{""name"":""lab-postgres"",""cpu"":""5.85%"",""mem"":""240.6MiB / 122.8GiB""},{""name"":""lab-mysql"",""cpu"":""10.28%"",""mem"":""711.5MiB / 122.8GiB""},{""name"":""lab-woocommerce-mysql"",""cpu"":""0.94%"",""mem"":""485.4MiB / 122.8GiB""},{""name"":""lab-allegro-stub"",""cpu"":""0.00%"",""mem"":""30.17MiB / 122.8GiB""}]"
2026-09-09T06:47:20Z,4,0,0,53,0,2663446195,"[{""name"":""lab-worker-1"",""cpu"":""0.37%"",""mem"":""100.1MiB / 122.8GiB""},{""name"":""lab-api"",""cpu"":""0.00%"",""mem"":""131.1MiB / 122.8GiB""},{""name"":""lab-wc-tls"",""cpu"":""0.00%"",""mem"":""30.18MiB / 122.8GiB""},{""name"":""lab-prestashop"",""cpu"":""0.01%"",""mem"":""107MiB / 122.8GiB""},{""name"":""lab-woocommerce"",""cpu"":""0.01%"",""mem"":""200.1MiB / 122.8GiB""},{""name"":""lab-redis"",""cpu"":""0.27%"",""mem"":""76.15MiB / 122.8GiB""},{""name"":""lab-postgres"",""cpu"":""0.36%"",""mem"":""240.6MiB / 122.8GiB""},{""name"":""lab-mysql"",""cpu"":""14.88%"",""mem"":""711.3MiB / 122.8GiB""},{""name"":""lab-woocommerce-mysql"",""cpu"":""0.90%"",""mem"":""485.4MiB / 122.8GiB""},{""name"":""lab-allegro-stub"",""cpu"":""4.15%"",""mem"":""30.29MiB / 122.8GiB""}]"
2026-09-09T06:47:23Z,4,0,0,53,0,2663446195,"[{""name"":""lab-worker-1"",""cpu"":""0.35%"",""mem"":""100.1MiB / 122.8GiB""},{""name"":""lab-api"",""cpu"":""0.00%"",""mem"":""131.1MiB / 122.8GiB""},{""name"":""lab-wc-tls"",""cpu"":""0.00%"",""mem"":""30.18MiB / 122.8GiB""},{""name"":""lab-prestashop"",""cpu"":""0.01%"",""mem"":""107MiB / 122.8GiB""},{""name"":""lab-woocommerce"",""cpu"":""0.01%"",""mem"":""200.1MiB / 122.8GiB""},{""name"":""lab-redis"",""cpu"":""0.28%"",""mem"":""76.15MiB / 122.8GiB""},{""name"":""lab-postgres"",""cpu"":""0.37%"",""mem"":""240.8MiB / 122.8GiB""},{""name"":""lab-mysql"",""cpu"":""14.86%"",""mem"":""711.2MiB / 122.8GiB""},{""name"":""lab-woocommerce-mysql"",""cpu"":""1.28%"",""mem"":""485.4MiB / 122.8GiB""},{""name"":""lab-allegro-stub"",""cpu"":""0.00%"",""mem"":""30.17MiB / 122.8GiB""}]"
2026-09-09T06:47:27Z,3,0,0,53,0,2663446195,"[{""name"":""lab-worker-1"",""cpu"":""0.39%"",""mem"":""100.1MiB / 122.8GiB""},{""name"":""lab-api"",""cpu"":""0.00%"",""mem"":""131.1MiB / 122.8GiB""},{""name"":""lab-wc-tls"",""cpu"":""0.00%"",""mem"":""30.18MiB / 122.8GiB""},{""name"":""lab-prestashop"",""cpu"":""0.01%"",""mem"":""107MiB / 122.8GiB""},{""name"":""lab-woocommerce"",""cpu"":""0.01%"",""mem"":""200.1MiB / 122.8GiB""},{""name"":""lab-redis"",""cpu"":""0.29%"",""mem"":""75.9MiB / 122.8GiB""},{""name"":""lab-postgres"",""cpu"":""0.34%"",""mem"":""240.6MiB / 122.8GiB""},{""name"":""lab-mysql"",""cpu"":""15.03%"",""mem"":""711.4MiB / 122.8GiB""},{""name"":""lab-woocommerce-mysql"",""cpu"":""0.91%"",""mem"":""485.4MiB / 122.8GiB""},{""name"":""lab-allegro-stub"",""cpu"":""0.00%"",""mem"":""30.17MiB / 122.8GiB""}]"
2026-09-09T06:47:31Z,4,0,0,53,0,2663446195,"[{""name"":""lab-worker-1"",""cpu"":""0.40%"",""mem"":""100.1MiB / 122.8GiB""},{""name"":""lab-api"",""cpu"":""0.00%"",""mem"":""131.1MiB / 122.8GiB""},{""name"":""lab-wc-tls"",""cpu"":""0.00%"",""mem"":""30.18MiB / 122.8GiB""},{""name"":""lab-prestashop"",""cpu"":""0.01%"",""mem"":""107MiB / 122.8GiB""},{""name"":""lab-woocommerce"",""cpu"":""4.51%"",""mem"":""201.6MiB / 122.8GiB""},{""name"":""lab-redis"",""cpu"":""0.26%"",""mem"":""76.15MiB / 122.8GiB""},{""name"":""lab-postgres"",""cpu"":""0.36%"",""mem"":""240.6MiB / 122.8GiB""},{""name"":""lab-mysql"",""cpu"":""15.91%"",""mem"":""711.5MiB / 122.8GiB""},{""name"":""lab-woocommerce-mysql"",""cpu"":""0.88%"",""mem"":""485.4MiB / 122.8GiB""},{""name"":""lab-allegro-stub"",""cpu"":""0.01%"",""mem"":""30.21MiB / 122.8GiB""}]"
2026-09-09T06:47:34Z,4,0,0,53,0,2663446195,"[{""name"":""lab-worker-1"",""cpu"":""0.37%"",""mem"":""100.1MiB / 122.8GiB""},{""name"":""lab-api"",""cpu"":""0.00%"",""mem"":""131.1MiB / 122.8GiB""},{""name"":""lab-wc-tls"",""cpu"":""0.00%"",""mem"":""30.18MiB / 122.8GiB""},{""name"":""lab-prestashop"",""cpu"":""0.01%"",""mem"":""107MiB / 122.8GiB""},{""name"":""lab-woocommerce"",""cpu"":""0.01%"",""mem"":""200.1MiB / 122.8GiB""},{""name"":""lab-redis"",""cpu"":""0.27%"",""mem"":""75.9MiB / 122.8GiB""},{""name"":""lab-postgres"",""cpu"":""0.37%"",""mem"":""240.6MiB / 122.8GiB""},{""name"":""lab-mysql"",""cpu"":""19.93%"",""mem"":""712MiB / 122.8GiB""},{""name"":""lab-woocommerce-mysql"",""cpu"":""0.84%"",""mem"":""485.4MiB / 122.8GiB""},{""name"":""lab-allegro-stub"",""cpu"":""0.01%"",""mem"":""30.17MiB / 122.8GiB""}]"
2026-09-09T06:47:38Z,3,0,0,53,0,2663446195,"[{""name"":""lab-worker-1"",""cpu"":""0.44%"",""mem"":""100.1MiB / 122.8GiB""},{""name"":""lab-api"",""cpu"":""0.00%"",""mem"":""131.1MiB / 122.8GiB""},{""name"":""lab-wc-tls"",""cpu"":""0.00%"",""mem"":""30.18MiB / 122.8GiB""},{""name"":""lab-prestashop"",""cpu"":""0.01%"",""mem"":""107MiB / 122.8GiB""},{""name"":""lab-woocommerce"",""cpu"":""0.01%"",""mem"":""200.1MiB / 122.8GiB""},{""name"":""lab-redis"",""cpu"":""4.43%"",""mem"":""75.9MiB / 122.8GiB""},{""name"":""lab-postgres"",""cpu"":""0.35%"",""mem"":""240.6MiB / 122.8GiB""},{""name"":""lab-mysql"",""cpu"":""11.71%"",""mem"":""715.7MiB / 122.8GiB""},{""name"":""lab-woocommerce-mysql"",""cpu"":""5.38%"",""mem"":""485.4MiB / 122.8GiB""},{""name"":""lab-allegro-stub"",""cpu"":""0.00%"",""mem"":""30.17MiB / 122.8GiB""}]"
2026-09-09T06:47:42Z,4,0,0,53,0,2663446195,"[{""name"":""lab-worker-1"",""cpu"":""0.37%"",""mem"":""100.1MiB / 122.8GiB""},{""name"":""lab-api"",""cpu"":""0.00%"",""mem"":""131.1MiB / 122.8GiB""},{""name"":""lab-wc-tls"",""cpu"":""0.00%"",""mem"":""30.18MiB / 122.8GiB""},{""name"":""lab-prestashop"",""cpu"":""0.01%"",""mem"":""107MiB / 122.8GiB""},{""name"":""lab-woocommerce"",""cpu"":""0.01%"",""mem"":""200.1MiB / 122.8GiB""},{""name"":""lab-redis"",""cpu"":""0.28%"",""mem"":""76.15MiB / 122.8GiB""},{""name"":""lab-postgres"",""cpu"":""0.36%"",""mem"":""240.6MiB / 122.8GiB""},{""name"":""lab-mysql"",""cpu"":""14.35%"",""mem"":""711.2MiB / 122.8GiB""},{""name"":""lab-woocommerce-mysql"",""cpu"":""0.89%"",""mem"":""485.4MiB / 122.8GiB""},{""name"":""lab-allegro-stub"",""cpu"":""0.00%"",""mem"":""30.17MiB / 122.8GiB""}]"
2026-09-09T06:47:46Z,4,0,0,53,0,2663446195,"[{""name"":""lab-worker-1"",""cpu"":""0.35%"",""mem"":""100.1MiB / 122.8GiB""},{""name"":""lab-api"",""cpu"":""0.00%"",""mem"":""131.1MiB / 122.8GiB""},{""name"":""lab-wc-tls"",""cpu"":""0.00%"",""mem"":""30.18MiB / 122.8GiB""},{""name"":""lab-prestashop"",""cpu"":""0.00%"",""mem"":""107MiB / 122.8GiB""},{""name"":""lab-woocommerce"",""cpu"":""0.01%"",""mem"":""200.1MiB / 122.8GiB""},{""name"":""lab-redis"",""cpu"":""0.26%"",""mem"":""75.9MiB / 122.8GiB""},{""name"":""lab-postgres"",""cpu"":""5.48%"",""mem"":""240.6MiB / 122.8GiB""},{""name"":""lab-mysql"",""cpu"":""11.24%"",""mem"":""711.7MiB / 122.8GiB""},{""name"":""lab-woocommerce-mysql"",""cpu"":""0.86%"",""mem"":""485.4MiB / 122.8GiB""},{""name"":""lab-allegro-stub"",""cpu"":""4.06%"",""mem"":""30.19MiB / 122.8GiB""}]"
2026-09-09T06:47:49Z,4,0,0,53,0,2663446195,"[{""name"":""lab-worker-1"",""cpu"":""0.32%"",""mem"":""100.1MiB / 122.8GiB""},{""name"":""lab-api"",""cpu"":""0.00%"",""mem"":""131.1MiB / 122.8GiB""},{""name"":""lab-wc-tls"",""cpu"":""0.00%"",""mem"":""30.18MiB / 122.8GiB""},{""name"":""lab-prestashop"",""cpu"":""0.00%"",""mem"":""107MiB / 122.8GiB""},{""name"":""lab-woocommerce"",""cpu"":""0.01%"",""mem"":""200.1MiB / 122.8GiB""},{""name"":""lab-redis"",""cpu"":""0.25%"",""mem"":""75.9MiB / 122.8GiB""},{""name"":""lab-postgres"",""cpu"":""1.58%"",""mem"":""240.6MiB / 122.8GiB""},{""name"":""lab-mysql"",""cpu"":""14.48%"",""mem"":""711.2MiB / 122.8GiB""},{""name"":""lab-woocommerce-mysql"",""cpu"":""0.83%"",""mem"":""485.4MiB / 122.8GiB""},{""name"":""lab-allegro-stub"",""cpu"":""0.00%"",""mem"":""30.17MiB / 122.8GiB""}]"
2026-09-09T06:47:53Z,3,0,0,53,0,2663446195,"[{""name"":""lab-worker-1"",""cpu"":""0.19%"",""mem"":""100.1MiB / 122.8GiB""},{""name"":""lab-api"",""cpu"":""0.00%"",""mem"":""131.1MiB / 122.8GiB""},{""name"":""lab-wc-tls"",""cpu"":""0.00%"",""mem"":""30.18MiB / 122.8GiB""},{""name"":""lab-prestashop"",""cpu"":""4.97%"",""mem"":""107MiB / 122.8GiB""},{""name"":""lab-woocommerce"",""cpu"":""0.01%"",""mem"":""200.1MiB / 122.8GiB""},{""name"":""lab-redis"",""cpu"":""0.30%"",""mem"":""76.15MiB / 122.8GiB""},{""name"":""lab-postgres"",""cpu"":""0.19%"",""mem"":""240.6MiB / 122.8GiB""},{""name"":""lab-mysql"",""cpu"":""15.56%"",""mem"":""711.4MiB / 122.8GiB""},{""name"":""lab-woocommerce-mysql"",""cpu"":""0.82%"",""mem"":""485.4MiB / 122.8GiB""},{""name"":""lab-allegro-stub"",""cpu"":""0.00%"",""mem"":""30.17MiB / 122.8GiB""}]"
2026-09-09T06:47:57Z,4,0,0,53,0,2663446195,"[{""name"":""lab-worker-1"",""cpu"":""0.44%"",""mem"":""100.1MiB / 122.8GiB""},{""name"":""lab-api"",""cpu"":""0.00%"",""mem"":""131.1MiB / 122.8GiB""},{""name"":""lab-wc-tls"",""cpu"":""0.00%"",""mem"":""30.18MiB / 122.8GiB""},{""name"":""lab-prestashop"",""cpu"":""0.01%"",""mem"":""107MiB / 122.8GiB""},{""name"":""lab-woocommerce"",""cpu"":""0.00%"",""mem"":""200.1MiB / 122.8GiB""},{""name"":""lab-redis"",""cpu"":""0.25%"",""mem"":""75.9MiB / 122.8GiB""},{""name"":""lab-postgres"",""cpu"":""0.37%"",""mem"":""240.6MiB / 122.8GiB""},{""name"":""lab-mysql"",""cpu"":""15.10%"",""mem"":""711.3MiB / 122.8GiB""},{""name"":""lab-woocommerce-mysql"",""cpu"":""0.75%"",""mem"":""485.4MiB / 122.8GiB""},{""name"":""lab-allegro-stub"",""cpu"":""0.00%"",""mem"":""30.17MiB / 122.8GiB""}]"
2026-09-09T06:48:00Z,4,0,0,53,0,2663446195,"[{""name"":""lab-worker-1"",""cpu"":""1.22%"",""mem"":""100.2MiB / 122.8GiB""},{""name"":""lab-api"",""cpu"":""0.00%"",""mem"":""131.1MiB / 122.8GiB""},{""name"":""lab-wc-tls"",""cpu"":""0.00%"",""mem"":""30.18MiB / 122.8GiB""},{""name"":""lab-prestashop"",""cpu"":""0.01%"",""mem"":""107MiB / 122.8GiB""},{""name"":""lab-woocommerce"",""cpu"":""0.01%"",""mem"":""200.1MiB / 122.8GiB""},{""name"":""lab-redis"",""cpu"":""0.29%"",""mem"":""75.9MiB / 122.8GiB""},{""name"":""lab-postgres"",""cpu"":""0.21%"",""mem"":""240.6MiB / 122.8GiB""},{""name"":""lab-mysql"",""cpu"":""13.14%"",""mem"":""718.8MiB / 122.8GiB""},{""name"":""lab-woocommerce-mysql"",""cpu"":""0.91%"",""mem"":""485.4MiB / 122.8GiB""},{""name"":""lab-allegro-stub"",""cpu"":""4.55%"",""mem"":""30.23MiB / 122.8GiB""}]"
2026-09-09T06:48:04Z,3,0,0,53,0,2663446195,"[{""name"":""lab-worker-1"",""cpu"":""0.35%"",""mem"":""100.1MiB / 122.8GiB""},{""name"":""lab-api"",""cpu"":""0.00%"",""mem"":""131.1MiB / 122.8GiB""},{""name"":""lab-wc-tls"",""cpu"":""0.00%"",""mem"":""30.18MiB / 122.8GiB""},{""name"":""lab-prestashop"",""cpu"":""0.01%"",""mem"":""107MiB / 122.8GiB""},{""name"":""lab-woocommerce"",""cpu"":""0.00%"",""mem"":""200.1MiB / 122.8GiB""},{""name"":""lab-redis"",""cpu"":""0.24%"",""mem"":""75.9MiB / 122.8GiB""},{""name"":""lab-postgres"",""cpu"":""0.35%"",""mem"":""240.6MiB / 122.8GiB""},{""name"":""lab-mysql"",""cpu"":""19.74%"",""mem"":""711.5MiB / 122.8GiB""},{""name"":""lab-woocommerce-mysql"",""cpu"":""0.86%"",""mem"":""485.4MiB / 122.8GiB""},{""name"":""lab-allegro-stub"",""cpu"":""0.00%"",""mem"":""30.17MiB / 122.8GiB""}]"
2026-09-09T06:48:08Z,4,0,0,53,0,2663446195,"[{""name"":""lab-worker-1"",""cpu"":""0.40%"",""mem"":""100.1MiB / 122.8GiB""},{""name"":""lab-api"",""cpu"":""0.00%"",""mem"":""131.1MiB / 122.8GiB""},{""name"":""lab-wc-tls"",""cpu"":""0.00%"",""mem"":""30.18MiB / 122.8GiB""},{""name"":""lab-prestashop"",""cpu"":""0.01%"",""mem"":""107MiB / 122.8GiB""},{""name"":""lab-woocommerce"",""cpu"":""0.00%"",""mem"":""200.1MiB / 122.8GiB""},{""name"":""lab-redis"",""cpu"":""4.70%"",""mem"":""75.93MiB / 122.8GiB""},{""name"":""lab-postgres"",""cpu"":""0.35%"",""mem"":""240.6MiB / 122.8GiB""},{""name"":""lab-mysql"",""cpu"":""14.56%"",""mem"":""711.2MiB / 122.8GiB""},{""name"":""lab-woocommerce-mysql"",""cpu"":""5.23%"",""mem"":""485.5MiB / 122.8GiB""},{""name"":""lab-allegro-stub"",""cpu"":""0.00%"",""mem"":""30.17MiB / 122.8GiB""}]"
2026-09-09T06:48:11Z,4,0,0,53,0,2663446195,"[{""name"":""lab-worker-1"",""cpu"":""0.35%"",""mem"":""100.1MiB / 122.8GiB""},{""name"":""lab-api"",""cpu"":""0.00%"",""mem"":""131.1MiB / 122.8GiB""},{""name"":""lab-wc-tls"",""cpu"":""0.00%"",""mem"":""30.18MiB / 122.8GiB""},{""name"":""lab-prestashop"",""cpu"":""0.00%"",""mem"":""107MiB / 122.8GiB""},{""name"":""lab-woocommerce"",""cpu"":""0.01%"",""mem"":""200.1MiB / 122.8GiB""},{""name"":""lab-redis"",""cpu"":""0.26%"",""mem"":""75.9MiB / 122.8GiB""},{""name"":""lab-postgres"",""cpu"":""0.36%"",""mem"":""240.6MiB / 122.8GiB""},{""name"":""lab-mysql"",""cpu"":""14.52%"",""mem"":""711.3MiB / 122.8GiB""},{""name"":""lab-woocommerce-mysql"",""cpu"":""0.92%"",""mem"":""485.4MiB / 122.8GiB""},{""name"":""lab-allegro-stub"",""cpu"":""0.01%"",""mem"":""30.17MiB / 122.8GiB""}]"
2026-09-09T06:48:15Z,3,0,0,53,0,2663446195,"[{""name"":""lab-worker-1"",""cpu"":""0.42%"",""mem"":""100.1MiB / 122.8GiB""},{""name"":""lab-api"",""cpu"":""0.00%"",""mem"":""131.1MiB / 122.8GiB""},{""name"":""lab-wc-tls"",""cpu"":""0.00%"",""mem"":""30.18MiB / 122.8GiB""},{""name"":""lab-prestashop"",""cpu"":""0.00%"",""mem"":""107MiB / 122.8GiB""},{""name"":""lab-woocommerce"",""cpu"":""0.00%"",""mem"":""200.1MiB / 122.8GiB""},{""name"":""lab-redis"",""cpu"":""0.28%"",""mem"":""76.15MiB / 122.8GiB""},{""name"":""lab-postgres"",""cpu"":""0.39%"",""mem"":""240.6MiB / 122.8GiB""},{""name"":""lab-mysql"",""cpu"":""15.30%"",""mem"":""711.6MiB / 122.8GiB""},{""name"":""lab-woocommerce-mysql"",""cpu"":""0.81%"",""mem"":""485.4MiB / 122.8GiB""},{""name"":""lab-allegro-stub"",""cpu"":""0.00%"",""mem"":""30.17MiB / 122.8GiB""}]"
2026-09-09T06:48:19Z,4,0,0,53,0,2663446195,"[{""name"":""lab-worker-1"",""cpu"":""0.44%"",""mem"":""100.1MiB / 122.8GiB""},{""name"":""lab-api"",""cpu"":""0.00%"",""mem"":""131.1MiB / 122.8GiB""},{""name"":""lab-wc-tls"",""cpu"":""0.00%"",""mem"":""30.18MiB / 122.8GiB""},{""name"":""lab-prestashop"",""cpu"":""0.01%"",""mem"":""107MiB / 122.8GiB""},{""name"":""lab-woocommerce"",""cpu"":""0.01%"",""mem"":""200.1MiB / 122.8GiB""},{""name"":""lab-redis"",""cpu"":""0.28%"",""mem"":""76.15MiB / 122.8GiB""},{""name"":""lab-postgres"",""cpu"":""0.16%"",""mem"":""240.6MiB / 122.8GiB""},{""name"":""lab-mysql"",""cpu"":""14.91%"",""mem"":""711.3MiB / 122.8GiB""},{""name"":""lab-woocommerce-mysql"",""cpu"":""0.87%"",""mem"":""485.4MiB / 122.8GiB""},{""name"":""lab-allegro-stub"",""cpu"":""0.00%"",""mem"":""30.17MiB / 122.8GiB""}]"
2026-09-09T06:48:22Z,4,0,0,53,0,2663446195,"[{""name"":""lab-worker-1"",""cpu"":""0.50%"",""mem"":""100.1MiB / 122.8GiB""},{""name"":""lab-api"",""cpu"":""0.00%"",""mem"":""131.1MiB / 122.8GiB""},{""name"":""lab-wc-tls"",""cpu"":""0.00%"",""mem"":""30.18MiB / 122.8GiB""},{""name"":""lab-prestashop"",""cpu"":""4.96%"",""mem"":""107MiB / 122.8GiB""},{""name"":""lab-woocommerce"",""cpu"":""0.01%"",""mem"":""200.1MiB / 122.8GiB""},{""name"":""lab-redis"",""cpu"":""0.30%"",""mem"":""75.9MiB / 122.8GiB""},{""name"":""lab-postgres"",""cpu"":""0.38%"",""mem"":""240.6MiB / 122.8GiB""},{""name"":""lab-mysql"",""cpu"":""11.05%"",""mem"":""711.8MiB / 122.8GiB""},{""name"":""lab-woocommerce-mysql"",""cpu"":""0.92%"",""mem"":""485.4MiB / 122.8GiB""},{""name"":""lab-allegro-stub"",""cpu"":""0.00%"",""mem"":""30.17MiB / 122.8GiB""}]"
2026-09-09T06:48:26Z,3,0,0,53,0,2663446195,"[{""name"":""lab-worker-1"",""cpu"":""0.38%"",""mem"":""100.1MiB / 122.8GiB""},{""name"":""lab-api"",""cpu"":""0.00%"",""mem"":""131.1MiB / 122.8GiB""},{""name"":""lab-wc-tls"",""cpu"":""0.00%"",""mem"":""30.18MiB / 122.8GiB""},{""name"":""lab-prestashop"",""cpu"":""0.01%"",""mem"":""107MiB / 122.8GiB""},{""name"":""lab-woocommerce"",""cpu"":""0.01%"",""mem"":""200.1MiB / 122.8GiB""},{""name"":""lab-redis"",""cpu"":""0.29%"",""mem"":""75.9MiB / 122.8GiB""},{""name"":""lab-postgres"",""cpu"":""5.16%"",""mem"":""240.7MiB / 122.8GiB""},{""name"":""lab-mysql"",""cpu"":""15.07%"",""mem"":""711.5MiB / 122.8GiB""},{""name"":""lab-woocommerce-mysql"",""cpu"":""0.85%"",""mem"":""485.4MiB / 122.8GiB""},{""name"":""lab-allegro-stub"",""cpu"":""0.00%"",""mem"":""30.19MiB / 122.8GiB""}]"
2026-09-09T06:48:30Z,4,0,0,53,0,2663446195,"[{""name"":""lab-worker-1"",""cpu"":""0.39%"",""mem"":""100.1MiB / 122.8GiB""},{""name"":""lab-api"",""cpu"":""0.00%"",""mem"":""131.1MiB / 122.8GiB""},{""name"":""lab-wc-tls"",""cpu"":""0.00%"",""mem"":""30.18MiB / 122.8GiB""},{""name"":""lab-prestashop"",""cpu"":""0.00%"",""mem"":""107MiB / 122.8GiB""},{""name"":""lab-woocommerce"",""cpu"":""0.01%"",""mem"":""200.1MiB / 122.8GiB""},{""name"":""lab-redis"",""cpu"":""0.27%"",""mem"":""75.9MiB / 122.8GiB""},{""name"":""lab-postgres"",""cpu"":""0.35%"",""mem"":""240.6MiB / 122.8GiB""},{""name"":""lab-mysql"",""cpu"":""14.51%"",""mem"":""711.3MiB / 122.8GiB""},{""name"":""lab-woocommerce-mysql"",""cpu"":""0.85%"",""mem"":""485.4MiB / 122.8GiB""},{""name"":""lab-allegro-stub"",""cpu"":""0.00%"",""mem"":""30.17MiB / 122.8GiB""}]"
2026-09-09T06:48:33Z,4,0,0,53,0,2663446195,"[{""name"":""lab-worker-1"",""cpu"":""0.35%"",""mem"":""100.1MiB / 122.8GiB""},{""name"":""lab-api"",""cpu"":""0.01%"",""mem"":""131.1MiB / 122.8GiB""},{""name"":""lab-wc-tls"",""cpu"":""0.00%"",""mem"":""30.18MiB / 122.8GiB""},{""name"":""lab-prestashop"",""cpu"":""0.00%"",""mem"":""107MiB / 122.8GiB""},{""name"":""lab-woocommerce"",""cpu"":""0.01%"",""mem"":""200.1MiB / 122.8GiB""},{""name"":""lab-redis"",""cpu"":""0.26%"",""mem"":""75.9MiB / 122.8GiB""},{""name"":""lab-postgres"",""cpu"":""0.36%"",""mem"":""240.7MiB / 122.8GiB""},{""name"":""lab-mysql"",""cpu"":""15.36%"",""mem"":""711.3MiB / 122.8GiB""},{""name"":""lab-woocommerce-mysql"",""cpu"":""1.25%"",""mem"":""485.4MiB / 122.8GiB""},{""name"":""lab-allegro-stub"",""cpu"":""0.00%"",""mem"":""30.17MiB / 122.8GiB""}]"
2026-09-09T06:48:37Z,3,0,0,53,0,2663446195,"[{""name"":""lab-worker-1"",""cpu"":""0.43%"",""mem"":""100.1MiB / 122.8GiB""},{""name"":""lab-api"",""cpu"":""0.00%"",""mem"":""131.1MiB / 122.8GiB""},{""name"":""lab-wc-tls"",""cpu"":""0.00%"",""mem"":""30.18MiB / 122.8GiB""},{""name"":""lab-prestashop"",""cpu"":""0.01%"",""mem"":""107MiB / 122.8GiB""},{""name"":""lab-woocommerce"",""cpu"":""0.01%"",""mem"":""200.1MiB / 122.8GiB""},{""name"":""lab-redis"",""cpu"":""0.26%"",""mem"":""75.9MiB / 122.8GiB""},{""name"":""lab-postgres"",""cpu"":""0.37%"",""mem"":""240.6MiB / 122.8GiB""},{""name"":""lab-mysql"",""cpu"":""14.77%"",""mem"":""711.8MiB / 122.8GiB""},{""name"":""lab-woocommerce-mysql"",""cpu"":""0.89%"",""mem"":""485.4MiB / 122.8GiB""},{""name"":""lab-allegro-stub"",""cpu"":""0.00%"",""mem"":""30.17MiB / 122.8GiB""}]"
2026-09-09T06:48:41Z,4,0,0,53,0,2663446195,"[{""name"":""lab-worker-1"",""cpu"":""0.44%"",""mem"":""100.1MiB / 122.8GiB""},{""name"":""lab-api"",""cpu"":""0.00%"",""mem"":""131.1MiB / 122.8GiB""},{""name"":""lab-wc-tls"",""cpu"":""0.00%"",""mem"":""30.18MiB / 122.8GiB""},{""name"":""lab-prestashop"",""cpu"":""0.01%"",""mem"":""107MiB / 122.8GiB""},{""name"":""lab-woocommerce"",""cpu"":""0.01%"",""mem"":""200.1MiB / 122.8GiB""},{""name"":""lab-redis"",""cpu"":""0.26%"",""mem"":""75.9MiB / 122.8GiB""},{""name"":""lab-postgres"",""cpu"":""0.38%"",""mem"":""240.6MiB / 122.8GiB""},{""name"":""lab-mysql"",""cpu"":""14.80%"",""mem"":""711.3MiB / 122.8GiB""},{""name"":""lab-woocommerce-mysql"",""cpu"":""0.86%"",""mem"":""485.4MiB / 122.8GiB""},{""name"":""lab-allegro-stub"",""cpu"":""0.00%"",""mem"":""30.18MiB / 122.8GiB""}]"
2026-09-09T06:48:44Z,4,0,0,53,0,2663446195,"[{""name"":""lab-worker-1"",""cpu"":""0.30%"",""mem"":""100.1MiB / 122.8GiB""},{""name"":""lab-api"",""cpu"":""0.00%"",""mem"":""131.1MiB / 122.8GiB""},{""name"":""lab-wc-tls"",""cpu"":""0.00%"",""mem"":""30.18MiB / 122.8GiB""},{""name"":""lab-prestashop"",""cpu"":""0.00%"",""mem"":""107MiB / 122.8GiB""},{""name"":""lab-woocommerce"",""cpu"":""0.01%"",""mem"":""200.1MiB / 122.8GiB""},{""name"":""lab-redis"",""cpu"":""0.26%"",""mem"":""75.9MiB / 122.8GiB""},{""name"":""lab-postgres"",""cpu"":""0.35%"",""mem"":""240.6MiB / 122.8GiB""},{""name"":""lab-mysql"",""cpu"":""19.13%"",""mem"":""711.5MiB / 122.8GiB""},{""name"":""lab-woocommerce-mysql"",""cpu"":""0.83%"",""mem"":""485.4MiB / 122.8GiB""},{""name"":""lab-allegro-stub"",""cpu"":""0.00%"",""mem"":""30.17MiB / 122.8GiB""}]"
2026-09-09T06:48:48Z,4,0,0,53,0,2663446195,"[{""name"":""lab-worker-1"",""cpu"":""0.40%"",""mem"":""100.1MiB / 122.8GiB""},{""name"":""lab-api"",""cpu"":""0.00%"",""mem"":""131.1MiB / 122.8GiB""},{""name"":""lab-wc-tls"",""cpu"":""0.00%"",""mem"":""30.18MiB / 122.8GiB""},{""name"":""lab-prestashop"",""cpu"":""0.01%"",""mem"":""107MiB / 122.8GiB""},{""name"":""lab-woocommerce"",""cpu"":""0.01%"",""mem"":""200.1MiB / 122.8GiB""},{""name"":""lab-redis"",""cpu"":""4.18%"",""mem"":""75.9MiB / 122.8GiB""},{""name"":""lab-postgres"",""cpu"":""0.36%"",""mem"":""240.6MiB / 122.8GiB""},{""name"":""lab-mysql"",""cpu"":""14.71%"",""mem"":""711.3MiB / 122.8GiB""},{""name"":""lab-woocommerce-mysql"",""cpu"":""6.05%"",""mem"":""485.4MiB / 122.8GiB""},{""name"":""lab-allegro-stub"",""cpu"":""0.00%"",""mem"":""30.17MiB / 122.8GiB""}]"
2026-09-09T06:48:52Z,3,0,0,53,0,2663446195,"[{""name"":""lab-worker-1"",""cpu"":""0.34%"",""mem"":""100.1MiB / 122.8GiB""},{""name"":""lab-api"",""cpu"":""0.00%"",""mem"":""131.1MiB / 122.8GiB""},{""name"":""lab-wc-tls"",""cpu"":""0.00%"",""mem"":""30.18MiB / 122.8GiB""},{""name"":""lab-prestashop"",""cpu"":""0.01%"",""mem"":""107MiB / 122.8GiB""},{""name"":""lab-woocommerce"",""cpu"":""0.01%"",""mem"":""200.1MiB / 122.8GiB""},{""name"":""lab-redis"",""cpu"":""0.24%"",""mem"":""76.15MiB / 122.8GiB""},{""name"":""lab-postgres"",""cpu"":""0.34%"",""mem"":""240.6MiB / 122.8GiB""},{""name"":""lab-mysql"",""cpu"":""14.98%"",""mem"":""711.2MiB / 122.8GiB""},{""name"":""lab-woocommerce-mysql"",""cpu"":""0.84%"",""mem"":""485.4MiB / 122.8GiB""},{""name"":""lab-allegro-stub"",""cpu"":""0.01%"",""mem"":""30.18MiB / 122.8GiB""}]"
2026-09-09T06:48:56Z,4,0,0,53,0,2663446195,"[{""name"":""lab-worker-1"",""cpu"":""0.42%"",""mem"":""100.1MiB / 122.8GiB""},{""name"":""lab-api"",""cpu"":""0.00%"",""mem"":""131.1MiB / 122.8GiB""},{""name"":""lab-wc-tls"",""cpu"":""0.00%"",""mem"":""30.18MiB / 122.8GiB""},{""name"":""lab-prestashop"",""cpu"":""0.01%"",""mem"":""107MiB / 122.8GiB""},{""name"":""lab-woocommerce"",""cpu"":""0.01%"",""mem"":""200.1MiB / 122.8GiB""},{""name"":""lab-redis"",""cpu"":""0.30%"",""mem"":""76.15MiB / 122.8GiB""},{""name"":""lab-postgres"",""cpu"":""0.43%"",""mem"":""240.6MiB / 122.8GiB""},{""name"":""lab-mysql"",""cpu"":""11.55%"",""mem"":""711.5MiB / 122.8GiB""},{""name"":""lab-woocommerce-mysql"",""cpu"":""0.85%"",""mem"":""485.4MiB / 122.8GiB""},{""name"":""lab-allegro-stub"",""cpu"":""0.00%"",""mem"":""30.17MiB / 122.8GiB""}]"
