ts,dt,queued,running,dead,deferred,pg_database_size_bytes,docker_stats_json
2026-09-09T08:30:15Z,0,0,0,427,0,2666600115,"[{""name"":""lab-worker-1"",""cpu"":""22.78%"",""mem"":""104MiB / 122.8GiB""},{""name"":""lab-api"",""cpu"":""12.62%"",""mem"":""178.9MiB / 122.8GiB""},{""name"":""lab-wc-tls"",""cpu"":""0.00%"",""mem"":""30.18MiB / 122.8GiB""},{""name"":""lab-prestashop"",""cpu"":""0.00%"",""mem"":""109MiB / 122.8GiB""},{""name"":""lab-woocommerce"",""cpu"":""12.77%"",""mem"":""204.2MiB / 122.8GiB""},{""name"":""lab-redis"",""cpu"":""2.51%"",""mem"":""76.13MiB / 122.8GiB""},{""name"":""lab-postgres"",""cpu"":""6.15%"",""mem"":""254.9MiB / 122.8GiB""},{""name"":""lab-mysql"",""cpu"":""0.62%"",""mem"":""713.3MiB / 122.8GiB""},{""name"":""lab-woocommerce-mysql"",""cpu"":""1.89%"",""mem"":""485.5MiB / 122.8GiB""},{""name"":""lab-allegro-stub"",""cpu"":""0.00%"",""mem"":""30.2MiB / 122.8GiB""}]"
2026-09-09T08:30:19Z,3,123,8,427,0,2666600115,"[{""name"":""lab-worker-1"",""cpu"":""21.83%"",""mem"":""107.3MiB / 122.8GiB""},{""name"":""lab-api"",""cpu"":""16.31%"",""mem"":""179.2MiB / 122.8GiB""},{""name"":""lab-wc-tls"",""cpu"":""0.00%"",""mem"":""30.18MiB / 122.8GiB""},{""name"":""lab-prestashop"",""cpu"":""0.00%"",""mem"":""109MiB / 122.8GiB""},{""name"":""lab-woocommerce"",""cpu"":""0.00%"",""mem"":""204.2MiB / 122.8GiB""},{""name"":""lab-redis"",""cpu"":""6.13%"",""mem"":""75.93MiB / 122.8GiB""},{""name"":""lab-postgres"",""cpu"":""6.13%"",""mem"":""255.1MiB / 122.8GiB""},{""name"":""lab-mysql"",""cpu"":""0.73%"",""mem"":""713.3MiB / 122.8GiB""},{""name"":""lab-woocommerce-mysql"",""cpu"":""0.73%"",""mem"":""485.5MiB / 122.8GiB""},{""name"":""lab-allegro-stub"",""cpu"":""0.00%"",""mem"":""30.2MiB / 122.8GiB""}]"
2026-09-09T08:30:23Z,4,254,8,427,0,2666600115,"[{""name"":""lab-worker-1"",""cpu"":""18.96%"",""mem"":""107.8MiB / 122.8GiB""},{""name"":""lab-api"",""cpu"":""13.32%"",""mem"":""179.4MiB / 122.8GiB""},{""name"":""lab-wc-tls"",""cpu"":""0.00%"",""mem"":""30.18MiB / 122.8GiB""},{""name"":""lab-prestashop"",""cpu"":""0.00%"",""mem"":""109MiB / 122.8GiB""},{""name"":""lab-woocommerce"",""cpu"":""0.01%"",""mem"":""204.2MiB / 122.8GiB""},{""name"":""lab-redis"",""cpu"":""2.12%"",""mem"":""76.21MiB / 122.8GiB""},{""name"":""lab-postgres"",""cpu"":""6.30%"",""mem"":""255.4MiB / 122.8GiB""},{""name"":""lab-mysql"",""cpu"":""0.78%"",""mem"":""713.3MiB / 122.8GiB""},{""name"":""lab-woocommerce-mysql"",""cpu"":""0.89%"",""mem"":""485.5MiB / 122.8GiB""},{""name"":""lab-allegro-stub"",""cpu"":""3.93%"",""mem"":""30.2MiB / 122.8GiB""}]"
2026-09-09T08:30:27Z,4,384,8,427,0,2666600115,"[{""name"":""lab-worker-1"",""cpu"":""18.99%"",""mem"":""106.7MiB / 122.8GiB""},{""name"":""lab-api"",""cpu"":""12.11%"",""mem"":""179.6MiB / 122.8GiB""},{""name"":""lab-wc-tls"",""cpu"":""0.00%"",""mem"":""30.18MiB / 122.8GiB""},{""name"":""lab-prestashop"",""cpu"":""0.01%"",""mem"":""109MiB / 122.8GiB""},{""name"":""lab-woocommerce"",""cpu"":""0.01%"",""mem"":""204.2MiB / 122.8GiB""},{""name"":""lab-redis"",""cpu"":""2.28%"",""mem"":""76.25MiB / 122.8GiB""},{""name"":""lab-postgres"",""cpu"":""5.26%"",""mem"":""239.9MiB / 122.8GiB""},{""name"":""lab-mysql"",""cpu"":""0.70%"",""mem"":""713.3MiB / 122.8GiB""},{""name"":""lab-woocommerce-mysql"",""cpu"":""0.71%"",""mem"":""485.5MiB / 122.8GiB""},{""name"":""lab-allegro-stub"",""cpu"":""0.00%"",""mem"":""30.2MiB / 122.8GiB""}]"
2026-09-09T08:30:30Z,4,519,8,427,0,2666600115,"[{""name"":""lab-worker-1"",""cpu"":""10.39%"",""mem"":""106.7MiB / 122.8GiB""},{""name"":""lab-api"",""cpu"":""5.80%"",""mem"":""181.3MiB / 122.8GiB""},{""name"":""lab-wc-tls"",""cpu"":""0.00%"",""mem"":""30.18MiB / 122.8GiB""},{""name"":""lab-prestashop"",""cpu"":""0.01%"",""mem"":""109MiB / 122.8GiB""},{""name"":""lab-woocommerce"",""cpu"":""0.00%"",""mem"":""204.2MiB / 122.8GiB""},{""name"":""lab-redis"",""cpu"":""0.99%"",""mem"":""76.03MiB / 122.8GiB""},{""name"":""lab-postgres"",""cpu"":""32.65%"",""mem"":""240.3MiB / 122.8GiB""},{""name"":""lab-mysql"",""cpu"":""5.81%"",""mem"":""713.3MiB / 122.8GiB""},{""name"":""lab-woocommerce-mysql"",""cpu"":""0.77%"",""mem"":""485.5MiB / 122.8GiB""},{""name"":""lab-allegro-stub"",""cpu"":""0.00%"",""mem"":""30.2MiB / 122.8GiB""}]"
2026-09-09T08:30:34Z,3,588,8,427,4,2666600115,"[{""name"":""lab-worker-1"",""cpu"":""10.47%"",""mem"":""107.7MiB / 122.8GiB""},{""name"":""lab-api"",""cpu"":""46.07%"",""mem"":""129.6MiB / 122.8GiB""},{""name"":""lab-wc-tls"",""cpu"":""0.00%"",""mem"":""30.18MiB / 122.8GiB""},{""name"":""lab-prestashop"",""cpu"":""0.01%"",""mem"":""109MiB / 122.8GiB""},{""name"":""lab-woocommerce"",""cpu"":""0.00%"",""mem"":""204.2MiB / 122.8GiB""},{""name"":""lab-redis"",""cpu"":""0.73%"",""mem"":""76.04MiB / 122.8GiB""},{""name"":""lab-postgres"",""cpu"":""35.61%"",""mem"":""244.9MiB / 122.8GiB""},{""name"":""lab-mysql"",""cpu"":""0.78%"",""mem"":""713.3MiB / 122.8GiB""},{""name"":""lab-woocommerce-mysql"",""cpu"":""5.18%"",""mem"":""485.5MiB / 122.8GiB""},{""name"":""lab-allegro-stub"",""cpu"":""0.00%"",""mem"":""30.2MiB / 122.8GiB""}]"
2026-09-09T08:30:38Z,4,584,8,427,8,2666600115,"[{""name"":""lab-worker-1"",""cpu"":""1.22%"",""mem"":""108.9MiB / 122.8GiB""},{""name"":""lab-api"",""cpu"":""0.00%"",""mem"":""129.3MiB / 122.8GiB""},{""name"":""lab-wc-tls"",""cpu"":""0.00%"",""mem"":""30.18MiB / 122.8GiB""},{""name"":""lab-prestashop"",""cpu"":""0.01%"",""mem"":""109MiB / 122.8GiB""},{""name"":""lab-woocommerce"",""cpu"":""0.01%"",""mem"":""204.2MiB / 122.8GiB""},{""name"":""lab-redis"",""cpu"":""0.36%"",""mem"":""76.28MiB / 122.8GiB""},{""name"":""lab-postgres"",""cpu"":""7.90%"",""mem"":""244.5MiB / 122.8GiB""},{""name"":""lab-mysql"",""cpu"":""0.86%"",""mem"":""713.3MiB / 122.8GiB""},{""name"":""lab-woocommerce-mysql"",""cpu"":""0.85%"",""mem"":""485.5MiB / 122.8GiB""},{""name"":""lab-allegro-stub"",""cpu"":""4.20%"",""mem"":""30.2MiB / 122.8GiB""}]"
2026-09-09T08:30:41Z,4,583,7,427,11,2666600115,"[{""name"":""lab-worker-1"",""cpu"":""7.27%"",""mem"":""111.3MiB / 122.8GiB""},{""name"":""lab-api"",""cpu"":""0.00%"",""mem"":""129.3MiB / 122.8GiB""},{""name"":""lab-wc-tls"",""cpu"":""0.00%"",""mem"":""30.18MiB / 122.8GiB""},{""name"":""lab-prestashop"",""cpu"":""0.00%"",""mem"":""109MiB / 122.8GiB""},{""name"":""lab-woocommerce"",""cpu"":""0.00%"",""mem"":""204.2MiB / 122.8GiB""},{""name"":""lab-redis"",""cpu"":""0.83%"",""mem"":""76.04MiB / 122.8GiB""},{""name"":""lab-postgres"",""cpu"":""38.62%"",""mem"":""252.1MiB / 122.8GiB""},{""name"":""lab-mysql"",""cpu"":""0.79%"",""mem"":""713.3MiB / 122.8GiB""},{""name"":""lab-woocommerce-mysql"",""cpu"":""0.73%"",""mem"":""485.5MiB / 122.8GiB""},{""name"":""lab-allegro-stub"",""cpu"":""0.00%"",""mem"":""30.2MiB / 122.8GiB""}]"
2026-09-09T08:30:45Z,3,576,8,427,16,2666600115,"[{""name"":""lab-worker-1"",""cpu"":""1.13%"",""mem"":""111.5MiB / 122.8GiB""},{""name"":""lab-api"",""cpu"":""0.00%"",""mem"":""129.3MiB / 122.8GiB""},{""name"":""lab-wc-tls"",""cpu"":""0.00%"",""mem"":""30.18MiB / 122.8GiB""},{""name"":""lab-prestashop"",""cpu"":""0.01%"",""mem"":""109MiB / 122.8GiB""},{""name"":""lab-woocommerce"",""cpu"":""7.20%"",""mem"":""214.2MiB / 122.8GiB""},{""name"":""lab-redis"",""cpu"":""0.38%"",""mem"":""76.03MiB / 122.8GiB""},{""name"":""lab-postgres"",""cpu"":""30.66%"",""mem"":""245MiB / 122.8GiB""},{""name"":""lab-mysql"",""cpu"":""0.71%"",""mem"":""713.3MiB / 122.8GiB""},{""name"":""lab-woocommerce-mysql"",""cpu"":""0.73%"",""mem"":""485.5MiB / 122.8GiB""},{""name"":""lab-allegro-stub"",""cpu"":""0.00%"",""mem"":""30.2MiB / 122.8GiB""}]"
2026-09-09T08:30:49Z,4,575,8,427,17,2666600115,"[{""name"":""lab-worker-1"",""cpu"":""4.85%"",""mem"":""111.7MiB / 122.8GiB""},{""name"":""lab-api"",""cpu"":""0.00%"",""mem"":""129.3MiB / 122.8GiB""},{""name"":""lab-wc-tls"",""cpu"":""0.00%"",""mem"":""30.18MiB / 122.8GiB""},{""name"":""lab-prestashop"",""cpu"":""0.01%"",""mem"":""109MiB / 122.8GiB""},{""name"":""lab-woocommerce"",""cpu"":""0.01%"",""mem"":""204.2MiB / 122.8GiB""},{""name"":""lab-redis"",""cpu"":""0.53%"",""mem"":""76.03MiB / 122.8GiB""},{""name"":""lab-postgres"",""cpu"":""8.85%"",""mem"":""244.9MiB / 122.8GiB""},{""name"":""lab-mysql"",""cpu"":""0.93%"",""mem"":""713.3MiB / 122.8GiB""},{""name"":""lab-woocommerce-mysql"",""cpu"":""1.01%"",""mem"":""485.5MiB / 122.8GiB""},{""name"":""lab-allegro-stub"",""cpu"":""0.00%"",""mem"":""30.2MiB / 122.8GiB""}]"
2026-09-09T08:30:52Z,4,569,7,427,24,2666600115,"[{""name"":""lab-worker-1"",""cpu"":""2.19%"",""mem"":""111.2MiB / 122.8GiB""},{""name"":""lab-api"",""cpu"":""0.00%"",""mem"":""129.3MiB / 122.8GiB""},{""name"":""lab-wc-tls"",""cpu"":""0.00%"",""mem"":""30.18MiB / 122.8GiB""},{""name"":""lab-prestashop"",""cpu"":""0.01%"",""mem"":""109MiB / 122.8GiB""},{""name"":""lab-woocommerce"",""cpu"":""0.00%"",""mem"":""204.2MiB / 122.8GiB""},{""name"":""lab-redis"",""cpu"":""0.68%"",""mem"":""76.03MiB / 122.8GiB""},{""name"":""lab-postgres"",""cpu"":""31.43%"",""mem"":""244.7MiB / 122.8GiB""},{""name"":""lab-mysql"",""cpu"":""0.80%"",""mem"":""713.3MiB / 122.8GiB""},{""name"":""lab-woocommerce-mysql"",""cpu"":""0.83%"",""mem"":""485.5MiB / 122.8GiB""},{""name"":""lab-allegro-stub"",""cpu"":""0.01%"",""mem"":""30.21MiB / 122.8GiB""}]"
2026-09-09T08:30:56Z,3,568,8,427,24,2666600115,"[{""name"":""lab-worker-1"",""cpu"":""2.83%"",""mem"":""111.2MiB / 122.8GiB""},{""name"":""lab-api"",""cpu"":""0.00%"",""mem"":""129.3MiB / 122.8GiB""},{""name"":""lab-wc-tls"",""cpu"":""0.00%"",""mem"":""30.18MiB / 122.8GiB""},{""name"":""lab-prestashop"",""cpu"":""0.01%"",""mem"":""109MiB / 122.8GiB""},{""name"":""lab-woocommerce"",""cpu"":""0.01%"",""mem"":""204.2MiB / 122.8GiB""},{""name"":""lab-redis"",""cpu"":""0.53%"",""mem"":""76.04MiB / 122.8GiB""},{""name"":""lab-postgres"",""cpu"":""21.61%"",""mem"":""244.7MiB / 122.8GiB""},{""name"":""lab-mysql"",""cpu"":""0.94%"",""mem"":""713.3MiB / 122.8GiB""},{""name"":""lab-woocommerce-mysql"",""cpu"":""0.88%"",""mem"":""485.5MiB / 122.8GiB""},{""name"":""lab-allegro-stub"",""cpu"":""0.00%"",""mem"":""30.2MiB / 122.8GiB""}]"
2026-09-09T08:31:00Z,4,565,7,427,29,2666600115,"[{""name"":""lab-worker-1"",""cpu"":""4.86%"",""mem"":""111.3MiB / 122.8GiB""},{""name"":""lab-api"",""cpu"":""0.00%"",""mem"":""129.3MiB / 122.8GiB""},{""name"":""lab-wc-tls"",""cpu"":""0.00%"",""mem"":""30.18MiB / 122.8GiB""},{""name"":""lab-prestashop"",""cpu"":""0.00%"",""mem"":""109MiB / 122.8GiB""},{""name"":""lab-woocommerce"",""cpu"":""0.01%"",""mem"":""204.2MiB / 122.8GiB""},{""name"":""lab-redis"",""cpu"":""5.30%"",""mem"":""76.03MiB / 122.8GiB""},{""name"":""lab-postgres"",""cpu"":""25.48%"",""mem"":""245.5MiB / 122.8GiB""},{""name"":""lab-mysql"",""cpu"":""3.78%"",""mem"":""721.4MiB / 122.8GiB""},{""name"":""lab-woocommerce-mysql"",""cpu"":""0.80%"",""mem"":""485.5MiB / 122.8GiB""},{""name"":""lab-allegro-stub"",""cpu"":""0.00%"",""mem"":""30.2MiB / 122.8GiB""}]"
2026-09-09T08:31:03Z,4,564,8,427,28,2666600115,"[{""name"":""lab-worker-1"",""cpu"":""0.73%"",""mem"":""111.4MiB / 122.8GiB""},{""name"":""lab-api"",""cpu"":""0.00%"",""mem"":""129.3MiB / 122.8GiB""},{""name"":""lab-wc-tls"",""cpu"":""0.00%"",""mem"":""30.18MiB / 122.8GiB""},{""name"":""lab-prestashop"",""cpu"":""0.00%"",""mem"":""109MiB / 122.8GiB""},{""name"":""lab-woocommerce"",""cpu"":""0.01%"",""mem"":""204.2MiB / 122.8GiB""},{""name"":""lab-redis"",""cpu"":""0.30%"",""mem"":""76.03MiB / 122.8GiB""},{""name"":""lab-postgres"",""cpu"":""33.78%"",""mem"":""244.8MiB / 122.8GiB""},{""name"":""lab-mysql"",""cpu"":""0.82%"",""mem"":""713.3MiB / 122.8GiB""},{""name"":""lab-woocommerce-mysql"",""cpu"":""0.85%"",""mem"":""485.5MiB / 122.8GiB""},{""name"":""lab-allegro-stub"",""cpu"":""0.01%"",""mem"":""30.2MiB / 122.8GiB""}]"
2026-09-09T08:31:07Z,3,568,6,427,27,2666600115,"[{""name"":""lab-worker-1"",""cpu"":""5.62%"",""mem"":""112.2MiB / 122.8GiB""},{""name"":""lab-api"",""cpu"":""0.00%"",""mem"":""129.3MiB / 122.8GiB""},{""name"":""lab-wc-tls"",""cpu"":""0.00%"",""mem"":""30.18MiB / 122.8GiB""},{""name"":""lab-prestashop"",""cpu"":""5.26%"",""mem"":""109.1MiB / 122.8GiB""},{""name"":""lab-woocommerce"",""cpu"":""0.01%"",""mem"":""204.2MiB / 122.8GiB""},{""name"":""lab-redis"",""cpu"":""1.01%"",""mem"":""76.28MiB / 122.8GiB""},{""name"":""lab-postgres"",""cpu"":""20.66%"",""mem"":""244.9MiB / 122.8GiB""},{""name"":""lab-mysql"",""cpu"":""1.36%"",""mem"":""713.3MiB / 122.8GiB""},{""name"":""lab-woocommerce-mysql"",""cpu"":""0.79%"",""mem"":""485.5MiB / 122.8GiB""},{""name"":""lab-allegro-stub"",""cpu"":""0.00%"",""mem"":""30.2MiB / 122.8GiB""}]"
2026-09-09T08:31:11Z,4,561,8,427,30,2666600115,"[{""name"":""lab-worker-1"",""cpu"":""8.61%"",""mem"":""111.1MiB / 122.8GiB""},{""name"":""lab-api"",""cpu"":""0.00%"",""mem"":""129.3MiB / 122.8GiB""},{""name"":""lab-wc-tls"",""cpu"":""0.00%"",""mem"":""30.18MiB / 122.8GiB""},{""name"":""lab-prestashop"",""cpu"":""0.00%"",""mem"":""109MiB / 122.8GiB""},{""name"":""lab-woocommerce"",""cpu"":""0.01%"",""mem"":""204.2MiB / 122.8GiB""},{""name"":""lab-redis"",""cpu"":""0.58%"",""mem"":""76.3MiB / 122.8GiB""},{""name"":""lab-postgres"",""cpu"":""29.44%"",""mem"":""244.7MiB / 122.8GiB""},{""name"":""lab-mysql"",""cpu"":""1.63%"",""mem"":""713.3MiB / 122.8GiB""},{""name"":""lab-woocommerce-mysql"",""cpu"":""0.79%"",""mem"":""485.5MiB / 122.8GiB""},{""name"":""lab-allegro-stub"",""cpu"":""0.00%"",""mem"":""30.2MiB / 122.8GiB""}]"
2026-09-09T08:31:15Z,4,568,8,427,25,2666600115,"[{""name"":""lab-worker-1"",""cpu"":""15.83%"",""mem"":""112.4MiB / 122.8GiB""},{""name"":""lab-api"",""cpu"":""0.00%"",""mem"":""129.3MiB / 122.8GiB""},{""name"":""lab-wc-tls"",""cpu"":""0.00%"",""mem"":""30.18MiB / 122.8GiB""},{""name"":""lab-prestashop"",""cpu"":""0.01%"",""mem"":""109MiB / 122.8GiB""},{""name"":""lab-woocommerce"",""cpu"":""0.01%"",""mem"":""204.2MiB / 122.8GiB""},{""name"":""lab-redis"",""cpu"":""0.87%"",""mem"":""76.28MiB / 122.8GiB""},{""name"":""lab-postgres"",""cpu"":""17.28%"",""mem"":""246.7MiB / 122.8GiB""},{""name"":""lab-mysql"",""cpu"":""0.75%"",""mem"":""713.3MiB / 122.8GiB""},{""name"":""lab-woocommerce-mysql"",""cpu"":""5.43%"",""mem"":""485.5MiB / 122.8GiB""},{""name"":""lab-allegro-stub"",""cpu"":""0.00%"",""mem"":""30.2MiB / 122.8GiB""}]"
2026-09-09T08:31:18Z,4,563,8,427,29,2666600115,"[{""name"":""lab-worker-1"",""cpu"":""2.35%"",""mem"":""111.3MiB / 122.8GiB""},{""name"":""lab-api"",""cpu"":""0.00%"",""mem"":""129.3MiB / 122.8GiB""},{""name"":""lab-wc-tls"",""cpu"":""0.00%"",""mem"":""30.18MiB / 122.8GiB""},{""name"":""lab-prestashop"",""cpu"":""0.01%"",""mem"":""109MiB / 122.8GiB""},{""name"":""lab-woocommerce"",""cpu"":""0.01%"",""mem"":""204.2MiB / 122.8GiB""},{""name"":""lab-redis"",""cpu"":""0.76%"",""mem"":""76.04MiB / 122.8GiB""},{""name"":""lab-postgres"",""cpu"":""19.26%"",""mem"":""247MiB / 122.8GiB""},{""name"":""lab-mysql"",""cpu"":""0.91%"",""mem"":""713.3MiB / 122.8GiB""},{""name"":""lab-woocommerce-mysql"",""cpu"":""0.90%"",""mem"":""485.5MiB / 122.8GiB""},{""name"":""lab-allegro-stub"",""cpu"":""4.13%"",""mem"":""30.2MiB / 122.8GiB""}]"
2026-09-09T08:31:22Z,3,566,8,427,25,2666600115,"[{""name"":""lab-worker-1"",""cpu"":""17.64%"",""mem"":""111.8MiB / 122.8GiB""},{""name"":""lab-api"",""cpu"":""0.00%"",""mem"":""129.3MiB / 122.8GiB""},{""name"":""lab-wc-tls"",""cpu"":""0.00%"",""mem"":""30.18MiB / 122.8GiB""},{""name"":""lab-prestashop"",""cpu"":""0.00%"",""mem"":""109MiB / 122.8GiB""},{""name"":""lab-woocommerce"",""cpu"":""0.00%"",""mem"":""204.2MiB / 122.8GiB""},{""name"":""lab-redis"",""cpu"":""0.44%"",""mem"":""76.28MiB / 122.8GiB""},{""name"":""lab-postgres"",""cpu"":""34.03%"",""mem"":""251.8MiB / 122.8GiB""},{""name"":""lab-mysql"",""cpu"":""0.82%"",""mem"":""713.3MiB / 122.8GiB""},{""name"":""lab-woocommerce-mysql"",""cpu"":""0.84%"",""mem"":""485.5MiB / 122.8GiB""},{""name"":""lab-allegro-stub"",""cpu"":""0.00%"",""mem"":""30.2MiB / 122.8GiB""}]"
2026-09-09T08:31:26Z,4,564,8,427,30,2666600115,"[{""name"":""lab-worker-1"",""cpu"":""3.27%"",""mem"":""114.2MiB / 122.8GiB""},{""name"":""lab-api"",""cpu"":""0.00%"",""mem"":""129.3MiB / 122.8GiB""},{""name"":""lab-wc-tls"",""cpu"":""0.00%"",""mem"":""30.18MiB / 122.8GiB""},{""name"":""lab-prestashop"",""cpu"":""0.01%"",""mem"":""109MiB / 122.8GiB""},{""name"":""lab-woocommerce"",""cpu"":""0.01%"",""mem"":""204.2MiB / 122.8GiB""},{""name"":""lab-redis"",""cpu"":""0.62%"",""mem"":""76.04MiB / 122.8GiB""},{""name"":""lab-postgres"",""cpu"":""6.24%"",""mem"":""246.9MiB / 122.8GiB""},{""name"":""lab-mysql"",""cpu"":""0.92%"",""mem"":""713.3MiB / 122.8GiB""},{""name"":""lab-woocommerce-mysql"",""cpu"":""1.08%"",""mem"":""485.5MiB / 122.8GiB""},{""name"":""lab-allegro-stub"",""cpu"":""0.00%"",""mem"":""30.2MiB / 122.8GiB""}]"
2026-09-09T08:31:29Z,4,563,8,427,29,2666600115,"[{""name"":""lab-worker-1"",""cpu"":""2.90%"",""mem"":""117MiB / 122.8GiB""},{""name"":""lab-api"",""cpu"":""0.00%"",""mem"":""129.3MiB / 122.8GiB""},{""name"":""lab-wc-tls"",""cpu"":""0.00%"",""mem"":""30.18MiB / 122.8GiB""},{""name"":""lab-prestashop"",""cpu"":""0.01%"",""mem"":""109MiB / 122.8GiB""},{""name"":""lab-woocommerce"",""cpu"":""0.00%"",""mem"":""204.2MiB / 122.8GiB""},{""name"":""lab-redis"",""cpu"":""4.76%"",""mem"":""76.31MiB / 122.8GiB""},{""name"":""lab-postgres"",""cpu"":""30.74%"",""mem"":""244.6MiB / 122.8GiB""},{""name"":""lab-mysql"",""cpu"":""0.73%"",""mem"":""713.3MiB / 122.8GiB""},{""name"":""lab-woocommerce-mysql"",""cpu"":""0.79%"",""mem"":""485.5MiB / 122.8GiB""},{""name"":""lab-allegro-stub"",""cpu"":""0.00%"",""mem"":""30.2MiB / 122.8GiB""}]"
2026-09-09T08:31:33Z,3,564,8,427,28,2666600115,"[{""name"":""lab-worker-1"",""cpu"":""3.34%"",""mem"":""118.7MiB / 122.8GiB""},{""name"":""lab-api"",""cpu"":""0.00%"",""mem"":""129.3MiB / 122.8GiB""},{""name"":""lab-wc-tls"",""cpu"":""0.00%"",""mem"":""30.18MiB / 122.8GiB""},{""name"":""lab-prestashop"",""cpu"":""0.00%"",""mem"":""109MiB / 122.8GiB""},{""name"":""lab-woocommerce"",""cpu"":""0.00%"",""mem"":""204.2MiB / 122.8GiB""},{""name"":""lab-redis"",""cpu"":""0.77%"",""mem"":""76.04MiB / 122.8GiB""},{""name"":""lab-postgres"",""cpu"":""28.36%"",""mem"":""245.5MiB / 122.8GiB""},{""name"":""lab-mysql"",""cpu"":""0.75%"",""mem"":""713.3MiB / 122.8GiB""},{""name"":""lab-woocommerce-mysql"",""cpu"":""0.87%"",""mem"":""485.5MiB / 122.8GiB""},{""name"":""lab-allegro-stub"",""cpu"":""4.03%"",""mem"":""30.22MiB / 122.8GiB""}]"
2026-09-09T08:31:37Z,4,564,8,427,27,2666600115,"[{""name"":""lab-worker-1"",""cpu"":""2.12%"",""mem"":""119.2MiB / 122.8GiB""},{""name"":""lab-api"",""cpu"":""0.02%"",""mem"":""129.3MiB / 122.8GiB""},{""name"":""lab-wc-tls"",""cpu"":""0.00%"",""mem"":""30.18MiB / 122.8GiB""},{""name"":""lab-prestashop"",""cpu"":""5.41%"",""mem"":""109MiB / 122.8GiB""},{""name"":""lab-woocommerce"",""cpu"":""0.01%"",""mem"":""204.2MiB / 122.8GiB""},{""name"":""lab-redis"",""cpu"":""0.40%"",""mem"":""76.03MiB / 122.8GiB""},{""name"":""lab-postgres"",""cpu"":""22.41%"",""mem"":""250.2MiB / 122.8GiB""},{""name"":""lab-mysql"",""cpu"":""1.31%"",""mem"":""713.3MiB / 122.8GiB""},{""name"":""lab-woocommerce-mysql"",""cpu"":""0.94%"",""mem"":""485.5MiB / 122.8GiB""},{""name"":""lab-allegro-stub"",""cpu"":""0.00%"",""mem"":""30.2MiB / 122.8GiB""}]"
2026-09-09T08:31:41Z,4,571,8,427,21,2666600115,"[{""name"":""lab-worker-1"",""cpu"":""1.98%"",""mem"":""123.2MiB / 122.8GiB""},{""name"":""lab-api"",""cpu"":""0.00%"",""mem"":""129.3MiB / 122.8GiB""},{""name"":""lab-wc-tls"",""cpu"":""0.00%"",""mem"":""30.18MiB / 122.8GiB""},{""name"":""lab-prestashop"",""cpu"":""0.01%"",""mem"":""109MiB / 122.8GiB""},{""name"":""lab-woocommerce"",""cpu"":""0.01%"",""mem"":""204.2MiB / 122.8GiB""},{""name"":""lab-redis"",""cpu"":""0.59%"",""mem"":""76.03MiB / 122.8GiB""},{""name"":""lab-postgres"",""cpu"":""32.87%"",""mem"":""240.1MiB / 122.8GiB""},{""name"":""lab-mysql"",""cpu"":""4.61%"",""mem"":""713.3MiB / 122.8GiB""},{""name"":""lab-woocommerce-mysql"",""cpu"":""0.79%"",""mem"":""485.5MiB / 122.8GiB""},{""name"":""lab-allegro-stub"",""cpu"":""0.00%"",""mem"":""30.2MiB / 122.8GiB""}]"
2026-09-09T08:31:44Z,4,568,8,427,24,2666600115,"[{""name"":""lab-worker-1"",""cpu"":""7.90%"",""mem"":""125MiB / 122.8GiB""},{""name"":""lab-api"",""cpu"":""0.00%"",""mem"":""129.3MiB / 122.8GiB""},{""name"":""lab-wc-tls"",""cpu"":""0.00%"",""mem"":""30.18MiB / 122.8GiB""},{""name"":""lab-prestashop"",""cpu"":""0.00%"",""mem"":""109MiB / 122.8GiB""},{""name"":""lab-woocommerce"",""cpu"":""0.01%"",""mem"":""204.2MiB / 122.8GiB""},{""name"":""lab-redis"",""cpu"":""0.48%"",""mem"":""76.03MiB / 122.8GiB""},{""name"":""lab-postgres"",""cpu"":""9.13%"",""mem"":""251.3MiB / 122.8GiB""},{""name"":""lab-mysql"",""cpu"":""0.82%"",""mem"":""713.3MiB / 122.8GiB""},{""name"":""lab-woocommerce-mysql"",""cpu"":""5.51%"",""mem"":""485.8MiB / 122.8GiB""},{""name"":""lab-allegro-stub"",""cpu"":""0.01%"",""mem"":""30.2MiB / 122.8GiB""}]"
2026-09-09T08:31:48Z,3,573,7,427,20,2666600115,"[{""name"":""lab-worker-1"",""cpu"":""1.34%"",""mem"":""124.6MiB / 122.8GiB""},{""name"":""lab-api"",""cpu"":""0.00%"",""mem"":""129.3MiB / 122.8GiB""},{""name"":""lab-wc-tls"",""cpu"":""0.00%"",""mem"":""30.18MiB / 122.8GiB""},{""name"":""lab-prestashop"",""cpu"":""0.01%"",""mem"":""109MiB / 122.8GiB""},{""name"":""lab-woocommerce"",""cpu"":""0.01%"",""mem"":""204.2MiB / 122.8GiB""},{""name"":""lab-redis"",""cpu"":""0.44%"",""mem"":""76.03MiB / 122.8GiB""},{""name"":""lab-postgres"",""cpu"":""31.46%"",""mem"":""244.5MiB / 122.8GiB""},{""name"":""lab-mysql"",""cpu"":""0.76%"",""mem"":""713.3MiB / 122.8GiB""},{""name"":""lab-woocommerce-mysql"",""cpu"":""0.81%"",""mem"":""485.5MiB / 122.8GiB""},{""name"":""lab-allegro-stub"",""cpu"":""4.09%"",""mem"":""30.48MiB / 122.8GiB""}]"
2026-09-09T08:31:52Z,4,570,8,427,23,2666600115,"[{""name"":""lab-worker-1"",""cpu"":""3.66%"",""mem"":""124.7MiB / 122.8GiB""},{""name"":""lab-api"",""cpu"":""0.00%"",""mem"":""129.3MiB / 122.8GiB""},{""name"":""lab-wc-tls"",""cpu"":""0.00%"",""mem"":""30.18MiB / 122.8GiB""},{""name"":""lab-prestashop"",""cpu"":""0.01%"",""mem"":""109MiB / 122.8GiB""},{""name"":""lab-woocommerce"",""cpu"":""0.01%"",""mem"":""204.2MiB / 122.8GiB""},{""name"":""lab-redis"",""cpu"":""0.65%"",""mem"":""76.28MiB / 122.8GiB""},{""name"":""lab-postgres"",""cpu"":""22.66%"",""mem"":""244.8MiB / 122.8GiB""},{""name"":""lab-mysql"",""cpu"":""0.80%"",""mem"":""713.3MiB / 122.8GiB""},{""name"":""lab-woocommerce-mysql"",""cpu"":""0.86%"",""mem"":""485.5MiB / 122.8GiB""},{""name"":""lab-allegro-stub"",""cpu"":""0.00%"",""mem"":""30.2MiB / 122.8GiB""}]"
2026-09-09T08:31:55Z,4,571,8,427,21,2666600115,"[{""name"":""lab-worker-1"",""cpu"":""4.37%"",""mem"":""124.5MiB / 122.8GiB""},{""name"":""lab-api"",""cpu"":""0.00%"",""mem"":""129.3MiB / 122.8GiB""},{""name"":""lab-wc-tls"",""cpu"":""0.00%"",""mem"":""30.18MiB / 122.8GiB""},{""name"":""lab-prestashop"",""cpu"":""0.01%"",""mem"":""109MiB / 122.8GiB""},{""name"":""lab-woocommerce"",""cpu"":""0.00%"",""mem"":""204.2MiB / 122.8GiB""},{""name"":""lab-redis"",""cpu"":""0.83%"",""mem"":""76.03MiB / 122.8GiB""},{""name"":""lab-postgres"",""cpu"":""15.81%"",""mem"":""250.4MiB / 122.8GiB""},{""name"":""lab-mysql"",""cpu"":""0.92%"",""mem"":""713.3MiB / 122.8GiB""},{""name"":""lab-woocommerce-mysql"",""cpu"":""0.91%"",""mem"":""485.5MiB / 122.8GiB""},{""name"":""lab-allegro-stub"",""cpu"":""0.00%"",""mem"":""30.2MiB / 122.8GiB""}]"
2026-09-09T08:31:59Z,3,571,7,427,22,2666600115,"[{""name"":""lab-worker-1"",""cpu"":""3.81%"",""mem"":""125.1MiB / 122.8GiB""},{""name"":""lab-api"",""cpu"":""0.00%"",""mem"":""129.3MiB / 122.8GiB""},{""name"":""lab-wc-tls"",""cpu"":""0.00%"",""mem"":""30.18MiB / 122.8GiB""},{""name"":""lab-prestashop"",""cpu"":""0.00%"",""mem"":""109MiB / 122.8GiB""},{""name"":""lab-woocommerce"",""cpu"":""0.01%"",""mem"":""204.2MiB / 122.8GiB""},{""name"":""lab-redis"",""cpu"":""0.70%"",""mem"":""76.04MiB / 122.8GiB""},{""name"":""lab-postgres"",""cpu"":""44.15%"",""mem"":""242.7MiB / 122.8GiB""},{""name"":""lab-mysql"",""cpu"":""0.88%"",""mem"":""713.3MiB / 122.8GiB""},{""name"":""lab-woocommerce-mysql"",""cpu"":""0.82%"",""mem"":""485.5MiB / 122.8GiB""},{""name"":""lab-allegro-stub"",""cpu"":""0.00%"",""mem"":""30.2MiB / 122.8GiB""}]"
2026-09-09T08:32:03Z,4,571,8,427,21,2666600115,"[{""name"":""lab-worker-1"",""cpu"":""3.09%"",""mem"":""124.9MiB / 122.8GiB""},{""name"":""lab-api"",""cpu"":""0.00%"",""mem"":""129.3MiB / 122.8GiB""},{""name"":""lab-wc-tls"",""cpu"":""0.00%"",""mem"":""30.18MiB / 122.8GiB""},{""name"":""lab-prestashop"",""cpu"":""0.00%"",""mem"":""109MiB / 122.8GiB""},{""name"":""lab-woocommerce"",""cpu"":""0.01%"",""mem"":""204.2MiB / 122.8GiB""},{""name"":""lab-redis"",""cpu"":""0.60%"",""mem"":""76.28MiB / 122.8GiB""},{""name"":""lab-postgres"",""cpu"":""6.15%"",""mem"":""242.4MiB / 122.8GiB""},{""name"":""lab-mysql"",""cpu"":""0.95%"",""mem"":""713.3MiB / 122.8GiB""},{""name"":""lab-woocommerce-mysql"",""cpu"":""0.91%"",""mem"":""485.5MiB / 122.8GiB""},{""name"":""lab-allegro-stub"",""cpu"":""0.00%"",""mem"":""30.2MiB / 122.8GiB""}]"
2026-09-09T08:32:06Z,4,570,6,427,24,2666600115,"[{""name"":""lab-worker-1"",""cpu"":""3.48%"",""mem"":""125MiB / 122.8GiB""},{""name"":""lab-api"",""cpu"":""0.01%"",""mem"":""129.3MiB / 122.8GiB""},{""name"":""lab-wc-tls"",""cpu"":""0.00%"",""mem"":""30.18MiB / 122.8GiB""},{""name"":""lab-prestashop"",""cpu"":""0.01%"",""mem"":""109MiB / 122.8GiB""},{""name"":""lab-woocommerce"",""cpu"":""0.01%"",""mem"":""204.2MiB / 122.8GiB""},{""name"":""lab-redis"",""cpu"":""0.50%"",""mem"":""76.03MiB / 122.8GiB""},{""name"":""lab-postgres"",""cpu"":""32.15%"",""mem"":""242.6MiB / 122.8GiB""},{""name"":""lab-mysql"",""cpu"":""0.67%"",""mem"":""713.3MiB / 122.8GiB""},{""name"":""lab-woocommerce-mysql"",""cpu"":""0.67%"",""mem"":""485.5MiB / 122.8GiB""},{""name"":""lab-allegro-stub"",""cpu"":""0.00%"",""mem"":""30.2MiB / 122.8GiB""}]"
2026-09-09T08:32:10Z,3,564,8,427,28,2666600115,"[{""name"":""lab-worker-1"",""cpu"":""1.20%"",""mem"":""124.7MiB / 122.8GiB""},{""name"":""lab-api"",""cpu"":""0.00%"",""mem"":""129.3MiB / 122.8GiB""},{""name"":""lab-wc-tls"",""cpu"":""0.00%"",""mem"":""30.18MiB / 122.8GiB""},{""name"":""lab-prestashop"",""cpu"":""0.00%"",""mem"":""109MiB / 122.8GiB""},{""name"":""lab-woocommerce"",""cpu"":""0.01%"",""mem"":""204.2MiB / 122.8GiB""},{""name"":""lab-redis"",""cpu"":""4.64%"",""mem"":""76.28MiB / 122.8GiB""},{""name"":""lab-postgres"",""cpu"":""25.74%"",""mem"":""242.4MiB / 122.8GiB""},{""name"":""lab-mysql"",""cpu"":""0.86%"",""mem"":""713.5MiB / 122.8GiB""},{""name"":""lab-woocommerce-mysql"",""cpu"":""0.78%"",""mem"":""485.5MiB / 122.8GiB""},{""name"":""lab-allegro-stub"",""cpu"":""0.00%"",""mem"":""30.2MiB / 122.8GiB""}]"
2026-09-09T08:32:14Z,4,564,7,427,29,2666600115,"[{""name"":""lab-worker-1"",""cpu"":""3.94%"",""mem"":""124.5MiB / 122.8GiB""},{""name"":""lab-api"",""cpu"":""0.00%"",""mem"":""129.3MiB / 122.8GiB""},{""name"":""lab-wc-tls"",""cpu"":""0.00%"",""mem"":""30.18MiB / 122.8GiB""},{""name"":""lab-prestashop"",""cpu"":""0.01%"",""mem"":""109MiB / 122.8GiB""},{""name"":""lab-woocommerce"",""cpu"":""0.01%"",""mem"":""204.2MiB / 122.8GiB""},{""name"":""lab-redis"",""cpu"":""0.60%"",""mem"":""76.28MiB / 122.8GiB""},{""name"":""lab-postgres"",""cpu"":""14.20%"",""mem"":""247.3MiB / 122.8GiB""},{""name"":""lab-mysql"",""cpu"":""0.97%"",""mem"":""713.3MiB / 122.8GiB""},{""name"":""lab-woocommerce-mysql"",""cpu"":""0.98%"",""mem"":""485.5MiB / 122.8GiB""},{""name"":""lab-allegro-stub"",""cpu"":""4.37%"",""mem"":""30.2MiB / 122.8GiB""}]"
2026-09-09T08:32:18Z,4,562,8,427,30,2666600115,"[{""name"":""lab-worker-1"",""cpu"":""1.58%"",""mem"":""124.5MiB / 122.8GiB""},{""name"":""lab-api"",""cpu"":""0.00%"",""mem"":""129.3MiB / 122.8GiB""},{""name"":""lab-wc-tls"",""cpu"":""0.00%"",""mem"":""30.18MiB / 122.8GiB""},{""name"":""lab-prestashop"",""cpu"":""0.00%"",""mem"":""109MiB / 122.8GiB""},{""name"":""lab-woocommerce"",""cpu"":""0.01%"",""mem"":""204.2MiB / 122.8GiB""},{""name"":""lab-redis"",""cpu"":""0.41%"",""mem"":""76.04MiB / 122.8GiB""},{""name"":""lab-postgres"",""cpu"":""31.85%"",""mem"":""242.7MiB / 122.8GiB""},{""name"":""lab-mysql"",""cpu"":""0.76%"",""mem"":""713.3MiB / 122.8GiB""},{""name"":""lab-woocommerce-mysql"",""cpu"":""0.82%"",""mem"":""485.5MiB / 122.8GiB""},{""name"":""lab-allegro-stub"",""cpu"":""4.14%"",""mem"":""30.21MiB / 122.8GiB""}]"
2026-09-09T08:32:21Z,4,564,8,427,29,2666600115,"[{""name"":""lab-worker-1"",""cpu"":""4.87%"",""mem"":""125.3MiB / 122.8GiB""},{""name"":""lab-api"",""cpu"":""0.00%"",""mem"":""129.3MiB / 122.8GiB""},{""name"":""lab-wc-tls"",""cpu"":""0.00%"",""mem"":""30.18MiB / 122.8GiB""},{""name"":""lab-prestashop"",""cpu"":""0.01%"",""mem"":""109MiB / 122.8GiB""},{""name"":""lab-woocommerce"",""cpu"":""0.01%"",""mem"":""204.2MiB / 122.8GiB""},{""name"":""lab-redis"",""cpu"":""0.54%"",""mem"":""76.54MiB / 122.8GiB""},{""name"":""lab-postgres"",""cpu"":""14.44%"",""mem"":""242.4MiB / 122.8GiB""},{""name"":""lab-mysql"",""cpu"":""5.80%"",""mem"":""713.3MiB / 122.8GiB""},{""name"":""lab-woocommerce-mysql"",""cpu"":""0.88%"",""mem"":""485.5MiB / 122.8GiB""},{""name"":""lab-allegro-stub"",""cpu"":""0.00%"",""mem"":""30.2MiB / 122.8GiB""}]"
2026-09-09T08:32:25Z,3,563,7,427,30,2666600115,"[{""name"":""lab-worker-1"",""cpu"":""5.15%"",""mem"":""124.6MiB / 122.8GiB""},{""name"":""lab-api"",""cpu"":""0.00%"",""mem"":""129.3MiB / 122.8GiB""},{""name"":""lab-wc-tls"",""cpu"":""0.00%"",""mem"":""30.18MiB / 122.8GiB""},{""name"":""lab-prestashop"",""cpu"":""0.00%"",""mem"":""109MiB / 122.8GiB""},{""name"":""lab-woocommerce"",""cpu"":""0.01%"",""mem"":""204.2MiB / 122.8GiB""},{""name"":""lab-redis"",""cpu"":""0.60%"",""mem"":""76.03MiB / 122.8GiB""},{""name"":""lab-postgres"",""cpu"":""39.76%"",""mem"":""245.7MiB / 122.8GiB""},{""name"":""lab-mysql"",""cpu"":""0.76%"",""mem"":""713.3MiB / 122.8GiB""},{""name"":""lab-woocommerce-mysql"",""cpu"":""5.93%"",""mem"":""485.5MiB / 122.8GiB""},{""name"":""lab-allegro-stub"",""cpu"":""0.00%"",""mem"":""30.2MiB / 122.8GiB""}]"
2026-09-09T08:32:29Z,4,564,7,427,29,2666600115,"[{""name"":""lab-worker-1"",""cpu"":""4.05%"",""mem"":""125.4MiB / 122.8GiB""},{""name"":""lab-api"",""cpu"":""0.00%"",""mem"":""129.3MiB / 122.8GiB""},{""name"":""lab-wc-tls"",""cpu"":""0.00%"",""mem"":""30.18MiB / 122.8GiB""},{""name"":""lab-prestashop"",""cpu"":""0.00%"",""mem"":""109MiB / 122.8GiB""},{""name"":""lab-woocommerce"",""cpu"":""0.01%"",""mem"":""204.2MiB / 122.8GiB""},{""name"":""lab-redis"",""cpu"":""0.65%"",""mem"":""76.03MiB / 122.8GiB""},{""name"":""lab-postgres"",""cpu"":""31.98%"",""mem"":""242.4MiB / 122.8GiB""},{""name"":""lab-mysql"",""cpu"":""0.74%"",""mem"":""713.3MiB / 122.8GiB""},{""name"":""lab-woocommerce-mysql"",""cpu"":""0.76%"",""mem"":""485.5MiB / 122.8GiB""},{""name"":""lab-allegro-stub"",""cpu"":""4.08%"",""mem"":""30.33MiB / 122.8GiB""}]"
2026-09-09T08:32:32Z,4,563,8,427,29,2666600115,"[{""name"":""lab-worker-1"",""cpu"":""5.35%"",""mem"":""124.9MiB / 122.8GiB""},{""name"":""lab-api"",""cpu"":""0.00%"",""mem"":""129.3MiB / 122.8GiB""},{""name"":""lab-wc-tls"",""cpu"":""0.00%"",""mem"":""30.18MiB / 122.8GiB""},{""name"":""lab-prestashop"",""cpu"":""0.01%"",""mem"":""109MiB / 122.8GiB""},{""name"":""lab-woocommerce"",""cpu"":""0.01%"",""mem"":""204.2MiB / 122.8GiB""},{""name"":""lab-redis"",""cpu"":""0.64%"",""mem"":""76.03MiB / 122.8GiB""},{""name"":""lab-postgres"",""cpu"":""7.99%"",""mem"":""242.6MiB / 122.8GiB""},{""name"":""lab-mysql"",""cpu"":""0.89%"",""mem"":""713.3MiB / 122.8GiB""},{""name"":""lab-woocommerce-mysql"",""cpu"":""0.96%"",""mem"":""485.5MiB / 122.8GiB""},{""name"":""lab-allegro-stub"",""cpu"":""0.00%"",""mem"":""30.2MiB / 122.8GiB""}]"
2026-09-09T08:32:36Z,3,563,8,427,30,2666608307,"[{""name"":""lab-worker-1"",""cpu"":""2.68%"",""mem"":""124.8MiB / 122.8GiB""},{""name"":""lab-api"",""cpu"":""0.00%"",""mem"":""129.3MiB / 122.8GiB""},{""name"":""lab-wc-tls"",""cpu"":""0.00%"",""mem"":""30.18MiB / 122.8GiB""},{""name"":""lab-prestashop"",""cpu"":""0.00%"",""mem"":""109MiB / 122.8GiB""},{""name"":""lab-woocommerce"",""cpu"":""0.01%"",""mem"":""204.2MiB / 122.8GiB""},{""name"":""lab-redis"",""cpu"":""0.44%"",""mem"":""76.03MiB / 122.8GiB""},{""name"":""lab-postgres"",""cpu"":""45.72%"",""mem"":""242.8MiB / 122.8GiB""},{""name"":""lab-mysql"",""cpu"":""0.67%"",""mem"":""713.3MiB / 122.8GiB""},{""name"":""lab-woocommerce-mysql"",""cpu"":""1.04%"",""mem"":""485.5MiB / 122.8GiB""},{""name"":""lab-allegro-stub"",""cpu"":""0.00%"",""mem"":""30.2MiB / 122.8GiB""}]"
2026-09-09T08:32:40Z,4,564,8,427,28,2666608307,"[{""name"":""lab-worker-1"",""cpu"":""2.08%"",""mem"":""125MiB / 122.8GiB""},{""name"":""lab-api"",""cpu"":""0.00%"",""mem"":""129.3MiB / 122.8GiB""},{""name"":""lab-wc-tls"",""cpu"":""0.00%"",""mem"":""30.18MiB / 122.8GiB""},{""name"":""lab-prestashop"",""cpu"":""0.00%"",""mem"":""109MiB / 122.8GiB""},{""name"":""lab-woocommerce"",""cpu"":""0.01%"",""mem"":""204.2MiB / 122.8GiB""},{""name"":""lab-redis"",""cpu"":""4.89%"",""mem"":""76.13MiB / 122.8GiB""},{""name"":""lab-postgres"",""cpu"":""13.59%"",""mem"":""242.5MiB / 122.8GiB""},{""name"":""lab-mysql"",""cpu"":""0.88%"",""mem"":""713.3MiB / 122.8GiB""},{""name"":""lab-woocommerce-mysql"",""cpu"":""0.83%"",""mem"":""485.5MiB / 122.8GiB""},{""name"":""lab-allegro-stub"",""cpu"":""0.00%"",""mem"":""30.2MiB / 122.8GiB""}]"
2026-09-09T08:32:43Z,4,562,7,427,30,2666608307,"[{""name"":""lab-worker-1"",""cpu"":""2.66%"",""mem"":""124.8MiB / 122.8GiB""},{""name"":""lab-api"",""cpu"":""0.00%"",""mem"":""129.3MiB / 122.8GiB""},{""name"":""lab-wc-tls"",""cpu"":""0.00%"",""mem"":""30.18MiB / 122.8GiB""},{""name"":""lab-prestashop"",""cpu"":""0.01%"",""mem"":""109MiB / 122.8GiB""},{""name"":""lab-woocommerce"",""cpu"":""0.01%"",""mem"":""204.2MiB / 122.8GiB""},{""name"":""lab-redis"",""cpu"":""0.50%"",""mem"":""76.03MiB / 122.8GiB""},{""name"":""lab-postgres"",""cpu"":""24.89%"",""mem"":""246.1MiB / 122.8GiB""},{""name"":""lab-mysql"",""cpu"":""0.82%"",""mem"":""713.3MiB / 122.8GiB""},{""name"":""lab-woocommerce-mysql"",""cpu"":""0.81%"",""mem"":""485.5MiB / 122.8GiB""},{""name"":""lab-allegro-stub"",""cpu"":""4.21%"",""mem"":""31.11MiB / 122.8GiB""}]"
2026-09-09T08:32:47Z,3,564,7,427,30,2666608307,"[{""name"":""lab-worker-1"",""cpu"":""3.78%"",""mem"":""127.1MiB / 122.8GiB""},{""name"":""lab-api"",""cpu"":""0.00%"",""mem"":""129.3MiB / 122.8GiB""},{""name"":""lab-wc-tls"",""cpu"":""0.00%"",""mem"":""30.18MiB / 122.8GiB""},{""name"":""lab-prestashop"",""cpu"":""0.01%"",""mem"":""109MiB / 122.8GiB""},{""name"":""lab-woocommerce"",""cpu"":""0.01%"",""mem"":""204.2MiB / 122.8GiB""},{""name"":""lab-redis"",""cpu"":""0.74%"",""mem"":""76.28MiB / 122.8GiB""},{""name"":""lab-postgres"",""cpu"":""32.12%"",""mem"":""242.6MiB / 122.8GiB""},{""name"":""lab-mysql"",""cpu"":""0.81%"",""mem"":""713.3MiB / 122.8GiB""},{""name"":""lab-woocommerce-mysql"",""cpu"":""0.74%"",""mem"":""485.8MiB / 122.8GiB""},{""name"":""lab-allegro-stub"",""cpu"":""0.00%"",""mem"":""30.2MiB / 122.8GiB""}]"
2026-09-09T08:32:51Z,4,563,8,427,29,2666608307,"[{""name"":""lab-worker-1"",""cpu"":""1.90%"",""mem"":""126.2MiB / 122.8GiB""},{""name"":""lab-api"",""cpu"":""0.00%"",""mem"":""129.3MiB / 122.8GiB""},{""name"":""lab-wc-tls"",""cpu"":""0.00%"",""mem"":""30.18MiB / 122.8GiB""},{""name"":""lab-prestashop"",""cpu"":""0.01%"",""mem"":""109MiB / 122.8GiB""},{""name"":""lab-woocommerce"",""cpu"":""0.01%"",""mem"":""204.2MiB / 122.8GiB""},{""name"":""lab-redis"",""cpu"":""0.55%"",""mem"":""76.03MiB / 122.8GiB""},{""name"":""lab-postgres"",""cpu"":""19.37%"",""mem"":""245.8MiB / 122.8GiB""},{""name"":""lab-mysql"",""cpu"":""5.41%"",""mem"":""713.3MiB / 122.8GiB""},{""name"":""lab-woocommerce-mysql"",""cpu"":""0.94%"",""mem"":""485.5MiB / 122.8GiB""},{""name"":""lab-allegro-stub"",""cpu"":""0.00%"",""mem"":""30.2MiB / 122.8GiB""}]"
2026-09-09T08:32:55Z,4,568,8,427,24,2666608307,"[{""name"":""lab-worker-1"",""cpu"":""2.89%"",""mem"":""126MiB / 122.8GiB""},{""name"":""lab-api"",""cpu"":""0.00%"",""mem"":""129.3MiB / 122.8GiB""},{""name"":""lab-wc-tls"",""cpu"":""0.00%"",""mem"":""30.18MiB / 122.8GiB""},{""name"":""lab-prestashop"",""cpu"":""0.01%"",""mem"":""109MiB / 122.8GiB""},{""name"":""lab-woocommerce"",""cpu"":""0.01%"",""mem"":""204.2MiB / 122.8GiB""},{""name"":""lab-redis"",""cpu"":""0.68%"",""mem"":""76.03MiB / 122.8GiB""},{""name"":""lab-postgres"",""cpu"":""36.33%"",""mem"":""242.4MiB / 122.8GiB""},{""name"":""lab-mysql"",""cpu"":""0.78%"",""mem"":""713.3MiB / 122.8GiB""},{""name"":""lab-woocommerce-mysql"",""cpu"":""5.70%"",""mem"":""485.6MiB / 122.8GiB""},{""name"":""lab-allegro-stub"",""cpu"":""0.00%"",""mem"":""30.2MiB / 122.8GiB""}]"
2026-09-09T08:32:58Z,4,570,8,427,23,2666608307,"[{""name"":""lab-worker-1"",""cpu"":""5.02%"",""mem"":""126MiB / 122.8GiB""},{""name"":""lab-api"",""cpu"":""0.00%"",""mem"":""129.3MiB / 122.8GiB""},{""name"":""lab-wc-tls"",""cpu"":""0.00%"",""mem"":""30.18MiB / 122.8GiB""},{""name"":""lab-prestashop"",""cpu"":""0.01%"",""mem"":""109MiB / 122.8GiB""},{""name"":""lab-woocommerce"",""cpu"":""0.01%"",""mem"":""204.2MiB / 122.8GiB""},{""name"":""lab-redis"",""cpu"":""0.43%"",""mem"":""76.03MiB / 122.8GiB""},{""name"":""lab-postgres"",""cpu"":""14.08%"",""mem"":""240.3MiB / 122.8GiB""},{""name"":""lab-mysql"",""cpu"":""0.89%"",""mem"":""713.3MiB / 122.8GiB""},{""name"":""lab-woocommerce-mysql"",""cpu"":""0.98%"",""mem"":""485.5MiB / 122.8GiB""},{""name"":""lab-allegro-stub"",""cpu"":""0.00%"",""mem"":""30.2MiB / 122.8GiB""}]"
2026-09-09T08:33:02Z,3,570,8,427,21,2666608307,"[{""name"":""lab-worker-1"",""cpu"":""3.26%"",""mem"":""126.3MiB / 122.8GiB""},{""name"":""lab-api"",""cpu"":""0.00%"",""mem"":""129.3MiB / 122.8GiB""},{""name"":""lab-wc-tls"",""cpu"":""0.00%"",""mem"":""30.18MiB / 122.8GiB""},{""name"":""lab-prestashop"",""cpu"":""0.01%"",""mem"":""109MiB / 122.8GiB""},{""name"":""lab-woocommerce"",""cpu"":""0.01%"",""mem"":""204.2MiB / 122.8GiB""},{""name"":""lab-redis"",""cpu"":""0.61%"",""mem"":""76.03MiB / 122.8GiB""},{""name"":""lab-postgres"",""cpu"":""37.91%"",""mem"":""245MiB / 122.8GiB""},{""name"":""lab-mysql"",""cpu"":""0.77%"",""mem"":""713.3MiB / 122.8GiB""},{""name"":""lab-woocommerce-mysql"",""cpu"":""0.76%"",""mem"":""485.5MiB / 122.8GiB""},{""name"":""lab-allegro-stub"",""cpu"":""0.00%"",""mem"":""30.2MiB / 122.8GiB""}]"
2026-09-09T08:33:06Z,4,571,6,427,23,2666608307,"[{""name"":""lab-worker-1"",""cpu"":""3.93%"",""mem"":""126.5MiB / 122.8GiB""},{""name"":""lab-api"",""cpu"":""0.00%"",""mem"":""129.3MiB / 122.8GiB""},{""name"":""lab-wc-tls"",""cpu"":""0.00%"",""mem"":""30.18MiB / 122.8GiB""},{""name"":""lab-prestashop"",""cpu"":""0.01%"",""mem"":""109MiB / 122.8GiB""},{""name"":""lab-woocommerce"",""cpu"":""0.00%"",""mem"":""204.2MiB / 122.8GiB""},{""name"":""lab-redis"",""cpu"":""0.78%"",""mem"":""76.04MiB / 122.8GiB""},{""name"":""lab-postgres"",""cpu"":""32.50%"",""mem"":""242.4MiB / 122.8GiB""},{""name"":""lab-mysql"",""cpu"":""0.86%"",""mem"":""713.3MiB / 122.8GiB""},{""name"":""lab-woocommerce-mysql"",""cpu"":""0.75%"",""mem"":""485.5MiB / 122.8GiB""},{""name"":""lab-allegro-stub"",""cpu"":""0.00%"",""mem"":""30.2MiB / 122.8GiB""}]"
2026-09-09T08:33:09Z,4,571,8,427,21,2666608307,"[{""name"":""lab-worker-1"",""cpu"":""4.43%"",""mem"":""126.2MiB / 122.8GiB""},{""name"":""lab-api"",""cpu"":""0.00%"",""mem"":""129.3MiB / 122.8GiB""},{""name"":""lab-wc-tls"",""cpu"":""0.00%"",""mem"":""30.18MiB / 122.8GiB""},{""name"":""lab-prestashop"",""cpu"":""0.01%"",""mem"":""109MiB / 122.8GiB""},{""name"":""lab-woocommerce"",""cpu"":""0.01%"",""mem"":""204.2MiB / 122.8GiB""},{""name"":""lab-redis"",""cpu"":""0.68%"",""mem"":""76.04MiB / 122.8GiB""},{""name"":""lab-postgres"",""cpu"":""3.40%"",""mem"":""242.4MiB / 122.8GiB""},{""name"":""lab-mysql"",""cpu"":""0.96%"",""mem"":""713.3MiB / 122.8GiB""},{""name"":""lab-woocommerce-mysql"",""cpu"":""1.01%"",""mem"":""485.5MiB / 122.8GiB""},{""name"":""lab-allegro-stub"",""cpu"":""4.09%"",""mem"":""30.2MiB / 122.8GiB""}]"
2026-09-09T08:33:13Z,3,571,8,427,21,2666608307,"[{""name"":""lab-worker-1"",""cpu"":""2.28%"",""mem"":""126MiB / 122.8GiB""},{""name"":""lab-api"",""cpu"":""0.00%"",""mem"":""129.3MiB / 122.8GiB""},{""name"":""lab-wc-tls"",""cpu"":""0.00%"",""mem"":""30.18MiB / 122.8GiB""},{""name"":""lab-prestashop"",""cpu"":""0.01%"",""mem"":""109MiB / 122.8GiB""},{""name"":""lab-woocommerce"",""cpu"":""0.01%"",""mem"":""204.2MiB / 122.8GiB""},{""name"":""lab-redis"",""cpu"":""0.51%"",""mem"":""76.03MiB / 122.8GiB""},{""name"":""lab-postgres"",""cpu"":""32.29%"",""mem"":""242.6MiB / 122.8GiB""},{""name"":""lab-mysql"",""cpu"":""0.81%"",""mem"":""713.3MiB / 122.8GiB""},{""name"":""lab-woocommerce-mysql"",""cpu"":""0.79%"",""mem"":""485.5MiB / 122.8GiB""},{""name"":""lab-allegro-stub"",""cpu"":""4.06%"",""mem"":""30.2MiB / 122.8GiB""}]"
2026-09-09T08:33:17Z,4,570,7,427,22,2666608307,"[{""name"":""lab-worker-1"",""cpu"":""3.40%"",""mem"":""126MiB / 122.8GiB""},{""name"":""lab-api"",""cpu"":""0.00%"",""mem"":""129.3MiB / 122.8GiB""},{""name"":""lab-wc-tls"",""cpu"":""0.00%"",""mem"":""30.18MiB / 122.8GiB""},{""name"":""lab-prestashop"",""cpu"":""0.01%"",""mem"":""109MiB / 122.8GiB""},{""name"":""lab-woocommerce"",""cpu"":""13.84%"",""mem"":""204.4MiB / 122.8GiB""},{""name"":""lab-redis"",""cpu"":""0.48%"",""mem"":""76.28MiB / 122.8GiB""},{""name"":""lab-postgres"",""cpu"":""30.77%"",""mem"":""247.7MiB / 122.8GiB""},{""name"":""lab-mysql"",""cpu"":""0.89%"",""mem"":""713.3MiB / 122.8GiB""},{""name"":""lab-woocommerce-mysql"",""cpu"":""2.10%"",""mem"":""485.5MiB / 122.8GiB""},{""name"":""lab-allegro-stub"",""cpu"":""0.00%"",""mem"":""30.2MiB / 122.8GiB""}]"
2026-09-09T08:33:21Z,4,569,8,427,23,2666608307,"[{""name"":""lab-worker-1"",""cpu"":""3.35%"",""mem"":""126.3MiB / 122.8GiB""},{""name"":""lab-api"",""cpu"":""0.00%"",""mem"":""129.3MiB / 122.8GiB""},{""name"":""lab-wc-tls"",""cpu"":""0.00%"",""mem"":""30.18MiB / 122.8GiB""},{""name"":""lab-prestashop"",""cpu"":""0.01%"",""mem"":""109MiB / 122.8GiB""},{""name"":""lab-woocommerce"",""cpu"":""0.01%"",""mem"":""204.2MiB / 122.8GiB""},{""name"":""lab-redis"",""cpu"":""4.36%"",""mem"":""76.29MiB / 122.8GiB""},{""name"":""lab-postgres"",""cpu"":""14.30%"",""mem"":""242.8MiB / 122.8GiB""},{""name"":""lab-mysql"",""cpu"":""0.90%"",""mem"":""713.3MiB / 122.8GiB""},{""name"":""lab-woocommerce-mysql"",""cpu"":""0.89%"",""mem"":""485.5MiB / 122.8GiB""},{""name"":""lab-allegro-stub"",""cpu"":""0.01%"",""mem"":""30.2MiB / 122.8GiB""}]"
2026-09-09T08:33:24Z,4,567,7,427,26,2666608307,"[{""name"":""lab-worker-1"",""cpu"":""2.13%"",""mem"":""126MiB / 122.8GiB""},{""name"":""lab-api"",""cpu"":""0.00%"",""mem"":""129.3MiB / 122.8GiB""},{""name"":""lab-wc-tls"",""cpu"":""0.00%"",""mem"":""30.18MiB / 122.8GiB""},{""name"":""lab-prestashop"",""cpu"":""0.01%"",""mem"":""109MiB / 122.8GiB""},{""name"":""lab-woocommerce"",""cpu"":""0.01%"",""mem"":""204.2MiB / 122.8GiB""},{""name"":""lab-redis"",""cpu"":""0.44%"",""mem"":""76.28MiB / 122.8GiB""},{""name"":""lab-postgres"",""cpu"":""36.72%"",""mem"":""242.7MiB / 122.8GiB""},{""name"":""lab-mysql"",""cpu"":""0.77%"",""mem"":""713.3MiB / 122.8GiB""},{""name"":""lab-woocommerce-mysql"",""cpu"":""0.84%"",""mem"":""485.5MiB / 122.8GiB""},{""name"":""lab-allegro-stub"",""cpu"":""4.12%"",""mem"":""30.27MiB / 122.8GiB""}]"
2026-09-09T08:33:28Z,3,564,7,427,30,2666608307,"[{""name"":""lab-worker-1"",""cpu"":""2.94%"",""mem"":""126.3MiB / 122.8GiB""},{""name"":""lab-api"",""cpu"":""0.00%"",""mem"":""129.3MiB / 122.8GiB""},{""name"":""lab-wc-tls"",""cpu"":""0.00%"",""mem"":""30.18MiB / 122.8GiB""},{""name"":""lab-prestashop"",""cpu"":""0.01%"",""mem"":""109MiB / 122.8GiB""},{""name"":""lab-woocommerce"",""cpu"":""0.01%"",""mem"":""204.2MiB / 122.8GiB""},{""name"":""lab-redis"",""cpu"":""0.69%"",""mem"":""76.03MiB / 122.8GiB""},{""name"":""lab-postgres"",""cpu"":""14.62%"",""mem"":""242.4MiB / 122.8GiB""},{""name"":""lab-mysql"",""cpu"":""0.88%"",""mem"":""713.3MiB / 122.8GiB""},{""name"":""lab-woocommerce-mysql"",""cpu"":""1.01%"",""mem"":""485.5MiB / 122.8GiB""},{""name"":""lab-allegro-stub"",""cpu"":""4.12%"",""mem"":""30.34MiB / 122.8GiB""}]"
2026-09-09T08:33:32Z,4,563,8,427,29,2666608307,"[{""name"":""lab-worker-1"",""cpu"":""2.93%"",""mem"":""126.7MiB / 122.8GiB""},{""name"":""lab-api"",""cpu"":""0.00%"",""mem"":""129.3MiB / 122.8GiB""},{""name"":""lab-wc-tls"",""cpu"":""0.00%"",""mem"":""30.18MiB / 122.8GiB""},{""name"":""lab-prestashop"",""cpu"":""0.01%"",""mem"":""109MiB / 122.8GiB""},{""name"":""lab-woocommerce"",""cpu"":""0.00%"",""mem"":""204.2MiB / 122.8GiB""},{""name"":""lab-redis"",""cpu"":""0.53%"",""mem"":""76.03MiB / 122.8GiB""},{""name"":""lab-postgres"",""cpu"":""32.63%"",""mem"":""242.5MiB / 122.8GiB""},{""name"":""lab-mysql"",""cpu"":""3.13%"",""mem"":""713.3MiB / 122.8GiB""},{""name"":""lab-woocommerce-mysql"",""cpu"":""0.84%"",""mem"":""485.5MiB / 122.8GiB""},{""name"":""lab-allegro-stub"",""cpu"":""0.00%"",""mem"":""30.2MiB / 122.8GiB""}]"
2026-09-09T08:33:35Z,4,563,7,427,29,2666608307,"[{""name"":""lab-worker-1"",""cpu"":""1.09%"",""mem"":""126.3MiB / 122.8GiB""},{""name"":""lab-api"",""cpu"":""0.00%"",""mem"":""129.3MiB / 122.8GiB""},{""name"":""lab-wc-tls"",""cpu"":""0.00%"",""mem"":""30.18MiB / 122.8GiB""},{""name"":""lab-prestashop"",""cpu"":""0.00%"",""mem"":""109MiB / 122.8GiB""},{""name"":""lab-woocommerce"",""cpu"":""0.01%"",""mem"":""204.2MiB / 122.8GiB""},{""name"":""lab-redis"",""cpu"":""0.40%"",""mem"":""76.28MiB / 122.8GiB""},{""name"":""lab-postgres"",""cpu"":""18.40%"",""mem"":""242.7MiB / 122.8GiB""},{""name"":""lab-mysql"",""cpu"":""0.73%"",""mem"":""713.3MiB / 122.8GiB""},{""name"":""lab-woocommerce-mysql"",""cpu"":""6.20%"",""mem"":""485.5MiB / 122.8GiB""},{""name"":""lab-allegro-stub"",""cpu"":""0.02%"",""mem"":""30.2MiB / 122.8GiB""}]"
2026-09-09T08:33:39Z,3,563,7,427,30,2666608307,"[{""name"":""lab-worker-1"",""cpu"":""3.27%"",""mem"":""126.7MiB / 122.8GiB""},{""name"":""lab-api"",""cpu"":""0.00%"",""mem"":""129.3MiB / 122.8GiB""},{""name"":""lab-wc-tls"",""cpu"":""0.00%"",""mem"":""30.18MiB / 122.8GiB""},{""name"":""lab-prestashop"",""cpu"":""0.01%"",""mem"":""109MiB / 122.8GiB""},{""name"":""lab-woocommerce"",""cpu"":""0.01%"",""mem"":""204.2MiB / 122.8GiB""},{""name"":""lab-redis"",""cpu"":""0.66%"",""mem"":""76.04MiB / 122.8GiB""},{""name"":""lab-postgres"",""cpu"":""17.41%"",""mem"":""250.4MiB / 122.8GiB""},{""name"":""lab-mysql"",""cpu"":""0.80%"",""mem"":""713.3MiB / 122.8GiB""},{""name"":""lab-woocommerce-mysql"",""cpu"":""0.84%"",""mem"":""485.5MiB / 122.8GiB""},{""name"":""lab-allegro-stub"",""cpu"":""2.67%"",""mem"":""30.25MiB / 122.8GiB""}]"
2026-09-09T08:33:43Z,4,564,7,427,30,2666608307,"[{""name"":""lab-worker-1"",""cpu"":""4.11%"",""mem"":""126.7MiB / 122.8GiB""},{""name"":""lab-api"",""cpu"":""0.00%"",""mem"":""129.3MiB / 122.8GiB""},{""name"":""lab-wc-tls"",""cpu"":""0.00%"",""mem"":""30.18MiB / 122.8GiB""},{""name"":""lab-prestashop"",""cpu"":""0.01%"",""mem"":""109MiB / 122.8GiB""},{""name"":""lab-woocommerce"",""cpu"":""0.00%"",""mem"":""204.2MiB / 122.8GiB""},{""name"":""lab-redis"",""cpu"":""0.67%"",""mem"":""76.04MiB / 122.8GiB""},{""name"":""lab-postgres"",""cpu"":""32.33%"",""mem"":""242.4MiB / 122.8GiB""},{""name"":""lab-mysql"",""cpu"":""0.77%"",""mem"":""713.3MiB / 122.8GiB""},{""name"":""lab-woocommerce-mysql"",""cpu"":""0.78%"",""mem"":""485.5MiB / 122.8GiB""},{""name"":""lab-allegro-stub"",""cpu"":""0.00%"",""mem"":""30.2MiB / 122.8GiB""}]"
2026-09-09T08:33:47Z,4,564,8,427,28,2666608307,"[{""name"":""lab-worker-1"",""cpu"":""3.55%"",""mem"":""126.8MiB / 122.8GiB""},{""name"":""lab-api"",""cpu"":""0.00%"",""mem"":""129.3MiB / 122.8GiB""},{""name"":""lab-wc-tls"",""cpu"":""0.00%"",""mem"":""30.18MiB / 122.8GiB""},{""name"":""lab-prestashop"",""cpu"":""0.01%"",""mem"":""109MiB / 122.8GiB""},{""name"":""lab-woocommerce"",""cpu"":""17.32%"",""mem"":""204.3MiB / 122.8GiB""},{""name"":""lab-redis"",""cpu"":""0.65%"",""mem"":""76.29MiB / 122.8GiB""},{""name"":""lab-postgres"",""cpu"":""8.22%"",""mem"":""242.4MiB / 122.8GiB""},{""name"":""lab-mysql"",""cpu"":""0.87%"",""mem"":""713.3MiB / 122.8GiB""},{""name"":""lab-woocommerce-mysql"",""cpu"":""5.43%"",""mem"":""485.8MiB / 122.8GiB""},{""name"":""lab-allegro-stub"",""cpu"":""0.00%"",""mem"":""30.2MiB / 122.8GiB""}]"
2026-09-09T08:33:50Z,4,563,8,427,28,2666608307,"[{""name"":""lab-worker-1"",""cpu"":""4.65%"",""mem"":""126.9MiB / 122.8GiB""},{""name"":""lab-api"",""cpu"":""0.00%"",""mem"":""129.3MiB / 122.8GiB""},{""name"":""lab-wc-tls"",""cpu"":""0.00%"",""mem"":""30.18MiB / 122.8GiB""},{""name"":""lab-prestashop"",""cpu"":""0.00%"",""mem"":""109MiB / 122.8GiB""},{""name"":""lab-woocommerce"",""cpu"":""0.01%"",""mem"":""204.2MiB / 122.8GiB""},{""name"":""lab-redis"",""cpu"":""5.31%"",""mem"":""76.03MiB / 122.8GiB""},{""name"":""lab-postgres"",""cpu"":""34.10%"",""mem"":""242.7MiB / 122.8GiB""},{""name"":""lab-mysql"",""cpu"":""0.82%"",""mem"":""713.3MiB / 122.8GiB""},{""name"":""lab-woocommerce-mysql"",""cpu"":""0.85%"",""mem"":""485.5MiB / 122.8GiB""},{""name"":""lab-allegro-stub"",""cpu"":""0.00%"",""mem"":""30.2MiB / 122.8GiB""}]"
2026-09-09T08:33:54Z,3,562,8,427,29,2666608307,"[{""name"":""lab-worker-1"",""cpu"":""3.83%"",""mem"":""128.3MiB / 122.8GiB""},{""name"":""lab-api"",""cpu"":""0.00%"",""mem"":""129.3MiB / 122.8GiB""},{""name"":""lab-wc-tls"",""cpu"":""0.00%"",""mem"":""30.18MiB / 122.8GiB""},{""name"":""lab-prestashop"",""cpu"":""0.01%"",""mem"":""109MiB / 122.8GiB""},{""name"":""lab-woocommerce"",""cpu"":""0.00%"",""mem"":""204.2MiB / 122.8GiB""},{""name"":""lab-redis"",""cpu"":""0.56%"",""mem"":""76.03MiB / 122.8GiB""},{""name"":""lab-postgres"",""cpu"":""38.98%"",""mem"":""242.5MiB / 122.8GiB""},{""name"":""lab-mysql"",""cpu"":""0.74%"",""mem"":""713.3MiB / 122.8GiB""},{""name"":""lab-woocommerce-mysql"",""cpu"":""0.73%"",""mem"":""485.5MiB / 122.8GiB""},{""name"":""lab-allegro-stub"",""cpu"":""4.54%"",""mem"":""30.2MiB / 122.8GiB""}]"
2026-09-09T08:33:58Z,4,563,7,427,30,2666608307,"[{""name"":""lab-worker-1"",""cpu"":""2.66%"",""mem"":""127.2MiB / 122.8GiB""},{""name"":""lab-api"",""cpu"":""0.00%"",""mem"":""129.3MiB / 122.8GiB""},{""name"":""lab-wc-tls"",""cpu"":""0.00%"",""mem"":""30.18MiB / 122.8GiB""},{""name"":""lab-prestashop"",""cpu"":""0.00%"",""mem"":""109MiB / 122.8GiB""},{""name"":""lab-woocommerce"",""cpu"":""0.01%"",""mem"":""204.2MiB / 122.8GiB""},{""name"":""lab-redis"",""cpu"":""0.56%"",""mem"":""76.03MiB / 122.8GiB""},{""name"":""lab-postgres"",""cpu"":""10.92%"",""mem"":""248.3MiB / 122.8GiB""},{""name"":""lab-mysql"",""cpu"":""1.01%"",""mem"":""713.3MiB / 122.8GiB""},{""name"":""lab-woocommerce-mysql"",""cpu"":""0.96%"",""mem"":""485.5MiB / 122.8GiB""},{""name"":""lab-allegro-stub"",""cpu"":""0.00%"",""mem"":""30.2MiB / 122.8GiB""}]"
2026-09-09T08:34:01Z,4,561,8,427,30,2666608307,"[{""name"":""lab-worker-1"",""cpu"":""1.17%"",""mem"":""127.2MiB / 122.8GiB""},{""name"":""lab-api"",""cpu"":""0.00%"",""mem"":""129.3MiB / 122.8GiB""},{""name"":""lab-wc-tls"",""cpu"":""0.00%"",""mem"":""30.18MiB / 122.8GiB""},{""name"":""lab-prestashop"",""cpu"":""0.00%"",""mem"":""109MiB / 122.8GiB""},{""name"":""lab-woocommerce"",""cpu"":""0.01%"",""mem"":""204.2MiB / 122.8GiB""},{""name"":""lab-redis"",""cpu"":""0.41%"",""mem"":""76.03MiB / 122.8GiB""},{""name"":""lab-postgres"",""cpu"":""31.02%"",""mem"":""244.6MiB / 122.8GiB""},{""name"":""lab-mysql"",""cpu"":""5.41%"",""mem"":""713.3MiB / 122.8GiB""},{""name"":""lab-woocommerce-mysql"",""cpu"":""0.78%"",""mem"":""485.5MiB / 122.8GiB""},{""name"":""lab-allegro-stub"",""cpu"":""0.00%"",""mem"":""30.2MiB / 122.8GiB""}]"
2026-09-09T08:34:05Z,3,563,7,427,29,2666608307,"[{""name"":""lab-worker-1"",""cpu"":""2.09%"",""mem"":""127.9MiB / 122.8GiB""},{""name"":""lab-api"",""cpu"":""0.00%"",""mem"":""129.3MiB / 122.8GiB""},{""name"":""lab-wc-tls"",""cpu"":""0.00%"",""mem"":""30.18MiB / 122.8GiB""},{""name"":""lab-prestashop"",""cpu"":""0.00%"",""mem"":""109MiB / 122.8GiB""},{""name"":""lab-woocommerce"",""cpu"":""0.01%"",""mem"":""204.2MiB / 122.8GiB""},{""name"":""lab-redis"",""cpu"":""0.56%"",""mem"":""76.28MiB / 122.8GiB""},{""name"":""lab-postgres"",""cpu"":""17.75%"",""mem"":""245MiB / 122.8GiB""},{""name"":""lab-mysql"",""cpu"":""0.80%"",""mem"":""713.3MiB / 122.8GiB""},{""name"":""lab-woocommerce-mysql"",""cpu"":""5.53%"",""mem"":""485.8MiB / 122.8GiB""},{""name"":""lab-allegro-stub"",""cpu"":""4.21%"",""mem"":""30.2MiB / 122.8GiB""}]"
2026-09-09T08:34:09Z,4,566,8,427,26,2666608307,"[{""name"":""lab-worker-1"",""cpu"":""1.38%"",""mem"":""127.6MiB / 122.8GiB""},{""name"":""lab-api"",""cpu"":""0.00%"",""mem"":""129.3MiB / 122.8GiB""},{""name"":""lab-wc-tls"",""cpu"":""0.00%"",""mem"":""30.18MiB / 122.8GiB""},{""name"":""lab-prestashop"",""cpu"":""0.01%"",""mem"":""109MiB / 122.8GiB""},{""name"":""lab-woocommerce"",""cpu"":""0.00%"",""mem"":""204.2MiB / 122.8GiB""},{""name"":""lab-redis"",""cpu"":""0.43%"",""mem"":""76.03MiB / 122.8GiB""},{""name"":""lab-postgres"",""cpu"":""23.92%"",""mem"":""244.9MiB / 122.8GiB""},{""name"":""lab-mysql"",""cpu"":""0.79%"",""mem"":""713.3MiB / 122.8GiB""},{""name"":""lab-woocommerce-mysql"",""cpu"":""0.83%"",""mem"":""485.5MiB / 122.8GiB""},{""name"":""lab-allegro-stub"",""cpu"":""0.00%"",""mem"":""30.2MiB / 122.8GiB""}]"
2026-09-09T08:34:12Z,4,569,8,427,23,2666608307,"[{""name"":""lab-worker-1"",""cpu"":""1.75%"",""mem"":""127.6MiB / 122.8GiB""},{""name"":""lab-api"",""cpu"":""0.00%"",""mem"":""129.3MiB / 122.8GiB""},{""name"":""lab-wc-tls"",""cpu"":""0.00%"",""mem"":""30.18MiB / 122.8GiB""},{""name"":""lab-prestashop"",""cpu"":""0.00%"",""mem"":""109MiB / 122.8GiB""},{""name"":""lab-woocommerce"",""cpu"":""0.01%"",""mem"":""204.2MiB / 122.8GiB""},{""name"":""lab-redis"",""cpu"":""0.68%"",""mem"":""76.04MiB / 122.8GiB""},{""name"":""lab-postgres"",""cpu"":""36.15%"",""mem"":""242.5MiB / 122.8GiB""},{""name"":""lab-mysql"",""cpu"":""0.76%"",""mem"":""713.3MiB / 122.8GiB""},{""name"":""lab-woocommerce-mysql"",""cpu"":""0.79%"",""mem"":""485.5MiB / 122.8GiB""},{""name"":""lab-allegro-stub"",""cpu"":""0.00%"",""mem"":""30.2MiB / 122.8GiB""}]"
2026-09-09T08:34:16Z,3,571,7,427,22,2666608307,"[{""name"":""lab-worker-1"",""cpu"":""1.71%"",""mem"":""128.2MiB / 122.8GiB""},{""name"":""lab-api"",""cpu"":""0.00%"",""mem"":""129.3MiB / 122.8GiB""},{""name"":""lab-wc-tls"",""cpu"":""0.00%"",""mem"":""30.18MiB / 122.8GiB""},{""name"":""lab-prestashop"",""cpu"":""0.01%"",""mem"":""109MiB / 122.8GiB""},{""name"":""lab-woocommerce"",""cpu"":""0.01%"",""mem"":""204.2MiB / 122.8GiB""},{""name"":""lab-redis"",""cpu"":""0.57%"",""mem"":""76.03MiB / 122.8GiB""},{""name"":""lab-postgres"",""cpu"":""6.46%"",""mem"":""242.5MiB / 122.8GiB""},{""name"":""lab-mysql"",""cpu"":""0.95%"",""mem"":""713.3MiB / 122.8GiB""},{""name"":""lab-woocommerce-mysql"",""cpu"":""0.99%"",""mem"":""485.5MiB / 122.8GiB""},{""name"":""lab-allegro-stub"",""cpu"":""0.00%"",""mem"":""30.2MiB / 122.8GiB""}]"
2026-09-09T08:34:20Z,4,571,8,427,22,2666608307,"[{""name"":""lab-worker-1"",""cpu"":""2.95%"",""mem"":""128MiB / 122.8GiB""},{""name"":""lab-api"",""cpu"":""0.00%"",""mem"":""129.3MiB / 122.8GiB""},{""name"":""lab-wc-tls"",""cpu"":""0.00%"",""mem"":""30.18MiB / 122.8GiB""},{""name"":""lab-prestashop"",""cpu"":""0.01%"",""mem"":""109MiB / 122.8GiB""},{""name"":""lab-woocommerce"",""cpu"":""0.01%"",""mem"":""204.2MiB / 122.8GiB""},{""name"":""lab-redis"",""cpu"":""0.51%"",""mem"":""76.03MiB / 122.8GiB""},{""name"":""lab-postgres"",""cpu"":""44.35%"",""mem"":""242.7MiB / 122.8GiB""},{""name"":""lab-mysql"",""cpu"":""0.76%"",""mem"":""713.3MiB / 122.8GiB""},{""name"":""lab-woocommerce-mysql"",""cpu"":""0.77%"",""mem"":""485.5MiB / 122.8GiB""},{""name"":""lab-allegro-stub"",""cpu"":""4.38%"",""mem"":""30.32MiB / 122.8GiB""}]"
2026-09-09T08:34:23Z,4,571,8,427,22,2666608307,"[{""name"":""lab-worker-1"",""cpu"":""3.06%"",""mem"":""126.7MiB / 122.8GiB""},{""name"":""lab-api"",""cpu"":""0.00%"",""mem"":""129.3MiB / 122.8GiB""},{""name"":""lab-wc-tls"",""cpu"":""0.00%"",""mem"":""30.18MiB / 122.8GiB""},{""name"":""lab-prestashop"",""cpu"":""0.00%"",""mem"":""109MiB / 122.8GiB""},{""name"":""lab-woocommerce"",""cpu"":""0.01%"",""mem"":""204.2MiB / 122.8GiB""},{""name"":""lab-redis"",""cpu"":""0.56%"",""mem"":""76.04MiB / 122.8GiB""},{""name"":""lab-postgres"",""cpu"":""16.25%"",""mem"":""242.7MiB / 122.8GiB""},{""name"":""lab-mysql"",""cpu"":""0.79%"",""mem"":""713.3MiB / 122.8GiB""},{""name"":""lab-woocommerce-mysql"",""cpu"":""0.83%"",""mem"":""485.5MiB / 122.8GiB""},{""name"":""lab-allegro-stub"",""cpu"":""0.00%"",""mem"":""30.2MiB / 122.8GiB""}]"
2026-09-09T08:34:27Z,3,570,8,427,23,2666608307,"[{""name"":""lab-worker-1"",""cpu"":""2.37%"",""mem"":""126.8MiB / 122.8GiB""},{""name"":""lab-api"",""cpu"":""0.00%"",""mem"":""129.3MiB / 122.8GiB""},{""name"":""lab-wc-tls"",""cpu"":""0.00%"",""mem"":""30.18MiB / 122.8GiB""},{""name"":""lab-prestashop"",""cpu"":""0.01%"",""mem"":""109MiB / 122.8GiB""},{""name"":""lab-woocommerce"",""cpu"":""0.01%"",""mem"":""204.2MiB / 122.8GiB""},{""name"":""lab-redis"",""cpu"":""0.66%"",""mem"":""76.03MiB / 122.8GiB""},{""name"":""lab-postgres"",""cpu"":""23.13%"",""mem"":""249.8MiB / 122.8GiB""},{""name"":""lab-mysql"",""cpu"":""0.85%"",""mem"":""713.3MiB / 122.8GiB""},{""name"":""lab-woocommerce-mysql"",""cpu"":""0.88%"",""mem"":""485.5MiB / 122.8GiB""},{""name"":""lab-allegro-stub"",""cpu"":""0.00%"",""mem"":""30.2MiB / 122.8GiB""}]"
2026-09-09T08:34:31Z,4,568,8,427,25,2666608307,"[{""name"":""lab-worker-1"",""cpu"":""5.52%"",""mem"":""127.7MiB / 122.8GiB""},{""name"":""lab-api"",""cpu"":""0.00%"",""mem"":""129.3MiB / 122.8GiB""},{""name"":""lab-wc-tls"",""cpu"":""0.00%"",""mem"":""30.18MiB / 122.8GiB""},{""name"":""lab-prestashop"",""cpu"":""0.01%"",""mem"":""109MiB / 122.8GiB""},{""name"":""lab-woocommerce"",""cpu"":""0.00%"",""mem"":""204.2MiB / 122.8GiB""},{""name"":""lab-redis"",""cpu"":""4.77%"",""mem"":""76.04MiB / 122.8GiB""},{""name"":""lab-postgres"",""cpu"":""42.86%"",""mem"":""242.5MiB / 122.8GiB""},{""name"":""lab-mysql"",""cpu"":""0.78%"",""mem"":""713.3MiB / 122.8GiB""},{""name"":""lab-woocommerce-mysql"",""cpu"":""0.77%"",""mem"":""485.5MiB / 122.8GiB""},{""name"":""lab-allegro-stub"",""cpu"":""0.01%"",""mem"":""30.2MiB / 122.8GiB""}]"
2026-09-09T08:34:35Z,4,564,8,427,28,2666608307,"[{""name"":""lab-worker-1"",""cpu"":""3.57%"",""mem"":""127.1MiB / 122.8GiB""},{""name"":""lab-api"",""cpu"":""0.00%"",""mem"":""129.3MiB / 122.8GiB""},{""name"":""lab-wc-tls"",""cpu"":""0.00%"",""mem"":""30.18MiB / 122.8GiB""},{""name"":""lab-prestashop"",""cpu"":""0.01%"",""mem"":""109MiB / 122.8GiB""},{""name"":""lab-woocommerce"",""cpu"":""0.01%"",""mem"":""204.2MiB / 122.8GiB""},{""name"":""lab-redis"",""cpu"":""0.54%"",""mem"":""76.04MiB / 122.8GiB""},{""name"":""lab-postgres"",""cpu"":""5.87%"",""mem"":""242.9MiB / 122.8GiB""},{""name"":""lab-mysql"",""cpu"":""0.96%"",""mem"":""713.3MiB / 122.8GiB""},{""name"":""lab-woocommerce-mysql"",""cpu"":""0.88%"",""mem"":""485.5MiB / 122.8GiB""},{""name"":""lab-allegro-stub"",""cpu"":""0.01%"",""mem"":""30.2MiB / 122.8GiB""}]"
2026-09-09T08:34:38Z,4,561,7,427,32,2666608307,"[{""name"":""lab-worker-1"",""cpu"":""2.72%"",""mem"":""127.4MiB / 122.8GiB""},{""name"":""lab-api"",""cpu"":""0.00%"",""mem"":""129.3MiB / 122.8GiB""},{""name"":""lab-wc-tls"",""cpu"":""0.00%"",""mem"":""30.18MiB / 122.8GiB""},{""name"":""lab-prestashop"",""cpu"":""0.01%"",""mem"":""109MiB / 122.8GiB""},{""name"":""lab-woocommerce"",""cpu"":""0.01%"",""mem"":""204.2MiB / 122.8GiB""},{""name"":""lab-redis"",""cpu"":""0.74%"",""mem"":""76.03MiB / 122.8GiB""},{""name"":""lab-postgres"",""cpu"":""33.57%"",""mem"":""242.5MiB / 122.8GiB""},{""name"":""lab-mysql"",""cpu"":""0.76%"",""mem"":""713.3MiB / 122.8GiB""},{""name"":""lab-woocommerce-mysql"",""cpu"":""1.05%"",""mem"":""485.5MiB / 122.8GiB""},{""name"":""lab-allegro-stub"",""cpu"":""0.00%"",""mem"":""30.2MiB / 122.8GiB""}]"
2026-09-09T08:34:42Z,3,557,7,427,36,2666608307,"[{""name"":""lab-worker-1"",""cpu"":""4.41%"",""mem"":""127.4MiB / 122.8GiB""},{""name"":""lab-api"",""cpu"":""0.00%"",""mem"":""129.3MiB / 122.8GiB""},{""name"":""lab-wc-tls"",""cpu"":""0.00%"",""mem"":""30.18MiB / 122.8GiB""},{""name"":""lab-prestashop"",""cpu"":""0.01%"",""mem"":""109MiB / 122.8GiB""},{""name"":""lab-woocommerce"",""cpu"":""0.01%"",""mem"":""204.2MiB / 122.8GiB""},{""name"":""lab-redis"",""cpu"":""0.68%"",""mem"":""76.04MiB / 122.8GiB""},{""name"":""lab-postgres"",""cpu"":""19.05%"",""mem"":""242.4MiB / 122.8GiB""},{""name"":""lab-mysql"",""cpu"":""5.29%"",""mem"":""713.3MiB / 122.8GiB""},{""name"":""lab-woocommerce-mysql"",""cpu"":""0.76%"",""mem"":""485.5MiB / 122.8GiB""},{""name"":""lab-allegro-stub"",""cpu"":""0.00%"",""mem"":""30.21MiB / 122.8GiB""}]"
2026-09-09T08:34:46Z,4,555,8,427,37,2666608307,"[{""name"":""lab-worker-1"",""cpu"":""3.91%"",""mem"":""126.9MiB / 122.8GiB""},{""name"":""lab-api"",""cpu"":""0.00%"",""mem"":""129.3MiB / 122.8GiB""},{""name"":""lab-wc-tls"",""cpu"":""0.00%"",""mem"":""30.18MiB / 122.8GiB""},{""name"":""lab-prestashop"",""cpu"":""0.01%"",""mem"":""109MiB / 122.8GiB""},{""name"":""lab-woocommerce"",""cpu"":""0.01%"",""mem"":""204.2MiB / 122.8GiB""},{""name"":""lab-redis"",""cpu"":""0.72%"",""mem"":""76.03MiB / 122.8GiB""},{""name"":""lab-postgres"",""cpu"":""33.73%"",""mem"":""245.7MiB / 122.8GiB""},{""name"":""lab-mysql"",""cpu"":""0.81%"",""mem"":""713.3MiB / 122.8GiB""},{""name"":""lab-woocommerce-mysql"",""cpu"":""5.36%"",""mem"":""485.5MiB / 122.8GiB""},{""name"":""lab-allegro-stub"",""cpu"":""4.10%"",""mem"":""30.2MiB / 122.8GiB""}]"
2026-09-09T08:34:49Z,4,549,8,427,40,2666608307,"[{""name"":""lab-worker-1"",""cpu"":""0.96%"",""mem"":""127.4MiB / 122.8GiB""},{""name"":""lab-api"",""cpu"":""0.00%"",""mem"":""129.3MiB / 122.8GiB""},{""name"":""lab-wc-tls"",""cpu"":""0.00%"",""mem"":""30.18MiB / 122.8GiB""},{""name"":""lab-prestashop"",""cpu"":""0.00%"",""mem"":""109MiB / 122.8GiB""},{""name"":""lab-woocommerce"",""cpu"":""0.01%"",""mem"":""204.2MiB / 122.8GiB""},{""name"":""lab-redis"",""cpu"":""0.38%"",""mem"":""76.28MiB / 122.8GiB""},{""name"":""lab-postgres"",""cpu"":""31.02%"",""mem"":""242.4MiB / 122.8GiB""},{""name"":""lab-mysql"",""cpu"":""0.77%"",""mem"":""713.3MiB / 122.8GiB""},{""name"":""lab-woocommerce-mysql"",""cpu"":""0.83%"",""mem"":""485.5MiB / 122.8GiB""},{""name"":""lab-allegro-stub"",""cpu"":""0.00%"",""mem"":""30.2MiB / 122.8GiB""}]"
2026-09-09T08:34:53Z,3,552,7,427,41,2666608307,"[{""name"":""lab-worker-1"",""cpu"":""1.05%"",""mem"":""126.9MiB / 122.8GiB""},{""name"":""lab-api"",""cpu"":""0.00%"",""mem"":""129.3MiB / 122.8GiB""},{""name"":""lab-wc-tls"",""cpu"":""0.00%"",""mem"":""30.18MiB / 122.8GiB""},{""name"":""lab-prestashop"",""cpu"":""0.01%"",""mem"":""109MiB / 122.8GiB""},{""name"":""lab-woocommerce"",""cpu"":""0.01%"",""mem"":""204.2MiB / 122.8GiB""},{""name"":""lab-redis"",""cpu"":""0.38%"",""mem"":""76.04MiB / 122.8GiB""},{""name"":""lab-postgres"",""cpu"":""4.09%"",""mem"":""242.7MiB / 122.8GiB""},{""name"":""lab-mysql"",""cpu"":""1.00%"",""mem"":""713.3MiB / 122.8GiB""},{""name"":""lab-woocommerce-mysql"",""cpu"":""0.99%"",""mem"":""485.5MiB / 122.8GiB""},{""name"":""lab-allegro-stub"",""cpu"":""0.00%"",""mem"":""30.2MiB / 122.8GiB""}]"
2026-09-09T08:34:57Z,4,550,8,427,42,2666608307,"[{""name"":""lab-worker-1"",""cpu"":""1.39%"",""mem"":""127MiB / 122.8GiB""},{""name"":""lab-api"",""cpu"":""0.00%"",""mem"":""129.3MiB / 122.8GiB""},{""name"":""lab-wc-tls"",""cpu"":""0.00%"",""mem"":""30.18MiB / 122.8GiB""},{""name"":""lab-prestashop"",""cpu"":""0.01%"",""mem"":""109MiB / 122.8GiB""},{""name"":""lab-woocommerce"",""cpu"":""0.01%"",""mem"":""204.2MiB / 122.8GiB""},{""name"":""lab-redis"",""cpu"":""0.37%"",""mem"":""76.03MiB / 122.8GiB""},{""name"":""lab-postgres"",""cpu"":""42.72%"",""mem"":""242.9MiB / 122.8GiB""},{""name"":""lab-mysql"",""cpu"":""0.71%"",""mem"":""713.3MiB / 122.8GiB""},{""name"":""lab-woocommerce-mysql"",""cpu"":""0.71%"",""mem"":""485.5MiB / 122.8GiB""},{""name"":""lab-allegro-stub"",""cpu"":""0.00%"",""mem"":""30.2MiB / 122.8GiB""}]"
2026-09-09T08:35:00Z,4,551,6,427,42,2666608307,"[{""name"":""lab-worker-1"",""cpu"":""2.39%"",""mem"":""127.2MiB / 122.8GiB""},{""name"":""lab-api"",""cpu"":""0.00%"",""mem"":""129.3MiB / 122.8GiB""},{""name"":""lab-wc-tls"",""cpu"":""0.00%"",""mem"":""30.18MiB / 122.8GiB""},{""name"":""lab-prestashop"",""cpu"":""0.01%"",""mem"":""109MiB / 122.8GiB""},{""name"":""lab-woocommerce"",""cpu"":""0.01%"",""mem"":""204.2MiB / 122.8GiB""},{""name"":""lab-redis"",""cpu"":""0.41%"",""mem"":""76.03MiB / 122.8GiB""},{""name"":""lab-postgres"",""cpu"":""20.66%"",""mem"":""242.6MiB / 122.8GiB""},{""name"":""lab-mysql"",""cpu"":""0.86%"",""mem"":""713.3MiB / 122.8GiB""},{""name"":""lab-woocommerce-mysql"",""cpu"":""0.83%"",""mem"":""485.5MiB / 122.8GiB""},{""name"":""lab-allegro-stub"",""cpu"":""4.11%"",""mem"":""30.21MiB / 122.8GiB""}]"
2026-09-09T08:35:04Z,3,548,7,427,44,2666608307,"[{""name"":""lab-worker-1"",""cpu"":""5.18%"",""mem"":""126.8MiB / 122.8GiB""},{""name"":""lab-api"",""cpu"":""0.00%"",""mem"":""129.3MiB / 122.8GiB""},{""name"":""lab-wc-tls"",""cpu"":""0.00%"",""mem"":""30.18MiB / 122.8GiB""},{""name"":""lab-prestashop"",""cpu"":""0.01%"",""mem"":""109MiB / 122.8GiB""},{""name"":""lab-woocommerce"",""cpu"":""0.01%"",""mem"":""204.2MiB / 122.8GiB""},{""name"":""lab-redis"",""cpu"":""0.74%"",""mem"":""76.03MiB / 122.8GiB""},{""name"":""lab-postgres"",""cpu"":""17.29%"",""mem"":""250MiB / 122.8GiB""},{""name"":""lab-mysql"",""cpu"":""0.92%"",""mem"":""713.3MiB / 122.8GiB""},{""name"":""lab-woocommerce-mysql"",""cpu"":""0.92%"",""mem"":""485.5MiB / 122.8GiB""},{""name"":""lab-allegro-stub"",""cpu"":""0.00%"",""mem"":""30.21MiB / 122.8GiB""}]"
2026-09-09T08:35:08Z,4,547,7,427,47,2666608307,"[{""name"":""lab-worker-1"",""cpu"":""2.07%"",""mem"":""127MiB / 122.8GiB""},{""name"":""lab-api"",""cpu"":""0.01%"",""mem"":""129.3MiB / 122.8GiB""},{""name"":""lab-wc-tls"",""cpu"":""0.00%"",""mem"":""30.18MiB / 122.8GiB""},{""name"":""lab-prestashop"",""cpu"":""5.00%"",""mem"":""109.1MiB / 122.8GiB""},{""name"":""lab-woocommerce"",""cpu"":""0.00%"",""mem"":""204.2MiB / 122.8GiB""},{""name"":""lab-redis"",""cpu"":""0.56%"",""mem"":""76.29MiB / 122.8GiB""},{""name"":""lab-postgres"",""cpu"":""32.48%"",""mem"":""242.8MiB / 122.8GiB""},{""name"":""lab-mysql"",""cpu"":""1.21%"",""mem"":""713.3MiB / 122.8GiB""},{""name"":""lab-woocommerce-mysql"",""cpu"":""0.76%"",""mem"":""485.5MiB / 122.8GiB""},{""name"":""lab-allegro-stub"",""cpu"":""0.00%"",""mem"":""30.2MiB / 122.8GiB""}]"
2026-09-09T08:35:12Z,4,546,7,427,47,2666608307,"[{""name"":""lab-worker-1"",""cpu"":""4.36%"",""mem"":""127.3MiB / 122.8GiB""},{""name"":""lab-api"",""cpu"":""0.00%"",""mem"":""129.3MiB / 122.8GiB""},{""name"":""lab-wc-tls"",""cpu"":""0.00%"",""mem"":""30.18MiB / 122.8GiB""},{""name"":""lab-prestashop"",""cpu"":""0.01%"",""mem"":""109MiB / 122.8GiB""},{""name"":""lab-woocommerce"",""cpu"":""0.01%"",""mem"":""204.2MiB / 122.8GiB""},{""name"":""lab-redis"",""cpu"":""1.37%"",""mem"":""76.04MiB / 122.8GiB""},{""name"":""lab-postgres"",""cpu"":""8.01%"",""mem"":""243.9MiB / 122.8GiB""},{""name"":""lab-mysql"",""cpu"":""5.54%"",""mem"":""713.3MiB / 122.8GiB""},{""name"":""lab-woocommerce-mysql"",""cpu"":""0.96%"",""mem"":""485.5MiB / 122.8GiB""},{""name"":""lab-allegro-stub"",""cpu"":""0.01%"",""mem"":""30.2MiB / 122.8GiB""}]"
2026-09-09T08:35:15Z,4,542,8,427,50,2666608307,"[{""name"":""lab-worker-1"",""cpu"":""3.55%"",""mem"":""127.1MiB / 122.8GiB""},{""name"":""lab-api"",""cpu"":""0.00%"",""mem"":""129.3MiB / 122.8GiB""},{""name"":""lab-wc-tls"",""cpu"":""0.00%"",""mem"":""30.18MiB / 122.8GiB""},{""name"":""lab-prestashop"",""cpu"":""0.00%"",""mem"":""109MiB / 122.8GiB""},{""name"":""lab-woocommerce"",""cpu"":""0.01%"",""mem"":""204.2MiB / 122.8GiB""},{""name"":""lab-redis"",""cpu"":""0.66%"",""mem"":""76.03MiB / 122.8GiB""},{""name"":""lab-postgres"",""cpu"":""37.88%"",""mem"":""242.9MiB / 122.8GiB""},{""name"":""lab-mysql"",""cpu"":""0.79%"",""mem"":""713.3MiB / 122.8GiB""},{""name"":""lab-woocommerce-mysql"",""cpu"":""5.44%"",""mem"":""485.5MiB / 122.8GiB""},{""name"":""lab-allegro-stub"",""cpu"":""4.38%"",""mem"":""30.29MiB / 122.8GiB""}]"
2026-09-09T08:35:19Z,3,542,8,427,50,2666608307,"[{""name"":""lab-worker-1"",""cpu"":""3.41%"",""mem"":""127.3MiB / 122.8GiB""},{""name"":""lab-api"",""cpu"":""0.00%"",""mem"":""129.3MiB / 122.8GiB""},{""name"":""lab-wc-tls"",""cpu"":""0.00%"",""mem"":""30.18MiB / 122.8GiB""},{""name"":""lab-prestashop"",""cpu"":""0.01%"",""mem"":""109MiB / 122.8GiB""},{""name"":""lab-woocommerce"",""cpu"":""0.01%"",""mem"":""204.3MiB / 122.8GiB""},{""name"":""lab-redis"",""cpu"":""0.71%"",""mem"":""76.04MiB / 122.8GiB""},{""name"":""lab-postgres"",""cpu"":""28.05%"",""mem"":""242.8MiB / 122.8GiB""},{""name"":""lab-mysql"",""cpu"":""0.84%"",""mem"":""713.3MiB / 122.8GiB""},{""name"":""lab-woocommerce-mysql"",""cpu"":""0.82%"",""mem"":""485.5MiB / 122.8GiB""},{""name"":""lab-allegro-stub"",""cpu"":""0.00%"",""mem"":""30.2MiB / 122.8GiB""}]"
2026-09-09T08:35:23Z,4,545,8,427,46,2666608307,"[{""name"":""lab-worker-1"",""cpu"":""2.94%"",""mem"":""126.8MiB / 122.8GiB""},{""name"":""lab-api"",""cpu"":""0.00%"",""mem"":""129.3MiB / 122.8GiB""},{""name"":""lab-wc-tls"",""cpu"":""0.00%"",""mem"":""30.18MiB / 122.8GiB""},{""name"":""lab-prestashop"",""cpu"":""0.00%"",""mem"":""109MiB / 122.8GiB""},{""name"":""lab-woocommerce"",""cpu"":""0.01%"",""mem"":""204.2MiB / 122.8GiB""},{""name"":""lab-redis"",""cpu"":""0.59%"",""mem"":""76.03MiB / 122.8GiB""},{""name"":""lab-postgres"",""cpu"":""18.85%"",""mem"":""243.2MiB / 122.8GiB""},{""name"":""lab-mysql"",""cpu"":""0.83%"",""mem"":""713.3MiB / 122.8GiB""},{""name"":""lab-woocommerce-mysql"",""cpu"":""0.84%"",""mem"":""485.5MiB / 122.8GiB""},{""name"":""lab-allegro-stub"",""cpu"":""0.00%"",""mem"":""30.2MiB / 122.8GiB""}]"
2026-09-09T08:35:26Z,4,550,8,427,41,2666608307,"[{""name"":""lab-worker-1"",""cpu"":""1.51%"",""mem"":""126.8MiB / 122.8GiB""},{""name"":""lab-api"",""cpu"":""0.00%"",""mem"":""129.3MiB / 122.8GiB""},{""name"":""lab-wc-tls"",""cpu"":""0.00%"",""mem"":""30.18MiB / 122.8GiB""},{""name"":""lab-prestashop"",""cpu"":""0.00%"",""mem"":""109MiB / 122.8GiB""},{""name"":""lab-woocommerce"",""cpu"":""0.01%"",""mem"":""204.2MiB / 122.8GiB""},{""name"":""lab-redis"",""cpu"":""0.44%"",""mem"":""76.28MiB / 122.8GiB""},{""name"":""lab-postgres"",""cpu"":""32.43%"",""mem"":""240.4MiB / 122.8GiB""},{""name"":""lab-mysql"",""cpu"":""0.70%"",""mem"":""713.3MiB / 122.8GiB""},{""name"":""lab-woocommerce-mysql"",""cpu"":""0.77%"",""mem"":""485.5MiB / 122.8GiB""},{""name"":""lab-allegro-stub"",""cpu"":""0.01%"",""mem"":""30.2MiB / 122.8GiB""}]"
2026-09-09T08:35:30Z,3,555,12,427,37,2666608307,"[{""name"":""lab-worker-1"",""cpu"":""2.63%"",""mem"":""127.3MiB / 122.8GiB""},{""name"":""lab-api"",""cpu"":""0.00%"",""mem"":""129.3MiB / 122.8GiB""},{""name"":""lab-wc-tls"",""cpu"":""0.00%"",""mem"":""30.18MiB / 122.8GiB""},{""name"":""lab-prestashop"",""cpu"":""0.01%"",""mem"":""109MiB / 122.8GiB""},{""name"":""lab-woocommerce"",""cpu"":""0.01%"",""mem"":""204.2MiB / 122.8GiB""},{""name"":""lab-redis"",""cpu"":""0.49%"",""mem"":""76.29MiB / 122.8GiB""},{""name"":""lab-postgres"",""cpu"":""14.19%"",""mem"":""242.7MiB / 122.8GiB""},{""name"":""lab-mysql"",""cpu"":""0.87%"",""mem"":""713.3MiB / 122.8GiB""},{""name"":""lab-woocommerce-mysql"",""cpu"":""0.98%"",""mem"":""485.5MiB / 122.8GiB""},{""name"":""lab-allegro-stub"",""cpu"":""0.00%"",""mem"":""30.2MiB / 122.8GiB""}]"
2026-09-09T08:35:34Z,4,560,7,427,33,2666608307,"[{""name"":""lab-worker-1"",""cpu"":""3.22%"",""mem"":""126.9MiB / 122.8GiB""},{""name"":""lab-api"",""cpu"":""0.00%"",""mem"":""129.3MiB / 122.8GiB""},{""name"":""lab-wc-tls"",""cpu"":""0.00%"",""mem"":""30.18MiB / 122.8GiB""},{""name"":""lab-prestashop"",""cpu"":""0.01%"",""mem"":""109MiB / 122.8GiB""},{""name"":""lab-woocommerce"",""cpu"":""0.01%"",""mem"":""204.2MiB / 122.8GiB""},{""name"":""lab-redis"",""cpu"":""0.60%"",""mem"":""76.04MiB / 122.8GiB""},{""name"":""lab-postgres"",""cpu"":""25.71%"",""mem"":""245.6MiB / 122.8GiB""},{""name"":""lab-mysql"",""cpu"":""0.84%"",""mem"":""713.3MiB / 122.8GiB""},{""name"":""lab-woocommerce-mysql"",""cpu"":""0.86%"",""mem"":""485.5MiB / 122.8GiB""},{""name"":""lab-allegro-stub"",""cpu"":""0.00%"",""mem"":""30.2MiB / 122.8GiB""}]"
2026-09-09T08:35:37Z,4,558,7,427,35,2666608307,"[{""name"":""lab-worker-1"",""cpu"":""3.37%"",""mem"":""127.2MiB / 122.8GiB""},{""name"":""lab-api"",""cpu"":""0.00%"",""mem"":""129.3MiB / 122.8GiB""},{""name"":""lab-wc-tls"",""cpu"":""0.00%"",""mem"":""30.18MiB / 122.8GiB""},{""name"":""lab-prestashop"",""cpu"":""5.38%"",""mem"":""109.1MiB / 122.8GiB""},{""name"":""lab-woocommerce"",""cpu"":""0.01%"",""mem"":""204.2MiB / 122.8GiB""},{""name"":""lab-redis"",""cpu"":""0.66%"",""mem"":""76.04MiB / 122.8GiB""},{""name"":""lab-postgres"",""cpu"":""29.48%"",""mem"":""242.8MiB / 122.8GiB""},{""name"":""lab-mysql"",""cpu"":""1.21%"",""mem"":""713.3MiB / 122.8GiB""},{""name"":""lab-woocommerce-mysql"",""cpu"":""0.79%"",""mem"":""485.5MiB / 122.8GiB""},{""name"":""lab-allegro-stub"",""cpu"":""0.00%"",""mem"":""30.2MiB / 122.8GiB""}]"
2026-09-09T08:35:41Z,3,558,8,427,35,2666608307,"[{""name"":""lab-worker-1"",""cpu"":""3.66%"",""mem"":""127.1MiB / 122.8GiB""},{""name"":""lab-api"",""cpu"":""0.00%"",""mem"":""129.3MiB / 122.8GiB""},{""name"":""lab-wc-tls"",""cpu"":""0.00%"",""mem"":""30.18MiB / 122.8GiB""},{""name"":""lab-prestashop"",""cpu"":""0.01%"",""mem"":""109MiB / 122.8GiB""},{""name"":""lab-woocommerce"",""cpu"":""0.01%"",""mem"":""204.2MiB / 122.8GiB""},{""name"":""lab-redis"",""cpu"":""4.73%"",""mem"":""76.04MiB / 122.8GiB""},{""name"":""lab-postgres"",""cpu"":""4.58%"",""mem"":""248MiB / 122.8GiB""},{""name"":""lab-mysql"",""cpu"":""0.88%"",""mem"":""713.3MiB / 122.8GiB""},{""name"":""lab-woocommerce-mysql"",""cpu"":""0.94%"",""mem"":""485.5MiB / 122.8GiB""},{""name"":""lab-allegro-stub"",""cpu"":""4.66%"",""mem"":""30.21MiB / 122.8GiB""}]"
2026-09-09T08:35:45Z,4,559,8,427,32,2666608307,"[{""name"":""lab-worker-1"",""cpu"":""3.43%"",""mem"":""126.9MiB / 122.8GiB""},{""name"":""lab-api"",""cpu"":""0.00%"",""mem"":""129.3MiB / 122.8GiB""},{""name"":""lab-wc-tls"",""cpu"":""0.00%"",""mem"":""30.18MiB / 122.8GiB""},{""name"":""lab-prestashop"",""cpu"":""0.01%"",""mem"":""109MiB / 122.8GiB""},{""name"":""lab-woocommerce"",""cpu"":""0.00%"",""mem"":""204.2MiB / 122.8GiB""},{""name"":""lab-redis"",""cpu"":""0.74%"",""mem"":""76.03MiB / 122.8GiB""},{""name"":""lab-postgres"",""cpu"":""31.14%"",""mem"":""242.3MiB / 122.8GiB""},{""name"":""lab-mysql"",""cpu"":""0.77%"",""mem"":""713.3MiB / 122.8GiB""},{""name"":""lab-woocommerce-mysql"",""cpu"":""0.76%"",""mem"":""485.5MiB / 122.8GiB""},{""name"":""lab-allegro-stub"",""cpu"":""4.26%"",""mem"":""30.2MiB / 122.8GiB""}]"
2026-09-09T08:35:49Z,4,561,8,427,32,2666608307,"[{""name"":""lab-worker-1"",""cpu"":""3.34%"",""mem"":""127.5MiB / 122.8GiB""},{""name"":""lab-api"",""cpu"":""0.00%"",""mem"":""129.3MiB / 122.8GiB""},{""name"":""lab-wc-tls"",""cpu"":""0.00%"",""mem"":""30.18MiB / 122.8GiB""},{""name"":""lab-prestashop"",""cpu"":""0.01%"",""mem"":""109MiB / 122.8GiB""},{""name"":""lab-woocommerce"",""cpu"":""0.01%"",""mem"":""204.2MiB / 122.8GiB""},{""name"":""lab-redis"",""cpu"":""0.52%"",""mem"":""76.03MiB / 122.8GiB""},{""name"":""lab-postgres"",""cpu"":""30.66%"",""mem"":""242.8MiB / 122.8GiB""},{""name"":""lab-mysql"",""cpu"":""0.80%"",""mem"":""713.3MiB / 122.8GiB""},{""name"":""lab-woocommerce-mysql"",""cpu"":""1.24%"",""mem"":""485.5MiB / 122.8GiB""},{""name"":""lab-allegro-stub"",""cpu"":""0.00%"",""mem"":""30.2MiB / 122.8GiB""}]"
2026-09-09T08:35:52Z,4,559,7,427,34,2666608307,"[{""name"":""lab-worker-1"",""cpu"":""3.62%"",""mem"":""127.2MiB / 122.8GiB""},{""name"":""lab-api"",""cpu"":""0.00%"",""mem"":""129.3MiB / 122.8GiB""},{""name"":""lab-wc-tls"",""cpu"":""0.00%"",""mem"":""30.18MiB / 122.8GiB""},{""name"":""lab-prestashop"",""cpu"":""0.01%"",""mem"":""109MiB / 122.8GiB""},{""name"":""lab-woocommerce"",""cpu"":""0.01%"",""mem"":""204.2MiB / 122.8GiB""},{""name"":""lab-redis"",""cpu"":""0.62%"",""mem"":""76.05MiB / 122.8GiB""},{""name"":""lab-postgres"",""cpu"":""20.37%"",""mem"":""242.3MiB / 122.8GiB""},{""name"":""lab-mysql"",""cpu"":""5.45%"",""mem"":""713.3MiB / 122.8GiB""},{""name"":""lab-woocommerce-mysql"",""cpu"":""0.84%"",""mem"":""485.5MiB / 122.8GiB""},{""name"":""lab-allegro-stub"",""cpu"":""0.00%"",""mem"":""30.2MiB / 122.8GiB""}]"
2026-09-09T08:35:56Z,3,554,8,427,38,2666608307,"[{""name"":""lab-worker-1"",""cpu"":""2.86%"",""mem"":""127.1MiB / 122.8GiB""},{""name"":""lab-api"",""cpu"":""0.00%"",""mem"":""129.3MiB / 122.8GiB""},{""name"":""lab-wc-tls"",""cpu"":""0.00%"",""mem"":""30.18MiB / 122.8GiB""},{""name"":""lab-prestashop"",""cpu"":""0.01%"",""mem"":""109MiB / 122.8GiB""},{""name"":""lab-woocommerce"",""cpu"":""0.00%"",""mem"":""204.2MiB / 122.8GiB""},{""name"":""lab-redis"",""cpu"":""0.49%"",""mem"":""76.03MiB / 122.8GiB""},{""name"":""lab-postgres"",""cpu"":""37.18%"",""mem"":""242.1MiB / 122.8GiB""},{""name"":""lab-mysql"",""cpu"":""0.78%"",""mem"":""713.3MiB / 122.8GiB""},{""name"":""lab-woocommerce-mysql"",""cpu"":""5.07%"",""mem"":""485.5MiB / 122.8GiB""},{""name"":""lab-allegro-stub"",""cpu"":""4.03%"",""mem"":""30.24MiB / 122.8GiB""}]"
2026-09-09T08:36:00Z,4,554,7,427,39,2666608307,"[{""name"":""lab-worker-1"",""cpu"":""8.32%"",""mem"":""127.1MiB / 122.8GiB""},{""name"":""lab-api"",""cpu"":""0.00%"",""mem"":""129.3MiB / 122.8GiB""},{""name"":""lab-wc-tls"",""cpu"":""0.00%"",""mem"":""30.18MiB / 122.8GiB""},{""name"":""lab-prestashop"",""cpu"":""0.01%"",""mem"":""109MiB / 122.8GiB""},{""name"":""lab-woocommerce"",""cpu"":""0.01%"",""mem"":""204.2MiB / 122.8GiB""},{""name"":""lab-redis"",""cpu"":""0.70%"",""mem"":""76.03MiB / 122.8GiB""},{""name"":""lab-postgres"",""cpu"":""5.87%"",""mem"":""242MiB / 122.8GiB""},{""name"":""lab-mysql"",""cpu"":""0.90%"",""mem"":""713.3MiB / 122.8GiB""},{""name"":""lab-woocommerce-mysql"",""cpu"":""0.92%"",""mem"":""485.5MiB / 122.8GiB""},{""name"":""lab-allegro-stub"",""cpu"":""0.00%"",""mem"":""30.2MiB / 122.8GiB""}]"
2026-09-09T08:36:03Z,4,551,8,427,41,2666608307,"[{""name"":""lab-worker-1"",""cpu"":""3.18%"",""mem"":""127MiB / 122.8GiB""},{""name"":""lab-api"",""cpu"":""0.00%"",""mem"":""129.3MiB / 122.8GiB""},{""name"":""lab-wc-tls"",""cpu"":""0.00%"",""mem"":""30.18MiB / 122.8GiB""},{""name"":""lab-prestashop"",""cpu"":""0.00%"",""mem"":""109MiB / 122.8GiB""},{""name"":""lab-woocommerce"",""cpu"":""0.01%"",""mem"":""204.2MiB / 122.8GiB""},{""name"":""lab-redis"",""cpu"":""0.64%"",""mem"":""76.03MiB / 122.8GiB""},{""name"":""lab-postgres"",""cpu"":""32.17%"",""mem"":""242MiB / 122.8GiB""},{""name"":""lab-mysql"",""cpu"":""0.77%"",""mem"":""713.3MiB / 122.8GiB""},{""name"":""lab-woocommerce-mysql"",""cpu"":""0.82%"",""mem"":""485.5MiB / 122.8GiB""},{""name"":""lab-allegro-stub"",""cpu"":""0.00%"",""mem"":""30.2MiB / 122.8GiB""}]"
2026-09-09T08:36:07Z,3,553,8,427,40,2666608307,"[{""name"":""lab-worker-1"",""cpu"":""9.89%"",""mem"":""127.7MiB / 122.8GiB""},{""name"":""lab-api"",""cpu"":""0.01%"",""mem"":""129.3MiB / 122.8GiB""},{""name"":""lab-wc-tls"",""cpu"":""0.00%"",""mem"":""30.18MiB / 122.8GiB""},{""name"":""lab-prestashop"",""cpu"":""0.01%"",""mem"":""109MiB / 122.8GiB""},{""name"":""lab-woocommerce"",""cpu"":""0.01%"",""mem"":""204.2MiB / 122.8GiB""},{""name"":""lab-redis"",""cpu"":""0.63%"",""mem"":""76.03MiB / 122.8GiB""},{""name"":""lab-postgres"",""cpu"":""20.47%"",""mem"":""242.1MiB / 122.8GiB""},{""name"":""lab-mysql"",""cpu"":""0.84%"",""mem"":""713.3MiB / 122.8GiB""},{""name"":""lab-woocommerce-mysql"",""cpu"":""0.89%"",""mem"":""485.5MiB / 122.8GiB""},{""name"":""lab-allegro-stub"",""cpu"":""0.01%"",""mem"":""30.2MiB / 122.8GiB""}]"
2026-09-09T08:36:11Z,4,551,7,427,42,2666608307,"[{""name"":""lab-worker-1"",""cpu"":""4.83%"",""mem"":""127.3MiB / 122.8GiB""},{""name"":""lab-api"",""cpu"":""0.00%"",""mem"":""129.3MiB / 122.8GiB""},{""name"":""lab-wc-tls"",""cpu"":""0.00%"",""mem"":""30.18MiB / 122.8GiB""},{""name"":""lab-prestashop"",""cpu"":""0.01%"",""mem"":""109MiB / 122.8GiB""},{""name"":""lab-woocommerce"",""cpu"":""0.00%"",""mem"":""204.2MiB / 122.8GiB""},{""name"":""lab-redis"",""cpu"":""0.66%"",""mem"":""76.03MiB / 122.8GiB""},{""name"":""lab-postgres"",""cpu"":""18.21%"",""mem"":""244.9MiB / 122.8GiB""},{""name"":""lab-mysql"",""cpu"":""0.88%"",""mem"":""713.3MiB / 122.8GiB""},{""name"":""lab-woocommerce-mysql"",""cpu"":""0.83%"",""mem"":""485.5MiB / 122.8GiB""},{""name"":""lab-allegro-stub"",""cpu"":""4.51%"",""mem"":""30.3MiB / 122.8GiB""}]"
2026-09-09T08:36:14Z,4,550,8,427,42,2666608307,"[{""name"":""lab-worker-1"",""cpu"":""11.27%"",""mem"":""127.5MiB / 122.8GiB""},{""name"":""lab-api"",""cpu"":""0.00%"",""mem"":""129.3MiB / 122.8GiB""},{""name"":""lab-wc-tls"",""cpu"":""0.00%"",""mem"":""30.18MiB / 122.8GiB""},{""name"":""lab-prestashop"",""cpu"":""0.01%"",""mem"":""109MiB / 122.8GiB""},{""name"":""lab-woocommerce"",""cpu"":""0.01%"",""mem"":""204.2MiB / 122.8GiB""},{""name"":""lab-redis"",""cpu"":""0.53%"",""mem"":""76.29MiB / 122.8GiB""},{""name"":""lab-postgres"",""cpu"":""45.18%"",""mem"":""242.2MiB / 122.8GiB""},{""name"":""lab-mysql"",""cpu"":""0.69%"",""mem"":""713.3MiB / 122.8GiB""},{""name"":""lab-woocommerce-mysql"",""cpu"":""0.70%"",""mem"":""485.5MiB / 122.8GiB""},{""name"":""lab-allegro-stub"",""cpu"":""0.00%"",""mem"":""30.2MiB / 122.8GiB""}]"
2026-09-09T08:36:18Z,3,547,7,427,46,2666608307,"[{""name"":""lab-worker-1"",""cpu"":""4.29%"",""mem"":""127.7MiB / 122.8GiB""},{""name"":""lab-api"",""cpu"":""0.00%"",""mem"":""129.3MiB / 122.8GiB""},{""name"":""lab-wc-tls"",""cpu"":""0.00%"",""mem"":""30.18MiB / 122.8GiB""},{""name"":""lab-prestashop"",""cpu"":""0.00%"",""mem"":""109MiB / 122.8GiB""},{""name"":""lab-woocommerce"",""cpu"":""13.38%"",""mem"":""204.2MiB / 122.8GiB""},{""name"":""lab-redis"",""cpu"":""0.52%"",""mem"":""76.04MiB / 122.8GiB""},{""name"":""lab-postgres"",""cpu"":""8.28%"",""mem"":""242MiB / 122.8GiB""},{""name"":""lab-mysql"",""cpu"":""0.92%"",""mem"":""713.3MiB / 122.8GiB""},{""name"":""lab-woocommerce-mysql"",""cpu"":""2.27%"",""mem"":""485.5MiB / 122.8GiB""},{""name"":""lab-allegro-stub"",""cpu"":""0.00%"",""mem"":""30.2MiB / 122.8GiB""}]"
2026-09-09T08:36:22Z,4,546,8,427,46,2666608307,"[{""name"":""lab-worker-1"",""cpu"":""3.26%"",""mem"":""127.1MiB / 122.8GiB""},{""name"":""lab-api"",""cpu"":""0.00%"",""mem"":""129.3MiB / 122.8GiB""},{""name"":""lab-wc-tls"",""cpu"":""0.00%"",""mem"":""30.18MiB / 122.8GiB""},{""name"":""lab-prestashop"",""cpu"":""0.00%"",""mem"":""109MiB / 122.8GiB""},{""name"":""lab-woocommerce"",""cpu"":""0.01%"",""mem"":""204.2MiB / 122.8GiB""},{""name"":""lab-redis"",""cpu"":""4.77%"",""mem"":""76.03MiB / 122.8GiB""},{""name"":""lab-postgres"",""cpu"":""28.21%"",""mem"":""249.3MiB / 122.8GiB""},{""name"":""lab-mysql"",""cpu"":""5.60%"",""mem"":""713.3MiB / 122.8GiB""},{""name"":""lab-woocommerce-mysql"",""cpu"":""0.77%"",""mem"":""485.5MiB / 122.8GiB""},{""name"":""lab-allegro-stub"",""cpu"":""0.01%"",""mem"":""30.2MiB / 122.8GiB""}]"
2026-09-09T08:36:26Z,4,544,8,427,50,2666608307,"[{""name"":""lab-worker-1"",""cpu"":""2.04%"",""mem"":""127.3MiB / 122.8GiB""},{""name"":""lab-api"",""cpu"":""0.00%"",""mem"":""129.3MiB / 122.8GiB""},{""name"":""lab-wc-tls"",""cpu"":""0.00%"",""mem"":""30.18MiB / 122.8GiB""},{""name"":""lab-prestashop"",""cpu"":""0.00%"",""mem"":""109MiB / 122.8GiB""},{""name"":""lab-woocommerce"",""cpu"":""0.00%"",""mem"":""204.2MiB / 122.8GiB""},{""name"":""lab-redis"",""cpu"":""0.47%"",""mem"":""76.03MiB / 122.8GiB""},{""name"":""lab-postgres"",""cpu"":""46.70%"",""mem"":""242.1MiB / 122.8GiB""},{""name"":""lab-mysql"",""cpu"":""0.80%"",""mem"":""713.3MiB / 122.8GiB""},{""name"":""lab-woocommerce-mysql"",""cpu"":""2.94%"",""mem"":""492.8MiB / 122.8GiB""},{""name"":""lab-allegro-stub"",""cpu"":""0.00%"",""mem"":""30.2MiB / 122.8GiB""}]"
2026-09-09T08:36:29Z,4,540,7,427,53,2666608307,"[{""name"":""lab-worker-1"",""cpu"":""2.32%"",""mem"":""127MiB / 122.8GiB""},{""name"":""lab-api"",""cpu"":""0.00%"",""mem"":""129.3MiB / 122.8GiB""},{""name"":""lab-wc-tls"",""cpu"":""0.00%"",""mem"":""30.18MiB / 122.8GiB""},{""name"":""lab-prestashop"",""cpu"":""0.01%"",""mem"":""109MiB / 122.8GiB""},{""name"":""lab-woocommerce"",""cpu"":""0.01%"",""mem"":""204.2MiB / 122.8GiB""},{""name"":""lab-redis"",""cpu"":""0.46%"",""mem"":""76.03MiB / 122.8GiB""},{""name"":""lab-postgres"",""cpu"":""8.35%"",""mem"":""250.6MiB / 122.8GiB""},{""name"":""lab-mysql"",""cpu"":""0.97%"",""mem"":""713.3MiB / 122.8GiB""},{""name"":""lab-woocommerce-mysql"",""cpu"":""0.99%"",""mem"":""485.5MiB / 122.8GiB""},{""name"":""lab-allegro-stub"",""cpu"":""0.00%"",""mem"":""30.2MiB / 122.8GiB""}]"
2026-09-09T08:36:33Z,3,536,8,427,56,2666608307,"[{""name"":""lab-worker-1"",""cpu"":""5.28%"",""mem"":""127.6MiB / 122.8GiB""},{""name"":""lab-api"",""cpu"":""0.00%"",""mem"":""129.3MiB / 122.8GiB""},{""name"":""lab-wc-tls"",""cpu"":""0.00%"",""mem"":""30.18MiB / 122.8GiB""},{""name"":""lab-prestashop"",""cpu"":""0.01%"",""mem"":""109MiB / 122.8GiB""},{""name"":""lab-woocommerce"",""cpu"":""0.00%"",""mem"":""204.2MiB / 122.8GiB""},{""name"":""lab-redis"",""cpu"":""31.32%"",""mem"":""76.04MiB / 122.8GiB""},{""name"":""lab-postgres"",""cpu"":""29.94%"",""mem"":""242.1MiB / 122.8GiB""},{""name"":""lab-mysql"",""cpu"":""0.75%"",""mem"":""713.3MiB / 122.8GiB""},{""name"":""lab-woocommerce-mysql"",""cpu"":""0.80%"",""mem"":""485.5MiB / 122.8GiB""},{""name"":""lab-allegro-stub"",""cpu"":""0.00%"",""mem"":""30.2MiB / 122.8GiB""}]"
2026-09-09T08:36:37Z,4,535,8,427,56,2666608307,"[{""name"":""lab-worker-1"",""cpu"":""3.49%"",""mem"":""127.6MiB / 122.8GiB""},{""name"":""lab-api"",""cpu"":""0.01%"",""mem"":""129.3MiB / 122.8GiB""},{""name"":""lab-wc-tls"",""cpu"":""0.00%"",""mem"":""30.18MiB / 122.8GiB""},{""name"":""lab-prestashop"",""cpu"":""0.01%"",""mem"":""109MiB / 122.8GiB""},{""name"":""lab-woocommerce"",""cpu"":""0.01%"",""mem"":""204.2MiB / 122.8GiB""},{""name"":""lab-redis"",""cpu"":""0.72%"",""mem"":""76.28MiB / 122.8GiB""},{""name"":""lab-postgres"",""cpu"":""12.16%"",""mem"":""242.1MiB / 122.8GiB""},{""name"":""lab-mysql"",""cpu"":""0.89%"",""mem"":""713.3MiB / 122.8GiB""},{""name"":""lab-woocommerce-mysql"",""cpu"":""0.94%"",""mem"":""485.5MiB / 122.8GiB""},{""name"":""lab-allegro-stub"",""cpu"":""4.39%"",""mem"":""30.2MiB / 122.8GiB""}]"
2026-09-09T08:36:40Z,4,540,8,427,51,2666608307,"[{""name"":""lab-worker-1"",""cpu"":""1.87%"",""mem"":""127.4MiB / 122.8GiB""},{""name"":""lab-api"",""cpu"":""0.00%"",""mem"":""129.3MiB / 122.8GiB""},{""name"":""lab-wc-tls"",""cpu"":""0.00%"",""mem"":""30.18MiB / 122.8GiB""},{""name"":""lab-prestashop"",""cpu"":""0.01%"",""mem"":""109MiB / 122.8GiB""},{""name"":""lab-woocommerce"",""cpu"":""0.01%"",""mem"":""204.2MiB / 122.8GiB""},{""name"":""lab-redis"",""cpu"":""0.50%"",""mem"":""76.04MiB / 122.8GiB""},{""name"":""lab-postgres"",""cpu"":""37.32%"",""mem"":""242.7MiB / 122.8GiB""},{""name"":""lab-mysql"",""cpu"":""0.80%"",""mem"":""713.3MiB / 122.8GiB""},{""name"":""lab-woocommerce-mysql"",""cpu"":""0.77%"",""mem"":""485.5MiB / 122.8GiB""},{""name"":""lab-allegro-stub"",""cpu"":""0.00%"",""mem"":""30.2MiB / 122.8GiB""}]"
2026-09-09T08:36:44Z,3,545,8,427,47,2666608307,"[{""name"":""lab-worker-1"",""cpu"":""1.40%"",""mem"":""127.8MiB / 122.8GiB""},{""name"":""lab-api"",""cpu"":""0.00%"",""mem"":""129.3MiB / 122.8GiB""},{""name"":""lab-wc-tls"",""cpu"":""0.00%"",""mem"":""30.18MiB / 122.8GiB""},{""name"":""lab-prestashop"",""cpu"":""0.01%"",""mem"":""109MiB / 122.8GiB""},{""name"":""lab-woocommerce"",""cpu"":""0.01%"",""mem"":""204.2MiB / 122.8GiB""},{""name"":""lab-redis"",""cpu"":""0.47%"",""mem"":""76.04MiB / 122.8GiB""},{""name"":""lab-postgres"",""cpu"":""30.55%"",""mem"":""239.8MiB / 122.8GiB""},{""name"":""lab-mysql"",""cpu"":""0.83%"",""mem"":""713.3MiB / 122.8GiB""},{""name"":""lab-woocommerce-mysql"",""cpu"":""0.81%"",""mem"":""485.5MiB / 122.8GiB""},{""name"":""lab-allegro-stub"",""cpu"":""0.00%"",""mem"":""30.2MiB / 122.8GiB""}]"
2026-09-09T08:36:48Z,4,547,7,427,46,2666608307,"[{""name"":""lab-worker-1"",""cpu"":""1.42%"",""mem"":""127.3MiB / 122.8GiB""},{""name"":""lab-api"",""cpu"":""0.00%"",""mem"":""129.3MiB / 122.8GiB""},{""name"":""lab-wc-tls"",""cpu"":""0.00%"",""mem"":""30.18MiB / 122.8GiB""},{""name"":""lab-prestashop"",""cpu"":""0.01%"",""mem"":""109MiB / 122.8GiB""},{""name"":""lab-woocommerce"",""cpu"":""19.01%"",""mem"":""204.2MiB / 122.8GiB""},{""name"":""lab-redis"",""cpu"":""0.40%"",""mem"":""76.04MiB / 122.8GiB""},{""name"":""lab-postgres"",""cpu"":""5.49%"",""mem"":""245.1MiB / 122.8GiB""},{""name"":""lab-mysql"",""cpu"":""0.88%"",""mem"":""713.3MiB / 122.8GiB""},{""name"":""lab-woocommerce-mysql"",""cpu"":""5.11%"",""mem"":""485.8MiB / 122.8GiB""},{""name"":""lab-allegro-stub"",""cpu"":""0.00%"",""mem"":""30.2MiB / 122.8GiB""}]"
2026-09-09T08:36:51Z,4,546,7,427,47,2666608307,"[{""name"":""lab-worker-1"",""cpu"":""2.75%"",""mem"":""127.1MiB / 122.8GiB""},{""name"":""lab-api"",""cpu"":""0.00%"",""mem"":""129.3MiB / 122.8GiB""},{""name"":""lab-wc-tls"",""cpu"":""0.00%"",""mem"":""30.18MiB / 122.8GiB""},{""name"":""lab-prestashop"",""cpu"":""0.00%"",""mem"":""109MiB / 122.8GiB""},{""name"":""lab-woocommerce"",""cpu"":""0.01%"",""mem"":""204.2MiB / 122.8GiB""},{""name"":""lab-redis"",""cpu"":""3.47%"",""mem"":""76.28MiB / 122.8GiB""},{""name"":""lab-postgres"",""cpu"":""45.01%"",""mem"":""242.4MiB / 122.8GiB""},{""name"":""lab-mysql"",""cpu"":""0.68%"",""mem"":""713.3MiB / 122.8GiB""},{""name"":""lab-woocommerce-mysql"",""cpu"":""0.67%"",""mem"":""485.5MiB / 122.8GiB""},{""name"":""lab-allegro-stub"",""cpu"":""4.31%"",""mem"":""30.25MiB / 122.8GiB""}]"
2026-09-09T08:36:55Z,3,550,8,427,42,2666608307,"[{""name"":""lab-worker-1"",""cpu"":""5.89%"",""mem"":""127.5MiB / 122.8GiB""},{""name"":""lab-api"",""cpu"":""0.00%"",""mem"":""129.3MiB / 122.8GiB""},{""name"":""lab-wc-tls"",""cpu"":""0.00%"",""mem"":""30.18MiB / 122.8GiB""},{""name"":""lab-prestashop"",""cpu"":""0.01%"",""mem"":""109MiB / 122.8GiB""},{""name"":""lab-woocommerce"",""cpu"":""0.01%"",""mem"":""204.2MiB / 122.8GiB""},{""name"":""lab-redis"",""cpu"":""0.65%"",""mem"":""76.03MiB / 122.8GiB""},{""name"":""lab-postgres"",""cpu"":""20.75%"",""mem"":""242MiB / 122.8GiB""},{""name"":""lab-mysql"",""cpu"":""0.86%"",""mem"":""713.3MiB / 122.8GiB""},{""name"":""lab-woocommerce-mysql"",""cpu"":""0.96%"",""mem"":""485.5MiB / 122.8GiB""},{""name"":""lab-allegro-stub"",""cpu"":""0.00%"",""mem"":""30.2MiB / 122.8GiB""}]"
2026-09-09T08:36:59Z,4,551,7,427,42,2666608307,"[{""name"":""lab-worker-1"",""cpu"":""3.85%"",""mem"":""127.1MiB / 122.8GiB""},{""name"":""lab-api"",""cpu"":""0.00%"",""mem"":""129.3MiB / 122.8GiB""},{""name"":""lab-wc-tls"",""cpu"":""0.00%"",""mem"":""30.18MiB / 122.8GiB""},{""name"":""lab-prestashop"",""cpu"":""0.01%"",""mem"":""109MiB / 122.8GiB""},{""name"":""lab-woocommerce"",""cpu"":""0.00%"",""mem"":""204.2MiB / 122.8GiB""},{""name"":""lab-redis"",""cpu"":""0.73%"",""mem"":""76.03MiB / 122.8GiB""},{""name"":""lab-postgres"",""cpu"":""20.16%"",""mem"":""242.9MiB / 122.8GiB""},{""name"":""lab-mysql"",""cpu"":""0.85%"",""mem"":""713.3MiB / 122.8GiB""},{""name"":""lab-woocommerce-mysql"",""cpu"":""0.90%"",""mem"":""485.5MiB / 122.8GiB""},{""name"":""lab-allegro-stub"",""cpu"":""0.00%"",""mem"":""30.2MiB / 122.8GiB""}]"
2026-09-09T08:37:03Z,4,552,8,427,39,2666608307,"[{""name"":""lab-worker-1"",""cpu"":""3.45%"",""mem"":""127.6MiB / 122.8GiB""},{""name"":""lab-api"",""cpu"":""0.00%"",""mem"":""129.3MiB / 122.8GiB""},{""name"":""lab-wc-tls"",""cpu"":""0.00%"",""mem"":""30.18MiB / 122.8GiB""},{""name"":""lab-prestashop"",""cpu"":""0.00%"",""mem"":""109MiB / 122.8GiB""},{""name"":""lab-woocommerce"",""cpu"":""0.01%"",""mem"":""204.2MiB / 122.8GiB""},{""name"":""lab-redis"",""cpu"":""0.65%"",""mem"":""76.03MiB / 122.8GiB""},{""name"":""lab-postgres"",""cpu"":""32.91%"",""mem"":""242.1MiB / 122.8GiB""},{""name"":""lab-mysql"",""cpu"":""5.77%"",""mem"":""713.3MiB / 122.8GiB""},{""name"":""lab-woocommerce-mysql"",""cpu"":""0.84%"",""mem"":""485.5MiB / 122.8GiB""},{""name"":""lab-allegro-stub"",""cpu"":""0.01%"",""mem"":""30.2MiB / 122.8GiB""}]"
2026-09-09T08:37:06Z,4,552,7,427,41,2666608307,"[{""name"":""lab-worker-1"",""cpu"":""2.80%"",""mem"":""127.5MiB / 122.8GiB""},{""name"":""lab-api"",""cpu"":""0.00%"",""mem"":""129.3MiB / 122.8GiB""},{""name"":""lab-wc-tls"",""cpu"":""0.00%"",""mem"":""30.18MiB / 122.8GiB""},{""name"":""lab-prestashop"",""cpu"":""0.01%"",""mem"":""109MiB / 122.8GiB""},{""name"":""lab-woocommerce"",""cpu"":""0.01%"",""mem"":""204.2MiB / 122.8GiB""},{""name"":""lab-redis"",""cpu"":""0.53%"",""mem"":""76.03MiB / 122.8GiB""},{""name"":""lab-postgres"",""cpu"":""11.78%"",""mem"":""242.1MiB / 122.8GiB""},{""name"":""lab-mysql"",""cpu"":""0.89%"",""mem"":""713.3MiB / 122.8GiB""},{""name"":""lab-woocommerce-mysql"",""cpu"":""5.41%"",""mem"":""485.6MiB / 122.8GiB""},{""name"":""lab-allegro-stub"",""cpu"":""0.00%"",""mem"":""30.2MiB / 122.8GiB""}]"
2026-09-09T08:37:10Z,3,551,8,427,41,2666608307,"[{""name"":""lab-worker-1"",""cpu"":""1.52%"",""mem"":""127.3MiB / 122.8GiB""},{""name"":""lab-api"",""cpu"":""0.00%"",""mem"":""129.3MiB / 122.8GiB""},{""name"":""lab-wc-tls"",""cpu"":""0.00%"",""mem"":""30.18MiB / 122.8GiB""},{""name"":""lab-prestashop"",""cpu"":""0.01%"",""mem"":""109MiB / 122.8GiB""},{""name"":""lab-woocommerce"",""cpu"":""0.00%"",""mem"":""204.2MiB / 122.8GiB""},{""name"":""lab-redis"",""cpu"":""0.35%"",""mem"":""76.03MiB / 122.8GiB""},{""name"":""lab-postgres"",""cpu"":""32.41%"",""mem"":""242.2MiB / 122.8GiB""},{""name"":""lab-mysql"",""cpu"":""0.79%"",""mem"":""713.3MiB / 122.8GiB""},{""name"":""lab-woocommerce-mysql"",""cpu"":""0.82%"",""mem"":""485.5MiB / 122.8GiB""},{""name"":""lab-allegro-stub"",""cpu"":""0.00%"",""mem"":""30.2MiB / 122.8GiB""}]"
2026-09-09T08:37:14Z,4,548,8,427,44,2666608307,"[{""name"":""lab-worker-1"",""cpu"":""4.13%"",""mem"":""127.5MiB / 122.8GiB""},{""name"":""lab-api"",""cpu"":""0.00%"",""mem"":""129.3MiB / 122.8GiB""},{""name"":""lab-wc-tls"",""cpu"":""0.00%"",""mem"":""30.18MiB / 122.8GiB""},{""name"":""lab-prestashop"",""cpu"":""0.00%"",""mem"":""109MiB / 122.8GiB""},{""name"":""lab-woocommerce"",""cpu"":""0.01%"",""mem"":""204.2MiB / 122.8GiB""},{""name"":""lab-redis"",""cpu"":""0.71%"",""mem"":""76.04MiB / 122.8GiB""},{""name"":""lab-postgres"",""cpu"":""26.94%"",""mem"":""242.4MiB / 122.8GiB""},{""name"":""lab-mysql"",""cpu"":""0.82%"",""mem"":""713.3MiB / 122.8GiB""},{""name"":""lab-woocommerce-mysql"",""cpu"":""0.85%"",""mem"":""485.5MiB / 122.8GiB""},{""name"":""lab-allegro-stub"",""cpu"":""0.00%"",""mem"":""30.2MiB / 122.8GiB""}]"
2026-09-09T08:37:17Z,4,549,7,427,45,2666608307,"[{""name"":""lab-worker-1"",""cpu"":""1.71%"",""mem"":""127MiB / 122.8GiB""},{""name"":""lab-api"",""cpu"":""0.00%"",""mem"":""129.3MiB / 122.8GiB""},{""name"":""lab-wc-tls"",""cpu"":""0.00%"",""mem"":""30.18MiB / 122.8GiB""},{""name"":""lab-prestashop"",""cpu"":""0.00%"",""mem"":""109MiB / 122.8GiB""},{""name"":""lab-woocommerce"",""cpu"":""0.01%"",""mem"":""204.2MiB / 122.8GiB""},{""name"":""lab-redis"",""cpu"":""0.58%"",""mem"":""76.04MiB / 122.8GiB""},{""name"":""lab-postgres"",""cpu"":""20.59%"",""mem"":""246.8MiB / 122.8GiB""},{""name"":""lab-mysql"",""cpu"":""0.79%"",""mem"":""713.3MiB / 122.8GiB""},{""name"":""lab-woocommerce-mysql"",""cpu"":""0.83%"",""mem"":""485.5MiB / 122.8GiB""},{""name"":""lab-allegro-stub"",""cpu"":""4.12%"",""mem"":""30.2MiB / 122.8GiB""}]"
2026-09-09T08:37:21Z,3,548,7,427,44,2666608307,"[{""name"":""lab-worker-1"",""cpu"":""2.60%"",""mem"":""127MiB / 122.8GiB""},{""name"":""lab-api"",""cpu"":""0.00%"",""mem"":""129.3MiB / 122.8GiB""},{""name"":""lab-wc-tls"",""cpu"":""0.00%"",""mem"":""30.18MiB / 122.8GiB""},{""name"":""lab-prestashop"",""cpu"":""0.01%"",""mem"":""109MiB / 122.8GiB""},{""name"":""lab-woocommerce"",""cpu"":""0.00%"",""mem"":""204.2MiB / 122.8GiB""},{""name"":""lab-redis"",""cpu"":""0.46%"",""mem"":""76.03MiB / 122.8GiB""},{""name"":""lab-postgres"",""cpu"":""31.96%"",""mem"":""242.1MiB / 122.8GiB""},{""name"":""lab-mysql"",""cpu"":""0.81%"",""mem"":""713.3MiB / 122.8GiB""},{""name"":""lab-woocommerce-mysql"",""cpu"":""0.82%"",""mem"":""485.5MiB / 122.8GiB""},{""name"":""lab-allegro-stub"",""cpu"":""0.00%"",""mem"":""30.2MiB / 122.8GiB""}]"
2026-09-09T08:37:25Z,4,547,8,427,45,2666608307,"[{""name"":""lab-worker-1"",""cpu"":""1.29%"",""mem"":""127.8MiB / 122.8GiB""},{""name"":""lab-api"",""cpu"":""0.00%"",""mem"":""129.3MiB / 122.8GiB""},{""name"":""lab-wc-tls"",""cpu"":""0.00%"",""mem"":""30.18MiB / 122.8GiB""},{""name"":""lab-prestashop"",""cpu"":""0.01%"",""mem"":""109MiB / 122.8GiB""},{""name"":""lab-woocommerce"",""cpu"":""0.01%"",""mem"":""204.2MiB / 122.8GiB""},{""name"":""lab-redis"",""cpu"":""0.46%"",""mem"":""76.28MiB / 122.8GiB""},{""name"":""lab-postgres"",""cpu"":""15.18%"",""mem"":""242.2MiB / 122.8GiB""},{""name"":""lab-mysql"",""cpu"":""0.94%"",""mem"":""713.3MiB / 122.8GiB""},{""name"":""lab-woocommerce-mysql"",""cpu"":""0.99%"",""mem"":""485.5MiB / 122.8GiB""},{""name"":""lab-allegro-stub"",""cpu"":""0.00%"",""mem"":""30.2MiB / 122.8GiB""}]"
2026-09-09T08:37:28Z,4,547,6,427,47,2666608307,"[{""name"":""lab-worker-1"",""cpu"":""2.35%"",""mem"":""127.4MiB / 122.8GiB""},{""name"":""lab-api"",""cpu"":""0.00%"",""mem"":""129.3MiB / 122.8GiB""},{""name"":""lab-wc-tls"",""cpu"":""0.00%"",""mem"":""30.18MiB / 122.8GiB""},{""name"":""lab-prestashop"",""cpu"":""0.01%"",""mem"":""109MiB / 122.8GiB""},{""name"":""lab-woocommerce"",""cpu"":""0.01%"",""mem"":""204.2MiB / 122.8GiB""},{""name"":""lab-redis"",""cpu"":""0.58%"",""mem"":""76.03MiB / 122.8GiB""},{""name"":""lab-postgres"",""cpu"":""19.27%"",""mem"":""242.2MiB / 122.8GiB""},{""name"":""lab-mysql"",""cpu"":""0.91%"",""mem"":""713.3MiB / 122.8GiB""},{""name"":""lab-woocommerce-mysql"",""cpu"":""0.90%"",""mem"":""485.5MiB / 122.8GiB""},{""name"":""lab-allegro-stub"",""cpu"":""0.00%"",""mem"":""30.2MiB / 122.8GiB""}]"
2026-09-09T08:37:32Z,3,544,8,427,48,2666608307,"[{""name"":""lab-worker-1"",""cpu"":""4.07%"",""mem"":""127.4MiB / 122.8GiB""},{""name"":""lab-api"",""cpu"":""0.00%"",""mem"":""129.3MiB / 122.8GiB""},{""name"":""lab-wc-tls"",""cpu"":""0.00%"",""mem"":""30.18MiB / 122.8GiB""},{""name"":""lab-prestashop"",""cpu"":""0.01%"",""mem"":""109MiB / 122.8GiB""},{""name"":""lab-woocommerce"",""cpu"":""0.00%"",""mem"":""204.2MiB / 122.8GiB""},{""name"":""lab-redis"",""cpu"":""4.97%"",""mem"":""76.03MiB / 122.8GiB""},{""name"":""lab-postgres"",""cpu"":""33.10%"",""mem"":""242MiB / 122.8GiB""},{""name"":""lab-mysql"",""cpu"":""1.35%"",""mem"":""718.8MiB / 122.8GiB""},{""name"":""lab-woocommerce-mysql"",""cpu"":""0.80%"",""mem"":""485.5MiB / 122.8GiB""},{""name"":""lab-allegro-stub"",""cpu"":""4.18%"",""mem"":""30.3MiB / 122.8GiB""}]"
2026-09-09T08:37:36Z,4,546,8,427,46,2666608307,"[{""name"":""lab-worker-1"",""cpu"":""4.85%"",""mem"":""127.5MiB / 122.8GiB""},{""name"":""lab-api"",""cpu"":""0.00%"",""mem"":""129.3MiB / 122.8GiB""},{""name"":""lab-wc-tls"",""cpu"":""0.00%"",""mem"":""30.18MiB / 122.8GiB""},{""name"":""lab-prestashop"",""cpu"":""0.01%"",""mem"":""109MiB / 122.8GiB""},{""name"":""lab-woocommerce"",""cpu"":""0.01%"",""mem"":""204.2MiB / 122.8GiB""},{""name"":""lab-redis"",""cpu"":""0.83%"",""mem"":""76.04MiB / 122.8GiB""},{""name"":""lab-postgres"",""cpu"":""8.31%"",""mem"":""242.1MiB / 122.8GiB""},{""name"":""lab-mysql"",""cpu"":""0.91%"",""mem"":""713.3MiB / 122.8GiB""},{""name"":""lab-woocommerce-mysql"",""cpu"":""0.95%"",""mem"":""485.5MiB / 122.8GiB""},{""name"":""lab-allegro-stub"",""cpu"":""0.00%"",""mem"":""30.21MiB / 122.8GiB""}]"
2026-09-09T08:37:40Z,4,542,8,428,49,2666608307,"[{""name"":""lab-worker-1"",""cpu"":""1.85%"",""mem"":""127.1MiB / 122.8GiB""},{""name"":""lab-api"",""cpu"":""0.00%"",""mem"":""129.3MiB / 122.8GiB""},{""name"":""lab-wc-tls"",""cpu"":""0.00%"",""mem"":""30.18MiB / 122.8GiB""},{""name"":""lab-prestashop"",""cpu"":""0.00%"",""mem"":""109MiB / 122.8GiB""},{""name"":""lab-woocommerce"",""cpu"":""0.01%"",""mem"":""204.2MiB / 122.8GiB""},{""name"":""lab-redis"",""cpu"":""0.58%"",""mem"":""76.04MiB / 122.8GiB""},{""name"":""lab-postgres"",""cpu"":""31.16%"",""mem"":""242.1MiB / 122.8GiB""},{""name"":""lab-mysql"",""cpu"":""0.80%"",""mem"":""713.3MiB / 122.8GiB""},{""name"":""lab-woocommerce-mysql"",""cpu"":""0.81%"",""mem"":""485.5MiB / 122.8GiB""},{""name"":""lab-allegro-stub"",""cpu"":""0.00%"",""mem"":""30.2MiB / 122.8GiB""}]"
2026-09-09T08:37:43Z,4,539,8,429,51,2666608307,"[{""name"":""lab-worker-1"",""cpu"":""3.08%"",""mem"":""127.4MiB / 122.8GiB""},{""name"":""lab-api"",""cpu"":""0.00%"",""mem"":""129.3MiB / 122.8GiB""},{""name"":""lab-wc-tls"",""cpu"":""0.00%"",""mem"":""30.18MiB / 122.8GiB""},{""name"":""lab-prestashop"",""cpu"":""0.00%"",""mem"":""109MiB / 122.8GiB""},{""name"":""lab-woocommerce"",""cpu"":""0.00%"",""mem"":""204.2MiB / 122.8GiB""},{""name"":""lab-redis"",""cpu"":""0.66%"",""mem"":""76.29MiB / 122.8GiB""},{""name"":""lab-postgres"",""cpu"":""35.17%"",""mem"":""242.3MiB / 122.8GiB""},{""name"":""lab-mysql"",""cpu"":""0.84%"",""mem"":""713.3MiB / 122.8GiB""},{""name"":""lab-woocommerce-mysql"",""cpu"":""0.73%"",""mem"":""485.5MiB / 122.8GiB""},{""name"":""lab-allegro-stub"",""cpu"":""0.01%"",""mem"":""30.2MiB / 122.8GiB""}]"
2026-09-09T08:37:47Z,3,541,8,430,47,2666608307,"[{""name"":""lab-worker-1"",""cpu"":""5.87%"",""mem"":""127.9MiB / 122.8GiB""},{""name"":""lab-api"",""cpu"":""0.00%"",""mem"":""129.3MiB / 122.8GiB""},{""name"":""lab-wc-tls"",""cpu"":""0.00%"",""mem"":""30.18MiB / 122.8GiB""},{""name"":""lab-prestashop"",""cpu"":""0.00%"",""mem"":""109MiB / 122.8GiB""},{""name"":""lab-woocommerce"",""cpu"":""0.01%"",""mem"":""204.2MiB / 122.8GiB""},{""name"":""lab-redis"",""cpu"":""0.61%"",""mem"":""76.28MiB / 122.8GiB""},{""name"":""lab-postgres"",""cpu"":""17.29%"",""mem"":""249.6MiB / 122.8GiB""},{""name"":""lab-mysql"",""cpu"":""0.93%"",""mem"":""713.3MiB / 122.8GiB""},{""name"":""lab-woocommerce-mysql"",""cpu"":""5.41%"",""mem"":""485.5MiB / 122.8GiB""},{""name"":""lab-allegro-stub"",""cpu"":""3.67%"",""mem"":""30.23MiB / 122.8GiB""}]"
2026-09-09T08:37:51Z,4,545,8,431,43,2666608307,"[{""name"":""lab-worker-1"",""cpu"":""1.79%"",""mem"":""127MiB / 122.8GiB""},{""name"":""lab-api"",""cpu"":""0.00%"",""mem"":""129.3MiB / 122.8GiB""},{""name"":""lab-wc-tls"",""cpu"":""0.00%"",""mem"":""30.18MiB / 122.8GiB""},{""name"":""lab-prestashop"",""cpu"":""0.01%"",""mem"":""109MiB / 122.8GiB""},{""name"":""lab-woocommerce"",""cpu"":""0.01%"",""mem"":""204.2MiB / 122.8GiB""},{""name"":""lab-redis"",""cpu"":""0.49%"",""mem"":""76.03MiB / 122.8GiB""},{""name"":""lab-postgres"",""cpu"":""33.14%"",""mem"":""242MiB / 122.8GiB""},{""name"":""lab-mysql"",""cpu"":""0.77%"",""mem"":""713.3MiB / 122.8GiB""},{""name"":""lab-woocommerce-mysql"",""cpu"":""1.13%"",""mem"":""485.5MiB / 122.8GiB""},{""name"":""lab-allegro-stub"",""cpu"":""0.00%"",""mem"":""30.2MiB / 122.8GiB""}]"
2026-09-09T08:37:54Z,4,548,8,431,39,2666608307,"[{""name"":""lab-worker-1"",""cpu"":""3.39%"",""mem"":""127.4MiB / 122.8GiB""},{""name"":""lab-api"",""cpu"":""0.00%"",""mem"":""129.3MiB / 122.8GiB""},{""name"":""lab-wc-tls"",""cpu"":""0.00%"",""mem"":""30.18MiB / 122.8GiB""},{""name"":""lab-prestashop"",""cpu"":""0.01%"",""mem"":""109MiB / 122.8GiB""},{""name"":""lab-woocommerce"",""cpu"":""0.01%"",""mem"":""204.2MiB / 122.8GiB""},{""name"":""lab-redis"",""cpu"":""0.58%"",""mem"":""76.04MiB / 122.8GiB""},{""name"":""lab-postgres"",""cpu"":""15.77%"",""mem"":""242.3MiB / 122.8GiB""},{""name"":""lab-mysql"",""cpu"":""0.99%"",""mem"":""713.3MiB / 122.8GiB""},{""name"":""lab-woocommerce-mysql"",""cpu"":""0.97%"",""mem"":""485.5MiB / 122.8GiB""},{""name"":""lab-allegro-stub"",""cpu"":""0.00%"",""mem"":""30.2MiB / 122.8GiB""}]"
2026-09-09T08:37:58Z,3,553,8,431,34,2666608307,"[{""name"":""lab-worker-1"",""cpu"":""2.85%"",""mem"":""127.2MiB / 122.8GiB""},{""name"":""lab-api"",""cpu"":""0.00%"",""mem"":""129.3MiB / 122.8GiB""},{""name"":""lab-wc-tls"",""cpu"":""0.00%"",""mem"":""30.18MiB / 122.8GiB""},{""name"":""lab-prestashop"",""cpu"":""0.00%"",""mem"":""109MiB / 122.8GiB""},{""name"":""lab-woocommerce"",""cpu"":""0.01%"",""mem"":""204.2MiB / 122.8GiB""},{""name"":""lab-redis"",""cpu"":""0.44%"",""mem"":""76.03MiB / 122.8GiB""},{""name"":""lab-postgres"",""cpu"":""29.64%"",""mem"":""238.2MiB / 122.8GiB""},{""name"":""lab-mysql"",""cpu"":""0.84%"",""mem"":""713.3MiB / 122.8GiB""},{""name"":""lab-woocommerce-mysql"",""cpu"":""0.86%"",""mem"":""485.5MiB / 122.8GiB""},{""name"":""lab-allegro-stub"",""cpu"":""0.00%"",""mem"":""30.2MiB / 122.8GiB""}]"
2026-09-09T08:38:02Z,4,558,8,431,31,2666608307,"[{""name"":""lab-worker-1"",""cpu"":""3.52%"",""mem"":""127.7MiB / 122.8GiB""},{""name"":""lab-api"",""cpu"":""0.00%"",""mem"":""129.3MiB / 122.8GiB""},{""name"":""lab-wc-tls"",""cpu"":""0.00%"",""mem"":""30.18MiB / 122.8GiB""},{""name"":""lab-prestashop"",""cpu"":""0.00%"",""mem"":""109MiB / 122.8GiB""},{""name"":""lab-woocommerce"",""cpu"":""0.01%"",""mem"":""204.2MiB / 122.8GiB""},{""name"":""lab-redis"",""cpu"":""5.05%"",""mem"":""76.34MiB / 122.8GiB""},{""name"":""lab-postgres"",""cpu"":""24.85%"",""mem"":""241.8MiB / 122.8GiB""},{""name"":""lab-mysql"",""cpu"":""0.81%"",""mem"":""713.3MiB / 122.8GiB""},{""name"":""lab-woocommerce-mysql"",""cpu"":""0.76%"",""mem"":""485.5MiB / 122.8GiB""},{""name"":""lab-allegro-stub"",""cpu"":""0.00%"",""mem"":""30.2MiB / 122.8GiB""}]"
2026-09-09T08:38:05Z,4,557,8,432,30,2666608307,"[{""name"":""lab-worker-1"",""cpu"":""1.67%"",""mem"":""127.2MiB / 122.8GiB""},{""name"":""lab-api"",""cpu"":""0.00%"",""mem"":""129.3MiB / 122.8GiB""},{""name"":""lab-wc-tls"",""cpu"":""0.00%"",""mem"":""30.18MiB / 122.8GiB""},{""name"":""lab-prestashop"",""cpu"":""0.01%"",""mem"":""109MiB / 122.8GiB""},{""name"":""lab-woocommerce"",""cpu"":""0.01%"",""mem"":""204.2MiB / 122.8GiB""},{""name"":""lab-redis"",""cpu"":""0.51%"",""mem"":""76.04MiB / 122.8GiB""},{""name"":""lab-postgres"",""cpu"":""11.75%"",""mem"":""245.2MiB / 122.8GiB""},{""name"":""lab-mysql"",""cpu"":""0.91%"",""mem"":""713.3MiB / 122.8GiB""},{""name"":""lab-woocommerce-mysql"",""cpu"":""0.91%"",""mem"":""485.5MiB / 122.8GiB""},{""name"":""lab-allegro-stub"",""cpu"":""0.01%"",""mem"":""30.2MiB / 122.8GiB""}]"
2026-09-09T08:38:09Z,3,562,7,434,25,2666608307,"[{""name"":""lab-worker-1"",""cpu"":""3.78%"",""mem"":""127.3MiB / 122.8GiB""},{""name"":""lab-api"",""cpu"":""0.00%"",""mem"":""129.3MiB / 122.8GiB""},{""name"":""lab-wc-tls"",""cpu"":""0.00%"",""mem"":""30.18MiB / 122.8GiB""},{""name"":""lab-prestashop"",""cpu"":""0.00%"",""mem"":""109MiB / 122.8GiB""},{""name"":""lab-woocommerce"",""cpu"":""0.00%"",""mem"":""204.2MiB / 122.8GiB""},{""name"":""lab-redis"",""cpu"":""0.74%"",""mem"":""76.04MiB / 122.8GiB""},{""name"":""lab-postgres"",""cpu"":""44.60%"",""mem"":""242.1MiB / 122.8GiB""},{""name"":""lab-mysql"",""cpu"":""0.68%"",""mem"":""713.3MiB / 122.8GiB""},{""name"":""lab-woocommerce-mysql"",""cpu"":""0.71%"",""mem"":""485.5MiB / 122.8GiB""},{""name"":""lab-allegro-stub"",""cpu"":""0.00%"",""mem"":""30.2MiB / 122.8GiB""}]"
2026-09-09T08:38:13Z,4,560,8,437,21,2666608307,"[{""name"":""lab-worker-1"",""cpu"":""4.01%"",""mem"":""127.6MiB / 122.8GiB""},{""name"":""lab-api"",""cpu"":""0.00%"",""mem"":""129.3MiB / 122.8GiB""},{""name"":""lab-wc-tls"",""cpu"":""0.00%"",""mem"":""30.18MiB / 122.8GiB""},{""name"":""lab-prestashop"",""cpu"":""0.00%"",""mem"":""109MiB / 122.8GiB""},{""name"":""lab-woocommerce"",""cpu"":""0.01%"",""mem"":""204.2MiB / 122.8GiB""},{""name"":""lab-redis"",""cpu"":""0.71%"",""mem"":""76.04MiB / 122.8GiB""},{""name"":""lab-postgres"",""cpu"":""10.07%"",""mem"":""242MiB / 122.8GiB""},{""name"":""lab-mysql"",""cpu"":""5.35%"",""mem"":""713.3MiB / 122.8GiB""},{""name"":""lab-woocommerce-mysql"",""cpu"":""0.97%"",""mem"":""485.5MiB / 122.8GiB""},{""name"":""lab-allegro-stub"",""cpu"":""3.78%"",""mem"":""30.2MiB / 122.8GiB""}]"
2026-09-09T08:38:17Z,4,562,8,437,20,2666608307,"[{""name"":""lab-worker-1"",""cpu"":""7.44%"",""mem"":""127.9MiB / 122.8GiB""},{""name"":""lab-api"",""cpu"":""0.00%"",""mem"":""129.3MiB / 122.8GiB""},{""name"":""lab-wc-tls"",""cpu"":""0.00%"",""mem"":""30.18MiB / 122.8GiB""},{""name"":""lab-prestashop"",""cpu"":""0.00%"",""mem"":""109MiB / 122.8GiB""},{""name"":""lab-woocommerce"",""cpu"":""0.01%"",""mem"":""204.2MiB / 122.8GiB""},{""name"":""lab-redis"",""cpu"":""0.79%"",""mem"":""76.03MiB / 122.8GiB""},{""name"":""lab-postgres"",""cpu"":""34.06%"",""mem"":""249.3MiB / 122.8GiB""},{""name"":""lab-mysql"",""cpu"":""0.81%"",""mem"":""713.3MiB / 122.8GiB""},{""name"":""lab-woocommerce-mysql"",""cpu"":""5.49%"",""mem"":""485.5MiB / 122.8GiB""},{""name"":""lab-allegro-stub"",""cpu"":""0.00%"",""mem"":""30.2MiB / 122.8GiB""}]"
2026-09-09T08:38:20Z,4,558,7,439,23,2666608307,"[{""name"":""lab-worker-1"",""cpu"":""2.27%"",""mem"":""127.4MiB / 122.8GiB""},{""name"":""lab-api"",""cpu"":""0.00%"",""mem"":""129.3MiB / 122.8GiB""},{""name"":""lab-wc-tls"",""cpu"":""0.00%"",""mem"":""30.18MiB / 122.8GiB""},{""name"":""lab-prestashop"",""cpu"":""0.01%"",""mem"":""109MiB / 122.8GiB""},{""name"":""lab-woocommerce"",""cpu"":""0.00%"",""mem"":""204.2MiB / 122.8GiB""},{""name"":""lab-redis"",""cpu"":""0.64%"",""mem"":""76.28MiB / 122.8GiB""},{""name"":""lab-postgres"",""cpu"":""42.10%"",""mem"":""242.2MiB / 122.8GiB""},{""name"":""lab-mysql"",""cpu"":""0.84%"",""mem"":""713.3MiB / 122.8GiB""},{""name"":""lab-woocommerce-mysql"",""cpu"":""0.85%"",""mem"":""485.5MiB / 122.8GiB""},{""name"":""lab-allegro-stub"",""cpu"":""0.00%"",""mem"":""30.2MiB / 122.8GiB""}]"
2026-09-09T08:38:24Z,3,556,8,441,22,2666608307,"[{""name"":""lab-worker-1"",""cpu"":""3.60%"",""mem"":""127.1MiB / 122.8GiB""},{""name"":""lab-api"",""cpu"":""0.00%"",""mem"":""129.3MiB / 122.8GiB""},{""name"":""lab-wc-tls"",""cpu"":""0.00%"",""mem"":""30.18MiB / 122.8GiB""},{""name"":""lab-prestashop"",""cpu"":""0.01%"",""mem"":""109MiB / 122.8GiB""},{""name"":""lab-woocommerce"",""cpu"":""0.01%"",""mem"":""204.2MiB / 122.8GiB""},{""name"":""lab-redis"",""cpu"":""0.50%"",""mem"":""76.03MiB / 122.8GiB""},{""name"":""lab-postgres"",""cpu"":""8.82%"",""mem"":""242.2MiB / 122.8GiB""},{""name"":""lab-mysql"",""cpu"":""0.93%"",""mem"":""713.3MiB / 122.8GiB""},{""name"":""lab-woocommerce-mysql"",""cpu"":""0.91%"",""mem"":""485.5MiB / 122.8GiB""},{""name"":""lab-allegro-stub"",""cpu"":""0.00%"",""mem"":""30.2MiB / 122.8GiB""}]"
2026-09-09T08:38:28Z,4,553,7,443,24,2666608307,"[{""name"":""lab-worker-1"",""cpu"":""2.11%"",""mem"":""127.5MiB / 122.8GiB""},{""name"":""lab-api"",""cpu"":""0.00%"",""mem"":""129.3MiB / 122.8GiB""},{""name"":""lab-wc-tls"",""cpu"":""0.00%"",""mem"":""30.18MiB / 122.8GiB""},{""name"":""lab-prestashop"",""cpu"":""0.00%"",""mem"":""109MiB / 122.8GiB""},{""name"":""lab-woocommerce"",""cpu"":""0.01%"",""mem"":""204.2MiB / 122.8GiB""},{""name"":""lab-redis"",""cpu"":""0.67%"",""mem"":""76.29MiB / 122.8GiB""},{""name"":""lab-postgres"",""cpu"":""31.10%"",""mem"":""242.1MiB / 122.8GiB""},{""name"":""lab-mysql"",""cpu"":""0.79%"",""mem"":""713.3MiB / 122.8GiB""},{""name"":""lab-woocommerce-mysql"",""cpu"":""0.85%"",""mem"":""485.5MiB / 122.8GiB""},{""name"":""lab-allegro-stub"",""cpu"":""4.10%"",""mem"":""30.25MiB / 122.8GiB""}]"
2026-09-09T08:38:31Z,4,551,8,444,24,2666608307,"[{""name"":""lab-worker-1"",""cpu"":""1.46%"",""mem"":""127.4MiB / 122.8GiB""},{""name"":""lab-api"",""cpu"":""0.00%"",""mem"":""129.3MiB / 122.8GiB""},{""name"":""lab-wc-tls"",""cpu"":""0.00%"",""mem"":""30.18MiB / 122.8GiB""},{""name"":""lab-prestashop"",""cpu"":""0.01%"",""mem"":""109MiB / 122.8GiB""},{""name"":""lab-woocommerce"",""cpu"":""0.01%"",""mem"":""204.2MiB / 122.8GiB""},{""name"":""lab-redis"",""cpu"":""0.38%"",""mem"":""76.28MiB / 122.8GiB""},{""name"":""lab-postgres"",""cpu"":""12.93%"",""mem"":""242.1MiB / 122.8GiB""},{""name"":""lab-mysql"",""cpu"":""0.87%"",""mem"":""713.3MiB / 122.8GiB""},{""name"":""lab-woocommerce-mysql"",""cpu"":""0.99%"",""mem"":""485.5MiB / 122.8GiB""},{""name"":""lab-allegro-stub"",""cpu"":""0.00%"",""mem"":""30.2MiB / 122.8GiB""}]"
2026-09-09T08:38:35Z,3,552,8,446,21,2666608307,"[{""name"":""lab-worker-1"",""cpu"":""3.19%"",""mem"":""127.1MiB / 122.8GiB""},{""name"":""lab-api"",""cpu"":""0.00%"",""mem"":""129.3MiB / 122.8GiB""},{""name"":""lab-wc-tls"",""cpu"":""0.00%"",""mem"":""30.18MiB / 122.8GiB""},{""name"":""lab-prestashop"",""cpu"":""0.00%"",""mem"":""109MiB / 122.8GiB""},{""name"":""lab-woocommerce"",""cpu"":""0.00%"",""mem"":""204.2MiB / 122.8GiB""},{""name"":""lab-redis"",""cpu"":""0.62%"",""mem"":""76.04MiB / 122.8GiB""},{""name"":""lab-postgres"",""cpu"":""31.66%"",""mem"":""244.7MiB / 122.8GiB""},{""name"":""lab-mysql"",""cpu"":""0.84%"",""mem"":""713.3MiB / 122.8GiB""},{""name"":""lab-woocommerce-mysql"",""cpu"":""0.91%"",""mem"":""485.5MiB / 122.8GiB""},{""name"":""lab-allegro-stub"",""cpu"":""0.02%"",""mem"":""30.2MiB / 122.8GiB""}]"
2026-09-09T08:38:39Z,4,550,7,448,22,2666608307,"[{""name"":""lab-worker-1"",""cpu"":""1.40%"",""mem"":""127.2MiB / 122.8GiB""},{""name"":""lab-api"",""cpu"":""0.00%"",""mem"":""129.3MiB / 122.8GiB""},{""name"":""lab-wc-tls"",""cpu"":""0.00%"",""mem"":""30.18MiB / 122.8GiB""},{""name"":""lab-prestashop"",""cpu"":""0.00%"",""mem"":""109MiB / 122.8GiB""},{""name"":""lab-woocommerce"",""cpu"":""0.01%"",""mem"":""204.2MiB / 122.8GiB""},{""name"":""lab-redis"",""cpu"":""0.50%"",""mem"":""76.28MiB / 122.8GiB""},{""name"":""lab-postgres"",""cpu"":""27.75%"",""mem"":""244.5MiB / 122.8GiB""},{""name"":""lab-mysql"",""cpu"":""0.68%"",""mem"":""713.3MiB / 122.8GiB""},{""name"":""lab-woocommerce-mysql"",""cpu"":""0.69%"",""mem"":""485.5MiB / 122.8GiB""},{""name"":""lab-allegro-stub"",""cpu"":""0.00%"",""mem"":""30.2MiB / 122.8GiB""}]"
2026-09-09T08:38:42Z,4,546,8,448,25,2666608307,"[{""name"":""lab-worker-1"",""cpu"":""4.30%"",""mem"":""127.2MiB / 122.8GiB""},{""name"":""lab-api"",""cpu"":""0.00%"",""mem"":""129.3MiB / 122.8GiB""},{""name"":""lab-wc-tls"",""cpu"":""0.00%"",""mem"":""30.18MiB / 122.8GiB""},{""name"":""lab-prestashop"",""cpu"":""0.00%"",""mem"":""109MiB / 122.8GiB""},{""name"":""lab-woocommerce"",""cpu"":""0.00%"",""mem"":""204.2MiB / 122.8GiB""},{""name"":""lab-redis"",""cpu"":""4.83%"",""mem"":""76.04MiB / 122.8GiB""},{""name"":""lab-postgres"",""cpu"":""8.65%"",""mem"":""246.2MiB / 122.8GiB""},{""name"":""lab-mysql"",""cpu"":""0.86%"",""mem"":""713.3MiB / 122.8GiB""},{""name"":""lab-woocommerce-mysql"",""cpu"":""0.87%"",""mem"":""485.5MiB / 122.8GiB""},{""name"":""lab-allegro-stub"",""cpu"":""4.18%"",""mem"":""30.24MiB / 122.8GiB""}]"
2026-09-09T08:38:46Z,3,542,8,449,28,2666608307,"[{""name"":""lab-worker-1"",""cpu"":""1.98%"",""mem"":""127.7MiB / 122.8GiB""},{""name"":""lab-api"",""cpu"":""0.00%"",""mem"":""129.3MiB / 122.8GiB""},{""name"":""lab-wc-tls"",""cpu"":""0.00%"",""mem"":""30.18MiB / 122.8GiB""},{""name"":""lab-prestashop"",""cpu"":""0.00%"",""mem"":""109MiB / 122.8GiB""},{""name"":""lab-woocommerce"",""cpu"":""0.00%"",""mem"":""204.2MiB / 122.8GiB""},{""name"":""lab-redis"",""cpu"":""0.60%"",""mem"":""76.03MiB / 122.8GiB""},{""name"":""lab-postgres"",""cpu"":""43.28%"",""mem"":""244.4MiB / 122.8GiB""},{""name"":""lab-mysql"",""cpu"":""0.65%"",""mem"":""713.3MiB / 122.8GiB""},{""name"":""lab-woocommerce-mysql"",""cpu"":""0.77%"",""mem"":""485.5MiB / 122.8GiB""},{""name"":""lab-allegro-stub"",""cpu"":""0.00%"",""mem"":""30.2MiB / 122.8GiB""}]"
2026-09-09T08:38:50Z,4,541,7,449,29,2666608307,"[{""name"":""lab-worker-1"",""cpu"":""1.92%"",""mem"":""127.5MiB / 122.8GiB""},{""name"":""lab-api"",""cpu"":""0.00%"",""mem"":""129.3MiB / 122.8GiB""},{""name"":""lab-wc-tls"",""cpu"":""0.00%"",""mem"":""30.18MiB / 122.8GiB""},{""name"":""lab-prestashop"",""cpu"":""0.01%"",""mem"":""109MiB / 122.8GiB""},{""name"":""lab-woocommerce"",""cpu"":""17.21%"",""mem"":""204.2MiB / 122.8GiB""},{""name"":""lab-redis"",""cpu"":""0.56%"",""mem"":""76.28MiB / 122.8GiB""},{""name"":""lab-postgres"",""cpu"":""7.98%"",""mem"":""245MiB / 122.8GiB""},{""name"":""lab-mysql"",""cpu"":""0.91%"",""mem"":""713.3MiB / 122.8GiB""},{""name"":""lab-woocommerce-mysql"",""cpu"":""4.35%"",""mem"":""485.5MiB / 122.8GiB""},{""name"":""lab-allegro-stub"",""cpu"":""0.00%"",""mem"":""30.2MiB / 122.8GiB""}]"
2026-09-09T08:38:54Z,4,539,8,449,32,2666608307,"[{""name"":""lab-worker-1"",""cpu"":""4.49%"",""mem"":""127.1MiB / 122.8GiB""},{""name"":""lab-api"",""cpu"":""0.00%"",""mem"":""129.3MiB / 122.8GiB""},{""name"":""lab-wc-tls"",""cpu"":""0.00%"",""mem"":""30.18MiB / 122.8GiB""},{""name"":""lab-prestashop"",""cpu"":""0.01%"",""mem"":""109MiB / 122.8GiB""},{""name"":""lab-woocommerce"",""cpu"":""0.01%"",""mem"":""204.2MiB / 122.8GiB""},{""name"":""lab-redis"",""cpu"":""0.56%"",""mem"":""76.03MiB / 122.8GiB""},{""name"":""lab-postgres"",""cpu"":""28.04%"",""mem"":""251.3MiB / 122.8GiB""},{""name"":""lab-mysql"",""cpu"":""5.26%"",""mem"":""713.3MiB / 122.8GiB""},{""name"":""lab-woocommerce-mysql"",""cpu"":""0.83%"",""mem"":""485.5MiB / 122.8GiB""},{""name"":""lab-allegro-stub"",""cpu"":""0.01%"",""mem"":""30.2MiB / 122.8GiB""}]"
2026-09-09T08:38:57Z,4,537,8,450,33,2666608307,"[{""name"":""lab-worker-1"",""cpu"":""1.84%"",""mem"":""127.2MiB / 122.8GiB""},{""name"":""lab-api"",""cpu"":""0.00%"",""mem"":""129.3MiB / 122.8GiB""},{""name"":""lab-wc-tls"",""cpu"":""0.00%"",""mem"":""30.18MiB / 122.8GiB""},{""name"":""lab-prestashop"",""cpu"":""0.01%"",""mem"":""109MiB / 122.8GiB""},{""name"":""lab-woocommerce"",""cpu"":""0.00%"",""mem"":""204.2MiB / 122.8GiB""},{""name"":""lab-redis"",""cpu"":""0.58%"",""mem"":""76.03MiB / 122.8GiB""},{""name"":""lab-postgres"",""cpu"":""35.99%"",""mem"":""244.5MiB / 122.8GiB""},{""name"":""lab-mysql"",""cpu"":""0.82%"",""mem"":""713.3MiB / 122.8GiB""},{""name"":""lab-woocommerce-mysql"",""cpu"":""5.68%"",""mem"":""485.5MiB / 122.8GiB""},{""name"":""lab-allegro-stub"",""cpu"":""0.00%"",""mem"":""30.2MiB / 122.8GiB""}]"
2026-09-09T08:39:01Z,3,533,8,451,35,2666608307,"[{""name"":""lab-worker-1"",""cpu"":""1.82%"",""mem"":""127.1MiB / 122.8GiB""},{""name"":""lab-api"",""cpu"":""0.00%"",""mem"":""129.3MiB / 122.8GiB""},{""name"":""lab-wc-tls"",""cpu"":""0.00%"",""mem"":""30.18MiB / 122.8GiB""},{""name"":""lab-prestashop"",""cpu"":""0.01%"",""mem"":""109MiB / 122.8GiB""},{""name"":""lab-woocommerce"",""cpu"":""0.01%"",""mem"":""204.2MiB / 122.8GiB""},{""name"":""lab-redis"",""cpu"":""0.52%"",""mem"":""76.04MiB / 122.8GiB""},{""name"":""lab-postgres"",""cpu"":""6.60%"",""mem"":""244.5MiB / 122.8GiB""},{""name"":""lab-mysql"",""cpu"":""0.83%"",""mem"":""713.3MiB / 122.8GiB""},{""name"":""lab-woocommerce-mysql"",""cpu"":""0.86%"",""mem"":""485.5MiB / 122.8GiB""},{""name"":""lab-allegro-stub"",""cpu"":""0.00%"",""mem"":""30.2MiB / 122.8GiB""}]"
2026-09-09T08:39:05Z,4,533,8,453,33,2666608307,"[{""name"":""lab-worker-1"",""cpu"":""1.59%"",""mem"":""127.4MiB / 122.8GiB""},{""name"":""lab-api"",""cpu"":""0.00%"",""mem"":""129.3MiB / 122.8GiB""},{""name"":""lab-wc-tls"",""cpu"":""0.00%"",""mem"":""30.18MiB / 122.8GiB""},{""name"":""lab-prestashop"",""cpu"":""0.00%"",""mem"":""109MiB / 122.8GiB""},{""name"":""lab-woocommerce"",""cpu"":""0.01%"",""mem"":""204.2MiB / 122.8GiB""},{""name"":""lab-redis"",""cpu"":""0.55%"",""mem"":""76.29MiB / 122.8GiB""},{""name"":""lab-postgres"",""cpu"":""30.33%"",""mem"":""244.5MiB / 122.8GiB""},{""name"":""lab-mysql"",""cpu"":""0.77%"",""mem"":""713.3MiB / 122.8GiB""},{""name"":""lab-woocommerce-mysql"",""cpu"":""0.83%"",""mem"":""485.5MiB / 122.8GiB""},{""name"":""lab-allegro-stub"",""cpu"":""0.01%"",""mem"":""30.21MiB / 122.8GiB""}]"
2026-09-09T08:39:08Z,4,533,8,454,32,2666608307,"[{""name"":""lab-worker-1"",""cpu"":""2.71%"",""mem"":""127.4MiB / 122.8GiB""},{""name"":""lab-api"",""cpu"":""0.00%"",""mem"":""129.3MiB / 122.8GiB""},{""name"":""lab-wc-tls"",""cpu"":""0.00%"",""mem"":""30.18MiB / 122.8GiB""},{""name"":""lab-prestashop"",""cpu"":""4.95%"",""mem"":""109.1MiB / 122.8GiB""},{""name"":""lab-woocommerce"",""cpu"":""0.01%"",""mem"":""204.2MiB / 122.8GiB""},{""name"":""lab-redis"",""cpu"":""0.77%"",""mem"":""76.03MiB / 122.8GiB""},{""name"":""lab-postgres"",""cpu"":""13.49%"",""mem"":""242.2MiB / 122.8GiB""},{""name"":""lab-mysql"",""cpu"":""1.37%"",""mem"":""713.3MiB / 122.8GiB""},{""name"":""lab-woocommerce-mysql"",""cpu"":""0.91%"",""mem"":""485.5MiB / 122.8GiB""},{""name"":""lab-allegro-stub"",""cpu"":""0.01%"",""mem"":""30.21MiB / 122.8GiB""}]"
2026-09-09T08:39:12Z,3,536,8,454,28,2666608307,"[{""name"":""lab-worker-1"",""cpu"":""2.66%"",""mem"":""127.4MiB / 122.8GiB""},{""name"":""lab-api"",""cpu"":""0.00%"",""mem"":""129.3MiB / 122.8GiB""},{""name"":""lab-wc-tls"",""cpu"":""0.00%"",""mem"":""30.18MiB / 122.8GiB""},{""name"":""lab-prestashop"",""cpu"":""0.01%"",""mem"":""109MiB / 122.8GiB""},{""name"":""lab-woocommerce"",""cpu"":""0.00%"",""mem"":""204.2MiB / 122.8GiB""},{""name"":""lab-redis"",""cpu"":""4.42%"",""mem"":""76.04MiB / 122.8GiB""},{""name"":""lab-postgres"",""cpu"":""34.73%"",""mem"":""248MiB / 122.8GiB""},{""name"":""lab-mysql"",""cpu"":""0.74%"",""mem"":""713.3MiB / 122.8GiB""},{""name"":""lab-woocommerce-mysql"",""cpu"":""0.76%"",""mem"":""485.5MiB / 122.8GiB""},{""name"":""lab-allegro-stub"",""cpu"":""0.00%"",""mem"":""30.2MiB / 122.8GiB""}]"
2026-09-09T08:39:16Z,4,542,7,455,23,2666608307,"[{""name"":""lab-worker-1"",""cpu"":""1.72%"",""mem"":""127.9MiB / 122.8GiB""},{""name"":""lab-api"",""cpu"":""0.00%"",""mem"":""129.3MiB / 122.8GiB""},{""name"":""lab-wc-tls"",""cpu"":""0.00%"",""mem"":""30.18MiB / 122.8GiB""},{""name"":""lab-prestashop"",""cpu"":""0.00%"",""mem"":""109MiB / 122.8GiB""},{""name"":""lab-woocommerce"",""cpu"":""0.01%"",""mem"":""204.2MiB / 122.8GiB""},{""name"":""lab-redis"",""cpu"":""0.47%"",""mem"":""76.04MiB / 122.8GiB""},{""name"":""lab-postgres"",""cpu"":""32.38%"",""mem"":""241.8MiB / 122.8GiB""},{""name"":""lab-mysql"",""cpu"":""0.75%"",""mem"":""713.3MiB / 122.8GiB""},{""name"":""lab-woocommerce-mysql"",""cpu"":""0.79%"",""mem"":""485.5MiB / 122.8GiB""},{""name"":""lab-allegro-stub"",""cpu"":""0.00%"",""mem"":""30.2MiB / 122.8GiB""}]"
2026-09-09T08:39:19Z,4,539,7,457,22,2666608307,"[{""name"":""lab-worker-1"",""cpu"":""3.02%"",""mem"":""127.2MiB / 122.8GiB""},{""name"":""lab-api"",""cpu"":""0.00%"",""mem"":""129.3MiB / 122.8GiB""},{""name"":""lab-wc-tls"",""cpu"":""0.00%"",""mem"":""30.18MiB / 122.8GiB""},{""name"":""lab-prestashop"",""cpu"":""0.01%"",""mem"":""109MiB / 122.8GiB""},{""name"":""lab-woocommerce"",""cpu"":""13.85%"",""mem"":""204.4MiB / 122.8GiB""},{""name"":""lab-redis"",""cpu"":""0.47%"",""mem"":""76.03MiB / 122.8GiB""},{""name"":""lab-postgres"",""cpu"":""2.07%"",""mem"":""242MiB / 122.8GiB""},{""name"":""lab-mysql"",""cpu"":""0.97%"",""mem"":""713.3MiB / 122.8GiB""},{""name"":""lab-woocommerce-mysql"",""cpu"":""2.26%"",""mem"":""485.8MiB / 122.8GiB""},{""name"":""lab-allegro-stub"",""cpu"":""0.01%"",""mem"":""30.2MiB / 122.8GiB""}]"
2026-09-09T08:39:23Z,3,539,8,457,22,2666608307,"[{""name"":""lab-worker-1"",""cpu"":""4.26%"",""mem"":""127.2MiB / 122.8GiB""},{""name"":""lab-api"",""cpu"":""0.00%"",""mem"":""129.3MiB / 122.8GiB""},{""name"":""lab-wc-tls"",""cpu"":""0.00%"",""mem"":""30.18MiB / 122.8GiB""},{""name"":""lab-prestashop"",""cpu"":""0.00%"",""mem"":""109MiB / 122.8GiB""},{""name"":""lab-woocommerce"",""cpu"":""0.01%"",""mem"":""204.2MiB / 122.8GiB""},{""name"":""lab-redis"",""cpu"":""0.55%"",""mem"":""76.03MiB / 122.8GiB""},{""name"":""lab-postgres"",""cpu"":""33.24%"",""mem"":""242MiB / 122.8GiB""},{""name"":""lab-mysql"",""cpu"":""5.03%"",""mem"":""713.3MiB / 122.8GiB""},{""name"":""lab-woocommerce-mysql"",""cpu"":""0.68%"",""mem"":""485.5MiB / 122.8GiB""},{""name"":""lab-allegro-stub"",""cpu"":""0.01%"",""mem"":""30.2MiB / 122.8GiB""}]"
2026-09-09T08:39:27Z,4,537,7,459,24,2666608307,"[{""name"":""lab-worker-1"",""cpu"":""3.80%"",""mem"":""127.4MiB / 122.8GiB""},{""name"":""lab-api"",""cpu"":""0.00%"",""mem"":""129.3MiB / 122.8GiB""},{""name"":""lab-wc-tls"",""cpu"":""0.00%"",""mem"":""30.18MiB / 122.8GiB""},{""name"":""lab-prestashop"",""cpu"":""0.00%"",""mem"":""109MiB / 122.8GiB""},{""name"":""lab-woocommerce"",""cpu"":""0.01%"",""mem"":""204.2MiB / 122.8GiB""},{""name"":""lab-redis"",""cpu"":""0.56%"",""mem"":""76.04MiB / 122.8GiB""},{""name"":""lab-postgres"",""cpu"":""24.66%"",""mem"":""242MiB / 122.8GiB""},{""name"":""lab-mysql"",""cpu"":""0.78%"",""mem"":""713.3MiB / 122.8GiB""},{""name"":""lab-woocommerce-mysql"",""cpu"":""5.62%"",""mem"":""485.8MiB / 122.8GiB""},{""name"":""lab-allegro-stub"",""cpu"":""0.00%"",""mem"":""30.2MiB / 122.8GiB""}]"
2026-09-09T08:39:31Z,4,538,8,459,23,2666608307,"[{""name"":""lab-worker-1"",""cpu"":""3.16%"",""mem"":""127.3MiB / 122.8GiB""},{""name"":""lab-api"",""cpu"":""0.00%"",""mem"":""129.3MiB / 122.8GiB""},{""name"":""lab-wc-tls"",""cpu"":""0.00%"",""mem"":""30.18MiB / 122.8GiB""},{""name"":""lab-prestashop"",""cpu"":""0.01%"",""mem"":""109MiB / 122.8GiB""},{""name"":""lab-woocommerce"",""cpu"":""0.00%"",""mem"":""204.2MiB / 122.8GiB""},{""name"":""lab-redis"",""cpu"":""0.62%"",""mem"":""76.04MiB / 122.8GiB""},{""name"":""lab-postgres"",""cpu"":""20.84%"",""mem"":""242.6MiB / 122.8GiB""},{""name"":""lab-mysql"",""cpu"":""0.91%"",""mem"":""713.3MiB / 122.8GiB""},{""name"":""lab-woocommerce-mysql"",""cpu"":""0.89%"",""mem"":""485.5MiB / 122.8GiB""},{""name"":""lab-allegro-stub"",""cpu"":""0.00%"",""mem"":""30.2MiB / 122.8GiB""}]"
2026-09-09T08:39:34Z,4,536,6,460,25,2666608307,"[{""name"":""lab-worker-1"",""cpu"":""3.10%"",""mem"":""127.5MiB / 122.8GiB""},{""name"":""lab-api"",""cpu"":""0.00%"",""mem"":""129.3MiB / 122.8GiB""},{""name"":""lab-wc-tls"",""cpu"":""0.00%"",""mem"":""30.18MiB / 122.8GiB""},{""name"":""lab-prestashop"",""cpu"":""0.01%"",""mem"":""109MiB / 122.8GiB""},{""name"":""lab-woocommerce"",""cpu"":""0.00%"",""mem"":""204.2MiB / 122.8GiB""},{""name"":""lab-redis"",""cpu"":""0.58%"",""mem"":""76.04MiB / 122.8GiB""},{""name"":""lab-postgres"",""cpu"":""32.91%"",""mem"":""242.1MiB / 122.8GiB""},{""name"":""lab-mysql"",""cpu"":""0.70%"",""mem"":""713.3MiB / 122.8GiB""},{""name"":""lab-woocommerce-mysql"",""cpu"":""0.74%"",""mem"":""485.5MiB / 122.8GiB""},{""name"":""lab-allegro-stub"",""cpu"":""0.01%"",""mem"":""30.2MiB / 122.8GiB""}]"
2026-09-09T08:39:38Z,3,535,8,461,23,2666608307,"[{""name"":""lab-worker-1"",""cpu"":""1.50%"",""mem"":""127.1MiB / 122.8GiB""},{""name"":""lab-api"",""cpu"":""0.00%"",""mem"":""129.3MiB / 122.8GiB""},{""name"":""lab-wc-tls"",""cpu"":""0.00%"",""mem"":""30.18MiB / 122.8GiB""},{""name"":""lab-prestashop"",""cpu"":""4.98%"",""mem"":""109.1MiB / 122.8GiB""},{""name"":""lab-woocommerce"",""cpu"":""0.00%"",""mem"":""204.2MiB / 122.8GiB""},{""name"":""lab-redis"",""cpu"":""0.51%"",""mem"":""76.29MiB / 122.8GiB""},{""name"":""lab-postgres"",""cpu"":""14.75%"",""mem"":""242.1MiB / 122.8GiB""},{""name"":""lab-mysql"",""cpu"":""1.33%"",""mem"":""713.3MiB / 122.8GiB""},{""name"":""lab-woocommerce-mysql"",""cpu"":""0.85%"",""mem"":""485.5MiB / 122.8GiB""},{""name"":""lab-allegro-stub"",""cpu"":""3.84%"",""mem"":""30.34MiB / 122.8GiB""}]"
2026-09-09T08:39:42Z,4,533,8,464,24,2666608307,"[{""name"":""lab-worker-1"",""cpu"":""3.59%"",""mem"":""127.2MiB / 122.8GiB""},{""name"":""lab-api"",""cpu"":""0.00%"",""mem"":""129.3MiB / 122.8GiB""},{""name"":""lab-wc-tls"",""cpu"":""0.00%"",""mem"":""30.18MiB / 122.8GiB""},{""name"":""lab-prestashop"",""cpu"":""0.00%"",""mem"":""109MiB / 122.8GiB""},{""name"":""lab-woocommerce"",""cpu"":""0.01%"",""mem"":""204.2MiB / 122.8GiB""},{""name"":""lab-redis"",""cpu"":""0.70%"",""mem"":""76.28MiB / 122.8GiB""},{""name"":""lab-postgres"",""cpu"":""31.15%"",""mem"":""242.2MiB / 122.8GiB""},{""name"":""lab-mysql"",""cpu"":""0.77%"",""mem"":""713.3MiB / 122.8GiB""},{""name"":""lab-woocommerce-mysql"",""cpu"":""0.79%"",""mem"":""485.5MiB / 122.8GiB""},{""name"":""lab-allegro-stub"",""cpu"":""0.00%"",""mem"":""30.2MiB / 122.8GiB""}]"
2026-09-09T08:39:45Z,4,528,7,465,27,2666608307,"[{""name"":""lab-worker-1"",""cpu"":""2.53%"",""mem"":""127.2MiB / 122.8GiB""},{""name"":""lab-api"",""cpu"":""0.00%"",""mem"":""129.3MiB / 122.8GiB""},{""name"":""lab-wc-tls"",""cpu"":""0.00%"",""mem"":""30.18MiB / 122.8GiB""},{""name"":""lab-prestashop"",""cpu"":""0.01%"",""mem"":""109MiB / 122.8GiB""},{""name"":""lab-woocommerce"",""cpu"":""0.01%"",""mem"":""204.2MiB / 122.8GiB""},{""name"":""lab-redis"",""cpu"":""0.47%"",""mem"":""76.04MiB / 122.8GiB""},{""name"":""lab-postgres"",""cpu"":""12.08%"",""mem"":""247.1MiB / 122.8GiB""},{""name"":""lab-mysql"",""cpu"":""0.79%"",""mem"":""713.3MiB / 122.8GiB""},{""name"":""lab-woocommerce-mysql"",""cpu"":""0.85%"",""mem"":""485.5MiB / 122.8GiB""},{""name"":""lab-allegro-stub"",""cpu"":""0.00%"",""mem"":""30.2MiB / 122.8GiB""}]"
2026-09-09T08:39:49Z,3,528,8,467,25,2666608307,"[{""name"":""lab-worker-1"",""cpu"":""5.09%"",""mem"":""127.2MiB / 122.8GiB""},{""name"":""lab-api"",""cpu"":""0.00%"",""mem"":""129.3MiB / 122.8GiB""},{""name"":""lab-wc-tls"",""cpu"":""0.00%"",""mem"":""30.18MiB / 122.8GiB""},{""name"":""lab-prestashop"",""cpu"":""0.00%"",""mem"":""109MiB / 122.8GiB""},{""name"":""lab-woocommerce"",""cpu"":""18.15%"",""mem"":""204.3MiB / 122.8GiB""},{""name"":""lab-redis"",""cpu"":""0.80%"",""mem"":""76.03MiB / 122.8GiB""},{""name"":""lab-postgres"",""cpu"":""30.12%"",""mem"":""243.7MiB / 122.8GiB""},{""name"":""lab-mysql"",""cpu"":""0.71%"",""mem"":""713.3MiB / 122.8GiB""},{""name"":""lab-woocommerce-mysql"",""cpu"":""4.82%"",""mem"":""485.5MiB / 122.8GiB""},{""name"":""lab-allegro-stub"",""cpu"":""4.25%"",""mem"":""30.2MiB / 122.8GiB""}]"
2026-09-09T08:39:53Z,4,528,8,469,22,2666608307,"[{""name"":""lab-worker-1"",""cpu"":""6.09%"",""mem"":""127.5MiB / 122.8GiB""},{""name"":""lab-api"",""cpu"":""0.00%"",""mem"":""129.3MiB / 122.8GiB""},{""name"":""lab-wc-tls"",""cpu"":""0.00%"",""mem"":""30.18MiB / 122.8GiB""},{""name"":""lab-prestashop"",""cpu"":""0.01%"",""mem"":""109MiB / 122.8GiB""},{""name"":""lab-woocommerce"",""cpu"":""0.01%"",""mem"":""204.2MiB / 122.8GiB""},{""name"":""lab-redis"",""cpu"":""4.93%"",""mem"":""76.28MiB / 122.8GiB""},{""name"":""lab-postgres"",""cpu"":""32.34%"",""mem"":""244.2MiB / 122.8GiB""},{""name"":""lab-mysql"",""cpu"":""0.73%"",""mem"":""713.3MiB / 122.8GiB""},{""name"":""lab-woocommerce-mysql"",""cpu"":""0.73%"",""mem"":""485.5MiB / 122.8GiB""},{""name"":""lab-allegro-stub"",""cpu"":""0.00%"",""mem"":""30.2MiB / 122.8GiB""}]"
2026-09-09T08:39:56Z,4,527,8,469,23,2666608307,"[{""name"":""lab-worker-1"",""cpu"":""2.71%"",""mem"":""127.5MiB / 122.8GiB""},{""name"":""lab-api"",""cpu"":""0.00%"",""mem"":""129.3MiB / 122.8GiB""},{""name"":""lab-wc-tls"",""cpu"":""0.00%"",""mem"":""30.18MiB / 122.8GiB""},{""name"":""lab-prestashop"",""cpu"":""0.01%"",""mem"":""109MiB / 122.8GiB""},{""name"":""lab-woocommerce"",""cpu"":""0.01%"",""mem"":""204.2MiB / 122.8GiB""},{""name"":""lab-redis"",""cpu"":""0.76%"",""mem"":""76.03MiB / 122.8GiB""},{""name"":""lab-postgres"",""cpu"":""8.20%"",""mem"":""244MiB / 122.8GiB""},{""name"":""lab-mysql"",""cpu"":""0.93%"",""mem"":""713.3MiB / 122.8GiB""},{""name"":""lab-woocommerce-mysql"",""cpu"":""0.95%"",""mem"":""485.5MiB / 122.8GiB""},{""name"":""lab-allegro-stub"",""cpu"":""0.00%"",""mem"":""30.2MiB / 122.8GiB""}]"
2026-09-09T08:40:00Z,3,524,8,471,23,2666608307,"[{""name"":""lab-worker-1"",""cpu"":""3.01%"",""mem"":""127.2MiB / 122.8GiB""},{""name"":""lab-api"",""cpu"":""0.00%"",""mem"":""129.3MiB / 122.8GiB""},{""name"":""lab-wc-tls"",""cpu"":""0.00%"",""mem"":""30.18MiB / 122.8GiB""},{""name"":""lab-prestashop"",""cpu"":""0.01%"",""mem"":""109MiB / 122.8GiB""},{""name"":""lab-woocommerce"",""cpu"":""0.00%"",""mem"":""204.2MiB / 122.8GiB""},{""name"":""lab-redis"",""cpu"":""0.45%"",""mem"":""76.03MiB / 122.8GiB""},{""name"":""lab-postgres"",""cpu"":""28.06%"",""mem"":""245.9MiB / 122.8GiB""},{""name"":""lab-mysql"",""cpu"":""0.80%"",""mem"":""713.3MiB / 122.8GiB""},{""name"":""lab-woocommerce-mysql"",""cpu"":""0.89%"",""mem"":""485.5MiB / 122.8GiB""},{""name"":""lab-allegro-stub"",""cpu"":""0.00%"",""mem"":""30.2MiB / 122.8GiB""}]"
2026-09-09T08:40:04Z,4,526,7,472,22,2666608307,"[{""name"":""lab-worker-1"",""cpu"":""1.06%"",""mem"":""127.2MiB / 122.8GiB""},{""name"":""lab-api"",""cpu"":""0.00%"",""mem"":""129.3MiB / 122.8GiB""},{""name"":""lab-wc-tls"",""cpu"":""0.00%"",""mem"":""30.18MiB / 122.8GiB""},{""name"":""lab-prestashop"",""cpu"":""0.00%"",""mem"":""109MiB / 122.8GiB""},{""name"":""lab-woocommerce"",""cpu"":""0.00%"",""mem"":""204.2MiB / 122.8GiB""},{""name"":""lab-redis"",""cpu"":""0.39%"",""mem"":""76.03MiB / 122.8GiB""},{""name"":""lab-postgres"",""cpu"":""32.28%"",""mem"":""244.3MiB / 122.8GiB""},{""name"":""lab-mysql"",""cpu"":""5.11%"",""mem"":""713.3MiB / 122.8GiB""},{""name"":""lab-woocommerce-mysql"",""cpu"":""0.81%"",""mem"":""485.5MiB / 122.8GiB""},{""name"":""lab-allegro-stub"",""cpu"":""3.92%"",""mem"":""30.24MiB / 122.8GiB""}]"
2026-09-09T08:40:07Z,4,523,8,473,23,2666608307,"[{""name"":""lab-worker-1"",""cpu"":""4.03%"",""mem"":""127.3MiB / 122.8GiB""},{""name"":""lab-api"",""cpu"":""0.01%"",""mem"":""129.3MiB / 122.8GiB""},{""name"":""lab-wc-tls"",""cpu"":""0.00%"",""mem"":""30.18MiB / 122.8GiB""},{""name"":""lab-prestashop"",""cpu"":""0.01%"",""mem"":""109MiB / 122.8GiB""},{""name"":""lab-woocommerce"",""cpu"":""0.01%"",""mem"":""204.2MiB / 122.8GiB""},{""name"":""lab-redis"",""cpu"":""0.66%"",""mem"":""76.28MiB / 122.8GiB""},{""name"":""lab-postgres"",""cpu"":""16.65%"",""mem"":""251.2MiB / 122.8GiB""},{""name"":""lab-mysql"",""cpu"":""0.81%"",""mem"":""713.3MiB / 122.8GiB""},{""name"":""lab-woocommerce-mysql"",""cpu"":""5.38%"",""mem"":""485.5MiB / 122.8GiB""},{""name"":""lab-allegro-stub"",""cpu"":""0.00%"",""mem"":""30.2MiB / 122.8GiB""}]"
2026-09-09T08:40:11Z,3,521,7,475,24,2666608307,"[{""name"":""lab-worker-1"",""cpu"":""2.06%"",""mem"":""127.5MiB / 122.8GiB""},{""name"":""lab-api"",""cpu"":""0.00%"",""mem"":""129.3MiB / 122.8GiB""},{""name"":""lab-wc-tls"",""cpu"":""0.00%"",""mem"":""30.18MiB / 122.8GiB""},{""name"":""lab-prestashop"",""cpu"":""0.01%"",""mem"":""109MiB / 122.8GiB""},{""name"":""lab-woocommerce"",""cpu"":""0.01%"",""mem"":""204.2MiB / 122.8GiB""},{""name"":""lab-redis"",""cpu"":""0.60%"",""mem"":""76.28MiB / 122.8GiB""},{""name"":""lab-postgres"",""cpu"":""31.60%"",""mem"":""244.1MiB / 122.8GiB""},{""name"":""lab-mysql"",""cpu"":""0.73%"",""mem"":""713.3MiB / 122.8GiB""},{""name"":""lab-woocommerce-mysql"",""cpu"":""0.80%"",""mem"":""485.5MiB / 122.8GiB""},{""name"":""lab-allegro-stub"",""cpu"":""0.00%"",""mem"":""30.2MiB / 122.8GiB""}]"
2026-09-09T08:40:15Z,4,519,7,477,24,2666608307,"[{""name"":""lab-worker-1"",""cpu"":""3.35%"",""mem"":""127.6MiB / 122.8GiB""},{""name"":""lab-api"",""cpu"":""0.00%"",""mem"":""129.3MiB / 122.8GiB""},{""name"":""lab-wc-tls"",""cpu"":""0.00%"",""mem"":""30.18MiB / 122.8GiB""},{""name"":""lab-prestashop"",""cpu"":""0.00%"",""mem"":""109MiB / 122.8GiB""},{""name"":""lab-woocommerce"",""cpu"":""0.01%"",""mem"":""204.2MiB / 122.8GiB""},{""name"":""lab-redis"",""cpu"":""0.69%"",""mem"":""76.29MiB / 122.8GiB""},{""name"":""lab-postgres"",""cpu"":""27.60%"",""mem"":""241.6MiB / 122.8GiB""},{""name"":""lab-mysql"",""cpu"":""0.84%"",""mem"":""713.3MiB / 122.8GiB""},{""name"":""lab-woocommerce-mysql"",""cpu"":""0.89%"",""mem"":""485.5MiB / 122.8GiB""},{""name"":""lab-allegro-stub"",""cpu"":""0.00%"",""mem"":""30.2MiB / 122.8GiB""}]"
2026-09-09T08:40:19Z,4,515,8,480,24,2666608307,"[{""name"":""lab-worker-1"",""cpu"":""3.36%"",""mem"":""127.5MiB / 122.8GiB""},{""name"":""lab-api"",""cpu"":""0.00%"",""mem"":""129.3MiB / 122.8GiB""},{""name"":""lab-wc-tls"",""cpu"":""0.00%"",""mem"":""30.18MiB / 122.8GiB""},{""name"":""lab-prestashop"",""cpu"":""0.00%"",""mem"":""109MiB / 122.8GiB""},{""name"":""lab-woocommerce"",""cpu"":""0.01%"",""mem"":""204.2MiB / 122.8GiB""},{""name"":""lab-redis"",""cpu"":""0.80%"",""mem"":""76.03MiB / 122.8GiB""},{""name"":""lab-postgres"",""cpu"":""26.33%"",""mem"":""241.7MiB / 122.8GiB""},{""name"":""lab-mysql"",""cpu"":""0.83%"",""mem"":""713.3MiB / 122.8GiB""},{""name"":""lab-woocommerce-mysql"",""cpu"":""0.84%"",""mem"":""485.5MiB / 122.8GiB""},{""name"":""lab-allegro-stub"",""cpu"":""4.25%"",""mem"":""30.51MiB / 122.8GiB""}]"
2026-09-09T08:40:22Z,4,512,8,480,27,2666608307,"[{""name"":""lab-worker-1"",""cpu"":""3.45%"",""mem"":""127.8MiB / 122.8GiB""},{""name"":""lab-api"",""cpu"":""0.00%"",""mem"":""129.3MiB / 122.8GiB""},{""name"":""lab-wc-tls"",""cpu"":""0.00%"",""mem"":""30.18MiB / 122.8GiB""},{""name"":""lab-prestashop"",""cpu"":""0.01%"",""mem"":""109MiB / 122.8GiB""},{""name"":""lab-woocommerce"",""cpu"":""0.01%"",""mem"":""204.2MiB / 122.8GiB""},{""name"":""lab-redis"",""cpu"":""2.98%"",""mem"":""82.99MiB / 122.8GiB""},{""name"":""lab-postgres"",""cpu"":""32.08%"",""mem"":""241.6MiB / 122.8GiB""},{""name"":""lab-mysql"",""cpu"":""0.73%"",""mem"":""713.3MiB / 122.8GiB""},{""name"":""lab-woocommerce-mysql"",""cpu"":""0.81%"",""mem"":""485.5MiB / 122.8GiB""},{""name"":""lab-allegro-stub"",""cpu"":""0.00%"",""mem"":""30.2MiB / 122.8GiB""}]"
2026-09-09T08:40:26Z,3,513,8,480,26,2666608307,"[{""name"":""lab-worker-1"",""cpu"":""2.89%"",""mem"":""127.5MiB / 122.8GiB""},{""name"":""lab-api"",""cpu"":""0.00%"",""mem"":""129.3MiB / 122.8GiB""},{""name"":""lab-wc-tls"",""cpu"":""0.00%"",""mem"":""30.18MiB / 122.8GiB""},{""name"":""lab-prestashop"",""cpu"":""0.01%"",""mem"":""109MiB / 122.8GiB""},{""name"":""lab-woocommerce"",""cpu"":""0.01%"",""mem"":""204.2MiB / 122.8GiB""},{""name"":""lab-redis"",""cpu"":""0.85%"",""mem"":""76.04MiB / 122.8GiB""},{""name"":""lab-postgres"",""cpu"":""5.88%"",""mem"":""242MiB / 122.8GiB""},{""name"":""lab-mysql"",""cpu"":""0.90%"",""mem"":""713.3MiB / 122.8GiB""},{""name"":""lab-woocommerce-mysql"",""cpu"":""0.94%"",""mem"":""485.5MiB / 122.8GiB""},{""name"":""lab-allegro-stub"",""cpu"":""0.00%"",""mem"":""30.21MiB / 122.8GiB""}]"
2026-09-09T08:40:30Z,4,515,8,480,24,2666608307,"[{""name"":""lab-worker-1"",""cpu"":""1.05%"",""mem"":""127.8MiB / 122.8GiB""},{""name"":""lab-api"",""cpu"":""0.00%"",""mem"":""129.3MiB / 122.8GiB""},{""name"":""lab-wc-tls"",""cpu"":""0.00%"",""mem"":""30.18MiB / 122.8GiB""},{""name"":""lab-prestashop"",""cpu"":""0.00%"",""mem"":""109MiB / 122.8GiB""},{""name"":""lab-woocommerce"",""cpu"":""0.01%"",""mem"":""204.2MiB / 122.8GiB""},{""name"":""lab-redis"",""cpu"":""0.35%"",""mem"":""76.04MiB / 122.8GiB""},{""name"":""lab-postgres"",""cpu"":""31.79%"",""mem"":""236.9MiB / 122.8GiB""},{""name"":""lab-mysql"",""cpu"":""0.78%"",""mem"":""713.3MiB / 122.8GiB""},{""name"":""lab-woocommerce-mysql"",""cpu"":""0.82%"",""mem"":""485.5MiB / 122.8GiB""},{""name"":""lab-allegro-stub"",""cpu"":""0.00%"",""mem"":""30.2MiB / 122.8GiB""}]"
2026-09-09T08:40:33Z,4,514,7,482,25,2666608307,"[{""name"":""lab-worker-1"",""cpu"":""4.72%"",""mem"":""127.6MiB / 122.8GiB""},{""name"":""lab-api"",""cpu"":""0.00%"",""mem"":""129.3MiB / 122.8GiB""},{""name"":""lab-wc-tls"",""cpu"":""0.00%"",""mem"":""30.18MiB / 122.8GiB""},{""name"":""lab-prestashop"",""cpu"":""0.01%"",""mem"":""109MiB / 122.8GiB""},{""name"":""lab-woocommerce"",""cpu"":""0.01%"",""mem"":""204.2MiB / 122.8GiB""},{""name"":""lab-redis"",""cpu"":""4.62%"",""mem"":""76.28MiB / 122.8GiB""},{""name"":""lab-postgres"",""cpu"":""21.84%"",""mem"":""241.6MiB / 122.8GiB""},{""name"":""lab-mysql"",""cpu"":""5.43%"",""mem"":""713.4MiB / 122.8GiB""},{""name"":""lab-woocommerce-mysql"",""cpu"":""0.97%"",""mem"":""485.5MiB / 122.8GiB""},{""name"":""lab-allegro-stub"",""cpu"":""0.00%"",""mem"":""30.2MiB / 122.8GiB""}]"
2026-09-09T08:40:37Z,3,511,8,484,24,2666608307,"[{""name"":""lab-worker-1"",""cpu"":""1.37%"",""mem"":""127.4MiB / 122.8GiB""},{""name"":""lab-api"",""cpu"":""0.01%"",""mem"":""129.3MiB / 122.8GiB""},{""name"":""lab-wc-tls"",""cpu"":""0.00%"",""mem"":""30.18MiB / 122.8GiB""},{""name"":""lab-prestashop"",""cpu"":""0.01%"",""mem"":""109MiB / 122.8GiB""},{""name"":""lab-woocommerce"",""cpu"":""0.00%"",""mem"":""204.2MiB / 122.8GiB""},{""name"":""lab-redis"",""cpu"":""0.51%"",""mem"":""76.03MiB / 122.8GiB""},{""name"":""lab-postgres"",""cpu"":""23.68%"",""mem"":""244.5MiB / 122.8GiB""},{""name"":""lab-mysql"",""cpu"":""0.91%"",""mem"":""713.3MiB / 122.8GiB""},{""name"":""lab-woocommerce-mysql"",""cpu"":""0.91%"",""mem"":""485.5MiB / 122.8GiB""},{""name"":""lab-allegro-stub"",""cpu"":""0.00%"",""mem"":""30.2MiB / 122.8GiB""}]"
2026-09-09T08:40:41Z,4,510,6,486,26,2666608307,"[{""name"":""lab-worker-1"",""cpu"":""3.57%"",""mem"":""127.7MiB / 122.8GiB""},{""name"":""lab-api"",""cpu"":""0.00%"",""mem"":""129.3MiB / 122.8GiB""},{""name"":""lab-wc-tls"",""cpu"":""0.00%"",""mem"":""30.18MiB / 122.8GiB""},{""name"":""lab-prestashop"",""cpu"":""0.00%"",""mem"":""109MiB / 122.8GiB""},{""name"":""lab-woocommerce"",""cpu"":""0.01%"",""mem"":""204.2MiB / 122.8GiB""},{""name"":""lab-redis"",""cpu"":""30.85%"",""mem"":""76.28MiB / 122.8GiB""},{""name"":""lab-postgres"",""cpu"":""43.71%"",""mem"":""241.8MiB / 122.8GiB""},{""name"":""lab-mysql"",""cpu"":""0.76%"",""mem"":""713.3MiB / 122.8GiB""},{""name"":""lab-woocommerce-mysql"",""cpu"":""0.73%"",""mem"":""485.5MiB / 122.8GiB""},{""name"":""lab-allegro-stub"",""cpu"":""0.00%"",""mem"":""30.2MiB / 122.8GiB""}]"
2026-09-09T08:40:44Z,4,506,8,489,24,2666608307,"[{""name"":""lab-worker-1"",""cpu"":""4.53%"",""mem"":""127.8MiB / 122.8GiB""},{""name"":""lab-api"",""cpu"":""0.00%"",""mem"":""129.3MiB / 122.8GiB""},{""name"":""lab-wc-tls"",""cpu"":""0.00%"",""mem"":""30.18MiB / 122.8GiB""},{""name"":""lab-prestashop"",""cpu"":""0.01%"",""mem"":""109MiB / 122.8GiB""},{""name"":""lab-woocommerce"",""cpu"":""0.01%"",""mem"":""204.2MiB / 122.8GiB""},{""name"":""lab-redis"",""cpu"":""0.42%"",""mem"":""76.29MiB / 122.8GiB""},{""name"":""lab-postgres"",""cpu"":""3.78%"",""mem"":""241.7MiB / 122.8GiB""},{""name"":""lab-mysql"",""cpu"":""0.93%"",""mem"":""713.3MiB / 122.8GiB""},{""name"":""lab-woocommerce-mysql"",""cpu"":""1.02%"",""mem"":""485.5MiB / 122.8GiB""},{""name"":""lab-allegro-stub"",""cpu"":""4.30%"",""mem"":""30.22MiB / 122.8GiB""}]"
2026-09-09T08:40:48Z,3,507,8,489,24,2666608307,"[{""name"":""lab-worker-1"",""cpu"":""4.41%"",""mem"":""127.8MiB / 122.8GiB""},{""name"":""lab-api"",""cpu"":""0.00%"",""mem"":""129.3MiB / 122.8GiB""},{""name"":""lab-wc-tls"",""cpu"":""0.00%"",""mem"":""30.18MiB / 122.8GiB""},{""name"":""lab-prestashop"",""cpu"":""0.01%"",""mem"":""109MiB / 122.8GiB""},{""name"":""lab-woocommerce"",""cpu"":""0.00%"",""mem"":""204.2MiB / 122.8GiB""},{""name"":""lab-redis"",""cpu"":""0.69%"",""mem"":""76.03MiB / 122.8GiB""},{""name"":""lab-postgres"",""cpu"":""32.25%"",""mem"":""243.9MiB / 122.8GiB""},{""name"":""lab-mysql"",""cpu"":""0.73%"",""mem"":""713.3MiB / 122.8GiB""},{""name"":""lab-woocommerce-mysql"",""cpu"":""5.18%"",""mem"":""485.5MiB / 122.8GiB""},{""name"":""lab-allegro-stub"",""cpu"":""4.36%"",""mem"":""30.23MiB / 122.8GiB""}]"
2026-09-09T08:40:52Z,4,504,6,491,26,2666616499,"[{""name"":""lab-worker-1"",""cpu"":""3.44%"",""mem"":""127.5MiB / 122.8GiB""},{""name"":""lab-api"",""cpu"":""0.00%"",""mem"":""129.3MiB / 122.8GiB""},{""name"":""lab-wc-tls"",""cpu"":""0.00%"",""mem"":""30.18MiB / 122.8GiB""},{""name"":""lab-prestashop"",""cpu"":""0.00%"",""mem"":""109MiB / 122.8GiB""},{""name"":""lab-woocommerce"",""cpu"":""0.01%"",""mem"":""204.2MiB / 122.8GiB""},{""name"":""lab-redis"",""cpu"":""0.60%"",""mem"":""76.28MiB / 122.8GiB""},{""name"":""lab-postgres"",""cpu"":""32.41%"",""mem"":""243.9MiB / 122.8GiB""},{""name"":""lab-mysql"",""cpu"":""0.83%"",""mem"":""713.3MiB / 122.8GiB""},{""name"":""lab-woocommerce-mysql"",""cpu"":""0.88%"",""mem"":""485.5MiB / 122.8GiB""},{""name"":""lab-allegro-stub"",""cpu"":""0.00%"",""mem"":""30.2MiB / 122.8GiB""}]"
2026-09-09T08:40:55Z,4,503,8,491,24,2666616499,"[{""name"":""lab-worker-1"",""cpu"":""4.26%"",""mem"":""127.5MiB / 122.8GiB""},{""name"":""lab-api"",""cpu"":""0.00%"",""mem"":""129.3MiB / 122.8GiB""},{""name"":""lab-wc-tls"",""cpu"":""0.00%"",""mem"":""30.18MiB / 122.8GiB""},{""name"":""lab-prestashop"",""cpu"":""0.01%"",""mem"":""109MiB / 122.8GiB""},{""name"":""lab-woocommerce"",""cpu"":""0.01%"",""mem"":""204.2MiB / 122.8GiB""},{""name"":""lab-redis"",""cpu"":""0.73%"",""mem"":""76.04MiB / 122.8GiB""},{""name"":""lab-postgres"",""cpu"":""14.74%"",""mem"":""244.3MiB / 122.8GiB""},{""name"":""lab-mysql"",""cpu"":""0.87%"",""mem"":""713.3MiB / 122.8GiB""},{""name"":""lab-woocommerce-mysql"",""cpu"":""0.97%"",""mem"":""485.5MiB / 122.8GiB""},{""name"":""lab-allegro-stub"",""cpu"":""0.03%"",""mem"":""30.2MiB / 122.8GiB""}]"
2026-09-09T08:40:59Z,3,502,7,495,23,2666616499,"[{""name"":""lab-worker-1"",""cpu"":""2.70%"",""mem"":""128MiB / 122.8GiB""},{""name"":""lab-api"",""cpu"":""0.00%"",""mem"":""129.3MiB / 122.8GiB""},{""name"":""lab-wc-tls"",""cpu"":""0.00%"",""mem"":""30.18MiB / 122.8GiB""},{""name"":""lab-prestashop"",""cpu"":""0.01%"",""mem"":""109MiB / 122.8GiB""},{""name"":""lab-woocommerce"",""cpu"":""0.00%"",""mem"":""204.2MiB / 122.8GiB""},{""name"":""lab-redis"",""cpu"":""0.72%"",""mem"":""76.29MiB / 122.8GiB""},{""name"":""lab-postgres"",""cpu"":""29.98%"",""mem"":""243.9MiB / 122.8GiB""},{""name"":""lab-mysql"",""cpu"":""0.76%"",""mem"":""713.3MiB / 122.8GiB""},{""name"":""lab-woocommerce-mysql"",""cpu"":""0.80%"",""mem"":""485.5MiB / 122.8GiB""},{""name"":""lab-allegro-stub"",""cpu"":""4.26%"",""mem"":""30.49MiB / 122.8GiB""}]"
2026-09-09T08:41:03Z,4,501,8,497,21,2666616499,"[{""name"":""lab-worker-1"",""cpu"":""1.87%"",""mem"":""127.6MiB / 122.8GiB""},{""name"":""lab-api"",""cpu"":""0.00%"",""mem"":""129.3MiB / 122.8GiB""},{""name"":""lab-wc-tls"",""cpu"":""0.00%"",""mem"":""30.18MiB / 122.8GiB""},{""name"":""lab-prestashop"",""cpu"":""0.01%"",""mem"":""109MiB / 122.8GiB""},{""name"":""lab-woocommerce"",""cpu"":""0.00%"",""mem"":""204.2MiB / 122.8GiB""},{""name"":""lab-redis"",""cpu"":""5.00%"",""mem"":""76.09MiB / 122.8GiB""},{""name"":""lab-postgres"",""cpu"":""8.93%"",""mem"":""243.9MiB / 122.8GiB""},{""name"":""lab-mysql"",""cpu"":""0.78%"",""mem"":""713.3MiB / 122.8GiB""},{""name"":""lab-woocommerce-mysql"",""cpu"":""0.93%"",""mem"":""485.5MiB / 122.8GiB""},{""name"":""lab-allegro-stub"",""cpu"":""0.00%"",""mem"":""30.2MiB / 122.8GiB""}]"
2026-09-09T08:41:06Z,4,498,8,498,22,2666616499,"[{""name"":""lab-worker-1"",""cpu"":""3.37%"",""mem"":""127.9MiB / 122.8GiB""},{""name"":""lab-api"",""cpu"":""0.00%"",""mem"":""129.3MiB / 122.8GiB""},{""name"":""lab-wc-tls"",""cpu"":""0.00%"",""mem"":""30.18MiB / 122.8GiB""},{""name"":""lab-prestashop"",""cpu"":""0.01%"",""mem"":""109MiB / 122.8GiB""},{""name"":""lab-woocommerce"",""cpu"":""0.01%"",""mem"":""204.2MiB / 122.8GiB""},{""name"":""lab-redis"",""cpu"":""0.60%"",""mem"":""76.04MiB / 122.8GiB""},{""name"":""lab-postgres"",""cpu"":""40.69%"",""mem"":""249MiB / 122.8GiB""},{""name"":""lab-mysql"",""cpu"":""0.79%"",""mem"":""713.3MiB / 122.8GiB""},{""name"":""lab-woocommerce-mysql"",""cpu"":""0.84%"",""mem"":""485.5MiB / 122.8GiB""},{""name"":""lab-allegro-stub"",""cpu"":""0.00%"",""mem"":""30.2MiB / 122.8GiB""}]"
2026-09-09T08:41:10Z,3,497,7,499,24,2666616499,"[{""name"":""lab-worker-1"",""cpu"":""0.63%"",""mem"":""127.4MiB / 122.8GiB""},{""name"":""lab-api"",""cpu"":""0.00%"",""mem"":""129.3MiB / 122.8GiB""},{""name"":""lab-wc-tls"",""cpu"":""0.00%"",""mem"":""30.18MiB / 122.8GiB""},{""name"":""lab-prestashop"",""cpu"":""0.01%"",""mem"":""109MiB / 122.8GiB""},{""name"":""lab-woocommerce"",""cpu"":""0.01%"",""mem"":""204.2MiB / 122.8GiB""},{""name"":""lab-redis"",""cpu"":""0.30%"",""mem"":""76.03MiB / 122.8GiB""},{""name"":""lab-postgres"",""cpu"":""27.02%"",""mem"":""244MiB / 122.8GiB""},{""name"":""lab-mysql"",""cpu"":""0.84%"",""mem"":""713.3MiB / 122.8GiB""},{""name"":""lab-woocommerce-mysql"",""cpu"":""0.88%"",""mem"":""485.5MiB / 122.8GiB""},{""name"":""lab-allegro-stub"",""cpu"":""0.01%"",""mem"":""30.2MiB / 122.8GiB""}]"
2026-09-09T08:41:14Z,4,494,7,502,24,2666616499,"[{""name"":""lab-worker-1"",""cpu"":""3.71%"",""mem"":""127.8MiB / 122.8GiB""},{""name"":""lab-api"",""cpu"":""0.00%"",""mem"":""129.3MiB / 122.8GiB""},{""name"":""lab-wc-tls"",""cpu"":""0.00%"",""mem"":""30.18MiB / 122.8GiB""},{""name"":""lab-prestashop"",""cpu"":""0.01%"",""mem"":""109MiB / 122.8GiB""},{""name"":""lab-woocommerce"",""cpu"":""0.00%"",""mem"":""204.2MiB / 122.8GiB""},{""name"":""lab-redis"",""cpu"":""0.72%"",""mem"":""76.03MiB / 122.8GiB""},{""name"":""lab-postgres"",""cpu"":""7.92%"",""mem"":""244.1MiB / 122.8GiB""},{""name"":""lab-mysql"",""cpu"":""5.47%"",""mem"":""713.3MiB / 122.8GiB""},{""name"":""lab-woocommerce-mysql"",""cpu"":""0.97%"",""mem"":""485.5MiB / 122.8GiB""},{""name"":""lab-allegro-stub"",""cpu"":""0.00%"",""mem"":""30.2MiB / 122.8GiB""}]"
2026-09-09T08:41:18Z,4,492,8,504,23,2666616499,"[{""name"":""lab-worker-1"",""cpu"":""2.95%"",""mem"":""127.8MiB / 122.8GiB""},{""name"":""lab-api"",""cpu"":""0.00%"",""mem"":""129.3MiB / 122.8GiB""},{""name"":""lab-wc-tls"",""cpu"":""0.00%"",""mem"":""30.18MiB / 122.8GiB""},{""name"":""lab-prestashop"",""cpu"":""0.01%"",""mem"":""109MiB / 122.8GiB""},{""name"":""lab-woocommerce"",""cpu"":""0.00%"",""mem"":""204.2MiB / 122.8GiB""},{""name"":""lab-redis"",""cpu"":""0.40%"",""mem"":""76.28MiB / 122.8GiB""},{""name"":""lab-postgres"",""cpu"":""49.08%"",""mem"":""244MiB / 122.8GiB""},{""name"":""lab-mysql"",""cpu"":""0.68%"",""mem"":""713.3MiB / 122.8GiB""},{""name"":""lab-woocommerce-mysql"",""cpu"":""5.59%"",""mem"":""485.5MiB / 122.8GiB""},{""name"":""lab-allegro-stub"",""cpu"":""0.00%"",""mem"":""30.2MiB / 122.8GiB""}]"
2026-09-09T08:41:21Z,4,496,7,504,21,2666616499,"[{""name"":""lab-worker-1"",""cpu"":""3.44%"",""mem"":""127.6MiB / 122.8GiB""},{""name"":""lab-api"",""cpu"":""0.00%"",""mem"":""129.3MiB / 122.8GiB""},{""name"":""lab-wc-tls"",""cpu"":""0.00%"",""mem"":""30.18MiB / 122.8GiB""},{""name"":""lab-prestashop"",""cpu"":""0.01%"",""mem"":""109MiB / 122.8GiB""},{""name"":""lab-woocommerce"",""cpu"":""0.01%"",""mem"":""204.2MiB / 122.8GiB""},{""name"":""lab-redis"",""cpu"":""0.60%"",""mem"":""76.03MiB / 122.8GiB""},{""name"":""lab-postgres"",""cpu"":""14.52%"",""mem"":""244MiB / 122.8GiB""},{""name"":""lab-mysql"",""cpu"":""0.84%"",""mem"":""713.3MiB / 122.8GiB""},{""name"":""lab-woocommerce-mysql"",""cpu"":""1.95%"",""mem"":""485.8MiB / 122.8GiB""},{""name"":""lab-allegro-stub"",""cpu"":""0.00%"",""mem"":""30.21MiB / 122.8GiB""}]"
2026-09-09T08:41:25Z,3,489,8,506,24,2666616499,"[{""name"":""lab-worker-1"",""cpu"":""2.41%"",""mem"":""127.6MiB / 122.8GiB""},{""name"":""lab-api"",""cpu"":""0.00%"",""mem"":""129.3MiB / 122.8GiB""},{""name"":""lab-wc-tls"",""cpu"":""0.00%"",""mem"":""30.18MiB / 122.8GiB""},{""name"":""lab-prestashop"",""cpu"":""0.01%"",""mem"":""109MiB / 122.8GiB""},{""name"":""lab-woocommerce"",""cpu"":""0.00%"",""mem"":""204.2MiB / 122.8GiB""},{""name"":""lab-redis"",""cpu"":""0.42%"",""mem"":""76.03MiB / 122.8GiB""},{""name"":""lab-postgres"",""cpu"":""24.54%"",""mem"":""247.6MiB / 122.8GiB""},{""name"":""lab-mysql"",""cpu"":""0.86%"",""mem"":""713.3MiB / 122.8GiB""},{""name"":""lab-woocommerce-mysql"",""cpu"":""1.01%"",""mem"":""485.5MiB / 122.8GiB""},{""name"":""lab-allegro-stub"",""cpu"":""4.29%"",""mem"":""30.2MiB / 122.8GiB""}]"
2026-09-09T08:41:29Z,4,489,8,507,23,2666616499,"[{""name"":""lab-worker-1"",""cpu"":""2.96%"",""mem"":""128.3MiB / 122.8GiB""},{""name"":""lab-api"",""cpu"":""0.00%"",""mem"":""129.3MiB / 122.8GiB""},{""name"":""lab-wc-tls"",""cpu"":""0.00%"",""mem"":""30.18MiB / 122.8GiB""},{""name"":""lab-prestashop"",""cpu"":""0.01%"",""mem"":""109MiB / 122.8GiB""},{""name"":""lab-woocommerce"",""cpu"":""0.01%"",""mem"":""204.2MiB / 122.8GiB""},{""name"":""lab-redis"",""cpu"":""0.61%"",""mem"":""76.04MiB / 122.8GiB""},{""name"":""lab-postgres"",""cpu"":""33.19%"",""mem"":""244MiB / 122.8GiB""},{""name"":""lab-mysql"",""cpu"":""0.78%"",""mem"":""713.3MiB / 122.8GiB""},{""name"":""lab-woocommerce-mysql"",""cpu"":""0.81%"",""mem"":""485.5MiB / 122.8GiB""},{""name"":""lab-allegro-stub"",""cpu"":""0.00%"",""mem"":""30.2MiB / 122.8GiB""}]"
2026-09-09T08:41:32Z,4,484,7,509,28,2666616499,"[{""name"":""lab-worker-1"",""cpu"":""2.92%"",""mem"":""127.7MiB / 122.8GiB""},{""name"":""lab-api"",""cpu"":""0.00%"",""mem"":""129.3MiB / 122.8GiB""},{""name"":""lab-wc-tls"",""cpu"":""0.00%"",""mem"":""30.18MiB / 122.8GiB""},{""name"":""lab-prestashop"",""cpu"":""0.01%"",""mem"":""109MiB / 122.8GiB""},{""name"":""lab-woocommerce"",""cpu"":""0.00%"",""mem"":""204.2MiB / 122.8GiB""},{""name"":""lab-redis"",""cpu"":""0.68%"",""mem"":""76.03MiB / 122.8GiB""},{""name"":""lab-postgres"",""cpu"":""4.97%"",""mem"":""246MiB / 122.8GiB""},{""name"":""lab-mysql"",""cpu"":""1.02%"",""mem"":""713.3MiB / 122.8GiB""},{""name"":""lab-woocommerce-mysql"",""cpu"":""0.96%"",""mem"":""485.5MiB / 122.8GiB""},{""name"":""lab-allegro-stub"",""cpu"":""0.00%"",""mem"":""30.2MiB / 122.8GiB""}]"
2026-09-09T08:41:36Z,3,482,8,509,28,2666616499,"[{""name"":""lab-worker-1"",""cpu"":""3.00%"",""mem"":""127.9MiB / 122.8GiB""},{""name"":""lab-api"",""cpu"":""0.00%"",""mem"":""129.3MiB / 122.8GiB""},{""name"":""lab-wc-tls"",""cpu"":""0.00%"",""mem"":""30.18MiB / 122.8GiB""},{""name"":""lab-prestashop"",""cpu"":""0.01%"",""mem"":""109MiB / 122.8GiB""},{""name"":""lab-woocommerce"",""cpu"":""0.00%"",""mem"":""204.2MiB / 122.8GiB""},{""name"":""lab-redis"",""cpu"":""0.68%"",""mem"":""76.04MiB / 122.8GiB""},{""name"":""lab-postgres"",""cpu"":""31.57%"",""mem"":""244.1MiB / 122.8GiB""},{""name"":""lab-mysql"",""cpu"":""0.81%"",""mem"":""713.3MiB / 122.8GiB""},{""name"":""lab-woocommerce-mysql"",""cpu"":""0.83%"",""mem"":""485.5MiB / 122.8GiB""},{""name"":""lab-allegro-stub"",""cpu"":""0.00%"",""mem"":""30.2MiB / 122.8GiB""}]"
2026-09-09T08:41:40Z,4,483,8,509,27,2666616499,"[{""name"":""lab-worker-1"",""cpu"":""1.73%"",""mem"":""127.9MiB / 122.8GiB""},{""name"":""lab-api"",""cpu"":""0.00%"",""mem"":""129.3MiB / 122.8GiB""},{""name"":""lab-wc-tls"",""cpu"":""0.00%"",""mem"":""30.18MiB / 122.8GiB""},{""name"":""lab-prestashop"",""cpu"":""0.01%"",""mem"":""109MiB / 122.8GiB""},{""name"":""lab-woocommerce"",""cpu"":""0.01%"",""mem"":""204.2MiB / 122.8GiB""},{""name"":""lab-redis"",""cpu"":""0.52%"",""mem"":""76.03MiB / 122.8GiB""},{""name"":""lab-postgres"",""cpu"":""18.64%"",""mem"":""241.6MiB / 122.8GiB""},{""name"":""lab-mysql"",""cpu"":""0.90%"",""mem"":""713.3MiB / 122.8GiB""},{""name"":""lab-woocommerce-mysql"",""cpu"":""0.94%"",""mem"":""485.5MiB / 122.8GiB""},{""name"":""lab-allegro-stub"",""cpu"":""4.01%"",""mem"":""30.2MiB / 122.8GiB""}]"
2026-09-09T08:41:43Z,4,486,8,509,24,2666616499,"[{""name"":""lab-worker-1"",""cpu"":""1.34%"",""mem"":""127.7MiB / 122.8GiB""},{""name"":""lab-api"",""cpu"":""0.00%"",""mem"":""129.3MiB / 122.8GiB""},{""name"":""lab-wc-tls"",""cpu"":""0.00%"",""mem"":""30.18MiB / 122.8GiB""},{""name"":""lab-prestashop"",""cpu"":""0.00%"",""mem"":""109MiB / 122.8GiB""},{""name"":""lab-woocommerce"",""cpu"":""0.00%"",""mem"":""204.2MiB / 122.8GiB""},{""name"":""lab-redis"",""cpu"":""4.60%"",""mem"":""76.03MiB / 122.8GiB""},{""name"":""lab-postgres"",""cpu"":""32.18%"",""mem"":""243.7MiB / 122.8GiB""},{""name"":""lab-mysql"",""cpu"":""0.73%"",""mem"":""713.3MiB / 122.8GiB""},{""name"":""lab-woocommerce-mysql"",""cpu"":""0.76%"",""mem"":""485.5MiB / 122.8GiB""},{""name"":""lab-allegro-stub"",""cpu"":""0.00%"",""mem"":""30.2MiB / 122.8GiB""}]"
2026-09-09T08:41:47Z,3,482,8,510,27,2666616499,"[{""name"":""lab-worker-1"",""cpu"":""3.56%"",""mem"":""128.1MiB / 122.8GiB""},{""name"":""lab-api"",""cpu"":""0.00%"",""mem"":""129.3MiB / 122.8GiB""},{""name"":""lab-wc-tls"",""cpu"":""0.00%"",""mem"":""30.18MiB / 122.8GiB""},{""name"":""lab-prestashop"",""cpu"":""0.01%"",""mem"":""109MiB / 122.8GiB""},{""name"":""lab-woocommerce"",""cpu"":""0.01%"",""mem"":""204.2MiB / 122.8GiB""},{""name"":""lab-redis"",""cpu"":""0.59%"",""mem"":""76.03MiB / 122.8GiB""},{""name"":""lab-postgres"",""cpu"":""32.38%"",""mem"":""241.6MiB / 122.8GiB""},{""name"":""lab-mysql"",""cpu"":""0.81%"",""mem"":""713.3MiB / 122.8GiB""},{""name"":""lab-woocommerce-mysql"",""cpu"":""0.84%"",""mem"":""485.5MiB / 122.8GiB""},{""name"":""lab-allegro-stub"",""cpu"":""0.00%"",""mem"":""30.2MiB / 122.8GiB""}]"
2026-09-09T08:41:51Z,4,480,7,510,29,2666616499,"[{""name"":""lab-worker-1"",""cpu"":""0.93%"",""mem"":""127.8MiB / 122.8GiB""},{""name"":""lab-api"",""cpu"":""0.00%"",""mem"":""129.3MiB / 122.8GiB""},{""name"":""lab-wc-tls"",""cpu"":""0.00%"",""mem"":""30.18MiB / 122.8GiB""},{""name"":""lab-prestashop"",""cpu"":""0.01%"",""mem"":""109MiB / 122.8GiB""},{""name"":""lab-woocommerce"",""cpu"":""0.01%"",""mem"":""204.2MiB / 122.8GiB""},{""name"":""lab-redis"",""cpu"":""0.39%"",""mem"":""76.03MiB / 122.8GiB""},{""name"":""lab-postgres"",""cpu"":""3.04%"",""mem"":""249.5MiB / 122.8GiB""},{""name"":""lab-mysql"",""cpu"":""0.99%"",""mem"":""713.3MiB / 122.8GiB""},{""name"":""lab-woocommerce-mysql"",""cpu"":""1.42%"",""mem"":""485.5MiB / 122.8GiB""},{""name"":""lab-allegro-stub"",""cpu"":""0.00%"",""mem"":""30.2MiB / 122.8GiB""}]"
2026-09-09T08:41:55Z,4,482,7,512,26,2666616499,"[{""name"":""lab-worker-1"",""cpu"":""3.25%"",""mem"":""127.8MiB / 122.8GiB""},{""name"":""lab-api"",""cpu"":""0.00%"",""mem"":""129.3MiB / 122.8GiB""},{""name"":""lab-wc-tls"",""cpu"":""0.00%"",""mem"":""30.18MiB / 122.8GiB""},{""name"":""lab-prestashop"",""cpu"":""0.00%"",""mem"":""109MiB / 122.8GiB""},{""name"":""lab-woocommerce"",""cpu"":""0.01%"",""mem"":""204.2MiB / 122.8GiB""},{""name"":""lab-redis"",""cpu"":""0.58%"",""mem"":""76.03MiB / 122.8GiB""},{""name"":""lab-postgres"",""cpu"":""33.68%"",""mem"":""241.6MiB / 122.8GiB""},{""name"":""lab-mysql"",""cpu"":""5.11%"",""mem"":""713.3MiB / 122.8GiB""},{""name"":""lab-woocommerce-mysql"",""cpu"":""0.78%"",""mem"":""485.5MiB / 122.8GiB""},{""name"":""lab-allegro-stub"",""cpu"":""4.11%"",""mem"":""30.22MiB / 122.8GiB""}]"
2026-09-09T08:41:58Z,4,477,8,512,30,2666616499,"[{""name"":""lab-worker-1"",""cpu"":""1.43%"",""mem"":""127.7MiB / 122.8GiB""},{""name"":""lab-api"",""cpu"":""0.00%"",""mem"":""129.3MiB / 122.8GiB""},{""name"":""lab-wc-tls"",""cpu"":""0.00%"",""mem"":""30.18MiB / 122.8GiB""},{""name"":""lab-prestashop"",""cpu"":""0.01%"",""mem"":""109MiB / 122.8GiB""},{""name"":""lab-woocommerce"",""cpu"":""0.01%"",""mem"":""204.2MiB / 122.8GiB""},{""name"":""lab-redis"",""cpu"":""0.46%"",""mem"":""76.04MiB / 122.8GiB""},{""name"":""lab-postgres"",""cpu"":""24.88%"",""mem"":""241.8MiB / 122.8GiB""},{""name"":""lab-mysql"",""cpu"":""0.88%"",""mem"":""713.3MiB / 122.8GiB""},{""name"":""lab-woocommerce-mysql"",""cpu"":""5.17%"",""mem"":""485.8MiB / 122.8GiB""},{""name"":""lab-allegro-stub"",""cpu"":""0.00%"",""mem"":""30.2MiB / 122.8GiB""}]"
2026-09-09T08:42:02Z,3,478,8,512,29,2666616499,"[{""name"":""lab-worker-1"",""cpu"":""3.03%"",""mem"":""128.3MiB / 122.8GiB""},{""name"":""lab-api"",""cpu"":""0.00%"",""mem"":""129.3MiB / 122.8GiB""},{""name"":""lab-wc-tls"",""cpu"":""0.00%"",""mem"":""30.18MiB / 122.8GiB""},{""name"":""lab-prestashop"",""cpu"":""0.01%"",""mem"":""109MiB / 122.8GiB""},{""name"":""lab-woocommerce"",""cpu"":""0.00%"",""mem"":""204.2MiB / 122.8GiB""},{""name"":""lab-redis"",""cpu"":""0.61%"",""mem"":""76.04MiB / 122.8GiB""},{""name"":""lab-postgres"",""cpu"":""19.72%"",""mem"":""245MiB / 122.8GiB""},{""name"":""lab-mysql"",""cpu"":""0.93%"",""mem"":""713.3MiB / 122.8GiB""},{""name"":""lab-woocommerce-mysql"",""cpu"":""0.96%"",""mem"":""485.5MiB / 122.8GiB""},{""name"":""lab-allegro-stub"",""cpu"":""0.00%"",""mem"":""30.2MiB / 122.8GiB""}]"
2026-09-09T08:42:06Z,4,477,8,513,29,2666616499,"[{""name"":""lab-worker-1"",""cpu"":""2.20%"",""mem"":""128.3MiB / 122.8GiB""},{""name"":""lab-api"",""cpu"":""0.00%"",""mem"":""129.3MiB / 122.8GiB""},{""name"":""lab-wc-tls"",""cpu"":""0.00%"",""mem"":""30.18MiB / 122.8GiB""},{""name"":""lab-prestashop"",""cpu"":""0.00%"",""mem"":""109MiB / 122.8GiB""},{""name"":""lab-woocommerce"",""cpu"":""0.01%"",""mem"":""204.2MiB / 122.8GiB""},{""name"":""lab-redis"",""cpu"":""0.44%"",""mem"":""76.04MiB / 122.8GiB""},{""name"":""lab-postgres"",""cpu"":""32.25%"",""mem"":""241.8MiB / 122.8GiB""},{""name"":""lab-mysql"",""cpu"":""0.76%"",""mem"":""713.3MiB / 122.8GiB""},{""name"":""lab-woocommerce-mysql"",""cpu"":""0.81%"",""mem"":""485.5MiB / 122.8GiB""},{""name"":""lab-allegro-stub"",""cpu"":""0.00%"",""mem"":""30.2MiB / 122.8GiB""}]"
2026-09-09T08:42:09Z,4,476,7,516,28,2666616499,"[{""name"":""lab-worker-1"",""cpu"":""1.49%"",""mem"":""127.8MiB / 122.8GiB""},{""name"":""lab-api"",""cpu"":""0.00%"",""mem"":""129.3MiB / 122.8GiB""},{""name"":""lab-wc-tls"",""cpu"":""0.00%"",""mem"":""30.18MiB / 122.8GiB""},{""name"":""lab-prestashop"",""cpu"":""0.01%"",""mem"":""109MiB / 122.8GiB""},{""name"":""lab-woocommerce"",""cpu"":""0.00%"",""mem"":""204.2MiB / 122.8GiB""},{""name"":""lab-redis"",""cpu"":""0.46%"",""mem"":""76.28MiB / 122.8GiB""},{""name"":""lab-postgres"",""cpu"":""18.61%"",""mem"":""241.7MiB / 122.8GiB""},{""name"":""lab-mysql"",""cpu"":""0.88%"",""mem"":""713.3MiB / 122.8GiB""},{""name"":""lab-woocommerce-mysql"",""cpu"":""0.94%"",""mem"":""485.5MiB / 122.8GiB""},{""name"":""lab-allegro-stub"",""cpu"":""0.00%"",""mem"":""30.2MiB / 122.8GiB""}]"
2026-09-09T08:42:13Z,3,472,7,519,29,2666616499,"[{""name"":""lab-worker-1"",""cpu"":""3.37%"",""mem"":""127.8MiB / 122.8GiB""},{""name"":""lab-api"",""cpu"":""0.00%"",""mem"":""129.3MiB / 122.8GiB""},{""name"":""lab-wc-tls"",""cpu"":""0.00%"",""mem"":""30.18MiB / 122.8GiB""},{""name"":""lab-prestashop"",""cpu"":""0.00%"",""mem"":""109MiB / 122.8GiB""},{""name"":""lab-woocommerce"",""cpu"":""0.00%"",""mem"":""204.2MiB / 122.8GiB""},{""name"":""lab-redis"",""cpu"":""4.82%"",""mem"":""76.04MiB / 122.8GiB""},{""name"":""lab-postgres"",""cpu"":""31.53%"",""mem"":""244.5MiB / 122.8GiB""},{""name"":""lab-mysql"",""cpu"":""0.77%"",""mem"":""713.3MiB / 122.8GiB""},{""name"":""lab-woocommerce-mysql"",""cpu"":""0.84%"",""mem"":""485.5MiB / 122.8GiB""},{""name"":""lab-allegro-stub"",""cpu"":""0.00%"",""mem"":""30.2MiB / 122.8GiB""}]"
2026-09-09T08:42:17Z,4,473,8,519,27,2666616499,"[{""name"":""lab-worker-1"",""cpu"":""3.54%"",""mem"":""128.4MiB / 122.8GiB""},{""name"":""lab-api"",""cpu"":""0.00%"",""mem"":""129.3MiB / 122.8GiB""},{""name"":""lab-wc-tls"",""cpu"":""0.00%"",""mem"":""30.18MiB / 122.8GiB""},{""name"":""lab-prestashop"",""cpu"":""0.00%"",""mem"":""109MiB / 122.8GiB""},{""name"":""lab-woocommerce"",""cpu"":""0.01%"",""mem"":""204.2MiB / 122.8GiB""},{""name"":""lab-redis"",""cpu"":""0.57%"",""mem"":""76.28MiB / 122.8GiB""},{""name"":""lab-postgres"",""cpu"":""26.32%"",""mem"":""241.7MiB / 122.8GiB""},{""name"":""lab-mysql"",""cpu"":""0.84%"",""mem"":""713.3MiB / 122.8GiB""},{""name"":""lab-woocommerce-mysql"",""cpu"":""0.85%"",""mem"":""485.5MiB / 122.8GiB""},{""name"":""lab-allegro-stub"",""cpu"":""0.00%"",""mem"":""30.2MiB / 122.8GiB""}]"
2026-09-09T08:42:21Z,4,474,7,520,26,2666616499,"[{""name"":""lab-worker-1"",""cpu"":""3.08%"",""mem"":""127.9MiB / 122.8GiB""},{""name"":""lab-api"",""cpu"":""0.00%"",""mem"":""129.3MiB / 122.8GiB""},{""name"":""lab-wc-tls"",""cpu"":""0.00%"",""mem"":""30.18MiB / 122.8GiB""},{""name"":""lab-prestashop"",""cpu"":""0.01%"",""mem"":""109MiB / 122.8GiB""},{""name"":""lab-woocommerce"",""cpu"":""13.57%"",""mem"":""204.3MiB / 122.8GiB""},{""name"":""lab-redis"",""cpu"":""0.78%"",""mem"":""76.04MiB / 122.8GiB""},{""name"":""lab-postgres"",""cpu"":""10.73%"",""mem"":""248.7MiB / 122.8GiB""},{""name"":""lab-mysql"",""cpu"":""0.83%"",""mem"":""713.3MiB / 122.8GiB""},{""name"":""lab-woocommerce-mysql"",""cpu"":""2.00%"",""mem"":""485.8MiB / 122.8GiB""},{""name"":""lab-allegro-stub"",""cpu"":""4.37%"",""mem"":""30.2MiB / 122.8GiB""}]"
2026-09-09T08:42:24Z,4,472,8,522,25,2666616499,"[{""name"":""lab-worker-1"",""cpu"":""3.29%"",""mem"":""127.7MiB / 122.8GiB""},{""name"":""lab-api"",""cpu"":""0.00%"",""mem"":""129.3MiB / 122.8GiB""},{""name"":""lab-wc-tls"",""cpu"":""0.00%"",""mem"":""30.18MiB / 122.8GiB""},{""name"":""lab-prestashop"",""cpu"":""0.01%"",""mem"":""109MiB / 122.8GiB""},{""name"":""lab-woocommerce"",""cpu"":""0.01%"",""mem"":""204.2MiB / 122.8GiB""},{""name"":""lab-redis"",""cpu"":""0.42%"",""mem"":""76.03MiB / 122.8GiB""},{""name"":""lab-postgres"",""cpu"":""30.58%"",""mem"":""241.7MiB / 122.8GiB""},{""name"":""lab-mysql"",""cpu"":""5.51%"",""mem"":""713.3MiB / 122.8GiB""},{""name"":""lab-woocommerce-mysql"",""cpu"":""0.84%"",""mem"":""485.5MiB / 122.8GiB""},{""name"":""lab-allegro-stub"",""cpu"":""0.00%"",""mem"":""30.2MiB / 122.8GiB""}]"
2026-09-09T08:42:28Z,3,473,7,524,23,2666616499,"[{""name"":""lab-worker-1"",""cpu"":""6.03%"",""mem"":""127.8MiB / 122.8GiB""},{""name"":""lab-api"",""cpu"":""0.00%"",""mem"":""129.3MiB / 122.8GiB""},{""name"":""lab-wc-tls"",""cpu"":""0.00%"",""mem"":""30.18MiB / 122.8GiB""},{""name"":""lab-prestashop"",""cpu"":""0.00%"",""mem"":""109MiB / 122.8GiB""},{""name"":""lab-woocommerce"",""cpu"":""0.00%"",""mem"":""204.2MiB / 122.8GiB""},{""name"":""lab-redis"",""cpu"":""0.63%"",""mem"":""76.03MiB / 122.8GiB""},{""name"":""lab-postgres"",""cpu"":""19.81%"",""mem"":""241.6MiB / 122.8GiB""},{""name"":""lab-mysql"",""cpu"":""0.74%"",""mem"":""713.3MiB / 122.8GiB""},{""name"":""lab-woocommerce-mysql"",""cpu"":""5.64%"",""mem"":""485.6MiB / 122.8GiB""},{""name"":""lab-allegro-stub"",""cpu"":""0.00%"",""mem"":""30.2MiB / 122.8GiB""}]"
2026-09-09T08:42:32Z,4,470,8,528,21,2666616499,"[{""name"":""lab-worker-1"",""cpu"":""1.08%"",""mem"":""128.1MiB / 122.8GiB""},{""name"":""lab-api"",""cpu"":""0.00%"",""mem"":""129.3MiB / 122.8GiB""},{""name"":""lab-wc-tls"",""cpu"":""0.00%"",""mem"":""30.18MiB / 122.8GiB""},{""name"":""lab-prestashop"",""cpu"":""0.00%"",""mem"":""109MiB / 122.8GiB""},{""name"":""lab-woocommerce"",""cpu"":""0.01%"",""mem"":""204.2MiB / 122.8GiB""},{""name"":""lab-redis"",""cpu"":""0.40%"",""mem"":""76.28MiB / 122.8GiB""},{""name"":""lab-postgres"",""cpu"":""24.88%"",""mem"":""241.8MiB / 122.8GiB""},{""name"":""lab-mysql"",""cpu"":""0.84%"",""mem"":""713.3MiB / 122.8GiB""},{""name"":""lab-woocommerce-mysql"",""cpu"":""0.85%"",""mem"":""485.5MiB / 122.8GiB""},{""name"":""lab-allegro-stub"",""cpu"":""0.00%"",""mem"":""30.2MiB / 122.8GiB""}]"
2026-09-09T08:42:35Z,4,474,8,529,16,2666616499,"[{""name"":""lab-worker-1"",""cpu"":""3.51%"",""mem"":""127.5MiB / 122.8GiB""},{""name"":""lab-api"",""cpu"":""0.00%"",""mem"":""129.3MiB / 122.8GiB""},{""name"":""lab-wc-tls"",""cpu"":""0.00%"",""mem"":""30.18MiB / 122.8GiB""},{""name"":""lab-prestashop"",""cpu"":""0.00%"",""mem"":""109MiB / 122.8GiB""},{""name"":""lab-woocommerce"",""cpu"":""0.01%"",""mem"":""204.2MiB / 122.8GiB""},{""name"":""lab-redis"",""cpu"":""0.58%"",""mem"":""76.28MiB / 122.8GiB""},{""name"":""lab-postgres"",""cpu"":""43.94%"",""mem"":""242.1MiB / 122.8GiB""},{""name"":""lab-mysql"",""cpu"":""0.69%"",""mem"":""713.3MiB / 122.8GiB""},{""name"":""lab-woocommerce-mysql"",""cpu"":""0.69%"",""mem"":""485.5MiB / 122.8GiB""},{""name"":""lab-allegro-stub"",""cpu"":""4.18%"",""mem"":""30.21MiB / 122.8GiB""}]"
2026-09-09T08:42:39Z,3,470,6,531,20,2666616499,"[{""name"":""lab-worker-1"",""cpu"":""1.31%"",""mem"":""127.6MiB / 122.8GiB""},{""name"":""lab-api"",""cpu"":""0.00%"",""mem"":""129.3MiB / 122.8GiB""},{""name"":""lab-wc-tls"",""cpu"":""0.00%"",""mem"":""30.18MiB / 122.8GiB""},{""name"":""lab-prestashop"",""cpu"":""5.34%"",""mem"":""109.1MiB / 122.8GiB""},{""name"":""lab-woocommerce"",""cpu"":""0.01%"",""mem"":""204.2MiB / 122.8GiB""},{""name"":""lab-redis"",""cpu"":""0.42%"",""mem"":""76.03MiB / 122.8GiB""},{""name"":""lab-postgres"",""cpu"":""6.38%"",""mem"":""241.7MiB / 122.8GiB""},{""name"":""lab-mysql"",""cpu"":""1.33%"",""mem"":""713.3MiB / 122.8GiB""},{""name"":""lab-woocommerce-mysql"",""cpu"":""0.79%"",""mem"":""485.5MiB / 122.8GiB""},{""name"":""lab-allegro-stub"",""cpu"":""0.00%"",""mem"":""30.2MiB / 122.8GiB""}]"
2026-09-09T08:42:43Z,4,468,7,531,21,2666616499,"[{""name"":""lab-worker-1"",""cpu"":""4.22%"",""mem"":""127.9MiB / 122.8GiB""},{""name"":""lab-api"",""cpu"":""0.00%"",""mem"":""129.3MiB / 122.8GiB""},{""name"":""lab-wc-tls"",""cpu"":""0.00%"",""mem"":""30.18MiB / 122.8GiB""},{""name"":""lab-prestashop"",""cpu"":""0.00%"",""mem"":""109MiB / 122.8GiB""},{""name"":""lab-woocommerce"",""cpu"":""0.01%"",""mem"":""204.2MiB / 122.8GiB""},{""name"":""lab-redis"",""cpu"":""0.57%"",""mem"":""76.03MiB / 122.8GiB""},{""name"":""lab-postgres"",""cpu"":""32.50%"",""mem"":""241.8MiB / 122.8GiB""},{""name"":""lab-mysql"",""cpu"":""0.78%"",""mem"":""713.3MiB / 122.8GiB""},{""name"":""lab-woocommerce-mysql"",""cpu"":""0.79%"",""mem"":""485.5MiB / 122.8GiB""},{""name"":""lab-allegro-stub"",""cpu"":""0.00%"",""mem"":""30.2MiB / 122.8GiB""}]"
2026-09-09T08:42:46Z,4,466,10,535,19,2666616499,"[{""name"":""lab-worker-1"",""cpu"":""2.40%"",""mem"":""128.2MiB / 122.8GiB""},{""name"":""lab-api"",""cpu"":""0.00%"",""mem"":""129.3MiB / 122.8GiB""},{""name"":""lab-wc-tls"",""cpu"":""0.00%"",""mem"":""30.18MiB / 122.8GiB""},{""name"":""lab-prestashop"",""cpu"":""0.01%"",""mem"":""109MiB / 122.8GiB""},{""name"":""lab-woocommerce"",""cpu"":""0.01%"",""mem"":""204.2MiB / 122.8GiB""},{""name"":""lab-redis"",""cpu"":""0.60%"",""mem"":""76.29MiB / 122.8GiB""},{""name"":""lab-postgres"",""cpu"":""24.04%"",""mem"":""241.8MiB / 122.8GiB""},{""name"":""lab-mysql"",""cpu"":""0.88%"",""mem"":""713.3MiB / 122.8GiB""},{""name"":""lab-woocommerce-mysql"",""cpu"":""0.88%"",""mem"":""485.5MiB / 122.8GiB""},{""name"":""lab-allegro-stub"",""cpu"":""0.01%"",""mem"":""30.2MiB / 122.8GiB""}]"
2026-09-09T08:42:50Z,3,463,7,535,22,2666616499,"[{""name"":""lab-worker-1"",""cpu"":""2.45%"",""mem"":""127.7MiB / 122.8GiB""},{""name"":""lab-api"",""cpu"":""0.00%"",""mem"":""129.3MiB / 122.8GiB""},{""name"":""lab-wc-tls"",""cpu"":""0.00%"",""mem"":""30.18MiB / 122.8GiB""},{""name"":""lab-prestashop"",""cpu"":""0.01%"",""mem"":""109MiB / 122.8GiB""},{""name"":""lab-woocommerce"",""cpu"":""19.57%"",""mem"":""214.2MiB / 122.8GiB""},{""name"":""lab-redis"",""cpu"":""0.61%"",""mem"":""76.03MiB / 122.8GiB""},{""name"":""lab-postgres"",""cpu"":""20.75%"",""mem"":""250.9MiB / 122.8GiB""},{""name"":""lab-mysql"",""cpu"":""0.89%"",""mem"":""713.3MiB / 122.8GiB""},{""name"":""lab-woocommerce-mysql"",""cpu"":""4.21%"",""mem"":""485.6MiB / 122.8GiB""},{""name"":""lab-allegro-stub"",""cpu"":""3.95%"",""mem"":""30.25MiB / 122.8GiB""}]"
2026-09-09T08:42:54Z,4,464,8,535,19,2666616499,"[{""name"":""lab-worker-1"",""cpu"":""12.73%"",""mem"":""128.2MiB / 122.8GiB""},{""name"":""lab-api"",""cpu"":""0.00%"",""mem"":""129.3MiB / 122.8GiB""},{""name"":""lab-wc-tls"",""cpu"":""0.00%"",""mem"":""30.18MiB / 122.8GiB""},{""name"":""lab-prestashop"",""cpu"":""0.00%"",""mem"":""109MiB / 122.8GiB""},{""name"":""lab-woocommerce"",""cpu"":""0.00%"",""mem"":""204.2MiB / 122.8GiB""},{""name"":""lab-redis"",""cpu"":""4.64%"",""mem"":""76.03MiB / 122.8GiB""},{""name"":""lab-postgres"",""cpu"":""31.00%"",""mem"":""241.9MiB / 122.8GiB""},{""name"":""lab-mysql"",""cpu"":""0.76%"",""mem"":""713.3MiB / 122.8GiB""},{""name"":""lab-woocommerce-mysql"",""cpu"":""1.25%"",""mem"":""485.8MiB / 122.8GiB""},{""name"":""lab-allegro-stub"",""cpu"":""0.00%"",""mem"":""30.2MiB / 122.8GiB""}]"
2026-09-09T08:42:58Z,4,466,8,535,18,2666616499,"[{""name"":""lab-worker-1"",""cpu"":""3.53%"",""mem"":""127.7MiB / 122.8GiB""},{""name"":""lab-api"",""cpu"":""0.00%"",""mem"":""129.3MiB / 122.8GiB""},{""name"":""lab-wc-tls"",""cpu"":""0.00%"",""mem"":""30.18MiB / 122.8GiB""},{""name"":""lab-prestashop"",""cpu"":""0.01%"",""mem"":""109MiB / 122.8GiB""},{""name"":""lab-woocommerce"",""cpu"":""0.01%"",""mem"":""204.2MiB / 122.8GiB""},{""name"":""lab-redis"",""cpu"":""0.62%"",""mem"":""76.03MiB / 122.8GiB""},{""name"":""lab-postgres"",""cpu"":""2.21%"",""mem"":""239.4MiB / 122.8GiB""},{""name"":""lab-mysql"",""cpu"":""0.98%"",""mem"":""713.3MiB / 122.8GiB""},{""name"":""lab-woocommerce-mysql"",""cpu"":""1.02%"",""mem"":""485.5MiB / 122.8GiB""},{""name"":""lab-allegro-stub"",""cpu"":""0.00%"",""mem"":""30.2MiB / 122.8GiB""}]"
2026-09-09T08:43:01Z,4,463,7,537,20,2666616499,"[{""name"":""lab-worker-1"",""cpu"":""3.72%"",""mem"":""127.7MiB / 122.8GiB""},{""name"":""lab-api"",""cpu"":""0.00%"",""mem"":""129.3MiB / 122.8GiB""},{""name"":""lab-wc-tls"",""cpu"":""0.00%"",""mem"":""30.18MiB / 122.8GiB""},{""name"":""lab-prestashop"",""cpu"":""0.00%"",""mem"":""109MiB / 122.8GiB""},{""name"":""lab-woocommerce"",""cpu"":""0.01%"",""mem"":""204.2MiB / 122.8GiB""},{""name"":""lab-redis"",""cpu"":""0.83%"",""mem"":""76.04MiB / 122.8GiB""},{""name"":""lab-postgres"",""cpu"":""46.58%"",""mem"":""241.7MiB / 122.8GiB""},{""name"":""lab-mysql"",""cpu"":""0.78%"",""mem"":""713.3MiB / 122.8GiB""},{""name"":""lab-woocommerce-mysql"",""cpu"":""0.76%"",""mem"":""485.5MiB / 122.8GiB""},{""name"":""lab-allegro-stub"",""cpu"":""0.01%"",""mem"":""30.2MiB / 122.8GiB""}]"
2026-09-09T08:43:05Z,3,459,8,537,23,2666616499,"[{""name"":""lab-worker-1"",""cpu"":""0.92%"",""mem"":""128.3MiB / 122.8GiB""},{""name"":""lab-api"",""cpu"":""0.00%"",""mem"":""129.3MiB / 122.8GiB""},{""name"":""lab-wc-tls"",""cpu"":""0.00%"",""mem"":""30.18MiB / 122.8GiB""},{""name"":""lab-prestashop"",""cpu"":""0.01%"",""mem"":""109MiB / 122.8GiB""},{""name"":""lab-woocommerce"",""cpu"":""0.01%"",""mem"":""204.2MiB / 122.8GiB""},{""name"":""lab-redis"",""cpu"":""0.39%"",""mem"":""76.28MiB / 122.8GiB""},{""name"":""lab-postgres"",""cpu"":""19.87%"",""mem"":""241.7MiB / 122.8GiB""},{""name"":""lab-mysql"",""cpu"":""5.58%"",""mem"":""713.3MiB / 122.8GiB""},{""name"":""lab-woocommerce-mysql"",""cpu"":""0.89%"",""mem"":""485.5MiB / 122.8GiB""},{""name"":""lab-allegro-stub"",""cpu"":""0.01%"",""mem"":""30.2MiB / 122.8GiB""}]"
2026-09-09T08:43:09Z,4,456,7,538,26,2666616499,"[{""name"":""lab-worker-1"",""cpu"":""2.70%"",""mem"":""127.9MiB / 122.8GiB""},{""name"":""lab-api"",""cpu"":""0.00%"",""mem"":""129.3MiB / 122.8GiB""},{""name"":""lab-wc-tls"",""cpu"":""0.00%"",""mem"":""30.18MiB / 122.8GiB""},{""name"":""lab-prestashop"",""cpu"":""5.38%"",""mem"":""109.1MiB / 122.8GiB""},{""name"":""lab-woocommerce"",""cpu"":""0.00%"",""mem"":""204.2MiB / 122.8GiB""},{""name"":""lab-redis"",""cpu"":""0.49%"",""mem"":""76.04MiB / 122.8GiB""},{""name"":""lab-postgres"",""cpu"":""26.19%"",""mem"":""241.8MiB / 122.8GiB""},{""name"":""lab-mysql"",""cpu"":""1.22%"",""mem"":""713.3MiB / 122.8GiB""},{""name"":""lab-woocommerce-mysql"",""cpu"":""5.69%"",""mem"":""485.5MiB / 122.8GiB""},{""name"":""lab-allegro-stub"",""cpu"":""0.00%"",""mem"":""30.2MiB / 122.8GiB""}]"
2026-09-09T08:43:12Z,4,454,7,541,25,2666616499,"[{""name"":""lab-worker-1"",""cpu"":""1.38%"",""mem"":""128.2MiB / 122.8GiB""},{""name"":""lab-api"",""cpu"":""0.00%"",""mem"":""129.3MiB / 122.8GiB""},{""name"":""lab-wc-tls"",""cpu"":""0.00%"",""mem"":""30.18MiB / 122.8GiB""},{""name"":""lab-prestashop"",""cpu"":""0.00%"",""mem"":""109MiB / 122.8GiB""},{""name"":""lab-woocommerce"",""cpu"":""0.00%"",""mem"":""204.2MiB / 122.8GiB""},{""name"":""lab-redis"",""cpu"":""0.49%"",""mem"":""76.04MiB / 122.8GiB""},{""name"":""lab-postgres"",""cpu"":""44.55%"",""mem"":""241.8MiB / 122.8GiB""},{""name"":""lab-mysql"",""cpu"":""0.77%"",""mem"":""713.3MiB / 122.8GiB""},{""name"":""lab-woocommerce-mysql"",""cpu"":""0.83%"",""mem"":""485.5MiB / 122.8GiB""},{""name"":""lab-allegro-stub"",""cpu"":""0.00%"",""mem"":""30.2MiB / 122.8GiB""}]"
2026-09-09T08:43:16Z,3,453,8,543,25,2666616499,"[{""name"":""lab-worker-1"",""cpu"":""3.19%"",""mem"":""127.7MiB / 122.8GiB""},{""name"":""lab-api"",""cpu"":""0.00%"",""mem"":""129.3MiB / 122.8GiB""},{""name"":""lab-wc-tls"",""cpu"":""0.00%"",""mem"":""30.18MiB / 122.8GiB""},{""name"":""lab-prestashop"",""cpu"":""0.01%"",""mem"":""109MiB / 122.8GiB""},{""name"":""lab-woocommerce"",""cpu"":""0.01%"",""mem"":""204.2MiB / 122.8GiB""},{""name"":""lab-redis"",""cpu"":""0.54%"",""mem"":""76.03MiB / 122.8GiB""},{""name"":""lab-postgres"",""cpu"":""5.18%"",""mem"":""249MiB / 122.8GiB""},{""name"":""lab-mysql"",""cpu"":""1.01%"",""mem"":""713.3MiB / 122.8GiB""},{""name"":""lab-woocommerce-mysql"",""cpu"":""1.03%"",""mem"":""485.5MiB / 122.8GiB""},{""name"":""lab-allegro-stub"",""cpu"":""3.83%"",""mem"":""30.21MiB / 122.8GiB""}]"
2026-09-09T08:43:20Z,4,451,7,544,25,2666616499,"[{""name"":""lab-worker-1"",""cpu"":""1.28%"",""mem"":""127.8MiB / 122.8GiB""},{""name"":""lab-api"",""cpu"":""0.00%"",""mem"":""129.3MiB / 122.8GiB""},{""name"":""lab-wc-tls"",""cpu"":""0.00%"",""mem"":""30.18MiB / 122.8GiB""},{""name"":""lab-prestashop"",""cpu"":""0.00%"",""mem"":""109MiB / 122.8GiB""},{""name"":""lab-woocommerce"",""cpu"":""0.01%"",""mem"":""204.2MiB / 122.8GiB""},{""name"":""lab-redis"",""cpu"":""0.49%"",""mem"":""76.28MiB / 122.8GiB""},{""name"":""lab-postgres"",""cpu"":""31.45%"",""mem"":""241.7MiB / 122.8GiB""},{""name"":""lab-mysql"",""cpu"":""0.85%"",""mem"":""713.3MiB / 122.8GiB""},{""name"":""lab-woocommerce-mysql"",""cpu"":""0.79%"",""mem"":""485.5MiB / 122.8GiB""},{""name"":""lab-allegro-stub"",""cpu"":""0.00%"",""mem"":""30.2MiB / 122.8GiB""}]"
2026-09-09T08:43:24Z,4,447,7,547,25,2666616499,"[{""name"":""lab-worker-1"",""cpu"":""2.62%"",""mem"":""127.8MiB / 122.8GiB""},{""name"":""lab-api"",""cpu"":""0.00%"",""mem"":""129.3MiB / 122.8GiB""},{""name"":""lab-wc-tls"",""cpu"":""0.00%"",""mem"":""30.18MiB / 122.8GiB""},{""name"":""lab-prestashop"",""cpu"":""0.01%"",""mem"":""109MiB / 122.8GiB""},{""name"":""lab-woocommerce"",""cpu"":""0.00%"",""mem"":""204.2MiB / 122.8GiB""},{""name"":""lab-redis"",""cpu"":""5.02%"",""mem"":""76.13MiB / 122.8GiB""},{""name"":""lab-postgres"",""cpu"":""19.94%"",""mem"":""241.6MiB / 122.8GiB""},{""name"":""lab-mysql"",""cpu"":""0.93%"",""mem"":""713.3MiB / 122.8GiB""},{""name"":""lab-woocommerce-mysql"",""cpu"":""0.82%"",""mem"":""485.5MiB / 122.8GiB""},{""name"":""lab-allegro-stub"",""cpu"":""0.00%"",""mem"":""30.2MiB / 122.8GiB""}]"
2026-09-09T08:43:27Z,4,445,8,549,25,2666616499,"[{""name"":""lab-worker-1"",""cpu"":""4.06%"",""mem"":""127.7MiB / 122.8GiB""},{""name"":""lab-api"",""cpu"":""0.00%"",""mem"":""129.3MiB / 122.8GiB""},{""name"":""lab-wc-tls"",""cpu"":""0.00%"",""mem"":""30.18MiB / 122.8GiB""},{""name"":""lab-prestashop"",""cpu"":""0.01%"",""mem"":""109MiB / 122.8GiB""},{""name"":""lab-woocommerce"",""cpu"":""0.00%"",""mem"":""204.2MiB / 122.8GiB""},{""name"":""lab-redis"",""cpu"":""0.72%"",""mem"":""76.04MiB / 122.8GiB""},{""name"":""lab-postgres"",""cpu"":""29.99%"",""mem"":""250.4MiB / 122.8GiB""},{""name"":""lab-mysql"",""cpu"":""0.92%"",""mem"":""713.3MiB / 122.8GiB""},{""name"":""lab-woocommerce-mysql"",""cpu"":""0.87%"",""mem"":""485.5MiB / 122.8GiB""},{""name"":""lab-allegro-stub"",""cpu"":""0.00%"",""mem"":""30.2MiB / 122.8GiB""}]"
2026-09-09T08:43:31Z,3,444,8,553,22,2666616499,"[{""name"":""lab-worker-1"",""cpu"":""3.47%"",""mem"":""128MiB / 122.8GiB""},{""name"":""lab-api"",""cpu"":""0.00%"",""mem"":""129.3MiB / 122.8GiB""},{""name"":""lab-wc-tls"",""cpu"":""0.00%"",""mem"":""30.18MiB / 122.8GiB""},{""name"":""lab-prestashop"",""cpu"":""0.02%"",""mem"":""109MiB / 122.8GiB""},{""name"":""lab-woocommerce"",""cpu"":""0.01%"",""mem"":""204.2MiB / 122.8GiB""},{""name"":""lab-redis"",""cpu"":""0.77%"",""mem"":""76.03MiB / 122.8GiB""},{""name"":""lab-postgres"",""cpu"":""33.58%"",""mem"":""242.2MiB / 122.8GiB""},{""name"":""lab-mysql"",""cpu"":""0.75%"",""mem"":""713.3MiB / 122.8GiB""},{""name"":""lab-woocommerce-mysql"",""cpu"":""0.75%"",""mem"":""485.5MiB / 122.8GiB""},{""name"":""lab-allegro-stub"",""cpu"":""4.29%"",""mem"":""30.26MiB / 122.8GiB""}]"
2026-09-09T08:43:35Z,4,443,8,555,21,2666616499,"[{""name"":""lab-worker-1"",""cpu"":""5.76%"",""mem"":""127.8MiB / 122.8GiB""},{""name"":""lab-api"",""cpu"":""0.00%"",""mem"":""129.3MiB / 122.8GiB""},{""name"":""lab-wc-tls"",""cpu"":""0.00%"",""mem"":""30.18MiB / 122.8GiB""},{""name"":""lab-prestashop"",""cpu"":""0.00%"",""mem"":""109MiB / 122.8GiB""},{""name"":""lab-woocommerce"",""cpu"":""0.01%"",""mem"":""204.2MiB / 122.8GiB""},{""name"":""lab-redis"",""cpu"":""0.77%"",""mem"":""76.04MiB / 122.8GiB""},{""name"":""lab-postgres"",""cpu"":""3.10%"",""mem"":""241.6MiB / 122.8GiB""},{""name"":""lab-mysql"",""cpu"":""5.42%"",""mem"":""713.3MiB / 122.8GiB""},{""name"":""lab-woocommerce-mysql"",""cpu"":""0.96%"",""mem"":""485.5MiB / 122.8GiB""},{""name"":""lab-allegro-stub"",""cpu"":""0.01%"",""mem"":""30.2MiB / 122.8GiB""}]"
2026-09-09T08:43:38Z,4,442,8,557,19,2666616499,"[{""name"":""lab-worker-1"",""cpu"":""3.40%"",""mem"":""127.8MiB / 122.8GiB""},{""name"":""lab-api"",""cpu"":""0.00%"",""mem"":""129.3MiB / 122.8GiB""},{""name"":""lab-wc-tls"",""cpu"":""0.00%"",""mem"":""30.18MiB / 122.8GiB""},{""name"":""lab-prestashop"",""cpu"":""4.62%"",""mem"":""110.8MiB / 122.8GiB""},{""name"":""lab-woocommerce"",""cpu"":""0.00%"",""mem"":""204.2MiB / 122.8GiB""},{""name"":""lab-redis"",""cpu"":""0.50%"",""mem"":""76.04MiB / 122.8GiB""},{""name"":""lab-postgres"",""cpu"":""51.15%"",""mem"":""241.7MiB / 122.8GiB""},{""name"":""lab-mysql"",""cpu"":""0.74%"",""mem"":""713.3MiB / 122.8GiB""},{""name"":""lab-woocommerce-mysql"",""cpu"":""5.22%"",""mem"":""485.5MiB / 122.8GiB""},{""name"":""lab-allegro-stub"",""cpu"":""0.00%"",""mem"":""30.2MiB / 122.8GiB""}]"
2026-09-09T08:43:42Z,3,443,7,561,16,2666616499,"[{""name"":""lab-worker-1"",""cpu"":""5.12%"",""mem"":""128MiB / 122.8GiB""},{""name"":""lab-api"",""cpu"":""0.00%"",""mem"":""129.3MiB / 122.8GiB""},{""name"":""lab-wc-tls"",""cpu"":""0.00%"",""mem"":""30.18MiB / 122.8GiB""},{""name"":""lab-prestashop"",""cpu"":""0.01%"",""mem"":""109MiB / 122.8GiB""},{""name"":""lab-woocommerce"",""cpu"":""0.01%"",""mem"":""204.2MiB / 122.8GiB""},{""name"":""lab-redis"",""cpu"":""0.65%"",""mem"":""76.29MiB / 122.8GiB""},{""name"":""lab-postgres"",""cpu"":""26.76%"",""mem"":""241.6MiB / 122.8GiB""},{""name"":""lab-mysql"",""cpu"":""0.77%"",""mem"":""713.3MiB / 122.8GiB""},{""name"":""lab-woocommerce-mysql"",""cpu"":""0.82%"",""mem"":""485.5MiB / 122.8GiB""},{""name"":""lab-allegro-stub"",""cpu"":""0.00%"",""mem"":""30.2MiB / 122.8GiB""}]"
2026-09-09T08:43:46Z,4,442,8,562,17,2666616499,"[{""name"":""lab-worker-1"",""cpu"":""3.49%"",""mem"":""127.7MiB / 122.8GiB""},{""name"":""lab-api"",""cpu"":""0.00%"",""mem"":""129.3MiB / 122.8GiB""},{""name"":""lab-wc-tls"",""cpu"":""0.00%"",""mem"":""30.18MiB / 122.8GiB""},{""name"":""lab-prestashop"",""cpu"":""0.01%"",""mem"":""109MiB / 122.8GiB""},{""name"":""lab-woocommerce"",""cpu"":""0.01%"",""mem"":""204.2MiB / 122.8GiB""},{""name"":""lab-redis"",""cpu"":""0.68%"",""mem"":""76.03MiB / 122.8GiB""},{""name"":""lab-postgres"",""cpu"":""13.14%"",""mem"":""244.7MiB / 122.8GiB""},{""name"":""lab-mysql"",""cpu"":""0.92%"",""mem"":""713.3MiB / 122.8GiB""},{""name"":""lab-woocommerce-mysql"",""cpu"":""0.97%"",""mem"":""485.5MiB / 122.8GiB""},{""name"":""lab-allegro-stub"",""cpu"":""3.49%"",""mem"":""30.23MiB / 122.8GiB""}]"
2026-09-09T08:43:49Z,4,441,8,562,14,2666616499,"[{""name"":""lab-worker-1"",""cpu"":""4.50%"",""mem"":""128.8MiB / 122.8GiB""},{""name"":""lab-api"",""cpu"":""0.00%"",""mem"":""129.3MiB / 122.8GiB""},{""name"":""lab-wc-tls"",""cpu"":""0.00%"",""mem"":""30.18MiB / 122.8GiB""},{""name"":""lab-prestashop"",""cpu"":""0.01%"",""mem"":""109MiB / 122.8GiB""},{""name"":""lab-woocommerce"",""cpu"":""0.00%"",""mem"":""204.2MiB / 122.8GiB""},{""name"":""lab-redis"",""cpu"":""0.67%"",""mem"":""76.04MiB / 122.8GiB""},{""name"":""lab-postgres"",""cpu"":""32.11%"",""mem"":""241.8MiB / 122.8GiB""},{""name"":""lab-mysql"",""cpu"":""0.76%"",""mem"":""713.3MiB / 122.8GiB""},{""name"":""lab-woocommerce-mysql"",""cpu"":""0.76%"",""mem"":""485.5MiB / 122.8GiB""},{""name"":""lab-allegro-stub"",""cpu"":""0.00%"",""mem"":""30.2MiB / 122.8GiB""}]"
2026-09-09T08:43:53Z,3,439,7,564,17,2666616499,"[{""name"":""lab-worker-1"",""cpu"":""1.61%"",""mem"":""128.9MiB / 122.8GiB""},{""name"":""lab-api"",""cpu"":""0.00%"",""mem"":""129.3MiB / 122.8GiB""},{""name"":""lab-wc-tls"",""cpu"":""0.00%"",""mem"":""30.18MiB / 122.8GiB""},{""name"":""lab-prestashop"",""cpu"":""0.01%"",""mem"":""109MiB / 122.8GiB""},{""name"":""lab-woocommerce"",""cpu"":""0.01%"",""mem"":""204.2MiB / 122.8GiB""},{""name"":""lab-redis"",""cpu"":""0.51%"",""mem"":""76.28MiB / 122.8GiB""},{""name"":""lab-postgres"",""cpu"":""9.63%"",""mem"":""241.9MiB / 122.8GiB""},{""name"":""lab-mysql"",""cpu"":""0.86%"",""mem"":""713.3MiB / 122.8GiB""},{""name"":""lab-woocommerce-mysql"",""cpu"":""0.98%"",""mem"":""485.5MiB / 122.8GiB""},{""name"":""lab-allegro-stub"",""cpu"":""0.00%"",""mem"":""30.2MiB / 122.8GiB""}]"
2026-09-09T08:43:57Z,4,436,7,564,20,2666616499,"[{""name"":""lab-worker-1"",""cpu"":""2.10%"",""mem"":""127.9MiB / 122.8GiB""},{""name"":""lab-api"",""cpu"":""0.00%"",""mem"":""129.3MiB / 122.8GiB""},{""name"":""lab-wc-tls"",""cpu"":""0.00%"",""mem"":""30.18MiB / 122.8GiB""},{""name"":""lab-prestashop"",""cpu"":""0.01%"",""mem"":""109MiB / 122.8GiB""},{""name"":""lab-woocommerce"",""cpu"":""0.01%"",""mem"":""204.2MiB / 122.8GiB""},{""name"":""lab-redis"",""cpu"":""0.43%"",""mem"":""76.03MiB / 122.8GiB""},{""name"":""lab-postgres"",""cpu"":""30.36%"",""mem"":""242.5MiB / 122.8GiB""},{""name"":""lab-mysql"",""cpu"":""0.77%"",""mem"":""713.3MiB / 122.8GiB""},{""name"":""lab-woocommerce-mysql"",""cpu"":""0.87%"",""mem"":""485.5MiB / 122.8GiB""},{""name"":""lab-allegro-stub"",""cpu"":""0.00%"",""mem"":""30.2MiB / 122.8GiB""}]"
2026-09-09T08:44:00Z,4,431,8,564,24,2666616499,"[{""name"":""lab-worker-1"",""cpu"":""2.58%"",""mem"":""127.8MiB / 122.8GiB""},{""name"":""lab-api"",""cpu"":""0.00%"",""mem"":""129.3MiB / 122.8GiB""},{""name"":""lab-wc-tls"",""cpu"":""0.00%"",""mem"":""30.18MiB / 122.8GiB""},{""name"":""lab-prestashop"",""cpu"":""0.01%"",""mem"":""109MiB / 122.8GiB""},{""name"":""lab-woocommerce"",""cpu"":""0.01%"",""mem"":""204.2MiB / 122.8GiB""},{""name"":""lab-redis"",""cpu"":""0.55%"",""mem"":""76.03MiB / 122.8GiB""},{""name"":""lab-postgres"",""cpu"":""27.88%"",""mem"":""241.6MiB / 122.8GiB""},{""name"":""lab-mysql"",""cpu"":""0.84%"",""mem"":""713.3MiB / 122.8GiB""},{""name"":""lab-woocommerce-mysql"",""cpu"":""0.81%"",""mem"":""485.5MiB / 122.8GiB""},{""name"":""lab-allegro-stub"",""cpu"":""0.00%"",""mem"":""30.2MiB / 122.8GiB""}]"
2026-09-09T08:44:04Z,4,426,8,566,23,2666616499,"[{""name"":""lab-worker-1"",""cpu"":""2.51%"",""mem"":""127.9MiB / 122.8GiB""},{""name"":""lab-api"",""cpu"":""0.00%"",""mem"":""129.3MiB / 122.8GiB""},{""name"":""lab-wc-tls"",""cpu"":""0.00%"",""mem"":""30.18MiB / 122.8GiB""},{""name"":""lab-prestashop"",""cpu"":""0.01%"",""mem"":""109MiB / 122.8GiB""},{""name"":""lab-woocommerce"",""cpu"":""0.01%"",""mem"":""204.2MiB / 122.8GiB""},{""name"":""lab-redis"",""cpu"":""4.92%"",""mem"":""76.05MiB / 122.8GiB""},{""name"":""lab-postgres"",""cpu"":""19.35%"",""mem"":""241.8MiB / 122.8GiB""},{""name"":""lab-mysql"",""cpu"":""0.85%"",""mem"":""713.3MiB / 122.8GiB""},{""name"":""lab-woocommerce-mysql"",""cpu"":""0.85%"",""mem"":""485.5MiB / 122.8GiB""},{""name"":""lab-allegro-stub"",""cpu"":""0.00%"",""mem"":""30.2MiB / 122.8GiB""}]"
2026-09-09T08:44:08Z,3,430,8,566,23,2666616499,"[{""name"":""lab-worker-1"",""cpu"":""3.18%"",""mem"":""128.4MiB / 122.8GiB""},{""name"":""lab-api"",""cpu"":""0.00%"",""mem"":""129.3MiB / 122.8GiB""},{""name"":""lab-wc-tls"",""cpu"":""0.00%"",""mem"":""30.18MiB / 122.8GiB""},{""name"":""lab-prestashop"",""cpu"":""0.01%"",""mem"":""109MiB / 122.8GiB""},{""name"":""lab-woocommerce"",""cpu"":""0.01%"",""mem"":""204.2MiB / 122.8GiB""},{""name"":""lab-redis"",""cpu"":""0.79%"",""mem"":""76.29MiB / 122.8GiB""},{""name"":""lab-postgres"",""cpu"":""31.43%"",""mem"":""241.7MiB / 122.8GiB""},{""name"":""lab-mysql"",""cpu"":""0.76%"",""mem"":""713.3MiB / 122.8GiB""},{""name"":""lab-woocommerce-mysql"",""cpu"":""0.79%"",""mem"":""485.5MiB / 122.8GiB""},{""name"":""lab-allegro-stub"",""cpu"":""0.00%"",""mem"":""30.2MiB / 122.8GiB""}]"
2026-09-09T08:44:12Z,4,430,8,566,23,2666616499,"[{""name"":""lab-worker-1"",""cpu"":""3.51%"",""mem"":""127.7MiB / 122.8GiB""},{""name"":""lab-api"",""cpu"":""0.00%"",""mem"":""129.3MiB / 122.8GiB""},{""name"":""lab-wc-tls"",""cpu"":""0.00%"",""mem"":""30.18MiB / 122.8GiB""},{""name"":""lab-prestashop"",""cpu"":""0.01%"",""mem"":""109MiB / 122.8GiB""},{""name"":""lab-woocommerce"",""cpu"":""0.00%"",""mem"":""204.2MiB / 122.8GiB""},{""name"":""lab-redis"",""cpu"":""0.66%"",""mem"":""76.03MiB / 122.8GiB""},{""name"":""lab-postgres"",""cpu"":""13.77%"",""mem"":""239.2MiB / 122.8GiB""},{""name"":""lab-mysql"",""cpu"":""0.80%"",""mem"":""713.3MiB / 122.8GiB""},{""name"":""lab-woocommerce-mysql"",""cpu"":""0.89%"",""mem"":""485.5MiB / 122.8GiB""},{""name"":""lab-allegro-stub"",""cpu"":""4.42%"",""mem"":""30.21MiB / 122.8GiB""}]"
2026-09-09T08:44:15Z,4,429,8,567,22,2666616499,"[{""name"":""lab-worker-1"",""cpu"":""3.15%"",""mem"":""128.2MiB / 122.8GiB""},{""name"":""lab-api"",""cpu"":""0.00%"",""mem"":""129.3MiB / 122.8GiB""},{""name"":""lab-wc-tls"",""cpu"":""0.00%"",""mem"":""30.18MiB / 122.8GiB""},{""name"":""lab-prestashop"",""cpu"":""0.00%"",""mem"":""109MiB / 122.8GiB""},{""name"":""lab-woocommerce"",""cpu"":""0.00%"",""mem"":""204.2MiB / 122.8GiB""},{""name"":""lab-redis"",""cpu"":""0.60%"",""mem"":""76.04MiB / 122.8GiB""},{""name"":""lab-postgres"",""cpu"":""25.08%"",""mem"":""242.9MiB / 122.8GiB""},{""name"":""lab-mysql"",""cpu"":""5.34%"",""mem"":""713.3MiB / 122.8GiB""},{""name"":""lab-woocommerce-mysql"",""cpu"":""0.79%"",""mem"":""485.5MiB / 122.8GiB""},{""name"":""lab-allegro-stub"",""cpu"":""0.00%"",""mem"":""30.21MiB / 122.8GiB""}]"
2026-09-09T08:44:19Z,3,430,7,568,22,2666616499,"[{""name"":""lab-worker-1"",""cpu"":""3.86%"",""mem"":""128.8MiB / 122.8GiB""},{""name"":""lab-api"",""cpu"":""0.00%"",""mem"":""129.3MiB / 122.8GiB""},{""name"":""lab-wc-tls"",""cpu"":""0.00%"",""mem"":""30.18MiB / 122.8GiB""},{""name"":""lab-prestashop"",""cpu"":""0.00%"",""mem"":""109MiB / 122.8GiB""},{""name"":""lab-woocommerce"",""cpu"":""0.01%"",""mem"":""204.2MiB / 122.8GiB""},{""name"":""lab-redis"",""cpu"":""0.62%"",""mem"":""76.04MiB / 122.8GiB""},{""name"":""lab-postgres"",""cpu"":""38.15%"",""mem"":""241.8MiB / 122.8GiB""},{""name"":""lab-mysql"",""cpu"":""0.84%"",""mem"":""713.3MiB / 122.8GiB""},{""name"":""lab-woocommerce-mysql"",""cpu"":""4.58%"",""mem"":""485.6MiB / 122.8GiB""},{""name"":""lab-allegro-stub"",""cpu"":""0.00%"",""mem"":""30.2MiB / 122.8GiB""}]"
2026-09-09T08:44:23Z,4,425,8,569,25,2666616499,"[{""name"":""lab-worker-1"",""cpu"":""3.31%"",""mem"":""127.8MiB / 122.8GiB""},{""name"":""lab-api"",""cpu"":""0.00%"",""mem"":""129.3MiB / 122.8GiB""},{""name"":""lab-wc-tls"",""cpu"":""0.00%"",""mem"":""30.18MiB / 122.8GiB""},{""name"":""lab-prestashop"",""cpu"":""0.01%"",""mem"":""109MiB / 122.8GiB""},{""name"":""lab-woocommerce"",""cpu"":""0.01%"",""mem"":""204.2MiB / 122.8GiB""},{""name"":""lab-redis"",""cpu"":""0.68%"",""mem"":""76.03MiB / 122.8GiB""},{""name"":""lab-postgres"",""cpu"":""3.72%"",""mem"":""248.9MiB / 122.8GiB""},{""name"":""lab-mysql"",""cpu"":""0.92%"",""mem"":""713.3MiB / 122.8GiB""},{""name"":""lab-woocommerce-mysql"",""cpu"":""0.87%"",""mem"":""485.5MiB / 122.8GiB""},{""name"":""lab-allegro-stub"",""cpu"":""0.00%"",""mem"":""30.2MiB / 122.8GiB""}]"
2026-09-09T08:44:26Z,4,427,7,570,23,2666616499,"[{""name"":""lab-worker-1"",""cpu"":""4.43%"",""mem"":""127.9MiB / 122.8GiB""},{""name"":""lab-api"",""cpu"":""0.00%"",""mem"":""129.3MiB / 122.8GiB""},{""name"":""lab-wc-tls"",""cpu"":""0.00%"",""mem"":""30.18MiB / 122.8GiB""},{""name"":""lab-prestashop"",""cpu"":""0.00%"",""mem"":""109MiB / 122.8GiB""},{""name"":""lab-woocommerce"",""cpu"":""0.00%"",""mem"":""204.2MiB / 122.8GiB""},{""name"":""lab-redis"",""cpu"":""0.66%"",""mem"":""76.28MiB / 122.8GiB""},{""name"":""lab-postgres"",""cpu"":""32.01%"",""mem"":""241.8MiB / 122.8GiB""},{""name"":""lab-mysql"",""cpu"":""0.73%"",""mem"":""713.3MiB / 122.8GiB""},{""name"":""lab-woocommerce-mysql"",""cpu"":""0.78%"",""mem"":""485.5MiB / 122.8GiB""},{""name"":""lab-allegro-stub"",""cpu"":""4.23%"",""mem"":""30.28MiB / 122.8GiB""}]"
2026-09-09T08:44:30Z,3,426,8,572,21,2666616499,"[{""name"":""lab-worker-1"",""cpu"":""1.38%"",""mem"":""128.1MiB / 122.8GiB""},{""name"":""lab-api"",""cpu"":""0.00%"",""mem"":""129.3MiB / 122.8GiB""},{""name"":""lab-wc-tls"",""cpu"":""0.00%"",""mem"":""30.18MiB / 122.8GiB""},{""name"":""lab-prestashop"",""cpu"":""0.00%"",""mem"":""109MiB / 122.8GiB""},{""name"":""lab-woocommerce"",""cpu"":""0.00%"",""mem"":""204.2MiB / 122.8GiB""},{""name"":""lab-redis"",""cpu"":""0.45%"",""mem"":""76.53MiB / 122.8GiB""},{""name"":""lab-postgres"",""cpu"":""32.59%"",""mem"":""241.6MiB / 122.8GiB""},{""name"":""lab-mysql"",""cpu"":""0.69%"",""mem"":""713.3MiB / 122.8GiB""},{""name"":""lab-woocommerce-mysql"",""cpu"":""0.78%"",""mem"":""485.5MiB / 122.8GiB""},{""name"":""lab-allegro-stub"",""cpu"":""0.00%"",""mem"":""30.2MiB / 122.8GiB""}]"
2026-09-09T08:44:34Z,4,425,8,573,21,2666616499,"[{""name"":""lab-worker-1"",""cpu"":""2.73%"",""mem"":""127.9MiB / 122.8GiB""},{""name"":""lab-api"",""cpu"":""0.00%"",""mem"":""129.3MiB / 122.8GiB""},{""name"":""lab-wc-tls"",""cpu"":""0.00%"",""mem"":""30.18MiB / 122.8GiB""},{""name"":""lab-prestashop"",""cpu"":""0.01%"",""mem"":""109MiB / 122.8GiB""},{""name"":""lab-woocommerce"",""cpu"":""0.01%"",""mem"":""204.2MiB / 122.8GiB""},{""name"":""lab-redis"",""cpu"":""4.63%"",""mem"":""76.03MiB / 122.8GiB""},{""name"":""lab-postgres"",""cpu"":""14.06%"",""mem"":""241.8MiB / 122.8GiB""},{""name"":""lab-mysql"",""cpu"":""0.86%"",""mem"":""713.3MiB / 122.8GiB""},{""name"":""lab-woocommerce-mysql"",""cpu"":""0.89%"",""mem"":""485.5MiB / 122.8GiB""},{""name"":""lab-allegro-stub"",""cpu"":""0.00%"",""mem"":""30.2MiB / 122.8GiB""}]"
2026-09-09T08:44:37Z,4,424,8,575,21,2666616499,"[{""name"":""lab-worker-1"",""cpu"":""1.45%"",""mem"":""127.9MiB / 122.8GiB""},{""name"":""lab-api"",""cpu"":""0.01%"",""mem"":""129.3MiB / 122.8GiB""},{""name"":""lab-wc-tls"",""cpu"":""0.00%"",""mem"":""30.18MiB / 122.8GiB""},{""name"":""lab-prestashop"",""cpu"":""0.01%"",""mem"":""109MiB / 122.8GiB""},{""name"":""lab-woocommerce"",""cpu"":""0.00%"",""mem"":""204.2MiB / 122.8GiB""},{""name"":""lab-redis"",""cpu"":""0.48%"",""mem"":""76.29MiB / 122.8GiB""},{""name"":""lab-postgres"",""cpu"":""31.40%"",""mem"":""241.9MiB / 122.8GiB""},{""name"":""lab-mysql"",""cpu"":""0.78%"",""mem"":""713.3MiB / 122.8GiB""},{""name"":""lab-woocommerce-mysql"",""cpu"":""0.83%"",""mem"":""485.5MiB / 122.8GiB""},{""name"":""lab-allegro-stub"",""cpu"":""0.01%"",""mem"":""30.2MiB / 122.8GiB""}]"
2026-09-09T08:44:41Z,3,421,8,576,23,2666616499,"[{""name"":""lab-worker-1"",""cpu"":""3.00%"",""mem"":""127.9MiB / 122.8GiB""},{""name"":""lab-api"",""cpu"":""0.00%"",""mem"":""129.3MiB / 122.8GiB""},{""name"":""lab-wc-tls"",""cpu"":""0.00%"",""mem"":""30.18MiB / 122.8GiB""},{""name"":""lab-prestashop"",""cpu"":""0.01%"",""mem"":""109MiB / 122.8GiB""},{""name"":""lab-woocommerce"",""cpu"":""0.01%"",""mem"":""204.2MiB / 122.8GiB""},{""name"":""lab-redis"",""cpu"":""0.40%"",""mem"":""76.03MiB / 122.8GiB""},{""name"":""lab-postgres"",""cpu"":""23.54%"",""mem"":""241.8MiB / 122.8GiB""},{""name"":""lab-mysql"",""cpu"":""0.87%"",""mem"":""713.3MiB / 122.8GiB""},{""name"":""lab-woocommerce-mysql"",""cpu"":""1.26%"",""mem"":""485.5MiB / 122.8GiB""},{""name"":""lab-allegro-stub"",""cpu"":""4.51%"",""mem"":""30.21MiB / 122.8GiB""}]"
2026-09-09T08:44:45Z,4,420,6,577,24,2666616499,"[{""name"":""lab-worker-1"",""cpu"":""3.18%"",""mem"":""127.9MiB / 122.8GiB""},{""name"":""lab-api"",""cpu"":""0.00%"",""mem"":""129.3MiB / 122.8GiB""},{""name"":""lab-wc-tls"",""cpu"":""0.00%"",""mem"":""30.18MiB / 122.8GiB""},{""name"":""lab-prestashop"",""cpu"":""0.01%"",""mem"":""109MiB / 122.8GiB""},{""name"":""lab-woocommerce"",""cpu"":""0.01%"",""mem"":""204.2MiB / 122.8GiB""},{""name"":""lab-redis"",""cpu"":""0.50%"",""mem"":""76.03MiB / 122.8GiB""},{""name"":""lab-postgres"",""cpu"":""27.48%"",""mem"":""241.8MiB / 122.8GiB""},{""name"":""lab-mysql"",""cpu"":""5.90%"",""mem"":""713.5MiB / 122.8GiB""},{""name"":""lab-woocommerce-mysql"",""cpu"":""0.82%"",""mem"":""485.5MiB / 122.8GiB""},{""name"":""lab-allegro-stub"",""cpu"":""0.00%"",""mem"":""30.2MiB / 122.8GiB""}]"
2026-09-09T08:44:49Z,4,417,7,578,24,2666616499,"[{""name"":""lab-worker-1"",""cpu"":""7.37%"",""mem"":""128MiB / 122.8GiB""},{""name"":""lab-api"",""cpu"":""0.00%"",""mem"":""129.3MiB / 122.8GiB""},{""name"":""lab-wc-tls"",""cpu"":""0.00%"",""mem"":""30.18MiB / 122.8GiB""},{""name"":""lab-prestashop"",""cpu"":""0.01%"",""mem"":""109MiB / 122.8GiB""},{""name"":""lab-woocommerce"",""cpu"":""0.00%"",""mem"":""204.2MiB / 122.8GiB""},{""name"":""lab-redis"",""cpu"":""0.58%"",""mem"":""76.29MiB / 122.8GiB""},{""name"":""lab-postgres"",""cpu"":""38.90%"",""mem"":""241.8MiB / 122.8GiB""},{""name"":""lab-mysql"",""cpu"":""0.74%"",""mem"":""713.3MiB / 122.8GiB""},{""name"":""lab-woocommerce-mysql"",""cpu"":""5.17%"",""mem"":""485.8MiB / 122.8GiB""},{""name"":""lab-allegro-stub"",""cpu"":""0.00%"",""mem"":""30.2MiB / 122.8GiB""}]"
2026-09-09T08:44:52Z,4,414,8,579,24,2666616499,"[{""name"":""lab-worker-1"",""cpu"":""3.68%"",""mem"":""127.8MiB / 122.8GiB""},{""name"":""lab-api"",""cpu"":""0.00%"",""mem"":""129.3MiB / 122.8GiB""},{""name"":""lab-wc-tls"",""cpu"":""0.00%"",""mem"":""30.18MiB / 122.8GiB""},{""name"":""lab-prestashop"",""cpu"":""0.01%"",""mem"":""109MiB / 122.8GiB""},{""name"":""lab-woocommerce"",""cpu"":""0.00%"",""mem"":""204.2MiB / 122.8GiB""},{""name"":""lab-redis"",""cpu"":""0.77%"",""mem"":""76.03MiB / 122.8GiB""},{""name"":""lab-postgres"",""cpu"":""8.00%"",""mem"":""242MiB / 122.8GiB""},{""name"":""lab-mysql"",""cpu"":""1.02%"",""mem"":""713.3MiB / 122.8GiB""},{""name"":""lab-woocommerce-mysql"",""cpu"":""1.39%"",""mem"":""485.5MiB / 122.8GiB""},{""name"":""lab-allegro-stub"",""cpu"":""0.01%"",""mem"":""30.23MiB / 122.8GiB""}]"
2026-09-09T08:44:56Z,3,414,8,580,24,2666616499,"[{""name"":""lab-worker-1"",""cpu"":""2.37%"",""mem"":""127.9MiB / 122.8GiB""},{""name"":""lab-api"",""cpu"":""0.00%"",""mem"":""129.3MiB / 122.8GiB""},{""name"":""lab-wc-tls"",""cpu"":""0.00%"",""mem"":""30.18MiB / 122.8GiB""},{""name"":""lab-prestashop"",""cpu"":""0.01%"",""mem"":""109MiB / 122.8GiB""},{""name"":""lab-woocommerce"",""cpu"":""0.01%"",""mem"":""204.2MiB / 122.8GiB""},{""name"":""lab-redis"",""cpu"":""0.45%"",""mem"":""76.03MiB / 122.8GiB""},{""name"":""lab-postgres"",""cpu"":""45.00%"",""mem"":""243.9MiB / 122.8GiB""},{""name"":""lab-mysql"",""cpu"":""0.73%"",""mem"":""713.3MiB / 122.8GiB""},{""name"":""lab-woocommerce-mysql"",""cpu"":""0.76%"",""mem"":""485.5MiB / 122.8GiB""},{""name"":""lab-allegro-stub"",""cpu"":""0.00%"",""mem"":""30.2MiB / 122.8GiB""}]"
2026-09-09T08:45:00Z,4,413,8,580,27,2666616499,"[{""name"":""lab-worker-1"",""cpu"":""2.87%"",""mem"":""128MiB / 122.8GiB""},{""name"":""lab-api"",""cpu"":""0.00%"",""mem"":""129.3MiB / 122.8GiB""},{""name"":""lab-wc-tls"",""cpu"":""0.00%"",""mem"":""30.18MiB / 122.8GiB""},{""name"":""lab-prestashop"",""cpu"":""0.01%"",""mem"":""109MiB / 122.8GiB""},{""name"":""lab-woocommerce"",""cpu"":""0.00%"",""mem"":""204.2MiB / 122.8GiB""},{""name"":""lab-redis"",""cpu"":""0.60%"",""mem"":""76.3MiB / 122.8GiB""},{""name"":""lab-postgres"",""cpu"":""18.11%"",""mem"":""241.6MiB / 122.8GiB""},{""name"":""lab-mysql"",""cpu"":""0.84%"",""mem"":""713.3MiB / 122.8GiB""},{""name"":""lab-woocommerce-mysql"",""cpu"":""0.87%"",""mem"":""485.5MiB / 122.8GiB""},{""name"":""lab-allegro-stub"",""cpu"":""0.00%"",""mem"":""30.2MiB / 122.8GiB""}]"
2026-09-09T08:45:03Z,4,412,7,581,27,2666616499,"[{""name"":""lab-worker-1"",""cpu"":""1.50%"",""mem"":""128.3MiB / 122.8GiB""},{""name"":""lab-api"",""cpu"":""0.00%"",""mem"":""129.3MiB / 122.8GiB""},{""name"":""lab-wc-tls"",""cpu"":""0.00%"",""mem"":""30.18MiB / 122.8GiB""},{""name"":""lab-prestashop"",""cpu"":""0.01%"",""mem"":""109MiB / 122.8GiB""},{""name"":""lab-woocommerce"",""cpu"":""0.01%"",""mem"":""204.2MiB / 122.8GiB""},{""name"":""lab-redis"",""cpu"":""0.46%"",""mem"":""76.04MiB / 122.8GiB""},{""name"":""lab-postgres"",""cpu"":""19.55%"",""mem"":""241.6MiB / 122.8GiB""},{""name"":""lab-mysql"",""cpu"":""0.84%"",""mem"":""713.3MiB / 122.8GiB""},{""name"":""lab-woocommerce-mysql"",""cpu"":""0.89%"",""mem"":""485.5MiB / 122.8GiB""},{""name"":""lab-allegro-stub"",""cpu"":""0.00%"",""mem"":""30.2MiB / 122.8GiB""}]"
2026-09-09T08:45:07Z,3,409,7,581,30,2666616499,"[{""name"":""lab-worker-1"",""cpu"":""4.08%"",""mem"":""128.3MiB / 122.8GiB""},{""name"":""lab-api"",""cpu"":""0.01%"",""mem"":""129.3MiB / 122.8GiB""},{""name"":""lab-wc-tls"",""cpu"":""0.00%"",""mem"":""30.18MiB / 122.8GiB""},{""name"":""lab-prestashop"",""cpu"":""0.01%"",""mem"":""109MiB / 122.8GiB""},{""name"":""lab-woocommerce"",""cpu"":""0.01%"",""mem"":""204.2MiB / 122.8GiB""},{""name"":""lab-redis"",""cpu"":""0.66%"",""mem"":""76.04MiB / 122.8GiB""},{""name"":""lab-postgres"",""cpu"":""44.81%"",""mem"":""241.6MiB / 122.8GiB""},{""name"":""lab-mysql"",""cpu"":""0.78%"",""mem"":""713.3MiB / 122.8GiB""},{""name"":""lab-woocommerce-mysql"",""cpu"":""0.79%"",""mem"":""485.5MiB / 122.8GiB""},{""name"":""lab-allegro-stub"",""cpu"":""4.13%"",""mem"":""30.24MiB / 122.8GiB""}]"
2026-09-09T08:45:11Z,4,405,8,582,33,2666616499,"[{""name"":""lab-worker-1"",""cpu"":""7.25%"",""mem"":""128.7MiB / 122.8GiB""},{""name"":""lab-api"",""cpu"":""0.00%"",""mem"":""129.3MiB / 122.8GiB""},{""name"":""lab-wc-tls"",""cpu"":""0.00%"",""mem"":""30.18MiB / 122.8GiB""},{""name"":""lab-prestashop"",""cpu"":""0.01%"",""mem"":""109MiB / 122.8GiB""},{""name"":""lab-woocommerce"",""cpu"":""0.01%"",""mem"":""204.2MiB / 122.8GiB""},{""name"":""lab-redis"",""cpu"":""0.69%"",""mem"":""76.03MiB / 122.8GiB""},{""name"":""lab-postgres"",""cpu"":""1.82%"",""mem"":""241.5MiB / 122.8GiB""},{""name"":""lab-mysql"",""cpu"":""1.00%"",""mem"":""713.3MiB / 122.8GiB""},{""name"":""lab-woocommerce-mysql"",""cpu"":""0.95%"",""mem"":""485.5MiB / 122.8GiB""},{""name"":""lab-allegro-stub"",""cpu"":""0.00%"",""mem"":""30.2MiB / 122.8GiB""}]"
2026-09-09T08:45:15Z,4,402,8,583,34,2666616499,"[{""name"":""lab-worker-1"",""cpu"":""4.29%"",""mem"":""128MiB / 122.8GiB""},{""name"":""lab-api"",""cpu"":""0.00%"",""mem"":""129.3MiB / 122.8GiB""},{""name"":""lab-wc-tls"",""cpu"":""0.00%"",""mem"":""30.18MiB / 122.8GiB""},{""name"":""lab-prestashop"",""cpu"":""0.00%"",""mem"":""109MiB / 122.8GiB""},{""name"":""lab-woocommerce"",""cpu"":""0.00%"",""mem"":""204.2MiB / 122.8GiB""},{""name"":""lab-redis"",""cpu"":""5.05%"",""mem"":""76.03MiB / 122.8GiB""},{""name"":""lab-postgres"",""cpu"":""33.94%"",""mem"":""241.6MiB / 122.8GiB""},{""name"":""lab-mysql"",""cpu"":""0.75%"",""mem"":""713.3MiB / 122.8GiB""},{""name"":""lab-woocommerce-mysql"",""cpu"":""0.78%"",""mem"":""485.5MiB / 122.8GiB""},{""name"":""lab-allegro-stub"",""cpu"":""0.00%"",""mem"":""30.2MiB / 122.8GiB""}]"
2026-09-09T08:45:18Z,4,398,8,585,36,2666616499,"[{""name"":""lab-worker-1"",""cpu"":""3.38%"",""mem"":""128.6MiB / 122.8GiB""},{""name"":""lab-api"",""cpu"":""0.00%"",""mem"":""129.3MiB / 122.8GiB""},{""name"":""lab-wc-tls"",""cpu"":""0.00%"",""mem"":""30.18MiB / 122.8GiB""},{""name"":""lab-prestashop"",""cpu"":""0.00%"",""mem"":""109MiB / 122.8GiB""},{""name"":""lab-woocommerce"",""cpu"":""0.01%"",""mem"":""204.2MiB / 122.8GiB""},{""name"":""lab-redis"",""cpu"":""0.62%"",""mem"":""76.04MiB / 122.8GiB""},{""name"":""lab-postgres"",""cpu"":""25.74%"",""mem"":""241.7MiB / 122.8GiB""},{""name"":""lab-mysql"",""cpu"":""0.86%"",""mem"":""713.3MiB / 122.8GiB""},{""name"":""lab-woocommerce-mysql"",""cpu"":""0.82%"",""mem"":""485.5MiB / 122.8GiB""},{""name"":""lab-allegro-stub"",""cpu"":""0.00%"",""mem"":""30.2MiB / 122.8GiB""}]"
2026-09-09T08:45:22Z,3,399,8,585,35,2666616499,"[{""name"":""lab-worker-1"",""cpu"":""1.12%"",""mem"":""127.8MiB / 122.8GiB""},{""name"":""lab-api"",""cpu"":""0.00%"",""mem"":""129.3MiB / 122.8GiB""},{""name"":""lab-wc-tls"",""cpu"":""0.00%"",""mem"":""30.18MiB / 122.8GiB""},{""name"":""lab-prestashop"",""cpu"":""0.01%"",""mem"":""109MiB / 122.8GiB""},{""name"":""lab-woocommerce"",""cpu"":""12.77%"",""mem"":""204.2MiB / 122.8GiB""},{""name"":""lab-redis"",""cpu"":""0.37%"",""mem"":""76.03MiB / 122.8GiB""},{""name"":""lab-postgres"",""cpu"":""12.83%"",""mem"":""242.1MiB / 122.8GiB""},{""name"":""lab-mysql"",""cpu"":""0.86%"",""mem"":""713.3MiB / 122.8GiB""},{""name"":""lab-woocommerce-mysql"",""cpu"":""2.11%"",""mem"":""485.5MiB / 122.8GiB""},{""name"":""lab-allegro-stub"",""cpu"":""0.01%"",""mem"":""30.2MiB / 122.8GiB""}]"
2026-09-09T08:45:26Z,4,400,8,585,34,2666616499,"[{""name"":""lab-worker-1"",""cpu"":""1.98%"",""mem"":""128.4MiB / 122.8GiB""},{""name"":""lab-api"",""cpu"":""0.00%"",""mem"":""129.3MiB / 122.8GiB""},{""name"":""lab-wc-tls"",""cpu"":""0.00%"",""mem"":""30.18MiB / 122.8GiB""},{""name"":""lab-prestashop"",""cpu"":""0.01%"",""mem"":""109MiB / 122.8GiB""},{""name"":""lab-woocommerce"",""cpu"":""0.00%"",""mem"":""204.2MiB / 122.8GiB""},{""name"":""lab-redis"",""cpu"":""0.71%"",""mem"":""76.04MiB / 122.8GiB""},{""name"":""lab-postgres"",""cpu"":""34.52%"",""mem"":""239.3MiB / 122.8GiB""},{""name"":""lab-mysql"",""cpu"":""5.31%"",""mem"":""713.3MiB / 122.8GiB""},{""name"":""lab-woocommerce-mysql"",""cpu"":""0.72%"",""mem"":""485.5MiB / 122.8GiB""},{""name"":""lab-allegro-stub"",""cpu"":""4.27%"",""mem"":""30.24MiB / 122.8GiB""}]"
2026-09-09T08:45:29Z,4,402,8,585,32,2666616499,"[{""name"":""lab-worker-1"",""cpu"":""3.04%"",""mem"":""128.6MiB / 122.8GiB""},{""name"":""lab-api"",""cpu"":""0.00%"",""mem"":""129.3MiB / 122.8GiB""},{""name"":""lab-wc-tls"",""cpu"":""0.00%"",""mem"":""30.18MiB / 122.8GiB""},{""name"":""lab-prestashop"",""cpu"":""0.01%"",""mem"":""109MiB / 122.8GiB""},{""name"":""lab-woocommerce"",""cpu"":""0.01%"",""mem"":""204.2MiB / 122.8GiB""},{""name"":""lab-redis"",""cpu"":""0.54%"",""mem"":""76.28MiB / 122.8GiB""},{""name"":""lab-postgres"",""cpu"":""13.26%"",""mem"":""239.2MiB / 122.8GiB""},{""name"":""lab-mysql"",""cpu"":""0.89%"",""mem"":""713.3MiB / 122.8GiB""},{""name"":""lab-woocommerce-mysql"",""cpu"":""6.40%"",""mem"":""485.8MiB / 122.8GiB""},{""name"":""lab-allegro-stub"",""cpu"":""0.00%"",""mem"":""30.2MiB / 122.8GiB""}]"
2026-09-09T08:45:33Z,3,401,12,589,30,2666616499,"[{""name"":""lab-worker-1"",""cpu"":""3.29%"",""mem"":""127.9MiB / 122.8GiB""},{""name"":""lab-api"",""cpu"":""0.00%"",""mem"":""129.3MiB / 122.8GiB""},{""name"":""lab-wc-tls"",""cpu"":""0.00%"",""mem"":""30.18MiB / 122.8GiB""},{""name"":""lab-prestashop"",""cpu"":""0.01%"",""mem"":""109MiB / 122.8GiB""},{""name"":""lab-woocommerce"",""cpu"":""0.00%"",""mem"":""204.2MiB / 122.8GiB""},{""name"":""lab-redis"",""cpu"":""0.69%"",""mem"":""76.04MiB / 122.8GiB""},{""name"":""lab-postgres"",""cpu"":""41.15%"",""mem"":""248.9MiB / 122.8GiB""},{""name"":""lab-mysql"",""cpu"":""0.70%"",""mem"":""713.3MiB / 122.8GiB""},{""name"":""lab-woocommerce-mysql"",""cpu"":""0.77%"",""mem"":""485.5MiB / 122.8GiB""},{""name"":""lab-allegro-stub"",""cpu"":""0.01%"",""mem"":""30.2MiB / 122.8GiB""}]"
2026-09-09T08:45:37Z,4,398,8,592,27,2666616499,"[{""name"":""lab-worker-1"",""cpu"":""2.80%"",""mem"":""128.4MiB / 122.8GiB""},{""name"":""lab-api"",""cpu"":""0.00%"",""mem"":""129.3MiB / 122.8GiB""},{""name"":""lab-wc-tls"",""cpu"":""0.00%"",""mem"":""30.18MiB / 122.8GiB""},{""name"":""lab-prestashop"",""cpu"":""0.01%"",""mem"":""109MiB / 122.8GiB""},{""name"":""lab-woocommerce"",""cpu"":""0.01%"",""mem"":""204.2MiB / 122.8GiB""},{""name"":""lab-redis"",""cpu"":""0.51%"",""mem"":""76.04MiB / 122.8GiB""},{""name"":""lab-postgres"",""cpu"":""25.30%"",""mem"":""241.7MiB / 122.8GiB""},{""name"":""lab-mysql"",""cpu"":""0.81%"",""mem"":""713.3MiB / 122.8GiB""},{""name"":""lab-woocommerce-mysql"",""cpu"":""0.77%"",""mem"":""485.5MiB / 122.8GiB""},{""name"":""lab-allegro-stub"",""cpu"":""3.94%"",""mem"":""30.45MiB / 122.8GiB""}]"
2026-09-09T08:45:41Z,4,401,8,593,25,2666616499,"[{""name"":""lab-worker-1"",""cpu"":""3.35%"",""mem"":""127.9MiB / 122.8GiB""},{""name"":""lab-api"",""cpu"":""0.00%"",""mem"":""129.3MiB / 122.8GiB""},{""name"":""lab-wc-tls"",""cpu"":""0.00%"",""mem"":""30.18MiB / 122.8GiB""},{""name"":""lab-prestashop"",""cpu"":""0.01%"",""mem"":""109MiB / 122.8GiB""},{""name"":""lab-woocommerce"",""cpu"":""0.00%"",""mem"":""204.2MiB / 122.8GiB""},{""name"":""lab-redis"",""cpu"":""0.64%"",""mem"":""76.04MiB / 122.8GiB""},{""name"":""lab-postgres"",""cpu"":""14.32%"",""mem"":""241.8MiB / 122.8GiB""},{""name"":""lab-mysql"",""cpu"":""0.95%"",""mem"":""713.3MiB / 122.8GiB""},{""name"":""lab-woocommerce-mysql"",""cpu"":""0.99%"",""mem"":""485.5MiB / 122.8GiB""},{""name"":""lab-allegro-stub"",""cpu"":""0.00%"",""mem"":""30.2MiB / 122.8GiB""}]"
2026-09-09T08:45:44Z,4,399,7,597,23,2666616499,"[{""name"":""lab-worker-1"",""cpu"":""1.31%"",""mem"":""128MiB / 122.8GiB""},{""name"":""lab-api"",""cpu"":""0.00%"",""mem"":""129.3MiB / 122.8GiB""},{""name"":""lab-wc-tls"",""cpu"":""0.00%"",""mem"":""30.18MiB / 122.8GiB""},{""name"":""lab-prestashop"",""cpu"":""0.01%"",""mem"":""109MiB / 122.8GiB""},{""name"":""lab-woocommerce"",""cpu"":""0.01%"",""mem"":""204.2MiB / 122.8GiB""},{""name"":""lab-redis"",""cpu"":""4.59%"",""mem"":""76.1MiB / 122.8GiB""},{""name"":""lab-postgres"",""cpu"":""30.71%"",""mem"":""241.6MiB / 122.8GiB""},{""name"":""lab-mysql"",""cpu"":""0.74%"",""mem"":""713.3MiB / 122.8GiB""},{""name"":""lab-woocommerce-mysql"",""cpu"":""0.80%"",""mem"":""485.5MiB / 122.8GiB""},{""name"":""lab-allegro-stub"",""cpu"":""0.00%"",""mem"":""30.2MiB / 122.8GiB""}]"
2026-09-09T08:45:48Z,3,401,8,598,20,2666616499,"[{""name"":""lab-worker-1"",""cpu"":""3.76%"",""mem"":""127.9MiB / 122.8GiB""},{""name"":""lab-api"",""cpu"":""0.00%"",""mem"":""129.3MiB / 122.8GiB""},{""name"":""lab-wc-tls"",""cpu"":""0.00%"",""mem"":""30.18MiB / 122.8GiB""},{""name"":""lab-prestashop"",""cpu"":""0.01%"",""mem"":""109MiB / 122.8GiB""},{""name"":""lab-woocommerce"",""cpu"":""0.00%"",""mem"":""204.2MiB / 122.8GiB""},{""name"":""lab-redis"",""cpu"":""0.66%"",""mem"":""76.29MiB / 122.8GiB""},{""name"":""lab-postgres"",""cpu"":""8.30%"",""mem"":""241.8MiB / 122.8GiB""},{""name"":""lab-mysql"",""cpu"":""0.85%"",""mem"":""713.3MiB / 122.8GiB""},{""name"":""lab-woocommerce-mysql"",""cpu"":""0.98%"",""mem"":""485.5MiB / 122.8GiB""},{""name"":""lab-allegro-stub"",""cpu"":""0.01%"",""mem"":""30.2MiB / 122.8GiB""}]"
2026-09-09T08:45:52Z,4,401,8,599,19,2666616499,"[{""name"":""lab-worker-1"",""cpu"":""3.15%"",""mem"":""127.8MiB / 122.8GiB""},{""name"":""lab-api"",""cpu"":""0.00%"",""mem"":""129.3MiB / 122.8GiB""},{""name"":""lab-wc-tls"",""cpu"":""0.00%"",""mem"":""30.18MiB / 122.8GiB""},{""name"":""lab-prestashop"",""cpu"":""0.01%"",""mem"":""109MiB / 122.8GiB""},{""name"":""lab-woocommerce"",""cpu"":""20.75%"",""mem"":""204.2MiB / 122.8GiB""},{""name"":""lab-redis"",""cpu"":""0.47%"",""mem"":""76.03MiB / 122.8GiB""},{""name"":""lab-postgres"",""cpu"":""26.50%"",""mem"":""241.6MiB / 122.8GiB""},{""name"":""lab-mysql"",""cpu"":""0.77%"",""mem"":""713.3MiB / 122.8GiB""},{""name"":""lab-woocommerce-mysql"",""cpu"":""5.10%"",""mem"":""485.5MiB / 122.8GiB""},{""name"":""lab-allegro-stub"",""cpu"":""0.00%"",""mem"":""30.2MiB / 122.8GiB""}]"
2026-09-09T08:45:55Z,4,400,8,601,18,2666616499,"[{""name"":""lab-worker-1"",""cpu"":""3.17%"",""mem"":""128.1MiB / 122.8GiB""},{""name"":""lab-api"",""cpu"":""0.00%"",""mem"":""129.3MiB / 122.8GiB""},{""name"":""lab-wc-tls"",""cpu"":""0.00%"",""mem"":""30.18MiB / 122.8GiB""},{""name"":""lab-prestashop"",""cpu"":""0.01%"",""mem"":""109MiB / 122.8GiB""},{""name"":""lab-woocommerce"",""cpu"":""0.00%"",""mem"":""204.2MiB / 122.8GiB""},{""name"":""lab-redis"",""cpu"":""0.48%"",""mem"":""76.04MiB / 122.8GiB""},{""name"":""lab-postgres"",""cpu"":""30.05%"",""mem"":""241.6MiB / 122.8GiB""},{""name"":""lab-mysql"",""cpu"":""5.37%"",""mem"":""713.3MiB / 122.8GiB""},{""name"":""lab-woocommerce-mysql"",""cpu"":""0.79%"",""mem"":""485.5MiB / 122.8GiB""},{""name"":""lab-allegro-stub"",""cpu"":""0.00%"",""mem"":""30.2MiB / 122.8GiB""}]"
2026-09-09T08:45:59Z,3,397,8,603,20,2666616499,"[{""name"":""lab-worker-1"",""cpu"":""4.34%"",""mem"":""127.8MiB / 122.8GiB""},{""name"":""lab-api"",""cpu"":""0.00%"",""mem"":""129.3MiB / 122.8GiB""},{""name"":""lab-wc-tls"",""cpu"":""0.00%"",""mem"":""30.18MiB / 122.8GiB""},{""name"":""lab-prestashop"",""cpu"":""0.01%"",""mem"":""109MiB / 122.8GiB""},{""name"":""lab-woocommerce"",""cpu"":""0.01%"",""mem"":""204.2MiB / 122.8GiB""},{""name"":""lab-redis"",""cpu"":""0.76%"",""mem"":""76.04MiB / 122.8GiB""},{""name"":""lab-postgres"",""cpu"":""26.94%"",""mem"":""241.7MiB / 122.8GiB""},{""name"":""lab-mysql"",""cpu"":""0.82%"",""mem"":""713.3MiB / 122.8GiB""},{""name"":""lab-woocommerce-mysql"",""cpu"":""5.04%"",""mem"":""485.5MiB / 122.8GiB""},{""name"":""lab-allegro-stub"",""cpu"":""0.00%"",""mem"":""30.2MiB / 122.8GiB""}]"
2026-09-09T08:46:03Z,4,396,7,605,19,2666616499,"[{""name"":""lab-worker-1"",""cpu"":""5.21%"",""mem"":""128.8MiB / 122.8GiB""},{""name"":""lab-api"",""cpu"":""0.00%"",""mem"":""129.3MiB / 122.8GiB""},{""name"":""lab-wc-tls"",""cpu"":""0.00%"",""mem"":""30.18MiB / 122.8GiB""},{""name"":""lab-prestashop"",""cpu"":""0.00%"",""mem"":""109MiB / 122.8GiB""},{""name"":""lab-woocommerce"",""cpu"":""0.00%"",""mem"":""204.2MiB / 122.8GiB""},{""name"":""lab-redis"",""cpu"":""0.57%"",""mem"":""76.28MiB / 122.8GiB""},{""name"":""lab-postgres"",""cpu"":""31.81%"",""mem"":""241.6MiB / 122.8GiB""},{""name"":""lab-mysql"",""cpu"":""0.79%"",""mem"":""713.3MiB / 122.8GiB""},{""name"":""lab-woocommerce-mysql"",""cpu"":""0.84%"",""mem"":""485.5MiB / 122.8GiB""},{""name"":""lab-allegro-stub"",""cpu"":""4.26%"",""mem"":""30.21MiB / 122.8GiB""}]"
2026-09-09T08:46:06Z,4,393,8,606,21,2666616499,"[{""name"":""lab-worker-1"",""cpu"":""3.37%"",""mem"":""128.7MiB / 122.8GiB""},{""name"":""lab-api"",""cpu"":""0.00%"",""mem"":""129.3MiB / 122.8GiB""},{""name"":""lab-wc-tls"",""cpu"":""0.00%"",""mem"":""30.18MiB / 122.8GiB""},{""name"":""lab-prestashop"",""cpu"":""0.01%"",""mem"":""109MiB / 122.8GiB""},{""name"":""lab-woocommerce"",""cpu"":""0.00%"",""mem"":""204.2MiB / 122.8GiB""},{""name"":""lab-redis"",""cpu"":""0.64%"",""mem"":""76.07MiB / 122.8GiB""},{""name"":""lab-postgres"",""cpu"":""14.41%"",""mem"":""241.7MiB / 122.8GiB""},{""name"":""lab-mysql"",""cpu"":""0.89%"",""mem"":""713.3MiB / 122.8GiB""},{""name"":""lab-woocommerce-mysql"",""cpu"":""0.92%"",""mem"":""485.5MiB / 122.8GiB""},{""name"":""lab-allegro-stub"",""cpu"":""0.00%"",""mem"":""30.2MiB / 122.8GiB""}]"
2026-09-09T08:46:10Z,3,389,8,607,22,2666616499,"[{""name"":""lab-worker-1"",""cpu"":""1.64%"",""mem"":""127.8MiB / 122.8GiB""},{""name"":""lab-api"",""cpu"":""0.00%"",""mem"":""129.3MiB / 122.8GiB""},{""name"":""lab-wc-tls"",""cpu"":""0.00%"",""mem"":""30.18MiB / 122.8GiB""},{""name"":""lab-prestashop"",""cpu"":""0.01%"",""mem"":""109.1MiB / 122.8GiB""},{""name"":""lab-woocommerce"",""cpu"":""0.00%"",""mem"":""204.2MiB / 122.8GiB""},{""name"":""lab-redis"",""cpu"":""0.50%"",""mem"":""76.03MiB / 122.8GiB""},{""name"":""lab-postgres"",""cpu"":""25.05%"",""mem"":""241.7MiB / 122.8GiB""},{""name"":""lab-mysql"",""cpu"":""0.82%"",""mem"":""713.3MiB / 122.8GiB""},{""name"":""lab-woocommerce-mysql"",""cpu"":""0.82%"",""mem"":""485.5MiB / 122.8GiB""},{""name"":""lab-allegro-stub"",""cpu"":""0.00%"",""mem"":""30.2MiB / 122.8GiB""}]"
2026-09-09T08:46:14Z,4,390,6,609,22,2666616499,"[{""name"":""lab-worker-1"",""cpu"":""2.78%"",""mem"":""127.9MiB / 122.8GiB""},{""name"":""lab-api"",""cpu"":""0.00%"",""mem"":""129.3MiB / 122.8GiB""},{""name"":""lab-wc-tls"",""cpu"":""0.00%"",""mem"":""30.18MiB / 122.8GiB""},{""name"":""lab-prestashop"",""cpu"":""0.01%"",""mem"":""109MiB / 122.8GiB""},{""name"":""lab-woocommerce"",""cpu"":""0.00%"",""mem"":""204.2MiB / 122.8GiB""},{""name"":""lab-redis"",""cpu"":""0.59%"",""mem"":""76.04MiB / 122.8GiB""},{""name"":""lab-postgres"",""cpu"":""31.55%"",""mem"":""241.9MiB / 122.8GiB""},{""name"":""lab-mysql"",""cpu"":""0.78%"",""mem"":""713.3MiB / 122.8GiB""},{""name"":""lab-woocommerce-mysql"",""cpu"":""0.78%"",""mem"":""485.5MiB / 122.8GiB""},{""name"":""lab-allegro-stub"",""cpu"":""0.00%"",""mem"":""30.2MiB / 122.8GiB""}]"
2026-09-09T08:46:18Z,4,386,8,609,24,2666616499,"[{""name"":""lab-worker-1"",""cpu"":""1.88%"",""mem"":""127.8MiB / 122.8GiB""},{""name"":""lab-api"",""cpu"":""0.00%"",""mem"":""129.3MiB / 122.8GiB""},{""name"":""lab-wc-tls"",""cpu"":""0.00%"",""mem"":""30.18MiB / 122.8GiB""},{""name"":""lab-prestashop"",""cpu"":""0.01%"",""mem"":""109MiB / 122.8GiB""},{""name"":""lab-woocommerce"",""cpu"":""0.01%"",""mem"":""204.2MiB / 122.8GiB""},{""name"":""lab-redis"",""cpu"":""0.37%"",""mem"":""76.03MiB / 122.8GiB""},{""name"":""lab-postgres"",""cpu"":""6.79%"",""mem"":""245MiB / 122.8GiB""},{""name"":""lab-mysql"",""cpu"":""1.00%"",""mem"":""713.3MiB / 122.8GiB""},{""name"":""lab-woocommerce-mysql"",""cpu"":""0.99%"",""mem"":""485.5MiB / 122.8GiB""},{""name"":""lab-allegro-stub"",""cpu"":""4.36%"",""mem"":""30.2MiB / 122.8GiB""}]"
2026-09-09T08:46:21Z,4,385,8,610,26,2666616499,"[{""name"":""lab-worker-1"",""cpu"":""3.37%"",""mem"":""128.4MiB / 122.8GiB""},{""name"":""lab-api"",""cpu"":""0.00%"",""mem"":""129.3MiB / 122.8GiB""},{""name"":""lab-wc-tls"",""cpu"":""0.00%"",""mem"":""30.18MiB / 122.8GiB""},{""name"":""lab-prestashop"",""cpu"":""0.01%"",""mem"":""109MiB / 122.8GiB""},{""name"":""lab-woocommerce"",""cpu"":""0.00%"",""mem"":""204.2MiB / 122.8GiB""},{""name"":""lab-redis"",""cpu"":""0.61%"",""mem"":""76.28MiB / 122.8GiB""},{""name"":""lab-postgres"",""cpu"":""30.02%"",""mem"":""241.6MiB / 122.8GiB""},{""name"":""lab-mysql"",""cpu"":""0.78%"",""mem"":""713.3MiB / 122.8GiB""},{""name"":""lab-woocommerce-mysql"",""cpu"":""0.78%"",""mem"":""485.5MiB / 122.8GiB""},{""name"":""lab-allegro-stub"",""cpu"":""0.00%"",""mem"":""30.2MiB / 122.8GiB""}]"
2026-09-09T08:46:25Z,3,380,7,612,28,2666616499,"[{""name"":""lab-worker-1"",""cpu"":""3.55%"",""mem"":""129.5MiB / 122.8GiB""},{""name"":""lab-api"",""cpu"":""0.00%"",""mem"":""129.3MiB / 122.8GiB""},{""name"":""lab-wc-tls"",""cpu"":""0.00%"",""mem"":""30.18MiB / 122.8GiB""},{""name"":""lab-prestashop"",""cpu"":""0.01%"",""mem"":""109MiB / 122.8GiB""},{""name"":""lab-woocommerce"",""cpu"":""0.00%"",""mem"":""204.2MiB / 122.8GiB""},{""name"":""lab-redis"",""cpu"":""4.75%"",""mem"":""76.04MiB / 122.8GiB""},{""name"":""lab-postgres"",""cpu"":""25.72%"",""mem"":""241.6MiB / 122.8GiB""},{""name"":""lab-mysql"",""cpu"":""0.85%"",""mem"":""713.3MiB / 122.8GiB""},{""name"":""lab-woocommerce-mysql"",""cpu"":""0.83%"",""mem"":""485.5MiB / 122.8GiB""},{""name"":""lab-allegro-stub"",""cpu"":""0.00%"",""mem"":""30.21MiB / 122.8GiB""}]"
2026-09-09T08:46:29Z,4,381,8,613,25,2666616499,"[{""name"":""lab-worker-1"",""cpu"":""4.26%"",""mem"":""127.9MiB / 122.8GiB""},{""name"":""lab-api"",""cpu"":""0.00%"",""mem"":""129.3MiB / 122.8GiB""},{""name"":""lab-wc-tls"",""cpu"":""0.00%"",""mem"":""30.18MiB / 122.8GiB""},{""name"":""lab-prestashop"",""cpu"":""0.01%"",""mem"":""109MiB / 122.8GiB""},{""name"":""lab-woocommerce"",""cpu"":""0.01%"",""mem"":""204.2MiB / 122.8GiB""},{""name"":""lab-redis"",""cpu"":""0.80%"",""mem"":""76.29MiB / 122.8GiB""},{""name"":""lab-postgres"",""cpu"":""26.96%"",""mem"":""246MiB / 122.8GiB""},{""name"":""lab-mysql"",""cpu"":""0.84%"",""mem"":""713.3MiB / 122.8GiB""},{""name"":""lab-woocommerce-mysql"",""cpu"":""0.84%"",""mem"":""485.5MiB / 122.8GiB""},{""name"":""lab-allegro-stub"",""cpu"":""0.00%"",""mem"":""30.2MiB / 122.8GiB""}]"
2026-09-09T08:46:32Z,4,378,7,616,26,2666616499,"[{""name"":""lab-worker-1"",""cpu"":""3.45%"",""mem"":""128.5MiB / 122.8GiB""},{""name"":""lab-api"",""cpu"":""0.00%"",""mem"":""129.3MiB / 122.8GiB""},{""name"":""lab-wc-tls"",""cpu"":""0.00%"",""mem"":""30.18MiB / 122.8GiB""},{""name"":""lab-prestashop"",""cpu"":""0.00%"",""mem"":""109MiB / 122.8GiB""},{""name"":""lab-woocommerce"",""cpu"":""0.01%"",""mem"":""204.2MiB / 122.8GiB""},{""name"":""lab-redis"",""cpu"":""0.69%"",""mem"":""76.03MiB / 122.8GiB""},{""name"":""lab-postgres"",""cpu"":""31.21%"",""mem"":""244.5MiB / 122.8GiB""},{""name"":""lab-mysql"",""cpu"":""0.82%"",""mem"":""713.3MiB / 122.8GiB""},{""name"":""lab-woocommerce-mysql"",""cpu"":""0.79%"",""mem"":""485.5MiB / 122.8GiB""},{""name"":""lab-allegro-stub"",""cpu"":""3.97%"",""mem"":""30.47MiB / 122.8GiB""}]"
2026-09-09T08:46:36Z,3,377,8,616,26,2666616499,"[{""name"":""lab-worker-1"",""cpu"":""2.62%"",""mem"":""128.6MiB / 122.8GiB""},{""name"":""lab-api"",""cpu"":""0.00%"",""mem"":""129.3MiB / 122.8GiB""},{""name"":""lab-wc-tls"",""cpu"":""0.00%"",""mem"":""30.18MiB / 122.8GiB""},{""name"":""lab-prestashop"",""cpu"":""0.01%"",""mem"":""109MiB / 122.8GiB""},{""name"":""lab-woocommerce"",""cpu"":""0.01%"",""mem"":""204.2MiB / 122.8GiB""},{""name"":""lab-redis"",""cpu"":""0.66%"",""mem"":""76.04MiB / 122.8GiB""},{""name"":""lab-postgres"",""cpu"":""6.46%"",""mem"":""243.8MiB / 122.8GiB""},{""name"":""lab-mysql"",""cpu"":""5.25%"",""mem"":""713.3MiB / 122.8GiB""},{""name"":""lab-woocommerce-mysql"",""cpu"":""0.98%"",""mem"":""485.5MiB / 122.8GiB""},{""name"":""lab-allegro-stub"",""cpu"":""0.00%"",""mem"":""30.2MiB / 122.8GiB""}]"
2026-09-09T08:46:40Z,4,378,8,616,25,2666616499,"[{""name"":""lab-worker-1"",""cpu"":""2.51%"",""mem"":""127.8MiB / 122.8GiB""},{""name"":""lab-api"",""cpu"":""0.00%"",""mem"":""129.3MiB / 122.8GiB""},{""name"":""lab-wc-tls"",""cpu"":""0.00%"",""mem"":""30.18MiB / 122.8GiB""},{""name"":""lab-prestashop"",""cpu"":""0.00%"",""mem"":""109MiB / 122.8GiB""},{""name"":""lab-woocommerce"",""cpu"":""0.01%"",""mem"":""204.2MiB / 122.8GiB""},{""name"":""lab-redis"",""cpu"":""0.57%"",""mem"":""76.28MiB / 122.8GiB""},{""name"":""lab-postgres"",""cpu"":""36.76%"",""mem"":""241.8MiB / 122.8GiB""},{""name"":""lab-mysql"",""cpu"":""0.76%"",""mem"":""713.3MiB / 122.8GiB""},{""name"":""lab-woocommerce-mysql"",""cpu"":""4.09%"",""mem"":""485.5MiB / 122.8GiB""},{""name"":""lab-allegro-stub"",""cpu"":""0.00%"",""mem"":""30.2MiB / 122.8GiB""}]"
2026-09-09T08:46:44Z,4,380,8,616,22,2666616499,"[{""name"":""lab-worker-1"",""cpu"":""0.98%"",""mem"":""128.1MiB / 122.8GiB""},{""name"":""lab-api"",""cpu"":""0.00%"",""mem"":""129.3MiB / 122.8GiB""},{""name"":""lab-wc-tls"",""cpu"":""0.00%"",""mem"":""30.18MiB / 122.8GiB""},{""name"":""lab-prestashop"",""cpu"":""0.01%"",""mem"":""109MiB / 122.8GiB""},{""name"":""lab-woocommerce"",""cpu"":""0.01%"",""mem"":""204.2MiB / 122.8GiB""},{""name"":""lab-redis"",""cpu"":""0.43%"",""mem"":""76.29MiB / 122.8GiB""},{""name"":""lab-postgres"",""cpu"":""18.65%"",""mem"":""239MiB / 122.8GiB""},{""name"":""lab-mysql"",""cpu"":""0.92%"",""mem"":""713.3MiB / 122.8GiB""},{""name"":""lab-woocommerce-mysql"",""cpu"":""1.32%"",""mem"":""485.5MiB / 122.8GiB""},{""name"":""lab-allegro-stub"",""cpu"":""0.01%"",""mem"":""30.2MiB / 122.8GiB""}]"
2026-09-09T08:46:47Z,4,380,7,616,25,2666616499,"[{""name"":""lab-worker-1"",""cpu"":""1.60%"",""mem"":""127.9MiB / 122.8GiB""},{""name"":""lab-api"",""cpu"":""0.00%"",""mem"":""129.3MiB / 122.8GiB""},{""name"":""lab-wc-tls"",""cpu"":""0.00%"",""mem"":""30.18MiB / 122.8GiB""},{""name"":""lab-prestashop"",""cpu"":""0.01%"",""mem"":""109MiB / 122.8GiB""},{""name"":""lab-woocommerce"",""cpu"":""0.01%"",""mem"":""204.2MiB / 122.8GiB""},{""name"":""lab-redis"",""cpu"":""0.53%"",""mem"":""76.28MiB / 122.8GiB""},{""name"":""lab-postgres"",""cpu"":""19.55%"",""mem"":""241.4MiB / 122.8GiB""},{""name"":""lab-mysql"",""cpu"":""0.79%"",""mem"":""713.3MiB / 122.8GiB""},{""name"":""lab-woocommerce-mysql"",""cpu"":""0.79%"",""mem"":""485.5MiB / 122.8GiB""},{""name"":""lab-allegro-stub"",""cpu"":""0.00%"",""mem"":""30.2MiB / 122.8GiB""}]"
2026-09-09T08:46:51Z,3,381,8,616,22,2666616499,"[{""name"":""lab-worker-1"",""cpu"":""2.42%"",""mem"":""128.2MiB / 122.8GiB""},{""name"":""lab-api"",""cpu"":""0.00%"",""mem"":""129.3MiB / 122.8GiB""},{""name"":""lab-wc-tls"",""cpu"":""0.00%"",""mem"":""30.18MiB / 122.8GiB""},{""name"":""lab-prestashop"",""cpu"":""0.00%"",""mem"":""109MiB / 122.8GiB""},{""name"":""lab-woocommerce"",""cpu"":""0.00%"",""mem"":""204.2MiB / 122.8GiB""},{""name"":""lab-redis"",""cpu"":""0.46%"",""mem"":""76.03MiB / 122.8GiB""},{""name"":""lab-postgres"",""cpu"":""45.75%"",""mem"":""241.8MiB / 122.8GiB""},{""name"":""lab-mysql"",""cpu"":""0.65%"",""mem"":""713.3MiB / 122.8GiB""},{""name"":""lab-woocommerce-mysql"",""cpu"":""0.66%"",""mem"":""485.8MiB / 122.8GiB""},{""name"":""lab-allegro-stub"",""cpu"":""0.00%"",""mem"":""30.2MiB / 122.8GiB""}]"
2026-09-09T08:46:55Z,4,380,7,617,25,2666616499,"[{""name"":""lab-worker-1"",""cpu"":""2.40%"",""mem"":""128.4MiB / 122.8GiB""},{""name"":""lab-api"",""cpu"":""0.00%"",""mem"":""129.3MiB / 122.8GiB""},{""name"":""lab-wc-tls"",""cpu"":""0.00%"",""mem"":""30.18MiB / 122.8GiB""},{""name"":""lab-prestashop"",""cpu"":""0.01%"",""mem"":""109MiB / 122.8GiB""},{""name"":""lab-woocommerce"",""cpu"":""0.01%"",""mem"":""204.2MiB / 122.8GiB""},{""name"":""lab-redis"",""cpu"":""4.91%"",""mem"":""76.05MiB / 122.8GiB""},{""name"":""lab-postgres"",""cpu"":""0.50%"",""mem"":""243.8MiB / 122.8GiB""},{""name"":""lab-mysql"",""cpu"":""0.98%"",""mem"":""713.3MiB / 122.8GiB""},{""name"":""lab-woocommerce-mysql"",""cpu"":""0.96%"",""mem"":""485.5MiB / 122.8GiB""},{""name"":""lab-allegro-stub"",""cpu"":""0.00%"",""mem"":""30.2MiB / 122.8GiB""}]"
2026-09-09T08:46:58Z,4,374,8,619,26,2666616499,"[{""name"":""lab-worker-1"",""cpu"":""3.94%"",""mem"":""128.1MiB / 122.8GiB""},{""name"":""lab-api"",""cpu"":""0.00%"",""mem"":""129.3MiB / 122.8GiB""},{""name"":""lab-wc-tls"",""cpu"":""0.00%"",""mem"":""30.18MiB / 122.8GiB""},{""name"":""lab-prestashop"",""cpu"":""0.01%"",""mem"":""109MiB / 122.8GiB""},{""name"":""lab-woocommerce"",""cpu"":""0.00%"",""mem"":""204.2MiB / 122.8GiB""},{""name"":""lab-redis"",""cpu"":""0.43%"",""mem"":""76.03MiB / 122.8GiB""},{""name"":""lab-postgres"",""cpu"":""32.91%"",""mem"":""243.9MiB / 122.8GiB""},{""name"":""lab-mysql"",""cpu"":""0.78%"",""mem"":""713.3MiB / 122.8GiB""},{""name"":""lab-woocommerce-mysql"",""cpu"":""0.79%"",""mem"":""485.5MiB / 122.8GiB""},{""name"":""lab-allegro-stub"",""cpu"":""4.54%"",""mem"":""30.2MiB / 122.8GiB""}]"
2026-09-09T08:47:02Z,3,373,8,619,27,2666616499,"[{""name"":""lab-worker-1"",""cpu"":""6.20%"",""mem"":""128MiB / 122.8GiB""},{""name"":""lab-api"",""cpu"":""0.00%"",""mem"":""129.3MiB / 122.8GiB""},{""name"":""lab-wc-tls"",""cpu"":""0.00%"",""mem"":""30.18MiB / 122.8GiB""},{""name"":""lab-prestashop"",""cpu"":""0.01%"",""mem"":""109MiB / 122.8GiB""},{""name"":""lab-woocommerce"",""cpu"":""0.01%"",""mem"":""204.2MiB / 122.8GiB""},{""name"":""lab-redis"",""cpu"":""0.54%"",""mem"":""76.28MiB / 122.8GiB""},{""name"":""lab-postgres"",""cpu"":""32.95%"",""mem"":""243.8MiB / 122.8GiB""},{""name"":""lab-mysql"",""cpu"":""0.79%"",""mem"":""713.3MiB / 122.8GiB""},{""name"":""lab-woocommerce-mysql"",""cpu"":""0.74%"",""mem"":""485.5MiB / 122.8GiB""},{""name"":""lab-allegro-stub"",""cpu"":""0.00%"",""mem"":""30.2MiB / 122.8GiB""}]"
2026-09-09T08:47:06Z,4,369,8,621,30,2666616499,"[{""name"":""lab-worker-1"",""cpu"":""1.53%"",""mem"":""127.9MiB / 122.8GiB""},{""name"":""lab-api"",""cpu"":""0.00%"",""mem"":""129.3MiB / 122.8GiB""},{""name"":""lab-wc-tls"",""cpu"":""0.00%"",""mem"":""30.18MiB / 122.8GiB""},{""name"":""lab-prestashop"",""cpu"":""0.00%"",""mem"":""109MiB / 122.8GiB""},{""name"":""lab-woocommerce"",""cpu"":""0.00%"",""mem"":""204.2MiB / 122.8GiB""},{""name"":""lab-redis"",""cpu"":""0.50%"",""mem"":""76.03MiB / 122.8GiB""},{""name"":""lab-postgres"",""cpu"":""18.00%"",""mem"":""247MiB / 122.8GiB""},{""name"":""lab-mysql"",""cpu"":""5.71%"",""mem"":""713.3MiB / 122.8GiB""},{""name"":""lab-woocommerce-mysql"",""cpu"":""0.92%"",""mem"":""485.5MiB / 122.8GiB""},{""name"":""lab-allegro-stub"",""cpu"":""0.00%"",""mem"":""30.2MiB / 122.8GiB""}]"
2026-09-09T08:47:09Z,4,369,8,622,28,2666616499,"[{""name"":""lab-worker-1"",""cpu"":""4.18%"",""mem"":""128.1MiB / 122.8GiB""},{""name"":""lab-api"",""cpu"":""0.00%"",""mem"":""129.3MiB / 122.8GiB""},{""name"":""lab-wc-tls"",""cpu"":""0.00%"",""mem"":""30.18MiB / 122.8GiB""},{""name"":""lab-prestashop"",""cpu"":""5.32%"",""mem"":""109MiB / 122.8GiB""},{""name"":""lab-woocommerce"",""cpu"":""0.01%"",""mem"":""204.2MiB / 122.8GiB""},{""name"":""lab-redis"",""cpu"":""0.74%"",""mem"":""76.04MiB / 122.8GiB""},{""name"":""lab-postgres"",""cpu"":""37.35%"",""mem"":""243.9MiB / 122.8GiB""},{""name"":""lab-mysql"",""cpu"":""1.28%"",""mem"":""713.3MiB / 122.8GiB""},{""name"":""lab-woocommerce-mysql"",""cpu"":""5.57%"",""mem"":""485.8MiB / 122.8GiB""},{""name"":""lab-allegro-stub"",""cpu"":""0.01%"",""mem"":""30.2MiB / 122.8GiB""}]"
2026-09-09T08:47:13Z,3,365,7,622,33,2666616499,"[{""name"":""lab-worker-1"",""cpu"":""3.55%"",""mem"":""128.7MiB / 122.8GiB""},{""name"":""lab-api"",""cpu"":""0.00%"",""mem"":""129.3MiB / 122.8GiB""},{""name"":""lab-wc-tls"",""cpu"":""0.00%"",""mem"":""30.18MiB / 122.8GiB""},{""name"":""lab-prestashop"",""cpu"":""0.01%"",""mem"":""109MiB / 122.8GiB""},{""name"":""lab-woocommerce"",""cpu"":""0.01%"",""mem"":""204.2MiB / 122.8GiB""},{""name"":""lab-redis"",""cpu"":""0.81%"",""mem"":""76.03MiB / 122.8GiB""},{""name"":""lab-postgres"",""cpu"":""7.88%"",""mem"":""241.9MiB / 122.8GiB""},{""name"":""lab-mysql"",""cpu"":""0.93%"",""mem"":""713.3MiB / 122.8GiB""},{""name"":""lab-woocommerce-mysql"",""cpu"":""0.96%"",""mem"":""485.5MiB / 122.8GiB""},{""name"":""lab-allegro-stub"",""cpu"":""3.12%"",""mem"":""30.2MiB / 122.8GiB""}]"
2026-09-09T08:47:17Z,4,365,8,622,31,2666616499,"[{""name"":""lab-worker-1"",""cpu"":""3.22%"",""mem"":""128MiB / 122.8GiB""},{""name"":""lab-api"",""cpu"":""0.00%"",""mem"":""129.3MiB / 122.8GiB""},{""name"":""lab-wc-tls"",""cpu"":""0.00%"",""mem"":""30.18MiB / 122.8GiB""},{""name"":""lab-prestashop"",""cpu"":""0.00%"",""mem"":""109MiB / 122.8GiB""},{""name"":""lab-woocommerce"",""cpu"":""0.01%"",""mem"":""204.2MiB / 122.8GiB""},{""name"":""lab-redis"",""cpu"":""0.62%"",""mem"":""76.03MiB / 122.8GiB""},{""name"":""lab-postgres"",""cpu"":""37.37%"",""mem"":""246.9MiB / 122.8GiB""},{""name"":""lab-mysql"",""cpu"":""0.72%"",""mem"":""713.3MiB / 122.8GiB""},{""name"":""lab-woocommerce-mysql"",""cpu"":""0.82%"",""mem"":""485.5MiB / 122.8GiB""},{""name"":""lab-allegro-stub"",""cpu"":""4.30%"",""mem"":""30.2MiB / 122.8GiB""}]"
2026-09-09T08:47:21Z,4,364,8,623,32,2666641075,"[{""name"":""lab-worker-1"",""cpu"":""2.50%"",""mem"":""128MiB / 122.8GiB""},{""name"":""lab-api"",""cpu"":""0.00%"",""mem"":""129.3MiB / 122.8GiB""},{""name"":""lab-wc-tls"",""cpu"":""0.00%"",""mem"":""30.18MiB / 122.8GiB""},{""name"":""lab-prestashop"",""cpu"":""0.01%"",""mem"":""109MiB / 122.8GiB""},{""name"":""lab-woocommerce"",""cpu"":""0.01%"",""mem"":""204.2MiB / 122.8GiB""},{""name"":""lab-redis"",""cpu"":""0.50%"",""mem"":""76.03MiB / 122.8GiB""},{""name"":""lab-postgres"",""cpu"":""27.83%"",""mem"":""244.1MiB / 122.8GiB""},{""name"":""lab-mysql"",""cpu"":""0.82%"",""mem"":""713.3MiB / 122.8GiB""},{""name"":""lab-woocommerce-mysql"",""cpu"":""0.85%"",""mem"":""485.5MiB / 122.8GiB""},{""name"":""lab-allegro-stub"",""cpu"":""0.00%"",""mem"":""30.2MiB / 122.8GiB""}]"
2026-09-09T08:47:24Z,4,364,8,625,29,2666641075,"[{""name"":""lab-worker-1"",""cpu"":""2.40%"",""mem"":""128.2MiB / 122.8GiB""},{""name"":""lab-api"",""cpu"":""0.00%"",""mem"":""129.3MiB / 122.8GiB""},{""name"":""lab-wc-tls"",""cpu"":""0.00%"",""mem"":""30.18MiB / 122.8GiB""},{""name"":""lab-prestashop"",""cpu"":""0.00%"",""mem"":""109MiB / 122.8GiB""},{""name"":""lab-woocommerce"",""cpu"":""0.01%"",""mem"":""204.2MiB / 122.8GiB""},{""name"":""lab-redis"",""cpu"":""0.52%"",""mem"":""76.03MiB / 122.8GiB""},{""name"":""lab-postgres"",""cpu"":""14.37%"",""mem"":""246.1MiB / 122.8GiB""},{""name"":""lab-mysql"",""cpu"":""0.95%"",""mem"":""713.3MiB / 122.8GiB""},{""name"":""lab-woocommerce-mysql"",""cpu"":""0.92%"",""mem"":""485.5MiB / 122.8GiB""},{""name"":""lab-allegro-stub"",""cpu"":""0.01%"",""mem"":""30.2MiB / 122.8GiB""}]"
2026-09-09T08:47:28Z,3,362,8,626,31,2666641075,"[{""name"":""lab-worker-1"",""cpu"":""3.65%"",""mem"":""128.5MiB / 122.8GiB""},{""name"":""lab-api"",""cpu"":""0.00%"",""mem"":""129.3MiB / 122.8GiB""},{""name"":""lab-wc-tls"",""cpu"":""0.00%"",""mem"":""30.18MiB / 122.8GiB""},{""name"":""lab-prestashop"",""cpu"":""0.00%"",""mem"":""109MiB / 122.8GiB""},{""name"":""lab-woocommerce"",""cpu"":""0.01%"",""mem"":""204.2MiB / 122.8GiB""},{""name"":""lab-redis"",""cpu"":""0.61%"",""mem"":""76.03MiB / 122.8GiB""},{""name"":""lab-postgres"",""cpu"":""45.52%"",""mem"":""243.9MiB / 122.8GiB""},{""name"":""lab-mysql"",""cpu"":""0.82%"",""mem"":""713.3MiB / 122.8GiB""},{""name"":""lab-woocommerce-mysql"",""cpu"":""0.78%"",""mem"":""485.5MiB / 122.8GiB""},{""name"":""lab-allegro-stub"",""cpu"":""4.25%"",""mem"":""30.29MiB / 122.8GiB""}]"
2026-09-09T08:47:32Z,4,361,7,627,32,2666641075,"[{""name"":""lab-worker-1"",""cpu"":""1.42%"",""mem"":""128.2MiB / 122.8GiB""},{""name"":""lab-api"",""cpu"":""0.00%"",""mem"":""129.3MiB / 122.8GiB""},{""name"":""lab-wc-tls"",""cpu"":""0.00%"",""mem"":""30.18MiB / 122.8GiB""},{""name"":""lab-prestashop"",""cpu"":""0.01%"",""mem"":""109MiB / 122.8GiB""},{""name"":""lab-woocommerce"",""cpu"":""0.01%"",""mem"":""204.2MiB / 122.8GiB""},{""name"":""lab-redis"",""cpu"":""0.53%"",""mem"":""76.04MiB / 122.8GiB""},{""name"":""lab-postgres"",""cpu"":""25.26%"",""mem"":""244MiB / 122.8GiB""},{""name"":""lab-mysql"",""cpu"":""0.90%"",""mem"":""713.3MiB / 122.8GiB""},{""name"":""lab-woocommerce-mysql"",""cpu"":""0.97%"",""mem"":""485.5MiB / 122.8GiB""},{""name"":""lab-allegro-stub"",""cpu"":""0.00%"",""mem"":""30.2MiB / 122.8GiB""}]"
2026-09-09T08:47:35Z,4,362,8,629,29,2666641075,"[{""name"":""lab-worker-1"",""cpu"":""2.25%"",""mem"":""128.2MiB / 122.8GiB""},{""name"":""lab-api"",""cpu"":""0.00%"",""mem"":""129.3MiB / 122.8GiB""},{""name"":""lab-wc-tls"",""cpu"":""0.00%"",""mem"":""30.18MiB / 122.8GiB""},{""name"":""lab-prestashop"",""cpu"":""0.01%"",""mem"":""109MiB / 122.8GiB""},{""name"":""lab-woocommerce"",""cpu"":""0.01%"",""mem"":""204.2MiB / 122.8GiB""},{""name"":""lab-redis"",""cpu"":""5.04%"",""mem"":""76.03MiB / 122.8GiB""},{""name"":""lab-postgres"",""cpu"":""24.41%"",""mem"":""246.1MiB / 122.8GiB""},{""name"":""lab-mysql"",""cpu"":""0.81%"",""mem"":""713.3MiB / 122.8GiB""},{""name"":""lab-woocommerce-mysql"",""cpu"":""0.77%"",""mem"":""485.5MiB / 122.8GiB""},{""name"":""lab-allegro-stub"",""cpu"":""0.01%"",""mem"":""30.2MiB / 122.8GiB""}]"
2026-09-09T08:47:39Z,3,358,12,630,32,2666641075,"[{""name"":""lab-worker-1"",""cpu"":""3.40%"",""mem"":""128.5MiB / 122.8GiB""},{""name"":""lab-api"",""cpu"":""0.00%"",""mem"":""129.3MiB / 122.8GiB""},{""name"":""lab-wc-tls"",""cpu"":""0.00%"",""mem"":""30.18MiB / 122.8GiB""},{""name"":""lab-prestashop"",""cpu"":""5.21%"",""mem"":""109.2MiB / 122.8GiB""},{""name"":""lab-woocommerce"",""cpu"":""0.00%"",""mem"":""204.2MiB / 122.8GiB""},{""name"":""lab-redis"",""cpu"":""0.41%"",""mem"":""76.03MiB / 122.8GiB""},{""name"":""lab-postgres"",""cpu"":""32.82%"",""mem"":""243.9MiB / 122.8GiB""},{""name"":""lab-mysql"",""cpu"":""1.25%"",""mem"":""713.5MiB / 122.8GiB""},{""name"":""lab-woocommerce-mysql"",""cpu"":""0.80%"",""mem"":""485.5MiB / 122.8GiB""},{""name"":""lab-allegro-stub"",""cpu"":""0.00%"",""mem"":""30.2MiB / 122.8GiB""}]"
2026-09-09T08:47:43Z,4,358,7,633,28,2666641075,"[{""name"":""lab-worker-1"",""cpu"":""3.36%"",""mem"":""128MiB / 122.8GiB""},{""name"":""lab-api"",""cpu"":""0.00%"",""mem"":""129.3MiB / 122.8GiB""},{""name"":""lab-wc-tls"",""cpu"":""0.00%"",""mem"":""30.18MiB / 122.8GiB""},{""name"":""lab-prestashop"",""cpu"":""0.01%"",""mem"":""109MiB / 122.8GiB""},{""name"":""lab-woocommerce"",""cpu"":""0.01%"",""mem"":""204.2MiB / 122.8GiB""},{""name"":""lab-redis"",""cpu"":""0.67%"",""mem"":""76.04MiB / 122.8GiB""},{""name"":""lab-postgres"",""cpu"":""1.70%"",""mem"":""243.8MiB / 122.8GiB""},{""name"":""lab-mysql"",""cpu"":""1.14%"",""mem"":""713.3MiB / 122.8GiB""},{""name"":""lab-woocommerce-mysql"",""cpu"":""1.05%"",""mem"":""485.5MiB / 122.8GiB""},{""name"":""lab-allegro-stub"",""cpu"":""0.00%"",""mem"":""30.2MiB / 122.8GiB""}]"
2026-09-09T08:47:46Z,4,356,8,636,26,2666641075,"[{""name"":""lab-worker-1"",""cpu"":""1.55%"",""mem"":""128.2MiB / 122.8GiB""},{""name"":""lab-api"",""cpu"":""0.00%"",""mem"":""129.3MiB / 122.8GiB""},{""name"":""lab-wc-tls"",""cpu"":""0.00%"",""mem"":""30.18MiB / 122.8GiB""},{""name"":""lab-prestashop"",""cpu"":""0.01%"",""mem"":""109MiB / 122.8GiB""},{""name"":""lab-woocommerce"",""cpu"":""0.00%"",""mem"":""204.2MiB / 122.8GiB""},{""name"":""lab-redis"",""cpu"":""0.54%"",""mem"":""76.03MiB / 122.8GiB""},{""name"":""lab-postgres"",""cpu"":""31.02%"",""mem"":""244.1MiB / 122.8GiB""},{""name"":""lab-mysql"",""cpu"":""5.24%"",""mem"":""713.3MiB / 122.8GiB""},{""name"":""lab-woocommerce-mysql"",""cpu"":""0.77%"",""mem"":""485.5MiB / 122.8GiB""},{""name"":""lab-allegro-stub"",""cpu"":""0.00%"",""mem"":""30.2MiB / 122.8GiB""}]"
2026-09-09T08:47:50Z,4,357,8,638,24,2666641075,"[{""name"":""lab-worker-1"",""cpu"":""3.02%"",""mem"":""128.4MiB / 122.8GiB""},{""name"":""lab-api"",""cpu"":""0.00%"",""mem"":""129.3MiB / 122.8GiB""},{""name"":""lab-wc-tls"",""cpu"":""0.00%"",""mem"":""30.18MiB / 122.8GiB""},{""name"":""lab-prestashop"",""cpu"":""0.01%"",""mem"":""109MiB / 122.8GiB""},{""name"":""lab-woocommerce"",""cpu"":""0.00%"",""mem"":""204.2MiB / 122.8GiB""},{""name"":""lab-redis"",""cpu"":""0.62%"",""mem"":""76.03MiB / 122.8GiB""},{""name"":""lab-postgres"",""cpu"":""27.31%"",""mem"":""243.9MiB / 122.8GiB""},{""name"":""lab-mysql"",""cpu"":""0.86%"",""mem"":""713.3MiB / 122.8GiB""},{""name"":""lab-woocommerce-mysql"",""cpu"":""4.61%"",""mem"":""485.8MiB / 122.8GiB""},{""name"":""lab-allegro-stub"",""cpu"":""0.00%"",""mem"":""30.2MiB / 122.8GiB""}]"
2026-09-09T08:47:54Z,3,358,8,638,23,2666641075,"[{""name"":""lab-worker-1"",""cpu"":""1.46%"",""mem"":""128.2MiB / 122.8GiB""},{""name"":""lab-api"",""cpu"":""0.00%"",""mem"":""129.3MiB / 122.8GiB""},{""name"":""lab-wc-tls"",""cpu"":""0.00%"",""mem"":""30.18MiB / 122.8GiB""},{""name"":""lab-prestashop"",""cpu"":""0.01%"",""mem"":""109MiB / 122.8GiB""},{""name"":""lab-woocommerce"",""cpu"":""0.01%"",""mem"":""204.2MiB / 122.8GiB""},{""name"":""lab-redis"",""cpu"":""0.48%"",""mem"":""76.03MiB / 122.8GiB""},{""name"":""lab-postgres"",""cpu"":""24.86%"",""mem"":""241.6MiB / 122.8GiB""},{""name"":""lab-mysql"",""cpu"":""0.84%"",""mem"":""713.3MiB / 122.8GiB""},{""name"":""lab-woocommerce-mysql"",""cpu"":""1.32%"",""mem"":""485.5MiB / 122.8GiB""},{""name"":""lab-allegro-stub"",""cpu"":""4.12%"",""mem"":""30.2MiB / 122.8GiB""}]"
2026-09-09T08:47:58Z,4,361,8,638,20,2666641075,"[{""name"":""lab-worker-1"",""cpu"":""18.42%"",""mem"":""128MiB / 122.8GiB""},{""name"":""lab-api"",""cpu"":""0.00%"",""mem"":""129.3MiB / 122.8GiB""},{""name"":""lab-wc-tls"",""cpu"":""0.00%"",""mem"":""30.18MiB / 122.8GiB""},{""name"":""lab-prestashop"",""cpu"":""0.00%"",""mem"":""109MiB / 122.8GiB""},{""name"":""lab-woocommerce"",""cpu"":""0.01%"",""mem"":""204.2MiB / 122.8GiB""},{""name"":""lab-redis"",""cpu"":""0.39%"",""mem"":""76.03MiB / 122.8GiB""},{""name"":""lab-postgres"",""cpu"":""37.44%"",""mem"":""239.1MiB / 122.8GiB""},{""name"":""lab-mysql"",""cpu"":""0.76%"",""mem"":""713.3MiB / 122.8GiB""},{""name"":""lab-woocommerce-mysql"",""cpu"":""0.84%"",""mem"":""485.5MiB / 122.8GiB""},{""name"":""lab-allegro-stub"",""cpu"":""0.00%"",""mem"":""30.2MiB / 122.8GiB""}]"
2026-09-09T08:48:01Z,4,358,8,641,19,2666641075,"[{""name"":""lab-worker-1"",""cpu"":""2.27%"",""mem"":""128MiB / 122.8GiB""},{""name"":""lab-api"",""cpu"":""0.00%"",""mem"":""129.3MiB / 122.8GiB""},{""name"":""lab-wc-tls"",""cpu"":""0.00%"",""mem"":""30.18MiB / 122.8GiB""},{""name"":""lab-prestashop"",""cpu"":""0.01%"",""mem"":""109MiB / 122.8GiB""},{""name"":""lab-woocommerce"",""cpu"":""0.00%"",""mem"":""204.2MiB / 122.8GiB""},{""name"":""lab-redis"",""cpu"":""0.40%"",""mem"":""76.03MiB / 122.8GiB""},{""name"":""lab-postgres"",""cpu"":""8.85%"",""mem"":""244.1MiB / 122.8GiB""},{""name"":""lab-mysql"",""cpu"":""0.94%"",""mem"":""713.3MiB / 122.8GiB""},{""name"":""lab-woocommerce-mysql"",""cpu"":""0.93%"",""mem"":""485.8MiB / 122.8GiB""},{""name"":""lab-allegro-stub"",""cpu"":""0.00%"",""mem"":""30.2MiB / 122.8GiB""}]"
2026-09-09T08:48:05Z,3,357,8,643,20,2666641075,"[{""name"":""lab-worker-1"",""cpu"":""1.51%"",""mem"":""128.1MiB / 122.8GiB""},{""name"":""lab-api"",""cpu"":""0.00%"",""mem"":""129.3MiB / 122.8GiB""},{""name"":""lab-wc-tls"",""cpu"":""0.00%"",""mem"":""30.18MiB / 122.8GiB""},{""name"":""lab-prestashop"",""cpu"":""0.00%"",""mem"":""109MiB / 122.8GiB""},{""name"":""lab-woocommerce"",""cpu"":""0.01%"",""mem"":""204.2MiB / 122.8GiB""},{""name"":""lab-redis"",""cpu"":""4.55%"",""mem"":""76.03MiB / 122.8GiB""},{""name"":""lab-postgres"",""cpu"":""24.86%"",""mem"":""244MiB / 122.8GiB""},{""name"":""lab-mysql"",""cpu"":""0.84%"",""mem"":""713.3MiB / 122.8GiB""},{""name"":""lab-woocommerce-mysql"",""cpu"":""0.82%"",""mem"":""485.5MiB / 122.8GiB""},{""name"":""lab-allegro-stub"",""cpu"":""0.01%"",""mem"":""30.2MiB / 122.8GiB""}]"
2026-09-09T08:48:09Z,4,359,6,644,17,2666641075,"[{""name"":""lab-worker-1"",""cpu"":""3.98%"",""mem"":""128.3MiB / 122.8GiB""},{""name"":""lab-api"",""cpu"":""0.00%"",""mem"":""129.3MiB / 122.8GiB""},{""name"":""lab-wc-tls"",""cpu"":""0.00%"",""mem"":""30.18MiB / 122.8GiB""},{""name"":""lab-prestashop"",""cpu"":""0.01%"",""mem"":""109MiB / 122.8GiB""},{""name"":""lab-woocommerce"",""cpu"":""0.01%"",""mem"":""204.2MiB / 122.8GiB""},{""name"":""lab-redis"",""cpu"":""0.63%"",""mem"":""76.04MiB / 122.8GiB""},{""name"":""lab-postgres"",""cpu"":""32.99%"",""mem"":""241.7MiB / 122.8GiB""},{""name"":""lab-mysql"",""cpu"":""0.86%"",""mem"":""713.3MiB / 122.8GiB""},{""name"":""lab-woocommerce-mysql"",""cpu"":""0.79%"",""mem"":""485.5MiB / 122.8GiB""},{""name"":""lab-allegro-stub"",""cpu"":""4.02%"",""mem"":""30.22MiB / 122.8GiB""}]"
2026-09-09T08:48:12Z,4,356,8,645,18,2666641075,"[{""name"":""lab-worker-1"",""cpu"":""2.50%"",""mem"":""128MiB / 122.8GiB""},{""name"":""lab-api"",""cpu"":""0.00%"",""mem"":""129.3MiB / 122.8GiB""},{""name"":""lab-wc-tls"",""cpu"":""0.00%"",""mem"":""30.18MiB / 122.8GiB""},{""name"":""lab-prestashop"",""cpu"":""0.01%"",""mem"":""109MiB / 122.8GiB""},{""name"":""lab-woocommerce"",""cpu"":""0.01%"",""mem"":""204.2MiB / 122.8GiB""},{""name"":""lab-redis"",""cpu"":""0.54%"",""mem"":""76.28MiB / 122.8GiB""},{""name"":""lab-postgres"",""cpu"":""3.81%"",""mem"":""248.6MiB / 122.8GiB""},{""name"":""lab-mysql"",""cpu"":""1.10%"",""mem"":""713.3MiB / 122.8GiB""},{""name"":""lab-woocommerce-mysql"",""cpu"":""1.02%"",""mem"":""485.5MiB / 122.8GiB""},{""name"":""lab-allegro-stub"",""cpu"":""0.00%"",""mem"":""30.2MiB / 122.8GiB""}]"
2026-09-09T08:48:16Z,3,353,8,647,19,2666641075,"[{""name"":""lab-worker-1"",""cpu"":""6.26%"",""mem"":""128.4MiB / 122.8GiB""},{""name"":""lab-api"",""cpu"":""0.00%"",""mem"":""129.3MiB / 122.8GiB""},{""name"":""lab-wc-tls"",""cpu"":""0.00%"",""mem"":""30.18MiB / 122.8GiB""},{""name"":""lab-prestashop"",""cpu"":""0.01%"",""mem"":""109MiB / 122.8GiB""},{""name"":""lab-woocommerce"",""cpu"":""0.01%"",""mem"":""204.2MiB / 122.8GiB""},{""name"":""lab-redis"",""cpu"":""0.65%"",""mem"":""76.28MiB / 122.8GiB""},{""name"":""lab-postgres"",""cpu"":""32.61%"",""mem"":""242MiB / 122.8GiB""},{""name"":""lab-mysql"",""cpu"":""5.76%"",""mem"":""713.3MiB / 122.8GiB""},{""name"":""lab-woocommerce-mysql"",""cpu"":""0.80%"",""mem"":""485.5MiB / 122.8GiB""},{""name"":""lab-allegro-stub"",""cpu"":""0.00%"",""mem"":""30.2MiB / 122.8GiB""}]"
2026-09-09T08:48:20Z,4,350,8,649,20,2666641075,"[{""name"":""lab-worker-1"",""cpu"":""2.54%"",""mem"":""128.3MiB / 122.8GiB""},{""name"":""lab-api"",""cpu"":""0.00%"",""mem"":""129.3MiB / 122.8GiB""},{""name"":""lab-wc-tls"",""cpu"":""0.00%"",""mem"":""30.18MiB / 122.8GiB""},{""name"":""lab-prestashop"",""cpu"":""0.00%"",""mem"":""109MiB / 122.8GiB""},{""name"":""lab-woocommerce"",""cpu"":""0.01%"",""mem"":""204.2MiB / 122.8GiB""},{""name"":""lab-redis"",""cpu"":""0.56%"",""mem"":""76.03MiB / 122.8GiB""},{""name"":""lab-postgres"",""cpu"":""37.78%"",""mem"":""241.7MiB / 122.8GiB""},{""name"":""lab-mysql"",""cpu"":""0.71%"",""mem"":""713.3MiB / 122.8GiB""},{""name"":""lab-woocommerce-mysql"",""cpu"":""5.23%"",""mem"":""485.8MiB / 122.8GiB""},{""name"":""lab-allegro-stub"",""cpu"":""0.00%"",""mem"":""30.2MiB / 122.8GiB""}]"
2026-09-09T08:48:23Z,4,348,8,650,21,2666641075,"[{""name"":""lab-worker-1"",""cpu"":""2.81%"",""mem"":""128MiB / 122.8GiB""},{""name"":""lab-api"",""cpu"":""0.00%"",""mem"":""129.3MiB / 122.8GiB""},{""name"":""lab-wc-tls"",""cpu"":""0.00%"",""mem"":""30.18MiB / 122.8GiB""},{""name"":""lab-prestashop"",""cpu"":""0.01%"",""mem"":""109MiB / 122.8GiB""},{""name"":""lab-woocommerce"",""cpu"":""14.23%"",""mem"":""204.2MiB / 122.8GiB""},{""name"":""lab-redis"",""cpu"":""0.43%"",""mem"":""76.03MiB / 122.8GiB""},{""name"":""lab-postgres"",""cpu"":""14.66%"",""mem"":""241.8MiB / 122.8GiB""},{""name"":""lab-mysql"",""cpu"":""0.77%"",""mem"":""713.3MiB / 122.8GiB""},{""name"":""lab-woocommerce-mysql"",""cpu"":""2.11%"",""mem"":""485.5MiB / 122.8GiB""},{""name"":""lab-allegro-stub"",""cpu"":""0.00%"",""mem"":""30.2MiB / 122.8GiB""}]"
2026-09-09T08:48:27Z,3,346,6,650,25,2666649267,"[{""name"":""lab-worker-1"",""cpu"":""3.89%"",""mem"":""128.5MiB / 122.8GiB""},{""name"":""lab-api"",""cpu"":""0.00%"",""mem"":""129.3MiB / 122.8GiB""},{""name"":""lab-wc-tls"",""cpu"":""0.00%"",""mem"":""30.18MiB / 122.8GiB""},{""name"":""lab-prestashop"",""cpu"":""0.01%"",""mem"":""109MiB / 122.8GiB""},{""name"":""lab-woocommerce"",""cpu"":""0.01%"",""mem"":""204.2MiB / 122.8GiB""},{""name"":""lab-redis"",""cpu"":""0.54%"",""mem"":""76.03MiB / 122.8GiB""},{""name"":""lab-postgres"",""cpu"":""32.04%"",""mem"":""241.7MiB / 122.8GiB""},{""name"":""lab-mysql"",""cpu"":""0.75%"",""mem"":""713.3MiB / 122.8GiB""},{""name"":""lab-woocommerce-mysql"",""cpu"":""0.78%"",""mem"":""485.5MiB / 122.8GiB""},{""name"":""lab-allegro-stub"",""cpu"":""0.00%"",""mem"":""30.2MiB / 122.8GiB""}]"
2026-09-09T08:48:31Z,4,346,8,650,23,2666657459,"[{""name"":""lab-worker-1"",""cpu"":""4.68%"",""mem"":""128.7MiB / 122.8GiB""},{""name"":""lab-api"",""cpu"":""0.00%"",""mem"":""129.3MiB / 122.8GiB""},{""name"":""lab-wc-tls"",""cpu"":""0.00%"",""mem"":""30.18MiB / 122.8GiB""},{""name"":""lab-prestashop"",""cpu"":""0.01%"",""mem"":""109MiB / 122.8GiB""},{""name"":""lab-woocommerce"",""cpu"":""0.00%"",""mem"":""204.2MiB / 122.8GiB""},{""name"":""lab-redis"",""cpu"":""0.54%"",""mem"":""76.03MiB / 122.8GiB""},{""name"":""lab-postgres"",""cpu"":""22.68%"",""mem"":""241.8MiB / 122.8GiB""},{""name"":""lab-mysql"",""cpu"":""0.88%"",""mem"":""713.3MiB / 122.8GiB""},{""name"":""lab-woocommerce-mysql"",""cpu"":""0.92%"",""mem"":""485.5MiB / 122.8GiB""},{""name"":""lab-allegro-stub"",""cpu"":""0.00%"",""mem"":""30.2MiB / 122.8GiB""}]"
2026-09-09T08:48:34Z,4,343,8,653,23,2666665651,"[{""name"":""lab-worker-1"",""cpu"":""3.26%"",""mem"":""128MiB / 122.8GiB""},{""name"":""lab-api"",""cpu"":""0.00%"",""mem"":""129.3MiB / 122.8GiB""},{""name"":""lab-wc-tls"",""cpu"":""0.00%"",""mem"":""30.18MiB / 122.8GiB""},{""name"":""lab-prestashop"",""cpu"":""0.01%"",""mem"":""109MiB / 122.8GiB""},{""name"":""lab-woocommerce"",""cpu"":""0.01%"",""mem"":""204.2MiB / 122.8GiB""},{""name"":""lab-redis"",""cpu"":""0.66%"",""mem"":""76.03MiB / 122.8GiB""},{""name"":""lab-postgres"",""cpu"":""26.19%"",""mem"":""242.2MiB / 122.8GiB""},{""name"":""lab-mysql"",""cpu"":""0.83%"",""mem"":""713.3MiB / 122.8GiB""},{""name"":""lab-woocommerce-mysql"",""cpu"":""0.85%"",""mem"":""485.5MiB / 122.8GiB""},{""name"":""lab-allegro-stub"",""cpu"":""4.20%"",""mem"":""30.21MiB / 122.8GiB""}]"
2026-09-09T08:48:38Z,3,342,7,655,23,2666673843,"[{""name"":""lab-worker-1"",""cpu"":""2.86%"",""mem"":""128.3MiB / 122.8GiB""},{""name"":""lab-api"",""cpu"":""0.00%"",""mem"":""129.3MiB / 122.8GiB""},{""name"":""lab-wc-tls"",""cpu"":""0.00%"",""mem"":""30.18MiB / 122.8GiB""},{""name"":""lab-prestashop"",""cpu"":""0.00%"",""mem"":""109MiB / 122.8GiB""},{""name"":""lab-woocommerce"",""cpu"":""0.00%"",""mem"":""204.2MiB / 122.8GiB""},{""name"":""lab-redis"",""cpu"":""0.53%"",""mem"":""76.28MiB / 122.8GiB""},{""name"":""lab-postgres"",""cpu"":""32.34%"",""mem"":""241.7MiB / 122.8GiB""},{""name"":""lab-mysql"",""cpu"":""0.80%"",""mem"":""713.3MiB / 122.8GiB""},{""name"":""lab-woocommerce-mysql"",""cpu"":""0.84%"",""mem"":""485.5MiB / 122.8GiB""},{""name"":""lab-allegro-stub"",""cpu"":""0.00%"",""mem"":""30.2MiB / 122.8GiB""}]"
2026-09-09T08:48:42Z,4,339,7,656,25,2666673843,"[{""name"":""lab-worker-1"",""cpu"":""4.98%"",""mem"":""128.1MiB / 122.8GiB""},{""name"":""lab-api"",""cpu"":""0.00%"",""mem"":""129.3MiB / 122.8GiB""},{""name"":""lab-wc-tls"",""cpu"":""0.00%"",""mem"":""30.18MiB / 122.8GiB""},{""name"":""lab-prestashop"",""cpu"":""0.01%"",""mem"":""109MiB / 122.8GiB""},{""name"":""lab-woocommerce"",""cpu"":""0.01%"",""mem"":""204.2MiB / 122.8GiB""},{""name"":""lab-redis"",""cpu"":""0.80%"",""mem"":""76.03MiB / 122.8GiB""},{""name"":""lab-postgres"",""cpu"":""2.61%"",""mem"":""243.4MiB / 122.8GiB""},{""name"":""lab-mysql"",""cpu"":""0.97%"",""mem"":""713.3MiB / 122.8GiB""},{""name"":""lab-woocommerce-mysql"",""cpu"":""1.07%"",""mem"":""485.5MiB / 122.8GiB""},{""name"":""lab-allegro-stub"",""cpu"":""0.00%"",""mem"":""30.2MiB / 122.8GiB""}]"
2026-09-09T08:48:46Z,4,337,8,658,24,2666673843,"[{""name"":""lab-worker-1"",""cpu"":""3.94%"",""mem"":""128.1MiB / 122.8GiB""},{""name"":""lab-api"",""cpu"":""0.00%"",""mem"":""129.3MiB / 122.8GiB""},{""name"":""lab-wc-tls"",""cpu"":""0.00%"",""mem"":""30.18MiB / 122.8GiB""},{""name"":""lab-prestashop"",""cpu"":""0.01%"",""mem"":""109MiB / 122.8GiB""},{""name"":""lab-woocommerce"",""cpu"":""0.00%"",""mem"":""204.2MiB / 122.8GiB""},{""name"":""lab-redis"",""cpu"":""3.93%"",""mem"":""76.04MiB / 122.8GiB""},{""name"":""lab-postgres"",""cpu"":""43.06%"",""mem"":""243.1MiB / 122.8GiB""},{""name"":""lab-mysql"",""cpu"":""0.65%"",""mem"":""713.3MiB / 122.8GiB""},{""name"":""lab-woocommerce-mysql"",""cpu"":""0.72%"",""mem"":""485.5MiB / 122.8GiB""},{""name"":""lab-allegro-stub"",""cpu"":""0.00%"",""mem"":""30.21MiB / 122.8GiB""}]"
2026-09-09T08:48:49Z,4,337,8,659,24,2666673843,"[{""name"":""lab-worker-1"",""cpu"":""3.44%"",""mem"":""128.4MiB / 122.8GiB""},{""name"":""lab-api"",""cpu"":""0.00%"",""mem"":""129.3MiB / 122.8GiB""},{""name"":""lab-wc-tls"",""cpu"":""0.00%"",""mem"":""30.18MiB / 122.8GiB""},{""name"":""lab-prestashop"",""cpu"":""0.00%"",""mem"":""109MiB / 122.8GiB""},{""name"":""lab-woocommerce"",""cpu"":""0.01%"",""mem"":""204.2MiB / 122.8GiB""},{""name"":""lab-redis"",""cpu"":""0.72%"",""mem"":""76.04MiB / 122.8GiB""},{""name"":""lab-postgres"",""cpu"":""13.90%"",""mem"":""241.9MiB / 122.8GiB""},{""name"":""lab-mysql"",""cpu"":""0.87%"",""mem"":""713.3MiB / 122.8GiB""},{""name"":""lab-woocommerce-mysql"",""cpu"":""0.93%"",""mem"":""485.5MiB / 122.8GiB""},{""name"":""lab-allegro-stub"",""cpu"":""4.03%"",""mem"":""30.2MiB / 122.8GiB""}]"
2026-09-09T08:48:53Z,3,332,8,659,28,2666673843,"[{""name"":""lab-worker-1"",""cpu"":""1.14%"",""mem"":""128.2MiB / 122.8GiB""},{""name"":""lab-api"",""cpu"":""0.00%"",""mem"":""129.3MiB / 122.8GiB""},{""name"":""lab-wc-tls"",""cpu"":""0.00%"",""mem"":""30.18MiB / 122.8GiB""},{""name"":""lab-prestashop"",""cpu"":""0.01%"",""mem"":""109MiB / 122.8GiB""},{""name"":""lab-woocommerce"",""cpu"":""17.58%"",""mem"":""213.9MiB / 122.8GiB""},{""name"":""lab-redis"",""cpu"":""0.40%"",""mem"":""76.04MiB / 122.8GiB""},{""name"":""lab-postgres"",""cpu"":""20.30%"",""mem"":""248.9MiB / 122.8GiB""},{""name"":""lab-mysql"",""cpu"":""0.89%"",""mem"":""713.3MiB / 122.8GiB""},{""name"":""lab-woocommerce-mysql"",""cpu"":""3.83%"",""mem"":""485.8MiB / 122.8GiB""},{""name"":""lab-allegro-stub"",""cpu"":""0.00%"",""mem"":""30.2MiB / 122.8GiB""}]"
2026-09-09T08:48:57Z,4,331,7,660,29,2666673843,"[{""name"":""lab-worker-1"",""cpu"":""2.09%"",""mem"":""127.9MiB / 122.8GiB""},{""name"":""lab-api"",""cpu"":""0.00%"",""mem"":""129.3MiB / 122.8GiB""},{""name"":""lab-wc-tls"",""cpu"":""0.00%"",""mem"":""30.18MiB / 122.8GiB""},{""name"":""lab-prestashop"",""cpu"":""0.01%"",""mem"":""109MiB / 122.8GiB""},{""name"":""lab-woocommerce"",""cpu"":""0.01%"",""mem"":""204.2MiB / 122.8GiB""},{""name"":""lab-redis"",""cpu"":""0.43%"",""mem"":""76.28MiB / 122.8GiB""},{""name"":""lab-postgres"",""cpu"":""44.09%"",""mem"":""241.8MiB / 122.8GiB""},{""name"":""lab-mysql"",""cpu"":""5.42%"",""mem"":""713.3MiB / 122.8GiB""},{""name"":""lab-woocommerce-mysql"",""cpu"":""0.81%"",""mem"":""485.5MiB / 122.8GiB""},{""name"":""lab-allegro-stub"",""cpu"":""0.00%"",""mem"":""30.2MiB / 122.8GiB""}]"
2026-09-09T08:49:00Z,4,329,8,663,28,2666673843,"[{""name"":""lab-worker-1"",""cpu"":""2.39%"",""mem"":""127.9MiB / 122.8GiB""},{""name"":""lab-api"",""cpu"":""0.00%"",""mem"":""129.3MiB / 122.8GiB""},{""name"":""lab-wc-tls"",""cpu"":""0.00%"",""mem"":""30.18MiB / 122.8GiB""},{""name"":""lab-prestashop"",""cpu"":""0.01%"",""mem"":""109MiB / 122.8GiB""},{""name"":""lab-woocommerce"",""cpu"":""0.01%"",""mem"":""204.2MiB / 122.8GiB""},{""name"":""lab-redis"",""cpu"":""0.55%"",""mem"":""76.04MiB / 122.8GiB""},{""name"":""lab-postgres"",""cpu"":""6.70%"",""mem"":""241.6MiB / 122.8GiB""},{""name"":""lab-mysql"",""cpu"":""0.91%"",""mem"":""713.3MiB / 122.8GiB""},{""name"":""lab-woocommerce-mysql"",""cpu"":""5.81%"",""mem"":""485.8MiB / 122.8GiB""},{""name"":""lab-allegro-stub"",""cpu"":""0.01%"",""mem"":""30.2MiB / 122.8GiB""}]"
2026-09-09T08:49:04Z,3,329,6,664,28,2666673843,"[{""name"":""lab-worker-1"",""cpu"":""1.32%"",""mem"":""128MiB / 122.8GiB""},{""name"":""lab-api"",""cpu"":""0.00%"",""mem"":""129.3MiB / 122.8GiB""},{""name"":""lab-wc-tls"",""cpu"":""0.00%"",""mem"":""30.18MiB / 122.8GiB""},{""name"":""lab-prestashop"",""cpu"":""0.01%"",""mem"":""109MiB / 122.8GiB""},{""name"":""lab-woocommerce"",""cpu"":""0.01%"",""mem"":""204.2MiB / 122.8GiB""},{""name"":""lab-redis"",""cpu"":""0.50%"",""mem"":""76.28MiB / 122.8GiB""},{""name"":""lab-postgres"",""cpu"":""31.16%"",""mem"":""241.7MiB / 122.8GiB""},{""name"":""lab-mysql"",""cpu"":""0.76%"",""mem"":""713.3MiB / 122.8GiB""},{""name"":""lab-woocommerce-mysql"",""cpu"":""0.84%"",""mem"":""485.5MiB / 122.8GiB""},{""name"":""lab-allegro-stub"",""cpu"":""4.13%"",""mem"":""30.32MiB / 122.8GiB""}]"
2026-09-09T08:49:08Z,4,329,8,664,26,2666673843,"[{""name"":""lab-worker-1"",""cpu"":""2.62%"",""mem"":""128.5MiB / 122.8GiB""},{""name"":""lab-api"",""cpu"":""0.01%"",""mem"":""129.3MiB / 122.8GiB""},{""name"":""lab-wc-tls"",""cpu"":""0.00%"",""mem"":""30.18MiB / 122.8GiB""},{""name"":""lab-prestashop"",""cpu"":""0.01%"",""mem"":""109MiB / 122.8GiB""},{""name"":""lab-woocommerce"",""cpu"":""0.01%"",""mem"":""204.2MiB / 122.8GiB""},{""name"":""lab-redis"",""cpu"":""0.70%"",""mem"":""76.04MiB / 122.8GiB""},{""name"":""lab-postgres"",""cpu"":""20.55%"",""mem"":""241.8MiB / 122.8GiB""},{""name"":""lab-mysql"",""cpu"":""0.86%"",""mem"":""713.3MiB / 122.8GiB""},{""name"":""lab-woocommerce-mysql"",""cpu"":""0.93%"",""mem"":""485.5MiB / 122.8GiB""},{""name"":""lab-allegro-stub"",""cpu"":""0.00%"",""mem"":""30.2MiB / 122.8GiB""}]"
2026-09-09T08:49:12Z,4,331,8,664,24,2666673843,"[{""name"":""lab-worker-1"",""cpu"":""1.91%"",""mem"":""128MiB / 122.8GiB""},{""name"":""lab-api"",""cpu"":""0.00%"",""mem"":""129.3MiB / 122.8GiB""},{""name"":""lab-wc-tls"",""cpu"":""0.00%"",""mem"":""30.18MiB / 122.8GiB""},{""name"":""lab-prestashop"",""cpu"":""0.01%"",""mem"":""109MiB / 122.8GiB""},{""name"":""lab-woocommerce"",""cpu"":""0.01%"",""mem"":""204.2MiB / 122.8GiB""},{""name"":""lab-redis"",""cpu"":""0.58%"",""mem"":""76.03MiB / 122.8GiB""},{""name"":""lab-postgres"",""cpu"":""13.89%"",""mem"":""246.1MiB / 122.8GiB""},{""name"":""lab-mysql"",""cpu"":""0.91%"",""mem"":""713.3MiB / 122.8GiB""},{""name"":""lab-woocommerce-mysql"",""cpu"":""0.96%"",""mem"":""485.5MiB / 122.8GiB""},{""name"":""lab-allegro-stub"",""cpu"":""0.00%"",""mem"":""30.2MiB / 122.8GiB""}]"
2026-09-09T08:49:15Z,4,331,7,665,24,2666673843,"[{""name"":""lab-worker-1"",""cpu"":""4.41%"",""mem"":""128.3MiB / 122.8GiB""},{""name"":""lab-api"",""cpu"":""0.00%"",""mem"":""129.3MiB / 122.8GiB""},{""name"":""lab-wc-tls"",""cpu"":""0.00%"",""mem"":""30.18MiB / 122.8GiB""},{""name"":""lab-prestashop"",""cpu"":""0.00%"",""mem"":""109MiB / 122.8GiB""},{""name"":""lab-woocommerce"",""cpu"":""0.00%"",""mem"":""204.2MiB / 122.8GiB""},{""name"":""lab-redis"",""cpu"":""4.72%"",""mem"":""76.16MiB / 122.8GiB""},{""name"":""lab-postgres"",""cpu"":""33.35%"",""mem"":""241.7MiB / 122.8GiB""},{""name"":""lab-mysql"",""cpu"":""0.69%"",""mem"":""713.3MiB / 122.8GiB""},{""name"":""lab-woocommerce-mysql"",""cpu"":""0.70%"",""mem"":""485.5MiB / 122.8GiB""},{""name"":""lab-allegro-stub"",""cpu"":""0.01%"",""mem"":""30.2MiB / 122.8GiB""}]"
2026-09-09T08:49:19Z,3,328,8,666,25,2666682035,"[{""name"":""lab-worker-1"",""cpu"":""3.54%"",""mem"":""127.9MiB / 122.8GiB""},{""name"":""lab-api"",""cpu"":""0.00%"",""mem"":""129.3MiB / 122.8GiB""},{""name"":""lab-wc-tls"",""cpu"":""0.00%"",""mem"":""30.18MiB / 122.8GiB""},{""name"":""lab-prestashop"",""cpu"":""0.00%"",""mem"":""109MiB / 122.8GiB""},{""name"":""lab-woocommerce"",""cpu"":""0.01%"",""mem"":""204.2MiB / 122.8GiB""},{""name"":""lab-redis"",""cpu"":""0.80%"",""mem"":""76.04MiB / 122.8GiB""},{""name"":""lab-postgres"",""cpu"":""4.20%"",""mem"":""241.5MiB / 122.8GiB""},{""name"":""lab-mysql"",""cpu"":""1.03%"",""mem"":""713.3MiB / 122.8GiB""},{""name"":""lab-woocommerce-mysql"",""cpu"":""1.02%"",""mem"":""485.5MiB / 122.8GiB""},{""name"":""lab-allegro-stub"",""cpu"":""0.00%"",""mem"":""30.2MiB / 122.8GiB""}]"
2026-09-09T08:49:23Z,4,328,7,668,23,2666682035,"[{""name"":""lab-worker-1"",""cpu"":""3.51%"",""mem"":""128MiB / 122.8GiB""},{""name"":""lab-api"",""cpu"":""0.00%"",""mem"":""129.3MiB / 122.8GiB""},{""name"":""lab-wc-tls"",""cpu"":""0.00%"",""mem"":""30.18MiB / 122.8GiB""},{""name"":""lab-prestashop"",""cpu"":""0.01%"",""mem"":""109MiB / 122.8GiB""},{""name"":""lab-woocommerce"",""cpu"":""0.00%"",""mem"":""204.2MiB / 122.8GiB""},{""name"":""lab-redis"",""cpu"":""0.68%"",""mem"":""76.04MiB / 122.8GiB""},{""name"":""lab-postgres"",""cpu"":""43.13%"",""mem"":""241.7MiB / 122.8GiB""},{""name"":""lab-mysql"",""cpu"":""0.71%"",""mem"":""713.3MiB / 122.8GiB""},{""name"":""lab-woocommerce-mysql"",""cpu"":""0.77%"",""mem"":""485.5MiB / 122.8GiB""},{""name"":""lab-allegro-stub"",""cpu"":""0.00%"",""mem"":""30.2MiB / 122.8GiB""}]"
2026-09-09T08:49:26Z,4,328,8,669,22,2666682035,"[{""name"":""lab-worker-1"",""cpu"":""2.15%"",""mem"":""128MiB / 122.8GiB""},{""name"":""lab-api"",""cpu"":""0.00%"",""mem"":""129.3MiB / 122.8GiB""},{""name"":""lab-wc-tls"",""cpu"":""0.00%"",""mem"":""30.18MiB / 122.8GiB""},{""name"":""lab-prestashop"",""cpu"":""0.00%"",""mem"":""109MiB / 122.8GiB""},{""name"":""lab-woocommerce"",""cpu"":""0.01%"",""mem"":""204.2MiB / 122.8GiB""},{""name"":""lab-redis"",""cpu"":""0.57%"",""mem"":""76.04MiB / 122.8GiB""},{""name"":""lab-postgres"",""cpu"":""29.25%"",""mem"":""243.8MiB / 122.8GiB""},{""name"":""lab-mysql"",""cpu"":""5.05%"",""mem"":""713.8MiB / 122.8GiB""},{""name"":""lab-woocommerce-mysql"",""cpu"":""0.83%"",""mem"":""485.5MiB / 122.8GiB""},{""name"":""lab-allegro-stub"",""cpu"":""0.00%"",""mem"":""30.21MiB / 122.8GiB""}]"
2026-09-09T08:49:30Z,3,327,8,671,21,2666682035,"[{""name"":""lab-worker-1"",""cpu"":""1.59%"",""mem"":""128MiB / 122.8GiB""},{""name"":""lab-api"",""cpu"":""0.00%"",""mem"":""129.3MiB / 122.8GiB""},{""name"":""lab-wc-tls"",""cpu"":""0.00%"",""mem"":""30.18MiB / 122.8GiB""},{""name"":""lab-prestashop"",""cpu"":""0.01%"",""mem"":""109MiB / 122.8GiB""},{""name"":""lab-woocommerce"",""cpu"":""0.01%"",""mem"":""204.2MiB / 122.8GiB""},{""name"":""lab-redis"",""cpu"":""0.54%"",""mem"":""76.28MiB / 122.8GiB""},{""name"":""lab-postgres"",""cpu"":""6.60%"",""mem"":""244MiB / 122.8GiB""},{""name"":""lab-mysql"",""cpu"":""1.03%"",""mem"":""713.3MiB / 122.8GiB""},{""name"":""lab-woocommerce-mysql"",""cpu"":""4.98%"",""mem"":""486.6MiB / 122.8GiB""},{""name"":""lab-allegro-stub"",""cpu"":""0.00%"",""mem"":""30.2MiB / 122.8GiB""}]"
2026-09-09T08:49:34Z,4,324,8,672,26,2666682035,"[{""name"":""lab-worker-1"",""cpu"":""1.77%"",""mem"":""128MiB / 122.8GiB""},{""name"":""lab-api"",""cpu"":""0.00%"",""mem"":""129.3MiB / 122.8GiB""},{""name"":""lab-wc-tls"",""cpu"":""0.00%"",""mem"":""30.18MiB / 122.8GiB""},{""name"":""lab-prestashop"",""cpu"":""0.01%"",""mem"":""109MiB / 122.8GiB""},{""name"":""lab-woocommerce"",""cpu"":""0.01%"",""mem"":""204.2MiB / 122.8GiB""},{""name"":""lab-redis"",""cpu"":""0.49%"",""mem"":""76.28MiB / 122.8GiB""},{""name"":""lab-postgres"",""cpu"":""31.89%"",""mem"":""243.4MiB / 122.8GiB""},{""name"":""lab-mysql"",""cpu"":""0.84%"",""mem"":""713.3MiB / 122.8GiB""},{""name"":""lab-woocommerce-mysql"",""cpu"":""0.82%"",""mem"":""485.5MiB / 122.8GiB""},{""name"":""lab-allegro-stub"",""cpu"":""0.00%"",""mem"":""30.2MiB / 122.8GiB""}]"
2026-09-09T08:49:37Z,4,319,8,672,27,2666682035,"[{""name"":""lab-worker-1"",""cpu"":""1.54%"",""mem"":""128.1MiB / 122.8GiB""},{""name"":""lab-api"",""cpu"":""0.02%"",""mem"":""129.3MiB / 122.8GiB""},{""name"":""lab-wc-tls"",""cpu"":""0.00%"",""mem"":""30.18MiB / 122.8GiB""},{""name"":""lab-prestashop"",""cpu"":""0.01%"",""mem"":""109MiB / 122.8GiB""},{""name"":""lab-woocommerce"",""cpu"":""0.01%"",""mem"":""204.2MiB / 122.8GiB""},{""name"":""lab-redis"",""cpu"":""0.52%"",""mem"":""76.03MiB / 122.8GiB""},{""name"":""lab-postgres"",""cpu"":""18.67%"",""mem"":""243.7MiB / 122.8GiB""},{""name"":""lab-mysql"",""cpu"":""0.80%"",""mem"":""713.3MiB / 122.8GiB""},{""name"":""lab-woocommerce-mysql"",""cpu"":""0.93%"",""mem"":""485.5MiB / 122.8GiB""},{""name"":""lab-allegro-stub"",""cpu"":""0.00%"",""mem"":""30.2MiB / 122.8GiB""}]"
2026-09-09T08:49:41Z,3,319,7,673,28,2666682035,"[{""name"":""lab-worker-1"",""cpu"":""1.73%"",""mem"":""128.1MiB / 122.8GiB""},{""name"":""lab-api"",""cpu"":""0.00%"",""mem"":""129.3MiB / 122.8GiB""},{""name"":""lab-wc-tls"",""cpu"":""0.00%"",""mem"":""30.18MiB / 122.8GiB""},{""name"":""lab-prestashop"",""cpu"":""0.01%"",""mem"":""109.1MiB / 122.8GiB""},{""name"":""lab-woocommerce"",""cpu"":""0.01%"",""mem"":""204.2MiB / 122.8GiB""},{""name"":""lab-redis"",""cpu"":""0.54%"",""mem"":""76.03MiB / 122.8GiB""},{""name"":""lab-postgres"",""cpu"":""24.36%"",""mem"":""243.6MiB / 122.8GiB""},{""name"":""lab-mysql"",""cpu"":""0.91%"",""mem"":""713.3MiB / 122.8GiB""},{""name"":""lab-woocommerce-mysql"",""cpu"":""0.93%"",""mem"":""485.5MiB / 122.8GiB""},{""name"":""lab-allegro-stub"",""cpu"":""0.00%"",""mem"":""30.2MiB / 122.8GiB""}]"
2026-09-09T08:49:45Z,4,316,8,674,29,2666682035,"[{""name"":""lab-worker-1"",""cpu"":""3.38%"",""mem"":""128.3MiB / 122.8GiB""},{""name"":""lab-api"",""cpu"":""0.00%"",""mem"":""129.3MiB / 122.8GiB""},{""name"":""lab-wc-tls"",""cpu"":""0.00%"",""mem"":""30.18MiB / 122.8GiB""},{""name"":""lab-prestashop"",""cpu"":""0.01%"",""mem"":""109MiB / 122.8GiB""},{""name"":""lab-woocommerce"",""cpu"":""0.01%"",""mem"":""204.2MiB / 122.8GiB""},{""name"":""lab-redis"",""cpu"":""0.59%"",""mem"":""76.04MiB / 122.8GiB""},{""name"":""lab-postgres"",""cpu"":""33.78%"",""mem"":""243.4MiB / 122.8GiB""},{""name"":""lab-mysql"",""cpu"":""0.78%"",""mem"":""713.3MiB / 122.8GiB""},{""name"":""lab-woocommerce-mysql"",""cpu"":""0.83%"",""mem"":""485.5MiB / 122.8GiB""},{""name"":""lab-allegro-stub"",""cpu"":""4.05%"",""mem"":""30.25MiB / 122.8GiB""}]"
2026-09-09T08:49:49Z,4,314,7,677,29,2666682035,"[{""name"":""lab-worker-1"",""cpu"":""6.63%"",""mem"":""129.1MiB / 122.8GiB""},{""name"":""lab-api"",""cpu"":""0.00%"",""mem"":""129.3MiB / 122.8GiB""},{""name"":""lab-wc-tls"",""cpu"":""0.00%"",""mem"":""30.18MiB / 122.8GiB""},{""name"":""lab-prestashop"",""cpu"":""0.01%"",""mem"":""109MiB / 122.8GiB""},{""name"":""lab-woocommerce"",""cpu"":""0.01%"",""mem"":""204.2MiB / 122.8GiB""},{""name"":""lab-redis"",""cpu"":""0.79%"",""mem"":""76.03MiB / 122.8GiB""},{""name"":""lab-postgres"",""cpu"":""19.45%"",""mem"":""243.4MiB / 122.8GiB""},{""name"":""lab-mysql"",""cpu"":""0.84%"",""mem"":""713.3MiB / 122.8GiB""},{""name"":""lab-woocommerce-mysql"",""cpu"":""0.84%"",""mem"":""485.5MiB / 122.8GiB""},{""name"":""lab-allegro-stub"",""cpu"":""0.00%"",""mem"":""30.2MiB / 122.8GiB""}]"
2026-09-09T08:49:52Z,4,312,8,677,30,2666682035,"[{""name"":""lab-worker-1"",""cpu"":""3.45%"",""mem"":""128.2MiB / 122.8GiB""},{""name"":""lab-api"",""cpu"":""0.00%"",""mem"":""129.3MiB / 122.8GiB""},{""name"":""lab-wc-tls"",""cpu"":""0.00%"",""mem"":""30.18MiB / 122.8GiB""},{""name"":""lab-prestashop"",""cpu"":""0.01%"",""mem"":""109MiB / 122.8GiB""},{""name"":""lab-woocommerce"",""cpu"":""0.01%"",""mem"":""204.2MiB / 122.8GiB""},{""name"":""lab-redis"",""cpu"":""0.68%"",""mem"":""76.03MiB / 122.8GiB""},{""name"":""lab-postgres"",""cpu"":""33.04%"",""mem"":""243.7MiB / 122.8GiB""},{""name"":""lab-mysql"",""cpu"":""0.79%"",""mem"":""713.3MiB / 122.8GiB""},{""name"":""lab-woocommerce-mysql"",""cpu"":""0.81%"",""mem"":""485.5MiB / 122.8GiB""},{""name"":""lab-allegro-stub"",""cpu"":""0.00%"",""mem"":""30.2MiB / 122.8GiB""}]"
2026-09-09T08:49:56Z,3,310,8,677,32,2666698419,"[{""name"":""lab-worker-1"",""cpu"":""4.64%"",""mem"":""128.2MiB / 122.8GiB""},{""name"":""lab-api"",""cpu"":""0.00%"",""mem"":""129.3MiB / 122.8GiB""},{""name"":""lab-wc-tls"",""cpu"":""0.00%"",""mem"":""30.18MiB / 122.8GiB""},{""name"":""lab-prestashop"",""cpu"":""0.01%"",""mem"":""109MiB / 122.8GiB""},{""name"":""lab-woocommerce"",""cpu"":""0.00%"",""mem"":""204.2MiB / 122.8GiB""},{""name"":""lab-redis"",""cpu"":""5.32%"",""mem"":""76.08MiB / 122.8GiB""},{""name"":""lab-postgres"",""cpu"":""27.78%"",""mem"":""243.4MiB / 122.8GiB""},{""name"":""lab-mysql"",""cpu"":""0.89%"",""mem"":""713.3MiB / 122.8GiB""},{""name"":""lab-woocommerce-mysql"",""cpu"":""0.87%"",""mem"":""485.5MiB / 122.8GiB""},{""name"":""lab-allegro-stub"",""cpu"":""0.00%"",""mem"":""30.2MiB / 122.8GiB""}]"
2026-09-09T08:50:00Z,4,307,7,679,33,2666706611,"[{""name"":""lab-worker-1"",""cpu"":""2.19%"",""mem"":""128.3MiB / 122.8GiB""},{""name"":""lab-api"",""cpu"":""0.00%"",""mem"":""129.3MiB / 122.8GiB""},{""name"":""lab-wc-tls"",""cpu"":""0.00%"",""mem"":""30.18MiB / 122.8GiB""},{""name"":""lab-prestashop"",""cpu"":""0.00%"",""mem"":""109MiB / 122.8GiB""},{""name"":""lab-woocommerce"",""cpu"":""0.00%"",""mem"":""204.2MiB / 122.8GiB""},{""name"":""lab-redis"",""cpu"":""0.51%"",""mem"":""76.03MiB / 122.8GiB""},{""name"":""lab-postgres"",""cpu"":""13.50%"",""mem"":""243.6MiB / 122.8GiB""},{""name"":""lab-mysql"",""cpu"":""0.94%"",""mem"":""713.3MiB / 122.8GiB""},{""name"":""lab-woocommerce-mysql"",""cpu"":""0.95%"",""mem"":""485.5MiB / 122.8GiB""},{""name"":""lab-allegro-stub"",""cpu"":""4.29%"",""mem"":""30.23MiB / 122.8GiB""}]"
2026-09-09T08:50:03Z,4,308,8,680,33,2666714803,"[{""name"":""lab-worker-1"",""cpu"":""1.86%"",""mem"":""128.5MiB / 122.8GiB""},{""name"":""lab-api"",""cpu"":""0.00%"",""mem"":""129.3MiB / 122.8GiB""},{""name"":""lab-wc-tls"",""cpu"":""0.00%"",""mem"":""30.18MiB / 122.8GiB""},{""name"":""lab-prestashop"",""cpu"":""0.00%"",""mem"":""109MiB / 122.8GiB""},{""name"":""lab-woocommerce"",""cpu"":""0.01%"",""mem"":""204.2MiB / 122.8GiB""},{""name"":""lab-redis"",""cpu"":""0.34%"",""mem"":""76.28MiB / 122.8GiB""},{""name"":""lab-postgres"",""cpu"":""32.47%"",""mem"":""243.7MiB / 122.8GiB""},{""name"":""lab-mysql"",""cpu"":""0.83%"",""mem"":""713.3MiB / 122.8GiB""},{""name"":""lab-woocommerce-mysql"",""cpu"":""0.84%"",""mem"":""485.5MiB / 122.8GiB""},{""name"":""lab-allegro-stub"",""cpu"":""0.00%"",""mem"":""30.2MiB / 122.8GiB""}]"
2026-09-09T08:50:07Z,3,305,8,682,32,2666714803,"[{""name"":""lab-worker-1"",""cpu"":""0.99%"",""mem"":""128.1MiB / 122.8GiB""},{""name"":""lab-api"",""cpu"":""0.00%"",""mem"":""129.3MiB / 122.8GiB""},{""name"":""lab-wc-tls"",""cpu"":""0.00%"",""mem"":""30.18MiB / 122.8GiB""},{""name"":""lab-prestashop"",""cpu"":""0.01%"",""mem"":""109MiB / 122.8GiB""},{""name"":""lab-woocommerce"",""cpu"":""0.01%"",""mem"":""204.2MiB / 122.8GiB""},{""name"":""lab-redis"",""cpu"":""0.38%"",""mem"":""76.03MiB / 122.8GiB""},{""name"":""lab-postgres"",""cpu"":""13.40%"",""mem"":""243.7MiB / 122.8GiB""},{""name"":""lab-mysql"",""cpu"":""5.33%"",""mem"":""713.3MiB / 122.8GiB""},{""name"":""lab-woocommerce-mysql"",""cpu"":""0.90%"",""mem"":""485.5MiB / 122.8GiB""},{""name"":""lab-allegro-stub"",""cpu"":""0.00%"",""mem"":""30.2MiB / 122.8GiB""}]"
2026-09-09T08:50:11Z,4,304,8,683,32,2666714803,"[{""name"":""lab-worker-1"",""cpu"":""3.24%"",""mem"":""128.4MiB / 122.8GiB""},{""name"":""lab-api"",""cpu"":""0.00%"",""mem"":""129.3MiB / 122.8GiB""},{""name"":""lab-wc-tls"",""cpu"":""0.00%"",""mem"":""30.18MiB / 122.8GiB""},{""name"":""lab-prestashop"",""cpu"":""0.00%"",""mem"":""109MiB / 122.8GiB""},{""name"":""lab-woocommerce"",""cpu"":""0.00%"",""mem"":""204.2MiB / 122.8GiB""},{""name"":""lab-redis"",""cpu"":""0.52%"",""mem"":""76.03MiB / 122.8GiB""},{""name"":""lab-postgres"",""cpu"":""26.14%"",""mem"":""245.5MiB / 122.8GiB""},{""name"":""lab-mysql"",""cpu"":""0.81%"",""mem"":""713.3MiB / 122.8GiB""},{""name"":""lab-woocommerce-mysql"",""cpu"":""5.32%"",""mem"":""485.5MiB / 122.8GiB""},{""name"":""lab-allegro-stub"",""cpu"":""0.00%"",""mem"":""30.2MiB / 122.8GiB""}]"
2026-09-09T08:50:14Z,4,303,6,687,31,2666714803,"[{""name"":""lab-worker-1"",""cpu"":""3.06%"",""mem"":""128.2MiB / 122.8GiB""},{""name"":""lab-api"",""cpu"":""0.00%"",""mem"":""129.3MiB / 122.8GiB""},{""name"":""lab-wc-tls"",""cpu"":""0.00%"",""mem"":""30.18MiB / 122.8GiB""},{""name"":""lab-prestashop"",""cpu"":""0.00%"",""mem"":""109MiB / 122.8GiB""},{""name"":""lab-woocommerce"",""cpu"":""0.01%"",""mem"":""204.2MiB / 122.8GiB""},{""name"":""lab-redis"",""cpu"":""0.57%"",""mem"":""76.03MiB / 122.8GiB""},{""name"":""lab-postgres"",""cpu"":""43.00%"",""mem"":""243.7MiB / 122.8GiB""},{""name"":""lab-mysql"",""cpu"":""0.71%"",""mem"":""713.3MiB / 122.8GiB""},{""name"":""lab-woocommerce-mysql"",""cpu"":""0.70%"",""mem"":""485.5MiB / 122.8GiB""},{""name"":""lab-allegro-stub"",""cpu"":""0.00%"",""mem"":""30.2MiB / 122.8GiB""}]"
2026-09-09T08:50:18Z,3,303,8,688,29,2666714803,"[{""name"":""lab-worker-1"",""cpu"":""3.69%"",""mem"":""128.4MiB / 122.8GiB""},{""name"":""lab-api"",""cpu"":""0.00%"",""mem"":""129.3MiB / 122.8GiB""},{""name"":""lab-wc-tls"",""cpu"":""0.00%"",""mem"":""30.18MiB / 122.8GiB""},{""name"":""lab-prestashop"",""cpu"":""0.01%"",""mem"":""109MiB / 122.8GiB""},{""name"":""lab-woocommerce"",""cpu"":""0.01%"",""mem"":""204.2MiB / 122.8GiB""},{""name"":""lab-redis"",""cpu"":""0.62%"",""mem"":""76.04MiB / 122.8GiB""},{""name"":""lab-postgres"",""cpu"":""4.21%"",""mem"":""243.5MiB / 122.8GiB""},{""name"":""lab-mysql"",""cpu"":""1.00%"",""mem"":""713.3MiB / 122.8GiB""},{""name"":""lab-woocommerce-mysql"",""cpu"":""1.04%"",""mem"":""485.5MiB / 122.8GiB""},{""name"":""lab-allegro-stub"",""cpu"":""0.00%"",""mem"":""30.2MiB / 122.8GiB""}]"
2026-09-09T08:50:22Z,4,302,8,689,28,2666714803,"[{""name"":""lab-worker-1"",""cpu"":""3.22%"",""mem"":""128.1MiB / 122.8GiB""},{""name"":""lab-api"",""cpu"":""0.00%"",""mem"":""129.3MiB / 122.8GiB""},{""name"":""lab-wc-tls"",""cpu"":""0.00%"",""mem"":""30.18MiB / 122.8GiB""},{""name"":""lab-prestashop"",""cpu"":""0.00%"",""mem"":""109MiB / 122.8GiB""},{""name"":""lab-woocommerce"",""cpu"":""0.00%"",""mem"":""204.2MiB / 122.8GiB""},{""name"":""lab-redis"",""cpu"":""0.81%"",""mem"":""76.03MiB / 122.8GiB""},{""name"":""lab-postgres"",""cpu"":""30.98%"",""mem"":""243.6MiB / 122.8GiB""},{""name"":""lab-mysql"",""cpu"":""0.82%"",""mem"":""713.3MiB / 122.8GiB""},{""name"":""lab-woocommerce-mysql"",""cpu"":""0.84%"",""mem"":""485.5MiB / 122.8GiB""},{""name"":""lab-allegro-stub"",""cpu"":""0.00%"",""mem"":""30.2MiB / 122.8GiB""}]"
2026-09-09T08:50:26Z,4,307,8,689,23,2666714803,"[{""name"":""lab-worker-1"",""cpu"":""1.88%"",""mem"":""128.1MiB / 122.8GiB""},{""name"":""lab-api"",""cpu"":""0.00%"",""mem"":""129.3MiB / 122.8GiB""},{""name"":""lab-wc-tls"",""cpu"":""0.00%"",""mem"":""30.18MiB / 122.8GiB""},{""name"":""lab-prestashop"",""cpu"":""0.00%"",""mem"":""109MiB / 122.8GiB""},{""name"":""lab-woocommerce"",""cpu"":""0.01%"",""mem"":""204.2MiB / 122.8GiB""},{""name"":""lab-redis"",""cpu"":""5.14%"",""mem"":""76.66MiB / 122.8GiB""},{""name"":""lab-postgres"",""cpu"":""38.45%"",""mem"":""238.8MiB / 122.8GiB""},{""name"":""lab-mysql"",""cpu"":""0.79%"",""mem"":""713.3MiB / 122.8GiB""},{""name"":""lab-woocommerce-mysql"",""cpu"":""0.90%"",""mem"":""485.5MiB / 122.8GiB""},{""name"":""lab-allegro-stub"",""cpu"":""4.20%"",""mem"":""30.21MiB / 122.8GiB""}]"
2026-09-09T08:50:29Z,4,307,8,689,23,2666714803,"[{""name"":""lab-worker-1"",""cpu"":""4.75%"",""mem"":""128.1MiB / 122.8GiB""},{""name"":""lab-api"",""cpu"":""0.00%"",""mem"":""129.3MiB / 122.8GiB""},{""name"":""lab-wc-tls"",""cpu"":""0.00%"",""mem"":""30.18MiB / 122.8GiB""},{""name"":""lab-prestashop"",""cpu"":""0.01%"",""mem"":""109MiB / 122.8GiB""},{""name"":""lab-woocommerce"",""cpu"":""0.00%"",""mem"":""204.2MiB / 122.8GiB""},{""name"":""lab-redis"",""cpu"":""0.70%"",""mem"":""76.03MiB / 122.8GiB""},{""name"":""lab-postgres"",""cpu"":""16.01%"",""mem"":""243.3MiB / 122.8GiB""},{""name"":""lab-mysql"",""cpu"":""0.90%"",""mem"":""713.3MiB / 122.8GiB""},{""name"":""lab-woocommerce-mysql"",""cpu"":""0.97%"",""mem"":""485.5MiB / 122.8GiB""},{""name"":""lab-allegro-stub"",""cpu"":""0.00%"",""mem"":""30.2MiB / 122.8GiB""}]"
2026-09-09T08:50:33Z,3,305,8,691,24,2666714803,"[{""name"":""lab-worker-1"",""cpu"":""3.14%"",""mem"":""128.6MiB / 122.8GiB""},{""name"":""lab-api"",""cpu"":""0.00%"",""mem"":""129.3MiB / 122.8GiB""},{""name"":""lab-wc-tls"",""cpu"":""0.00%"",""mem"":""30.18MiB / 122.8GiB""},{""name"":""lab-prestashop"",""cpu"":""0.01%"",""mem"":""109MiB / 122.8GiB""},{""name"":""lab-woocommerce"",""cpu"":""0.00%"",""mem"":""204.2MiB / 122.8GiB""},{""name"":""lab-redis"",""cpu"":""0.62%"",""mem"":""76.04MiB / 122.8GiB""},{""name"":""lab-postgres"",""cpu"":""32.63%"",""mem"":""241.2MiB / 122.8GiB""},{""name"":""lab-mysql"",""cpu"":""0.82%"",""mem"":""713.3MiB / 122.8GiB""},{""name"":""lab-woocommerce-mysql"",""cpu"":""0.85%"",""mem"":""485.5MiB / 122.8GiB""},{""name"":""lab-allegro-stub"",""cpu"":""0.00%"",""mem"":""30.2MiB / 122.8GiB""}]"
2026-09-09T08:50:37Z,4,304,7,692,24,2666714803,"[{""name"":""lab-worker-1"",""cpu"":""3.39%"",""mem"":""128.9MiB / 122.8GiB""},{""name"":""lab-api"",""cpu"":""0.00%"",""mem"":""129.3MiB / 122.8GiB""},{""name"":""lab-wc-tls"",""cpu"":""0.00%"",""mem"":""30.18MiB / 122.8GiB""},{""name"":""lab-prestashop"",""cpu"":""0.01%"",""mem"":""109MiB / 122.8GiB""},{""name"":""lab-woocommerce"",""cpu"":""0.01%"",""mem"":""204.2MiB / 122.8GiB""},{""name"":""lab-redis"",""cpu"":""0.53%"",""mem"":""76.28MiB / 122.8GiB""},{""name"":""lab-postgres"",""cpu"":""7.97%"",""mem"":""241.2MiB / 122.8GiB""},{""name"":""lab-mysql"",""cpu"":""0.95%"",""mem"":""713.3MiB / 122.8GiB""},{""name"":""lab-woocommerce-mysql"",""cpu"":""1.01%"",""mem"":""485.5MiB / 122.8GiB""},{""name"":""lab-allegro-stub"",""cpu"":""0.00%"",""mem"":""30.2MiB / 122.8GiB""}]"
2026-09-09T08:50:40Z,4,302,8,692,25,2666714803,"[{""name"":""lab-worker-1"",""cpu"":""2.62%"",""mem"":""128.2MiB / 122.8GiB""},{""name"":""lab-api"",""cpu"":""0.00%"",""mem"":""129.3MiB / 122.8GiB""},{""name"":""lab-wc-tls"",""cpu"":""0.00%"",""mem"":""30.18MiB / 122.8GiB""},{""name"":""lab-prestashop"",""cpu"":""0.39%"",""mem"":""109.1MiB / 122.8GiB""},{""name"":""lab-woocommerce"",""cpu"":""0.00%"",""mem"":""204.2MiB / 122.8GiB""},{""name"":""lab-redis"",""cpu"":""0.50%"",""mem"":""76.03MiB / 122.8GiB""},{""name"":""lab-postgres"",""cpu"":""36.62%"",""mem"":""253.9MiB / 122.8GiB""},{""name"":""lab-mysql"",""cpu"":""0.81%"",""mem"":""713.3MiB / 122.8GiB""},{""name"":""lab-woocommerce-mysql"",""cpu"":""0.85%"",""mem"":""485.5MiB / 122.8GiB""},{""name"":""lab-allegro-stub"",""cpu"":""4.04%"",""mem"":""30.23MiB / 122.8GiB""}]"
2026-09-09T08:50:44Z,3,302,6,694,26,2666714803,"[{""name"":""lab-worker-1"",""cpu"":""3.14%"",""mem"":""128.2MiB / 122.8GiB""},{""name"":""lab-api"",""cpu"":""0.00%"",""mem"":""129.3MiB / 122.8GiB""},{""name"":""lab-wc-tls"",""cpu"":""0.00%"",""mem"":""30.18MiB / 122.8GiB""},{""name"":""lab-prestashop"",""cpu"":""0.00%"",""mem"":""109MiB / 122.8GiB""},{""name"":""lab-woocommerce"",""cpu"":""0.01%"",""mem"":""204.2MiB / 122.8GiB""},{""name"":""lab-redis"",""cpu"":""0.63%"",""mem"":""76.04MiB / 122.8GiB""},{""name"":""lab-postgres"",""cpu"":""30.76%"",""mem"":""243.7MiB / 122.8GiB""},{""name"":""lab-mysql"",""cpu"":""0.80%"",""mem"":""713.3MiB / 122.8GiB""},{""name"":""lab-woocommerce-mysql"",""cpu"":""0.77%"",""mem"":""485.5MiB / 122.8GiB""},{""name"":""lab-allegro-stub"",""cpu"":""0.00%"",""mem"":""30.2MiB / 122.8GiB""}]"
2026-09-09T08:50:48Z,4,298,8,694,28,2666714803,"[{""name"":""lab-worker-1"",""cpu"":""2.51%"",""mem"":""128.2MiB / 122.8GiB""},{""name"":""lab-api"",""cpu"":""0.00%"",""mem"":""129.3MiB / 122.8GiB""},{""name"":""lab-wc-tls"",""cpu"":""0.00%"",""mem"":""30.18MiB / 122.8GiB""},{""name"":""lab-prestashop"",""cpu"":""0.01%"",""mem"":""109MiB / 122.8GiB""},{""name"":""lab-woocommerce"",""cpu"":""0.01%"",""mem"":""204.2MiB / 122.8GiB""},{""name"":""lab-redis"",""cpu"":""0.50%"",""mem"":""76.03MiB / 122.8GiB""},{""name"":""lab-postgres"",""cpu"":""5.51%"",""mem"":""245.9MiB / 122.8GiB""},{""name"":""lab-mysql"",""cpu"":""5.68%"",""mem"":""713.3MiB / 122.8GiB""},{""name"":""lab-woocommerce-mysql"",""cpu"":""0.91%"",""mem"":""485.5MiB / 122.8GiB""},{""name"":""lab-allegro-stub"",""cpu"":""0.00%"",""mem"":""30.2MiB / 122.8GiB""}]"
2026-09-09T08:50:51Z,4,296,8,695,29,2666714803,"[{""name"":""lab-worker-1"",""cpu"":""2.21%"",""mem"":""128.2MiB / 122.8GiB""},{""name"":""lab-api"",""cpu"":""0.00%"",""mem"":""129.3MiB / 122.8GiB""},{""name"":""lab-wc-tls"",""cpu"":""0.00%"",""mem"":""30.18MiB / 122.8GiB""},{""name"":""lab-prestashop"",""cpu"":""0.00%"",""mem"":""109MiB / 122.8GiB""},{""name"":""lab-woocommerce"",""cpu"":""0.00%"",""mem"":""204.2MiB / 122.8GiB""},{""name"":""lab-redis"",""cpu"":""0.58%"",""mem"":""76.03MiB / 122.8GiB""},{""name"":""lab-postgres"",""cpu"":""49.74%"",""mem"":""243.5MiB / 122.8GiB""},{""name"":""lab-mysql"",""cpu"":""0.65%"",""mem"":""713.3MiB / 122.8GiB""},{""name"":""lab-woocommerce-mysql"",""cpu"":""5.12%"",""mem"":""485.5MiB / 122.8GiB""},{""name"":""lab-allegro-stub"",""cpu"":""0.01%"",""mem"":""30.2MiB / 122.8GiB""}]"
2026-09-09T08:50:55Z,3,294,7,695,30,2666714803,"[{""name"":""lab-worker-1"",""cpu"":""2.55%"",""mem"":""128.5MiB / 122.8GiB""},{""name"":""lab-api"",""cpu"":""0.00%"",""mem"":""129.3MiB / 122.8GiB""},{""name"":""lab-wc-tls"",""cpu"":""0.00%"",""mem"":""30.18MiB / 122.8GiB""},{""name"":""lab-prestashop"",""cpu"":""0.01%"",""mem"":""109MiB / 122.8GiB""},{""name"":""lab-woocommerce"",""cpu"":""0.00%"",""mem"":""204.2MiB / 122.8GiB""},{""name"":""lab-redis"",""cpu"":""0.45%"",""mem"":""76.03MiB / 122.8GiB""},{""name"":""lab-postgres"",""cpu"":""22.21%"",""mem"":""243.5MiB / 122.8GiB""},{""name"":""lab-mysql"",""cpu"":""0.86%"",""mem"":""713.3MiB / 122.8GiB""},{""name"":""lab-woocommerce-mysql"",""cpu"":""1.25%"",""mem"":""485.8MiB / 122.8GiB""},{""name"":""lab-allegro-stub"",""cpu"":""3.13%"",""mem"":""35.68MiB / 122.8GiB""}]"
2026-09-09T08:50:59Z,4,294,7,697,29,2666714803,"[{""name"":""lab-worker-1"",""cpu"":""3.98%"",""mem"":""128.3MiB / 122.8GiB""},{""name"":""lab-api"",""cpu"":""0.00%"",""mem"":""129.3MiB / 122.8GiB""},{""name"":""lab-wc-tls"",""cpu"":""0.00%"",""mem"":""30.18MiB / 122.8GiB""},{""name"":""lab-prestashop"",""cpu"":""0.00%"",""mem"":""109MiB / 122.8GiB""},{""name"":""lab-woocommerce"",""cpu"":""0.01%"",""mem"":""204.2MiB / 122.8GiB""},{""name"":""lab-redis"",""cpu"":""0.86%"",""mem"":""76.03MiB / 122.8GiB""},{""name"":""lab-postgres"",""cpu"":""15.23%"",""mem"":""244.2MiB / 122.8GiB""},{""name"":""lab-mysql"",""cpu"":""0.80%"",""mem"":""713.3MiB / 122.8GiB""},{""name"":""lab-woocommerce-mysql"",""cpu"":""0.80%"",""mem"":""485.5MiB / 122.8GiB""},{""name"":""lab-allegro-stub"",""cpu"":""0.00%"",""mem"":""30.2MiB / 122.8GiB""}]"
2026-09-09T08:51:03Z,4,292,8,699,29,2666714803,"[{""name"":""lab-worker-1"",""cpu"":""3.85%"",""mem"":""128.7MiB / 122.8GiB""},{""name"":""lab-api"",""cpu"":""0.00%"",""mem"":""129.3MiB / 122.8GiB""},{""name"":""lab-wc-tls"",""cpu"":""0.00%"",""mem"":""30.18MiB / 122.8GiB""},{""name"":""lab-prestashop"",""cpu"":""0.00%"",""mem"":""109MiB / 122.8GiB""},{""name"":""lab-woocommerce"",""cpu"":""0.00%"",""mem"":""204.2MiB / 122.8GiB""},{""name"":""lab-redis"",""cpu"":""0.66%"",""mem"":""76.28MiB / 122.8GiB""},{""name"":""lab-postgres"",""cpu"":""33.29%"",""mem"":""243.5MiB / 122.8GiB""},{""name"":""lab-mysql"",""cpu"":""0.78%"",""mem"":""713.3MiB / 122.8GiB""},{""name"":""lab-woocommerce-mysql"",""cpu"":""0.74%"",""mem"":""485.5MiB / 122.8GiB""},{""name"":""lab-allegro-stub"",""cpu"":""0.00%"",""mem"":""30.2MiB / 122.8GiB""}]"
2026-09-09T08:51:06Z,4,293,8,699,27,2666714803,"[{""name"":""lab-worker-1"",""cpu"":""4.22%"",""mem"":""128.5MiB / 122.8GiB""},{""name"":""lab-api"",""cpu"":""0.00%"",""mem"":""129.3MiB / 122.8GiB""},{""name"":""lab-wc-tls"",""cpu"":""0.00%"",""mem"":""30.18MiB / 122.8GiB""},{""name"":""lab-prestashop"",""cpu"":""0.00%"",""mem"":""109MiB / 122.8GiB""},{""name"":""lab-woocommerce"",""cpu"":""0.01%"",""mem"":""204.2MiB / 122.8GiB""},{""name"":""lab-redis"",""cpu"":""4.74%"",""mem"":""76.08MiB / 122.8GiB""},{""name"":""lab-postgres"",""cpu"":""8.96%"",""mem"":""243.6MiB / 122.8GiB""},{""name"":""lab-mysql"",""cpu"":""0.97%"",""mem"":""713.3MiB / 122.8GiB""},{""name"":""lab-woocommerce-mysql"",""cpu"":""0.96%"",""mem"":""485.5MiB / 122.8GiB""},{""name"":""lab-allegro-stub"",""cpu"":""0.00%"",""mem"":""30.2MiB / 122.8GiB""}]"
2026-09-09T08:51:10Z,3,291,7,701,28,2666714803,"[{""name"":""lab-worker-1"",""cpu"":""2.32%"",""mem"":""128.5MiB / 122.8GiB""},{""name"":""lab-api"",""cpu"":""0.00%"",""mem"":""129.3MiB / 122.8GiB""},{""name"":""lab-wc-tls"",""cpu"":""0.00%"",""mem"":""30.18MiB / 122.8GiB""},{""name"":""lab-prestashop"",""cpu"":""5.05%"",""mem"":""109MiB / 122.8GiB""},{""name"":""lab-woocommerce"",""cpu"":""0.00%"",""mem"":""204.2MiB / 122.8GiB""},{""name"":""lab-redis"",""cpu"":""0.61%"",""mem"":""76.03MiB / 122.8GiB""},{""name"":""lab-postgres"",""cpu"":""31.39%"",""mem"":""247.1MiB / 122.8GiB""},{""name"":""lab-mysql"",""cpu"":""0.95%"",""mem"":""713.3MiB / 122.8GiB""},{""name"":""lab-woocommerce-mysql"",""cpu"":""0.74%"",""mem"":""485.5MiB / 122.8GiB""},{""name"":""lab-allegro-stub"",""cpu"":""4.42%"",""mem"":""30.2MiB / 122.8GiB""}]"
2026-09-09T08:51:14Z,4,289,7,703,27,2666714803,"[{""name"":""lab-worker-1"",""cpu"":""2.75%"",""mem"":""128.7MiB / 122.8GiB""},{""name"":""lab-api"",""cpu"":""0.00%"",""mem"":""129.3MiB / 122.8GiB""},{""name"":""lab-wc-tls"",""cpu"":""0.00%"",""mem"":""30.18MiB / 122.8GiB""},{""name"":""lab-prestashop"",""cpu"":""0.00%"",""mem"":""109MiB / 122.8GiB""},{""name"":""lab-woocommerce"",""cpu"":""0.00%"",""mem"":""204.2MiB / 122.8GiB""},{""name"":""lab-redis"",""cpu"":""0.45%"",""mem"":""76.03MiB / 122.8GiB""},{""name"":""lab-postgres"",""cpu"":""27.65%"",""mem"":""243.6MiB / 122.8GiB""},{""name"":""lab-mysql"",""cpu"":""0.77%"",""mem"":""713.3MiB / 122.8GiB""},{""name"":""lab-woocommerce-mysql"",""cpu"":""0.74%"",""mem"":""485.5MiB / 122.8GiB""},{""name"":""lab-allegro-stub"",""cpu"":""0.00%"",""mem"":""30.2MiB / 122.8GiB""}]"
2026-09-09T08:51:17Z,4,289,8,703,27,2666714803,"[{""name"":""lab-worker-1"",""cpu"":""2.68%"",""mem"":""128.5MiB / 122.8GiB""},{""name"":""lab-api"",""cpu"":""0.00%"",""mem"":""129.3MiB / 122.8GiB""},{""name"":""lab-wc-tls"",""cpu"":""0.00%"",""mem"":""30.18MiB / 122.8GiB""},{""name"":""lab-prestashop"",""cpu"":""0.00%"",""mem"":""109MiB / 122.8GiB""},{""name"":""lab-woocommerce"",""cpu"":""0.00%"",""mem"":""204.2MiB / 122.8GiB""},{""name"":""lab-redis"",""cpu"":""0.56%"",""mem"":""76.03MiB / 122.8GiB""},{""name"":""lab-postgres"",""cpu"":""21.53%"",""mem"":""249MiB / 122.8GiB""},{""name"":""lab-mysql"",""cpu"":""5.75%"",""mem"":""713.3MiB / 122.8GiB""},{""name"":""lab-woocommerce-mysql"",""cpu"":""0.84%"",""mem"":""485.5MiB / 122.8GiB""},{""name"":""lab-allegro-stub"",""cpu"":""0.00%"",""mem"":""30.2MiB / 122.8GiB""}]"
2026-09-09T08:51:21Z,3,287,8,706,27,2666714803,"[{""name"":""lab-worker-1"",""cpu"":""4.17%"",""mem"":""128.4MiB / 122.8GiB""},{""name"":""lab-api"",""cpu"":""0.00%"",""mem"":""129.3MiB / 122.8GiB""},{""name"":""lab-wc-tls"",""cpu"":""0.00%"",""mem"":""30.18MiB / 122.8GiB""},{""name"":""lab-prestashop"",""cpu"":""0.01%"",""mem"":""109MiB / 122.8GiB""},{""name"":""lab-woocommerce"",""cpu"":""0.00%"",""mem"":""204.2MiB / 122.8GiB""},{""name"":""lab-redis"",""cpu"":""0.51%"",""mem"":""76.28MiB / 122.8GiB""},{""name"":""lab-postgres"",""cpu"":""35.76%"",""mem"":""243.5MiB / 122.8GiB""},{""name"":""lab-mysql"",""cpu"":""0.85%"",""mem"":""713.3MiB / 122.8GiB""},{""name"":""lab-woocommerce-mysql"",""cpu"":""5.36%"",""mem"":""485.5MiB / 122.8GiB""},{""name"":""lab-allegro-stub"",""cpu"":""4.22%"",""mem"":""30.47MiB / 122.8GiB""}]"
2026-09-09T08:51:25Z,4,286,7,706,29,2666714803,"[{""name"":""lab-worker-1"",""cpu"":""3.02%"",""mem"":""128.9MiB / 122.8GiB""},{""name"":""lab-api"",""cpu"":""0.00%"",""mem"":""129.3MiB / 122.8GiB""},{""name"":""lab-wc-tls"",""cpu"":""0.00%"",""mem"":""30.18MiB / 122.8GiB""},{""name"":""lab-prestashop"",""cpu"":""0.01%"",""mem"":""109MiB / 122.8GiB""},{""name"":""lab-woocommerce"",""cpu"":""13.78%"",""mem"":""204.2MiB / 122.8GiB""},{""name"":""lab-redis"",""cpu"":""0.57%"",""mem"":""76.29MiB / 122.8GiB""},{""name"":""lab-postgres"",""cpu"":""12.84%"",""mem"":""241.1MiB / 122.8GiB""},{""name"":""lab-mysql"",""cpu"":""0.90%"",""mem"":""713.3MiB / 122.8GiB""},{""name"":""lab-woocommerce-mysql"",""cpu"":""2.19%"",""mem"":""485.8MiB / 122.8GiB""},{""name"":""lab-allegro-stub"",""cpu"":""0.00%"",""mem"":""30.2MiB / 122.8GiB""}]"
2026-09-09T08:51:28Z,4,281,8,708,29,2666714803,"[{""name"":""lab-worker-1"",""cpu"":""1.25%"",""mem"":""128.3MiB / 122.8GiB""},{""name"":""lab-api"",""cpu"":""0.00%"",""mem"":""129.3MiB / 122.8GiB""},{""name"":""lab-wc-tls"",""cpu"":""0.00%"",""mem"":""30.18MiB / 122.8GiB""},{""name"":""lab-prestashop"",""cpu"":""0.00%"",""mem"":""109MiB / 122.8GiB""},{""name"":""lab-woocommerce"",""cpu"":""0.00%"",""mem"":""204.2MiB / 122.8GiB""},{""name"":""lab-redis"",""cpu"":""0.33%"",""mem"":""76.03MiB / 122.8GiB""},{""name"":""lab-postgres"",""cpu"":""20.72%"",""mem"":""241.6MiB / 122.8GiB""},{""name"":""lab-mysql"",""cpu"":""0.49%"",""mem"":""713.3MiB / 122.8GiB""},{""name"":""lab-woocommerce-mysql"",""cpu"":""0.46%"",""mem"":""485.5MiB / 122.8GiB""},{""name"":""lab-allegro-stub"",""cpu"":""0.00%"",""mem"":""30.2MiB / 122.8GiB""}]"
2026-09-09T08:51:32Z,3,281,7,709,30,2666714803,"[{""name"":""lab-worker-1"",""cpu"":""3.08%"",""mem"":""128.6MiB / 122.8GiB""},{""name"":""lab-api"",""cpu"":""0.00%"",""mem"":""129.3MiB / 122.8GiB""},{""name"":""lab-wc-tls"",""cpu"":""0.00%"",""mem"":""30.18MiB / 122.8GiB""},{""name"":""lab-prestashop"",""cpu"":""0.01%"",""mem"":""109MiB / 122.8GiB""},{""name"":""lab-woocommerce"",""cpu"":""0.00%"",""mem"":""204.2MiB / 122.8GiB""},{""name"":""lab-redis"",""cpu"":""0.72%"",""mem"":""76.29MiB / 122.8GiB""},{""name"":""lab-postgres"",""cpu"":""32.33%"",""mem"":""241.1MiB / 122.8GiB""},{""name"":""lab-mysql"",""cpu"":""0.79%"",""mem"":""713.3MiB / 122.8GiB""},{""name"":""lab-woocommerce-mysql"",""cpu"":""0.78%"",""mem"":""485.5MiB / 122.8GiB""},{""name"":""lab-allegro-stub"",""cpu"":""0.00%"",""mem"":""30.2MiB / 122.8GiB""}]"
2026-09-09T08:51:36Z,4,276,7,711,33,2666714803,"[{""name"":""lab-worker-1"",""cpu"":""2.34%"",""mem"":""128.6MiB / 122.8GiB""},{""name"":""lab-api"",""cpu"":""0.00%"",""mem"":""129.3MiB / 122.8GiB""},{""name"":""lab-wc-tls"",""cpu"":""0.00%"",""mem"":""30.18MiB / 122.8GiB""},{""name"":""lab-prestashop"",""cpu"":""0.00%"",""mem"":""109MiB / 122.8GiB""},{""name"":""lab-woocommerce"",""cpu"":""0.01%"",""mem"":""204.2MiB / 122.8GiB""},{""name"":""lab-redis"",""cpu"":""1.53%"",""mem"":""81.02MiB / 122.8GiB""},{""name"":""lab-postgres"",""cpu"":""7.02%"",""mem"":""241.4MiB / 122.8GiB""},{""name"":""lab-mysql"",""cpu"":""0.98%"",""mem"":""713.3MiB / 122.8GiB""},{""name"":""lab-woocommerce-mysql"",""cpu"":""0.96%"",""mem"":""485.5MiB / 122.8GiB""},{""name"":""lab-allegro-stub"",""cpu"":""4.21%"",""mem"":""30.21MiB / 122.8GiB""}]"
2026-09-09T08:51:40Z,4,277,8,711,31,2666714803,"[{""name"":""lab-worker-1"",""cpu"":""1.76%"",""mem"":""129.4MiB / 122.8GiB""},{""name"":""lab-api"",""cpu"":""0.00%"",""mem"":""129.3MiB / 122.8GiB""},{""name"":""lab-wc-tls"",""cpu"":""0.00%"",""mem"":""30.18MiB / 122.8GiB""},{""name"":""lab-prestashop"",""cpu"":""5.11%"",""mem"":""109.1MiB / 122.8GiB""},{""name"":""lab-woocommerce"",""cpu"":""0.00%"",""mem"":""204.2MiB / 122.8GiB""},{""name"":""lab-redis"",""cpu"":""0.59%"",""mem"":""76.04MiB / 122.8GiB""},{""name"":""lab-postgres"",""cpu"":""31.84%"",""mem"":""241.1MiB / 122.8GiB""},{""name"":""lab-mysql"",""cpu"":""1.14%"",""mem"":""713.3MiB / 122.8GiB""},{""name"":""lab-woocommerce-mysql"",""cpu"":""0.74%"",""mem"":""485.5MiB / 122.8GiB""},{""name"":""lab-allegro-stub"",""cpu"":""4.33%"",""mem"":""30.38MiB / 122.8GiB""}]"
2026-09-09T08:51:43Z,4,278,8,711,30,2666714803,"[{""name"":""lab-worker-1"",""cpu"":""1.67%"",""mem"":""128.8MiB / 122.8GiB""},{""name"":""lab-api"",""cpu"":""0.00%"",""mem"":""129.3MiB / 122.8GiB""},{""name"":""lab-wc-tls"",""cpu"":""0.00%"",""mem"":""30.18MiB / 122.8GiB""},{""name"":""lab-prestashop"",""cpu"":""0.00%"",""mem"":""109MiB / 122.8GiB""},{""name"":""lab-woocommerce"",""cpu"":""0.00%"",""mem"":""204.2MiB / 122.8GiB""},{""name"":""lab-redis"",""cpu"":""0.49%"",""mem"":""76.04MiB / 122.8GiB""},{""name"":""lab-postgres"",""cpu"":""25.92%"",""mem"":""241MiB / 122.8GiB""},{""name"":""lab-mysql"",""cpu"":""0.80%"",""mem"":""713.3MiB / 122.8GiB""},{""name"":""lab-woocommerce-mysql"",""cpu"":""0.85%"",""mem"":""485.5MiB / 122.8GiB""},{""name"":""lab-allegro-stub"",""cpu"":""0.00%"",""mem"":""30.2MiB / 122.8GiB""}]"
2026-09-09T08:51:47Z,3,279,8,713,27,2666714803,"[{""name"":""lab-worker-1"",""cpu"":""4.56%"",""mem"":""128.4MiB / 122.8GiB""},{""name"":""lab-api"",""cpu"":""0.00%"",""mem"":""129.3MiB / 122.8GiB""},{""name"":""lab-wc-tls"",""cpu"":""0.00%"",""mem"":""30.18MiB / 122.8GiB""},{""name"":""lab-prestashop"",""cpu"":""0.00%"",""mem"":""109MiB / 122.8GiB""},{""name"":""lab-woocommerce"",""cpu"":""0.01%"",""mem"":""204.2MiB / 122.8GiB""},{""name"":""lab-redis"",""cpu"":""4.57%"",""mem"":""83.79MiB / 122.8GiB""},{""name"":""lab-postgres"",""cpu"":""26.18%"",""mem"":""244.5MiB / 122.8GiB""},{""name"":""lab-mysql"",""cpu"":""0.80%"",""mem"":""713.3MiB / 122.8GiB""},{""name"":""lab-woocommerce-mysql"",""cpu"":""0.84%"",""mem"":""485.5MiB / 122.8GiB""},{""name"":""lab-allegro-stub"",""cpu"":""0.00%"",""mem"":""30.2MiB / 122.8GiB""}]"
2026-09-09T08:51:51Z,4,275,8,714,29,2666714803,"[{""name"":""lab-worker-1"",""cpu"":""3.13%"",""mem"":""128.4MiB / 122.8GiB""},{""name"":""lab-api"",""cpu"":""0.00%"",""mem"":""129.3MiB / 122.8GiB""},{""name"":""lab-wc-tls"",""cpu"":""0.00%"",""mem"":""30.18MiB / 122.8GiB""},{""name"":""lab-prestashop"",""cpu"":""0.00%"",""mem"":""109MiB / 122.8GiB""},{""name"":""lab-woocommerce"",""cpu"":""0.01%"",""mem"":""204.2MiB / 122.8GiB""},{""name"":""lab-redis"",""cpu"":""0.44%"",""mem"":""76.03MiB / 122.8GiB""},{""name"":""lab-postgres"",""cpu"":""33.30%"",""mem"":""241.3MiB / 122.8GiB""},{""name"":""lab-mysql"",""cpu"":""0.84%"",""mem"":""713.3MiB / 122.8GiB""},{""name"":""lab-woocommerce-mysql"",""cpu"":""0.81%"",""mem"":""485.5MiB / 122.8GiB""},{""name"":""lab-allegro-stub"",""cpu"":""3.20%"",""mem"":""37.09MiB / 122.8GiB""}]"
2026-09-09T08:51:54Z,4,277,7,716,27,2666714803,"[{""name"":""lab-worker-1"",""cpu"":""2.72%"",""mem"":""128.4MiB / 122.8GiB""},{""name"":""lab-api"",""cpu"":""0.00%"",""mem"":""129.3MiB / 122.8GiB""},{""name"":""lab-wc-tls"",""cpu"":""0.00%"",""mem"":""30.18MiB / 122.8GiB""},{""name"":""lab-prestashop"",""cpu"":""0.01%"",""mem"":""109MiB / 122.8GiB""},{""name"":""lab-woocommerce"",""cpu"":""19.67%"",""mem"":""204.2MiB / 122.8GiB""},{""name"":""lab-redis"",""cpu"":""0.49%"",""mem"":""76.03MiB / 122.8GiB""},{""name"":""lab-postgres"",""cpu"":""12.99%"",""mem"":""244.4MiB / 122.8GiB""},{""name"":""lab-mysql"",""cpu"":""0.85%"",""mem"":""713.3MiB / 122.8GiB""},{""name"":""lab-woocommerce-mysql"",""cpu"":""4.74%"",""mem"":""485.5MiB / 122.8GiB""},{""name"":""lab-allegro-stub"",""cpu"":""0.00%"",""mem"":""30.2MiB / 122.8GiB""}]"
2026-09-09T08:51:58Z,3,275,8,717,27,2666714803,"[{""name"":""lab-worker-1"",""cpu"":""3.70%"",""mem"":""128.5MiB / 122.8GiB""},{""name"":""lab-api"",""cpu"":""0.00%"",""mem"":""129.3MiB / 122.8GiB""},{""name"":""lab-wc-tls"",""cpu"":""0.00%"",""mem"":""30.18MiB / 122.8GiB""},{""name"":""lab-prestashop"",""cpu"":""0.00%"",""mem"":""109MiB / 122.8GiB""},{""name"":""lab-woocommerce"",""cpu"":""0.01%"",""mem"":""204.2MiB / 122.8GiB""},{""name"":""lab-redis"",""cpu"":""0.75%"",""mem"":""76.3MiB / 122.8GiB""},{""name"":""lab-postgres"",""cpu"":""32.20%"",""mem"":""241.2MiB / 122.8GiB""},{""name"":""lab-mysql"",""cpu"":""5.31%"",""mem"":""713.3MiB / 122.8GiB""},{""name"":""lab-woocommerce-mysql"",""cpu"":""0.79%"",""mem"":""485.5MiB / 122.8GiB""},{""name"":""lab-allegro-stub"",""cpu"":""0.00%"",""mem"":""30.2MiB / 122.8GiB""}]"
2026-09-09T08:52:02Z,4,275,8,718,25,2666714803,"[{""name"":""lab-worker-1"",""cpu"":""3.38%"",""mem"":""128.8MiB / 122.8GiB""},{""name"":""lab-api"",""cpu"":""0.00%"",""mem"":""129.3MiB / 122.8GiB""},{""name"":""lab-wc-tls"",""cpu"":""0.00%"",""mem"":""30.18MiB / 122.8GiB""},{""name"":""lab-prestashop"",""cpu"":""0.01%"",""mem"":""109MiB / 122.8GiB""},{""name"":""lab-woocommerce"",""cpu"":""0.01%"",""mem"":""204.2MiB / 122.8GiB""},{""name"":""lab-redis"",""cpu"":""0.71%"",""mem"":""76.03MiB / 122.8GiB""},{""name"":""lab-postgres"",""cpu"":""18.46%"",""mem"":""241.2MiB / 122.8GiB""},{""name"":""lab-mysql"",""cpu"":""0.91%"",""mem"":""713.3MiB / 122.8GiB""},{""name"":""lab-woocommerce-mysql"",""cpu"":""5.68%"",""mem"":""485.6MiB / 122.8GiB""},{""name"":""lab-allegro-stub"",""cpu"":""0.00%"",""mem"":""30.2MiB / 122.8GiB""}]"
2026-09-09T08:52:06Z,4,276,6,722,23,2666714803,"[{""name"":""lab-worker-1"",""cpu"":""3.92%"",""mem"":""128.3MiB / 122.8GiB""},{""name"":""lab-api"",""cpu"":""0.00%"",""mem"":""129.3MiB / 122.8GiB""},{""name"":""lab-wc-tls"",""cpu"":""0.00%"",""mem"":""30.18MiB / 122.8GiB""},{""name"":""lab-prestashop"",""cpu"":""0.01%"",""mem"":""109MiB / 122.8GiB""},{""name"":""lab-woocommerce"",""cpu"":""0.00%"",""mem"":""204.2MiB / 122.8GiB""},{""name"":""lab-redis"",""cpu"":""0.85%"",""mem"":""76.04MiB / 122.8GiB""},{""name"":""lab-postgres"",""cpu"":""27.42%"",""mem"":""241.4MiB / 122.8GiB""},{""name"":""lab-mysql"",""cpu"":""0.84%"",""mem"":""713.3MiB / 122.8GiB""},{""name"":""lab-woocommerce-mysql"",""cpu"":""0.80%"",""mem"":""485.5MiB / 122.8GiB""},{""name"":""lab-allegro-stub"",""cpu"":""0.01%"",""mem"":""30.2MiB / 122.8GiB""}]"
2026-09-09T08:52:09Z,4,273,8,724,22,2666714803,"[{""name"":""lab-worker-1"",""cpu"":""1.97%"",""mem"":""128.3MiB / 122.8GiB""},{""name"":""lab-api"",""cpu"":""0.00%"",""mem"":""129.3MiB / 122.8GiB""},{""name"":""lab-wc-tls"",""cpu"":""0.00%"",""mem"":""30.18MiB / 122.8GiB""},{""name"":""lab-prestashop"",""cpu"":""0.00%"",""mem"":""109MiB / 122.8GiB""},{""name"":""lab-woocommerce"",""cpu"":""0.01%"",""mem"":""204.2MiB / 122.8GiB""},{""name"":""lab-redis"",""cpu"":""0.34%"",""mem"":""76.03MiB / 122.8GiB""},{""name"":""lab-postgres"",""cpu"":""46.28%"",""mem"":""241.5MiB / 122.8GiB""},{""name"":""lab-mysql"",""cpu"":""0.71%"",""mem"":""713.3MiB / 122.8GiB""},{""name"":""lab-woocommerce-mysql"",""cpu"":""0.76%"",""mem"":""485.5MiB / 122.8GiB""},{""name"":""lab-allegro-stub"",""cpu"":""0.00%"",""mem"":""30.2MiB / 122.8GiB""}]"
2026-09-09T08:52:13Z,3,272,7,725,23,2666714803,"[{""name"":""lab-worker-1"",""cpu"":""2.65%"",""mem"":""128.7MiB / 122.8GiB""},{""name"":""lab-api"",""cpu"":""0.00%"",""mem"":""129.3MiB / 122.8GiB""},{""name"":""lab-wc-tls"",""cpu"":""0.00%"",""mem"":""30.18MiB / 122.8GiB""},{""name"":""lab-prestashop"",""cpu"":""0.01%"",""mem"":""109MiB / 122.8GiB""},{""name"":""lab-woocommerce"",""cpu"":""0.01%"",""mem"":""204.2MiB / 122.8GiB""},{""name"":""lab-redis"",""cpu"":""0.50%"",""mem"":""76.03MiB / 122.8GiB""},{""name"":""lab-postgres"",""cpu"":""1.58%"",""mem"":""241.4MiB / 122.8GiB""},{""name"":""lab-mysql"",""cpu"":""0.78%"",""mem"":""713.3MiB / 122.8GiB""},{""name"":""lab-woocommerce-mysql"",""cpu"":""0.88%"",""mem"":""485.5MiB / 122.8GiB""},{""name"":""lab-allegro-stub"",""cpu"":""0.00%"",""mem"":""30.2MiB / 122.8GiB""}]"
2026-09-09T08:52:17Z,4,269,7,727,24,2666714803,"[{""name"":""lab-worker-1"",""cpu"":""1.28%"",""mem"":""128.9MiB / 122.8GiB""},{""name"":""lab-api"",""cpu"":""0.00%"",""mem"":""129.3MiB / 122.8GiB""},{""name"":""lab-wc-tls"",""cpu"":""0.00%"",""mem"":""30.18MiB / 122.8GiB""},{""name"":""lab-prestashop"",""cpu"":""0.01%"",""mem"":""109MiB / 122.8GiB""},{""name"":""lab-woocommerce"",""cpu"":""0.00%"",""mem"":""204.2MiB / 122.8GiB""},{""name"":""lab-redis"",""cpu"":""4.79%"",""mem"":""76.03MiB / 122.8GiB""},{""name"":""lab-postgres"",""cpu"":""31.35%"",""mem"":""241.4MiB / 122.8GiB""},{""name"":""lab-mysql"",""cpu"":""0.89%"",""mem"":""713.3MiB / 122.8GiB""},{""name"":""lab-woocommerce-mysql"",""cpu"":""0.84%"",""mem"":""485.5MiB / 122.8GiB""},{""name"":""lab-allegro-stub"",""cpu"":""4.47%"",""mem"":""30.22MiB / 122.8GiB""}]"
2026-09-09T08:52:20Z,4,266,7,730,23,2666714803,"[{""name"":""lab-worker-1"",""cpu"":""4.77%"",""mem"":""128.8MiB / 122.8GiB""},{""name"":""lab-api"",""cpu"":""0.00%"",""mem"":""129.3MiB / 122.8GiB""},{""name"":""lab-wc-tls"",""cpu"":""0.00%"",""mem"":""30.18MiB / 122.8GiB""},{""name"":""lab-prestashop"",""cpu"":""0.01%"",""mem"":""109MiB / 122.8GiB""},{""name"":""lab-woocommerce"",""cpu"":""0.00%"",""mem"":""204.2MiB / 122.8GiB""},{""name"":""lab-redis"",""cpu"":""0.48%"",""mem"":""76.28MiB / 122.8GiB""},{""name"":""lab-postgres"",""cpu"":""37.21%"",""mem"":""241.2MiB / 122.8GiB""},{""name"":""lab-mysql"",""cpu"":""0.79%"",""mem"":""713.3MiB / 122.8GiB""},{""name"":""lab-woocommerce-mysql"",""cpu"":""0.88%"",""mem"":""485.5MiB / 122.8GiB""},{""name"":""lab-allegro-stub"",""cpu"":""3.58%"",""mem"":""30.24MiB / 122.8GiB""}]"
2026-09-09T08:52:24Z,3,265,8,733,22,2666714803,"[{""name"":""lab-worker-1"",""cpu"":""1.89%"",""mem"":""128.6MiB / 122.8GiB""},{""name"":""lab-api"",""cpu"":""0.00%"",""mem"":""129.3MiB / 122.8GiB""},{""name"":""lab-wc-tls"",""cpu"":""0.00%"",""mem"":""30.18MiB / 122.8GiB""},{""name"":""lab-prestashop"",""cpu"":""0.01%"",""mem"":""109MiB / 122.8GiB""},{""name"":""lab-woocommerce"",""cpu"":""0.01%"",""mem"":""204.2MiB / 122.8GiB""},{""name"":""lab-redis"",""cpu"":""0.64%"",""mem"":""76.03MiB / 122.8GiB""},{""name"":""lab-postgres"",""cpu"":""13.26%"",""mem"":""241.5MiB / 122.8GiB""},{""name"":""lab-mysql"",""cpu"":""1.05%"",""mem"":""713.3MiB / 122.8GiB""},{""name"":""lab-woocommerce-mysql"",""cpu"":""0.95%"",""mem"":""485.5MiB / 122.8GiB""},{""name"":""lab-allegro-stub"",""cpu"":""0.00%"",""mem"":""30.2MiB / 122.8GiB""}]"
2026-09-09T08:52:28Z,4,264,8,734,21,2666714803,"[{""name"":""lab-worker-1"",""cpu"":""3.14%"",""mem"":""128.6MiB / 122.8GiB""},{""name"":""lab-api"",""cpu"":""0.00%"",""mem"":""129.3MiB / 122.8GiB""},{""name"":""lab-wc-tls"",""cpu"":""0.00%"",""mem"":""30.18MiB / 122.8GiB""},{""name"":""lab-prestashop"",""cpu"":""0.01%"",""mem"":""109MiB / 122.8GiB""},{""name"":""lab-woocommerce"",""cpu"":""0.01%"",""mem"":""204.2MiB / 122.8GiB""},{""name"":""lab-redis"",""cpu"":""0.59%"",""mem"":""76.29MiB / 122.8GiB""},{""name"":""lab-postgres"",""cpu"":""31.18%"",""mem"":""241.3MiB / 122.8GiB""},{""name"":""lab-mysql"",""cpu"":""5.15%"",""mem"":""713.3MiB / 122.8GiB""},{""name"":""lab-woocommerce-mysql"",""cpu"":""0.77%"",""mem"":""485.5MiB / 122.8GiB""},{""name"":""lab-allegro-stub"",""cpu"":""0.00%"",""mem"":""30.21MiB / 122.8GiB""}]"
2026-09-09T08:52:31Z,4,261,8,738,20,2666714803,"[{""name"":""lab-worker-1"",""cpu"":""2.40%"",""mem"":""128.5MiB / 122.8GiB""},{""name"":""lab-api"",""cpu"":""0.00%"",""mem"":""129.3MiB / 122.8GiB""},{""name"":""lab-wc-tls"",""cpu"":""0.00%"",""mem"":""30.18MiB / 122.8GiB""},{""name"":""lab-prestashop"",""cpu"":""0.01%"",""mem"":""109MiB / 122.8GiB""},{""name"":""lab-woocommerce"",""cpu"":""0.00%"",""mem"":""204.2MiB / 122.8GiB""},{""name"":""lab-redis"",""cpu"":""0.44%"",""mem"":""76.03MiB / 122.8GiB""},{""name"":""lab-postgres"",""cpu"":""14.17%"",""mem"":""243.9MiB / 122.8GiB""},{""name"":""lab-mysql"",""cpu"":""0.96%"",""mem"":""713.3MiB / 122.8GiB""},{""name"":""lab-woocommerce-mysql"",""cpu"":""5.28%"",""mem"":""485.6MiB / 122.8GiB""},{""name"":""lab-allegro-stub"",""cpu"":""4.22%"",""mem"":""30.21MiB / 122.8GiB""}]"
2026-09-09T08:52:35Z,3,261,7,738,20,2666714803,"[{""name"":""lab-worker-1"",""cpu"":""2.99%"",""mem"":""128.2MiB / 122.8GiB""},{""name"":""lab-api"",""cpu"":""0.00%"",""mem"":""129.3MiB / 122.8GiB""},{""name"":""lab-wc-tls"",""cpu"":""0.00%"",""mem"":""30.18MiB / 122.8GiB""},{""name"":""lab-prestashop"",""cpu"":""0.00%"",""mem"":""109MiB / 122.8GiB""},{""name"":""lab-woocommerce"",""cpu"":""0.01%"",""mem"":""204.2MiB / 122.8GiB""},{""name"":""lab-redis"",""cpu"":""0.58%"",""mem"":""76.03MiB / 122.8GiB""},{""name"":""lab-postgres"",""cpu"":""37.79%"",""mem"":""246.8MiB / 122.8GiB""},{""name"":""lab-mysql"",""cpu"":""0.79%"",""mem"":""713.3MiB / 122.8GiB""},{""name"":""lab-woocommerce-mysql"",""cpu"":""0.85%"",""mem"":""485.5MiB / 122.8GiB""},{""name"":""lab-allegro-stub"",""cpu"":""0.01%"",""mem"":""30.2MiB / 122.8GiB""}]"
2026-09-09T08:52:39Z,4,258,8,741,21,2666722995,"[{""name"":""lab-worker-1"",""cpu"":""3.70%"",""mem"":""128.8MiB / 122.8GiB""},{""name"":""lab-api"",""cpu"":""0.00%"",""mem"":""129.3MiB / 122.8GiB""},{""name"":""lab-wc-tls"",""cpu"":""0.00%"",""mem"":""30.18MiB / 122.8GiB""},{""name"":""lab-prestashop"",""cpu"":""0.01%"",""mem"":""109MiB / 122.8GiB""},{""name"":""lab-woocommerce"",""cpu"":""0.01%"",""mem"":""204.2MiB / 122.8GiB""},{""name"":""lab-redis"",""cpu"":""0.60%"",""mem"":""76.29MiB / 122.8GiB""},{""name"":""lab-postgres"",""cpu"":""26.18%"",""mem"":""241.6MiB / 122.8GiB""},{""name"":""lab-mysql"",""cpu"":""0.86%"",""mem"":""713.3MiB / 122.8GiB""},{""name"":""lab-woocommerce-mysql"",""cpu"":""0.75%"",""mem"":""485.5MiB / 122.8GiB""},{""name"":""lab-allegro-stub"",""cpu"":""0.00%"",""mem"":""30.2MiB / 122.8GiB""}]"
2026-09-09T08:52:43Z,4,256,8,741,22,2666722995,"[{""name"":""lab-worker-1"",""cpu"":""2.60%"",""mem"":""128.8MiB / 122.8GiB""},{""name"":""lab-api"",""cpu"":""0.00%"",""mem"":""129.3MiB / 122.8GiB""},{""name"":""lab-wc-tls"",""cpu"":""0.00%"",""mem"":""30.18MiB / 122.8GiB""},{""name"":""lab-prestashop"",""cpu"":""0.01%"",""mem"":""109MiB / 122.8GiB""},{""name"":""lab-woocommerce"",""cpu"":""0.00%"",""mem"":""204.2MiB / 122.8GiB""},{""name"":""lab-redis"",""cpu"":""0.60%"",""mem"":""76.04MiB / 122.8GiB""},{""name"":""lab-postgres"",""cpu"":""7.88%"",""mem"":""241.1MiB / 122.8GiB""},{""name"":""lab-mysql"",""cpu"":""0.96%"",""mem"":""713.3MiB / 122.8GiB""},{""name"":""lab-woocommerce-mysql"",""cpu"":""0.98%"",""mem"":""485.5MiB / 122.8GiB""},{""name"":""lab-allegro-stub"",""cpu"":""0.00%"",""mem"":""30.2MiB / 122.8GiB""}]"
2026-09-09T08:52:46Z,4,255,8,742,23,2666722995,"[{""name"":""lab-worker-1"",""cpu"":""2.67%"",""mem"":""128.3MiB / 122.8GiB""},{""name"":""lab-api"",""cpu"":""0.00%"",""mem"":""129.3MiB / 122.8GiB""},{""name"":""lab-wc-tls"",""cpu"":""0.00%"",""mem"":""30.18MiB / 122.8GiB""},{""name"":""lab-prestashop"",""cpu"":""0.00%"",""mem"":""109MiB / 122.8GiB""},{""name"":""lab-woocommerce"",""cpu"":""0.01%"",""mem"":""204.2MiB / 122.8GiB""},{""name"":""lab-redis"",""cpu"":""0.62%"",""mem"":""76.04MiB / 122.8GiB""},{""name"":""lab-postgres"",""cpu"":""43.61%"",""mem"":""243.6MiB / 122.8GiB""},{""name"":""lab-mysql"",""cpu"":""0.75%"",""mem"":""713.3MiB / 122.8GiB""},{""name"":""lab-woocommerce-mysql"",""cpu"":""0.81%"",""mem"":""485.5MiB / 122.8GiB""},{""name"":""lab-allegro-stub"",""cpu"":""0.00%"",""mem"":""30.2MiB / 122.8GiB""}]"
2026-09-09T08:52:50Z,3,254,7,743,23,2666722995,"[{""name"":""lab-worker-1"",""cpu"":""1.95%"",""mem"":""128.8MiB / 122.8GiB""},{""name"":""lab-api"",""cpu"":""0.00%"",""mem"":""129.3MiB / 122.8GiB""},{""name"":""lab-wc-tls"",""cpu"":""0.00%"",""mem"":""30.18MiB / 122.8GiB""},{""name"":""lab-prestashop"",""cpu"":""0.01%"",""mem"":""109MiB / 122.8GiB""},{""name"":""lab-woocommerce"",""cpu"":""0.01%"",""mem"":""204.2MiB / 122.8GiB""},{""name"":""lab-redis"",""cpu"":""0.50%"",""mem"":""76.29MiB / 122.8GiB""},{""name"":""lab-postgres"",""cpu"":""12.86%"",""mem"":""243.6MiB / 122.8GiB""},{""name"":""lab-mysql"",""cpu"":""0.87%"",""mem"":""713.3MiB / 122.8GiB""},{""name"":""lab-woocommerce-mysql"",""cpu"":""0.91%"",""mem"":""485.5MiB / 122.8GiB""},{""name"":""lab-allegro-stub"",""cpu"":""0.00%"",""mem"":""30.2MiB / 122.8GiB""}]"
2026-09-09T08:52:54Z,4,255,8,743,21,2666722995,"[{""name"":""lab-worker-1"",""cpu"":""2.89%"",""mem"":""128.3MiB / 122.8GiB""},{""name"":""lab-api"",""cpu"":""0.00%"",""mem"":""129.3MiB / 122.8GiB""},{""name"":""lab-wc-tls"",""cpu"":""0.00%"",""mem"":""30.18MiB / 122.8GiB""},{""name"":""lab-prestashop"",""cpu"":""0.01%"",""mem"":""109MiB / 122.8GiB""},{""name"":""lab-woocommerce"",""cpu"":""0.01%"",""mem"":""204.2MiB / 122.8GiB""},{""name"":""lab-redis"",""cpu"":""0.75%"",""mem"":""76.03MiB / 122.8GiB""},{""name"":""lab-postgres"",""cpu"":""25.95%"",""mem"":""243.8MiB / 122.8GiB""},{""name"":""lab-mysql"",""cpu"":""0.85%"",""mem"":""713.3MiB / 122.8GiB""},{""name"":""lab-woocommerce-mysql"",""cpu"":""0.85%"",""mem"":""485.5MiB / 122.8GiB""},{""name"":""lab-allegro-stub"",""cpu"":""0.00%"",""mem"":""30.2MiB / 122.8GiB""}]"
2026-09-09T08:52:57Z,4,257,8,743,18,2666722995,"[{""name"":""lab-worker-1"",""cpu"":""3.37%"",""mem"":""128.8MiB / 122.8GiB""},{""name"":""lab-api"",""cpu"":""0.00%"",""mem"":""129.3MiB / 122.8GiB""},{""name"":""lab-wc-tls"",""cpu"":""0.00%"",""mem"":""30.18MiB / 122.8GiB""},{""name"":""lab-prestashop"",""cpu"":""0.01%"",""mem"":""109MiB / 122.8GiB""},{""name"":""lab-woocommerce"",""cpu"":""0.00%"",""mem"":""204.2MiB / 122.8GiB""},{""name"":""lab-redis"",""cpu"":""4.43%"",""mem"":""76.04MiB / 122.8GiB""},{""name"":""lab-postgres"",""cpu"":""31.66%"",""mem"":""238.9MiB / 122.8GiB""},{""name"":""lab-mysql"",""cpu"":""0.80%"",""mem"":""713.3MiB / 122.8GiB""},{""name"":""lab-woocommerce-mysql"",""cpu"":""0.86%"",""mem"":""485.5MiB / 122.8GiB""},{""name"":""lab-allegro-stub"",""cpu"":""3.98%"",""mem"":""30.23MiB / 122.8GiB""}]"
2026-09-09T08:53:01Z,3,258,7,743,19,2666722995,"[{""name"":""lab-worker-1"",""cpu"":""3.25%"",""mem"":""128.4MiB / 122.8GiB""},{""name"":""lab-api"",""cpu"":""0.00%"",""mem"":""129.3MiB / 122.8GiB""},{""name"":""lab-wc-tls"",""cpu"":""0.00%"",""mem"":""30.18MiB / 122.8GiB""},{""name"":""lab-prestashop"",""cpu"":""0.01%"",""mem"":""109MiB / 122.8GiB""},{""name"":""lab-woocommerce"",""cpu"":""0.00%"",""mem"":""204.2MiB / 122.8GiB""},{""name"":""lab-redis"",""cpu"":""0.63%"",""mem"":""76.04MiB / 122.8GiB""},{""name"":""lab-postgres"",""cpu"":""9.28%"",""mem"":""241.1MiB / 122.8GiB""},{""name"":""lab-mysql"",""cpu"":""0.84%"",""mem"":""713.3MiB / 122.8GiB""},{""name"":""lab-woocommerce-mysql"",""cpu"":""0.93%"",""mem"":""485.5MiB / 122.8GiB""},{""name"":""lab-allegro-stub"",""cpu"":""0.00%"",""mem"":""30.2MiB / 122.8GiB""}]"
2026-09-09T08:53:05Z,4,253,7,744,23,2666722995,"[{""name"":""lab-worker-1"",""cpu"":""2.55%"",""mem"":""128.4MiB / 122.8GiB""},{""name"":""lab-api"",""cpu"":""0.08%"",""mem"":""129.5MiB / 122.8GiB""},{""name"":""lab-wc-tls"",""cpu"":""0.00%"",""mem"":""30.18MiB / 122.8GiB""},{""name"":""lab-prestashop"",""cpu"":""0.01%"",""mem"":""109MiB / 122.8GiB""},{""name"":""lab-woocommerce"",""cpu"":""0.01%"",""mem"":""204.2MiB / 122.8GiB""},{""name"":""lab-redis"",""cpu"":""0.54%"",""mem"":""76.28MiB / 122.8GiB""},{""name"":""lab-postgres"",""cpu"":""31.93%"",""mem"":""241.1MiB / 122.8GiB""},{""name"":""lab-mysql"",""cpu"":""0.79%"",""mem"":""713.3MiB / 122.8GiB""},{""name"":""lab-woocommerce-mysql"",""cpu"":""0.80%"",""mem"":""485.5MiB / 122.8GiB""},{""name"":""lab-allegro-stub"",""cpu"":""0.01%"",""mem"":""30.2MiB / 122.8GiB""}]"
2026-09-09T08:53:08Z,4,250,8,747,22,2666722995,"[{""name"":""lab-worker-1"",""cpu"":""3.97%"",""mem"":""129.1MiB / 122.8GiB""},{""name"":""lab-api"",""cpu"":""0.00%"",""mem"":""129.3MiB / 122.8GiB""},{""name"":""lab-wc-tls"",""cpu"":""0.00%"",""mem"":""30.18MiB / 122.8GiB""},{""name"":""lab-prestashop"",""cpu"":""0.00%"",""mem"":""109MiB / 122.8GiB""},{""name"":""lab-woocommerce"",""cpu"":""0.00%"",""mem"":""204.2MiB / 122.8GiB""},{""name"":""lab-redis"",""cpu"":""0.78%"",""mem"":""76.04MiB / 122.8GiB""},{""name"":""lab-postgres"",""cpu"":""14.02%"",""mem"":""241.1MiB / 122.8GiB""},{""name"":""lab-mysql"",""cpu"":""5.36%"",""mem"":""713.3MiB / 122.8GiB""},{""name"":""lab-woocommerce-mysql"",""cpu"":""0.95%"",""mem"":""485.5MiB / 122.8GiB""},{""name"":""lab-allegro-stub"",""cpu"":""0.01%"",""mem"":""30.2MiB / 122.8GiB""}]"
2026-09-09T08:53:12Z,3,249,7,748,23,2666722995,"[{""name"":""lab-worker-1"",""cpu"":""8.59%"",""mem"":""128.4MiB / 122.8GiB""},{""name"":""lab-api"",""cpu"":""0.00%"",""mem"":""129.3MiB / 122.8GiB""},{""name"":""lab-wc-tls"",""cpu"":""0.00%"",""mem"":""30.18MiB / 122.8GiB""},{""name"":""lab-prestashop"",""cpu"":""0.00%"",""mem"":""109MiB / 122.8GiB""},{""name"":""lab-woocommerce"",""cpu"":""0.00%"",""mem"":""204.2MiB / 122.8GiB""},{""name"":""lab-redis"",""cpu"":""0.69%"",""mem"":""76.04MiB / 122.8GiB""},{""name"":""lab-postgres"",""cpu"":""39.36%"",""mem"":""245.8MiB / 122.8GiB""},{""name"":""lab-mysql"",""cpu"":""0.75%"",""mem"":""713.3MiB / 122.8GiB""},{""name"":""lab-woocommerce-mysql"",""cpu"":""5.55%"",""mem"":""485.5MiB / 122.8GiB""},{""name"":""lab-allegro-stub"",""cpu"":""4.60%"",""mem"":""30.2MiB / 122.8GiB""}]"
2026-09-09T08:53:16Z,4,246,8,751,22,2666722995,"[{""name"":""lab-worker-1"",""cpu"":""1.90%"",""mem"":""128.7MiB / 122.8GiB""},{""name"":""lab-api"",""cpu"":""0.00%"",""mem"":""129.3MiB / 122.8GiB""},{""name"":""lab-wc-tls"",""cpu"":""0.00%"",""mem"":""30.18MiB / 122.8GiB""},{""name"":""lab-prestashop"",""cpu"":""0.01%"",""mem"":""109MiB / 122.8GiB""},{""name"":""lab-woocommerce"",""cpu"":""0.01%"",""mem"":""204.2MiB / 122.8GiB""},{""name"":""lab-redis"",""cpu"":""0.49%"",""mem"":""76.03MiB / 122.8GiB""},{""name"":""lab-postgres"",""cpu"":""31.46%"",""mem"":""241.2MiB / 122.8GiB""},{""name"":""lab-mysql"",""cpu"":""0.76%"",""mem"":""713.3MiB / 122.8GiB""},{""name"":""lab-woocommerce-mysql"",""cpu"":""0.76%"",""mem"":""485.5MiB / 122.8GiB""},{""name"":""lab-allegro-stub"",""cpu"":""0.00%"",""mem"":""30.2MiB / 122.8GiB""}]"
2026-09-09T08:53:20Z,4,245,8,753,22,2666722995,"[{""name"":""lab-worker-1"",""cpu"":""1.82%"",""mem"":""128.4MiB / 122.8GiB""},{""name"":""lab-api"",""cpu"":""0.00%"",""mem"":""129.3MiB / 122.8GiB""},{""name"":""lab-wc-tls"",""cpu"":""0.00%"",""mem"":""30.18MiB / 122.8GiB""},{""name"":""lab-prestashop"",""cpu"":""0.00%"",""mem"":""109MiB / 122.8GiB""},{""name"":""lab-woocommerce"",""cpu"":""0.01%"",""mem"":""204.2MiB / 122.8GiB""},{""name"":""lab-redis"",""cpu"":""0.57%"",""mem"":""76.05MiB / 122.8GiB""},{""name"":""lab-postgres"",""cpu"":""2.34%"",""mem"":""241.3MiB / 122.8GiB""},{""name"":""lab-mysql"",""cpu"":""1.06%"",""mem"":""713.3MiB / 122.8GiB""},{""name"":""lab-woocommerce-mysql"",""cpu"":""0.99%"",""mem"":""485.5MiB / 122.8GiB""},{""name"":""lab-allegro-stub"",""cpu"":""0.00%"",""mem"":""30.2MiB / 122.8GiB""}]"
2026-09-09T08:53:23Z,4,241,7,755,24,2666722995,"[{""name"":""lab-worker-1"",""cpu"":""2.63%"",""mem"":""128.5MiB / 122.8GiB""},{""name"":""lab-api"",""cpu"":""0.00%"",""mem"":""129.3MiB / 122.8GiB""},{""name"":""lab-wc-tls"",""cpu"":""0.00%"",""mem"":""30.18MiB / 122.8GiB""},{""name"":""lab-prestashop"",""cpu"":""0.00%"",""mem"":""109MiB / 122.8GiB""},{""name"":""lab-woocommerce"",""cpu"":""0.01%"",""mem"":""204.2MiB / 122.8GiB""},{""name"":""lab-redis"",""cpu"":""0.54%"",""mem"":""76.04MiB / 122.8GiB""},{""name"":""lab-postgres"",""cpu"":""32.43%"",""mem"":""241.1MiB / 122.8GiB""},{""name"":""lab-mysql"",""cpu"":""0.86%"",""mem"":""713.3MiB / 122.8GiB""},{""name"":""lab-woocommerce-mysql"",""cpu"":""0.83%"",""mem"":""485.5MiB / 122.8GiB""},{""name"":""lab-allegro-stub"",""cpu"":""0.01%"",""mem"":""30.2MiB / 122.8GiB""}]"
2026-09-09T08:53:27Z,3,238,8,757,24,2666722995,"[{""name"":""lab-worker-1"",""cpu"":""3.90%"",""mem"":""128.6MiB / 122.8GiB""},{""name"":""lab-api"",""cpu"":""0.00%"",""mem"":""129.3MiB / 122.8GiB""},{""name"":""lab-wc-tls"",""cpu"":""0.00%"",""mem"":""30.18MiB / 122.8GiB""},{""name"":""lab-prestashop"",""cpu"":""0.01%"",""mem"":""109MiB / 122.8GiB""},{""name"":""lab-woocommerce"",""cpu"":""0.01%"",""mem"":""204.2MiB / 122.8GiB""},{""name"":""lab-redis"",""cpu"":""5.03%"",""mem"":""76.34MiB / 122.8GiB""},{""name"":""lab-postgres"",""cpu"":""26.83%"",""mem"":""241.1MiB / 122.8GiB""},{""name"":""lab-mysql"",""cpu"":""0.88%"",""mem"":""713.3MiB / 122.8GiB""},{""name"":""lab-woocommerce-mysql"",""cpu"":""0.78%"",""mem"":""485.5MiB / 122.8GiB""},{""name"":""lab-allegro-stub"",""cpu"":""4.27%"",""mem"":""30.2MiB / 122.8GiB""}]"
2026-09-09T08:53:31Z,4,236,7,758,26,2666722995,"[{""name"":""lab-worker-1"",""cpu"":""3.75%"",""mem"":""128.5MiB / 122.8GiB""},{""name"":""lab-api"",""cpu"":""0.00%"",""mem"":""129.3MiB / 122.8GiB""},{""name"":""lab-wc-tls"",""cpu"":""0.00%"",""mem"":""30.18MiB / 122.8GiB""},{""name"":""lab-prestashop"",""cpu"":""0.01%"",""mem"":""109MiB / 122.8GiB""},{""name"":""lab-woocommerce"",""cpu"":""0.01%"",""mem"":""204.2MiB / 122.8GiB""},{""name"":""lab-redis"",""cpu"":""0.65%"",""mem"":""76.04MiB / 122.8GiB""},{""name"":""lab-postgres"",""cpu"":""15.80%"",""mem"":""241.1MiB / 122.8GiB""},{""name"":""lab-mysql"",""cpu"":""0.92%"",""mem"":""713.3MiB / 122.8GiB""},{""name"":""lab-woocommerce-mysql"",""cpu"":""0.96%"",""mem"":""485.5MiB / 122.8GiB""},{""name"":""lab-allegro-stub"",""cpu"":""0.00%"",""mem"":""30.2MiB / 122.8GiB""}]"
2026-09-09T08:53:34Z,4,234,8,760,23,2666722995,"[{""name"":""lab-worker-1"",""cpu"":""2.77%"",""mem"":""128.5MiB / 122.8GiB""},{""name"":""lab-api"",""cpu"":""0.00%"",""mem"":""129.3MiB / 122.8GiB""},{""name"":""lab-wc-tls"",""cpu"":""0.00%"",""mem"":""30.18MiB / 122.8GiB""},{""name"":""lab-prestashop"",""cpu"":""0.00%"",""mem"":""109MiB / 122.8GiB""},{""name"":""lab-woocommerce"",""cpu"":""0.01%"",""mem"":""204.2MiB / 122.8GiB""},{""name"":""lab-redis"",""cpu"":""0.57%"",""mem"":""76.03MiB / 122.8GiB""},{""name"":""lab-postgres"",""cpu"":""33.44%"",""mem"":""241.2MiB / 122.8GiB""},{""name"":""lab-mysql"",""cpu"":""0.80%"",""mem"":""713.3MiB / 122.8GiB""},{""name"":""lab-woocommerce-mysql"",""cpu"":""0.79%"",""mem"":""485.5MiB / 122.8GiB""},{""name"":""lab-allegro-stub"",""cpu"":""0.00%"",""mem"":""30.2MiB / 122.8GiB""}]"
2026-09-09T08:53:38Z,3,233,8,761,26,2666722995,"[{""name"":""lab-worker-1"",""cpu"":""2.60%"",""mem"":""128.6MiB / 122.8GiB""},{""name"":""lab-api"",""cpu"":""0.01%"",""mem"":""129.3MiB / 122.8GiB""},{""name"":""lab-wc-tls"",""cpu"":""0.00%"",""mem"":""30.18MiB / 122.8GiB""},{""name"":""lab-prestashop"",""cpu"":""0.01%"",""mem"":""109MiB / 122.8GiB""},{""name"":""lab-woocommerce"",""cpu"":""0.01%"",""mem"":""204.2MiB / 122.8GiB""},{""name"":""lab-redis"",""cpu"":""0.48%"",""mem"":""76.03MiB / 122.8GiB""},{""name"":""lab-postgres"",""cpu"":""18.16%"",""mem"":""241.2MiB / 122.8GiB""},{""name"":""lab-mysql"",""cpu"":""6.29%"",""mem"":""713.3MiB / 122.8GiB""},{""name"":""lab-woocommerce-mysql"",""cpu"":""0.89%"",""mem"":""485.5MiB / 122.8GiB""},{""name"":""lab-allegro-stub"",""cpu"":""0.01%"",""mem"":""30.2MiB / 122.8GiB""}]"
2026-09-09T08:53:42Z,4,235,7,764,21,2666739379,"[{""name"":""lab-worker-1"",""cpu"":""1.47%"",""mem"":""128.4MiB / 122.8GiB""},{""name"":""lab-api"",""cpu"":""0.00%"",""mem"":""129.3MiB / 122.8GiB""},{""name"":""lab-wc-tls"",""cpu"":""0.00%"",""mem"":""30.18MiB / 122.8GiB""},{""name"":""lab-prestashop"",""cpu"":""0.00%"",""mem"":""109MiB / 122.8GiB""},{""name"":""lab-woocommerce"",""cpu"":""0.01%"",""mem"":""204.2MiB / 122.8GiB""},{""name"":""lab-redis"",""cpu"":""0.49%"",""mem"":""76.03MiB / 122.8GiB""},{""name"":""lab-postgres"",""cpu"":""33.78%"",""mem"":""241.2MiB / 122.8GiB""},{""name"":""lab-mysql"",""cpu"":""0.86%"",""mem"":""713.3MiB / 122.8GiB""},{""name"":""lab-woocommerce-mysql"",""cpu"":""6.00%"",""mem"":""485.5MiB / 122.8GiB""},{""name"":""lab-allegro-stub"",""cpu"":""3.94%"",""mem"":""30.21MiB / 122.8GiB""}]"
2026-09-09T08:53:45Z,4,232,8,766,21,2666747571,"[{""name"":""lab-worker-1"",""cpu"":""1.42%"",""mem"":""128.5MiB / 122.8GiB""},{""name"":""lab-api"",""cpu"":""0.00%"",""mem"":""129.3MiB / 122.8GiB""},{""name"":""lab-wc-tls"",""cpu"":""0.00%"",""mem"":""30.18MiB / 122.8GiB""},{""name"":""lab-prestashop"",""cpu"":""0.00%"",""mem"":""109MiB / 122.8GiB""},{""name"":""lab-woocommerce"",""cpu"":""0.01%"",""mem"":""204.2MiB / 122.8GiB""},{""name"":""lab-redis"",""cpu"":""0.46%"",""mem"":""76.03MiB / 122.8GiB""},{""name"":""lab-postgres"",""cpu"":""29.07%"",""mem"":""241.3MiB / 122.8GiB""},{""name"":""lab-mysql"",""cpu"":""0.81%"",""mem"":""713.3MiB / 122.8GiB""},{""name"":""lab-woocommerce-mysql"",""cpu"":""0.84%"",""mem"":""485.5MiB / 122.8GiB""},{""name"":""lab-allegro-stub"",""cpu"":""0.00%"",""mem"":""30.2MiB / 122.8GiB""}]"
2026-09-09T08:53:49Z,3,235,7,767,18,2666747571,"[{""name"":""lab-worker-1"",""cpu"":""2.92%"",""mem"":""128.7MiB / 122.8GiB""},{""name"":""lab-api"",""cpu"":""0.00%"",""mem"":""129.3MiB / 122.8GiB""},{""name"":""lab-wc-tls"",""cpu"":""0.00%"",""mem"":""30.18MiB / 122.8GiB""},{""name"":""lab-prestashop"",""cpu"":""0.01%"",""mem"":""109MiB / 122.8GiB""},{""name"":""lab-woocommerce"",""cpu"":""0.01%"",""mem"":""204.2MiB / 122.8GiB""},{""name"":""lab-redis"",""cpu"":""0.60%"",""mem"":""76.03MiB / 122.8GiB""},{""name"":""lab-postgres"",""cpu"":""19.41%"",""mem"":""241.3MiB / 122.8GiB""},{""name"":""lab-mysql"",""cpu"":""0.91%"",""mem"":""713.3MiB / 122.8GiB""},{""name"":""lab-woocommerce-mysql"",""cpu"":""0.81%"",""mem"":""485.5MiB / 122.8GiB""},{""name"":""lab-allegro-stub"",""cpu"":""0.00%"",""mem"":""30.2MiB / 122.8GiB""}]"
2026-09-09T08:53:53Z,4,232,7,769,19,2666747571,"[{""name"":""lab-worker-1"",""cpu"":""2.80%"",""mem"":""128.5MiB / 122.8GiB""},{""name"":""lab-api"",""cpu"":""0.00%"",""mem"":""129.3MiB / 122.8GiB""},{""name"":""lab-wc-tls"",""cpu"":""0.00%"",""mem"":""30.18MiB / 122.8GiB""},{""name"":""lab-prestashop"",""cpu"":""0.01%"",""mem"":""109MiB / 122.8GiB""},{""name"":""lab-woocommerce"",""cpu"":""0.01%"",""mem"":""204.2MiB / 122.8GiB""},{""name"":""lab-redis"",""cpu"":""0.52%"",""mem"":""76.03MiB / 122.8GiB""},{""name"":""lab-postgres"",""cpu"":""32.44%"",""mem"":""241.2MiB / 122.8GiB""},{""name"":""lab-mysql"",""cpu"":""0.78%"",""mem"":""713.3MiB / 122.8GiB""},{""name"":""lab-woocommerce-mysql"",""cpu"":""0.82%"",""mem"":""485.6MiB / 122.8GiB""},{""name"":""lab-allegro-stub"",""cpu"":""4.18%"",""mem"":""30.21MiB / 122.8GiB""}]"
2026-09-09T08:53:57Z,4,228,8,769,22,2666755763,"[{""name"":""lab-worker-1"",""cpu"":""18.64%"",""mem"":""128.5MiB / 122.8GiB""},{""name"":""lab-api"",""cpu"":""0.00%"",""mem"":""129.3MiB / 122.8GiB""},{""name"":""lab-wc-tls"",""cpu"":""0.00%"",""mem"":""30.18MiB / 122.8GiB""},{""name"":""lab-prestashop"",""cpu"":""0.00%"",""mem"":""109MiB / 122.8GiB""},{""name"":""lab-woocommerce"",""cpu"":""0.01%"",""mem"":""204.2MiB / 122.8GiB""},{""name"":""lab-redis"",""cpu"":""0.67%"",""mem"":""76.04MiB / 122.8GiB""},{""name"":""lab-postgres"",""cpu"":""19.51%"",""mem"":""241.4MiB / 122.8GiB""},{""name"":""lab-mysql"",""cpu"":""0.85%"",""mem"":""713.3MiB / 122.8GiB""},{""name"":""lab-woocommerce-mysql"",""cpu"":""0.97%"",""mem"":""485.5MiB / 122.8GiB""},{""name"":""lab-allegro-stub"",""cpu"":""2.69%"",""mem"":""30.5MiB / 122.8GiB""}]"
2026-09-09T08:54:00Z,4,225,8,769,24,2666755763,"[{""name"":""lab-worker-1"",""cpu"":""3.52%"",""mem"":""128.6MiB / 122.8GiB""},{""name"":""lab-api"",""cpu"":""0.00%"",""mem"":""129.3MiB / 122.8GiB""},{""name"":""lab-wc-tls"",""cpu"":""0.00%"",""mem"":""30.18MiB / 122.8GiB""},{""name"":""lab-prestashop"",""cpu"":""0.01%"",""mem"":""109MiB / 122.8GiB""},{""name"":""lab-woocommerce"",""cpu"":""0.01%"",""mem"":""204.2MiB / 122.8GiB""},{""name"":""lab-redis"",""cpu"":""0.71%"",""mem"":""76.04MiB / 122.8GiB""},{""name"":""lab-postgres"",""cpu"":""20.17%"",""mem"":""241.2MiB / 122.8GiB""},{""name"":""lab-mysql"",""cpu"":""0.91%"",""mem"":""713.3MiB / 122.8GiB""},{""name"":""lab-woocommerce-mysql"",""cpu"":""0.92%"",""mem"":""485.5MiB / 122.8GiB""},{""name"":""lab-allegro-stub"",""cpu"":""0.00%"",""mem"":""30.2MiB / 122.8GiB""}]"
2026-09-09T08:54:04Z,3,225,8,771,23,2666755763,"[{""name"":""lab-worker-1"",""cpu"":""3.85%"",""mem"":""128.4MiB / 122.8GiB""},{""name"":""lab-api"",""cpu"":""0.00%"",""mem"":""129.3MiB / 122.8GiB""},{""name"":""lab-wc-tls"",""cpu"":""0.00%"",""mem"":""30.18MiB / 122.8GiB""},{""name"":""lab-prestashop"",""cpu"":""0.01%"",""mem"":""109MiB / 122.8GiB""},{""name"":""lab-woocommerce"",""cpu"":""0.00%"",""mem"":""204.2MiB / 122.8GiB""},{""name"":""lab-redis"",""cpu"":""0.74%"",""mem"":""76.03MiB / 122.8GiB""},{""name"":""lab-postgres"",""cpu"":""43.53%"",""mem"":""244.1MiB / 122.8GiB""},{""name"":""lab-mysql"",""cpu"":""0.72%"",""mem"":""713.3MiB / 122.8GiB""},{""name"":""lab-woocommerce-mysql"",""cpu"":""0.70%"",""mem"":""485.5MiB / 122.8GiB""},{""name"":""lab-allegro-stub"",""cpu"":""0.01%"",""mem"":""30.2MiB / 122.8GiB""}]"
2026-09-09T08:54:08Z,4,224,8,771,24,2666755763,"[{""name"":""lab-worker-1"",""cpu"":""4.58%"",""mem"":""128.7MiB / 122.8GiB""},{""name"":""lab-api"",""cpu"":""0.03%"",""mem"":""129.3MiB / 122.8GiB""},{""name"":""lab-wc-tls"",""cpu"":""0.00%"",""mem"":""30.18MiB / 122.8GiB""},{""name"":""lab-prestashop"",""cpu"":""0.01%"",""mem"":""109MiB / 122.8GiB""},{""name"":""lab-woocommerce"",""cpu"":""0.01%"",""mem"":""204.2MiB / 122.8GiB""},{""name"":""lab-redis"",""cpu"":""5.19%"",""mem"":""76.39MiB / 122.8GiB""},{""name"":""lab-postgres"",""cpu"":""6.03%"",""mem"":""241.2MiB / 122.8GiB""},{""name"":""lab-mysql"",""cpu"":""1.02%"",""mem"":""713.3MiB / 122.8GiB""},{""name"":""lab-woocommerce-mysql"",""cpu"":""0.99%"",""mem"":""485.5MiB / 122.8GiB""},{""name"":""lab-allegro-stub"",""cpu"":""4.31%"",""mem"":""30.2MiB / 122.8GiB""}]"
2026-09-09T08:54:11Z,4,225,8,771,23,2666755763,"[{""name"":""lab-worker-1"",""cpu"":""1.74%"",""mem"":""128.4MiB / 122.8GiB""},{""name"":""lab-api"",""cpu"":""0.00%"",""mem"":""129.3MiB / 122.8GiB""},{""name"":""lab-wc-tls"",""cpu"":""0.00%"",""mem"":""30.18MiB / 122.8GiB""},{""name"":""lab-prestashop"",""cpu"":""0.00%"",""mem"":""109.1MiB / 122.8GiB""},{""name"":""lab-woocommerce"",""cpu"":""0.01%"",""mem"":""204.2MiB / 122.8GiB""},{""name"":""lab-redis"",""cpu"":""0.58%"",""mem"":""76.03MiB / 122.8GiB""},{""name"":""lab-postgres"",""cpu"":""29.15%"",""mem"":""238.9MiB / 122.8GiB""},{""name"":""lab-mysql"",""cpu"":""0.76%"",""mem"":""713.3MiB / 122.8GiB""},{""name"":""lab-woocommerce-mysql"",""cpu"":""0.84%"",""mem"":""485.5MiB / 122.8GiB""},{""name"":""lab-allegro-stub"",""cpu"":""0.00%"",""mem"":""30.2MiB / 122.8GiB""}]"
2026-09-09T08:54:15Z,3,224,7,773,23,2666755763,"[{""name"":""lab-worker-1"",""cpu"":""2.44%"",""mem"":""128.7MiB / 122.8GiB""},{""name"":""lab-api"",""cpu"":""0.00%"",""mem"":""129.3MiB / 122.8GiB""},{""name"":""lab-wc-tls"",""cpu"":""0.00%"",""mem"":""30.18MiB / 122.8GiB""},{""name"":""lab-prestashop"",""cpu"":""0.01%"",""mem"":""109MiB / 122.8GiB""},{""name"":""lab-woocommerce"",""cpu"":""0.01%"",""mem"":""204.2MiB / 122.8GiB""},{""name"":""lab-redis"",""cpu"":""0.74%"",""mem"":""76.03MiB / 122.8GiB""},{""name"":""lab-postgres"",""cpu"":""35.63%"",""mem"":""241.2MiB / 122.8GiB""},{""name"":""lab-mysql"",""cpu"":""0.86%"",""mem"":""713.3MiB / 122.8GiB""},{""name"":""lab-woocommerce-mysql"",""cpu"":""0.90%"",""mem"":""485.5MiB / 122.8GiB""},{""name"":""lab-allegro-stub"",""cpu"":""0.00%"",""mem"":""30.2MiB / 122.8GiB""}]"
2026-09-09T08:54:19Z,4,219,8,775,25,2666755763,"[{""name"":""lab-worker-1"",""cpu"":""2.41%"",""mem"":""128.3MiB / 122.8GiB""},{""name"":""lab-api"",""cpu"":""0.00%"",""mem"":""129.3MiB / 122.8GiB""},{""name"":""lab-wc-tls"",""cpu"":""0.00%"",""mem"":""30.18MiB / 122.8GiB""},{""name"":""lab-prestashop"",""cpu"":""0.01%"",""mem"":""109MiB / 122.8GiB""},{""name"":""lab-woocommerce"",""cpu"":""0.01%"",""mem"":""204.2MiB / 122.8GiB""},{""name"":""lab-redis"",""cpu"":""0.46%"",""mem"":""76.29MiB / 122.8GiB""},{""name"":""lab-postgres"",""cpu"":""15.37%"",""mem"":""243.4MiB / 122.8GiB""},{""name"":""lab-mysql"",""cpu"":""5.60%"",""mem"":""713.3MiB / 122.8GiB""},{""name"":""lab-woocommerce-mysql"",""cpu"":""0.96%"",""mem"":""485.5MiB / 122.8GiB""},{""name"":""lab-allegro-stub"",""cpu"":""0.00%"",""mem"":""30.2MiB / 122.8GiB""}]"
2026-09-09T08:54:22Z,4,220,6,775,26,2666755763,"[{""name"":""lab-worker-1"",""cpu"":""3.12%"",""mem"":""128.6MiB / 122.8GiB""},{""name"":""lab-api"",""cpu"":""0.00%"",""mem"":""129.3MiB / 122.8GiB""},{""name"":""lab-wc-tls"",""cpu"":""0.00%"",""mem"":""30.18MiB / 122.8GiB""},{""name"":""lab-prestashop"",""cpu"":""0.00%"",""mem"":""109MiB / 122.8GiB""},{""name"":""lab-woocommerce"",""cpu"":""0.01%"",""mem"":""204.2MiB / 122.8GiB""},{""name"":""lab-redis"",""cpu"":""0.61%"",""mem"":""76.03MiB / 122.8GiB""},{""name"":""lab-postgres"",""cpu"":""39.17%"",""mem"":""243.6MiB / 122.8GiB""},{""name"":""lab-mysql"",""cpu"":""0.80%"",""mem"":""713.3MiB / 122.8GiB""},{""name"":""lab-woocommerce-mysql"",""cpu"":""4.72%"",""mem"":""485.5MiB / 122.8GiB""},{""name"":""lab-allegro-stub"",""cpu"":""4.29%"",""mem"":""30.26MiB / 122.8GiB""}]"
2026-09-09T08:54:26Z,3,215,8,777,27,2666755763,"[{""name"":""lab-worker-1"",""cpu"":""1.40%"",""mem"":""128.4MiB / 122.8GiB""},{""name"":""lab-api"",""cpu"":""0.00%"",""mem"":""129.3MiB / 122.8GiB""},{""name"":""lab-wc-tls"",""cpu"":""0.00%"",""mem"":""30.18MiB / 122.8GiB""},{""name"":""lab-prestashop"",""cpu"":""0.01%"",""mem"":""109MiB / 122.8GiB""},{""name"":""lab-woocommerce"",""cpu"":""14.39%"",""mem"":""204.6MiB / 122.8GiB""},{""name"":""lab-redis"",""cpu"":""0.47%"",""mem"":""76.03MiB / 122.8GiB""},{""name"":""lab-postgres"",""cpu"":""9.53%"",""mem"":""243.3MiB / 122.8GiB""},{""name"":""lab-mysql"",""cpu"":""0.88%"",""mem"":""713.3MiB / 122.8GiB""},{""name"":""lab-woocommerce-mysql"",""cpu"":""2.07%"",""mem"":""485.5MiB / 122.8GiB""},{""name"":""lab-allegro-stub"",""cpu"":""0.00%"",""mem"":""30.2MiB / 122.8GiB""}]"
2026-09-09T08:54:30Z,4,218,8,778,23,2666755763,"[{""name"":""lab-worker-1"",""cpu"":""3.27%"",""mem"":""128.5MiB / 122.8GiB""},{""name"":""lab-api"",""cpu"":""0.00%"",""mem"":""129.3MiB / 122.8GiB""},{""name"":""lab-wc-tls"",""cpu"":""0.00%"",""mem"":""30.18MiB / 122.8GiB""},{""name"":""lab-prestashop"",""cpu"":""0.01%"",""mem"":""109MiB / 122.8GiB""},{""name"":""lab-woocommerce"",""cpu"":""0.01%"",""mem"":""204.2MiB / 122.8GiB""},{""name"":""lab-redis"",""cpu"":""0.61%"",""mem"":""76.03MiB / 122.8GiB""},{""name"":""lab-postgres"",""cpu"":""30.73%"",""mem"":""248.2MiB / 122.8GiB""},{""name"":""lab-mysql"",""cpu"":""0.81%"",""mem"":""713.3MiB / 122.8GiB""},{""name"":""lab-woocommerce-mysql"",""cpu"":""0.85%"",""mem"":""485.5MiB / 122.8GiB""},{""name"":""lab-allegro-stub"",""cpu"":""0.00%"",""mem"":""30.2MiB / 122.8GiB""}]"
2026-09-09T08:54:34Z,4,216,6,780,26,2666755763,"[{""name"":""lab-worker-1"",""cpu"":""3.30%"",""mem"":""128.6MiB / 122.8GiB""},{""name"":""lab-api"",""cpu"":""0.00%"",""mem"":""129.3MiB / 122.8GiB""},{""name"":""lab-wc-tls"",""cpu"":""0.00%"",""mem"":""30.18MiB / 122.8GiB""},{""name"":""lab-prestashop"",""cpu"":""0.01%"",""mem"":""109MiB / 122.8GiB""},{""name"":""lab-woocommerce"",""cpu"":""0.01%"",""mem"":""204.2MiB / 122.8GiB""},{""name"":""lab-redis"",""cpu"":""0.75%"",""mem"":""76.04MiB / 122.8GiB""},{""name"":""lab-postgres"",""cpu"":""26.11%"",""mem"":""243.4MiB / 122.8GiB""},{""name"":""lab-mysql"",""cpu"":""0.77%"",""mem"":""713.3MiB / 122.8GiB""},{""name"":""lab-woocommerce-mysql"",""cpu"":""0.69%"",""mem"":""485.6MiB / 122.8GiB""},{""name"":""lab-allegro-stub"",""cpu"":""0.00%"",""mem"":""30.2MiB / 122.8GiB""}]"
2026-09-09T08:54:37Z,4,214,8,781,24,2666755763,"[{""name"":""lab-worker-1"",""cpu"":""3.72%"",""mem"":""128.4MiB / 122.8GiB""},{""name"":""lab-api"",""cpu"":""0.00%"",""mem"":""129.3MiB / 122.8GiB""},{""name"":""lab-wc-tls"",""cpu"":""0.00%"",""mem"":""30.18MiB / 122.8GiB""},{""name"":""lab-prestashop"",""cpu"":""0.01%"",""mem"":""109MiB / 122.8GiB""},{""name"":""lab-woocommerce"",""cpu"":""0.01%"",""mem"":""204.2MiB / 122.8GiB""},{""name"":""lab-redis"",""cpu"":""4.92%"",""mem"":""76.06MiB / 122.8GiB""},{""name"":""lab-postgres"",""cpu"":""9.17%"",""mem"":""246.5MiB / 122.8GiB""},{""name"":""lab-mysql"",""cpu"":""0.87%"",""mem"":""713.3MiB / 122.8GiB""},{""name"":""lab-woocommerce-mysql"",""cpu"":""0.94%"",""mem"":""485.5MiB / 122.8GiB""},{""name"":""lab-allegro-stub"",""cpu"":""0.00%"",""mem"":""30.2MiB / 122.8GiB""}]"
2026-09-09T08:54:41Z,3,210,8,783,26,2666755763,"[{""name"":""lab-worker-1"",""cpu"":""2.02%"",""mem"":""128.5MiB / 122.8GiB""},{""name"":""lab-api"",""cpu"":""0.00%"",""mem"":""129.3MiB / 122.8GiB""},{""name"":""lab-wc-tls"",""cpu"":""0.00%"",""mem"":""30.18MiB / 122.8GiB""},{""name"":""lab-prestashop"",""cpu"":""0.01%"",""mem"":""109MiB / 122.8GiB""},{""name"":""lab-woocommerce"",""cpu"":""0.00%"",""mem"":""204.2MiB / 122.8GiB""},{""name"":""lab-redis"",""cpu"":""0.65%"",""mem"":""76.29MiB / 122.8GiB""},{""name"":""lab-postgres"",""cpu"":""43.19%"",""mem"":""243.6MiB / 122.8GiB""},{""name"":""lab-mysql"",""cpu"":""0.81%"",""mem"":""713.3MiB / 122.8GiB""},{""name"":""lab-woocommerce-mysql"",""cpu"":""0.78%"",""mem"":""485.5MiB / 122.8GiB""},{""name"":""lab-allegro-stub"",""cpu"":""0.00%"",""mem"":""30.2MiB / 122.8GiB""}]"
2026-09-09T08:54:45Z,4,209,8,783,27,2666763955,"[{""name"":""lab-worker-1"",""cpu"":""1.68%"",""mem"":""129.4MiB / 122.8GiB""},{""name"":""lab-api"",""cpu"":""0.00%"",""mem"":""129.3MiB / 122.8GiB""},{""name"":""lab-wc-tls"",""cpu"":""0.00%"",""mem"":""30.18MiB / 122.8GiB""},{""name"":""lab-prestashop"",""cpu"":""0.00%"",""mem"":""109MiB / 122.8GiB""},{""name"":""lab-woocommerce"",""cpu"":""0.00%"",""mem"":""204.2MiB / 122.8GiB""},{""name"":""lab-redis"",""cpu"":""0.51%"",""mem"":""76.28MiB / 122.8GiB""},{""name"":""lab-postgres"",""cpu"":""17.98%"",""mem"":""241.1MiB / 122.8GiB""},{""name"":""lab-mysql"",""cpu"":""0.98%"",""mem"":""713.3MiB / 122.8GiB""},{""name"":""lab-woocommerce-mysql"",""cpu"":""0.84%"",""mem"":""485.5MiB / 122.8GiB""},{""name"":""lab-allegro-stub"",""cpu"":""0.00%"",""mem"":""30.2MiB / 122.8GiB""}]"
2026-09-09T08:54:48Z,4,208,8,785,28,2666763955,"[{""name"":""lab-worker-1"",""cpu"":""3.37%"",""mem"":""128.5MiB / 122.8GiB""},{""name"":""lab-api"",""cpu"":""0.00%"",""mem"":""129.3MiB / 122.8GiB""},{""name"":""lab-wc-tls"",""cpu"":""0.00%"",""mem"":""30.18MiB / 122.8GiB""},{""name"":""lab-prestashop"",""cpu"":""0.01%"",""mem"":""109MiB / 122.8GiB""},{""name"":""lab-woocommerce"",""cpu"":""0.01%"",""mem"":""204.2MiB / 122.8GiB""},{""name"":""lab-redis"",""cpu"":""0.64%"",""mem"":""76.04MiB / 122.8GiB""},{""name"":""lab-postgres"",""cpu"":""21.73%"",""mem"":""247.7MiB / 122.8GiB""},{""name"":""lab-mysql"",""cpu"":""5.32%"",""mem"":""713.3MiB / 122.8GiB""},{""name"":""lab-woocommerce-mysql"",""cpu"":""0.85%"",""mem"":""485.5MiB / 122.8GiB""},{""name"":""lab-allegro-stub"",""cpu"":""4.03%"",""mem"":""30.21MiB / 122.8GiB""}]"
2026-09-09T08:54:52Z,3,205,8,786,28,2666763955,"[{""name"":""lab-worker-1"",""cpu"":""0.79%"",""mem"":""128.3MiB / 122.8GiB""},{""name"":""lab-api"",""cpu"":""0.00%"",""mem"":""129.3MiB / 122.8GiB""},{""name"":""lab-wc-tls"",""cpu"":""0.00%"",""mem"":""30.18MiB / 122.8GiB""},{""name"":""lab-prestashop"",""cpu"":""0.01%"",""mem"":""109MiB / 122.8GiB""},{""name"":""lab-woocommerce"",""cpu"":""0.01%"",""mem"":""204.2MiB / 122.8GiB""},{""name"":""lab-redis"",""cpu"":""0.34%"",""mem"":""76.03MiB / 122.8GiB""},{""name"":""lab-postgres"",""cpu"":""34.85%"",""mem"":""241.2MiB / 122.8GiB""},{""name"":""lab-mysql"",""cpu"":""0.73%"",""mem"":""713.3MiB / 122.8GiB""},{""name"":""lab-woocommerce-mysql"",""cpu"":""5.08%"",""mem"":""485.8MiB / 122.8GiB""},{""name"":""lab-allegro-stub"",""cpu"":""0.00%"",""mem"":""30.2MiB / 122.8GiB""}]"
2026-09-09T08:54:56Z,4,208,7,786,26,2666763955,"[{""name"":""lab-worker-1"",""cpu"":""3.62%"",""mem"":""128.4MiB / 122.8GiB""},{""name"":""lab-api"",""cpu"":""0.00%"",""mem"":""129.3MiB / 122.8GiB""},{""name"":""lab-wc-tls"",""cpu"":""0.00%"",""mem"":""30.18MiB / 122.8GiB""},{""name"":""lab-prestashop"",""cpu"":""0.01%"",""mem"":""109MiB / 122.8GiB""},{""name"":""lab-woocommerce"",""cpu"":""20.59%"",""mem"":""204.2MiB / 122.8GiB""},{""name"":""lab-redis"",""cpu"":""0.61%"",""mem"":""76.04MiB / 122.8GiB""},{""name"":""lab-postgres"",""cpu"":""5.57%"",""mem"":""249.1MiB / 122.8GiB""},{""name"":""lab-mysql"",""cpu"":""0.88%"",""mem"":""713.3MiB / 122.8GiB""},{""name"":""lab-woocommerce-mysql"",""cpu"":""5.36%"",""mem"":""485.6MiB / 122.8GiB""},{""name"":""lab-allegro-stub"",""cpu"":""0.00%"",""mem"":""30.2MiB / 122.8GiB""}]"
2026-09-09T08:55:00Z,4,205,7,788,27,2666763955,"[{""name"":""lab-worker-1"",""cpu"":""2.48%"",""mem"":""128.7MiB / 122.8GiB""},{""name"":""lab-api"",""cpu"":""0.00%"",""mem"":""129.3MiB / 122.8GiB""},{""name"":""lab-wc-tls"",""cpu"":""0.00%"",""mem"":""30.18MiB / 122.8GiB""},{""name"":""lab-prestashop"",""cpu"":""0.01%"",""mem"":""109MiB / 122.8GiB""},{""name"":""lab-woocommerce"",""cpu"":""0.01%"",""mem"":""204.2MiB / 122.8GiB""},{""name"":""lab-redis"",""cpu"":""0.44%"",""mem"":""76.03MiB / 122.8GiB""},{""name"":""lab-postgres"",""cpu"":""31.73%"",""mem"":""243.6MiB / 122.8GiB""},{""name"":""lab-mysql"",""cpu"":""0.78%"",""mem"":""713.3MiB / 122.8GiB""},{""name"":""lab-woocommerce-mysql"",""cpu"":""0.84%"",""mem"":""485.5MiB / 122.8GiB""},{""name"":""lab-allegro-stub"",""cpu"":""0.00%"",""mem"":""30.2MiB / 122.8GiB""}]"
2026-09-09T08:55:03Z,4,205,7,790,25,2666763955,"[{""name"":""lab-worker-1"",""cpu"":""4.66%"",""mem"":""128.7MiB / 122.8GiB""},{""name"":""lab-api"",""cpu"":""0.00%"",""mem"":""129.3MiB / 122.8GiB""},{""name"":""lab-wc-tls"",""cpu"":""0.00%"",""mem"":""30.18MiB / 122.8GiB""},{""name"":""lab-prestashop"",""cpu"":""0.01%"",""mem"":""109MiB / 122.8GiB""},{""name"":""lab-woocommerce"",""cpu"":""0.01%"",""mem"":""204.2MiB / 122.8GiB""},{""name"":""lab-redis"",""cpu"":""0.75%"",""mem"":""76.04MiB / 122.8GiB""},{""name"":""lab-postgres"",""cpu"":""20.70%"",""mem"":""243.7MiB / 122.8GiB""},{""name"":""lab-mysql"",""cpu"":""0.84%"",""mem"":""713.3MiB / 122.8GiB""},{""name"":""lab-woocommerce-mysql"",""cpu"":""0.90%"",""mem"":""485.5MiB / 122.8GiB""},{""name"":""lab-allegro-stub"",""cpu"":""4.06%"",""mem"":""30.21MiB / 122.8GiB""}]"
2026-09-09T08:55:07Z,3,199,8,792,26,2666763955,"[{""name"":""lab-worker-1"",""cpu"":""4.51%"",""mem"":""128.5MiB / 122.8GiB""},{""name"":""lab-api"",""cpu"":""0.00%"",""mem"":""129.3MiB / 122.8GiB""},{""name"":""lab-wc-tls"",""cpu"":""0.00%"",""mem"":""30.18MiB / 122.8GiB""},{""name"":""lab-prestashop"",""cpu"":""0.01%"",""mem"":""109MiB / 122.8GiB""},{""name"":""lab-woocommerce"",""cpu"":""0.00%"",""mem"":""204.2MiB / 122.8GiB""},{""name"":""lab-redis"",""cpu"":""0.78%"",""mem"":""76.04MiB / 122.8GiB""},{""name"":""lab-postgres"",""cpu"":""27.44%"",""mem"":""243.5MiB / 122.8GiB""},{""name"":""lab-mysql"",""cpu"":""0.82%"",""mem"":""713.3MiB / 122.8GiB""},{""name"":""lab-woocommerce-mysql"",""cpu"":""0.85%"",""mem"":""485.5MiB / 122.8GiB""},{""name"":""lab-allegro-stub"",""cpu"":""0.00%"",""mem"":""30.2MiB / 122.8GiB""}]"
2026-09-09T08:55:11Z,4,199,8,794,26,2666763955,"[{""name"":""lab-worker-1"",""cpu"":""3.60%"",""mem"":""128.5MiB / 122.8GiB""},{""name"":""lab-api"",""cpu"":""0.00%"",""mem"":""129.3MiB / 122.8GiB""},{""name"":""lab-wc-tls"",""cpu"":""0.00%"",""mem"":""30.18MiB / 122.8GiB""},{""name"":""lab-prestashop"",""cpu"":""4.00%"",""mem"":""109MiB / 122.8GiB""},{""name"":""lab-woocommerce"",""cpu"":""0.01%"",""mem"":""204.2MiB / 122.8GiB""},{""name"":""lab-redis"",""cpu"":""0.63%"",""mem"":""76.29MiB / 122.8GiB""},{""name"":""lab-postgres"",""cpu"":""32.30%"",""mem"":""243.4MiB / 122.8GiB""},{""name"":""lab-mysql"",""cpu"":""1.28%"",""mem"":""713.3MiB / 122.8GiB""},{""name"":""lab-woocommerce-mysql"",""cpu"":""0.82%"",""mem"":""485.5MiB / 122.8GiB""},{""name"":""lab-allegro-stub"",""cpu"":""0.00%"",""mem"":""30.2MiB / 122.8GiB""}]"
2026-09-09T08:55:14Z,4,196,8,794,29,2666763955,"[{""name"":""lab-worker-1"",""cpu"":""2.66%"",""mem"":""128.7MiB / 122.8GiB""},{""name"":""lab-api"",""cpu"":""0.00%"",""mem"":""129.3MiB / 122.8GiB""},{""name"":""lab-wc-tls"",""cpu"":""0.00%"",""mem"":""30.18MiB / 122.8GiB""},{""name"":""lab-prestashop"",""cpu"":""0.01%"",""mem"":""109MiB / 122.8GiB""},{""name"":""lab-woocommerce"",""cpu"":""0.00%"",""mem"":""204.2MiB / 122.8GiB""},{""name"":""lab-redis"",""cpu"":""0.53%"",""mem"":""76.28MiB / 122.8GiB""},{""name"":""lab-postgres"",""cpu"":""9.57%"",""mem"":""241.1MiB / 122.8GiB""},{""name"":""lab-mysql"",""cpu"":""1.01%"",""mem"":""713.3MiB / 122.8GiB""},{""name"":""lab-woocommerce-mysql"",""cpu"":""0.97%"",""mem"":""485.5MiB / 122.8GiB""},{""name"":""lab-allegro-stub"",""cpu"":""0.01%"",""mem"":""30.2MiB / 122.8GiB""}]"
2026-09-09T08:55:18Z,3,194,8,794,30,2666763955,"[{""name"":""lab-worker-1"",""cpu"":""1.04%"",""mem"":""128.3MiB / 122.8GiB""},{""name"":""lab-api"",""cpu"":""0.00%"",""mem"":""129.3MiB / 122.8GiB""},{""name"":""lab-wc-tls"",""cpu"":""0.00%"",""mem"":""30.18MiB / 122.8GiB""},{""name"":""lab-prestashop"",""cpu"":""0.00%"",""mem"":""109MiB / 122.8GiB""},{""name"":""lab-woocommerce"",""cpu"":""0.00%"",""mem"":""204.2MiB / 122.8GiB""},{""name"":""lab-redis"",""cpu"":""4.55%"",""mem"":""76.29MiB / 122.8GiB""},{""name"":""lab-postgres"",""cpu"":""29.04%"",""mem"":""241.2MiB / 122.8GiB""},{""name"":""lab-mysql"",""cpu"":""0.80%"",""mem"":""713.3MiB / 122.8GiB""},{""name"":""lab-woocommerce-mysql"",""cpu"":""0.78%"",""mem"":""485.5MiB / 122.8GiB""},{""name"":""lab-allegro-stub"",""cpu"":""0.01%"",""mem"":""30.2MiB / 122.8GiB""}]"
2026-09-09T08:55:22Z,4,194,7,797,29,2666763955,"[{""name"":""lab-worker-1"",""cpu"":""3.36%"",""mem"":""128.6MiB / 122.8GiB""},{""name"":""lab-api"",""cpu"":""0.00%"",""mem"":""129.3MiB / 122.8GiB""},{""name"":""lab-wc-tls"",""cpu"":""0.00%"",""mem"":""30.18MiB / 122.8GiB""},{""name"":""lab-prestashop"",""cpu"":""0.00%"",""mem"":""109MiB / 122.8GiB""},{""name"":""lab-woocommerce"",""cpu"":""0.00%"",""mem"":""204.2MiB / 122.8GiB""},{""name"":""lab-redis"",""cpu"":""0.74%"",""mem"":""76.29MiB / 122.8GiB""},{""name"":""lab-postgres"",""cpu"":""31.81%"",""mem"":""241.4MiB / 122.8GiB""},{""name"":""lab-mysql"",""cpu"":""0.80%"",""mem"":""713.3MiB / 122.8GiB""},{""name"":""lab-woocommerce-mysql"",""cpu"":""0.82%"",""mem"":""485.5MiB / 122.8GiB""},{""name"":""lab-allegro-stub"",""cpu"":""0.00%"",""mem"":""30.2MiB / 122.8GiB""}]"
2026-09-09T08:55:25Z,4,195,8,798,26,2666763955,"[{""name"":""lab-worker-1"",""cpu"":""2.03%"",""mem"":""128.4MiB / 122.8GiB""},{""name"":""lab-api"",""cpu"":""0.00%"",""mem"":""129.3MiB / 122.8GiB""},{""name"":""lab-wc-tls"",""cpu"":""0.00%"",""mem"":""30.18MiB / 122.8GiB""},{""name"":""lab-prestashop"",""cpu"":""0.01%"",""mem"":""109MiB / 122.8GiB""},{""name"":""lab-woocommerce"",""cpu"":""0.01%"",""mem"":""204.2MiB / 122.8GiB""},{""name"":""lab-redis"",""cpu"":""0.57%"",""mem"":""76.03MiB / 122.8GiB""},{""name"":""lab-postgres"",""cpu"":""6.80%"",""mem"":""241.1MiB / 122.8GiB""},{""name"":""lab-mysql"",""cpu"":""0.97%"",""mem"":""713.3MiB / 122.8GiB""},{""name"":""lab-woocommerce-mysql"",""cpu"":""0.92%"",""mem"":""485.5MiB / 122.8GiB""},{""name"":""lab-allegro-stub"",""cpu"":""0.00%"",""mem"":""30.2MiB / 122.8GiB""}]"
2026-09-09T08:55:29Z,3,197,8,798,24,2666763955,"[{""name"":""lab-worker-1"",""cpu"":""3.90%"",""mem"":""128.9MiB / 122.8GiB""},{""name"":""lab-api"",""cpu"":""0.00%"",""mem"":""129.3MiB / 122.8GiB""},{""name"":""lab-wc-tls"",""cpu"":""0.00%"",""mem"":""30.18MiB / 122.8GiB""},{""name"":""lab-prestashop"",""cpu"":""0.01%"",""mem"":""109MiB / 122.8GiB""},{""name"":""lab-woocommerce"",""cpu"":""0.00%"",""mem"":""204.2MiB / 122.8GiB""},{""name"":""lab-redis"",""cpu"":""0.78%"",""mem"":""76.28MiB / 122.8GiB""},{""name"":""lab-postgres"",""cpu"":""32.87%"",""mem"":""241.2MiB / 122.8GiB""},{""name"":""lab-mysql"",""cpu"":""5.55%"",""mem"":""713.3MiB / 122.8GiB""},{""name"":""lab-woocommerce-mysql"",""cpu"":""0.80%"",""mem"":""485.5MiB / 122.8GiB""},{""name"":""lab-allegro-stub"",""cpu"":""0.01%"",""mem"":""30.2MiB / 122.8GiB""}]"
2026-09-09T08:55:33Z,4,198,8,799,23,2666763955,"[{""name"":""lab-worker-1"",""cpu"":""1.63%"",""mem"":""128.4MiB / 122.8GiB""},{""name"":""lab-api"",""cpu"":""0.00%"",""mem"":""129.3MiB / 122.8GiB""},{""name"":""lab-wc-tls"",""cpu"":""0.00%"",""mem"":""30.18MiB / 122.8GiB""},{""name"":""lab-prestashop"",""cpu"":""0.00%"",""mem"":""109MiB / 122.8GiB""},{""name"":""lab-woocommerce"",""cpu"":""0.00%"",""mem"":""204.2MiB / 122.8GiB""},{""name"":""lab-redis"",""cpu"":""0.53%"",""mem"":""76.03MiB / 122.8GiB""},{""name"":""lab-postgres"",""cpu"":""30.66%"",""mem"":""238.9MiB / 122.8GiB""},{""name"":""lab-mysql"",""cpu"":""0.74%"",""mem"":""713.3MiB / 122.8GiB""},{""name"":""lab-woocommerce-mysql"",""cpu"":""5.19%"",""mem"":""485.6MiB / 122.8GiB""},{""name"":""lab-allegro-stub"",""cpu"":""0.00%"",""mem"":""30.2MiB / 122.8GiB""}]"
2026-09-09T08:55:37Z,4,197,8,799,23,2666763955,"[{""name"":""lab-worker-1"",""cpu"":""5.04%"",""mem"":""129MiB / 122.8GiB""},{""name"":""lab-api"",""cpu"":""0.00%"",""mem"":""129.3MiB / 122.8GiB""},{""name"":""lab-wc-tls"",""cpu"":""0.00%"",""mem"":""30.18MiB / 122.8GiB""},{""name"":""lab-prestashop"",""cpu"":""0.00%"",""mem"":""109MiB / 122.8GiB""},{""name"":""lab-woocommerce"",""cpu"":""0.01%"",""mem"":""204.2MiB / 122.8GiB""},{""name"":""lab-redis"",""cpu"":""0.81%"",""mem"":""76.04MiB / 122.8GiB""},{""name"":""lab-postgres"",""cpu"":""25.52%"",""mem"":""244.4MiB / 122.8GiB""},{""name"":""lab-mysql"",""cpu"":""0.84%"",""mem"":""713.3MiB / 122.8GiB""},{""name"":""lab-woocommerce-mysql"",""cpu"":""0.90%"",""mem"":""485.6MiB / 122.8GiB""},{""name"":""lab-allegro-stub"",""cpu"":""0.00%"",""mem"":""30.2MiB / 122.8GiB""}]"
2026-09-09T08:55:40Z,4,194,7,800,26,2666763955,"[{""name"":""lab-worker-1"",""cpu"":""3.13%"",""mem"":""128.7MiB / 122.8GiB""},{""name"":""lab-api"",""cpu"":""0.00%"",""mem"":""129.3MiB / 122.8GiB""},{""name"":""lab-wc-tls"",""cpu"":""0.00%"",""mem"":""30.18MiB / 122.8GiB""},{""name"":""lab-prestashop"",""cpu"":""5.12%"",""mem"":""109.1MiB / 122.8GiB""},{""name"":""lab-woocommerce"",""cpu"":""0.00%"",""mem"":""204.2MiB / 122.8GiB""},{""name"":""lab-redis"",""cpu"":""0.57%"",""mem"":""76.28MiB / 122.8GiB""},{""name"":""lab-postgres"",""cpu"":""31.31%"",""mem"":""241.1MiB / 122.8GiB""},{""name"":""lab-mysql"",""cpu"":""1.25%"",""mem"":""713.3MiB / 122.8GiB""},{""name"":""lab-woocommerce-mysql"",""cpu"":""0.74%"",""mem"":""485.5MiB / 122.8GiB""},{""name"":""lab-allegro-stub"",""cpu"":""0.00%"",""mem"":""30.2MiB / 122.8GiB""}]"
2026-09-09T08:55:44Z,3,193,8,800,25,2666763955,"[{""name"":""lab-worker-1"",""cpu"":""8.13%"",""mem"":""128.9MiB / 122.8GiB""},{""name"":""lab-api"",""cpu"":""0.00%"",""mem"":""129.3MiB / 122.8GiB""},{""name"":""lab-wc-tls"",""cpu"":""0.00%"",""mem"":""30.18MiB / 122.8GiB""},{""name"":""lab-prestashop"",""cpu"":""0.00%"",""mem"":""109MiB / 122.8GiB""},{""name"":""lab-woocommerce"",""cpu"":""0.00%"",""mem"":""204.2MiB / 122.8GiB""},{""name"":""lab-redis"",""cpu"":""0.69%"",""mem"":""76.03MiB / 122.8GiB""},{""name"":""lab-postgres"",""cpu"":""20.37%"",""mem"":""244.2MiB / 122.8GiB""},{""name"":""lab-mysql"",""cpu"":""0.91%"",""mem"":""713.3MiB / 122.8GiB""},{""name"":""lab-woocommerce-mysql"",""cpu"":""0.90%"",""mem"":""485.5MiB / 122.8GiB""},{""name"":""lab-allegro-stub"",""cpu"":""4.33%"",""mem"":""30.2MiB / 122.8GiB""}]"
2026-09-09T08:55:48Z,4,193,6,801,27,2666763955,"[{""name"":""lab-worker-1"",""cpu"":""4.05%"",""mem"":""128.5MiB / 122.8GiB""},{""name"":""lab-api"",""cpu"":""0.00%"",""mem"":""129.3MiB / 122.8GiB""},{""name"":""lab-wc-tls"",""cpu"":""0.00%"",""mem"":""30.18MiB / 122.8GiB""},{""name"":""lab-prestashop"",""cpu"":""0.00%"",""mem"":""109MiB / 122.8GiB""},{""name"":""lab-woocommerce"",""cpu"":""0.01%"",""mem"":""204.2MiB / 122.8GiB""},{""name"":""lab-redis"",""cpu"":""4.35%"",""mem"":""76.28MiB / 122.8GiB""},{""name"":""lab-postgres"",""cpu"":""32.78%"",""mem"":""241.1MiB / 122.8GiB""},{""name"":""lab-mysql"",""cpu"":""0.73%"",""mem"":""713.3MiB / 122.8GiB""},{""name"":""lab-woocommerce-mysql"",""cpu"":""0.77%"",""mem"":""485.5MiB / 122.8GiB""},{""name"":""lab-allegro-stub"",""cpu"":""0.00%"",""mem"":""30.2MiB / 122.8GiB""}]"
2026-09-09T08:55:51Z,4,191,8,802,26,2666763955,"[{""name"":""lab-worker-1"",""cpu"":""2.91%"",""mem"":""129.2MiB / 122.8GiB""},{""name"":""lab-api"",""cpu"":""0.00%"",""mem"":""129.3MiB / 122.8GiB""},{""name"":""lab-wc-tls"",""cpu"":""0.00%"",""mem"":""30.18MiB / 122.8GiB""},{""name"":""lab-prestashop"",""cpu"":""0.01%"",""mem"":""109MiB / 122.8GiB""},{""name"":""lab-woocommerce"",""cpu"":""0.01%"",""mem"":""204.2MiB / 122.8GiB""},{""name"":""lab-redis"",""cpu"":""0.46%"",""mem"":""76.04MiB / 122.8GiB""},{""name"":""lab-postgres"",""cpu"":""18.34%"",""mem"":""241.4MiB / 122.8GiB""},{""name"":""lab-mysql"",""cpu"":""0.84%"",""mem"":""713.3MiB / 122.8GiB""},{""name"":""lab-woocommerce-mysql"",""cpu"":""0.91%"",""mem"":""485.5MiB / 122.8GiB""},{""name"":""lab-allegro-stub"",""cpu"":""0.00%"",""mem"":""30.2MiB / 122.8GiB""}]"
2026-09-09T08:55:55Z,3,189,8,804,26,2666763955,"[{""name"":""lab-worker-1"",""cpu"":""3.22%"",""mem"":""128.8MiB / 122.8GiB""},{""name"":""lab-api"",""cpu"":""0.00%"",""mem"":""129.3MiB / 122.8GiB""},{""name"":""lab-wc-tls"",""cpu"":""0.00%"",""mem"":""30.18MiB / 122.8GiB""},{""name"":""lab-prestashop"",""cpu"":""0.00%"",""mem"":""109MiB / 122.8GiB""},{""name"":""lab-woocommerce"",""cpu"":""0.01%"",""mem"":""204.2MiB / 122.8GiB""},{""name"":""lab-redis"",""cpu"":""0.65%"",""mem"":""76.03MiB / 122.8GiB""},{""name"":""lab-postgres"",""cpu"":""20.37%"",""mem"":""241.1MiB / 122.8GiB""},{""name"":""lab-mysql"",""cpu"":""0.82%"",""mem"":""713.3MiB / 122.8GiB""},{""name"":""lab-woocommerce-mysql"",""cpu"":""0.90%"",""mem"":""485.5MiB / 122.8GiB""},{""name"":""lab-allegro-stub"",""cpu"":""0.00%"",""mem"":""30.2MiB / 122.8GiB""}]"
2026-09-09T08:55:59Z,4,186,7,806,28,2666763955,"[{""name"":""lab-worker-1"",""cpu"":""0.87%"",""mem"":""128.4MiB / 122.8GiB""},{""name"":""lab-api"",""cpu"":""0.00%"",""mem"":""129.3MiB / 122.8GiB""},{""name"":""lab-wc-tls"",""cpu"":""0.00%"",""mem"":""30.18MiB / 122.8GiB""},{""name"":""lab-prestashop"",""cpu"":""0.00%"",""mem"":""109MiB / 122.8GiB""},{""name"":""lab-woocommerce"",""cpu"":""0.00%"",""mem"":""204.2MiB / 122.8GiB""},{""name"":""lab-redis"",""cpu"":""0.37%"",""mem"":""76.03MiB / 122.8GiB""},{""name"":""lab-postgres"",""cpu"":""38.03%"",""mem"":""241.5MiB / 122.8GiB""},{""name"":""lab-mysql"",""cpu"":""5.36%"",""mem"":""713.3MiB / 122.8GiB""},{""name"":""lab-woocommerce-mysql"",""cpu"":""0.91%"",""mem"":""485.5MiB / 122.8GiB""},{""name"":""lab-allegro-stub"",""cpu"":""3.99%"",""mem"":""30.23MiB / 122.8GiB""}]"
2026-09-09T08:56:02Z,4,184,8,808,28,2666763955,"[{""name"":""lab-worker-1"",""cpu"":""3.81%"",""mem"":""128.6MiB / 122.8GiB""},{""name"":""lab-api"",""cpu"":""0.00%"",""mem"":""129.3MiB / 122.8GiB""},{""name"":""lab-wc-tls"",""cpu"":""0.00%"",""mem"":""30.18MiB / 122.8GiB""},{""name"":""lab-prestashop"",""cpu"":""0.01%"",""mem"":""109MiB / 122.8GiB""},{""name"":""lab-woocommerce"",""cpu"":""0.01%"",""mem"":""204.2MiB / 122.8GiB""},{""name"":""lab-redis"",""cpu"":""0.62%"",""mem"":""76.03MiB / 122.8GiB""},{""name"":""lab-postgres"",""cpu"":""2.29%"",""mem"":""241.1MiB / 122.8GiB""},{""name"":""lab-mysql"",""cpu"":""0.94%"",""mem"":""713.3MiB / 122.8GiB""},{""name"":""lab-woocommerce-mysql"",""cpu"":""5.12%"",""mem"":""485.6MiB / 122.8GiB""},{""name"":""lab-allegro-stub"",""cpu"":""0.00%"",""mem"":""30.2MiB / 122.8GiB""}]"
2026-09-09T08:56:06Z,3,184,7,809,27,2666763955,"[{""name"":""lab-worker-1"",""cpu"":""1.06%"",""mem"":""128.6MiB / 122.8GiB""},{""name"":""lab-api"",""cpu"":""0.00%"",""mem"":""129.3MiB / 122.8GiB""},{""name"":""lab-wc-tls"",""cpu"":""0.00%"",""mem"":""30.18MiB / 122.8GiB""},{""name"":""lab-prestashop"",""cpu"":""0.01%"",""mem"":""109MiB / 122.8GiB""},{""name"":""lab-woocommerce"",""cpu"":""0.01%"",""mem"":""204.2MiB / 122.8GiB""},{""name"":""lab-redis"",""cpu"":""0.33%"",""mem"":""76.03MiB / 122.8GiB""},{""name"":""lab-postgres"",""cpu"":""30.29%"",""mem"":""241.6MiB / 122.8GiB""},{""name"":""lab-mysql"",""cpu"":""0.85%"",""mem"":""713.3MiB / 122.8GiB""},{""name"":""lab-woocommerce-mysql"",""cpu"":""0.81%"",""mem"":""485.6MiB / 122.8GiB""},{""name"":""lab-allegro-stub"",""cpu"":""0.00%"",""mem"":""30.2MiB / 122.8GiB""}]"
2026-09-09T08:56:10Z,4,184,7,811,26,2666763955,"[{""name"":""lab-worker-1"",""cpu"":""4.04%"",""mem"":""129.8MiB / 122.8GiB""},{""name"":""lab-api"",""cpu"":""0.00%"",""mem"":""129.3MiB / 122.8GiB""},{""name"":""lab-wc-tls"",""cpu"":""0.00%"",""mem"":""30.18MiB / 122.8GiB""},{""name"":""lab-prestashop"",""cpu"":""0.00%"",""mem"":""109MiB / 122.8GiB""},{""name"":""lab-woocommerce"",""cpu"":""0.01%"",""mem"":""204.2MiB / 122.8GiB""},{""name"":""lab-redis"",""cpu"":""0.60%"",""mem"":""76.04MiB / 122.8GiB""},{""name"":""lab-postgres"",""cpu"":""31.77%"",""mem"":""241.1MiB / 122.8GiB""},{""name"":""lab-mysql"",""cpu"":""0.76%"",""mem"":""713.3MiB / 122.8GiB""},{""name"":""lab-woocommerce-mysql"",""cpu"":""0.78%"",""mem"":""485.5MiB / 122.8GiB""},{""name"":""lab-allegro-stub"",""cpu"":""0.00%"",""mem"":""30.2MiB / 122.8GiB""}]"
2026-09-09T08:56:13Z,4,181,8,811,27,2666772147,"[{""name"":""lab-worker-1"",""cpu"":""3.09%"",""mem"":""128.6MiB / 122.8GiB""},{""name"":""lab-api"",""cpu"":""0.00%"",""mem"":""129.3MiB / 122.8GiB""},{""name"":""lab-wc-tls"",""cpu"":""0.00%"",""mem"":""30.18MiB / 122.8GiB""},{""name"":""lab-prestashop"",""cpu"":""0.01%"",""mem"":""109MiB / 122.8GiB""},{""name"":""lab-woocommerce"",""cpu"":""0.01%"",""mem"":""204.2MiB / 122.8GiB""},{""name"":""lab-redis"",""cpu"":""0.48%"",""mem"":""76.03MiB / 122.8GiB""},{""name"":""lab-postgres"",""cpu"":""21.27%"",""mem"":""248MiB / 122.8GiB""},{""name"":""lab-mysql"",""cpu"":""0.88%"",""mem"":""713.3MiB / 122.8GiB""},{""name"":""lab-woocommerce-mysql"",""cpu"":""0.86%"",""mem"":""485.6MiB / 122.8GiB""},{""name"":""lab-allegro-stub"",""cpu"":""4.06%"",""mem"":""30.2MiB / 122.8GiB""}]"
2026-09-09T08:56:17Z,3,182,8,811,26,2666772147,"[{""name"":""lab-worker-1"",""cpu"":""3.73%"",""mem"":""128.9MiB / 122.8GiB""},{""name"":""lab-api"",""cpu"":""0.00%"",""mem"":""129.3MiB / 122.8GiB""},{""name"":""lab-wc-tls"",""cpu"":""0.00%"",""mem"":""30.18MiB / 122.8GiB""},{""name"":""lab-prestashop"",""cpu"":""0.01%"",""mem"":""109MiB / 122.8GiB""},{""name"":""lab-woocommerce"",""cpu"":""0.00%"",""mem"":""204.2MiB / 122.8GiB""},{""name"":""lab-redis"",""cpu"":""0.63%"",""mem"":""76.04MiB / 122.8GiB""},{""name"":""lab-postgres"",""cpu"":""32.50%"",""mem"":""241.2MiB / 122.8GiB""},{""name"":""lab-mysql"",""cpu"":""0.76%"",""mem"":""713.3MiB / 122.8GiB""},{""name"":""lab-woocommerce-mysql"",""cpu"":""0.81%"",""mem"":""485.5MiB / 122.8GiB""},{""name"":""lab-allegro-stub"",""cpu"":""0.00%"",""mem"":""30.2MiB / 122.8GiB""}]"
2026-09-09T08:56:21Z,4,180,7,814,27,2666772147,"[{""name"":""lab-worker-1"",""cpu"":""2.73%"",""mem"":""129MiB / 122.8GiB""},{""name"":""lab-api"",""cpu"":""0.00%"",""mem"":""129.3MiB / 122.8GiB""},{""name"":""lab-wc-tls"",""cpu"":""0.00%"",""mem"":""30.18MiB / 122.8GiB""},{""name"":""lab-prestashop"",""cpu"":""0.01%"",""mem"":""109MiB / 122.8GiB""},{""name"":""lab-woocommerce"",""cpu"":""0.01%"",""mem"":""204.2MiB / 122.8GiB""},{""name"":""lab-redis"",""cpu"":""0.67%"",""mem"":""76.28MiB / 122.8GiB""},{""name"":""lab-postgres"",""cpu"":""6.93%"",""mem"":""241.6MiB / 122.8GiB""},{""name"":""lab-mysql"",""cpu"":""0.97%"",""mem"":""713.3MiB / 122.8GiB""},{""name"":""lab-woocommerce-mysql"",""cpu"":""1.00%"",""mem"":""485.5MiB / 122.8GiB""},{""name"":""lab-allegro-stub"",""cpu"":""0.00%"",""mem"":""30.2MiB / 122.8GiB""}]"
2026-09-09T08:56:25Z,4,176,8,814,29,2666772147,"[{""name"":""lab-worker-1"",""cpu"":""3.84%"",""mem"":""128.5MiB / 122.8GiB""},{""name"":""lab-api"",""cpu"":""0.00%"",""mem"":""129.3MiB / 122.8GiB""},{""name"":""lab-wc-tls"",""cpu"":""0.00%"",""mem"":""30.18MiB / 122.8GiB""},{""name"":""lab-prestashop"",""cpu"":""0.00%"",""mem"":""109MiB / 122.8GiB""},{""name"":""lab-woocommerce"",""cpu"":""0.01%"",""mem"":""204.2MiB / 122.8GiB""},{""name"":""lab-redis"",""cpu"":""0.67%"",""mem"":""76.03MiB / 122.8GiB""},{""name"":""lab-postgres"",""cpu"":""32.93%"",""mem"":""244.8MiB / 122.8GiB""},{""name"":""lab-mysql"",""cpu"":""0.84%"",""mem"":""713.3MiB / 122.8GiB""},{""name"":""lab-woocommerce-mysql"",""cpu"":""0.88%"",""mem"":""485.6MiB / 122.8GiB""},{""name"":""lab-allegro-stub"",""cpu"":""3.58%"",""mem"":""30.2MiB / 122.8GiB""}]"
2026-09-09T08:56:28Z,4,173,7,816,31,2666772147,"[{""name"":""lab-worker-1"",""cpu"":""2.88%"",""mem"":""128.8MiB / 122.8GiB""},{""name"":""lab-api"",""cpu"":""0.00%"",""mem"":""129.3MiB / 122.8GiB""},{""name"":""lab-wc-tls"",""cpu"":""0.00%"",""mem"":""30.18MiB / 122.8GiB""},{""name"":""lab-prestashop"",""cpu"":""0.00%"",""mem"":""109MiB / 122.8GiB""},{""name"":""lab-woocommerce"",""cpu"":""0.01%"",""mem"":""204.2MiB / 122.8GiB""},{""name"":""lab-redis"",""cpu"":""4.95%"",""mem"":""76.06MiB / 122.8GiB""},{""name"":""lab-postgres"",""cpu"":""25.46%"",""mem"":""241.1MiB / 122.8GiB""},{""name"":""lab-mysql"",""cpu"":""0.82%"",""mem"":""713.3MiB / 122.8GiB""},{""name"":""lab-woocommerce-mysql"",""cpu"":""0.78%"",""mem"":""485.5MiB / 122.8GiB""},{""name"":""lab-allegro-stub"",""cpu"":""4.04%"",""mem"":""30.24MiB / 122.8GiB""}]"
2026-09-09T08:56:32Z,3,168,8,819,32,2666772147,"[{""name"":""lab-worker-1"",""cpu"":""1.27%"",""mem"":""129.3MiB / 122.8GiB""},{""name"":""lab-api"",""cpu"":""0.00%"",""mem"":""129.3MiB / 122.8GiB""},{""name"":""lab-wc-tls"",""cpu"":""0.00%"",""mem"":""30.18MiB / 122.8GiB""},{""name"":""lab-prestashop"",""cpu"":""0.00%"",""mem"":""109MiB / 122.8GiB""},{""name"":""lab-woocommerce"",""cpu"":""0.01%"",""mem"":""204.2MiB / 122.8GiB""},{""name"":""lab-redis"",""cpu"":""0.43%"",""mem"":""76.04MiB / 122.8GiB""},{""name"":""lab-postgres"",""cpu"":""12.02%"",""mem"":""242.9MiB / 122.8GiB""},{""name"":""lab-mysql"",""cpu"":""1.01%"",""mem"":""713.3MiB / 122.8GiB""},{""name"":""lab-woocommerce-mysql"",""cpu"":""0.87%"",""mem"":""485.5MiB / 122.8GiB""},{""name"":""lab-allegro-stub"",""cpu"":""0.00%"",""mem"":""30.2MiB / 122.8GiB""}]"
2026-09-09T08:56:36Z,4,168,7,820,32,2666772147,"[{""name"":""lab-worker-1"",""cpu"":""2.60%"",""mem"":""128.6MiB / 122.8GiB""},{""name"":""lab-api"",""cpu"":""0.00%"",""mem"":""129.3MiB / 122.8GiB""},{""name"":""lab-wc-tls"",""cpu"":""0.00%"",""mem"":""30.18MiB / 122.8GiB""},{""name"":""lab-prestashop"",""cpu"":""0.01%"",""mem"":""109MiB / 122.8GiB""},{""name"":""lab-woocommerce"",""cpu"":""0.01%"",""mem"":""204.2MiB / 122.8GiB""},{""name"":""lab-redis"",""cpu"":""0.51%"",""mem"":""76.04MiB / 122.8GiB""},{""name"":""lab-postgres"",""cpu"":""44.45%"",""mem"":""241.4MiB / 122.8GiB""},{""name"":""lab-mysql"",""cpu"":""0.78%"",""mem"":""713.3MiB / 122.8GiB""},{""name"":""lab-woocommerce-mysql"",""cpu"":""0.74%"",""mem"":""485.6MiB / 122.8GiB""},{""name"":""lab-allegro-stub"",""cpu"":""0.00%"",""mem"":""30.2MiB / 122.8GiB""}]"
2026-09-09T08:56:39Z,4,167,8,822,30,2666772147,"[{""name"":""lab-worker-1"",""cpu"":""1.24%"",""mem"":""128.6MiB / 122.8GiB""},{""name"":""lab-api"",""cpu"":""0.00%"",""mem"":""129.3MiB / 122.8GiB""},{""name"":""lab-wc-tls"",""cpu"":""0.00%"",""mem"":""30.18MiB / 122.8GiB""},{""name"":""lab-prestashop"",""cpu"":""0.01%"",""mem"":""109MiB / 122.8GiB""},{""name"":""lab-woocommerce"",""cpu"":""0.01%"",""mem"":""204.2MiB / 122.8GiB""},{""name"":""lab-redis"",""cpu"":""0.47%"",""mem"":""76.03MiB / 122.8GiB""},{""name"":""lab-postgres"",""cpu"":""11.90%"",""mem"":""241.3MiB / 122.8GiB""},{""name"":""lab-mysql"",""cpu"":""5.98%"",""mem"":""713.6MiB / 122.8GiB""},{""name"":""lab-woocommerce-mysql"",""cpu"":""0.90%"",""mem"":""485.5MiB / 122.8GiB""},{""name"":""lab-allegro-stub"",""cpu"":""4.20%"",""mem"":""30.21MiB / 122.8GiB""}]"
2026-09-09T08:56:43Z,3,172,8,822,25,2666772147,"[{""name"":""lab-worker-1"",""cpu"":""1.92%"",""mem"":""128.6MiB / 122.8GiB""},{""name"":""lab-api"",""cpu"":""0.00%"",""mem"":""129.3MiB / 122.8GiB""},{""name"":""lab-wc-tls"",""cpu"":""0.00%"",""mem"":""30.18MiB / 122.8GiB""},{""name"":""lab-prestashop"",""cpu"":""0.01%"",""mem"":""109MiB / 122.8GiB""},{""name"":""lab-woocommerce"",""cpu"":""0.00%"",""mem"":""204.2MiB / 122.8GiB""},{""name"":""lab-redis"",""cpu"":""0.49%"",""mem"":""76.03MiB / 122.8GiB""},{""name"":""lab-postgres"",""cpu"":""27.69%"",""mem"":""248.4MiB / 122.8GiB""},{""name"":""lab-mysql"",""cpu"":""0.83%"",""mem"":""713.3MiB / 122.8GiB""},{""name"":""lab-woocommerce-mysql"",""cpu"":""5.49%"",""mem"":""485.6MiB / 122.8GiB""},{""name"":""lab-allegro-stub"",""cpu"":""0.00%"",""mem"":""30.2MiB / 122.8GiB""}]"
2026-09-09T08:56:47Z,4,173,8,823,24,2666780339,"[{""name"":""lab-worker-1"",""cpu"":""1.45%"",""mem"":""128.6MiB / 122.8GiB""},{""name"":""lab-api"",""cpu"":""0.00%"",""mem"":""129.3MiB / 122.8GiB""},{""name"":""lab-wc-tls"",""cpu"":""0.00%"",""mem"":""30.18MiB / 122.8GiB""},{""name"":""lab-prestashop"",""cpu"":""0.00%"",""mem"":""109MiB / 122.8GiB""},{""name"":""lab-woocommerce"",""cpu"":""0.01%"",""mem"":""204.2MiB / 122.8GiB""},{""name"":""lab-redis"",""cpu"":""0.48%"",""mem"":""76.28MiB / 122.8GiB""},{""name"":""lab-postgres"",""cpu"":""37.74%"",""mem"":""238.8MiB / 122.8GiB""},{""name"":""lab-mysql"",""cpu"":""0.82%"",""mem"":""713.3MiB / 122.8GiB""},{""name"":""lab-woocommerce-mysql"",""cpu"":""0.72%"",""mem"":""485.5MiB / 122.8GiB""},{""name"":""lab-allegro-stub"",""cpu"":""0.00%"",""mem"":""30.2MiB / 122.8GiB""}]"
2026-09-09T08:56:50Z,4,174,7,824,22,2666780339,"[{""name"":""lab-worker-1"",""cpu"":""3.97%"",""mem"":""128.5MiB / 122.8GiB""},{""name"":""lab-api"",""cpu"":""0.00%"",""mem"":""129.3MiB / 122.8GiB""},{""name"":""lab-wc-tls"",""cpu"":""0.00%"",""mem"":""30.18MiB / 122.8GiB""},{""name"":""lab-prestashop"",""cpu"":""0.01%"",""mem"":""109MiB / 122.8GiB""},{""name"":""lab-woocommerce"",""cpu"":""0.01%"",""mem"":""204.2MiB / 122.8GiB""},{""name"":""lab-redis"",""cpu"":""0.75%"",""mem"":""76.28MiB / 122.8GiB""},{""name"":""lab-postgres"",""cpu"":""3.24%"",""mem"":""245MiB / 122.8GiB""},{""name"":""lab-mysql"",""cpu"":""0.92%"",""mem"":""713.3MiB / 122.8GiB""},{""name"":""lab-woocommerce-mysql"",""cpu"":""0.91%"",""mem"":""485.5MiB / 122.8GiB""},{""name"":""lab-allegro-stub"",""cpu"":""0.01%"",""mem"":""30.2MiB / 122.8GiB""}]"
2026-09-09T08:56:54Z,3,169,8,827,23,2666780339,"[{""name"":""lab-worker-1"",""cpu"":""3.40%"",""mem"":""128.5MiB / 122.8GiB""},{""name"":""lab-api"",""cpu"":""0.00%"",""mem"":""129.3MiB / 122.8GiB""},{""name"":""lab-wc-tls"",""cpu"":""0.00%"",""mem"":""30.18MiB / 122.8GiB""},{""name"":""lab-prestashop"",""cpu"":""0.01%"",""mem"":""109MiB / 122.8GiB""},{""name"":""lab-woocommerce"",""cpu"":""0.01%"",""mem"":""204.2MiB / 122.8GiB""},{""name"":""lab-redis"",""cpu"":""0.71%"",""mem"":""76.28MiB / 122.8GiB""},{""name"":""lab-postgres"",""cpu"":""32.61%"",""mem"":""241.1MiB / 122.8GiB""},{""name"":""lab-mysql"",""cpu"":""0.78%"",""mem"":""713.3MiB / 122.8GiB""},{""name"":""lab-woocommerce-mysql"",""cpu"":""0.82%"",""mem"":""485.6MiB / 122.8GiB""},{""name"":""lab-allegro-stub"",""cpu"":""4.00%"",""mem"":""30.26MiB / 122.8GiB""}]"
2026-09-09T08:56:58Z,4,169,8,828,21,2666780339,"[{""name"":""lab-worker-1"",""cpu"":""3.97%"",""mem"":""128.5MiB / 122.8GiB""},{""name"":""lab-api"",""cpu"":""0.00%"",""mem"":""129.3MiB / 122.8GiB""},{""name"":""lab-wc-tls"",""cpu"":""0.00%"",""mem"":""30.18MiB / 122.8GiB""},{""name"":""lab-prestashop"",""cpu"":""0.00%"",""mem"":""109MiB / 122.8GiB""},{""name"":""lab-woocommerce"",""cpu"":""0.01%"",""mem"":""204.2MiB / 122.8GiB""},{""name"":""lab-redis"",""cpu"":""0.54%"",""mem"":""76.28MiB / 122.8GiB""},{""name"":""lab-postgres"",""cpu"":""21.17%"",""mem"":""241MiB / 122.8GiB""},{""name"":""lab-mysql"",""cpu"":""0.75%"",""mem"":""713.3MiB / 122.8GiB""},{""name"":""lab-woocommerce-mysql"",""cpu"":""1.20%"",""mem"":""485.5MiB / 122.8GiB""},{""name"":""lab-allegro-stub"",""cpu"":""0.00%"",""mem"":""30.2MiB / 122.8GiB""}]"
2026-09-09T08:57:02Z,4,165,8,832,22,2666780339,"[{""name"":""lab-worker-1"",""cpu"":""3.34%"",""mem"":""128.6MiB / 122.8GiB""},{""name"":""lab-api"",""cpu"":""0.00%"",""mem"":""129.3MiB / 122.8GiB""},{""name"":""lab-wc-tls"",""cpu"":""0.00%"",""mem"":""30.18MiB / 122.8GiB""},{""name"":""lab-prestashop"",""cpu"":""0.01%"",""mem"":""109MiB / 122.8GiB""},{""name"":""lab-woocommerce"",""cpu"":""0.00%"",""mem"":""204.2MiB / 122.8GiB""},{""name"":""lab-redis"",""cpu"":""0.57%"",""mem"":""76.03MiB / 122.8GiB""},{""name"":""lab-postgres"",""cpu"":""25.98%"",""mem"":""241.1MiB / 122.8GiB""},{""name"":""lab-mysql"",""cpu"":""0.84%"",""mem"":""713.3MiB / 122.8GiB""},{""name"":""lab-woocommerce-mysql"",""cpu"":""0.87%"",""mem"":""485.5MiB / 122.8GiB""},{""name"":""lab-allegro-stub"",""cpu"":""0.00%"",""mem"":""30.2MiB / 122.8GiB""}]"
2026-09-09T08:57:05Z,4,166,8,835,18,2666780339,"[{""name"":""lab-worker-1"",""cpu"":""4.18%"",""mem"":""129MiB / 122.8GiB""},{""name"":""lab-api"",""cpu"":""0.00%"",""mem"":""129.3MiB / 122.8GiB""},{""name"":""lab-wc-tls"",""cpu"":""0.00%"",""mem"":""30.18MiB / 122.8GiB""},{""name"":""lab-prestashop"",""cpu"":""0.01%"",""mem"":""109MiB / 122.8GiB""},{""name"":""lab-woocommerce"",""cpu"":""0.00%"",""mem"":""204.2MiB / 122.8GiB""},{""name"":""lab-redis"",""cpu"":""0.66%"",""mem"":""76.28MiB / 122.8GiB""},{""name"":""lab-postgres"",""cpu"":""32.50%"",""mem"":""241.1MiB / 122.8GiB""},{""name"":""lab-mysql"",""cpu"":""0.72%"",""mem"":""713.3MiB / 122.8GiB""},{""name"":""lab-woocommerce-mysql"",""cpu"":""0.77%"",""mem"":""485.5MiB / 122.8GiB""},{""name"":""lab-allegro-stub"",""cpu"":""0.02%"",""mem"":""30.2MiB / 122.8GiB""}]"
2026-09-09T08:57:09Z,3,164,7,837,19,2666780339,"[{""name"":""lab-worker-1"",""cpu"":""2.42%"",""mem"":""129.6MiB / 122.8GiB""},{""name"":""lab-api"",""cpu"":""0.00%"",""mem"":""129.3MiB / 122.8GiB""},{""name"":""lab-wc-tls"",""cpu"":""0.00%"",""mem"":""30.18MiB / 122.8GiB""},{""name"":""lab-prestashop"",""cpu"":""0.01%"",""mem"":""109MiB / 122.8GiB""},{""name"":""lab-woocommerce"",""cpu"":""0.01%"",""mem"":""204.2MiB / 122.8GiB""},{""name"":""lab-redis"",""cpu"":""0.63%"",""mem"":""76.03MiB / 122.8GiB""},{""name"":""lab-postgres"",""cpu"":""7.40%"",""mem"":""241.6MiB / 122.8GiB""},{""name"":""lab-mysql"",""cpu"":""0.93%"",""mem"":""713.3MiB / 122.8GiB""},{""name"":""lab-woocommerce-mysql"",""cpu"":""0.99%"",""mem"":""485.5MiB / 122.8GiB""},{""name"":""lab-allegro-stub"",""cpu"":""0.00%"",""mem"":""30.2MiB / 122.8GiB""}]"
2026-09-09T08:57:13Z,4,162,8,838,19,2666780339,"[{""name"":""lab-worker-1"",""cpu"":""0.61%"",""mem"":""128.6MiB / 122.8GiB""},{""name"":""lab-api"",""cpu"":""0.00%"",""mem"":""129.3MiB / 122.8GiB""},{""name"":""lab-wc-tls"",""cpu"":""0.00%"",""mem"":""30.18MiB / 122.8GiB""},{""name"":""lab-prestashop"",""cpu"":""0.01%"",""mem"":""109MiB / 122.8GiB""},{""name"":""lab-woocommerce"",""cpu"":""0.00%"",""mem"":""204.2MiB / 122.8GiB""},{""name"":""lab-redis"",""cpu"":""0.29%"",""mem"":""76.04MiB / 122.8GiB""},{""name"":""lab-postgres"",""cpu"":""39.54%"",""mem"":""246MiB / 122.8GiB""},{""name"":""lab-mysql"",""cpu"":""0.74%"",""mem"":""713.3MiB / 122.8GiB""},{""name"":""lab-woocommerce-mysql"",""cpu"":""0.74%"",""mem"":""485.5MiB / 122.8GiB""},{""name"":""lab-allegro-stub"",""cpu"":""0.00%"",""mem"":""30.2MiB / 122.8GiB""}]"
2026-09-09T08:57:16Z,4,164,5,839,19,2666780339,"[{""name"":""lab-worker-1"",""cpu"":""1.61%"",""mem"":""128.4MiB / 122.8GiB""},{""name"":""lab-api"",""cpu"":""0.00%"",""mem"":""129.3MiB / 122.8GiB""},{""name"":""lab-wc-tls"",""cpu"":""0.00%"",""mem"":""30.18MiB / 122.8GiB""},{""name"":""lab-prestashop"",""cpu"":""0.01%"",""mem"":""109MiB / 122.8GiB""},{""name"":""lab-woocommerce"",""cpu"":""0.00%"",""mem"":""204.2MiB / 122.8GiB""},{""name"":""lab-redis"",""cpu"":""0.54%"",""mem"":""76.03MiB / 122.8GiB""},{""name"":""lab-postgres"",""cpu"":""25.87%"",""mem"":""243.8MiB / 122.8GiB""},{""name"":""lab-mysql"",""cpu"":""0.81%"",""mem"":""713.3MiB / 122.8GiB""},{""name"":""lab-woocommerce-mysql"",""cpu"":""0.88%"",""mem"":""485.5MiB / 122.8GiB""},{""name"":""lab-allegro-stub"",""cpu"":""0.00%"",""mem"":""30.2MiB / 122.8GiB""}]"
2026-09-09T08:57:20Z,3,158,8,843,17,2666780339,"[{""name"":""lab-worker-1"",""cpu"":""0.93%"",""mem"":""128.6MiB / 122.8GiB""},{""name"":""lab-api"",""cpu"":""0.00%"",""mem"":""129.3MiB / 122.8GiB""},{""name"":""lab-wc-tls"",""cpu"":""0.00%"",""mem"":""30.18MiB / 122.8GiB""},{""name"":""lab-prestashop"",""cpu"":""0.00%"",""mem"":""109MiB / 122.8GiB""},{""name"":""lab-woocommerce"",""cpu"":""0.01%"",""mem"":""204.2MiB / 122.8GiB""},{""name"":""lab-redis"",""cpu"":""0.42%"",""mem"":""76.03MiB / 122.8GiB""},{""name"":""lab-postgres"",""cpu"":""9.89%"",""mem"":""250.8MiB / 122.8GiB""},{""name"":""lab-mysql"",""cpu"":""5.41%"",""mem"":""713.3MiB / 122.8GiB""},{""name"":""lab-woocommerce-mysql"",""cpu"":""0.94%"",""mem"":""485.5MiB / 122.8GiB""},{""name"":""lab-allegro-stub"",""cpu"":""4.16%"",""mem"":""30.2MiB / 122.8GiB""}]"
2026-09-09T08:57:24Z,4,162,8,843,15,2666780339,"[{""name"":""lab-worker-1"",""cpu"":""4.05%"",""mem"":""128.8MiB / 122.8GiB""},{""name"":""lab-api"",""cpu"":""0.00%"",""mem"":""129.3MiB / 122.8GiB""},{""name"":""lab-wc-tls"",""cpu"":""0.00%"",""mem"":""30.18MiB / 122.8GiB""},{""name"":""lab-prestashop"",""cpu"":""0.00%"",""mem"":""109MiB / 122.8GiB""},{""name"":""lab-woocommerce"",""cpu"":""0.01%"",""mem"":""204.2MiB / 122.8GiB""},{""name"":""lab-redis"",""cpu"":""0.76%"",""mem"":""76.29MiB / 122.8GiB""},{""name"":""lab-postgres"",""cpu"":""38.08%"",""mem"":""243.4MiB / 122.8GiB""},{""name"":""lab-mysql"",""cpu"":""0.79%"",""mem"":""713.3MiB / 122.8GiB""},{""name"":""lab-woocommerce-mysql"",""cpu"":""5.29%"",""mem"":""485.6MiB / 122.8GiB""},{""name"":""lab-allegro-stub"",""cpu"":""4.25%"",""mem"":""30.2MiB / 122.8GiB""}]"
2026-09-09T08:57:27Z,4,159,7,846,16,2666780339,"[{""name"":""lab-worker-1"",""cpu"":""2.55%"",""mem"":""128.5MiB / 122.8GiB""},{""name"":""lab-api"",""cpu"":""0.00%"",""mem"":""129.3MiB / 122.8GiB""},{""name"":""lab-wc-tls"",""cpu"":""0.00%"",""mem"":""30.18MiB / 122.8GiB""},{""name"":""lab-prestashop"",""cpu"":""0.01%"",""mem"":""109MiB / 122.8GiB""},{""name"":""lab-woocommerce"",""cpu"":""14.23%"",""mem"":""204.3MiB / 122.8GiB""},{""name"":""lab-redis"",""cpu"":""0.76%"",""mem"":""76.04MiB / 122.8GiB""},{""name"":""lab-postgres"",""cpu"":""17.21%"",""mem"":""245.3MiB / 122.8GiB""},{""name"":""lab-mysql"",""cpu"":""0.96%"",""mem"":""713.3MiB / 122.8GiB""},{""name"":""lab-woocommerce-mysql"",""cpu"":""2.23%"",""mem"":""485.5MiB / 122.8GiB""},{""name"":""lab-allegro-stub"",""cpu"":""0.00%"",""mem"":""30.2MiB / 122.8GiB""}]"
2026-09-09T08:57:31Z,3,157,8,846,16,2666780339,"[{""name"":""lab-worker-1"",""cpu"":""3.76%"",""mem"":""128.6MiB / 122.8GiB""},{""name"":""lab-api"",""cpu"":""0.00%"",""mem"":""129.3MiB / 122.8GiB""},{""name"":""lab-wc-tls"",""cpu"":""0.00%"",""mem"":""30.18MiB / 122.8GiB""},{""name"":""lab-prestashop"",""cpu"":""0.01%"",""mem"":""109MiB / 122.8GiB""},{""name"":""lab-woocommerce"",""cpu"":""0.00%"",""mem"":""204.2MiB / 122.8GiB""},{""name"":""lab-redis"",""cpu"":""0.61%"",""mem"":""76.03MiB / 122.8GiB""},{""name"":""lab-postgres"",""cpu"":""26.61%"",""mem"":""246.2MiB / 122.8GiB""},{""name"":""lab-mysql"",""cpu"":""0.73%"",""mem"":""713.3MiB / 122.8GiB""},{""name"":""lab-woocommerce-mysql"",""cpu"":""0.74%"",""mem"":""485.5MiB / 122.8GiB""},{""name"":""lab-allegro-stub"",""cpu"":""0.00%"",""mem"":""30.2MiB / 122.8GiB""}]"
2026-09-09T08:57:35Z,4,153,7,848,19,2666780339,"[{""name"":""lab-worker-1"",""cpu"":""2.69%"",""mem"":""128.8MiB / 122.8GiB""},{""name"":""lab-api"",""cpu"":""0.00%"",""mem"":""129.3MiB / 122.8GiB""},{""name"":""lab-wc-tls"",""cpu"":""0.00%"",""mem"":""30.18MiB / 122.8GiB""},{""name"":""lab-prestashop"",""cpu"":""0.01%"",""mem"":""109MiB / 122.8GiB""},{""name"":""lab-woocommerce"",""cpu"":""0.01%"",""mem"":""204.2MiB / 122.8GiB""},{""name"":""lab-redis"",""cpu"":""0.80%"",""mem"":""76.04MiB / 122.8GiB""},{""name"":""lab-postgres"",""cpu"":""31.31%"",""mem"":""243.3MiB / 122.8GiB""},{""name"":""lab-mysql"",""cpu"":""0.77%"",""mem"":""713.3MiB / 122.8GiB""},{""name"":""lab-woocommerce-mysql"",""cpu"":""0.78%"",""mem"":""485.6MiB / 122.8GiB""},{""name"":""lab-allegro-stub"",""cpu"":""3.93%"",""mem"":""30.24MiB / 122.8GiB""}]"
2026-09-09T08:57:39Z,4,150,8,848,21,2666780339,"[{""name"":""lab-worker-1"",""cpu"":""2.32%"",""mem"":""128.7MiB / 122.8GiB""},{""name"":""lab-api"",""cpu"":""0.02%"",""mem"":""129.3MiB / 122.8GiB""},{""name"":""lab-wc-tls"",""cpu"":""0.00%"",""mem"":""30.18MiB / 122.8GiB""},{""name"":""lab-prestashop"",""cpu"":""0.01%"",""mem"":""109MiB / 122.8GiB""},{""name"":""lab-woocommerce"",""cpu"":""0.01%"",""mem"":""204.2MiB / 122.8GiB""},{""name"":""lab-redis"",""cpu"":""4.57%"",""mem"":""76.04MiB / 122.8GiB""},{""name"":""lab-postgres"",""cpu"":""18.63%"",""mem"":""250.6MiB / 122.8GiB""},{""name"":""lab-mysql"",""cpu"":""0.87%"",""mem"":""713.3MiB / 122.8GiB""},{""name"":""lab-woocommerce-mysql"",""cpu"":""0.91%"",""mem"":""485.5MiB / 122.8GiB""},{""name"":""lab-allegro-stub"",""cpu"":""0.00%"",""mem"":""30.2MiB / 122.8GiB""}]"
2026-09-09T08:57:42Z,4,147,8,850,22,2666780339,"[{""name"":""lab-worker-1"",""cpu"":""4.23%"",""mem"":""128.8MiB / 122.8GiB""},{""name"":""lab-api"",""cpu"":""0.00%"",""mem"":""129.3MiB / 122.8GiB""},{""name"":""lab-wc-tls"",""cpu"":""0.00%"",""mem"":""30.18MiB / 122.8GiB""},{""name"":""lab-prestashop"",""cpu"":""0.00%"",""mem"":""109MiB / 122.8GiB""},{""name"":""lab-woocommerce"",""cpu"":""0.00%"",""mem"":""204.2MiB / 122.8GiB""},{""name"":""lab-redis"",""cpu"":""0.77%"",""mem"":""76.04MiB / 122.8GiB""},{""name"":""lab-postgres"",""cpu"":""32.98%"",""mem"":""243.4MiB / 122.8GiB""},{""name"":""lab-mysql"",""cpu"":""0.77%"",""mem"":""713.3MiB / 122.8GiB""},{""name"":""lab-woocommerce-mysql"",""cpu"":""0.85%"",""mem"":""485.5MiB / 122.8GiB""},{""name"":""lab-allegro-stub"",""cpu"":""0.00%"",""mem"":""30.2MiB / 122.8GiB""}]"
2026-09-09T08:57:46Z,3,143,8,851,25,2666780339,"[{""name"":""lab-worker-1"",""cpu"":""0.97%"",""mem"":""128.8MiB / 122.8GiB""},{""name"":""lab-api"",""cpu"":""0.00%"",""mem"":""129.3MiB / 122.8GiB""},{""name"":""lab-wc-tls"",""cpu"":""0.00%"",""mem"":""30.18MiB / 122.8GiB""},{""name"":""lab-prestashop"",""cpu"":""0.00%"",""mem"":""109MiB / 122.8GiB""},{""name"":""lab-woocommerce"",""cpu"":""0.01%"",""mem"":""204.2MiB / 122.8GiB""},{""name"":""lab-redis"",""cpu"":""0.37%"",""mem"":""76.03MiB / 122.8GiB""},{""name"":""lab-postgres"",""cpu"":""16.05%"",""mem"":""243.4MiB / 122.8GiB""},{""name"":""lab-mysql"",""cpu"":""0.92%"",""mem"":""713.3MiB / 122.8GiB""},{""name"":""lab-woocommerce-mysql"",""cpu"":""0.97%"",""mem"":""485.6MiB / 122.8GiB""},{""name"":""lab-allegro-stub"",""cpu"":""0.00%"",""mem"":""30.2MiB / 122.8GiB""}]"
2026-09-09T08:57:50Z,4,142,6,853,26,2666780339,"[{""name"":""lab-worker-1"",""cpu"":""3.75%"",""mem"":""128.6MiB / 122.8GiB""},{""name"":""lab-api"",""cpu"":""0.00%"",""mem"":""129.3MiB / 122.8GiB""},{""name"":""lab-wc-tls"",""cpu"":""0.00%"",""mem"":""30.18MiB / 122.8GiB""},{""name"":""lab-prestashop"",""cpu"":""0.00%"",""mem"":""109MiB / 122.8GiB""},{""name"":""lab-woocommerce"",""cpu"":""0.01%"",""mem"":""204.2MiB / 122.8GiB""},{""name"":""lab-redis"",""cpu"":""0.74%"",""mem"":""76.03MiB / 122.8GiB""},{""name"":""lab-postgres"",""cpu"":""20.67%"",""mem"":""241.2MiB / 122.8GiB""},{""name"":""lab-mysql"",""cpu"":""5.55%"",""mem"":""713.3MiB / 122.8GiB""},{""name"":""lab-woocommerce-mysql"",""cpu"":""0.87%"",""mem"":""485.5MiB / 122.8GiB""},{""name"":""lab-allegro-stub"",""cpu"":""4.29%"",""mem"":""30.52MiB / 122.8GiB""}]"
2026-09-09T08:57:53Z,4,137,8,854,28,2666780339,"[{""name"":""lab-worker-1"",""cpu"":""0.93%"",""mem"":""128.6MiB / 122.8GiB""},{""name"":""lab-api"",""cpu"":""0.00%"",""mem"":""129.3MiB / 122.8GiB""},{""name"":""lab-wc-tls"",""cpu"":""0.00%"",""mem"":""30.18MiB / 122.8GiB""},{""name"":""lab-prestashop"",""cpu"":""0.00%"",""mem"":""109MiB / 122.8GiB""},{""name"":""lab-woocommerce"",""cpu"":""0.00%"",""mem"":""204.2MiB / 122.8GiB""},{""name"":""lab-redis"",""cpu"":""0.39%"",""mem"":""76.03MiB / 122.8GiB""},{""name"":""lab-postgres"",""cpu"":""35.37%"",""mem"":""241.6MiB / 122.8GiB""},{""name"":""lab-mysql"",""cpu"":""0.79%"",""mem"":""713.3MiB / 122.8GiB""},{""name"":""lab-woocommerce-mysql"",""cpu"":""5.39%"",""mem"":""485.6MiB / 122.8GiB""},{""name"":""lab-allegro-stub"",""cpu"":""0.00%"",""mem"":""30.21MiB / 122.8GiB""}]"
2026-09-09T08:57:57Z,3,137,8,855,27,2666780339,"[{""name"":""lab-worker-1"",""cpu"":""2.23%"",""mem"":""129.1MiB / 122.8GiB""},{""name"":""lab-api"",""cpu"":""0.00%"",""mem"":""129.3MiB / 122.8GiB""},{""name"":""lab-wc-tls"",""cpu"":""0.00%"",""mem"":""30.18MiB / 122.8GiB""},{""name"":""lab-prestashop"",""cpu"":""0.01%"",""mem"":""109MiB / 122.8GiB""},{""name"":""lab-woocommerce"",""cpu"":""16.48%"",""mem"":""204.8MiB / 122.8GiB""},{""name"":""lab-redis"",""cpu"":""0.54%"",""mem"":""76.28MiB / 122.8GiB""},{""name"":""lab-postgres"",""cpu"":""2.69%"",""mem"":""241.3MiB / 122.8GiB""},{""name"":""lab-mysql"",""cpu"":""0.99%"",""mem"":""713.3MiB / 122.8GiB""},{""name"":""lab-woocommerce-mysql"",""cpu"":""4.72%"",""mem"":""485.8MiB / 122.8GiB""},{""name"":""lab-allegro-stub"",""cpu"":""0.00%"",""mem"":""30.2MiB / 122.8GiB""}]"
2026-09-09T08:58:01Z,4,139,8,855,25,2666780339,"[{""name"":""lab-worker-1"",""cpu"":""2.21%"",""mem"":""128.6MiB / 122.8GiB""},{""name"":""lab-api"",""cpu"":""0.00%"",""mem"":""129.3MiB / 122.8GiB""},{""name"":""lab-wc-tls"",""cpu"":""0.00%"",""mem"":""30.18MiB / 122.8GiB""},{""name"":""lab-prestashop"",""cpu"":""0.01%"",""mem"":""109MiB / 122.8GiB""},{""name"":""lab-woocommerce"",""cpu"":""0.01%"",""mem"":""204.2MiB / 122.8GiB""},{""name"":""lab-redis"",""cpu"":""0.63%"",""mem"":""76.03MiB / 122.8GiB""},{""name"":""lab-postgres"",""cpu"":""31.46%"",""mem"":""238.8MiB / 122.8GiB""},{""name"":""lab-mysql"",""cpu"":""0.77%"",""mem"":""713.3MiB / 122.8GiB""},{""name"":""lab-woocommerce-mysql"",""cpu"":""0.80%"",""mem"":""485.5MiB / 122.8GiB""},{""name"":""lab-allegro-stub"",""cpu"":""0.01%"",""mem"":""30.3MiB / 122.8GiB""}]"
2026-09-09T08:58:04Z,4,135,8,856,23,2666788531,"[{""name"":""lab-worker-1"",""cpu"":""3.09%"",""mem"":""128.9MiB / 122.8GiB""},{""name"":""lab-api"",""cpu"":""0.00%"",""mem"":""129.3MiB / 122.8GiB""},{""name"":""lab-wc-tls"",""cpu"":""0.00%"",""mem"":""30.18MiB / 122.8GiB""},{""name"":""lab-prestashop"",""cpu"":""0.01%"",""mem"":""109MiB / 122.8GiB""},{""name"":""lab-woocommerce"",""cpu"":""0.00%"",""mem"":""204.2MiB / 122.8GiB""},{""name"":""lab-redis"",""cpu"":""0.58%"",""mem"":""76.03MiB / 122.8GiB""},{""name"":""lab-postgres"",""cpu"":""39.04%"",""mem"":""240.9MiB / 122.8GiB""},{""name"":""lab-mysql"",""cpu"":""0.74%"",""mem"":""713.3MiB / 122.8GiB""},{""name"":""lab-woocommerce-mysql"",""cpu"":""0.80%"",""mem"":""485.5MiB / 122.8GiB""},{""name"":""lab-allegro-stub"",""cpu"":""4.10%"",""mem"":""30.2MiB / 122.8GiB""}]"
2026-09-09T08:58:08Z,3,140,8,857,22,2666788531,"[{""name"":""lab-worker-1"",""cpu"":""2.21%"",""mem"":""128.6MiB / 122.8GiB""},{""name"":""lab-api"",""cpu"":""0.02%"",""mem"":""129.3MiB / 122.8GiB""},{""name"":""lab-wc-tls"",""cpu"":""0.00%"",""mem"":""30.18MiB / 122.8GiB""},{""name"":""lab-prestashop"",""cpu"":""0.00%"",""mem"":""109MiB / 122.8GiB""},{""name"":""lab-woocommerce"",""cpu"":""0.01%"",""mem"":""204.2MiB / 122.8GiB""},{""name"":""lab-redis"",""cpu"":""4.79%"",""mem"":""76.27MiB / 122.8GiB""},{""name"":""lab-postgres"",""cpu"":""14.45%"",""mem"":""248.1MiB / 122.8GiB""},{""name"":""lab-mysql"",""cpu"":""0.95%"",""mem"":""713.3MiB / 122.8GiB""},{""name"":""lab-woocommerce-mysql"",""cpu"":""0.95%"",""mem"":""485.5MiB / 122.8GiB""},{""name"":""lab-allegro-stub"",""cpu"":""0.00%"",""mem"":""30.2MiB / 122.8GiB""}]"
2026-09-09T08:58:12Z,4,139,7,859,22,2666788531,"[{""name"":""lab-worker-1"",""cpu"":""4.18%"",""mem"":""129.2MiB / 122.8GiB""},{""name"":""lab-api"",""cpu"":""0.00%"",""mem"":""129.3MiB / 122.8GiB""},{""name"":""lab-wc-tls"",""cpu"":""0.00%"",""mem"":""30.18MiB / 122.8GiB""},{""name"":""lab-prestashop"",""cpu"":""0.00%"",""mem"":""109MiB / 122.8GiB""},{""name"":""lab-woocommerce"",""cpu"":""0.01%"",""mem"":""204.2MiB / 122.8GiB""},{""name"":""lab-redis"",""cpu"":""0.66%"",""mem"":""76.29MiB / 122.8GiB""},{""name"":""lab-postgres"",""cpu"":""32.70%"",""mem"":""243.4MiB / 122.8GiB""},{""name"":""lab-mysql"",""cpu"":""0.77%"",""mem"":""713.3MiB / 122.8GiB""},{""name"":""lab-woocommerce-mysql"",""cpu"":""0.88%"",""mem"":""485.5MiB / 122.8GiB""},{""name"":""lab-allegro-stub"",""cpu"":""0.00%"",""mem"":""30.2MiB / 122.8GiB""}]"
2026-09-09T08:58:16Z,4,138,7,862,19,2666788531,"[{""name"":""lab-worker-1"",""cpu"":""5.83%"",""mem"":""129.4MiB / 122.8GiB""},{""name"":""lab-api"",""cpu"":""0.00%"",""mem"":""129.3MiB / 122.8GiB""},{""name"":""lab-wc-tls"",""cpu"":""0.00%"",""mem"":""30.18MiB / 122.8GiB""},{""name"":""lab-prestashop"",""cpu"":""0.00%"",""mem"":""109MiB / 122.8GiB""},{""name"":""lab-woocommerce"",""cpu"":""0.01%"",""mem"":""204.2MiB / 122.8GiB""},{""name"":""lab-redis"",""cpu"":""0.86%"",""mem"":""76.04MiB / 122.8GiB""},{""name"":""lab-postgres"",""cpu"":""9.38%"",""mem"":""243.4MiB / 122.8GiB""},{""name"":""lab-mysql"",""cpu"":""0.86%"",""mem"":""713.3MiB / 122.8GiB""},{""name"":""lab-woocommerce-mysql"",""cpu"":""0.98%"",""mem"":""485.5MiB / 122.8GiB""},{""name"":""lab-allegro-stub"",""cpu"":""4.03%"",""mem"":""30.21MiB / 122.8GiB""}]"
2026-09-09T08:58:19Z,4,137,8,863,19,2666788531,"[{""name"":""lab-worker-1"",""cpu"":""2.39%"",""mem"":""128.7MiB / 122.8GiB""},{""name"":""lab-api"",""cpu"":""0.00%"",""mem"":""129.3MiB / 122.8GiB""},{""name"":""lab-wc-tls"",""cpu"":""0.00%"",""mem"":""30.18MiB / 122.8GiB""},{""name"":""lab-prestashop"",""cpu"":""0.00%"",""mem"":""109MiB / 122.8GiB""},{""name"":""lab-woocommerce"",""cpu"":""0.01%"",""mem"":""204.2MiB / 122.8GiB""},{""name"":""lab-redis"",""cpu"":""0.52%"",""mem"":""76.04MiB / 122.8GiB""},{""name"":""lab-postgres"",""cpu"":""29.82%"",""mem"":""247.2MiB / 122.8GiB""},{""name"":""lab-mysql"",""cpu"":""0.74%"",""mem"":""713.3MiB / 122.8GiB""},{""name"":""lab-woocommerce-mysql"",""cpu"":""0.85%"",""mem"":""485.5MiB / 122.8GiB""},{""name"":""lab-allegro-stub"",""cpu"":""0.00%"",""mem"":""30.2MiB / 122.8GiB""}]"
2026-09-09T08:58:23Z,3,134,8,866,19,2666788531,"[{""name"":""lab-worker-1"",""cpu"":""2.73%"",""mem"":""128.9MiB / 122.8GiB""},{""name"":""lab-api"",""cpu"":""0.00%"",""mem"":""129.3MiB / 122.8GiB""},{""name"":""lab-wc-tls"",""cpu"":""0.00%"",""mem"":""30.18MiB / 122.8GiB""},{""name"":""lab-prestashop"",""cpu"":""0.01%"",""mem"":""109MiB / 122.8GiB""},{""name"":""lab-woocommerce"",""cpu"":""0.01%"",""mem"":""204.2MiB / 122.8GiB""},{""name"":""lab-redis"",""cpu"":""0.43%"",""mem"":""76.03MiB / 122.8GiB""},{""name"":""lab-postgres"",""cpu"":""26.88%"",""mem"":""243.5MiB / 122.8GiB""},{""name"":""lab-mysql"",""cpu"":""0.99%"",""mem"":""713.3MiB / 122.8GiB""},{""name"":""lab-woocommerce-mysql"",""cpu"":""0.84%"",""mem"":""485.5MiB / 122.8GiB""},{""name"":""lab-allegro-stub"",""cpu"":""0.00%"",""mem"":""30.2MiB / 122.8GiB""}]"
2026-09-09T08:58:27Z,4,132,8,868,19,2666788531,"[{""name"":""lab-worker-1"",""cpu"":""2.86%"",""mem"":""129.2MiB / 122.8GiB""},{""name"":""lab-api"",""cpu"":""0.00%"",""mem"":""129.3MiB / 122.8GiB""},{""name"":""lab-wc-tls"",""cpu"":""0.00%"",""mem"":""30.18MiB / 122.8GiB""},{""name"":""lab-prestashop"",""cpu"":""0.01%"",""mem"":""109MiB / 122.8GiB""},{""name"":""lab-woocommerce"",""cpu"":""0.00%"",""mem"":""204.2MiB / 122.8GiB""},{""name"":""lab-redis"",""cpu"":""0.59%"",""mem"":""76.03MiB / 122.8GiB""},{""name"":""lab-postgres"",""cpu"":""8.09%"",""mem"":""243.5MiB / 122.8GiB""},{""name"":""lab-mysql"",""cpu"":""1.00%"",""mem"":""713.3MiB / 122.8GiB""},{""name"":""lab-woocommerce-mysql"",""cpu"":""1.01%"",""mem"":""485.6MiB / 122.8GiB""},{""name"":""lab-allegro-stub"",""cpu"":""0.00%"",""mem"":""30.2MiB / 122.8GiB""}]"
2026-09-09T08:58:30Z,4,133,7,869,18,2666788531,"[{""name"":""lab-worker-1"",""cpu"":""2.80%"",""mem"":""128.9MiB / 122.8GiB""},{""name"":""lab-api"",""cpu"":""0.00%"",""mem"":""129.3MiB / 122.8GiB""},{""name"":""lab-wc-tls"",""cpu"":""0.00%"",""mem"":""30.18MiB / 122.8GiB""},{""name"":""lab-prestashop"",""cpu"":""0.00%"",""mem"":""109MiB / 122.8GiB""},{""name"":""lab-woocommerce"",""cpu"":""0.00%"",""mem"":""204.2MiB / 122.8GiB""},{""name"":""lab-redis"",""cpu"":""0.51%"",""mem"":""76.03MiB / 122.8GiB""},{""name"":""lab-postgres"",""cpu"":""45.05%"",""mem"":""243.6MiB / 122.8GiB""},{""name"":""lab-mysql"",""cpu"":""5.34%"",""mem"":""713.3MiB / 122.8GiB""},{""name"":""lab-woocommerce-mysql"",""cpu"":""0.73%"",""mem"":""485.6MiB / 122.8GiB""},{""name"":""lab-allegro-stub"",""cpu"":""4.39%"",""mem"":""30.46MiB / 122.8GiB""}]"
2026-09-09T08:58:34Z,3,130,7,872,19,2666788531,"[{""name"":""lab-worker-1"",""cpu"":""2.40%"",""mem"":""128.7MiB / 122.8GiB""},{""name"":""lab-api"",""cpu"":""0.00%"",""mem"":""129.3MiB / 122.8GiB""},{""name"":""lab-wc-tls"",""cpu"":""0.00%"",""mem"":""30.18MiB / 122.8GiB""},{""name"":""lab-prestashop"",""cpu"":""0.00%"",""mem"":""109MiB / 122.8GiB""},{""name"":""lab-woocommerce"",""cpu"":""0.01%"",""mem"":""204.2MiB / 122.8GiB""},{""name"":""lab-redis"",""cpu"":""0.42%"",""mem"":""76.03MiB / 122.8GiB""},{""name"":""lab-postgres"",""cpu"":""18.98%"",""mem"":""241MiB / 122.8GiB""},{""name"":""lab-mysql"",""cpu"":""0.81%"",""mem"":""713.3MiB / 122.8GiB""},{""name"":""lab-woocommerce-mysql"",""cpu"":""5.41%"",""mem"":""485.5MiB / 122.8GiB""},{""name"":""lab-allegro-stub"",""cpu"":""0.00%"",""mem"":""30.2MiB / 122.8GiB""}]"
2026-09-09T08:58:38Z,4,127,8,872,20,2666788531,"[{""name"":""lab-worker-1"",""cpu"":""4.07%"",""mem"":""128.7MiB / 122.8GiB""},{""name"":""lab-api"",""cpu"":""0.02%"",""mem"":""129.3MiB / 122.8GiB""},{""name"":""lab-wc-tls"",""cpu"":""0.00%"",""mem"":""30.18MiB / 122.8GiB""},{""name"":""lab-prestashop"",""cpu"":""0.01%"",""mem"":""109MiB / 122.8GiB""},{""name"":""lab-woocommerce"",""cpu"":""0.01%"",""mem"":""204.2MiB / 122.8GiB""},{""name"":""lab-redis"",""cpu"":""0.62%"",""mem"":""76.03MiB / 122.8GiB""},{""name"":""lab-postgres"",""cpu"":""26.81%"",""mem"":""243.3MiB / 122.8GiB""},{""name"":""lab-mysql"",""cpu"":""0.68%"",""mem"":""713.3MiB / 122.8GiB""},{""name"":""lab-woocommerce-mysql"",""cpu"":""0.81%"",""mem"":""485.5MiB / 122.8GiB""},{""name"":""lab-allegro-stub"",""cpu"":""0.00%"",""mem"":""30.2MiB / 122.8GiB""}]"
2026-09-09T08:58:42Z,4,124,8,875,20,2666788531,"[{""name"":""lab-worker-1"",""cpu"":""3.03%"",""mem"":""129.4MiB / 122.8GiB""},{""name"":""lab-api"",""cpu"":""0.00%"",""mem"":""129.3MiB / 122.8GiB""},{""name"":""lab-wc-tls"",""cpu"":""0.00%"",""mem"":""30.18MiB / 122.8GiB""},{""name"":""lab-prestashop"",""cpu"":""0.01%"",""mem"":""109MiB / 122.8GiB""},{""name"":""lab-woocommerce"",""cpu"":""0.00%"",""mem"":""204.2MiB / 122.8GiB""},{""name"":""lab-redis"",""cpu"":""0.51%"",""mem"":""76.29MiB / 122.8GiB""},{""name"":""lab-postgres"",""cpu"":""43.30%"",""mem"":""241.2MiB / 122.8GiB""},{""name"":""lab-mysql"",""cpu"":""0.79%"",""mem"":""713.3MiB / 122.8GiB""},{""name"":""lab-woocommerce-mysql"",""cpu"":""0.83%"",""mem"":""485.5MiB / 122.8GiB""},{""name"":""lab-allegro-stub"",""cpu"":""0.01%"",""mem"":""30.2MiB / 122.8GiB""}]"
2026-09-09T08:58:45Z,4,123,7,875,22,2666788531,"[{""name"":""lab-worker-1"",""cpu"":""3.30%"",""mem"":""128.9MiB / 122.8GiB""},{""name"":""lab-api"",""cpu"":""0.00%"",""mem"":""129.3MiB / 122.8GiB""},{""name"":""lab-wc-tls"",""cpu"":""0.00%"",""mem"":""30.18MiB / 122.8GiB""},{""name"":""lab-prestashop"",""cpu"":""0.01%"",""mem"":""109MiB / 122.8GiB""},{""name"":""lab-woocommerce"",""cpu"":""0.01%"",""mem"":""204.2MiB / 122.8GiB""},{""name"":""lab-redis"",""cpu"":""0.48%"",""mem"":""76.03MiB / 122.8GiB""},{""name"":""lab-postgres"",""cpu"":""8.23%"",""mem"":""241.3MiB / 122.8GiB""},{""name"":""lab-mysql"",""cpu"":""1.03%"",""mem"":""713.3MiB / 122.8GiB""},{""name"":""lab-woocommerce-mysql"",""cpu"":""1.09%"",""mem"":""485.6MiB / 122.8GiB""},{""name"":""lab-allegro-stub"",""cpu"":""4.03%"",""mem"":""30.25MiB / 122.8GiB""}]"
2026-09-09T08:58:49Z,3,119,8,879,21,2666788531,"[{""name"":""lab-worker-1"",""cpu"":""3.03%"",""mem"":""128.7MiB / 122.8GiB""},{""name"":""lab-api"",""cpu"":""0.00%"",""mem"":""129.3MiB / 122.8GiB""},{""name"":""lab-wc-tls"",""cpu"":""0.00%"",""mem"":""30.18MiB / 122.8GiB""},{""name"":""lab-prestashop"",""cpu"":""0.01%"",""mem"":""109MiB / 122.8GiB""},{""name"":""lab-woocommerce"",""cpu"":""0.00%"",""mem"":""204.2MiB / 122.8GiB""},{""name"":""lab-redis"",""cpu"":""4.80%"",""mem"":""76.28MiB / 122.8GiB""},{""name"":""lab-postgres"",""cpu"":""32.93%"",""mem"":""238.8MiB / 122.8GiB""},{""name"":""lab-mysql"",""cpu"":""0.78%"",""mem"":""713.3MiB / 122.8GiB""},{""name"":""lab-woocommerce-mysql"",""cpu"":""0.88%"",""mem"":""485.5MiB / 122.8GiB""},{""name"":""lab-allegro-stub"",""cpu"":""0.00%"",""mem"":""30.2MiB / 122.8GiB""}]"
2026-09-09T08:58:53Z,4,118,8,880,21,2666788531,"[{""name"":""lab-worker-1"",""cpu"":""6.22%"",""mem"":""129.1MiB / 122.8GiB""},{""name"":""lab-api"",""cpu"":""0.00%"",""mem"":""129.3MiB / 122.8GiB""},{""name"":""lab-wc-tls"",""cpu"":""0.00%"",""mem"":""30.18MiB / 122.8GiB""},{""name"":""lab-prestashop"",""cpu"":""0.01%"",""mem"":""109MiB / 122.8GiB""},{""name"":""lab-woocommerce"",""cpu"":""0.00%"",""mem"":""204.2MiB / 122.8GiB""},{""name"":""lab-redis"",""cpu"":""0.72%"",""mem"":""76.28MiB / 122.8GiB""},{""name"":""lab-postgres"",""cpu"":""22.61%"",""mem"":""241MiB / 122.8GiB""},{""name"":""lab-mysql"",""cpu"":""0.88%"",""mem"":""713.3MiB / 122.8GiB""},{""name"":""lab-woocommerce-mysql"",""cpu"":""0.83%"",""mem"":""485.5MiB / 122.8GiB""},{""name"":""lab-allegro-stub"",""cpu"":""0.00%"",""mem"":""30.2MiB / 122.8GiB""}]"
2026-09-09T08:58:56Z,4,116,8,883,21,2666796723,"[{""name"":""lab-worker-1"",""cpu"":""4.10%"",""mem"":""128.8MiB / 122.8GiB""},{""name"":""lab-api"",""cpu"":""0.00%"",""mem"":""129.3MiB / 122.8GiB""},{""name"":""lab-wc-tls"",""cpu"":""0.00%"",""mem"":""30.18MiB / 122.8GiB""},{""name"":""lab-prestashop"",""cpu"":""0.00%"",""mem"":""109MiB / 122.8GiB""},{""name"":""lab-woocommerce"",""cpu"":""0.01%"",""mem"":""204.2MiB / 122.8GiB""},{""name"":""lab-redis"",""cpu"":""0.75%"",""mem"":""76.03MiB / 122.8GiB""},{""name"":""lab-postgres"",""cpu"":""27.81%"",""mem"":""248.5MiB / 122.8GiB""},{""name"":""lab-mysql"",""cpu"":""0.90%"",""mem"":""713.3MiB / 122.8GiB""},{""name"":""lab-woocommerce-mysql"",""cpu"":""0.94%"",""mem"":""485.5MiB / 122.8GiB""},{""name"":""lab-allegro-stub"",""cpu"":""0.02%"",""mem"":""30.21MiB / 122.8GiB""}]"
2026-09-09T08:59:00Z,3,112,7,885,23,2666804915,"[{""name"":""lab-worker-1"",""cpu"":""7.59%"",""mem"":""129.7MiB / 122.8GiB""},{""name"":""lab-api"",""cpu"":""0.00%"",""mem"":""129.3MiB / 122.8GiB""},{""name"":""lab-wc-tls"",""cpu"":""0.00%"",""mem"":""30.18MiB / 122.8GiB""},{""name"":""lab-prestashop"",""cpu"":""0.00%"",""mem"":""109MiB / 122.8GiB""},{""name"":""lab-woocommerce"",""cpu"":""0.00%"",""mem"":""204.2MiB / 122.8GiB""},{""name"":""lab-redis"",""cpu"":""0.72%"",""mem"":""76.04MiB / 122.8GiB""},{""name"":""lab-postgres"",""cpu"":""30.90%"",""mem"":""241.1MiB / 122.8GiB""},{""name"":""lab-mysql"",""cpu"":""5.44%"",""mem"":""713.3MiB / 122.8GiB""},{""name"":""lab-woocommerce-mysql"",""cpu"":""0.84%"",""mem"":""485.5MiB / 122.8GiB""},{""name"":""lab-allegro-stub"",""cpu"":""0.00%"",""mem"":""30.2MiB / 122.8GiB""}]"
