ts,dt,queued,running,dead,deferred,pg_database_size_bytes,docker_stats_json
2026-09-10T08:05:41Z,0,5,1,0,0,2666387123,"[{""name"":""lab-worker-1"",""cpu"":""0.35%"",""mem"":""104.8MiB / 122.8GiB""},{""name"":""lab-allegro-stub"",""cpu"":""0.00%"",""mem"":""15.86MiB / 122.8GiB""},{""name"":""lab-erli-stub"",""cpu"":""0.00%"",""mem"":""15.63MiB / 122.8GiB""},{""name"":""lab-eparagony-stub"",""cpu"":""0.00%"",""mem"":""15.68MiB / 122.8GiB""},{""name"":""lab-invoicing-stub"",""cpu"":""0.00%"",""mem"":""15.7MiB / 122.8GiB""},{""name"":""lab-shipping-stub"",""cpu"":""0.00%"",""mem"":""15.8MiB / 122.8GiB""},{""name"":""lab-api"",""cpu"":""0.00%"",""mem"":""148.6MiB / 122.8GiB""},{""name"":""lab-eparagony-stub-tls"",""cpu"":""0.00%"",""mem"":""23.64MiB / 122.8GiB""},{""name"":""lab-erli-stub-tls"",""cpu"":""0.00%"",""mem"":""22.95MiB / 122.8GiB""},{""name"":""lab-wc-tls"",""cpu"":""0.00%"",""mem"":""23.06MiB / 122.8GiB""},{""name"":""lab-prestashop"",""cpu"":""0.01%"",""mem"":""117.2MiB / 122.8GiB""},{""name"":""lab-woocommerce"",""cpu"":""0.01%"",""mem"":""216.4MiB / 122.8GiB""},{""name"":""lab-redis"",""cpu"":""0.30%"",""mem"":""77.55MiB / 122.8GiB""},{""name"":""lab-postgres"",""cpu"":""0.28%"",""mem"":""235.9MiB / 122.8GiB""},{""name"":""lab-mysql"",""cpu"":""0.94%"",""mem"":""715MiB / 122.8GiB""},{""name"":""lab-woocommerce-mysql"",""cpu"":""1.06%"",""mem"":""494MiB / 122.8GiB""}]"
2026-09-10T08:05:45Z,4,5,1,0,0,2666387123,"[{""name"":""lab-worker-1"",""cpu"":""0.34%"",""mem"":""104.8MiB / 122.8GiB""},{""name"":""lab-allegro-stub"",""cpu"":""0.00%"",""mem"":""15.85MiB / 122.8GiB""},{""name"":""lab-erli-stub"",""cpu"":""0.01%"",""mem"":""15.63MiB / 122.8GiB""},{""name"":""lab-eparagony-stub"",""cpu"":""0.00%"",""mem"":""15.69MiB / 122.8GiB""},{""name"":""lab-invoicing-stub"",""cpu"":""0.00%"",""mem"":""15.7MiB / 122.8GiB""},{""name"":""lab-shipping-stub"",""cpu"":""0.00%"",""mem"":""15.8MiB / 122.8GiB""},{""name"":""lab-api"",""cpu"":""0.00%"",""mem"":""148.6MiB / 122.8GiB""},{""name"":""lab-eparagony-stub-tls"",""cpu"":""0.00%"",""mem"":""23.64MiB / 122.8GiB""},{""name"":""lab-erli-stub-tls"",""cpu"":""0.00%"",""mem"":""22.95MiB / 122.8GiB""},{""name"":""lab-wc-tls"",""cpu"":""0.00%"",""mem"":""23.06MiB / 122.8GiB""},{""name"":""lab-prestashop"",""cpu"":""0.00%"",""mem"":""117.2MiB / 122.8GiB""},{""name"":""lab-woocommerce"",""cpu"":""7.59%"",""mem"":""218.6MiB / 122.8GiB""},{""name"":""lab-redis"",""cpu"":""0.35%"",""mem"":""77.55MiB / 122.8GiB""},{""name"":""lab-postgres"",""cpu"":""6.22%"",""mem"":""235.9MiB / 122.8GiB""},{""name"":""lab-mysql"",""cpu"":""0.89%"",""mem"":""715MiB / 122.8GiB""},{""name"":""lab-woocommerce-mysql"",""cpu"":""4.25%"",""mem"":""494MiB / 122.8GiB""}]"
2026-09-10T08:05:49Z,4,5,1,0,0,2666387123,"[{""name"":""lab-worker-1"",""cpu"":""0.36%"",""mem"":""104.9MiB / 122.8GiB""},{""name"":""lab-allegro-stub"",""cpu"":""4.10%"",""mem"":""15.95MiB / 122.8GiB""},{""name"":""lab-erli-stub"",""cpu"":""2.41%"",""mem"":""23.15MiB / 122.8GiB""},{""name"":""lab-eparagony-stub"",""cpu"":""4.47%"",""mem"":""15.72MiB / 122.8GiB""},{""name"":""lab-invoicing-stub"",""cpu"":""4.55%"",""mem"":""15.72MiB / 122.8GiB""},{""name"":""lab-shipping-stub"",""cpu"":""0.01%"",""mem"":""15.81MiB / 122.8GiB""},{""name"":""lab-api"",""cpu"":""0.00%"",""mem"":""148.6MiB / 122.8GiB""},{""name"":""lab-eparagony-stub-tls"",""cpu"":""0.00%"",""mem"":""23.64MiB / 122.8GiB""},{""name"":""lab-erli-stub-tls"",""cpu"":""0.00%"",""mem"":""22.95MiB / 122.8GiB""},{""name"":""lab-wc-tls"",""cpu"":""0.00%"",""mem"":""23.06MiB / 122.8GiB""},{""name"":""lab-prestashop"",""cpu"":""0.01%"",""mem"":""117.2MiB / 122.8GiB""},{""name"":""lab-woocommerce"",""cpu"":""0.00%"",""mem"":""218.4MiB / 122.8GiB""},{""name"":""lab-redis"",""cpu"":""0.27%"",""mem"":""77.55MiB / 122.8GiB""},{""name"":""lab-postgres"",""cpu"":""0.29%"",""mem"":""236MiB / 122.8GiB""},{""name"":""lab-mysql"",""cpu"":""0.84%"",""mem"":""715MiB / 122.8GiB""},{""name"":""lab-woocommerce-mysql"",""cpu"":""0.97%"",""mem"":""494MiB / 122.8GiB""}]"
2026-09-10T08:05:52Z,4,5,1,0,0,2666387123,"[{""name"":""lab-worker-1"",""cpu"":""0.53%"",""mem"":""105.1MiB / 122.8GiB""},{""name"":""lab-allegro-stub"",""cpu"":""0.00%"",""mem"":""15.85MiB / 122.8GiB""},{""name"":""lab-erli-stub"",""cpu"":""0.00%"",""mem"":""15.63MiB / 122.8GiB""},{""name"":""lab-eparagony-stub"",""cpu"":""0.00%"",""mem"":""15.68MiB / 122.8GiB""},{""name"":""lab-invoicing-stub"",""cpu"":""0.00%"",""mem"":""15.72MiB / 122.8GiB""},{""name"":""lab-shipping-stub"",""cpu"":""0.00%"",""mem"":""15.8MiB / 122.8GiB""},{""name"":""lab-api"",""cpu"":""0.00%"",""mem"":""148.6MiB / 122.8GiB""},{""name"":""lab-eparagony-stub-tls"",""cpu"":""0.00%"",""mem"":""23.64MiB / 122.8GiB""},{""name"":""lab-erli-stub-tls"",""cpu"":""0.00%"",""mem"":""22.95MiB / 122.8GiB""},{""name"":""lab-wc-tls"",""cpu"":""0.00%"",""mem"":""23.06MiB / 122.8GiB""},{""name"":""lab-prestashop"",""cpu"":""0.01%"",""mem"":""117.2MiB / 122.8GiB""},{""name"":""lab-woocommerce"",""cpu"":""0.01%"",""mem"":""218.4MiB / 122.8GiB""},{""name"":""lab-redis"",""cpu"":""0.34%"",""mem"":""77.8MiB / 122.8GiB""},{""name"":""lab-postgres"",""cpu"":""0.29%"",""mem"":""235.9MiB / 122.8GiB""},{""name"":""lab-mysql"",""cpu"":""0.99%"",""mem"":""715MiB / 122.8GiB""},{""name"":""lab-woocommerce-mysql"",""cpu"":""5.44%"",""mem"":""494.1MiB / 122.8GiB""}]"
2026-09-10T08:05:56Z,3,5,1,0,0,2666387123,"[{""name"":""lab-worker-1"",""cpu"":""0.37%"",""mem"":""105.1MiB / 122.8GiB""},{""name"":""lab-allegro-stub"",""cpu"":""0.00%"",""mem"":""15.85MiB / 122.8GiB""},{""name"":""lab-erli-stub"",""cpu"":""0.01%"",""mem"":""15.63MiB / 122.8GiB""},{""name"":""lab-eparagony-stub"",""cpu"":""0.02%"",""mem"":""15.68MiB / 122.8GiB""},{""name"":""lab-invoicing-stub"",""cpu"":""0.00%"",""mem"":""15.72MiB / 122.8GiB""},{""name"":""lab-shipping-stub"",""cpu"":""0.00%"",""mem"":""15.8MiB / 122.8GiB""},{""name"":""lab-api"",""cpu"":""0.00%"",""mem"":""148.6MiB / 122.8GiB""},{""name"":""lab-eparagony-stub-tls"",""cpu"":""0.00%"",""mem"":""23.64MiB / 122.8GiB""},{""name"":""lab-erli-stub-tls"",""cpu"":""0.00%"",""mem"":""22.95MiB / 122.8GiB""},{""name"":""lab-wc-tls"",""cpu"":""0.00%"",""mem"":""23.06MiB / 122.8GiB""},{""name"":""lab-prestashop"",""cpu"":""0.01%"",""mem"":""117.2MiB / 122.8GiB""},{""name"":""lab-woocommerce"",""cpu"":""0.01%"",""mem"":""218.4MiB / 122.8GiB""},{""name"":""lab-redis"",""cpu"":""0.29%"",""mem"":""77.55MiB / 122.8GiB""},{""name"":""lab-postgres"",""cpu"":""0.26%"",""mem"":""235.9MiB / 122.8GiB""},{""name"":""lab-mysql"",""cpu"":""1.04%"",""mem"":""715MiB / 122.8GiB""},{""name"":""lab-woocommerce-mysql"",""cpu"":""0.87%"",""mem"":""494MiB / 122.8GiB""}]"
2026-09-10T08:06:00Z,4,5,1,0,0,2666387123,"[{""name"":""lab-worker-1"",""cpu"":""0.32%"",""mem"":""105.1MiB / 122.8GiB""},{""name"":""lab-allegro-stub"",""cpu"":""0.00%"",""mem"":""15.85MiB / 122.8GiB""},{""name"":""lab-erli-stub"",""cpu"":""0.01%"",""mem"":""15.63MiB / 122.8GiB""},{""name"":""lab-eparagony-stub"",""cpu"":""0.01%"",""mem"":""15.68MiB / 122.8GiB""},{""name"":""lab-invoicing-stub"",""cpu"":""0.00%"",""mem"":""15.72MiB / 122.8GiB""},{""name"":""lab-shipping-stub"",""cpu"":""0.00%"",""mem"":""15.8MiB / 122.8GiB""},{""name"":""lab-api"",""cpu"":""0.00%"",""mem"":""148.6MiB / 122.8GiB""},{""name"":""lab-eparagony-stub-tls"",""cpu"":""0.00%"",""mem"":""23.64MiB / 122.8GiB""},{""name"":""lab-erli-stub-tls"",""cpu"":""0.00%"",""mem"":""22.95MiB / 122.8GiB""},{""name"":""lab-wc-tls"",""cpu"":""0.00%"",""mem"":""23.06MiB / 122.8GiB""},{""name"":""lab-prestashop"",""cpu"":""0.00%"",""mem"":""117.2MiB / 122.8GiB""},{""name"":""lab-woocommerce"",""cpu"":""0.00%"",""mem"":""218.4MiB / 122.8GiB""},{""name"":""lab-redis"",""cpu"":""0.28%"",""mem"":""77.55MiB / 122.8GiB""},{""name"":""lab-postgres"",""cpu"":""12.20%"",""mem"":""236MiB / 122.8GiB""},{""name"":""lab-mysql"",""cpu"":""0.91%"",""mem"":""715MiB / 122.8GiB""},{""name"":""lab-woocommerce-mysql"",""cpu"":""0.92%"",""mem"":""494MiB / 122.8GiB""}]"
2026-09-10T08:06:04Z,4,5,1,0,0,2666387123,"[{""name"":""lab-worker-1"",""cpu"":""0.31%"",""mem"":""105.2MiB / 122.8GiB""},{""name"":""lab-allegro-stub"",""cpu"":""0.00%"",""mem"":""15.85MiB / 122.8GiB""},{""name"":""lab-erli-stub"",""cpu"":""0.00%"",""mem"":""15.63MiB / 122.8GiB""},{""name"":""lab-eparagony-stub"",""cpu"":""4.34%"",""mem"":""15.77MiB / 122.8GiB""},{""name"":""lab-invoicing-stub"",""cpu"":""4.11%"",""mem"":""15.82MiB / 122.8GiB""},{""name"":""lab-shipping-stub"",""cpu"":""4.16%"",""mem"":""15.82MiB / 122.8GiB""},{""name"":""lab-api"",""cpu"":""0.00%"",""mem"":""148.6MiB / 122.8GiB""},{""name"":""lab-eparagony-stub-tls"",""cpu"":""0.00%"",""mem"":""23.64MiB / 122.8GiB""},{""name"":""lab-erli-stub-tls"",""cpu"":""0.00%"",""mem"":""22.95MiB / 122.8GiB""},{""name"":""lab-wc-tls"",""cpu"":""0.00%"",""mem"":""23.06MiB / 122.8GiB""},{""name"":""lab-prestashop"",""cpu"":""0.01%"",""mem"":""117.2MiB / 122.8GiB""},{""name"":""lab-woocommerce"",""cpu"":""0.01%"",""mem"":""218.4MiB / 122.8GiB""},{""name"":""lab-redis"",""cpu"":""4.36%"",""mem"":""77.56MiB / 122.8GiB""},{""name"":""lab-postgres"",""cpu"":""5.18%"",""mem"":""235.9MiB / 122.8GiB""},{""name"":""lab-mysql"",""cpu"":""0.87%"",""mem"":""715MiB / 122.8GiB""},{""name"":""lab-woocommerce-mysql"",""cpu"":""0.78%"",""mem"":""494MiB / 122.8GiB""}]"
2026-09-10T08:06:07Z,4,5,1,0,0,2666387123,"[{""name"":""lab-worker-1"",""cpu"":""0.91%"",""mem"":""105.2MiB / 122.8GiB""},{""name"":""lab-allegro-stub"",""cpu"":""0.00%"",""mem"":""15.85MiB / 122.8GiB""},{""name"":""lab-erli-stub"",""cpu"":""0.00%"",""mem"":""15.63MiB / 122.8GiB""},{""name"":""lab-eparagony-stub"",""cpu"":""0.00%"",""mem"":""15.68MiB / 122.8GiB""},{""name"":""lab-invoicing-stub"",""cpu"":""0.07%"",""mem"":""15.72MiB / 122.8GiB""},{""name"":""lab-shipping-stub"",""cpu"":""0.00%"",""mem"":""15.8MiB / 122.8GiB""},{""name"":""lab-api"",""cpu"":""0.00%"",""mem"":""148.6MiB / 122.8GiB""},{""name"":""lab-eparagony-stub-tls"",""cpu"":""0.00%"",""mem"":""23.64MiB / 122.8GiB""},{""name"":""lab-erli-stub-tls"",""cpu"":""0.00%"",""mem"":""22.95MiB / 122.8GiB""},{""name"":""lab-wc-tls"",""cpu"":""0.00%"",""mem"":""23.06MiB / 122.8GiB""},{""name"":""lab-prestashop"",""cpu"":""0.01%"",""mem"":""117.2MiB / 122.8GiB""},{""name"":""lab-woocommerce"",""cpu"":""0.01%"",""mem"":""218.4MiB / 122.8GiB""},{""name"":""lab-redis"",""cpu"":""0.34%"",""mem"":""77.55MiB / 122.8GiB""},{""name"":""lab-postgres"",""cpu"":""0.66%"",""mem"":""236MiB / 122.8GiB""},{""name"":""lab-mysql"",""cpu"":""0.89%"",""mem"":""715MiB / 122.8GiB""},{""name"":""lab-woocommerce-mysql"",""cpu"":""0.99%"",""mem"":""494MiB / 122.8GiB""}]"
2026-09-10T08:06:11Z,3,4,1,0,0,2666387123,"[{""name"":""lab-worker-1"",""cpu"":""0.35%"",""mem"":""105.3MiB / 122.8GiB""},{""name"":""lab-allegro-stub"",""cpu"":""0.00%"",""mem"":""15.85MiB / 122.8GiB""},{""name"":""lab-erli-stub"",""cpu"":""0.00%"",""mem"":""15.63MiB / 122.8GiB""},{""name"":""lab-eparagony-stub"",""cpu"":""0.00%"",""mem"":""15.68MiB / 122.8GiB""},{""name"":""lab-invoicing-stub"",""cpu"":""0.00%"",""mem"":""15.72MiB / 122.8GiB""},{""name"":""lab-shipping-stub"",""cpu"":""0.00%"",""mem"":""15.8MiB / 122.8GiB""},{""name"":""lab-api"",""cpu"":""0.00%"",""mem"":""148.6MiB / 122.8GiB""},{""name"":""lab-eparagony-stub-tls"",""cpu"":""0.00%"",""mem"":""23.64MiB / 122.8GiB""},{""name"":""lab-erli-stub-tls"",""cpu"":""0.00%"",""mem"":""22.95MiB / 122.8GiB""},{""name"":""lab-wc-tls"",""cpu"":""0.00%"",""mem"":""23.06MiB / 122.8GiB""},{""name"":""lab-prestashop"",""cpu"":""0.01%"",""mem"":""117.2MiB / 122.8GiB""},{""name"":""lab-woocommerce"",""cpu"":""0.01%"",""mem"":""218.4MiB / 122.8GiB""},{""name"":""lab-redis"",""cpu"":""0.28%"",""mem"":""77.55MiB / 122.8GiB""},{""name"":""lab-postgres"",""cpu"":""0.31%"",""mem"":""238.3MiB / 122.8GiB""},{""name"":""lab-mysql"",""cpu"":""0.90%"",""mem"":""715MiB / 122.8GiB""},{""name"":""lab-woocommerce-mysql"",""cpu"":""0.91%"",""mem"":""494MiB / 122.8GiB""}]"
2026-09-10T08:06:15Z,4,4,1,0,0,2666387123,"[{""name"":""lab-worker-1"",""cpu"":""0.36%"",""mem"":""105.1MiB / 122.8GiB""},{""name"":""lab-allegro-stub"",""cpu"":""4.32%"",""mem"":""15.89MiB / 122.8GiB""},{""name"":""lab-erli-stub"",""cpu"":""4.13%"",""mem"":""15.68MiB / 122.8GiB""},{""name"":""lab-eparagony-stub"",""cpu"":""0.01%"",""mem"":""15.7MiB / 122.8GiB""},{""name"":""lab-invoicing-stub"",""cpu"":""0.00%"",""mem"":""15.73MiB / 122.8GiB""},{""name"":""lab-shipping-stub"",""cpu"":""0.00%"",""mem"":""15.8MiB / 122.8GiB""},{""name"":""lab-api"",""cpu"":""0.00%"",""mem"":""148.6MiB / 122.8GiB""},{""name"":""lab-eparagony-stub-tls"",""cpu"":""0.00%"",""mem"":""23.64MiB / 122.8GiB""},{""name"":""lab-erli-stub-tls"",""cpu"":""0.00%"",""mem"":""22.95MiB / 122.8GiB""},{""name"":""lab-wc-tls"",""cpu"":""0.00%"",""mem"":""23.06MiB / 122.8GiB""},{""name"":""lab-prestashop"",""cpu"":""0.01%"",""mem"":""117.2MiB / 122.8GiB""},{""name"":""lab-woocommerce"",""cpu"":""12.18%"",""mem"":""220.4MiB / 122.8GiB""},{""name"":""lab-redis"",""cpu"":""0.23%"",""mem"":""77.55MiB / 122.8GiB""},{""name"":""lab-postgres"",""cpu"":""0.31%"",""mem"":""238.4MiB / 122.8GiB""},{""name"":""lab-mysql"",""cpu"":""0.93%"",""mem"":""715MiB / 122.8GiB""},{""name"":""lab-woocommerce-mysql"",""cpu"":""2.12%"",""mem"":""494MiB / 122.8GiB""}]"
2026-09-10T08:06:19Z,4,4,1,0,0,2666387123,"[{""name"":""lab-worker-1"",""cpu"":""0.45%"",""mem"":""105.1MiB / 122.8GiB""},{""name"":""lab-allegro-stub"",""cpu"":""4.33%"",""mem"":""15.98MiB / 122.8GiB""},{""name"":""lab-erli-stub"",""cpu"":""0.00%"",""mem"":""15.63MiB / 122.8GiB""},{""name"":""lab-eparagony-stub"",""cpu"":""0.00%"",""mem"":""15.68MiB / 122.8GiB""},{""name"":""lab-invoicing-stub"",""cpu"":""4.23%"",""mem"":""15.75MiB / 122.8GiB""},{""name"":""lab-shipping-stub"",""cpu"":""4.01%"",""mem"":""15.84MiB / 122.8GiB""},{""name"":""lab-api"",""cpu"":""0.00%"",""mem"":""148.6MiB / 122.8GiB""},{""name"":""lab-eparagony-stub-tls"",""cpu"":""0.00%"",""mem"":""23.64MiB / 122.8GiB""},{""name"":""lab-erli-stub-tls"",""cpu"":""0.00%"",""mem"":""22.95MiB / 122.8GiB""},{""name"":""lab-wc-tls"",""cpu"":""0.00%"",""mem"":""23.06MiB / 122.8GiB""},{""name"":""lab-prestashop"",""cpu"":""0.01%"",""mem"":""117.2MiB / 122.8GiB""},{""name"":""lab-woocommerce"",""cpu"":""0.01%"",""mem"":""220.4MiB / 122.8GiB""},{""name"":""lab-redis"",""cpu"":""0.28%"",""mem"":""77.8MiB / 122.8GiB""},{""name"":""lab-postgres"",""cpu"":""0.80%"",""mem"":""235.9MiB / 122.8GiB""},{""name"":""lab-mysql"",""cpu"":""5.22%"",""mem"":""715MiB / 122.8GiB""},{""name"":""lab-woocommerce-mysql"",""cpu"":""1.10%"",""mem"":""494MiB / 122.8GiB""}]"
2026-09-10T08:06:22Z,4,4,1,0,0,2666387123,"[{""name"":""lab-worker-1"",""cpu"":""0.44%"",""mem"":""105.3MiB / 122.8GiB""},{""name"":""lab-allegro-stub"",""cpu"":""0.00%"",""mem"":""15.85MiB / 122.8GiB""},{""name"":""lab-erli-stub"",""cpu"":""0.00%"",""mem"":""15.63MiB / 122.8GiB""},{""name"":""lab-eparagony-stub"",""cpu"":""0.00%"",""mem"":""15.68MiB / 122.8GiB""},{""name"":""lab-invoicing-stub"",""cpu"":""0.00%"",""mem"":""15.72MiB / 122.8GiB""},{""name"":""lab-shipping-stub"",""cpu"":""0.00%"",""mem"":""15.8MiB / 122.8GiB""},{""name"":""lab-api"",""cpu"":""0.00%"",""mem"":""148.6MiB / 122.8GiB""},{""name"":""lab-eparagony-stub-tls"",""cpu"":""0.00%"",""mem"":""23.64MiB / 122.8GiB""},{""name"":""lab-erli-stub-tls"",""cpu"":""0.00%"",""mem"":""22.95MiB / 122.8GiB""},{""name"":""lab-wc-tls"",""cpu"":""0.00%"",""mem"":""23.06MiB / 122.8GiB""},{""name"":""lab-prestashop"",""cpu"":""0.01%"",""mem"":""117.2MiB / 122.8GiB""},{""name"":""lab-woocommerce"",""cpu"":""0.01%"",""mem"":""220.4MiB / 122.8GiB""},{""name"":""lab-redis"",""cpu"":""0.32%"",""mem"":""77.55MiB / 122.8GiB""},{""name"":""lab-postgres"",""cpu"":""0.27%"",""mem"":""236.1MiB / 122.8GiB""},{""name"":""lab-mysql"",""cpu"":""1.00%"",""mem"":""715MiB / 122.8GiB""},{""name"":""lab-woocommerce-mysql"",""cpu"":""5.51%"",""mem"":""494.1MiB / 122.8GiB""}]"
2026-09-10T08:06:26Z,3,4,1,0,0,2666387123,"[{""name"":""lab-worker-1"",""cpu"":""0.89%"",""mem"":""105.1MiB / 122.8GiB""},{""name"":""lab-allegro-stub"",""cpu"":""0.00%"",""mem"":""15.85MiB / 122.8GiB""},{""name"":""lab-erli-stub"",""cpu"":""0.01%"",""mem"":""15.63MiB / 122.8GiB""},{""name"":""lab-eparagony-stub"",""cpu"":""0.02%"",""mem"":""15.68MiB / 122.8GiB""},{""name"":""lab-invoicing-stub"",""cpu"":""0.00%"",""mem"":""15.72MiB / 122.8GiB""},{""name"":""lab-shipping-stub"",""cpu"":""0.00%"",""mem"":""15.8MiB / 122.8GiB""},{""name"":""lab-api"",""cpu"":""0.00%"",""mem"":""148.6MiB / 122.8GiB""},{""name"":""lab-eparagony-stub-tls"",""cpu"":""0.00%"",""mem"":""23.64MiB / 122.8GiB""},{""name"":""lab-erli-stub-tls"",""cpu"":""0.00%"",""mem"":""22.95MiB / 122.8GiB""},{""name"":""lab-wc-tls"",""cpu"":""0.00%"",""mem"":""23.06MiB / 122.8GiB""},{""name"":""lab-prestashop"",""cpu"":""0.01%"",""mem"":""117.2MiB / 122.8GiB""},{""name"":""lab-woocommerce"",""cpu"":""0.01%"",""mem"":""220.4MiB / 122.8GiB""},{""name"":""lab-redis"",""cpu"":""0.28%"",""mem"":""77.55MiB / 122.8GiB""},{""name"":""lab-postgres"",""cpu"":""12.35%"",""mem"":""236MiB / 122.8GiB""},{""name"":""lab-mysql"",""cpu"":""0.91%"",""mem"":""715MiB / 122.8GiB""},{""name"":""lab-woocommerce-mysql"",""cpu"":""1.03%"",""mem"":""494MiB / 122.8GiB""}]"
2026-09-10T08:06:30Z,4,4,1,0,0,2666387123,"[{""name"":""lab-worker-1"",""cpu"":""0.33%"",""mem"":""105.4MiB / 122.8GiB""},{""name"":""lab-allegro-stub"",""cpu"":""0.00%"",""mem"":""15.86MiB / 122.8GiB""},{""name"":""lab-erli-stub"",""cpu"":""4.08%"",""mem"":""15.68MiB / 122.8GiB""},{""name"":""lab-eparagony-stub"",""cpu"":""4.21%"",""mem"":""15.71MiB / 122.8GiB""},{""name"":""lab-invoicing-stub"",""cpu"":""0.00%"",""mem"":""15.73MiB / 122.8GiB""},{""name"":""lab-shipping-stub"",""cpu"":""0.00%"",""mem"":""15.82MiB / 122.8GiB""},{""name"":""lab-api"",""cpu"":""0.00%"",""mem"":""148.6MiB / 122.8GiB""},{""name"":""lab-eparagony-stub-tls"",""cpu"":""0.00%"",""mem"":""23.64MiB / 122.8GiB""},{""name"":""lab-erli-stub-tls"",""cpu"":""0.00%"",""mem"":""22.95MiB / 122.8GiB""},{""name"":""lab-wc-tls"",""cpu"":""0.00%"",""mem"":""23.06MiB / 122.8GiB""},{""name"":""lab-prestashop"",""cpu"":""0.01%"",""mem"":""117.2MiB / 122.8GiB""},{""name"":""lab-woocommerce"",""cpu"":""0.01%"",""mem"":""220.4MiB / 122.8GiB""},{""name"":""lab-redis"",""cpu"":""0.27%"",""mem"":""77.55MiB / 122.8GiB""},{""name"":""lab-postgres"",""cpu"":""0.27%"",""mem"":""236.1MiB / 122.8GiB""},{""name"":""lab-mysql"",""cpu"":""0.95%"",""mem"":""715MiB / 122.8GiB""},{""name"":""lab-woocommerce-mysql"",""cpu"":""0.95%"",""mem"":""494MiB / 122.8GiB""}]"
2026-09-10T08:06:34Z,4,4,1,0,0,2666387123,"[{""name"":""lab-worker-1"",""cpu"":""0.43%"",""mem"":""105.1MiB / 122.8GiB""},{""name"":""lab-allegro-stub"",""cpu"":""3.86%"",""mem"":""15.93MiB / 122.8GiB""},{""name"":""lab-erli-stub"",""cpu"":""0.00%"",""mem"":""15.63MiB / 122.8GiB""},{""name"":""lab-eparagony-stub"",""cpu"":""0.00%"",""mem"":""15.68MiB / 122.8GiB""},{""name"":""lab-invoicing-stub"",""cpu"":""3.88%"",""mem"":""15.77MiB / 122.8GiB""},{""name"":""lab-shipping-stub"",""cpu"":""4.18%"",""mem"":""15.82MiB / 122.8GiB""},{""name"":""lab-api"",""cpu"":""0.00%"",""mem"":""148.6MiB / 122.8GiB""},{""name"":""lab-eparagony-stub-tls"",""cpu"":""0.00%"",""mem"":""23.64MiB / 122.8GiB""},{""name"":""lab-erli-stub-tls"",""cpu"":""0.00%"",""mem"":""22.95MiB / 122.8GiB""},{""name"":""lab-wc-tls"",""cpu"":""0.00%"",""mem"":""23.06MiB / 122.8GiB""},{""name"":""lab-prestashop"",""cpu"":""0.01%"",""mem"":""117.2MiB / 122.8GiB""},{""name"":""lab-woocommerce"",""cpu"":""0.01%"",""mem"":""220.4MiB / 122.8GiB""},{""name"":""lab-redis"",""cpu"":""4.98%"",""mem"":""77.56MiB / 122.8GiB""},{""name"":""lab-postgres"",""cpu"":""5.32%"",""mem"":""235.9MiB / 122.8GiB""},{""name"":""lab-mysql"",""cpu"":""0.85%"",""mem"":""715MiB / 122.8GiB""},{""name"":""lab-woocommerce-mysql"",""cpu"":""0.99%"",""mem"":""494MiB / 122.8GiB""}]"
2026-09-10T08:06:37Z,4,4,1,0,0,2666387123,"[{""name"":""lab-worker-1"",""cpu"":""0.33%"",""mem"":""105.1MiB / 122.8GiB""},{""name"":""lab-allegro-stub"",""cpu"":""0.00%"",""mem"":""15.86MiB / 122.8GiB""},{""name"":""lab-erli-stub"",""cpu"":""0.00%"",""mem"":""15.64MiB / 122.8GiB""},{""name"":""lab-eparagony-stub"",""cpu"":""0.00%"",""mem"":""15.69MiB / 122.8GiB""},{""name"":""lab-invoicing-stub"",""cpu"":""0.00%"",""mem"":""15.72MiB / 122.8GiB""},{""name"":""lab-shipping-stub"",""cpu"":""0.00%"",""mem"":""15.8MiB / 122.8GiB""},{""name"":""lab-api"",""cpu"":""0.00%"",""mem"":""148.6MiB / 122.8GiB""},{""name"":""lab-eparagony-stub-tls"",""cpu"":""0.00%"",""mem"":""23.64MiB / 122.8GiB""},{""name"":""lab-erli-stub-tls"",""cpu"":""0.00%"",""mem"":""22.95MiB / 122.8GiB""},{""name"":""lab-wc-tls"",""cpu"":""0.00%"",""mem"":""23.06MiB / 122.8GiB""},{""name"":""lab-prestashop"",""cpu"":""0.00%"",""mem"":""117.2MiB / 122.8GiB""},{""name"":""lab-woocommerce"",""cpu"":""0.01%"",""mem"":""220.4MiB / 122.8GiB""},{""name"":""lab-redis"",""cpu"":""0.31%"",""mem"":""77.56MiB / 122.8GiB""},{""name"":""lab-postgres"",""cpu"":""1.24%"",""mem"":""235.9MiB / 122.8GiB""},{""name"":""lab-mysql"",""cpu"":""0.98%"",""mem"":""715MiB / 122.8GiB""},{""name"":""lab-woocommerce-mysql"",""cpu"":""1.02%"",""mem"":""494MiB / 122.8GiB""}]"
2026-09-10T08:06:41Z,3,4,1,0,0,2666387123,"[{""name"":""lab-worker-1"",""cpu"":""0.34%"",""mem"":""105.4MiB / 122.8GiB""},{""name"":""lab-allegro-stub"",""cpu"":""0.00%"",""mem"":""15.85MiB / 122.8GiB""},{""name"":""lab-erli-stub"",""cpu"":""0.00%"",""mem"":""15.64MiB / 122.8GiB""},{""name"":""lab-eparagony-stub"",""cpu"":""0.00%"",""mem"":""15.68MiB / 122.8GiB""},{""name"":""lab-invoicing-stub"",""cpu"":""0.00%"",""mem"":""15.73MiB / 122.8GiB""},{""name"":""lab-shipping-stub"",""cpu"":""0.00%"",""mem"":""15.8MiB / 122.8GiB""},{""name"":""lab-api"",""cpu"":""0.00%"",""mem"":""148.6MiB / 122.8GiB""},{""name"":""lab-eparagony-stub-tls"",""cpu"":""0.00%"",""mem"":""23.64MiB / 122.8GiB""},{""name"":""lab-erli-stub-tls"",""cpu"":""0.00%"",""mem"":""22.95MiB / 122.8GiB""},{""name"":""lab-wc-tls"",""cpu"":""0.00%"",""mem"":""23.06MiB / 122.8GiB""},{""name"":""lab-prestashop"",""cpu"":""0.01%"",""mem"":""117.2MiB / 122.8GiB""},{""name"":""lab-woocommerce"",""cpu"":""0.01%"",""mem"":""220.4MiB / 122.8GiB""},{""name"":""lab-redis"",""cpu"":""0.30%"",""mem"":""77.55MiB / 122.8GiB""},{""name"":""lab-postgres"",""cpu"":""0.26%"",""mem"":""235.9MiB / 122.8GiB""},{""name"":""lab-mysql"",""cpu"":""0.86%"",""mem"":""715MiB / 122.8GiB""},{""name"":""lab-woocommerce-mysql"",""cpu"":""0.93%"",""mem"":""494MiB / 122.8GiB""}]"
2026-09-10T08:06:45Z,4,4,1,0,0,2666387123,"[{""name"":""lab-worker-1"",""cpu"":""0.49%"",""mem"":""105.4MiB / 122.8GiB""},{""name"":""lab-allegro-stub"",""cpu"":""0.03%"",""mem"":""16.1MiB / 122.8GiB""},{""name"":""lab-erli-stub"",""cpu"":""4.19%"",""mem"":""15.66MiB / 122.8GiB""},{""name"":""lab-eparagony-stub"",""cpu"":""2.67%"",""mem"":""15.69MiB / 122.8GiB""},{""name"":""lab-invoicing-stub"",""cpu"":""0.00%"",""mem"":""15.72MiB / 122.8GiB""},{""name"":""lab-shipping-stub"",""cpu"":""0.00%"",""mem"":""15.8MiB / 122.8GiB""},{""name"":""lab-api"",""cpu"":""0.00%"",""mem"":""148.6MiB / 122.8GiB""},{""name"":""lab-eparagony-stub-tls"",""cpu"":""0.00%"",""mem"":""23.64MiB / 122.8GiB""},{""name"":""lab-erli-stub-tls"",""cpu"":""0.00%"",""mem"":""22.95MiB / 122.8GiB""},{""name"":""lab-wc-tls"",""cpu"":""0.00%"",""mem"":""23.06MiB / 122.8GiB""},{""name"":""lab-prestashop"",""cpu"":""0.01%"",""mem"":""117.2MiB / 122.8GiB""},{""name"":""lab-woocommerce"",""cpu"":""18.22%"",""mem"":""222.4MiB / 122.8GiB""},{""name"":""lab-redis"",""cpu"":""0.20%"",""mem"":""77.55MiB / 122.8GiB""},{""name"":""lab-postgres"",""cpu"":""0.57%"",""mem"":""236.1MiB / 122.8GiB""},{""name"":""lab-mysql"",""cpu"":""0.85%"",""mem"":""715MiB / 122.8GiB""},{""name"":""lab-woocommerce-mysql"",""cpu"":""0.69%"",""mem"":""494MiB / 122.8GiB""}]"
2026-09-10T08:06:49Z,4,4,1,0,0,2666387123,"[{""name"":""lab-worker-1"",""cpu"":""0.42%"",""mem"":""105.2MiB / 122.8GiB""},{""name"":""lab-allegro-stub"",""cpu"":""0.00%"",""mem"":""15.86MiB / 122.8GiB""},{""name"":""lab-erli-stub"",""cpu"":""0.00%"",""mem"":""15.63MiB / 122.8GiB""},{""name"":""lab-eparagony-stub"",""cpu"":""0.00%"",""mem"":""15.68MiB / 122.8GiB""},{""name"":""lab-invoicing-stub"",""cpu"":""3.66%"",""mem"":""15.84MiB / 122.8GiB""},{""name"":""lab-shipping-stub"",""cpu"":""3.99%"",""mem"":""15.86MiB / 122.8GiB""},{""name"":""lab-api"",""cpu"":""0.00%"",""mem"":""148.6MiB / 122.8GiB""},{""name"":""lab-eparagony-stub-tls"",""cpu"":""0.00%"",""mem"":""23.64MiB / 122.8GiB""},{""name"":""lab-erli-stub-tls"",""cpu"":""0.00%"",""mem"":""22.95MiB / 122.8GiB""},{""name"":""lab-wc-tls"",""cpu"":""0.00%"",""mem"":""23.06MiB / 122.8GiB""},{""name"":""lab-prestashop"",""cpu"":""0.00%"",""mem"":""117.2MiB / 122.8GiB""},{""name"":""lab-woocommerce"",""cpu"":""0.01%"",""mem"":""222.4MiB / 122.8GiB""},{""name"":""lab-redis"",""cpu"":""0.27%"",""mem"":""77.55MiB / 122.8GiB""},{""name"":""lab-postgres"",""cpu"":""0.28%"",""mem"":""235.9MiB / 122.8GiB""},{""name"":""lab-mysql"",""cpu"":""5.65%"",""mem"":""715MiB / 122.8GiB""},{""name"":""lab-woocommerce-mysql"",""cpu"":""1.05%"",""mem"":""494.3MiB / 122.8GiB""}]"
2026-09-10T08:06:52Z,4,4,1,0,0,2666387123,"[{""name"":""lab-worker-1"",""cpu"":""0.40%"",""mem"":""105.5MiB / 122.8GiB""},{""name"":""lab-allegro-stub"",""cpu"":""0.00%"",""mem"":""15.86MiB / 122.8GiB""},{""name"":""lab-erli-stub"",""cpu"":""0.00%"",""mem"":""15.63MiB / 122.8GiB""},{""name"":""lab-eparagony-stub"",""cpu"":""0.00%"",""mem"":""15.68MiB / 122.8GiB""},{""name"":""lab-invoicing-stub"",""cpu"":""0.00%"",""mem"":""15.72MiB / 122.8GiB""},{""name"":""lab-shipping-stub"",""cpu"":""0.00%"",""mem"":""15.8MiB / 122.8GiB""},{""name"":""lab-api"",""cpu"":""0.00%"",""mem"":""148.6MiB / 122.8GiB""},{""name"":""lab-eparagony-stub-tls"",""cpu"":""0.00%"",""mem"":""23.64MiB / 122.8GiB""},{""name"":""lab-erli-stub-tls"",""cpu"":""0.00%"",""mem"":""22.95MiB / 122.8GiB""},{""name"":""lab-wc-tls"",""cpu"":""0.00%"",""mem"":""23.06MiB / 122.8GiB""},{""name"":""lab-prestashop"",""cpu"":""0.01%"",""mem"":""117.2MiB / 122.8GiB""},{""name"":""lab-woocommerce"",""cpu"":""0.01%"",""mem"":""222.4MiB / 122.8GiB""},{""name"":""lab-redis"",""cpu"":""0.33%"",""mem"":""77.55MiB / 122.8GiB""},{""name"":""lab-postgres"",""cpu"":""12.31%"",""mem"":""236MiB / 122.8GiB""},{""name"":""lab-mysql"",""cpu"":""0.89%"",""mem"":""715MiB / 122.8GiB""},{""name"":""lab-woocommerce-mysql"",""cpu"":""6.27%"",""mem"":""494.1MiB / 122.8GiB""}]"
2026-09-10T08:06:56Z,3,4,1,0,0,2666387123,"[{""name"":""lab-worker-1"",""cpu"":""0.41%"",""mem"":""105.5MiB / 122.8GiB""},{""name"":""lab-allegro-stub"",""cpu"":""0.00%"",""mem"":""15.86MiB / 122.8GiB""},{""name"":""lab-erli-stub"",""cpu"":""0.01%"",""mem"":""15.64MiB / 122.8GiB""},{""name"":""lab-eparagony-stub"",""cpu"":""0.02%"",""mem"":""15.68MiB / 122.8GiB""},{""name"":""lab-invoicing-stub"",""cpu"":""0.00%"",""mem"":""15.72MiB / 122.8GiB""},{""name"":""lab-shipping-stub"",""cpu"":""0.00%"",""mem"":""15.8MiB / 122.8GiB""},{""name"":""lab-api"",""cpu"":""0.00%"",""mem"":""148.6MiB / 122.8GiB""},{""name"":""lab-eparagony-stub-tls"",""cpu"":""0.00%"",""mem"":""23.64MiB / 122.8GiB""},{""name"":""lab-erli-stub-tls"",""cpu"":""0.00%"",""mem"":""22.95MiB / 122.8GiB""},{""name"":""lab-wc-tls"",""cpu"":""0.00%"",""mem"":""23.06MiB / 122.8GiB""},{""name"":""lab-prestashop"",""cpu"":""0.00%"",""mem"":""117.2MiB / 122.8GiB""},{""name"":""lab-woocommerce"",""cpu"":""0.01%"",""mem"":""222.4MiB / 122.8GiB""},{""name"":""lab-redis"",""cpu"":""0.30%"",""mem"":""77.55MiB / 122.8GiB""},{""name"":""lab-postgres"",""cpu"":""0.26%"",""mem"":""235.9MiB / 122.8GiB""},{""name"":""lab-mysql"",""cpu"":""1.00%"",""mem"":""715MiB / 122.8GiB""},{""name"":""lab-woocommerce-mysql"",""cpu"":""1.02%"",""mem"":""494MiB / 122.8GiB""}]"
2026-09-10T08:07:00Z,4,4,1,0,0,2666387123,"[{""name"":""lab-worker-1"",""cpu"":""0.33%"",""mem"":""105.3MiB / 122.8GiB""},{""name"":""lab-allegro-stub"",""cpu"":""0.01%"",""mem"":""15.9MiB / 122.8GiB""},{""name"":""lab-erli-stub"",""cpu"":""3.86%"",""mem"":""15.68MiB / 122.8GiB""},{""name"":""lab-eparagony-stub"",""cpu"":""4.07%"",""mem"":""15.71MiB / 122.8GiB""},{""name"":""lab-invoicing-stub"",""cpu"":""0.01%"",""mem"":""15.75MiB / 122.8GiB""},{""name"":""lab-shipping-stub"",""cpu"":""0.00%"",""mem"":""15.82MiB / 122.8GiB""},{""name"":""lab-api"",""cpu"":""0.00%"",""mem"":""148.6MiB / 122.8GiB""},{""name"":""lab-eparagony-stub-tls"",""cpu"":""0.00%"",""mem"":""23.64MiB / 122.8GiB""},{""name"":""lab-erli-stub-tls"",""cpu"":""0.00%"",""mem"":""22.95MiB / 122.8GiB""},{""name"":""lab-wc-tls"",""cpu"":""0.00%"",""mem"":""23.06MiB / 122.8GiB""},{""name"":""lab-prestashop"",""cpu"":""0.01%"",""mem"":""117.2MiB / 122.8GiB""},{""name"":""lab-woocommerce"",""cpu"":""0.00%"",""mem"":""222.4MiB / 122.8GiB""},{""name"":""lab-redis"",""cpu"":""0.29%"",""mem"":""77.8MiB / 122.8GiB""},{""name"":""lab-postgres"",""cpu"":""0.31%"",""mem"":""235.9MiB / 122.8GiB""},{""name"":""lab-mysql"",""cpu"":""0.97%"",""mem"":""715MiB / 122.8GiB""},{""name"":""lab-woocommerce-mysql"",""cpu"":""0.98%"",""mem"":""494MiB / 122.8GiB""}]"
2026-09-10T08:07:04Z,4,4,1,0,0,2666387123,"[{""name"":""lab-worker-1"",""cpu"":""0.42%"",""mem"":""105.3MiB / 122.8GiB""},{""name"":""lab-allegro-stub"",""cpu"":""0.00%"",""mem"":""15.86MiB / 122.8GiB""},{""name"":""lab-erli-stub"",""cpu"":""0.00%"",""mem"":""15.63MiB / 122.8GiB""},{""name"":""lab-eparagony-stub"",""cpu"":""0.00%"",""mem"":""15.68MiB / 122.8GiB""},{""name"":""lab-invoicing-stub"",""cpu"":""0.00%"",""mem"":""15.72MiB / 122.8GiB""},{""name"":""lab-shipping-stub"",""cpu"":""4.13%"",""mem"":""15.89MiB / 122.8GiB""},{""name"":""lab-api"",""cpu"":""0.00%"",""mem"":""148.6MiB / 122.8GiB""},{""name"":""lab-eparagony-stub-tls"",""cpu"":""0.00%"",""mem"":""23.64MiB / 122.8GiB""},{""name"":""lab-erli-stub-tls"",""cpu"":""0.00%"",""mem"":""22.95MiB / 122.8GiB""},{""name"":""lab-wc-tls"",""cpu"":""0.00%"",""mem"":""23.06MiB / 122.8GiB""},{""name"":""lab-prestashop"",""cpu"":""0.00%"",""mem"":""117.2MiB / 122.8GiB""},{""name"":""lab-woocommerce"",""cpu"":""0.00%"",""mem"":""222.4MiB / 122.8GiB""},{""name"":""lab-redis"",""cpu"":""4.43%"",""mem"":""77.57MiB / 122.8GiB""},{""name"":""lab-postgres"",""cpu"":""5.60%"",""mem"":""236.1MiB / 122.8GiB""},{""name"":""lab-mysql"",""cpu"":""0.92%"",""mem"":""715MiB / 122.8GiB""},{""name"":""lab-woocommerce-mysql"",""cpu"":""0.91%"",""mem"":""494MiB / 122.8GiB""}]"
2026-09-10T08:07:07Z,4,4,1,0,0,2666387123,"[{""name"":""lab-worker-1"",""cpu"":""0.39%"",""mem"":""105.3MiB / 122.8GiB""},{""name"":""lab-allegro-stub"",""cpu"":""0.00%"",""mem"":""15.86MiB / 122.8GiB""},{""name"":""lab-erli-stub"",""cpu"":""0.00%"",""mem"":""15.63MiB / 122.8GiB""},{""name"":""lab-eparagony-stub"",""cpu"":""0.00%"",""mem"":""15.68MiB / 122.8GiB""},{""name"":""lab-invoicing-stub"",""cpu"":""0.00%"",""mem"":""15.72MiB / 122.8GiB""},{""name"":""lab-shipping-stub"",""cpu"":""0.00%"",""mem"":""15.8MiB / 122.8GiB""},{""name"":""lab-api"",""cpu"":""0.00%"",""mem"":""148.6MiB / 122.8GiB""},{""name"":""lab-eparagony-stub-tls"",""cpu"":""0.00%"",""mem"":""23.64MiB / 122.8GiB""},{""name"":""lab-erli-stub-tls"",""cpu"":""0.00%"",""mem"":""22.95MiB / 122.8GiB""},{""name"":""lab-wc-tls"",""cpu"":""0.00%"",""mem"":""23.06MiB / 122.8GiB""},{""name"":""lab-prestashop"",""cpu"":""0.01%"",""mem"":""117.2MiB / 122.8GiB""},{""name"":""lab-woocommerce"",""cpu"":""0.01%"",""mem"":""222.4MiB / 122.8GiB""},{""name"":""lab-redis"",""cpu"":""0.29%"",""mem"":""77.55MiB / 122.8GiB""},{""name"":""lab-postgres"",""cpu"":""5.74%"",""mem"":""236.9MiB / 122.8GiB""},{""name"":""lab-mysql"",""cpu"":""0.94%"",""mem"":""715MiB / 122.8GiB""},{""name"":""lab-woocommerce-mysql"",""cpu"":""1.00%"",""mem"":""494MiB / 122.8GiB""}]"
2026-09-10T08:07:11Z,3,4,1,0,0,2666387123,"[{""name"":""lab-worker-1"",""cpu"":""0.34%"",""mem"":""105.6MiB / 122.8GiB""},{""name"":""lab-allegro-stub"",""cpu"":""0.00%"",""mem"":""15.86MiB / 122.8GiB""},{""name"":""lab-erli-stub"",""cpu"":""0.01%"",""mem"":""15.64MiB / 122.8GiB""},{""name"":""lab-eparagony-stub"",""cpu"":""0.00%"",""mem"":""15.69MiB / 122.8GiB""},{""name"":""lab-invoicing-stub"",""cpu"":""0.00%"",""mem"":""15.72MiB / 122.8GiB""},{""name"":""lab-shipping-stub"",""cpu"":""0.00%"",""mem"":""15.8MiB / 122.8GiB""},{""name"":""lab-api"",""cpu"":""0.00%"",""mem"":""148.6MiB / 122.8GiB""},{""name"":""lab-eparagony-stub-tls"",""cpu"":""0.00%"",""mem"":""23.64MiB / 122.8GiB""},{""name"":""lab-erli-stub-tls"",""cpu"":""0.00%"",""mem"":""22.95MiB / 122.8GiB""},{""name"":""lab-wc-tls"",""cpu"":""0.00%"",""mem"":""23.06MiB / 122.8GiB""},{""name"":""lab-prestashop"",""cpu"":""0.01%"",""mem"":""117.2MiB / 122.8GiB""},{""name"":""lab-woocommerce"",""cpu"":""0.01%"",""mem"":""222.4MiB / 122.8GiB""},{""name"":""lab-redis"",""cpu"":""0.27%"",""mem"":""77.55MiB / 122.8GiB""},{""name"":""lab-postgres"",""cpu"":""0.27%"",""mem"":""235.9MiB / 122.8GiB""},{""name"":""lab-mysql"",""cpu"":""1.02%"",""mem"":""715MiB / 122.8GiB""},{""name"":""lab-woocommerce-mysql"",""cpu"":""0.93%"",""mem"":""494MiB / 122.8GiB""}]"
2026-09-10T08:07:15Z,4,4,1,0,0,2666387123,"[{""name"":""lab-worker-1"",""cpu"":""0.33%"",""mem"":""105.3MiB / 122.8GiB""},{""name"":""lab-allegro-stub"",""cpu"":""3.89%"",""mem"":""15.86MiB / 122.8GiB""},{""name"":""lab-erli-stub"",""cpu"":""4.19%"",""mem"":""15.77MiB / 122.8GiB""},{""name"":""lab-eparagony-stub"",""cpu"":""4.23%"",""mem"":""15.7MiB / 122.8GiB""},{""name"":""lab-invoicing-stub"",""cpu"":""0.01%"",""mem"":""15.72MiB / 122.8GiB""},{""name"":""lab-shipping-stub"",""cpu"":""0.00%"",""mem"":""15.8MiB / 122.8GiB""},{""name"":""lab-api"",""cpu"":""0.00%"",""mem"":""148.6MiB / 122.8GiB""},{""name"":""lab-eparagony-stub-tls"",""cpu"":""0.00%"",""mem"":""23.64MiB / 122.8GiB""},{""name"":""lab-erli-stub-tls"",""cpu"":""0.00%"",""mem"":""22.95MiB / 122.8GiB""},{""name"":""lab-wc-tls"",""cpu"":""0.00%"",""mem"":""23.06MiB / 122.8GiB""},{""name"":""lab-prestashop"",""cpu"":""0.00%"",""mem"":""117.2MiB / 122.8GiB""},{""name"":""lab-woocommerce"",""cpu"":""14.44%"",""mem"":""224.7MiB / 122.8GiB""},{""name"":""lab-redis"",""cpu"":""0.29%"",""mem"":""77.8MiB / 122.8GiB""},{""name"":""lab-postgres"",""cpu"":""0.30%"",""mem"":""235.9MiB / 122.8GiB""},{""name"":""lab-mysql"",""cpu"":""0.83%"",""mem"":""715MiB / 122.8GiB""},{""name"":""lab-woocommerce-mysql"",""cpu"":""0.89%"",""mem"":""494MiB / 122.8GiB""}]"
2026-09-10T08:07:19Z,4,4,1,0,0,2666387123,"[{""name"":""lab-worker-1"",""cpu"":""0.41%"",""mem"":""105.4MiB / 122.8GiB""},{""name"":""lab-allegro-stub"",""cpu"":""0.00%"",""mem"":""15.86MiB / 122.8GiB""},{""name"":""lab-erli-stub"",""cpu"":""0.00%"",""mem"":""15.63MiB / 122.8GiB""},{""name"":""lab-eparagony-stub"",""cpu"":""0.00%"",""mem"":""15.68MiB / 122.8GiB""},{""name"":""lab-invoicing-stub"",""cpu"":""0.00%"",""mem"":""15.72MiB / 122.8GiB""},{""name"":""lab-shipping-stub"",""cpu"":""3.70%"",""mem"":""15.9MiB / 122.8GiB""},{""name"":""lab-api"",""cpu"":""0.00%"",""mem"":""148.6MiB / 122.8GiB""},{""name"":""lab-eparagony-stub-tls"",""cpu"":""0.00%"",""mem"":""23.64MiB / 122.8GiB""},{""name"":""lab-erli-stub-tls"",""cpu"":""0.00%"",""mem"":""22.95MiB / 122.8GiB""},{""name"":""lab-wc-tls"",""cpu"":""0.00%"",""mem"":""23.06MiB / 122.8GiB""},{""name"":""lab-prestashop"",""cpu"":""0.01%"",""mem"":""117.2MiB / 122.8GiB""},{""name"":""lab-woocommerce"",""cpu"":""0.00%"",""mem"":""224.4MiB / 122.8GiB""},{""name"":""lab-redis"",""cpu"":""0.27%"",""mem"":""77.55MiB / 122.8GiB""},{""name"":""lab-postgres"",""cpu"":""12.38%"",""mem"":""235.9MiB / 122.8GiB""},{""name"":""lab-mysql"",""cpu"":""5.33%"",""mem"":""715.2MiB / 122.8GiB""},{""name"":""lab-woocommerce-mysql"",""cpu"":""1.03%"",""mem"":""494MiB / 122.8GiB""}]"
2026-09-10T08:07:22Z,4,4,1,0,0,2666387123,"[{""name"":""lab-worker-1"",""cpu"":""0.40%"",""mem"":""105.4MiB / 122.8GiB""},{""name"":""lab-allegro-stub"",""cpu"":""0.00%"",""mem"":""16.34MiB / 122.8GiB""},{""name"":""lab-erli-stub"",""cpu"":""0.00%"",""mem"":""15.63MiB / 122.8GiB""},{""name"":""lab-eparagony-stub"",""cpu"":""0.00%"",""mem"":""15.68MiB / 122.8GiB""},{""name"":""lab-invoicing-stub"",""cpu"":""0.00%"",""mem"":""15.73MiB / 122.8GiB""},{""name"":""lab-shipping-stub"",""cpu"":""0.00%"",""mem"":""15.81MiB / 122.8GiB""},{""name"":""lab-api"",""cpu"":""0.00%"",""mem"":""148.6MiB / 122.8GiB""},{""name"":""lab-eparagony-stub-tls"",""cpu"":""0.00%"",""mem"":""23.64MiB / 122.8GiB""},{""name"":""lab-erli-stub-tls"",""cpu"":""0.00%"",""mem"":""22.95MiB / 122.8GiB""},{""name"":""lab-wc-tls"",""cpu"":""0.00%"",""mem"":""23.06MiB / 122.8GiB""},{""name"":""lab-prestashop"",""cpu"":""0.01%"",""mem"":""117.2MiB / 122.8GiB""},{""name"":""lab-woocommerce"",""cpu"":""0.01%"",""mem"":""224.4MiB / 122.8GiB""},{""name"":""lab-redis"",""cpu"":""0.31%"",""mem"":""77.55MiB / 122.8GiB""},{""name"":""lab-postgres"",""cpu"":""0.26%"",""mem"":""235.9MiB / 122.8GiB""},{""name"":""lab-mysql"",""cpu"":""0.92%"",""mem"":""715MiB / 122.8GiB""},{""name"":""lab-woocommerce-mysql"",""cpu"":""5.39%"",""mem"":""494.1MiB / 122.8GiB""}]"
2026-09-10T08:07:26Z,3,4,1,0,0,2666387123,"[{""name"":""lab-worker-1"",""cpu"":""0.30%"",""mem"":""105.4MiB / 122.8GiB""},{""name"":""lab-allegro-stub"",""cpu"":""0.00%"",""mem"":""15.73MiB / 122.8GiB""},{""name"":""lab-erli-stub"",""cpu"":""0.03%"",""mem"":""15.69MiB / 122.8GiB""},{""name"":""lab-eparagony-stub"",""cpu"":""0.01%"",""mem"":""15.7MiB / 122.8GiB""},{""name"":""lab-invoicing-stub"",""cpu"":""0.00%"",""mem"":""15.72MiB / 122.8GiB""},{""name"":""lab-shipping-stub"",""cpu"":""0.00%"",""mem"":""15.8MiB / 122.8GiB""},{""name"":""lab-api"",""cpu"":""0.00%"",""mem"":""148.6MiB / 122.8GiB""},{""name"":""lab-eparagony-stub-tls"",""cpu"":""0.00%"",""mem"":""23.64MiB / 122.8GiB""},{""name"":""lab-erli-stub-tls"",""cpu"":""0.00%"",""mem"":""22.95MiB / 122.8GiB""},{""name"":""lab-wc-tls"",""cpu"":""0.00%"",""mem"":""23.06MiB / 122.8GiB""},{""name"":""lab-prestashop"",""cpu"":""0.01%"",""mem"":""117.2MiB / 122.8GiB""},{""name"":""lab-woocommerce"",""cpu"":""0.01%"",""mem"":""224.4MiB / 122.8GiB""},{""name"":""lab-redis"",""cpu"":""0.28%"",""mem"":""77.8MiB / 122.8GiB""},{""name"":""lab-postgres"",""cpu"":""0.13%"",""mem"":""235.9MiB / 122.8GiB""},{""name"":""lab-mysql"",""cpu"":""0.98%"",""mem"":""715MiB / 122.8GiB""},{""name"":""lab-woocommerce-mysql"",""cpu"":""0.94%"",""mem"":""494MiB / 122.8GiB""}]"
2026-09-10T08:07:30Z,4,4,1,0,0,2666387123,"[{""name"":""lab-worker-1"",""cpu"":""0.40%"",""mem"":""105.4MiB / 122.8GiB""},{""name"":""lab-allegro-stub"",""cpu"":""4.15%"",""mem"":""15.75MiB / 122.8GiB""},{""name"":""lab-erli-stub"",""cpu"":""3.82%"",""mem"":""15.7MiB / 122.8GiB""},{""name"":""lab-eparagony-stub"",""cpu"":""3.89%"",""mem"":""15.72MiB / 122.8GiB""},{""name"":""lab-invoicing-stub"",""cpu"":""4.00%"",""mem"":""15.73MiB / 122.8GiB""},{""name"":""lab-shipping-stub"",""cpu"":""0.01%"",""mem"":""15.81MiB / 122.8GiB""},{""name"":""lab-api"",""cpu"":""0.00%"",""mem"":""148.6MiB / 122.8GiB""},{""name"":""lab-eparagony-stub-tls"",""cpu"":""0.00%"",""mem"":""23.64MiB / 122.8GiB""},{""name"":""lab-erli-stub-tls"",""cpu"":""0.00%"",""mem"":""22.95MiB / 122.8GiB""},{""name"":""lab-wc-tls"",""cpu"":""0.00%"",""mem"":""23.06MiB / 122.8GiB""},{""name"":""lab-prestashop"",""cpu"":""0.01%"",""mem"":""117.2MiB / 122.8GiB""},{""name"":""lab-woocommerce"",""cpu"":""0.01%"",""mem"":""224.4MiB / 122.8GiB""},{""name"":""lab-redis"",""cpu"":""0.26%"",""mem"":""77.55MiB / 122.8GiB""},{""name"":""lab-postgres"",""cpu"":""0.26%"",""mem"":""235.9MiB / 122.8GiB""},{""name"":""lab-mysql"",""cpu"":""0.86%"",""mem"":""715MiB / 122.8GiB""},{""name"":""lab-woocommerce-mysql"",""cpu"":""0.85%"",""mem"":""494MiB / 122.8GiB""}]"
2026-09-10T08:07:34Z,4,4,1,0,0,2666387123,"[{""name"":""lab-worker-1"",""cpu"":""15.82%"",""mem"":""105.4MiB / 122.8GiB""},{""name"":""lab-allegro-stub"",""cpu"":""0.00%"",""mem"":""15.73MiB / 122.8GiB""},{""name"":""lab-erli-stub"",""cpu"":""0.00%"",""mem"":""15.63MiB / 122.8GiB""},{""name"":""lab-eparagony-stub"",""cpu"":""0.00%"",""mem"":""15.68MiB / 122.8GiB""},{""name"":""lab-invoicing-stub"",""cpu"":""0.00%"",""mem"":""15.72MiB / 122.8GiB""},{""name"":""lab-shipping-stub"",""cpu"":""0.00%"",""mem"":""15.8MiB / 122.8GiB""},{""name"":""lab-api"",""cpu"":""0.00%"",""mem"":""148.6MiB / 122.8GiB""},{""name"":""lab-eparagony-stub-tls"",""cpu"":""0.00%"",""mem"":""23.64MiB / 122.8GiB""},{""name"":""lab-erli-stub-tls"",""cpu"":""0.00%"",""mem"":""22.95MiB / 122.8GiB""},{""name"":""lab-wc-tls"",""cpu"":""0.00%"",""mem"":""23.06MiB / 122.8GiB""},{""name"":""lab-prestashop"",""cpu"":""0.01%"",""mem"":""117.2MiB / 122.8GiB""},{""name"":""lab-woocommerce"",""cpu"":""0.01%"",""mem"":""224.4MiB / 122.8GiB""},{""name"":""lab-redis"",""cpu"":""4.54%"",""mem"":""77.56MiB / 122.8GiB""},{""name"":""lab-postgres"",""cpu"":""12.38%"",""mem"":""243MiB / 122.8GiB""},{""name"":""lab-mysql"",""cpu"":""0.91%"",""mem"":""715MiB / 122.8GiB""},{""name"":""lab-woocommerce-mysql"",""cpu"":""1.08%"",""mem"":""494MiB / 122.8GiB""}]"
2026-09-10T08:07:37Z,4,4,1,0,0,2666387123,"[{""name"":""lab-worker-1"",""cpu"":""0.44%"",""mem"":""105.4MiB / 122.8GiB""},{""name"":""lab-allegro-stub"",""cpu"":""0.00%"",""mem"":""15.73MiB / 122.8GiB""},{""name"":""lab-erli-stub"",""cpu"":""0.00%"",""mem"":""15.63MiB / 122.8GiB""},{""name"":""lab-eparagony-stub"",""cpu"":""0.00%"",""mem"":""15.68MiB / 122.8GiB""},{""name"":""lab-invoicing-stub"",""cpu"":""0.00%"",""mem"":""15.72MiB / 122.8GiB""},{""name"":""lab-shipping-stub"",""cpu"":""0.00%"",""mem"":""15.8MiB / 122.8GiB""},{""name"":""lab-api"",""cpu"":""0.00%"",""mem"":""148.6MiB / 122.8GiB""},{""name"":""lab-eparagony-stub-tls"",""cpu"":""0.00%"",""mem"":""23.64MiB / 122.8GiB""},{""name"":""lab-erli-stub-tls"",""cpu"":""0.00%"",""mem"":""22.95MiB / 122.8GiB""},{""name"":""lab-wc-tls"",""cpu"":""0.00%"",""mem"":""23.06MiB / 122.8GiB""},{""name"":""lab-prestashop"",""cpu"":""0.00%"",""mem"":""117.2MiB / 122.8GiB""},{""name"":""lab-woocommerce"",""cpu"":""0.00%"",""mem"":""224.4MiB / 122.8GiB""},{""name"":""lab-redis"",""cpu"":""0.25%"",""mem"":""77.55MiB / 122.8GiB""},{""name"":""lab-postgres"",""cpu"":""1.06%"",""mem"":""235.9MiB / 122.8GiB""},{""name"":""lab-mysql"",""cpu"":""1.02%"",""mem"":""715MiB / 122.8GiB""},{""name"":""lab-woocommerce-mysql"",""cpu"":""1.05%"",""mem"":""494MiB / 122.8GiB""}]"
2026-09-10T08:07:41Z,3,3,1,0,0,2666387123,"[{""name"":""lab-worker-1"",""cpu"":""0.18%"",""mem"":""105.4MiB / 122.8GiB""},{""name"":""lab-allegro-stub"",""cpu"":""0.00%"",""mem"":""15.74MiB / 122.8GiB""},{""name"":""lab-erli-stub"",""cpu"":""0.02%"",""mem"":""15.73MiB / 122.8GiB""},{""name"":""lab-eparagony-stub"",""cpu"":""0.01%"",""mem"":""15.69MiB / 122.8GiB""},{""name"":""lab-invoicing-stub"",""cpu"":""0.00%"",""mem"":""15.76MiB / 122.8GiB""},{""name"":""lab-shipping-stub"",""cpu"":""0.00%"",""mem"":""15.8MiB / 122.8GiB""},{""name"":""lab-api"",""cpu"":""0.00%"",""mem"":""148.6MiB / 122.8GiB""},{""name"":""lab-eparagony-stub-tls"",""cpu"":""0.00%"",""mem"":""23.64MiB / 122.8GiB""},{""name"":""lab-erli-stub-tls"",""cpu"":""0.00%"",""mem"":""22.95MiB / 122.8GiB""},{""name"":""lab-wc-tls"",""cpu"":""0.00%"",""mem"":""23.06MiB / 122.8GiB""},{""name"":""lab-prestashop"",""cpu"":""0.01%"",""mem"":""117.2MiB / 122.8GiB""},{""name"":""lab-woocommerce"",""cpu"":""0.01%"",""mem"":""224.4MiB / 122.8GiB""},{""name"":""lab-redis"",""cpu"":""0.29%"",""mem"":""77.8MiB / 122.8GiB""},{""name"":""lab-postgres"",""cpu"":""0.33%"",""mem"":""238.3MiB / 122.8GiB""},{""name"":""lab-mysql"",""cpu"":""0.84%"",""mem"":""715MiB / 122.8GiB""},{""name"":""lab-woocommerce-mysql"",""cpu"":""0.89%"",""mem"":""494MiB / 122.8GiB""}]"
2026-09-10T08:07:45Z,4,3,1,0,0,2666387123,"[{""name"":""lab-worker-1"",""cpu"":""0.42%"",""mem"":""92.01MiB / 122.8GiB""},{""name"":""lab-allegro-stub"",""cpu"":""4.19%"",""mem"":""15.74MiB / 122.8GiB""},{""name"":""lab-erli-stub"",""cpu"":""0.00%"",""mem"":""15.63MiB / 122.8GiB""},{""name"":""lab-eparagony-stub"",""cpu"":""4.25%"",""mem"":""15.71MiB / 122.8GiB""},{""name"":""lab-invoicing-stub"",""cpu"":""3.89%"",""mem"":""15.73MiB / 122.8GiB""},{""name"":""lab-shipping-stub"",""cpu"":""1.10%"",""mem"":""15.8MiB / 122.8GiB""},{""name"":""lab-api"",""cpu"":""0.00%"",""mem"":""148.6MiB / 122.8GiB""},{""name"":""lab-eparagony-stub-tls"",""cpu"":""0.00%"",""mem"":""23.64MiB / 122.8GiB""},{""name"":""lab-erli-stub-tls"",""cpu"":""0.00%"",""mem"":""22.95MiB / 122.8GiB""},{""name"":""lab-wc-tls"",""cpu"":""0.00%"",""mem"":""23.06MiB / 122.8GiB""},{""name"":""lab-prestashop"",""cpu"":""0.00%"",""mem"":""117.2MiB / 122.8GiB""},{""name"":""lab-woocommerce"",""cpu"":""18.00%"",""mem"":""224.7MiB / 122.8GiB""},{""name"":""lab-redis"",""cpu"":""0.25%"",""mem"":""77.8MiB / 122.8GiB""},{""name"":""lab-postgres"",""cpu"":""12.31%"",""mem"":""238.3MiB / 122.8GiB""},{""name"":""lab-mysql"",""cpu"":""0.75%"",""mem"":""715MiB / 122.8GiB""},{""name"":""lab-woocommerce-mysql"",""cpu"":""0.98%"",""mem"":""494MiB / 122.8GiB""}]"
2026-09-10T08:07:49Z,4,3,1,0,0,2666387123,"[{""name"":""lab-worker-1"",""cpu"":""0.57%"",""mem"":""92.88MiB / 122.8GiB""},{""name"":""lab-allegro-stub"",""cpu"":""0.00%"",""mem"":""15.73MiB / 122.8GiB""},{""name"":""lab-erli-stub"",""cpu"":""0.00%"",""mem"":""15.64MiB / 122.8GiB""},{""name"":""lab-eparagony-stub"",""cpu"":""0.00%"",""mem"":""15.68MiB / 122.8GiB""},{""name"":""lab-invoicing-stub"",""cpu"":""0.00%"",""mem"":""15.72MiB / 122.8GiB""},{""name"":""lab-shipping-stub"",""cpu"":""0.00%"",""mem"":""15.8MiB / 122.8GiB""},{""name"":""lab-api"",""cpu"":""0.00%"",""mem"":""148.6MiB / 122.8GiB""},{""name"":""lab-eparagony-stub-tls"",""cpu"":""0.00%"",""mem"":""23.64MiB / 122.8GiB""},{""name"":""lab-erli-stub-tls"",""cpu"":""0.00%"",""mem"":""22.95MiB / 122.8GiB""},{""name"":""lab-wc-tls"",""cpu"":""0.00%"",""mem"":""23.06MiB / 122.8GiB""},{""name"":""lab-prestashop"",""cpu"":""0.01%"",""mem"":""117.2MiB / 122.8GiB""},{""name"":""lab-woocommerce"",""cpu"":""0.00%"",""mem"":""224.4MiB / 122.8GiB""},{""name"":""lab-redis"",""cpu"":""0.28%"",""mem"":""77.55MiB / 122.8GiB""},{""name"":""lab-postgres"",""cpu"":""0.82%"",""mem"":""235.9MiB / 122.8GiB""},{""name"":""lab-mysql"",""cpu"":""5.42%"",""mem"":""715MiB / 122.8GiB""},{""name"":""lab-woocommerce-mysql"",""cpu"":""1.11%"",""mem"":""494MiB / 122.8GiB""}]"
2026-09-10T08:07:52Z,4,3,1,0,0,2666387123,"[{""name"":""lab-worker-1"",""cpu"":""0.42%"",""mem"":""93.43MiB / 122.8GiB""},{""name"":""lab-allegro-stub"",""cpu"":""0.00%"",""mem"":""15.73MiB / 122.8GiB""},{""name"":""lab-erli-stub"",""cpu"":""0.00%"",""mem"":""15.63MiB / 122.8GiB""},{""name"":""lab-eparagony-stub"",""cpu"":""0.00%"",""mem"":""15.68MiB / 122.8GiB""},{""name"":""lab-invoicing-stub"",""cpu"":""0.00%"",""mem"":""15.72MiB / 122.8GiB""},{""name"":""lab-shipping-stub"",""cpu"":""0.00%"",""mem"":""15.81MiB / 122.8GiB""},{""name"":""lab-api"",""cpu"":""0.00%"",""mem"":""148.6MiB / 122.8GiB""},{""name"":""lab-eparagony-stub-tls"",""cpu"":""0.00%"",""mem"":""23.64MiB / 122.8GiB""},{""name"":""lab-erli-stub-tls"",""cpu"":""0.00%"",""mem"":""22.95MiB / 122.8GiB""},{""name"":""lab-wc-tls"",""cpu"":""0.00%"",""mem"":""23.06MiB / 122.8GiB""},{""name"":""lab-prestashop"",""cpu"":""0.01%"",""mem"":""117.2MiB / 122.8GiB""},{""name"":""lab-woocommerce"",""cpu"":""0.01%"",""mem"":""224.4MiB / 122.8GiB""},{""name"":""lab-redis"",""cpu"":""0.29%"",""mem"":""77.55MiB / 122.8GiB""},{""name"":""lab-postgres"",""cpu"":""0.27%"",""mem"":""235.9MiB / 122.8GiB""},{""name"":""lab-mysql"",""cpu"":""0.99%"",""mem"":""715MiB / 122.8GiB""},{""name"":""lab-woocommerce-mysql"",""cpu"":""5.52%"",""mem"":""494.6MiB / 122.8GiB""}]"
2026-09-10T08:07:56Z,3,3,1,0,0,2666387123,"[{""name"":""lab-worker-1"",""cpu"":""0.92%"",""mem"":""93.33MiB / 122.8GiB""},{""name"":""lab-allegro-stub"",""cpu"":""0.00%"",""mem"":""15.73MiB / 122.8GiB""},{""name"":""lab-erli-stub"",""cpu"":""0.03%"",""mem"":""15.64MiB / 122.8GiB""},{""name"":""lab-eparagony-stub"",""cpu"":""0.03%"",""mem"":""15.68MiB / 122.8GiB""},{""name"":""lab-invoicing-stub"",""cpu"":""0.00%"",""mem"":""15.72MiB / 122.8GiB""},{""name"":""lab-shipping-stub"",""cpu"":""0.00%"",""mem"":""15.8MiB / 122.8GiB""},{""name"":""lab-api"",""cpu"":""0.00%"",""mem"":""148.6MiB / 122.8GiB""},{""name"":""lab-eparagony-stub-tls"",""cpu"":""0.00%"",""mem"":""23.64MiB / 122.8GiB""},{""name"":""lab-erli-stub-tls"",""cpu"":""0.00%"",""mem"":""22.95MiB / 122.8GiB""},{""name"":""lab-wc-tls"",""cpu"":""0.00%"",""mem"":""23.06MiB / 122.8GiB""},{""name"":""lab-prestashop"",""cpu"":""0.01%"",""mem"":""117.2MiB / 122.8GiB""},{""name"":""lab-woocommerce"",""cpu"":""0.01%"",""mem"":""224.4MiB / 122.8GiB""},{""name"":""lab-redis"",""cpu"":""0.31%"",""mem"":""77.8MiB / 122.8GiB""},{""name"":""lab-postgres"",""cpu"":""0.28%"",""mem"":""235.9MiB / 122.8GiB""},{""name"":""lab-mysql"",""cpu"":""1.02%"",""mem"":""715MiB / 122.8GiB""},{""name"":""lab-woocommerce-mysql"",""cpu"":""0.90%"",""mem"":""494MiB / 122.8GiB""}]"
2026-09-10T08:08:00Z,4,3,1,0,0,2666387123,"[{""name"":""lab-worker-1"",""cpu"":""0.40%"",""mem"":""93.34MiB / 122.8GiB""},{""name"":""lab-allegro-stub"",""cpu"":""4.23%"",""mem"":""15.73MiB / 122.8GiB""},{""name"":""lab-erli-stub"",""cpu"":""0.00%"",""mem"":""15.63MiB / 122.8GiB""},{""name"":""lab-eparagony-stub"",""cpu"":""4.48%"",""mem"":""16.13MiB / 122.8GiB""},{""name"":""lab-invoicing-stub"",""cpu"":""4.26%"",""mem"":""15.72MiB / 122.8GiB""},{""name"":""lab-shipping-stub"",""cpu"":""4.00%"",""mem"":""15.8MiB / 122.8GiB""},{""name"":""lab-api"",""cpu"":""0.00%"",""mem"":""148.6MiB / 122.8GiB""},{""name"":""lab-eparagony-stub-tls"",""cpu"":""0.00%"",""mem"":""23.64MiB / 122.8GiB""},{""name"":""lab-erli-stub-tls"",""cpu"":""0.00%"",""mem"":""22.95MiB / 122.8GiB""},{""name"":""lab-wc-tls"",""cpu"":""0.00%"",""mem"":""23.06MiB / 122.8GiB""},{""name"":""lab-prestashop"",""cpu"":""0.01%"",""mem"":""117.2MiB / 122.8GiB""},{""name"":""lab-woocommerce"",""cpu"":""0.00%"",""mem"":""224.4MiB / 122.8GiB""},{""name"":""lab-redis"",""cpu"":""0.25%"",""mem"":""77.55MiB / 122.8GiB""},{""name"":""lab-postgres"",""cpu"":""11.77%"",""mem"":""236MiB / 122.8GiB""},{""name"":""lab-mysql"",""cpu"":""0.80%"",""mem"":""715MiB / 122.8GiB""},{""name"":""lab-woocommerce-mysql"",""cpu"":""0.98%"",""mem"":""494MiB / 122.8GiB""}]"
2026-09-10T08:08:04Z,4,3,1,0,0,2666387123,"[{""name"":""lab-worker-1"",""cpu"":""0.53%"",""mem"":""93.34MiB / 122.8GiB""},{""name"":""lab-allegro-stub"",""cpu"":""0.00%"",""mem"":""15.73MiB / 122.8GiB""},{""name"":""lab-erli-stub"",""cpu"":""0.00%"",""mem"":""15.64MiB / 122.8GiB""},{""name"":""lab-eparagony-stub"",""cpu"":""0.00%"",""mem"":""15.68MiB / 122.8GiB""},{""name"":""lab-invoicing-stub"",""cpu"":""0.00%"",""mem"":""15.72MiB / 122.8GiB""},{""name"":""lab-shipping-stub"",""cpu"":""0.00%"",""mem"":""15.8MiB / 122.8GiB""},{""name"":""lab-api"",""cpu"":""0.00%"",""mem"":""148.6MiB / 122.8GiB""},{""name"":""lab-eparagony-stub-tls"",""cpu"":""0.00%"",""mem"":""23.64MiB / 122.8GiB""},{""name"":""lab-erli-stub-tls"",""cpu"":""0.00%"",""mem"":""22.95MiB / 122.8GiB""},{""name"":""lab-wc-tls"",""cpu"":""0.00%"",""mem"":""23.06MiB / 122.8GiB""},{""name"":""lab-prestashop"",""cpu"":""0.01%"",""mem"":""117.2MiB / 122.8GiB""},{""name"":""lab-woocommerce"",""cpu"":""0.01%"",""mem"":""224.4MiB / 122.8GiB""},{""name"":""lab-redis"",""cpu"":""4.48%"",""mem"":""77.81MiB / 122.8GiB""},{""name"":""lab-postgres"",""cpu"":""0.27%"",""mem"":""235.9MiB / 122.8GiB""},{""name"":""lab-mysql"",""cpu"":""1.00%"",""mem"":""715MiB / 122.8GiB""},{""name"":""lab-woocommerce-mysql"",""cpu"":""1.03%"",""mem"":""494MiB / 122.8GiB""}]"
2026-09-10T08:08:07Z,4,3,1,0,0,2666387123,"[{""name"":""lab-worker-1"",""cpu"":""0.40%"",""mem"":""93.34MiB / 122.8GiB""},{""name"":""lab-allegro-stub"",""cpu"":""0.00%"",""mem"":""15.73MiB / 122.8GiB""},{""name"":""lab-erli-stub"",""cpu"":""0.00%"",""mem"":""15.64MiB / 122.8GiB""},{""name"":""lab-eparagony-stub"",""cpu"":""0.00%"",""mem"":""15.68MiB / 122.8GiB""},{""name"":""lab-invoicing-stub"",""cpu"":""0.00%"",""mem"":""15.72MiB / 122.8GiB""},{""name"":""lab-shipping-stub"",""cpu"":""0.00%"",""mem"":""15.8MiB / 122.8GiB""},{""name"":""lab-api"",""cpu"":""0.00%"",""mem"":""148.6MiB / 122.8GiB""},{""name"":""lab-eparagony-stub-tls"",""cpu"":""0.00%"",""mem"":""23.64MiB / 122.8GiB""},{""name"":""lab-erli-stub-tls"",""cpu"":""0.00%"",""mem"":""22.95MiB / 122.8GiB""},{""name"":""lab-wc-tls"",""cpu"":""0.00%"",""mem"":""23.06MiB / 122.8GiB""},{""name"":""lab-prestashop"",""cpu"":""0.00%"",""mem"":""117.2MiB / 122.8GiB""},{""name"":""lab-woocommerce"",""cpu"":""0.01%"",""mem"":""224.4MiB / 122.8GiB""},{""name"":""lab-redis"",""cpu"":""0.29%"",""mem"":""77.55MiB / 122.8GiB""},{""name"":""lab-postgres"",""cpu"":""0.30%"",""mem"":""235.9MiB / 122.8GiB""},{""name"":""lab-mysql"",""cpu"":""0.82%"",""mem"":""715MiB / 122.8GiB""},{""name"":""lab-woocommerce-mysql"",""cpu"":""1.10%"",""mem"":""494MiB / 122.8GiB""}]"
2026-09-10T08:08:11Z,3,3,1,0,0,2666387123,"[{""name"":""lab-worker-1"",""cpu"":""0.39%"",""mem"":""93.59MiB / 122.8GiB""},{""name"":""lab-allegro-stub"",""cpu"":""0.02%"",""mem"":""15.73MiB / 122.8GiB""},{""name"":""lab-erli-stub"",""cpu"":""4.07%"",""mem"":""15.68MiB / 122.8GiB""},{""name"":""lab-eparagony-stub"",""cpu"":""0.02%"",""mem"":""15.69MiB / 122.8GiB""},{""name"":""lab-invoicing-stub"",""cpu"":""3.88%"",""mem"":""15.72MiB / 122.8GiB""},{""name"":""lab-shipping-stub"",""cpu"":""0.00%"",""mem"":""15.8MiB / 122.8GiB""},{""name"":""lab-api"",""cpu"":""0.00%"",""mem"":""148.6MiB / 122.8GiB""},{""name"":""lab-eparagony-stub-tls"",""cpu"":""0.00%"",""mem"":""23.64MiB / 122.8GiB""},{""name"":""lab-erli-stub-tls"",""cpu"":""0.00%"",""mem"":""22.95MiB / 122.8GiB""},{""name"":""lab-wc-tls"",""cpu"":""0.00%"",""mem"":""23.06MiB / 122.8GiB""},{""name"":""lab-prestashop"",""cpu"":""0.01%"",""mem"":""117.2MiB / 122.8GiB""},{""name"":""lab-woocommerce"",""cpu"":""0.01%"",""mem"":""224.4MiB / 122.8GiB""},{""name"":""lab-redis"",""cpu"":""0.28%"",""mem"":""77.8MiB / 122.8GiB""},{""name"":""lab-postgres"",""cpu"":""3.11%"",""mem"":""235.9MiB / 122.8GiB""},{""name"":""lab-mysql"",""cpu"":""0.90%"",""mem"":""715MiB / 122.8GiB""},{""name"":""lab-woocommerce-mysql"",""cpu"":""1.07%"",""mem"":""494MiB / 122.8GiB""}]"
2026-09-10T08:08:15Z,4,3,1,0,0,2666387123,"[{""name"":""lab-worker-1"",""cpu"":""1.77%"",""mem"":""93.37MiB / 122.8GiB""},{""name"":""lab-allegro-stub"",""cpu"":""3.49%"",""mem"":""15.8MiB / 122.8GiB""},{""name"":""lab-erli-stub"",""cpu"":""0.00%"",""mem"":""15.64MiB / 122.8GiB""},{""name"":""lab-eparagony-stub"",""cpu"":""0.00%"",""mem"":""15.68MiB / 122.8GiB""},{""name"":""lab-invoicing-stub"",""cpu"":""4.09%"",""mem"":""15.76MiB / 122.8GiB""},{""name"":""lab-shipping-stub"",""cpu"":""4.00%"",""mem"":""15.82MiB / 122.8GiB""},{""name"":""lab-api"",""cpu"":""0.00%"",""mem"":""148.6MiB / 122.8GiB""},{""name"":""lab-eparagony-stub-tls"",""cpu"":""0.00%"",""mem"":""23.64MiB / 122.8GiB""},{""name"":""lab-erli-stub-tls"",""cpu"":""0.00%"",""mem"":""22.95MiB / 122.8GiB""},{""name"":""lab-wc-tls"",""cpu"":""0.00%"",""mem"":""23.06MiB / 122.8GiB""},{""name"":""lab-prestashop"",""cpu"":""0.00%"",""mem"":""117.2MiB / 122.8GiB""},{""name"":""lab-woocommerce"",""cpu"":""0.01%"",""mem"":""224.4MiB / 122.8GiB""},{""name"":""lab-redis"",""cpu"":""0.25%"",""mem"":""77.55MiB / 122.8GiB""},{""name"":""lab-postgres"",""cpu"":""5.18%"",""mem"":""235.9MiB / 122.8GiB""},{""name"":""lab-mysql"",""cpu"":""0.81%"",""mem"":""715MiB / 122.8GiB""},{""name"":""lab-woocommerce-mysql"",""cpu"":""1.05%"",""mem"":""494MiB / 122.8GiB""}]"
2026-09-10T08:08:19Z,4,3,1,0,0,2666387123,"[{""name"":""lab-worker-1"",""cpu"":""3.59%"",""mem"":""94.11MiB / 122.8GiB""},{""name"":""lab-allegro-stub"",""cpu"":""0.00%"",""mem"":""15.73MiB / 122.8GiB""},{""name"":""lab-erli-stub"",""cpu"":""0.00%"",""mem"":""15.64MiB / 122.8GiB""},{""name"":""lab-eparagony-stub"",""cpu"":""0.00%"",""mem"":""15.68MiB / 122.8GiB""},{""name"":""lab-invoicing-stub"",""cpu"":""0.00%"",""mem"":""15.72MiB / 122.8GiB""},{""name"":""lab-shipping-stub"",""cpu"":""0.00%"",""mem"":""15.82MiB / 122.8GiB""},{""name"":""lab-api"",""cpu"":""0.00%"",""mem"":""148.6MiB / 122.8GiB""},{""name"":""lab-eparagony-stub-tls"",""cpu"":""0.00%"",""mem"":""23.64MiB / 122.8GiB""},{""name"":""lab-erli-stub-tls"",""cpu"":""0.00%"",""mem"":""22.95MiB / 122.8GiB""},{""name"":""lab-wc-tls"",""cpu"":""0.00%"",""mem"":""23.06MiB / 122.8GiB""},{""name"":""lab-prestashop"",""cpu"":""0.01%"",""mem"":""117.2MiB / 122.8GiB""},{""name"":""lab-woocommerce"",""cpu"":""0.01%"",""mem"":""224.4MiB / 122.8GiB""},{""name"":""lab-redis"",""cpu"":""0.31%"",""mem"":""77.8MiB / 122.8GiB""},{""name"":""lab-postgres"",""cpu"":""0.41%"",""mem"":""235.9MiB / 122.8GiB""},{""name"":""lab-mysql"",""cpu"":""5.45%"",""mem"":""715.1MiB / 122.8GiB""},{""name"":""lab-woocommerce-mysql"",""cpu"":""1.11%"",""mem"":""494MiB / 122.8GiB""}]"
2026-09-10T08:08:22Z,4,3,1,0,0,2666387123,"[{""name"":""lab-worker-1"",""cpu"":""0.41%"",""mem"":""93.33MiB / 122.8GiB""},{""name"":""lab-allegro-stub"",""cpu"":""0.00%"",""mem"":""15.73MiB / 122.8GiB""},{""name"":""lab-erli-stub"",""cpu"":""0.00%"",""mem"":""15.64MiB / 122.8GiB""},{""name"":""lab-eparagony-stub"",""cpu"":""0.00%"",""mem"":""15.68MiB / 122.8GiB""},{""name"":""lab-invoicing-stub"",""cpu"":""0.00%"",""mem"":""15.72MiB / 122.8GiB""},{""name"":""lab-shipping-stub"",""cpu"":""0.00%"",""mem"":""15.8MiB / 122.8GiB""},{""name"":""lab-api"",""cpu"":""0.00%"",""mem"":""148.6MiB / 122.8GiB""},{""name"":""lab-eparagony-stub-tls"",""cpu"":""0.00%"",""mem"":""23.64MiB / 122.8GiB""},{""name"":""lab-erli-stub-tls"",""cpu"":""0.00%"",""mem"":""22.95MiB / 122.8GiB""},{""name"":""lab-wc-tls"",""cpu"":""0.00%"",""mem"":""23.06MiB / 122.8GiB""},{""name"":""lab-prestashop"",""cpu"":""0.01%"",""mem"":""117.2MiB / 122.8GiB""},{""name"":""lab-woocommerce"",""cpu"":""0.01%"",""mem"":""224.4MiB / 122.8GiB""},{""name"":""lab-redis"",""cpu"":""0.27%"",""mem"":""77.55MiB / 122.8GiB""},{""name"":""lab-postgres"",""cpu"":""0.46%"",""mem"":""236.2MiB / 122.8GiB""},{""name"":""lab-mysql"",""cpu"":""0.91%"",""mem"":""715MiB / 122.8GiB""},{""name"":""lab-woocommerce-mysql"",""cpu"":""0.95%"",""mem"":""494MiB / 122.8GiB""}]"
2026-09-10T08:08:26Z,3,3,1,0,0,2666387123,"[{""name"":""lab-worker-1"",""cpu"":""1.90%"",""mem"":""93.37MiB / 122.8GiB""},{""name"":""lab-allegro-stub"",""cpu"":""0.01%"",""mem"":""15.73MiB / 122.8GiB""},{""name"":""lab-erli-stub"",""cpu"":""4.17%"",""mem"":""15.64MiB / 122.8GiB""},{""name"":""lab-eparagony-stub"",""cpu"":""4.96%"",""mem"":""15.91MiB / 122.8GiB""},{""name"":""lab-invoicing-stub"",""cpu"":""0.01%"",""mem"":""15.73MiB / 122.8GiB""},{""name"":""lab-shipping-stub"",""cpu"":""0.00%"",""mem"":""15.8MiB / 122.8GiB""},{""name"":""lab-api"",""cpu"":""0.00%"",""mem"":""148.6MiB / 122.8GiB""},{""name"":""lab-eparagony-stub-tls"",""cpu"":""0.00%"",""mem"":""23.64MiB / 122.8GiB""},{""name"":""lab-erli-stub-tls"",""cpu"":""0.00%"",""mem"":""22.95MiB / 122.8GiB""},{""name"":""lab-wc-tls"",""cpu"":""0.00%"",""mem"":""23.06MiB / 122.8GiB""},{""name"":""lab-prestashop"",""cpu"":""0.00%"",""mem"":""117.2MiB / 122.8GiB""},{""name"":""lab-woocommerce"",""cpu"":""0.00%"",""mem"":""224.4MiB / 122.8GiB""},{""name"":""lab-redis"",""cpu"":""0.31%"",""mem"":""77.8MiB / 122.8GiB""},{""name"":""lab-postgres"",""cpu"":""13.30%"",""mem"":""235.9MiB / 122.8GiB""},{""name"":""lab-mysql"",""cpu"":""0.83%"",""mem"":""715MiB / 122.8GiB""},{""name"":""lab-woocommerce-mysql"",""cpu"":""0.91%"",""mem"":""494MiB / 122.8GiB""}]"
2026-09-10T08:08:30Z,4,3,1,0,0,2666387123,"[{""name"":""lab-worker-1"",""cpu"":""0.50%"",""mem"":""93.37MiB / 122.8GiB""},{""name"":""lab-allegro-stub"",""cpu"":""4.05%"",""mem"":""15.77MiB / 122.8GiB""},{""name"":""lab-erli-stub"",""cpu"":""0.00%"",""mem"":""15.64MiB / 122.8GiB""},{""name"":""lab-eparagony-stub"",""cpu"":""0.00%"",""mem"":""15.68MiB / 122.8GiB""},{""name"":""lab-invoicing-stub"",""cpu"":""3.93%"",""mem"":""15.75MiB / 122.8GiB""},{""name"":""lab-shipping-stub"",""cpu"":""4.20%"",""mem"":""15.82MiB / 122.8GiB""},{""name"":""lab-api"",""cpu"":""0.00%"",""mem"":""148.6MiB / 122.8GiB""},{""name"":""lab-eparagony-stub-tls"",""cpu"":""0.00%"",""mem"":""23.64MiB / 122.8GiB""},{""name"":""lab-erli-stub-tls"",""cpu"":""0.00%"",""mem"":""22.95MiB / 122.8GiB""},{""name"":""lab-wc-tls"",""cpu"":""0.00%"",""mem"":""23.06MiB / 122.8GiB""},{""name"":""lab-prestashop"",""cpu"":""0.01%"",""mem"":""117.2MiB / 122.8GiB""},{""name"":""lab-woocommerce"",""cpu"":""0.01%"",""mem"":""224.4MiB / 122.8GiB""},{""name"":""lab-redis"",""cpu"":""0.26%"",""mem"":""77.55MiB / 122.8GiB""},{""name"":""lab-postgres"",""cpu"":""0.29%"",""mem"":""235.9MiB / 122.8GiB""},{""name"":""lab-mysql"",""cpu"":""0.89%"",""mem"":""715MiB / 122.8GiB""},{""name"":""lab-woocommerce-mysql"",""cpu"":""1.04%"",""mem"":""494MiB / 122.8GiB""}]"
2026-09-10T08:08:34Z,4,3,1,0,0,2666387123,"[{""name"":""lab-worker-1"",""cpu"":""1.39%"",""mem"":""93.92MiB / 122.8GiB""},{""name"":""lab-allegro-stub"",""cpu"":""0.00%"",""mem"":""15.73MiB / 122.8GiB""},{""name"":""lab-erli-stub"",""cpu"":""0.00%"",""mem"":""15.64MiB / 122.8GiB""},{""name"":""lab-eparagony-stub"",""cpu"":""0.00%"",""mem"":""15.68MiB / 122.8GiB""},{""name"":""lab-invoicing-stub"",""cpu"":""0.00%"",""mem"":""15.72MiB / 122.8GiB""},{""name"":""lab-shipping-stub"",""cpu"":""0.00%"",""mem"":""15.8MiB / 122.8GiB""},{""name"":""lab-api"",""cpu"":""0.00%"",""mem"":""148.6MiB / 122.8GiB""},{""name"":""lab-eparagony-stub-tls"",""cpu"":""0.00%"",""mem"":""23.64MiB / 122.8GiB""},{""name"":""lab-erli-stub-tls"",""cpu"":""0.00%"",""mem"":""22.95MiB / 122.8GiB""},{""name"":""lab-wc-tls"",""cpu"":""0.00%"",""mem"":""23.06MiB / 122.8GiB""},{""name"":""lab-prestashop"",""cpu"":""0.01%"",""mem"":""117.2MiB / 122.8GiB""},{""name"":""lab-woocommerce"",""cpu"":""0.01%"",""mem"":""224.4MiB / 122.8GiB""},{""name"":""lab-redis"",""cpu"":""4.57%"",""mem"":""77.68MiB / 122.8GiB""},{""name"":""lab-postgres"",""cpu"":""0.28%"",""mem"":""235.9MiB / 122.8GiB""},{""name"":""lab-mysql"",""cpu"":""1.02%"",""mem"":""715MiB / 122.8GiB""},{""name"":""lab-woocommerce-mysql"",""cpu"":""1.06%"",""mem"":""494MiB / 122.8GiB""}]"
2026-09-10T08:08:37Z,4,3,1,0,0,2666387123,"[{""name"":""lab-worker-1"",""cpu"":""0.39%"",""mem"":""93.62MiB / 122.8GiB""},{""name"":""lab-allegro-stub"",""cpu"":""0.00%"",""mem"":""15.73MiB / 122.8GiB""},{""name"":""lab-erli-stub"",""cpu"":""4.14%"",""mem"":""15.65MiB / 122.8GiB""},{""name"":""lab-eparagony-stub"",""cpu"":""0.00%"",""mem"":""15.68MiB / 122.8GiB""},{""name"":""lab-invoicing-stub"",""cpu"":""0.00%"",""mem"":""15.72MiB / 122.8GiB""},{""name"":""lab-shipping-stub"",""cpu"":""0.00%"",""mem"":""15.8MiB / 122.8GiB""},{""name"":""lab-api"",""cpu"":""0.00%"",""mem"":""148.6MiB / 122.8GiB""},{""name"":""lab-eparagony-stub-tls"",""cpu"":""0.00%"",""mem"":""23.64MiB / 122.8GiB""},{""name"":""lab-erli-stub-tls"",""cpu"":""0.00%"",""mem"":""22.95MiB / 122.8GiB""},{""name"":""lab-wc-tls"",""cpu"":""0.00%"",""mem"":""23.06MiB / 122.8GiB""},{""name"":""lab-prestashop"",""cpu"":""0.01%"",""mem"":""117.2MiB / 122.8GiB""},{""name"":""lab-woocommerce"",""cpu"":""0.01%"",""mem"":""224.4MiB / 122.8GiB""},{""name"":""lab-redis"",""cpu"":""0.27%"",""mem"":""77.55MiB / 122.8GiB""},{""name"":""lab-postgres"",""cpu"":""1.18%"",""mem"":""236MiB / 122.8GiB""},{""name"":""lab-mysql"",""cpu"":""0.93%"",""mem"":""715MiB / 122.8GiB""},{""name"":""lab-woocommerce-mysql"",""cpu"":""1.03%"",""mem"":""494MiB / 122.8GiB""}]"
2026-09-10T08:08:41Z,3,3,1,0,0,2666387123,"[{""name"":""lab-worker-1"",""cpu"":""0.38%"",""mem"":""93.37MiB / 122.8GiB""},{""name"":""lab-allegro-stub"",""cpu"":""0.01%"",""mem"":""15.73MiB / 122.8GiB""},{""name"":""lab-erli-stub"",""cpu"":""4.25%"",""mem"":""15.77MiB / 122.8GiB""},{""name"":""lab-eparagony-stub"",""cpu"":""3.94%"",""mem"":""15.72MiB / 122.8GiB""},{""name"":""lab-invoicing-stub"",""cpu"":""0.01%"",""mem"":""15.72MiB / 122.8GiB""},{""name"":""lab-shipping-stub"",""cpu"":""0.00%"",""mem"":""15.8MiB / 122.8GiB""},{""name"":""lab-api"",""cpu"":""0.00%"",""mem"":""148.6MiB / 122.8GiB""},{""name"":""lab-eparagony-stub-tls"",""cpu"":""0.00%"",""mem"":""23.64MiB / 122.8GiB""},{""name"":""lab-erli-stub-tls"",""cpu"":""0.00%"",""mem"":""22.95MiB / 122.8GiB""},{""name"":""lab-wc-tls"",""cpu"":""0.00%"",""mem"":""23.06MiB / 122.8GiB""},{""name"":""lab-prestashop"",""cpu"":""0.01%"",""mem"":""117.2MiB / 122.8GiB""},{""name"":""lab-woocommerce"",""cpu"":""0.01%"",""mem"":""224.4MiB / 122.8GiB""},{""name"":""lab-redis"",""cpu"":""0.29%"",""mem"":""77.55MiB / 122.8GiB""},{""name"":""lab-postgres"",""cpu"":""0.28%"",""mem"":""235.9MiB / 122.8GiB""},{""name"":""lab-mysql"",""cpu"":""0.90%"",""mem"":""715MiB / 122.8GiB""},{""name"":""lab-woocommerce-mysql"",""cpu"":""0.88%"",""mem"":""494MiB / 122.8GiB""}]"
2026-09-10T08:08:45Z,4,3,1,0,0,2666387123,"[{""name"":""lab-worker-1"",""cpu"":""0.38%"",""mem"":""93.62MiB / 122.8GiB""},{""name"":""lab-allegro-stub"",""cpu"":""0.00%"",""mem"":""15.73MiB / 122.8GiB""},{""name"":""lab-erli-stub"",""cpu"":""0.00%"",""mem"":""15.64MiB / 122.8GiB""},{""name"":""lab-eparagony-stub"",""cpu"":""0.00%"",""mem"":""15.68MiB / 122.8GiB""},{""name"":""lab-invoicing-stub"",""cpu"":""3.79%"",""mem"":""16.5MiB / 122.8GiB""},{""name"":""lab-shipping-stub"",""cpu"":""3.93%"",""mem"":""15.84MiB / 122.8GiB""},{""name"":""lab-api"",""cpu"":""0.00%"",""mem"":""148.6MiB / 122.8GiB""},{""name"":""lab-eparagony-stub-tls"",""cpu"":""0.00%"",""mem"":""23.64MiB / 122.8GiB""},{""name"":""lab-erli-stub-tls"",""cpu"":""0.00%"",""mem"":""22.95MiB / 122.8GiB""},{""name"":""lab-wc-tls"",""cpu"":""0.00%"",""mem"":""23.06MiB / 122.8GiB""},{""name"":""lab-prestashop"",""cpu"":""0.01%"",""mem"":""117.2MiB / 122.8GiB""},{""name"":""lab-woocommerce"",""cpu"":""0.01%"",""mem"":""224.4MiB / 122.8GiB""},{""name"":""lab-redis"",""cpu"":""0.26%"",""mem"":""77.55MiB / 122.8GiB""},{""name"":""lab-postgres"",""cpu"":""5.92%"",""mem"":""235.9MiB / 122.8GiB""},{""name"":""lab-mysql"",""cpu"":""0.93%"",""mem"":""715MiB / 122.8GiB""},{""name"":""lab-woocommerce-mysql"",""cpu"":""0.97%"",""mem"":""494MiB / 122.8GiB""}]"
2026-09-10T08:08:49Z,4,3,1,0,0,2666387123,"[{""name"":""lab-worker-1"",""cpu"":""0.50%"",""mem"":""93.38MiB / 122.8GiB""},{""name"":""lab-allegro-stub"",""cpu"":""0.00%"",""mem"":""15.73MiB / 122.8GiB""},{""name"":""lab-erli-stub"",""cpu"":""0.00%"",""mem"":""15.64MiB / 122.8GiB""},{""name"":""lab-eparagony-stub"",""cpu"":""0.00%"",""mem"":""15.69MiB / 122.8GiB""},{""name"":""lab-invoicing-stub"",""cpu"":""0.00%"",""mem"":""15.72MiB / 122.8GiB""},{""name"":""lab-shipping-stub"",""cpu"":""0.00%"",""mem"":""15.8MiB / 122.8GiB""},{""name"":""lab-api"",""cpu"":""0.00%"",""mem"":""148.6MiB / 122.8GiB""},{""name"":""lab-eparagony-stub-tls"",""cpu"":""0.00%"",""mem"":""23.64MiB / 122.8GiB""},{""name"":""lab-erli-stub-tls"",""cpu"":""0.00%"",""mem"":""22.95MiB / 122.8GiB""},{""name"":""lab-wc-tls"",""cpu"":""0.00%"",""mem"":""23.06MiB / 122.8GiB""},{""name"":""lab-prestashop"",""cpu"":""0.01%"",""mem"":""117.2MiB / 122.8GiB""},{""name"":""lab-woocommerce"",""cpu"":""0.01%"",""mem"":""224.4MiB / 122.8GiB""},{""name"":""lab-redis"",""cpu"":""0.28%"",""mem"":""77.55MiB / 122.8GiB""},{""name"":""lab-postgres"",""cpu"":""0.30%"",""mem"":""235.9MiB / 122.8GiB""},{""name"":""lab-mysql"",""cpu"":""5.39%"",""mem"":""715.3MiB / 122.8GiB""},{""name"":""lab-woocommerce-mysql"",""cpu"":""0.94%"",""mem"":""494MiB / 122.8GiB""}]"
2026-09-10T08:08:52Z,4,3,1,0,0,2666387123,"[{""name"":""lab-worker-1"",""cpu"":""0.35%"",""mem"":""93.37MiB / 122.8GiB""},{""name"":""lab-allegro-stub"",""cpu"":""0.00%"",""mem"":""15.73MiB / 122.8GiB""},{""name"":""lab-erli-stub"",""cpu"":""0.01%"",""mem"":""15.65MiB / 122.8GiB""},{""name"":""lab-eparagony-stub"",""cpu"":""0.00%"",""mem"":""15.68MiB / 122.8GiB""},{""name"":""lab-invoicing-stub"",""cpu"":""0.00%"",""mem"":""15.72MiB / 122.8GiB""},{""name"":""lab-shipping-stub"",""cpu"":""0.00%"",""mem"":""15.8MiB / 122.8GiB""},{""name"":""lab-api"",""cpu"":""0.00%"",""mem"":""148.6MiB / 122.8GiB""},{""name"":""lab-eparagony-stub-tls"",""cpu"":""0.00%"",""mem"":""23.64MiB / 122.8GiB""},{""name"":""lab-erli-stub-tls"",""cpu"":""0.00%"",""mem"":""22.95MiB / 122.8GiB""},{""name"":""lab-wc-tls"",""cpu"":""0.00%"",""mem"":""23.06MiB / 122.8GiB""},{""name"":""lab-prestashop"",""cpu"":""0.00%"",""mem"":""117.2MiB / 122.8GiB""},{""name"":""lab-woocommerce"",""cpu"":""0.01%"",""mem"":""224.4MiB / 122.8GiB""},{""name"":""lab-redis"",""cpu"":""0.25%"",""mem"":""77.8MiB / 122.8GiB""},{""name"":""lab-postgres"",""cpu"":""12.42%"",""mem"":""236MiB / 122.8GiB""},{""name"":""lab-mysql"",""cpu"":""0.86%"",""mem"":""715MiB / 122.8GiB""},{""name"":""lab-woocommerce-mysql"",""cpu"":""5.18%"",""mem"":""494.3MiB / 122.8GiB""}]"
2026-09-10T08:08:56Z,3,3,1,0,0,2666387123,"[{""name"":""lab-worker-1"",""cpu"":""0.59%"",""mem"":""93.37MiB / 122.8GiB""},{""name"":""lab-allegro-stub"",""cpu"":""4.18%"",""mem"":""15.75MiB / 122.8GiB""},{""name"":""lab-erli-stub"",""cpu"":""4.28%"",""mem"":""15.78MiB / 122.8GiB""},{""name"":""lab-eparagony-stub"",""cpu"":""4.25%"",""mem"":""15.69MiB / 122.8GiB""},{""name"":""lab-invoicing-stub"",""cpu"":""0.01%"",""mem"":""15.74MiB / 122.8GiB""},{""name"":""lab-shipping-stub"",""cpu"":""0.01%"",""mem"":""15.8MiB / 122.8GiB""},{""name"":""lab-api"",""cpu"":""0.00%"",""mem"":""148.6MiB / 122.8GiB""},{""name"":""lab-eparagony-stub-tls"",""cpu"":""0.00%"",""mem"":""23.64MiB / 122.8GiB""},{""name"":""lab-erli-stub-tls"",""cpu"":""0.00%"",""mem"":""22.95MiB / 122.8GiB""},{""name"":""lab-wc-tls"",""cpu"":""0.00%"",""mem"":""23.06MiB / 122.8GiB""},{""name"":""lab-prestashop"",""cpu"":""0.00%"",""mem"":""117.2MiB / 122.8GiB""},{""name"":""lab-woocommerce"",""cpu"":""0.01%"",""mem"":""224.4MiB / 122.8GiB""},{""name"":""lab-redis"",""cpu"":""0.33%"",""mem"":""77.55MiB / 122.8GiB""},{""name"":""lab-postgres"",""cpu"":""0.27%"",""mem"":""236MiB / 122.8GiB""},{""name"":""lab-mysql"",""cpu"":""0.92%"",""mem"":""715MiB / 122.8GiB""},{""name"":""lab-woocommerce-mysql"",""cpu"":""0.89%"",""mem"":""494MiB / 122.8GiB""}]"
2026-09-10T08:09:00Z,4,3,1,0,0,2666387123,"[{""name"":""lab-worker-1"",""cpu"":""0.48%"",""mem"":""93.62MiB / 122.8GiB""},{""name"":""lab-allegro-stub"",""cpu"":""0.00%"",""mem"":""15.73MiB / 122.8GiB""},{""name"":""lab-erli-stub"",""cpu"":""0.00%"",""mem"":""15.64MiB / 122.8GiB""},{""name"":""lab-eparagony-stub"",""cpu"":""0.00%"",""mem"":""15.68MiB / 122.8GiB""},{""name"":""lab-invoicing-stub"",""cpu"":""0.00%"",""mem"":""15.72MiB / 122.8GiB""},{""name"":""lab-shipping-stub"",""cpu"":""4.15%"",""mem"":""15.84MiB / 122.8GiB""},{""name"":""lab-api"",""cpu"":""0.00%"",""mem"":""148.6MiB / 122.8GiB""},{""name"":""lab-eparagony-stub-tls"",""cpu"":""0.00%"",""mem"":""23.64MiB / 122.8GiB""},{""name"":""lab-erli-stub-tls"",""cpu"":""0.00%"",""mem"":""22.95MiB / 122.8GiB""},{""name"":""lab-wc-tls"",""cpu"":""0.00%"",""mem"":""23.06MiB / 122.8GiB""},{""name"":""lab-prestashop"",""cpu"":""0.00%"",""mem"":""117.2MiB / 122.8GiB""},{""name"":""lab-woocommerce"",""cpu"":""0.01%"",""mem"":""224.4MiB / 122.8GiB""},{""name"":""lab-redis"",""cpu"":""0.28%"",""mem"":""77.8MiB / 122.8GiB""},{""name"":""lab-postgres"",""cpu"":""0.26%"",""mem"":""235.9MiB / 122.8GiB""},{""name"":""lab-mysql"",""cpu"":""0.98%"",""mem"":""715MiB / 122.8GiB""},{""name"":""lab-woocommerce-mysql"",""cpu"":""0.89%"",""mem"":""494MiB / 122.8GiB""}]"
2026-09-10T08:09:04Z,4,3,1,0,0,2666387123,"[{""name"":""lab-worker-1"",""cpu"":""1.87%"",""mem"":""93.62MiB / 122.8GiB""},{""name"":""lab-allegro-stub"",""cpu"":""0.00%"",""mem"":""15.73MiB / 122.8GiB""},{""name"":""lab-erli-stub"",""cpu"":""0.00%"",""mem"":""15.64MiB / 122.8GiB""},{""name"":""lab-eparagony-stub"",""cpu"":""0.00%"",""mem"":""15.68MiB / 122.8GiB""},{""name"":""lab-invoicing-stub"",""cpu"":""0.00%"",""mem"":""15.72MiB / 122.8GiB""},{""name"":""lab-shipping-stub"",""cpu"":""0.00%"",""mem"":""15.8MiB / 122.8GiB""},{""name"":""lab-api"",""cpu"":""0.00%"",""mem"":""148.6MiB / 122.8GiB""},{""name"":""lab-eparagony-stub-tls"",""cpu"":""0.00%"",""mem"":""23.64MiB / 122.8GiB""},{""name"":""lab-erli-stub-tls"",""cpu"":""0.00%"",""mem"":""22.95MiB / 122.8GiB""},{""name"":""lab-wc-tls"",""cpu"":""0.00%"",""mem"":""23.06MiB / 122.8GiB""},{""name"":""lab-prestashop"",""cpu"":""0.01%"",""mem"":""117.2MiB / 122.8GiB""},{""name"":""lab-woocommerce"",""cpu"":""0.01%"",""mem"":""224.4MiB / 122.8GiB""},{""name"":""lab-redis"",""cpu"":""0.32%"",""mem"":""77.8MiB / 122.8GiB""},{""name"":""lab-postgres"",""cpu"":""0.29%"",""mem"":""236.1MiB / 122.8GiB""},{""name"":""lab-mysql"",""cpu"":""1.07%"",""mem"":""715MiB / 122.8GiB""},{""name"":""lab-woocommerce-mysql"",""cpu"":""5.47%"",""mem"":""494.1MiB / 122.8GiB""}]"
2026-09-10T08:09:07Z,4,3,1,0,0,2666387123,"[{""name"":""lab-worker-1"",""cpu"":""0.50%"",""mem"":""93.44MiB / 122.8GiB""},{""name"":""lab-allegro-stub"",""cpu"":""0.00%"",""mem"":""15.73MiB / 122.8GiB""},{""name"":""lab-erli-stub"",""cpu"":""4.21%"",""mem"":""15.7MiB / 122.8GiB""},{""name"":""lab-eparagony-stub"",""cpu"":""0.02%"",""mem"":""15.68MiB / 122.8GiB""},{""name"":""lab-invoicing-stub"",""cpu"":""0.00%"",""mem"":""15.72MiB / 122.8GiB""},{""name"":""lab-shipping-stub"",""cpu"":""0.00%"",""mem"":""15.8MiB / 122.8GiB""},{""name"":""lab-api"",""cpu"":""0.00%"",""mem"":""148.6MiB / 122.8GiB""},{""name"":""lab-eparagony-stub-tls"",""cpu"":""0.00%"",""mem"":""23.64MiB / 122.8GiB""},{""name"":""lab-erli-stub-tls"",""cpu"":""0.00%"",""mem"":""22.95MiB / 122.8GiB""},{""name"":""lab-wc-tls"",""cpu"":""0.00%"",""mem"":""23.06MiB / 122.8GiB""},{""name"":""lab-prestashop"",""cpu"":""0.01%"",""mem"":""117.2MiB / 122.8GiB""},{""name"":""lab-woocommerce"",""cpu"":""0.01%"",""mem"":""224.4MiB / 122.8GiB""},{""name"":""lab-redis"",""cpu"":""0.28%"",""mem"":""77.55MiB / 122.8GiB""},{""name"":""lab-postgres"",""cpu"":""0.30%"",""mem"":""235.9MiB / 122.8GiB""},{""name"":""lab-mysql"",""cpu"":""0.91%"",""mem"":""715MiB / 122.8GiB""},{""name"":""lab-woocommerce-mysql"",""cpu"":""0.94%"",""mem"":""494MiB / 122.8GiB""}]"
2026-09-10T08:09:11Z,3,3,0,0,0,2666387123,"[{""name"":""lab-worker-1"",""cpu"":""0.34%"",""mem"":""93.7MiB / 122.8GiB""},{""name"":""lab-allegro-stub"",""cpu"":""4.20%"",""mem"":""15.76MiB / 122.8GiB""},{""name"":""lab-erli-stub"",""cpu"":""3.91%"",""mem"":""15.71MiB / 122.8GiB""},{""name"":""lab-eparagony-stub"",""cpu"":""4.10%"",""mem"":""15.69MiB / 122.8GiB""},{""name"":""lab-invoicing-stub"",""cpu"":""3.91%"",""mem"":""15.73MiB / 122.8GiB""},{""name"":""lab-shipping-stub"",""cpu"":""0.01%"",""mem"":""15.83MiB / 122.8GiB""},{""name"":""lab-api"",""cpu"":""0.00%"",""mem"":""148.6MiB / 122.8GiB""},{""name"":""lab-eparagony-stub-tls"",""cpu"":""0.00%"",""mem"":""23.64MiB / 122.8GiB""},{""name"":""lab-erli-stub-tls"",""cpu"":""0.00%"",""mem"":""22.95MiB / 122.8GiB""},{""name"":""lab-wc-tls"",""cpu"":""0.00%"",""mem"":""23.06MiB / 122.8GiB""},{""name"":""lab-prestashop"",""cpu"":""0.01%"",""mem"":""117.2MiB / 122.8GiB""},{""name"":""lab-woocommerce"",""cpu"":""0.00%"",""mem"":""224.4MiB / 122.8GiB""},{""name"":""lab-redis"",""cpu"":""0.29%"",""mem"":""77.8MiB / 122.8GiB""},{""name"":""lab-postgres"",""cpu"":""0.31%"",""mem"":""238.3MiB / 122.8GiB""},{""name"":""lab-mysql"",""cpu"":""0.88%"",""mem"":""715MiB / 122.8GiB""},{""name"":""lab-woocommerce-mysql"",""cpu"":""0.95%"",""mem"":""494MiB / 122.8GiB""}]"
2026-09-10T08:09:15Z,4,2,1,0,0,2666387123,"[{""name"":""lab-worker-1"",""cpu"":""0.45%"",""mem"":""93.71MiB / 122.8GiB""},{""name"":""lab-allegro-stub"",""cpu"":""0.00%"",""mem"":""15.73MiB / 122.8GiB""},{""name"":""lab-erli-stub"",""cpu"":""0.00%"",""mem"":""15.64MiB / 122.8GiB""},{""name"":""lab-eparagony-stub"",""cpu"":""0.00%"",""mem"":""15.68MiB / 122.8GiB""},{""name"":""lab-invoicing-stub"",""cpu"":""0.01%"",""mem"":""15.72MiB / 122.8GiB""},{""name"":""lab-shipping-stub"",""cpu"":""0.00%"",""mem"":""15.8MiB / 122.8GiB""},{""name"":""lab-api"",""cpu"":""0.00%"",""mem"":""148.6MiB / 122.8GiB""},{""name"":""lab-eparagony-stub-tls"",""cpu"":""0.00%"",""mem"":""23.64MiB / 122.8GiB""},{""name"":""lab-erli-stub-tls"",""cpu"":""0.00%"",""mem"":""22.95MiB / 122.8GiB""},{""name"":""lab-wc-tls"",""cpu"":""0.00%"",""mem"":""23.06MiB / 122.8GiB""},{""name"":""lab-prestashop"",""cpu"":""0.01%"",""mem"":""117.2MiB / 122.8GiB""},{""name"":""lab-woocommerce"",""cpu"":""0.01%"",""mem"":""224.4MiB / 122.8GiB""},{""name"":""lab-redis"",""cpu"":""0.30%"",""mem"":""77.81MiB / 122.8GiB""},{""name"":""lab-postgres"",""cpu"":""5.51%"",""mem"":""238.4MiB / 122.8GiB""},{""name"":""lab-mysql"",""cpu"":""0.92%"",""mem"":""715MiB / 122.8GiB""},{""name"":""lab-woocommerce-mysql"",""cpu"":""0.88%"",""mem"":""494MiB / 122.8GiB""}]"
2026-09-10T08:09:19Z,4,2,1,0,0,2666387123,"[{""name"":""lab-worker-1"",""cpu"":""0.38%"",""mem"":""93.95MiB / 122.8GiB""},{""name"":""lab-allegro-stub"",""cpu"":""0.00%"",""mem"":""15.73MiB / 122.8GiB""},{""name"":""lab-erli-stub"",""cpu"":""0.00%"",""mem"":""15.64MiB / 122.8GiB""},{""name"":""lab-eparagony-stub"",""cpu"":""0.00%"",""mem"":""15.68MiB / 122.8GiB""},{""name"":""lab-invoicing-stub"",""cpu"":""0.00%"",""mem"":""15.72MiB / 122.8GiB""},{""name"":""lab-shipping-stub"",""cpu"":""0.00%"",""mem"":""15.8MiB / 122.8GiB""},{""name"":""lab-api"",""cpu"":""0.00%"",""mem"":""148.6MiB / 122.8GiB""},{""name"":""lab-eparagony-stub-tls"",""cpu"":""0.00%"",""mem"":""23.64MiB / 122.8GiB""},{""name"":""lab-erli-stub-tls"",""cpu"":""0.00%"",""mem"":""22.95MiB / 122.8GiB""},{""name"":""lab-wc-tls"",""cpu"":""0.00%"",""mem"":""23.06MiB / 122.8GiB""},{""name"":""lab-prestashop"",""cpu"":""0.01%"",""mem"":""117.2MiB / 122.8GiB""},{""name"":""lab-woocommerce"",""cpu"":""0.00%"",""mem"":""224.4MiB / 122.8GiB""},{""name"":""lab-redis"",""cpu"":""0.31%"",""mem"":""77.55MiB / 122.8GiB""},{""name"":""lab-postgres"",""cpu"":""12.56%"",""mem"":""238.3MiB / 122.8GiB""},{""name"":""lab-mysql"",""cpu"":""0.90%"",""mem"":""715MiB / 122.8GiB""},{""name"":""lab-woocommerce-mysql"",""cpu"":""1.00%"",""mem"":""494MiB / 122.8GiB""}]"
2026-09-10T08:09:22Z,4,2,1,0,0,2666387123,"[{""name"":""lab-worker-1"",""cpu"":""0.35%"",""mem"":""93.82MiB / 122.8GiB""},{""name"":""lab-allegro-stub"",""cpu"":""0.00%"",""mem"":""15.73MiB / 122.8GiB""},{""name"":""lab-erli-stub"",""cpu"":""0.02%"",""mem"":""15.69MiB / 122.8GiB""},{""name"":""lab-eparagony-stub"",""cpu"":""0.01%"",""mem"":""15.68MiB / 122.8GiB""},{""name"":""lab-invoicing-stub"",""cpu"":""0.00%"",""mem"":""15.74MiB / 122.8GiB""},{""name"":""lab-shipping-stub"",""cpu"":""0.00%"",""mem"":""15.8MiB / 122.8GiB""},{""name"":""lab-api"",""cpu"":""0.00%"",""mem"":""148.6MiB / 122.8GiB""},{""name"":""lab-eparagony-stub-tls"",""cpu"":""0.00%"",""mem"":""23.64MiB / 122.8GiB""},{""name"":""lab-erli-stub-tls"",""cpu"":""0.00%"",""mem"":""22.95MiB / 122.8GiB""},{""name"":""lab-wc-tls"",""cpu"":""0.00%"",""mem"":""23.06MiB / 122.8GiB""},{""name"":""lab-prestashop"",""cpu"":""0.01%"",""mem"":""117.2MiB / 122.8GiB""},{""name"":""lab-woocommerce"",""cpu"":""0.00%"",""mem"":""224.4MiB / 122.8GiB""},{""name"":""lab-redis"",""cpu"":""0.28%"",""mem"":""77.8MiB / 122.8GiB""},{""name"":""lab-postgres"",""cpu"":""0.16%"",""mem"":""235.9MiB / 122.8GiB""},{""name"":""lab-mysql"",""cpu"":""0.92%"",""mem"":""715MiB / 122.8GiB""},{""name"":""lab-woocommerce-mysql"",""cpu"":""0.94%"",""mem"":""494MiB / 122.8GiB""}]"
2026-09-10T08:09:26Z,3,2,1,0,0,2666387123,"[{""name"":""lab-worker-1"",""cpu"":""0.42%"",""mem"":""93.58MiB / 122.8GiB""},{""name"":""lab-allegro-stub"",""cpu"":""3.80%"",""mem"":""15.75MiB / 122.8GiB""},{""name"":""lab-erli-stub"",""cpu"":""0.02%"",""mem"":""15.64MiB / 122.8GiB""},{""name"":""lab-eparagony-stub"",""cpu"":""4.28%"",""mem"":""15.7MiB / 122.8GiB""},{""name"":""lab-invoicing-stub"",""cpu"":""3.96%"",""mem"":""15.75MiB / 122.8GiB""},{""name"":""lab-shipping-stub"",""cpu"":""0.01%"",""mem"":""15.8MiB / 122.8GiB""},{""name"":""lab-api"",""cpu"":""0.00%"",""mem"":""148.6MiB / 122.8GiB""},{""name"":""lab-eparagony-stub-tls"",""cpu"":""0.00%"",""mem"":""23.64MiB / 122.8GiB""},{""name"":""lab-erli-stub-tls"",""cpu"":""0.00%"",""mem"":""22.95MiB / 122.8GiB""},{""name"":""lab-wc-tls"",""cpu"":""0.00%"",""mem"":""23.06MiB / 122.8GiB""},{""name"":""lab-prestashop"",""cpu"":""0.01%"",""mem"":""117.2MiB / 122.8GiB""},{""name"":""lab-woocommerce"",""cpu"":""0.01%"",""mem"":""224.4MiB / 122.8GiB""},{""name"":""lab-redis"",""cpu"":""0.29%"",""mem"":""77.55MiB / 122.8GiB""},{""name"":""lab-postgres"",""cpu"":""0.28%"",""mem"":""236.1MiB / 122.8GiB""},{""name"":""lab-mysql"",""cpu"":""0.82%"",""mem"":""715MiB / 122.8GiB""},{""name"":""lab-woocommerce-mysql"",""cpu"":""0.89%"",""mem"":""494MiB / 122.8GiB""}]"
2026-09-10T08:09:30Z,4,2,1,0,0,2666387123,"[{""name"":""lab-worker-1"",""cpu"":""0.51%"",""mem"":""93.58MiB / 122.8GiB""},{""name"":""lab-allegro-stub"",""cpu"":""0.00%"",""mem"":""15.73MiB / 122.8GiB""},{""name"":""lab-erli-stub"",""cpu"":""0.00%"",""mem"":""15.64MiB / 122.8GiB""},{""name"":""lab-eparagony-stub"",""cpu"":""0.00%"",""mem"":""15.68MiB / 122.8GiB""},{""name"":""lab-invoicing-stub"",""cpu"":""0.00%"",""mem"":""15.72MiB / 122.8GiB""},{""name"":""lab-shipping-stub"",""cpu"":""0.00%"",""mem"":""15.8MiB / 122.8GiB""},{""name"":""lab-api"",""cpu"":""0.00%"",""mem"":""148.6MiB / 122.8GiB""},{""name"":""lab-eparagony-stub-tls"",""cpu"":""0.00%"",""mem"":""23.64MiB / 122.8GiB""},{""name"":""lab-erli-stub-tls"",""cpu"":""0.00%"",""mem"":""22.95MiB / 122.8GiB""},{""name"":""lab-wc-tls"",""cpu"":""0.00%"",""mem"":""23.06MiB / 122.8GiB""},{""name"":""lab-prestashop"",""cpu"":""0.01%"",""mem"":""117.2MiB / 122.8GiB""},{""name"":""lab-woocommerce"",""cpu"":""0.01%"",""mem"":""224.4MiB / 122.8GiB""},{""name"":""lab-redis"",""cpu"":""0.26%"",""mem"":""77.8MiB / 122.8GiB""},{""name"":""lab-postgres"",""cpu"":""0.29%"",""mem"":""236.2MiB / 122.8GiB""},{""name"":""lab-mysql"",""cpu"":""4.99%"",""mem"":""715.1MiB / 122.8GiB""},{""name"":""lab-woocommerce-mysql"",""cpu"":""0.99%"",""mem"":""494MiB / 122.8GiB""}]"
2026-09-10T08:09:33Z,4,2,1,0,0,2666387123,"[{""name"":""lab-worker-1"",""cpu"":""0.35%"",""mem"":""93.83MiB / 122.8GiB""},{""name"":""lab-allegro-stub"",""cpu"":""0.00%"",""mem"":""15.73MiB / 122.8GiB""},{""name"":""lab-erli-stub"",""cpu"":""0.00%"",""mem"":""15.7MiB / 122.8GiB""},{""name"":""lab-eparagony-stub"",""cpu"":""0.00%"",""mem"":""15.68MiB / 122.8GiB""},{""name"":""lab-invoicing-stub"",""cpu"":""0.00%"",""mem"":""15.72MiB / 122.8GiB""},{""name"":""lab-shipping-stub"",""cpu"":""0.00%"",""mem"":""15.8MiB / 122.8GiB""},{""name"":""lab-api"",""cpu"":""0.00%"",""mem"":""148.6MiB / 122.8GiB""},{""name"":""lab-eparagony-stub-tls"",""cpu"":""0.00%"",""mem"":""23.64MiB / 122.8GiB""},{""name"":""lab-erli-stub-tls"",""cpu"":""0.00%"",""mem"":""22.95MiB / 122.8GiB""},{""name"":""lab-wc-tls"",""cpu"":""0.00%"",""mem"":""23.06MiB / 122.8GiB""},{""name"":""lab-prestashop"",""cpu"":""0.01%"",""mem"":""117.2MiB / 122.8GiB""},{""name"":""lab-woocommerce"",""cpu"":""0.01%"",""mem"":""224.4MiB / 122.8GiB""},{""name"":""lab-redis"",""cpu"":""0.30%"",""mem"":""77.55MiB / 122.8GiB""},{""name"":""lab-postgres"",""cpu"":""3.93%"",""mem"":""243.1MiB / 122.8GiB""},{""name"":""lab-mysql"",""cpu"":""0.87%"",""mem"":""715MiB / 122.8GiB""},{""name"":""lab-woocommerce-mysql"",""cpu"":""1.01%"",""mem"":""494MiB / 122.8GiB""}]"
2026-09-10T08:09:37Z,4,2,1,0,0,2666387123,"[{""name"":""lab-worker-1"",""cpu"":""0.35%"",""mem"":""93.83MiB / 122.8GiB""},{""name"":""lab-allegro-stub"",""cpu"":""0.01%"",""mem"":""15.73MiB / 122.8GiB""},{""name"":""lab-erli-stub"",""cpu"":""0.01%"",""mem"":""15.67MiB / 122.8GiB""},{""name"":""lab-eparagony-stub"",""cpu"":""0.01%"",""mem"":""15.71MiB / 122.8GiB""},{""name"":""lab-invoicing-stub"",""cpu"":""0.00%"",""mem"":""15.72MiB / 122.8GiB""},{""name"":""lab-shipping-stub"",""cpu"":""0.00%"",""mem"":""15.8MiB / 122.8GiB""},{""name"":""lab-api"",""cpu"":""0.00%"",""mem"":""148.6MiB / 122.8GiB""},{""name"":""lab-eparagony-stub-tls"",""cpu"":""0.00%"",""mem"":""23.64MiB / 122.8GiB""},{""name"":""lab-erli-stub-tls"",""cpu"":""0.00%"",""mem"":""22.95MiB / 122.8GiB""},{""name"":""lab-wc-tls"",""cpu"":""0.00%"",""mem"":""23.06MiB / 122.8GiB""},{""name"":""lab-prestashop"",""cpu"":""0.01%"",""mem"":""117.2MiB / 122.8GiB""},{""name"":""lab-woocommerce"",""cpu"":""0.01%"",""mem"":""224.4MiB / 122.8GiB""},{""name"":""lab-redis"",""cpu"":""0.30%"",""mem"":""77.55MiB / 122.8GiB""},{""name"":""lab-postgres"",""cpu"":""1.26%"",""mem"":""235.9MiB / 122.8GiB""},{""name"":""lab-mysql"",""cpu"":""0.93%"",""mem"":""715MiB / 122.8GiB""},{""name"":""lab-woocommerce-mysql"",""cpu"":""0.93%"",""mem"":""494MiB / 122.8GiB""}]"
2026-09-10T08:09:41Z,3,2,1,0,0,2666387123,"[{""name"":""lab-worker-1"",""cpu"":""0.35%"",""mem"":""93.62MiB / 122.8GiB""},{""name"":""lab-allegro-stub"",""cpu"":""4.24%"",""mem"":""15.74MiB / 122.8GiB""},{""name"":""lab-erli-stub"",""cpu"":""0.00%"",""mem"":""15.64MiB / 122.8GiB""},{""name"":""lab-eparagony-stub"",""cpu"":""4.11%"",""mem"":""15.79MiB / 122.8GiB""},{""name"":""lab-invoicing-stub"",""cpu"":""4.25%"",""mem"":""15.75MiB / 122.8GiB""},{""name"":""lab-shipping-stub"",""cpu"":""4.18%"",""mem"":""15.82MiB / 122.8GiB""},{""name"":""lab-api"",""cpu"":""0.00%"",""mem"":""148.6MiB / 122.8GiB""},{""name"":""lab-eparagony-stub-tls"",""cpu"":""0.00%"",""mem"":""23.64MiB / 122.8GiB""},{""name"":""lab-erli-stub-tls"",""cpu"":""0.00%"",""mem"":""22.95MiB / 122.8GiB""},{""name"":""lab-wc-tls"",""cpu"":""0.00%"",""mem"":""23.06MiB / 122.8GiB""},{""name"":""lab-prestashop"",""cpu"":""0.01%"",""mem"":""117.2MiB / 122.8GiB""},{""name"":""lab-woocommerce"",""cpu"":""0.01%"",""mem"":""224.4MiB / 122.8GiB""},{""name"":""lab-redis"",""cpu"":""0.29%"",""mem"":""77.55MiB / 122.8GiB""},{""name"":""lab-postgres"",""cpu"":""0.26%"",""mem"":""235.9MiB / 122.8GiB""},{""name"":""lab-mysql"",""cpu"":""0.90%"",""mem"":""715MiB / 122.8GiB""},{""name"":""lab-woocommerce-mysql"",""cpu"":""1.00%"",""mem"":""494MiB / 122.8GiB""}]"
2026-09-10T08:09:45Z,4,2,1,0,0,2666387123,"[{""name"":""lab-worker-1"",""cpu"":""0.41%"",""mem"":""93.87MiB / 122.8GiB""},{""name"":""lab-allegro-stub"",""cpu"":""0.00%"",""mem"":""15.74MiB / 122.8GiB""},{""name"":""lab-erli-stub"",""cpu"":""0.00%"",""mem"":""15.64MiB / 122.8GiB""},{""name"":""lab-eparagony-stub"",""cpu"":""0.00%"",""mem"":""15.68MiB / 122.8GiB""},{""name"":""lab-invoicing-stub"",""cpu"":""0.00%"",""mem"":""15.72MiB / 122.8GiB""},{""name"":""lab-shipping-stub"",""cpu"":""0.00%"",""mem"":""15.8MiB / 122.8GiB""},{""name"":""lab-api"",""cpu"":""0.00%"",""mem"":""148.6MiB / 122.8GiB""},{""name"":""lab-eparagony-stub-tls"",""cpu"":""0.00%"",""mem"":""23.64MiB / 122.8GiB""},{""name"":""lab-erli-stub-tls"",""cpu"":""0.00%"",""mem"":""22.95MiB / 122.8GiB""},{""name"":""lab-wc-tls"",""cpu"":""0.00%"",""mem"":""23.06MiB / 122.8GiB""},{""name"":""lab-prestashop"",""cpu"":""0.01%"",""mem"":""117.2MiB / 122.8GiB""},{""name"":""lab-woocommerce"",""cpu"":""0.01%"",""mem"":""224.4MiB / 122.8GiB""},{""name"":""lab-redis"",""cpu"":""4.34%"",""mem"":""77.57MiB / 122.8GiB""},{""name"":""lab-postgres"",""cpu"":""18.78%"",""mem"":""236.1MiB / 122.8GiB""},{""name"":""lab-mysql"",""cpu"":""0.85%"",""mem"":""715MiB / 122.8GiB""},{""name"":""lab-woocommerce-mysql"",""cpu"":""1.02%"",""mem"":""494MiB / 122.8GiB""}]"
2026-09-10T08:09:48Z,4,2,1,0,0,2666387123,"[{""name"":""lab-worker-1"",""cpu"":""0.34%"",""mem"":""93.87MiB / 122.8GiB""},{""name"":""lab-allegro-stub"",""cpu"":""0.01%"",""mem"":""15.73MiB / 122.8GiB""},{""name"":""lab-erli-stub"",""cpu"":""0.00%"",""mem"":""15.64MiB / 122.8GiB""},{""name"":""lab-eparagony-stub"",""cpu"":""0.02%"",""mem"":""15.68MiB / 122.8GiB""},{""name"":""lab-invoicing-stub"",""cpu"":""0.00%"",""mem"":""15.72MiB / 122.8GiB""},{""name"":""lab-shipping-stub"",""cpu"":""0.00%"",""mem"":""15.8MiB / 122.8GiB""},{""name"":""lab-api"",""cpu"":""0.00%"",""mem"":""148.6MiB / 122.8GiB""},{""name"":""lab-eparagony-stub-tls"",""cpu"":""0.00%"",""mem"":""23.64MiB / 122.8GiB""},{""name"":""lab-erli-stub-tls"",""cpu"":""0.00%"",""mem"":""22.95MiB / 122.8GiB""},{""name"":""lab-wc-tls"",""cpu"":""0.00%"",""mem"":""23.06MiB / 122.8GiB""},{""name"":""lab-prestashop"",""cpu"":""0.00%"",""mem"":""117.2MiB / 122.8GiB""},{""name"":""lab-woocommerce"",""cpu"":""0.00%"",""mem"":""224.4MiB / 122.8GiB""},{""name"":""lab-redis"",""cpu"":""0.35%"",""mem"":""77.55MiB / 122.8GiB""},{""name"":""lab-postgres"",""cpu"":""0.29%"",""mem"":""235.9MiB / 122.8GiB""},{""name"":""lab-mysql"",""cpu"":""1.03%"",""mem"":""715MiB / 122.8GiB""},{""name"":""lab-woocommerce-mysql"",""cpu"":""1.37%"",""mem"":""494MiB / 122.8GiB""}]"
2026-09-10T08:09:52Z,4,2,1,0,0,2666387123,"[{""name"":""lab-worker-1"",""cpu"":""1.05%"",""mem"":""93.66MiB / 122.8GiB""},{""name"":""lab-allegro-stub"",""cpu"":""0.01%"",""mem"":""15.74MiB / 122.8GiB""},{""name"":""lab-erli-stub"",""cpu"":""6.43%"",""mem"":""16.28MiB / 122.8GiB""},{""name"":""lab-eparagony-stub"",""cpu"":""0.01%"",""mem"":""15.71MiB / 122.8GiB""},{""name"":""lab-invoicing-stub"",""cpu"":""0.01%"",""mem"":""15.73MiB / 122.8GiB""},{""name"":""lab-shipping-stub"",""cpu"":""0.00%"",""mem"":""15.81MiB / 122.8GiB""},{""name"":""lab-api"",""cpu"":""0.00%"",""mem"":""148.6MiB / 122.8GiB""},{""name"":""lab-eparagony-stub-tls"",""cpu"":""0.00%"",""mem"":""23.64MiB / 122.8GiB""},{""name"":""lab-erli-stub-tls"",""cpu"":""0.00%"",""mem"":""22.95MiB / 122.8GiB""},{""name"":""lab-wc-tls"",""cpu"":""0.00%"",""mem"":""23.06MiB / 122.8GiB""},{""name"":""lab-prestashop"",""cpu"":""0.01%"",""mem"":""117.2MiB / 122.8GiB""},{""name"":""lab-woocommerce"",""cpu"":""0.01%"",""mem"":""224.4MiB / 122.8GiB""},{""name"":""lab-redis"",""cpu"":""0.29%"",""mem"":""77.55MiB / 122.8GiB""},{""name"":""lab-postgres"",""cpu"":""0.27%"",""mem"":""235.9MiB / 122.8GiB""},{""name"":""lab-mysql"",""cpu"":""0.87%"",""mem"":""715MiB / 122.8GiB""},{""name"":""lab-woocommerce-mysql"",""cpu"":""0.88%"",""mem"":""494MiB / 122.8GiB""}]"
2026-09-10T08:09:56Z,3,2,1,0,0,2666387123,"[{""name"":""lab-worker-1"",""cpu"":""0.40%"",""mem"":""93.57MiB / 122.8GiB""},{""name"":""lab-allegro-stub"",""cpu"":""4.24%"",""mem"":""15.8MiB / 122.8GiB""},{""name"":""lab-erli-stub"",""cpu"":""0.08%"",""mem"":""15.58MiB / 122.8GiB""},{""name"":""lab-eparagony-stub"",""cpu"":""2.45%"",""mem"":""16.45MiB / 122.8GiB""},{""name"":""lab-invoicing-stub"",""cpu"":""4.23%"",""mem"":""15.73MiB / 122.8GiB""},{""name"":""lab-shipping-stub"",""cpu"":""4.13%"",""mem"":""15.82MiB / 122.8GiB""},{""name"":""lab-api"",""cpu"":""0.00%"",""mem"":""148.6MiB / 122.8GiB""},{""name"":""lab-eparagony-stub-tls"",""cpu"":""0.00%"",""mem"":""23.64MiB / 122.8GiB""},{""name"":""lab-erli-stub-tls"",""cpu"":""0.00%"",""mem"":""22.95MiB / 122.8GiB""},{""name"":""lab-wc-tls"",""cpu"":""0.00%"",""mem"":""23.06MiB / 122.8GiB""},{""name"":""lab-prestashop"",""cpu"":""0.00%"",""mem"":""117.2MiB / 122.8GiB""},{""name"":""lab-woocommerce"",""cpu"":""0.01%"",""mem"":""224.4MiB / 122.8GiB""},{""name"":""lab-redis"",""cpu"":""0.29%"",""mem"":""77.55MiB / 122.8GiB""},{""name"":""lab-postgres"",""cpu"":""0.29%"",""mem"":""235.9MiB / 122.8GiB""},{""name"":""lab-mysql"",""cpu"":""0.88%"",""mem"":""715MiB / 122.8GiB""},{""name"":""lab-woocommerce-mysql"",""cpu"":""0.85%"",""mem"":""494MiB / 122.8GiB""}]"
2026-09-10T08:10:00Z,4,2,1,0,0,2666387123,"[{""name"":""lab-worker-1"",""cpu"":""0.36%"",""mem"":""93.58MiB / 122.8GiB""},{""name"":""lab-allegro-stub"",""cpu"":""0.00%"",""mem"":""15.73MiB / 122.8GiB""},{""name"":""lab-erli-stub"",""cpu"":""0.00%"",""mem"":""15.6MiB / 122.8GiB""},{""name"":""lab-eparagony-stub"",""cpu"":""0.00%"",""mem"":""15.72MiB / 122.8GiB""},{""name"":""lab-invoicing-stub"",""cpu"":""0.00%"",""mem"":""15.72MiB / 122.8GiB""},{""name"":""lab-shipping-stub"",""cpu"":""0.00%"",""mem"":""15.8MiB / 122.8GiB""},{""name"":""lab-api"",""cpu"":""0.00%"",""mem"":""148.6MiB / 122.8GiB""},{""name"":""lab-eparagony-stub-tls"",""cpu"":""0.00%"",""mem"":""23.64MiB / 122.8GiB""},{""name"":""lab-erli-stub-tls"",""cpu"":""0.00%"",""mem"":""22.95MiB / 122.8GiB""},{""name"":""lab-wc-tls"",""cpu"":""0.00%"",""mem"":""23.06MiB / 122.8GiB""},{""name"":""lab-prestashop"",""cpu"":""0.01%"",""mem"":""117.2MiB / 122.8GiB""},{""name"":""lab-woocommerce"",""cpu"":""0.01%"",""mem"":""224.4MiB / 122.8GiB""},{""name"":""lab-redis"",""cpu"":""0.28%"",""mem"":""77.55MiB / 122.8GiB""},{""name"":""lab-postgres"",""cpu"":""11.58%"",""mem"":""236.8MiB / 122.8GiB""},{""name"":""lab-mysql"",""cpu"":""5.51%"",""mem"":""715MiB / 122.8GiB""},{""name"":""lab-woocommerce-mysql"",""cpu"":""1.05%"",""mem"":""494MiB / 122.8GiB""}]"
2026-09-10T08:10:03Z,4,2,1,0,0,2666387123,"[{""name"":""lab-worker-1"",""cpu"":""0.59%"",""mem"":""93.82MiB / 122.8GiB""},{""name"":""lab-allegro-stub"",""cpu"":""0.00%"",""mem"":""15.73MiB / 122.8GiB""},{""name"":""lab-erli-stub"",""cpu"":""0.00%"",""mem"":""15.6MiB / 122.8GiB""},{""name"":""lab-eparagony-stub"",""cpu"":""0.00%"",""mem"":""15.72MiB / 122.8GiB""},{""name"":""lab-invoicing-stub"",""cpu"":""0.00%"",""mem"":""15.72MiB / 122.8GiB""},{""name"":""lab-shipping-stub"",""cpu"":""0.00%"",""mem"":""15.81MiB / 122.8GiB""},{""name"":""lab-api"",""cpu"":""0.00%"",""mem"":""148.6MiB / 122.8GiB""},{""name"":""lab-eparagony-stub-tls"",""cpu"":""0.00%"",""mem"":""23.64MiB / 122.8GiB""},{""name"":""lab-erli-stub-tls"",""cpu"":""0.00%"",""mem"":""22.95MiB / 122.8GiB""},{""name"":""lab-wc-tls"",""cpu"":""0.00%"",""mem"":""23.06MiB / 122.8GiB""},{""name"":""lab-prestashop"",""cpu"":""0.01%"",""mem"":""117.2MiB / 122.8GiB""},{""name"":""lab-woocommerce"",""cpu"":""0.01%"",""mem"":""224.4MiB / 122.8GiB""},{""name"":""lab-redis"",""cpu"":""0.33%"",""mem"":""77.55MiB / 122.8GiB""},{""name"":""lab-postgres"",""cpu"":""0.29%"",""mem"":""236MiB / 122.8GiB""},{""name"":""lab-mysql"",""cpu"":""0.96%"",""mem"":""715MiB / 122.8GiB""},{""name"":""lab-woocommerce-mysql"",""cpu"":""5.15%"",""mem"":""494.3MiB / 122.8GiB""}]"
2026-09-10T08:10:07Z,3,2,1,0,0,2666387123,"[{""name"":""lab-worker-1"",""cpu"":""0.55%"",""mem"":""93.83MiB / 122.8GiB""},{""name"":""lab-allegro-stub"",""cpu"":""0.01%"",""mem"":""15.73MiB / 122.8GiB""},{""name"":""lab-erli-stub"",""cpu"":""3.98%"",""mem"":""15.65MiB / 122.8GiB""},{""name"":""lab-eparagony-stub"",""cpu"":""4.18%"",""mem"":""15.82MiB / 122.8GiB""},{""name"":""lab-invoicing-stub"",""cpu"":""0.01%"",""mem"":""15.72MiB / 122.8GiB""},{""name"":""lab-shipping-stub"",""cpu"":""0.00%"",""mem"":""15.81MiB / 122.8GiB""},{""name"":""lab-api"",""cpu"":""0.00%"",""mem"":""148.6MiB / 122.8GiB""},{""name"":""lab-eparagony-stub-tls"",""cpu"":""0.00%"",""mem"":""23.64MiB / 122.8GiB""},{""name"":""lab-erli-stub-tls"",""cpu"":""0.00%"",""mem"":""22.95MiB / 122.8GiB""},{""name"":""lab-wc-tls"",""cpu"":""0.00%"",""mem"":""23.06MiB / 122.8GiB""},{""name"":""lab-prestashop"",""cpu"":""0.01%"",""mem"":""117.2MiB / 122.8GiB""},{""name"":""lab-woocommerce"",""cpu"":""0.01%"",""mem"":""224.4MiB / 122.8GiB""},{""name"":""lab-redis"",""cpu"":""0.29%"",""mem"":""77.55MiB / 122.8GiB""},{""name"":""lab-postgres"",""cpu"":""0.49%"",""mem"":""235.9MiB / 122.8GiB""},{""name"":""lab-mysql"",""cpu"":""0.91%"",""mem"":""715MiB / 122.8GiB""},{""name"":""lab-woocommerce-mysql"",""cpu"":""0.94%"",""mem"":""494MiB / 122.8GiB""}]"
2026-09-10T08:10:11Z,4,2,1,0,0,2666387123,"[{""name"":""lab-worker-1"",""cpu"":""0.32%"",""mem"":""93.58MiB / 122.8GiB""},{""name"":""lab-allegro-stub"",""cpu"":""3.41%"",""mem"":""22.75MiB / 122.8GiB""},{""name"":""lab-erli-stub"",""cpu"":""0.00%"",""mem"":""15.6MiB / 122.8GiB""},{""name"":""lab-eparagony-stub"",""cpu"":""0.00%"",""mem"":""15.71MiB / 122.8GiB""},{""name"":""lab-invoicing-stub"",""cpu"":""4.06%"",""mem"":""15.75MiB / 122.8GiB""},{""name"":""lab-shipping-stub"",""cpu"":""4.08%"",""mem"":""15.82MiB / 122.8GiB""},{""name"":""lab-api"",""cpu"":""0.00%"",""mem"":""148.6MiB / 122.8GiB""},{""name"":""lab-eparagony-stub-tls"",""cpu"":""0.00%"",""mem"":""23.64MiB / 122.8GiB""},{""name"":""lab-erli-stub-tls"",""cpu"":""0.00%"",""mem"":""22.95MiB / 122.8GiB""},{""name"":""lab-wc-tls"",""cpu"":""0.00%"",""mem"":""23.06MiB / 122.8GiB""},{""name"":""lab-prestashop"",""cpu"":""0.01%"",""mem"":""117.2MiB / 122.8GiB""},{""name"":""lab-woocommerce"",""cpu"":""0.01%"",""mem"":""224.4MiB / 122.8GiB""},{""name"":""lab-redis"",""cpu"":""0.26%"",""mem"":""77.55MiB / 122.8GiB""},{""name"":""lab-postgres"",""cpu"":""12.05%"",""mem"":""236MiB / 122.8GiB""},{""name"":""lab-mysql"",""cpu"":""0.79%"",""mem"":""715MiB / 122.8GiB""},{""name"":""lab-woocommerce-mysql"",""cpu"":""0.97%"",""mem"":""494MiB / 122.8GiB""}]"
2026-09-10T08:10:15Z,4,2,1,0,0,2666387123,"[{""name"":""lab-worker-1"",""cpu"":""0.38%"",""mem"":""93.58MiB / 122.8GiB""},{""name"":""lab-allegro-stub"",""cpu"":""0.00%"",""mem"":""15.73MiB / 122.8GiB""},{""name"":""lab-erli-stub"",""cpu"":""0.00%"",""mem"":""15.58MiB / 122.8GiB""},{""name"":""lab-eparagony-stub"",""cpu"":""0.00%"",""mem"":""15.73MiB / 122.8GiB""},{""name"":""lab-invoicing-stub"",""cpu"":""0.00%"",""mem"":""15.72MiB / 122.8GiB""},{""name"":""lab-shipping-stub"",""cpu"":""0.00%"",""mem"":""15.81MiB / 122.8GiB""},{""name"":""lab-api"",""cpu"":""0.00%"",""mem"":""148.6MiB / 122.8GiB""},{""name"":""lab-eparagony-stub-tls"",""cpu"":""0.00%"",""mem"":""23.64MiB / 122.8GiB""},{""name"":""lab-erli-stub-tls"",""cpu"":""0.00%"",""mem"":""22.95MiB / 122.8GiB""},{""name"":""lab-wc-tls"",""cpu"":""0.00%"",""mem"":""23.06MiB / 122.8GiB""},{""name"":""lab-prestashop"",""cpu"":""0.01%"",""mem"":""117.2MiB / 122.8GiB""},{""name"":""lab-woocommerce"",""cpu"":""0.01%"",""mem"":""224.4MiB / 122.8GiB""},{""name"":""lab-redis"",""cpu"":""4.47%"",""mem"":""77.59MiB / 122.8GiB""},{""name"":""lab-postgres"",""cpu"":""5.39%"",""mem"":""236.4MiB / 122.8GiB""},{""name"":""lab-mysql"",""cpu"":""0.92%"",""mem"":""715MiB / 122.8GiB""},{""name"":""lab-woocommerce-mysql"",""cpu"":""1.08%"",""mem"":""494MiB / 122.8GiB""}]"
2026-09-10T08:10:18Z,4,2,1,0,0,2666387123,"[{""name"":""lab-worker-1"",""cpu"":""0.49%"",""mem"":""93.58MiB / 122.8GiB""},{""name"":""lab-allegro-stub"",""cpu"":""0.01%"",""mem"":""15.73MiB / 122.8GiB""},{""name"":""lab-erli-stub"",""cpu"":""0.01%"",""mem"":""15.6MiB / 122.8GiB""},{""name"":""lab-eparagony-stub"",""cpu"":""0.00%"",""mem"":""15.72MiB / 122.8GiB""},{""name"":""lab-invoicing-stub"",""cpu"":""0.00%"",""mem"":""15.72MiB / 122.8GiB""},{""name"":""lab-shipping-stub"",""cpu"":""0.00%"",""mem"":""15.81MiB / 122.8GiB""},{""name"":""lab-api"",""cpu"":""0.00%"",""mem"":""148.6MiB / 122.8GiB""},{""name"":""lab-eparagony-stub-tls"",""cpu"":""0.00%"",""mem"":""23.64MiB / 122.8GiB""},{""name"":""lab-erli-stub-tls"",""cpu"":""0.00%"",""mem"":""22.95MiB / 122.8GiB""},{""name"":""lab-wc-tls"",""cpu"":""0.00%"",""mem"":""23.06MiB / 122.8GiB""},{""name"":""lab-prestashop"",""cpu"":""0.01%"",""mem"":""117.2MiB / 122.8GiB""},{""name"":""lab-woocommerce"",""cpu"":""0.01%"",""mem"":""224.4MiB / 122.8GiB""},{""name"":""lab-redis"",""cpu"":""0.30%"",""mem"":""77.55MiB / 122.8GiB""},{""name"":""lab-postgres"",""cpu"":""0.22%"",""mem"":""235.9MiB / 122.8GiB""},{""name"":""lab-mysql"",""cpu"":""1.05%"",""mem"":""715MiB / 122.8GiB""},{""name"":""lab-woocommerce-mysql"",""cpu"":""1.06%"",""mem"":""494MiB / 122.8GiB""}]"
2026-09-10T08:10:22Z,3,2,1,0,0,2666387123,"[{""name"":""lab-worker-1"",""cpu"":""0.34%"",""mem"":""93.58MiB / 122.8GiB""},{""name"":""lab-allegro-stub"",""cpu"":""0.01%"",""mem"":""15.74MiB / 122.8GiB""},{""name"":""lab-erli-stub"",""cpu"":""4.41%"",""mem"":""15.63MiB / 122.8GiB""},{""name"":""lab-eparagony-stub"",""cpu"":""4.06%"",""mem"":""15.75MiB / 122.8GiB""},{""name"":""lab-invoicing-stub"",""cpu"":""0.01%"",""mem"":""15.8MiB / 122.8GiB""},{""name"":""lab-shipping-stub"",""cpu"":""0.00%"",""mem"":""15.81MiB / 122.8GiB""},{""name"":""lab-api"",""cpu"":""0.00%"",""mem"":""148.6MiB / 122.8GiB""},{""name"":""lab-eparagony-stub-tls"",""cpu"":""0.00%"",""mem"":""23.64MiB / 122.8GiB""},{""name"":""lab-erli-stub-tls"",""cpu"":""0.00%"",""mem"":""22.95MiB / 122.8GiB""},{""name"":""lab-wc-tls"",""cpu"":""0.00%"",""mem"":""23.06MiB / 122.8GiB""},{""name"":""lab-prestashop"",""cpu"":""0.01%"",""mem"":""117.2MiB / 122.8GiB""},{""name"":""lab-woocommerce"",""cpu"":""0.01%"",""mem"":""224.4MiB / 122.8GiB""},{""name"":""lab-redis"",""cpu"":""0.26%"",""mem"":""77.8MiB / 122.8GiB""},{""name"":""lab-postgres"",""cpu"":""0.27%"",""mem"":""235.9MiB / 122.8GiB""},{""name"":""lab-mysql"",""cpu"":""0.94%"",""mem"":""715MiB / 122.8GiB""},{""name"":""lab-woocommerce-mysql"",""cpu"":""0.88%"",""mem"":""494MiB / 122.8GiB""}]"
2026-09-10T08:10:26Z,4,2,1,0,0,2666387123,"[{""name"":""lab-worker-1"",""cpu"":""0.45%"",""mem"":""93.58MiB / 122.8GiB""},{""name"":""lab-allegro-stub"",""cpu"":""0.01%"",""mem"":""15.73MiB / 122.8GiB""},{""name"":""lab-erli-stub"",""cpu"":""0.01%"",""mem"":""15.6MiB / 122.8GiB""},{""name"":""lab-eparagony-stub"",""cpu"":""0.01%"",""mem"":""15.71MiB / 122.8GiB""},{""name"":""lab-invoicing-stub"",""cpu"":""0.00%"",""mem"":""15.72MiB / 122.8GiB""},{""name"":""lab-shipping-stub"",""cpu"":""3.98%"",""mem"":""15.82MiB / 122.8GiB""},{""name"":""lab-api"",""cpu"":""0.00%"",""mem"":""148.6MiB / 122.8GiB""},{""name"":""lab-eparagony-stub-tls"",""cpu"":""0.00%"",""mem"":""23.64MiB / 122.8GiB""},{""name"":""lab-erli-stub-tls"",""cpu"":""0.00%"",""mem"":""22.95MiB / 122.8GiB""},{""name"":""lab-wc-tls"",""cpu"":""0.00%"",""mem"":""23.06MiB / 122.8GiB""},{""name"":""lab-prestashop"",""cpu"":""0.00%"",""mem"":""117.2MiB / 122.8GiB""},{""name"":""lab-woocommerce"",""cpu"":""0.01%"",""mem"":""224.4MiB / 122.8GiB""},{""name"":""lab-redis"",""cpu"":""0.30%"",""mem"":""77.81MiB / 122.8GiB""},{""name"":""lab-postgres"",""cpu"":""12.31%"",""mem"":""236MiB / 122.8GiB""},{""name"":""lab-mysql"",""cpu"":""0.84%"",""mem"":""715MiB / 122.8GiB""},{""name"":""lab-woocommerce-mysql"",""cpu"":""0.90%"",""mem"":""494MiB / 122.8GiB""}]"
2026-09-10T08:10:30Z,4,2,1,0,0,2666387123,"[{""name"":""lab-worker-1"",""cpu"":""0.32%"",""mem"":""93.83MiB / 122.8GiB""},{""name"":""lab-allegro-stub"",""cpu"":""0.00%"",""mem"":""15.73MiB / 122.8GiB""},{""name"":""lab-erli-stub"",""cpu"":""0.00%"",""mem"":""15.58MiB / 122.8GiB""},{""name"":""lab-eparagony-stub"",""cpu"":""0.00%"",""mem"":""15.71MiB / 122.8GiB""},{""name"":""lab-invoicing-stub"",""cpu"":""0.00%"",""mem"":""15.72MiB / 122.8GiB""},{""name"":""lab-shipping-stub"",""cpu"":""0.00%"",""mem"":""15.82MiB / 122.8GiB""},{""name"":""lab-api"",""cpu"":""0.00%"",""mem"":""148.6MiB / 122.8GiB""},{""name"":""lab-eparagony-stub-tls"",""cpu"":""0.00%"",""mem"":""23.64MiB / 122.8GiB""},{""name"":""lab-erli-stub-tls"",""cpu"":""0.00%"",""mem"":""22.95MiB / 122.8GiB""},{""name"":""lab-wc-tls"",""cpu"":""0.00%"",""mem"":""23.06MiB / 122.8GiB""},{""name"":""lab-prestashop"",""cpu"":""0.01%"",""mem"":""117.2MiB / 122.8GiB""},{""name"":""lab-woocommerce"",""cpu"":""0.00%"",""mem"":""224.4MiB / 122.8GiB""},{""name"":""lab-redis"",""cpu"":""0.26%"",""mem"":""77.55MiB / 122.8GiB""},{""name"":""lab-postgres"",""cpu"":""0.26%"",""mem"":""236MiB / 122.8GiB""},{""name"":""lab-mysql"",""cpu"":""5.24%"",""mem"":""715MiB / 122.8GiB""},{""name"":""lab-woocommerce-mysql"",""cpu"":""1.07%"",""mem"":""494MiB / 122.8GiB""}]"
2026-09-10T08:10:33Z,4,2,1,0,0,2666387123,"[{""name"":""lab-worker-1"",""cpu"":""0.73%"",""mem"":""93.6MiB / 122.8GiB""},{""name"":""lab-allegro-stub"",""cpu"":""0.00%"",""mem"":""15.79MiB / 122.8GiB""},{""name"":""lab-erli-stub"",""cpu"":""0.01%"",""mem"":""15.61MiB / 122.8GiB""},{""name"":""lab-eparagony-stub"",""cpu"":""0.00%"",""mem"":""15.71MiB / 122.8GiB""},{""name"":""lab-invoicing-stub"",""cpu"":""0.00%"",""mem"":""15.72MiB / 122.8GiB""},{""name"":""lab-shipping-stub"",""cpu"":""0.00%"",""mem"":""15.81MiB / 122.8GiB""},{""name"":""lab-api"",""cpu"":""0.00%"",""mem"":""148.6MiB / 122.8GiB""},{""name"":""lab-eparagony-stub-tls"",""cpu"":""0.00%"",""mem"":""23.64MiB / 122.8GiB""},{""name"":""lab-erli-stub-tls"",""cpu"":""0.00%"",""mem"":""22.95MiB / 122.8GiB""},{""name"":""lab-wc-tls"",""cpu"":""0.00%"",""mem"":""23.06MiB / 122.8GiB""},{""name"":""lab-prestashop"",""cpu"":""0.01%"",""mem"":""117.2MiB / 122.8GiB""},{""name"":""lab-woocommerce"",""cpu"":""0.01%"",""mem"":""224.4MiB / 122.8GiB""},{""name"":""lab-redis"",""cpu"":""0.27%"",""mem"":""77.81MiB / 122.8GiB""},{""name"":""lab-postgres"",""cpu"":""0.33%"",""mem"":""236MiB / 122.8GiB""},{""name"":""lab-mysql"",""cpu"":""0.89%"",""mem"":""715MiB / 122.8GiB""},{""name"":""lab-woocommerce-mysql"",""cpu"":""0.98%"",""mem"":""494MiB / 122.8GiB""}]"
2026-09-10T08:10:37Z,3,2,1,0,0,2666387123,"[{""name"":""lab-worker-1"",""cpu"":""0.34%"",""mem"":""93.6MiB / 122.8GiB""},{""name"":""lab-allegro-stub"",""cpu"":""4.12%"",""mem"":""15.73MiB / 122.8GiB""},{""name"":""lab-erli-stub"",""cpu"":""3.82%"",""mem"":""15.6MiB / 122.8GiB""},{""name"":""lab-eparagony-stub"",""cpu"":""4.00%"",""mem"":""15.97MiB / 122.8GiB""},{""name"":""lab-invoicing-stub"",""cpu"":""0.01%"",""mem"":""15.72MiB / 122.8GiB""},{""name"":""lab-shipping-stub"",""cpu"":""0.01%"",""mem"":""15.82MiB / 122.8GiB""},{""name"":""lab-api"",""cpu"":""0.00%"",""mem"":""148.6MiB / 122.8GiB""},{""name"":""lab-eparagony-stub-tls"",""cpu"":""0.00%"",""mem"":""23.64MiB / 122.8GiB""},{""name"":""lab-erli-stub-tls"",""cpu"":""0.00%"",""mem"":""22.95MiB / 122.8GiB""},{""name"":""lab-wc-tls"",""cpu"":""0.00%"",""mem"":""23.06MiB / 122.8GiB""},{""name"":""lab-prestashop"",""cpu"":""0.01%"",""mem"":""117.2MiB / 122.8GiB""},{""name"":""lab-woocommerce"",""cpu"":""0.01%"",""mem"":""224.4MiB / 122.8GiB""},{""name"":""lab-redis"",""cpu"":""0.27%"",""mem"":""77.56MiB / 122.8GiB""},{""name"":""lab-postgres"",""cpu"":""13.21%"",""mem"":""235.9MiB / 122.8GiB""},{""name"":""lab-mysql"",""cpu"":""0.72%"",""mem"":""715MiB / 122.8GiB""},{""name"":""lab-woocommerce-mysql"",""cpu"":""1.13%"",""mem"":""494MiB / 122.8GiB""}]"
2026-09-10T08:10:41Z,4,2,1,0,0,2666387123,"[{""name"":""lab-worker-1"",""cpu"":""0.36%"",""mem"":""93.62MiB / 122.8GiB""},{""name"":""lab-allegro-stub"",""cpu"":""0.00%"",""mem"":""15.73MiB / 122.8GiB""},{""name"":""lab-erli-stub"",""cpu"":""0.00%"",""mem"":""15.58MiB / 122.8GiB""},{""name"":""lab-eparagony-stub"",""cpu"":""0.00%"",""mem"":""15.72MiB / 122.8GiB""},{""name"":""lab-invoicing-stub"",""cpu"":""0.00%"",""mem"":""15.72MiB / 122.8GiB""},{""name"":""lab-shipping-stub"",""cpu"":""4.45%"",""mem"":""15.88MiB / 122.8GiB""},{""name"":""lab-api"",""cpu"":""0.00%"",""mem"":""148.6MiB / 122.8GiB""},{""name"":""lab-eparagony-stub-tls"",""cpu"":""0.00%"",""mem"":""23.64MiB / 122.8GiB""},{""name"":""lab-erli-stub-tls"",""cpu"":""0.00%"",""mem"":""22.95MiB / 122.8GiB""},{""name"":""lab-wc-tls"",""cpu"":""0.00%"",""mem"":""23.06MiB / 122.8GiB""},{""name"":""lab-prestashop"",""cpu"":""0.00%"",""mem"":""117.2MiB / 122.8GiB""},{""name"":""lab-woocommerce"",""cpu"":""0.01%"",""mem"":""224.4MiB / 122.8GiB""},{""name"":""lab-redis"",""cpu"":""0.27%"",""mem"":""77.55MiB / 122.8GiB""},{""name"":""lab-postgres"",""cpu"":""1.03%"",""mem"":""238.3MiB / 122.8GiB""},{""name"":""lab-mysql"",""cpu"":""0.95%"",""mem"":""715MiB / 122.8GiB""},{""name"":""lab-woocommerce-mysql"",""cpu"":""0.95%"",""mem"":""494MiB / 122.8GiB""}]"
2026-09-10T08:10:45Z,4,1,1,0,0,2666387123,"[{""name"":""lab-worker-1"",""cpu"":""1.19%"",""mem"":""93.67MiB / 122.8GiB""},{""name"":""lab-allegro-stub"",""cpu"":""0.00%"",""mem"":""15.73MiB / 122.8GiB""},{""name"":""lab-erli-stub"",""cpu"":""0.00%"",""mem"":""15.58MiB / 122.8GiB""},{""name"":""lab-eparagony-stub"",""cpu"":""0.00%"",""mem"":""15.73MiB / 122.8GiB""},{""name"":""lab-invoicing-stub"",""cpu"":""0.00%"",""mem"":""15.72MiB / 122.8GiB""},{""name"":""lab-shipping-stub"",""cpu"":""0.00%"",""mem"":""15.81MiB / 122.8GiB""},{""name"":""lab-api"",""cpu"":""0.00%"",""mem"":""148.6MiB / 122.8GiB""},{""name"":""lab-eparagony-stub-tls"",""cpu"":""0.00%"",""mem"":""23.64MiB / 122.8GiB""},{""name"":""lab-erli-stub-tls"",""cpu"":""0.00%"",""mem"":""22.95MiB / 122.8GiB""},{""name"":""lab-wc-tls"",""cpu"":""0.00%"",""mem"":""23.06MiB / 122.8GiB""},{""name"":""lab-prestashop"",""cpu"":""0.01%"",""mem"":""117.2MiB / 122.8GiB""},{""name"":""lab-woocommerce"",""cpu"":""0.01%"",""mem"":""224.4MiB / 122.8GiB""},{""name"":""lab-redis"",""cpu"":""4.93%"",""mem"":""77.6MiB / 122.8GiB""},{""name"":""lab-postgres"",""cpu"":""0.34%"",""mem"":""238.3MiB / 122.8GiB""},{""name"":""lab-mysql"",""cpu"":""0.95%"",""mem"":""715MiB / 122.8GiB""},{""name"":""lab-woocommerce-mysql"",""cpu"":""1.02%"",""mem"":""494MiB / 122.8GiB""}]"
2026-09-10T08:10:48Z,4,1,1,0,0,2666387123,"[{""name"":""lab-worker-1"",""cpu"":""0.33%"",""mem"":""93.62MiB / 122.8GiB""},{""name"":""lab-allegro-stub"",""cpu"":""0.00%"",""mem"":""15.73MiB / 122.8GiB""},{""name"":""lab-erli-stub"",""cpu"":""0.01%"",""mem"":""15.61MiB / 122.8GiB""},{""name"":""lab-eparagony-stub"",""cpu"":""0.01%"",""mem"":""15.73MiB / 122.8GiB""},{""name"":""lab-invoicing-stub"",""cpu"":""0.00%"",""mem"":""15.72MiB / 122.8GiB""},{""name"":""lab-shipping-stub"",""cpu"":""0.00%"",""mem"":""15.81MiB / 122.8GiB""},{""name"":""lab-api"",""cpu"":""0.00%"",""mem"":""148.6MiB / 122.8GiB""},{""name"":""lab-eparagony-stub-tls"",""cpu"":""0.00%"",""mem"":""23.64MiB / 122.8GiB""},{""name"":""lab-erli-stub-tls"",""cpu"":""0.00%"",""mem"":""22.95MiB / 122.8GiB""},{""name"":""lab-wc-tls"",""cpu"":""0.00%"",""mem"":""23.06MiB / 122.8GiB""},{""name"":""lab-prestashop"",""cpu"":""0.01%"",""mem"":""117.2MiB / 122.8GiB""},{""name"":""lab-woocommerce"",""cpu"":""0.01%"",""mem"":""224.4MiB / 122.8GiB""},{""name"":""lab-redis"",""cpu"":""0.31%"",""mem"":""77.81MiB / 122.8GiB""},{""name"":""lab-postgres"",""cpu"":""0.31%"",""mem"":""238.3MiB / 122.8GiB""},{""name"":""lab-mysql"",""cpu"":""1.02%"",""mem"":""715MiB / 122.8GiB""},{""name"":""lab-woocommerce-mysql"",""cpu"":""1.14%"",""mem"":""494MiB / 122.8GiB""}]"
2026-09-10T08:10:52Z,3,1,1,0,0,2666387123,"[{""name"":""lab-worker-1"",""cpu"":""0.27%"",""mem"":""93.59MiB / 122.8GiB""},{""name"":""lab-allegro-stub"",""cpu"":""4.31%"",""mem"":""15.73MiB / 122.8GiB""},{""name"":""lab-erli-stub"",""cpu"":""4.22%"",""mem"":""15.66MiB / 122.8GiB""},{""name"":""lab-eparagony-stub"",""cpu"":""4.01%"",""mem"":""15.73MiB / 122.8GiB""},{""name"":""lab-invoicing-stub"",""cpu"":""4.28%"",""mem"":""15.72MiB / 122.8GiB""},{""name"":""lab-shipping-stub"",""cpu"":""0.01%"",""mem"":""15.81MiB / 122.8GiB""},{""name"":""lab-api"",""cpu"":""0.00%"",""mem"":""148.6MiB / 122.8GiB""},{""name"":""lab-eparagony-stub-tls"",""cpu"":""0.00%"",""mem"":""23.64MiB / 122.8GiB""},{""name"":""lab-erli-stub-tls"",""cpu"":""0.00%"",""mem"":""22.95MiB / 122.8GiB""},{""name"":""lab-wc-tls"",""cpu"":""0.00%"",""mem"":""23.06MiB / 122.8GiB""},{""name"":""lab-prestashop"",""cpu"":""0.01%"",""mem"":""117.2MiB / 122.8GiB""},{""name"":""lab-woocommerce"",""cpu"":""0.00%"",""mem"":""224.4MiB / 122.8GiB""},{""name"":""lab-redis"",""cpu"":""0.27%"",""mem"":""77.55MiB / 122.8GiB""},{""name"":""lab-postgres"",""cpu"":""11.96%"",""mem"":""235.9MiB / 122.8GiB""},{""name"":""lab-mysql"",""cpu"":""0.83%"",""mem"":""715MiB / 122.8GiB""},{""name"":""lab-woocommerce-mysql"",""cpu"":""1.00%"",""mem"":""494MiB / 122.8GiB""}]"
2026-09-10T08:10:56Z,4,1,1,0,0,2666387123,"[{""name"":""lab-worker-1"",""cpu"":""0.42%"",""mem"":""93.59MiB / 122.8GiB""},{""name"":""lab-allegro-stub"",""cpu"":""0.01%"",""mem"":""15.73MiB / 122.8GiB""},{""name"":""lab-erli-stub"",""cpu"":""0.01%"",""mem"":""15.58MiB / 122.8GiB""},{""name"":""lab-eparagony-stub"",""cpu"":""0.01%"",""mem"":""15.72MiB / 122.8GiB""},{""name"":""lab-invoicing-stub"",""cpu"":""0.00%"",""mem"":""15.72MiB / 122.8GiB""},{""name"":""lab-shipping-stub"",""cpu"":""0.00%"",""mem"":""15.81MiB / 122.8GiB""},{""name"":""lab-api"",""cpu"":""0.00%"",""mem"":""148.6MiB / 122.8GiB""},{""name"":""lab-eparagony-stub-tls"",""cpu"":""0.00%"",""mem"":""23.64MiB / 122.8GiB""},{""name"":""lab-erli-stub-tls"",""cpu"":""0.00%"",""mem"":""22.95MiB / 122.8GiB""},{""name"":""lab-wc-tls"",""cpu"":""0.00%"",""mem"":""23.06MiB / 122.8GiB""},{""name"":""lab-prestashop"",""cpu"":""5.82%"",""mem"":""117.3MiB / 122.8GiB""},{""name"":""lab-woocommerce"",""cpu"":""0.01%"",""mem"":""224.4MiB / 122.8GiB""},{""name"":""lab-redis"",""cpu"":""0.26%"",""mem"":""77.56MiB / 122.8GiB""},{""name"":""lab-postgres"",""cpu"":""4.68%"",""mem"":""236.1MiB / 122.8GiB""},{""name"":""lab-mysql"",""cpu"":""1.21%"",""mem"":""715MiB / 122.8GiB""},{""name"":""lab-woocommerce-mysql"",""cpu"":""0.91%"",""mem"":""494MiB / 122.8GiB""}]"
2026-09-10T08:10:59Z,4,1,1,0,0,2666387123,"[{""name"":""lab-worker-1"",""cpu"":""0.74%"",""mem"":""93.83MiB / 122.8GiB""},{""name"":""lab-allegro-stub"",""cpu"":""0.00%"",""mem"":""15.73MiB / 122.8GiB""},{""name"":""lab-erli-stub"",""cpu"":""0.00%"",""mem"":""15.58MiB / 122.8GiB""},{""name"":""lab-eparagony-stub"",""cpu"":""0.00%"",""mem"":""15.72MiB / 122.8GiB""},{""name"":""lab-invoicing-stub"",""cpu"":""0.00%"",""mem"":""15.72MiB / 122.8GiB""},{""name"":""lab-shipping-stub"",""cpu"":""0.00%"",""mem"":""15.81MiB / 122.8GiB""},{""name"":""lab-api"",""cpu"":""0.00%"",""mem"":""148.6MiB / 122.8GiB""},{""name"":""lab-eparagony-stub-tls"",""cpu"":""0.00%"",""mem"":""23.64MiB / 122.8GiB""},{""name"":""lab-erli-stub-tls"",""cpu"":""0.00%"",""mem"":""22.95MiB / 122.8GiB""},{""name"":""lab-wc-tls"",""cpu"":""0.00%"",""mem"":""23.06MiB / 122.8GiB""},{""name"":""lab-prestashop"",""cpu"":""0.01%"",""mem"":""117.2MiB / 122.8GiB""},{""name"":""lab-woocommerce"",""cpu"":""0.01%"",""mem"":""224.4MiB / 122.8GiB""},{""name"":""lab-redis"",""cpu"":""0.29%"",""mem"":""77.55MiB / 122.8GiB""},{""name"":""lab-postgres"",""cpu"":""0.57%"",""mem"":""236.1MiB / 122.8GiB""},{""name"":""lab-mysql"",""cpu"":""5.44%"",""mem"":""715.1MiB / 122.8GiB""},{""name"":""lab-woocommerce-mysql"",""cpu"":""0.95%"",""mem"":""494MiB / 122.8GiB""}]"
2026-09-10T08:11:03Z,4,1,1,0,0,2666387123,"[{""name"":""lab-worker-1"",""cpu"":""0.34%"",""mem"":""93.59MiB / 122.8GiB""},{""name"":""lab-allegro-stub"",""cpu"":""0.00%"",""mem"":""15.73MiB / 122.8GiB""},{""name"":""lab-erli-stub"",""cpu"":""0.01%"",""mem"":""15.58MiB / 122.8GiB""},{""name"":""lab-eparagony-stub"",""cpu"":""0.01%"",""mem"":""15.73MiB / 122.8GiB""},{""name"":""lab-invoicing-stub"",""cpu"":""0.00%"",""mem"":""15.72MiB / 122.8GiB""},{""name"":""lab-shipping-stub"",""cpu"":""0.00%"",""mem"":""15.81MiB / 122.8GiB""},{""name"":""lab-api"",""cpu"":""0.00%"",""mem"":""148.6MiB / 122.8GiB""},{""name"":""lab-eparagony-stub-tls"",""cpu"":""0.00%"",""mem"":""23.64MiB / 122.8GiB""},{""name"":""lab-erli-stub-tls"",""cpu"":""0.00%"",""mem"":""22.95MiB / 122.8GiB""},{""name"":""lab-wc-tls"",""cpu"":""0.00%"",""mem"":""23.06MiB / 122.8GiB""},{""name"":""lab-prestashop"",""cpu"":""0.01%"",""mem"":""117.2MiB / 122.8GiB""},{""name"":""lab-woocommerce"",""cpu"":""0.01%"",""mem"":""224.4MiB / 122.8GiB""},{""name"":""lab-redis"",""cpu"":""0.26%"",""mem"":""77.55MiB / 122.8GiB""},{""name"":""lab-postgres"",""cpu"":""11.09%"",""mem"":""235.9MiB / 122.8GiB""},{""name"":""lab-mysql"",""cpu"":""0.93%"",""mem"":""715MiB / 122.8GiB""},{""name"":""lab-woocommerce-mysql"",""cpu"":""5.63%"",""mem"":""494MiB / 122.8GiB""}]"
2026-09-10T08:11:07Z,3,1,1,0,0,2666387123,"[{""name"":""lab-worker-1"",""cpu"":""0.32%"",""mem"":""93.59MiB / 122.8GiB""},{""name"":""lab-allegro-stub"",""cpu"":""4.01%"",""mem"":""15.77MiB / 122.8GiB""},{""name"":""lab-erli-stub"",""cpu"":""0.00%"",""mem"":""15.58MiB / 122.8GiB""},{""name"":""lab-eparagony-stub"",""cpu"":""3.90%"",""mem"":""15.76MiB / 122.8GiB""},{""name"":""lab-invoicing-stub"",""cpu"":""3.46%"",""mem"":""15.74MiB / 122.8GiB""},{""name"":""lab-shipping-stub"",""cpu"":""3.30%"",""mem"":""15.87MiB / 122.8GiB""},{""name"":""lab-api"",""cpu"":""0.00%"",""mem"":""148.6MiB / 122.8GiB""},{""name"":""lab-eparagony-stub-tls"",""cpu"":""0.00%"",""mem"":""23.64MiB / 122.8GiB""},{""name"":""lab-erli-stub-tls"",""cpu"":""0.00%"",""mem"":""22.95MiB / 122.8GiB""},{""name"":""lab-wc-tls"",""cpu"":""0.00%"",""mem"":""23.06MiB / 122.8GiB""},{""name"":""lab-prestashop"",""cpu"":""0.00%"",""mem"":""117.2MiB / 122.8GiB""},{""name"":""lab-woocommerce"",""cpu"":""0.01%"",""mem"":""224.4MiB / 122.8GiB""},{""name"":""lab-redis"",""cpu"":""0.26%"",""mem"":""77.8MiB / 122.8GiB""},{""name"":""lab-postgres"",""cpu"":""0.26%"",""mem"":""235.9MiB / 122.8GiB""},{""name"":""lab-mysql"",""cpu"":""0.88%"",""mem"":""715MiB / 122.8GiB""},{""name"":""lab-woocommerce-mysql"",""cpu"":""0.96%"",""mem"":""494MiB / 122.8GiB""}]"
2026-09-10T08:11:11Z,4,1,1,0,0,2666387123,"[{""name"":""lab-worker-1"",""cpu"":""0.28%"",""mem"":""93.59MiB / 122.8GiB""},{""name"":""lab-allegro-stub"",""cpu"":""0.00%"",""mem"":""15.73MiB / 122.8GiB""},{""name"":""lab-erli-stub"",""cpu"":""0.00%"",""mem"":""15.58MiB / 122.8GiB""},{""name"":""lab-eparagony-stub"",""cpu"":""0.00%"",""mem"":""15.72MiB / 122.8GiB""},{""name"":""lab-invoicing-stub"",""cpu"":""0.00%"",""mem"":""15.72MiB / 122.8GiB""},{""name"":""lab-shipping-stub"",""cpu"":""0.00%"",""mem"":""15.81MiB / 122.8GiB""},{""name"":""lab-api"",""cpu"":""0.00%"",""mem"":""148.6MiB / 122.8GiB""},{""name"":""lab-eparagony-stub-tls"",""cpu"":""0.00%"",""mem"":""23.64MiB / 122.8GiB""},{""name"":""lab-erli-stub-tls"",""cpu"":""0.00%"",""mem"":""22.95MiB / 122.8GiB""},{""name"":""lab-wc-tls"",""cpu"":""0.00%"",""mem"":""23.06MiB / 122.8GiB""},{""name"":""lab-prestashop"",""cpu"":""0.00%"",""mem"":""117.2MiB / 122.8GiB""},{""name"":""lab-woocommerce"",""cpu"":""0.01%"",""mem"":""224.4MiB / 122.8GiB""},{""name"":""lab-redis"",""cpu"":""0.26%"",""mem"":""77.55MiB / 122.8GiB""},{""name"":""lab-postgres"",""cpu"":""0.29%"",""mem"":""236MiB / 122.8GiB""},{""name"":""lab-mysql"",""cpu"":""0.99%"",""mem"":""715MiB / 122.8GiB""},{""name"":""lab-woocommerce-mysql"",""cpu"":""1.05%"",""mem"":""494MiB / 122.8GiB""}]"
2026-09-10T08:11:14Z,4,1,1,0,0,2666387123,"[{""name"":""lab-worker-1"",""cpu"":""0.45%"",""mem"":""93.59MiB / 122.8GiB""},{""name"":""lab-allegro-stub"",""cpu"":""0.00%"",""mem"":""15.73MiB / 122.8GiB""},{""name"":""lab-erli-stub"",""cpu"":""0.00%"",""mem"":""15.58MiB / 122.8GiB""},{""name"":""lab-eparagony-stub"",""cpu"":""0.00%"",""mem"":""15.72MiB / 122.8GiB""},{""name"":""lab-invoicing-stub"",""cpu"":""0.00%"",""mem"":""15.72MiB / 122.8GiB""},{""name"":""lab-shipping-stub"",""cpu"":""0.00%"",""mem"":""15.81MiB / 122.8GiB""},{""name"":""lab-api"",""cpu"":""0.00%"",""mem"":""148.6MiB / 122.8GiB""},{""name"":""lab-eparagony-stub-tls"",""cpu"":""0.00%"",""mem"":""23.64MiB / 122.8GiB""},{""name"":""lab-erli-stub-tls"",""cpu"":""0.00%"",""mem"":""22.95MiB / 122.8GiB""},{""name"":""lab-wc-tls"",""cpu"":""0.00%"",""mem"":""23.06MiB / 122.8GiB""},{""name"":""lab-prestashop"",""cpu"":""0.01%"",""mem"":""117.2MiB / 122.8GiB""},{""name"":""lab-woocommerce"",""cpu"":""0.00%"",""mem"":""224.4MiB / 122.8GiB""},{""name"":""lab-redis"",""cpu"":""4.35%"",""mem"":""77.85MiB / 122.8GiB""},{""name"":""lab-postgres"",""cpu"":""0.26%"",""mem"":""236MiB / 122.8GiB""},{""name"":""lab-mysql"",""cpu"":""0.93%"",""mem"":""715MiB / 122.8GiB""},{""name"":""lab-woocommerce-mysql"",""cpu"":""5.37%"",""mem"":""494MiB / 122.8GiB""}]"
2026-09-10T08:11:18Z,3,1,1,0,0,2666387123,"[{""name"":""lab-worker-1"",""cpu"":""0.32%"",""mem"":""93.59MiB / 122.8GiB""},{""name"":""lab-allegro-stub"",""cpu"":""0.01%"",""mem"":""15.73MiB / 122.8GiB""},{""name"":""lab-erli-stub"",""cpu"":""4.39%"",""mem"":""15.59MiB / 122.8GiB""},{""name"":""lab-eparagony-stub"",""cpu"":""0.01%"",""mem"":""15.75MiB / 122.8GiB""},{""name"":""lab-invoicing-stub"",""cpu"":""0.00%"",""mem"":""15.73MiB / 122.8GiB""},{""name"":""lab-shipping-stub"",""cpu"":""0.00%"",""mem"":""15.81MiB / 122.8GiB""},{""name"":""lab-api"",""cpu"":""0.00%"",""mem"":""148.6MiB / 122.8GiB""},{""name"":""lab-eparagony-stub-tls"",""cpu"":""0.00%"",""mem"":""23.64MiB / 122.8GiB""},{""name"":""lab-erli-stub-tls"",""cpu"":""0.00%"",""mem"":""22.95MiB / 122.8GiB""},{""name"":""lab-wc-tls"",""cpu"":""0.00%"",""mem"":""23.06MiB / 122.8GiB""},{""name"":""lab-prestashop"",""cpu"":""0.00%"",""mem"":""117.2MiB / 122.8GiB""},{""name"":""lab-woocommerce"",""cpu"":""0.01%"",""mem"":""224.4MiB / 122.8GiB""},{""name"":""lab-redis"",""cpu"":""0.27%"",""mem"":""77.56MiB / 122.8GiB""},{""name"":""lab-postgres"",""cpu"":""12.65%"",""mem"":""236MiB / 122.8GiB""},{""name"":""lab-mysql"",""cpu"":""0.91%"",""mem"":""715MiB / 122.8GiB""},{""name"":""lab-woocommerce-mysql"",""cpu"":""2.16%"",""mem"":""494MiB / 122.8GiB""}]"
2026-09-10T08:11:22Z,4,1,1,0,0,2666387123,"[{""name"":""lab-worker-1"",""cpu"":""0.27%"",""mem"":""93.59MiB / 122.8GiB""},{""name"":""lab-allegro-stub"",""cpu"":""4.05%"",""mem"":""15.76MiB / 122.8GiB""},{""name"":""lab-erli-stub"",""cpu"":""0.00%"",""mem"":""15.58MiB / 122.8GiB""},{""name"":""lab-eparagony-stub"",""cpu"":""0.00%"",""mem"":""15.72MiB / 122.8GiB""},{""name"":""lab-invoicing-stub"",""cpu"":""4.02%"",""mem"":""15.72MiB / 122.8GiB""},{""name"":""lab-shipping-stub"",""cpu"":""4.00%"",""mem"":""15.85MiB / 122.8GiB""},{""name"":""lab-api"",""cpu"":""0.00%"",""mem"":""148.6MiB / 122.8GiB""},{""name"":""lab-eparagony-stub-tls"",""cpu"":""0.00%"",""mem"":""23.64MiB / 122.8GiB""},{""name"":""lab-erli-stub-tls"",""cpu"":""0.00%"",""mem"":""22.95MiB / 122.8GiB""},{""name"":""lab-wc-tls"",""cpu"":""0.00%"",""mem"":""23.06MiB / 122.8GiB""},{""name"":""lab-prestashop"",""cpu"":""0.00%"",""mem"":""117.2MiB / 122.8GiB""},{""name"":""lab-woocommerce"",""cpu"":""0.01%"",""mem"":""224.4MiB / 122.8GiB""},{""name"":""lab-redis"",""cpu"":""0.27%"",""mem"":""77.8MiB / 122.8GiB""},{""name"":""lab-postgres"",""cpu"":""0.28%"",""mem"":""235.9MiB / 122.8GiB""},{""name"":""lab-mysql"",""cpu"":""0.88%"",""mem"":""715MiB / 122.8GiB""},{""name"":""lab-woocommerce-mysql"",""cpu"":""1.04%"",""mem"":""494MiB / 122.8GiB""}]"
2026-09-10T08:11:26Z,4,1,1,0,0,2666387123,"[{""name"":""lab-worker-1"",""cpu"":""0.74%"",""mem"":""93.6MiB / 122.8GiB""},{""name"":""lab-allegro-stub"",""cpu"":""0.01%"",""mem"":""15.73MiB / 122.8GiB""},{""name"":""lab-erli-stub"",""cpu"":""0.01%"",""mem"":""15.59MiB / 122.8GiB""},{""name"":""lab-eparagony-stub"",""cpu"":""0.01%"",""mem"":""15.72MiB / 122.8GiB""},{""name"":""lab-invoicing-stub"",""cpu"":""0.01%"",""mem"":""15.72MiB / 122.8GiB""},{""name"":""lab-shipping-stub"",""cpu"":""0.00%"",""mem"":""15.81MiB / 122.8GiB""},{""name"":""lab-api"",""cpu"":""0.00%"",""mem"":""148.6MiB / 122.8GiB""},{""name"":""lab-eparagony-stub-tls"",""cpu"":""0.00%"",""mem"":""23.64MiB / 122.8GiB""},{""name"":""lab-erli-stub-tls"",""cpu"":""0.00%"",""mem"":""22.95MiB / 122.8GiB""},{""name"":""lab-wc-tls"",""cpu"":""0.00%"",""mem"":""23.06MiB / 122.8GiB""},{""name"":""lab-prestashop"",""cpu"":""5.23%"",""mem"":""117.2MiB / 122.8GiB""},{""name"":""lab-woocommerce"",""cpu"":""0.01%"",""mem"":""224.4MiB / 122.8GiB""},{""name"":""lab-redis"",""cpu"":""0.30%"",""mem"":""77.83MiB / 122.8GiB""},{""name"":""lab-postgres"",""cpu"":""5.66%"",""mem"":""236MiB / 122.8GiB""},{""name"":""lab-mysql"",""cpu"":""1.38%"",""mem"":""715MiB / 122.8GiB""},{""name"":""lab-woocommerce-mysql"",""cpu"":""0.89%"",""mem"":""494MiB / 122.8GiB""}]"
2026-09-10T08:11:29Z,4,1,1,0,0,2666387123,"[{""name"":""lab-worker-1"",""cpu"":""0.52%"",""mem"":""93.6MiB / 122.8GiB""},{""name"":""lab-allegro-stub"",""cpu"":""0.00%"",""mem"":""15.73MiB / 122.8GiB""},{""name"":""lab-erli-stub"",""cpu"":""0.00%"",""mem"":""15.59MiB / 122.8GiB""},{""name"":""lab-eparagony-stub"",""cpu"":""0.00%"",""mem"":""15.72MiB / 122.8GiB""},{""name"":""lab-invoicing-stub"",""cpu"":""0.00%"",""mem"":""15.72MiB / 122.8GiB""},{""name"":""lab-shipping-stub"",""cpu"":""0.00%"",""mem"":""15.81MiB / 122.8GiB""},{""name"":""lab-api"",""cpu"":""0.00%"",""mem"":""148.6MiB / 122.8GiB""},{""name"":""lab-eparagony-stub-tls"",""cpu"":""0.00%"",""mem"":""23.64MiB / 122.8GiB""},{""name"":""lab-erli-stub-tls"",""cpu"":""0.00%"",""mem"":""22.95MiB / 122.8GiB""},{""name"":""lab-wc-tls"",""cpu"":""0.00%"",""mem"":""23.06MiB / 122.8GiB""},{""name"":""lab-prestashop"",""cpu"":""0.01%"",""mem"":""117.2MiB / 122.8GiB""},{""name"":""lab-woocommerce"",""cpu"":""0.01%"",""mem"":""224.4MiB / 122.8GiB""},{""name"":""lab-redis"",""cpu"":""0.32%"",""mem"":""77.55MiB / 122.8GiB""},{""name"":""lab-postgres"",""cpu"":""6.35%"",""mem"":""236.2MiB / 122.8GiB""},{""name"":""lab-mysql"",""cpu"":""1.02%"",""mem"":""715MiB / 122.8GiB""},{""name"":""lab-woocommerce-mysql"",""cpu"":""0.98%"",""mem"":""494MiB / 122.8GiB""}]"
2026-09-10T08:11:33Z,3,1,1,0,0,2666387123,"[{""name"":""lab-worker-1"",""cpu"":""0.35%"",""mem"":""93.84MiB / 122.8GiB""},{""name"":""lab-allegro-stub"",""cpu"":""0.01%"",""mem"":""15.74MiB / 122.8GiB""},{""name"":""lab-erli-stub"",""cpu"":""4.15%"",""mem"":""15.59MiB / 122.8GiB""},{""name"":""lab-eparagony-stub"",""cpu"":""4.18%"",""mem"":""15.72MiB / 122.8GiB""},{""name"":""lab-invoicing-stub"",""cpu"":""0.01%"",""mem"":""15.72MiB / 122.8GiB""},{""name"":""lab-shipping-stub"",""cpu"":""0.00%"",""mem"":""15.82MiB / 122.8GiB""},{""name"":""lab-api"",""cpu"":""0.00%"",""mem"":""148.6MiB / 122.8GiB""},{""name"":""lab-eparagony-stub-tls"",""cpu"":""0.00%"",""mem"":""23.64MiB / 122.8GiB""},{""name"":""lab-erli-stub-tls"",""cpu"":""0.00%"",""mem"":""22.95MiB / 122.8GiB""},{""name"":""lab-wc-tls"",""cpu"":""0.00%"",""mem"":""23.06MiB / 122.8GiB""},{""name"":""lab-prestashop"",""cpu"":""0.01%"",""mem"":""117.2MiB / 122.8GiB""},{""name"":""lab-woocommerce"",""cpu"":""0.01%"",""mem"":""224.4MiB / 122.8GiB""},{""name"":""lab-redis"",""cpu"":""0.27%"",""mem"":""77.55MiB / 122.8GiB""},{""name"":""lab-postgres"",""cpu"":""0.27%"",""mem"":""236MiB / 122.8GiB""},{""name"":""lab-mysql"",""cpu"":""0.90%"",""mem"":""715MiB / 122.8GiB""},{""name"":""lab-woocommerce-mysql"",""cpu"":""0.86%"",""mem"":""494MiB / 122.8GiB""}]"
2026-09-10T08:11:37Z,4,1,1,0,0,2666387123,"[{""name"":""lab-worker-1"",""cpu"":""0.31%"",""mem"":""93.6MiB / 122.8GiB""},{""name"":""lab-allegro-stub"",""cpu"":""3.76%"",""mem"":""15.95MiB / 122.8GiB""},{""name"":""lab-erli-stub"",""cpu"":""0.00%"",""mem"":""15.58MiB / 122.8GiB""},{""name"":""lab-eparagony-stub"",""cpu"":""0.00%"",""mem"":""15.72MiB / 122.8GiB""},{""name"":""lab-invoicing-stub"",""cpu"":""3.92%"",""mem"":""15.74MiB / 122.8GiB""},{""name"":""lab-shipping-stub"",""cpu"":""2.94%"",""mem"":""15.81MiB / 122.8GiB""},{""name"":""lab-api"",""cpu"":""0.00%"",""mem"":""148.6MiB / 122.8GiB""},{""name"":""lab-eparagony-stub-tls"",""cpu"":""0.00%"",""mem"":""23.64MiB / 122.8GiB""},{""name"":""lab-erli-stub-tls"",""cpu"":""0.00%"",""mem"":""22.95MiB / 122.8GiB""},{""name"":""lab-wc-tls"",""cpu"":""0.00%"",""mem"":""23.06MiB / 122.8GiB""},{""name"":""lab-prestashop"",""cpu"":""0.01%"",""mem"":""117.2MiB / 122.8GiB""},{""name"":""lab-woocommerce"",""cpu"":""0.01%"",""mem"":""224.4MiB / 122.8GiB""},{""name"":""lab-redis"",""cpu"":""0.27%"",""mem"":""77.55MiB / 122.8GiB""},{""name"":""lab-postgres"",""cpu"":""1.29%"",""mem"":""235.9MiB / 122.8GiB""},{""name"":""lab-mysql"",""cpu"":""0.93%"",""mem"":""715MiB / 122.8GiB""},{""name"":""lab-woocommerce-mysql"",""cpu"":""0.94%"",""mem"":""494MiB / 122.8GiB""}]"
2026-09-10T08:11:41Z,4,1,1,0,0,2666387123,"[{""name"":""lab-worker-1"",""cpu"":""1.29%"",""mem"":""93.73MiB / 122.8GiB""},{""name"":""lab-allegro-stub"",""cpu"":""0.00%"",""mem"":""15.73MiB / 122.8GiB""},{""name"":""lab-erli-stub"",""cpu"":""0.00%"",""mem"":""15.58MiB / 122.8GiB""},{""name"":""lab-eparagony-stub"",""cpu"":""0.00%"",""mem"":""15.72MiB / 122.8GiB""},{""name"":""lab-invoicing-stub"",""cpu"":""0.00%"",""mem"":""15.72MiB / 122.8GiB""},{""name"":""lab-shipping-stub"",""cpu"":""0.00%"",""mem"":""15.81MiB / 122.8GiB""},{""name"":""lab-api"",""cpu"":""0.00%"",""mem"":""148.6MiB / 122.8GiB""},{""name"":""lab-eparagony-stub-tls"",""cpu"":""0.00%"",""mem"":""23.64MiB / 122.8GiB""},{""name"":""lab-erli-stub-tls"",""cpu"":""0.00%"",""mem"":""22.95MiB / 122.8GiB""},{""name"":""lab-wc-tls"",""cpu"":""0.00%"",""mem"":""23.06MiB / 122.8GiB""},{""name"":""lab-prestashop"",""cpu"":""0.01%"",""mem"":""117.2MiB / 122.8GiB""},{""name"":""lab-woocommerce"",""cpu"":""0.01%"",""mem"":""224.4MiB / 122.8GiB""},{""name"":""lab-redis"",""cpu"":""0.31%"",""mem"":""77.8MiB / 122.8GiB""},{""name"":""lab-postgres"",""cpu"":""0.26%"",""mem"":""235.9MiB / 122.8GiB""},{""name"":""lab-mysql"",""cpu"":""0.96%"",""mem"":""715MiB / 122.8GiB""},{""name"":""lab-woocommerce-mysql"",""cpu"":""0.92%"",""mem"":""494MiB / 122.8GiB""}]"
2026-09-10T08:11:44Z,4,1,1,0,0,2666387123,"[{""name"":""lab-worker-1"",""cpu"":""0.54%"",""mem"":""93.61MiB / 122.8GiB""},{""name"":""lab-allegro-stub"",""cpu"":""0.00%"",""mem"":""15.73MiB / 122.8GiB""},{""name"":""lab-erli-stub"",""cpu"":""0.01%"",""mem"":""15.58MiB / 122.8GiB""},{""name"":""lab-eparagony-stub"",""cpu"":""0.00%"",""mem"":""15.72MiB / 122.8GiB""},{""name"":""lab-invoicing-stub"",""cpu"":""0.00%"",""mem"":""15.72MiB / 122.8GiB""},{""name"":""lab-shipping-stub"",""cpu"":""0.00%"",""mem"":""15.81MiB / 122.8GiB""},{""name"":""lab-api"",""cpu"":""0.00%"",""mem"":""148.6MiB / 122.8GiB""},{""name"":""lab-eparagony-stub-tls"",""cpu"":""0.00%"",""mem"":""23.64MiB / 122.8GiB""},{""name"":""lab-erli-stub-tls"",""cpu"":""0.00%"",""mem"":""22.95MiB / 122.8GiB""},{""name"":""lab-wc-tls"",""cpu"":""0.00%"",""mem"":""23.06MiB / 122.8GiB""},{""name"":""lab-prestashop"",""cpu"":""0.01%"",""mem"":""117.2MiB / 122.8GiB""},{""name"":""lab-woocommerce"",""cpu"":""0.01%"",""mem"":""224.4MiB / 122.8GiB""},{""name"":""lab-redis"",""cpu"":""0.30%"",""mem"":""77.8MiB / 122.8GiB""},{""name"":""lab-postgres"",""cpu"":""11.90%"",""mem"":""236.2MiB / 122.8GiB""},{""name"":""lab-mysql"",""cpu"":""0.90%"",""mem"":""715MiB / 122.8GiB""},{""name"":""lab-woocommerce-mysql"",""cpu"":""5.31%"",""mem"":""494.3MiB / 122.8GiB""}]"
2026-09-10T08:11:48Z,3,1,1,0,0,2666387123,"[{""name"":""lab-worker-1"",""cpu"":""0.37%"",""mem"":""93.61MiB / 122.8GiB""},{""name"":""lab-allegro-stub"",""cpu"":""0.01%"",""mem"":""15.75MiB / 122.8GiB""},{""name"":""lab-erli-stub"",""cpu"":""4.02%"",""mem"":""15.89MiB / 122.8GiB""},{""name"":""lab-eparagony-stub"",""cpu"":""4.02%"",""mem"":""15.73MiB / 122.8GiB""},{""name"":""lab-invoicing-stub"",""cpu"":""0.01%"",""mem"":""15.73MiB / 122.8GiB""},{""name"":""lab-shipping-stub"",""cpu"":""0.00%"",""mem"":""15.81MiB / 122.8GiB""},{""name"":""lab-api"",""cpu"":""0.00%"",""mem"":""148.6MiB / 122.8GiB""},{""name"":""lab-eparagony-stub-tls"",""cpu"":""0.00%"",""mem"":""23.64MiB / 122.8GiB""},{""name"":""lab-erli-stub-tls"",""cpu"":""0.00%"",""mem"":""22.95MiB / 122.8GiB""},{""name"":""lab-wc-tls"",""cpu"":""0.00%"",""mem"":""23.06MiB / 122.8GiB""},{""name"":""lab-prestashop"",""cpu"":""0.01%"",""mem"":""117.2MiB / 122.8GiB""},{""name"":""lab-woocommerce"",""cpu"":""0.01%"",""mem"":""224.4MiB / 122.8GiB""},{""name"":""lab-redis"",""cpu"":""0.31%"",""mem"":""77.55MiB / 122.8GiB""},{""name"":""lab-postgres"",""cpu"":""0.28%"",""mem"":""235.9MiB / 122.8GiB""},{""name"":""lab-mysql"",""cpu"":""0.92%"",""mem"":""715MiB / 122.8GiB""},{""name"":""lab-woocommerce-mysql"",""cpu"":""1.31%"",""mem"":""494MiB / 122.8GiB""}]"
2026-09-10T08:11:52Z,4,1,1,0,0,2666387123,"[{""name"":""lab-worker-1"",""cpu"":""5.99%"",""mem"":""93.82MiB / 122.8GiB""},{""name"":""lab-allegro-stub"",""cpu"":""0.00%"",""mem"":""15.73MiB / 122.8GiB""},{""name"":""lab-erli-stub"",""cpu"":""0.00%"",""mem"":""15.58MiB / 122.8GiB""},{""name"":""lab-eparagony-stub"",""cpu"":""0.00%"",""mem"":""15.72MiB / 122.8GiB""},{""name"":""lab-invoicing-stub"",""cpu"":""3.98%"",""mem"":""15.75MiB / 122.8GiB""},{""name"":""lab-shipping-stub"",""cpu"":""4.22%"",""mem"":""15.85MiB / 122.8GiB""},{""name"":""lab-api"",""cpu"":""0.00%"",""mem"":""148.6MiB / 122.8GiB""},{""name"":""lab-eparagony-stub-tls"",""cpu"":""0.00%"",""mem"":""23.64MiB / 122.8GiB""},{""name"":""lab-erli-stub-tls"",""cpu"":""0.00%"",""mem"":""22.95MiB / 122.8GiB""},{""name"":""lab-wc-tls"",""cpu"":""0.00%"",""mem"":""23.06MiB / 122.8GiB""},{""name"":""lab-prestashop"",""cpu"":""0.01%"",""mem"":""117.2MiB / 122.8GiB""},{""name"":""lab-woocommerce"",""cpu"":""0.00%"",""mem"":""224.4MiB / 122.8GiB""},{""name"":""lab-redis"",""cpu"":""0.32%"",""mem"":""77.55MiB / 122.8GiB""},{""name"":""lab-postgres"",""cpu"":""0.28%"",""mem"":""235.9MiB / 122.8GiB""},{""name"":""lab-mysql"",""cpu"":""1.00%"",""mem"":""715MiB / 122.8GiB""},{""name"":""lab-woocommerce-mysql"",""cpu"":""1.08%"",""mem"":""494MiB / 122.8GiB""}]"
2026-09-10T08:11:56Z,4,1,1,0,0,2666387123,"[{""name"":""lab-worker-1"",""cpu"":""0.22%"",""mem"":""93.8MiB / 122.8GiB""},{""name"":""lab-allegro-stub"",""cpu"":""0.01%"",""mem"":""15.73MiB / 122.8GiB""},{""name"":""lab-erli-stub"",""cpu"":""0.01%"",""mem"":""15.58MiB / 122.8GiB""},{""name"":""lab-eparagony-stub"",""cpu"":""0.01%"",""mem"":""15.72MiB / 122.8GiB""},{""name"":""lab-invoicing-stub"",""cpu"":""0.01%"",""mem"":""15.72MiB / 122.8GiB""},{""name"":""lab-shipping-stub"",""cpu"":""0.00%"",""mem"":""15.81MiB / 122.8GiB""},{""name"":""lab-api"",""cpu"":""0.00%"",""mem"":""148.6MiB / 122.8GiB""},{""name"":""lab-eparagony-stub-tls"",""cpu"":""0.00%"",""mem"":""23.64MiB / 122.8GiB""},{""name"":""lab-erli-stub-tls"",""cpu"":""0.00%"",""mem"":""22.95MiB / 122.8GiB""},{""name"":""lab-wc-tls"",""cpu"":""0.00%"",""mem"":""23.06MiB / 122.8GiB""},{""name"":""lab-prestashop"",""cpu"":""4.99%"",""mem"":""117.2MiB / 122.8GiB""},{""name"":""lab-woocommerce"",""cpu"":""0.00%"",""mem"":""224.4MiB / 122.8GiB""},{""name"":""lab-redis"",""cpu"":""0.29%"",""mem"":""77.83MiB / 122.8GiB""},{""name"":""lab-postgres"",""cpu"":""5.40%"",""mem"":""236.2MiB / 122.8GiB""},{""name"":""lab-mysql"",""cpu"":""1.41%"",""mem"":""715MiB / 122.8GiB""},{""name"":""lab-woocommerce-mysql"",""cpu"":""0.92%"",""mem"":""494MiB / 122.8GiB""}]"
2026-09-10T08:11:59Z,4,1,1,0,0,2666387123,"[{""name"":""lab-worker-1"",""cpu"":""0.36%"",""mem"":""93.93MiB / 122.8GiB""},{""name"":""lab-allegro-stub"",""cpu"":""0.00%"",""mem"":""15.73MiB / 122.8GiB""},{""name"":""lab-erli-stub"",""cpu"":""0.01%"",""mem"":""15.64MiB / 122.8GiB""},{""name"":""lab-eparagony-stub"",""cpu"":""0.00%"",""mem"":""15.76MiB / 122.8GiB""},{""name"":""lab-invoicing-stub"",""cpu"":""0.00%"",""mem"":""15.72MiB / 122.8GiB""},{""name"":""lab-shipping-stub"",""cpu"":""0.00%"",""mem"":""15.81MiB / 122.8GiB""},{""name"":""lab-api"",""cpu"":""0.00%"",""mem"":""148.6MiB / 122.8GiB""},{""name"":""lab-eparagony-stub-tls"",""cpu"":""0.00%"",""mem"":""23.64MiB / 122.8GiB""},{""name"":""lab-erli-stub-tls"",""cpu"":""0.00%"",""mem"":""22.95MiB / 122.8GiB""},{""name"":""lab-wc-tls"",""cpu"":""0.00%"",""mem"":""23.06MiB / 122.8GiB""},{""name"":""lab-prestashop"",""cpu"":""0.01%"",""mem"":""117.2MiB / 122.8GiB""},{""name"":""lab-woocommerce"",""cpu"":""0.00%"",""mem"":""224.4MiB / 122.8GiB""},{""name"":""lab-redis"",""cpu"":""0.32%"",""mem"":""77.56MiB / 122.8GiB""},{""name"":""lab-postgres"",""cpu"":""0.28%"",""mem"":""235.9MiB / 122.8GiB""},{""name"":""lab-mysql"",""cpu"":""1.04%"",""mem"":""715MiB / 122.8GiB""},{""name"":""lab-woocommerce-mysql"",""cpu"":""0.92%"",""mem"":""494MiB / 122.8GiB""}]"
2026-09-10T08:12:03Z,3,1,1,0,0,2666387123,"[{""name"":""lab-worker-1"",""cpu"":""0.40%"",""mem"":""93.68MiB / 122.8GiB""},{""name"":""lab-allegro-stub"",""cpu"":""3.20%"",""mem"":""15.93MiB / 122.8GiB""},{""name"":""lab-erli-stub"",""cpu"":""4.15%"",""mem"":""15.63MiB / 122.8GiB""},{""name"":""lab-eparagony-stub"",""cpu"":""4.16%"",""mem"":""15.74MiB / 122.8GiB""},{""name"":""lab-invoicing-stub"",""cpu"":""0.01%"",""mem"":""15.75MiB / 122.8GiB""},{""name"":""lab-shipping-stub"",""cpu"":""0.01%"",""mem"":""15.82MiB / 122.8GiB""},{""name"":""lab-api"",""cpu"":""0.00%"",""mem"":""148.6MiB / 122.8GiB""},{""name"":""lab-eparagony-stub-tls"",""cpu"":""0.00%"",""mem"":""23.64MiB / 122.8GiB""},{""name"":""lab-erli-stub-tls"",""cpu"":""0.00%"",""mem"":""22.95MiB / 122.8GiB""},{""name"":""lab-wc-tls"",""cpu"":""0.00%"",""mem"":""23.06MiB / 122.8GiB""},{""name"":""lab-prestashop"",""cpu"":""0.01%"",""mem"":""117.2MiB / 122.8GiB""},{""name"":""lab-woocommerce"",""cpu"":""0.00%"",""mem"":""224.4MiB / 122.8GiB""},{""name"":""lab-redis"",""cpu"":""0.29%"",""mem"":""77.8MiB / 122.8GiB""},{""name"":""lab-postgres"",""cpu"":""0.30%"",""mem"":""235.9MiB / 122.8GiB""},{""name"":""lab-mysql"",""cpu"":""0.91%"",""mem"":""715MiB / 122.8GiB""},{""name"":""lab-woocommerce-mysql"",""cpu"":""0.96%"",""mem"":""494MiB / 122.8GiB""}]"
2026-09-10T08:12:07Z,4,1,1,0,0,2666387123,"[{""name"":""lab-worker-1"",""cpu"":""2.55%"",""mem"":""93.88MiB / 122.8GiB""},{""name"":""lab-allegro-stub"",""cpu"":""0.00%"",""mem"":""15.73MiB / 122.8GiB""},{""name"":""lab-erli-stub"",""cpu"":""0.00%"",""mem"":""15.58MiB / 122.8GiB""},{""name"":""lab-eparagony-stub"",""cpu"":""0.00%"",""mem"":""15.72MiB / 122.8GiB""},{""name"":""lab-invoicing-stub"",""cpu"":""0.00%"",""mem"":""15.72MiB / 122.8GiB""},{""name"":""lab-shipping-stub"",""cpu"":""3.92%"",""mem"":""15.93MiB / 122.8GiB""},{""name"":""lab-api"",""cpu"":""0.00%"",""mem"":""148.6MiB / 122.8GiB""},{""name"":""lab-eparagony-stub-tls"",""cpu"":""0.00%"",""mem"":""23.64MiB / 122.8GiB""},{""name"":""lab-erli-stub-tls"",""cpu"":""0.00%"",""mem"":""22.95MiB / 122.8GiB""},{""name"":""lab-wc-tls"",""cpu"":""0.00%"",""mem"":""23.06MiB / 122.8GiB""},{""name"":""lab-prestashop"",""cpu"":""0.01%"",""mem"":""117.2MiB / 122.8GiB""},{""name"":""lab-woocommerce"",""cpu"":""0.02%"",""mem"":""224.4MiB / 122.8GiB""},{""name"":""lab-redis"",""cpu"":""0.27%"",""mem"":""77.56MiB / 122.8GiB""},{""name"":""lab-postgres"",""cpu"":""0.53%"",""mem"":""236.3MiB / 122.8GiB""},{""name"":""lab-mysql"",""cpu"":""1.03%"",""mem"":""715MiB / 122.8GiB""},{""name"":""lab-woocommerce-mysql"",""cpu"":""1.00%"",""mem"":""494MiB / 122.8GiB""}]"
2026-09-10T08:12:11Z,4,1,1,0,0,2666387123,"[{""name"":""lab-worker-1"",""cpu"":""2.09%"",""mem"":""93.71MiB / 122.8GiB""},{""name"":""lab-allegro-stub"",""cpu"":""0.00%"",""mem"":""15.73MiB / 122.8GiB""},{""name"":""lab-erli-stub"",""cpu"":""0.00%"",""mem"":""15.58MiB / 122.8GiB""},{""name"":""lab-eparagony-stub"",""cpu"":""0.00%"",""mem"":""15.74MiB / 122.8GiB""},{""name"":""lab-invoicing-stub"",""cpu"":""0.05%"",""mem"":""15.72MiB / 122.8GiB""},{""name"":""lab-shipping-stub"",""cpu"":""0.00%"",""mem"":""15.81MiB / 122.8GiB""},{""name"":""lab-api"",""cpu"":""0.00%"",""mem"":""148.6MiB / 122.8GiB""},{""name"":""lab-eparagony-stub-tls"",""cpu"":""0.00%"",""mem"":""23.64MiB / 122.8GiB""},{""name"":""lab-erli-stub-tls"",""cpu"":""0.00%"",""mem"":""22.95MiB / 122.8GiB""},{""name"":""lab-wc-tls"",""cpu"":""0.00%"",""mem"":""23.06MiB / 122.8GiB""},{""name"":""lab-prestashop"",""cpu"":""0.01%"",""mem"":""117.2MiB / 122.8GiB""},{""name"":""lab-woocommerce"",""cpu"":""0.00%"",""mem"":""224.4MiB / 122.8GiB""},{""name"":""lab-redis"",""cpu"":""0.32%"",""mem"":""77.55MiB / 122.8GiB""},{""name"":""lab-postgres"",""cpu"":""15.63%"",""mem"":""238.2MiB / 122.8GiB""},{""name"":""lab-mysql"",""cpu"":""5.28%"",""mem"":""715MiB / 122.8GiB""},{""name"":""lab-woocommerce-mysql"",""cpu"":""1.03%"",""mem"":""494MiB / 122.8GiB""}]"
2026-09-10T08:12:14Z,4,0,1,0,0,2666387123,"[{""name"":""lab-worker-1"",""cpu"":""0.46%"",""mem"":""93.71MiB / 122.8GiB""},{""name"":""lab-allegro-stub"",""cpu"":""0.00%"",""mem"":""15.73MiB / 122.8GiB""},{""name"":""lab-erli-stub"",""cpu"":""0.01%"",""mem"":""15.64MiB / 122.8GiB""},{""name"":""lab-eparagony-stub"",""cpu"":""0.01%"",""mem"":""15.73MiB / 122.8GiB""},{""name"":""lab-invoicing-stub"",""cpu"":""0.00%"",""mem"":""15.73MiB / 122.8GiB""},{""name"":""lab-shipping-stub"",""cpu"":""0.00%"",""mem"":""15.81MiB / 122.8GiB""},{""name"":""lab-api"",""cpu"":""0.00%"",""mem"":""148.6MiB / 122.8GiB""},{""name"":""lab-eparagony-stub-tls"",""cpu"":""0.00%"",""mem"":""23.64MiB / 122.8GiB""},{""name"":""lab-erli-stub-tls"",""cpu"":""0.00%"",""mem"":""22.95MiB / 122.8GiB""},{""name"":""lab-wc-tls"",""cpu"":""0.00%"",""mem"":""23.06MiB / 122.8GiB""},{""name"":""lab-prestashop"",""cpu"":""0.01%"",""mem"":""117.2MiB / 122.8GiB""},{""name"":""lab-woocommerce"",""cpu"":""0.01%"",""mem"":""224.4MiB / 122.8GiB""},{""name"":""lab-redis"",""cpu"":""0.32%"",""mem"":""77.55MiB / 122.8GiB""},{""name"":""lab-postgres"",""cpu"":""0.29%"",""mem"":""238.3MiB / 122.8GiB""},{""name"":""lab-mysql"",""cpu"":""0.95%"",""mem"":""715MiB / 122.8GiB""},{""name"":""lab-woocommerce-mysql"",""cpu"":""5.31%"",""mem"":""494.1MiB / 122.8GiB""}]"
2026-09-10T08:12:18Z,3,0,1,0,0,2666387123,"[{""name"":""lab-worker-1"",""cpu"":""0.34%"",""mem"":""93.96MiB / 122.8GiB""},{""name"":""lab-allegro-stub"",""cpu"":""4.17%"",""mem"":""15.74MiB / 122.8GiB""},{""name"":""lab-erli-stub"",""cpu"":""4.17%"",""mem"":""15.66MiB / 122.8GiB""},{""name"":""lab-eparagony-stub"",""cpu"":""4.06%"",""mem"":""15.73MiB / 122.8GiB""},{""name"":""lab-invoicing-stub"",""cpu"":""3.12%"",""mem"":""15.72MiB / 122.8GiB""},{""name"":""lab-shipping-stub"",""cpu"":""0.01%"",""mem"":""16.06MiB / 122.8GiB""},{""name"":""lab-api"",""cpu"":""0.00%"",""mem"":""148.6MiB / 122.8GiB""},{""name"":""lab-eparagony-stub-tls"",""cpu"":""0.00%"",""mem"":""23.64MiB / 122.8GiB""},{""name"":""lab-erli-stub-tls"",""cpu"":""0.00%"",""mem"":""22.95MiB / 122.8GiB""},{""name"":""lab-wc-tls"",""cpu"":""0.00%"",""mem"":""23.06MiB / 122.8GiB""},{""name"":""lab-prestashop"",""cpu"":""0.01%"",""mem"":""117.2MiB / 122.8GiB""},{""name"":""lab-woocommerce"",""cpu"":""0.00%"",""mem"":""224.4MiB / 122.8GiB""},{""name"":""lab-redis"",""cpu"":""0.28%"",""mem"":""77.55MiB / 122.8GiB""},{""name"":""lab-postgres"",""cpu"":""0.27%"",""mem"":""238.3MiB / 122.8GiB""},{""name"":""lab-mysql"",""cpu"":""0.85%"",""mem"":""715MiB / 122.8GiB""},{""name"":""lab-woocommerce-mysql"",""cpu"":""2.09%"",""mem"":""494MiB / 122.8GiB""}]"
2026-09-10T08:12:22Z,4,0,1,0,0,2666387123,"[{""name"":""lab-worker-1"",""cpu"":""0.36%"",""mem"":""93.96MiB / 122.8GiB""},{""name"":""lab-allegro-stub"",""cpu"":""0.00%"",""mem"":""15.73MiB / 122.8GiB""},{""name"":""lab-erli-stub"",""cpu"":""0.00%"",""mem"":""15.59MiB / 122.8GiB""},{""name"":""lab-eparagony-stub"",""cpu"":""0.00%"",""mem"":""15.72MiB / 122.8GiB""},{""name"":""lab-invoicing-stub"",""cpu"":""0.00%"",""mem"":""15.72MiB / 122.8GiB""},{""name"":""lab-shipping-stub"",""cpu"":""4.14%"",""mem"":""15.89MiB / 122.8GiB""},{""name"":""lab-api"",""cpu"":""0.00%"",""mem"":""148.6MiB / 122.8GiB""},{""name"":""lab-eparagony-stub-tls"",""cpu"":""0.00%"",""mem"":""23.64MiB / 122.8GiB""},{""name"":""lab-erli-stub-tls"",""cpu"":""0.00%"",""mem"":""22.95MiB / 122.8GiB""},{""name"":""lab-wc-tls"",""cpu"":""0.00%"",""mem"":""23.06MiB / 122.8GiB""},{""name"":""lab-prestashop"",""cpu"":""0.01%"",""mem"":""117.2MiB / 122.8GiB""},{""name"":""lab-woocommerce"",""cpu"":""0.01%"",""mem"":""224.4MiB / 122.8GiB""},{""name"":""lab-redis"",""cpu"":""0.28%"",""mem"":""77.55MiB / 122.8GiB""},{""name"":""lab-postgres"",""cpu"":""0.30%"",""mem"":""236.2MiB / 122.8GiB""},{""name"":""lab-mysql"",""cpu"":""0.99%"",""mem"":""715MiB / 122.8GiB""},{""name"":""lab-woocommerce-mysql"",""cpu"":""0.95%"",""mem"":""494MiB / 122.8GiB""}]"
2026-09-10T08:12:26Z,4,0,1,0,0,2666387123,"[{""name"":""lab-worker-1"",""cpu"":""0.51%"",""mem"":""94.12MiB / 122.8GiB""},{""name"":""lab-allegro-stub"",""cpu"":""0.01%"",""mem"":""15.74MiB / 122.8GiB""},{""name"":""lab-erli-stub"",""cpu"":""0.01%"",""mem"":""15.58MiB / 122.8GiB""},{""name"":""lab-eparagony-stub"",""cpu"":""0.01%"",""mem"":""15.72MiB / 122.8GiB""},{""name"":""lab-invoicing-stub"",""cpu"":""0.01%"",""mem"":""15.73MiB / 122.8GiB""},{""name"":""lab-shipping-stub"",""cpu"":""0.00%"",""mem"":""15.81MiB / 122.8GiB""},{""name"":""lab-api"",""cpu"":""0.00%"",""mem"":""148.6MiB / 122.8GiB""},{""name"":""lab-eparagony-stub-tls"",""cpu"":""0.00%"",""mem"":""23.64MiB / 122.8GiB""},{""name"":""lab-erli-stub-tls"",""cpu"":""0.00%"",""mem"":""22.95MiB / 122.8GiB""},{""name"":""lab-wc-tls"",""cpu"":""0.00%"",""mem"":""23.06MiB / 122.8GiB""},{""name"":""lab-prestashop"",""cpu"":""5.27%"",""mem"":""117.4MiB / 122.8GiB""},{""name"":""lab-woocommerce"",""cpu"":""0.01%"",""mem"":""224.4MiB / 122.8GiB""},{""name"":""lab-redis"",""cpu"":""4.59%"",""mem"":""77.58MiB / 122.8GiB""},{""name"":""lab-postgres"",""cpu"":""5.08%"",""mem"":""236.1MiB / 122.8GiB""},{""name"":""lab-mysql"",""cpu"":""1.37%"",""mem"":""715MiB / 122.8GiB""},{""name"":""lab-woocommerce-mysql"",""cpu"":""1.09%"",""mem"":""494MiB / 122.8GiB""}]"
2026-09-10T08:12:29Z,4,0,1,0,0,2666387123,"[{""name"":""lab-worker-1"",""cpu"":""1.42%"",""mem"":""93.96MiB / 122.8GiB""},{""name"":""lab-allegro-stub"",""cpu"":""0.00%"",""mem"":""15.73MiB / 122.8GiB""},{""name"":""lab-erli-stub"",""cpu"":""0.01%"",""mem"":""15.68MiB / 122.8GiB""},{""name"":""lab-eparagony-stub"",""cpu"":""0.01%"",""mem"":""15.77MiB / 122.8GiB""},{""name"":""lab-invoicing-stub"",""cpu"":""0.00%"",""mem"":""15.72MiB / 122.8GiB""},{""name"":""lab-shipping-stub"",""cpu"":""0.00%"",""mem"":""15.81MiB / 122.8GiB""},{""name"":""lab-api"",""cpu"":""0.00%"",""mem"":""148.6MiB / 122.8GiB""},{""name"":""lab-eparagony-stub-tls"",""cpu"":""0.00%"",""mem"":""23.64MiB / 122.8GiB""},{""name"":""lab-erli-stub-tls"",""cpu"":""0.00%"",""mem"":""22.95MiB / 122.8GiB""},{""name"":""lab-wc-tls"",""cpu"":""0.00%"",""mem"":""23.06MiB / 122.8GiB""},{""name"":""lab-prestashop"",""cpu"":""0.01%"",""mem"":""117.2MiB / 122.8GiB""},{""name"":""lab-woocommerce"",""cpu"":""0.01%"",""mem"":""224.4MiB / 122.8GiB""},{""name"":""lab-redis"",""cpu"":""0.31%"",""mem"":""77.56MiB / 122.8GiB""},{""name"":""lab-postgres"",""cpu"":""0.27%"",""mem"":""235.9MiB / 122.8GiB""},{""name"":""lab-mysql"",""cpu"":""1.05%"",""mem"":""715MiB / 122.8GiB""},{""name"":""lab-woocommerce-mysql"",""cpu"":""0.89%"",""mem"":""494MiB / 122.8GiB""}]"
2026-09-10T08:12:33Z,3,0,1,0,0,2666387123,"[{""name"":""lab-worker-1"",""cpu"":""0.29%"",""mem"":""93.91MiB / 122.8GiB""},{""name"":""lab-allegro-stub"",""cpu"":""4.14%"",""mem"":""15.75MiB / 122.8GiB""},{""name"":""lab-erli-stub"",""cpu"":""4.12%"",""mem"":""16.01MiB / 122.8GiB""},{""name"":""lab-eparagony-stub"",""cpu"":""3.26%"",""mem"":""15.73MiB / 122.8GiB""},{""name"":""lab-invoicing-stub"",""cpu"":""3.99%"",""mem"":""15.72MiB / 122.8GiB""},{""name"":""lab-shipping-stub"",""cpu"":""0.01%"",""mem"":""15.81MiB / 122.8GiB""},{""name"":""lab-api"",""cpu"":""0.00%"",""mem"":""148.6MiB / 122.8GiB""},{""name"":""lab-eparagony-stub-tls"",""cpu"":""0.00%"",""mem"":""23.64MiB / 122.8GiB""},{""name"":""lab-erli-stub-tls"",""cpu"":""0.00%"",""mem"":""22.95MiB / 122.8GiB""},{""name"":""lab-wc-tls"",""cpu"":""0.00%"",""mem"":""23.06MiB / 122.8GiB""},{""name"":""lab-prestashop"",""cpu"":""0.01%"",""mem"":""117.2MiB / 122.8GiB""},{""name"":""lab-woocommerce"",""cpu"":""0.01%"",""mem"":""224.4MiB / 122.8GiB""},{""name"":""lab-redis"",""cpu"":""0.25%"",""mem"":""77.55MiB / 122.8GiB""},{""name"":""lab-postgres"",""cpu"":""0.45%"",""mem"":""235.9MiB / 122.8GiB""},{""name"":""lab-mysql"",""cpu"":""0.85%"",""mem"":""715MiB / 122.8GiB""},{""name"":""lab-woocommerce-mysql"",""cpu"":""1.04%"",""mem"":""494MiB / 122.8GiB""}]"
2026-09-10T08:12:37Z,4,0,1,0,0,2666387123,"[{""name"":""lab-worker-1"",""cpu"":""0.35%"",""mem"":""93.91MiB / 122.8GiB""},{""name"":""lab-allegro-stub"",""cpu"":""0.00%"",""mem"":""15.73MiB / 122.8GiB""},{""name"":""lab-erli-stub"",""cpu"":""0.00%"",""mem"":""15.58MiB / 122.8GiB""},{""name"":""lab-eparagony-stub"",""cpu"":""0.00%"",""mem"":""15.72MiB / 122.8GiB""},{""name"":""lab-invoicing-stub"",""cpu"":""0.00%"",""mem"":""15.72MiB / 122.8GiB""},{""name"":""lab-shipping-stub"",""cpu"":""0.00%"",""mem"":""15.81MiB / 122.8GiB""},{""name"":""lab-api"",""cpu"":""0.00%"",""mem"":""148.6MiB / 122.8GiB""},{""name"":""lab-eparagony-stub-tls"",""cpu"":""0.00%"",""mem"":""23.64MiB / 122.8GiB""},{""name"":""lab-erli-stub-tls"",""cpu"":""0.00%"",""mem"":""22.95MiB / 122.8GiB""},{""name"":""lab-wc-tls"",""cpu"":""0.00%"",""mem"":""23.06MiB / 122.8GiB""},{""name"":""lab-prestashop"",""cpu"":""0.01%"",""mem"":""117.2MiB / 122.8GiB""},{""name"":""lab-woocommerce"",""cpu"":""0.01%"",""mem"":""224.4MiB / 122.8GiB""},{""name"":""lab-redis"",""cpu"":""0.27%"",""mem"":""77.8MiB / 122.8GiB""},{""name"":""lab-postgres"",""cpu"":""13.19%"",""mem"":""236MiB / 122.8GiB""},{""name"":""lab-mysql"",""cpu"":""0.94%"",""mem"":""715MiB / 122.8GiB""},{""name"":""lab-woocommerce-mysql"",""cpu"":""0.97%"",""mem"":""494MiB / 122.8GiB""}]"
2026-09-10T08:12:41Z,4,0,1,0,0,2666387123,"[{""name"":""lab-worker-1"",""cpu"":""0.42%"",""mem"":""94.08MiB / 122.8GiB""},{""name"":""lab-allegro-stub"",""cpu"":""0.00%"",""mem"":""15.73MiB / 122.8GiB""},{""name"":""lab-erli-stub"",""cpu"":""0.00%"",""mem"":""15.58MiB / 122.8GiB""},{""name"":""lab-eparagony-stub"",""cpu"":""0.00%"",""mem"":""15.72MiB / 122.8GiB""},{""name"":""lab-invoicing-stub"",""cpu"":""0.00%"",""mem"":""15.72MiB / 122.8GiB""},{""name"":""lab-shipping-stub"",""cpu"":""0.00%"",""mem"":""15.81MiB / 122.8GiB""},{""name"":""lab-api"",""cpu"":""0.00%"",""mem"":""148.6MiB / 122.8GiB""},{""name"":""lab-eparagony-stub-tls"",""cpu"":""0.00%"",""mem"":""23.64MiB / 122.8GiB""},{""name"":""lab-erli-stub-tls"",""cpu"":""0.00%"",""mem"":""22.95MiB / 122.8GiB""},{""name"":""lab-wc-tls"",""cpu"":""0.00%"",""mem"":""23.06MiB / 122.8GiB""},{""name"":""lab-prestashop"",""cpu"":""0.01%"",""mem"":""117.2MiB / 122.8GiB""},{""name"":""lab-woocommerce"",""cpu"":""0.00%"",""mem"":""224.4MiB / 122.8GiB""},{""name"":""lab-redis"",""cpu"":""0.29%"",""mem"":""77.55MiB / 122.8GiB""},{""name"":""lab-postgres"",""cpu"":""0.27%"",""mem"":""235.9MiB / 122.8GiB""},{""name"":""lab-mysql"",""cpu"":""5.63%"",""mem"":""715.3MiB / 122.8GiB""},{""name"":""lab-woocommerce-mysql"",""cpu"":""1.05%"",""mem"":""494MiB / 122.8GiB""}]"
2026-09-10T08:12:44Z,4,0,1,0,0,2666387123,"[{""name"":""lab-worker-1"",""cpu"":""0.45%"",""mem"":""94.09MiB / 122.8GiB""},{""name"":""lab-allegro-stub"",""cpu"":""0.01%"",""mem"":""15.74MiB / 122.8GiB""},{""name"":""lab-erli-stub"",""cpu"":""0.01%"",""mem"":""15.63MiB / 122.8GiB""},{""name"":""lab-eparagony-stub"",""cpu"":""0.01%"",""mem"":""16MiB / 122.8GiB""},{""name"":""lab-invoicing-stub"",""cpu"":""0.00%"",""mem"":""15.73MiB / 122.8GiB""},{""name"":""lab-shipping-stub"",""cpu"":""0.00%"",""mem"":""15.92MiB / 122.8GiB""},{""name"":""lab-api"",""cpu"":""0.00%"",""mem"":""148.6MiB / 122.8GiB""},{""name"":""lab-eparagony-stub-tls"",""cpu"":""0.00%"",""mem"":""23.64MiB / 122.8GiB""},{""name"":""lab-erli-stub-tls"",""cpu"":""0.00%"",""mem"":""22.95MiB / 122.8GiB""},{""name"":""lab-wc-tls"",""cpu"":""0.00%"",""mem"":""23.06MiB / 122.8GiB""},{""name"":""lab-prestashop"",""cpu"":""0.01%"",""mem"":""117.2MiB / 122.8GiB""},{""name"":""lab-woocommerce"",""cpu"":""0.01%"",""mem"":""224.4MiB / 122.8GiB""},{""name"":""lab-redis"",""cpu"":""0.29%"",""mem"":""77.8MiB / 122.8GiB""},{""name"":""lab-postgres"",""cpu"":""0.26%"",""mem"":""235.9MiB / 122.8GiB""},{""name"":""lab-mysql"",""cpu"":""1.06%"",""mem"":""715MiB / 122.8GiB""},{""name"":""lab-woocommerce-mysql"",""cpu"":""5.02%"",""mem"":""494.1MiB / 122.8GiB""}]"
2026-09-10T08:12:48Z,3,0,1,0,0,2666387123,"[{""name"":""lab-worker-1"",""cpu"":""0.29%"",""mem"":""93.84MiB / 122.8GiB""},{""name"":""lab-allegro-stub"",""cpu"":""4.23%"",""mem"":""15.75MiB / 122.8GiB""},{""name"":""lab-erli-stub"",""cpu"":""0.00%"",""mem"":""15.58MiB / 122.8GiB""},{""name"":""lab-eparagony-stub"",""cpu"":""4.10%"",""mem"":""15.82MiB / 122.8GiB""},{""name"":""lab-invoicing-stub"",""cpu"":""3.94%"",""mem"":""15.74MiB / 122.8GiB""},{""name"":""lab-shipping-stub"",""cpu"":""4.16%"",""mem"":""15.82MiB / 122.8GiB""},{""name"":""lab-api"",""cpu"":""0.00%"",""mem"":""148.6MiB / 122.8GiB""},{""name"":""lab-eparagony-stub-tls"",""cpu"":""0.00%"",""mem"":""23.64MiB / 122.8GiB""},{""name"":""lab-erli-stub-tls"",""cpu"":""0.00%"",""mem"":""22.95MiB / 122.8GiB""},{""name"":""lab-wc-tls"",""cpu"":""0.00%"",""mem"":""23.06MiB / 122.8GiB""},{""name"":""lab-prestashop"",""cpu"":""0.01%"",""mem"":""117.2MiB / 122.8GiB""},{""name"":""lab-woocommerce"",""cpu"":""0.01%"",""mem"":""224.6MiB / 122.8GiB""},{""name"":""lab-redis"",""cpu"":""0.29%"",""mem"":""77.57MiB / 122.8GiB""},{""name"":""lab-postgres"",""cpu"":""0.14%"",""mem"":""235.9MiB / 122.8GiB""},{""name"":""lab-mysql"",""cpu"":""0.91%"",""mem"":""715MiB / 122.8GiB""},{""name"":""lab-woocommerce-mysql"",""cpu"":""5.06%"",""mem"":""494.1MiB / 122.8GiB""}]"
2026-09-10T08:12:52Z,4,0,1,0,0,2666387123,"[{""name"":""lab-worker-1"",""cpu"":""0.34%"",""mem"":""93.84MiB / 122.8GiB""},{""name"":""lab-allegro-stub"",""cpu"":""0.00%"",""mem"":""15.73MiB / 122.8GiB""},{""name"":""lab-erli-stub"",""cpu"":""0.00%"",""mem"":""15.58MiB / 122.8GiB""},{""name"":""lab-eparagony-stub"",""cpu"":""0.00%"",""mem"":""15.72MiB / 122.8GiB""},{""name"":""lab-invoicing-stub"",""cpu"":""0.00%"",""mem"":""15.72MiB / 122.8GiB""},{""name"":""lab-shipping-stub"",""cpu"":""0.00%"",""mem"":""15.81MiB / 122.8GiB""},{""name"":""lab-api"",""cpu"":""0.00%"",""mem"":""148.6MiB / 122.8GiB""},{""name"":""lab-eparagony-stub-tls"",""cpu"":""0.00%"",""mem"":""23.64MiB / 122.8GiB""},{""name"":""lab-erli-stub-tls"",""cpu"":""0.00%"",""mem"":""22.95MiB / 122.8GiB""},{""name"":""lab-wc-tls"",""cpu"":""0.00%"",""mem"":""23.06MiB / 122.8GiB""},{""name"":""lab-prestashop"",""cpu"":""0.01%"",""mem"":""117.2MiB / 122.8GiB""},{""name"":""lab-woocommerce"",""cpu"":""0.01%"",""mem"":""224.4MiB / 122.8GiB""},{""name"":""lab-redis"",""cpu"":""0.30%"",""mem"":""77.55MiB / 122.8GiB""},{""name"":""lab-postgres"",""cpu"":""5.32%"",""mem"":""239.2MiB / 122.8GiB""},{""name"":""lab-mysql"",""cpu"":""1.02%"",""mem"":""715MiB / 122.8GiB""},{""name"":""lab-woocommerce-mysql"",""cpu"":""0.85%"",""mem"":""494MiB / 122.8GiB""}]"
2026-09-10T08:12:56Z,4,0,1,0,0,2666387123,"[{""name"":""lab-worker-1"",""cpu"":""0.50%"",""mem"":""93.84MiB / 122.8GiB""},{""name"":""lab-allegro-stub"",""cpu"":""0.01%"",""mem"":""15.73MiB / 122.8GiB""},{""name"":""lab-erli-stub"",""cpu"":""0.01%"",""mem"":""15.58MiB / 122.8GiB""},{""name"":""lab-eparagony-stub"",""cpu"":""0.01%"",""mem"":""15.72MiB / 122.8GiB""},{""name"":""lab-invoicing-stub"",""cpu"":""0.01%"",""mem"":""15.73MiB / 122.8GiB""},{""name"":""lab-shipping-stub"",""cpu"":""0.00%"",""mem"":""15.81MiB / 122.8GiB""},{""name"":""lab-api"",""cpu"":""0.00%"",""mem"":""148.6MiB / 122.8GiB""},{""name"":""lab-eparagony-stub-tls"",""cpu"":""0.00%"",""mem"":""23.64MiB / 122.8GiB""},{""name"":""lab-erli-stub-tls"",""cpu"":""0.00%"",""mem"":""22.95MiB / 122.8GiB""},{""name"":""lab-wc-tls"",""cpu"":""0.00%"",""mem"":""23.06MiB / 122.8GiB""},{""name"":""lab-prestashop"",""cpu"":""5.22%"",""mem"":""117.2MiB / 122.8GiB""},{""name"":""lab-woocommerce"",""cpu"":""0.01%"",""mem"":""224.4MiB / 122.8GiB""},{""name"":""lab-redis"",""cpu"":""4.19%"",""mem"":""77.58MiB / 122.8GiB""},{""name"":""lab-postgres"",""cpu"":""1.43%"",""mem"":""240.7MiB / 122.8GiB""},{""name"":""lab-mysql"",""cpu"":""1.37%"",""mem"":""715MiB / 122.8GiB""},{""name"":""lab-woocommerce-mysql"",""cpu"":""1.03%"",""mem"":""494MiB / 122.8GiB""}]"
2026-09-10T08:12:59Z,4,0,1,0,0,2666387123,"[{""name"":""lab-worker-1"",""cpu"":""0.47%"",""mem"":""94.09MiB / 122.8GiB""},{""name"":""lab-allegro-stub"",""cpu"":""0.03%"",""mem"":""15.77MiB / 122.8GiB""},{""name"":""lab-erli-stub"",""cpu"":""4.12%"",""mem"":""15.86MiB / 122.8GiB""},{""name"":""lab-eparagony-stub"",""cpu"":""0.01%"",""mem"":""15.72MiB / 122.8GiB""},{""name"":""lab-invoicing-stub"",""cpu"":""0.01%"",""mem"":""15.75MiB / 122.8GiB""},{""name"":""lab-shipping-stub"",""cpu"":""0.00%"",""mem"":""15.84MiB / 122.8GiB""},{""name"":""lab-api"",""cpu"":""0.00%"",""mem"":""148.6MiB / 122.8GiB""},{""name"":""lab-eparagony-stub-tls"",""cpu"":""0.00%"",""mem"":""23.64MiB / 122.8GiB""},{""name"":""lab-erli-stub-tls"",""cpu"":""0.00%"",""mem"":""22.95MiB / 122.8GiB""},{""name"":""lab-wc-tls"",""cpu"":""0.00%"",""mem"":""23.06MiB / 122.8GiB""},{""name"":""lab-prestashop"",""cpu"":""0.01%"",""mem"":""117.2MiB / 122.8GiB""},{""name"":""lab-woocommerce"",""cpu"":""0.01%"",""mem"":""224.4MiB / 122.8GiB""},{""name"":""lab-redis"",""cpu"":""0.34%"",""mem"":""77.55MiB / 122.8GiB""},{""name"":""lab-postgres"",""cpu"":""0.29%"",""mem"":""235.9MiB / 122.8GiB""},{""name"":""lab-mysql"",""cpu"":""0.97%"",""mem"":""715MiB / 122.8GiB""},{""name"":""lab-woocommerce-mysql"",""cpu"":""0.88%"",""mem"":""494MiB / 122.8GiB""}]"
2026-09-10T08:13:03Z,3,0,1,0,0,2666387123,"[{""name"":""lab-worker-1"",""cpu"":""0.31%"",""mem"":""93.84MiB / 122.8GiB""},{""name"":""lab-allegro-stub"",""cpu"":""4.07%"",""mem"":""15.81MiB / 122.8GiB""},{""name"":""lab-erli-stub"",""cpu"":""0.00%"",""mem"":""15.58MiB / 122.8GiB""},{""name"":""lab-eparagony-stub"",""cpu"":""0.00%"",""mem"":""15.72MiB / 122.8GiB""},{""name"":""lab-invoicing-stub"",""cpu"":""4.00%"",""mem"":""15.75MiB / 122.8GiB""},{""name"":""lab-shipping-stub"",""cpu"":""4.04%"",""mem"":""15.81MiB / 122.8GiB""},{""name"":""lab-api"",""cpu"":""0.00%"",""mem"":""148.6MiB / 122.8GiB""},{""name"":""lab-eparagony-stub-tls"",""cpu"":""0.00%"",""mem"":""23.64MiB / 122.8GiB""},{""name"":""lab-erli-stub-tls"",""cpu"":""0.00%"",""mem"":""22.95MiB / 122.8GiB""},{""name"":""lab-wc-tls"",""cpu"":""0.00%"",""mem"":""23.06MiB / 122.8GiB""},{""name"":""lab-prestashop"",""cpu"":""0.01%"",""mem"":""117.2MiB / 122.8GiB""},{""name"":""lab-woocommerce"",""cpu"":""0.01%"",""mem"":""224.4MiB / 122.8GiB""},{""name"":""lab-redis"",""cpu"":""0.27%"",""mem"":""77.8MiB / 122.8GiB""},{""name"":""lab-postgres"",""cpu"":""11.92%"",""mem"":""235.9MiB / 122.8GiB""},{""name"":""lab-mysql"",""cpu"":""0.80%"",""mem"":""715MiB / 122.8GiB""},{""name"":""lab-woocommerce-mysql"",""cpu"":""0.96%"",""mem"":""494MiB / 122.8GiB""}]"
2026-09-10T08:13:07Z,4,0,1,0,0,2666387123,"[{""name"":""lab-worker-1"",""cpu"":""0.31%"",""mem"":""93.84MiB / 122.8GiB""},{""name"":""lab-allegro-stub"",""cpu"":""0.00%"",""mem"":""15.75MiB / 122.8GiB""},{""name"":""lab-erli-stub"",""cpu"":""0.00%"",""mem"":""15.58MiB / 122.8GiB""},{""name"":""lab-eparagony-stub"",""cpu"":""0.00%"",""mem"":""15.72MiB / 122.8GiB""},{""name"":""lab-invoicing-stub"",""cpu"":""0.00%"",""mem"":""15.73MiB / 122.8GiB""},{""name"":""lab-shipping-stub"",""cpu"":""0.00%"",""mem"":""15.81MiB / 122.8GiB""},{""name"":""lab-api"",""cpu"":""0.00%"",""mem"":""148.6MiB / 122.8GiB""},{""name"":""lab-eparagony-stub-tls"",""cpu"":""0.00%"",""mem"":""23.64MiB / 122.8GiB""},{""name"":""lab-erli-stub-tls"",""cpu"":""0.00%"",""mem"":""22.95MiB / 122.8GiB""},{""name"":""lab-wc-tls"",""cpu"":""0.00%"",""mem"":""23.06MiB / 122.8GiB""},{""name"":""lab-prestashop"",""cpu"":""0.01%"",""mem"":""117.2MiB / 122.8GiB""},{""name"":""lab-woocommerce"",""cpu"":""0.01%"",""mem"":""224.4MiB / 122.8GiB""},{""name"":""lab-redis"",""cpu"":""0.29%"",""mem"":""77.55MiB / 122.8GiB""},{""name"":""lab-postgres"",""cpu"":""0.23%"",""mem"":""235.9MiB / 122.8GiB""},{""name"":""lab-mysql"",""cpu"":""1.05%"",""mem"":""715MiB / 122.8GiB""},{""name"":""lab-woocommerce-mysql"",""cpu"":""0.86%"",""mem"":""494MiB / 122.8GiB""}]"
2026-09-10T08:13:11Z,4,0,1,0,0,2666387123,"[{""name"":""lab-worker-1"",""cpu"":""0.42%"",""mem"":""94.09MiB / 122.8GiB""},{""name"":""lab-allegro-stub"",""cpu"":""0.00%"",""mem"":""15.75MiB / 122.8GiB""},{""name"":""lab-erli-stub"",""cpu"":""0.00%"",""mem"":""15.6MiB / 122.8GiB""},{""name"":""lab-eparagony-stub"",""cpu"":""0.00%"",""mem"":""15.72MiB / 122.8GiB""},{""name"":""lab-invoicing-stub"",""cpu"":""0.00%"",""mem"":""15.73MiB / 122.8GiB""},{""name"":""lab-shipping-stub"",""cpu"":""0.00%"",""mem"":""15.81MiB / 122.8GiB""},{""name"":""lab-api"",""cpu"":""0.00%"",""mem"":""148.6MiB / 122.8GiB""},{""name"":""lab-eparagony-stub-tls"",""cpu"":""0.00%"",""mem"":""23.64MiB / 122.8GiB""},{""name"":""lab-erli-stub-tls"",""cpu"":""0.00%"",""mem"":""22.95MiB / 122.8GiB""},{""name"":""lab-wc-tls"",""cpu"":""0.00%"",""mem"":""23.06MiB / 122.8GiB""},{""name"":""lab-prestashop"",""cpu"":""0.01%"",""mem"":""117.2MiB / 122.8GiB""},{""name"":""lab-woocommerce"",""cpu"":""0.00%"",""mem"":""224.4MiB / 122.8GiB""},{""name"":""lab-redis"",""cpu"":""0.30%"",""mem"":""77.55MiB / 122.8GiB""},{""name"":""lab-postgres"",""cpu"":""0.31%"",""mem"":""235.9MiB / 122.8GiB""},{""name"":""lab-mysql"",""cpu"":""5.40%"",""mem"":""715MiB / 122.8GiB""},{""name"":""lab-woocommerce-mysql"",""cpu"":""1.02%"",""mem"":""494MiB / 122.8GiB""}]"
2026-09-10T08:13:14Z,4,0,1,0,0,2666387123,"[{""name"":""lab-worker-1"",""cpu"":""0.57%"",""mem"":""94.08MiB / 122.8GiB""},{""name"":""lab-allegro-stub"",""cpu"":""0.01%"",""mem"":""15.77MiB / 122.8GiB""},{""name"":""lab-erli-stub"",""cpu"":""0.00%"",""mem"":""15.58MiB / 122.8GiB""},{""name"":""lab-eparagony-stub"",""cpu"":""1.60%"",""mem"":""15.72MiB / 122.8GiB""},{""name"":""lab-invoicing-stub"",""cpu"":""0.01%"",""mem"":""15.74MiB / 122.8GiB""},{""name"":""lab-shipping-stub"",""cpu"":""0.00%"",""mem"":""15.81MiB / 122.8GiB""},{""name"":""lab-api"",""cpu"":""0.00%"",""mem"":""148.6MiB / 122.8GiB""},{""name"":""lab-eparagony-stub-tls"",""cpu"":""0.00%"",""mem"":""23.64MiB / 122.8GiB""},{""name"":""lab-erli-stub-tls"",""cpu"":""0.00%"",""mem"":""22.95MiB / 122.8GiB""},{""name"":""lab-wc-tls"",""cpu"":""0.00%"",""mem"":""23.06MiB / 122.8GiB""},{""name"":""lab-prestashop"",""cpu"":""0.01%"",""mem"":""117.2MiB / 122.8GiB""},{""name"":""lab-woocommerce"",""cpu"":""0.01%"",""mem"":""224.4MiB / 122.8GiB""},{""name"":""lab-redis"",""cpu"":""0.34%"",""mem"":""77.55MiB / 122.8GiB""},{""name"":""lab-postgres"",""cpu"":""0.54%"",""mem"":""235.9MiB / 122.8GiB""},{""name"":""lab-mysql"",""cpu"":""0.98%"",""mem"":""715MiB / 122.8GiB""},{""name"":""lab-woocommerce-mysql"",""cpu"":""0.97%"",""mem"":""494MiB / 122.8GiB""}]"
2026-09-10T08:13:18Z,3,0,1,0,0,2666387123,"[{""name"":""lab-worker-1"",""cpu"":""0.34%"",""mem"":""93.84MiB / 122.8GiB""},{""name"":""lab-allegro-stub"",""cpu"":""4.53%"",""mem"":""16.3MiB / 122.8GiB""},{""name"":""lab-erli-stub"",""cpu"":""0.00%"",""mem"":""15.58MiB / 122.8GiB""},{""name"":""lab-eparagony-stub"",""cpu"":""0.00%"",""mem"":""15.72MiB / 122.8GiB""},{""name"":""lab-invoicing-stub"",""cpu"":""3.98%"",""mem"":""15.73MiB / 122.8GiB""},{""name"":""lab-shipping-stub"",""cpu"":""4.01%"",""mem"":""16.06MiB / 122.8GiB""},{""name"":""lab-api"",""cpu"":""0.00%"",""mem"":""148.6MiB / 122.8GiB""},{""name"":""lab-eparagony-stub-tls"",""cpu"":""0.00%"",""mem"":""23.64MiB / 122.8GiB""},{""name"":""lab-erli-stub-tls"",""cpu"":""0.00%"",""mem"":""22.95MiB / 122.8GiB""},{""name"":""lab-wc-tls"",""cpu"":""0.00%"",""mem"":""23.06MiB / 122.8GiB""},{""name"":""lab-prestashop"",""cpu"":""0.00%"",""mem"":""117.2MiB / 122.8GiB""},{""name"":""lab-woocommerce"",""cpu"":""11.39%"",""mem"":""224.4MiB / 122.8GiB""},{""name"":""lab-redis"",""cpu"":""0.29%"",""mem"":""77.81MiB / 122.8GiB""},{""name"":""lab-postgres"",""cpu"":""8.70%"",""mem"":""243.5MiB / 122.8GiB""},{""name"":""lab-mysql"",""cpu"":""0.88%"",""mem"":""715MiB / 122.8GiB""},{""name"":""lab-woocommerce-mysql"",""cpu"":""1.07%"",""mem"":""494MiB / 122.8GiB""}]"
2026-09-10T08:13:22Z,4,0,1,0,0,2666387123,"[{""name"":""lab-worker-1"",""cpu"":""0.34%"",""mem"":""93.84MiB / 122.8GiB""},{""name"":""lab-allegro-stub"",""cpu"":""0.00%"",""mem"":""15.75MiB / 122.8GiB""},{""name"":""lab-erli-stub"",""cpu"":""0.00%"",""mem"":""15.58MiB / 122.8GiB""},{""name"":""lab-eparagony-stub"",""cpu"":""0.00%"",""mem"":""15.72MiB / 122.8GiB""},{""name"":""lab-invoicing-stub"",""cpu"":""0.00%"",""mem"":""15.73MiB / 122.8GiB""},{""name"":""lab-shipping-stub"",""cpu"":""0.00%"",""mem"":""15.81MiB / 122.8GiB""},{""name"":""lab-api"",""cpu"":""0.00%"",""mem"":""148.6MiB / 122.8GiB""},{""name"":""lab-eparagony-stub-tls"",""cpu"":""0.00%"",""mem"":""23.64MiB / 122.8GiB""},{""name"":""lab-erli-stub-tls"",""cpu"":""0.00%"",""mem"":""22.95MiB / 122.8GiB""},{""name"":""lab-wc-tls"",""cpu"":""0.00%"",""mem"":""23.06MiB / 122.8GiB""},{""name"":""lab-prestashop"",""cpu"":""0.01%"",""mem"":""117.2MiB / 122.8GiB""},{""name"":""lab-woocommerce"",""cpu"":""0.01%"",""mem"":""224.4MiB / 122.8GiB""},{""name"":""lab-redis"",""cpu"":""0.28%"",""mem"":""77.8MiB / 122.8GiB""},{""name"":""lab-postgres"",""cpu"":""0.32%"",""mem"":""236.1MiB / 122.8GiB""},{""name"":""lab-mysql"",""cpu"":""1.07%"",""mem"":""715MiB / 122.8GiB""},{""name"":""lab-woocommerce-mysql"",""cpu"":""1.02%"",""mem"":""494MiB / 122.8GiB""}]"
2026-09-10T08:13:25Z,4,0,1,0,0,2666387123,"[{""name"":""lab-worker-1"",""cpu"":""0.45%"",""mem"":""93.85MiB / 122.8GiB""},{""name"":""lab-allegro-stub"",""cpu"":""0.01%"",""mem"":""15.75MiB / 122.8GiB""},{""name"":""lab-erli-stub"",""cpu"":""0.01%"",""mem"":""15.58MiB / 122.8GiB""},{""name"":""lab-eparagony-stub"",""cpu"":""0.01%"",""mem"":""15.72MiB / 122.8GiB""},{""name"":""lab-invoicing-stub"",""cpu"":""0.01%"",""mem"":""15.73MiB / 122.8GiB""},{""name"":""lab-shipping-stub"",""cpu"":""0.00%"",""mem"":""15.81MiB / 122.8GiB""},{""name"":""lab-api"",""cpu"":""0.00%"",""mem"":""148.6MiB / 122.8GiB""},{""name"":""lab-eparagony-stub-tls"",""cpu"":""0.00%"",""mem"":""23.64MiB / 122.8GiB""},{""name"":""lab-erli-stub-tls"",""cpu"":""0.00%"",""mem"":""22.95MiB / 122.8GiB""},{""name"":""lab-wc-tls"",""cpu"":""0.00%"",""mem"":""23.06MiB / 122.8GiB""},{""name"":""lab-prestashop"",""cpu"":""5.30%"",""mem"":""117.5MiB / 122.8GiB""},{""name"":""lab-woocommerce"",""cpu"":""0.01%"",""mem"":""224.4MiB / 122.8GiB""},{""name"":""lab-redis"",""cpu"":""4.30%"",""mem"":""77.82MiB / 122.8GiB""},{""name"":""lab-postgres"",""cpu"":""0.35%"",""mem"":""236.1MiB / 122.8GiB""},{""name"":""lab-mysql"",""cpu"":""1.41%"",""mem"":""715MiB / 122.8GiB""},{""name"":""lab-woocommerce-mysql"",""cpu"":""0.93%"",""mem"":""494MiB / 122.8GiB""}]"
2026-09-10T08:13:29Z,4,0,1,0,0,2666387123,"[{""name"":""lab-worker-1"",""cpu"":""0.39%"",""mem"":""94.09MiB / 122.8GiB""},{""name"":""lab-allegro-stub"",""cpu"":""0.01%"",""mem"":""15.77MiB / 122.8GiB""},{""name"":""lab-erli-stub"",""cpu"":""4.31%"",""mem"":""15.66MiB / 122.8GiB""},{""name"":""lab-eparagony-stub"",""cpu"":""4.53%"",""mem"":""15.72MiB / 122.8GiB""},{""name"":""lab-invoicing-stub"",""cpu"":""0.01%"",""mem"":""15.73MiB / 122.8GiB""},{""name"":""lab-shipping-stub"",""cpu"":""0.01%"",""mem"":""15.81MiB / 122.8GiB""},{""name"":""lab-api"",""cpu"":""0.00%"",""mem"":""148.6MiB / 122.8GiB""},{""name"":""lab-eparagony-stub-tls"",""cpu"":""0.00%"",""mem"":""23.64MiB / 122.8GiB""},{""name"":""lab-erli-stub-tls"",""cpu"":""0.00%"",""mem"":""22.95MiB / 122.8GiB""},{""name"":""lab-wc-tls"",""cpu"":""0.00%"",""mem"":""23.06MiB / 122.8GiB""},{""name"":""lab-prestashop"",""cpu"":""0.01%"",""mem"":""117.2MiB / 122.8GiB""},{""name"":""lab-woocommerce"",""cpu"":""0.01%"",""mem"":""224.4MiB / 122.8GiB""},{""name"":""lab-redis"",""cpu"":""0.32%"",""mem"":""77.55MiB / 122.8GiB""},{""name"":""lab-postgres"",""cpu"":""11.54%"",""mem"":""235.9MiB / 122.8GiB""},{""name"":""lab-mysql"",""cpu"":""0.87%"",""mem"":""715MiB / 122.8GiB""},{""name"":""lab-woocommerce-mysql"",""cpu"":""0.80%"",""mem"":""494MiB / 122.8GiB""}]"
2026-09-10T08:13:33Z,3,0,1,0,0,2666387123,"[{""name"":""lab-worker-1"",""cpu"":""0.39%"",""mem"":""93.85MiB / 122.8GiB""},{""name"":""lab-allegro-stub"",""cpu"":""0.00%"",""mem"":""15.75MiB / 122.8GiB""},{""name"":""lab-erli-stub"",""cpu"":""0.00%"",""mem"":""15.58MiB / 122.8GiB""},{""name"":""lab-eparagony-stub"",""cpu"":""0.00%"",""mem"":""15.72MiB / 122.8GiB""},{""name"":""lab-invoicing-stub"",""cpu"":""3.83%"",""mem"":""15.88MiB / 122.8GiB""},{""name"":""lab-shipping-stub"",""cpu"":""3.87%"",""mem"":""15.86MiB / 122.8GiB""},{""name"":""lab-api"",""cpu"":""0.00%"",""mem"":""148.6MiB / 122.8GiB""},{""name"":""lab-eparagony-stub-tls"",""cpu"":""0.00%"",""mem"":""23.64MiB / 122.8GiB""},{""name"":""lab-erli-stub-tls"",""cpu"":""0.00%"",""mem"":""22.95MiB / 122.8GiB""},{""name"":""lab-wc-tls"",""cpu"":""0.00%"",""mem"":""23.06MiB / 122.8GiB""},{""name"":""lab-prestashop"",""cpu"":""0.02%"",""mem"":""117.2MiB / 122.8GiB""},{""name"":""lab-woocommerce"",""cpu"":""0.01%"",""mem"":""224.4MiB / 122.8GiB""},{""name"":""lab-redis"",""cpu"":""0.27%"",""mem"":""77.55MiB / 122.8GiB""},{""name"":""lab-postgres"",""cpu"":""0.30%"",""mem"":""235.9MiB / 122.8GiB""},{""name"":""lab-mysql"",""cpu"":""0.99%"",""mem"":""715MiB / 122.8GiB""},{""name"":""lab-woocommerce-mysql"",""cpu"":""1.02%"",""mem"":""494MiB / 122.8GiB""}]"
2026-09-10T08:13:37Z,4,0,1,0,0,2666387123,"[{""name"":""lab-worker-1"",""cpu"":""0.21%"",""mem"":""93.85MiB / 122.8GiB""},{""name"":""lab-allegro-stub"",""cpu"":""0.00%"",""mem"":""15.75MiB / 122.8GiB""},{""name"":""lab-erli-stub"",""cpu"":""0.00%"",""mem"":""15.58MiB / 122.8GiB""},{""name"":""lab-eparagony-stub"",""cpu"":""0.00%"",""mem"":""15.72MiB / 122.8GiB""},{""name"":""lab-invoicing-stub"",""cpu"":""0.00%"",""mem"":""15.73MiB / 122.8GiB""},{""name"":""lab-shipping-stub"",""cpu"":""0.00%"",""mem"":""15.81MiB / 122.8GiB""},{""name"":""lab-api"",""cpu"":""0.00%"",""mem"":""148.6MiB / 122.8GiB""},{""name"":""lab-eparagony-stub-tls"",""cpu"":""0.00%"",""mem"":""23.64MiB / 122.8GiB""},{""name"":""lab-erli-stub-tls"",""cpu"":""0.00%"",""mem"":""22.95MiB / 122.8GiB""},{""name"":""lab-wc-tls"",""cpu"":""0.00%"",""mem"":""23.06MiB / 122.8GiB""},{""name"":""lab-prestashop"",""cpu"":""0.01%"",""mem"":""117.2MiB / 122.8GiB""},{""name"":""lab-woocommerce"",""cpu"":""0.01%"",""mem"":""224.4MiB / 122.8GiB""},{""name"":""lab-redis"",""cpu"":""0.27%"",""mem"":""77.56MiB / 122.8GiB""},{""name"":""lab-postgres"",""cpu"":""6.26%"",""mem"":""236.1MiB / 122.8GiB""},{""name"":""lab-mysql"",""cpu"":""0.96%"",""mem"":""715MiB / 122.8GiB""},{""name"":""lab-woocommerce-mysql"",""cpu"":""1.02%"",""mem"":""494MiB / 122.8GiB""}]"
2026-09-10T08:13:41Z,4,0,1,0,0,2666387123,"[{""name"":""lab-worker-1"",""cpu"":""0.96%"",""mem"":""93.85MiB / 122.8GiB""},{""name"":""lab-allegro-stub"",""cpu"":""0.00%"",""mem"":""15.75MiB / 122.8GiB""},{""name"":""lab-erli-stub"",""cpu"":""0.01%"",""mem"":""15.59MiB / 122.8GiB""},{""name"":""lab-eparagony-stub"",""cpu"":""0.01%"",""mem"":""15.72MiB / 122.8GiB""},{""name"":""lab-invoicing-stub"",""cpu"":""0.07%"",""mem"":""15.73MiB / 122.8GiB""},{""name"":""lab-shipping-stub"",""cpu"":""0.00%"",""mem"":""15.81MiB / 122.8GiB""},{""name"":""lab-api"",""cpu"":""0.00%"",""mem"":""148.6MiB / 122.8GiB""},{""name"":""lab-eparagony-stub-tls"",""cpu"":""0.00%"",""mem"":""23.64MiB / 122.8GiB""},{""name"":""lab-erli-stub-tls"",""cpu"":""0.00%"",""mem"":""22.95MiB / 122.8GiB""},{""name"":""lab-wc-tls"",""cpu"":""0.00%"",""mem"":""23.06MiB / 122.8GiB""},{""name"":""lab-prestashop"",""cpu"":""0.01%"",""mem"":""117.2MiB / 122.8GiB""},{""name"":""lab-woocommerce"",""cpu"":""0.01%"",""mem"":""224.4MiB / 122.8GiB""},{""name"":""lab-redis"",""cpu"":""0.32%"",""mem"":""77.55MiB / 122.8GiB""},{""name"":""lab-postgres"",""cpu"":""0.70%"",""mem"":""236MiB / 122.8GiB""},{""name"":""lab-mysql"",""cpu"":""5.78%"",""mem"":""715.1MiB / 122.8GiB""},{""name"":""lab-woocommerce-mysql"",""cpu"":""0.82%"",""mem"":""494MiB / 122.8GiB""}]"
2026-09-10T08:13:44Z,4,0,0,0,0,2666387123,"[{""name"":""lab-worker-1"",""cpu"":""0.53%"",""mem"":""94.12MiB / 122.8GiB""},{""name"":""lab-allegro-stub"",""cpu"":""0.01%"",""mem"":""15.75MiB / 122.8GiB""},{""name"":""lab-erli-stub"",""cpu"":""3.86%"",""mem"":""15.58MiB / 122.8GiB""},{""name"":""lab-eparagony-stub"",""cpu"":""4.40%"",""mem"":""15.72MiB / 122.8GiB""},{""name"":""lab-invoicing-stub"",""cpu"":""0.01%"",""mem"":""15.72MiB / 122.8GiB""},{""name"":""lab-shipping-stub"",""cpu"":""0.01%"",""mem"":""15.81MiB / 122.8GiB""},{""name"":""lab-api"",""cpu"":""0.00%"",""mem"":""148.6MiB / 122.8GiB""},{""name"":""lab-eparagony-stub-tls"",""cpu"":""0.00%"",""mem"":""23.64MiB / 122.8GiB""},{""name"":""lab-erli-stub-tls"",""cpu"":""0.00%"",""mem"":""22.95MiB / 122.8GiB""},{""name"":""lab-wc-tls"",""cpu"":""0.00%"",""mem"":""23.06MiB / 122.8GiB""},{""name"":""lab-prestashop"",""cpu"":""0.00%"",""mem"":""117.2MiB / 122.8GiB""},{""name"":""lab-woocommerce"",""cpu"":""0.01%"",""mem"":""224.4MiB / 122.8GiB""},{""name"":""lab-redis"",""cpu"":""0.29%"",""mem"":""77.56MiB / 122.8GiB""},{""name"":""lab-postgres"",""cpu"":""12.74%"",""mem"":""236MiB / 122.8GiB""},{""name"":""lab-mysql"",""cpu"":""0.73%"",""mem"":""715MiB / 122.8GiB""},{""name"":""lab-woocommerce-mysql"",""cpu"":""0.74%"",""mem"":""494MiB / 122.8GiB""}]"
2026-09-10T08:13:48Z,3,0,0,0,0,2666387123,"[{""name"":""lab-worker-1"",""cpu"":""0.41%"",""mem"":""93.88MiB / 122.8GiB""},{""name"":""lab-allegro-stub"",""cpu"":""0.00%"",""mem"":""15.75MiB / 122.8GiB""},{""name"":""lab-erli-stub"",""cpu"":""0.00%"",""mem"":""15.58MiB / 122.8GiB""},{""name"":""lab-eparagony-stub"",""cpu"":""0.00%"",""mem"":""15.72MiB / 122.8GiB""},{""name"":""lab-invoicing-stub"",""cpu"":""0.00%"",""mem"":""15.72MiB / 122.8GiB""},{""name"":""lab-shipping-stub"",""cpu"":""4.08%"",""mem"":""15.9MiB / 122.8GiB""},{""name"":""lab-api"",""cpu"":""0.00%"",""mem"":""148.6MiB / 122.8GiB""},{""name"":""lab-eparagony-stub-tls"",""cpu"":""0.00%"",""mem"":""23.64MiB / 122.8GiB""},{""name"":""lab-erli-stub-tls"",""cpu"":""0.00%"",""mem"":""22.95MiB / 122.8GiB""},{""name"":""lab-wc-tls"",""cpu"":""0.00%"",""mem"":""23.06MiB / 122.8GiB""},{""name"":""lab-prestashop"",""cpu"":""0.01%"",""mem"":""117.2MiB / 122.8GiB""},{""name"":""lab-woocommerce"",""cpu"":""18.18%"",""mem"":""224.6MiB / 122.8GiB""},{""name"":""lab-redis"",""cpu"":""0.25%"",""mem"":""77.56MiB / 122.8GiB""},{""name"":""lab-postgres"",""cpu"":""0.32%"",""mem"":""236MiB / 122.8GiB""},{""name"":""lab-mysql"",""cpu"":""0.79%"",""mem"":""715MiB / 122.8GiB""},{""name"":""lab-woocommerce-mysql"",""cpu"":""1.06%"",""mem"":""494MiB / 122.8GiB""}]"
2026-09-10T08:13:52Z,4,0,0,0,0,2666387123,"[{""name"":""lab-worker-1"",""cpu"":""0.44%"",""mem"":""93.89MiB / 122.8GiB""},{""name"":""lab-allegro-stub"",""cpu"":""0.00%"",""mem"":""15.75MiB / 122.8GiB""},{""name"":""lab-erli-stub"",""cpu"":""0.00%"",""mem"":""15.58MiB / 122.8GiB""},{""name"":""lab-eparagony-stub"",""cpu"":""0.00%"",""mem"":""15.72MiB / 122.8GiB""},{""name"":""lab-invoicing-stub"",""cpu"":""0.00%"",""mem"":""15.72MiB / 122.8GiB""},{""name"":""lab-shipping-stub"",""cpu"":""0.00%"",""mem"":""15.82MiB / 122.8GiB""},{""name"":""lab-api"",""cpu"":""0.00%"",""mem"":""148.6MiB / 122.8GiB""},{""name"":""lab-eparagony-stub-tls"",""cpu"":""0.00%"",""mem"":""23.64MiB / 122.8GiB""},{""name"":""lab-erli-stub-tls"",""cpu"":""0.00%"",""mem"":""22.95MiB / 122.8GiB""},{""name"":""lab-wc-tls"",""cpu"":""0.00%"",""mem"":""23.06MiB / 122.8GiB""},{""name"":""lab-prestashop"",""cpu"":""0.01%"",""mem"":""117.2MiB / 122.8GiB""},{""name"":""lab-woocommerce"",""cpu"":""0.01%"",""mem"":""224.4MiB / 122.8GiB""},{""name"":""lab-redis"",""cpu"":""0.28%"",""mem"":""77.8MiB / 122.8GiB""},{""name"":""lab-postgres"",""cpu"":""0.32%"",""mem"":""235.9MiB / 122.8GiB""},{""name"":""lab-mysql"",""cpu"":""1.03%"",""mem"":""715MiB / 122.8GiB""},{""name"":""lab-woocommerce-mysql"",""cpu"":""1.06%"",""mem"":""494MiB / 122.8GiB""}]"
2026-09-10T08:13:55Z,4,0,0,0,0,2666387123,"[{""name"":""lab-worker-1"",""cpu"":""1.17%"",""mem"":""93.9MiB / 122.8GiB""},{""name"":""lab-allegro-stub"",""cpu"":""0.01%"",""mem"":""15.78MiB / 122.8GiB""},{""name"":""lab-erli-stub"",""cpu"":""0.01%"",""mem"":""15.59MiB / 122.8GiB""},{""name"":""lab-eparagony-stub"",""cpu"":""4.24%"",""mem"":""15.72MiB / 122.8GiB""},{""name"":""lab-invoicing-stub"",""cpu"":""0.01%"",""mem"":""15.72MiB / 122.8GiB""},{""name"":""lab-shipping-stub"",""cpu"":""0.00%"",""mem"":""15.81MiB / 122.8GiB""},{""name"":""lab-api"",""cpu"":""0.00%"",""mem"":""148.6MiB / 122.8GiB""},{""name"":""lab-eparagony-stub-tls"",""cpu"":""0.00%"",""mem"":""23.64MiB / 122.8GiB""},{""name"":""lab-erli-stub-tls"",""cpu"":""0.00%"",""mem"":""22.95MiB / 122.8GiB""},{""name"":""lab-wc-tls"",""cpu"":""0.00%"",""mem"":""23.06MiB / 122.8GiB""},{""name"":""lab-prestashop"",""cpu"":""5.15%"",""mem"":""117.4MiB / 122.8GiB""},{""name"":""lab-woocommerce"",""cpu"":""0.01%"",""mem"":""224.4MiB / 122.8GiB""},{""name"":""lab-redis"",""cpu"":""4.31%"",""mem"":""77.83MiB / 122.8GiB""},{""name"":""lab-postgres"",""cpu"":""11.12%"",""mem"":""236MiB / 122.8GiB""},{""name"":""lab-mysql"",""cpu"":""1.28%"",""mem"":""715MiB / 122.8GiB""},{""name"":""lab-woocommerce-mysql"",""cpu"":""0.95%"",""mem"":""494.1MiB / 122.8GiB""}]"
2026-09-10T08:13:59Z,3,0,0,0,0,2666387123,"[{""name"":""lab-worker-1"",""cpu"":""0.28%"",""mem"":""93.89MiB / 122.8GiB""},{""name"":""lab-allegro-stub"",""cpu"":""4.07%"",""mem"":""15.79MiB / 122.8GiB""},{""name"":""lab-erli-stub"",""cpu"":""0.00%"",""mem"":""15.58MiB / 122.8GiB""},{""name"":""lab-eparagony-stub"",""cpu"":""4.38%"",""mem"":""15.76MiB / 122.8GiB""},{""name"":""lab-invoicing-stub"",""cpu"":""3.94%"",""mem"":""15.76MiB / 122.8GiB""},{""name"":""lab-shipping-stub"",""cpu"":""0.02%"",""mem"":""15.82MiB / 122.8GiB""},{""name"":""lab-api"",""cpu"":""0.00%"",""mem"":""148.6MiB / 122.8GiB""},{""name"":""lab-eparagony-stub-tls"",""cpu"":""0.00%"",""mem"":""23.64MiB / 122.8GiB""},{""name"":""lab-erli-stub-tls"",""cpu"":""0.00%"",""mem"":""22.95MiB / 122.8GiB""},{""name"":""lab-wc-tls"",""cpu"":""0.00%"",""mem"":""23.06MiB / 122.8GiB""},{""name"":""lab-prestashop"",""cpu"":""0.00%"",""mem"":""117.2MiB / 122.8GiB""},{""name"":""lab-woocommerce"",""cpu"":""0.00%"",""mem"":""224.4MiB / 122.8GiB""},{""name"":""lab-redis"",""cpu"":""0.28%"",""mem"":""77.56MiB / 122.8GiB""},{""name"":""lab-postgres"",""cpu"":""0.35%"",""mem"":""235.9MiB / 122.8GiB""},{""name"":""lab-mysql"",""cpu"":""0.83%"",""mem"":""715MiB / 122.8GiB""},{""name"":""lab-woocommerce-mysql"",""cpu"":""0.94%"",""mem"":""494MiB / 122.8GiB""}]"
2026-09-10T08:14:03Z,4,0,0,0,0,2666387123,"[{""name"":""lab-worker-1"",""cpu"":""0.35%"",""mem"":""94.14MiB / 122.8GiB""},{""name"":""lab-allegro-stub"",""cpu"":""0.00%"",""mem"":""15.78MiB / 122.8GiB""},{""name"":""lab-erli-stub"",""cpu"":""0.00%"",""mem"":""15.58MiB / 122.8GiB""},{""name"":""lab-eparagony-stub"",""cpu"":""0.00%"",""mem"":""15.72MiB / 122.8GiB""},{""name"":""lab-invoicing-stub"",""cpu"":""0.00%"",""mem"":""15.72MiB / 122.8GiB""},{""name"":""lab-shipping-stub"",""cpu"":""4.20%"",""mem"":""16MiB / 122.8GiB""},{""name"":""lab-api"",""cpu"":""0.00%"",""mem"":""148.6MiB / 122.8GiB""},{""name"":""lab-eparagony-stub-tls"",""cpu"":""0.00%"",""mem"":""23.64MiB / 122.8GiB""},{""name"":""lab-erli-stub-tls"",""cpu"":""0.00%"",""mem"":""22.95MiB / 122.8GiB""},{""name"":""lab-wc-tls"",""cpu"":""0.00%"",""mem"":""23.06MiB / 122.8GiB""},{""name"":""lab-prestashop"",""cpu"":""0.01%"",""mem"":""117.2MiB / 122.8GiB""},{""name"":""lab-woocommerce"",""cpu"":""0.01%"",""mem"":""224.4MiB / 122.8GiB""},{""name"":""lab-redis"",""cpu"":""0.28%"",""mem"":""77.55MiB / 122.8GiB""},{""name"":""lab-postgres"",""cpu"":""0.39%"",""mem"":""235.9MiB / 122.8GiB""},{""name"":""lab-mysql"",""cpu"":""1.01%"",""mem"":""715MiB / 122.8GiB""},{""name"":""lab-woocommerce-mysql"",""cpu"":""1.03%"",""mem"":""494MiB / 122.8GiB""}]"
2026-09-10T08:14:07Z,4,0,0,0,0,2666387123,"[{""name"":""lab-worker-1"",""cpu"":""0.30%"",""mem"":""93.91MiB / 122.8GiB""},{""name"":""lab-allegro-stub"",""cpu"":""0.00%"",""mem"":""15.78MiB / 122.8GiB""},{""name"":""lab-erli-stub"",""cpu"":""0.00%"",""mem"":""15.58MiB / 122.8GiB""},{""name"":""lab-eparagony-stub"",""cpu"":""0.00%"",""mem"":""15.72MiB / 122.8GiB""},{""name"":""lab-invoicing-stub"",""cpu"":""0.00%"",""mem"":""15.72MiB / 122.8GiB""},{""name"":""lab-shipping-stub"",""cpu"":""0.00%"",""mem"":""15.81MiB / 122.8GiB""},{""name"":""lab-api"",""cpu"":""0.00%"",""mem"":""148.6MiB / 122.8GiB""},{""name"":""lab-eparagony-stub-tls"",""cpu"":""0.00%"",""mem"":""23.64MiB / 122.8GiB""},{""name"":""lab-erli-stub-tls"",""cpu"":""0.00%"",""mem"":""22.95MiB / 122.8GiB""},{""name"":""lab-wc-tls"",""cpu"":""0.00%"",""mem"":""23.06MiB / 122.8GiB""},{""name"":""lab-prestashop"",""cpu"":""0.01%"",""mem"":""117.2MiB / 122.8GiB""},{""name"":""lab-woocommerce"",""cpu"":""0.01%"",""mem"":""224.4MiB / 122.8GiB""},{""name"":""lab-redis"",""cpu"":""0.29%"",""mem"":""77.57MiB / 122.8GiB""},{""name"":""lab-postgres"",""cpu"":""5.40%"",""mem"":""236MiB / 122.8GiB""},{""name"":""lab-mysql"",""cpu"":""0.96%"",""mem"":""715MiB / 122.8GiB""},{""name"":""lab-woocommerce-mysql"",""cpu"":""0.76%"",""mem"":""494MiB / 122.8GiB""}]"
