ts,dt,queued,running,dead,deferred,pg_database_size_bytes,docker_stats_json
2026-09-10T13:33:03Z,0,0,0,47,0,2668435123,"[{""name"":""lab-worker-1"",""cpu"":""19.63%"",""mem"":""138.2MiB / 122.8GiB""},{""name"":""lab-api"",""cpu"":""0.00%"",""mem"":""143.2MiB / 122.8GiB""},{""name"":""lab-allegro-stub"",""cpu"":""4.40%"",""mem"":""20.71MiB / 122.8GiB""},{""name"":""lab-erli-stub"",""cpu"":""0.00%"",""mem"":""18.05MiB / 122.8GiB""},{""name"":""lab-eparagony-stub"",""cpu"":""0.00%"",""mem"":""20.36MiB / 122.8GiB""},{""name"":""lab-invoicing-stub"",""cpu"":""4.07%"",""mem"":""16.62MiB / 122.8GiB""},{""name"":""lab-shipping-stub"",""cpu"":""4.03%"",""mem"":""16.59MiB / 122.8GiB""},{""name"":""lab-eparagony-stub-tls"",""cpu"":""0.00%"",""mem"":""23.3MiB / 122.8GiB""},{""name"":""lab-erli-stub-tls"",""cpu"":""0.00%"",""mem"":""22.67MiB / 122.8GiB""},{""name"":""lab-wc-tls"",""cpu"":""0.00%"",""mem"":""28.21MiB / 122.8GiB""},{""name"":""lab-prestashop"",""cpu"":""0.01%"",""mem"":""130.9MiB / 122.8GiB""},{""name"":""lab-woocommerce"",""cpu"":""0.01%"",""mem"":""294.4MiB / 122.8GiB""},{""name"":""lab-redis"",""cpu"":""2.99%"",""mem"":""79.52MiB / 122.8GiB""},{""name"":""lab-postgres"",""cpu"":""16.70%"",""mem"":""240.8MiB / 122.8GiB""},{""name"":""lab-mysql"",""cpu"":""0.91%"",""mem"":""722.3MiB / 122.8GiB""},{""name"":""lab-woocommerce-mysql"",""cpu"":""0.82%"",""mem"":""509.6MiB / 122.8GiB""}]"
2026-09-10T13:33:03Z,0,1,0,47,0,2668435123,"[{""name"":""lab-worker-1"",""cpu"":""19.63%"",""mem"":""138.2MiB / 122.8GiB""},{""name"":""lab-api"",""cpu"":""0.00%"",""mem"":""143.2MiB / 122.8GiB""},{""name"":""lab-allegro-stub"",""cpu"":""4.40%"",""mem"":""20.71MiB / 122.8GiB""},{""name"":""lab-erli-stub"",""cpu"":""0.00%"",""mem"":""18.05MiB / 122.8GiB""},{""name"":""lab-eparagony-stub"",""cpu"":""0.00%"",""mem"":""20.36MiB / 122.8GiB""},{""name"":""lab-invoicing-stub"",""cpu"":""4.07%"",""mem"":""16.62MiB / 122.8GiB""},{""name"":""lab-shipping-stub"",""cpu"":""4.03%"",""mem"":""16.59MiB / 122.8GiB""},{""name"":""lab-eparagony-stub-tls"",""cpu"":""0.00%"",""mem"":""23.3MiB / 122.8GiB""},{""name"":""lab-erli-stub-tls"",""cpu"":""0.00%"",""mem"":""22.67MiB / 122.8GiB""},{""name"":""lab-wc-tls"",""cpu"":""0.00%"",""mem"":""28.21MiB / 122.8GiB""},{""name"":""lab-prestashop"",""cpu"":""0.01%"",""mem"":""130.9MiB / 122.8GiB""},{""name"":""lab-woocommerce"",""cpu"":""0.01%"",""mem"":""294.4MiB / 122.8GiB""},{""name"":""lab-redis"",""cpu"":""2.99%"",""mem"":""79.52MiB / 122.8GiB""},{""name"":""lab-postgres"",""cpu"":""16.70%"",""mem"":""240.8MiB / 122.8GiB""},{""name"":""lab-mysql"",""cpu"":""0.91%"",""mem"":""722.3MiB / 122.8GiB""},{""name"":""lab-woocommerce-mysql"",""cpu"":""0.82%"",""mem"":""509.6MiB / 122.8GiB""}]"
2026-09-10T13:33:07Z,3,98,2,47,0,2668435123,"[{""name"":""lab-worker-1"",""cpu"":""16.20%"",""mem"":""137.5MiB / 122.8GiB""},{""name"":""lab-api"",""cpu"":""0.00%"",""mem"":""143.2MiB / 122.8GiB""},{""name"":""lab-allegro-stub"",""cpu"":""0.08%"",""mem"":""20.7MiB / 122.8GiB""},{""name"":""lab-erli-stub"",""cpu"":""4.76%"",""mem"":""18.41MiB / 122.8GiB""},{""name"":""lab-eparagony-stub"",""cpu"":""3.98%"",""mem"":""20.38MiB / 122.8GiB""},{""name"":""lab-invoicing-stub"",""cpu"":""0.00%"",""mem"":""16.6MiB / 122.8GiB""},{""name"":""lab-shipping-stub"",""cpu"":""0.00%"",""mem"":""16.59MiB / 122.8GiB""},{""name"":""lab-eparagony-stub-tls"",""cpu"":""0.00%"",""mem"":""23.3MiB / 122.8GiB""},{""name"":""lab-erli-stub-tls"",""cpu"":""0.00%"",""mem"":""22.67MiB / 122.8GiB""},{""name"":""lab-wc-tls"",""cpu"":""0.09%"",""mem"":""28.46MiB / 122.8GiB""},{""name"":""lab-prestashop"",""cpu"":""1.56%"",""mem"":""131MiB / 122.8GiB""},{""name"":""lab-woocommerce"",""cpu"":""17.24%"",""mem"":""296.6MiB / 122.8GiB""},{""name"":""lab-redis"",""cpu"":""0.46%"",""mem"":""79.52MiB / 122.8GiB""},{""name"":""lab-postgres"",""cpu"":""10.01%"",""mem"":""249.2MiB / 122.8GiB""},{""name"":""lab-mysql"",""cpu"":""2.13%"",""mem"":""722.3MiB / 122.8GiB""},{""name"":""lab-woocommerce-mysql"",""cpu"":""21.93%"",""mem"":""509.6MiB / 122.8GiB""}]"
2026-09-10T13:33:07Z,3,98,2,47,0,2668435123,"[{""name"":""lab-worker-1"",""cpu"":""16.20%"",""mem"":""137.5MiB / 122.8GiB""},{""name"":""lab-api"",""cpu"":""0.00%"",""mem"":""143.2MiB / 122.8GiB""},{""name"":""lab-allegro-stub"",""cpu"":""0.08%"",""mem"":""20.7MiB / 122.8GiB""},{""name"":""lab-erli-stub"",""cpu"":""4.76%"",""mem"":""18.41MiB / 122.8GiB""},{""name"":""lab-eparagony-stub"",""cpu"":""3.98%"",""mem"":""20.38MiB / 122.8GiB""},{""name"":""lab-invoicing-stub"",""cpu"":""0.00%"",""mem"":""16.6MiB / 122.8GiB""},{""name"":""lab-shipping-stub"",""cpu"":""0.00%"",""mem"":""16.59MiB / 122.8GiB""},{""name"":""lab-eparagony-stub-tls"",""cpu"":""0.00%"",""mem"":""23.3MiB / 122.8GiB""},{""name"":""lab-erli-stub-tls"",""cpu"":""0.00%"",""mem"":""22.67MiB / 122.8GiB""},{""name"":""lab-wc-tls"",""cpu"":""0.09%"",""mem"":""28.46MiB / 122.8GiB""},{""name"":""lab-prestashop"",""cpu"":""1.56%"",""mem"":""131MiB / 122.8GiB""},{""name"":""lab-woocommerce"",""cpu"":""17.24%"",""mem"":""296.6MiB / 122.8GiB""},{""name"":""lab-redis"",""cpu"":""0.46%"",""mem"":""79.52MiB / 122.8GiB""},{""name"":""lab-postgres"",""cpu"":""10.01%"",""mem"":""249.2MiB / 122.8GiB""},{""name"":""lab-mysql"",""cpu"":""2.13%"",""mem"":""722.3MiB / 122.8GiB""},{""name"":""lab-woocommerce-mysql"",""cpu"":""21.93%"",""mem"":""509.6MiB / 122.8GiB""}]"
2026-09-10T13:33:10Z,4,95,1,47,0,2668435123,"[{""name"":""lab-worker-1"",""cpu"":""9.02%"",""mem"":""138.1MiB / 122.8GiB""},{""name"":""lab-api"",""cpu"":""0.00%"",""mem"":""143.2MiB / 122.8GiB""},{""name"":""lab-allegro-stub"",""cpu"":""0.08%"",""mem"":""20.7MiB / 122.8GiB""},{""name"":""lab-erli-stub"",""cpu"":""0.00%"",""mem"":""18.05MiB / 122.8GiB""},{""name"":""lab-eparagony-stub"",""cpu"":""0.00%"",""mem"":""20.36MiB / 122.8GiB""},{""name"":""lab-invoicing-stub"",""cpu"":""0.00%"",""mem"":""16.6MiB / 122.8GiB""},{""name"":""lab-shipping-stub"",""cpu"":""0.00%"",""mem"":""16.58MiB / 122.8GiB""},{""name"":""lab-eparagony-stub-tls"",""cpu"":""0.00%"",""mem"":""23.3MiB / 122.8GiB""},{""name"":""lab-erli-stub-tls"",""cpu"":""0.00%"",""mem"":""22.67MiB / 122.8GiB""},{""name"":""lab-wc-tls"",""cpu"":""0.08%"",""mem"":""28.46MiB / 122.8GiB""},{""name"":""lab-prestashop"",""cpu"":""6.71%"",""mem"":""131MiB / 122.8GiB""},{""name"":""lab-woocommerce"",""cpu"":""18.66%"",""mem"":""298.5MiB / 122.8GiB""},{""name"":""lab-redis"",""cpu"":""0.46%"",""mem"":""79.53MiB / 122.8GiB""},{""name"":""lab-postgres"",""cpu"":""16.90%"",""mem"":""253.1MiB / 122.8GiB""},{""name"":""lab-mysql"",""cpu"":""2.03%"",""mem"":""722.3MiB / 122.8GiB""},{""name"":""lab-woocommerce-mysql"",""cpu"":""22.90%"",""mem"":""509.6MiB / 122.8GiB""}]"
2026-09-10T13:33:10Z,4,95,1,47,0,2668435123,"[{""name"":""lab-worker-1"",""cpu"":""9.02%"",""mem"":""138.1MiB / 122.8GiB""},{""name"":""lab-api"",""cpu"":""0.00%"",""mem"":""143.2MiB / 122.8GiB""},{""name"":""lab-allegro-stub"",""cpu"":""0.08%"",""mem"":""20.7MiB / 122.8GiB""},{""name"":""lab-erli-stub"",""cpu"":""0.00%"",""mem"":""18.05MiB / 122.8GiB""},{""name"":""lab-eparagony-stub"",""cpu"":""0.00%"",""mem"":""20.36MiB / 122.8GiB""},{""name"":""lab-invoicing-stub"",""cpu"":""0.00%"",""mem"":""16.6MiB / 122.8GiB""},{""name"":""lab-shipping-stub"",""cpu"":""0.00%"",""mem"":""16.58MiB / 122.8GiB""},{""name"":""lab-eparagony-stub-tls"",""cpu"":""0.00%"",""mem"":""23.3MiB / 122.8GiB""},{""name"":""lab-erli-stub-tls"",""cpu"":""0.00%"",""mem"":""22.67MiB / 122.8GiB""},{""name"":""lab-wc-tls"",""cpu"":""0.08%"",""mem"":""28.46MiB / 122.8GiB""},{""name"":""lab-prestashop"",""cpu"":""6.71%"",""mem"":""131MiB / 122.8GiB""},{""name"":""lab-woocommerce"",""cpu"":""18.66%"",""mem"":""298.5MiB / 122.8GiB""},{""name"":""lab-redis"",""cpu"":""0.46%"",""mem"":""79.53MiB / 122.8GiB""},{""name"":""lab-postgres"",""cpu"":""16.90%"",""mem"":""253.1MiB / 122.8GiB""},{""name"":""lab-mysql"",""cpu"":""2.03%"",""mem"":""722.3MiB / 122.8GiB""},{""name"":""lab-woocommerce-mysql"",""cpu"":""22.90%"",""mem"":""509.6MiB / 122.8GiB""}]"
2026-09-10T13:33:14Z,3,92,2,47,0,2668435123,"[{""name"":""lab-worker-1"",""cpu"":""7.24%"",""mem"":""138.1MiB / 122.8GiB""},{""name"":""lab-api"",""cpu"":""0.00%"",""mem"":""143.3MiB / 122.8GiB""},{""name"":""lab-allegro-stub"",""cpu"":""0.09%"",""mem"":""20.71MiB / 122.8GiB""},{""name"":""lab-erli-stub"",""cpu"":""0.00%"",""mem"":""18.05MiB / 122.8GiB""},{""name"":""lab-eparagony-stub"",""cpu"":""0.00%"",""mem"":""20.37MiB / 122.8GiB""},{""name"":""lab-invoicing-stub"",""cpu"":""0.00%"",""mem"":""16.6MiB / 122.8GiB""},{""name"":""lab-shipping-stub"",""cpu"":""0.00%"",""mem"":""16.58MiB / 122.8GiB""},{""name"":""lab-eparagony-stub-tls"",""cpu"":""0.00%"",""mem"":""23.3MiB / 122.8GiB""},{""name"":""lab-erli-stub-tls"",""cpu"":""0.00%"",""mem"":""22.67MiB / 122.8GiB""},{""name"":""lab-wc-tls"",""cpu"":""0.08%"",""mem"":""28.46MiB / 122.8GiB""},{""name"":""lab-prestashop"",""cpu"":""1.51%"",""mem"":""131MiB / 122.8GiB""},{""name"":""lab-woocommerce"",""cpu"":""16.50%"",""mem"":""298.5MiB / 122.8GiB""},{""name"":""lab-redis"",""cpu"":""0.46%"",""mem"":""79.56MiB / 122.8GiB""},{""name"":""lab-postgres"",""cpu"":""6.69%"",""mem"":""253.8MiB / 122.8GiB""},{""name"":""lab-mysql"",""cpu"":""2.12%"",""mem"":""722.3MiB / 122.8GiB""},{""name"":""lab-woocommerce-mysql"",""cpu"":""21.80%"",""mem"":""509.6MiB / 122.8GiB""}]"
2026-09-10T13:33:14Z,3,92,2,47,0,2668435123,"[{""name"":""lab-worker-1"",""cpu"":""7.24%"",""mem"":""138.1MiB / 122.8GiB""},{""name"":""lab-api"",""cpu"":""0.00%"",""mem"":""143.3MiB / 122.8GiB""},{""name"":""lab-allegro-stub"",""cpu"":""0.09%"",""mem"":""20.71MiB / 122.8GiB""},{""name"":""lab-erli-stub"",""cpu"":""0.00%"",""mem"":""18.05MiB / 122.8GiB""},{""name"":""lab-eparagony-stub"",""cpu"":""0.00%"",""mem"":""20.37MiB / 122.8GiB""},{""name"":""lab-invoicing-stub"",""cpu"":""0.00%"",""mem"":""16.6MiB / 122.8GiB""},{""name"":""lab-shipping-stub"",""cpu"":""0.00%"",""mem"":""16.58MiB / 122.8GiB""},{""name"":""lab-eparagony-stub-tls"",""cpu"":""0.00%"",""mem"":""23.3MiB / 122.8GiB""},{""name"":""lab-erli-stub-tls"",""cpu"":""0.00%"",""mem"":""22.67MiB / 122.8GiB""},{""name"":""lab-wc-tls"",""cpu"":""0.08%"",""mem"":""28.46MiB / 122.8GiB""},{""name"":""lab-prestashop"",""cpu"":""1.51%"",""mem"":""131MiB / 122.8GiB""},{""name"":""lab-woocommerce"",""cpu"":""16.50%"",""mem"":""298.5MiB / 122.8GiB""},{""name"":""lab-redis"",""cpu"":""0.46%"",""mem"":""79.56MiB / 122.8GiB""},{""name"":""lab-postgres"",""cpu"":""6.69%"",""mem"":""253.8MiB / 122.8GiB""},{""name"":""lab-mysql"",""cpu"":""2.12%"",""mem"":""722.3MiB / 122.8GiB""},{""name"":""lab-woocommerce-mysql"",""cpu"":""24.32%"",""mem"":""509.6MiB / 122.8GiB""}]"
2026-09-10T13:33:18Z,4,137,2,47,0,2668443315,"[{""name"":""lab-worker-1"",""cpu"":""13.76%"",""mem"":""137.7MiB / 122.8GiB""},{""name"":""lab-api"",""cpu"":""0.01%"",""mem"":""143.3MiB / 122.8GiB""},{""name"":""lab-allegro-stub"",""cpu"":""3.84%"",""mem"":""20.88MiB / 122.8GiB""},{""name"":""lab-erli-stub"",""cpu"":""0.00%"",""mem"":""18.06MiB / 122.8GiB""},{""name"":""lab-eparagony-stub"",""cpu"":""0.00%"",""mem"":""20.37MiB / 122.8GiB""},{""name"":""lab-invoicing-stub"",""cpu"":""4.32%"",""mem"":""16.62MiB / 122.8GiB""},{""name"":""lab-shipping-stub"",""cpu"":""4.04%"",""mem"":""16.6MiB / 122.8GiB""},{""name"":""lab-eparagony-stub-tls"",""cpu"":""0.00%"",""mem"":""23.3MiB / 122.8GiB""},{""name"":""lab-erli-stub-tls"",""cpu"":""0.00%"",""mem"":""22.67MiB / 122.8GiB""},{""name"":""lab-wc-tls"",""cpu"":""0.07%"",""mem"":""28.46MiB / 122.8GiB""},{""name"":""lab-prestashop"",""cpu"":""1.74%"",""mem"":""131MiB / 122.8GiB""},{""name"":""lab-woocommerce"",""cpu"":""19.60%"",""mem"":""298.5MiB / 122.8GiB""},{""name"":""lab-redis"",""cpu"":""0.46%"",""mem"":""79.82MiB / 122.8GiB""},{""name"":""lab-postgres"",""cpu"":""8.55%"",""mem"":""254.3MiB / 122.8GiB""},{""name"":""lab-mysql"",""cpu"":""2.13%"",""mem"":""722.3MiB / 122.8GiB""},{""name"":""lab-woocommerce-mysql"",""cpu"":""19.83%"",""mem"":""509.6MiB / 122.8GiB""}]"
2026-09-10T13:33:18Z,4,137,2,47,0,2668443315,"[{""name"":""lab-worker-1"",""cpu"":""13.76%"",""mem"":""137.7MiB / 122.8GiB""},{""name"":""lab-api"",""cpu"":""0.01%"",""mem"":""143.3MiB / 122.8GiB""},{""name"":""lab-allegro-stub"",""cpu"":""3.84%"",""mem"":""20.88MiB / 122.8GiB""},{""name"":""lab-erli-stub"",""cpu"":""0.00%"",""mem"":""18.06MiB / 122.8GiB""},{""name"":""lab-eparagony-stub"",""cpu"":""0.00%"",""mem"":""20.37MiB / 122.8GiB""},{""name"":""lab-invoicing-stub"",""cpu"":""4.32%"",""mem"":""16.62MiB / 122.8GiB""},{""name"":""lab-shipping-stub"",""cpu"":""4.04%"",""mem"":""16.6MiB / 122.8GiB""},{""name"":""lab-eparagony-stub-tls"",""cpu"":""0.00%"",""mem"":""23.3MiB / 122.8GiB""},{""name"":""lab-erli-stub-tls"",""cpu"":""0.00%"",""mem"":""22.67MiB / 122.8GiB""},{""name"":""lab-wc-tls"",""cpu"":""0.07%"",""mem"":""28.46MiB / 122.8GiB""},{""name"":""lab-prestashop"",""cpu"":""1.74%"",""mem"":""131MiB / 122.8GiB""},{""name"":""lab-woocommerce"",""cpu"":""19.60%"",""mem"":""298.5MiB / 122.8GiB""},{""name"":""lab-redis"",""cpu"":""0.46%"",""mem"":""79.82MiB / 122.8GiB""},{""name"":""lab-postgres"",""cpu"":""8.55%"",""mem"":""254.3MiB / 122.8GiB""},{""name"":""lab-mysql"",""cpu"":""2.13%"",""mem"":""722.3MiB / 122.8GiB""},{""name"":""lab-woocommerce-mysql"",""cpu"":""19.83%"",""mem"":""509.6MiB / 122.8GiB""}]"
2026-09-10T13:33:21Z,4,134,1,47,0,2668451507,"[{""name"":""lab-worker-1"",""cpu"":""9.94%"",""mem"":""138.3MiB / 122.8GiB""},{""name"":""lab-api"",""cpu"":""0.93%"",""mem"":""143.4MiB / 122.8GiB""},{""name"":""lab-allegro-stub"",""cpu"":""0.13%"",""mem"":""20.88MiB / 122.8GiB""},{""name"":""lab-erli-stub"",""cpu"":""0.00%"",""mem"":""18.05MiB / 122.8GiB""},{""name"":""lab-eparagony-stub"",""cpu"":""4.04%"",""mem"":""20.41MiB / 122.8GiB""},{""name"":""lab-invoicing-stub"",""cpu"":""0.00%"",""mem"":""16.6MiB / 122.8GiB""},{""name"":""lab-shipping-stub"",""cpu"":""0.00%"",""mem"":""16.58MiB / 122.8GiB""},{""name"":""lab-eparagony-stub-tls"",""cpu"":""0.00%"",""mem"":""23.3MiB / 122.8GiB""},{""name"":""lab-erli-stub-tls"",""cpu"":""0.00%"",""mem"":""22.67MiB / 122.8GiB""},{""name"":""lab-wc-tls"",""cpu"":""0.08%"",""mem"":""28.46MiB / 122.8GiB""},{""name"":""lab-prestashop"",""cpu"":""1.60%"",""mem"":""131MiB / 122.8GiB""},{""name"":""lab-woocommerce"",""cpu"":""16.85%"",""mem"":""298.4MiB / 122.8GiB""},{""name"":""lab-redis"",""cpu"":""0.55%"",""mem"":""79.57MiB / 122.8GiB""},{""name"":""lab-postgres"",""cpu"":""8.89%"",""mem"":""254.3MiB / 122.8GiB""},{""name"":""lab-mysql"",""cpu"":""6.46%"",""mem"":""722.3MiB / 122.8GiB""},{""name"":""lab-woocommerce-mysql"",""cpu"":""20.89%"",""mem"":""509.6MiB / 122.8GiB""}]"
2026-09-10T13:33:21Z,4,134,1,47,0,2668451507,"[{""name"":""lab-worker-1"",""cpu"":""9.94%"",""mem"":""138.3MiB / 122.8GiB""},{""name"":""lab-api"",""cpu"":""0.93%"",""mem"":""143.4MiB / 122.8GiB""},{""name"":""lab-allegro-stub"",""cpu"":""0.13%"",""mem"":""20.88MiB / 122.8GiB""},{""name"":""lab-erli-stub"",""cpu"":""0.00%"",""mem"":""18.05MiB / 122.8GiB""},{""name"":""lab-eparagony-stub"",""cpu"":""4.04%"",""mem"":""20.41MiB / 122.8GiB""},{""name"":""lab-invoicing-stub"",""cpu"":""0.00%"",""mem"":""16.6MiB / 122.8GiB""},{""name"":""lab-shipping-stub"",""cpu"":""0.00%"",""mem"":""16.58MiB / 122.8GiB""},{""name"":""lab-eparagony-stub-tls"",""cpu"":""0.00%"",""mem"":""23.3MiB / 122.8GiB""},{""name"":""lab-erli-stub-tls"",""cpu"":""0.00%"",""mem"":""22.67MiB / 122.8GiB""},{""name"":""lab-wc-tls"",""cpu"":""0.08%"",""mem"":""28.46MiB / 122.8GiB""},{""name"":""lab-prestashop"",""cpu"":""1.60%"",""mem"":""131MiB / 122.8GiB""},{""name"":""lab-woocommerce"",""cpu"":""16.85%"",""mem"":""298.4MiB / 122.8GiB""},{""name"":""lab-redis"",""cpu"":""0.55%"",""mem"":""79.57MiB / 122.8GiB""},{""name"":""lab-postgres"",""cpu"":""8.89%"",""mem"":""254.3MiB / 122.8GiB""},{""name"":""lab-mysql"",""cpu"":""6.46%"",""mem"":""722.3MiB / 122.8GiB""},{""name"":""lab-woocommerce-mysql"",""cpu"":""20.89%"",""mem"":""509.6MiB / 122.8GiB""}]"
2026-09-10T13:33:25Z,3,130,2,47,0,2668451507,"[{""name"":""lab-worker-1"",""cpu"":""24.66%"",""mem"":""137.6MiB / 122.8GiB""},{""name"":""lab-api"",""cpu"":""0.00%"",""mem"":""143.3MiB / 122.8GiB""},{""name"":""lab-allegro-stub"",""cpu"":""0.13%"",""mem"":""20.88MiB / 122.8GiB""},{""name"":""lab-erli-stub"",""cpu"":""0.00%"",""mem"":""18.05MiB / 122.8GiB""},{""name"":""lab-eparagony-stub"",""cpu"":""0.00%"",""mem"":""20.37MiB / 122.8GiB""},{""name"":""lab-invoicing-stub"",""cpu"":""0.00%"",""mem"":""16.6MiB / 122.8GiB""},{""name"":""lab-shipping-stub"",""cpu"":""0.00%"",""mem"":""16.58MiB / 122.8GiB""},{""name"":""lab-eparagony-stub-tls"",""cpu"":""0.00%"",""mem"":""23.3MiB / 122.8GiB""},{""name"":""lab-erli-stub-tls"",""cpu"":""0.00%"",""mem"":""22.67MiB / 122.8GiB""},{""name"":""lab-wc-tls"",""cpu"":""0.07%"",""mem"":""28.47MiB / 122.8GiB""},{""name"":""lab-prestashop"",""cpu"":""1.62%"",""mem"":""131MiB / 122.8GiB""},{""name"":""lab-woocommerce"",""cpu"":""16.63%"",""mem"":""298.5MiB / 122.8GiB""},{""name"":""lab-redis"",""cpu"":""0.37%"",""mem"":""79.56MiB / 122.8GiB""},{""name"":""lab-postgres"",""cpu"":""7.17%"",""mem"":""250.9MiB / 122.8GiB""},{""name"":""lab-mysql"",""cpu"":""1.80%"",""mem"":""722.3MiB / 122.8GiB""},{""name"":""lab-woocommerce-mysql"",""cpu"":""20.13%"",""mem"":""509.6MiB / 122.8GiB""}]"
2026-09-10T13:33:25Z,3,130,2,47,0,2668451507,"[{""name"":""lab-worker-1"",""cpu"":""24.66%"",""mem"":""137.6MiB / 122.8GiB""},{""name"":""lab-api"",""cpu"":""0.00%"",""mem"":""143.3MiB / 122.8GiB""},{""name"":""lab-allegro-stub"",""cpu"":""0.13%"",""mem"":""20.88MiB / 122.8GiB""},{""name"":""lab-erli-stub"",""cpu"":""0.00%"",""mem"":""18.05MiB / 122.8GiB""},{""name"":""lab-eparagony-stub"",""cpu"":""0.00%"",""mem"":""20.37MiB / 122.8GiB""},{""name"":""lab-invoicing-stub"",""cpu"":""0.00%"",""mem"":""16.6MiB / 122.8GiB""},{""name"":""lab-shipping-stub"",""cpu"":""0.00%"",""mem"":""16.58MiB / 122.8GiB""},{""name"":""lab-eparagony-stub-tls"",""cpu"":""0.00%"",""mem"":""23.3MiB / 122.8GiB""},{""name"":""lab-erli-stub-tls"",""cpu"":""0.00%"",""mem"":""22.67MiB / 122.8GiB""},{""name"":""lab-wc-tls"",""cpu"":""0.07%"",""mem"":""28.47MiB / 122.8GiB""},{""name"":""lab-prestashop"",""cpu"":""1.62%"",""mem"":""131MiB / 122.8GiB""},{""name"":""lab-woocommerce"",""cpu"":""16.63%"",""mem"":""298.5MiB / 122.8GiB""},{""name"":""lab-redis"",""cpu"":""0.37%"",""mem"":""79.56MiB / 122.8GiB""},{""name"":""lab-postgres"",""cpu"":""7.17%"",""mem"":""250.9MiB / 122.8GiB""},{""name"":""lab-mysql"",""cpu"":""1.80%"",""mem"":""722.3MiB / 122.8GiB""},{""name"":""lab-woocommerce-mysql"",""cpu"":""25.37%"",""mem"":""509.7MiB / 122.8GiB""}]"
2026-09-10T13:33:29Z,4,127,1,47,0,2668492467,"[{""name"":""lab-worker-1"",""cpu"":""9.09%"",""mem"":""139MiB / 122.8GiB""},{""name"":""lab-api"",""cpu"":""0.00%"",""mem"":""143.3MiB / 122.8GiB""},{""name"":""lab-allegro-stub"",""cpu"":""4.42%"",""mem"":""20.89MiB / 122.8GiB""},{""name"":""lab-erli-stub"",""cpu"":""0.00%"",""mem"":""18.05MiB / 122.8GiB""},{""name"":""lab-eparagony-stub"",""cpu"":""0.00%"",""mem"":""20.37MiB / 122.8GiB""},{""name"":""lab-invoicing-stub"",""cpu"":""0.00%"",""mem"":""16.61MiB / 122.8GiB""},{""name"":""lab-shipping-stub"",""cpu"":""0.00%"",""mem"":""16.61MiB / 122.8GiB""},{""name"":""lab-eparagony-stub-tls"",""cpu"":""0.00%"",""mem"":""23.3MiB / 122.8GiB""},{""name"":""lab-erli-stub-tls"",""cpu"":""0.00%"",""mem"":""22.67MiB / 122.8GiB""},{""name"":""lab-wc-tls"",""cpu"":""0.51%"",""mem"":""28.69MiB / 122.8GiB""},{""name"":""lab-prestashop"",""cpu"":""0.78%"",""mem"":""131MiB / 122.8GiB""},{""name"":""lab-woocommerce"",""cpu"":""19.98%"",""mem"":""298.5MiB / 122.8GiB""},{""name"":""lab-redis"",""cpu"":""4.72%"",""mem"":""79.61MiB / 122.8GiB""},{""name"":""lab-postgres"",""cpu"":""7.68%"",""mem"":""251MiB / 122.8GiB""},{""name"":""lab-mysql"",""cpu"":""2.28%"",""mem"":""722.3MiB / 122.8GiB""},{""name"":""lab-woocommerce-mysql"",""cpu"":""21.04%"",""mem"":""512.1MiB / 122.8GiB""}]"
2026-09-10T13:33:29Z,4,127,1,47,0,2668492467,"[{""name"":""lab-worker-1"",""cpu"":""9.09%"",""mem"":""139MiB / 122.8GiB""},{""name"":""lab-api"",""cpu"":""0.00%"",""mem"":""143.3MiB / 122.8GiB""},{""name"":""lab-allegro-stub"",""cpu"":""0.06%"",""mem"":""20.88MiB / 122.8GiB""},{""name"":""lab-erli-stub"",""cpu"":""0.00%"",""mem"":""18.05MiB / 122.8GiB""},{""name"":""lab-eparagony-stub"",""cpu"":""0.00%"",""mem"":""20.37MiB / 122.8GiB""},{""name"":""lab-invoicing-stub"",""cpu"":""0.00%"",""mem"":""16.61MiB / 122.8GiB""},{""name"":""lab-shipping-stub"",""cpu"":""0.00%"",""mem"":""16.61MiB / 122.8GiB""},{""name"":""lab-eparagony-stub-tls"",""cpu"":""0.00%"",""mem"":""23.3MiB / 122.8GiB""},{""name"":""lab-erli-stub-tls"",""cpu"":""0.00%"",""mem"":""22.67MiB / 122.8GiB""},{""name"":""lab-wc-tls"",""cpu"":""0.51%"",""mem"":""28.69MiB / 122.8GiB""},{""name"":""lab-prestashop"",""cpu"":""0.78%"",""mem"":""131MiB / 122.8GiB""},{""name"":""lab-woocommerce"",""cpu"":""19.98%"",""mem"":""298.5MiB / 122.8GiB""},{""name"":""lab-redis"",""cpu"":""4.72%"",""mem"":""79.61MiB / 122.8GiB""},{""name"":""lab-postgres"",""cpu"":""7.68%"",""mem"":""251MiB / 122.8GiB""},{""name"":""lab-mysql"",""cpu"":""2.28%"",""mem"":""722.3MiB / 122.8GiB""},{""name"":""lab-woocommerce-mysql"",""cpu"":""21.04%"",""mem"":""512.1MiB / 122.8GiB""}]"
2026-09-10T13:33:33Z,4,124,1,47,0,2668500659,"[{""name"":""lab-worker-1"",""cpu"":""6.29%"",""mem"":""139MiB / 122.8GiB""},{""name"":""lab-api"",""cpu"":""0.01%"",""mem"":""143.3MiB / 122.8GiB""},{""name"":""lab-allegro-stub"",""cpu"":""4.55%"",""mem"":""20.91MiB / 122.8GiB""},{""name"":""lab-erli-stub"",""cpu"":""3.92%"",""mem"":""18.06MiB / 122.8GiB""},{""name"":""lab-eparagony-stub"",""cpu"":""0.00%"",""mem"":""20.38MiB / 122.8GiB""},{""name"":""lab-invoicing-stub"",""cpu"":""4.05%"",""mem"":""16.62MiB / 122.8GiB""},{""name"":""lab-shipping-stub"",""cpu"":""3.98%"",""mem"":""16.63MiB / 122.8GiB""},{""name"":""lab-eparagony-stub-tls"",""cpu"":""0.00%"",""mem"":""23.3MiB / 122.8GiB""},{""name"":""lab-erli-stub-tls"",""cpu"":""0.00%"",""mem"":""22.67MiB / 122.8GiB""},{""name"":""lab-wc-tls"",""cpu"":""0.08%"",""mem"":""28.91MiB / 122.8GiB""},{""name"":""lab-prestashop"",""cpu"":""0.00%"",""mem"":""131MiB / 122.8GiB""},{""name"":""lab-woocommerce"",""cpu"":""17.34%"",""mem"":""296.4MiB / 122.8GiB""},{""name"":""lab-redis"",""cpu"":""0.41%"",""mem"":""79.57MiB / 122.8GiB""},{""name"":""lab-postgres"",""cpu"":""7.58%"",""mem"":""251MiB / 122.8GiB""},{""name"":""lab-mysql"",""cpu"":""0.81%"",""mem"":""722.3MiB / 122.8GiB""},{""name"":""lab-woocommerce-mysql"",""cpu"":""24.00%"",""mem"":""511.6MiB / 122.8GiB""}]"
2026-09-10T13:33:33Z,4,124,1,47,0,2668500659,"[{""name"":""lab-worker-1"",""cpu"":""6.29%"",""mem"":""139MiB / 122.8GiB""},{""name"":""lab-api"",""cpu"":""0.01%"",""mem"":""143.3MiB / 122.8GiB""},{""name"":""lab-allegro-stub"",""cpu"":""4.55%"",""mem"":""20.91MiB / 122.8GiB""},{""name"":""lab-erli-stub"",""cpu"":""3.92%"",""mem"":""18.06MiB / 122.8GiB""},{""name"":""lab-eparagony-stub"",""cpu"":""0.00%"",""mem"":""20.38MiB / 122.8GiB""},{""name"":""lab-invoicing-stub"",""cpu"":""4.05%"",""mem"":""16.62MiB / 122.8GiB""},{""name"":""lab-shipping-stub"",""cpu"":""3.98%"",""mem"":""16.63MiB / 122.8GiB""},{""name"":""lab-eparagony-stub-tls"",""cpu"":""0.00%"",""mem"":""23.3MiB / 122.8GiB""},{""name"":""lab-erli-stub-tls"",""cpu"":""0.00%"",""mem"":""22.67MiB / 122.8GiB""},{""name"":""lab-wc-tls"",""cpu"":""0.08%"",""mem"":""28.91MiB / 122.8GiB""},{""name"":""lab-prestashop"",""cpu"":""0.00%"",""mem"":""131MiB / 122.8GiB""},{""name"":""lab-woocommerce"",""cpu"":""17.34%"",""mem"":""296.4MiB / 122.8GiB""},{""name"":""lab-redis"",""cpu"":""0.41%"",""mem"":""79.57MiB / 122.8GiB""},{""name"":""lab-postgres"",""cpu"":""7.58%"",""mem"":""251MiB / 122.8GiB""},{""name"":""lab-mysql"",""cpu"":""0.81%"",""mem"":""722.3MiB / 122.8GiB""},{""name"":""lab-woocommerce-mysql"",""cpu"":""24.00%"",""mem"":""511.6MiB / 122.8GiB""}]"
2026-09-10T13:33:36Z,4,120,2,47,0,2668533427,"[{""name"":""lab-worker-1"",""cpu"":""7.78%"",""mem"":""139MiB / 122.8GiB""},{""name"":""lab-api"",""cpu"":""0.00%"",""mem"":""143.3MiB / 122.8GiB""},{""name"":""lab-allegro-stub"",""cpu"":""0.07%"",""mem"":""20.88MiB / 122.8GiB""},{""name"":""lab-erli-stub"",""cpu"":""0.00%"",""mem"":""18.05MiB / 122.8GiB""},{""name"":""lab-eparagony-stub"",""cpu"":""3.97%"",""mem"":""20.44MiB / 122.8GiB""},{""name"":""lab-invoicing-stub"",""cpu"":""0.00%"",""mem"":""16.6MiB / 122.8GiB""},{""name"":""lab-shipping-stub"",""cpu"":""0.00%"",""mem"":""16.58MiB / 122.8GiB""},{""name"":""lab-eparagony-stub-tls"",""cpu"":""0.00%"",""mem"":""23.3MiB / 122.8GiB""},{""name"":""lab-erli-stub-tls"",""cpu"":""0.00%"",""mem"":""22.67MiB / 122.8GiB""},{""name"":""lab-wc-tls"",""cpu"":""0.08%"",""mem"":""28.89MiB / 122.8GiB""},{""name"":""lab-prestashop"",""cpu"":""0.73%"",""mem"":""131MiB / 122.8GiB""},{""name"":""lab-woocommerce"",""cpu"":""21.44%"",""mem"":""300.7MiB / 122.8GiB""},{""name"":""lab-redis"",""cpu"":""0.49%"",""mem"":""79.81MiB / 122.8GiB""},{""name"":""lab-postgres"",""cpu"":""7.32%"",""mem"":""251MiB / 122.8GiB""},{""name"":""lab-mysql"",""cpu"":""1.80%"",""mem"":""722.3MiB / 122.8GiB""},{""name"":""lab-woocommerce-mysql"",""cpu"":""23.27%"",""mem"":""511.7MiB / 122.8GiB""}]"
2026-09-10T13:33:36Z,4,120,2,47,0,2668533427,"[{""name"":""lab-worker-1"",""cpu"":""7.78%"",""mem"":""139MiB / 122.8GiB""},{""name"":""lab-api"",""cpu"":""0.00%"",""mem"":""143.3MiB / 122.8GiB""},{""name"":""lab-allegro-stub"",""cpu"":""0.07%"",""mem"":""20.88MiB / 122.8GiB""},{""name"":""lab-erli-stub"",""cpu"":""0.00%"",""mem"":""18.05MiB / 122.8GiB""},{""name"":""lab-eparagony-stub"",""cpu"":""3.97%"",""mem"":""20.44MiB / 122.8GiB""},{""name"":""lab-invoicing-stub"",""cpu"":""0.00%"",""mem"":""16.6MiB / 122.8GiB""},{""name"":""lab-shipping-stub"",""cpu"":""0.00%"",""mem"":""16.58MiB / 122.8GiB""},{""name"":""lab-eparagony-stub-tls"",""cpu"":""0.00%"",""mem"":""23.3MiB / 122.8GiB""},{""name"":""lab-erli-stub-tls"",""cpu"":""0.00%"",""mem"":""22.67MiB / 122.8GiB""},{""name"":""lab-wc-tls"",""cpu"":""0.08%"",""mem"":""28.89MiB / 122.8GiB""},{""name"":""lab-prestashop"",""cpu"":""0.73%"",""mem"":""131MiB / 122.8GiB""},{""name"":""lab-woocommerce"",""cpu"":""21.44%"",""mem"":""300.7MiB / 122.8GiB""},{""name"":""lab-redis"",""cpu"":""0.49%"",""mem"":""79.81MiB / 122.8GiB""},{""name"":""lab-postgres"",""cpu"":""7.32%"",""mem"":""251MiB / 122.8GiB""},{""name"":""lab-mysql"",""cpu"":""1.80%"",""mem"":""722.3MiB / 122.8GiB""},{""name"":""lab-woocommerce-mysql"",""cpu"":""20.38%"",""mem"":""511.7MiB / 122.8GiB""}]"
2026-09-10T13:33:40Z,3,117,1,47,0,2668558003,"[{""name"":""lab-worker-1"",""cpu"":""8.57%"",""mem"":""139.3MiB / 122.8GiB""},{""name"":""lab-api"",""cpu"":""0.00%"",""mem"":""143.3MiB / 122.8GiB""},{""name"":""lab-allegro-stub"",""cpu"":""0.09%"",""mem"":""20.88MiB / 122.8GiB""},{""name"":""lab-erli-stub"",""cpu"":""0.00%"",""mem"":""18.05MiB / 122.8GiB""},{""name"":""lab-eparagony-stub"",""cpu"":""0.00%"",""mem"":""20.37MiB / 122.8GiB""},{""name"":""lab-invoicing-stub"",""cpu"":""0.00%"",""mem"":""16.6MiB / 122.8GiB""},{""name"":""lab-shipping-stub"",""cpu"":""0.00%"",""mem"":""16.58MiB / 122.8GiB""},{""name"":""lab-eparagony-stub-tls"",""cpu"":""0.00%"",""mem"":""23.3MiB / 122.8GiB""},{""name"":""lab-erli-stub-tls"",""cpu"":""0.00%"",""mem"":""22.67MiB / 122.8GiB""},{""name"":""lab-wc-tls"",""cpu"":""0.06%"",""mem"":""28.88MiB / 122.8GiB""},{""name"":""lab-prestashop"",""cpu"":""6.72%"",""mem"":""129MiB / 122.8GiB""},{""name"":""lab-woocommerce"",""cpu"":""17.59%"",""mem"":""300.5MiB / 122.8GiB""},{""name"":""lab-redis"",""cpu"":""0.52%"",""mem"":""79.57MiB / 122.8GiB""},{""name"":""lab-postgres"",""cpu"":""8.99%"",""mem"":""254.6MiB / 122.8GiB""},{""name"":""lab-mysql"",""cpu"":""2.54%"",""mem"":""722.3MiB / 122.8GiB""},{""name"":""lab-woocommerce-mysql"",""cpu"":""21.48%"",""mem"":""511.6MiB / 122.8GiB""}]"
2026-09-10T13:33:40Z,3,117,1,47,0,2668558003,"[{""name"":""lab-worker-1"",""cpu"":""8.57%"",""mem"":""139.3MiB / 122.8GiB""},{""name"":""lab-api"",""cpu"":""0.00%"",""mem"":""143.3MiB / 122.8GiB""},{""name"":""lab-allegro-stub"",""cpu"":""0.09%"",""mem"":""20.88MiB / 122.8GiB""},{""name"":""lab-erli-stub"",""cpu"":""0.00%"",""mem"":""18.05MiB / 122.8GiB""},{""name"":""lab-eparagony-stub"",""cpu"":""0.00%"",""mem"":""20.37MiB / 122.8GiB""},{""name"":""lab-invoicing-stub"",""cpu"":""0.00%"",""mem"":""16.6MiB / 122.8GiB""},{""name"":""lab-shipping-stub"",""cpu"":""0.00%"",""mem"":""16.58MiB / 122.8GiB""},{""name"":""lab-eparagony-stub-tls"",""cpu"":""0.00%"",""mem"":""23.3MiB / 122.8GiB""},{""name"":""lab-erli-stub-tls"",""cpu"":""0.00%"",""mem"":""22.67MiB / 122.8GiB""},{""name"":""lab-wc-tls"",""cpu"":""0.06%"",""mem"":""28.88MiB / 122.8GiB""},{""name"":""lab-prestashop"",""cpu"":""6.72%"",""mem"":""129MiB / 122.8GiB""},{""name"":""lab-woocommerce"",""cpu"":""17.59%"",""mem"":""300.5MiB / 122.8GiB""},{""name"":""lab-redis"",""cpu"":""0.52%"",""mem"":""79.57MiB / 122.8GiB""},{""name"":""lab-postgres"",""cpu"":""8.99%"",""mem"":""254.6MiB / 122.8GiB""},{""name"":""lab-mysql"",""cpu"":""2.54%"",""mem"":""722.3MiB / 122.8GiB""},{""name"":""lab-woocommerce-mysql"",""cpu"":""21.48%"",""mem"":""511.6MiB / 122.8GiB""}]"
2026-09-10T13:33:44Z,4,113,2,47,0,2668566195,"[{""name"":""lab-worker-1"",""cpu"":""9.45%"",""mem"":""139.2MiB / 122.8GiB""},{""name"":""lab-api"",""cpu"":""0.00%"",""mem"":""143.3MiB / 122.8GiB""},{""name"":""lab-allegro-stub"",""cpu"":""0.09%"",""mem"":""20.89MiB / 122.8GiB""},{""name"":""lab-erli-stub"",""cpu"":""0.00%"",""mem"":""18.05MiB / 122.8GiB""},{""name"":""lab-eparagony-stub"",""cpu"":""0.00%"",""mem"":""20.37MiB / 122.8GiB""},{""name"":""lab-invoicing-stub"",""cpu"":""0.00%"",""mem"":""16.61MiB / 122.8GiB""},{""name"":""lab-shipping-stub"",""cpu"":""0.00%"",""mem"":""16.59MiB / 122.8GiB""},{""name"":""lab-eparagony-stub-tls"",""cpu"":""0.00%"",""mem"":""23.3MiB / 122.8GiB""},{""name"":""lab-erli-stub-tls"",""cpu"":""0.00%"",""mem"":""22.67MiB / 122.8GiB""},{""name"":""lab-wc-tls"",""cpu"":""0.07%"",""mem"":""28.88MiB / 122.8GiB""},{""name"":""lab-prestashop"",""cpu"":""1.63%"",""mem"":""129MiB / 122.8GiB""},{""name"":""lab-woocommerce"",""cpu"":""16.97%"",""mem"":""300.5MiB / 122.8GiB""},{""name"":""lab-redis"",""cpu"":""0.51%"",""mem"":""79.57MiB / 122.8GiB""},{""name"":""lab-postgres"",""cpu"":""6.62%"",""mem"":""254.4MiB / 122.8GiB""},{""name"":""lab-mysql"",""cpu"":""2.24%"",""mem"":""722.3MiB / 122.8GiB""},{""name"":""lab-woocommerce-mysql"",""cpu"":""21.40%"",""mem"":""511.6MiB / 122.8GiB""}]"
2026-09-10T13:33:44Z,4,113,2,47,0,2668566195,"[{""name"":""lab-worker-1"",""cpu"":""9.45%"",""mem"":""139.2MiB / 122.8GiB""},{""name"":""lab-api"",""cpu"":""0.00%"",""mem"":""143.3MiB / 122.8GiB""},{""name"":""lab-allegro-stub"",""cpu"":""0.09%"",""mem"":""20.89MiB / 122.8GiB""},{""name"":""lab-erli-stub"",""cpu"":""0.00%"",""mem"":""18.05MiB / 122.8GiB""},{""name"":""lab-eparagony-stub"",""cpu"":""0.00%"",""mem"":""20.37MiB / 122.8GiB""},{""name"":""lab-invoicing-stub"",""cpu"":""0.00%"",""mem"":""16.61MiB / 122.8GiB""},{""name"":""lab-shipping-stub"",""cpu"":""0.00%"",""mem"":""16.59MiB / 122.8GiB""},{""name"":""lab-eparagony-stub-tls"",""cpu"":""0.00%"",""mem"":""23.3MiB / 122.8GiB""},{""name"":""lab-erli-stub-tls"",""cpu"":""0.00%"",""mem"":""22.67MiB / 122.8GiB""},{""name"":""lab-wc-tls"",""cpu"":""0.07%"",""mem"":""28.88MiB / 122.8GiB""},{""name"":""lab-prestashop"",""cpu"":""1.63%"",""mem"":""129MiB / 122.8GiB""},{""name"":""lab-woocommerce"",""cpu"":""16.97%"",""mem"":""300.5MiB / 122.8GiB""},{""name"":""lab-redis"",""cpu"":""0.51%"",""mem"":""79.57MiB / 122.8GiB""},{""name"":""lab-postgres"",""cpu"":""6.62%"",""mem"":""254.4MiB / 122.8GiB""},{""name"":""lab-mysql"",""cpu"":""2.24%"",""mem"":""722.3MiB / 122.8GiB""},{""name"":""lab-woocommerce-mysql"",""cpu"":""24.23%"",""mem"":""512MiB / 122.8GiB""}]"
2026-09-10T13:33:47Z,4,111,1,47,0,2668574387,"[{""name"":""lab-worker-1"",""cpu"":""8.26%"",""mem"":""139MiB / 122.8GiB""},{""name"":""lab-api"",""cpu"":""0.01%"",""mem"":""143.3MiB / 122.8GiB""},{""name"":""lab-allegro-stub"",""cpu"":""0.08%"",""mem"":""20.88MiB / 122.8GiB""},{""name"":""lab-erli-stub"",""cpu"":""4.08%"",""mem"":""18.09MiB / 122.8GiB""},{""name"":""lab-eparagony-stub"",""cpu"":""0.01%"",""mem"":""20.38MiB / 122.8GiB""},{""name"":""lab-invoicing-stub"",""cpu"":""0.00%"",""mem"":""16.6MiB / 122.8GiB""},{""name"":""lab-shipping-stub"",""cpu"":""0.00%"",""mem"":""16.58MiB / 122.8GiB""},{""name"":""lab-eparagony-stub-tls"",""cpu"":""0.00%"",""mem"":""23.3MiB / 122.8GiB""},{""name"":""lab-erli-stub-tls"",""cpu"":""0.00%"",""mem"":""22.67MiB / 122.8GiB""},{""name"":""lab-wc-tls"",""cpu"":""0.07%"",""mem"":""29.13MiB / 122.8GiB""},{""name"":""lab-prestashop"",""cpu"":""1.64%"",""mem"":""129MiB / 122.8GiB""},{""name"":""lab-woocommerce"",""cpu"":""16.86%"",""mem"":""300.5MiB / 122.8GiB""},{""name"":""lab-redis"",""cpu"":""0.44%"",""mem"":""79.82MiB / 122.8GiB""},{""name"":""lab-postgres"",""cpu"":""8.29%"",""mem"":""251.3MiB / 122.8GiB""},{""name"":""lab-mysql"",""cpu"":""2.06%"",""mem"":""722.3MiB / 122.8GiB""},{""name"":""lab-woocommerce-mysql"",""cpu"":""21.02%"",""mem"":""511.9MiB / 122.8GiB""}]"
2026-09-10T13:33:47Z,4,111,1,47,0,2668574387,"[{""name"":""lab-worker-1"",""cpu"":""8.26%"",""mem"":""139MiB / 122.8GiB""},{""name"":""lab-api"",""cpu"":""0.01%"",""mem"":""143.3MiB / 122.8GiB""},{""name"":""lab-allegro-stub"",""cpu"":""0.08%"",""mem"":""20.88MiB / 122.8GiB""},{""name"":""lab-erli-stub"",""cpu"":""4.08%"",""mem"":""18.09MiB / 122.8GiB""},{""name"":""lab-eparagony-stub"",""cpu"":""0.01%"",""mem"":""20.38MiB / 122.8GiB""},{""name"":""lab-invoicing-stub"",""cpu"":""0.00%"",""mem"":""16.6MiB / 122.8GiB""},{""name"":""lab-shipping-stub"",""cpu"":""0.00%"",""mem"":""16.58MiB / 122.8GiB""},{""name"":""lab-eparagony-stub-tls"",""cpu"":""0.00%"",""mem"":""23.3MiB / 122.8GiB""},{""name"":""lab-erli-stub-tls"",""cpu"":""0.00%"",""mem"":""22.67MiB / 122.8GiB""},{""name"":""lab-wc-tls"",""cpu"":""0.07%"",""mem"":""29.13MiB / 122.8GiB""},{""name"":""lab-prestashop"",""cpu"":""1.64%"",""mem"":""129MiB / 122.8GiB""},{""name"":""lab-woocommerce"",""cpu"":""16.86%"",""mem"":""300.5MiB / 122.8GiB""},{""name"":""lab-redis"",""cpu"":""0.44%"",""mem"":""79.82MiB / 122.8GiB""},{""name"":""lab-postgres"",""cpu"":""8.29%"",""mem"":""251.3MiB / 122.8GiB""},{""name"":""lab-mysql"",""cpu"":""2.06%"",""mem"":""722.3MiB / 122.8GiB""},{""name"":""lab-woocommerce-mysql"",""cpu"":""20.37%"",""mem"":""511.7MiB / 122.8GiB""}]"
2026-09-10T13:33:51Z,3,107,2,47,0,2668574387,"[{""name"":""lab-worker-1"",""cpu"":""7.35%"",""mem"":""139MiB / 122.8GiB""},{""name"":""lab-api"",""cpu"":""0.00%"",""mem"":""143.3MiB / 122.8GiB""},{""name"":""lab-allegro-stub"",""cpu"":""0.08%"",""mem"":""20.88MiB / 122.8GiB""},{""name"":""lab-erli-stub"",""cpu"":""0.00%"",""mem"":""18.05MiB / 122.8GiB""},{""name"":""lab-eparagony-stub"",""cpu"":""0.00%"",""mem"":""20.37MiB / 122.8GiB""},{""name"":""lab-invoicing-stub"",""cpu"":""0.00%"",""mem"":""16.6MiB / 122.8GiB""},{""name"":""lab-shipping-stub"",""cpu"":""0.00%"",""mem"":""16.58MiB / 122.8GiB""},{""name"":""lab-eparagony-stub-tls"",""cpu"":""0.00%"",""mem"":""23.3MiB / 122.8GiB""},{""name"":""lab-erli-stub-tls"",""cpu"":""0.00%"",""mem"":""22.67MiB / 122.8GiB""},{""name"":""lab-wc-tls"",""cpu"":""0.06%"",""mem"":""28.88MiB / 122.8GiB""},{""name"":""lab-prestashop"",""cpu"":""1.58%"",""mem"":""129MiB / 122.8GiB""},{""name"":""lab-woocommerce"",""cpu"":""17.03%"",""mem"":""300.5MiB / 122.8GiB""},{""name"":""lab-redis"",""cpu"":""0.42%"",""mem"":""79.58MiB / 122.8GiB""},{""name"":""lab-postgres"",""cpu"":""14.74%"",""mem"":""254.2MiB / 122.8GiB""},{""name"":""lab-mysql"",""cpu"":""6.25%"",""mem"":""722.3MiB / 122.8GiB""},{""name"":""lab-woocommerce-mysql"",""cpu"":""16.53%"",""mem"":""511.7MiB / 122.8GiB""}]"
2026-09-10T13:33:51Z,3,107,2,47,0,2668574387,"[{""name"":""lab-worker-1"",""cpu"":""7.35%"",""mem"":""139MiB / 122.8GiB""},{""name"":""lab-api"",""cpu"":""0.00%"",""mem"":""143.3MiB / 122.8GiB""},{""name"":""lab-allegro-stub"",""cpu"":""0.08%"",""mem"":""20.88MiB / 122.8GiB""},{""name"":""lab-erli-stub"",""cpu"":""0.00%"",""mem"":""18.05MiB / 122.8GiB""},{""name"":""lab-eparagony-stub"",""cpu"":""0.00%"",""mem"":""20.37MiB / 122.8GiB""},{""name"":""lab-invoicing-stub"",""cpu"":""0.00%"",""mem"":""16.6MiB / 122.8GiB""},{""name"":""lab-shipping-stub"",""cpu"":""0.00%"",""mem"":""16.58MiB / 122.8GiB""},{""name"":""lab-eparagony-stub-tls"",""cpu"":""0.00%"",""mem"":""23.3MiB / 122.8GiB""},{""name"":""lab-erli-stub-tls"",""cpu"":""0.00%"",""mem"":""22.67MiB / 122.8GiB""},{""name"":""lab-wc-tls"",""cpu"":""0.06%"",""mem"":""28.88MiB / 122.8GiB""},{""name"":""lab-prestashop"",""cpu"":""1.58%"",""mem"":""129MiB / 122.8GiB""},{""name"":""lab-woocommerce"",""cpu"":""17.03%"",""mem"":""300.5MiB / 122.8GiB""},{""name"":""lab-redis"",""cpu"":""0.42%"",""mem"":""79.58MiB / 122.8GiB""},{""name"":""lab-postgres"",""cpu"":""14.74%"",""mem"":""254.2MiB / 122.8GiB""},{""name"":""lab-mysql"",""cpu"":""6.25%"",""mem"":""722.3MiB / 122.8GiB""},{""name"":""lab-woocommerce-mysql"",""cpu"":""21.30%"",""mem"":""511.7MiB / 122.8GiB""}]"
2026-09-10T13:33:55Z,4,103,3,47,0,2668582579,"[{""name"":""lab-worker-1"",""cpu"":""7.56%"",""mem"":""139MiB / 122.8GiB""},{""name"":""lab-api"",""cpu"":""0.00%"",""mem"":""143.4MiB / 122.8GiB""},{""name"":""lab-allegro-stub"",""cpu"":""0.09%"",""mem"":""21.02MiB / 122.8GiB""},{""name"":""lab-erli-stub"",""cpu"":""0.00%"",""mem"":""18.05MiB / 122.8GiB""},{""name"":""lab-eparagony-stub"",""cpu"":""0.00%"",""mem"":""20.37MiB / 122.8GiB""},{""name"":""lab-invoicing-stub"",""cpu"":""0.00%"",""mem"":""16.6MiB / 122.8GiB""},{""name"":""lab-shipping-stub"",""cpu"":""0.00%"",""mem"":""16.58MiB / 122.8GiB""},{""name"":""lab-eparagony-stub-tls"",""cpu"":""0.00%"",""mem"":""23.3MiB / 122.8GiB""},{""name"":""lab-erli-stub-tls"",""cpu"":""0.00%"",""mem"":""22.67MiB / 122.8GiB""},{""name"":""lab-wc-tls"",""cpu"":""0.07%"",""mem"":""28.88MiB / 122.8GiB""},{""name"":""lab-prestashop"",""cpu"":""1.65%"",""mem"":""129MiB / 122.8GiB""},{""name"":""lab-woocommerce"",""cpu"":""18.04%"",""mem"":""300.5MiB / 122.8GiB""},{""name"":""lab-redis"",""cpu"":""0.46%"",""mem"":""79.58MiB / 122.8GiB""},{""name"":""lab-postgres"",""cpu"":""7.14%"",""mem"":""254.7MiB / 122.8GiB""},{""name"":""lab-mysql"",""cpu"":""2.27%"",""mem"":""722.3MiB / 122.8GiB""},{""name"":""lab-woocommerce-mysql"",""cpu"":""20.58%"",""mem"":""511.7MiB / 122.8GiB""}]"
2026-09-10T13:33:55Z,4,103,3,47,0,2668582579,"[{""name"":""lab-worker-1"",""cpu"":""7.56%"",""mem"":""139MiB / 122.8GiB""},{""name"":""lab-api"",""cpu"":""0.00%"",""mem"":""143.4MiB / 122.8GiB""},{""name"":""lab-allegro-stub"",""cpu"":""0.09%"",""mem"":""21.02MiB / 122.8GiB""},{""name"":""lab-erli-stub"",""cpu"":""0.00%"",""mem"":""18.05MiB / 122.8GiB""},{""name"":""lab-eparagony-stub"",""cpu"":""0.00%"",""mem"":""20.37MiB / 122.8GiB""},{""name"":""lab-invoicing-stub"",""cpu"":""0.00%"",""mem"":""16.6MiB / 122.8GiB""},{""name"":""lab-shipping-stub"",""cpu"":""0.00%"",""mem"":""16.58MiB / 122.8GiB""},{""name"":""lab-eparagony-stub-tls"",""cpu"":""0.00%"",""mem"":""23.3MiB / 122.8GiB""},{""name"":""lab-erli-stub-tls"",""cpu"":""0.00%"",""mem"":""22.67MiB / 122.8GiB""},{""name"":""lab-wc-tls"",""cpu"":""0.07%"",""mem"":""28.88MiB / 122.8GiB""},{""name"":""lab-prestashop"",""cpu"":""1.65%"",""mem"":""129MiB / 122.8GiB""},{""name"":""lab-woocommerce"",""cpu"":""18.04%"",""mem"":""300.5MiB / 122.8GiB""},{""name"":""lab-redis"",""cpu"":""0.46%"",""mem"":""79.58MiB / 122.8GiB""},{""name"":""lab-postgres"",""cpu"":""7.14%"",""mem"":""254.7MiB / 122.8GiB""},{""name"":""lab-mysql"",""cpu"":""2.27%"",""mem"":""722.3MiB / 122.8GiB""},{""name"":""lab-woocommerce-mysql"",""cpu"":""20.58%"",""mem"":""511.7MiB / 122.8GiB""}]"
2026-09-10T13:33:59Z,4,100,1,47,0,2668590771,"[{""name"":""lab-worker-1"",""cpu"":""8.59%"",""mem"":""139.1MiB / 122.8GiB""},{""name"":""lab-api"",""cpu"":""0.00%"",""mem"":""143.4MiB / 122.8GiB""},{""name"":""lab-allegro-stub"",""cpu"":""4.10%"",""mem"":""21.04MiB / 122.8GiB""},{""name"":""lab-erli-stub"",""cpu"":""0.01%"",""mem"":""18.05MiB / 122.8GiB""},{""name"":""lab-eparagony-stub"",""cpu"":""0.00%"",""mem"":""20.37MiB / 122.8GiB""},{""name"":""lab-invoicing-stub"",""cpu"":""4.10%"",""mem"":""16.6MiB / 122.8GiB""},{""name"":""lab-shipping-stub"",""cpu"":""3.86%"",""mem"":""16.6MiB / 122.8GiB""},{""name"":""lab-eparagony-stub-tls"",""cpu"":""0.00%"",""mem"":""23.3MiB / 122.8GiB""},{""name"":""lab-erli-stub-tls"",""cpu"":""0.00%"",""mem"":""22.67MiB / 122.8GiB""},{""name"":""lab-wc-tls"",""cpu"":""0.09%"",""mem"":""28.88MiB / 122.8GiB""},{""name"":""lab-prestashop"",""cpu"":""1.02%"",""mem"":""129.2MiB / 122.8GiB""},{""name"":""lab-woocommerce"",""cpu"":""17.89%"",""mem"":""302.5MiB / 122.8GiB""},{""name"":""lab-redis"",""cpu"":""4.98%"",""mem"":""79.62MiB / 122.8GiB""},{""name"":""lab-postgres"",""cpu"":""8.45%"",""mem"":""255MiB / 122.8GiB""},{""name"":""lab-mysql"",""cpu"":""1.83%"",""mem"":""722.3MiB / 122.8GiB""},{""name"":""lab-woocommerce-mysql"",""cpu"":""22.68%"",""mem"":""511.7MiB / 122.8GiB""}]"
2026-09-10T13:33:59Z,4,100,1,47,0,2668590771,"[{""name"":""lab-worker-1"",""cpu"":""8.59%"",""mem"":""139.1MiB / 122.8GiB""},{""name"":""lab-api"",""cpu"":""0.00%"",""mem"":""143.4MiB / 122.8GiB""},{""name"":""lab-allegro-stub"",""cpu"":""4.10%"",""mem"":""21.04MiB / 122.8GiB""},{""name"":""lab-erli-stub"",""cpu"":""0.01%"",""mem"":""18.05MiB / 122.8GiB""},{""name"":""lab-eparagony-stub"",""cpu"":""0.00%"",""mem"":""20.37MiB / 122.8GiB""},{""name"":""lab-invoicing-stub"",""cpu"":""4.10%"",""mem"":""16.6MiB / 122.8GiB""},{""name"":""lab-shipping-stub"",""cpu"":""3.86%"",""mem"":""16.6MiB / 122.8GiB""},{""name"":""lab-eparagony-stub-tls"",""cpu"":""0.00%"",""mem"":""23.3MiB / 122.8GiB""},{""name"":""lab-erli-stub-tls"",""cpu"":""0.00%"",""mem"":""22.67MiB / 122.8GiB""},{""name"":""lab-wc-tls"",""cpu"":""0.09%"",""mem"":""28.88MiB / 122.8GiB""},{""name"":""lab-prestashop"",""cpu"":""1.02%"",""mem"":""129.2MiB / 122.8GiB""},{""name"":""lab-woocommerce"",""cpu"":""17.89%"",""mem"":""302.5MiB / 122.8GiB""},{""name"":""lab-redis"",""cpu"":""4.98%"",""mem"":""79.62MiB / 122.8GiB""},{""name"":""lab-postgres"",""cpu"":""8.45%"",""mem"":""255MiB / 122.8GiB""},{""name"":""lab-mysql"",""cpu"":""1.83%"",""mem"":""722.3MiB / 122.8GiB""},{""name"":""lab-woocommerce-mysql"",""cpu"":""22.68%"",""mem"":""511.7MiB / 122.8GiB""}]"
2026-09-10T13:34:02Z,4,96,2,47,0,2668598963,"[{""name"":""lab-worker-1"",""cpu"":""9.99%"",""mem"":""139MiB / 122.8GiB""},{""name"":""lab-api"",""cpu"":""0.45%"",""mem"":""143.4MiB / 122.8GiB""},{""name"":""lab-allegro-stub"",""cpu"":""0.17%"",""mem"":""21.04MiB / 122.8GiB""},{""name"":""lab-erli-stub"",""cpu"":""4.19%"",""mem"":""18.09MiB / 122.8GiB""},{""name"":""lab-eparagony-stub"",""cpu"":""3.85%"",""mem"":""20.39MiB / 122.8GiB""},{""name"":""lab-invoicing-stub"",""cpu"":""0.00%"",""mem"":""16.6MiB / 122.8GiB""},{""name"":""lab-shipping-stub"",""cpu"":""0.00%"",""mem"":""16.58MiB / 122.8GiB""},{""name"":""lab-eparagony-stub-tls"",""cpu"":""0.00%"",""mem"":""23.3MiB / 122.8GiB""},{""name"":""lab-erli-stub-tls"",""cpu"":""0.00%"",""mem"":""22.67MiB / 122.8GiB""},{""name"":""lab-wc-tls"",""cpu"":""0.06%"",""mem"":""28.88MiB / 122.8GiB""},{""name"":""lab-prestashop"",""cpu"":""1.37%"",""mem"":""129MiB / 122.8GiB""},{""name"":""lab-woocommerce"",""cpu"":""17.08%"",""mem"":""302.5MiB / 122.8GiB""},{""name"":""lab-redis"",""cpu"":""0.51%"",""mem"":""79.58MiB / 122.8GiB""},{""name"":""lab-postgres"",""cpu"":""8.46%"",""mem"":""254.2MiB / 122.8GiB""},{""name"":""lab-mysql"",""cpu"":""2.07%"",""mem"":""722.3MiB / 122.8GiB""},{""name"":""lab-woocommerce-mysql"",""cpu"":""20.29%"",""mem"":""511.7MiB / 122.8GiB""}]"
2026-09-10T13:34:02Z,4,96,2,47,0,2668598963,"[{""name"":""lab-worker-1"",""cpu"":""9.99%"",""mem"":""139MiB / 122.8GiB""},{""name"":""lab-api"",""cpu"":""0.45%"",""mem"":""143.4MiB / 122.8GiB""},{""name"":""lab-allegro-stub"",""cpu"":""0.17%"",""mem"":""21.04MiB / 122.8GiB""},{""name"":""lab-erli-stub"",""cpu"":""4.19%"",""mem"":""18.09MiB / 122.8GiB""},{""name"":""lab-eparagony-stub"",""cpu"":""3.85%"",""mem"":""20.39MiB / 122.8GiB""},{""name"":""lab-invoicing-stub"",""cpu"":""0.00%"",""mem"":""16.6MiB / 122.8GiB""},{""name"":""lab-shipping-stub"",""cpu"":""0.00%"",""mem"":""16.58MiB / 122.8GiB""},{""name"":""lab-eparagony-stub-tls"",""cpu"":""0.00%"",""mem"":""23.3MiB / 122.8GiB""},{""name"":""lab-erli-stub-tls"",""cpu"":""0.00%"",""mem"":""22.67MiB / 122.8GiB""},{""name"":""lab-wc-tls"",""cpu"":""0.06%"",""mem"":""28.88MiB / 122.8GiB""},{""name"":""lab-prestashop"",""cpu"":""1.37%"",""mem"":""129MiB / 122.8GiB""},{""name"":""lab-woocommerce"",""cpu"":""17.08%"",""mem"":""302.5MiB / 122.8GiB""},{""name"":""lab-redis"",""cpu"":""0.51%"",""mem"":""79.58MiB / 122.8GiB""},{""name"":""lab-postgres"",""cpu"":""8.46%"",""mem"":""254.2MiB / 122.8GiB""},{""name"":""lab-mysql"",""cpu"":""2.07%"",""mem"":""722.3MiB / 122.8GiB""},{""name"":""lab-woocommerce-mysql"",""cpu"":""20.29%"",""mem"":""511.7MiB / 122.8GiB""}]"
2026-09-10T13:34:06Z,3,93,1,47,0,2668607155,"[{""name"":""lab-worker-1"",""cpu"":""6.96%"",""mem"":""139.3MiB / 122.8GiB""},{""name"":""lab-api"",""cpu"":""0.00%"",""mem"":""143.4MiB / 122.8GiB""},{""name"":""lab-allegro-stub"",""cpu"":""0.09%"",""mem"":""21.04MiB / 122.8GiB""},{""name"":""lab-erli-stub"",""cpu"":""0.00%"",""mem"":""18.05MiB / 122.8GiB""},{""name"":""lab-eparagony-stub"",""cpu"":""0.00%"",""mem"":""20.37MiB / 122.8GiB""},{""name"":""lab-invoicing-stub"",""cpu"":""0.00%"",""mem"":""16.6MiB / 122.8GiB""},{""name"":""lab-shipping-stub"",""cpu"":""0.00%"",""mem"":""16.58MiB / 122.8GiB""},{""name"":""lab-eparagony-stub-tls"",""cpu"":""0.00%"",""mem"":""23.3MiB / 122.8GiB""},{""name"":""lab-erli-stub-tls"",""cpu"":""0.00%"",""mem"":""22.67MiB / 122.8GiB""},{""name"":""lab-wc-tls"",""cpu"":""0.08%"",""mem"":""28.88MiB / 122.8GiB""},{""name"":""lab-prestashop"",""cpu"":""1.56%"",""mem"":""129MiB / 122.8GiB""},{""name"":""lab-woocommerce"",""cpu"":""17.90%"",""mem"":""302.7MiB / 122.8GiB""},{""name"":""lab-redis"",""cpu"":""0.44%"",""mem"":""79.59MiB / 122.8GiB""},{""name"":""lab-postgres"",""cpu"":""6.53%"",""mem"":""254.5MiB / 122.8GiB""},{""name"":""lab-mysql"",""cpu"":""2.26%"",""mem"":""722.3MiB / 122.8GiB""},{""name"":""lab-woocommerce-mysql"",""cpu"":""21.74%"",""mem"":""512.2MiB / 122.8GiB""}]"
2026-09-10T13:34:06Z,3,93,1,47,0,2668607155,"[{""name"":""lab-worker-1"",""cpu"":""6.96%"",""mem"":""139.3MiB / 122.8GiB""},{""name"":""lab-api"",""cpu"":""0.00%"",""mem"":""143.4MiB / 122.8GiB""},{""name"":""lab-allegro-stub"",""cpu"":""0.09%"",""mem"":""21.04MiB / 122.8GiB""},{""name"":""lab-erli-stub"",""cpu"":""0.00%"",""mem"":""18.05MiB / 122.8GiB""},{""name"":""lab-eparagony-stub"",""cpu"":""0.00%"",""mem"":""20.37MiB / 122.8GiB""},{""name"":""lab-invoicing-stub"",""cpu"":""0.00%"",""mem"":""16.6MiB / 122.8GiB""},{""name"":""lab-shipping-stub"",""cpu"":""0.00%"",""mem"":""16.58MiB / 122.8GiB""},{""name"":""lab-eparagony-stub-tls"",""cpu"":""0.00%"",""mem"":""23.3MiB / 122.8GiB""},{""name"":""lab-erli-stub-tls"",""cpu"":""0.00%"",""mem"":""22.67MiB / 122.8GiB""},{""name"":""lab-wc-tls"",""cpu"":""0.08%"",""mem"":""28.88MiB / 122.8GiB""},{""name"":""lab-prestashop"",""cpu"":""1.56%"",""mem"":""129MiB / 122.8GiB""},{""name"":""lab-woocommerce"",""cpu"":""17.90%"",""mem"":""302.7MiB / 122.8GiB""},{""name"":""lab-redis"",""cpu"":""0.44%"",""mem"":""79.59MiB / 122.8GiB""},{""name"":""lab-postgres"",""cpu"":""6.53%"",""mem"":""254.5MiB / 122.8GiB""},{""name"":""lab-mysql"",""cpu"":""2.26%"",""mem"":""722.3MiB / 122.8GiB""},{""name"":""lab-woocommerce-mysql"",""cpu"":""21.74%"",""mem"":""512.2MiB / 122.8GiB""}]"
2026-09-10T13:34:10Z,4,89,2,47,0,2668615347,"[{""name"":""lab-worker-1"",""cpu"":""7.17%"",""mem"":""139.2MiB / 122.8GiB""},{""name"":""lab-api"",""cpu"":""0.00%"",""mem"":""143.4MiB / 122.8GiB""},{""name"":""lab-allegro-stub"",""cpu"":""0.09%"",""mem"":""21.04MiB / 122.8GiB""},{""name"":""lab-erli-stub"",""cpu"":""0.00%"",""mem"":""18.05MiB / 122.8GiB""},{""name"":""lab-eparagony-stub"",""cpu"":""0.00%"",""mem"":""20.38MiB / 122.8GiB""},{""name"":""lab-invoicing-stub"",""cpu"":""0.00%"",""mem"":""16.6MiB / 122.8GiB""},{""name"":""lab-shipping-stub"",""cpu"":""0.00%"",""mem"":""16.58MiB / 122.8GiB""},{""name"":""lab-eparagony-stub-tls"",""cpu"":""0.00%"",""mem"":""23.3MiB / 122.8GiB""},{""name"":""lab-erli-stub-tls"",""cpu"":""0.00%"",""mem"":""22.67MiB / 122.8GiB""},{""name"":""lab-wc-tls"",""cpu"":""0.07%"",""mem"":""28.88MiB / 122.8GiB""},{""name"":""lab-prestashop"",""cpu"":""6.43%"",""mem"":""127MiB / 122.8GiB""},{""name"":""lab-woocommerce"",""cpu"":""16.75%"",""mem"":""302.5MiB / 122.8GiB""},{""name"":""lab-redis"",""cpu"":""0.44%"",""mem"":""79.85MiB / 122.8GiB""},{""name"":""lab-postgres"",""cpu"":""7.66%"",""mem"":""254.5MiB / 122.8GiB""},{""name"":""lab-mysql"",""cpu"":""2.68%"",""mem"":""722.3MiB / 122.8GiB""},{""name"":""lab-woocommerce-mysql"",""cpu"":""20.44%"",""mem"":""511.9MiB / 122.8GiB""}]"
2026-09-10T13:34:10Z,4,89,2,47,0,2668615347,"[{""name"":""lab-worker-1"",""cpu"":""7.17%"",""mem"":""139.2MiB / 122.8GiB""},{""name"":""lab-api"",""cpu"":""0.00%"",""mem"":""143.4MiB / 122.8GiB""},{""name"":""lab-allegro-stub"",""cpu"":""0.09%"",""mem"":""21.04MiB / 122.8GiB""},{""name"":""lab-erli-stub"",""cpu"":""0.00%"",""mem"":""18.05MiB / 122.8GiB""},{""name"":""lab-eparagony-stub"",""cpu"":""0.00%"",""mem"":""20.38MiB / 122.8GiB""},{""name"":""lab-invoicing-stub"",""cpu"":""0.00%"",""mem"":""16.6MiB / 122.8GiB""},{""name"":""lab-shipping-stub"",""cpu"":""0.00%"",""mem"":""16.58MiB / 122.8GiB""},{""name"":""lab-eparagony-stub-tls"",""cpu"":""0.00%"",""mem"":""23.3MiB / 122.8GiB""},{""name"":""lab-erli-stub-tls"",""cpu"":""0.00%"",""mem"":""22.67MiB / 122.8GiB""},{""name"":""lab-wc-tls"",""cpu"":""0.07%"",""mem"":""28.88MiB / 122.8GiB""},{""name"":""lab-prestashop"",""cpu"":""6.43%"",""mem"":""127MiB / 122.8GiB""},{""name"":""lab-woocommerce"",""cpu"":""16.75%"",""mem"":""302.5MiB / 122.8GiB""},{""name"":""lab-redis"",""cpu"":""0.44%"",""mem"":""79.85MiB / 122.8GiB""},{""name"":""lab-postgres"",""cpu"":""7.66%"",""mem"":""254.5MiB / 122.8GiB""},{""name"":""lab-mysql"",""cpu"":""2.68%"",""mem"":""722.3MiB / 122.8GiB""},{""name"":""lab-woocommerce-mysql"",""cpu"":""22.56%"",""mem"":""511.9MiB / 122.8GiB""}]"
2026-09-10T13:34:13Z,4,86,2,47,0,2669024947,"[{""name"":""lab-worker-1"",""cpu"":""8.24%"",""mem"":""139.5MiB / 122.8GiB""},{""name"":""lab-api"",""cpu"":""0.00%"",""mem"":""143.4MiB / 122.8GiB""},{""name"":""lab-allegro-stub"",""cpu"":""4.09%"",""mem"":""21.05MiB / 122.8GiB""},{""name"":""lab-erli-stub"",""cpu"":""0.01%"",""mem"":""18.05MiB / 122.8GiB""},{""name"":""lab-eparagony-stub"",""cpu"":""0.00%"",""mem"":""20.37MiB / 122.8GiB""},{""name"":""lab-invoicing-stub"",""cpu"":""4.60%"",""mem"":""16.63MiB / 122.8GiB""},{""name"":""lab-shipping-stub"",""cpu"":""4.01%"",""mem"":""16.61MiB / 122.8GiB""},{""name"":""lab-eparagony-stub-tls"",""cpu"":""0.00%"",""mem"":""23.3MiB / 122.8GiB""},{""name"":""lab-erli-stub-tls"",""cpu"":""0.00%"",""mem"":""22.67MiB / 122.8GiB""},{""name"":""lab-wc-tls"",""cpu"":""0.08%"",""mem"":""28.88MiB / 122.8GiB""},{""name"":""lab-prestashop"",""cpu"":""1.52%"",""mem"":""127.2MiB / 122.8GiB""},{""name"":""lab-woocommerce"",""cpu"":""17.68%"",""mem"":""302.5MiB / 122.8GiB""},{""name"":""lab-redis"",""cpu"":""0.46%"",""mem"":""79.59MiB / 122.8GiB""},{""name"":""lab-postgres"",""cpu"":""9.06%"",""mem"":""254.4MiB / 122.8GiB""},{""name"":""lab-mysql"",""cpu"":""2.17%"",""mem"":""722.3MiB / 122.8GiB""},{""name"":""lab-woocommerce-mysql"",""cpu"":""21.76%"",""mem"":""511.9MiB / 122.8GiB""}]"
2026-09-10T13:34:13Z,4,86,2,47,0,2669024947,"[{""name"":""lab-worker-1"",""cpu"":""8.24%"",""mem"":""139.5MiB / 122.8GiB""},{""name"":""lab-api"",""cpu"":""0.00%"",""mem"":""143.4MiB / 122.8GiB""},{""name"":""lab-allegro-stub"",""cpu"":""4.09%"",""mem"":""21.05MiB / 122.8GiB""},{""name"":""lab-erli-stub"",""cpu"":""0.01%"",""mem"":""18.05MiB / 122.8GiB""},{""name"":""lab-eparagony-stub"",""cpu"":""0.00%"",""mem"":""20.37MiB / 122.8GiB""},{""name"":""lab-invoicing-stub"",""cpu"":""4.60%"",""mem"":""16.63MiB / 122.8GiB""},{""name"":""lab-shipping-stub"",""cpu"":""4.01%"",""mem"":""16.61MiB / 122.8GiB""},{""name"":""lab-eparagony-stub-tls"",""cpu"":""0.00%"",""mem"":""23.3MiB / 122.8GiB""},{""name"":""lab-erli-stub-tls"",""cpu"":""0.00%"",""mem"":""22.67MiB / 122.8GiB""},{""name"":""lab-wc-tls"",""cpu"":""0.08%"",""mem"":""28.88MiB / 122.8GiB""},{""name"":""lab-prestashop"",""cpu"":""1.52%"",""mem"":""127.2MiB / 122.8GiB""},{""name"":""lab-woocommerce"",""cpu"":""17.68%"",""mem"":""302.5MiB / 122.8GiB""},{""name"":""lab-redis"",""cpu"":""0.46%"",""mem"":""79.59MiB / 122.8GiB""},{""name"":""lab-postgres"",""cpu"":""9.06%"",""mem"":""254.4MiB / 122.8GiB""},{""name"":""lab-mysql"",""cpu"":""2.17%"",""mem"":""722.3MiB / 122.8GiB""},{""name"":""lab-woocommerce-mysql"",""cpu"":""21.76%"",""mem"":""511.9MiB / 122.8GiB""}]"
2026-09-10T13:34:17Z,3,82,1,47,0,2669024947,"[{""name"":""lab-worker-1"",""cpu"":""11.87%"",""mem"":""139.9MiB / 122.8GiB""},{""name"":""lab-api"",""cpu"":""0.00%"",""mem"":""143.4MiB / 122.8GiB""},{""name"":""lab-allegro-stub"",""cpu"":""0.09%"",""mem"":""21.04MiB / 122.8GiB""},{""name"":""lab-erli-stub"",""cpu"":""4.01%"",""mem"":""18.09MiB / 122.8GiB""},{""name"":""lab-eparagony-stub"",""cpu"":""4.07%"",""mem"":""20.38MiB / 122.8GiB""},{""name"":""lab-invoicing-stub"",""cpu"":""0.00%"",""mem"":""16.6MiB / 122.8GiB""},{""name"":""lab-shipping-stub"",""cpu"":""0.00%"",""mem"":""16.58MiB / 122.8GiB""},{""name"":""lab-eparagony-stub-tls"",""cpu"":""0.00%"",""mem"":""23.3MiB / 122.8GiB""},{""name"":""lab-erli-stub-tls"",""cpu"":""0.00%"",""mem"":""22.67MiB / 122.8GiB""},{""name"":""lab-wc-tls"",""cpu"":""0.08%"",""mem"":""28.88MiB / 122.8GiB""},{""name"":""lab-prestashop"",""cpu"":""1.34%"",""mem"":""127MiB / 122.8GiB""},{""name"":""lab-woocommerce"",""cpu"":""16.30%"",""mem"":""302.5MiB / 122.8GiB""},{""name"":""lab-redis"",""cpu"":""0.48%"",""mem"":""79.6MiB / 122.8GiB""},{""name"":""lab-postgres"",""cpu"":""7.13%"",""mem"":""254.6MiB / 122.8GiB""},{""name"":""lab-mysql"",""cpu"":""2.88%"",""mem"":""722.5MiB / 122.8GiB""},{""name"":""lab-woocommerce-mysql"",""cpu"":""22.56%"",""mem"":""511.7MiB / 122.8GiB""}]"
2026-09-10T13:34:17Z,3,82,1,47,0,2669024947,"[{""name"":""lab-worker-1"",""cpu"":""11.87%"",""mem"":""139.9MiB / 122.8GiB""},{""name"":""lab-api"",""cpu"":""0.00%"",""mem"":""143.4MiB / 122.8GiB""},{""name"":""lab-allegro-stub"",""cpu"":""0.09%"",""mem"":""21.04MiB / 122.8GiB""},{""name"":""lab-erli-stub"",""cpu"":""4.01%"",""mem"":""18.09MiB / 122.8GiB""},{""name"":""lab-eparagony-stub"",""cpu"":""4.07%"",""mem"":""20.38MiB / 122.8GiB""},{""name"":""lab-invoicing-stub"",""cpu"":""0.00%"",""mem"":""16.6MiB / 122.8GiB""},{""name"":""lab-shipping-stub"",""cpu"":""0.00%"",""mem"":""16.58MiB / 122.8GiB""},{""name"":""lab-eparagony-stub-tls"",""cpu"":""0.00%"",""mem"":""23.3MiB / 122.8GiB""},{""name"":""lab-erli-stub-tls"",""cpu"":""0.00%"",""mem"":""22.67MiB / 122.8GiB""},{""name"":""lab-wc-tls"",""cpu"":""0.08%"",""mem"":""28.88MiB / 122.8GiB""},{""name"":""lab-prestashop"",""cpu"":""1.34%"",""mem"":""127MiB / 122.8GiB""},{""name"":""lab-woocommerce"",""cpu"":""16.30%"",""mem"":""302.5MiB / 122.8GiB""},{""name"":""lab-redis"",""cpu"":""0.48%"",""mem"":""79.6MiB / 122.8GiB""},{""name"":""lab-postgres"",""cpu"":""7.13%"",""mem"":""254.6MiB / 122.8GiB""},{""name"":""lab-mysql"",""cpu"":""2.88%"",""mem"":""722.5MiB / 122.8GiB""},{""name"":""lab-woocommerce-mysql"",""cpu"":""22.56%"",""mem"":""511.7MiB / 122.8GiB""}]"
2026-09-10T13:34:21Z,4,78,2,47,0,2669024947,"[{""name"":""lab-worker-1"",""cpu"":""8.78%"",""mem"":""139.1MiB / 122.8GiB""},{""name"":""lab-api"",""cpu"":""0.01%"",""mem"":""143.4MiB / 122.8GiB""},{""name"":""lab-allegro-stub"",""cpu"":""0.09%"",""mem"":""21.04MiB / 122.8GiB""},{""name"":""lab-erli-stub"",""cpu"":""0.00%"",""mem"":""18.04MiB / 122.8GiB""},{""name"":""lab-eparagony-stub"",""cpu"":""0.00%"",""mem"":""20.37MiB / 122.8GiB""},{""name"":""lab-invoicing-stub"",""cpu"":""0.00%"",""mem"":""16.6MiB / 122.8GiB""},{""name"":""lab-shipping-stub"",""cpu"":""0.00%"",""mem"":""16.58MiB / 122.8GiB""},{""name"":""lab-eparagony-stub-tls"",""cpu"":""0.00%"",""mem"":""23.3MiB / 122.8GiB""},{""name"":""lab-erli-stub-tls"",""cpu"":""0.00%"",""mem"":""22.67MiB / 122.8GiB""},{""name"":""lab-wc-tls"",""cpu"":""0.07%"",""mem"":""28.88MiB / 122.8GiB""},{""name"":""lab-prestashop"",""cpu"":""1.56%"",""mem"":""127MiB / 122.8GiB""},{""name"":""lab-woocommerce"",""cpu"":""16.87%"",""mem"":""302.5MiB / 122.8GiB""},{""name"":""lab-redis"",""cpu"":""0.48%"",""mem"":""79.61MiB / 122.8GiB""},{""name"":""lab-postgres"",""cpu"":""11.86%"",""mem"":""254.7MiB / 122.8GiB""},{""name"":""lab-mysql"",""cpu"":""6.62%"",""mem"":""722.3MiB / 122.8GiB""},{""name"":""lab-woocommerce-mysql"",""cpu"":""20.55%"",""mem"":""511.7MiB / 122.8GiB""}]"
2026-09-10T13:34:21Z,4,78,2,47,0,2669024947,"[{""name"":""lab-worker-1"",""cpu"":""8.78%"",""mem"":""139.1MiB / 122.8GiB""},{""name"":""lab-api"",""cpu"":""0.01%"",""mem"":""143.4MiB / 122.8GiB""},{""name"":""lab-allegro-stub"",""cpu"":""0.09%"",""mem"":""21.04MiB / 122.8GiB""},{""name"":""lab-erli-stub"",""cpu"":""0.00%"",""mem"":""18.04MiB / 122.8GiB""},{""name"":""lab-eparagony-stub"",""cpu"":""0.00%"",""mem"":""20.37MiB / 122.8GiB""},{""name"":""lab-invoicing-stub"",""cpu"":""0.00%"",""mem"":""16.6MiB / 122.8GiB""},{""name"":""lab-shipping-stub"",""cpu"":""0.00%"",""mem"":""16.58MiB / 122.8GiB""},{""name"":""lab-eparagony-stub-tls"",""cpu"":""0.00%"",""mem"":""23.3MiB / 122.8GiB""},{""name"":""lab-erli-stub-tls"",""cpu"":""0.00%"",""mem"":""22.67MiB / 122.8GiB""},{""name"":""lab-wc-tls"",""cpu"":""0.07%"",""mem"":""28.88MiB / 122.8GiB""},{""name"":""lab-prestashop"",""cpu"":""1.56%"",""mem"":""127MiB / 122.8GiB""},{""name"":""lab-woocommerce"",""cpu"":""16.87%"",""mem"":""302.5MiB / 122.8GiB""},{""name"":""lab-redis"",""cpu"":""0.48%"",""mem"":""79.61MiB / 122.8GiB""},{""name"":""lab-postgres"",""cpu"":""11.86%"",""mem"":""254.7MiB / 122.8GiB""},{""name"":""lab-mysql"",""cpu"":""6.62%"",""mem"":""722.3MiB / 122.8GiB""},{""name"":""lab-woocommerce-mysql"",""cpu"":""21.63%"",""mem"":""511.9MiB / 122.8GiB""}]"
2026-09-10T13:34:25Z,4,76,1,47,0,2669033139,"[{""name"":""lab-worker-1"",""cpu"":""4.24%"",""mem"":""139.1MiB / 122.8GiB""},{""name"":""lab-api"",""cpu"":""0.00%"",""mem"":""143.5MiB / 122.8GiB""},{""name"":""lab-allegro-stub"",""cpu"":""0.07%"",""mem"":""21.05MiB / 122.8GiB""},{""name"":""lab-erli-stub"",""cpu"":""0.00%"",""mem"":""18.04MiB / 122.8GiB""},{""name"":""lab-eparagony-stub"",""cpu"":""0.00%"",""mem"":""20.37MiB / 122.8GiB""},{""name"":""lab-invoicing-stub"",""cpu"":""0.01%"",""mem"":""16.61MiB / 122.8GiB""},{""name"":""lab-shipping-stub"",""cpu"":""0.01%"",""mem"":""16.58MiB / 122.8GiB""},{""name"":""lab-eparagony-stub-tls"",""cpu"":""0.00%"",""mem"":""23.3MiB / 122.8GiB""},{""name"":""lab-erli-stub-tls"",""cpu"":""0.00%"",""mem"":""22.67MiB / 122.8GiB""},{""name"":""lab-wc-tls"",""cpu"":""0.04%"",""mem"":""28.88MiB / 122.8GiB""},{""name"":""lab-prestashop"",""cpu"":""0.01%"",""mem"":""127MiB / 122.8GiB""},{""name"":""lab-woocommerce"",""cpu"":""5.20%"",""mem"":""302.5MiB / 122.8GiB""},{""name"":""lab-redis"",""cpu"":""0.31%"",""mem"":""79.59MiB / 122.8GiB""},{""name"":""lab-postgres"",""cpu"":""6.79%"",""mem"":""254.6MiB / 122.8GiB""},{""name"":""lab-mysql"",""cpu"":""0.76%"",""mem"":""722.3MiB / 122.8GiB""},{""name"":""lab-woocommerce-mysql"",""cpu"":""7.50%"",""mem"":""512MiB / 122.8GiB""}]"
2026-09-10T13:34:25Z,4,76,1,47,0,2669033139,"[{""name"":""lab-worker-1"",""cpu"":""4.24%"",""mem"":""139.1MiB / 122.8GiB""},{""name"":""lab-api"",""cpu"":""0.00%"",""mem"":""143.5MiB / 122.8GiB""},{""name"":""lab-allegro-stub"",""cpu"":""0.07%"",""mem"":""21.05MiB / 122.8GiB""},{""name"":""lab-erli-stub"",""cpu"":""0.00%"",""mem"":""18.04MiB / 122.8GiB""},{""name"":""lab-eparagony-stub"",""cpu"":""0.00%"",""mem"":""20.37MiB / 122.8GiB""},{""name"":""lab-invoicing-stub"",""cpu"":""0.01%"",""mem"":""16.61MiB / 122.8GiB""},{""name"":""lab-shipping-stub"",""cpu"":""0.01%"",""mem"":""16.58MiB / 122.8GiB""},{""name"":""lab-eparagony-stub-tls"",""cpu"":""0.00%"",""mem"":""23.3MiB / 122.8GiB""},{""name"":""lab-erli-stub-tls"",""cpu"":""0.00%"",""mem"":""22.67MiB / 122.8GiB""},{""name"":""lab-wc-tls"",""cpu"":""0.04%"",""mem"":""28.88MiB / 122.8GiB""},{""name"":""lab-prestashop"",""cpu"":""0.01%"",""mem"":""127MiB / 122.8GiB""},{""name"":""lab-woocommerce"",""cpu"":""5.20%"",""mem"":""302.5MiB / 122.8GiB""},{""name"":""lab-redis"",""cpu"":""0.31%"",""mem"":""79.59MiB / 122.8GiB""},{""name"":""lab-postgres"",""cpu"":""6.79%"",""mem"":""254.6MiB / 122.8GiB""},{""name"":""lab-mysql"",""cpu"":""0.76%"",""mem"":""722.3MiB / 122.8GiB""},{""name"":""lab-woocommerce-mysql"",""cpu"":""7.50%"",""mem"":""512MiB / 122.8GiB""}]"
2026-09-10T13:34:28Z,4,71,2,47,0,2669041331,"[{""name"":""lab-worker-1"",""cpu"":""8.53%"",""mem"":""139.4MiB / 122.8GiB""},{""name"":""lab-api"",""cpu"":""0.01%"",""mem"":""143.5MiB / 122.8GiB""},{""name"":""lab-allegro-stub"",""cpu"":""4.00%"",""mem"":""21.06MiB / 122.8GiB""},{""name"":""lab-erli-stub"",""cpu"":""0.01%"",""mem"":""18.06MiB / 122.8GiB""},{""name"":""lab-eparagony-stub"",""cpu"":""0.01%"",""mem"":""20.37MiB / 122.8GiB""},{""name"":""lab-invoicing-stub"",""cpu"":""4.00%"",""mem"":""16.62MiB / 122.8GiB""},{""name"":""lab-shipping-stub"",""cpu"":""3.99%"",""mem"":""16.61MiB / 122.8GiB""},{""name"":""lab-eparagony-stub-tls"",""cpu"":""0.00%"",""mem"":""23.3MiB / 122.8GiB""},{""name"":""lab-erli-stub-tls"",""cpu"":""0.00%"",""mem"":""22.67MiB / 122.8GiB""},{""name"":""lab-wc-tls"",""cpu"":""0.07%"",""mem"":""28.88MiB / 122.8GiB""},{""name"":""lab-prestashop"",""cpu"":""1.65%"",""mem"":""127MiB / 122.8GiB""},{""name"":""lab-woocommerce"",""cpu"":""18.08%"",""mem"":""302.5MiB / 122.8GiB""},{""name"":""lab-redis"",""cpu"":""0.47%"",""mem"":""79.85MiB / 122.8GiB""},{""name"":""lab-postgres"",""cpu"":""8.10%"",""mem"":""251.4MiB / 122.8GiB""},{""name"":""lab-mysql"",""cpu"":""1.83%"",""mem"":""722.3MiB / 122.8GiB""},{""name"":""lab-woocommerce-mysql"",""cpu"":""22.12%"",""mem"":""511.9MiB / 122.8GiB""}]"
2026-09-10T13:34:28Z,4,71,2,47,0,2669041331,"[{""name"":""lab-worker-1"",""cpu"":""8.53%"",""mem"":""139.4MiB / 122.8GiB""},{""name"":""lab-api"",""cpu"":""0.01%"",""mem"":""143.5MiB / 122.8GiB""},{""name"":""lab-allegro-stub"",""cpu"":""4.00%"",""mem"":""21.06MiB / 122.8GiB""},{""name"":""lab-erli-stub"",""cpu"":""0.01%"",""mem"":""18.06MiB / 122.8GiB""},{""name"":""lab-eparagony-stub"",""cpu"":""0.01%"",""mem"":""20.37MiB / 122.8GiB""},{""name"":""lab-invoicing-stub"",""cpu"":""4.00%"",""mem"":""16.62MiB / 122.8GiB""},{""name"":""lab-shipping-stub"",""cpu"":""3.99%"",""mem"":""16.61MiB / 122.8GiB""},{""name"":""lab-eparagony-stub-tls"",""cpu"":""0.00%"",""mem"":""23.3MiB / 122.8GiB""},{""name"":""lab-erli-stub-tls"",""cpu"":""0.00%"",""mem"":""22.67MiB / 122.8GiB""},{""name"":""lab-wc-tls"",""cpu"":""0.07%"",""mem"":""28.88MiB / 122.8GiB""},{""name"":""lab-prestashop"",""cpu"":""1.65%"",""mem"":""127MiB / 122.8GiB""},{""name"":""lab-woocommerce"",""cpu"":""18.08%"",""mem"":""302.5MiB / 122.8GiB""},{""name"":""lab-redis"",""cpu"":""0.47%"",""mem"":""79.85MiB / 122.8GiB""},{""name"":""lab-postgres"",""cpu"":""8.10%"",""mem"":""251.4MiB / 122.8GiB""},{""name"":""lab-mysql"",""cpu"":""1.83%"",""mem"":""722.3MiB / 122.8GiB""},{""name"":""lab-woocommerce-mysql"",""cpu"":""21.98%"",""mem"":""511.7MiB / 122.8GiB""}]"
2026-09-10T13:34:32Z,3,68,2,47,0,2669057715,"[{""name"":""lab-worker-1"",""cpu"":""5.39%"",""mem"":""139.6MiB / 122.8GiB""},{""name"":""lab-api"",""cpu"":""0.60%"",""mem"":""143.6MiB / 122.8GiB""},{""name"":""lab-allegro-stub"",""cpu"":""0.16%"",""mem"":""21.05MiB / 122.8GiB""},{""name"":""lab-erli-stub"",""cpu"":""0.00%"",""mem"":""18.04MiB / 122.8GiB""},{""name"":""lab-eparagony-stub"",""cpu"":""3.93%"",""mem"":""20.43MiB / 122.8GiB""},{""name"":""lab-invoicing-stub"",""cpu"":""0.00%"",""mem"":""16.6MiB / 122.8GiB""},{""name"":""lab-shipping-stub"",""cpu"":""0.00%"",""mem"":""16.58MiB / 122.8GiB""},{""name"":""lab-eparagony-stub-tls"",""cpu"":""0.00%"",""mem"":""23.3MiB / 122.8GiB""},{""name"":""lab-erli-stub-tls"",""cpu"":""0.00%"",""mem"":""22.67MiB / 122.8GiB""},{""name"":""lab-wc-tls"",""cpu"":""0.04%"",""mem"":""29.33MiB / 122.8GiB""},{""name"":""lab-prestashop"",""cpu"":""0.01%"",""mem"":""127MiB / 122.8GiB""},{""name"":""lab-woocommerce"",""cpu"":""8.98%"",""mem"":""300.5MiB / 122.8GiB""},{""name"":""lab-redis"",""cpu"":""0.46%"",""mem"":""79.6MiB / 122.8GiB""},{""name"":""lab-postgres"",""cpu"":""7.26%"",""mem"":""251.2MiB / 122.8GiB""},{""name"":""lab-mysql"",""cpu"":""0.95%"",""mem"":""722.3MiB / 122.8GiB""},{""name"":""lab-woocommerce-mysql"",""cpu"":""12.49%"",""mem"":""512MiB / 122.8GiB""}]"
2026-09-10T13:34:32Z,3,68,2,47,0,2669057715,"[{""name"":""lab-worker-1"",""cpu"":""5.39%"",""mem"":""139.6MiB / 122.8GiB""},{""name"":""lab-api"",""cpu"":""0.60%"",""mem"":""143.6MiB / 122.8GiB""},{""name"":""lab-allegro-stub"",""cpu"":""0.16%"",""mem"":""21.05MiB / 122.8GiB""},{""name"":""lab-erli-stub"",""cpu"":""0.00%"",""mem"":""18.04MiB / 122.8GiB""},{""name"":""lab-eparagony-stub"",""cpu"":""3.93%"",""mem"":""20.43MiB / 122.8GiB""},{""name"":""lab-invoicing-stub"",""cpu"":""0.00%"",""mem"":""16.6MiB / 122.8GiB""},{""name"":""lab-shipping-stub"",""cpu"":""0.00%"",""mem"":""16.58MiB / 122.8GiB""},{""name"":""lab-eparagony-stub-tls"",""cpu"":""0.00%"",""mem"":""23.3MiB / 122.8GiB""},{""name"":""lab-erli-stub-tls"",""cpu"":""0.00%"",""mem"":""22.67MiB / 122.8GiB""},{""name"":""lab-wc-tls"",""cpu"":""0.04%"",""mem"":""29.33MiB / 122.8GiB""},{""name"":""lab-prestashop"",""cpu"":""0.01%"",""mem"":""127MiB / 122.8GiB""},{""name"":""lab-woocommerce"",""cpu"":""8.98%"",""mem"":""300.5MiB / 122.8GiB""},{""name"":""lab-redis"",""cpu"":""0.46%"",""mem"":""79.6MiB / 122.8GiB""},{""name"":""lab-postgres"",""cpu"":""7.26%"",""mem"":""251.2MiB / 122.8GiB""},{""name"":""lab-mysql"",""cpu"":""0.95%"",""mem"":""722.3MiB / 122.8GiB""},{""name"":""lab-woocommerce-mysql"",""cpu"":""42.62%"",""mem"":""511.7MiB / 122.8GiB""}]"
2026-09-10T13:34:36Z,4,65,2,47,0,2669065907,"[{""name"":""lab-worker-1"",""cpu"":""10.14%"",""mem"":""139.7MiB / 122.8GiB""},{""name"":""lab-api"",""cpu"":""0.00%"",""mem"":""143.6MiB / 122.8GiB""},{""name"":""lab-allegro-stub"",""cpu"":""0.13%"",""mem"":""21.04MiB / 122.8GiB""},{""name"":""lab-erli-stub"",""cpu"":""0.00%"",""mem"":""18.05MiB / 122.8GiB""},{""name"":""lab-eparagony-stub"",""cpu"":""0.00%"",""mem"":""20.37MiB / 122.8GiB""},{""name"":""lab-invoicing-stub"",""cpu"":""0.00%"",""mem"":""16.6MiB / 122.8GiB""},{""name"":""lab-shipping-stub"",""cpu"":""0.00%"",""mem"":""16.58MiB / 122.8GiB""},{""name"":""lab-eparagony-stub-tls"",""cpu"":""0.00%"",""mem"":""23.3MiB / 122.8GiB""},{""name"":""lab-erli-stub-tls"",""cpu"":""0.00%"",""mem"":""22.67MiB / 122.8GiB""},{""name"":""lab-wc-tls"",""cpu"":""0.07%"",""mem"":""29.3MiB / 122.8GiB""},{""name"":""lab-prestashop"",""cpu"":""1.61%"",""mem"":""127MiB / 122.8GiB""},{""name"":""lab-woocommerce"",""cpu"":""17.22%"",""mem"":""300.5MiB / 122.8GiB""},{""name"":""lab-redis"",""cpu"":""0.48%"",""mem"":""79.61MiB / 122.8GiB""},{""name"":""lab-postgres"",""cpu"":""8.86%"",""mem"":""253.6MiB / 122.8GiB""},{""name"":""lab-mysql"",""cpu"":""2.11%"",""mem"":""722.3MiB / 122.8GiB""},{""name"":""lab-woocommerce-mysql"",""cpu"":""21.58%"",""mem"":""511.7MiB / 122.8GiB""}]"
2026-09-10T13:34:36Z,4,65,1,47,0,2669065907,"[{""name"":""lab-worker-1"",""cpu"":""10.14%"",""mem"":""139.7MiB / 122.8GiB""},{""name"":""lab-api"",""cpu"":""0.00%"",""mem"":""143.6MiB / 122.8GiB""},{""name"":""lab-allegro-stub"",""cpu"":""0.13%"",""mem"":""21.04MiB / 122.8GiB""},{""name"":""lab-erli-stub"",""cpu"":""0.00%"",""mem"":""18.05MiB / 122.8GiB""},{""name"":""lab-eparagony-stub"",""cpu"":""0.00%"",""mem"":""20.37MiB / 122.8GiB""},{""name"":""lab-invoicing-stub"",""cpu"":""0.00%"",""mem"":""16.6MiB / 122.8GiB""},{""name"":""lab-shipping-stub"",""cpu"":""0.00%"",""mem"":""16.58MiB / 122.8GiB""},{""name"":""lab-eparagony-stub-tls"",""cpu"":""0.00%"",""mem"":""23.3MiB / 122.8GiB""},{""name"":""lab-erli-stub-tls"",""cpu"":""0.00%"",""mem"":""22.67MiB / 122.8GiB""},{""name"":""lab-wc-tls"",""cpu"":""0.07%"",""mem"":""29.3MiB / 122.8GiB""},{""name"":""lab-prestashop"",""cpu"":""1.61%"",""mem"":""127MiB / 122.8GiB""},{""name"":""lab-woocommerce"",""cpu"":""17.22%"",""mem"":""300.5MiB / 122.8GiB""},{""name"":""lab-redis"",""cpu"":""0.48%"",""mem"":""79.61MiB / 122.8GiB""},{""name"":""lab-postgres"",""cpu"":""8.86%"",""mem"":""253.6MiB / 122.8GiB""},{""name"":""lab-mysql"",""cpu"":""2.11%"",""mem"":""722.3MiB / 122.8GiB""},{""name"":""lab-woocommerce-mysql"",""cpu"":""21.58%"",""mem"":""511.7MiB / 122.8GiB""}]"
2026-09-10T13:34:39Z,4,61,2,47,0,2669074099,"[{""name"":""lab-worker-1"",""cpu"":""7.96%"",""mem"":""139.8MiB / 122.8GiB""},{""name"":""lab-api"",""cpu"":""0.00%"",""mem"":""143.6MiB / 122.8GiB""},{""name"":""lab-allegro-stub"",""cpu"":""0.09%"",""mem"":""21.05MiB / 122.8GiB""},{""name"":""lab-erli-stub"",""cpu"":""0.00%"",""mem"":""18.05MiB / 122.8GiB""},{""name"":""lab-eparagony-stub"",""cpu"":""0.00%"",""mem"":""20.37MiB / 122.8GiB""},{""name"":""lab-invoicing-stub"",""cpu"":""0.01%"",""mem"":""16.6MiB / 122.8GiB""},{""name"":""lab-shipping-stub"",""cpu"":""0.01%"",""mem"":""16.58MiB / 122.8GiB""},{""name"":""lab-eparagony-stub-tls"",""cpu"":""0.00%"",""mem"":""23.3MiB / 122.8GiB""},{""name"":""lab-erli-stub-tls"",""cpu"":""0.00%"",""mem"":""22.67MiB / 122.8GiB""},{""name"":""lab-wc-tls"",""cpu"":""0.07%"",""mem"":""29.55MiB / 122.8GiB""},{""name"":""lab-prestashop"",""cpu"":""1.61%"",""mem"":""127MiB / 122.8GiB""},{""name"":""lab-woocommerce"",""cpu"":""21.11%"",""mem"":""300.9MiB / 122.8GiB""},{""name"":""lab-redis"",""cpu"":""4.75%"",""mem"":""79.67MiB / 122.8GiB""},{""name"":""lab-postgres"",""cpu"":""7.66%"",""mem"":""254.6MiB / 122.8GiB""},{""name"":""lab-mysql"",""cpu"":""2.17%"",""mem"":""722.3MiB / 122.8GiB""},{""name"":""lab-woocommerce-mysql"",""cpu"":""21.20%"",""mem"":""511.7MiB / 122.8GiB""}]"
2026-09-10T13:34:39Z,4,61,2,47,0,2669074099,"[{""name"":""lab-worker-1"",""cpu"":""7.57%"",""mem"":""139.3MiB / 122.8GiB""},{""name"":""lab-api"",""cpu"":""0.00%"",""mem"":""143.6MiB / 122.8GiB""},{""name"":""lab-allegro-stub"",""cpu"":""0.09%"",""mem"":""21.05MiB / 122.8GiB""},{""name"":""lab-erli-stub"",""cpu"":""0.00%"",""mem"":""18.05MiB / 122.8GiB""},{""name"":""lab-eparagony-stub"",""cpu"":""0.00%"",""mem"":""20.37MiB / 122.8GiB""},{""name"":""lab-invoicing-stub"",""cpu"":""0.01%"",""mem"":""16.6MiB / 122.8GiB""},{""name"":""lab-shipping-stub"",""cpu"":""0.01%"",""mem"":""16.58MiB / 122.8GiB""},{""name"":""lab-eparagony-stub-tls"",""cpu"":""0.00%"",""mem"":""23.3MiB / 122.8GiB""},{""name"":""lab-erli-stub-tls"",""cpu"":""0.00%"",""mem"":""22.67MiB / 122.8GiB""},{""name"":""lab-wc-tls"",""cpu"":""0.07%"",""mem"":""29.55MiB / 122.8GiB""},{""name"":""lab-prestashop"",""cpu"":""1.61%"",""mem"":""127MiB / 122.8GiB""},{""name"":""lab-woocommerce"",""cpu"":""21.11%"",""mem"":""300.9MiB / 122.8GiB""},{""name"":""lab-redis"",""cpu"":""4.75%"",""mem"":""79.67MiB / 122.8GiB""},{""name"":""lab-postgres"",""cpu"":""7.66%"",""mem"":""254.6MiB / 122.8GiB""},{""name"":""lab-mysql"",""cpu"":""2.17%"",""mem"":""722.3MiB / 122.8GiB""},{""name"":""lab-woocommerce-mysql"",""cpu"":""21.20%"",""mem"":""511.7MiB / 122.8GiB""}]"
2026-09-10T13:34:43Z,3,58,1,47,0,2669074099,"[{""name"":""lab-worker-1"",""cpu"":""7.62%"",""mem"":""139.4MiB / 122.8GiB""},{""name"":""lab-api"",""cpu"":""0.00%"",""mem"":""143.7MiB / 122.8GiB""},{""name"":""lab-allegro-stub"",""cpu"":""0.14%"",""mem"":""21.05MiB / 122.8GiB""},{""name"":""lab-erli-stub"",""cpu"":""4.26%"",""mem"":""18.3MiB / 122.8GiB""},{""name"":""lab-eparagony-stub"",""cpu"":""0.01%"",""mem"":""20.39MiB / 122.8GiB""},{""name"":""lab-invoicing-stub"",""cpu"":""0.00%"",""mem"":""16.6MiB / 122.8GiB""},{""name"":""lab-shipping-stub"",""cpu"":""0.00%"",""mem"":""16.58MiB / 122.8GiB""},{""name"":""lab-eparagony-stub-tls"",""cpu"":""0.00%"",""mem"":""23.3MiB / 122.8GiB""},{""name"":""lab-erli-stub-tls"",""cpu"":""0.00%"",""mem"":""22.67MiB / 122.8GiB""},{""name"":""lab-wc-tls"",""cpu"":""0.07%"",""mem"":""29.3MiB / 122.8GiB""},{""name"":""lab-prestashop"",""cpu"":""1.55%"",""mem"":""127MiB / 122.8GiB""},{""name"":""lab-woocommerce"",""cpu"":""17.95%"",""mem"":""300.8MiB / 122.8GiB""},{""name"":""lab-redis"",""cpu"":""0.48%"",""mem"":""79.85MiB / 122.8GiB""},{""name"":""lab-postgres"",""cpu"":""9.06%"",""mem"":""254.9MiB / 122.8GiB""},{""name"":""lab-mysql"",""cpu"":""2.21%"",""mem"":""722.3MiB / 122.8GiB""},{""name"":""lab-woocommerce-mysql"",""cpu"":""20.42%"",""mem"":""512MiB / 122.8GiB""}]"
2026-09-10T13:34:43Z,3,58,1,47,0,2669074099,"[{""name"":""lab-worker-1"",""cpu"":""7.62%"",""mem"":""139.4MiB / 122.8GiB""},{""name"":""lab-api"",""cpu"":""0.00%"",""mem"":""143.7MiB / 122.8GiB""},{""name"":""lab-allegro-stub"",""cpu"":""0.14%"",""mem"":""21.05MiB / 122.8GiB""},{""name"":""lab-erli-stub"",""cpu"":""4.26%"",""mem"":""18.3MiB / 122.8GiB""},{""name"":""lab-eparagony-stub"",""cpu"":""0.01%"",""mem"":""20.39MiB / 122.8GiB""},{""name"":""lab-invoicing-stub"",""cpu"":""0.00%"",""mem"":""16.6MiB / 122.8GiB""},{""name"":""lab-shipping-stub"",""cpu"":""0.00%"",""mem"":""16.58MiB / 122.8GiB""},{""name"":""lab-eparagony-stub-tls"",""cpu"":""0.00%"",""mem"":""23.3MiB / 122.8GiB""},{""name"":""lab-erli-stub-tls"",""cpu"":""0.00%"",""mem"":""22.67MiB / 122.8GiB""},{""name"":""lab-wc-tls"",""cpu"":""0.07%"",""mem"":""29.3MiB / 122.8GiB""},{""name"":""lab-prestashop"",""cpu"":""1.55%"",""mem"":""127MiB / 122.8GiB""},{""name"":""lab-woocommerce"",""cpu"":""17.95%"",""mem"":""300.8MiB / 122.8GiB""},{""name"":""lab-redis"",""cpu"":""0.48%"",""mem"":""79.85MiB / 122.8GiB""},{""name"":""lab-postgres"",""cpu"":""9.06%"",""mem"":""254.9MiB / 122.8GiB""},{""name"":""lab-mysql"",""cpu"":""2.21%"",""mem"":""722.3MiB / 122.8GiB""},{""name"":""lab-woocommerce-mysql"",""cpu"":""19.82%"",""mem"":""512MiB / 122.8GiB""}]"
2026-09-10T13:34:47Z,4,54,2,47,0,2669082291,"[{""name"":""lab-worker-1"",""cpu"":""7.94%"",""mem"":""139.4MiB / 122.8GiB""},{""name"":""lab-api"",""cpu"":""0.00%"",""mem"":""143.7MiB / 122.8GiB""},{""name"":""lab-allegro-stub"",""cpu"":""0.08%"",""mem"":""21.05MiB / 122.8GiB""},{""name"":""lab-erli-stub"",""cpu"":""0.00%"",""mem"":""18.04MiB / 122.8GiB""},{""name"":""lab-eparagony-stub"",""cpu"":""0.00%"",""mem"":""20.37MiB / 122.8GiB""},{""name"":""lab-invoicing-stub"",""cpu"":""0.00%"",""mem"":""16.6MiB / 122.8GiB""},{""name"":""lab-shipping-stub"",""cpu"":""0.00%"",""mem"":""16.58MiB / 122.8GiB""},{""name"":""lab-eparagony-stub-tls"",""cpu"":""0.00%"",""mem"":""23.3MiB / 122.8GiB""},{""name"":""lab-erli-stub-tls"",""cpu"":""0.00%"",""mem"":""22.67MiB / 122.8GiB""},{""name"":""lab-wc-tls"",""cpu"":""0.08%"",""mem"":""29.3MiB / 122.8GiB""},{""name"":""lab-prestashop"",""cpu"":""1.35%"",""mem"":""127MiB / 122.8GiB""},{""name"":""lab-woocommerce"",""cpu"":""16.65%"",""mem"":""300.6MiB / 122.8GiB""},{""name"":""lab-redis"",""cpu"":""0.47%"",""mem"":""79.61MiB / 122.8GiB""},{""name"":""lab-postgres"",""cpu"":""7.72%"",""mem"":""251.2MiB / 122.8GiB""},{""name"":""lab-mysql"",""cpu"":""2.01%"",""mem"":""722.3MiB / 122.8GiB""},{""name"":""lab-woocommerce-mysql"",""cpu"":""17.86%"",""mem"":""511.7MiB / 122.8GiB""}]"
2026-09-10T13:34:47Z,4,54,2,47,0,2669082291,"[{""name"":""lab-worker-1"",""cpu"":""7.94%"",""mem"":""139.4MiB / 122.8GiB""},{""name"":""lab-api"",""cpu"":""0.00%"",""mem"":""143.7MiB / 122.8GiB""},{""name"":""lab-allegro-stub"",""cpu"":""0.08%"",""mem"":""21.05MiB / 122.8GiB""},{""name"":""lab-erli-stub"",""cpu"":""0.00%"",""mem"":""18.04MiB / 122.8GiB""},{""name"":""lab-eparagony-stub"",""cpu"":""0.00%"",""mem"":""20.37MiB / 122.8GiB""},{""name"":""lab-invoicing-stub"",""cpu"":""0.00%"",""mem"":""16.6MiB / 122.8GiB""},{""name"":""lab-shipping-stub"",""cpu"":""0.00%"",""mem"":""16.58MiB / 122.8GiB""},{""name"":""lab-eparagony-stub-tls"",""cpu"":""0.00%"",""mem"":""23.3MiB / 122.8GiB""},{""name"":""lab-erli-stub-tls"",""cpu"":""0.00%"",""mem"":""22.67MiB / 122.8GiB""},{""name"":""lab-wc-tls"",""cpu"":""0.08%"",""mem"":""29.3MiB / 122.8GiB""},{""name"":""lab-prestashop"",""cpu"":""1.35%"",""mem"":""127MiB / 122.8GiB""},{""name"":""lab-woocommerce"",""cpu"":""16.65%"",""mem"":""300.6MiB / 122.8GiB""},{""name"":""lab-redis"",""cpu"":""0.47%"",""mem"":""79.61MiB / 122.8GiB""},{""name"":""lab-postgres"",""cpu"":""7.72%"",""mem"":""251.2MiB / 122.8GiB""},{""name"":""lab-mysql"",""cpu"":""2.01%"",""mem"":""722.3MiB / 122.8GiB""},{""name"":""lab-woocommerce-mysql"",""cpu"":""17.86%"",""mem"":""511.7MiB / 122.8GiB""}]"
2026-09-10T13:34:50Z,4,51,1,47,0,2669090483,"[{""name"":""lab-worker-1"",""cpu"":""8.34%"",""mem"":""139.4MiB / 122.8GiB""},{""name"":""lab-api"",""cpu"":""0.01%"",""mem"":""143.7MiB / 122.8GiB""},{""name"":""lab-allegro-stub"",""cpu"":""0.08%"",""mem"":""21.05MiB / 122.8GiB""},{""name"":""lab-erli-stub"",""cpu"":""0.00%"",""mem"":""18.04MiB / 122.8GiB""},{""name"":""lab-eparagony-stub"",""cpu"":""0.00%"",""mem"":""20.37MiB / 122.8GiB""},{""name"":""lab-invoicing-stub"",""cpu"":""0.00%"",""mem"":""16.6MiB / 122.8GiB""},{""name"":""lab-shipping-stub"",""cpu"":""0.00%"",""mem"":""16.58MiB / 122.8GiB""},{""name"":""lab-eparagony-stub-tls"",""cpu"":""0.00%"",""mem"":""23.3MiB / 122.8GiB""},{""name"":""lab-erli-stub-tls"",""cpu"":""0.00%"",""mem"":""22.67MiB / 122.8GiB""},{""name"":""lab-wc-tls"",""cpu"":""0.07%"",""mem"":""29.3MiB / 122.8GiB""},{""name"":""lab-prestashop"",""cpu"":""1.06%"",""mem"":""127MiB / 122.8GiB""},{""name"":""lab-woocommerce"",""cpu"":""15.02%"",""mem"":""300.6MiB / 122.8GiB""},{""name"":""lab-redis"",""cpu"":""0.44%"",""mem"":""79.62MiB / 122.8GiB""},{""name"":""lab-postgres"",""cpu"":""10.44%"",""mem"":""254.5MiB / 122.8GiB""},{""name"":""lab-mysql"",""cpu"":""2.11%"",""mem"":""722.3MiB / 122.8GiB""},{""name"":""lab-woocommerce-mysql"",""cpu"":""21.52%"",""mem"":""511.7MiB / 122.8GiB""}]"
2026-09-10T13:34:50Z,4,51,1,47,0,2669090483,"[{""name"":""lab-worker-1"",""cpu"":""8.34%"",""mem"":""139.4MiB / 122.8GiB""},{""name"":""lab-api"",""cpu"":""0.01%"",""mem"":""143.7MiB / 122.8GiB""},{""name"":""lab-allegro-stub"",""cpu"":""0.08%"",""mem"":""21.05MiB / 122.8GiB""},{""name"":""lab-erli-stub"",""cpu"":""0.00%"",""mem"":""18.04MiB / 122.8GiB""},{""name"":""lab-eparagony-stub"",""cpu"":""0.00%"",""mem"":""20.37MiB / 122.8GiB""},{""name"":""lab-invoicing-stub"",""cpu"":""0.00%"",""mem"":""16.6MiB / 122.8GiB""},{""name"":""lab-shipping-stub"",""cpu"":""0.00%"",""mem"":""16.58MiB / 122.8GiB""},{""name"":""lab-eparagony-stub-tls"",""cpu"":""0.00%"",""mem"":""23.3MiB / 122.8GiB""},{""name"":""lab-erli-stub-tls"",""cpu"":""0.00%"",""mem"":""22.67MiB / 122.8GiB""},{""name"":""lab-wc-tls"",""cpu"":""0.07%"",""mem"":""29.3MiB / 122.8GiB""},{""name"":""lab-prestashop"",""cpu"":""1.06%"",""mem"":""127MiB / 122.8GiB""},{""name"":""lab-woocommerce"",""cpu"":""15.02%"",""mem"":""300.6MiB / 122.8GiB""},{""name"":""lab-redis"",""cpu"":""0.44%"",""mem"":""79.62MiB / 122.8GiB""},{""name"":""lab-postgres"",""cpu"":""10.44%"",""mem"":""254.5MiB / 122.8GiB""},{""name"":""lab-mysql"",""cpu"":""2.11%"",""mem"":""722.3MiB / 122.8GiB""},{""name"":""lab-woocommerce-mysql"",""cpu"":""21.52%"",""mem"":""511.7MiB / 122.8GiB""}]"
2026-09-10T13:34:54Z,3,48,2,47,0,2669090483,"[{""name"":""lab-worker-1"",""cpu"":""6.87%"",""mem"":""139.6MiB / 122.8GiB""},{""name"":""lab-api"",""cpu"":""0.00%"",""mem"":""143.7MiB / 122.8GiB""},{""name"":""lab-allegro-stub"",""cpu"":""4.08%"",""mem"":""21.06MiB / 122.8GiB""},{""name"":""lab-erli-stub"",""cpu"":""0.00%"",""mem"":""18.04MiB / 122.8GiB""},{""name"":""lab-eparagony-stub"",""cpu"":""0.00%"",""mem"":""20.37MiB / 122.8GiB""},{""name"":""lab-invoicing-stub"",""cpu"":""3.19%"",""mem"":""16.65MiB / 122.8GiB""},{""name"":""lab-shipping-stub"",""cpu"":""3.99%"",""mem"":""16.62MiB / 122.8GiB""},{""name"":""lab-eparagony-stub-tls"",""cpu"":""0.00%"",""mem"":""23.3MiB / 122.8GiB""},{""name"":""lab-erli-stub-tls"",""cpu"":""0.00%"",""mem"":""22.67MiB / 122.8GiB""},{""name"":""lab-wc-tls"",""cpu"":""0.08%"",""mem"":""29.3MiB / 122.8GiB""},{""name"":""lab-prestashop"",""cpu"":""0.82%"",""mem"":""127MiB / 122.8GiB""},{""name"":""lab-woocommerce"",""cpu"":""16.33%"",""mem"":""300.6MiB / 122.8GiB""},{""name"":""lab-redis"",""cpu"":""0.45%"",""mem"":""79.61MiB / 122.8GiB""},{""name"":""lab-postgres"",""cpu"":""8.13%"",""mem"":""254.8MiB / 122.8GiB""},{""name"":""lab-mysql"",""cpu"":""2.15%"",""mem"":""722.3MiB / 122.8GiB""},{""name"":""lab-woocommerce-mysql"",""cpu"":""23.18%"",""mem"":""512MiB / 122.8GiB""}]"
2026-09-10T13:34:54Z,3,48,2,47,0,2669090483,"[{""name"":""lab-worker-1"",""cpu"":""6.87%"",""mem"":""139.6MiB / 122.8GiB""},{""name"":""lab-api"",""cpu"":""0.00%"",""mem"":""143.7MiB / 122.8GiB""},{""name"":""lab-allegro-stub"",""cpu"":""4.08%"",""mem"":""21.06MiB / 122.8GiB""},{""name"":""lab-erli-stub"",""cpu"":""0.00%"",""mem"":""18.04MiB / 122.8GiB""},{""name"":""lab-eparagony-stub"",""cpu"":""0.00%"",""mem"":""20.37MiB / 122.8GiB""},{""name"":""lab-invoicing-stub"",""cpu"":""3.19%"",""mem"":""16.65MiB / 122.8GiB""},{""name"":""lab-shipping-stub"",""cpu"":""3.99%"",""mem"":""16.62MiB / 122.8GiB""},{""name"":""lab-eparagony-stub-tls"",""cpu"":""0.00%"",""mem"":""23.3MiB / 122.8GiB""},{""name"":""lab-erli-stub-tls"",""cpu"":""0.00%"",""mem"":""22.67MiB / 122.8GiB""},{""name"":""lab-wc-tls"",""cpu"":""0.08%"",""mem"":""29.3MiB / 122.8GiB""},{""name"":""lab-prestashop"",""cpu"":""0.82%"",""mem"":""127MiB / 122.8GiB""},{""name"":""lab-woocommerce"",""cpu"":""16.33%"",""mem"":""300.6MiB / 122.8GiB""},{""name"":""lab-redis"",""cpu"":""0.45%"",""mem"":""79.61MiB / 122.8GiB""},{""name"":""lab-postgres"",""cpu"":""8.13%"",""mem"":""254.8MiB / 122.8GiB""},{""name"":""lab-mysql"",""cpu"":""2.15%"",""mem"":""722.3MiB / 122.8GiB""},{""name"":""lab-woocommerce-mysql"",""cpu"":""23.18%"",""mem"":""512MiB / 122.8GiB""}]"
2026-09-10T13:34:58Z,4,43,2,47,0,2669106867,"[{""name"":""lab-worker-1"",""cpu"":""7.91%"",""mem"":""139.3MiB / 122.8GiB""},{""name"":""lab-api"",""cpu"":""0.01%"",""mem"":""143.7MiB / 122.8GiB""},{""name"":""lab-allegro-stub"",""cpu"":""0.07%"",""mem"":""21.05MiB / 122.8GiB""},{""name"":""lab-erli-stub"",""cpu"":""3.92%"",""mem"":""18.16MiB / 122.8GiB""},{""name"":""lab-eparagony-stub"",""cpu"":""3.83%"",""mem"":""20.37MiB / 122.8GiB""},{""name"":""lab-invoicing-stub"",""cpu"":""0.00%"",""mem"":""16.6MiB / 122.8GiB""},{""name"":""lab-shipping-stub"",""cpu"":""0.00%"",""mem"":""16.58MiB / 122.8GiB""},{""name"":""lab-eparagony-stub-tls"",""cpu"":""0.00%"",""mem"":""23.3MiB / 122.8GiB""},{""name"":""lab-erli-stub-tls"",""cpu"":""0.00%"",""mem"":""22.67MiB / 122.8GiB""},{""name"":""lab-wc-tls"",""cpu"":""0.07%"",""mem"":""29.3MiB / 122.8GiB""},{""name"":""lab-prestashop"",""cpu"":""1.66%"",""mem"":""127MiB / 122.8GiB""},{""name"":""lab-woocommerce"",""cpu"":""20.37%"",""mem"":""300.6MiB / 122.8GiB""},{""name"":""lab-redis"",""cpu"":""0.49%"",""mem"":""79.61MiB / 122.8GiB""},{""name"":""lab-postgres"",""cpu"":""7.31%"",""mem"":""254.6MiB / 122.8GiB""},{""name"":""lab-mysql"",""cpu"":""2.33%"",""mem"":""722.3MiB / 122.8GiB""},{""name"":""lab-woocommerce-mysql"",""cpu"":""22.80%"",""mem"":""511.7MiB / 122.8GiB""}]"
2026-09-10T13:34:58Z,4,43,2,47,0,2669106867,"[{""name"":""lab-worker-1"",""cpu"":""7.91%"",""mem"":""139.3MiB / 122.8GiB""},{""name"":""lab-api"",""cpu"":""0.01%"",""mem"":""143.7MiB / 122.8GiB""},{""name"":""lab-allegro-stub"",""cpu"":""0.07%"",""mem"":""21.05MiB / 122.8GiB""},{""name"":""lab-erli-stub"",""cpu"":""3.92%"",""mem"":""18.16MiB / 122.8GiB""},{""name"":""lab-eparagony-stub"",""cpu"":""3.83%"",""mem"":""20.37MiB / 122.8GiB""},{""name"":""lab-invoicing-stub"",""cpu"":""0.00%"",""mem"":""16.6MiB / 122.8GiB""},{""name"":""lab-shipping-stub"",""cpu"":""0.00%"",""mem"":""16.58MiB / 122.8GiB""},{""name"":""lab-eparagony-stub-tls"",""cpu"":""0.00%"",""mem"":""23.3MiB / 122.8GiB""},{""name"":""lab-erli-stub-tls"",""cpu"":""0.00%"",""mem"":""22.67MiB / 122.8GiB""},{""name"":""lab-wc-tls"",""cpu"":""0.07%"",""mem"":""29.3MiB / 122.8GiB""},{""name"":""lab-prestashop"",""cpu"":""1.66%"",""mem"":""127MiB / 122.8GiB""},{""name"":""lab-woocommerce"",""cpu"":""20.37%"",""mem"":""300.6MiB / 122.8GiB""},{""name"":""lab-redis"",""cpu"":""0.49%"",""mem"":""79.61MiB / 122.8GiB""},{""name"":""lab-postgres"",""cpu"":""7.31%"",""mem"":""254.6MiB / 122.8GiB""},{""name"":""lab-mysql"",""cpu"":""2.33%"",""mem"":""722.3MiB / 122.8GiB""},{""name"":""lab-woocommerce-mysql"",""cpu"":""22.80%"",""mem"":""511.7MiB / 122.8GiB""}]"
2026-09-10T13:35:02Z,4,40,1,47,0,2669123251,"[{""name"":""lab-worker-1"",""cpu"":""8.95%"",""mem"":""140.2MiB / 122.8GiB""},{""name"":""lab-api"",""cpu"":""0.45%"",""mem"":""143.7MiB / 122.8GiB""},{""name"":""lab-allegro-stub"",""cpu"":""0.09%"",""mem"":""21.09MiB / 122.8GiB""},{""name"":""lab-erli-stub"",""cpu"":""0.00%"",""mem"":""18.04MiB / 122.8GiB""},{""name"":""lab-eparagony-stub"",""cpu"":""0.00%"",""mem"":""20.37MiB / 122.8GiB""},{""name"":""lab-invoicing-stub"",""cpu"":""0.00%"",""mem"":""16.6MiB / 122.8GiB""},{""name"":""lab-shipping-stub"",""cpu"":""0.00%"",""mem"":""16.58MiB / 122.8GiB""},{""name"":""lab-eparagony-stub-tls"",""cpu"":""0.00%"",""mem"":""23.3MiB / 122.8GiB""},{""name"":""lab-erli-stub-tls"",""cpu"":""0.00%"",""mem"":""22.67MiB / 122.8GiB""},{""name"":""lab-wc-tls"",""cpu"":""0.07%"",""mem"":""29.3MiB / 122.8GiB""},{""name"":""lab-prestashop"",""cpu"":""1.75%"",""mem"":""127.2MiB / 122.8GiB""},{""name"":""lab-woocommerce"",""cpu"":""17.09%"",""mem"":""302.6MiB / 122.8GiB""},{""name"":""lab-redis"",""cpu"":""0.48%"",""mem"":""79.62MiB / 122.8GiB""},{""name"":""lab-postgres"",""cpu"":""11.20%"",""mem"":""255.2MiB / 122.8GiB""},{""name"":""lab-mysql"",""cpu"":""6.75%"",""mem"":""722.3MiB / 122.8GiB""},{""name"":""lab-woocommerce-mysql"",""cpu"":""19.46%"",""mem"":""511.7MiB / 122.8GiB""}]"
2026-09-10T13:35:02Z,4,40,1,47,0,2669123251,"[{""name"":""lab-worker-1"",""cpu"":""8.95%"",""mem"":""140.2MiB / 122.8GiB""},{""name"":""lab-api"",""cpu"":""0.45%"",""mem"":""143.7MiB / 122.8GiB""},{""name"":""lab-allegro-stub"",""cpu"":""0.09%"",""mem"":""21.09MiB / 122.8GiB""},{""name"":""lab-erli-stub"",""cpu"":""0.00%"",""mem"":""18.04MiB / 122.8GiB""},{""name"":""lab-eparagony-stub"",""cpu"":""0.00%"",""mem"":""20.37MiB / 122.8GiB""},{""name"":""lab-invoicing-stub"",""cpu"":""0.00%"",""mem"":""16.6MiB / 122.8GiB""},{""name"":""lab-shipping-stub"",""cpu"":""0.00%"",""mem"":""16.58MiB / 122.8GiB""},{""name"":""lab-eparagony-stub-tls"",""cpu"":""0.00%"",""mem"":""23.3MiB / 122.8GiB""},{""name"":""lab-erli-stub-tls"",""cpu"":""0.00%"",""mem"":""22.67MiB / 122.8GiB""},{""name"":""lab-wc-tls"",""cpu"":""0.07%"",""mem"":""29.3MiB / 122.8GiB""},{""name"":""lab-prestashop"",""cpu"":""1.75%"",""mem"":""127.2MiB / 122.8GiB""},{""name"":""lab-woocommerce"",""cpu"":""17.09%"",""mem"":""302.6MiB / 122.8GiB""},{""name"":""lab-redis"",""cpu"":""0.48%"",""mem"":""79.62MiB / 122.8GiB""},{""name"":""lab-postgres"",""cpu"":""11.20%"",""mem"":""255.2MiB / 122.8GiB""},{""name"":""lab-mysql"",""cpu"":""6.75%"",""mem"":""722.3MiB / 122.8GiB""},{""name"":""lab-woocommerce-mysql"",""cpu"":""19.46%"",""mem"":""511.7MiB / 122.8GiB""}]"
2026-09-10T13:35:05Z,4,36,3,47,0,2669131443,"[{""name"":""lab-worker-1"",""cpu"":""7.92%"",""mem"":""139.3MiB / 122.8GiB""},{""name"":""lab-api"",""cpu"":""0.00%"",""mem"":""143.7MiB / 122.8GiB""},{""name"":""lab-allegro-stub"",""cpu"":""0.08%"",""mem"":""21.09MiB / 122.8GiB""},{""name"":""lab-erli-stub"",""cpu"":""0.00%"",""mem"":""18.05MiB / 122.8GiB""},{""name"":""lab-eparagony-stub"",""cpu"":""0.00%"",""mem"":""20.38MiB / 122.8GiB""},{""name"":""lab-invoicing-stub"",""cpu"":""0.00%"",""mem"":""16.6MiB / 122.8GiB""},{""name"":""lab-shipping-stub"",""cpu"":""0.00%"",""mem"":""16.58MiB / 122.8GiB""},{""name"":""lab-eparagony-stub-tls"",""cpu"":""0.00%"",""mem"":""23.3MiB / 122.8GiB""},{""name"":""lab-erli-stub-tls"",""cpu"":""0.00%"",""mem"":""22.67MiB / 122.8GiB""},{""name"":""lab-wc-tls"",""cpu"":""0.09%"",""mem"":""29.3MiB / 122.8GiB""},{""name"":""lab-prestashop"",""cpu"":""1.23%"",""mem"":""127MiB / 122.8GiB""},{""name"":""lab-woocommerce"",""cpu"":""16.01%"",""mem"":""302.6MiB / 122.8GiB""},{""name"":""lab-redis"",""cpu"":""0.47%"",""mem"":""79.61MiB / 122.8GiB""},{""name"":""lab-postgres"",""cpu"":""7.68%"",""mem"":""254.7MiB / 122.8GiB""},{""name"":""lab-mysql"",""cpu"":""1.66%"",""mem"":""722.3MiB / 122.8GiB""},{""name"":""lab-woocommerce-mysql"",""cpu"":""19.17%"",""mem"":""511.7MiB / 122.8GiB""}]"
2026-09-10T13:35:05Z,4,36,2,47,0,2669131443,"[{""name"":""lab-worker-1"",""cpu"":""7.92%"",""mem"":""139.3MiB / 122.8GiB""},{""name"":""lab-api"",""cpu"":""0.00%"",""mem"":""143.7MiB / 122.8GiB""},{""name"":""lab-allegro-stub"",""cpu"":""0.08%"",""mem"":""21.09MiB / 122.8GiB""},{""name"":""lab-erli-stub"",""cpu"":""0.00%"",""mem"":""18.05MiB / 122.8GiB""},{""name"":""lab-eparagony-stub"",""cpu"":""0.00%"",""mem"":""20.38MiB / 122.8GiB""},{""name"":""lab-invoicing-stub"",""cpu"":""0.00%"",""mem"":""16.6MiB / 122.8GiB""},{""name"":""lab-shipping-stub"",""cpu"":""0.00%"",""mem"":""16.58MiB / 122.8GiB""},{""name"":""lab-eparagony-stub-tls"",""cpu"":""0.00%"",""mem"":""23.3MiB / 122.8GiB""},{""name"":""lab-erli-stub-tls"",""cpu"":""0.00%"",""mem"":""22.67MiB / 122.8GiB""},{""name"":""lab-wc-tls"",""cpu"":""0.09%"",""mem"":""29.3MiB / 122.8GiB""},{""name"":""lab-prestashop"",""cpu"":""1.23%"",""mem"":""127MiB / 122.8GiB""},{""name"":""lab-woocommerce"",""cpu"":""16.01%"",""mem"":""302.6MiB / 122.8GiB""},{""name"":""lab-redis"",""cpu"":""0.47%"",""mem"":""79.61MiB / 122.8GiB""},{""name"":""lab-postgres"",""cpu"":""7.68%"",""mem"":""254.7MiB / 122.8GiB""},{""name"":""lab-mysql"",""cpu"":""1.66%"",""mem"":""722.3MiB / 122.8GiB""},{""name"":""lab-woocommerce-mysql"",""cpu"":""19.17%"",""mem"":""511.7MiB / 122.8GiB""}]"
2026-09-10T13:35:09Z,3,33,1,47,0,2669131443,"[{""name"":""lab-worker-1"",""cpu"":""8.29%"",""mem"":""139.3MiB / 122.8GiB""},{""name"":""lab-api"",""cpu"":""0.00%"",""mem"":""143.7MiB / 122.8GiB""},{""name"":""lab-allegro-stub"",""cpu"":""4.01%"",""mem"":""21.09MiB / 122.8GiB""},{""name"":""lab-erli-stub"",""cpu"":""0.01%"",""mem"":""18.05MiB / 122.8GiB""},{""name"":""lab-eparagony-stub"",""cpu"":""0.00%"",""mem"":""20.37MiB / 122.8GiB""},{""name"":""lab-invoicing-stub"",""cpu"":""4.08%"",""mem"":""16.64MiB / 122.8GiB""},{""name"":""lab-shipping-stub"",""cpu"":""3.69%"",""mem"":""16.59MiB / 122.8GiB""},{""name"":""lab-eparagony-stub-tls"",""cpu"":""0.00%"",""mem"":""23.3MiB / 122.8GiB""},{""name"":""lab-erli-stub-tls"",""cpu"":""0.00%"",""mem"":""22.67MiB / 122.8GiB""},{""name"":""lab-wc-tls"",""cpu"":""0.07%"",""mem"":""29.3MiB / 122.8GiB""},{""name"":""lab-prestashop"",""cpu"":""1.63%"",""mem"":""127MiB / 122.8GiB""},{""name"":""lab-woocommerce"",""cpu"":""31.41%"",""mem"":""302.6MiB / 122.8GiB""},{""name"":""lab-redis"",""cpu"":""4.89%"",""mem"":""79.92MiB / 122.8GiB""},{""name"":""lab-postgres"",""cpu"":""7.50%"",""mem"":""254.7MiB / 122.8GiB""},{""name"":""lab-mysql"",""cpu"":""2.07%"",""mem"":""722.5MiB / 122.8GiB""},{""name"":""lab-woocommerce-mysql"",""cpu"":""23.22%"",""mem"":""511.7MiB / 122.8GiB""}]"
2026-09-10T13:35:09Z,3,33,1,47,0,2669131443,"[{""name"":""lab-worker-1"",""cpu"":""8.29%"",""mem"":""139.3MiB / 122.8GiB""},{""name"":""lab-api"",""cpu"":""0.00%"",""mem"":""143.7MiB / 122.8GiB""},{""name"":""lab-allegro-stub"",""cpu"":""4.01%"",""mem"":""21.09MiB / 122.8GiB""},{""name"":""lab-erli-stub"",""cpu"":""0.01%"",""mem"":""18.05MiB / 122.8GiB""},{""name"":""lab-eparagony-stub"",""cpu"":""0.00%"",""mem"":""20.37MiB / 122.8GiB""},{""name"":""lab-invoicing-stub"",""cpu"":""4.08%"",""mem"":""16.64MiB / 122.8GiB""},{""name"":""lab-shipping-stub"",""cpu"":""3.69%"",""mem"":""16.59MiB / 122.8GiB""},{""name"":""lab-eparagony-stub-tls"",""cpu"":""0.00%"",""mem"":""23.3MiB / 122.8GiB""},{""name"":""lab-erli-stub-tls"",""cpu"":""0.00%"",""mem"":""22.67MiB / 122.8GiB""},{""name"":""lab-wc-tls"",""cpu"":""0.07%"",""mem"":""29.3MiB / 122.8GiB""},{""name"":""lab-prestashop"",""cpu"":""1.63%"",""mem"":""127MiB / 122.8GiB""},{""name"":""lab-woocommerce"",""cpu"":""31.41%"",""mem"":""302.6MiB / 122.8GiB""},{""name"":""lab-redis"",""cpu"":""4.89%"",""mem"":""79.92MiB / 122.8GiB""},{""name"":""lab-postgres"",""cpu"":""7.50%"",""mem"":""254.7MiB / 122.8GiB""},{""name"":""lab-mysql"",""cpu"":""2.07%"",""mem"":""722.5MiB / 122.8GiB""},{""name"":""lab-woocommerce-mysql"",""cpu"":""23.45%"",""mem"":""512MiB / 122.8GiB""}]"
2026-09-10T13:35:13Z,4,29,2,47,0,2669139635,"[{""name"":""lab-worker-1"",""cpu"":""7.32%"",""mem"":""139.2MiB / 122.8GiB""},{""name"":""lab-api"",""cpu"":""0.01%"",""mem"":""143.8MiB / 122.8GiB""},{""name"":""lab-allegro-stub"",""cpu"":""0.16%"",""mem"":""21.09MiB / 122.8GiB""},{""name"":""lab-erli-stub"",""cpu"":""0.01%"",""mem"":""18.04MiB / 122.8GiB""},{""name"":""lab-eparagony-stub"",""cpu"":""4.06%"",""mem"":""20.4MiB / 122.8GiB""},{""name"":""lab-invoicing-stub"",""cpu"":""0.00%"",""mem"":""16.6MiB / 122.8GiB""},{""name"":""lab-shipping-stub"",""cpu"":""0.00%"",""mem"":""16.58MiB / 122.8GiB""},{""name"":""lab-eparagony-stub-tls"",""cpu"":""0.00%"",""mem"":""23.3MiB / 122.8GiB""},{""name"":""lab-erli-stub-tls"",""cpu"":""0.00%"",""mem"":""22.67MiB / 122.8GiB""},{""name"":""lab-wc-tls"",""cpu"":""0.07%"",""mem"":""29.3MiB / 122.8GiB""},{""name"":""lab-prestashop"",""cpu"":""1.73%"",""mem"":""127MiB / 122.8GiB""},{""name"":""lab-woocommerce"",""cpu"":""17.48%"",""mem"":""302.6MiB / 122.8GiB""},{""name"":""lab-redis"",""cpu"":""0.53%"",""mem"":""79.62MiB / 122.8GiB""},{""name"":""lab-postgres"",""cpu"":""8.48%"",""mem"":""254.7MiB / 122.8GiB""},{""name"":""lab-mysql"",""cpu"":""2.33%"",""mem"":""722.3MiB / 122.8GiB""},{""name"":""lab-woocommerce-mysql"",""cpu"":""21.88%"",""mem"":""511.7MiB / 122.8GiB""}]"
2026-09-10T13:35:13Z,4,29,2,47,0,2669139635,"[{""name"":""lab-worker-1"",""cpu"":""7.32%"",""mem"":""139.2MiB / 122.8GiB""},{""name"":""lab-api"",""cpu"":""0.01%"",""mem"":""143.8MiB / 122.8GiB""},{""name"":""lab-allegro-stub"",""cpu"":""0.09%"",""mem"":""21.09MiB / 122.8GiB""},{""name"":""lab-erli-stub"",""cpu"":""0.01%"",""mem"":""18.04MiB / 122.8GiB""},{""name"":""lab-eparagony-stub"",""cpu"":""4.06%"",""mem"":""20.4MiB / 122.8GiB""},{""name"":""lab-invoicing-stub"",""cpu"":""0.00%"",""mem"":""16.6MiB / 122.8GiB""},{""name"":""lab-shipping-stub"",""cpu"":""0.00%"",""mem"":""16.58MiB / 122.8GiB""},{""name"":""lab-eparagony-stub-tls"",""cpu"":""0.00%"",""mem"":""23.3MiB / 122.8GiB""},{""name"":""lab-erli-stub-tls"",""cpu"":""0.00%"",""mem"":""22.67MiB / 122.8GiB""},{""name"":""lab-wc-tls"",""cpu"":""0.07%"",""mem"":""29.3MiB / 122.8GiB""},{""name"":""lab-prestashop"",""cpu"":""1.73%"",""mem"":""127MiB / 122.8GiB""},{""name"":""lab-woocommerce"",""cpu"":""17.48%"",""mem"":""302.6MiB / 122.8GiB""},{""name"":""lab-redis"",""cpu"":""0.53%"",""mem"":""79.62MiB / 122.8GiB""},{""name"":""lab-postgres"",""cpu"":""8.48%"",""mem"":""254.7MiB / 122.8GiB""},{""name"":""lab-mysql"",""cpu"":""2.33%"",""mem"":""722.3MiB / 122.8GiB""},{""name"":""lab-woocommerce-mysql"",""cpu"":""21.88%"",""mem"":""511.7MiB / 122.8GiB""}]"
2026-09-10T13:35:16Z,4,26,2,47,0,2669147827,"[{""name"":""lab-worker-1"",""cpu"":""7.41%"",""mem"":""139.4MiB / 122.8GiB""},{""name"":""lab-api"",""cpu"":""0.00%"",""mem"":""143.8MiB / 122.8GiB""},{""name"":""lab-allegro-stub"",""cpu"":""0.09%"",""mem"":""21.09MiB / 122.8GiB""},{""name"":""lab-erli-stub"",""cpu"":""0.00%"",""mem"":""18.04MiB / 122.8GiB""},{""name"":""lab-eparagony-stub"",""cpu"":""0.00%"",""mem"":""20.37MiB / 122.8GiB""},{""name"":""lab-invoicing-stub"",""cpu"":""0.00%"",""mem"":""16.6MiB / 122.8GiB""},{""name"":""lab-shipping-stub"",""cpu"":""0.00%"",""mem"":""16.58MiB / 122.8GiB""},{""name"":""lab-eparagony-stub-tls"",""cpu"":""0.00%"",""mem"":""23.3MiB / 122.8GiB""},{""name"":""lab-erli-stub-tls"",""cpu"":""0.00%"",""mem"":""22.67MiB / 122.8GiB""},{""name"":""lab-wc-tls"",""cpu"":""0.07%"",""mem"":""29.3MiB / 122.8GiB""},{""name"":""lab-prestashop"",""cpu"":""1.56%"",""mem"":""127MiB / 122.8GiB""},{""name"":""lab-woocommerce"",""cpu"":""17.22%"",""mem"":""302.6MiB / 122.8GiB""},{""name"":""lab-redis"",""cpu"":""0.42%"",""mem"":""79.87MiB / 122.8GiB""},{""name"":""lab-postgres"",""cpu"":""7.34%"",""mem"":""251.4MiB / 122.8GiB""},{""name"":""lab-mysql"",""cpu"":""2.16%"",""mem"":""722.3MiB / 122.8GiB""},{""name"":""lab-woocommerce-mysql"",""cpu"":""21.97%"",""mem"":""511.8MiB / 122.8GiB""}]"
2026-09-10T13:35:16Z,4,26,2,47,0,2669147827,"[{""name"":""lab-worker-1"",""cpu"":""7.41%"",""mem"":""139.4MiB / 122.8GiB""},{""name"":""lab-api"",""cpu"":""0.00%"",""mem"":""143.8MiB / 122.8GiB""},{""name"":""lab-allegro-stub"",""cpu"":""0.09%"",""mem"":""21.09MiB / 122.8GiB""},{""name"":""lab-erli-stub"",""cpu"":""0.00%"",""mem"":""18.04MiB / 122.8GiB""},{""name"":""lab-eparagony-stub"",""cpu"":""0.00%"",""mem"":""20.37MiB / 122.8GiB""},{""name"":""lab-invoicing-stub"",""cpu"":""0.00%"",""mem"":""16.6MiB / 122.8GiB""},{""name"":""lab-shipping-stub"",""cpu"":""0.00%"",""mem"":""16.58MiB / 122.8GiB""},{""name"":""lab-eparagony-stub-tls"",""cpu"":""0.00%"",""mem"":""23.3MiB / 122.8GiB""},{""name"":""lab-erli-stub-tls"",""cpu"":""0.00%"",""mem"":""22.67MiB / 122.8GiB""},{""name"":""lab-wc-tls"",""cpu"":""0.07%"",""mem"":""29.3MiB / 122.8GiB""},{""name"":""lab-prestashop"",""cpu"":""1.56%"",""mem"":""127MiB / 122.8GiB""},{""name"":""lab-woocommerce"",""cpu"":""17.22%"",""mem"":""302.6MiB / 122.8GiB""},{""name"":""lab-redis"",""cpu"":""0.42%"",""mem"":""79.87MiB / 122.8GiB""},{""name"":""lab-postgres"",""cpu"":""7.34%"",""mem"":""251.4MiB / 122.8GiB""},{""name"":""lab-mysql"",""cpu"":""2.16%"",""mem"":""722.3MiB / 122.8GiB""},{""name"":""lab-woocommerce-mysql"",""cpu"":""24.48%"",""mem"":""512MiB / 122.8GiB""}]"
2026-09-10T13:35:20Z,3,22,1,47,0,2669147827,"[{""name"":""lab-worker-1"",""cpu"":""8.34%"",""mem"":""139.8MiB / 122.8GiB""},{""name"":""lab-api"",""cpu"":""0.01%"",""mem"":""143.8MiB / 122.8GiB""},{""name"":""lab-allegro-stub"",""cpu"":""0.08%"",""mem"":""21.09MiB / 122.8GiB""},{""name"":""lab-erli-stub"",""cpu"":""0.00%"",""mem"":""18.04MiB / 122.8GiB""},{""name"":""lab-eparagony-stub"",""cpu"":""0.00%"",""mem"":""20.37MiB / 122.8GiB""},{""name"":""lab-invoicing-stub"",""cpu"":""0.00%"",""mem"":""16.61MiB / 122.8GiB""},{""name"":""lab-shipping-stub"",""cpu"":""0.00%"",""mem"":""16.58MiB / 122.8GiB""},{""name"":""lab-eparagony-stub-tls"",""cpu"":""0.00%"",""mem"":""23.3MiB / 122.8GiB""},{""name"":""lab-erli-stub-tls"",""cpu"":""0.00%"",""mem"":""22.67MiB / 122.8GiB""},{""name"":""lab-wc-tls"",""cpu"":""0.07%"",""mem"":""29.3MiB / 122.8GiB""},{""name"":""lab-prestashop"",""cpu"":""2.77%"",""mem"":""127.2MiB / 122.8GiB""},{""name"":""lab-woocommerce"",""cpu"":""18.89%"",""mem"":""302.6MiB / 122.8GiB""},{""name"":""lab-redis"",""cpu"":""0.40%"",""mem"":""79.63MiB / 122.8GiB""},{""name"":""lab-postgres"",""cpu"":""7.60%"",""mem"":""251.4MiB / 122.8GiB""},{""name"":""lab-mysql"",""cpu"":""2.23%"",""mem"":""722.3MiB / 122.8GiB""},{""name"":""lab-woocommerce-mysql"",""cpu"":""21.69%"",""mem"":""511.8MiB / 122.8GiB""}]"
2026-09-10T13:35:20Z,3,22,1,47,0,2669147827,"[{""name"":""lab-worker-1"",""cpu"":""8.34%"",""mem"":""139.8MiB / 122.8GiB""},{""name"":""lab-api"",""cpu"":""0.01%"",""mem"":""143.8MiB / 122.8GiB""},{""name"":""lab-allegro-stub"",""cpu"":""0.08%"",""mem"":""21.09MiB / 122.8GiB""},{""name"":""lab-erli-stub"",""cpu"":""0.00%"",""mem"":""18.04MiB / 122.8GiB""},{""name"":""lab-eparagony-stub"",""cpu"":""0.00%"",""mem"":""20.37MiB / 122.8GiB""},{""name"":""lab-invoicing-stub"",""cpu"":""0.00%"",""mem"":""16.61MiB / 122.8GiB""},{""name"":""lab-shipping-stub"",""cpu"":""0.00%"",""mem"":""16.58MiB / 122.8GiB""},{""name"":""lab-eparagony-stub-tls"",""cpu"":""0.00%"",""mem"":""23.3MiB / 122.8GiB""},{""name"":""lab-erli-stub-tls"",""cpu"":""0.00%"",""mem"":""22.67MiB / 122.8GiB""},{""name"":""lab-wc-tls"",""cpu"":""0.07%"",""mem"":""29.3MiB / 122.8GiB""},{""name"":""lab-prestashop"",""cpu"":""2.77%"",""mem"":""127.2MiB / 122.8GiB""},{""name"":""lab-woocommerce"",""cpu"":""18.89%"",""mem"":""302.6MiB / 122.8GiB""},{""name"":""lab-redis"",""cpu"":""0.40%"",""mem"":""79.63MiB / 122.8GiB""},{""name"":""lab-postgres"",""cpu"":""7.60%"",""mem"":""251.4MiB / 122.8GiB""},{""name"":""lab-mysql"",""cpu"":""2.23%"",""mem"":""722.3MiB / 122.8GiB""},{""name"":""lab-woocommerce-mysql"",""cpu"":""21.50%"",""mem"":""511.8MiB / 122.8GiB""}]"
2026-09-10T13:35:24Z,4,18,2,47,0,2669172403,"[{""name"":""lab-worker-1"",""cpu"":""7.22%"",""mem"":""139.4MiB / 122.8GiB""},{""name"":""lab-api"",""cpu"":""0.00%"",""mem"":""143.8MiB / 122.8GiB""},{""name"":""lab-allegro-stub"",""cpu"":""3.37%"",""mem"":""21.1MiB / 122.8GiB""},{""name"":""lab-erli-stub"",""cpu"":""2.18%"",""mem"":""18.07MiB / 122.8GiB""},{""name"":""lab-eparagony-stub"",""cpu"":""0.00%"",""mem"":""20.38MiB / 122.8GiB""},{""name"":""lab-invoicing-stub"",""cpu"":""4.46%"",""mem"":""16.62MiB / 122.8GiB""},{""name"":""lab-shipping-stub"",""cpu"":""4.18%"",""mem"":""16.59MiB / 122.8GiB""},{""name"":""lab-eparagony-stub-tls"",""cpu"":""0.00%"",""mem"":""23.3MiB / 122.8GiB""},{""name"":""lab-erli-stub-tls"",""cpu"":""0.00%"",""mem"":""22.67MiB / 122.8GiB""},{""name"":""lab-wc-tls"",""cpu"":""0.06%"",""mem"":""29.3MiB / 122.8GiB""},{""name"":""lab-prestashop"",""cpu"":""1.60%"",""mem"":""127MiB / 122.8GiB""},{""name"":""lab-woocommerce"",""cpu"":""17.52%"",""mem"":""302.6MiB / 122.8GiB""},{""name"":""lab-redis"",""cpu"":""0.45%"",""mem"":""79.62MiB / 122.8GiB""},{""name"":""lab-postgres"",""cpu"":""7.23%"",""mem"":""251.1MiB / 122.8GiB""},{""name"":""lab-mysql"",""cpu"":""1.61%"",""mem"":""722.3MiB / 122.8GiB""},{""name"":""lab-woocommerce-mysql"",""cpu"":""21.18%"",""mem"":""511.8MiB / 122.8GiB""}]"
2026-09-10T13:35:24Z,4,18,2,47,0,2669172403,"[{""name"":""lab-worker-1"",""cpu"":""7.22%"",""mem"":""139.4MiB / 122.8GiB""},{""name"":""lab-api"",""cpu"":""0.00%"",""mem"":""143.8MiB / 122.8GiB""},{""name"":""lab-allegro-stub"",""cpu"":""3.37%"",""mem"":""21.1MiB / 122.8GiB""},{""name"":""lab-erli-stub"",""cpu"":""2.18%"",""mem"":""18.07MiB / 122.8GiB""},{""name"":""lab-eparagony-stub"",""cpu"":""0.00%"",""mem"":""20.38MiB / 122.8GiB""},{""name"":""lab-invoicing-stub"",""cpu"":""4.46%"",""mem"":""16.62MiB / 122.8GiB""},{""name"":""lab-shipping-stub"",""cpu"":""4.18%"",""mem"":""16.59MiB / 122.8GiB""},{""name"":""lab-eparagony-stub-tls"",""cpu"":""0.00%"",""mem"":""23.3MiB / 122.8GiB""},{""name"":""lab-erli-stub-tls"",""cpu"":""0.00%"",""mem"":""22.67MiB / 122.8GiB""},{""name"":""lab-wc-tls"",""cpu"":""0.06%"",""mem"":""29.3MiB / 122.8GiB""},{""name"":""lab-prestashop"",""cpu"":""1.60%"",""mem"":""127MiB / 122.8GiB""},{""name"":""lab-woocommerce"",""cpu"":""17.52%"",""mem"":""302.6MiB / 122.8GiB""},{""name"":""lab-redis"",""cpu"":""0.45%"",""mem"":""79.62MiB / 122.8GiB""},{""name"":""lab-postgres"",""cpu"":""7.23%"",""mem"":""251.1MiB / 122.8GiB""},{""name"":""lab-mysql"",""cpu"":""1.61%"",""mem"":""722.3MiB / 122.8GiB""},{""name"":""lab-woocommerce-mysql"",""cpu"":""21.18%"",""mem"":""511.8MiB / 122.8GiB""}]"
2026-09-10T13:35:28Z,4,15,1,47,0,2669172403,"[{""name"":""lab-worker-1"",""cpu"":""7.81%"",""mem"":""139.5MiB / 122.8GiB""},{""name"":""lab-api"",""cpu"":""0.00%"",""mem"":""143.8MiB / 122.8GiB""},{""name"":""lab-allegro-stub"",""cpu"":""0.09%"",""mem"":""21.09MiB / 122.8GiB""},{""name"":""lab-erli-stub"",""cpu"":""0.00%"",""mem"":""18.04MiB / 122.8GiB""},{""name"":""lab-eparagony-stub"",""cpu"":""4.18%"",""mem"":""20.4MiB / 122.8GiB""},{""name"":""lab-invoicing-stub"",""cpu"":""0.00%"",""mem"":""16.6MiB / 122.8GiB""},{""name"":""lab-shipping-stub"",""cpu"":""0.00%"",""mem"":""16.58MiB / 122.8GiB""},{""name"":""lab-eparagony-stub-tls"",""cpu"":""0.00%"",""mem"":""23.3MiB / 122.8GiB""},{""name"":""lab-erli-stub-tls"",""cpu"":""0.00%"",""mem"":""22.67MiB / 122.8GiB""},{""name"":""lab-wc-tls"",""cpu"":""0.07%"",""mem"":""29.3MiB / 122.8GiB""},{""name"":""lab-prestashop"",""cpu"":""1.55%"",""mem"":""127MiB / 122.8GiB""},{""name"":""lab-woocommerce"",""cpu"":""17.87%"",""mem"":""302.6MiB / 122.8GiB""},{""name"":""lab-redis"",""cpu"":""0.47%"",""mem"":""79.62MiB / 122.8GiB""},{""name"":""lab-postgres"",""cpu"":""6.11%"",""mem"":""251.1MiB / 122.8GiB""},{""name"":""lab-mysql"",""cpu"":""2.31%"",""mem"":""722.3MiB / 122.8GiB""},{""name"":""lab-woocommerce-mysql"",""cpu"":""21.73%"",""mem"":""512MiB / 122.8GiB""}]"
2026-09-10T13:35:28Z,4,15,1,47,0,2669172403,"[{""name"":""lab-worker-1"",""cpu"":""7.81%"",""mem"":""139.5MiB / 122.8GiB""},{""name"":""lab-api"",""cpu"":""0.00%"",""mem"":""143.8MiB / 122.8GiB""},{""name"":""lab-allegro-stub"",""cpu"":""0.09%"",""mem"":""21.09MiB / 122.8GiB""},{""name"":""lab-erli-stub"",""cpu"":""0.00%"",""mem"":""18.04MiB / 122.8GiB""},{""name"":""lab-eparagony-stub"",""cpu"":""4.18%"",""mem"":""20.4MiB / 122.8GiB""},{""name"":""lab-invoicing-stub"",""cpu"":""0.00%"",""mem"":""16.6MiB / 122.8GiB""},{""name"":""lab-shipping-stub"",""cpu"":""0.00%"",""mem"":""16.58MiB / 122.8GiB""},{""name"":""lab-eparagony-stub-tls"",""cpu"":""0.00%"",""mem"":""23.3MiB / 122.8GiB""},{""name"":""lab-erli-stub-tls"",""cpu"":""0.00%"",""mem"":""22.67MiB / 122.8GiB""},{""name"":""lab-wc-tls"",""cpu"":""0.07%"",""mem"":""29.3MiB / 122.8GiB""},{""name"":""lab-prestashop"",""cpu"":""1.55%"",""mem"":""127MiB / 122.8GiB""},{""name"":""lab-woocommerce"",""cpu"":""17.87%"",""mem"":""302.6MiB / 122.8GiB""},{""name"":""lab-redis"",""cpu"":""0.47%"",""mem"":""79.62MiB / 122.8GiB""},{""name"":""lab-postgres"",""cpu"":""6.11%"",""mem"":""251.1MiB / 122.8GiB""},{""name"":""lab-mysql"",""cpu"":""2.31%"",""mem"":""722.3MiB / 122.8GiB""},{""name"":""lab-woocommerce-mysql"",""cpu"":""22.40%"",""mem"":""511.8MiB / 122.8GiB""}]"
2026-09-10T13:35:31Z,4,11,2,47,0,2669172403,"[{""name"":""lab-worker-1"",""cpu"":""6.28%"",""mem"":""139.5MiB / 122.8GiB""},{""name"":""lab-api"",""cpu"":""0.00%"",""mem"":""143.8MiB / 122.8GiB""},{""name"":""lab-allegro-stub"",""cpu"":""0.07%"",""mem"":""21.09MiB / 122.8GiB""},{""name"":""lab-erli-stub"",""cpu"":""0.00%"",""mem"":""18.05MiB / 122.8GiB""},{""name"":""lab-eparagony-stub"",""cpu"":""0.00%"",""mem"":""20.37MiB / 122.8GiB""},{""name"":""lab-invoicing-stub"",""cpu"":""0.00%"",""mem"":""16.6MiB / 122.8GiB""},{""name"":""lab-shipping-stub"",""cpu"":""0.00%"",""mem"":""16.58MiB / 122.8GiB""},{""name"":""lab-eparagony-stub-tls"",""cpu"":""0.00%"",""mem"":""23.3MiB / 122.8GiB""},{""name"":""lab-erli-stub-tls"",""cpu"":""0.00%"",""mem"":""22.67MiB / 122.8GiB""},{""name"":""lab-wc-tls"",""cpu"":""0.25%"",""mem"":""29.54MiB / 122.8GiB""},{""name"":""lab-prestashop"",""cpu"":""0.01%"",""mem"":""127MiB / 122.8GiB""},{""name"":""lab-woocommerce"",""cpu"":""62.01%"",""mem"":""302.6MiB / 122.8GiB""},{""name"":""lab-redis"",""cpu"":""0.44%"",""mem"":""79.62MiB / 122.8GiB""},{""name"":""lab-postgres"",""cpu"":""11.98%"",""mem"":""253.3MiB / 122.8GiB""},{""name"":""lab-mysql"",""cpu"":""5.03%"",""mem"":""722.3MiB / 122.8GiB""},{""name"":""lab-woocommerce-mysql"",""cpu"":""77.80%"",""mem"":""512MiB / 122.8GiB""}]"
2026-09-10T13:35:31Z,4,11,2,47,0,2669172403,"[{""name"":""lab-worker-1"",""cpu"":""6.28%"",""mem"":""139.5MiB / 122.8GiB""},{""name"":""lab-api"",""cpu"":""0.00%"",""mem"":""143.8MiB / 122.8GiB""},{""name"":""lab-allegro-stub"",""cpu"":""0.07%"",""mem"":""21.09MiB / 122.8GiB""},{""name"":""lab-erli-stub"",""cpu"":""0.00%"",""mem"":""18.05MiB / 122.8GiB""},{""name"":""lab-eparagony-stub"",""cpu"":""0.00%"",""mem"":""20.37MiB / 122.8GiB""},{""name"":""lab-invoicing-stub"",""cpu"":""0.00%"",""mem"":""16.6MiB / 122.8GiB""},{""name"":""lab-shipping-stub"",""cpu"":""0.00%"",""mem"":""16.58MiB / 122.8GiB""},{""name"":""lab-eparagony-stub-tls"",""cpu"":""0.00%"",""mem"":""23.3MiB / 122.8GiB""},{""name"":""lab-erli-stub-tls"",""cpu"":""0.00%"",""mem"":""22.67MiB / 122.8GiB""},{""name"":""lab-wc-tls"",""cpu"":""0.25%"",""mem"":""29.54MiB / 122.8GiB""},{""name"":""lab-prestashop"",""cpu"":""0.01%"",""mem"":""127MiB / 122.8GiB""},{""name"":""lab-woocommerce"",""cpu"":""62.01%"",""mem"":""302.6MiB / 122.8GiB""},{""name"":""lab-redis"",""cpu"":""0.44%"",""mem"":""79.62MiB / 122.8GiB""},{""name"":""lab-postgres"",""cpu"":""11.98%"",""mem"":""253.3MiB / 122.8GiB""},{""name"":""lab-mysql"",""cpu"":""5.03%"",""mem"":""722.3MiB / 122.8GiB""},{""name"":""lab-woocommerce-mysql"",""cpu"":""77.80%"",""mem"":""512MiB / 122.8GiB""}]"
2026-09-10T13:35:35Z,3,9,3,47,0,2669205171,"[{""name"":""lab-worker-1"",""cpu"":""7.55%"",""mem"":""139.4MiB / 122.8GiB""},{""name"":""lab-api"",""cpu"":""0.00%"",""mem"":""143.8MiB / 122.8GiB""},{""name"":""lab-allegro-stub"",""cpu"":""0.09%"",""mem"":""21.09MiB / 122.8GiB""},{""name"":""lab-erli-stub"",""cpu"":""0.00%"",""mem"":""18.04MiB / 122.8GiB""},{""name"":""lab-eparagony-stub"",""cpu"":""0.00%"",""mem"":""20.37MiB / 122.8GiB""},{""name"":""lab-invoicing-stub"",""cpu"":""0.01%"",""mem"":""16.6MiB / 122.8GiB""},{""name"":""lab-shipping-stub"",""cpu"":""0.01%"",""mem"":""16.58MiB / 122.8GiB""},{""name"":""lab-eparagony-stub-tls"",""cpu"":""0.00%"",""mem"":""23.3MiB / 122.8GiB""},{""name"":""lab-erli-stub-tls"",""cpu"":""0.00%"",""mem"":""22.67MiB / 122.8GiB""},{""name"":""lab-wc-tls"",""cpu"":""0.09%"",""mem"":""29.77MiB / 122.8GiB""},{""name"":""lab-prestashop"",""cpu"":""1.62%"",""mem"":""127MiB / 122.8GiB""},{""name"":""lab-woocommerce"",""cpu"":""16.43%"",""mem"":""300.6MiB / 122.8GiB""},{""name"":""lab-redis"",""cpu"":""30.74%"",""mem"":""81.73MiB / 122.8GiB""},{""name"":""lab-postgres"",""cpu"":""7.08%"",""mem"":""254.4MiB / 122.8GiB""},{""name"":""lab-mysql"",""cpu"":""1.99%"",""mem"":""722.3MiB / 122.8GiB""},{""name"":""lab-woocommerce-mysql"",""cpu"":""25.91%"",""mem"":""511.8MiB / 122.8GiB""}]"
2026-09-10T13:35:35Z,3,9,3,47,0,2669205171,"[{""name"":""lab-worker-1"",""cpu"":""7.55%"",""mem"":""139.4MiB / 122.8GiB""},{""name"":""lab-api"",""cpu"":""0.00%"",""mem"":""143.8MiB / 122.8GiB""},{""name"":""lab-allegro-stub"",""cpu"":""0.09%"",""mem"":""21.09MiB / 122.8GiB""},{""name"":""lab-erli-stub"",""cpu"":""0.00%"",""mem"":""18.04MiB / 122.8GiB""},{""name"":""lab-eparagony-stub"",""cpu"":""0.00%"",""mem"":""20.37MiB / 122.8GiB""},{""name"":""lab-invoicing-stub"",""cpu"":""0.01%"",""mem"":""16.6MiB / 122.8GiB""},{""name"":""lab-shipping-stub"",""cpu"":""0.01%"",""mem"":""16.58MiB / 122.8GiB""},{""name"":""lab-eparagony-stub-tls"",""cpu"":""0.00%"",""mem"":""23.3MiB / 122.8GiB""},{""name"":""lab-erli-stub-tls"",""cpu"":""0.00%"",""mem"":""22.67MiB / 122.8GiB""},{""name"":""lab-wc-tls"",""cpu"":""0.09%"",""mem"":""29.77MiB / 122.8GiB""},{""name"":""lab-prestashop"",""cpu"":""1.62%"",""mem"":""127MiB / 122.8GiB""},{""name"":""lab-woocommerce"",""cpu"":""16.43%"",""mem"":""300.6MiB / 122.8GiB""},{""name"":""lab-redis"",""cpu"":""30.74%"",""mem"":""81.73MiB / 122.8GiB""},{""name"":""lab-postgres"",""cpu"":""7.08%"",""mem"":""254.4MiB / 122.8GiB""},{""name"":""lab-mysql"",""cpu"":""1.99%"",""mem"":""722.3MiB / 122.8GiB""},{""name"":""lab-woocommerce-mysql"",""cpu"":""25.91%"",""mem"":""511.8MiB / 122.8GiB""}]"
2026-09-10T13:35:39Z,4,5,1,47,0,2669205171,"[{""name"":""lab-worker-1"",""cpu"":""8.32%"",""mem"":""140.2MiB / 122.8GiB""},{""name"":""lab-api"",""cpu"":""0.00%"",""mem"":""143.8MiB / 122.8GiB""},{""name"":""lab-allegro-stub"",""cpu"":""3.65%"",""mem"":""21.3MiB / 122.8GiB""},{""name"":""lab-erli-stub"",""cpu"":""4.20%"",""mem"":""18.05MiB / 122.8GiB""},{""name"":""lab-eparagony-stub"",""cpu"":""0.00%"",""mem"":""20.37MiB / 122.8GiB""},{""name"":""lab-invoicing-stub"",""cpu"":""3.14%"",""mem"":""23.65MiB / 122.8GiB""},{""name"":""lab-shipping-stub"",""cpu"":""1.14%"",""mem"":""22.87MiB / 122.8GiB""},{""name"":""lab-eparagony-stub-tls"",""cpu"":""0.00%"",""mem"":""23.3MiB / 122.8GiB""},{""name"":""lab-erli-stub-tls"",""cpu"":""0.00%"",""mem"":""22.67MiB / 122.8GiB""},{""name"":""lab-wc-tls"",""cpu"":""0.07%"",""mem"":""29.51MiB / 122.8GiB""},{""name"":""lab-prestashop"",""cpu"":""1.55%"",""mem"":""127MiB / 122.8GiB""},{""name"":""lab-woocommerce"",""cpu"":""29.87%"",""mem"":""300.6MiB / 122.8GiB""},{""name"":""lab-redis"",""cpu"":""0.43%"",""mem"":""79.63MiB / 122.8GiB""},{""name"":""lab-postgres"",""cpu"":""7.39%"",""mem"":""255.1MiB / 122.8GiB""},{""name"":""lab-mysql"",""cpu"":""2.08%"",""mem"":""722.3MiB / 122.8GiB""},{""name"":""lab-woocommerce-mysql"",""cpu"":""19.98%"",""mem"":""511.8MiB / 122.8GiB""}]"
2026-09-10T13:35:39Z,4,5,1,47,0,2669205171,"[{""name"":""lab-worker-1"",""cpu"":""8.32%"",""mem"":""140.2MiB / 122.8GiB""},{""name"":""lab-api"",""cpu"":""0.00%"",""mem"":""143.8MiB / 122.8GiB""},{""name"":""lab-allegro-stub"",""cpu"":""3.65%"",""mem"":""21.3MiB / 122.8GiB""},{""name"":""lab-erli-stub"",""cpu"":""4.20%"",""mem"":""18.05MiB / 122.8GiB""},{""name"":""lab-eparagony-stub"",""cpu"":""0.00%"",""mem"":""20.37MiB / 122.8GiB""},{""name"":""lab-invoicing-stub"",""cpu"":""3.14%"",""mem"":""23.65MiB / 122.8GiB""},{""name"":""lab-shipping-stub"",""cpu"":""1.14%"",""mem"":""22.87MiB / 122.8GiB""},{""name"":""lab-eparagony-stub-tls"",""cpu"":""0.00%"",""mem"":""23.3MiB / 122.8GiB""},{""name"":""lab-erli-stub-tls"",""cpu"":""0.00%"",""mem"":""22.67MiB / 122.8GiB""},{""name"":""lab-wc-tls"",""cpu"":""0.07%"",""mem"":""29.51MiB / 122.8GiB""},{""name"":""lab-prestashop"",""cpu"":""1.55%"",""mem"":""127MiB / 122.8GiB""},{""name"":""lab-woocommerce"",""cpu"":""29.87%"",""mem"":""300.6MiB / 122.8GiB""},{""name"":""lab-redis"",""cpu"":""0.43%"",""mem"":""79.63MiB / 122.8GiB""},{""name"":""lab-postgres"",""cpu"":""7.39%"",""mem"":""255.1MiB / 122.8GiB""},{""name"":""lab-mysql"",""cpu"":""2.08%"",""mem"":""722.3MiB / 122.8GiB""},{""name"":""lab-woocommerce-mysql"",""cpu"":""19.98%"",""mem"":""511.8MiB / 122.8GiB""}]"
2026-09-10T13:35:42Z,4,1,2,47,0,2669205171,"[{""name"":""lab-worker-1"",""cpu"":""9.36%"",""mem"":""139.5MiB / 122.8GiB""},{""name"":""lab-api"",""cpu"":""0.37%"",""mem"":""143.8MiB / 122.8GiB""},{""name"":""lab-allegro-stub"",""cpu"":""0.11%"",""mem"":""21.09MiB / 122.8GiB""},{""name"":""lab-erli-stub"",""cpu"":""0.01%"",""mem"":""18.04MiB / 122.8GiB""},{""name"":""lab-eparagony-stub"",""cpu"":""0.00%"",""mem"":""20.37MiB / 122.8GiB""},{""name"":""lab-invoicing-stub"",""cpu"":""0.00%"",""mem"":""16.6MiB / 122.8GiB""},{""name"":""lab-shipping-stub"",""cpu"":""0.00%"",""mem"":""16.58MiB / 122.8GiB""},{""name"":""lab-eparagony-stub-tls"",""cpu"":""0.00%"",""mem"":""23.3MiB / 122.8GiB""},{""name"":""lab-erli-stub-tls"",""cpu"":""0.00%"",""mem"":""22.67MiB / 122.8GiB""},{""name"":""lab-wc-tls"",""cpu"":""0.07%"",""mem"":""29.51MiB / 122.8GiB""},{""name"":""lab-prestashop"",""cpu"":""1.66%"",""mem"":""127MiB / 122.8GiB""},{""name"":""lab-woocommerce"",""cpu"":""16.52%"",""mem"":""300.6MiB / 122.8GiB""},{""name"":""lab-redis"",""cpu"":""0.55%"",""mem"":""79.63MiB / 122.8GiB""},{""name"":""lab-postgres"",""cpu"":""8.33%"",""mem"":""251.5MiB / 122.8GiB""},{""name"":""lab-mysql"",""cpu"":""1.94%"",""mem"":""722.3MiB / 122.8GiB""},{""name"":""lab-woocommerce-mysql"",""cpu"":""20.45%"",""mem"":""511.8MiB / 122.8GiB""}]"
2026-09-10T13:35:42Z,4,1,2,47,0,2669205171,"[{""name"":""lab-worker-1"",""cpu"":""9.36%"",""mem"":""139.5MiB / 122.8GiB""},{""name"":""lab-api"",""cpu"":""0.37%"",""mem"":""143.8MiB / 122.8GiB""},{""name"":""lab-allegro-stub"",""cpu"":""0.11%"",""mem"":""21.09MiB / 122.8GiB""},{""name"":""lab-erli-stub"",""cpu"":""0.01%"",""mem"":""18.04MiB / 122.8GiB""},{""name"":""lab-eparagony-stub"",""cpu"":""0.00%"",""mem"":""20.37MiB / 122.8GiB""},{""name"":""lab-invoicing-stub"",""cpu"":""0.00%"",""mem"":""16.6MiB / 122.8GiB""},{""name"":""lab-shipping-stub"",""cpu"":""0.00%"",""mem"":""16.58MiB / 122.8GiB""},{""name"":""lab-eparagony-stub-tls"",""cpu"":""0.00%"",""mem"":""23.3MiB / 122.8GiB""},{""name"":""lab-erli-stub-tls"",""cpu"":""0.00%"",""mem"":""22.67MiB / 122.8GiB""},{""name"":""lab-wc-tls"",""cpu"":""0.07%"",""mem"":""29.51MiB / 122.8GiB""},{""name"":""lab-prestashop"",""cpu"":""1.66%"",""mem"":""127MiB / 122.8GiB""},{""name"":""lab-woocommerce"",""cpu"":""16.52%"",""mem"":""300.6MiB / 122.8GiB""},{""name"":""lab-redis"",""cpu"":""0.55%"",""mem"":""79.63MiB / 122.8GiB""},{""name"":""lab-postgres"",""cpu"":""8.33%"",""mem"":""251.5MiB / 122.8GiB""},{""name"":""lab-mysql"",""cpu"":""1.94%"",""mem"":""722.3MiB / 122.8GiB""},{""name"":""lab-woocommerce-mysql"",""cpu"":""20.45%"",""mem"":""511.8MiB / 122.8GiB""}]"
2026-09-10T13:35:46Z,3,0,0,47,0,2669205171,"[{""name"":""lab-worker-1"",""cpu"":""0.40%"",""mem"":""139.3MiB / 122.8GiB""},{""name"":""lab-api"",""cpu"":""0.00%"",""mem"":""143.8MiB / 122.8GiB""},{""name"":""lab-allegro-stub"",""cpu"":""0.00%"",""mem"":""21.09MiB / 122.8GiB""},{""name"":""lab-erli-stub"",""cpu"":""0.00%"",""mem"":""18.05MiB / 122.8GiB""},{""name"":""lab-eparagony-stub"",""cpu"":""0.00%"",""mem"":""20.37MiB / 122.8GiB""},{""name"":""lab-invoicing-stub"",""cpu"":""0.00%"",""mem"":""16.6MiB / 122.8GiB""},{""name"":""lab-shipping-stub"",""cpu"":""0.00%"",""mem"":""16.58MiB / 122.8GiB""},{""name"":""lab-eparagony-stub-tls"",""cpu"":""0.00%"",""mem"":""23.3MiB / 122.8GiB""},{""name"":""lab-erli-stub-tls"",""cpu"":""0.00%"",""mem"":""22.67MiB / 122.8GiB""},{""name"":""lab-wc-tls"",""cpu"":""0.00%"",""mem"":""29.51MiB / 122.8GiB""},{""name"":""lab-prestashop"",""cpu"":""0.03%"",""mem"":""127MiB / 122.8GiB""},{""name"":""lab-woocommerce"",""cpu"":""0.01%"",""mem"":""300.6MiB / 122.8GiB""},{""name"":""lab-redis"",""cpu"":""0.30%"",""mem"":""79.63MiB / 122.8GiB""},{""name"":""lab-postgres"",""cpu"":""0.49%"",""mem"":""251.1MiB / 122.8GiB""},{""name"":""lab-mysql"",""cpu"":""0.82%"",""mem"":""722.3MiB / 122.8GiB""},{""name"":""lab-woocommerce-mysql"",""cpu"":""1.01%"",""mem"":""511.8MiB / 122.8GiB""}]"
2026-09-10T13:35:46Z,3,0,0,47,0,2669205171,"[{""name"":""lab-worker-1"",""cpu"":""0.50%"",""mem"":""139.3MiB / 122.8GiB""},{""name"":""lab-api"",""cpu"":""0.00%"",""mem"":""143.8MiB / 122.8GiB""},{""name"":""lab-allegro-stub"",""cpu"":""0.00%"",""mem"":""21.09MiB / 122.8GiB""},{""name"":""lab-erli-stub"",""cpu"":""0.00%"",""mem"":""18.05MiB / 122.8GiB""},{""name"":""lab-eparagony-stub"",""cpu"":""0.00%"",""mem"":""20.37MiB / 122.8GiB""},{""name"":""lab-invoicing-stub"",""cpu"":""0.00%"",""mem"":""16.6MiB / 122.8GiB""},{""name"":""lab-shipping-stub"",""cpu"":""0.00%"",""mem"":""16.58MiB / 122.8GiB""},{""name"":""lab-eparagony-stub-tls"",""cpu"":""0.00%"",""mem"":""23.3MiB / 122.8GiB""},{""name"":""lab-erli-stub-tls"",""cpu"":""0.00%"",""mem"":""22.67MiB / 122.8GiB""},{""name"":""lab-wc-tls"",""cpu"":""0.00%"",""mem"":""29.51MiB / 122.8GiB""},{""name"":""lab-prestashop"",""cpu"":""0.03%"",""mem"":""127MiB / 122.8GiB""},{""name"":""lab-woocommerce"",""cpu"":""0.01%"",""mem"":""300.6MiB / 122.8GiB""},{""name"":""lab-redis"",""cpu"":""0.30%"",""mem"":""79.63MiB / 122.8GiB""},{""name"":""lab-postgres"",""cpu"":""0.49%"",""mem"":""251.1MiB / 122.8GiB""},{""name"":""lab-mysql"",""cpu"":""0.82%"",""mem"":""722.3MiB / 122.8GiB""},{""name"":""lab-woocommerce-mysql"",""cpu"":""1.01%"",""mem"":""511.8MiB / 122.8GiB""}]"
2026-09-10T13:35:50Z,4,0,0,47,0,2669205171,"[{""name"":""lab-worker-1"",""cpu"":""0.46%"",""mem"":""139.5MiB / 122.8GiB""},{""name"":""lab-api"",""cpu"":""0.00%"",""mem"":""143.8MiB / 122.8GiB""},{""name"":""lab-allegro-stub"",""cpu"":""3.92%"",""mem"":""21.11MiB / 122.8GiB""},{""name"":""lab-erli-stub"",""cpu"":""0.00%"",""mem"":""18.06MiB / 122.8GiB""},{""name"":""lab-eparagony-stub"",""cpu"":""0.00%"",""mem"":""20.37MiB / 122.8GiB""},{""name"":""lab-invoicing-stub"",""cpu"":""1.09%"",""mem"":""16.61MiB / 122.8GiB""},{""name"":""lab-shipping-stub"",""cpu"":""4.11%"",""mem"":""16.59MiB / 122.8GiB""},{""name"":""lab-eparagony-stub-tls"",""cpu"":""0.00%"",""mem"":""23.3MiB / 122.8GiB""},{""name"":""lab-erli-stub-tls"",""cpu"":""0.00%"",""mem"":""22.67MiB / 122.8GiB""},{""name"":""lab-wc-tls"",""cpu"":""0.00%"",""mem"":""29.51MiB / 122.8GiB""},{""name"":""lab-prestashop"",""cpu"":""0.01%"",""mem"":""127MiB / 122.8GiB""},{""name"":""lab-woocommerce"",""cpu"":""0.01%"",""mem"":""300.6MiB / 122.8GiB""},{""name"":""lab-redis"",""cpu"":""4.65%"",""mem"":""79.96MiB / 122.8GiB""},{""name"":""lab-postgres"",""cpu"":""0.49%"",""mem"":""251.1MiB / 122.8GiB""},{""name"":""lab-mysql"",""cpu"":""0.96%"",""mem"":""722.3MiB / 122.8GiB""},{""name"":""lab-woocommerce-mysql"",""cpu"":""1.76%"",""mem"":""511.8MiB / 122.8GiB""}]"
2026-09-10T13:35:50Z,4,0,0,47,0,2669205171,"[{""name"":""lab-worker-1"",""cpu"":""0.46%"",""mem"":""139.5MiB / 122.8GiB""},{""name"":""lab-api"",""cpu"":""0.00%"",""mem"":""143.8MiB / 122.8GiB""},{""name"":""lab-allegro-stub"",""cpu"":""3.92%"",""mem"":""21.11MiB / 122.8GiB""},{""name"":""lab-erli-stub"",""cpu"":""0.00%"",""mem"":""18.06MiB / 122.8GiB""},{""name"":""lab-eparagony-stub"",""cpu"":""0.00%"",""mem"":""20.37MiB / 122.8GiB""},{""name"":""lab-invoicing-stub"",""cpu"":""1.09%"",""mem"":""16.61MiB / 122.8GiB""},{""name"":""lab-shipping-stub"",""cpu"":""4.11%"",""mem"":""16.59MiB / 122.8GiB""},{""name"":""lab-eparagony-stub-tls"",""cpu"":""0.00%"",""mem"":""23.3MiB / 122.8GiB""},{""name"":""lab-erli-stub-tls"",""cpu"":""0.00%"",""mem"":""22.67MiB / 122.8GiB""},{""name"":""lab-wc-tls"",""cpu"":""0.00%"",""mem"":""29.51MiB / 122.8GiB""},{""name"":""lab-prestashop"",""cpu"":""0.01%"",""mem"":""127MiB / 122.8GiB""},{""name"":""lab-woocommerce"",""cpu"":""0.01%"",""mem"":""300.6MiB / 122.8GiB""},{""name"":""lab-redis"",""cpu"":""4.65%"",""mem"":""79.96MiB / 122.8GiB""},{""name"":""lab-postgres"",""cpu"":""0.49%"",""mem"":""251.1MiB / 122.8GiB""},{""name"":""lab-mysql"",""cpu"":""0.96%"",""mem"":""722.3MiB / 122.8GiB""},{""name"":""lab-woocommerce-mysql"",""cpu"":""0.94%"",""mem"":""511.8MiB / 122.8GiB""}]"
2026-09-10T13:35:54Z,4,0,0,47,0,2669205171,"[{""name"":""lab-worker-1"",""cpu"":""0.71%"",""mem"":""105.6MiB / 122.8GiB""},{""name"":""lab-api"",""cpu"":""0.01%"",""mem"":""143.9MiB / 122.8GiB""},{""name"":""lab-allegro-stub"",""cpu"":""0.01%"",""mem"":""21.09MiB / 122.8GiB""},{""name"":""lab-erli-stub"",""cpu"":""0.00%"",""mem"":""18.04MiB / 122.8GiB""},{""name"":""lab-eparagony-stub"",""cpu"":""4.14%"",""mem"":""20.4MiB / 122.8GiB""},{""name"":""lab-invoicing-stub"",""cpu"":""0.00%"",""mem"":""16.6MiB / 122.8GiB""},{""name"":""lab-shipping-stub"",""cpu"":""0.00%"",""mem"":""16.58MiB / 122.8GiB""},{""name"":""lab-eparagony-stub-tls"",""cpu"":""0.00%"",""mem"":""23.3MiB / 122.8GiB""},{""name"":""lab-erli-stub-tls"",""cpu"":""0.00%"",""mem"":""22.67MiB / 122.8GiB""},{""name"":""lab-wc-tls"",""cpu"":""0.00%"",""mem"":""29.51MiB / 122.8GiB""},{""name"":""lab-prestashop"",""cpu"":""0.01%"",""mem"":""127MiB / 122.8GiB""},{""name"":""lab-woocommerce"",""cpu"":""0.01%"",""mem"":""300.6MiB / 122.8GiB""},{""name"":""lab-redis"",""cpu"":""0.26%"",""mem"":""79.88MiB / 122.8GiB""},{""name"":""lab-postgres"",""cpu"":""0.55%"",""mem"":""240.8MiB / 122.8GiB""},{""name"":""lab-mysql"",""cpu"":""0.93%"",""mem"":""722.3MiB / 122.8GiB""},{""name"":""lab-woocommerce-mysql"",""cpu"":""0.97%"",""mem"":""511.8MiB / 122.8GiB""}]"
2026-09-10T13:35:54Z,4,0,0,47,0,2669205171,"[{""name"":""lab-worker-1"",""cpu"":""0.71%"",""mem"":""105.6MiB / 122.8GiB""},{""name"":""lab-api"",""cpu"":""0.01%"",""mem"":""143.9MiB / 122.8GiB""},{""name"":""lab-allegro-stub"",""cpu"":""0.01%"",""mem"":""21.09MiB / 122.8GiB""},{""name"":""lab-erli-stub"",""cpu"":""3.98%"",""mem"":""18.08MiB / 122.8GiB""},{""name"":""lab-eparagony-stub"",""cpu"":""4.14%"",""mem"":""20.4MiB / 122.8GiB""},{""name"":""lab-invoicing-stub"",""cpu"":""0.00%"",""mem"":""16.6MiB / 122.8GiB""},{""name"":""lab-shipping-stub"",""cpu"":""0.00%"",""mem"":""16.58MiB / 122.8GiB""},{""name"":""lab-eparagony-stub-tls"",""cpu"":""0.00%"",""mem"":""23.3MiB / 122.8GiB""},{""name"":""lab-erli-stub-tls"",""cpu"":""0.00%"",""mem"":""22.67MiB / 122.8GiB""},{""name"":""lab-wc-tls"",""cpu"":""0.00%"",""mem"":""29.51MiB / 122.8GiB""},{""name"":""lab-prestashop"",""cpu"":""0.01%"",""mem"":""127MiB / 122.8GiB""},{""name"":""lab-woocommerce"",""cpu"":""0.01%"",""mem"":""300.6MiB / 122.8GiB""},{""name"":""lab-redis"",""cpu"":""0.26%"",""mem"":""79.88MiB / 122.8GiB""},{""name"":""lab-postgres"",""cpu"":""0.55%"",""mem"":""240.8MiB / 122.8GiB""},{""name"":""lab-mysql"",""cpu"":""0.93%"",""mem"":""722.3MiB / 122.8GiB""},{""name"":""lab-woocommerce-mysql"",""cpu"":""0.97%"",""mem"":""511.8MiB / 122.8GiB""}]"
2026-09-10T13:35:57Z,4,0,0,47,0,2669205171,"[{""name"":""lab-worker-1"",""cpu"":""0.86%"",""mem"":""105.8MiB / 122.8GiB""},{""name"":""lab-api"",""cpu"":""0.00%"",""mem"":""143.9MiB / 122.8GiB""},{""name"":""lab-allegro-stub"",""cpu"":""0.00%"",""mem"":""21.09MiB / 122.8GiB""},{""name"":""lab-erli-stub"",""cpu"":""0.00%"",""mem"":""18.05MiB / 122.8GiB""},{""name"":""lab-eparagony-stub"",""cpu"":""0.01%"",""mem"":""20.37MiB / 122.8GiB""},{""name"":""lab-invoicing-stub"",""cpu"":""0.00%"",""mem"":""16.6MiB / 122.8GiB""},{""name"":""lab-shipping-stub"",""cpu"":""0.00%"",""mem"":""16.58MiB / 122.8GiB""},{""name"":""lab-eparagony-stub-tls"",""cpu"":""0.00%"",""mem"":""23.3MiB / 122.8GiB""},{""name"":""lab-erli-stub-tls"",""cpu"":""0.00%"",""mem"":""22.67MiB / 122.8GiB""},{""name"":""lab-wc-tls"",""cpu"":""0.00%"",""mem"":""29.51MiB / 122.8GiB""},{""name"":""lab-prestashop"",""cpu"":""0.01%"",""mem"":""127MiB / 122.8GiB""},{""name"":""lab-woocommerce"",""cpu"":""0.01%"",""mem"":""300.6MiB / 122.8GiB""},{""name"":""lab-redis"",""cpu"":""0.32%"",""mem"":""79.63MiB / 122.8GiB""},{""name"":""lab-postgres"",""cpu"":""0.49%"",""mem"":""240.7MiB / 122.8GiB""},{""name"":""lab-mysql"",""cpu"":""1.06%"",""mem"":""722.3MiB / 122.8GiB""},{""name"":""lab-woocommerce-mysql"",""cpu"":""1.03%"",""mem"":""511.8MiB / 122.8GiB""}]"
2026-09-10T13:35:57Z,4,0,0,47,0,2669205171,"[{""name"":""lab-worker-1"",""cpu"":""0.86%"",""mem"":""105.8MiB / 122.8GiB""},{""name"":""lab-api"",""cpu"":""0.00%"",""mem"":""143.9MiB / 122.8GiB""},{""name"":""lab-allegro-stub"",""cpu"":""0.00%"",""mem"":""21.09MiB / 122.8GiB""},{""name"":""lab-erli-stub"",""cpu"":""0.00%"",""mem"":""18.05MiB / 122.8GiB""},{""name"":""lab-eparagony-stub"",""cpu"":""0.01%"",""mem"":""20.37MiB / 122.8GiB""},{""name"":""lab-invoicing-stub"",""cpu"":""0.00%"",""mem"":""16.6MiB / 122.8GiB""},{""name"":""lab-shipping-stub"",""cpu"":""0.00%"",""mem"":""16.58MiB / 122.8GiB""},{""name"":""lab-eparagony-stub-tls"",""cpu"":""0.00%"",""mem"":""23.3MiB / 122.8GiB""},{""name"":""lab-erli-stub-tls"",""cpu"":""0.00%"",""mem"":""22.67MiB / 122.8GiB""},{""name"":""lab-wc-tls"",""cpu"":""0.00%"",""mem"":""29.51MiB / 122.8GiB""},{""name"":""lab-prestashop"",""cpu"":""0.01%"",""mem"":""127MiB / 122.8GiB""},{""name"":""lab-woocommerce"",""cpu"":""0.01%"",""mem"":""300.6MiB / 122.8GiB""},{""name"":""lab-redis"",""cpu"":""0.32%"",""mem"":""79.63MiB / 122.8GiB""},{""name"":""lab-postgres"",""cpu"":""0.49%"",""mem"":""240.7MiB / 122.8GiB""},{""name"":""lab-mysql"",""cpu"":""1.06%"",""mem"":""722.3MiB / 122.8GiB""},{""name"":""lab-woocommerce-mysql"",""cpu"":""1.03%"",""mem"":""511.8MiB / 122.8GiB""}]"
2026-09-10T13:36:01Z,3,0,0,47,0,2669205171,"[{""name"":""lab-worker-1"",""cpu"":""0.53%"",""mem"":""105.6MiB / 122.8GiB""},{""name"":""lab-api"",""cpu"":""0.00%"",""mem"":""143.9MiB / 122.8GiB""},{""name"":""lab-allegro-stub"",""cpu"":""0.00%"",""mem"":""21.09MiB / 122.8GiB""},{""name"":""lab-erli-stub"",""cpu"":""0.00%"",""mem"":""18.04MiB / 122.8GiB""},{""name"":""lab-eparagony-stub"",""cpu"":""0.00%"",""mem"":""20.37MiB / 122.8GiB""},{""name"":""lab-invoicing-stub"",""cpu"":""0.00%"",""mem"":""16.61MiB / 122.8GiB""},{""name"":""lab-shipping-stub"",""cpu"":""0.00%"",""mem"":""16.59MiB / 122.8GiB""},{""name"":""lab-eparagony-stub-tls"",""cpu"":""0.00%"",""mem"":""23.3MiB / 122.8GiB""},{""name"":""lab-erli-stub-tls"",""cpu"":""0.00%"",""mem"":""22.67MiB / 122.8GiB""},{""name"":""lab-wc-tls"",""cpu"":""0.00%"",""mem"":""29.51MiB / 122.8GiB""},{""name"":""lab-prestashop"",""cpu"":""0.01%"",""mem"":""127MiB / 122.8GiB""},{""name"":""lab-woocommerce"",""cpu"":""0.01%"",""mem"":""300.6MiB / 122.8GiB""},{""name"":""lab-redis"",""cpu"":""0.30%"",""mem"":""79.66MiB / 122.8GiB""},{""name"":""lab-postgres"",""cpu"":""0.48%"",""mem"":""240.7MiB / 122.8GiB""},{""name"":""lab-mysql"",""cpu"":""1.05%"",""mem"":""722.3MiB / 122.8GiB""},{""name"":""lab-woocommerce-mysql"",""cpu"":""1.02%"",""mem"":""511.8MiB / 122.8GiB""}]"
2026-09-10T13:36:01Z,3,0,0,47,0,2669205171,"[{""name"":""lab-worker-1"",""cpu"":""0.53%"",""mem"":""105.6MiB / 122.8GiB""},{""name"":""lab-api"",""cpu"":""0.00%"",""mem"":""143.9MiB / 122.8GiB""},{""name"":""lab-allegro-stub"",""cpu"":""0.00%"",""mem"":""21.09MiB / 122.8GiB""},{""name"":""lab-erli-stub"",""cpu"":""0.00%"",""mem"":""18.04MiB / 122.8GiB""},{""name"":""lab-eparagony-stub"",""cpu"":""0.00%"",""mem"":""20.37MiB / 122.8GiB""},{""name"":""lab-invoicing-stub"",""cpu"":""0.00%"",""mem"":""16.61MiB / 122.8GiB""},{""name"":""lab-shipping-stub"",""cpu"":""0.00%"",""mem"":""16.59MiB / 122.8GiB""},{""name"":""lab-eparagony-stub-tls"",""cpu"":""0.00%"",""mem"":""23.3MiB / 122.8GiB""},{""name"":""lab-erli-stub-tls"",""cpu"":""0.00%"",""mem"":""22.67MiB / 122.8GiB""},{""name"":""lab-wc-tls"",""cpu"":""0.00%"",""mem"":""29.51MiB / 122.8GiB""},{""name"":""lab-prestashop"",""cpu"":""0.01%"",""mem"":""127MiB / 122.8GiB""},{""name"":""lab-woocommerce"",""cpu"":""0.01%"",""mem"":""300.6MiB / 122.8GiB""},{""name"":""lab-redis"",""cpu"":""0.30%"",""mem"":""79.66MiB / 122.8GiB""},{""name"":""lab-postgres"",""cpu"":""0.48%"",""mem"":""240.7MiB / 122.8GiB""},{""name"":""lab-mysql"",""cpu"":""1.05%"",""mem"":""722.3MiB / 122.8GiB""},{""name"":""lab-woocommerce-mysql"",""cpu"":""1.02%"",""mem"":""511.8MiB / 122.8GiB""}]"
2026-09-10T13:36:05Z,4,0,1,47,0,2669205171,"[{""name"":""lab-worker-1"",""cpu"":""0.58%"",""mem"":""105.6MiB / 122.8GiB""},{""name"":""lab-api"",""cpu"":""0.00%"",""mem"":""144MiB / 122.8GiB""},{""name"":""lab-allegro-stub"",""cpu"":""4.41%"",""mem"":""21.1MiB / 122.8GiB""},{""name"":""lab-erli-stub"",""cpu"":""0.00%"",""mem"":""18.06MiB / 122.8GiB""},{""name"":""lab-eparagony-stub"",""cpu"":""0.00%"",""mem"":""20.38MiB / 122.8GiB""},{""name"":""lab-invoicing-stub"",""cpu"":""4.31%"",""mem"":""16.61MiB / 122.8GiB""},{""name"":""lab-shipping-stub"",""cpu"":""3.92%"",""mem"":""16.61MiB / 122.8GiB""},{""name"":""lab-eparagony-stub-tls"",""cpu"":""0.00%"",""mem"":""23.3MiB / 122.8GiB""},{""name"":""lab-erli-stub-tls"",""cpu"":""0.00%"",""mem"":""22.67MiB / 122.8GiB""},{""name"":""lab-wc-tls"",""cpu"":""0.00%"",""mem"":""29.51MiB / 122.8GiB""},{""name"":""lab-prestashop"",""cpu"":""0.01%"",""mem"":""126.9MiB / 122.8GiB""},{""name"":""lab-woocommerce"",""cpu"":""0.01%"",""mem"":""300.6MiB / 122.8GiB""},{""name"":""lab-redis"",""cpu"":""0.31%"",""mem"":""79.63MiB / 122.8GiB""},{""name"":""lab-postgres"",""cpu"":""0.50%"",""mem"":""239.4MiB / 122.8GiB""},{""name"":""lab-mysql"",""cpu"":""0.94%"",""mem"":""722.3MiB / 122.8GiB""},{""name"":""lab-woocommerce-mysql"",""cpu"":""5.54%"",""mem"":""511.9MiB / 122.8GiB""}]"
2026-09-10T13:36:05Z,4,0,1,47,0,2669205171,"[{""name"":""lab-worker-1"",""cpu"":""0.58%"",""mem"":""105.6MiB / 122.8GiB""},{""name"":""lab-api"",""cpu"":""0.00%"",""mem"":""144MiB / 122.8GiB""},{""name"":""lab-allegro-stub"",""cpu"":""4.41%"",""mem"":""21.1MiB / 122.8GiB""},{""name"":""lab-erli-stub"",""cpu"":""0.00%"",""mem"":""18.06MiB / 122.8GiB""},{""name"":""lab-eparagony-stub"",""cpu"":""0.00%"",""mem"":""20.38MiB / 122.8GiB""},{""name"":""lab-invoicing-stub"",""cpu"":""4.31%"",""mem"":""16.61MiB / 122.8GiB""},{""name"":""lab-shipping-stub"",""cpu"":""3.92%"",""mem"":""16.61MiB / 122.8GiB""},{""name"":""lab-eparagony-stub-tls"",""cpu"":""0.00%"",""mem"":""23.3MiB / 122.8GiB""},{""name"":""lab-erli-stub-tls"",""cpu"":""0.00%"",""mem"":""22.67MiB / 122.8GiB""},{""name"":""lab-wc-tls"",""cpu"":""0.00%"",""mem"":""29.51MiB / 122.8GiB""},{""name"":""lab-prestashop"",""cpu"":""0.01%"",""mem"":""126.9MiB / 122.8GiB""},{""name"":""lab-woocommerce"",""cpu"":""0.01%"",""mem"":""300.6MiB / 122.8GiB""},{""name"":""lab-redis"",""cpu"":""0.31%"",""mem"":""79.63MiB / 122.8GiB""},{""name"":""lab-postgres"",""cpu"":""0.50%"",""mem"":""239.4MiB / 122.8GiB""},{""name"":""lab-mysql"",""cpu"":""0.94%"",""mem"":""722.3MiB / 122.8GiB""},{""name"":""lab-woocommerce-mysql"",""cpu"":""5.54%"",""mem"":""511.9MiB / 122.8GiB""}]"
2026-09-10T13:36:08Z,4,0,0,47,0,2669205171,"[{""name"":""lab-worker-1"",""cpu"":""2.33%"",""mem"":""98.36MiB / 122.8GiB""},{""name"":""lab-api"",""cpu"":""0.01%"",""mem"":""144MiB / 122.8GiB""},{""name"":""lab-allegro-stub"",""cpu"":""0.01%"",""mem"":""21.09MiB / 122.8GiB""},{""name"":""lab-erli-stub"",""cpu"":""4.32%"",""mem"":""18.17MiB / 122.8GiB""},{""name"":""lab-eparagony-stub"",""cpu"":""4.24%"",""mem"":""20.38MiB / 122.8GiB""},{""name"":""lab-invoicing-stub"",""cpu"":""0.00%"",""mem"":""16.6MiB / 122.8GiB""},{""name"":""lab-shipping-stub"",""cpu"":""0.00%"",""mem"":""16.58MiB / 122.8GiB""},{""name"":""lab-eparagony-stub-tls"",""cpu"":""0.00%"",""mem"":""23.3MiB / 122.8GiB""},{""name"":""lab-erli-stub-tls"",""cpu"":""0.00%"",""mem"":""22.67MiB / 122.8GiB""},{""name"":""lab-wc-tls"",""cpu"":""0.00%"",""mem"":""29.51MiB / 122.8GiB""},{""name"":""lab-prestashop"",""cpu"":""0.01%"",""mem"":""126.9MiB / 122.8GiB""},{""name"":""lab-woocommerce"",""cpu"":""0.01%"",""mem"":""300.6MiB / 122.8GiB""},{""name"":""lab-redis"",""cpu"":""0.27%"",""mem"":""79.63MiB / 122.8GiB""},{""name"":""lab-postgres"",""cpu"":""0.44%"",""mem"":""239.4MiB / 122.8GiB""},{""name"":""lab-mysql"",""cpu"":""0.97%"",""mem"":""722.3MiB / 122.8GiB""},{""name"":""lab-woocommerce-mysql"",""cpu"":""1.00%"",""mem"":""511.8MiB / 122.8GiB""}]"
2026-09-10T13:36:08Z,4,0,0,47,0,2669205171,"[{""name"":""lab-worker-1"",""cpu"":""2.33%"",""mem"":""98.36MiB / 122.8GiB""},{""name"":""lab-api"",""cpu"":""0.01%"",""mem"":""144MiB / 122.8GiB""},{""name"":""lab-allegro-stub"",""cpu"":""0.01%"",""mem"":""21.09MiB / 122.8GiB""},{""name"":""lab-erli-stub"",""cpu"":""4.32%"",""mem"":""18.17MiB / 122.8GiB""},{""name"":""lab-eparagony-stub"",""cpu"":""4.24%"",""mem"":""20.38MiB / 122.8GiB""},{""name"":""lab-invoicing-stub"",""cpu"":""0.00%"",""mem"":""16.6MiB / 122.8GiB""},{""name"":""lab-shipping-stub"",""cpu"":""0.00%"",""mem"":""16.58MiB / 122.8GiB""},{""name"":""lab-eparagony-stub-tls"",""cpu"":""0.00%"",""mem"":""23.3MiB / 122.8GiB""},{""name"":""lab-erli-stub-tls"",""cpu"":""0.00%"",""mem"":""22.67MiB / 122.8GiB""},{""name"":""lab-wc-tls"",""cpu"":""0.00%"",""mem"":""29.51MiB / 122.8GiB""},{""name"":""lab-prestashop"",""cpu"":""0.01%"",""mem"":""126.9MiB / 122.8GiB""},{""name"":""lab-woocommerce"",""cpu"":""0.01%"",""mem"":""300.6MiB / 122.8GiB""},{""name"":""lab-redis"",""cpu"":""0.27%"",""mem"":""79.63MiB / 122.8GiB""},{""name"":""lab-postgres"",""cpu"":""0.44%"",""mem"":""239.4MiB / 122.8GiB""},{""name"":""lab-mysql"",""cpu"":""0.97%"",""mem"":""722.3MiB / 122.8GiB""},{""name"":""lab-woocommerce-mysql"",""cpu"":""1.00%"",""mem"":""511.8MiB / 122.8GiB""}]"
2026-09-10T13:36:12Z,3,0,0,47,0,2669205171,"[{""name"":""lab-worker-1"",""cpu"":""4.92%"",""mem"":""99.25MiB / 122.8GiB""},{""name"":""lab-api"",""cpu"":""0.42%"",""mem"":""144MiB / 122.8GiB""},{""name"":""lab-allegro-stub"",""cpu"":""0.02%"",""mem"":""21.09MiB / 122.8GiB""},{""name"":""lab-erli-stub"",""cpu"":""0.01%"",""mem"":""18.05MiB / 122.8GiB""},{""name"":""lab-eparagony-stub"",""cpu"":""0.00%"",""mem"":""20.37MiB / 122.8GiB""},{""name"":""lab-invoicing-stub"",""cpu"":""0.00%"",""mem"":""16.6MiB / 122.8GiB""},{""name"":""lab-shipping-stub"",""cpu"":""0.00%"",""mem"":""16.58MiB / 122.8GiB""},{""name"":""lab-eparagony-stub-tls"",""cpu"":""0.00%"",""mem"":""23.3MiB / 122.8GiB""},{""name"":""lab-erli-stub-tls"",""cpu"":""0.00%"",""mem"":""22.67MiB / 122.8GiB""},{""name"":""lab-wc-tls"",""cpu"":""0.00%"",""mem"":""29.51MiB / 122.8GiB""},{""name"":""lab-prestashop"",""cpu"":""0.01%"",""mem"":""126.9MiB / 122.8GiB""},{""name"":""lab-woocommerce"",""cpu"":""0.01%"",""mem"":""300.6MiB / 122.8GiB""},{""name"":""lab-redis"",""cpu"":""0.37%"",""mem"":""79.64MiB / 122.8GiB""},{""name"":""lab-postgres"",""cpu"":""8.28%"",""mem"":""238MiB / 122.8GiB""},{""name"":""lab-mysql"",""cpu"":""5.19%"",""mem"":""722.3MiB / 122.8GiB""},{""name"":""lab-woocommerce-mysql"",""cpu"":""0.77%"",""mem"":""511.8MiB / 122.8GiB""}]"
2026-09-10T13:36:12Z,3,0,0,47,0,2669205171,"[{""name"":""lab-worker-1"",""cpu"":""4.92%"",""mem"":""99.25MiB / 122.8GiB""},{""name"":""lab-api"",""cpu"":""0.42%"",""mem"":""144MiB / 122.8GiB""},{""name"":""lab-allegro-stub"",""cpu"":""0.02%"",""mem"":""21.09MiB / 122.8GiB""},{""name"":""lab-erli-stub"",""cpu"":""0.01%"",""mem"":""18.05MiB / 122.8GiB""},{""name"":""lab-eparagony-stub"",""cpu"":""0.00%"",""mem"":""20.37MiB / 122.8GiB""},{""name"":""lab-invoicing-stub"",""cpu"":""0.00%"",""mem"":""16.6MiB / 122.8GiB""},{""name"":""lab-shipping-stub"",""cpu"":""0.00%"",""mem"":""16.58MiB / 122.8GiB""},{""name"":""lab-eparagony-stub-tls"",""cpu"":""0.00%"",""mem"":""23.3MiB / 122.8GiB""},{""name"":""lab-erli-stub-tls"",""cpu"":""0.00%"",""mem"":""22.67MiB / 122.8GiB""},{""name"":""lab-wc-tls"",""cpu"":""0.00%"",""mem"":""29.51MiB / 122.8GiB""},{""name"":""lab-prestashop"",""cpu"":""0.01%"",""mem"":""126.9MiB / 122.8GiB""},{""name"":""lab-woocommerce"",""cpu"":""0.01%"",""mem"":""300.6MiB / 122.8GiB""},{""name"":""lab-redis"",""cpu"":""0.37%"",""mem"":""79.64MiB / 122.8GiB""},{""name"":""lab-postgres"",""cpu"":""8.28%"",""mem"":""238MiB / 122.8GiB""},{""name"":""lab-mysql"",""cpu"":""5.19%"",""mem"":""722.3MiB / 122.8GiB""},{""name"":""lab-woocommerce-mysql"",""cpu"":""0.77%"",""mem"":""511.8MiB / 122.8GiB""}]"
2026-09-10T13:36:16Z,4,0,0,47,0,2669205171,"[{""name"":""lab-worker-1"",""cpu"":""0.57%"",""mem"":""99.41MiB / 122.8GiB""},{""name"":""lab-api"",""cpu"":""0.00%"",""mem"":""144MiB / 122.8GiB""},{""name"":""lab-allegro-stub"",""cpu"":""0.03%"",""mem"":""21.09MiB / 122.8GiB""},{""name"":""lab-erli-stub"",""cpu"":""0.00%"",""mem"":""18.04MiB / 122.8GiB""},{""name"":""lab-eparagony-stub"",""cpu"":""0.00%"",""mem"":""20.37MiB / 122.8GiB""},{""name"":""lab-invoicing-stub"",""cpu"":""0.00%"",""mem"":""16.64MiB / 122.8GiB""},{""name"":""lab-shipping-stub"",""cpu"":""0.00%"",""mem"":""16.6MiB / 122.8GiB""},{""name"":""lab-eparagony-stub-tls"",""cpu"":""0.00%"",""mem"":""23.3MiB / 122.8GiB""},{""name"":""lab-erli-stub-tls"",""cpu"":""0.00%"",""mem"":""22.67MiB / 122.8GiB""},{""name"":""lab-wc-tls"",""cpu"":""0.00%"",""mem"":""29.51MiB / 122.8GiB""},{""name"":""lab-prestashop"",""cpu"":""0.01%"",""mem"":""126.9MiB / 122.8GiB""},{""name"":""lab-woocommerce"",""cpu"":""0.01%"",""mem"":""300.6MiB / 122.8GiB""},{""name"":""lab-redis"",""cpu"":""0.32%"",""mem"":""79.88MiB / 122.8GiB""},{""name"":""lab-postgres"",""cpu"":""0.55%"",""mem"":""238.1MiB / 122.8GiB""},{""name"":""lab-mysql"",""cpu"":""1.00%"",""mem"":""722.3MiB / 122.8GiB""},{""name"":""lab-woocommerce-mysql"",""cpu"":""0.97%"",""mem"":""511.9MiB / 122.8GiB""}]"
2026-09-10T13:36:16Z,4,0,0,47,0,2669205171,"[{""name"":""lab-worker-1"",""cpu"":""0.57%"",""mem"":""99.41MiB / 122.8GiB""},{""name"":""lab-api"",""cpu"":""0.00%"",""mem"":""144MiB / 122.8GiB""},{""name"":""lab-allegro-stub"",""cpu"":""0.03%"",""mem"":""21.09MiB / 122.8GiB""},{""name"":""lab-erli-stub"",""cpu"":""0.00%"",""mem"":""18.04MiB / 122.8GiB""},{""name"":""lab-eparagony-stub"",""cpu"":""0.00%"",""mem"":""20.37MiB / 122.8GiB""},{""name"":""lab-invoicing-stub"",""cpu"":""0.00%"",""mem"":""16.64MiB / 122.8GiB""},{""name"":""lab-shipping-stub"",""cpu"":""0.00%"",""mem"":""16.6MiB / 122.8GiB""},{""name"":""lab-eparagony-stub-tls"",""cpu"":""0.00%"",""mem"":""23.3MiB / 122.8GiB""},{""name"":""lab-erli-stub-tls"",""cpu"":""0.00%"",""mem"":""22.67MiB / 122.8GiB""},{""name"":""lab-wc-tls"",""cpu"":""0.00%"",""mem"":""29.51MiB / 122.8GiB""},{""name"":""lab-prestashop"",""cpu"":""0.01%"",""mem"":""126.9MiB / 122.8GiB""},{""name"":""lab-woocommerce"",""cpu"":""0.01%"",""mem"":""300.6MiB / 122.8GiB""},{""name"":""lab-redis"",""cpu"":""0.32%"",""mem"":""79.88MiB / 122.8GiB""},{""name"":""lab-postgres"",""cpu"":""0.55%"",""mem"":""238.1MiB / 122.8GiB""},{""name"":""lab-mysql"",""cpu"":""1.00%"",""mem"":""722.3MiB / 122.8GiB""},{""name"":""lab-woocommerce-mysql"",""cpu"":""6.13%"",""mem"":""512MiB / 122.8GiB""}]"
2026-09-10T13:36:19Z,4,0,0,47,0,2669205171,"[{""name"":""lab-worker-1"",""cpu"":""1.97%"",""mem"":""99.51MiB / 122.8GiB""},{""name"":""lab-api"",""cpu"":""0.00%"",""mem"":""144MiB / 122.8GiB""},{""name"":""lab-allegro-stub"",""cpu"":""3.97%"",""mem"":""21.1MiB / 122.8GiB""},{""name"":""lab-erli-stub"",""cpu"":""0.01%"",""mem"":""18.05MiB / 122.8GiB""},{""name"":""lab-eparagony-stub"",""cpu"":""0.01%"",""mem"":""20.38MiB / 122.8GiB""},{""name"":""lab-invoicing-stub"",""cpu"":""4.08%"",""mem"":""16.63MiB / 122.8GiB""},{""name"":""lab-shipping-stub"",""cpu"":""3.89%"",""mem"":""16.61MiB / 122.8GiB""},{""name"":""lab-eparagony-stub-tls"",""cpu"":""0.00%"",""mem"":""23.3MiB / 122.8GiB""},{""name"":""lab-erli-stub-tls"",""cpu"":""0.00%"",""mem"":""22.67MiB / 122.8GiB""},{""name"":""lab-wc-tls"",""cpu"":""0.00%"",""mem"":""29.51MiB / 122.8GiB""},{""name"":""lab-prestashop"",""cpu"":""0.02%"",""mem"":""126.9MiB / 122.8GiB""},{""name"":""lab-woocommerce"",""cpu"":""0.01%"",""mem"":""300.6MiB / 122.8GiB""},{""name"":""lab-redis"",""cpu"":""4.46%"",""mem"":""79.96MiB / 122.8GiB""},{""name"":""lab-postgres"",""cpu"":""0.44%"",""mem"":""238.1MiB / 122.8GiB""},{""name"":""lab-mysql"",""cpu"":""0.94%"",""mem"":""722.3MiB / 122.8GiB""},{""name"":""lab-woocommerce-mysql"",""cpu"":""0.90%"",""mem"":""511.8MiB / 122.8GiB""}]"
2026-09-10T13:36:19Z,4,0,0,47,0,2669205171,"[{""name"":""lab-worker-1"",""cpu"":""1.97%"",""mem"":""99.51MiB / 122.8GiB""},{""name"":""lab-api"",""cpu"":""0.00%"",""mem"":""144MiB / 122.8GiB""},{""name"":""lab-allegro-stub"",""cpu"":""3.97%"",""mem"":""21.1MiB / 122.8GiB""},{""name"":""lab-erli-stub"",""cpu"":""0.01%"",""mem"":""18.05MiB / 122.8GiB""},{""name"":""lab-eparagony-stub"",""cpu"":""0.01%"",""mem"":""20.38MiB / 122.8GiB""},{""name"":""lab-invoicing-stub"",""cpu"":""4.08%"",""mem"":""16.63MiB / 122.8GiB""},{""name"":""lab-shipping-stub"",""cpu"":""3.89%"",""mem"":""16.61MiB / 122.8GiB""},{""name"":""lab-eparagony-stub-tls"",""cpu"":""0.00%"",""mem"":""23.3MiB / 122.8GiB""},{""name"":""lab-erli-stub-tls"",""cpu"":""0.00%"",""mem"":""22.67MiB / 122.8GiB""},{""name"":""lab-wc-tls"",""cpu"":""0.00%"",""mem"":""29.51MiB / 122.8GiB""},{""name"":""lab-prestashop"",""cpu"":""0.02%"",""mem"":""126.9MiB / 122.8GiB""},{""name"":""lab-woocommerce"",""cpu"":""0.01%"",""mem"":""300.6MiB / 122.8GiB""},{""name"":""lab-redis"",""cpu"":""4.46%"",""mem"":""79.96MiB / 122.8GiB""},{""name"":""lab-postgres"",""cpu"":""0.44%"",""mem"":""238.1MiB / 122.8GiB""},{""name"":""lab-mysql"",""cpu"":""0.94%"",""mem"":""722.3MiB / 122.8GiB""},{""name"":""lab-woocommerce-mysql"",""cpu"":""0.90%"",""mem"":""511.8MiB / 122.8GiB""}]"
2026-09-10T13:36:23Z,3,0,0,47,0,2669205171,"[{""name"":""lab-worker-1"",""cpu"":""0.91%"",""mem"":""99.53MiB / 122.8GiB""},{""name"":""lab-api"",""cpu"":""0.01%"",""mem"":""144MiB / 122.8GiB""},{""name"":""lab-allegro-stub"",""cpu"":""0.06%"",""mem"":""21.09MiB / 122.8GiB""},{""name"":""lab-erli-stub"",""cpu"":""0.00%"",""mem"":""18.04MiB / 122.8GiB""},{""name"":""lab-eparagony-stub"",""cpu"":""4.08%"",""mem"":""20.4MiB / 122.8GiB""},{""name"":""lab-invoicing-stub"",""cpu"":""0.00%"",""mem"":""16.6MiB / 122.8GiB""},{""name"":""lab-shipping-stub"",""cpu"":""0.00%"",""mem"":""16.58MiB / 122.8GiB""},{""name"":""lab-eparagony-stub-tls"",""cpu"":""0.00%"",""mem"":""23.3MiB / 122.8GiB""},{""name"":""lab-erli-stub-tls"",""cpu"":""0.00%"",""mem"":""22.67MiB / 122.8GiB""},{""name"":""lab-wc-tls"",""cpu"":""0.00%"",""mem"":""29.51MiB / 122.8GiB""},{""name"":""lab-prestashop"",""cpu"":""0.01%"",""mem"":""126.9MiB / 122.8GiB""},{""name"":""lab-woocommerce"",""cpu"":""0.01%"",""mem"":""300.6MiB / 122.8GiB""},{""name"":""lab-redis"",""cpu"":""0.29%"",""mem"":""79.63MiB / 122.8GiB""},{""name"":""lab-postgres"",""cpu"":""1.38%"",""mem"":""238.2MiB / 122.8GiB""},{""name"":""lab-mysql"",""cpu"":""0.95%"",""mem"":""722.3MiB / 122.8GiB""},{""name"":""lab-woocommerce-mysql"",""cpu"":""0.99%"",""mem"":""511.8MiB / 122.8GiB""}]"
2026-09-10T13:36:23Z,3,0,0,47,0,2669205171,"[{""name"":""lab-worker-1"",""cpu"":""0.91%"",""mem"":""99.53MiB / 122.8GiB""},{""name"":""lab-api"",""cpu"":""0.01%"",""mem"":""144MiB / 122.8GiB""},{""name"":""lab-allegro-stub"",""cpu"":""0.06%"",""mem"":""21.09MiB / 122.8GiB""},{""name"":""lab-erli-stub"",""cpu"":""0.00%"",""mem"":""18.04MiB / 122.8GiB""},{""name"":""lab-eparagony-stub"",""cpu"":""4.08%"",""mem"":""20.4MiB / 122.8GiB""},{""name"":""lab-invoicing-stub"",""cpu"":""0.00%"",""mem"":""16.6MiB / 122.8GiB""},{""name"":""lab-shipping-stub"",""cpu"":""0.00%"",""mem"":""16.58MiB / 122.8GiB""},{""name"":""lab-eparagony-stub-tls"",""cpu"":""0.00%"",""mem"":""23.3MiB / 122.8GiB""},{""name"":""lab-erli-stub-tls"",""cpu"":""0.00%"",""mem"":""22.67MiB / 122.8GiB""},{""name"":""lab-wc-tls"",""cpu"":""0.00%"",""mem"":""29.51MiB / 122.8GiB""},{""name"":""lab-prestashop"",""cpu"":""0.01%"",""mem"":""126.9MiB / 122.8GiB""},{""name"":""lab-woocommerce"",""cpu"":""0.01%"",""mem"":""300.6MiB / 122.8GiB""},{""name"":""lab-redis"",""cpu"":""0.29%"",""mem"":""79.63MiB / 122.8GiB""},{""name"":""lab-postgres"",""cpu"":""1.38%"",""mem"":""238.2MiB / 122.8GiB""},{""name"":""lab-mysql"",""cpu"":""0.95%"",""mem"":""722.3MiB / 122.8GiB""},{""name"":""lab-woocommerce-mysql"",""cpu"":""0.98%"",""mem"":""511.8MiB / 122.8GiB""}]"
2026-09-10T13:36:27Z,4,0,0,47,0,2669205171,"[{""name"":""lab-worker-1"",""cpu"":""0.54%"",""mem"":""99.8MiB / 122.8GiB""},{""name"":""lab-api"",""cpu"":""0.00%"",""mem"":""144MiB / 122.8GiB""},{""name"":""lab-allegro-stub"",""cpu"":""0.01%"",""mem"":""21.09MiB / 122.8GiB""},{""name"":""lab-erli-stub"",""cpu"":""0.00%"",""mem"":""18.04MiB / 122.8GiB""},{""name"":""lab-eparagony-stub"",""cpu"":""0.01%"",""mem"":""20.37MiB / 122.8GiB""},{""name"":""lab-invoicing-stub"",""cpu"":""0.00%"",""mem"":""16.6MiB / 122.8GiB""},{""name"":""lab-shipping-stub"",""cpu"":""0.00%"",""mem"":""16.58MiB / 122.8GiB""},{""name"":""lab-eparagony-stub-tls"",""cpu"":""0.00%"",""mem"":""23.3MiB / 122.8GiB""},{""name"":""lab-erli-stub-tls"",""cpu"":""0.00%"",""mem"":""22.67MiB / 122.8GiB""},{""name"":""lab-wc-tls"",""cpu"":""0.00%"",""mem"":""29.51MiB / 122.8GiB""},{""name"":""lab-prestashop"",""cpu"":""0.00%"",""mem"":""126.9MiB / 122.8GiB""},{""name"":""lab-woocommerce"",""cpu"":""0.01%"",""mem"":""300.6MiB / 122.8GiB""},{""name"":""lab-redis"",""cpu"":""0.29%"",""mem"":""79.64MiB / 122.8GiB""},{""name"":""lab-postgres"",""cpu"":""0.48%"",""mem"":""238.1MiB / 122.8GiB""},{""name"":""lab-mysql"",""cpu"":""1.00%"",""mem"":""722.3MiB / 122.8GiB""},{""name"":""lab-woocommerce-mysql"",""cpu"":""1.03%"",""mem"":""511.8MiB / 122.8GiB""}]"
2026-09-10T13:36:27Z,4,0,0,47,0,2669205171,"[{""name"":""lab-worker-1"",""cpu"":""0.54%"",""mem"":""99.8MiB / 122.8GiB""},{""name"":""lab-api"",""cpu"":""0.00%"",""mem"":""144MiB / 122.8GiB""},{""name"":""lab-allegro-stub"",""cpu"":""0.01%"",""mem"":""21.09MiB / 122.8GiB""},{""name"":""lab-erli-stub"",""cpu"":""0.00%"",""mem"":""18.04MiB / 122.8GiB""},{""name"":""lab-eparagony-stub"",""cpu"":""0.01%"",""mem"":""20.37MiB / 122.8GiB""},{""name"":""lab-invoicing-stub"",""cpu"":""0.00%"",""mem"":""16.6MiB / 122.8GiB""},{""name"":""lab-shipping-stub"",""cpu"":""0.00%"",""mem"":""16.58MiB / 122.8GiB""},{""name"":""lab-eparagony-stub-tls"",""cpu"":""0.00%"",""mem"":""23.3MiB / 122.8GiB""},{""name"":""lab-erli-stub-tls"",""cpu"":""0.00%"",""mem"":""22.67MiB / 122.8GiB""},{""name"":""lab-wc-tls"",""cpu"":""0.00%"",""mem"":""29.51MiB / 122.8GiB""},{""name"":""lab-prestashop"",""cpu"":""0.00%"",""mem"":""126.9MiB / 122.8GiB""},{""name"":""lab-woocommerce"",""cpu"":""0.01%"",""mem"":""300.6MiB / 122.8GiB""},{""name"":""lab-redis"",""cpu"":""0.29%"",""mem"":""79.64MiB / 122.8GiB""},{""name"":""lab-postgres"",""cpu"":""0.48%"",""mem"":""238.1MiB / 122.8GiB""},{""name"":""lab-mysql"",""cpu"":""1.00%"",""mem"":""722.3MiB / 122.8GiB""},{""name"":""lab-woocommerce-mysql"",""cpu"":""1.03%"",""mem"":""511.8MiB / 122.8GiB""}]"
2026-09-10T13:36:31Z,4,0,0,47,0,2669205171,"[{""name"":""lab-worker-1"",""cpu"":""0.48%"",""mem"":""99.59MiB / 122.8GiB""},{""name"":""lab-api"",""cpu"":""0.00%"",""mem"":""144MiB / 122.8GiB""},{""name"":""lab-allegro-stub"",""cpu"":""0.00%"",""mem"":""21.09MiB / 122.8GiB""},{""name"":""lab-erli-stub"",""cpu"":""0.00%"",""mem"":""18.06MiB / 122.8GiB""},{""name"":""lab-eparagony-stub"",""cpu"":""0.00%"",""mem"":""20.37MiB / 122.8GiB""},{""name"":""lab-invoicing-stub"",""cpu"":""0.00%"",""mem"":""16.61MiB / 122.8GiB""},{""name"":""lab-shipping-stub"",""cpu"":""0.00%"",""mem"":""16.58MiB / 122.8GiB""},{""name"":""lab-eparagony-stub-tls"",""cpu"":""0.00%"",""mem"":""23.3MiB / 122.8GiB""},{""name"":""lab-erli-stub-tls"",""cpu"":""0.00%"",""mem"":""22.67MiB / 122.8GiB""},{""name"":""lab-wc-tls"",""cpu"":""0.00%"",""mem"":""29.51MiB / 122.8GiB""},{""name"":""lab-prestashop"",""cpu"":""0.01%"",""mem"":""126.9MiB / 122.8GiB""},{""name"":""lab-woocommerce"",""cpu"":""0.01%"",""mem"":""300.6MiB / 122.8GiB""},{""name"":""lab-redis"",""cpu"":""0.26%"",""mem"":""79.69MiB / 122.8GiB""},{""name"":""lab-postgres"",""cpu"":""0.54%"",""mem"":""238.1MiB / 122.8GiB""},{""name"":""lab-mysql"",""cpu"":""0.97%"",""mem"":""722.3MiB / 122.8GiB""},{""name"":""lab-woocommerce-mysql"",""cpu"":""1.01%"",""mem"":""511.8MiB / 122.8GiB""}]"
2026-09-10T13:36:31Z,4,0,0,47,0,2669205171,"[{""name"":""lab-worker-1"",""cpu"":""0.48%"",""mem"":""99.59MiB / 122.8GiB""},{""name"":""lab-api"",""cpu"":""0.00%"",""mem"":""144MiB / 122.8GiB""},{""name"":""lab-allegro-stub"",""cpu"":""0.00%"",""mem"":""21.09MiB / 122.8GiB""},{""name"":""lab-erli-stub"",""cpu"":""0.00%"",""mem"":""18.06MiB / 122.8GiB""},{""name"":""lab-eparagony-stub"",""cpu"":""0.00%"",""mem"":""20.37MiB / 122.8GiB""},{""name"":""lab-invoicing-stub"",""cpu"":""0.00%"",""mem"":""16.61MiB / 122.8GiB""},{""name"":""lab-shipping-stub"",""cpu"":""0.00%"",""mem"":""16.58MiB / 122.8GiB""},{""name"":""lab-eparagony-stub-tls"",""cpu"":""0.00%"",""mem"":""23.3MiB / 122.8GiB""},{""name"":""lab-erli-stub-tls"",""cpu"":""0.00%"",""mem"":""22.67MiB / 122.8GiB""},{""name"":""lab-wc-tls"",""cpu"":""0.00%"",""mem"":""29.51MiB / 122.8GiB""},{""name"":""lab-prestashop"",""cpu"":""0.01%"",""mem"":""126.9MiB / 122.8GiB""},{""name"":""lab-woocommerce"",""cpu"":""0.01%"",""mem"":""300.6MiB / 122.8GiB""},{""name"":""lab-redis"",""cpu"":""0.26%"",""mem"":""79.69MiB / 122.8GiB""},{""name"":""lab-postgres"",""cpu"":""0.54%"",""mem"":""238.1MiB / 122.8GiB""},{""name"":""lab-mysql"",""cpu"":""0.97%"",""mem"":""722.3MiB / 122.8GiB""},{""name"":""lab-woocommerce-mysql"",""cpu"":""1.01%"",""mem"":""511.8MiB / 122.8GiB""}]"
2026-09-10T13:36:34Z,4,0,0,47,0,2669205171,"[{""name"":""lab-worker-1"",""cpu"":""0.59%"",""mem"":""99.66MiB / 122.8GiB""},{""name"":""lab-api"",""cpu"":""0.00%"",""mem"":""144.1MiB / 122.8GiB""},{""name"":""lab-allegro-stub"",""cpu"":""4.34%"",""mem"":""21.16MiB / 122.8GiB""},{""name"":""lab-erli-stub"",""cpu"":""3.94%"",""mem"":""18.08MiB / 122.8GiB""},{""name"":""lab-eparagony-stub"",""cpu"":""0.01%"",""mem"":""20.37MiB / 122.8GiB""},{""name"":""lab-invoicing-stub"",""cpu"":""4.30%"",""mem"":""16.62MiB / 122.8GiB""},{""name"":""lab-shipping-stub"",""cpu"":""4.05%"",""mem"":""16.59MiB / 122.8GiB""},{""name"":""lab-eparagony-stub-tls"",""cpu"":""0.00%"",""mem"":""23.3MiB / 122.8GiB""},{""name"":""lab-erli-stub-tls"",""cpu"":""0.00%"",""mem"":""22.67MiB / 122.8GiB""},{""name"":""lab-wc-tls"",""cpu"":""0.00%"",""mem"":""29.51MiB / 122.8GiB""},{""name"":""lab-prestashop"",""cpu"":""0.01%"",""mem"":""126.9MiB / 122.8GiB""},{""name"":""lab-woocommerce"",""cpu"":""0.01%"",""mem"":""300.6MiB / 122.8GiB""},{""name"":""lab-redis"",""cpu"":""0.30%"",""mem"":""79.89MiB / 122.8GiB""},{""name"":""lab-postgres"",""cpu"":""0.56%"",""mem"":""238.1MiB / 122.8GiB""},{""name"":""lab-mysql"",""cpu"":""0.88%"",""mem"":""722.3MiB / 122.8GiB""},{""name"":""lab-woocommerce-mysql"",""cpu"":""0.87%"",""mem"":""511.8MiB / 122.8GiB""}]"
2026-09-10T13:36:34Z,4,0,0,47,0,2669205171,"[{""name"":""lab-worker-1"",""cpu"":""0.59%"",""mem"":""99.66MiB / 122.8GiB""},{""name"":""lab-api"",""cpu"":""0.00%"",""mem"":""144.1MiB / 122.8GiB""},{""name"":""lab-allegro-stub"",""cpu"":""4.34%"",""mem"":""21.16MiB / 122.8GiB""},{""name"":""lab-erli-stub"",""cpu"":""3.94%"",""mem"":""18.08MiB / 122.8GiB""},{""name"":""lab-eparagony-stub"",""cpu"":""0.01%"",""mem"":""20.37MiB / 122.8GiB""},{""name"":""lab-invoicing-stub"",""cpu"":""4.30%"",""mem"":""16.62MiB / 122.8GiB""},{""name"":""lab-shipping-stub"",""cpu"":""4.05%"",""mem"":""16.59MiB / 122.8GiB""},{""name"":""lab-eparagony-stub-tls"",""cpu"":""0.00%"",""mem"":""23.3MiB / 122.8GiB""},{""name"":""lab-erli-stub-tls"",""cpu"":""0.00%"",""mem"":""22.67MiB / 122.8GiB""},{""name"":""lab-wc-tls"",""cpu"":""0.00%"",""mem"":""29.51MiB / 122.8GiB""},{""name"":""lab-prestashop"",""cpu"":""0.01%"",""mem"":""126.9MiB / 122.8GiB""},{""name"":""lab-woocommerce"",""cpu"":""0.01%"",""mem"":""300.6MiB / 122.8GiB""},{""name"":""lab-redis"",""cpu"":""0.30%"",""mem"":""79.89MiB / 122.8GiB""},{""name"":""lab-postgres"",""cpu"":""0.56%"",""mem"":""238.1MiB / 122.8GiB""},{""name"":""lab-mysql"",""cpu"":""0.88%"",""mem"":""722.3MiB / 122.8GiB""},{""name"":""lab-woocommerce-mysql"",""cpu"":""0.87%"",""mem"":""511.8MiB / 122.8GiB""}]"
2026-09-10T13:36:38Z,3,0,0,47,0,2669205171,"[{""name"":""lab-worker-1"",""cpu"":""1.07%"",""mem"":""99.68MiB / 122.8GiB""},{""name"":""lab-api"",""cpu"":""0.02%"",""mem"":""144.1MiB / 122.8GiB""},{""name"":""lab-allegro-stub"",""cpu"":""0.00%"",""mem"":""21.09MiB / 122.8GiB""},{""name"":""lab-erli-stub"",""cpu"":""0.00%"",""mem"":""18.04MiB / 122.8GiB""},{""name"":""lab-eparagony-stub"",""cpu"":""1.43%"",""mem"":""26.89MiB / 122.8GiB""},{""name"":""lab-invoicing-stub"",""cpu"":""0.00%"",""mem"":""16.6MiB / 122.8GiB""},{""name"":""lab-shipping-stub"",""cpu"":""0.00%"",""mem"":""16.58MiB / 122.8GiB""},{""name"":""lab-eparagony-stub-tls"",""cpu"":""0.00%"",""mem"":""23.3MiB / 122.8GiB""},{""name"":""lab-erli-stub-tls"",""cpu"":""0.00%"",""mem"":""22.67MiB / 122.8GiB""},{""name"":""lab-wc-tls"",""cpu"":""0.00%"",""mem"":""29.51MiB / 122.8GiB""},{""name"":""lab-prestashop"",""cpu"":""0.01%"",""mem"":""126.9MiB / 122.8GiB""},{""name"":""lab-woocommerce"",""cpu"":""0.01%"",""mem"":""300.6MiB / 122.8GiB""},{""name"":""lab-redis"",""cpu"":""0.26%"",""mem"":""79.64MiB / 122.8GiB""},{""name"":""lab-postgres"",""cpu"":""0.50%"",""mem"":""238.1MiB / 122.8GiB""},{""name"":""lab-mysql"",""cpu"":""0.97%"",""mem"":""722.3MiB / 122.8GiB""},{""name"":""lab-woocommerce-mysql"",""cpu"":""0.99%"",""mem"":""511.8MiB / 122.8GiB""}]"
2026-09-10T13:36:38Z,3,0,0,47,0,2669205171,"[{""name"":""lab-worker-1"",""cpu"":""1.07%"",""mem"":""99.68MiB / 122.8GiB""},{""name"":""lab-api"",""cpu"":""0.02%"",""mem"":""144.1MiB / 122.8GiB""},{""name"":""lab-allegro-stub"",""cpu"":""0.00%"",""mem"":""21.09MiB / 122.8GiB""},{""name"":""lab-erli-stub"",""cpu"":""0.00%"",""mem"":""18.04MiB / 122.8GiB""},{""name"":""lab-eparagony-stub"",""cpu"":""1.43%"",""mem"":""26.89MiB / 122.8GiB""},{""name"":""lab-invoicing-stub"",""cpu"":""0.00%"",""mem"":""16.6MiB / 122.8GiB""},{""name"":""lab-shipping-stub"",""cpu"":""0.00%"",""mem"":""16.58MiB / 122.8GiB""},{""name"":""lab-eparagony-stub-tls"",""cpu"":""0.00%"",""mem"":""23.3MiB / 122.8GiB""},{""name"":""lab-erli-stub-tls"",""cpu"":""0.00%"",""mem"":""22.67MiB / 122.8GiB""},{""name"":""lab-wc-tls"",""cpu"":""0.00%"",""mem"":""29.51MiB / 122.8GiB""},{""name"":""lab-prestashop"",""cpu"":""0.01%"",""mem"":""126.9MiB / 122.8GiB""},{""name"":""lab-woocommerce"",""cpu"":""0.01%"",""mem"":""300.6MiB / 122.8GiB""},{""name"":""lab-redis"",""cpu"":""0.26%"",""mem"":""79.64MiB / 122.8GiB""},{""name"":""lab-postgres"",""cpu"":""0.50%"",""mem"":""238.1MiB / 122.8GiB""},{""name"":""lab-mysql"",""cpu"":""0.97%"",""mem"":""722.3MiB / 122.8GiB""},{""name"":""lab-woocommerce-mysql"",""cpu"":""0.99%"",""mem"":""511.8MiB / 122.8GiB""}]"
2026-09-10T13:36:42Z,4,0,0,47,0,2669205171,"[{""name"":""lab-worker-1"",""cpu"":""0.91%"",""mem"":""99.69MiB / 122.8GiB""},{""name"":""lab-api"",""cpu"":""0.00%"",""mem"":""144.1MiB / 122.8GiB""},{""name"":""lab-allegro-stub"",""cpu"":""0.00%"",""mem"":""21.09MiB / 122.8GiB""},{""name"":""lab-erli-stub"",""cpu"":""0.00%"",""mem"":""18.05MiB / 122.8GiB""},{""name"":""lab-eparagony-stub"",""cpu"":""0.00%"",""mem"":""20.37MiB / 122.8GiB""},{""name"":""lab-invoicing-stub"",""cpu"":""0.00%"",""mem"":""16.6MiB / 122.8GiB""},{""name"":""lab-shipping-stub"",""cpu"":""0.00%"",""mem"":""16.58MiB / 122.8GiB""},{""name"":""lab-eparagony-stub-tls"",""cpu"":""0.00%"",""mem"":""23.3MiB / 122.8GiB""},{""name"":""lab-erli-stub-tls"",""cpu"":""0.00%"",""mem"":""22.67MiB / 122.8GiB""},{""name"":""lab-wc-tls"",""cpu"":""0.00%"",""mem"":""29.51MiB / 122.8GiB""},{""name"":""lab-prestashop"",""cpu"":""0.01%"",""mem"":""126.9MiB / 122.8GiB""},{""name"":""lab-woocommerce"",""cpu"":""0.01%"",""mem"":""298.6MiB / 122.8GiB""},{""name"":""lab-redis"",""cpu"":""0.27%"",""mem"":""79.64MiB / 122.8GiB""},{""name"":""lab-postgres"",""cpu"":""6.00%"",""mem"":""238.1MiB / 122.8GiB""},{""name"":""lab-mysql"",""cpu"":""5.50%"",""mem"":""722.3MiB / 122.8GiB""},{""name"":""lab-woocommerce-mysql"",""cpu"":""0.88%"",""mem"":""511.8MiB / 122.8GiB""}]"
2026-09-10T13:36:42Z,4,0,0,47,0,2669205171,"[{""name"":""lab-worker-1"",""cpu"":""0.91%"",""mem"":""99.69MiB / 122.8GiB""},{""name"":""lab-api"",""cpu"":""0.00%"",""mem"":""144.1MiB / 122.8GiB""},{""name"":""lab-allegro-stub"",""cpu"":""0.00%"",""mem"":""21.09MiB / 122.8GiB""},{""name"":""lab-erli-stub"",""cpu"":""0.00%"",""mem"":""18.05MiB / 122.8GiB""},{""name"":""lab-eparagony-stub"",""cpu"":""0.00%"",""mem"":""20.37MiB / 122.8GiB""},{""name"":""lab-invoicing-stub"",""cpu"":""0.00%"",""mem"":""16.6MiB / 122.8GiB""},{""name"":""lab-shipping-stub"",""cpu"":""0.00%"",""mem"":""16.58MiB / 122.8GiB""},{""name"":""lab-eparagony-stub-tls"",""cpu"":""0.00%"",""mem"":""23.3MiB / 122.8GiB""},{""name"":""lab-erli-stub-tls"",""cpu"":""0.00%"",""mem"":""22.67MiB / 122.8GiB""},{""name"":""lab-wc-tls"",""cpu"":""0.00%"",""mem"":""29.51MiB / 122.8GiB""},{""name"":""lab-prestashop"",""cpu"":""0.01%"",""mem"":""126.9MiB / 122.8GiB""},{""name"":""lab-woocommerce"",""cpu"":""0.01%"",""mem"":""298.6MiB / 122.8GiB""},{""name"":""lab-redis"",""cpu"":""0.27%"",""mem"":""79.64MiB / 122.8GiB""},{""name"":""lab-postgres"",""cpu"":""6.00%"",""mem"":""238.1MiB / 122.8GiB""},{""name"":""lab-mysql"",""cpu"":""5.50%"",""mem"":""722.3MiB / 122.8GiB""},{""name"":""lab-woocommerce-mysql"",""cpu"":""1.06%"",""mem"":""511.8MiB / 122.8GiB""}]"
2026-09-10T13:36:46Z,4,0,0,47,0,2669205171,"[{""name"":""lab-worker-1"",""cpu"":""5.24%"",""mem"":""102.1MiB / 122.8GiB""},{""name"":""lab-api"",""cpu"":""0.00%"",""mem"":""144.1MiB / 122.8GiB""},{""name"":""lab-allegro-stub"",""cpu"":""0.01%"",""mem"":""21.1MiB / 122.8GiB""},{""name"":""lab-erli-stub"",""cpu"":""0.01%"",""mem"":""18.05MiB / 122.8GiB""},{""name"":""lab-eparagony-stub"",""cpu"":""0.00%"",""mem"":""20.37MiB / 122.8GiB""},{""name"":""lab-invoicing-stub"",""cpu"":""0.01%"",""mem"":""16.61MiB / 122.8GiB""},{""name"":""lab-shipping-stub"",""cpu"":""0.01%"",""mem"":""16.59MiB / 122.8GiB""},{""name"":""lab-eparagony-stub-tls"",""cpu"":""0.00%"",""mem"":""23.3MiB / 122.8GiB""},{""name"":""lab-erli-stub-tls"",""cpu"":""0.00%"",""mem"":""22.67MiB / 122.8GiB""},{""name"":""lab-wc-tls"",""cpu"":""0.00%"",""mem"":""29.51MiB / 122.8GiB""},{""name"":""lab-prestashop"",""cpu"":""0.01%"",""mem"":""126.9MiB / 122.8GiB""},{""name"":""lab-woocommerce"",""cpu"":""0.01%"",""mem"":""298.6MiB / 122.8GiB""},{""name"":""lab-redis"",""cpu"":""0.27%"",""mem"":""79.64MiB / 122.8GiB""},{""name"":""lab-postgres"",""cpu"":""0.61%"",""mem"":""238.1MiB / 122.8GiB""},{""name"":""lab-mysql"",""cpu"":""0.96%"",""mem"":""722.3MiB / 122.8GiB""},{""name"":""lab-woocommerce-mysql"",""cpu"":""5.50%"",""mem"":""511.8MiB / 122.8GiB""}]"
2026-09-10T13:36:46Z,4,0,0,47,0,2669205171,"[{""name"":""lab-worker-1"",""cpu"":""5.24%"",""mem"":""102.1MiB / 122.8GiB""},{""name"":""lab-api"",""cpu"":""0.00%"",""mem"":""144.1MiB / 122.8GiB""},{""name"":""lab-allegro-stub"",""cpu"":""0.01%"",""mem"":""21.1MiB / 122.8GiB""},{""name"":""lab-erli-stub"",""cpu"":""0.01%"",""mem"":""18.05MiB / 122.8GiB""},{""name"":""lab-eparagony-stub"",""cpu"":""0.00%"",""mem"":""20.37MiB / 122.8GiB""},{""name"":""lab-invoicing-stub"",""cpu"":""0.01%"",""mem"":""16.61MiB / 122.8GiB""},{""name"":""lab-shipping-stub"",""cpu"":""0.01%"",""mem"":""16.59MiB / 122.8GiB""},{""name"":""lab-eparagony-stub-tls"",""cpu"":""0.00%"",""mem"":""23.3MiB / 122.8GiB""},{""name"":""lab-erli-stub-tls"",""cpu"":""0.00%"",""mem"":""22.67MiB / 122.8GiB""},{""name"":""lab-wc-tls"",""cpu"":""0.00%"",""mem"":""29.51MiB / 122.8GiB""},{""name"":""lab-prestashop"",""cpu"":""0.01%"",""mem"":""126.9MiB / 122.8GiB""},{""name"":""lab-woocommerce"",""cpu"":""0.01%"",""mem"":""298.6MiB / 122.8GiB""},{""name"":""lab-redis"",""cpu"":""0.27%"",""mem"":""79.64MiB / 122.8GiB""},{""name"":""lab-postgres"",""cpu"":""0.61%"",""mem"":""238.1MiB / 122.8GiB""},{""name"":""lab-mysql"",""cpu"":""0.96%"",""mem"":""722.3MiB / 122.8GiB""},{""name"":""lab-woocommerce-mysql"",""cpu"":""5.50%"",""mem"":""511.8MiB / 122.8GiB""}]"
2026-09-10T13:36:49Z,4,0,0,47,0,2669205171,"[{""name"":""lab-worker-1"",""cpu"":""0.58%"",""mem"":""100.1MiB / 122.8GiB""},{""name"":""lab-api"",""cpu"":""0.00%"",""mem"":""144.1MiB / 122.8GiB""},{""name"":""lab-allegro-stub"",""cpu"":""0.01%"",""mem"":""21.09MiB / 122.8GiB""},{""name"":""lab-erli-stub"",""cpu"":""3.92%"",""mem"":""18.09MiB / 122.8GiB""},{""name"":""lab-eparagony-stub"",""cpu"":""0.01%"",""mem"":""20.42MiB / 122.8GiB""},{""name"":""lab-invoicing-stub"",""cpu"":""0.00%"",""mem"":""16.6MiB / 122.8GiB""},{""name"":""lab-shipping-stub"",""cpu"":""0.00%"",""mem"":""16.58MiB / 122.8GiB""},{""name"":""lab-eparagony-stub-tls"",""cpu"":""0.00%"",""mem"":""23.3MiB / 122.8GiB""},{""name"":""lab-erli-stub-tls"",""cpu"":""0.00%"",""mem"":""22.67MiB / 122.8GiB""},{""name"":""lab-wc-tls"",""cpu"":""0.00%"",""mem"":""29.51MiB / 122.8GiB""},{""name"":""lab-prestashop"",""cpu"":""0.01%"",""mem"":""126.9MiB / 122.8GiB""},{""name"":""lab-woocommerce"",""cpu"":""0.01%"",""mem"":""298.6MiB / 122.8GiB""},{""name"":""lab-redis"",""cpu"":""0.31%"",""mem"":""79.64MiB / 122.8GiB""},{""name"":""lab-postgres"",""cpu"":""0.60%"",""mem"":""238.1MiB / 122.8GiB""},{""name"":""lab-mysql"",""cpu"":""0.93%"",""mem"":""722.3MiB / 122.8GiB""},{""name"":""lab-woocommerce-mysql"",""cpu"":""0.96%"",""mem"":""511.8MiB / 122.8GiB""}]"
2026-09-10T13:36:49Z,4,0,0,47,0,2669205171,"[{""name"":""lab-worker-1"",""cpu"":""0.58%"",""mem"":""100.1MiB / 122.8GiB""},{""name"":""lab-api"",""cpu"":""0.00%"",""mem"":""144.1MiB / 122.8GiB""},{""name"":""lab-allegro-stub"",""cpu"":""0.01%"",""mem"":""21.09MiB / 122.8GiB""},{""name"":""lab-erli-stub"",""cpu"":""3.92%"",""mem"":""18.09MiB / 122.8GiB""},{""name"":""lab-eparagony-stub"",""cpu"":""0.01%"",""mem"":""20.42MiB / 122.8GiB""},{""name"":""lab-invoicing-stub"",""cpu"":""0.00%"",""mem"":""16.6MiB / 122.8GiB""},{""name"":""lab-shipping-stub"",""cpu"":""0.00%"",""mem"":""16.58MiB / 122.8GiB""},{""name"":""lab-eparagony-stub-tls"",""cpu"":""0.00%"",""mem"":""23.3MiB / 122.8GiB""},{""name"":""lab-erli-stub-tls"",""cpu"":""0.00%"",""mem"":""22.67MiB / 122.8GiB""},{""name"":""lab-wc-tls"",""cpu"":""0.00%"",""mem"":""29.51MiB / 122.8GiB""},{""name"":""lab-prestashop"",""cpu"":""0.01%"",""mem"":""126.9MiB / 122.8GiB""},{""name"":""lab-woocommerce"",""cpu"":""0.01%"",""mem"":""298.6MiB / 122.8GiB""},{""name"":""lab-redis"",""cpu"":""0.31%"",""mem"":""79.64MiB / 122.8GiB""},{""name"":""lab-postgres"",""cpu"":""0.60%"",""mem"":""238.1MiB / 122.8GiB""},{""name"":""lab-mysql"",""cpu"":""0.93%"",""mem"":""722.3MiB / 122.8GiB""},{""name"":""lab-woocommerce-mysql"",""cpu"":""0.96%"",""mem"":""511.8MiB / 122.8GiB""}]"
2026-09-10T13:36:53Z,3,0,0,47,0,2669205171,"[{""name"":""lab-worker-1"",""cpu"":""2.42%"",""mem"":""100MiB / 122.8GiB""},{""name"":""lab-api"",""cpu"":""0.01%"",""mem"":""144.1MiB / 122.8GiB""},{""name"":""lab-allegro-stub"",""cpu"":""0.09%"",""mem"":""21.09MiB / 122.8GiB""},{""name"":""lab-erli-stub"",""cpu"":""0.00%"",""mem"":""18.04MiB / 122.8GiB""},{""name"":""lab-eparagony-stub"",""cpu"":""0.00%"",""mem"":""20.37MiB / 122.8GiB""},{""name"":""lab-invoicing-stub"",""cpu"":""0.00%"",""mem"":""16.6MiB / 122.8GiB""},{""name"":""lab-shipping-stub"",""cpu"":""0.00%"",""mem"":""16.58MiB / 122.8GiB""},{""name"":""lab-eparagony-stub-tls"",""cpu"":""0.00%"",""mem"":""23.3MiB / 122.8GiB""},{""name"":""lab-erli-stub-tls"",""cpu"":""0.00%"",""mem"":""22.67MiB / 122.8GiB""},{""name"":""lab-wc-tls"",""cpu"":""0.00%"",""mem"":""29.51MiB / 122.8GiB""},{""name"":""lab-prestashop"",""cpu"":""0.01%"",""mem"":""126.9MiB / 122.8GiB""},{""name"":""lab-woocommerce"",""cpu"":""0.01%"",""mem"":""298.6MiB / 122.8GiB""},{""name"":""lab-redis"",""cpu"":""0.35%"",""mem"":""79.64MiB / 122.8GiB""},{""name"":""lab-postgres"",""cpu"":""3.56%"",""mem"":""238.2MiB / 122.8GiB""},{""name"":""lab-mysql"",""cpu"":""0.96%"",""mem"":""722.3MiB / 122.8GiB""},{""name"":""lab-woocommerce-mysql"",""cpu"":""0.93%"",""mem"":""511.8MiB / 122.8GiB""}]"
2026-09-10T13:36:53Z,3,0,0,47,0,2669205171,"[{""name"":""lab-worker-1"",""cpu"":""2.42%"",""mem"":""100MiB / 122.8GiB""},{""name"":""lab-api"",""cpu"":""0.01%"",""mem"":""144.1MiB / 122.8GiB""},{""name"":""lab-allegro-stub"",""cpu"":""0.09%"",""mem"":""21.09MiB / 122.8GiB""},{""name"":""lab-erli-stub"",""cpu"":""0.00%"",""mem"":""18.04MiB / 122.8GiB""},{""name"":""lab-eparagony-stub"",""cpu"":""0.00%"",""mem"":""20.37MiB / 122.8GiB""},{""name"":""lab-invoicing-stub"",""cpu"":""0.00%"",""mem"":""16.6MiB / 122.8GiB""},{""name"":""lab-shipping-stub"",""cpu"":""0.00%"",""mem"":""16.58MiB / 122.8GiB""},{""name"":""lab-eparagony-stub-tls"",""cpu"":""0.00%"",""mem"":""23.3MiB / 122.8GiB""},{""name"":""lab-erli-stub-tls"",""cpu"":""0.00%"",""mem"":""22.67MiB / 122.8GiB""},{""name"":""lab-wc-tls"",""cpu"":""0.00%"",""mem"":""29.51MiB / 122.8GiB""},{""name"":""lab-prestashop"",""cpu"":""0.01%"",""mem"":""126.9MiB / 122.8GiB""},{""name"":""lab-woocommerce"",""cpu"":""0.01%"",""mem"":""298.6MiB / 122.8GiB""},{""name"":""lab-redis"",""cpu"":""0.35%"",""mem"":""79.64MiB / 122.8GiB""},{""name"":""lab-postgres"",""cpu"":""3.56%"",""mem"":""238.2MiB / 122.8GiB""},{""name"":""lab-mysql"",""cpu"":""0.96%"",""mem"":""722.3MiB / 122.8GiB""},{""name"":""lab-woocommerce-mysql"",""cpu"":""0.93%"",""mem"":""511.8MiB / 122.8GiB""}]"
2026-09-10T13:36:57Z,4,0,0,47,0,2669205171,"[{""name"":""lab-worker-1"",""cpu"":""0.65%"",""mem"":""100MiB / 122.8GiB""},{""name"":""lab-api"",""cpu"":""0.00%"",""mem"":""144.1MiB / 122.8GiB""},{""name"":""lab-allegro-stub"",""cpu"":""0.04%"",""mem"":""21.09MiB / 122.8GiB""},{""name"":""lab-erli-stub"",""cpu"":""0.00%"",""mem"":""18.05MiB / 122.8GiB""},{""name"":""lab-eparagony-stub"",""cpu"":""0.01%"",""mem"":""20.37MiB / 122.8GiB""},{""name"":""lab-invoicing-stub"",""cpu"":""0.01%"",""mem"":""16.6MiB / 122.8GiB""},{""name"":""lab-shipping-stub"",""cpu"":""0.01%"",""mem"":""16.58MiB / 122.8GiB""},{""name"":""lab-eparagony-stub-tls"",""cpu"":""0.00%"",""mem"":""23.3MiB / 122.8GiB""},{""name"":""lab-erli-stub-tls"",""cpu"":""0.00%"",""mem"":""22.67MiB / 122.8GiB""},{""name"":""lab-wc-tls"",""cpu"":""0.00%"",""mem"":""29.51MiB / 122.8GiB""},{""name"":""lab-prestashop"",""cpu"":""0.01%"",""mem"":""126.9MiB / 122.8GiB""},{""name"":""lab-woocommerce"",""cpu"":""0.01%"",""mem"":""298.6MiB / 122.8GiB""},{""name"":""lab-redis"",""cpu"":""0.27%"",""mem"":""79.64MiB / 122.8GiB""},{""name"":""lab-postgres"",""cpu"":""0.51%"",""mem"":""238.1MiB / 122.8GiB""},{""name"":""lab-mysql"",""cpu"":""1.01%"",""mem"":""722.3MiB / 122.8GiB""},{""name"":""lab-woocommerce-mysql"",""cpu"":""1.01%"",""mem"":""511.8MiB / 122.8GiB""}]"
2026-09-10T13:36:57Z,4,0,0,47,0,2669205171,"[{""name"":""lab-worker-1"",""cpu"":""0.65%"",""mem"":""100MiB / 122.8GiB""},{""name"":""lab-api"",""cpu"":""0.00%"",""mem"":""144.1MiB / 122.8GiB""},{""name"":""lab-allegro-stub"",""cpu"":""0.04%"",""mem"":""21.09MiB / 122.8GiB""},{""name"":""lab-erli-stub"",""cpu"":""0.00%"",""mem"":""18.05MiB / 122.8GiB""},{""name"":""lab-eparagony-stub"",""cpu"":""0.01%"",""mem"":""20.37MiB / 122.8GiB""},{""name"":""lab-invoicing-stub"",""cpu"":""0.01%"",""mem"":""16.6MiB / 122.8GiB""},{""name"":""lab-shipping-stub"",""cpu"":""0.00%"",""mem"":""16.58MiB / 122.8GiB""},{""name"":""lab-eparagony-stub-tls"",""cpu"":""0.00%"",""mem"":""23.3MiB / 122.8GiB""},{""name"":""lab-erli-stub-tls"",""cpu"":""0.00%"",""mem"":""22.67MiB / 122.8GiB""},{""name"":""lab-wc-tls"",""cpu"":""0.00%"",""mem"":""29.51MiB / 122.8GiB""},{""name"":""lab-prestashop"",""cpu"":""0.01%"",""mem"":""126.9MiB / 122.8GiB""},{""name"":""lab-woocommerce"",""cpu"":""0.01%"",""mem"":""298.6MiB / 122.8GiB""},{""name"":""lab-redis"",""cpu"":""0.27%"",""mem"":""79.64MiB / 122.8GiB""},{""name"":""lab-postgres"",""cpu"":""0.51%"",""mem"":""238.1MiB / 122.8GiB""},{""name"":""lab-mysql"",""cpu"":""1.01%"",""mem"":""722.3MiB / 122.8GiB""},{""name"":""lab-woocommerce-mysql"",""cpu"":""1.01%"",""mem"":""511.8MiB / 122.8GiB""}]"
2026-09-10T13:37:00Z,4,0,0,47,0,2669205171,"[{""name"":""lab-worker-1"",""cpu"":""2.19%"",""mem"":""100.1MiB / 122.8GiB""},{""name"":""lab-api"",""cpu"":""0.00%"",""mem"":""144.1MiB / 122.8GiB""},{""name"":""lab-allegro-stub"",""cpu"":""3.63%"",""mem"":""21.11MiB / 122.8GiB""},{""name"":""lab-erli-stub"",""cpu"":""0.01%"",""mem"":""18.06MiB / 122.8GiB""},{""name"":""lab-eparagony-stub"",""cpu"":""0.00%"",""mem"":""20.41MiB / 122.8GiB""},{""name"":""lab-invoicing-stub"",""cpu"":""3.87%"",""mem"":""16.71MiB / 122.8GiB""},{""name"":""lab-shipping-stub"",""cpu"":""4.08%"",""mem"":""16.59MiB / 122.8GiB""},{""name"":""lab-eparagony-stub-tls"",""cpu"":""0.00%"",""mem"":""23.3MiB / 122.8GiB""},{""name"":""lab-erli-stub-tls"",""cpu"":""0.00%"",""mem"":""22.67MiB / 122.8GiB""},{""name"":""lab-wc-tls"",""cpu"":""0.00%"",""mem"":""29.51MiB / 122.8GiB""},{""name"":""lab-prestashop"",""cpu"":""0.00%"",""mem"":""126.9MiB / 122.8GiB""},{""name"":""lab-woocommerce"",""cpu"":""0.00%"",""mem"":""298.6MiB / 122.8GiB""},{""name"":""lab-redis"",""cpu"":""4.58%"",""mem"":""79.64MiB / 122.8GiB""},{""name"":""lab-postgres"",""cpu"":""0.54%"",""mem"":""238.1MiB / 122.8GiB""},{""name"":""lab-mysql"",""cpu"":""0.96%"",""mem"":""722.3MiB / 122.8GiB""},{""name"":""lab-woocommerce-mysql"",""cpu"":""0.96%"",""mem"":""511.8MiB / 122.8GiB""}]"
2026-09-10T13:37:00Z,4,0,0,47,0,2669205171,"[{""name"":""lab-worker-1"",""cpu"":""2.19%"",""mem"":""100.1MiB / 122.8GiB""},{""name"":""lab-api"",""cpu"":""0.00%"",""mem"":""144.1MiB / 122.8GiB""},{""name"":""lab-allegro-stub"",""cpu"":""3.63%"",""mem"":""21.11MiB / 122.8GiB""},{""name"":""lab-erli-stub"",""cpu"":""0.01%"",""mem"":""18.06MiB / 122.8GiB""},{""name"":""lab-eparagony-stub"",""cpu"":""0.00%"",""mem"":""20.41MiB / 122.8GiB""},{""name"":""lab-invoicing-stub"",""cpu"":""3.87%"",""mem"":""16.71MiB / 122.8GiB""},{""name"":""lab-shipping-stub"",""cpu"":""4.08%"",""mem"":""16.59MiB / 122.8GiB""},{""name"":""lab-eparagony-stub-tls"",""cpu"":""0.00%"",""mem"":""23.3MiB / 122.8GiB""},{""name"":""lab-erli-stub-tls"",""cpu"":""0.00%"",""mem"":""22.67MiB / 122.8GiB""},{""name"":""lab-wc-tls"",""cpu"":""0.00%"",""mem"":""29.51MiB / 122.8GiB""},{""name"":""lab-prestashop"",""cpu"":""0.00%"",""mem"":""126.9MiB / 122.8GiB""},{""name"":""lab-woocommerce"",""cpu"":""0.00%"",""mem"":""298.6MiB / 122.8GiB""},{""name"":""lab-redis"",""cpu"":""4.58%"",""mem"":""79.64MiB / 122.8GiB""},{""name"":""lab-postgres"",""cpu"":""0.54%"",""mem"":""238.1MiB / 122.8GiB""},{""name"":""lab-mysql"",""cpu"":""0.96%"",""mem"":""722.3MiB / 122.8GiB""},{""name"":""lab-woocommerce-mysql"",""cpu"":""0.94%"",""mem"":""511.8MiB / 122.8GiB""}]"
2026-09-10T13:37:04Z,3,0,0,47,0,2669205171,"[{""name"":""lab-worker-1"",""cpu"":""0.49%"",""mem"":""100MiB / 122.8GiB""},{""name"":""lab-api"",""cpu"":""0.00%"",""mem"":""144.1MiB / 122.8GiB""},{""name"":""lab-allegro-stub"",""cpu"":""0.01%"",""mem"":""21.09MiB / 122.8GiB""},{""name"":""lab-erli-stub"",""cpu"":""3.91%"",""mem"":""18.11MiB / 122.8GiB""},{""name"":""lab-eparagony-stub"",""cpu"":""4.05%"",""mem"":""20.4MiB / 122.8GiB""},{""name"":""lab-invoicing-stub"",""cpu"":""0.00%"",""mem"":""16.6MiB / 122.8GiB""},{""name"":""lab-shipping-stub"",""cpu"":""0.00%"",""mem"":""16.58MiB / 122.8GiB""},{""name"":""lab-eparagony-stub-tls"",""cpu"":""0.00%"",""mem"":""23.3MiB / 122.8GiB""},{""name"":""lab-erli-stub-tls"",""cpu"":""0.00%"",""mem"":""22.67MiB / 122.8GiB""},{""name"":""lab-wc-tls"",""cpu"":""0.00%"",""mem"":""29.51MiB / 122.8GiB""},{""name"":""lab-prestashop"",""cpu"":""0.01%"",""mem"":""126.9MiB / 122.8GiB""},{""name"":""lab-woocommerce"",""cpu"":""0.01%"",""mem"":""298.6MiB / 122.8GiB""},{""name"":""lab-redis"",""cpu"":""0.29%"",""mem"":""79.64MiB / 122.8GiB""},{""name"":""lab-postgres"",""cpu"":""0.85%"",""mem"":""238.1MiB / 122.8GiB""},{""name"":""lab-mysql"",""cpu"":""1.00%"",""mem"":""722.3MiB / 122.8GiB""},{""name"":""lab-woocommerce-mysql"",""cpu"":""1.00%"",""mem"":""511.8MiB / 122.8GiB""}]"
2026-09-10T13:37:04Z,3,0,0,47,0,2669205171,"[{""name"":""lab-worker-1"",""cpu"":""0.49%"",""mem"":""100MiB / 122.8GiB""},{""name"":""lab-api"",""cpu"":""0.00%"",""mem"":""144.1MiB / 122.8GiB""},{""name"":""lab-allegro-stub"",""cpu"":""0.01%"",""mem"":""21.09MiB / 122.8GiB""},{""name"":""lab-erli-stub"",""cpu"":""3.91%"",""mem"":""18.11MiB / 122.8GiB""},{""name"":""lab-eparagony-stub"",""cpu"":""4.05%"",""mem"":""20.4MiB / 122.8GiB""},{""name"":""lab-invoicing-stub"",""cpu"":""0.00%"",""mem"":""16.6MiB / 122.8GiB""},{""name"":""lab-shipping-stub"",""cpu"":""0.00%"",""mem"":""16.58MiB / 122.8GiB""},{""name"":""lab-eparagony-stub-tls"",""cpu"":""0.00%"",""mem"":""23.3MiB / 122.8GiB""},{""name"":""lab-erli-stub-tls"",""cpu"":""0.00%"",""mem"":""22.67MiB / 122.8GiB""},{""name"":""lab-wc-tls"",""cpu"":""0.00%"",""mem"":""29.51MiB / 122.8GiB""},{""name"":""lab-prestashop"",""cpu"":""0.01%"",""mem"":""126.9MiB / 122.8GiB""},{""name"":""lab-woocommerce"",""cpu"":""0.01%"",""mem"":""298.6MiB / 122.8GiB""},{""name"":""lab-redis"",""cpu"":""0.29%"",""mem"":""79.64MiB / 122.8GiB""},{""name"":""lab-postgres"",""cpu"":""0.85%"",""mem"":""238.1MiB / 122.8GiB""},{""name"":""lab-mysql"",""cpu"":""1.00%"",""mem"":""722.3MiB / 122.8GiB""},{""name"":""lab-woocommerce-mysql"",""cpu"":""1.02%"",""mem"":""511.8MiB / 122.8GiB""}]"
2026-09-10T13:37:08Z,4,0,0,47,0,2669205171,"[{""name"":""lab-worker-1"",""cpu"":""0.60%"",""mem"":""100.3MiB / 122.8GiB""},{""name"":""lab-api"",""cpu"":""0.00%"",""mem"":""144.1MiB / 122.8GiB""},{""name"":""lab-allegro-stub"",""cpu"":""0.00%"",""mem"":""21.09MiB / 122.8GiB""},{""name"":""lab-erli-stub"",""cpu"":""0.00%"",""mem"":""18.05MiB / 122.8GiB""},{""name"":""lab-eparagony-stub"",""cpu"":""0.00%"",""mem"":""20.37MiB / 122.8GiB""},{""name"":""lab-invoicing-stub"",""cpu"":""0.00%"",""mem"":""16.6MiB / 122.8GiB""},{""name"":""lab-shipping-stub"",""cpu"":""0.00%"",""mem"":""16.58MiB / 122.8GiB""},{""name"":""lab-eparagony-stub-tls"",""cpu"":""0.00%"",""mem"":""23.3MiB / 122.8GiB""},{""name"":""lab-erli-stub-tls"",""cpu"":""0.00%"",""mem"":""22.67MiB / 122.8GiB""},{""name"":""lab-wc-tls"",""cpu"":""0.00%"",""mem"":""29.51MiB / 122.8GiB""},{""name"":""lab-prestashop"",""cpu"":""0.01%"",""mem"":""126.9MiB / 122.8GiB""},{""name"":""lab-woocommerce"",""cpu"":""0.01%"",""mem"":""298.6MiB / 122.8GiB""},{""name"":""lab-redis"",""cpu"":""0.32%"",""mem"":""79.64MiB / 122.8GiB""},{""name"":""lab-postgres"",""cpu"":""0.41%"",""mem"":""238.1MiB / 122.8GiB""},{""name"":""lab-mysql"",""cpu"":""1.05%"",""mem"":""722.3MiB / 122.8GiB""},{""name"":""lab-woocommerce-mysql"",""cpu"":""1.01%"",""mem"":""511.8MiB / 122.8GiB""}]"
2026-09-10T13:37:08Z,4,0,0,47,0,2669205171,"[{""name"":""lab-worker-1"",""cpu"":""0.60%"",""mem"":""100.3MiB / 122.8GiB""},{""name"":""lab-api"",""cpu"":""0.00%"",""mem"":""144.1MiB / 122.8GiB""},{""name"":""lab-allegro-stub"",""cpu"":""0.00%"",""mem"":""21.09MiB / 122.8GiB""},{""name"":""lab-erli-stub"",""cpu"":""0.00%"",""mem"":""18.05MiB / 122.8GiB""},{""name"":""lab-eparagony-stub"",""cpu"":""0.00%"",""mem"":""20.37MiB / 122.8GiB""},{""name"":""lab-invoicing-stub"",""cpu"":""0.00%"",""mem"":""16.6MiB / 122.8GiB""},{""name"":""lab-shipping-stub"",""cpu"":""0.00%"",""mem"":""16.58MiB / 122.8GiB""},{""name"":""lab-eparagony-stub-tls"",""cpu"":""0.00%"",""mem"":""23.3MiB / 122.8GiB""},{""name"":""lab-erli-stub-tls"",""cpu"":""0.00%"",""mem"":""22.67MiB / 122.8GiB""},{""name"":""lab-wc-tls"",""cpu"":""0.00%"",""mem"":""29.51MiB / 122.8GiB""},{""name"":""lab-prestashop"",""cpu"":""0.01%"",""mem"":""126.9MiB / 122.8GiB""},{""name"":""lab-woocommerce"",""cpu"":""0.01%"",""mem"":""298.6MiB / 122.8GiB""},{""name"":""lab-redis"",""cpu"":""0.32%"",""mem"":""79.64MiB / 122.8GiB""},{""name"":""lab-postgres"",""cpu"":""0.41%"",""mem"":""238.1MiB / 122.8GiB""},{""name"":""lab-mysql"",""cpu"":""1.05%"",""mem"":""722.3MiB / 122.8GiB""},{""name"":""lab-woocommerce-mysql"",""cpu"":""1.01%"",""mem"":""511.8MiB / 122.8GiB""}]"
2026-09-10T13:37:12Z,4,0,0,47,0,2669205171,"[{""name"":""lab-worker-1"",""cpu"":""0.58%"",""mem"":""100.2MiB / 122.8GiB""},{""name"":""lab-api"",""cpu"":""0.00%"",""mem"":""144.1MiB / 122.8GiB""},{""name"":""lab-allegro-stub"",""cpu"":""0.01%"",""mem"":""21.09MiB / 122.8GiB""},{""name"":""lab-erli-stub"",""cpu"":""0.00%"",""mem"":""18.04MiB / 122.8GiB""},{""name"":""lab-eparagony-stub"",""cpu"":""0.00%"",""mem"":""20.37MiB / 122.8GiB""},{""name"":""lab-invoicing-stub"",""cpu"":""0.01%"",""mem"":""16.61MiB / 122.8GiB""},{""name"":""lab-shipping-stub"",""cpu"":""0.01%"",""mem"":""16.59MiB / 122.8GiB""},{""name"":""lab-eparagony-stub-tls"",""cpu"":""0.00%"",""mem"":""23.3MiB / 122.8GiB""},{""name"":""lab-erli-stub-tls"",""cpu"":""0.00%"",""mem"":""22.67MiB / 122.8GiB""},{""name"":""lab-wc-tls"",""cpu"":""0.00%"",""mem"":""29.51MiB / 122.8GiB""},{""name"":""lab-prestashop"",""cpu"":""0.01%"",""mem"":""126.9MiB / 122.8GiB""},{""name"":""lab-woocommerce"",""cpu"":""0.00%"",""mem"":""298.6MiB / 122.8GiB""},{""name"":""lab-redis"",""cpu"":""0.28%"",""mem"":""79.64MiB / 122.8GiB""},{""name"":""lab-postgres"",""cpu"":""5.69%"",""mem"":""238.1MiB / 122.8GiB""},{""name"":""lab-mysql"",""cpu"":""1.01%"",""mem"":""722.3MiB / 122.8GiB""},{""name"":""lab-woocommerce-mysql"",""cpu"":""1.16%"",""mem"":""511.8MiB / 122.8GiB""}]"
2026-09-10T13:37:12Z,4,0,0,47,0,2669205171,"[{""name"":""lab-worker-1"",""cpu"":""0.58%"",""mem"":""100.2MiB / 122.8GiB""},{""name"":""lab-api"",""cpu"":""0.00%"",""mem"":""144.1MiB / 122.8GiB""},{""name"":""lab-allegro-stub"",""cpu"":""0.01%"",""mem"":""21.09MiB / 122.8GiB""},{""name"":""lab-erli-stub"",""cpu"":""0.00%"",""mem"":""18.04MiB / 122.8GiB""},{""name"":""lab-eparagony-stub"",""cpu"":""0.00%"",""mem"":""20.37MiB / 122.8GiB""},{""name"":""lab-invoicing-stub"",""cpu"":""0.01%"",""mem"":""16.61MiB / 122.8GiB""},{""name"":""lab-shipping-stub"",""cpu"":""0.01%"",""mem"":""16.59MiB / 122.8GiB""},{""name"":""lab-eparagony-stub-tls"",""cpu"":""0.00%"",""mem"":""23.3MiB / 122.8GiB""},{""name"":""lab-erli-stub-tls"",""cpu"":""0.00%"",""mem"":""22.67MiB / 122.8GiB""},{""name"":""lab-wc-tls"",""cpu"":""0.00%"",""mem"":""29.51MiB / 122.8GiB""},{""name"":""lab-prestashop"",""cpu"":""0.01%"",""mem"":""126.9MiB / 122.8GiB""},{""name"":""lab-woocommerce"",""cpu"":""0.00%"",""mem"":""298.6MiB / 122.8GiB""},{""name"":""lab-redis"",""cpu"":""0.28%"",""mem"":""79.64MiB / 122.8GiB""},{""name"":""lab-postgres"",""cpu"":""5.69%"",""mem"":""238.1MiB / 122.8GiB""},{""name"":""lab-mysql"",""cpu"":""1.01%"",""mem"":""722.3MiB / 122.8GiB""},{""name"":""lab-woocommerce-mysql"",""cpu"":""0.97%"",""mem"":""511.8MiB / 122.8GiB""}]"
2026-09-10T13:37:15Z,4,0,1,47,0,2669205171,"[{""name"":""lab-worker-1"",""cpu"":""0.36%"",""mem"":""100MiB / 122.8GiB""},{""name"":""lab-api"",""cpu"":""0.00%"",""mem"":""144.2MiB / 122.8GiB""},{""name"":""lab-allegro-stub"",""cpu"":""4.04%"",""mem"":""21.23MiB / 122.8GiB""},{""name"":""lab-erli-stub"",""cpu"":""0.01%"",""mem"":""18.06MiB / 122.8GiB""},{""name"":""lab-eparagony-stub"",""cpu"":""0.00%"",""mem"":""20.37MiB / 122.8GiB""},{""name"":""lab-invoicing-stub"",""cpu"":""4.26%"",""mem"":""16.61MiB / 122.8GiB""},{""name"":""lab-shipping-stub"",""cpu"":""3.98%"",""mem"":""16.58MiB / 122.8GiB""},{""name"":""lab-eparagony-stub-tls"",""cpu"":""0.00%"",""mem"":""23.3MiB / 122.8GiB""},{""name"":""lab-erli-stub-tls"",""cpu"":""0.00%"",""mem"":""22.67MiB / 122.8GiB""},{""name"":""lab-wc-tls"",""cpu"":""0.00%"",""mem"":""29.51MiB / 122.8GiB""},{""name"":""lab-prestashop"",""cpu"":""0.00%"",""mem"":""126.9MiB / 122.8GiB""},{""name"":""lab-woocommerce"",""cpu"":""0.01%"",""mem"":""298.6MiB / 122.8GiB""},{""name"":""lab-redis"",""cpu"":""0.27%"",""mem"":""79.64MiB / 122.8GiB""},{""name"":""lab-postgres"",""cpu"":""0.42%"",""mem"":""238.1MiB / 122.8GiB""},{""name"":""lab-mysql"",""cpu"":""0.92%"",""mem"":""722.3MiB / 122.8GiB""},{""name"":""lab-woocommerce-mysql"",""cpu"":""5.81%"",""mem"":""511.8MiB / 122.8GiB""}]"
2026-09-10T13:37:15Z,4,0,1,47,0,2669205171,"[{""name"":""lab-worker-1"",""cpu"":""0.36%"",""mem"":""100MiB / 122.8GiB""},{""name"":""lab-api"",""cpu"":""0.00%"",""mem"":""144.2MiB / 122.8GiB""},{""name"":""lab-allegro-stub"",""cpu"":""4.04%"",""mem"":""21.23MiB / 122.8GiB""},{""name"":""lab-erli-stub"",""cpu"":""0.01%"",""mem"":""18.06MiB / 122.8GiB""},{""name"":""lab-eparagony-stub"",""cpu"":""0.00%"",""mem"":""20.37MiB / 122.8GiB""},{""name"":""lab-invoicing-stub"",""cpu"":""4.26%"",""mem"":""16.61MiB / 122.8GiB""},{""name"":""lab-shipping-stub"",""cpu"":""3.98%"",""mem"":""16.58MiB / 122.8GiB""},{""name"":""lab-eparagony-stub-tls"",""cpu"":""0.00%"",""mem"":""23.3MiB / 122.8GiB""},{""name"":""lab-erli-stub-tls"",""cpu"":""0.00%"",""mem"":""22.67MiB / 122.8GiB""},{""name"":""lab-wc-tls"",""cpu"":""0.00%"",""mem"":""29.51MiB / 122.8GiB""},{""name"":""lab-prestashop"",""cpu"":""0.00%"",""mem"":""126.9MiB / 122.8GiB""},{""name"":""lab-woocommerce"",""cpu"":""0.01%"",""mem"":""298.6MiB / 122.8GiB""},{""name"":""lab-redis"",""cpu"":""0.27%"",""mem"":""79.64MiB / 122.8GiB""},{""name"":""lab-postgres"",""cpu"":""0.42%"",""mem"":""238.1MiB / 122.8GiB""},{""name"":""lab-mysql"",""cpu"":""0.92%"",""mem"":""722.3MiB / 122.8GiB""},{""name"":""lab-woocommerce-mysql"",""cpu"":""5.81%"",""mem"":""511.8MiB / 122.8GiB""}]"
2026-09-10T13:37:19Z,3,0,0,47,0,2669205171,"[{""name"":""lab-worker-1"",""cpu"":""0.45%"",""mem"":""100MiB / 122.8GiB""},{""name"":""lab-api"",""cpu"":""0.00%"",""mem"":""144.2MiB / 122.8GiB""},{""name"":""lab-allegro-stub"",""cpu"":""0.00%"",""mem"":""21.09MiB / 122.8GiB""},{""name"":""lab-erli-stub"",""cpu"":""0.00%"",""mem"":""18.04MiB / 122.8GiB""},{""name"":""lab-eparagony-stub"",""cpu"":""4.14%"",""mem"":""20.4MiB / 122.8GiB""},{""name"":""lab-invoicing-stub"",""cpu"":""0.00%"",""mem"":""16.6MiB / 122.8GiB""},{""name"":""lab-shipping-stub"",""cpu"":""0.00%"",""mem"":""16.58MiB / 122.8GiB""},{""name"":""lab-eparagony-stub-tls"",""cpu"":""0.00%"",""mem"":""23.3MiB / 122.8GiB""},{""name"":""lab-erli-stub-tls"",""cpu"":""0.00%"",""mem"":""22.67MiB / 122.8GiB""},{""name"":""lab-wc-tls"",""cpu"":""0.00%"",""mem"":""29.51MiB / 122.8GiB""},{""name"":""lab-prestashop"",""cpu"":""0.01%"",""mem"":""126.9MiB / 122.8GiB""},{""name"":""lab-woocommerce"",""cpu"":""0.01%"",""mem"":""298.6MiB / 122.8GiB""},{""name"":""lab-redis"",""cpu"":""0.32%"",""mem"":""79.64MiB / 122.8GiB""},{""name"":""lab-postgres"",""cpu"":""0.42%"",""mem"":""238.1MiB / 122.8GiB""},{""name"":""lab-mysql"",""cpu"":""0.99%"",""mem"":""722.3MiB / 122.8GiB""},{""name"":""lab-woocommerce-mysql"",""cpu"":""0.88%"",""mem"":""511.8MiB / 122.8GiB""}]"
2026-09-10T13:37:19Z,3,0,0,47,0,2669205171,"[{""name"":""lab-worker-1"",""cpu"":""0.45%"",""mem"":""100MiB / 122.8GiB""},{""name"":""lab-api"",""cpu"":""0.00%"",""mem"":""144.2MiB / 122.8GiB""},{""name"":""lab-allegro-stub"",""cpu"":""0.01%"",""mem"":""21.09MiB / 122.8GiB""},{""name"":""lab-erli-stub"",""cpu"":""0.00%"",""mem"":""18.04MiB / 122.8GiB""},{""name"":""lab-eparagony-stub"",""cpu"":""4.14%"",""mem"":""20.4MiB / 122.8GiB""},{""name"":""lab-invoicing-stub"",""cpu"":""0.00%"",""mem"":""16.6MiB / 122.8GiB""},{""name"":""lab-shipping-stub"",""cpu"":""0.00%"",""mem"":""16.58MiB / 122.8GiB""},{""name"":""lab-eparagony-stub-tls"",""cpu"":""0.00%"",""mem"":""23.3MiB / 122.8GiB""},{""name"":""lab-erli-stub-tls"",""cpu"":""0.00%"",""mem"":""22.67MiB / 122.8GiB""},{""name"":""lab-wc-tls"",""cpu"":""0.00%"",""mem"":""29.51MiB / 122.8GiB""},{""name"":""lab-prestashop"",""cpu"":""0.01%"",""mem"":""126.9MiB / 122.8GiB""},{""name"":""lab-woocommerce"",""cpu"":""0.01%"",""mem"":""298.6MiB / 122.8GiB""},{""name"":""lab-redis"",""cpu"":""0.32%"",""mem"":""79.64MiB / 122.8GiB""},{""name"":""lab-postgres"",""cpu"":""0.42%"",""mem"":""238.1MiB / 122.8GiB""},{""name"":""lab-mysql"",""cpu"":""0.99%"",""mem"":""722.3MiB / 122.8GiB""},{""name"":""lab-woocommerce-mysql"",""cpu"":""0.88%"",""mem"":""511.8MiB / 122.8GiB""}]"
2026-09-10T13:37:23Z,4,0,0,47,0,2669205171,"[{""name"":""lab-worker-1"",""cpu"":""1.83%"",""mem"":""100MiB / 122.8GiB""},{""name"":""lab-api"",""cpu"":""0.42%"",""mem"":""144.2MiB / 122.8GiB""},{""name"":""lab-allegro-stub"",""cpu"":""0.03%"",""mem"":""21.09MiB / 122.8GiB""},{""name"":""lab-erli-stub"",""cpu"":""0.00%"",""mem"":""18.04MiB / 122.8GiB""},{""name"":""lab-eparagony-stub"",""cpu"":""0.00%"",""mem"":""20.37MiB / 122.8GiB""},{""name"":""lab-invoicing-stub"",""cpu"":""0.00%"",""mem"":""16.6MiB / 122.8GiB""},{""name"":""lab-shipping-stub"",""cpu"":""0.00%"",""mem"":""16.58MiB / 122.8GiB""},{""name"":""lab-eparagony-stub-tls"",""cpu"":""0.00%"",""mem"":""23.3MiB / 122.8GiB""},{""name"":""lab-erli-stub-tls"",""cpu"":""0.00%"",""mem"":""22.67MiB / 122.8GiB""},{""name"":""lab-wc-tls"",""cpu"":""0.00%"",""mem"":""29.51MiB / 122.8GiB""},{""name"":""lab-prestashop"",""cpu"":""0.01%"",""mem"":""126.9MiB / 122.8GiB""},{""name"":""lab-woocommerce"",""cpu"":""0.01%"",""mem"":""298.6MiB / 122.8GiB""},{""name"":""lab-redis"",""cpu"":""0.38%"",""mem"":""79.66MiB / 122.8GiB""},{""name"":""lab-postgres"",""cpu"":""3.06%"",""mem"":""238MiB / 122.8GiB""},{""name"":""lab-mysql"",""cpu"":""5.27%"",""mem"":""722.3MiB / 122.8GiB""},{""name"":""lab-woocommerce-mysql"",""cpu"":""0.95%"",""mem"":""511.8MiB / 122.8GiB""}]"
2026-09-10T13:37:23Z,4,0,0,47,0,2669205171,"[{""name"":""lab-worker-1"",""cpu"":""1.83%"",""mem"":""100MiB / 122.8GiB""},{""name"":""lab-api"",""cpu"":""0.42%"",""mem"":""144.2MiB / 122.8GiB""},{""name"":""lab-allegro-stub"",""cpu"":""0.03%"",""mem"":""21.09MiB / 122.8GiB""},{""name"":""lab-erli-stub"",""cpu"":""0.00%"",""mem"":""18.04MiB / 122.8GiB""},{""name"":""lab-eparagony-stub"",""cpu"":""0.00%"",""mem"":""20.37MiB / 122.8GiB""},{""name"":""lab-invoicing-stub"",""cpu"":""0.00%"",""mem"":""16.6MiB / 122.8GiB""},{""name"":""lab-shipping-stub"",""cpu"":""0.00%"",""mem"":""16.58MiB / 122.8GiB""},{""name"":""lab-eparagony-stub-tls"",""cpu"":""0.00%"",""mem"":""23.3MiB / 122.8GiB""},{""name"":""lab-erli-stub-tls"",""cpu"":""0.00%"",""mem"":""22.67MiB / 122.8GiB""},{""name"":""lab-wc-tls"",""cpu"":""0.00%"",""mem"":""29.51MiB / 122.8GiB""},{""name"":""lab-prestashop"",""cpu"":""0.01%"",""mem"":""126.9MiB / 122.8GiB""},{""name"":""lab-woocommerce"",""cpu"":""0.01%"",""mem"":""298.6MiB / 122.8GiB""},{""name"":""lab-redis"",""cpu"":""0.38%"",""mem"":""79.66MiB / 122.8GiB""},{""name"":""lab-postgres"",""cpu"":""3.06%"",""mem"":""238MiB / 122.8GiB""},{""name"":""lab-mysql"",""cpu"":""5.27%"",""mem"":""722.3MiB / 122.8GiB""},{""name"":""lab-woocommerce-mysql"",""cpu"":""0.95%"",""mem"":""511.8MiB / 122.8GiB""}]"
2026-09-10T13:37:26Z,4,0,0,47,0,2669205171,"[{""name"":""lab-worker-1"",""cpu"":""0.46%"",""mem"":""100MiB / 122.8GiB""},{""name"":""lab-api"",""cpu"":""0.00%"",""mem"":""144.2MiB / 122.8GiB""},{""name"":""lab-allegro-stub"",""cpu"":""0.06%"",""mem"":""21.09MiB / 122.8GiB""},{""name"":""lab-erli-stub"",""cpu"":""0.00%"",""mem"":""18.04MiB / 122.8GiB""},{""name"":""lab-eparagony-stub"",""cpu"":""0.00%"",""mem"":""20.37MiB / 122.8GiB""},{""name"":""lab-invoicing-stub"",""cpu"":""0.02%"",""mem"":""16.6MiB / 122.8GiB""},{""name"":""lab-shipping-stub"",""cpu"":""0.02%"",""mem"":""16.58MiB / 122.8GiB""},{""name"":""lab-eparagony-stub-tls"",""cpu"":""0.00%"",""mem"":""23.3MiB / 122.8GiB""},{""name"":""lab-erli-stub-tls"",""cpu"":""0.00%"",""mem"":""22.67MiB / 122.8GiB""},{""name"":""lab-wc-tls"",""cpu"":""0.00%"",""mem"":""29.51MiB / 122.8GiB""},{""name"":""lab-prestashop"",""cpu"":""0.01%"",""mem"":""126.9MiB / 122.8GiB""},{""name"":""lab-woocommerce"",""cpu"":""0.01%"",""mem"":""298.6MiB / 122.8GiB""},{""name"":""lab-redis"",""cpu"":""0.28%"",""mem"":""79.64MiB / 122.8GiB""},{""name"":""lab-postgres"",""cpu"":""0.37%"",""mem"":""238.1MiB / 122.8GiB""},{""name"":""lab-mysql"",""cpu"":""1.02%"",""mem"":""722.3MiB / 122.8GiB""},{""name"":""lab-woocommerce-mysql"",""cpu"":""0.98%"",""mem"":""512.1MiB / 122.8GiB""}]"
2026-09-10T13:37:26Z,4,0,0,47,0,2669205171,"[{""name"":""lab-worker-1"",""cpu"":""0.46%"",""mem"":""100MiB / 122.8GiB""},{""name"":""lab-api"",""cpu"":""0.00%"",""mem"":""144.2MiB / 122.8GiB""},{""name"":""lab-allegro-stub"",""cpu"":""0.06%"",""mem"":""21.09MiB / 122.8GiB""},{""name"":""lab-erli-stub"",""cpu"":""0.00%"",""mem"":""18.04MiB / 122.8GiB""},{""name"":""lab-eparagony-stub"",""cpu"":""0.00%"",""mem"":""20.37MiB / 122.8GiB""},{""name"":""lab-invoicing-stub"",""cpu"":""0.02%"",""mem"":""16.6MiB / 122.8GiB""},{""name"":""lab-shipping-stub"",""cpu"":""0.02%"",""mem"":""16.58MiB / 122.8GiB""},{""name"":""lab-eparagony-stub-tls"",""cpu"":""0.00%"",""mem"":""23.3MiB / 122.8GiB""},{""name"":""lab-erli-stub-tls"",""cpu"":""0.00%"",""mem"":""22.67MiB / 122.8GiB""},{""name"":""lab-wc-tls"",""cpu"":""0.00%"",""mem"":""29.51MiB / 122.8GiB""},{""name"":""lab-prestashop"",""cpu"":""0.01%"",""mem"":""126.9MiB / 122.8GiB""},{""name"":""lab-woocommerce"",""cpu"":""0.01%"",""mem"":""298.6MiB / 122.8GiB""},{""name"":""lab-redis"",""cpu"":""0.28%"",""mem"":""79.64MiB / 122.8GiB""},{""name"":""lab-postgres"",""cpu"":""0.37%"",""mem"":""238.1MiB / 122.8GiB""},{""name"":""lab-mysql"",""cpu"":""1.02%"",""mem"":""722.3MiB / 122.8GiB""},{""name"":""lab-woocommerce-mysql"",""cpu"":""0.98%"",""mem"":""512.1MiB / 122.8GiB""}]"
2026-09-10T13:37:30Z,3,0,0,47,0,2669205171,"[{""name"":""lab-worker-1"",""cpu"":""0.49%"",""mem"":""100MiB / 122.8GiB""},{""name"":""lab-api"",""cpu"":""0.00%"",""mem"":""144.2MiB / 122.8GiB""},{""name"":""lab-allegro-stub"",""cpu"":""3.26%"",""mem"":""21.23MiB / 122.8GiB""},{""name"":""lab-erli-stub"",""cpu"":""3.92%"",""mem"":""18.07MiB / 122.8GiB""},{""name"":""lab-eparagony-stub"",""cpu"":""0.01%"",""mem"":""20.37MiB / 122.8GiB""},{""name"":""lab-invoicing-stub"",""cpu"":""3.87%"",""mem"":""16.64MiB / 122.8GiB""},{""name"":""lab-shipping-stub"",""cpu"":""3.91%"",""mem"":""16.64MiB / 122.8GiB""},{""name"":""lab-eparagony-stub-tls"",""cpu"":""0.00%"",""mem"":""23.3MiB / 122.8GiB""},{""name"":""lab-erli-stub-tls"",""cpu"":""0.00%"",""mem"":""22.67MiB / 122.8GiB""},{""name"":""lab-wc-tls"",""cpu"":""0.00%"",""mem"":""29.51MiB / 122.8GiB""},{""name"":""lab-prestashop"",""cpu"":""0.01%"",""mem"":""126.9MiB / 122.8GiB""},{""name"":""lab-woocommerce"",""cpu"":""0.01%"",""mem"":""298.6MiB / 122.8GiB""},{""name"":""lab-redis"",""cpu"":""4.63%"",""mem"":""79.64MiB / 122.8GiB""},{""name"":""lab-postgres"",""cpu"":""0.40%"",""mem"":""238.1MiB / 122.8GiB""},{""name"":""lab-mysql"",""cpu"":""0.74%"",""mem"":""722.3MiB / 122.8GiB""},{""name"":""lab-woocommerce-mysql"",""cpu"":""0.80%"",""mem"":""511.8MiB / 122.8GiB""}]"
2026-09-10T13:37:30Z,3,0,0,47,0,2669205171,"[{""name"":""lab-worker-1"",""cpu"":""0.49%"",""mem"":""100MiB / 122.8GiB""},{""name"":""lab-api"",""cpu"":""0.00%"",""mem"":""144.2MiB / 122.8GiB""},{""name"":""lab-allegro-stub"",""cpu"":""3.26%"",""mem"":""21.23MiB / 122.8GiB""},{""name"":""lab-erli-stub"",""cpu"":""3.92%"",""mem"":""18.07MiB / 122.8GiB""},{""name"":""lab-eparagony-stub"",""cpu"":""0.01%"",""mem"":""20.37MiB / 122.8GiB""},{""name"":""lab-invoicing-stub"",""cpu"":""3.87%"",""mem"":""16.64MiB / 122.8GiB""},{""name"":""lab-shipping-stub"",""cpu"":""3.91%"",""mem"":""16.64MiB / 122.8GiB""},{""name"":""lab-eparagony-stub-tls"",""cpu"":""0.00%"",""mem"":""23.3MiB / 122.8GiB""},{""name"":""lab-erli-stub-tls"",""cpu"":""0.00%"",""mem"":""22.67MiB / 122.8GiB""},{""name"":""lab-wc-tls"",""cpu"":""0.00%"",""mem"":""29.51MiB / 122.8GiB""},{""name"":""lab-prestashop"",""cpu"":""0.01%"",""mem"":""126.9MiB / 122.8GiB""},{""name"":""lab-woocommerce"",""cpu"":""0.01%"",""mem"":""298.6MiB / 122.8GiB""},{""name"":""lab-redis"",""cpu"":""4.63%"",""mem"":""79.64MiB / 122.8GiB""},{""name"":""lab-postgres"",""cpu"":""0.40%"",""mem"":""238.1MiB / 122.8GiB""},{""name"":""lab-mysql"",""cpu"":""0.74%"",""mem"":""722.3MiB / 122.8GiB""},{""name"":""lab-woocommerce-mysql"",""cpu"":""0.80%"",""mem"":""511.8MiB / 122.8GiB""}]"
2026-09-10T13:37:34Z,4,0,0,47,0,2669205171,"[{""name"":""lab-worker-1"",""cpu"":""3.11%"",""mem"":""100.1MiB / 122.8GiB""},{""name"":""lab-api"",""cpu"":""0.00%"",""mem"":""144.5MiB / 122.8GiB""},{""name"":""lab-allegro-stub"",""cpu"":""0.17%"",""mem"":""21.09MiB / 122.8GiB""},{""name"":""lab-erli-stub"",""cpu"":""0.00%"",""mem"":""18.04MiB / 122.8GiB""},{""name"":""lab-eparagony-stub"",""cpu"":""3.70%"",""mem"":""20.43MiB / 122.8GiB""},{""name"":""lab-invoicing-stub"",""cpu"":""0.00%"",""mem"":""16.6MiB / 122.8GiB""},{""name"":""lab-shipping-stub"",""cpu"":""0.00%"",""mem"":""16.58MiB / 122.8GiB""},{""name"":""lab-eparagony-stub-tls"",""cpu"":""0.00%"",""mem"":""23.3MiB / 122.8GiB""},{""name"":""lab-erli-stub-tls"",""cpu"":""0.00%"",""mem"":""22.67MiB / 122.8GiB""},{""name"":""lab-wc-tls"",""cpu"":""0.00%"",""mem"":""29.51MiB / 122.8GiB""},{""name"":""lab-prestashop"",""cpu"":""0.01%"",""mem"":""126.9MiB / 122.8GiB""},{""name"":""lab-woocommerce"",""cpu"":""0.01%"",""mem"":""298.6MiB / 122.8GiB""},{""name"":""lab-redis"",""cpu"":""0.35%"",""mem"":""79.64MiB / 122.8GiB""},{""name"":""lab-postgres"",""cpu"":""3.08%"",""mem"":""238.6MiB / 122.8GiB""},{""name"":""lab-mysql"",""cpu"":""1.03%"",""mem"":""722.3MiB / 122.8GiB""},{""name"":""lab-woocommerce-mysql"",""cpu"":""0.88%"",""mem"":""511.8MiB / 122.8GiB""}]"
2026-09-10T13:37:34Z,4,0,0,47,0,2669205171,"[{""name"":""lab-worker-1"",""cpu"":""3.11%"",""mem"":""100.1MiB / 122.8GiB""},{""name"":""lab-api"",""cpu"":""0.00%"",""mem"":""144.5MiB / 122.8GiB""},{""name"":""lab-allegro-stub"",""cpu"":""0.17%"",""mem"":""21.09MiB / 122.8GiB""},{""name"":""lab-erli-stub"",""cpu"":""0.00%"",""mem"":""18.04MiB / 122.8GiB""},{""name"":""lab-eparagony-stub"",""cpu"":""3.70%"",""mem"":""20.43MiB / 122.8GiB""},{""name"":""lab-invoicing-stub"",""cpu"":""0.00%"",""mem"":""16.6MiB / 122.8GiB""},{""name"":""lab-shipping-stub"",""cpu"":""0.00%"",""mem"":""16.58MiB / 122.8GiB""},{""name"":""lab-eparagony-stub-tls"",""cpu"":""0.00%"",""mem"":""23.3MiB / 122.8GiB""},{""name"":""lab-erli-stub-tls"",""cpu"":""0.00%"",""mem"":""22.67MiB / 122.8GiB""},{""name"":""lab-wc-tls"",""cpu"":""0.00%"",""mem"":""29.51MiB / 122.8GiB""},{""name"":""lab-prestashop"",""cpu"":""0.01%"",""mem"":""126.9MiB / 122.8GiB""},{""name"":""lab-woocommerce"",""cpu"":""0.01%"",""mem"":""298.6MiB / 122.8GiB""},{""name"":""lab-redis"",""cpu"":""0.35%"",""mem"":""79.64MiB / 122.8GiB""},{""name"":""lab-postgres"",""cpu"":""3.08%"",""mem"":""238.6MiB / 122.8GiB""},{""name"":""lab-mysql"",""cpu"":""1.03%"",""mem"":""722.3MiB / 122.8GiB""},{""name"":""lab-woocommerce-mysql"",""cpu"":""0.88%"",""mem"":""511.8MiB / 122.8GiB""}]"
2026-09-10T13:37:38Z,4,0,0,47,0,2669205171,"[{""name"":""lab-worker-1"",""cpu"":""0.63%"",""mem"":""100.1MiB / 122.8GiB""},{""name"":""lab-api"",""cpu"":""0.00%"",""mem"":""144.3MiB / 122.8GiB""},{""name"":""lab-allegro-stub"",""cpu"":""0.00%"",""mem"":""21.09MiB / 122.8GiB""},{""name"":""lab-erli-stub"",""cpu"":""0.00%"",""mem"":""18.04MiB / 122.8GiB""},{""name"":""lab-eparagony-stub"",""cpu"":""0.00%"",""mem"":""20.37MiB / 122.8GiB""},{""name"":""lab-invoicing-stub"",""cpu"":""0.00%"",""mem"":""16.6MiB / 122.8GiB""},{""name"":""lab-shipping-stub"",""cpu"":""0.00%"",""mem"":""16.58MiB / 122.8GiB""},{""name"":""lab-eparagony-stub-tls"",""cpu"":""0.00%"",""mem"":""23.3MiB / 122.8GiB""},{""name"":""lab-erli-stub-tls"",""cpu"":""0.00%"",""mem"":""22.67MiB / 122.8GiB""},{""name"":""lab-wc-tls"",""cpu"":""0.00%"",""mem"":""29.51MiB / 122.8GiB""},{""name"":""lab-prestashop"",""cpu"":""0.01%"",""mem"":""126.9MiB / 122.8GiB""},{""name"":""lab-woocommerce"",""cpu"":""0.01%"",""mem"":""298.6MiB / 122.8GiB""},{""name"":""lab-redis"",""cpu"":""0.33%"",""mem"":""79.64MiB / 122.8GiB""},{""name"":""lab-postgres"",""cpu"":""0.40%"",""mem"":""238.1MiB / 122.8GiB""},{""name"":""lab-mysql"",""cpu"":""1.01%"",""mem"":""722.3MiB / 122.8GiB""},{""name"":""lab-woocommerce-mysql"",""cpu"":""0.89%"",""mem"":""511.8MiB / 122.8GiB""}]"
2026-09-10T13:37:38Z,4,0,0,47,0,2669205171,"[{""name"":""lab-worker-1"",""cpu"":""0.63%"",""mem"":""100.1MiB / 122.8GiB""},{""name"":""lab-api"",""cpu"":""0.00%"",""mem"":""144.3MiB / 122.8GiB""},{""name"":""lab-allegro-stub"",""cpu"":""0.00%"",""mem"":""21.09MiB / 122.8GiB""},{""name"":""lab-erli-stub"",""cpu"":""0.00%"",""mem"":""18.04MiB / 122.8GiB""},{""name"":""lab-eparagony-stub"",""cpu"":""0.00%"",""mem"":""20.37MiB / 122.8GiB""},{""name"":""lab-invoicing-stub"",""cpu"":""0.00%"",""mem"":""16.6MiB / 122.8GiB""},{""name"":""lab-shipping-stub"",""cpu"":""0.00%"",""mem"":""16.58MiB / 122.8GiB""},{""name"":""lab-eparagony-stub-tls"",""cpu"":""0.00%"",""mem"":""23.3MiB / 122.8GiB""},{""name"":""lab-erli-stub-tls"",""cpu"":""0.00%"",""mem"":""22.67MiB / 122.8GiB""},{""name"":""lab-wc-tls"",""cpu"":""0.00%"",""mem"":""29.51MiB / 122.8GiB""},{""name"":""lab-prestashop"",""cpu"":""0.01%"",""mem"":""126.9MiB / 122.8GiB""},{""name"":""lab-woocommerce"",""cpu"":""0.01%"",""mem"":""298.6MiB / 122.8GiB""},{""name"":""lab-redis"",""cpu"":""0.33%"",""mem"":""79.64MiB / 122.8GiB""},{""name"":""lab-postgres"",""cpu"":""0.40%"",""mem"":""238.1MiB / 122.8GiB""},{""name"":""lab-mysql"",""cpu"":""1.01%"",""mem"":""722.3MiB / 122.8GiB""},{""name"":""lab-woocommerce-mysql"",""cpu"":""0.89%"",""mem"":""511.8MiB / 122.8GiB""}]"
2026-09-10T13:37:41Z,4,0,0,47,0,2669205171,"[{""name"":""lab-worker-1"",""cpu"":""0.52%"",""mem"":""100.1MiB / 122.8GiB""},{""name"":""lab-api"",""cpu"":""0.00%"",""mem"":""144.3MiB / 122.8GiB""},{""name"":""lab-allegro-stub"",""cpu"":""0.01%"",""mem"":""21.15MiB / 122.8GiB""},{""name"":""lab-erli-stub"",""cpu"":""0.00%"",""mem"":""18.05MiB / 122.8GiB""},{""name"":""lab-eparagony-stub"",""cpu"":""0.00%"",""mem"":""20.37MiB / 122.8GiB""},{""name"":""lab-invoicing-stub"",""cpu"":""0.01%"",""mem"":""16.66MiB / 122.8GiB""},{""name"":""lab-shipping-stub"",""cpu"":""0.01%"",""mem"":""16.6MiB / 122.8GiB""},{""name"":""lab-eparagony-stub-tls"",""cpu"":""0.00%"",""mem"":""23.3MiB / 122.8GiB""},{""name"":""lab-erli-stub-tls"",""cpu"":""0.00%"",""mem"":""22.67MiB / 122.8GiB""},{""name"":""lab-wc-tls"",""cpu"":""0.00%"",""mem"":""29.51MiB / 122.8GiB""},{""name"":""lab-prestashop"",""cpu"":""0.01%"",""mem"":""126.9MiB / 122.8GiB""},{""name"":""lab-woocommerce"",""cpu"":""0.01%"",""mem"":""296.6MiB / 122.8GiB""},{""name"":""lab-redis"",""cpu"":""0.28%"",""mem"":""79.89MiB / 122.8GiB""},{""name"":""lab-postgres"",""cpu"":""0.40%"",""mem"":""238.1MiB / 122.8GiB""},{""name"":""lab-mysql"",""cpu"":""0.91%"",""mem"":""722.3MiB / 122.8GiB""},{""name"":""lab-woocommerce-mysql"",""cpu"":""4.90%"",""mem"":""511.8MiB / 122.8GiB""}]"
2026-09-10T13:37:41Z,4,0,0,47,0,2669205171,"[{""name"":""lab-worker-1"",""cpu"":""0.52%"",""mem"":""100.1MiB / 122.8GiB""},{""name"":""lab-api"",""cpu"":""0.00%"",""mem"":""144.3MiB / 122.8GiB""},{""name"":""lab-allegro-stub"",""cpu"":""0.01%"",""mem"":""21.15MiB / 122.8GiB""},{""name"":""lab-erli-stub"",""cpu"":""0.00%"",""mem"":""18.05MiB / 122.8GiB""},{""name"":""lab-eparagony-stub"",""cpu"":""0.00%"",""mem"":""20.37MiB / 122.8GiB""},{""name"":""lab-invoicing-stub"",""cpu"":""0.01%"",""mem"":""16.66MiB / 122.8GiB""},{""name"":""lab-shipping-stub"",""cpu"":""0.01%"",""mem"":""16.6MiB / 122.8GiB""},{""name"":""lab-eparagony-stub-tls"",""cpu"":""0.00%"",""mem"":""23.3MiB / 122.8GiB""},{""name"":""lab-erli-stub-tls"",""cpu"":""0.00%"",""mem"":""22.67MiB / 122.8GiB""},{""name"":""lab-wc-tls"",""cpu"":""0.00%"",""mem"":""29.51MiB / 122.8GiB""},{""name"":""lab-prestashop"",""cpu"":""0.01%"",""mem"":""126.9MiB / 122.8GiB""},{""name"":""lab-woocommerce"",""cpu"":""0.01%"",""mem"":""296.6MiB / 122.8GiB""},{""name"":""lab-redis"",""cpu"":""0.28%"",""mem"":""79.89MiB / 122.8GiB""},{""name"":""lab-postgres"",""cpu"":""0.40%"",""mem"":""238.1MiB / 122.8GiB""},{""name"":""lab-mysql"",""cpu"":""0.91%"",""mem"":""722.3MiB / 122.8GiB""},{""name"":""lab-woocommerce-mysql"",""cpu"":""1.55%"",""mem"":""511.8MiB / 122.8GiB""}]"
2026-09-10T13:37:45Z,3,1,0,47,0,2669205171,"[{""name"":""lab-worker-1"",""cpu"":""2.06%"",""mem"":""100.2MiB / 122.8GiB""},{""name"":""lab-api"",""cpu"":""0.00%"",""mem"":""144.3MiB / 122.8GiB""},{""name"":""lab-allegro-stub"",""cpu"":""3.22%"",""mem"":""28.05MiB / 122.8GiB""},{""name"":""lab-erli-stub"",""cpu"":""4.38%"",""mem"":""18.06MiB / 122.8GiB""},{""name"":""lab-eparagony-stub"",""cpu"":""0.01%"",""mem"":""20.37MiB / 122.8GiB""},{""name"":""lab-invoicing-stub"",""cpu"":""0.00%"",""mem"":""16.6MiB / 122.8GiB""},{""name"":""lab-shipping-stub"",""cpu"":""0.00%"",""mem"":""16.58MiB / 122.8GiB""},{""name"":""lab-eparagony-stub-tls"",""cpu"":""0.00%"",""mem"":""23.3MiB / 122.8GiB""},{""name"":""lab-erli-stub-tls"",""cpu"":""0.00%"",""mem"":""22.67MiB / 122.8GiB""},{""name"":""lab-wc-tls"",""cpu"":""0.00%"",""mem"":""29.51MiB / 122.8GiB""},{""name"":""lab-prestashop"",""cpu"":""0.01%"",""mem"":""126.9MiB / 122.8GiB""},{""name"":""lab-woocommerce"",""cpu"":""0.01%"",""mem"":""296.6MiB / 122.8GiB""},{""name"":""lab-redis"",""cpu"":""0.31%"",""mem"":""79.64MiB / 122.8GiB""},{""name"":""lab-postgres"",""cpu"":""0.39%"",""mem"":""238.1MiB / 122.8GiB""},{""name"":""lab-mysql"",""cpu"":""0.98%"",""mem"":""722.3MiB / 122.8GiB""},{""name"":""lab-woocommerce-mysql"",""cpu"":""0.97%"",""mem"":""511.8MiB / 122.8GiB""}]"
2026-09-10T13:37:45Z,3,1,0,47,0,2669205171,"[{""name"":""lab-worker-1"",""cpu"":""2.06%"",""mem"":""100.2MiB / 122.8GiB""},{""name"":""lab-api"",""cpu"":""0.00%"",""mem"":""144.3MiB / 122.8GiB""},{""name"":""lab-allegro-stub"",""cpu"":""3.22%"",""mem"":""28.05MiB / 122.8GiB""},{""name"":""lab-erli-stub"",""cpu"":""4.38%"",""mem"":""18.06MiB / 122.8GiB""},{""name"":""lab-eparagony-stub"",""cpu"":""0.01%"",""mem"":""20.37MiB / 122.8GiB""},{""name"":""lab-invoicing-stub"",""cpu"":""0.00%"",""mem"":""16.6MiB / 122.8GiB""},{""name"":""lab-shipping-stub"",""cpu"":""0.00%"",""mem"":""16.58MiB / 122.8GiB""},{""name"":""lab-eparagony-stub-tls"",""cpu"":""0.00%"",""mem"":""23.3MiB / 122.8GiB""},{""name"":""lab-erli-stub-tls"",""cpu"":""0.00%"",""mem"":""22.67MiB / 122.8GiB""},{""name"":""lab-wc-tls"",""cpu"":""0.00%"",""mem"":""29.51MiB / 122.8GiB""},{""name"":""lab-prestashop"",""cpu"":""0.01%"",""mem"":""126.9MiB / 122.8GiB""},{""name"":""lab-woocommerce"",""cpu"":""0.01%"",""mem"":""296.6MiB / 122.8GiB""},{""name"":""lab-redis"",""cpu"":""0.31%"",""mem"":""79.64MiB / 122.8GiB""},{""name"":""lab-postgres"",""cpu"":""0.39%"",""mem"":""238.1MiB / 122.8GiB""},{""name"":""lab-mysql"",""cpu"":""0.98%"",""mem"":""722.3MiB / 122.8GiB""},{""name"":""lab-woocommerce-mysql"",""cpu"":""0.97%"",""mem"":""511.8MiB / 122.8GiB""}]"
2026-09-10T13:37:49Z,4,0,0,47,0,2669205171,"[{""name"":""lab-worker-1"",""cpu"":""0.48%"",""mem"":""100.1MiB / 122.8GiB""},{""name"":""lab-api"",""cpu"":""0.01%"",""mem"":""144.3MiB / 122.8GiB""},{""name"":""lab-allegro-stub"",""cpu"":""0.00%"",""mem"":""20.98MiB / 122.8GiB""},{""name"":""lab-erli-stub"",""cpu"":""0.00%"",""mem"":""18.04MiB / 122.8GiB""},{""name"":""lab-eparagony-stub"",""cpu"":""0.00%"",""mem"":""20.37MiB / 122.8GiB""},{""name"":""lab-invoicing-stub"",""cpu"":""0.00%"",""mem"":""16.6MiB / 122.8GiB""},{""name"":""lab-shipping-stub"",""cpu"":""0.00%"",""mem"":""16.58MiB / 122.8GiB""},{""name"":""lab-eparagony-stub-tls"",""cpu"":""0.00%"",""mem"":""23.3MiB / 122.8GiB""},{""name"":""lab-erli-stub-tls"",""cpu"":""0.00%"",""mem"":""22.67MiB / 122.8GiB""},{""name"":""lab-wc-tls"",""cpu"":""0.00%"",""mem"":""29.51MiB / 122.8GiB""},{""name"":""lab-prestashop"",""cpu"":""0.01%"",""mem"":""126.9MiB / 122.8GiB""},{""name"":""lab-woocommerce"",""cpu"":""0.01%"",""mem"":""296.6MiB / 122.8GiB""},{""name"":""lab-redis"",""cpu"":""0.31%"",""mem"":""79.64MiB / 122.8GiB""},{""name"":""lab-postgres"",""cpu"":""0.39%"",""mem"":""238.1MiB / 122.8GiB""},{""name"":""lab-mysql"",""cpu"":""0.93%"",""mem"":""722.3MiB / 122.8GiB""},{""name"":""lab-woocommerce-mysql"",""cpu"":""0.82%"",""mem"":""511.8MiB / 122.8GiB""}]"
2026-09-10T13:37:49Z,4,0,0,47,0,2669205171,"[{""name"":""lab-worker-1"",""cpu"":""0.48%"",""mem"":""100.1MiB / 122.8GiB""},{""name"":""lab-api"",""cpu"":""0.01%"",""mem"":""144.3MiB / 122.8GiB""},{""name"":""lab-allegro-stub"",""cpu"":""0.00%"",""mem"":""20.98MiB / 122.8GiB""},{""name"":""lab-erli-stub"",""cpu"":""0.00%"",""mem"":""18.04MiB / 122.8GiB""},{""name"":""lab-eparagony-stub"",""cpu"":""0.00%"",""mem"":""20.37MiB / 122.8GiB""},{""name"":""lab-invoicing-stub"",""cpu"":""0.00%"",""mem"":""16.6MiB / 122.8GiB""},{""name"":""lab-shipping-stub"",""cpu"":""0.00%"",""mem"":""16.58MiB / 122.8GiB""},{""name"":""lab-eparagony-stub-tls"",""cpu"":""0.00%"",""mem"":""23.3MiB / 122.8GiB""},{""name"":""lab-erli-stub-tls"",""cpu"":""0.00%"",""mem"":""22.67MiB / 122.8GiB""},{""name"":""lab-wc-tls"",""cpu"":""0.00%"",""mem"":""29.51MiB / 122.8GiB""},{""name"":""lab-prestashop"",""cpu"":""0.01%"",""mem"":""126.9MiB / 122.8GiB""},{""name"":""lab-woocommerce"",""cpu"":""0.01%"",""mem"":""296.6MiB / 122.8GiB""},{""name"":""lab-redis"",""cpu"":""0.31%"",""mem"":""79.64MiB / 122.8GiB""},{""name"":""lab-postgres"",""cpu"":""0.39%"",""mem"":""238.1MiB / 122.8GiB""},{""name"":""lab-mysql"",""cpu"":""0.93%"",""mem"":""722.3MiB / 122.8GiB""},{""name"":""lab-woocommerce-mysql"",""cpu"":""0.82%"",""mem"":""511.8MiB / 122.8GiB""}]"
2026-09-10T13:37:52Z,4,0,0,47,0,2669205171,"[{""name"":""lab-worker-1"",""cpu"":""0.74%"",""mem"":""100.1MiB / 122.8GiB""},{""name"":""lab-api"",""cpu"":""0.57%"",""mem"":""144.4MiB / 122.8GiB""},{""name"":""lab-allegro-stub"",""cpu"":""0.00%"",""mem"":""20.98MiB / 122.8GiB""},{""name"":""lab-erli-stub"",""cpu"":""0.00%"",""mem"":""18.04MiB / 122.8GiB""},{""name"":""lab-eparagony-stub"",""cpu"":""0.00%"",""mem"":""20.37MiB / 122.8GiB""},{""name"":""lab-invoicing-stub"",""cpu"":""0.00%"",""mem"":""16.6MiB / 122.8GiB""},{""name"":""lab-shipping-stub"",""cpu"":""0.00%"",""mem"":""16.58MiB / 122.8GiB""},{""name"":""lab-eparagony-stub-tls"",""cpu"":""0.00%"",""mem"":""23.3MiB / 122.8GiB""},{""name"":""lab-erli-stub-tls"",""cpu"":""0.00%"",""mem"":""22.67MiB / 122.8GiB""},{""name"":""lab-wc-tls"",""cpu"":""0.00%"",""mem"":""29.51MiB / 122.8GiB""},{""name"":""lab-prestashop"",""cpu"":""0.01%"",""mem"":""126.9MiB / 122.8GiB""},{""name"":""lab-woocommerce"",""cpu"":""0.01%"",""mem"":""296.6MiB / 122.8GiB""},{""name"":""lab-redis"",""cpu"":""0.32%"",""mem"":""79.64MiB / 122.8GiB""},{""name"":""lab-postgres"",""cpu"":""5.79%"",""mem"":""238.1MiB / 122.8GiB""},{""name"":""lab-mysql"",""cpu"":""5.28%"",""mem"":""722.3MiB / 122.8GiB""},{""name"":""lab-woocommerce-mysql"",""cpu"":""0.90%"",""mem"":""511.8MiB / 122.8GiB""}]"
2026-09-10T13:37:52Z,4,0,0,47,0,2669205171,"[{""name"":""lab-worker-1"",""cpu"":""0.74%"",""mem"":""100.1MiB / 122.8GiB""},{""name"":""lab-api"",""cpu"":""0.57%"",""mem"":""144.4MiB / 122.8GiB""},{""name"":""lab-allegro-stub"",""cpu"":""0.00%"",""mem"":""20.98MiB / 122.8GiB""},{""name"":""lab-erli-stub"",""cpu"":""0.00%"",""mem"":""18.04MiB / 122.8GiB""},{""name"":""lab-eparagony-stub"",""cpu"":""0.00%"",""mem"":""20.37MiB / 122.8GiB""},{""name"":""lab-invoicing-stub"",""cpu"":""0.00%"",""mem"":""16.6MiB / 122.8GiB""},{""name"":""lab-shipping-stub"",""cpu"":""0.00%"",""mem"":""16.58MiB / 122.8GiB""},{""name"":""lab-eparagony-stub-tls"",""cpu"":""0.00%"",""mem"":""23.3MiB / 122.8GiB""},{""name"":""lab-erli-stub-tls"",""cpu"":""0.00%"",""mem"":""22.67MiB / 122.8GiB""},{""name"":""lab-wc-tls"",""cpu"":""0.00%"",""mem"":""29.51MiB / 122.8GiB""},{""name"":""lab-prestashop"",""cpu"":""0.01%"",""mem"":""126.9MiB / 122.8GiB""},{""name"":""lab-woocommerce"",""cpu"":""0.01%"",""mem"":""296.6MiB / 122.8GiB""},{""name"":""lab-redis"",""cpu"":""0.32%"",""mem"":""79.64MiB / 122.8GiB""},{""name"":""lab-postgres"",""cpu"":""5.79%"",""mem"":""238.1MiB / 122.8GiB""},{""name"":""lab-mysql"",""cpu"":""5.28%"",""mem"":""722.3MiB / 122.8GiB""},{""name"":""lab-woocommerce-mysql"",""cpu"":""0.90%"",""mem"":""511.8MiB / 122.8GiB""}]"
2026-09-10T13:37:56Z,3,0,0,47,0,2669205171,"[{""name"":""lab-worker-1"",""cpu"":""0.43%"",""mem"":""100.1MiB / 122.8GiB""},{""name"":""lab-api"",""cpu"":""0.00%"",""mem"":""144.4MiB / 122.8GiB""},{""name"":""lab-allegro-stub"",""cpu"":""4.21%"",""mem"":""20.99MiB / 122.8GiB""},{""name"":""lab-erli-stub"",""cpu"":""0.00%"",""mem"":""18.05MiB / 122.8GiB""},{""name"":""lab-eparagony-stub"",""cpu"":""0.00%"",""mem"":""20.37MiB / 122.8GiB""},{""name"":""lab-invoicing-stub"",""cpu"":""3.96%"",""mem"":""16.62MiB / 122.8GiB""},{""name"":""lab-shipping-stub"",""cpu"":""3.72%"",""mem"":""16.58MiB / 122.8GiB""},{""name"":""lab-eparagony-stub-tls"",""cpu"":""0.00%"",""mem"":""23.3MiB / 122.8GiB""},{""name"":""lab-erli-stub-tls"",""cpu"":""0.00%"",""mem"":""22.67MiB / 122.8GiB""},{""name"":""lab-wc-tls"",""cpu"":""0.00%"",""mem"":""29.51MiB / 122.8GiB""},{""name"":""lab-prestashop"",""cpu"":""0.01%"",""mem"":""126.9MiB / 122.8GiB""},{""name"":""lab-woocommerce"",""cpu"":""0.01%"",""mem"":""296.6MiB / 122.8GiB""},{""name"":""lab-redis"",""cpu"":""0.29%"",""mem"":""79.89MiB / 122.8GiB""},{""name"":""lab-postgres"",""cpu"":""0.43%"",""mem"":""238.1MiB / 122.8GiB""},{""name"":""lab-mysql"",""cpu"":""0.91%"",""mem"":""722.3MiB / 122.8GiB""},{""name"":""lab-woocommerce-mysql"",""cpu"":""4.55%"",""mem"":""511.8MiB / 122.8GiB""}]"
2026-09-10T13:37:56Z,3,0,0,47,0,2669205171,"[{""name"":""lab-worker-1"",""cpu"":""0.43%"",""mem"":""100.1MiB / 122.8GiB""},{""name"":""lab-api"",""cpu"":""0.00%"",""mem"":""144.4MiB / 122.8GiB""},{""name"":""lab-allegro-stub"",""cpu"":""4.21%"",""mem"":""20.99MiB / 122.8GiB""},{""name"":""lab-erli-stub"",""cpu"":""0.00%"",""mem"":""18.05MiB / 122.8GiB""},{""name"":""lab-eparagony-stub"",""cpu"":""0.00%"",""mem"":""20.37MiB / 122.8GiB""},{""name"":""lab-invoicing-stub"",""cpu"":""3.96%"",""mem"":""16.62MiB / 122.8GiB""},{""name"":""lab-shipping-stub"",""cpu"":""3.72%"",""mem"":""16.58MiB / 122.8GiB""},{""name"":""lab-eparagony-stub-tls"",""cpu"":""0.00%"",""mem"":""23.3MiB / 122.8GiB""},{""name"":""lab-erli-stub-tls"",""cpu"":""0.00%"",""mem"":""22.67MiB / 122.8GiB""},{""name"":""lab-wc-tls"",""cpu"":""0.00%"",""mem"":""29.51MiB / 122.8GiB""},{""name"":""lab-prestashop"",""cpu"":""0.01%"",""mem"":""126.9MiB / 122.8GiB""},{""name"":""lab-woocommerce"",""cpu"":""0.01%"",""mem"":""296.6MiB / 122.8GiB""},{""name"":""lab-redis"",""cpu"":""0.29%"",""mem"":""79.89MiB / 122.8GiB""},{""name"":""lab-postgres"",""cpu"":""0.43%"",""mem"":""238.1MiB / 122.8GiB""},{""name"":""lab-mysql"",""cpu"":""0.91%"",""mem"":""722.3MiB / 122.8GiB""},{""name"":""lab-woocommerce-mysql"",""cpu"":""4.55%"",""mem"":""511.8MiB / 122.8GiB""}]"
2026-09-10T13:38:00Z,4,0,0,47,0,2669205171,"[{""name"":""lab-worker-1"",""cpu"":""0.48%"",""mem"":""100.1MiB / 122.8GiB""},{""name"":""lab-api"",""cpu"":""0.00%"",""mem"":""144.4MiB / 122.8GiB""},{""name"":""lab-allegro-stub"",""cpu"":""0.01%"",""mem"":""20.98MiB / 122.8GiB""},{""name"":""lab-erli-stub"",""cpu"":""4.32%"",""mem"":""18.08MiB / 122.8GiB""},{""name"":""lab-eparagony-stub"",""cpu"":""3.57%"",""mem"":""20.44MiB / 122.8GiB""},{""name"":""lab-invoicing-stub"",""cpu"":""0.00%"",""mem"":""16.6MiB / 122.8GiB""},{""name"":""lab-shipping-stub"",""cpu"":""0.00%"",""mem"":""16.58MiB / 122.8GiB""},{""name"":""lab-eparagony-stub-tls"",""cpu"":""0.00%"",""mem"":""23.3MiB / 122.8GiB""},{""name"":""lab-erli-stub-tls"",""cpu"":""0.00%"",""mem"":""22.67MiB / 122.8GiB""},{""name"":""lab-wc-tls"",""cpu"":""0.00%"",""mem"":""29.51MiB / 122.8GiB""},{""name"":""lab-prestashop"",""cpu"":""0.00%"",""mem"":""126.9MiB / 122.8GiB""},{""name"":""lab-woocommerce"",""cpu"":""0.01%"",""mem"":""296.6MiB / 122.8GiB""},{""name"":""lab-redis"",""cpu"":""4.26%"",""mem"":""79.65MiB / 122.8GiB""},{""name"":""lab-postgres"",""cpu"":""0.39%"",""mem"":""238.1MiB / 122.8GiB""},{""name"":""lab-mysql"",""cpu"":""0.94%"",""mem"":""722.3MiB / 122.8GiB""},{""name"":""lab-woocommerce-mysql"",""cpu"":""1.04%"",""mem"":""511.8MiB / 122.8GiB""}]"
2026-09-10T13:38:00Z,4,0,0,47,0,2669205171,"[{""name"":""lab-worker-1"",""cpu"":""0.48%"",""mem"":""100.1MiB / 122.8GiB""},{""name"":""lab-api"",""cpu"":""0.00%"",""mem"":""144.4MiB / 122.8GiB""},{""name"":""lab-allegro-stub"",""cpu"":""0.01%"",""mem"":""20.98MiB / 122.8GiB""},{""name"":""lab-erli-stub"",""cpu"":""4.32%"",""mem"":""18.08MiB / 122.8GiB""},{""name"":""lab-eparagony-stub"",""cpu"":""3.57%"",""mem"":""20.44MiB / 122.8GiB""},{""name"":""lab-invoicing-stub"",""cpu"":""0.00%"",""mem"":""16.6MiB / 122.8GiB""},{""name"":""lab-shipping-stub"",""cpu"":""0.00%"",""mem"":""16.58MiB / 122.8GiB""},{""name"":""lab-eparagony-stub-tls"",""cpu"":""0.00%"",""mem"":""23.3MiB / 122.8GiB""},{""name"":""lab-erli-stub-tls"",""cpu"":""0.00%"",""mem"":""22.67MiB / 122.8GiB""},{""name"":""lab-wc-tls"",""cpu"":""0.00%"",""mem"":""29.51MiB / 122.8GiB""},{""name"":""lab-prestashop"",""cpu"":""0.00%"",""mem"":""126.9MiB / 122.8GiB""},{""name"":""lab-woocommerce"",""cpu"":""0.01%"",""mem"":""296.6MiB / 122.8GiB""},{""name"":""lab-redis"",""cpu"":""4.26%"",""mem"":""79.65MiB / 122.8GiB""},{""name"":""lab-postgres"",""cpu"":""0.39%"",""mem"":""238.1MiB / 122.8GiB""},{""name"":""lab-mysql"",""cpu"":""0.94%"",""mem"":""722.3MiB / 122.8GiB""},{""name"":""lab-woocommerce-mysql"",""cpu"":""0.84%"",""mem"":""511.8MiB / 122.8GiB""}]"
2026-09-10T13:38:04Z,4,0,0,47,0,2669205171,"[{""name"":""lab-worker-1"",""cpu"":""0.49%"",""mem"":""100.1MiB / 122.8GiB""},{""name"":""lab-api"",""cpu"":""0.00%"",""mem"":""144.4MiB / 122.8GiB""},{""name"":""lab-allegro-stub"",""cpu"":""0.00%"",""mem"":""20.98MiB / 122.8GiB""},{""name"":""lab-erli-stub"",""cpu"":""0.00%"",""mem"":""18.05MiB / 122.8GiB""},{""name"":""lab-eparagony-stub"",""cpu"":""0.00%"",""mem"":""20.37MiB / 122.8GiB""},{""name"":""lab-invoicing-stub"",""cpu"":""0.00%"",""mem"":""16.6MiB / 122.8GiB""},{""name"":""lab-shipping-stub"",""cpu"":""0.00%"",""mem"":""16.58MiB / 122.8GiB""},{""name"":""lab-eparagony-stub-tls"",""cpu"":""0.00%"",""mem"":""23.3MiB / 122.8GiB""},{""name"":""lab-erli-stub-tls"",""cpu"":""0.00%"",""mem"":""22.67MiB / 122.8GiB""},{""name"":""lab-wc-tls"",""cpu"":""0.00%"",""mem"":""29.51MiB / 122.8GiB""},{""name"":""lab-prestashop"",""cpu"":""0.01%"",""mem"":""126.9MiB / 122.8GiB""},{""name"":""lab-woocommerce"",""cpu"":""0.00%"",""mem"":""296.6MiB / 122.8GiB""},{""name"":""lab-redis"",""cpu"":""0.25%"",""mem"":""79.89MiB / 122.8GiB""},{""name"":""lab-postgres"",""cpu"":""31.07%"",""mem"":""235.9MiB / 122.8GiB""},{""name"":""lab-mysql"",""cpu"":""0.74%"",""mem"":""722.3MiB / 122.8GiB""},{""name"":""lab-woocommerce-mysql"",""cpu"":""0.74%"",""mem"":""511.8MiB / 122.8GiB""}]"
2026-09-10T13:38:07Z,4,0,0,47,0,2668680883,"[{""name"":""lab-worker-1"",""cpu"":""0.30%"",""mem"":""100.1MiB / 122.8GiB""},{""name"":""lab-api"",""cpu"":""0.00%"",""mem"":""144.4MiB / 122.8GiB""},{""name"":""lab-allegro-stub"",""cpu"":""0.00%"",""mem"":""20.98MiB / 122.8GiB""},{""name"":""lab-erli-stub"",""cpu"":""0.00%"",""mem"":""18.04MiB / 122.8GiB""},{""name"":""lab-eparagony-stub"",""cpu"":""0.00%"",""mem"":""20.37MiB / 122.8GiB""},{""name"":""lab-invoicing-stub"",""cpu"":""0.00%"",""mem"":""16.6MiB / 122.8GiB""},{""name"":""lab-shipping-stub"",""cpu"":""0.00%"",""mem"":""16.58MiB / 122.8GiB""},{""name"":""lab-eparagony-stub-tls"",""cpu"":""0.00%"",""mem"":""23.3MiB / 122.8GiB""},{""name"":""lab-erli-stub-tls"",""cpu"":""0.00%"",""mem"":""22.67MiB / 122.8GiB""},{""name"":""lab-wc-tls"",""cpu"":""0.00%"",""mem"":""29.51MiB / 122.8GiB""},{""name"":""lab-prestashop"",""cpu"":""0.00%"",""mem"":""126.9MiB / 122.8GiB""},{""name"":""lab-woocommerce"",""cpu"":""0.00%"",""mem"":""296.6MiB / 122.8GiB""},{""name"":""lab-redis"",""cpu"":""43.48%"",""mem"":""79.7MiB / 122.8GiB""},{""name"":""lab-postgres"",""cpu"":""0.36%"",""mem"":""235.9MiB / 122.8GiB""},{""name"":""lab-mysql"",""cpu"":""0.63%"",""mem"":""722.3MiB / 122.8GiB""},{""name"":""lab-woocommerce-mysql"",""cpu"":""0.65%"",""mem"":""511.8MiB / 122.8GiB""}]"
2026-09-10T13:38:11Z,3,0,0,47,0,2668680883,"[{""name"":""lab-worker-1"",""cpu"":""1.54%"",""mem"":""100.2MiB / 122.8GiB""},{""name"":""lab-api"",""cpu"":""0.00%"",""mem"":""144.4MiB / 122.8GiB""},{""name"":""lab-allegro-stub"",""cpu"":""3.81%"",""mem"":""20.98MiB / 122.8GiB""},{""name"":""lab-erli-stub"",""cpu"":""0.01%"",""mem"":""18.04MiB / 122.8GiB""},{""name"":""lab-eparagony-stub"",""cpu"":""0.00%"",""mem"":""20.37MiB / 122.8GiB""},{""name"":""lab-invoicing-stub"",""cpu"":""3.75%"",""mem"":""16.6MiB / 122.8GiB""},{""name"":""lab-shipping-stub"",""cpu"":""3.63%"",""mem"":""16.58MiB / 122.8GiB""},{""name"":""lab-eparagony-stub-tls"",""cpu"":""0.00%"",""mem"":""23.3MiB / 122.8GiB""},{""name"":""lab-erli-stub-tls"",""cpu"":""0.00%"",""mem"":""22.67MiB / 122.8GiB""},{""name"":""lab-wc-tls"",""cpu"":""0.00%"",""mem"":""29.51MiB / 122.8GiB""},{""name"":""lab-prestashop"",""cpu"":""4.19%"",""mem"":""126.9MiB / 122.8GiB""},{""name"":""lab-woocommerce"",""cpu"":""0.00%"",""mem"":""296.6MiB / 122.8GiB""},{""name"":""lab-redis"",""cpu"":""43.75%"",""mem"":""84.47MiB / 122.8GiB""},{""name"":""lab-postgres"",""cpu"":""0.41%"",""mem"":""235.9MiB / 122.8GiB""},{""name"":""lab-mysql"",""cpu"":""1.07%"",""mem"":""722.3MiB / 122.8GiB""},{""name"":""lab-woocommerce-mysql"",""cpu"":""1.19%"",""mem"":""511.8MiB / 122.8GiB""}]"
2026-09-10T13:38:15Z,4,0,0,47,0,2668680883,"[{""name"":""lab-worker-1"",""cpu"":""0.50%"",""mem"":""100.2MiB / 122.8GiB""},{""name"":""lab-api"",""cpu"":""0.00%"",""mem"":""144.4MiB / 122.8GiB""},{""name"":""lab-allegro-stub"",""cpu"":""0.00%"",""mem"":""20.98MiB / 122.8GiB""},{""name"":""lab-erli-stub"",""cpu"":""3.18%"",""mem"":""25MiB / 122.8GiB""},{""name"":""lab-eparagony-stub"",""cpu"":""4.24%"",""mem"":""20.37MiB / 122.8GiB""},{""name"":""lab-invoicing-stub"",""cpu"":""0.00%"",""mem"":""16.6MiB / 122.8GiB""},{""name"":""lab-shipping-stub"",""cpu"":""0.00%"",""mem"":""16.58MiB / 122.8GiB""},{""name"":""lab-eparagony-stub-tls"",""cpu"":""0.00%"",""mem"":""23.3MiB / 122.8GiB""},{""name"":""lab-erli-stub-tls"",""cpu"":""0.00%"",""mem"":""22.67MiB / 122.8GiB""},{""name"":""lab-wc-tls"",""cpu"":""0.00%"",""mem"":""29.51MiB / 122.8GiB""},{""name"":""lab-prestashop"",""cpu"":""0.00%"",""mem"":""126.9MiB / 122.8GiB""},{""name"":""lab-woocommerce"",""cpu"":""0.00%"",""mem"":""296.6MiB / 122.8GiB""},{""name"":""lab-redis"",""cpu"":""43.78%"",""mem"":""79.84MiB / 122.8GiB""},{""name"":""lab-postgres"",""cpu"":""0.46%"",""mem"":""235.9MiB / 122.8GiB""},{""name"":""lab-mysql"",""cpu"":""0.66%"",""mem"":""722.3MiB / 122.8GiB""},{""name"":""lab-woocommerce-mysql"",""cpu"":""0.61%"",""mem"":""511.8MiB / 122.8GiB""}]"
2026-09-10T13:38:18Z,4,0,0,47,0,2668680883,"[{""name"":""lab-worker-1"",""cpu"":""0.58%"",""mem"":""100.2MiB / 122.8GiB""},{""name"":""lab-api"",""cpu"":""0.00%"",""mem"":""144.4MiB / 122.8GiB""},{""name"":""lab-allegro-stub"",""cpu"":""0.00%"",""mem"":""20.98MiB / 122.8GiB""},{""name"":""lab-erli-stub"",""cpu"":""0.00%"",""mem"":""18.04MiB / 122.8GiB""},{""name"":""lab-eparagony-stub"",""cpu"":""0.00%"",""mem"":""20.37MiB / 122.8GiB""},{""name"":""lab-invoicing-stub"",""cpu"":""0.00%"",""mem"":""16.6MiB / 122.8GiB""},{""name"":""lab-shipping-stub"",""cpu"":""0.00%"",""mem"":""16.58MiB / 122.8GiB""},{""name"":""lab-eparagony-stub-tls"",""cpu"":""0.00%"",""mem"":""23.3MiB / 122.8GiB""},{""name"":""lab-erli-stub-tls"",""cpu"":""0.00%"",""mem"":""22.67MiB / 122.8GiB""},{""name"":""lab-wc-tls"",""cpu"":""0.00%"",""mem"":""29.51MiB / 122.8GiB""},{""name"":""lab-prestashop"",""cpu"":""0.00%"",""mem"":""126.9MiB / 122.8GiB""},{""name"":""lab-woocommerce"",""cpu"":""0.00%"",""mem"":""296.6MiB / 122.8GiB""},{""name"":""lab-redis"",""cpu"":""45.01%"",""mem"":""86.81MiB / 122.8GiB""},{""name"":""lab-postgres"",""cpu"":""0.38%"",""mem"":""235.9MiB / 122.8GiB""},{""name"":""lab-mysql"",""cpu"":""0.61%"",""mem"":""722.3MiB / 122.8GiB""},{""name"":""lab-woocommerce-mysql"",""cpu"":""0.64%"",""mem"":""511.8MiB / 122.8GiB""}]"
2026-09-10T13:38:22Z,3,0,0,47,0,2668680883,"[{""name"":""lab-worker-1"",""cpu"":""0.49%"",""mem"":""100.4MiB / 122.8GiB""},{""name"":""lab-api"",""cpu"":""0.00%"",""mem"":""144.4MiB / 122.8GiB""},{""name"":""lab-allegro-stub"",""cpu"":""0.00%"",""mem"":""20.98MiB / 122.8GiB""},{""name"":""lab-erli-stub"",""cpu"":""0.00%"",""mem"":""18.04MiB / 122.8GiB""},{""name"":""lab-eparagony-stub"",""cpu"":""0.00%"",""mem"":""20.37MiB / 122.8GiB""},{""name"":""lab-invoicing-stub"",""cpu"":""0.00%"",""mem"":""16.6MiB / 122.8GiB""},{""name"":""lab-shipping-stub"",""cpu"":""0.00%"",""mem"":""16.58MiB / 122.8GiB""},{""name"":""lab-eparagony-stub-tls"",""cpu"":""0.00%"",""mem"":""23.3MiB / 122.8GiB""},{""name"":""lab-erli-stub-tls"",""cpu"":""0.00%"",""mem"":""22.67MiB / 122.8GiB""},{""name"":""lab-wc-tls"",""cpu"":""0.00%"",""mem"":""29.51MiB / 122.8GiB""},{""name"":""lab-prestashop"",""cpu"":""0.00%"",""mem"":""126.9MiB / 122.8GiB""},{""name"":""lab-woocommerce"",""cpu"":""0.00%"",""mem"":""296.6MiB / 122.8GiB""},{""name"":""lab-redis"",""cpu"":""44.44%"",""mem"":""79.82MiB / 122.8GiB""},{""name"":""lab-postgres"",""cpu"":""5.69%"",""mem"":""235.9MiB / 122.8GiB""},{""name"":""lab-mysql"",""cpu"":""0.60%"",""mem"":""722.3MiB / 122.8GiB""},{""name"":""lab-woocommerce-mysql"",""cpu"":""0.59%"",""mem"":""511.8MiB / 122.8GiB""}]"
2026-09-10T13:38:26Z,4,0,0,47,0,2668680883,"[{""name"":""lab-worker-1"",""cpu"":""0.40%"",""mem"":""100.4MiB / 122.8GiB""},{""name"":""lab-api"",""cpu"":""0.00%"",""mem"":""144.4MiB / 122.8GiB""},{""name"":""lab-allegro-stub"",""cpu"":""4.51%"",""mem"":""20.98MiB / 122.8GiB""},{""name"":""lab-erli-stub"",""cpu"":""0.39%"",""mem"":""18.05MiB / 122.8GiB""},{""name"":""lab-eparagony-stub"",""cpu"":""0.00%"",""mem"":""20.37MiB / 122.8GiB""},{""name"":""lab-invoicing-stub"",""cpu"":""3.92%"",""mem"":""16.6MiB / 122.8GiB""},{""name"":""lab-shipping-stub"",""cpu"":""4.16%"",""mem"":""16.58MiB / 122.8GiB""},{""name"":""lab-eparagony-stub-tls"",""cpu"":""0.00%"",""mem"":""23.3MiB / 122.8GiB""},{""name"":""lab-erli-stub-tls"",""cpu"":""0.00%"",""mem"":""22.67MiB / 122.8GiB""},{""name"":""lab-wc-tls"",""cpu"":""0.00%"",""mem"":""29.51MiB / 122.8GiB""},{""name"":""lab-prestashop"",""cpu"":""0.01%"",""mem"":""126.9MiB / 122.8GiB""},{""name"":""lab-woocommerce"",""cpu"":""0.00%"",""mem"":""296.6MiB / 122.8GiB""},{""name"":""lab-redis"",""cpu"":""44.25%"",""mem"":""79.8MiB / 122.8GiB""},{""name"":""lab-postgres"",""cpu"":""0.42%"",""mem"":""235.9MiB / 122.8GiB""},{""name"":""lab-mysql"",""cpu"":""0.63%"",""mem"":""722.3MiB / 122.8GiB""},{""name"":""lab-woocommerce-mysql"",""cpu"":""5.00%"",""mem"":""511.8MiB / 122.8GiB""}]"
2026-09-10T13:38:30Z,4,0,0,47,0,2668680883,"[{""name"":""lab-worker-1"",""cpu"":""1.35%"",""mem"":""100.5MiB / 122.8GiB""},{""name"":""lab-api"",""cpu"":""0.00%"",""mem"":""144.4MiB / 122.8GiB""},{""name"":""lab-allegro-stub"",""cpu"":""0.00%"",""mem"":""20.98MiB / 122.8GiB""},{""name"":""lab-erli-stub"",""cpu"":""0.00%"",""mem"":""18.04MiB / 122.8GiB""},{""name"":""lab-eparagony-stub"",""cpu"":""4.29%"",""mem"":""20.37MiB / 122.8GiB""},{""name"":""lab-invoicing-stub"",""cpu"":""0.00%"",""mem"":""16.6MiB / 122.8GiB""},{""name"":""lab-shipping-stub"",""cpu"":""0.00%"",""mem"":""16.58MiB / 122.8GiB""},{""name"":""lab-eparagony-stub-tls"",""cpu"":""0.00%"",""mem"":""23.3MiB / 122.8GiB""},{""name"":""lab-erli-stub-tls"",""cpu"":""0.00%"",""mem"":""22.67MiB / 122.8GiB""},{""name"":""lab-wc-tls"",""cpu"":""0.00%"",""mem"":""29.51MiB / 122.8GiB""},{""name"":""lab-prestashop"",""cpu"":""0.00%"",""mem"":""126.9MiB / 122.8GiB""},{""name"":""lab-woocommerce"",""cpu"":""0.00%"",""mem"":""296.6MiB / 122.8GiB""},{""name"":""lab-redis"",""cpu"":""43.90%"",""mem"":""84.83MiB / 122.8GiB""},{""name"":""lab-postgres"",""cpu"":""0.55%"",""mem"":""235.9MiB / 122.8GiB""},{""name"":""lab-mysql"",""cpu"":""0.62%"",""mem"":""722.3MiB / 122.8GiB""},{""name"":""lab-woocommerce-mysql"",""cpu"":""0.64%"",""mem"":""511.8MiB / 122.8GiB""}]"
2026-09-10T13:38:33Z,4,0,0,47,0,2668680883,"[{""name"":""lab-worker-1"",""cpu"":""0.32%"",""mem"":""100.4MiB / 122.8GiB""},{""name"":""lab-api"",""cpu"":""0.00%"",""mem"":""144.4MiB / 122.8GiB""},{""name"":""lab-allegro-stub"",""cpu"":""0.00%"",""mem"":""20.98MiB / 122.8GiB""},{""name"":""lab-erli-stub"",""cpu"":""0.00%"",""mem"":""18.04MiB / 122.8GiB""},{""name"":""lab-eparagony-stub"",""cpu"":""0.00%"",""mem"":""20.37MiB / 122.8GiB""},{""name"":""lab-invoicing-stub"",""cpu"":""0.00%"",""mem"":""16.6MiB / 122.8GiB""},{""name"":""lab-shipping-stub"",""cpu"":""0.00%"",""mem"":""16.58MiB / 122.8GiB""},{""name"":""lab-eparagony-stub-tls"",""cpu"":""0.00%"",""mem"":""23.3MiB / 122.8GiB""},{""name"":""lab-erli-stub-tls"",""cpu"":""0.00%"",""mem"":""22.67MiB / 122.8GiB""},{""name"":""lab-wc-tls"",""cpu"":""0.00%"",""mem"":""29.51MiB / 122.8GiB""},{""name"":""lab-prestashop"",""cpu"":""0.01%"",""mem"":""126.9MiB / 122.8GiB""},{""name"":""lab-woocommerce"",""cpu"":""0.00%"",""mem"":""296.6MiB / 122.8GiB""},{""name"":""lab-redis"",""cpu"":""43.60%"",""mem"":""80.11MiB / 122.8GiB""},{""name"":""lab-postgres"",""cpu"":""0.38%"",""mem"":""235.9MiB / 122.8GiB""},{""name"":""lab-mysql"",""cpu"":""5.39%"",""mem"":""722.3MiB / 122.8GiB""},{""name"":""lab-woocommerce-mysql"",""cpu"":""0.65%"",""mem"":""511.8MiB / 122.8GiB""}]"
2026-09-10T13:38:37Z,3,0,0,47,0,2668680883,"[{""name"":""lab-worker-1"",""cpu"":""2.83%"",""mem"":""100.5MiB / 122.8GiB""},{""name"":""lab-api"",""cpu"":""0.00%"",""mem"":""144.4MiB / 122.8GiB""},{""name"":""lab-allegro-stub"",""cpu"":""0.01%"",""mem"":""20.98MiB / 122.8GiB""},{""name"":""lab-erli-stub"",""cpu"":""0.00%"",""mem"":""18.05MiB / 122.8GiB""},{""name"":""lab-eparagony-stub"",""cpu"":""0.00%"",""mem"":""20.37MiB / 122.8GiB""},{""name"":""lab-invoicing-stub"",""cpu"":""0.01%"",""mem"":""16.6MiB / 122.8GiB""},{""name"":""lab-shipping-stub"",""cpu"":""0.01%"",""mem"":""16.58MiB / 122.8GiB""},{""name"":""lab-eparagony-stub-tls"",""cpu"":""0.00%"",""mem"":""23.3MiB / 122.8GiB""},{""name"":""lab-erli-stub-tls"",""cpu"":""0.00%"",""mem"":""22.67MiB / 122.8GiB""},{""name"":""lab-wc-tls"",""cpu"":""0.00%"",""mem"":""29.51MiB / 122.8GiB""},{""name"":""lab-prestashop"",""cpu"":""0.00%"",""mem"":""126.9MiB / 122.8GiB""},{""name"":""lab-woocommerce"",""cpu"":""0.01%"",""mem"":""296.6MiB / 122.8GiB""},{""name"":""lab-redis"",""cpu"":""42.95%"",""mem"":""80.79MiB / 122.8GiB""},{""name"":""lab-postgres"",""cpu"":""0.45%"",""mem"":""235.9MiB / 122.8GiB""},{""name"":""lab-mysql"",""cpu"":""0.62%"",""mem"":""722.3MiB / 122.8GiB""},{""name"":""lab-woocommerce-mysql"",""cpu"":""0.64%"",""mem"":""511.8MiB / 122.8GiB""}]"
2026-09-10T13:38:41Z,4,0,0,47,0,2668680883,"[{""name"":""lab-worker-1"",""cpu"":""0.53%"",""mem"":""100.6MiB / 122.8GiB""},{""name"":""lab-api"",""cpu"":""0.00%"",""mem"":""144.4MiB / 122.8GiB""},{""name"":""lab-allegro-stub"",""cpu"":""4.36%"",""mem"":""21.17MiB / 122.8GiB""},{""name"":""lab-erli-stub"",""cpu"":""3.77%"",""mem"":""18.05MiB / 122.8GiB""},{""name"":""lab-eparagony-stub"",""cpu"":""0.00%"",""mem"":""20.37MiB / 122.8GiB""},{""name"":""lab-invoicing-stub"",""cpu"":""3.04%"",""mem"":""16.67MiB / 122.8GiB""},{""name"":""lab-shipping-stub"",""cpu"":""4.33%"",""mem"":""16.66MiB / 122.8GiB""},{""name"":""lab-eparagony-stub-tls"",""cpu"":""0.00%"",""mem"":""23.3MiB / 122.8GiB""},{""name"":""lab-erli-stub-tls"",""cpu"":""0.00%"",""mem"":""22.67MiB / 122.8GiB""},{""name"":""lab-wc-tls"",""cpu"":""0.00%"",""mem"":""29.51MiB / 122.8GiB""},{""name"":""lab-prestashop"",""cpu"":""4.21%"",""mem"":""126.9MiB / 122.8GiB""},{""name"":""lab-woocommerce"",""cpu"":""18.08%"",""mem"":""296.6MiB / 122.8GiB""},{""name"":""lab-redis"",""cpu"":""48.20%"",""mem"":""84.54MiB / 122.8GiB""},{""name"":""lab-postgres"",""cpu"":""0.48%"",""mem"":""235.9MiB / 122.8GiB""},{""name"":""lab-mysql"",""cpu"":""0.81%"",""mem"":""722.3MiB / 122.8GiB""},{""name"":""lab-woocommerce-mysql"",""cpu"":""4.88%"",""mem"":""511.8MiB / 122.8GiB""}]"
2026-09-10T13:38:44Z,4,0,0,47,0,2668680883,"[{""name"":""lab-worker-1"",""cpu"":""0.49%"",""mem"":""100.5MiB / 122.8GiB""},{""name"":""lab-api"",""cpu"":""0.00%"",""mem"":""144.4MiB / 122.8GiB""},{""name"":""lab-allegro-stub"",""cpu"":""0.00%"",""mem"":""21.03MiB / 122.8GiB""},{""name"":""lab-erli-stub"",""cpu"":""0.00%"",""mem"":""18.04MiB / 122.8GiB""},{""name"":""lab-eparagony-stub"",""cpu"":""0.00%"",""mem"":""20.37MiB / 122.8GiB""},{""name"":""lab-invoicing-stub"",""cpu"":""0.00%"",""mem"":""16.6MiB / 122.8GiB""},{""name"":""lab-shipping-stub"",""cpu"":""0.00%"",""mem"":""16.58MiB / 122.8GiB""},{""name"":""lab-eparagony-stub-tls"",""cpu"":""0.00%"",""mem"":""23.3MiB / 122.8GiB""},{""name"":""lab-erli-stub-tls"",""cpu"":""0.00%"",""mem"":""22.67MiB / 122.8GiB""},{""name"":""lab-wc-tls"",""cpu"":""0.00%"",""mem"":""29.51MiB / 122.8GiB""},{""name"":""lab-prestashop"",""cpu"":""0.00%"",""mem"":""126.9MiB / 122.8GiB""},{""name"":""lab-woocommerce"",""cpu"":""0.00%"",""mem"":""296.6MiB / 122.8GiB""},{""name"":""lab-redis"",""cpu"":""44.45%"",""mem"":""80.07MiB / 122.8GiB""},{""name"":""lab-postgres"",""cpu"":""0.43%"",""mem"":""235.9MiB / 122.8GiB""},{""name"":""lab-mysql"",""cpu"":""0.59%"",""mem"":""722.3MiB / 122.8GiB""},{""name"":""lab-woocommerce-mysql"",""cpu"":""0.60%"",""mem"":""511.8MiB / 122.8GiB""}]"
2026-09-10T13:38:48Z,3,0,0,47,0,2668680883,"[{""name"":""lab-worker-1"",""cpu"":""0.60%"",""mem"":""100.4MiB / 122.8GiB""},{""name"":""lab-api"",""cpu"":""0.00%"",""mem"":""144.4MiB / 122.8GiB""},{""name"":""lab-allegro-stub"",""cpu"":""0.00%"",""mem"":""21.03MiB / 122.8GiB""},{""name"":""lab-erli-stub"",""cpu"":""0.00%"",""mem"":""18.05MiB / 122.8GiB""},{""name"":""lab-eparagony-stub"",""cpu"":""0.00%"",""mem"":""20.37MiB / 122.8GiB""},{""name"":""lab-invoicing-stub"",""cpu"":""0.00%"",""mem"":""16.6MiB / 122.8GiB""},{""name"":""lab-shipping-stub"",""cpu"":""0.00%"",""mem"":""16.58MiB / 122.8GiB""},{""name"":""lab-eparagony-stub-tls"",""cpu"":""0.00%"",""mem"":""23.3MiB / 122.8GiB""},{""name"":""lab-erli-stub-tls"",""cpu"":""0.00%"",""mem"":""22.67MiB / 122.8GiB""},{""name"":""lab-wc-tls"",""cpu"":""0.00%"",""mem"":""29.51MiB / 122.8GiB""},{""name"":""lab-prestashop"",""cpu"":""0.01%"",""mem"":""126.9MiB / 122.8GiB""},{""name"":""lab-woocommerce"",""cpu"":""0.01%"",""mem"":""296.6MiB / 122.8GiB""},{""name"":""lab-redis"",""cpu"":""0.34%"",""mem"":""80MiB / 122.8GiB""},{""name"":""lab-postgres"",""cpu"":""0.49%"",""mem"":""235.9MiB / 122.8GiB""},{""name"":""lab-mysql"",""cpu"":""1.02%"",""mem"":""722.3MiB / 122.8GiB""},{""name"":""lab-woocommerce-mysql"",""cpu"":""1.00%"",""mem"":""511.8MiB / 122.8GiB""}]"
2026-09-10T13:38:52Z,4,0,0,47,0,2668680883,"[{""name"":""lab-worker-1"",""cpu"":""0.48%"",""mem"":""100.4MiB / 122.8GiB""},{""name"":""lab-api"",""cpu"":""0.00%"",""mem"":""144.4MiB / 122.8GiB""},{""name"":""lab-allegro-stub"",""cpu"":""0.01%"",""mem"":""21.05MiB / 122.8GiB""},{""name"":""lab-erli-stub"",""cpu"":""0.00%"",""mem"":""18.05MiB / 122.8GiB""},{""name"":""lab-eparagony-stub"",""cpu"":""0.00%"",""mem"":""20.37MiB / 122.8GiB""},{""name"":""lab-invoicing-stub"",""cpu"":""0.01%"",""mem"":""16.6MiB / 122.8GiB""},{""name"":""lab-shipping-stub"",""cpu"":""0.01%"",""mem"":""16.61MiB / 122.8GiB""},{""name"":""lab-eparagony-stub-tls"",""cpu"":""0.00%"",""mem"":""23.3MiB / 122.8GiB""},{""name"":""lab-erli-stub-tls"",""cpu"":""0.00%"",""mem"":""22.67MiB / 122.8GiB""},{""name"":""lab-wc-tls"",""cpu"":""0.00%"",""mem"":""29.51MiB / 122.8GiB""},{""name"":""lab-prestashop"",""cpu"":""0.01%"",""mem"":""126.9MiB / 122.8GiB""},{""name"":""lab-woocommerce"",""cpu"":""0.01%"",""mem"":""296.6MiB / 122.8GiB""},{""name"":""lab-redis"",""cpu"":""0.28%"",""mem"":""79.73MiB / 122.8GiB""},{""name"":""lab-postgres"",""cpu"":""0.48%"",""mem"":""235.9MiB / 122.8GiB""},{""name"":""lab-mysql"",""cpu"":""1.03%"",""mem"":""722.3MiB / 122.8GiB""},{""name"":""lab-woocommerce-mysql"",""cpu"":""0.97%"",""mem"":""511.8MiB / 122.8GiB""}]"
2026-09-10T13:38:55Z,4,0,0,47,0,2668680883,"[{""name"":""lab-worker-1"",""cpu"":""0.31%"",""mem"":""100.4MiB / 122.8GiB""},{""name"":""lab-api"",""cpu"":""0.00%"",""mem"":""144.4MiB / 122.8GiB""},{""name"":""lab-allegro-stub"",""cpu"":""0.00%"",""mem"":""21.03MiB / 122.8GiB""},{""name"":""lab-erli-stub"",""cpu"":""4.33%"",""mem"":""18.12MiB / 122.8GiB""},{""name"":""lab-eparagony-stub"",""cpu"":""4.31%"",""mem"":""20.38MiB / 122.8GiB""},{""name"":""lab-invoicing-stub"",""cpu"":""0.00%"",""mem"":""16.6MiB / 122.8GiB""},{""name"":""lab-shipping-stub"",""cpu"":""0.00%"",""mem"":""16.58MiB / 122.8GiB""},{""name"":""lab-eparagony-stub-tls"",""cpu"":""0.00%"",""mem"":""23.3MiB / 122.8GiB""},{""name"":""lab-erli-stub-tls"",""cpu"":""0.00%"",""mem"":""22.67MiB / 122.8GiB""},{""name"":""lab-wc-tls"",""cpu"":""0.00%"",""mem"":""29.51MiB / 122.8GiB""},{""name"":""lab-prestashop"",""cpu"":""0.01%"",""mem"":""126.9MiB / 122.8GiB""},{""name"":""lab-woocommerce"",""cpu"":""0.01%"",""mem"":""296.6MiB / 122.8GiB""},{""name"":""lab-redis"",""cpu"":""0.24%"",""mem"":""79.73MiB / 122.8GiB""},{""name"":""lab-postgres"",""cpu"":""0.90%"",""mem"":""235.9MiB / 122.8GiB""},{""name"":""lab-mysql"",""cpu"":""0.85%"",""mem"":""722.3MiB / 122.8GiB""},{""name"":""lab-woocommerce-mysql"",""cpu"":""0.85%"",""mem"":""511.8MiB / 122.8GiB""}]"
2026-09-10T13:38:59Z,3,0,0,47,0,2668680883,"[{""name"":""lab-worker-1"",""cpu"":""0.43%"",""mem"":""100.4MiB / 122.8GiB""},{""name"":""lab-api"",""cpu"":""0.00%"",""mem"":""144.4MiB / 122.8GiB""},{""name"":""lab-allegro-stub"",""cpu"":""0.00%"",""mem"":""21.03MiB / 122.8GiB""},{""name"":""lab-erli-stub"",""cpu"":""0.00%"",""mem"":""18.04MiB / 122.8GiB""},{""name"":""lab-eparagony-stub"",""cpu"":""0.00%"",""mem"":""20.37MiB / 122.8GiB""},{""name"":""lab-invoicing-stub"",""cpu"":""0.00%"",""mem"":""16.6MiB / 122.8GiB""},{""name"":""lab-shipping-stub"",""cpu"":""0.00%"",""mem"":""16.58MiB / 122.8GiB""},{""name"":""lab-eparagony-stub-tls"",""cpu"":""0.00%"",""mem"":""23.3MiB / 122.8GiB""},{""name"":""lab-erli-stub-tls"",""cpu"":""0.00%"",""mem"":""22.67MiB / 122.8GiB""},{""name"":""lab-wc-tls"",""cpu"":""0.00%"",""mem"":""29.51MiB / 122.8GiB""},{""name"":""lab-prestashop"",""cpu"":""0.01%"",""mem"":""126.9MiB / 122.8GiB""},{""name"":""lab-woocommerce"",""cpu"":""0.01%"",""mem"":""296.6MiB / 122.8GiB""},{""name"":""lab-redis"",""cpu"":""0.30%"",""mem"":""79.73MiB / 122.8GiB""},{""name"":""lab-postgres"",""cpu"":""0.49%"",""mem"":""235.9MiB / 122.8GiB""},{""name"":""lab-mysql"",""cpu"":""0.94%"",""mem"":""722.3MiB / 122.8GiB""},{""name"":""lab-woocommerce-mysql"",""cpu"":""0.92%"",""mem"":""511.8MiB / 122.8GiB""}]"
2026-09-10T13:39:03Z,4,0,0,47,0,2668680883,"[{""name"":""lab-worker-1"",""cpu"":""0.36%"",""mem"":""100.4MiB / 122.8GiB""},{""name"":""lab-api"",""cpu"":""0.00%"",""mem"":""144.4MiB / 122.8GiB""},{""name"":""lab-allegro-stub"",""cpu"":""0.00%"",""mem"":""21.03MiB / 122.8GiB""},{""name"":""lab-erli-stub"",""cpu"":""0.00%"",""mem"":""18.06MiB / 122.8GiB""},{""name"":""lab-eparagony-stub"",""cpu"":""0.00%"",""mem"":""20.38MiB / 122.8GiB""},{""name"":""lab-invoicing-stub"",""cpu"":""0.00%"",""mem"":""16.6MiB / 122.8GiB""},{""name"":""lab-shipping-stub"",""cpu"":""0.00%"",""mem"":""16.58MiB / 122.8GiB""},{""name"":""lab-eparagony-stub-tls"",""cpu"":""0.00%"",""mem"":""23.3MiB / 122.8GiB""},{""name"":""lab-erli-stub-tls"",""cpu"":""0.00%"",""mem"":""22.67MiB / 122.8GiB""},{""name"":""lab-wc-tls"",""cpu"":""0.00%"",""mem"":""29.51MiB / 122.8GiB""},{""name"":""lab-prestashop"",""cpu"":""0.01%"",""mem"":""126.9MiB / 122.8GiB""},{""name"":""lab-woocommerce"",""cpu"":""0.00%"",""mem"":""296.6MiB / 122.8GiB""},{""name"":""lab-redis"",""cpu"":""0.31%"",""mem"":""79.73MiB / 122.8GiB""},{""name"":""lab-postgres"",""cpu"":""5.65%"",""mem"":""235.9MiB / 122.8GiB""},{""name"":""lab-mysql"",""cpu"":""5.94%"",""mem"":""722.7MiB / 122.8GiB""},{""name"":""lab-woocommerce-mysql"",""cpu"":""0.90%"",""mem"":""511.8MiB / 122.8GiB""}]"
2026-09-10T13:39:07Z,4,0,0,47,0,2668680883,"[{""name"":""lab-worker-1"",""cpu"":""0.40%"",""mem"":""100.4MiB / 122.8GiB""},{""name"":""lab-api"",""cpu"":""0.00%"",""mem"":""144.4MiB / 122.8GiB""},{""name"":""lab-allegro-stub"",""cpu"":""3.65%"",""mem"":""21.07MiB / 122.8GiB""},{""name"":""lab-erli-stub"",""cpu"":""0.00%"",""mem"":""18.07MiB / 122.8GiB""},{""name"":""lab-eparagony-stub"",""cpu"":""0.00%"",""mem"":""20.37MiB / 122.8GiB""},{""name"":""lab-invoicing-stub"",""cpu"":""3.97%"",""mem"":""16.65MiB / 122.8GiB""},{""name"":""lab-shipping-stub"",""cpu"":""3.58%"",""mem"":""16.6MiB / 122.8GiB""},{""name"":""lab-eparagony-stub-tls"",""cpu"":""0.00%"",""mem"":""23.3MiB / 122.8GiB""},{""name"":""lab-erli-stub-tls"",""cpu"":""0.00%"",""mem"":""22.67MiB / 122.8GiB""},{""name"":""lab-wc-tls"",""cpu"":""0.00%"",""mem"":""29.51MiB / 122.8GiB""},{""name"":""lab-prestashop"",""cpu"":""0.01%"",""mem"":""126.9MiB / 122.8GiB""},{""name"":""lab-woocommerce"",""cpu"":""0.00%"",""mem"":""296.6MiB / 122.8GiB""},{""name"":""lab-redis"",""cpu"":""0.28%"",""mem"":""79.98MiB / 122.8GiB""},{""name"":""lab-postgres"",""cpu"":""0.47%"",""mem"":""235.9MiB / 122.8GiB""},{""name"":""lab-mysql"",""cpu"":""0.96%"",""mem"":""722.3MiB / 122.8GiB""},{""name"":""lab-woocommerce-mysql"",""cpu"":""0.85%"",""mem"":""511.8MiB / 122.8GiB""}]"
2026-09-10T13:39:10Z,4,0,0,47,0,2668680883,"[{""name"":""lab-worker-1"",""cpu"":""0.50%"",""mem"":""100.4MiB / 122.8GiB""},{""name"":""lab-api"",""cpu"":""0.00%"",""mem"":""144.4MiB / 122.8GiB""},{""name"":""lab-allegro-stub"",""cpu"":""0.00%"",""mem"":""21.03MiB / 122.8GiB""},{""name"":""lab-erli-stub"",""cpu"":""4.16%"",""mem"":""18.11MiB / 122.8GiB""},{""name"":""lab-eparagony-stub"",""cpu"":""3.91%"",""mem"":""20.38MiB / 122.8GiB""},{""name"":""lab-invoicing-stub"",""cpu"":""0.00%"",""mem"":""16.6MiB / 122.8GiB""},{""name"":""lab-shipping-stub"",""cpu"":""0.00%"",""mem"":""16.58MiB / 122.8GiB""},{""name"":""lab-eparagony-stub-tls"",""cpu"":""0.00%"",""mem"":""23.3MiB / 122.8GiB""},{""name"":""lab-erli-stub-tls"",""cpu"":""0.00%"",""mem"":""22.67MiB / 122.8GiB""},{""name"":""lab-wc-tls"",""cpu"":""0.00%"",""mem"":""29.51MiB / 122.8GiB""},{""name"":""lab-prestashop"",""cpu"":""5.18%"",""mem"":""124.9MiB / 122.8GiB""},{""name"":""lab-woocommerce"",""cpu"":""14.28%"",""mem"":""296.6MiB / 122.8GiB""},{""name"":""lab-redis"",""cpu"":""4.38%"",""mem"":""79.72MiB / 122.8GiB""},{""name"":""lab-postgres"",""cpu"":""0.48%"",""mem"":""235.9MiB / 122.8GiB""},{""name"":""lab-mysql"",""cpu"":""1.23%"",""mem"":""722.3MiB / 122.8GiB""},{""name"":""lab-woocommerce-mysql"",""cpu"":""0.99%"",""mem"":""511.8MiB / 122.8GiB""}]"
2026-09-10T13:39:14Z,3,0,0,47,0,2668680883,"[{""name"":""lab-worker-1"",""cpu"":""0.39%"",""mem"":""100.4MiB / 122.8GiB""},{""name"":""lab-api"",""cpu"":""0.00%"",""mem"":""144.4MiB / 122.8GiB""},{""name"":""lab-allegro-stub"",""cpu"":""0.00%"",""mem"":""21.03MiB / 122.8GiB""},{""name"":""lab-erli-stub"",""cpu"":""0.00%"",""mem"":""18.05MiB / 122.8GiB""},{""name"":""lab-eparagony-stub"",""cpu"":""0.00%"",""mem"":""20.36MiB / 122.8GiB""},{""name"":""lab-invoicing-stub"",""cpu"":""0.00%"",""mem"":""16.6MiB / 122.8GiB""},{""name"":""lab-shipping-stub"",""cpu"":""0.00%"",""mem"":""16.58MiB / 122.8GiB""},{""name"":""lab-eparagony-stub-tls"",""cpu"":""0.00%"",""mem"":""23.3MiB / 122.8GiB""},{""name"":""lab-erli-stub-tls"",""cpu"":""0.00%"",""mem"":""22.67MiB / 122.8GiB""},{""name"":""lab-wc-tls"",""cpu"":""0.00%"",""mem"":""29.51MiB / 122.8GiB""},{""name"":""lab-prestashop"",""cpu"":""0.00%"",""mem"":""124.9MiB / 122.8GiB""},{""name"":""lab-woocommerce"",""cpu"":""0.01%"",""mem"":""296.6MiB / 122.8GiB""},{""name"":""lab-redis"",""cpu"":""0.29%"",""mem"":""79.71MiB / 122.8GiB""},{""name"":""lab-postgres"",""cpu"":""0.50%"",""mem"":""235.9MiB / 122.8GiB""},{""name"":""lab-mysql"",""cpu"":""1.01%"",""mem"":""722.3MiB / 122.8GiB""},{""name"":""lab-woocommerce-mysql"",""cpu"":""1.05%"",""mem"":""511.8MiB / 122.8GiB""}]"
2026-09-10T13:39:18Z,4,0,0,47,0,2668680883,"[{""name"":""lab-worker-1"",""cpu"":""0.51%"",""mem"":""100.5MiB / 122.8GiB""},{""name"":""lab-api"",""cpu"":""0.00%"",""mem"":""144.4MiB / 122.8GiB""},{""name"":""lab-allegro-stub"",""cpu"":""0.00%"",""mem"":""21.06MiB / 122.8GiB""},{""name"":""lab-erli-stub"",""cpu"":""0.00%"",""mem"":""18.05MiB / 122.8GiB""},{""name"":""lab-eparagony-stub"",""cpu"":""0.00%"",""mem"":""20.36MiB / 122.8GiB""},{""name"":""lab-invoicing-stub"",""cpu"":""0.00%"",""mem"":""16.62MiB / 122.8GiB""},{""name"":""lab-shipping-stub"",""cpu"":""0.00%"",""mem"":""16.62MiB / 122.8GiB""},{""name"":""lab-eparagony-stub-tls"",""cpu"":""0.00%"",""mem"":""23.3MiB / 122.8GiB""},{""name"":""lab-erli-stub-tls"",""cpu"":""0.00%"",""mem"":""22.67MiB / 122.8GiB""},{""name"":""lab-wc-tls"",""cpu"":""0.00%"",""mem"":""29.51MiB / 122.8GiB""},{""name"":""lab-prestashop"",""cpu"":""0.01%"",""mem"":""124.9MiB / 122.8GiB""},{""name"":""lab-woocommerce"",""cpu"":""0.01%"",""mem"":""296.6MiB / 122.8GiB""},{""name"":""lab-redis"",""cpu"":""0.32%"",""mem"":""79.95MiB / 122.8GiB""},{""name"":""lab-postgres"",""cpu"":""0.48%"",""mem"":""235.9MiB / 122.8GiB""},{""name"":""lab-mysql"",""cpu"":""1.00%"",""mem"":""722.3MiB / 122.8GiB""},{""name"":""lab-woocommerce-mysql"",""cpu"":""1.04%"",""mem"":""511.8MiB / 122.8GiB""}]"
2026-09-10T13:39:22Z,4,0,0,47,0,2668680883,"[{""name"":""lab-worker-1"",""cpu"":""0.41%"",""mem"":""100.4MiB / 122.8GiB""},{""name"":""lab-api"",""cpu"":""0.00%"",""mem"":""144.4MiB / 122.8GiB""},{""name"":""lab-allegro-stub"",""cpu"":""3.86%"",""mem"":""21.04MiB / 122.8GiB""},{""name"":""lab-erli-stub"",""cpu"":""0.00%"",""mem"":""18.06MiB / 122.8GiB""},{""name"":""lab-eparagony-stub"",""cpu"":""0.00%"",""mem"":""20.38MiB / 122.8GiB""},{""name"":""lab-invoicing-stub"",""cpu"":""4.00%"",""mem"":""16.62MiB / 122.8GiB""},{""name"":""lab-shipping-stub"",""cpu"":""2.90%"",""mem"":""16.59MiB / 122.8GiB""},{""name"":""lab-eparagony-stub-tls"",""cpu"":""0.00%"",""mem"":""23.3MiB / 122.8GiB""},{""name"":""lab-erli-stub-tls"",""cpu"":""0.00%"",""mem"":""22.67MiB / 122.8GiB""},{""name"":""lab-wc-tls"",""cpu"":""0.00%"",""mem"":""29.51MiB / 122.8GiB""},{""name"":""lab-prestashop"",""cpu"":""0.01%"",""mem"":""124.9MiB / 122.8GiB""},{""name"":""lab-woocommerce"",""cpu"":""0.00%"",""mem"":""296.6MiB / 122.8GiB""},{""name"":""lab-redis"",""cpu"":""0.32%"",""mem"":""79.7MiB / 122.8GiB""},{""name"":""lab-postgres"",""cpu"":""0.50%"",""mem"":""235.9MiB / 122.8GiB""},{""name"":""lab-mysql"",""cpu"":""0.94%"",""mem"":""722.3MiB / 122.8GiB""},{""name"":""lab-woocommerce-mysql"",""cpu"":""1.01%"",""mem"":""511.8MiB / 122.8GiB""}]"
2026-09-10T13:39:25Z,4,0,0,47,0,2668680883,"[{""name"":""lab-worker-1"",""cpu"":""0.52%"",""mem"":""100.4MiB / 122.8GiB""},{""name"":""lab-api"",""cpu"":""0.00%"",""mem"":""144.4MiB / 122.8GiB""},{""name"":""lab-allegro-stub"",""cpu"":""0.00%"",""mem"":""21.03MiB / 122.8GiB""},{""name"":""lab-erli-stub"",""cpu"":""1.20%"",""mem"":""22.8MiB / 122.8GiB""},{""name"":""lab-eparagony-stub"",""cpu"":""4.03%"",""mem"":""20.39MiB / 122.8GiB""},{""name"":""lab-invoicing-stub"",""cpu"":""0.00%"",""mem"":""16.6MiB / 122.8GiB""},{""name"":""lab-shipping-stub"",""cpu"":""0.00%"",""mem"":""16.58MiB / 122.8GiB""},{""name"":""lab-eparagony-stub-tls"",""cpu"":""0.00%"",""mem"":""23.3MiB / 122.8GiB""},{""name"":""lab-erli-stub-tls"",""cpu"":""0.00%"",""mem"":""22.67MiB / 122.8GiB""},{""name"":""lab-wc-tls"",""cpu"":""0.00%"",""mem"":""29.51MiB / 122.8GiB""},{""name"":""lab-prestashop"",""cpu"":""0.01%"",""mem"":""124.9MiB / 122.8GiB""},{""name"":""lab-woocommerce"",""cpu"":""0.01%"",""mem"":""296.6MiB / 122.8GiB""},{""name"":""lab-redis"",""cpu"":""0.30%"",""mem"":""79.68MiB / 122.8GiB""},{""name"":""lab-postgres"",""cpu"":""0.51%"",""mem"":""235.9MiB / 122.8GiB""},{""name"":""lab-mysql"",""cpu"":""0.77%"",""mem"":""722.3MiB / 122.8GiB""},{""name"":""lab-woocommerce-mysql"",""cpu"":""0.87%"",""mem"":""511.8MiB / 122.8GiB""}]"
2026-09-10T13:39:29Z,3,0,0,47,0,2668680883,"[{""name"":""lab-worker-1"",""cpu"":""0.36%"",""mem"":""100.5MiB / 122.8GiB""},{""name"":""lab-api"",""cpu"":""0.00%"",""mem"":""144.4MiB / 122.8GiB""},{""name"":""lab-allegro-stub"",""cpu"":""0.00%"",""mem"":""21.03MiB / 122.8GiB""},{""name"":""lab-erli-stub"",""cpu"":""0.00%"",""mem"":""18.05MiB / 122.8GiB""},{""name"":""lab-eparagony-stub"",""cpu"":""0.00%"",""mem"":""20.36MiB / 122.8GiB""},{""name"":""lab-invoicing-stub"",""cpu"":""0.00%"",""mem"":""16.6MiB / 122.8GiB""},{""name"":""lab-shipping-stub"",""cpu"":""0.00%"",""mem"":""16.58MiB / 122.8GiB""},{""name"":""lab-eparagony-stub-tls"",""cpu"":""0.00%"",""mem"":""23.3MiB / 122.8GiB""},{""name"":""lab-erli-stub-tls"",""cpu"":""0.00%"",""mem"":""22.67MiB / 122.8GiB""},{""name"":""lab-wc-tls"",""cpu"":""0.00%"",""mem"":""29.51MiB / 122.8GiB""},{""name"":""lab-prestashop"",""cpu"":""0.00%"",""mem"":""124.9MiB / 122.8GiB""},{""name"":""lab-woocommerce"",""cpu"":""0.01%"",""mem"":""296.6MiB / 122.8GiB""},{""name"":""lab-redis"",""cpu"":""0.25%"",""mem"":""79.67MiB / 122.8GiB""},{""name"":""lab-postgres"",""cpu"":""0.26%"",""mem"":""235.9MiB / 122.8GiB""},{""name"":""lab-mysql"",""cpu"":""0.91%"",""mem"":""722.3MiB / 122.8GiB""},{""name"":""lab-woocommerce-mysql"",""cpu"":""1.08%"",""mem"":""511.8MiB / 122.8GiB""}]"
2026-09-10T13:39:33Z,4,0,0,47,0,2668680883,"[{""name"":""lab-worker-1"",""cpu"":""0.41%"",""mem"":""100.4MiB / 122.8GiB""},{""name"":""lab-api"",""cpu"":""0.00%"",""mem"":""144.4MiB / 122.8GiB""},{""name"":""lab-allegro-stub"",""cpu"":""0.00%"",""mem"":""21.03MiB / 122.8GiB""},{""name"":""lab-erli-stub"",""cpu"":""0.00%"",""mem"":""18.05MiB / 122.8GiB""},{""name"":""lab-eparagony-stub"",""cpu"":""0.00%"",""mem"":""20.36MiB / 122.8GiB""},{""name"":""lab-invoicing-stub"",""cpu"":""0.00%"",""mem"":""16.62MiB / 122.8GiB""},{""name"":""lab-shipping-stub"",""cpu"":""0.00%"",""mem"":""16.58MiB / 122.8GiB""},{""name"":""lab-eparagony-stub-tls"",""cpu"":""0.00%"",""mem"":""23.3MiB / 122.8GiB""},{""name"":""lab-erli-stub-tls"",""cpu"":""0.00%"",""mem"":""22.67MiB / 122.8GiB""},{""name"":""lab-wc-tls"",""cpu"":""0.00%"",""mem"":""29.51MiB / 122.8GiB""},{""name"":""lab-prestashop"",""cpu"":""0.01%"",""mem"":""124.9MiB / 122.8GiB""},{""name"":""lab-woocommerce"",""cpu"":""0.01%"",""mem"":""296.6MiB / 122.8GiB""},{""name"":""lab-redis"",""cpu"":""0.29%"",""mem"":""79.66MiB / 122.8GiB""},{""name"":""lab-postgres"",""cpu"":""5.53%"",""mem"":""235.9MiB / 122.8GiB""},{""name"":""lab-mysql"",""cpu"":""5.41%"",""mem"":""722.3MiB / 122.8GiB""},{""name"":""lab-woocommerce-mysql"",""cpu"":""0.88%"",""mem"":""511.8MiB / 122.8GiB""}]"
2026-09-10T13:39:36Z,4,0,0,47,0,2668680883,"[{""name"":""lab-worker-1"",""cpu"":""0.33%"",""mem"":""100.4MiB / 122.8GiB""},{""name"":""lab-api"",""cpu"":""0.00%"",""mem"":""144.4MiB / 122.8GiB""},{""name"":""lab-allegro-stub"",""cpu"":""3.58%"",""mem"":""21.07MiB / 122.8GiB""},{""name"":""lab-erli-stub"",""cpu"":""4.06%"",""mem"":""18.08MiB / 122.8GiB""},{""name"":""lab-eparagony-stub"",""cpu"":""0.01%"",""mem"":""20.37MiB / 122.8GiB""},{""name"":""lab-invoicing-stub"",""cpu"":""3.66%"",""mem"":""16.65MiB / 122.8GiB""},{""name"":""lab-shipping-stub"",""cpu"":""4.28%"",""mem"":""16.59MiB / 122.8GiB""},{""name"":""lab-eparagony-stub-tls"",""cpu"":""0.00%"",""mem"":""23.3MiB / 122.8GiB""},{""name"":""lab-erli-stub-tls"",""cpu"":""0.00%"",""mem"":""22.67MiB / 122.8GiB""},{""name"":""lab-wc-tls"",""cpu"":""0.00%"",""mem"":""29.51MiB / 122.8GiB""},{""name"":""lab-prestashop"",""cpu"":""0.01%"",""mem"":""124.9MiB / 122.8GiB""},{""name"":""lab-woocommerce"",""cpu"":""0.01%"",""mem"":""296.6MiB / 122.8GiB""},{""name"":""lab-redis"",""cpu"":""0.28%"",""mem"":""79.65MiB / 122.8GiB""},{""name"":""lab-postgres"",""cpu"":""0.49%"",""mem"":""235.9MiB / 122.8GiB""},{""name"":""lab-mysql"",""cpu"":""0.83%"",""mem"":""722.3MiB / 122.8GiB""},{""name"":""lab-woocommerce-mysql"",""cpu"":""5.28%"",""mem"":""511.8MiB / 122.8GiB""}]"
2026-09-10T13:39:40Z,3,0,0,47,0,2668680883,"[{""name"":""lab-worker-1"",""cpu"":""0.47%"",""mem"":""100.4MiB / 122.8GiB""},{""name"":""lab-api"",""cpu"":""0.00%"",""mem"":""144.4MiB / 122.8GiB""},{""name"":""lab-allegro-stub"",""cpu"":""0.00%"",""mem"":""21.03MiB / 122.8GiB""},{""name"":""lab-erli-stub"",""cpu"":""0.00%"",""mem"":""18.05MiB / 122.8GiB""},{""name"":""lab-eparagony-stub"",""cpu"":""4.13%"",""mem"":""20.36MiB / 122.8GiB""},{""name"":""lab-invoicing-stub"",""cpu"":""0.00%"",""mem"":""16.6MiB / 122.8GiB""},{""name"":""lab-shipping-stub"",""cpu"":""0.00%"",""mem"":""16.58MiB / 122.8GiB""},{""name"":""lab-eparagony-stub-tls"",""cpu"":""0.00%"",""mem"":""23.3MiB / 122.8GiB""},{""name"":""lab-erli-stub-tls"",""cpu"":""0.00%"",""mem"":""22.67MiB / 122.8GiB""},{""name"":""lab-wc-tls"",""cpu"":""0.00%"",""mem"":""29.51MiB / 122.8GiB""},{""name"":""lab-prestashop"",""cpu"":""5.56%"",""mem"":""125MiB / 122.8GiB""},{""name"":""lab-woocommerce"",""cpu"":""0.01%"",""mem"":""296.6MiB / 122.8GiB""},{""name"":""lab-redis"",""cpu"":""0.27%"",""mem"":""79.64MiB / 122.8GiB""},{""name"":""lab-postgres"",""cpu"":""0.50%"",""mem"":""235.9MiB / 122.8GiB""},{""name"":""lab-mysql"",""cpu"":""1.29%"",""mem"":""722.3MiB / 122.8GiB""},{""name"":""lab-woocommerce-mysql"",""cpu"":""0.95%"",""mem"":""511.8MiB / 122.8GiB""}]"
2026-09-10T13:39:44Z,4,0,0,47,0,2668680883,"[{""name"":""lab-worker-1"",""cpu"":""0.41%"",""mem"":""100.4MiB / 122.8GiB""},{""name"":""lab-api"",""cpu"":""0.00%"",""mem"":""144.4MiB / 122.8GiB""},{""name"":""lab-allegro-stub"",""cpu"":""0.00%"",""mem"":""21.03MiB / 122.8GiB""},{""name"":""lab-erli-stub"",""cpu"":""0.00%"",""mem"":""18.05MiB / 122.8GiB""},{""name"":""lab-eparagony-stub"",""cpu"":""0.00%"",""mem"":""20.36MiB / 122.8GiB""},{""name"":""lab-invoicing-stub"",""cpu"":""0.00%"",""mem"":""16.6MiB / 122.8GiB""},{""name"":""lab-shipping-stub"",""cpu"":""0.00%"",""mem"":""16.58MiB / 122.8GiB""},{""name"":""lab-eparagony-stub-tls"",""cpu"":""0.00%"",""mem"":""23.3MiB / 122.8GiB""},{""name"":""lab-erli-stub-tls"",""cpu"":""0.00%"",""mem"":""22.67MiB / 122.8GiB""},{""name"":""lab-wc-tls"",""cpu"":""0.00%"",""mem"":""29.51MiB / 122.8GiB""},{""name"":""lab-prestashop"",""cpu"":""0.01%"",""mem"":""124.9MiB / 122.8GiB""},{""name"":""lab-woocommerce"",""cpu"":""0.01%"",""mem"":""294.6MiB / 122.8GiB""},{""name"":""lab-redis"",""cpu"":""0.24%"",""mem"":""79.64MiB / 122.8GiB""},{""name"":""lab-postgres"",""cpu"":""0.47%"",""mem"":""236.1MiB / 122.8GiB""},{""name"":""lab-mysql"",""cpu"":""1.09%"",""mem"":""722.3MiB / 122.8GiB""},{""name"":""lab-woocommerce-mysql"",""cpu"":""1.04%"",""mem"":""511.8MiB / 122.8GiB""}]"
2026-09-10T13:39:48Z,4,0,0,47,0,2668680883,"[{""name"":""lab-worker-1"",""cpu"":""0.50%"",""mem"":""100.4MiB / 122.8GiB""},{""name"":""lab-api"",""cpu"":""0.00%"",""mem"":""144.4MiB / 122.8GiB""},{""name"":""lab-allegro-stub"",""cpu"":""0.00%"",""mem"":""21.03MiB / 122.8GiB""},{""name"":""lab-erli-stub"",""cpu"":""0.00%"",""mem"":""18.05MiB / 122.8GiB""},{""name"":""lab-eparagony-stub"",""cpu"":""0.00%"",""mem"":""20.37MiB / 122.8GiB""},{""name"":""lab-invoicing-stub"",""cpu"":""0.00%"",""mem"":""16.61MiB / 122.8GiB""},{""name"":""lab-shipping-stub"",""cpu"":""0.00%"",""mem"":""16.59MiB / 122.8GiB""},{""name"":""lab-eparagony-stub-tls"",""cpu"":""0.00%"",""mem"":""23.3MiB / 122.8GiB""},{""name"":""lab-erli-stub-tls"",""cpu"":""0.00%"",""mem"":""22.67MiB / 122.8GiB""},{""name"":""lab-wc-tls"",""cpu"":""0.00%"",""mem"":""29.51MiB / 122.8GiB""},{""name"":""lab-prestashop"",""cpu"":""27.79%"",""mem"":""135MiB / 122.8GiB""},{""name"":""lab-woocommerce"",""cpu"":""0.01%"",""mem"":""294.6MiB / 122.8GiB""},{""name"":""lab-redis"",""cpu"":""0.24%"",""mem"":""79.88MiB / 122.8GiB""},{""name"":""lab-postgres"",""cpu"":""55.42%"",""mem"":""235.9MiB / 122.8GiB""},{""name"":""lab-mysql"",""cpu"":""37.79%"",""mem"":""722.5MiB / 122.8GiB""},{""name"":""lab-woocommerce-mysql"",""cpu"":""0.65%"",""mem"":""511.8MiB / 122.8GiB""}]"
2026-09-10T13:39:51Z,4,0,0,47,0,2668680883,"[{""name"":""lab-worker-1"",""cpu"":""0.49%"",""mem"":""100.4MiB / 122.8GiB""},{""name"":""lab-api"",""cpu"":""0.01%"",""mem"":""144.4MiB / 122.8GiB""},{""name"":""lab-allegro-stub"",""cpu"":""0.00%"",""mem"":""21.03MiB / 122.8GiB""},{""name"":""lab-erli-stub"",""cpu"":""3.75%"",""mem"":""18.12MiB / 122.8GiB""},{""name"":""lab-eparagony-stub"",""cpu"":""3.73%"",""mem"":""20.37MiB / 122.8GiB""},{""name"":""lab-invoicing-stub"",""cpu"":""0.00%"",""mem"":""16.6MiB / 122.8GiB""},{""name"":""lab-shipping-stub"",""cpu"":""0.00%"",""mem"":""16.58MiB / 122.8GiB""},{""name"":""lab-eparagony-stub-tls"",""cpu"":""0.00%"",""mem"":""23.3MiB / 122.8GiB""},{""name"":""lab-erli-stub-tls"",""cpu"":""0.00%"",""mem"":""22.67MiB / 122.8GiB""},{""name"":""lab-wc-tls"",""cpu"":""0.00%"",""mem"":""29.51MiB / 122.8GiB""},{""name"":""lab-prestashop"",""cpu"":""36.14%"",""mem"":""151MiB / 122.8GiB""},{""name"":""lab-woocommerce"",""cpu"":""0.01%"",""mem"":""294.6MiB / 122.8GiB""},{""name"":""lab-redis"",""cpu"":""3.96%"",""mem"":""79.89MiB / 122.8GiB""},{""name"":""lab-postgres"",""cpu"":""59.43%"",""mem"":""235.9MiB / 122.8GiB""},{""name"":""lab-mysql"",""cpu"":""44.95%"",""mem"":""722.3MiB / 122.8GiB""},{""name"":""lab-woocommerce-mysql"",""cpu"":""0.67%"",""mem"":""511.8MiB / 122.8GiB""}]"
2026-09-10T13:39:54Z,3,0,0,47,0,2668680883,"[{""name"":""lab-worker-1"",""cpu"":""0.37%"",""mem"":""100.4MiB / 122.8GiB""},{""name"":""lab-api"",""cpu"":""0.00%"",""mem"":""144.4MiB / 122.8GiB""},{""name"":""lab-allegro-stub"",""cpu"":""0.00%"",""mem"":""21.03MiB / 122.8GiB""},{""name"":""lab-erli-stub"",""cpu"":""0.00%"",""mem"":""18.05MiB / 122.8GiB""},{""name"":""lab-eparagony-stub"",""cpu"":""0.00%"",""mem"":""20.36MiB / 122.8GiB""},{""name"":""lab-invoicing-stub"",""cpu"":""0.00%"",""mem"":""16.6MiB / 122.8GiB""},{""name"":""lab-shipping-stub"",""cpu"":""0.00%"",""mem"":""16.58MiB / 122.8GiB""},{""name"":""lab-eparagony-stub-tls"",""cpu"":""0.00%"",""mem"":""23.3MiB / 122.8GiB""},{""name"":""lab-erli-stub-tls"",""cpu"":""0.00%"",""mem"":""22.67MiB / 122.8GiB""},{""name"":""lab-wc-tls"",""cpu"":""0.00%"",""mem"":""29.51MiB / 122.8GiB""},{""name"":""lab-prestashop"",""cpu"":""37.33%"",""mem"":""169.1MiB / 122.8GiB""},{""name"":""lab-woocommerce"",""cpu"":""0.01%"",""mem"":""294.6MiB / 122.8GiB""},{""name"":""lab-redis"",""cpu"":""0.27%"",""mem"":""79.63MiB / 122.8GiB""},{""name"":""lab-postgres"",""cpu"":""58.62%"",""mem"":""235.9MiB / 122.8GiB""},{""name"":""lab-mysql"",""cpu"":""44.23%"",""mem"":""722.3MiB / 122.8GiB""},{""name"":""lab-woocommerce-mysql"",""cpu"":""0.61%"",""mem"":""511.8MiB / 122.8GiB""}]"
2026-09-10T13:39:57Z,3,0,0,47,0,2668680883,"[{""name"":""lab-worker-1"",""cpu"":""0.63%"",""mem"":""100.7MiB / 122.8GiB""},{""name"":""lab-api"",""cpu"":""0.00%"",""mem"":""144.4MiB / 122.8GiB""},{""name"":""lab-allegro-stub"",""cpu"":""3.85%"",""mem"":""21.03MiB / 122.8GiB""},{""name"":""lab-erli-stub"",""cpu"":""0.01%"",""mem"":""18.05MiB / 122.8GiB""},{""name"":""lab-eparagony-stub"",""cpu"":""0.01%"",""mem"":""20.37MiB / 122.8GiB""},{""name"":""lab-invoicing-stub"",""cpu"":""3.82%"",""mem"":""16.6MiB / 122.8GiB""},{""name"":""lab-shipping-stub"",""cpu"":""3.10%"",""mem"":""16.58MiB / 122.8GiB""},{""name"":""lab-eparagony-stub-tls"",""cpu"":""0.00%"",""mem"":""23.3MiB / 122.8GiB""},{""name"":""lab-erli-stub-tls"",""cpu"":""0.00%"",""mem"":""22.67MiB / 122.8GiB""},{""name"":""lab-wc-tls"",""cpu"":""0.00%"",""mem"":""29.51MiB / 122.8GiB""},{""name"":""lab-prestashop"",""cpu"":""37.74%"",""mem"":""173.1MiB / 122.8GiB""},{""name"":""lab-woocommerce"",""cpu"":""0.00%"",""mem"":""294.6MiB / 122.8GiB""},{""name"":""lab-redis"",""cpu"":""0.28%"",""mem"":""79.63MiB / 122.8GiB""},{""name"":""lab-postgres"",""cpu"":""56.66%"",""mem"":""235.9MiB / 122.8GiB""},{""name"":""lab-mysql"",""cpu"":""44.79%"",""mem"":""722.5MiB / 122.8GiB""},{""name"":""lab-woocommerce-mysql"",""cpu"":""0.64%"",""mem"":""511.8MiB / 122.8GiB""}]"
2026-09-10T13:40:00Z,3,0,0,47,0,2668680883,"[{""name"":""lab-worker-1"",""cpu"":""0.37%"",""mem"":""100.4MiB / 122.8GiB""},{""name"":""lab-api"",""cpu"":""0.00%"",""mem"":""144.4MiB / 122.8GiB""},{""name"":""lab-allegro-stub"",""cpu"":""0.00%"",""mem"":""21.03MiB / 122.8GiB""},{""name"":""lab-erli-stub"",""cpu"":""0.00%"",""mem"":""18.05MiB / 122.8GiB""},{""name"":""lab-eparagony-stub"",""cpu"":""0.00%"",""mem"":""20.36MiB / 122.8GiB""},{""name"":""lab-invoicing-stub"",""cpu"":""0.00%"",""mem"":""16.6MiB / 122.8GiB""},{""name"":""lab-shipping-stub"",""cpu"":""0.00%"",""mem"":""16.58MiB / 122.8GiB""},{""name"":""lab-eparagony-stub-tls"",""cpu"":""0.00%"",""mem"":""23.3MiB / 122.8GiB""},{""name"":""lab-erli-stub-tls"",""cpu"":""0.00%"",""mem"":""22.67MiB / 122.8GiB""},{""name"":""lab-wc-tls"",""cpu"":""0.00%"",""mem"":""29.51MiB / 122.8GiB""},{""name"":""lab-prestashop"",""cpu"":""38.82%"",""mem"":""177.4MiB / 122.8GiB""},{""name"":""lab-woocommerce"",""cpu"":""0.00%"",""mem"":""294.6MiB / 122.8GiB""},{""name"":""lab-redis"",""cpu"":""0.28%"",""mem"":""79.63MiB / 122.8GiB""},{""name"":""lab-postgres"",""cpu"":""57.16%"",""mem"":""235.9MiB / 122.8GiB""},{""name"":""lab-mysql"",""cpu"":""44.31%"",""mem"":""722.3MiB / 122.8GiB""},{""name"":""lab-woocommerce-mysql"",""cpu"":""0.64%"",""mem"":""511.8MiB / 122.8GiB""}]"
2026-09-10T13:40:03Z,3,0,0,47,0,2668680883,"[{""name"":""lab-worker-1"",""cpu"":""0.53%"",""mem"":""100.4MiB / 122.8GiB""},{""name"":""lab-api"",""cpu"":""0.00%"",""mem"":""144.4MiB / 122.8GiB""},{""name"":""lab-allegro-stub"",""cpu"":""0.00%"",""mem"":""21.03MiB / 122.8GiB""},{""name"":""lab-erli-stub"",""cpu"":""0.00%"",""mem"":""18.05MiB / 122.8GiB""},{""name"":""lab-eparagony-stub"",""cpu"":""0.00%"",""mem"":""20.37MiB / 122.8GiB""},{""name"":""lab-invoicing-stub"",""cpu"":""0.00%"",""mem"":""16.6MiB / 122.8GiB""},{""name"":""lab-shipping-stub"",""cpu"":""0.00%"",""mem"":""16.58MiB / 122.8GiB""},{""name"":""lab-eparagony-stub-tls"",""cpu"":""0.00%"",""mem"":""23.3MiB / 122.8GiB""},{""name"":""lab-erli-stub-tls"",""cpu"":""0.00%"",""mem"":""22.67MiB / 122.8GiB""},{""name"":""lab-wc-tls"",""cpu"":""0.00%"",""mem"":""29.51MiB / 122.8GiB""},{""name"":""lab-prestashop"",""cpu"":""37.33%"",""mem"":""183.2MiB / 122.8GiB""},{""name"":""lab-woocommerce"",""cpu"":""0.00%"",""mem"":""294.6MiB / 122.8GiB""},{""name"":""lab-redis"",""cpu"":""0.29%"",""mem"":""79.63MiB / 122.8GiB""},{""name"":""lab-postgres"",""cpu"":""63.08%"",""mem"":""235.9MiB / 122.8GiB""},{""name"":""lab-mysql"",""cpu"":""49.54%"",""mem"":""722.6MiB / 122.8GiB""},{""name"":""lab-woocommerce-mysql"",""cpu"":""0.65%"",""mem"":""511.8MiB / 122.8GiB""}]"
2026-09-10T13:40:06Z,3,0,0,47,0,2668680883,"[{""name"":""lab-worker-1"",""cpu"":""0.44%"",""mem"":""100.4MiB / 122.8GiB""},{""name"":""lab-api"",""cpu"":""0.00%"",""mem"":""144.4MiB / 122.8GiB""},{""name"":""lab-allegro-stub"",""cpu"":""0.00%"",""mem"":""21.03MiB / 122.8GiB""},{""name"":""lab-erli-stub"",""cpu"":""3.78%"",""mem"":""18.05MiB / 122.8GiB""},{""name"":""lab-eparagony-stub"",""cpu"":""3.90%"",""mem"":""20.37MiB / 122.8GiB""},{""name"":""lab-invoicing-stub"",""cpu"":""0.00%"",""mem"":""16.6MiB / 122.8GiB""},{""name"":""lab-shipping-stub"",""cpu"":""0.00%"",""mem"":""16.58MiB / 122.8GiB""},{""name"":""lab-eparagony-stub-tls"",""cpu"":""0.00%"",""mem"":""23.3MiB / 122.8GiB""},{""name"":""lab-erli-stub-tls"",""cpu"":""0.00%"",""mem"":""22.67MiB / 122.8GiB""},{""name"":""lab-wc-tls"",""cpu"":""0.00%"",""mem"":""29.51MiB / 122.8GiB""},{""name"":""lab-prestashop"",""cpu"":""36.15%"",""mem"":""183.2MiB / 122.8GiB""},{""name"":""lab-woocommerce"",""cpu"":""0.00%"",""mem"":""294.6MiB / 122.8GiB""},{""name"":""lab-redis"",""cpu"":""0.26%"",""mem"":""79.63MiB / 122.8GiB""},{""name"":""lab-postgres"",""cpu"":""60.10%"",""mem"":""235.9MiB / 122.8GiB""},{""name"":""lab-mysql"",""cpu"":""46.52%"",""mem"":""722.5MiB / 122.8GiB""},{""name"":""lab-woocommerce-mysql"",""cpu"":""5.41%"",""mem"":""511.8MiB / 122.8GiB""}]"
2026-09-10T13:40:09Z,3,0,0,47,0,2668680883,"[{""name"":""lab-worker-1"",""cpu"":""0.49%"",""mem"":""100.4MiB / 122.8GiB""},{""name"":""lab-api"",""cpu"":""0.00%"",""mem"":""144.4MiB / 122.8GiB""},{""name"":""lab-allegro-stub"",""cpu"":""0.00%"",""mem"":""21.03MiB / 122.8GiB""},{""name"":""lab-erli-stub"",""cpu"":""0.00%"",""mem"":""18.05MiB / 122.8GiB""},{""name"":""lab-eparagony-stub"",""cpu"":""0.00%"",""mem"":""20.37MiB / 122.8GiB""},{""name"":""lab-invoicing-stub"",""cpu"":""0.00%"",""mem"":""16.6MiB / 122.8GiB""},{""name"":""lab-shipping-stub"",""cpu"":""0.00%"",""mem"":""16.58MiB / 122.8GiB""},{""name"":""lab-eparagony-stub-tls"",""cpu"":""0.00%"",""mem"":""23.3MiB / 122.8GiB""},{""name"":""lab-erli-stub-tls"",""cpu"":""0.00%"",""mem"":""22.67MiB / 122.8GiB""},{""name"":""lab-wc-tls"",""cpu"":""0.00%"",""mem"":""29.51MiB / 122.8GiB""},{""name"":""lab-prestashop"",""cpu"":""36.11%"",""mem"":""183.3MiB / 122.8GiB""},{""name"":""lab-woocommerce"",""cpu"":""0.00%"",""mem"":""294.6MiB / 122.8GiB""},{""name"":""lab-redis"",""cpu"":""0.26%"",""mem"":""79.63MiB / 122.8GiB""},{""name"":""lab-postgres"",""cpu"":""57.03%"",""mem"":""235.9MiB / 122.8GiB""},{""name"":""lab-mysql"",""cpu"":""43.94%"",""mem"":""722.3MiB / 122.8GiB""},{""name"":""lab-woocommerce-mysql"",""cpu"":""0.64%"",""mem"":""511.8MiB / 122.8GiB""}]"
2026-09-10T13:40:13Z,3,0,0,47,0,2668680883,"[{""name"":""lab-worker-1"",""cpu"":""0.35%"",""mem"":""100.4MiB / 122.8GiB""},{""name"":""lab-api"",""cpu"":""0.00%"",""mem"":""144.4MiB / 122.8GiB""},{""name"":""lab-allegro-stub"",""cpu"":""0.00%"",""mem"":""21.03MiB / 122.8GiB""},{""name"":""lab-erli-stub"",""cpu"":""0.01%"",""mem"":""18.05MiB / 122.8GiB""},{""name"":""lab-eparagony-stub"",""cpu"":""0.00%"",""mem"":""20.36MiB / 122.8GiB""},{""name"":""lab-invoicing-stub"",""cpu"":""0.00%"",""mem"":""16.6MiB / 122.8GiB""},{""name"":""lab-shipping-stub"",""cpu"":""0.00%"",""mem"":""16.58MiB / 122.8GiB""},{""name"":""lab-eparagony-stub-tls"",""cpu"":""0.00%"",""mem"":""23.3MiB / 122.8GiB""},{""name"":""lab-erli-stub-tls"",""cpu"":""0.00%"",""mem"":""22.67MiB / 122.8GiB""},{""name"":""lab-wc-tls"",""cpu"":""0.00%"",""mem"":""29.51MiB / 122.8GiB""},{""name"":""lab-prestashop"",""cpu"":""38.71%"",""mem"":""183.8MiB / 122.8GiB""},{""name"":""lab-woocommerce"",""cpu"":""0.00%"",""mem"":""294.6MiB / 122.8GiB""},{""name"":""lab-redis"",""cpu"":""0.24%"",""mem"":""79.63MiB / 122.8GiB""},{""name"":""lab-postgres"",""cpu"":""67.34%"",""mem"":""236MiB / 122.8GiB""},{""name"":""lab-mysql"",""cpu"":""42.55%"",""mem"":""722.3MiB / 122.8GiB""},{""name"":""lab-woocommerce-mysql"",""cpu"":""0.62%"",""mem"":""511.8MiB / 122.8GiB""}]"
2026-09-10T13:40:16Z,4,0,0,47,0,2668680883,"[{""name"":""lab-worker-1"",""cpu"":""0.52%"",""mem"":""100.4MiB / 122.8GiB""},{""name"":""lab-api"",""cpu"":""0.00%"",""mem"":""144.4MiB / 122.8GiB""},{""name"":""lab-allegro-stub"",""cpu"":""0.00%"",""mem"":""21.03MiB / 122.8GiB""},{""name"":""lab-erli-stub"",""cpu"":""0.00%"",""mem"":""18.05MiB / 122.8GiB""},{""name"":""lab-eparagony-stub"",""cpu"":""3.63%"",""mem"":""20.39MiB / 122.8GiB""},{""name"":""lab-invoicing-stub"",""cpu"":""0.00%"",""mem"":""16.6MiB / 122.8GiB""},{""name"":""lab-shipping-stub"",""cpu"":""0.00%"",""mem"":""16.58MiB / 122.8GiB""},{""name"":""lab-eparagony-stub-tls"",""cpu"":""0.00%"",""mem"":""23.3MiB / 122.8GiB""},{""name"":""lab-erli-stub-tls"",""cpu"":""0.00%"",""mem"":""22.67MiB / 122.8GiB""},{""name"":""lab-wc-tls"",""cpu"":""0.00%"",""mem"":""29.51MiB / 122.8GiB""},{""name"":""lab-prestashop"",""cpu"":""37.08%"",""mem"":""179.3MiB / 122.8GiB""},{""name"":""lab-woocommerce"",""cpu"":""0.00%"",""mem"":""294.6MiB / 122.8GiB""},{""name"":""lab-redis"",""cpu"":""0.25%"",""mem"":""79.88MiB / 122.8GiB""},{""name"":""lab-postgres"",""cpu"":""57.96%"",""mem"":""235.9MiB / 122.8GiB""},{""name"":""lab-mysql"",""cpu"":""44.53%"",""mem"":""722.3MiB / 122.8GiB""},{""name"":""lab-woocommerce-mysql"",""cpu"":""0.54%"",""mem"":""511.8MiB / 122.8GiB""}]"
2026-09-10T13:40:19Z,3,0,0,47,0,2668680883,"[{""name"":""lab-worker-1"",""cpu"":""0.41%"",""mem"":""100.4MiB / 122.8GiB""},{""name"":""lab-api"",""cpu"":""0.00%"",""mem"":""144.4MiB / 122.8GiB""},{""name"":""lab-allegro-stub"",""cpu"":""0.00%"",""mem"":""21.03MiB / 122.8GiB""},{""name"":""lab-erli-stub"",""cpu"":""0.00%"",""mem"":""18.05MiB / 122.8GiB""},{""name"":""lab-eparagony-stub"",""cpu"":""0.00%"",""mem"":""20.36MiB / 122.8GiB""},{""name"":""lab-invoicing-stub"",""cpu"":""0.00%"",""mem"":""16.6MiB / 122.8GiB""},{""name"":""lab-shipping-stub"",""cpu"":""0.00%"",""mem"":""16.58MiB / 122.8GiB""},{""name"":""lab-eparagony-stub-tls"",""cpu"":""0.00%"",""mem"":""23.3MiB / 122.8GiB""},{""name"":""lab-erli-stub-tls"",""cpu"":""0.00%"",""mem"":""22.67MiB / 122.8GiB""},{""name"":""lab-wc-tls"",""cpu"":""0.00%"",""mem"":""29.51MiB / 122.8GiB""},{""name"":""lab-prestashop"",""cpu"":""38.44%"",""mem"":""175.6MiB / 122.8GiB""},{""name"":""lab-woocommerce"",""cpu"":""0.00%"",""mem"":""294.6MiB / 122.8GiB""},{""name"":""lab-redis"",""cpu"":""0.25%"",""mem"":""79.63MiB / 122.8GiB""},{""name"":""lab-postgres"",""cpu"":""56.66%"",""mem"":""235.9MiB / 122.8GiB""},{""name"":""lab-mysql"",""cpu"":""43.15%"",""mem"":""722.3MiB / 122.8GiB""},{""name"":""lab-woocommerce-mysql"",""cpu"":""0.71%"",""mem"":""511.8MiB / 122.8GiB""}]"
2026-09-10T13:40:22Z,3,0,0,47,0,2668680883,"[{""name"":""lab-worker-1"",""cpu"":""0.45%"",""mem"":""100.4MiB / 122.8GiB""},{""name"":""lab-api"",""cpu"":""0.00%"",""mem"":""144.4MiB / 122.8GiB""},{""name"":""lab-allegro-stub"",""cpu"":""4.39%"",""mem"":""21.03MiB / 122.8GiB""},{""name"":""lab-erli-stub"",""cpu"":""4.02%"",""mem"":""18.05MiB / 122.8GiB""},{""name"":""lab-eparagony-stub"",""cpu"":""0.00%"",""mem"":""20.37MiB / 122.8GiB""},{""name"":""lab-invoicing-stub"",""cpu"":""4.12%"",""mem"":""16.61MiB / 122.8GiB""},{""name"":""lab-shipping-stub"",""cpu"":""4.16%"",""mem"":""16.59MiB / 122.8GiB""},{""name"":""lab-eparagony-stub-tls"",""cpu"":""0.00%"",""mem"":""23.3MiB / 122.8GiB""},{""name"":""lab-erli-stub-tls"",""cpu"":""0.00%"",""mem"":""22.67MiB / 122.8GiB""},{""name"":""lab-wc-tls"",""cpu"":""0.00%"",""mem"":""29.51MiB / 122.8GiB""},{""name"":""lab-prestashop"",""cpu"":""37.47%"",""mem"":""173.3MiB / 122.8GiB""},{""name"":""lab-woocommerce"",""cpu"":""0.00%"",""mem"":""294.6MiB / 122.8GiB""},{""name"":""lab-redis"",""cpu"":""0.29%"",""mem"":""79.88MiB / 122.8GiB""},{""name"":""lab-postgres"",""cpu"":""58.57%"",""mem"":""235.9MiB / 122.8GiB""},{""name"":""lab-mysql"",""cpu"":""43.83%"",""mem"":""722.3MiB / 122.8GiB""},{""name"":""lab-woocommerce-mysql"",""cpu"":""0.64%"",""mem"":""511.8MiB / 122.8GiB""}]"
2026-09-10T13:40:25Z,3,0,0,47,0,2668680883,"[{""name"":""lab-worker-1"",""cpu"":""0.48%"",""mem"":""100.4MiB / 122.8GiB""},{""name"":""lab-api"",""cpu"":""0.00%"",""mem"":""144.4MiB / 122.8GiB""},{""name"":""lab-allegro-stub"",""cpu"":""0.00%"",""mem"":""21.03MiB / 122.8GiB""},{""name"":""lab-erli-stub"",""cpu"":""0.00%"",""mem"":""18.05MiB / 122.8GiB""},{""name"":""lab-eparagony-stub"",""cpu"":""0.00%"",""mem"":""20.37MiB / 122.8GiB""},{""name"":""lab-invoicing-stub"",""cpu"":""0.00%"",""mem"":""16.6MiB / 122.8GiB""},{""name"":""lab-shipping-stub"",""cpu"":""0.00%"",""mem"":""16.58MiB / 122.8GiB""},{""name"":""lab-eparagony-stub-tls"",""cpu"":""0.00%"",""mem"":""23.3MiB / 122.8GiB""},{""name"":""lab-erli-stub-tls"",""cpu"":""0.00%"",""mem"":""22.67MiB / 122.8GiB""},{""name"":""lab-wc-tls"",""cpu"":""0.00%"",""mem"":""29.51MiB / 122.8GiB""},{""name"":""lab-prestashop"",""cpu"":""35.48%"",""mem"":""183.4MiB / 122.8GiB""},{""name"":""lab-woocommerce"",""cpu"":""0.00%"",""mem"":""294.6MiB / 122.8GiB""},{""name"":""lab-redis"",""cpu"":""0.26%"",""mem"":""79.63MiB / 122.8GiB""},{""name"":""lab-postgres"",""cpu"":""57.66%"",""mem"":""235.9MiB / 122.8GiB""},{""name"":""lab-mysql"",""cpu"":""46.30%"",""mem"":""722.3MiB / 122.8GiB""},{""name"":""lab-woocommerce-mysql"",""cpu"":""0.66%"",""mem"":""511.8MiB / 122.8GiB""}]"
2026-09-10T13:40:28Z,3,0,0,47,0,2668680883,"[{""name"":""lab-worker-1"",""cpu"":""0.57%"",""mem"":""100.4MiB / 122.8GiB""},{""name"":""lab-api"",""cpu"":""0.00%"",""mem"":""144.4MiB / 122.8GiB""},{""name"":""lab-allegro-stub"",""cpu"":""0.01%"",""mem"":""21.03MiB / 122.8GiB""},{""name"":""lab-erli-stub"",""cpu"":""0.00%"",""mem"":""18.05MiB / 122.8GiB""},{""name"":""lab-eparagony-stub"",""cpu"":""0.00%"",""mem"":""20.37MiB / 122.8GiB""},{""name"":""lab-invoicing-stub"",""cpu"":""0.01%"",""mem"":""16.6MiB / 122.8GiB""},{""name"":""lab-shipping-stub"",""cpu"":""0.01%"",""mem"":""16.58MiB / 122.8GiB""},{""name"":""lab-eparagony-stub-tls"",""cpu"":""0.00%"",""mem"":""23.3MiB / 122.8GiB""},{""name"":""lab-erli-stub-tls"",""cpu"":""0.00%"",""mem"":""22.67MiB / 122.8GiB""},{""name"":""lab-wc-tls"",""cpu"":""0.00%"",""mem"":""29.51MiB / 122.8GiB""},{""name"":""lab-prestashop"",""cpu"":""36.24%"",""mem"":""183.4MiB / 122.8GiB""},{""name"":""lab-woocommerce"",""cpu"":""0.01%"",""mem"":""294.6MiB / 122.8GiB""},{""name"":""lab-redis"",""cpu"":""0.28%"",""mem"":""79.63MiB / 122.8GiB""},{""name"":""lab-postgres"",""cpu"":""59.12%"",""mem"":""235.9MiB / 122.8GiB""},{""name"":""lab-mysql"",""cpu"":""44.94%"",""mem"":""722.3MiB / 122.8GiB""},{""name"":""lab-woocommerce-mysql"",""cpu"":""0.65%"",""mem"":""511.8MiB / 122.8GiB""}]"
2026-09-10T13:40:31Z,3,0,0,47,0,2668680883,"[{""name"":""lab-worker-1"",""cpu"":""0.36%"",""mem"":""100.5MiB / 122.8GiB""},{""name"":""lab-api"",""cpu"":""0.00%"",""mem"":""144.4MiB / 122.8GiB""},{""name"":""lab-allegro-stub"",""cpu"":""0.00%"",""mem"":""21.03MiB / 122.8GiB""},{""name"":""lab-erli-stub"",""cpu"":""4.00%"",""mem"":""18.11MiB / 122.8GiB""},{""name"":""lab-eparagony-stub"",""cpu"":""3.96%"",""mem"":""20.37MiB / 122.8GiB""},{""name"":""lab-invoicing-stub"",""cpu"":""0.00%"",""mem"":""16.6MiB / 122.8GiB""},{""name"":""lab-shipping-stub"",""cpu"":""0.00%"",""mem"":""16.58MiB / 122.8GiB""},{""name"":""lab-eparagony-stub-tls"",""cpu"":""0.00%"",""mem"":""23.3MiB / 122.8GiB""},{""name"":""lab-erli-stub-tls"",""cpu"":""0.00%"",""mem"":""22.67MiB / 122.8GiB""},{""name"":""lab-wc-tls"",""cpu"":""0.00%"",""mem"":""29.51MiB / 122.8GiB""},{""name"":""lab-prestashop"",""cpu"":""36.60%"",""mem"":""183.7MiB / 122.8GiB""},{""name"":""lab-woocommerce"",""cpu"":""0.01%"",""mem"":""294.6MiB / 122.8GiB""},{""name"":""lab-redis"",""cpu"":""4.36%"",""mem"":""79.88MiB / 122.8GiB""},{""name"":""lab-postgres"",""cpu"":""61.24%"",""mem"":""235.9MiB / 122.8GiB""},{""name"":""lab-mysql"",""cpu"":""44.78%"",""mem"":""724.3MiB / 122.8GiB""},{""name"":""lab-woocommerce-mysql"",""cpu"":""0.67%"",""mem"":""511.8MiB / 122.8GiB""}]"
2026-09-10T13:40:34Z,3,0,0,47,0,2668680883,"[{""name"":""lab-worker-1"",""cpu"":""0.45%"",""mem"":""100.5MiB / 122.8GiB""},{""name"":""lab-api"",""cpu"":""0.00%"",""mem"":""144.4MiB / 122.8GiB""},{""name"":""lab-allegro-stub"",""cpu"":""0.00%"",""mem"":""21.03MiB / 122.8GiB""},{""name"":""lab-erli-stub"",""cpu"":""0.00%"",""mem"":""18.05MiB / 122.8GiB""},{""name"":""lab-eparagony-stub"",""cpu"":""0.00%"",""mem"":""20.37MiB / 122.8GiB""},{""name"":""lab-invoicing-stub"",""cpu"":""0.00%"",""mem"":""16.6MiB / 122.8GiB""},{""name"":""lab-shipping-stub"",""cpu"":""0.00%"",""mem"":""16.58MiB / 122.8GiB""},{""name"":""lab-eparagony-stub-tls"",""cpu"":""0.00%"",""mem"":""23.3MiB / 122.8GiB""},{""name"":""lab-erli-stub-tls"",""cpu"":""0.00%"",""mem"":""22.67MiB / 122.8GiB""},{""name"":""lab-wc-tls"",""cpu"":""0.00%"",""mem"":""29.51MiB / 122.8GiB""},{""name"":""lab-prestashop"",""cpu"":""36.08%"",""mem"":""183.4MiB / 122.8GiB""},{""name"":""lab-woocommerce"",""cpu"":""0.00%"",""mem"":""294.6MiB / 122.8GiB""},{""name"":""lab-redis"",""cpu"":""0.26%"",""mem"":""79.63MiB / 122.8GiB""},{""name"":""lab-postgres"",""cpu"":""56.52%"",""mem"":""235.9MiB / 122.8GiB""},{""name"":""lab-mysql"",""cpu"":""46.21%"",""mem"":""724.3MiB / 122.8GiB""},{""name"":""lab-woocommerce-mysql"",""cpu"":""0.70%"",""mem"":""511.8MiB / 122.8GiB""}]"
2026-09-10T13:40:38Z,3,0,0,47,0,2668680883,"[{""name"":""lab-worker-1"",""cpu"":""0.40%"",""mem"":""100.7MiB / 122.8GiB""},{""name"":""lab-api"",""cpu"":""0.00%"",""mem"":""144.4MiB / 122.8GiB""},{""name"":""lab-allegro-stub"",""cpu"":""4.05%"",""mem"":""21.03MiB / 122.8GiB""},{""name"":""lab-erli-stub"",""cpu"":""0.01%"",""mem"":""18.05MiB / 122.8GiB""},{""name"":""lab-eparagony-stub"",""cpu"":""0.01%"",""mem"":""20.37MiB / 122.8GiB""},{""name"":""lab-invoicing-stub"",""cpu"":""4.36%"",""mem"":""16.6MiB / 122.8GiB""},{""name"":""lab-shipping-stub"",""cpu"":""4.29%"",""mem"":""16.58MiB / 122.8GiB""},{""name"":""lab-eparagony-stub-tls"",""cpu"":""0.00%"",""mem"":""23.3MiB / 122.8GiB""},{""name"":""lab-erli-stub-tls"",""cpu"":""0.00%"",""mem"":""22.67MiB / 122.8GiB""},{""name"":""lab-wc-tls"",""cpu"":""0.00%"",""mem"":""29.51MiB / 122.8GiB""},{""name"":""lab-prestashop"",""cpu"":""35.86%"",""mem"":""183.7MiB / 122.8GiB""},{""name"":""lab-woocommerce"",""cpu"":""0.00%"",""mem"":""294.6MiB / 122.8GiB""},{""name"":""lab-redis"",""cpu"":""0.28%"",""mem"":""79.88MiB / 122.8GiB""},{""name"":""lab-postgres"",""cpu"":""55.67%"",""mem"":""235.9MiB / 122.8GiB""},{""name"":""lab-mysql"",""cpu"":""45.31%"",""mem"":""724.9MiB / 122.8GiB""},{""name"":""lab-woocommerce-mysql"",""cpu"":""0.69%"",""mem"":""511.8MiB / 122.8GiB""}]"
2026-09-10T13:40:41Z,4,0,0,47,0,2668680883,"[{""name"":""lab-worker-1"",""cpu"":""0.51%"",""mem"":""100.7MiB / 122.8GiB""},{""name"":""lab-api"",""cpu"":""0.00%"",""mem"":""144.4MiB / 122.8GiB""},{""name"":""lab-allegro-stub"",""cpu"":""0.00%"",""mem"":""21.03MiB / 122.8GiB""},{""name"":""lab-erli-stub"",""cpu"":""0.00%"",""mem"":""18.05MiB / 122.8GiB""},{""name"":""lab-eparagony-stub"",""cpu"":""0.30%"",""mem"":""21.86MiB / 122.8GiB""},{""name"":""lab-invoicing-stub"",""cpu"":""0.00%"",""mem"":""16.6MiB / 122.8GiB""},{""name"":""lab-shipping-stub"",""cpu"":""0.00%"",""mem"":""16.58MiB / 122.8GiB""},{""name"":""lab-eparagony-stub-tls"",""cpu"":""0.00%"",""mem"":""23.3MiB / 122.8GiB""},{""name"":""lab-erli-stub-tls"",""cpu"":""0.00%"",""mem"":""22.67MiB / 122.8GiB""},{""name"":""lab-wc-tls"",""cpu"":""0.00%"",""mem"":""29.51MiB / 122.8GiB""},{""name"":""lab-prestashop"",""cpu"":""40.81%"",""mem"":""181.6MiB / 122.8GiB""},{""name"":""lab-woocommerce"",""cpu"":""0.01%"",""mem"":""294.6MiB / 122.8GiB""},{""name"":""lab-redis"",""cpu"":""4.95%"",""mem"":""80.05MiB / 122.8GiB""},{""name"":""lab-postgres"",""cpu"":""61.69%"",""mem"":""235.9MiB / 122.8GiB""},{""name"":""lab-mysql"",""cpu"":""46.09%"",""mem"":""724.4MiB / 122.8GiB""},{""name"":""lab-woocommerce-mysql"",""cpu"":""0.66%"",""mem"":""511.8MiB / 122.8GiB""}]"
2026-09-10T13:40:44Z,3,0,0,47,0,2668680883,"[{""name"":""lab-worker-1"",""cpu"":""0.54%"",""mem"":""100.5MiB / 122.8GiB""},{""name"":""lab-api"",""cpu"":""0.00%"",""mem"":""144.4MiB / 122.8GiB""},{""name"":""lab-allegro-stub"",""cpu"":""0.00%"",""mem"":""21.03MiB / 122.8GiB""},{""name"":""lab-erli-stub"",""cpu"":""0.00%"",""mem"":""18.05MiB / 122.8GiB""},{""name"":""lab-eparagony-stub"",""cpu"":""0.00%"",""mem"":""20.37MiB / 122.8GiB""},{""name"":""lab-invoicing-stub"",""cpu"":""0.00%"",""mem"":""16.6MiB / 122.8GiB""},{""name"":""lab-shipping-stub"",""cpu"":""0.00%"",""mem"":""16.58MiB / 122.8GiB""},{""name"":""lab-eparagony-stub-tls"",""cpu"":""0.00%"",""mem"":""23.3MiB / 122.8GiB""},{""name"":""lab-erli-stub-tls"",""cpu"":""0.00%"",""mem"":""22.67MiB / 122.8GiB""},{""name"":""lab-wc-tls"",""cpu"":""0.00%"",""mem"":""29.51MiB / 122.8GiB""},{""name"":""lab-prestashop"",""cpu"":""36.79%"",""mem"":""181.5MiB / 122.8GiB""},{""name"":""lab-woocommerce"",""cpu"":""0.00%"",""mem"":""294.6MiB / 122.8GiB""},{""name"":""lab-redis"",""cpu"":""0.29%"",""mem"":""79.88MiB / 122.8GiB""},{""name"":""lab-postgres"",""cpu"":""59.92%"",""mem"":""235.9MiB / 122.8GiB""},{""name"":""lab-mysql"",""cpu"":""49.66%"",""mem"":""724.4MiB / 122.8GiB""},{""name"":""lab-woocommerce-mysql"",""cpu"":""0.74%"",""mem"":""511.8MiB / 122.8GiB""}]"
2026-09-10T13:40:47Z,3,0,0,47,0,2668680883,"[{""name"":""lab-worker-1"",""cpu"":""0.52%"",""mem"":""100.5MiB / 122.8GiB""},{""name"":""lab-api"",""cpu"":""0.00%"",""mem"":""144.4MiB / 122.8GiB""},{""name"":""lab-allegro-stub"",""cpu"":""4.35%"",""mem"":""21.07MiB / 122.8GiB""},{""name"":""lab-erli-stub"",""cpu"":""3.85%"",""mem"":""18.05MiB / 122.8GiB""},{""name"":""lab-eparagony-stub"",""cpu"":""0.01%"",""mem"":""20.37MiB / 122.8GiB""},{""name"":""lab-invoicing-stub"",""cpu"":""4.37%"",""mem"":""16.7MiB / 122.8GiB""},{""name"":""lab-shipping-stub"",""cpu"":""4.23%"",""mem"":""16.67MiB / 122.8GiB""},{""name"":""lab-eparagony-stub-tls"",""cpu"":""0.00%"",""mem"":""23.3MiB / 122.8GiB""},{""name"":""lab-erli-stub-tls"",""cpu"":""0.00%"",""mem"":""22.67MiB / 122.8GiB""},{""name"":""lab-wc-tls"",""cpu"":""0.00%"",""mem"":""29.51MiB / 122.8GiB""},{""name"":""lab-prestashop"",""cpu"":""37.02%"",""mem"":""173.5MiB / 122.8GiB""},{""name"":""lab-woocommerce"",""cpu"":""0.01%"",""mem"":""294.6MiB / 122.8GiB""},{""name"":""lab-redis"",""cpu"":""0.29%"",""mem"":""79.63MiB / 122.8GiB""},{""name"":""lab-postgres"",""cpu"":""61.35%"",""mem"":""235.9MiB / 122.8GiB""},{""name"":""lab-mysql"",""cpu"":""44.71%"",""mem"":""724.4MiB / 122.8GiB""},{""name"":""lab-woocommerce-mysql"",""cpu"":""5.72%"",""mem"":""511.8MiB / 122.8GiB""}]"
2026-09-10T13:40:50Z,3,0,0,47,0,2668680883,"[{""name"":""lab-worker-1"",""cpu"":""0.40%"",""mem"":""100.5MiB / 122.8GiB""},{""name"":""lab-api"",""cpu"":""0.01%"",""mem"":""144.4MiB / 122.8GiB""},{""name"":""lab-allegro-stub"",""cpu"":""0.00%"",""mem"":""21.03MiB / 122.8GiB""},{""name"":""lab-erli-stub"",""cpu"":""0.00%"",""mem"":""18.05MiB / 122.8GiB""},{""name"":""lab-eparagony-stub"",""cpu"":""0.00%"",""mem"":""20.37MiB / 122.8GiB""},{""name"":""lab-invoicing-stub"",""cpu"":""0.00%"",""mem"":""16.6MiB / 122.8GiB""},{""name"":""lab-shipping-stub"",""cpu"":""0.00%"",""mem"":""16.58MiB / 122.8GiB""},{""name"":""lab-eparagony-stub-tls"",""cpu"":""0.00%"",""mem"":""23.3MiB / 122.8GiB""},{""name"":""lab-erli-stub-tls"",""cpu"":""0.00%"",""mem"":""22.67MiB / 122.8GiB""},{""name"":""lab-wc-tls"",""cpu"":""0.00%"",""mem"":""29.51MiB / 122.8GiB""},{""name"":""lab-prestashop"",""cpu"":""37.39%"",""mem"":""173.5MiB / 122.8GiB""},{""name"":""lab-woocommerce"",""cpu"":""0.00%"",""mem"":""294.6MiB / 122.8GiB""},{""name"":""lab-redis"",""cpu"":""0.25%"",""mem"":""79.63MiB / 122.8GiB""},{""name"":""lab-postgres"",""cpu"":""59.70%"",""mem"":""235.9MiB / 122.8GiB""},{""name"":""lab-mysql"",""cpu"":""45.41%"",""mem"":""724.4MiB / 122.8GiB""},{""name"":""lab-woocommerce-mysql"",""cpu"":""0.66%"",""mem"":""511.8MiB / 122.8GiB""}]"
2026-09-10T13:40:53Z,3,0,0,47,0,2668680883,"[{""name"":""lab-worker-1"",""cpu"":""0.47%"",""mem"":""100.5MiB / 122.8GiB""},{""name"":""lab-api"",""cpu"":""0.00%"",""mem"":""144.4MiB / 122.8GiB""},{""name"":""lab-allegro-stub"",""cpu"":""0.01%"",""mem"":""21.03MiB / 122.8GiB""},{""name"":""lab-erli-stub"",""cpu"":""0.00%"",""mem"":""18.05MiB / 122.8GiB""},{""name"":""lab-eparagony-stub"",""cpu"":""0.00%"",""mem"":""20.37MiB / 122.8GiB""},{""name"":""lab-invoicing-stub"",""cpu"":""0.01%"",""mem"":""16.6MiB / 122.8GiB""},{""name"":""lab-shipping-stub"",""cpu"":""0.01%"",""mem"":""16.58MiB / 122.8GiB""},{""name"":""lab-eparagony-stub-tls"",""cpu"":""0.00%"",""mem"":""23.3MiB / 122.8GiB""},{""name"":""lab-erli-stub-tls"",""cpu"":""0.00%"",""mem"":""22.67MiB / 122.8GiB""},{""name"":""lab-wc-tls"",""cpu"":""0.00%"",""mem"":""29.51MiB / 122.8GiB""},{""name"":""lab-prestashop"",""cpu"":""37.14%"",""mem"":""175.5MiB / 122.8GiB""},{""name"":""lab-woocommerce"",""cpu"":""0.01%"",""mem"":""294.6MiB / 122.8GiB""},{""name"":""lab-redis"",""cpu"":""0.27%"",""mem"":""79.63MiB / 122.8GiB""},{""name"":""lab-postgres"",""cpu"":""63.59%"",""mem"":""235.9MiB / 122.8GiB""},{""name"":""lab-mysql"",""cpu"":""48.06%"",""mem"":""724.4MiB / 122.8GiB""},{""name"":""lab-woocommerce-mysql"",""cpu"":""0.62%"",""mem"":""511.8MiB / 122.8GiB""}]"
2026-09-10T13:40:56Z,3,0,0,47,0,2668680883,"[{""name"":""lab-worker-1"",""cpu"":""0.48%"",""mem"":""100.5MiB / 122.8GiB""},{""name"":""lab-api"",""cpu"":""0.00%"",""mem"":""144.4MiB / 122.8GiB""},{""name"":""lab-allegro-stub"",""cpu"":""0.01%"",""mem"":""21.03MiB / 122.8GiB""},{""name"":""lab-erli-stub"",""cpu"":""0.00%"",""mem"":""18.05MiB / 122.8GiB""},{""name"":""lab-eparagony-stub"",""cpu"":""3.89%"",""mem"":""20.41MiB / 122.8GiB""},{""name"":""lab-invoicing-stub"",""cpu"":""0.01%"",""mem"":""16.6MiB / 122.8GiB""},{""name"":""lab-shipping-stub"",""cpu"":""0.01%"",""mem"":""16.58MiB / 122.8GiB""},{""name"":""lab-eparagony-stub-tls"",""cpu"":""0.00%"",""mem"":""23.3MiB / 122.8GiB""},{""name"":""lab-erli-stub-tls"",""cpu"":""0.00%"",""mem"":""22.67MiB / 122.8GiB""},{""name"":""lab-wc-tls"",""cpu"":""0.00%"",""mem"":""29.51MiB / 122.8GiB""},{""name"":""lab-prestashop"",""cpu"":""36.37%"",""mem"":""183.6MiB / 122.8GiB""},{""name"":""lab-woocommerce"",""cpu"":""0.00%"",""mem"":""294.6MiB / 122.8GiB""},{""name"":""lab-redis"",""cpu"":""0.28%"",""mem"":""79.63MiB / 122.8GiB""},{""name"":""lab-postgres"",""cpu"":""57.26%"",""mem"":""235.9MiB / 122.8GiB""},{""name"":""lab-mysql"",""cpu"":""45.33%"",""mem"":""724.6MiB / 122.8GiB""},{""name"":""lab-woocommerce-mysql"",""cpu"":""5.57%"",""mem"":""511.9MiB / 122.8GiB""}]"
2026-09-10T13:40:59Z,3,0,0,47,0,2668680883,"[{""name"":""lab-worker-1"",""cpu"":""0.30%"",""mem"":""100.5MiB / 122.8GiB""},{""name"":""lab-api"",""cpu"":""0.00%"",""mem"":""144.4MiB / 122.8GiB""},{""name"":""lab-allegro-stub"",""cpu"":""0.00%"",""mem"":""21.04MiB / 122.8GiB""},{""name"":""lab-erli-stub"",""cpu"":""0.00%"",""mem"":""18.05MiB / 122.8GiB""},{""name"":""lab-eparagony-stub"",""cpu"":""0.00%"",""mem"":""20.38MiB / 122.8GiB""},{""name"":""lab-invoicing-stub"",""cpu"":""0.00%"",""mem"":""16.6MiB / 122.8GiB""},{""name"":""lab-shipping-stub"",""cpu"":""0.00%"",""mem"":""16.58MiB / 122.8GiB""},{""name"":""lab-eparagony-stub-tls"",""cpu"":""0.00%"",""mem"":""23.3MiB / 122.8GiB""},{""name"":""lab-erli-stub-tls"",""cpu"":""0.00%"",""mem"":""22.67MiB / 122.8GiB""},{""name"":""lab-wc-tls"",""cpu"":""0.00%"",""mem"":""29.51MiB / 122.8GiB""},{""name"":""lab-prestashop"",""cpu"":""35.73%"",""mem"":""183.6MiB / 122.8GiB""},{""name"":""lab-woocommerce"",""cpu"":""0.00%"",""mem"":""294.6MiB / 122.8GiB""},{""name"":""lab-redis"",""cpu"":""0.28%"",""mem"":""79.88MiB / 122.8GiB""},{""name"":""lab-postgres"",""cpu"":""59.39%"",""mem"":""235.9MiB / 122.8GiB""},{""name"":""lab-mysql"",""cpu"":""44.87%"",""mem"":""724.4MiB / 122.8GiB""},{""name"":""lab-woocommerce-mysql"",""cpu"":""0.67%"",""mem"":""511.8MiB / 122.8GiB""}]"
2026-09-10T13:41:03Z,3,0,0,47,0,2668680883,"[{""name"":""lab-worker-1"",""cpu"":""32.81%"",""mem"":""103.7MiB / 122.8GiB""},{""name"":""lab-api"",""cpu"":""0.01%"",""mem"":""144.4MiB / 122.8GiB""},{""name"":""lab-allegro-stub"",""cpu"":""3.13%"",""mem"":""21.05MiB / 122.8GiB""},{""name"":""lab-erli-stub"",""cpu"":""0.01%"",""mem"":""18.05MiB / 122.8GiB""},{""name"":""lab-eparagony-stub"",""cpu"":""0.01%"",""mem"":""20.37MiB / 122.8GiB""},{""name"":""lab-invoicing-stub"",""cpu"":""3.31%"",""mem"":""16.61MiB / 122.8GiB""},{""name"":""lab-shipping-stub"",""cpu"":""2.84%"",""mem"":""16.6MiB / 122.8GiB""},{""name"":""lab-eparagony-stub-tls"",""cpu"":""0.00%"",""mem"":""23.3MiB / 122.8GiB""},{""name"":""lab-erli-stub-tls"",""cpu"":""0.00%"",""mem"":""22.67MiB / 122.8GiB""},{""name"":""lab-wc-tls"",""cpu"":""0.00%"",""mem"":""29.51MiB / 122.8GiB""},{""name"":""lab-prestashop"",""cpu"":""10.21%"",""mem"":""183.6MiB / 122.8GiB""},{""name"":""lab-woocommerce"",""cpu"":""0.00%"",""mem"":""294.6MiB / 122.8GiB""},{""name"":""lab-redis"",""cpu"":""2.68%"",""mem"":""79.68MiB / 122.8GiB""},{""name"":""lab-postgres"",""cpu"":""72.51%"",""mem"":""240.7MiB / 122.8GiB""},{""name"":""lab-mysql"",""cpu"":""14.05%"",""mem"":""724.6MiB / 122.8GiB""},{""name"":""lab-woocommerce-mysql"",""cpu"":""0.69%"",""mem"":""511.8MiB / 122.8GiB""}]"
2026-09-10T13:41:06Z,4,98,2,47,0,2668680883,"[{""name"":""lab-worker-1"",""cpu"":""7.87%"",""mem"":""103.5MiB / 122.8GiB""},{""name"":""lab-api"",""cpu"":""0.00%"",""mem"":""144.4MiB / 122.8GiB""},{""name"":""lab-allegro-stub"",""cpu"":""0.00%"",""mem"":""21.03MiB / 122.8GiB""},{""name"":""lab-erli-stub"",""cpu"":""0.00%"",""mem"":""18.05MiB / 122.8GiB""},{""name"":""lab-eparagony-stub"",""cpu"":""0.00%"",""mem"":""20.37MiB / 122.8GiB""},{""name"":""lab-invoicing-stub"",""cpu"":""0.00%"",""mem"":""16.6MiB / 122.8GiB""},{""name"":""lab-shipping-stub"",""cpu"":""0.00%"",""mem"":""16.58MiB / 122.8GiB""},{""name"":""lab-eparagony-stub-tls"",""cpu"":""0.00%"",""mem"":""23.3MiB / 122.8GiB""},{""name"":""lab-erli-stub-tls"",""cpu"":""0.00%"",""mem"":""22.67MiB / 122.8GiB""},{""name"":""lab-wc-tls"",""cpu"":""0.00%"",""mem"":""29.51MiB / 122.8GiB""},{""name"":""lab-prestashop"",""cpu"":""7.51%"",""mem"":""183.6MiB / 122.8GiB""},{""name"":""lab-woocommerce"",""cpu"":""0.00%"",""mem"":""294.6MiB / 122.8GiB""},{""name"":""lab-redis"",""cpu"":""0.73%"",""mem"":""79.68MiB / 122.8GiB""},{""name"":""lab-postgres"",""cpu"":""60.18%"",""mem"":""241.3MiB / 122.8GiB""},{""name"":""lab-mysql"",""cpu"":""7.49%"",""mem"":""724.4MiB / 122.8GiB""},{""name"":""lab-woocommerce-mysql"",""cpu"":""0.75%"",""mem"":""511.8MiB / 122.8GiB""}]"
2026-09-10T13:41:09Z,3,96,2,47,2,2668680883,"[{""name"":""lab-worker-1"",""cpu"":""4.93%"",""mem"":""103.6MiB / 122.8GiB""},{""name"":""lab-api"",""cpu"":""0.00%"",""mem"":""144.4MiB / 122.8GiB""},{""name"":""lab-allegro-stub"",""cpu"":""0.00%"",""mem"":""21.03MiB / 122.8GiB""},{""name"":""lab-erli-stub"",""cpu"":""0.00%"",""mem"":""18.05MiB / 122.8GiB""},{""name"":""lab-eparagony-stub"",""cpu"":""0.00%"",""mem"":""20.37MiB / 122.8GiB""},{""name"":""lab-invoicing-stub"",""cpu"":""0.00%"",""mem"":""16.6MiB / 122.8GiB""},{""name"":""lab-shipping-stub"",""cpu"":""0.00%"",""mem"":""16.58MiB / 122.8GiB""},{""name"":""lab-eparagony-stub-tls"",""cpu"":""0.00%"",""mem"":""23.3MiB / 122.8GiB""},{""name"":""lab-erli-stub-tls"",""cpu"":""0.00%"",""mem"":""22.67MiB / 122.8GiB""},{""name"":""lab-wc-tls"",""cpu"":""0.00%"",""mem"":""29.51MiB / 122.8GiB""},{""name"":""lab-prestashop"",""cpu"":""7.43%"",""mem"":""183.6MiB / 122.8GiB""},{""name"":""lab-woocommerce"",""cpu"":""0.00%"",""mem"":""294.6MiB / 122.8GiB""},{""name"":""lab-redis"",""cpu"":""0.73%"",""mem"":""79.93MiB / 122.8GiB""},{""name"":""lab-postgres"",""cpu"":""63.24%"",""mem"":""241.3MiB / 122.8GiB""},{""name"":""lab-mysql"",""cpu"":""8.42%"",""mem"":""724.4MiB / 122.8GiB""},{""name"":""lab-woocommerce-mysql"",""cpu"":""0.69%"",""mem"":""511.8MiB / 122.8GiB""}]"
2026-09-10T13:41:12Z,3,94,2,47,4,2668680883,"[{""name"":""lab-worker-1"",""cpu"":""6.33%"",""mem"":""105.3MiB / 122.8GiB""},{""name"":""lab-api"",""cpu"":""0.47%"",""mem"":""144.4MiB / 122.8GiB""},{""name"":""lab-allegro-stub"",""cpu"":""0.00%"",""mem"":""21.03MiB / 122.8GiB""},{""name"":""lab-erli-stub"",""cpu"":""3.86%"",""mem"":""18.11MiB / 122.8GiB""},{""name"":""lab-eparagony-stub"",""cpu"":""4.03%"",""mem"":""20.37MiB / 122.8GiB""},{""name"":""lab-invoicing-stub"",""cpu"":""0.00%"",""mem"":""16.6MiB / 122.8GiB""},{""name"":""lab-shipping-stub"",""cpu"":""0.00%"",""mem"":""16.58MiB / 122.8GiB""},{""name"":""lab-eparagony-stub-tls"",""cpu"":""0.00%"",""mem"":""23.3MiB / 122.8GiB""},{""name"":""lab-erli-stub-tls"",""cpu"":""0.00%"",""mem"":""22.67MiB / 122.8GiB""},{""name"":""lab-wc-tls"",""cpu"":""0.00%"",""mem"":""29.51MiB / 122.8GiB""},{""name"":""lab-prestashop"",""cpu"":""8.82%"",""mem"":""177.6MiB / 122.8GiB""},{""name"":""lab-woocommerce"",""cpu"":""15.63%"",""mem"":""294.6MiB / 122.8GiB""},{""name"":""lab-redis"",""cpu"":""1.13%"",""mem"":""79.68MiB / 122.8GiB""},{""name"":""lab-postgres"",""cpu"":""61.74%"",""mem"":""241.3MiB / 122.8GiB""},{""name"":""lab-mysql"",""cpu"":""9.23%"",""mem"":""724.6MiB / 122.8GiB""},{""name"":""lab-woocommerce-mysql"",""cpu"":""1.86%"",""mem"":""511.8MiB / 122.8GiB""}]"
2026-09-10T13:41:15Z,3,192,1,47,7,2668680883,"[{""name"":""lab-worker-1"",""cpu"":""9.41%"",""mem"":""106.9MiB / 122.8GiB""},{""name"":""lab-api"",""cpu"":""0.00%"",""mem"":""144.4MiB / 122.8GiB""},{""name"":""lab-allegro-stub"",""cpu"":""0.00%"",""mem"":""21.03MiB / 122.8GiB""},{""name"":""lab-erli-stub"",""cpu"":""0.00%"",""mem"":""18.05MiB / 122.8GiB""},{""name"":""lab-eparagony-stub"",""cpu"":""0.00%"",""mem"":""20.37MiB / 122.8GiB""},{""name"":""lab-invoicing-stub"",""cpu"":""0.00%"",""mem"":""16.6MiB / 122.8GiB""},{""name"":""lab-shipping-stub"",""cpu"":""0.00%"",""mem"":""16.58MiB / 122.8GiB""},{""name"":""lab-eparagony-stub-tls"",""cpu"":""0.00%"",""mem"":""23.3MiB / 122.8GiB""},{""name"":""lab-erli-stub-tls"",""cpu"":""0.00%"",""mem"":""22.67MiB / 122.8GiB""},{""name"":""lab-wc-tls"",""cpu"":""0.00%"",""mem"":""29.51MiB / 122.8GiB""},{""name"":""lab-prestashop"",""cpu"":""8.36%"",""mem"":""177.6MiB / 122.8GiB""},{""name"":""lab-woocommerce"",""cpu"":""0.01%"",""mem"":""294.6MiB / 122.8GiB""},{""name"":""lab-redis"",""cpu"":""0.68%"",""mem"":""79.72MiB / 122.8GiB""},{""name"":""lab-postgres"",""cpu"":""60.45%"",""mem"":""239.1MiB / 122.8GiB""},{""name"":""lab-mysql"",""cpu"":""7.71%"",""mem"":""724.4MiB / 122.8GiB""},{""name"":""lab-woocommerce-mysql"",""cpu"":""0.76%"",""mem"":""511.8MiB / 122.8GiB""}]"
2026-09-10T13:41:18Z,3,189,2,47,9,2668680883,"[{""name"":""lab-worker-1"",""cpu"":""3.28%"",""mem"":""107MiB / 122.8GiB""},{""name"":""lab-api"",""cpu"":""0.01%"",""mem"":""144.4MiB / 122.8GiB""},{""name"":""lab-allegro-stub"",""cpu"":""4.09%"",""mem"":""21.03MiB / 122.8GiB""},{""name"":""lab-erli-stub"",""cpu"":""0.01%"",""mem"":""18.05MiB / 122.8GiB""},{""name"":""lab-eparagony-stub"",""cpu"":""0.00%"",""mem"":""20.37MiB / 122.8GiB""},{""name"":""lab-invoicing-stub"",""cpu"":""3.95%"",""mem"":""16.6MiB / 122.8GiB""},{""name"":""lab-shipping-stub"",""cpu"":""4.33%"",""mem"":""16.58MiB / 122.8GiB""},{""name"":""lab-eparagony-stub-tls"",""cpu"":""0.00%"",""mem"":""23.3MiB / 122.8GiB""},{""name"":""lab-erli-stub-tls"",""cpu"":""0.00%"",""mem"":""22.67MiB / 122.8GiB""},{""name"":""lab-wc-tls"",""cpu"":""0.00%"",""mem"":""29.51MiB / 122.8GiB""},{""name"":""lab-prestashop"",""cpu"":""8.68%"",""mem"":""177.6MiB / 122.8GiB""},{""name"":""lab-woocommerce"",""cpu"":""0.00%"",""mem"":""294.6MiB / 122.8GiB""},{""name"":""lab-redis"",""cpu"":""0.72%"",""mem"":""79.72MiB / 122.8GiB""},{""name"":""lab-postgres"",""cpu"":""57.11%"",""mem"":""239.1MiB / 122.8GiB""},{""name"":""lab-mysql"",""cpu"":""7.26%"",""mem"":""724.4MiB / 122.8GiB""},{""name"":""lab-woocommerce-mysql"",""cpu"":""0.81%"",""mem"":""511.8MiB / 122.8GiB""}]"
2026-09-10T13:41:21Z,3,187,2,47,11,2668680883,"[{""name"":""lab-worker-1"",""cpu"":""6.53%"",""mem"":""106.9MiB / 122.8GiB""},{""name"":""lab-api"",""cpu"":""0.46%"",""mem"":""144.4MiB / 122.8GiB""},{""name"":""lab-allegro-stub"",""cpu"":""0.00%"",""mem"":""21.03MiB / 122.8GiB""},{""name"":""lab-erli-stub"",""cpu"":""0.00%"",""mem"":""18.05MiB / 122.8GiB""},{""name"":""lab-eparagony-stub"",""cpu"":""3.95%"",""mem"":""20.61MiB / 122.8GiB""},{""name"":""lab-invoicing-stub"",""cpu"":""0.00%"",""mem"":""16.6MiB / 122.8GiB""},{""name"":""lab-shipping-stub"",""cpu"":""0.00%"",""mem"":""16.58MiB / 122.8GiB""},{""name"":""lab-eparagony-stub-tls"",""cpu"":""0.00%"",""mem"":""23.3MiB / 122.8GiB""},{""name"":""lab-erli-stub-tls"",""cpu"":""0.00%"",""mem"":""22.67MiB / 122.8GiB""},{""name"":""lab-wc-tls"",""cpu"":""0.00%"",""mem"":""29.51MiB / 122.8GiB""},{""name"":""lab-prestashop"",""cpu"":""9.30%"",""mem"":""177.6MiB / 122.8GiB""},{""name"":""lab-woocommerce"",""cpu"":""0.01%"",""mem"":""294.6MiB / 122.8GiB""},{""name"":""lab-redis"",""cpu"":""5.03%"",""mem"":""79.79MiB / 122.8GiB""},{""name"":""lab-postgres"",""cpu"":""59.73%"",""mem"":""241.7MiB / 122.8GiB""},{""name"":""lab-mysql"",""cpu"":""7.48%"",""mem"":""724.4MiB / 122.8GiB""},{""name"":""lab-woocommerce-mysql"",""cpu"":""0.75%"",""mem"":""511.8MiB / 122.8GiB""}]"
2026-09-10T13:41:24Z,3,185,3,47,13,2668680883,"[{""name"":""lab-worker-1"",""cpu"":""13.63%"",""mem"":""107.7MiB / 122.8GiB""},{""name"":""lab-api"",""cpu"":""0.00%"",""mem"":""144.4MiB / 122.8GiB""},{""name"":""lab-allegro-stub"",""cpu"":""0.00%"",""mem"":""21.03MiB / 122.8GiB""},{""name"":""lab-erli-stub"",""cpu"":""0.00%"",""mem"":""18.05MiB / 122.8GiB""},{""name"":""lab-eparagony-stub"",""cpu"":""0.00%"",""mem"":""20.37MiB / 122.8GiB""},{""name"":""lab-invoicing-stub"",""cpu"":""0.00%"",""mem"":""16.6MiB / 122.8GiB""},{""name"":""lab-shipping-stub"",""cpu"":""0.00%"",""mem"":""16.58MiB / 122.8GiB""},{""name"":""lab-eparagony-stub-tls"",""cpu"":""0.00%"",""mem"":""23.3MiB / 122.8GiB""},{""name"":""lab-erli-stub-tls"",""cpu"":""0.00%"",""mem"":""22.67MiB / 122.8GiB""},{""name"":""lab-wc-tls"",""cpu"":""0.00%"",""mem"":""29.51MiB / 122.8GiB""},{""name"":""lab-prestashop"",""cpu"":""13.23%"",""mem"":""177.6MiB / 122.8GiB""},{""name"":""lab-woocommerce"",""cpu"":""0.00%"",""mem"":""294.6MiB / 122.8GiB""},{""name"":""lab-redis"",""cpu"":""3.29%"",""mem"":""79.78MiB / 122.8GiB""},{""name"":""lab-postgres"",""cpu"":""64.68%"",""mem"":""242.2MiB / 122.8GiB""},{""name"":""lab-mysql"",""cpu"":""15.35%"",""mem"":""724.4MiB / 122.8GiB""},{""name"":""lab-woocommerce-mysql"",""cpu"":""0.74%"",""mem"":""511.8MiB / 122.8GiB""}]"
2026-09-10T13:41:27Z,3,284,1,47,15,2668689075,"[{""name"":""lab-worker-1"",""cpu"":""6.98%"",""mem"":""108.1MiB / 122.8GiB""},{""name"":""lab-api"",""cpu"":""0.01%"",""mem"":""144.4MiB / 122.8GiB""},{""name"":""lab-allegro-stub"",""cpu"":""4.58%"",""mem"":""21.07MiB / 122.8GiB""},{""name"":""lab-erli-stub"",""cpu"":""3.35%"",""mem"":""18.05MiB / 122.8GiB""},{""name"":""lab-eparagony-stub"",""cpu"":""0.02%"",""mem"":""20.37MiB / 122.8GiB""},{""name"":""lab-invoicing-stub"",""cpu"":""4.53%"",""mem"":""16.62MiB / 122.8GiB""},{""name"":""lab-shipping-stub"",""cpu"":""3.42%"",""mem"":""16.71MiB / 122.8GiB""},{""name"":""lab-eparagony-stub-tls"",""cpu"":""0.00%"",""mem"":""23.3MiB / 122.8GiB""},{""name"":""lab-erli-stub-tls"",""cpu"":""0.00%"",""mem"":""22.67MiB / 122.8GiB""},{""name"":""lab-wc-tls"",""cpu"":""0.00%"",""mem"":""29.51MiB / 122.8GiB""},{""name"":""lab-prestashop"",""cpu"":""7.33%"",""mem"":""177.6MiB / 122.8GiB""},{""name"":""lab-woocommerce"",""cpu"":""0.00%"",""mem"":""294.6MiB / 122.8GiB""},{""name"":""lab-redis"",""cpu"":""0.70%"",""mem"":""79.79MiB / 122.8GiB""},{""name"":""lab-postgres"",""cpu"":""62.01%"",""mem"":""241.7MiB / 122.8GiB""},{""name"":""lab-mysql"",""cpu"":""6.99%"",""mem"":""724.4MiB / 122.8GiB""},{""name"":""lab-woocommerce-mysql"",""cpu"":""0.72%"",""mem"":""511.8MiB / 122.8GiB""}]"
2026-09-10T13:41:31Z,3,281,2,47,17,2668689075,"[{""name"":""lab-worker-1"",""cpu"":""4.80%"",""mem"":""111MiB / 122.8GiB""},{""name"":""lab-api"",""cpu"":""0.00%"",""mem"":""144.4MiB / 122.8GiB""},{""name"":""lab-allegro-stub"",""cpu"":""0.00%"",""mem"":""21.03MiB / 122.8GiB""},{""name"":""lab-erli-stub"",""cpu"":""0.00%"",""mem"":""18.05MiB / 122.8GiB""},{""name"":""lab-eparagony-stub"",""cpu"":""0.00%"",""mem"":""20.37MiB / 122.8GiB""},{""name"":""lab-invoicing-stub"",""cpu"":""0.00%"",""mem"":""16.6MiB / 122.8GiB""},{""name"":""lab-shipping-stub"",""cpu"":""0.00%"",""mem"":""16.58MiB / 122.8GiB""},{""name"":""lab-eparagony-stub-tls"",""cpu"":""0.00%"",""mem"":""23.3MiB / 122.8GiB""},{""name"":""lab-erli-stub-tls"",""cpu"":""0.00%"",""mem"":""22.67MiB / 122.8GiB""},{""name"":""lab-wc-tls"",""cpu"":""0.00%"",""mem"":""29.51MiB / 122.8GiB""},{""name"":""lab-prestashop"",""cpu"":""8.09%"",""mem"":""177.6MiB / 122.8GiB""},{""name"":""lab-woocommerce"",""cpu"":""0.00%"",""mem"":""294.6MiB / 122.8GiB""},{""name"":""lab-redis"",""cpu"":""0.80%"",""mem"":""79.79MiB / 122.8GiB""},{""name"":""lab-postgres"",""cpu"":""60.75%"",""mem"":""241.8MiB / 122.8GiB""},{""name"":""lab-mysql"",""cpu"":""8.01%"",""mem"":""724.4MiB / 122.8GiB""},{""name"":""lab-woocommerce-mysql"",""cpu"":""0.78%"",""mem"":""511.8MiB / 122.8GiB""}]"
2026-09-10T13:41:34Z,4,280,2,47,19,2668697267,"[{""name"":""lab-worker-1"",""cpu"":""43.10%"",""mem"":""114.4MiB / 122.8GiB""},{""name"":""lab-api"",""cpu"":""0.00%"",""mem"":""144.6MiB / 122.8GiB""},{""name"":""lab-allegro-stub"",""cpu"":""0.00%"",""mem"":""21.03MiB / 122.8GiB""},{""name"":""lab-erli-stub"",""cpu"":""0.00%"",""mem"":""18.05MiB / 122.8GiB""},{""name"":""lab-eparagony-stub"",""cpu"":""0.00%"",""mem"":""20.37MiB / 122.8GiB""},{""name"":""lab-invoicing-stub"",""cpu"":""0.00%"",""mem"":""16.6MiB / 122.8GiB""},{""name"":""lab-shipping-stub"",""cpu"":""0.00%"",""mem"":""16.58MiB / 122.8GiB""},{""name"":""lab-eparagony-stub-tls"",""cpu"":""0.00%"",""mem"":""23.3MiB / 122.8GiB""},{""name"":""lab-erli-stub-tls"",""cpu"":""0.00%"",""mem"":""22.67MiB / 122.8GiB""},{""name"":""lab-wc-tls"",""cpu"":""0.00%"",""mem"":""29.51MiB / 122.8GiB""},{""name"":""lab-prestashop"",""cpu"":""11.66%"",""mem"":""177.6MiB / 122.8GiB""},{""name"":""lab-woocommerce"",""cpu"":""0.01%"",""mem"":""294.6MiB / 122.8GiB""},{""name"":""lab-redis"",""cpu"":""2.82%"",""mem"":""79.83MiB / 122.8GiB""},{""name"":""lab-postgres"",""cpu"":""71.97%"",""mem"":""241.8MiB / 122.8GiB""},{""name"":""lab-mysql"",""cpu"":""18.93%"",""mem"":""724.4MiB / 122.8GiB""},{""name"":""lab-woocommerce-mysql"",""cpu"":""0.63%"",""mem"":""511.8MiB / 122.8GiB""}]"
2026-09-10T13:41:37Z,3,379,1,47,20,2668705459,"[{""name"":""lab-worker-1"",""cpu"":""4.01%"",""mem"":""114.3MiB / 122.8GiB""},{""name"":""lab-api"",""cpu"":""0.00%"",""mem"":""144.6MiB / 122.8GiB""},{""name"":""lab-allegro-stub"",""cpu"":""0.00%"",""mem"":""21.03MiB / 122.8GiB""},{""name"":""lab-erli-stub"",""cpu"":""4.02%"",""mem"":""18.43MiB / 122.8GiB""},{""name"":""lab-eparagony-stub"",""cpu"":""4.31%"",""mem"":""20.37MiB / 122.8GiB""},{""name"":""lab-invoicing-stub"",""cpu"":""0.00%"",""mem"":""16.6MiB / 122.8GiB""},{""name"":""lab-shipping-stub"",""cpu"":""0.00%"",""mem"":""16.58MiB / 122.8GiB""},{""name"":""lab-eparagony-stub-tls"",""cpu"":""0.00%"",""mem"":""23.3MiB / 122.8GiB""},{""name"":""lab-erli-stub-tls"",""cpu"":""0.00%"",""mem"":""22.67MiB / 122.8GiB""},{""name"":""lab-wc-tls"",""cpu"":""0.00%"",""mem"":""29.51MiB / 122.8GiB""},{""name"":""lab-prestashop"",""cpu"":""7.88%"",""mem"":""177.6MiB / 122.8GiB""},{""name"":""lab-woocommerce"",""cpu"":""0.01%"",""mem"":""294.6MiB / 122.8GiB""},{""name"":""lab-redis"",""cpu"":""0.64%"",""mem"":""80.08MiB / 122.8GiB""},{""name"":""lab-postgres"",""cpu"":""61.31%"",""mem"":""241.8MiB / 122.8GiB""},{""name"":""lab-mysql"",""cpu"":""7.04%"",""mem"":""724.6MiB / 122.8GiB""},{""name"":""lab-woocommerce-mysql"",""cpu"":""5.73%"",""mem"":""511.8MiB / 122.8GiB""}]"
2026-09-10T13:41:40Z,3,378,2,47,19,2668705459,"[{""name"":""lab-worker-1"",""cpu"":""15.15%"",""mem"":""115.8MiB / 122.8GiB""},{""name"":""lab-api"",""cpu"":""0.00%"",""mem"":""144.6MiB / 122.8GiB""},{""name"":""lab-allegro-stub"",""cpu"":""0.00%"",""mem"":""21.03MiB / 122.8GiB""},{""name"":""lab-erli-stub"",""cpu"":""0.00%"",""mem"":""18.05MiB / 122.8GiB""},{""name"":""lab-eparagony-stub"",""cpu"":""0.00%"",""mem"":""20.37MiB / 122.8GiB""},{""name"":""lab-invoicing-stub"",""cpu"":""0.00%"",""mem"":""16.6MiB / 122.8GiB""},{""name"":""lab-shipping-stub"",""cpu"":""0.00%"",""mem"":""16.58MiB / 122.8GiB""},{""name"":""lab-eparagony-stub-tls"",""cpu"":""0.00%"",""mem"":""23.3MiB / 122.8GiB""},{""name"":""lab-erli-stub-tls"",""cpu"":""0.00%"",""mem"":""22.67MiB / 122.8GiB""},{""name"":""lab-wc-tls"",""cpu"":""0.00%"",""mem"":""29.51MiB / 122.8GiB""},{""name"":""lab-prestashop"",""cpu"":""8.22%"",""mem"":""177.6MiB / 122.8GiB""},{""name"":""lab-woocommerce"",""cpu"":""0.01%"",""mem"":""294.6MiB / 122.8GiB""},{""name"":""lab-redis"",""cpu"":""0.67%"",""mem"":""79.84MiB / 122.8GiB""},{""name"":""lab-postgres"",""cpu"":""63.71%"",""mem"":""241.8MiB / 122.8GiB""},{""name"":""lab-mysql"",""cpu"":""7.08%"",""mem"":""724.4MiB / 122.8GiB""},{""name"":""lab-woocommerce-mysql"",""cpu"":""0.76%"",""mem"":""511.8MiB / 122.8GiB""}]"
2026-09-10T13:41:43Z,3,379,2,47,19,2668705459,"[{""name"":""lab-worker-1"",""cpu"":""6.99%"",""mem"":""114.5MiB / 122.8GiB""},{""name"":""lab-api"",""cpu"":""0.00%"",""mem"":""144.6MiB / 122.8GiB""},{""name"":""lab-allegro-stub"",""cpu"":""4.61%"",""mem"":""21.03MiB / 122.8GiB""},{""name"":""lab-erli-stub"",""cpu"":""0.01%"",""mem"":""18.05MiB / 122.8GiB""},{""name"":""lab-eparagony-stub"",""cpu"":""0.00%"",""mem"":""20.37MiB / 122.8GiB""},{""name"":""lab-invoicing-stub"",""cpu"":""2.77%"",""mem"":""16.6MiB / 122.8GiB""},{""name"":""lab-shipping-stub"",""cpu"":""4.03%"",""mem"":""16.58MiB / 122.8GiB""},{""name"":""lab-eparagony-stub-tls"",""cpu"":""0.00%"",""mem"":""23.3MiB / 122.8GiB""},{""name"":""lab-erli-stub-tls"",""cpu"":""0.00%"",""mem"":""22.67MiB / 122.8GiB""},{""name"":""lab-wc-tls"",""cpu"":""0.00%"",""mem"":""29.51MiB / 122.8GiB""},{""name"":""lab-prestashop"",""cpu"":""9.74%"",""mem"":""171.6MiB / 122.8GiB""},{""name"":""lab-woocommerce"",""cpu"":""0.01%"",""mem"":""294.6MiB / 122.8GiB""},{""name"":""lab-redis"",""cpu"":""0.75%"",""mem"":""80.09MiB / 122.8GiB""},{""name"":""lab-postgres"",""cpu"":""63.78%"",""mem"":""241.8MiB / 122.8GiB""},{""name"":""lab-mysql"",""cpu"":""10.27%"",""mem"":""724.4MiB / 122.8GiB""},{""name"":""lab-woocommerce-mysql"",""cpu"":""1.15%"",""mem"":""511.8MiB / 122.8GiB""}]"
2026-09-10T13:41:46Z,3,479,2,47,19,2668705459,"[{""name"":""lab-worker-1"",""cpu"":""4.92%"",""mem"":""115.4MiB / 122.8GiB""},{""name"":""lab-api"",""cpu"":""0.00%"",""mem"":""144.6MiB / 122.8GiB""},{""name"":""lab-allegro-stub"",""cpu"":""0.00%"",""mem"":""21.03MiB / 122.8GiB""},{""name"":""lab-erli-stub"",""cpu"":""0.00%"",""mem"":""18.05MiB / 122.8GiB""},{""name"":""lab-eparagony-stub"",""cpu"":""0.00%"",""mem"":""20.37MiB / 122.8GiB""},{""name"":""lab-invoicing-stub"",""cpu"":""0.00%"",""mem"":""16.6MiB / 122.8GiB""},{""name"":""lab-shipping-stub"",""cpu"":""0.00%"",""mem"":""16.58MiB / 122.8GiB""},{""name"":""lab-eparagony-stub-tls"",""cpu"":""0.00%"",""mem"":""23.3MiB / 122.8GiB""},{""name"":""lab-erli-stub-tls"",""cpu"":""0.00%"",""mem"":""22.67MiB / 122.8GiB""},{""name"":""lab-wc-tls"",""cpu"":""0.00%"",""mem"":""29.51MiB / 122.8GiB""},{""name"":""lab-prestashop"",""cpu"":""8.13%"",""mem"":""171.6MiB / 122.8GiB""},{""name"":""lab-woocommerce"",""cpu"":""0.00%"",""mem"":""294.6MiB / 122.8GiB""},{""name"":""lab-redis"",""cpu"":""0.61%"",""mem"":""79.89MiB / 122.8GiB""},{""name"":""lab-postgres"",""cpu"":""62.30%"",""mem"":""241.8MiB / 122.8GiB""},{""name"":""lab-mysql"",""cpu"":""7.11%"",""mem"":""724.4MiB / 122.8GiB""},{""name"":""lab-woocommerce-mysql"",""cpu"":""0.77%"",""mem"":""511.8MiB / 122.8GiB""}]"
2026-09-10T13:41:49Z,3,478,2,47,20,2668705459,"[{""name"":""lab-worker-1"",""cpu"":""4.00%"",""mem"":""115.2MiB / 122.8GiB""},{""name"":""lab-api"",""cpu"":""0.00%"",""mem"":""144.6MiB / 122.8GiB""},{""name"":""lab-allegro-stub"",""cpu"":""0.01%"",""mem"":""21.03MiB / 122.8GiB""},{""name"":""lab-erli-stub"",""cpu"":""0.00%"",""mem"":""18.05MiB / 122.8GiB""},{""name"":""lab-eparagony-stub"",""cpu"":""0.00%"",""mem"":""20.37MiB / 122.8GiB""},{""name"":""lab-invoicing-stub"",""cpu"":""0.00%"",""mem"":""16.6MiB / 122.8GiB""},{""name"":""lab-shipping-stub"",""cpu"":""0.00%"",""mem"":""16.58MiB / 122.8GiB""},{""name"":""lab-eparagony-stub-tls"",""cpu"":""0.00%"",""mem"":""23.3MiB / 122.8GiB""},{""name"":""lab-erli-stub-tls"",""cpu"":""0.00%"",""mem"":""22.67MiB / 122.8GiB""},{""name"":""lab-wc-tls"",""cpu"":""0.00%"",""mem"":""29.51MiB / 122.8GiB""},{""name"":""lab-prestashop"",""cpu"":""8.85%"",""mem"":""171.8MiB / 122.8GiB""},{""name"":""lab-woocommerce"",""cpu"":""0.00%"",""mem"":""294.6MiB / 122.8GiB""},{""name"":""lab-redis"",""cpu"":""0.78%"",""mem"":""79.89MiB / 122.8GiB""},{""name"":""lab-postgres"",""cpu"":""63.46%"",""mem"":""241.8MiB / 122.8GiB""},{""name"":""lab-mysql"",""cpu"":""8.06%"",""mem"":""724.6MiB / 122.8GiB""},{""name"":""lab-woocommerce-mysql"",""cpu"":""0.72%"",""mem"":""511.8MiB / 122.8GiB""}]"
2026-09-10T13:41:52Z,3,478,1,47,21,2668705459,"[{""name"":""lab-worker-1"",""cpu"":""8.14%"",""mem"":""115.5MiB / 122.8GiB""},{""name"":""lab-api"",""cpu"":""0.01%"",""mem"":""144.6MiB / 122.8GiB""},{""name"":""lab-allegro-stub"",""cpu"":""0.00%"",""mem"":""21.03MiB / 122.8GiB""},{""name"":""lab-erli-stub"",""cpu"":""4.04%"",""mem"":""18.05MiB / 122.8GiB""},{""name"":""lab-eparagony-stub"",""cpu"":""4.21%"",""mem"":""20.37MiB / 122.8GiB""},{""name"":""lab-invoicing-stub"",""cpu"":""0.00%"",""mem"":""16.6MiB / 122.8GiB""},{""name"":""lab-shipping-stub"",""cpu"":""0.00%"",""mem"":""16.58MiB / 122.8GiB""},{""name"":""lab-eparagony-stub-tls"",""cpu"":""0.00%"",""mem"":""23.3MiB / 122.8GiB""},{""name"":""lab-erli-stub-tls"",""cpu"":""0.00%"",""mem"":""22.67MiB / 122.8GiB""},{""name"":""lab-wc-tls"",""cpu"":""0.00%"",""mem"":""29.51MiB / 122.8GiB""},{""name"":""lab-prestashop"",""cpu"":""8.38%"",""mem"":""171.6MiB / 122.8GiB""},{""name"":""lab-woocommerce"",""cpu"":""0.00%"",""mem"":""294.6MiB / 122.8GiB""},{""name"":""lab-redis"",""cpu"":""0.82%"",""mem"":""79.9MiB / 122.8GiB""},{""name"":""lab-postgres"",""cpu"":""60.13%"",""mem"":""241.8MiB / 122.8GiB""},{""name"":""lab-mysql"",""cpu"":""8.37%"",""mem"":""724.4MiB / 122.8GiB""},{""name"":""lab-woocommerce-mysql"",""cpu"":""0.76%"",""mem"":""511.8MiB / 122.8GiB""}]"
2026-09-10T13:41:56Z,3,553,2,47,20,2668705459,"[{""name"":""lab-worker-1"",""cpu"":""4.19%"",""mem"":""116.1MiB / 122.8GiB""},{""name"":""lab-api"",""cpu"":""0.00%"",""mem"":""144.6MiB / 122.8GiB""},{""name"":""lab-allegro-stub"",""cpu"":""0.00%"",""mem"":""21.03MiB / 122.8GiB""},{""name"":""lab-erli-stub"",""cpu"":""0.00%"",""mem"":""18.05MiB / 122.8GiB""},{""name"":""lab-eparagony-stub"",""cpu"":""0.00%"",""mem"":""20.36MiB / 122.8GiB""},{""name"":""lab-invoicing-stub"",""cpu"":""0.00%"",""mem"":""16.6MiB / 122.8GiB""},{""name"":""lab-shipping-stub"",""cpu"":""0.00%"",""mem"":""16.58MiB / 122.8GiB""},{""name"":""lab-eparagony-stub-tls"",""cpu"":""0.00%"",""mem"":""23.3MiB / 122.8GiB""},{""name"":""lab-erli-stub-tls"",""cpu"":""0.00%"",""mem"":""22.67MiB / 122.8GiB""},{""name"":""lab-wc-tls"",""cpu"":""0.00%"",""mem"":""29.51MiB / 122.8GiB""},{""name"":""lab-prestashop"",""cpu"":""8.14%"",""mem"":""171.8MiB / 122.8GiB""},{""name"":""lab-woocommerce"",""cpu"":""0.00%"",""mem"":""294.6MiB / 122.8GiB""},{""name"":""lab-redis"",""cpu"":""0.66%"",""mem"":""80.19MiB / 122.8GiB""},{""name"":""lab-postgres"",""cpu"":""60.70%"",""mem"":""241.8MiB / 122.8GiB""},{""name"":""lab-mysql"",""cpu"":""6.95%"",""mem"":""724.4MiB / 122.8GiB""},{""name"":""lab-woocommerce-mysql"",""cpu"":""0.68%"",""mem"":""511.8MiB / 122.8GiB""}]"
2026-09-10T13:41:59Z,4,577,2,47,20,2668705459,"[{""name"":""lab-worker-1"",""cpu"":""5.51%"",""mem"":""115.8MiB / 122.8GiB""},{""name"":""lab-api"",""cpu"":""0.00%"",""mem"":""144.6MiB / 122.8GiB""},{""name"":""lab-allegro-stub"",""cpu"":""2.07%"",""mem"":""21.03MiB / 122.8GiB""},{""name"":""lab-erli-stub"",""cpu"":""0.00%"",""mem"":""18.05MiB / 122.8GiB""},{""name"":""lab-eparagony-stub"",""cpu"":""0.00%"",""mem"":""20.36MiB / 122.8GiB""},{""name"":""lab-invoicing-stub"",""cpu"":""0.09%"",""mem"":""16.6MiB / 122.8GiB""},{""name"":""lab-shipping-stub"",""cpu"":""2.66%"",""mem"":""16.58MiB / 122.8GiB""},{""name"":""lab-eparagony-stub-tls"",""cpu"":""0.00%"",""mem"":""23.3MiB / 122.8GiB""},{""name"":""lab-erli-stub-tls"",""cpu"":""0.00%"",""mem"":""22.67MiB / 122.8GiB""},{""name"":""lab-wc-tls"",""cpu"":""0.00%"",""mem"":""29.51MiB / 122.8GiB""},{""name"":""lab-prestashop"",""cpu"":""9.28%"",""mem"":""171.6MiB / 122.8GiB""},{""name"":""lab-woocommerce"",""cpu"":""0.00%"",""mem"":""294.6MiB / 122.8GiB""},{""name"":""lab-redis"",""cpu"":""0.77%"",""mem"":""79.95MiB / 122.8GiB""},{""name"":""lab-postgres"",""cpu"":""62.80%"",""mem"":""241.8MiB / 122.8GiB""},{""name"":""lab-mysql"",""cpu"":""9.16%"",""mem"":""724.4MiB / 122.8GiB""},{""name"":""lab-woocommerce-mysql"",""cpu"":""0.71%"",""mem"":""511.8MiB / 122.8GiB""}]"
2026-09-10T13:42:02Z,3,577,2,47,20,2668705459,"[{""name"":""lab-worker-1"",""cpu"":""6.31%"",""mem"":""115.8MiB / 122.8GiB""},{""name"":""lab-api"",""cpu"":""0.48%"",""mem"":""144.6MiB / 122.8GiB""},{""name"":""lab-allegro-stub"",""cpu"":""0.00%"",""mem"":""21.03MiB / 122.8GiB""},{""name"":""lab-erli-stub"",""cpu"":""0.00%"",""mem"":""18.05MiB / 122.8GiB""},{""name"":""lab-eparagony-stub"",""cpu"":""4.27%"",""mem"":""20.42MiB / 122.8GiB""},{""name"":""lab-invoicing-stub"",""cpu"":""0.00%"",""mem"":""16.6MiB / 122.8GiB""},{""name"":""lab-shipping-stub"",""cpu"":""0.00%"",""mem"":""16.58MiB / 122.8GiB""},{""name"":""lab-eparagony-stub-tls"",""cpu"":""0.00%"",""mem"":""23.3MiB / 122.8GiB""},{""name"":""lab-erli-stub-tls"",""cpu"":""0.00%"",""mem"":""22.67MiB / 122.8GiB""},{""name"":""lab-wc-tls"",""cpu"":""0.00%"",""mem"":""29.51MiB / 122.8GiB""},{""name"":""lab-prestashop"",""cpu"":""8.99%"",""mem"":""171.6MiB / 122.8GiB""},{""name"":""lab-woocommerce"",""cpu"":""0.01%"",""mem"":""294.6MiB / 122.8GiB""},{""name"":""lab-redis"",""cpu"":""5.34%"",""mem"":""79.95MiB / 122.8GiB""},{""name"":""lab-postgres"",""cpu"":""63.22%"",""mem"":""242MiB / 122.8GiB""},{""name"":""lab-mysql"",""cpu"":""8.53%"",""mem"":""724.4MiB / 122.8GiB""},{""name"":""lab-woocommerce-mysql"",""cpu"":""0.75%"",""mem"":""511.8MiB / 122.8GiB""}]"
2026-09-10T13:42:05Z,3,578,3,47,23,2668705459,"[{""name"":""lab-worker-1"",""cpu"":""5.88%"",""mem"":""123.1MiB / 122.8GiB""},{""name"":""lab-api"",""cpu"":""0.00%"",""mem"":""144.6MiB / 122.8GiB""},{""name"":""lab-allegro-stub"",""cpu"":""0.00%"",""mem"":""21.03MiB / 122.8GiB""},{""name"":""lab-erli-stub"",""cpu"":""0.00%"",""mem"":""18.05MiB / 122.8GiB""},{""name"":""lab-eparagony-stub"",""cpu"":""0.00%"",""mem"":""20.36MiB / 122.8GiB""},{""name"":""lab-invoicing-stub"",""cpu"":""0.00%"",""mem"":""16.6MiB / 122.8GiB""},{""name"":""lab-shipping-stub"",""cpu"":""0.00%"",""mem"":""16.58MiB / 122.8GiB""},{""name"":""lab-eparagony-stub-tls"",""cpu"":""0.00%"",""mem"":""23.3MiB / 122.8GiB""},{""name"":""lab-erli-stub-tls"",""cpu"":""0.00%"",""mem"":""22.67MiB / 122.8GiB""},{""name"":""lab-wc-tls"",""cpu"":""0.00%"",""mem"":""29.51MiB / 122.8GiB""},{""name"":""lab-prestashop"",""cpu"":""5.08%"",""mem"":""171.6MiB / 122.8GiB""},{""name"":""lab-woocommerce"",""cpu"":""0.01%"",""mem"":""294.6MiB / 122.8GiB""},{""name"":""lab-redis"",""cpu"":""0.50%"",""mem"":""80MiB / 122.8GiB""},{""name"":""lab-postgres"",""cpu"":""58.90%"",""mem"":""242.1MiB / 122.8GiB""},{""name"":""lab-mysql"",""cpu"":""4.89%"",""mem"":""724.4MiB / 122.8GiB""},{""name"":""lab-woocommerce-mysql"",""cpu"":""0.69%"",""mem"":""511.8MiB / 122.8GiB""}]"
2026-09-10T13:42:08Z,3,678,2,47,19,2668705459,"[{""name"":""lab-worker-1"",""cpu"":""5.74%"",""mem"":""128.9MiB / 122.8GiB""},{""name"":""lab-api"",""cpu"":""0.01%"",""mem"":""144.6MiB / 122.8GiB""},{""name"":""lab-allegro-stub"",""cpu"":""3.83%"",""mem"":""21.06MiB / 122.8GiB""},{""name"":""lab-erli-stub"",""cpu"":""4.27%"",""mem"":""18.05MiB / 122.8GiB""},{""name"":""lab-eparagony-stub"",""cpu"":""0.01%"",""mem"":""20.37MiB / 122.8GiB""},{""name"":""lab-invoicing-stub"",""cpu"":""3.92%"",""mem"":""16.62MiB / 122.8GiB""},{""name"":""lab-shipping-stub"",""cpu"":""4.02%"",""mem"":""16.62MiB / 122.8GiB""},{""name"":""lab-eparagony-stub-tls"",""cpu"":""0.00%"",""mem"":""23.3MiB / 122.8GiB""},{""name"":""lab-erli-stub-tls"",""cpu"":""0.00%"",""mem"":""22.67MiB / 122.8GiB""},{""name"":""lab-wc-tls"",""cpu"":""0.00%"",""mem"":""29.51MiB / 122.8GiB""},{""name"":""lab-prestashop"",""cpu"":""7.03%"",""mem"":""163.6MiB / 122.8GiB""},{""name"":""lab-woocommerce"",""cpu"":""0.00%"",""mem"":""294.6MiB / 122.8GiB""},{""name"":""lab-redis"",""cpu"":""0.66%"",""mem"":""80MiB / 122.8GiB""},{""name"":""lab-postgres"",""cpu"":""62.95%"",""mem"":""241.8MiB / 122.8GiB""},{""name"":""lab-mysql"",""cpu"":""5.67%"",""mem"":""724.4MiB / 122.8GiB""},{""name"":""lab-woocommerce-mysql"",""cpu"":""0.75%"",""mem"":""511.8MiB / 122.8GiB""}]"
2026-09-10T13:42:11Z,3,678,2,47,19,2668713651,"[{""name"":""lab-worker-1"",""cpu"":""5.03%"",""mem"":""128.6MiB / 122.8GiB""},{""name"":""lab-api"",""cpu"":""0.00%"",""mem"":""144.6MiB / 122.8GiB""},{""name"":""lab-allegro-stub"",""cpu"":""0.00%"",""mem"":""21.03MiB / 122.8GiB""},{""name"":""lab-erli-stub"",""cpu"":""0.00%"",""mem"":""18.05MiB / 122.8GiB""},{""name"":""lab-eparagony-stub"",""cpu"":""0.00%"",""mem"":""20.36MiB / 122.8GiB""},{""name"":""lab-invoicing-stub"",""cpu"":""0.00%"",""mem"":""16.6MiB / 122.8GiB""},{""name"":""lab-shipping-stub"",""cpu"":""0.00%"",""mem"":""16.58MiB / 122.8GiB""},{""name"":""lab-eparagony-stub-tls"",""cpu"":""0.00%"",""mem"":""23.3MiB / 122.8GiB""},{""name"":""lab-erli-stub-tls"",""cpu"":""0.00%"",""mem"":""22.67MiB / 122.8GiB""},{""name"":""lab-wc-tls"",""cpu"":""0.00%"",""mem"":""29.51MiB / 122.8GiB""},{""name"":""lab-prestashop"",""cpu"":""13.22%"",""mem"":""161.5MiB / 122.8GiB""},{""name"":""lab-woocommerce"",""cpu"":""0.00%"",""mem"":""294.6MiB / 122.8GiB""},{""name"":""lab-redis"",""cpu"":""4.72%"",""mem"":""80.23MiB / 122.8GiB""},{""name"":""lab-postgres"",""cpu"":""63.24%"",""mem"":""241.8MiB / 122.8GiB""},{""name"":""lab-mysql"",""cpu"":""6.94%"",""mem"":""724.4MiB / 122.8GiB""},{""name"":""lab-woocommerce-mysql"",""cpu"":""0.70%"",""mem"":""511.8MiB / 122.8GiB""}]"
2026-09-10T13:42:14Z,3,678,3,47,20,2668713651,"[{""name"":""lab-worker-1"",""cpu"":""36.66%"",""mem"":""128.8MiB / 122.8GiB""},{""name"":""lab-api"",""cpu"":""0.00%"",""mem"":""144.7MiB / 122.8GiB""},{""name"":""lab-allegro-stub"",""cpu"":""0.01%"",""mem"":""21.03MiB / 122.8GiB""},{""name"":""lab-erli-stub"",""cpu"":""0.00%"",""mem"":""18.05MiB / 122.8GiB""},{""name"":""lab-eparagony-stub"",""cpu"":""0.00%"",""mem"":""20.37MiB / 122.8GiB""},{""name"":""lab-invoicing-stub"",""cpu"":""0.01%"",""mem"":""16.6MiB / 122.8GiB""},{""name"":""lab-shipping-stub"",""cpu"":""0.01%"",""mem"":""16.58MiB / 122.8GiB""},{""name"":""lab-eparagony-stub-tls"",""cpu"":""0.00%"",""mem"":""23.3MiB / 122.8GiB""},{""name"":""lab-erli-stub-tls"",""cpu"":""0.00%"",""mem"":""22.67MiB / 122.8GiB""},{""name"":""lab-wc-tls"",""cpu"":""0.00%"",""mem"":""29.51MiB / 122.8GiB""},{""name"":""lab-prestashop"",""cpu"":""8.47%"",""mem"":""161.5MiB / 122.8GiB""},{""name"":""lab-woocommerce"",""cpu"":""0.00%"",""mem"":""294.6MiB / 122.8GiB""},{""name"":""lab-redis"",""cpu"":""3.08%"",""mem"":""80.31MiB / 122.8GiB""},{""name"":""lab-postgres"",""cpu"":""77.78%"",""mem"":""241.8MiB / 122.8GiB""},{""name"":""lab-mysql"",""cpu"":""12.22%"",""mem"":""724.4MiB / 122.8GiB""},{""name"":""lab-woocommerce-mysql"",""cpu"":""0.76%"",""mem"":""511.8MiB / 122.8GiB""}]"
2026-09-10T13:42:17Z,3,778,2,47,19,2668713651,"[{""name"":""lab-worker-1"",""cpu"":""5.15%"",""mem"":""128.9MiB / 122.8GiB""},{""name"":""lab-api"",""cpu"":""0.00%"",""mem"":""144.7MiB / 122.8GiB""},{""name"":""lab-allegro-stub"",""cpu"":""0.00%"",""mem"":""21.03MiB / 122.8GiB""},{""name"":""lab-erli-stub"",""cpu"":""4.12%"",""mem"":""18.1MiB / 122.8GiB""},{""name"":""lab-eparagony-stub"",""cpu"":""4.38%"",""mem"":""20.37MiB / 122.8GiB""},{""name"":""lab-invoicing-stub"",""cpu"":""0.00%"",""mem"":""16.6MiB / 122.8GiB""},{""name"":""lab-shipping-stub"",""cpu"":""0.00%"",""mem"":""16.58MiB / 122.8GiB""},{""name"":""lab-eparagony-stub-tls"",""cpu"":""0.00%"",""mem"":""23.3MiB / 122.8GiB""},{""name"":""lab-erli-stub-tls"",""cpu"":""0.00%"",""mem"":""22.67MiB / 122.8GiB""},{""name"":""lab-wc-tls"",""cpu"":""0.00%"",""mem"":""29.51MiB / 122.8GiB""},{""name"":""lab-prestashop"",""cpu"":""8.53%"",""mem"":""161.8MiB / 122.8GiB""},{""name"":""lab-woocommerce"",""cpu"":""0.00%"",""mem"":""294.6MiB / 122.8GiB""},{""name"":""lab-redis"",""cpu"":""0.62%"",""mem"":""80.06MiB / 122.8GiB""},{""name"":""lab-postgres"",""cpu"":""60.51%"",""mem"":""241.8MiB / 122.8GiB""},{""name"":""lab-mysql"",""cpu"":""6.83%"",""mem"":""724.4MiB / 122.8GiB""},{""name"":""lab-woocommerce-mysql"",""cpu"":""5.01%"",""mem"":""511.8MiB / 122.8GiB""}]"
2026-09-10T13:42:20Z,3,779,2,47,19,2668713651,"[{""name"":""lab-worker-1"",""cpu"":""3.55%"",""mem"":""128.8MiB / 122.8GiB""},{""name"":""lab-api"",""cpu"":""0.01%"",""mem"":""144.7MiB / 122.8GiB""},{""name"":""lab-allegro-stub"",""cpu"":""0.00%"",""mem"":""21.04MiB / 122.8GiB""},{""name"":""lab-erli-stub"",""cpu"":""0.00%"",""mem"":""18.05MiB / 122.8GiB""},{""name"":""lab-eparagony-stub"",""cpu"":""0.00%"",""mem"":""20.36MiB / 122.8GiB""},{""name"":""lab-invoicing-stub"",""cpu"":""0.00%"",""mem"":""16.6MiB / 122.8GiB""},{""name"":""lab-shipping-stub"",""cpu"":""0.00%"",""mem"":""16.58MiB / 122.8GiB""},{""name"":""lab-eparagony-stub-tls"",""cpu"":""0.00%"",""mem"":""23.3MiB / 122.8GiB""},{""name"":""lab-erli-stub-tls"",""cpu"":""0.00%"",""mem"":""22.67MiB / 122.8GiB""},{""name"":""lab-wc-tls"",""cpu"":""0.00%"",""mem"":""29.51MiB / 122.8GiB""},{""name"":""lab-prestashop"",""cpu"":""7.06%"",""mem"":""161.6MiB / 122.8GiB""},{""name"":""lab-woocommerce"",""cpu"":""0.00%"",""mem"":""294.6MiB / 122.8GiB""},{""name"":""lab-redis"",""cpu"":""0.69%"",""mem"":""80.31MiB / 122.8GiB""},{""name"":""lab-postgres"",""cpu"":""61.32%"",""mem"":""241.8MiB / 122.8GiB""},{""name"":""lab-mysql"",""cpu"":""6.83%"",""mem"":""724.4MiB / 122.8GiB""},{""name"":""lab-woocommerce-mysql"",""cpu"":""0.75%"",""mem"":""511.8MiB / 122.8GiB""}]"
2026-09-10T13:42:24Z,3,780,2,47,19,2668713651,"[{""name"":""lab-worker-1"",""cpu"":""23.95%"",""mem"":""129.4MiB / 122.8GiB""},{""name"":""lab-api"",""cpu"":""0.00%"",""mem"":""144.7MiB / 122.8GiB""},{""name"":""lab-allegro-stub"",""cpu"":""4.35%"",""mem"":""21.03MiB / 122.8GiB""},{""name"":""lab-erli-stub"",""cpu"":""0.00%"",""mem"":""18.06MiB / 122.8GiB""},{""name"":""lab-eparagony-stub"",""cpu"":""0.00%"",""mem"":""20.37MiB / 122.8GiB""},{""name"":""lab-invoicing-stub"",""cpu"":""3.31%"",""mem"":""16.6MiB / 122.8GiB""},{""name"":""lab-shipping-stub"",""cpu"":""3.55%"",""mem"":""16.58MiB / 122.8GiB""},{""name"":""lab-eparagony-stub-tls"",""cpu"":""0.00%"",""mem"":""23.3MiB / 122.8GiB""},{""name"":""lab-erli-stub-tls"",""cpu"":""0.00%"",""mem"":""22.67MiB / 122.8GiB""},{""name"":""lab-wc-tls"",""cpu"":""0.00%"",""mem"":""29.51MiB / 122.8GiB""},{""name"":""lab-prestashop"",""cpu"":""13.37%"",""mem"":""161.5MiB / 122.8GiB""},{""name"":""lab-woocommerce"",""cpu"":""0.00%"",""mem"":""294.6MiB / 122.8GiB""},{""name"":""lab-redis"",""cpu"":""3.01%"",""mem"":""80.12MiB / 122.8GiB""},{""name"":""lab-postgres"",""cpu"":""76.18%"",""mem"":""241.9MiB / 122.8GiB""},{""name"":""lab-mysql"",""cpu"":""15.71%"",""mem"":""724.6MiB / 122.8GiB""},{""name"":""lab-woocommerce-mysql"",""cpu"":""0.74%"",""mem"":""511.8MiB / 122.8GiB""}]"
2026-09-10T13:42:27Z,4,879,1,47,20,2668713651,"[{""name"":""lab-worker-1"",""cpu"":""4.67%"",""mem"":""129.1MiB / 122.8GiB""},{""name"":""lab-api"",""cpu"":""0.00%"",""mem"":""144.7MiB / 122.8GiB""},{""name"":""lab-allegro-stub"",""cpu"":""0.01%"",""mem"":""21.03MiB / 122.8GiB""},{""name"":""lab-erli-stub"",""cpu"":""0.00%"",""mem"":""18.06MiB / 122.8GiB""},{""name"":""lab-eparagony-stub"",""cpu"":""0.01%"",""mem"":""20.37MiB / 122.8GiB""},{""name"":""lab-invoicing-stub"",""cpu"":""0.01%"",""mem"":""16.6MiB / 122.8GiB""},{""name"":""lab-shipping-stub"",""cpu"":""0.00%"",""mem"":""16.58MiB / 122.8GiB""},{""name"":""lab-eparagony-stub-tls"",""cpu"":""0.00%"",""mem"":""23.3MiB / 122.8GiB""},{""name"":""lab-erli-stub-tls"",""cpu"":""0.00%"",""mem"":""22.67MiB / 122.8GiB""},{""name"":""lab-wc-tls"",""cpu"":""0.00%"",""mem"":""29.51MiB / 122.8GiB""},{""name"":""lab-prestashop"",""cpu"":""8.87%"",""mem"":""153.5MiB / 122.8GiB""},{""name"":""lab-woocommerce"",""cpu"":""0.00%"",""mem"":""294.6MiB / 122.8GiB""},{""name"":""lab-redis"",""cpu"":""0.72%"",""mem"":""80.12MiB / 122.8GiB""},{""name"":""lab-postgres"",""cpu"":""59.23%"",""mem"":""241.8MiB / 122.8GiB""},{""name"":""lab-mysql"",""cpu"":""8.00%"",""mem"":""724.4MiB / 122.8GiB""},{""name"":""lab-woocommerce-mysql"",""cpu"":""2.22%"",""mem"":""516.3MiB / 122.8GiB""}]"
2026-09-10T13:42:30Z,3,879,1,47,20,2668713651,"[{""name"":""lab-worker-1"",""cpu"":""3.57%"",""mem"":""129.2MiB / 122.8GiB""},{""name"":""lab-api"",""cpu"":""0.00%"",""mem"":""144.7MiB / 122.8GiB""},{""name"":""lab-allegro-stub"",""cpu"":""0.00%"",""mem"":""21.03MiB / 122.8GiB""},{""name"":""lab-erli-stub"",""cpu"":""0.00%"",""mem"":""18.05MiB / 122.8GiB""},{""name"":""lab-eparagony-stub"",""cpu"":""0.00%"",""mem"":""20.36MiB / 122.8GiB""},{""name"":""lab-invoicing-stub"",""cpu"":""0.00%"",""mem"":""16.6MiB / 122.8GiB""},{""name"":""lab-shipping-stub"",""cpu"":""0.00%"",""mem"":""16.58MiB / 122.8GiB""},{""name"":""lab-eparagony-stub-tls"",""cpu"":""0.00%"",""mem"":""23.3MiB / 122.8GiB""},{""name"":""lab-erli-stub-tls"",""cpu"":""0.00%"",""mem"":""22.67MiB / 122.8GiB""},{""name"":""lab-wc-tls"",""cpu"":""0.00%"",""mem"":""29.51MiB / 122.8GiB""},{""name"":""lab-prestashop"",""cpu"":""7.61%"",""mem"":""153.5MiB / 122.8GiB""},{""name"":""lab-woocommerce"",""cpu"":""0.01%"",""mem"":""294.6MiB / 122.8GiB""},{""name"":""lab-redis"",""cpu"":""0.68%"",""mem"":""80.36MiB / 122.8GiB""},{""name"":""lab-postgres"",""cpu"":""62.89%"",""mem"":""242MiB / 122.8GiB""},{""name"":""lab-mysql"",""cpu"":""6.72%"",""mem"":""724.4MiB / 122.8GiB""},{""name"":""lab-woocommerce-mysql"",""cpu"":""0.76%"",""mem"":""511.8MiB / 122.8GiB""}]"
2026-09-10T13:42:33Z,3,878,2,47,20,2668713651,"[{""name"":""lab-worker-1"",""cpu"":""4.99%"",""mem"":""129.2MiB / 122.8GiB""},{""name"":""lab-api"",""cpu"":""0.00%"",""mem"":""144.7MiB / 122.8GiB""},{""name"":""lab-allegro-stub"",""cpu"":""0.00%"",""mem"":""21.03MiB / 122.8GiB""},{""name"":""lab-erli-stub"",""cpu"":""3.85%"",""mem"":""18.05MiB / 122.8GiB""},{""name"":""lab-eparagony-stub"",""cpu"":""1.21%"",""mem"":""20.36MiB / 122.8GiB""},{""name"":""lab-invoicing-stub"",""cpu"":""0.94%"",""mem"":""23.59MiB / 122.8GiB""},{""name"":""lab-shipping-stub"",""cpu"":""1.50%"",""mem"":""21.35MiB / 122.8GiB""},{""name"":""lab-eparagony-stub-tls"",""cpu"":""0.00%"",""mem"":""23.3MiB / 122.8GiB""},{""name"":""lab-erli-stub-tls"",""cpu"":""0.00%"",""mem"":""22.67MiB / 122.8GiB""},{""name"":""lab-wc-tls"",""cpu"":""0.00%"",""mem"":""29.51MiB / 122.8GiB""},{""name"":""lab-prestashop"",""cpu"":""7.96%"",""mem"":""153.5MiB / 122.8GiB""},{""name"":""lab-woocommerce"",""cpu"":""0.01%"",""mem"":""294.6MiB / 122.8GiB""},{""name"":""lab-redis"",""cpu"":""0.77%"",""mem"":""80.12MiB / 122.8GiB""},{""name"":""lab-postgres"",""cpu"":""58.02%"",""mem"":""241.8MiB / 122.8GiB""},{""name"":""lab-mysql"",""cpu"":""7.59%"",""mem"":""724.4MiB / 122.8GiB""},{""name"":""lab-woocommerce-mysql"",""cpu"":""0.69%"",""mem"":""511.8MiB / 122.8GiB""}]"
2026-09-10T13:42:36Z,3,940,2,47,19,2668713651,"[{""name"":""lab-worker-1"",""cpu"":""11.16%"",""mem"":""129.5MiB / 122.8GiB""},{""name"":""lab-api"",""cpu"":""0.00%"",""mem"":""144.7MiB / 122.8GiB""},{""name"":""lab-allegro-stub"",""cpu"":""0.00%"",""mem"":""21.03MiB / 122.8GiB""},{""name"":""lab-erli-stub"",""cpu"":""0.00%"",""mem"":""18.05MiB / 122.8GiB""},{""name"":""lab-eparagony-stub"",""cpu"":""0.00%"",""mem"":""20.36MiB / 122.8GiB""},{""name"":""lab-invoicing-stub"",""cpu"":""0.00%"",""mem"":""16.6MiB / 122.8GiB""},{""name"":""lab-shipping-stub"",""cpu"":""0.00%"",""mem"":""16.58MiB / 122.8GiB""},{""name"":""lab-eparagony-stub-tls"",""cpu"":""0.00%"",""mem"":""23.3MiB / 122.8GiB""},{""name"":""lab-erli-stub-tls"",""cpu"":""0.00%"",""mem"":""22.67MiB / 122.8GiB""},{""name"":""lab-wc-tls"",""cpu"":""0.00%"",""mem"":""29.51MiB / 122.8GiB""},{""name"":""lab-prestashop"",""cpu"":""8.02%"",""mem"":""153.5MiB / 122.8GiB""},{""name"":""lab-woocommerce"",""cpu"":""0.01%"",""mem"":""294.6MiB / 122.8GiB""},{""name"":""lab-redis"",""cpu"":""0.69%"",""mem"":""80.18MiB / 122.8GiB""},{""name"":""lab-postgres"",""cpu"":""61.57%"",""mem"":""241.8MiB / 122.8GiB""},{""name"":""lab-mysql"",""cpu"":""7.95%"",""mem"":""724.6MiB / 122.8GiB""},{""name"":""lab-woocommerce-mysql"",""cpu"":""0.77%"",""mem"":""511.8MiB / 122.8GiB""}]"
2026-09-10T13:42:39Z,3,978,2,47,19,2668713651,"[{""name"":""lab-worker-1"",""cpu"":""5.63%"",""mem"":""129.6MiB / 122.8GiB""},{""name"":""lab-api"",""cpu"":""0.00%"",""mem"":""144.7MiB / 122.8GiB""},{""name"":""lab-allegro-stub"",""cpu"":""0.01%"",""mem"":""21.03MiB / 122.8GiB""},{""name"":""lab-erli-stub"",""cpu"":""0.00%"",""mem"":""18.05MiB / 122.8GiB""},{""name"":""lab-eparagony-stub"",""cpu"":""0.00%"",""mem"":""20.36MiB / 122.8GiB""},{""name"":""lab-invoicing-stub"",""cpu"":""0.01%"",""mem"":""16.6MiB / 122.8GiB""},{""name"":""lab-shipping-stub"",""cpu"":""0.01%"",""mem"":""16.58MiB / 122.8GiB""},{""name"":""lab-eparagony-stub-tls"",""cpu"":""0.00%"",""mem"":""23.3MiB / 122.8GiB""},{""name"":""lab-erli-stub-tls"",""cpu"":""0.00%"",""mem"":""22.67MiB / 122.8GiB""},{""name"":""lab-wc-tls"",""cpu"":""0.00%"",""mem"":""29.51MiB / 122.8GiB""},{""name"":""lab-prestashop"",""cpu"":""8.13%"",""mem"":""153.5MiB / 122.8GiB""},{""name"":""lab-woocommerce"",""cpu"":""0.00%"",""mem"":""294.6MiB / 122.8GiB""},{""name"":""lab-redis"",""cpu"":""0.69%"",""mem"":""80.18MiB / 122.8GiB""},{""name"":""lab-postgres"",""cpu"":""61.53%"",""mem"":""241.8MiB / 122.8GiB""},{""name"":""lab-mysql"",""cpu"":""7.07%"",""mem"":""724.6MiB / 122.8GiB""},{""name"":""lab-woocommerce-mysql"",""cpu"":""0.74%"",""mem"":""511.8MiB / 122.8GiB""}]"
2026-09-10T13:42:42Z,3,979,2,47,19,2668721843,"[{""name"":""lab-worker-1"",""cpu"":""5.21%"",""mem"":""129.5MiB / 122.8GiB""},{""name"":""lab-api"",""cpu"":""1.04%"",""mem"":""144.7MiB / 122.8GiB""},{""name"":""lab-allegro-stub"",""cpu"":""0.00%"",""mem"":""21.03MiB / 122.8GiB""},{""name"":""lab-erli-stub"",""cpu"":""0.01%"",""mem"":""18.05MiB / 122.8GiB""},{""name"":""lab-eparagony-stub"",""cpu"":""3.76%"",""mem"":""20.66MiB / 122.8GiB""},{""name"":""lab-invoicing-stub"",""cpu"":""0.00%"",""mem"":""16.6MiB / 122.8GiB""},{""name"":""lab-shipping-stub"",""cpu"":""0.00%"",""mem"":""16.58MiB / 122.8GiB""},{""name"":""lab-eparagony-stub-tls"",""cpu"":""0.00%"",""mem"":""23.3MiB / 122.8GiB""},{""name"":""lab-erli-stub-tls"",""cpu"":""0.00%"",""mem"":""22.67MiB / 122.8GiB""},{""name"":""lab-wc-tls"",""cpu"":""0.00%"",""mem"":""29.51MiB / 122.8GiB""},{""name"":""lab-prestashop"",""cpu"":""7.60%"",""mem"":""151.5MiB / 122.8GiB""},{""name"":""lab-woocommerce"",""cpu"":""21.39%"",""mem"":""294.7MiB / 122.8GiB""},{""name"":""lab-redis"",""cpu"":""2.52%"",""mem"":""80.43MiB / 122.8GiB""},{""name"":""lab-postgres"",""cpu"":""62.43%"",""mem"":""241.9MiB / 122.8GiB""},{""name"":""lab-mysql"",""cpu"":""7.27%"",""mem"":""724.4MiB / 122.8GiB""},{""name"":""lab-woocommerce-mysql"",""cpu"":""5.53%"",""mem"":""511.8MiB / 122.8GiB""}]"
2026-09-10T13:42:45Z,3,978,3,47,19,2668721843,"[{""name"":""lab-worker-1"",""cpu"":""21.35%"",""mem"":""130.3MiB / 122.8GiB""},{""name"":""lab-api"",""cpu"":""0.00%"",""mem"":""144.7MiB / 122.8GiB""},{""name"":""lab-allegro-stub"",""cpu"":""0.00%"",""mem"":""21.03MiB / 122.8GiB""},{""name"":""lab-erli-stub"",""cpu"":""0.00%"",""mem"":""18.05MiB / 122.8GiB""},{""name"":""lab-eparagony-stub"",""cpu"":""0.00%"",""mem"":""20.36MiB / 122.8GiB""},{""name"":""lab-invoicing-stub"",""cpu"":""0.00%"",""mem"":""16.6MiB / 122.8GiB""},{""name"":""lab-shipping-stub"",""cpu"":""0.00%"",""mem"":""16.58MiB / 122.8GiB""},{""name"":""lab-eparagony-stub-tls"",""cpu"":""0.00%"",""mem"":""23.3MiB / 122.8GiB""},{""name"":""lab-erli-stub-tls"",""cpu"":""0.00%"",""mem"":""22.67MiB / 122.8GiB""},{""name"":""lab-wc-tls"",""cpu"":""0.00%"",""mem"":""29.51MiB / 122.8GiB""},{""name"":""lab-prestashop"",""cpu"":""7.51%"",""mem"":""151.5MiB / 122.8GiB""},{""name"":""lab-woocommerce"",""cpu"":""0.00%"",""mem"":""294.6MiB / 122.8GiB""},{""name"":""lab-redis"",""cpu"":""1.32%"",""mem"":""80.23MiB / 122.8GiB""},{""name"":""lab-postgres"",""cpu"":""69.87%"",""mem"":""241.8MiB / 122.8GiB""},{""name"":""lab-mysql"",""cpu"":""7.05%"",""mem"":""724.6MiB / 122.8GiB""},{""name"":""lab-woocommerce-mysql"",""cpu"":""0.75%"",""mem"":""511.8MiB / 122.8GiB""}]"
2026-09-10T13:42:49Z,3,1078,2,47,19,2668721843,"[{""name"":""lab-worker-1"",""cpu"":""4.74%"",""mem"":""130.9MiB / 122.8GiB""},{""name"":""lab-api"",""cpu"":""0.00%"",""mem"":""144.7MiB / 122.8GiB""},{""name"":""lab-allegro-stub"",""cpu"":""3.88%"",""mem"":""21.03MiB / 122.8GiB""},{""name"":""lab-erli-stub"",""cpu"":""4.22%"",""mem"":""18.05MiB / 122.8GiB""},{""name"":""lab-eparagony-stub"",""cpu"":""0.01%"",""mem"":""20.36MiB / 122.8GiB""},{""name"":""lab-invoicing-stub"",""cpu"":""4.17%"",""mem"":""16.61MiB / 122.8GiB""},{""name"":""lab-shipping-stub"",""cpu"":""4.68%"",""mem"":""16.62MiB / 122.8GiB""},{""name"":""lab-eparagony-stub-tls"",""cpu"":""0.00%"",""mem"":""23.3MiB / 122.8GiB""},{""name"":""lab-erli-stub-tls"",""cpu"":""0.00%"",""mem"":""22.67MiB / 122.8GiB""},{""name"":""lab-wc-tls"",""cpu"":""0.00%"",""mem"":""29.51MiB / 122.8GiB""},{""name"":""lab-prestashop"",""cpu"":""8.56%"",""mem"":""143.5MiB / 122.8GiB""},{""name"":""lab-woocommerce"",""cpu"":""0.00%"",""mem"":""294.6MiB / 122.8GiB""},{""name"":""lab-redis"",""cpu"":""0.77%"",""mem"":""80.23MiB / 122.8GiB""},{""name"":""lab-postgres"",""cpu"":""61.25%"",""mem"":""241.8MiB / 122.8GiB""},{""name"":""lab-mysql"",""cpu"":""7.31%"",""mem"":""724.4MiB / 122.8GiB""},{""name"":""lab-woocommerce-mysql"",""cpu"":""0.75%"",""mem"":""511.8MiB / 122.8GiB""}]"
2026-09-10T13:42:52Z,4,1079,2,47,20,2668721843,"[{""name"":""lab-worker-1"",""cpu"":""6.69%"",""mem"":""130.6MiB / 122.8GiB""},{""name"":""lab-api"",""cpu"":""0.55%"",""mem"":""144.9MiB / 122.8GiB""},{""name"":""lab-allegro-stub"",""cpu"":""0.00%"",""mem"":""21.03MiB / 122.8GiB""},{""name"":""lab-erli-stub"",""cpu"":""0.00%"",""mem"":""18.05MiB / 122.8GiB""},{""name"":""lab-eparagony-stub"",""cpu"":""0.00%"",""mem"":""20.36MiB / 122.8GiB""},{""name"":""lab-invoicing-stub"",""cpu"":""0.00%"",""mem"":""16.6MiB / 122.8GiB""},{""name"":""lab-shipping-stub"",""cpu"":""0.00%"",""mem"":""16.58MiB / 122.8GiB""},{""name"":""lab-eparagony-stub-tls"",""cpu"":""0.00%"",""mem"":""23.3MiB / 122.8GiB""},{""name"":""lab-erli-stub-tls"",""cpu"":""0.00%"",""mem"":""22.67MiB / 122.8GiB""},{""name"":""lab-wc-tls"",""cpu"":""0.00%"",""mem"":""29.51MiB / 122.8GiB""},{""name"":""lab-prestashop"",""cpu"":""8.01%"",""mem"":""143.5MiB / 122.8GiB""},{""name"":""lab-woocommerce"",""cpu"":""0.00%"",""mem"":""294.6MiB / 122.8GiB""},{""name"":""lab-redis"",""cpu"":""5.45%"",""mem"":""80.26MiB / 122.8GiB""},{""name"":""lab-postgres"",""cpu"":""61.56%"",""mem"":""241.8MiB / 122.8GiB""},{""name"":""lab-mysql"",""cpu"":""7.95%"",""mem"":""724.4MiB / 122.8GiB""},{""name"":""lab-woocommerce-mysql"",""cpu"":""0.73%"",""mem"":""511.8MiB / 122.8GiB""}]"
2026-09-10T13:42:55Z,3,1077,3,47,20,2668721843,"[{""name"":""lab-worker-1"",""cpu"":""12.08%"",""mem"":""132.2MiB / 122.8GiB""},{""name"":""lab-api"",""cpu"":""0.00%"",""mem"":""144.8MiB / 122.8GiB""},{""name"":""lab-allegro-stub"",""cpu"":""0.00%"",""mem"":""21.03MiB / 122.8GiB""},{""name"":""lab-erli-stub"",""cpu"":""0.00%"",""mem"":""18.05MiB / 122.8GiB""},{""name"":""lab-eparagony-stub"",""cpu"":""0.00%"",""mem"":""20.36MiB / 122.8GiB""},{""name"":""lab-invoicing-stub"",""cpu"":""0.00%"",""mem"":""16.6MiB / 122.8GiB""},{""name"":""lab-shipping-stub"",""cpu"":""0.00%"",""mem"":""16.58MiB / 122.8GiB""},{""name"":""lab-eparagony-stub-tls"",""cpu"":""0.00%"",""mem"":""23.3MiB / 122.8GiB""},{""name"":""lab-erli-stub-tls"",""cpu"":""0.00%"",""mem"":""22.67MiB / 122.8GiB""},{""name"":""lab-wc-tls"",""cpu"":""0.00%"",""mem"":""29.51MiB / 122.8GiB""},{""name"":""lab-prestashop"",""cpu"":""8.68%"",""mem"":""143.5MiB / 122.8GiB""},{""name"":""lab-woocommerce"",""cpu"":""0.01%"",""mem"":""294.6MiB / 122.8GiB""},{""name"":""lab-redis"",""cpu"":""0.79%"",""mem"":""80.54MiB / 122.8GiB""},{""name"":""lab-postgres"",""cpu"":""63.55%"",""mem"":""241.8MiB / 122.8GiB""},{""name"":""lab-mysql"",""cpu"":""12.70%"",""mem"":""724.8MiB / 122.8GiB""},{""name"":""lab-woocommerce-mysql"",""cpu"":""0.81%"",""mem"":""511.8MiB / 122.8GiB""}]"
2026-09-10T13:42:58Z,3,1178,1,47,20,2668721843,"[{""name"":""lab-worker-1"",""cpu"":""6.75%"",""mem"":""131.5MiB / 122.8GiB""},{""name"":""lab-api"",""cpu"":""0.01%"",""mem"":""144.8MiB / 122.8GiB""},{""name"":""lab-allegro-stub"",""cpu"":""0.00%"",""mem"":""21.03MiB / 122.8GiB""},{""name"":""lab-erli-stub"",""cpu"":""4.36%"",""mem"":""18.18MiB / 122.8GiB""},{""name"":""lab-eparagony-stub"",""cpu"":""3.90%"",""mem"":""20.37MiB / 122.8GiB""},{""name"":""lab-invoicing-stub"",""cpu"":""0.00%"",""mem"":""16.6MiB / 122.8GiB""},{""name"":""lab-shipping-stub"",""cpu"":""0.00%"",""mem"":""16.58MiB / 122.8GiB""},{""name"":""lab-eparagony-stub-tls"",""cpu"":""0.00%"",""mem"":""23.3MiB / 122.8GiB""},{""name"":""lab-erli-stub-tls"",""cpu"":""0.00%"",""mem"":""22.67MiB / 122.8GiB""},{""name"":""lab-wc-tls"",""cpu"":""0.00%"",""mem"":""29.51MiB / 122.8GiB""},{""name"":""lab-prestashop"",""cpu"":""8.42%"",""mem"":""143.5MiB / 122.8GiB""},{""name"":""lab-woocommerce"",""cpu"":""0.01%"",""mem"":""294.6MiB / 122.8GiB""},{""name"":""lab-redis"",""cpu"":""0.65%"",""mem"":""80.29MiB / 122.8GiB""},{""name"":""lab-postgres"",""cpu"":""57.73%"",""mem"":""241.8MiB / 122.8GiB""},{""name"":""lab-mysql"",""cpu"":""7.68%"",""mem"":""724.6MiB / 122.8GiB""},{""name"":""lab-woocommerce-mysql"",""cpu"":""5.77%"",""mem"":""511.8MiB / 122.8GiB""}]"
2026-09-10T13:43:01Z,3,1178,1,47,21,2668721843,"[{""name"":""lab-worker-1"",""cpu"":""5.54%"",""mem"":""131.7MiB / 122.8GiB""},{""name"":""lab-api"",""cpu"":""0.00%"",""mem"":""144.8MiB / 122.8GiB""},{""name"":""lab-allegro-stub"",""cpu"":""0.00%"",""mem"":""21.03MiB / 122.8GiB""},{""name"":""lab-erli-stub"",""cpu"":""0.00%"",""mem"":""18.05MiB / 122.8GiB""},{""name"":""lab-eparagony-stub"",""cpu"":""0.00%"",""mem"":""20.37MiB / 122.8GiB""},{""name"":""lab-invoicing-stub"",""cpu"":""0.00%"",""mem"":""16.6MiB / 122.8GiB""},{""name"":""lab-shipping-stub"",""cpu"":""0.00%"",""mem"":""16.58MiB / 122.8GiB""},{""name"":""lab-eparagony-stub-tls"",""cpu"":""0.00%"",""mem"":""23.3MiB / 122.8GiB""},{""name"":""lab-erli-stub-tls"",""cpu"":""0.00%"",""mem"":""22.67MiB / 122.8GiB""},{""name"":""lab-wc-tls"",""cpu"":""0.00%"",""mem"":""29.51MiB / 122.8GiB""},{""name"":""lab-prestashop"",""cpu"":""8.67%"",""mem"":""143.5MiB / 122.8GiB""},{""name"":""lab-woocommerce"",""cpu"":""0.01%"",""mem"":""294.6MiB / 122.8GiB""},{""name"":""lab-redis"",""cpu"":""0.72%"",""mem"":""80.29MiB / 122.8GiB""},{""name"":""lab-postgres"",""cpu"":""60.60%"",""mem"":""241.8MiB / 122.8GiB""},{""name"":""lab-mysql"",""cpu"":""7.90%"",""mem"":""724.4MiB / 122.8GiB""},{""name"":""lab-woocommerce-mysql"",""cpu"":""0.79%"",""mem"":""511.8MiB / 122.8GiB""}]"
2026-09-10T13:43:04Z,3,1180,1,47,20,2668746419,"[{""name"":""lab-worker-1"",""cpu"":""5.34%"",""mem"":""132.2MiB / 122.8GiB""},{""name"":""lab-api"",""cpu"":""0.00%"",""mem"":""144.9MiB / 122.8GiB""},{""name"":""lab-allegro-stub"",""cpu"":""4.10%"",""mem"":""21.03MiB / 122.8GiB""},{""name"":""lab-erli-stub"",""cpu"":""0.01%"",""mem"":""18.06MiB / 122.8GiB""},{""name"":""lab-eparagony-stub"",""cpu"":""0.00%"",""mem"":""20.37MiB / 122.8GiB""},{""name"":""lab-invoicing-stub"",""cpu"":""4.06%"",""mem"":""16.6MiB / 122.8GiB""},{""name"":""lab-shipping-stub"",""cpu"":""4.55%"",""mem"":""16.58MiB / 122.8GiB""},{""name"":""lab-eparagony-stub-tls"",""cpu"":""0.00%"",""mem"":""23.3MiB / 122.8GiB""},{""name"":""lab-erli-stub-tls"",""cpu"":""0.00%"",""mem"":""22.67MiB / 122.8GiB""},{""name"":""lab-wc-tls"",""cpu"":""0.00%"",""mem"":""29.51MiB / 122.8GiB""},{""name"":""lab-prestashop"",""cpu"":""9.24%"",""mem"":""143.8MiB / 122.8GiB""},{""name"":""lab-woocommerce"",""cpu"":""0.01%"",""mem"":""294.6MiB / 122.8GiB""},{""name"":""lab-redis"",""cpu"":""0.80%"",""mem"":""80.29MiB / 122.8GiB""},{""name"":""lab-postgres"",""cpu"":""64.71%"",""mem"":""241.3MiB / 122.8GiB""},{""name"":""lab-mysql"",""cpu"":""14.09%"",""mem"":""724.7MiB / 122.8GiB""},{""name"":""lab-woocommerce-mysql"",""cpu"":""0.76%"",""mem"":""511.8MiB / 122.8GiB""}]"
2026-09-10T13:43:07Z,3,1260,2,47,21,2668746419,"[{""name"":""lab-worker-1"",""cpu"":""6.05%"",""mem"":""132.9MiB / 122.8GiB""},{""name"":""lab-api"",""cpu"":""0.00%"",""mem"":""144.9MiB / 122.8GiB""},{""name"":""lab-allegro-stub"",""cpu"":""0.00%"",""mem"":""21.03MiB / 122.8GiB""},{""name"":""lab-erli-stub"",""cpu"":""0.00%"",""mem"":""18.05MiB / 122.8GiB""},{""name"":""lab-eparagony-stub"",""cpu"":""0.00%"",""mem"":""20.36MiB / 122.8GiB""},{""name"":""lab-invoicing-stub"",""cpu"":""0.00%"",""mem"":""16.6MiB / 122.8GiB""},{""name"":""lab-shipping-stub"",""cpu"":""0.00%"",""mem"":""16.58MiB / 122.8GiB""},{""name"":""lab-eparagony-stub-tls"",""cpu"":""0.00%"",""mem"":""23.3MiB / 122.8GiB""},{""name"":""lab-erli-stub-tls"",""cpu"":""0.00%"",""mem"":""22.67MiB / 122.8GiB""},{""name"":""lab-wc-tls"",""cpu"":""0.00%"",""mem"":""29.51MiB / 122.8GiB""},{""name"":""lab-prestashop"",""cpu"":""8.90%"",""mem"":""141.5MiB / 122.8GiB""},{""name"":""lab-woocommerce"",""cpu"":""0.00%"",""mem"":""294.6MiB / 122.8GiB""},{""name"":""lab-redis"",""cpu"":""0.70%"",""mem"":""80.34MiB / 122.8GiB""},{""name"":""lab-postgres"",""cpu"":""62.99%"",""mem"":""241.8MiB / 122.8GiB""},{""name"":""lab-mysql"",""cpu"":""7.11%"",""mem"":""724.4MiB / 122.8GiB""},{""name"":""lab-woocommerce-mysql"",""cpu"":""6.20%"",""mem"":""511.9MiB / 122.8GiB""}]"
2026-09-10T13:43:10Z,3,1278,1,47,21,2668746419,"[{""name"":""lab-worker-1"",""cpu"":""3.12%"",""mem"":""132.7MiB / 122.8GiB""},{""name"":""lab-api"",""cpu"":""0.00%"",""mem"":""144.9MiB / 122.8GiB""},{""name"":""lab-allegro-stub"",""cpu"":""0.00%"",""mem"":""21.03MiB / 122.8GiB""},{""name"":""lab-erli-stub"",""cpu"":""0.00%"",""mem"":""18.05MiB / 122.8GiB""},{""name"":""lab-eparagony-stub"",""cpu"":""0.00%"",""mem"":""20.37MiB / 122.8GiB""},{""name"":""lab-invoicing-stub"",""cpu"":""0.00%"",""mem"":""16.6MiB / 122.8GiB""},{""name"":""lab-shipping-stub"",""cpu"":""0.00%"",""mem"":""16.58MiB / 122.8GiB""},{""name"":""lab-eparagony-stub-tls"",""cpu"":""0.00%"",""mem"":""23.3MiB / 122.8GiB""},{""name"":""lab-erli-stub-tls"",""cpu"":""0.00%"",""mem"":""22.67MiB / 122.8GiB""},{""name"":""lab-wc-tls"",""cpu"":""0.00%"",""mem"":""29.51MiB / 122.8GiB""},{""name"":""lab-prestashop"",""cpu"":""8.06%"",""mem"":""141.5MiB / 122.8GiB""},{""name"":""lab-woocommerce"",""cpu"":""0.01%"",""mem"":""294.6MiB / 122.8GiB""},{""name"":""lab-redis"",""cpu"":""0.66%"",""mem"":""80.34MiB / 122.8GiB""},{""name"":""lab-postgres"",""cpu"":""61.22%"",""mem"":""241.8MiB / 122.8GiB""},{""name"":""lab-mysql"",""cpu"":""8.27%"",""mem"":""724.6MiB / 122.8GiB""},{""name"":""lab-woocommerce-mysql"",""cpu"":""0.80%"",""mem"":""511.8MiB / 122.8GiB""}]"
2026-09-10T13:43:14Z,3,1279,0,47,20,2668746419,"[{""name"":""lab-worker-1"",""cpu"":""34.60%"",""mem"":""133.3MiB / 122.8GiB""},{""name"":""lab-api"",""cpu"":""0.01%"",""mem"":""144.9MiB / 122.8GiB""},{""name"":""lab-allegro-stub"",""cpu"":""4.07%"",""mem"":""21.11MiB / 122.8GiB""},{""name"":""lab-erli-stub"",""cpu"":""4.40%"",""mem"":""18.05MiB / 122.8GiB""},{""name"":""lab-eparagony-stub"",""cpu"":""0.01%"",""mem"":""20.37MiB / 122.8GiB""},{""name"":""lab-invoicing-stub"",""cpu"":""4.06%"",""mem"":""16.62MiB / 122.8GiB""},{""name"":""lab-shipping-stub"",""cpu"":""3.81%"",""mem"":""16.61MiB / 122.8GiB""},{""name"":""lab-eparagony-stub-tls"",""cpu"":""0.00%"",""mem"":""23.3MiB / 122.8GiB""},{""name"":""lab-erli-stub-tls"",""cpu"":""0.00%"",""mem"":""22.67MiB / 122.8GiB""},{""name"":""lab-wc-tls"",""cpu"":""0.00%"",""mem"":""29.51MiB / 122.8GiB""},{""name"":""lab-prestashop"",""cpu"":""13.75%"",""mem"":""139.5MiB / 122.8GiB""},{""name"":""lab-woocommerce"",""cpu"":""0.01%"",""mem"":""294.6MiB / 122.8GiB""},{""name"":""lab-redis"",""cpu"":""2.91%"",""mem"":""80.39MiB / 122.8GiB""},{""name"":""lab-postgres"",""cpu"":""72.20%"",""mem"":""241.8MiB / 122.8GiB""},{""name"":""lab-mysql"",""cpu"":""16.00%"",""mem"":""724.4MiB / 122.8GiB""},{""name"":""lab-woocommerce-mysql"",""cpu"":""0.64%"",""mem"":""511.8MiB / 122.8GiB""}]"
2026-09-10T13:43:17Z,4,1378,1,47,21,2668746419,"[{""name"":""lab-worker-1"",""cpu"":""4.40%"",""mem"":""133.6MiB / 122.8GiB""},{""name"":""lab-api"",""cpu"":""0.00%"",""mem"":""144.9MiB / 122.8GiB""},{""name"":""lab-allegro-stub"",""cpu"":""0.00%"",""mem"":""21.03MiB / 122.8GiB""},{""name"":""lab-erli-stub"",""cpu"":""0.00%"",""mem"":""18.05MiB / 122.8GiB""},{""name"":""lab-eparagony-stub"",""cpu"":""0.00%"",""mem"":""20.37MiB / 122.8GiB""},{""name"":""lab-invoicing-stub"",""cpu"":""0.00%"",""mem"":""16.6MiB / 122.8GiB""},{""name"":""lab-shipping-stub"",""cpu"":""0.00%"",""mem"":""16.59MiB / 122.8GiB""},{""name"":""lab-eparagony-stub-tls"",""cpu"":""0.00%"",""mem"":""23.3MiB / 122.8GiB""},{""name"":""lab-erli-stub-tls"",""cpu"":""0.00%"",""mem"":""22.67MiB / 122.8GiB""},{""name"":""lab-wc-tls"",""cpu"":""0.00%"",""mem"":""29.51MiB / 122.8GiB""},{""name"":""lab-prestashop"",""cpu"":""8.50%"",""mem"":""139.5MiB / 122.8GiB""},{""name"":""lab-woocommerce"",""cpu"":""0.00%"",""mem"":""294.6MiB / 122.8GiB""},{""name"":""lab-redis"",""cpu"":""0.77%"",""mem"":""80.4MiB / 122.8GiB""},{""name"":""lab-postgres"",""cpu"":""62.24%"",""mem"":""241.8MiB / 122.8GiB""},{""name"":""lab-mysql"",""cpu"":""8.35%"",""mem"":""724.4MiB / 122.8GiB""},{""name"":""lab-woocommerce-mysql"",""cpu"":""0.77%"",""mem"":""511.8MiB / 122.8GiB""}]"
2026-09-10T13:43:20Z,3,1378,2,47,19,2668746419,"[{""name"":""lab-worker-1"",""cpu"":""4.85%"",""mem"":""133.3MiB / 122.8GiB""},{""name"":""lab-api"",""cpu"":""0.00%"",""mem"":""144.9MiB / 122.8GiB""},{""name"":""lab-allegro-stub"",""cpu"":""0.00%"",""mem"":""21.03MiB / 122.8GiB""},{""name"":""lab-erli-stub"",""cpu"":""0.00%"",""mem"":""18.05MiB / 122.8GiB""},{""name"":""lab-eparagony-stub"",""cpu"":""0.00%"",""mem"":""20.36MiB / 122.8GiB""},{""name"":""lab-invoicing-stub"",""cpu"":""0.00%"",""mem"":""16.6MiB / 122.8GiB""},{""name"":""lab-shipping-stub"",""cpu"":""0.00%"",""mem"":""16.58MiB / 122.8GiB""},{""name"":""lab-eparagony-stub-tls"",""cpu"":""0.00%"",""mem"":""23.3MiB / 122.8GiB""},{""name"":""lab-erli-stub-tls"",""cpu"":""0.00%"",""mem"":""22.67MiB / 122.8GiB""},{""name"":""lab-wc-tls"",""cpu"":""0.00%"",""mem"":""29.51MiB / 122.8GiB""},{""name"":""lab-prestashop"",""cpu"":""8.63%"",""mem"":""139.5MiB / 122.8GiB""},{""name"":""lab-woocommerce"",""cpu"":""0.01%"",""mem"":""294.6MiB / 122.8GiB""},{""name"":""lab-redis"",""cpu"":""0.64%"",""mem"":""80.39MiB / 122.8GiB""},{""name"":""lab-postgres"",""cpu"":""62.16%"",""mem"":""241.8MiB / 122.8GiB""},{""name"":""lab-mysql"",""cpu"":""8.31%"",""mem"":""724.4MiB / 122.8GiB""},{""name"":""lab-woocommerce-mysql"",""cpu"":""0.78%"",""mem"":""511.8MiB / 122.8GiB""}]"
2026-09-10T13:43:23Z,3,1378,2,47,21,2668746419,"[{""name"":""lab-worker-1"",""cpu"":""5.99%"",""mem"":""133.2MiB / 122.8GiB""},{""name"":""lab-api"",""cpu"":""0.04%"",""mem"":""145.1MiB / 122.8GiB""},{""name"":""lab-allegro-stub"",""cpu"":""0.00%"",""mem"":""21.03MiB / 122.8GiB""},{""name"":""lab-erli-stub"",""cpu"":""0.00%"",""mem"":""18.05MiB / 122.8GiB""},{""name"":""lab-eparagony-stub"",""cpu"":""3.87%"",""mem"":""20.57MiB / 122.8GiB""},{""name"":""lab-invoicing-stub"",""cpu"":""0.00%"",""mem"":""16.6MiB / 122.8GiB""},{""name"":""lab-shipping-stub"",""cpu"":""0.00%"",""mem"":""16.58MiB / 122.8GiB""},{""name"":""lab-eparagony-stub-tls"",""cpu"":""0.00%"",""mem"":""23.3MiB / 122.8GiB""},{""name"":""lab-erli-stub-tls"",""cpu"":""0.00%"",""mem"":""22.67MiB / 122.8GiB""},{""name"":""lab-wc-tls"",""cpu"":""0.00%"",""mem"":""29.51MiB / 122.8GiB""},{""name"":""lab-prestashop"",""cpu"":""8.42%"",""mem"":""139.5MiB / 122.8GiB""},{""name"":""lab-woocommerce"",""cpu"":""0.01%"",""mem"":""294.6MiB / 122.8GiB""},{""name"":""lab-redis"",""cpu"":""0.75%"",""mem"":""80.4MiB / 122.8GiB""},{""name"":""lab-postgres"",""cpu"":""62.09%"",""mem"":""241.3MiB / 122.8GiB""},{""name"":""lab-mysql"",""cpu"":""7.97%"",""mem"":""724.4MiB / 122.8GiB""},{""name"":""lab-woocommerce-mysql"",""cpu"":""0.77%"",""mem"":""511.8MiB / 122.8GiB""}]"
2026-09-10T13:43:26Z,3,1478,2,47,20,2668746419,"[{""name"":""lab-worker-1"",""cpu"":""5.59%"",""mem"":""133.3MiB / 122.8GiB""},{""name"":""lab-api"",""cpu"":""0.00%"",""mem"":""144.9MiB / 122.8GiB""},{""name"":""lab-allegro-stub"",""cpu"":""0.00%"",""mem"":""21.03MiB / 122.8GiB""},{""name"":""lab-erli-stub"",""cpu"":""0.00%"",""mem"":""18.05MiB / 122.8GiB""},{""name"":""lab-eparagony-stub"",""cpu"":""0.00%"",""mem"":""20.36MiB / 122.8GiB""},{""name"":""lab-invoicing-stub"",""cpu"":""0.01%"",""mem"":""16.6MiB / 122.8GiB""},{""name"":""lab-shipping-stub"",""cpu"":""0.01%"",""mem"":""16.59MiB / 122.8GiB""},{""name"":""lab-eparagony-stub-tls"",""cpu"":""0.00%"",""mem"":""23.3MiB / 122.8GiB""},{""name"":""lab-erli-stub-tls"",""cpu"":""0.00%"",""mem"":""22.67MiB / 122.8GiB""},{""name"":""lab-wc-tls"",""cpu"":""0.00%"",""mem"":""29.51MiB / 122.8GiB""},{""name"":""lab-prestashop"",""cpu"":""7.57%"",""mem"":""139.5MiB / 122.8GiB""},{""name"":""lab-woocommerce"",""cpu"":""0.01%"",""mem"":""294.6MiB / 122.8GiB""},{""name"":""lab-redis"",""cpu"":""0.68%"",""mem"":""80.7MiB / 122.8GiB""},{""name"":""lab-postgres"",""cpu"":""64.14%"",""mem"":""241.8MiB / 122.8GiB""},{""name"":""lab-mysql"",""cpu"":""9.00%"",""mem"":""724.4MiB / 122.8GiB""},{""name"":""lab-woocommerce-mysql"",""cpu"":""0.79%"",""mem"":""511.8MiB / 122.8GiB""}]"
2026-09-10T13:43:29Z,3,1479,1,47,20,2668746419,"[{""name"":""lab-worker-1"",""cpu"":""5.44%"",""mem"":""133.4MiB / 122.8GiB""},{""name"":""lab-api"",""cpu"":""0.00%"",""mem"":""144.9MiB / 122.8GiB""},{""name"":""lab-allegro-stub"",""cpu"":""4.14%"",""mem"":""21.03MiB / 122.8GiB""},{""name"":""lab-erli-stub"",""cpu"":""0.01%"",""mem"":""18.05MiB / 122.8GiB""},{""name"":""lab-eparagony-stub"",""cpu"":""0.01%"",""mem"":""20.37MiB / 122.8GiB""},{""name"":""lab-invoicing-stub"",""cpu"":""4.07%"",""mem"":""16.6MiB / 122.8GiB""},{""name"":""lab-shipping-stub"",""cpu"":""3.66%"",""mem"":""16.61MiB / 122.8GiB""},{""name"":""lab-eparagony-stub-tls"",""cpu"":""0.00%"",""mem"":""23.3MiB / 122.8GiB""},{""name"":""lab-erli-stub-tls"",""cpu"":""0.00%"",""mem"":""22.67MiB / 122.8GiB""},{""name"":""lab-wc-tls"",""cpu"":""0.00%"",""mem"":""29.51MiB / 122.8GiB""},{""name"":""lab-prestashop"",""cpu"":""7.79%"",""mem"":""137.5MiB / 122.8GiB""},{""name"":""lab-woocommerce"",""cpu"":""0.01%"",""mem"":""294.6MiB / 122.8GiB""},{""name"":""lab-redis"",""cpu"":""0.78%"",""mem"":""80.45MiB / 122.8GiB""},{""name"":""lab-postgres"",""cpu"":""59.52%"",""mem"":""241.8MiB / 122.8GiB""},{""name"":""lab-mysql"",""cpu"":""7.87%"",""mem"":""724.4MiB / 122.8GiB""},{""name"":""lab-woocommerce-mysql"",""cpu"":""0.74%"",""mem"":""511.8MiB / 122.8GiB""}]"
2026-09-10T13:43:32Z,3,1478,2,47,20,2668754611,"[{""name"":""lab-worker-1"",""cpu"":""9.52%"",""mem"":""133.5MiB / 122.8GiB""},{""name"":""lab-api"",""cpu"":""0.56%"",""mem"":""145MiB / 122.8GiB""},{""name"":""lab-allegro-stub"",""cpu"":""0.00%"",""mem"":""21.03MiB / 122.8GiB""},{""name"":""lab-erli-stub"",""cpu"":""0.00%"",""mem"":""18.05MiB / 122.8GiB""},{""name"":""lab-eparagony-stub"",""cpu"":""0.00%"",""mem"":""20.36MiB / 122.8GiB""},{""name"":""lab-invoicing-stub"",""cpu"":""0.00%"",""mem"":""16.6MiB / 122.8GiB""},{""name"":""lab-shipping-stub"",""cpu"":""0.00%"",""mem"":""16.58MiB / 122.8GiB""},{""name"":""lab-eparagony-stub-tls"",""cpu"":""0.00%"",""mem"":""23.3MiB / 122.8GiB""},{""name"":""lab-erli-stub-tls"",""cpu"":""0.00%"",""mem"":""22.67MiB / 122.8GiB""},{""name"":""lab-wc-tls"",""cpu"":""0.00%"",""mem"":""29.51MiB / 122.8GiB""},{""name"":""lab-prestashop"",""cpu"":""9.29%"",""mem"":""137.5MiB / 122.8GiB""},{""name"":""lab-woocommerce"",""cpu"":""0.01%"",""mem"":""294.6MiB / 122.8GiB""},{""name"":""lab-redis"",""cpu"":""4.59%"",""mem"":""80.46MiB / 122.8GiB""},{""name"":""lab-postgres"",""cpu"":""62.17%"",""mem"":""241.8MiB / 122.8GiB""},{""name"":""lab-mysql"",""cpu"":""9.06%"",""mem"":""724.4MiB / 122.8GiB""},{""name"":""lab-woocommerce-mysql"",""cpu"":""0.74%"",""mem"":""511.8MiB / 122.8GiB""}]"
2026-09-10T13:43:35Z,3,1552,2,47,20,2668754611,"[{""name"":""lab-worker-1"",""cpu"":""3.34%"",""mem"":""133.2MiB / 122.8GiB""},{""name"":""lab-api"",""cpu"":""0.00%"",""mem"":""145MiB / 122.8GiB""},{""name"":""lab-allegro-stub"",""cpu"":""0.01%"",""mem"":""21.03MiB / 122.8GiB""},{""name"":""lab-erli-stub"",""cpu"":""0.00%"",""mem"":""18.05MiB / 122.8GiB""},{""name"":""lab-eparagony-stub"",""cpu"":""0.00%"",""mem"":""20.36MiB / 122.8GiB""},{""name"":""lab-invoicing-stub"",""cpu"":""0.01%"",""mem"":""16.6MiB / 122.8GiB""},{""name"":""lab-shipping-stub"",""cpu"":""0.01%"",""mem"":""16.58MiB / 122.8GiB""},{""name"":""lab-eparagony-stub-tls"",""cpu"":""0.00%"",""mem"":""23.3MiB / 122.8GiB""},{""name"":""lab-erli-stub-tls"",""cpu"":""0.00%"",""mem"":""22.67MiB / 122.8GiB""},{""name"":""lab-wc-tls"",""cpu"":""0.00%"",""mem"":""29.51MiB / 122.8GiB""},{""name"":""lab-prestashop"",""cpu"":""7.67%"",""mem"":""137.5MiB / 122.8GiB""},{""name"":""lab-woocommerce"",""cpu"":""0.00%"",""mem"":""294.6MiB / 122.8GiB""},{""name"":""lab-redis"",""cpu"":""0.72%"",""mem"":""80.5MiB / 122.8GiB""},{""name"":""lab-postgres"",""cpu"":""63.86%"",""mem"":""244MiB / 122.8GiB""},{""name"":""lab-mysql"",""cpu"":""6.39%"",""mem"":""724.4MiB / 122.8GiB""},{""name"":""lab-woocommerce-mysql"",""cpu"":""0.70%"",""mem"":""511.8MiB / 122.8GiB""}]"
2026-09-10T13:43:38Z,3,1578,2,47,20,2668754611,"[{""name"":""lab-worker-1"",""cpu"":""4.71%"",""mem"":""133.5MiB / 122.8GiB""},{""name"":""lab-api"",""cpu"":""0.01%"",""mem"":""145MiB / 122.8GiB""},{""name"":""lab-allegro-stub"",""cpu"":""0.00%"",""mem"":""21.03MiB / 122.8GiB""},{""name"":""lab-erli-stub"",""cpu"":""4.19%"",""mem"":""18.09MiB / 122.8GiB""},{""name"":""lab-eparagony-stub"",""cpu"":""4.21%"",""mem"":""20.36MiB / 122.8GiB""},{""name"":""lab-invoicing-stub"",""cpu"":""0.00%"",""mem"":""16.6MiB / 122.8GiB""},{""name"":""lab-shipping-stub"",""cpu"":""0.00%"",""mem"":""16.58MiB / 122.8GiB""},{""name"":""lab-eparagony-stub-tls"",""cpu"":""0.00%"",""mem"":""23.3MiB / 122.8GiB""},{""name"":""lab-erli-stub-tls"",""cpu"":""0.00%"",""mem"":""22.67MiB / 122.8GiB""},{""name"":""lab-wc-tls"",""cpu"":""0.00%"",""mem"":""29.51MiB / 122.8GiB""},{""name"":""lab-prestashop"",""cpu"":""7.75%"",""mem"":""137.7MiB / 122.8GiB""},{""name"":""lab-woocommerce"",""cpu"":""0.01%"",""mem"":""294.6MiB / 122.8GiB""},{""name"":""lab-redis"",""cpu"":""0.73%"",""mem"":""80.5MiB / 122.8GiB""},{""name"":""lab-postgres"",""cpu"":""65.55%"",""mem"":""244.5MiB / 122.8GiB""},{""name"":""lab-mysql"",""cpu"":""7.64%"",""mem"":""724.4MiB / 122.8GiB""},{""name"":""lab-woocommerce-mysql"",""cpu"":""0.76%"",""mem"":""511.8MiB / 122.8GiB""}]"
2026-09-10T13:43:42Z,3,1578,2,47,20,2668754611,"[{""name"":""lab-worker-1"",""cpu"":""3.12%"",""mem"":""133.3MiB / 122.8GiB""},{""name"":""lab-api"",""cpu"":""0.00%"",""mem"":""145MiB / 122.8GiB""},{""name"":""lab-allegro-stub"",""cpu"":""0.00%"",""mem"":""21.03MiB / 122.8GiB""},{""name"":""lab-erli-stub"",""cpu"":""0.00%"",""mem"":""18.05MiB / 122.8GiB""},{""name"":""lab-eparagony-stub"",""cpu"":""0.00%"",""mem"":""20.36MiB / 122.8GiB""},{""name"":""lab-invoicing-stub"",""cpu"":""0.00%"",""mem"":""16.6MiB / 122.8GiB""},{""name"":""lab-shipping-stub"",""cpu"":""0.00%"",""mem"":""16.58MiB / 122.8GiB""},{""name"":""lab-eparagony-stub-tls"",""cpu"":""0.00%"",""mem"":""23.3MiB / 122.8GiB""},{""name"":""lab-erli-stub-tls"",""cpu"":""0.00%"",""mem"":""22.67MiB / 122.8GiB""},{""name"":""lab-wc-tls"",""cpu"":""0.00%"",""mem"":""29.51MiB / 122.8GiB""},{""name"":""lab-prestashop"",""cpu"":""12.84%"",""mem"":""135.5MiB / 122.8GiB""},{""name"":""lab-woocommerce"",""cpu"":""0.00%"",""mem"":""294.6MiB / 122.8GiB""},{""name"":""lab-redis"",""cpu"":""1.80%"",""mem"":""85.71MiB / 122.8GiB""},{""name"":""lab-postgres"",""cpu"":""63.38%"",""mem"":""244.5MiB / 122.8GiB""},{""name"":""lab-mysql"",""cpu"":""8.67%"",""mem"":""724.4MiB / 122.8GiB""},{""name"":""lab-woocommerce-mysql"",""cpu"":""0.80%"",""mem"":""511.8MiB / 122.8GiB""}]"
2026-09-10T13:43:45Z,4,1578,2,47,21,2668754611,"[{""name"":""lab-worker-1"",""cpu"":""16.97%"",""mem"":""134.1MiB / 122.8GiB""},{""name"":""lab-api"",""cpu"":""0.00%"",""mem"":""145MiB / 122.8GiB""},{""name"":""lab-allegro-stub"",""cpu"":""3.97%"",""mem"":""21.04MiB / 122.8GiB""},{""name"":""lab-erli-stub"",""cpu"":""0.00%"",""mem"":""18.05MiB / 122.8GiB""},{""name"":""lab-eparagony-stub"",""cpu"":""0.00%"",""mem"":""20.36MiB / 122.8GiB""},{""name"":""lab-invoicing-stub"",""cpu"":""4.03%"",""mem"":""16.6MiB / 122.8GiB""},{""name"":""lab-shipping-stub"",""cpu"":""3.57%"",""mem"":""16.58MiB / 122.8GiB""},{""name"":""lab-eparagony-stub-tls"",""cpu"":""0.00%"",""mem"":""23.3MiB / 122.8GiB""},{""name"":""lab-erli-stub-tls"",""cpu"":""0.00%"",""mem"":""22.67MiB / 122.8GiB""},{""name"":""lab-wc-tls"",""cpu"":""0.00%"",""mem"":""29.51MiB / 122.8GiB""},{""name"":""lab-prestashop"",""cpu"":""8.15%"",""mem"":""135.5MiB / 122.8GiB""},{""name"":""lab-woocommerce"",""cpu"":""0.01%"",""mem"":""294.6MiB / 122.8GiB""},{""name"":""lab-redis"",""cpu"":""0.73%"",""mem"":""80.57MiB / 122.8GiB""},{""name"":""lab-postgres"",""cpu"":""63.25%"",""mem"":""241.8MiB / 122.8GiB""},{""name"":""lab-mysql"",""cpu"":""11.41%"",""mem"":""724.4MiB / 122.8GiB""},{""name"":""lab-woocommerce-mysql"",""cpu"":""0.75%"",""mem"":""511.8MiB / 122.8GiB""}]"
2026-09-10T13:43:48Z,3,1679,0,47,21,2668762803,"[{""name"":""lab-worker-1"",""cpu"":""3.88%"",""mem"":""134MiB / 122.8GiB""},{""name"":""lab-api"",""cpu"":""0.01%"",""mem"":""145MiB / 122.8GiB""},{""name"":""lab-allegro-stub"",""cpu"":""0.00%"",""mem"":""21.03MiB / 122.8GiB""},{""name"":""lab-erli-stub"",""cpu"":""0.00%"",""mem"":""18.05MiB / 122.8GiB""},{""name"":""lab-eparagony-stub"",""cpu"":""4.08%"",""mem"":""20.41MiB / 122.8GiB""},{""name"":""lab-invoicing-stub"",""cpu"":""0.00%"",""mem"":""16.6MiB / 122.8GiB""},{""name"":""lab-shipping-stub"",""cpu"":""0.00%"",""mem"":""16.58MiB / 122.8GiB""},{""name"":""lab-eparagony-stub-tls"",""cpu"":""0.00%"",""mem"":""23.3MiB / 122.8GiB""},{""name"":""lab-erli-stub-tls"",""cpu"":""0.00%"",""mem"":""22.67MiB / 122.8GiB""},{""name"":""lab-wc-tls"",""cpu"":""0.00%"",""mem"":""29.51MiB / 122.8GiB""},{""name"":""lab-prestashop"",""cpu"":""8.31%"",""mem"":""135.5MiB / 122.8GiB""},{""name"":""lab-woocommerce"",""cpu"":""0.01%"",""mem"":""294.6MiB / 122.8GiB""},{""name"":""lab-redis"",""cpu"":""0.80%"",""mem"":""80.56MiB / 122.8GiB""},{""name"":""lab-postgres"",""cpu"":""61.57%"",""mem"":""241.8MiB / 122.8GiB""},{""name"":""lab-mysql"",""cpu"":""7.73%"",""mem"":""724.4MiB / 122.8GiB""},{""name"":""lab-woocommerce-mysql"",""cpu"":""5.06%"",""mem"":""511.8MiB / 122.8GiB""}]"
2026-09-10T13:43:51Z,3,1679,1,47,20,2668762803,"[{""name"":""lab-worker-1"",""cpu"":""3.79%"",""mem"":""134MiB / 122.8GiB""},{""name"":""lab-api"",""cpu"":""0.01%"",""mem"":""145MiB / 122.8GiB""},{""name"":""lab-allegro-stub"",""cpu"":""0.00%"",""mem"":""21.03MiB / 122.8GiB""},{""name"":""lab-erli-stub"",""cpu"":""0.00%"",""mem"":""18.06MiB / 122.8GiB""},{""name"":""lab-eparagony-stub"",""cpu"":""0.00%"",""mem"":""20.37MiB / 122.8GiB""},{""name"":""lab-invoicing-stub"",""cpu"":""0.00%"",""mem"":""16.6MiB / 122.8GiB""},{""name"":""lab-shipping-stub"",""cpu"":""0.00%"",""mem"":""16.58MiB / 122.8GiB""},{""name"":""lab-eparagony-stub-tls"",""cpu"":""0.00%"",""mem"":""23.3MiB / 122.8GiB""},{""name"":""lab-erli-stub-tls"",""cpu"":""0.00%"",""mem"":""22.67MiB / 122.8GiB""},{""name"":""lab-wc-tls"",""cpu"":""0.00%"",""mem"":""29.51MiB / 122.8GiB""},{""name"":""lab-prestashop"",""cpu"":""9.03%"",""mem"":""135.5MiB / 122.8GiB""},{""name"":""lab-woocommerce"",""cpu"":""0.01%"",""mem"":""294.6MiB / 122.8GiB""},{""name"":""lab-redis"",""cpu"":""0.82%"",""mem"":""80.57MiB / 122.8GiB""},{""name"":""lab-postgres"",""cpu"":""61.67%"",""mem"":""241.8MiB / 122.8GiB""},{""name"":""lab-mysql"",""cpu"":""7.96%"",""mem"":""724.4MiB / 122.8GiB""},{""name"":""lab-woocommerce-mysql"",""cpu"":""0.76%"",""mem"":""511.8MiB / 122.8GiB""}]"
2026-09-10T13:43:54Z,3,1681,0,47,20,2668762803,"[{""name"":""lab-worker-1"",""cpu"":""15.93%"",""mem"":""134.6MiB / 122.8GiB""},{""name"":""lab-api"",""cpu"":""0.00%"",""mem"":""145MiB / 122.8GiB""},{""name"":""lab-allegro-stub"",""cpu"":""4.83%"",""mem"":""21.04MiB / 122.8GiB""},{""name"":""lab-erli-stub"",""cpu"":""3.36%"",""mem"":""18.05MiB / 122.8GiB""},{""name"":""lab-eparagony-stub"",""cpu"":""0.01%"",""mem"":""20.37MiB / 122.8GiB""},{""name"":""lab-invoicing-stub"",""cpu"":""4.19%"",""mem"":""16.62MiB / 122.8GiB""},{""name"":""lab-shipping-stub"",""cpu"":""3.77%"",""mem"":""16.65MiB / 122.8GiB""},{""name"":""lab-eparagony-stub-tls"",""cpu"":""0.00%"",""mem"":""23.3MiB / 122.8GiB""},{""name"":""lab-erli-stub-tls"",""cpu"":""0.00%"",""mem"":""22.67MiB / 122.8GiB""},{""name"":""lab-wc-tls"",""cpu"":""0.00%"",""mem"":""29.51MiB / 122.8GiB""},{""name"":""lab-prestashop"",""cpu"":""10.51%"",""mem"":""135.5MiB / 122.8GiB""},{""name"":""lab-woocommerce"",""cpu"":""0.01%"",""mem"":""294.6MiB / 122.8GiB""},{""name"":""lab-redis"",""cpu"":""2.58%"",""mem"":""80.62MiB / 122.8GiB""},{""name"":""lab-postgres"",""cpu"":""75.24%"",""mem"":""241.8MiB / 122.8GiB""},{""name"":""lab-mysql"",""cpu"":""13.06%"",""mem"":""724.4MiB / 122.8GiB""},{""name"":""lab-woocommerce-mysql"",""cpu"":""0.70%"",""mem"":""511.8MiB / 122.8GiB""}]"
2026-09-10T13:43:57Z,3,1752,1,47,19,2668762803,"[{""name"":""lab-worker-1"",""cpu"":""3.92%"",""mem"":""134.6MiB / 122.8GiB""},{""name"":""lab-api"",""cpu"":""0.00%"",""mem"":""145MiB / 122.8GiB""},{""name"":""lab-allegro-stub"",""cpu"":""0.00%"",""mem"":""21.03MiB / 122.8GiB""},{""name"":""lab-erli-stub"",""cpu"":""0.00%"",""mem"":""18.05MiB / 122.8GiB""},{""name"":""lab-eparagony-stub"",""cpu"":""0.01%"",""mem"":""20.36MiB / 122.8GiB""},{""name"":""lab-invoicing-stub"",""cpu"":""0.00%"",""mem"":""16.6MiB / 122.8GiB""},{""name"":""lab-shipping-stub"",""cpu"":""0.00%"",""mem"":""16.58MiB / 122.8GiB""},{""name"":""lab-eparagony-stub-tls"",""cpu"":""0.00%"",""mem"":""23.3MiB / 122.8GiB""},{""name"":""lab-erli-stub-tls"",""cpu"":""0.00%"",""mem"":""22.67MiB / 122.8GiB""},{""name"":""lab-wc-tls"",""cpu"":""0.00%"",""mem"":""29.51MiB / 122.8GiB""},{""name"":""lab-prestashop"",""cpu"":""8.18%"",""mem"":""135.5MiB / 122.8GiB""},{""name"":""lab-woocommerce"",""cpu"":""0.01%"",""mem"":""294.6MiB / 122.8GiB""},{""name"":""lab-redis"",""cpu"":""0.71%"",""mem"":""80.61MiB / 122.8GiB""},{""name"":""lab-postgres"",""cpu"":""60.30%"",""mem"":""241.8MiB / 122.8GiB""},{""name"":""lab-mysql"",""cpu"":""8.09%"",""mem"":""724.6MiB / 122.8GiB""},{""name"":""lab-woocommerce-mysql"",""cpu"":""0.74%"",""mem"":""511.8MiB / 122.8GiB""}]"
2026-09-10T13:44:00Z,3,1752,1,47,20,2668762803,"[{""name"":""lab-worker-1"",""cpu"":""3.63%"",""mem"":""134.6MiB / 122.8GiB""},{""name"":""lab-api"",""cpu"":""0.00%"",""mem"":""145MiB / 122.8GiB""},{""name"":""lab-allegro-stub"",""cpu"":""0.01%"",""mem"":""21.03MiB / 122.8GiB""},{""name"":""lab-erli-stub"",""cpu"":""0.00%"",""mem"":""18.05MiB / 122.8GiB""},{""name"":""lab-eparagony-stub"",""cpu"":""0.00%"",""mem"":""20.37MiB / 122.8GiB""},{""name"":""lab-invoicing-stub"",""cpu"":""0.01%"",""mem"":""16.6MiB / 122.8GiB""},{""name"":""lab-shipping-stub"",""cpu"":""0.01%"",""mem"":""16.58MiB / 122.8GiB""},{""name"":""lab-eparagony-stub-tls"",""cpu"":""0.00%"",""mem"":""23.3MiB / 122.8GiB""},{""name"":""lab-erli-stub-tls"",""cpu"":""0.00%"",""mem"":""22.67MiB / 122.8GiB""},{""name"":""lab-wc-tls"",""cpu"":""0.00%"",""mem"":""29.51MiB / 122.8GiB""},{""name"":""lab-prestashop"",""cpu"":""8.80%"",""mem"":""135.5MiB / 122.8GiB""},{""name"":""lab-woocommerce"",""cpu"":""0.01%"",""mem"":""294.6MiB / 122.8GiB""},{""name"":""lab-redis"",""cpu"":""0.71%"",""mem"":""80.86MiB / 122.8GiB""},{""name"":""lab-postgres"",""cpu"":""60.91%"",""mem"":""241.8MiB / 122.8GiB""},{""name"":""lab-mysql"",""cpu"":""9.17%"",""mem"":""724.4MiB / 122.8GiB""},{""name"":""lab-woocommerce-mysql"",""cpu"":""0.73%"",""mem"":""511.8MiB / 122.8GiB""}]"
2026-09-10T13:44:03Z,3,1752,0,47,20,2668762803,"[{""name"":""lab-worker-1"",""cpu"":""4.06%"",""mem"":""134.7MiB / 122.8GiB""},{""name"":""lab-api"",""cpu"":""0.01%"",""mem"":""145MiB / 122.8GiB""},{""name"":""lab-allegro-stub"",""cpu"":""0.00%"",""mem"":""21.03MiB / 122.8GiB""},{""name"":""lab-erli-stub"",""cpu"":""4.02%"",""mem"":""18.09MiB / 122.8GiB""},{""name"":""lab-eparagony-stub"",""cpu"":""4.00%"",""mem"":""20.38MiB / 122.8GiB""},{""name"":""lab-invoicing-stub"",""cpu"":""0.00%"",""mem"":""16.6MiB / 122.8GiB""},{""name"":""lab-shipping-stub"",""cpu"":""0.00%"",""mem"":""16.58MiB / 122.8GiB""},{""name"":""lab-eparagony-stub-tls"",""cpu"":""0.00%"",""mem"":""23.3MiB / 122.8GiB""},{""name"":""lab-erli-stub-tls"",""cpu"":""0.00%"",""mem"":""22.67MiB / 122.8GiB""},{""name"":""lab-wc-tls"",""cpu"":""0.00%"",""mem"":""29.51MiB / 122.8GiB""},{""name"":""lab-prestashop"",""cpu"":""8.32%"",""mem"":""135.5MiB / 122.8GiB""},{""name"":""lab-woocommerce"",""cpu"":""0.00%"",""mem"":""294.6MiB / 122.8GiB""},{""name"":""lab-redis"",""cpu"":""0.75%"",""mem"":""80.86MiB / 122.8GiB""},{""name"":""lab-postgres"",""cpu"":""62.30%"",""mem"":""241.8MiB / 122.8GiB""},{""name"":""lab-mysql"",""cpu"":""7.82%"",""mem"":""724.4MiB / 122.8GiB""},{""name"":""lab-woocommerce-mysql"",""cpu"":""0.73%"",""mem"":""511.8MiB / 122.8GiB""}]"
2026-09-10T13:44:07Z,3,1751,1,47,21,2668762803,"[{""name"":""lab-worker-1"",""cpu"":""5.25%"",""mem"":""134.5MiB / 122.8GiB""},{""name"":""lab-api"",""cpu"":""0.00%"",""mem"":""145MiB / 122.8GiB""},{""name"":""lab-allegro-stub"",""cpu"":""0.00%"",""mem"":""21.03MiB / 122.8GiB""},{""name"":""lab-erli-stub"",""cpu"":""0.00%"",""mem"":""18.05MiB / 122.8GiB""},{""name"":""lab-eparagony-stub"",""cpu"":""0.00%"",""mem"":""20.36MiB / 122.8GiB""},{""name"":""lab-invoicing-stub"",""cpu"":""0.00%"",""mem"":""16.6MiB / 122.8GiB""},{""name"":""lab-shipping-stub"",""cpu"":""0.00%"",""mem"":""16.58MiB / 122.8GiB""},{""name"":""lab-eparagony-stub-tls"",""cpu"":""0.00%"",""mem"":""23.3MiB / 122.8GiB""},{""name"":""lab-erli-stub-tls"",""cpu"":""0.00%"",""mem"":""22.67MiB / 122.8GiB""},{""name"":""lab-wc-tls"",""cpu"":""0.00%"",""mem"":""29.51MiB / 122.8GiB""},{""name"":""lab-prestashop"",""cpu"":""7.97%"",""mem"":""135.5MiB / 122.8GiB""},{""name"":""lab-woocommerce"",""cpu"":""0.00%"",""mem"":""294.6MiB / 122.8GiB""},{""name"":""lab-redis"",""cpu"":""0.70%"",""mem"":""80.61MiB / 122.8GiB""},{""name"":""lab-postgres"",""cpu"":""63.48%"",""mem"":""241.8MiB / 122.8GiB""},{""name"":""lab-mysql"",""cpu"":""7.78%"",""mem"":""724.6MiB / 122.8GiB""},{""name"":""lab-woocommerce-mysql"",""cpu"":""0.72%"",""mem"":""511.8MiB / 122.8GiB""}]"
2026-09-10T13:44:10Z,4,1751,2,47,19,2668770995,"[{""name"":""lab-worker-1"",""cpu"":""5.00%"",""mem"":""134.8MiB / 122.8GiB""},{""name"":""lab-api"",""cpu"":""0.00%"",""mem"":""145MiB / 122.8GiB""},{""name"":""lab-allegro-stub"",""cpu"":""2.75%"",""mem"":""21.03MiB / 122.8GiB""},{""name"":""lab-erli-stub"",""cpu"":""0.00%"",""mem"":""18.06MiB / 122.8GiB""},{""name"":""lab-eparagony-stub"",""cpu"":""0.00%"",""mem"":""20.37MiB / 122.8GiB""},{""name"":""lab-invoicing-stub"",""cpu"":""4.20%"",""mem"":""16.6MiB / 122.8GiB""},{""name"":""lab-shipping-stub"",""cpu"":""4.07%"",""mem"":""16.58MiB / 122.8GiB""},{""name"":""lab-eparagony-stub-tls"",""cpu"":""0.00%"",""mem"":""23.3MiB / 122.8GiB""},{""name"":""lab-erli-stub-tls"",""cpu"":""0.00%"",""mem"":""22.67MiB / 122.8GiB""},{""name"":""lab-wc-tls"",""cpu"":""0.00%"",""mem"":""29.51MiB / 122.8GiB""},{""name"":""lab-prestashop"",""cpu"":""8.44%"",""mem"":""135.5MiB / 122.8GiB""},{""name"":""lab-woocommerce"",""cpu"":""0.00%"",""mem"":""294.6MiB / 122.8GiB""},{""name"":""lab-redis"",""cpu"":""0.77%"",""mem"":""80.61MiB / 122.8GiB""},{""name"":""lab-postgres"",""cpu"":""57.74%"",""mem"":""241.8MiB / 122.8GiB""},{""name"":""lab-mysql"",""cpu"":""7.57%"",""mem"":""724.6MiB / 122.8GiB""},{""name"":""lab-woocommerce-mysql"",""cpu"":""0.76%"",""mem"":""511.8MiB / 122.8GiB""}]"
2026-09-10T13:44:13Z,3,1751,1,47,20,2668770995,"[{""name"":""lab-worker-1"",""cpu"":""4.35%"",""mem"":""134.6MiB / 122.8GiB""},{""name"":""lab-api"",""cpu"":""0.48%"",""mem"":""145.1MiB / 122.8GiB""},{""name"":""lab-allegro-stub"",""cpu"":""0.00%"",""mem"":""21.03MiB / 122.8GiB""},{""name"":""lab-erli-stub"",""cpu"":""0.01%"",""mem"":""18.05MiB / 122.8GiB""},{""name"":""lab-eparagony-stub"",""cpu"":""0.00%"",""mem"":""20.37MiB / 122.8GiB""},{""name"":""lab-invoicing-stub"",""cpu"":""0.00%"",""mem"":""16.6MiB / 122.8GiB""},{""name"":""lab-shipping-stub"",""cpu"":""0.00%"",""mem"":""16.58MiB / 122.8GiB""},{""name"":""lab-eparagony-stub-tls"",""cpu"":""0.00%"",""mem"":""23.3MiB / 122.8GiB""},{""name"":""lab-erli-stub-tls"",""cpu"":""0.00%"",""mem"":""22.67MiB / 122.8GiB""},{""name"":""lab-wc-tls"",""cpu"":""0.00%"",""mem"":""29.51MiB / 122.8GiB""},{""name"":""lab-prestashop"",""cpu"":""8.85%"",""mem"":""135.5MiB / 122.8GiB""},{""name"":""lab-woocommerce"",""cpu"":""14.89%"",""mem"":""294.6MiB / 122.8GiB""},{""name"":""lab-redis"",""cpu"":""5.09%"",""mem"":""80.61MiB / 122.8GiB""},{""name"":""lab-postgres"",""cpu"":""61.47%"",""mem"":""239.1MiB / 122.8GiB""},{""name"":""lab-mysql"",""cpu"":""8.20%"",""mem"":""724.4MiB / 122.8GiB""},{""name"":""lab-woocommerce-mysql"",""cpu"":""1.96%"",""mem"":""511.8MiB / 122.8GiB""}]"
2026-09-10T13:44:16Z,3,1752,2,47,20,2668770995,"[{""name"":""lab-worker-1"",""cpu"":""2.91%"",""mem"":""134.9MiB / 122.8GiB""},{""name"":""lab-api"",""cpu"":""0.00%"",""mem"":""145.1MiB / 122.8GiB""},{""name"":""lab-allegro-stub"",""cpu"":""0.00%"",""mem"":""21.03MiB / 122.8GiB""},{""name"":""lab-erli-stub"",""cpu"":""0.00%"",""mem"":""18.05MiB / 122.8GiB""},{""name"":""lab-eparagony-stub"",""cpu"":""0.00%"",""mem"":""20.37MiB / 122.8GiB""},{""name"":""lab-invoicing-stub"",""cpu"":""0.00%"",""mem"":""16.6MiB / 122.8GiB""},{""name"":""lab-shipping-stub"",""cpu"":""0.00%"",""mem"":""16.58MiB / 122.8GiB""},{""name"":""lab-eparagony-stub-tls"",""cpu"":""0.00%"",""mem"":""23.3MiB / 122.8GiB""},{""name"":""lab-erli-stub-tls"",""cpu"":""0.00%"",""mem"":""22.67MiB / 122.8GiB""},{""name"":""lab-wc-tls"",""cpu"":""0.00%"",""mem"":""29.51MiB / 122.8GiB""},{""name"":""lab-prestashop"",""cpu"":""7.70%"",""mem"":""135.5MiB / 122.8GiB""},{""name"":""lab-woocommerce"",""cpu"":""0.01%"",""mem"":""294.6MiB / 122.8GiB""},{""name"":""lab-redis"",""cpu"":""0.70%"",""mem"":""80.61MiB / 122.8GiB""},{""name"":""lab-postgres"",""cpu"":""58.39%"",""mem"":""241.3MiB / 122.8GiB""},{""name"":""lab-mysql"",""cpu"":""7.64%"",""mem"":""724.4MiB / 122.8GiB""},{""name"":""lab-woocommerce-mysql"",""cpu"":""0.74%"",""mem"":""511.8MiB / 122.8GiB""}]"
2026-09-10T13:44:19Z,3,1752,2,47,20,2668779187,"[{""name"":""lab-worker-1"",""cpu"":""4.26%"",""mem"":""134.6MiB / 122.8GiB""},{""name"":""lab-api"",""cpu"":""0.00%"",""mem"":""145.1MiB / 122.8GiB""},{""name"":""lab-allegro-stub"",""cpu"":""0.00%"",""mem"":""21.03MiB / 122.8GiB""},{""name"":""lab-erli-stub"",""cpu"":""4.02%"",""mem"":""18.05MiB / 122.8GiB""},{""name"":""lab-eparagony-stub"",""cpu"":""4.11%"",""mem"":""20.37MiB / 122.8GiB""},{""name"":""lab-invoicing-stub"",""cpu"":""0.00%"",""mem"":""16.6MiB / 122.8GiB""},{""name"":""lab-shipping-stub"",""cpu"":""0.00%"",""mem"":""16.58MiB / 122.8GiB""},{""name"":""lab-eparagony-stub-tls"",""cpu"":""0.00%"",""mem"":""23.3MiB / 122.8GiB""},{""name"":""lab-erli-stub-tls"",""cpu"":""0.00%"",""mem"":""22.67MiB / 122.8GiB""},{""name"":""lab-wc-tls"",""cpu"":""0.00%"",""mem"":""29.51MiB / 122.8GiB""},{""name"":""lab-prestashop"",""cpu"":""7.59%"",""mem"":""135.5MiB / 122.8GiB""},{""name"":""lab-woocommerce"",""cpu"":""0.01%"",""mem"":""294.6MiB / 122.8GiB""},{""name"":""lab-redis"",""cpu"":""32.69%"",""mem"":""80.61MiB / 122.8GiB""},{""name"":""lab-postgres"",""cpu"":""61.77%"",""mem"":""241.8MiB / 122.8GiB""},{""name"":""lab-mysql"",""cpu"":""8.07%"",""mem"":""724.6MiB / 122.8GiB""},{""name"":""lab-woocommerce-mysql"",""cpu"":""0.77%"",""mem"":""511.8MiB / 122.8GiB""}]"
2026-09-10T13:44:22Z,3,1751,2,47,19,2668779187,"[{""name"":""lab-worker-1"",""cpu"":""5.31%"",""mem"":""134.9MiB / 122.8GiB""},{""name"":""lab-api"",""cpu"":""0.48%"",""mem"":""145.1MiB / 122.8GiB""},{""name"":""lab-allegro-stub"",""cpu"":""0.00%"",""mem"":""21.03MiB / 122.8GiB""},{""name"":""lab-erli-stub"",""cpu"":""0.00%"",""mem"":""18.05MiB / 122.8GiB""},{""name"":""lab-eparagony-stub"",""cpu"":""0.00%"",""mem"":""20.37MiB / 122.8GiB""},{""name"":""lab-invoicing-stub"",""cpu"":""0.00%"",""mem"":""16.6MiB / 122.8GiB""},{""name"":""lab-shipping-stub"",""cpu"":""0.00%"",""mem"":""16.58MiB / 122.8GiB""},{""name"":""lab-eparagony-stub-tls"",""cpu"":""0.00%"",""mem"":""23.3MiB / 122.8GiB""},{""name"":""lab-erli-stub-tls"",""cpu"":""0.00%"",""mem"":""22.67MiB / 122.8GiB""},{""name"":""lab-wc-tls"",""cpu"":""0.00%"",""mem"":""29.51MiB / 122.8GiB""},{""name"":""lab-prestashop"",""cpu"":""9.27%"",""mem"":""135.5MiB / 122.8GiB""},{""name"":""lab-woocommerce"",""cpu"":""0.00%"",""mem"":""294.6MiB / 122.8GiB""},{""name"":""lab-redis"",""cpu"":""4.95%"",""mem"":""80.66MiB / 122.8GiB""},{""name"":""lab-postgres"",""cpu"":""63.56%"",""mem"":""241.8MiB / 122.8GiB""},{""name"":""lab-mysql"",""cpu"":""9.58%"",""mem"":""724.4MiB / 122.8GiB""},{""name"":""lab-woocommerce-mysql"",""cpu"":""0.73%"",""mem"":""511.8MiB / 122.8GiB""}]"
2026-09-10T13:44:25Z,3,1750,2,47,20,2668779187,"[{""name"":""lab-worker-1"",""cpu"":""3.45%"",""mem"":""134.5MiB / 122.8GiB""},{""name"":""lab-api"",""cpu"":""0.00%"",""mem"":""145.1MiB / 122.8GiB""},{""name"":""lab-allegro-stub"",""cpu"":""0.01%"",""mem"":""21.03MiB / 122.8GiB""},{""name"":""lab-erli-stub"",""cpu"":""0.01%"",""mem"":""18.05MiB / 122.8GiB""},{""name"":""lab-eparagony-stub"",""cpu"":""0.00%"",""mem"":""20.37MiB / 122.8GiB""},{""name"":""lab-invoicing-stub"",""cpu"":""0.01%"",""mem"":""16.6MiB / 122.8GiB""},{""name"":""lab-shipping-stub"",""cpu"":""0.01%"",""mem"":""16.58MiB / 122.8GiB""},{""name"":""lab-eparagony-stub-tls"",""cpu"":""0.00%"",""mem"":""23.3MiB / 122.8GiB""},{""name"":""lab-erli-stub-tls"",""cpu"":""0.00%"",""mem"":""22.67MiB / 122.8GiB""},{""name"":""lab-wc-tls"",""cpu"":""0.00%"",""mem"":""29.51MiB / 122.8GiB""},{""name"":""lab-prestashop"",""cpu"":""7.79%"",""mem"":""135.5MiB / 122.8GiB""},{""name"":""lab-woocommerce"",""cpu"":""0.01%"",""mem"":""294.6MiB / 122.8GiB""},{""name"":""lab-redis"",""cpu"":""0.73%"",""mem"":""80.6MiB / 122.8GiB""},{""name"":""lab-postgres"",""cpu"":""59.83%"",""mem"":""241.8MiB / 122.8GiB""},{""name"":""lab-mysql"",""cpu"":""11.99%"",""mem"":""724.4MiB / 122.8GiB""},{""name"":""lab-woocommerce-mysql"",""cpu"":""0.79%"",""mem"":""511.8MiB / 122.8GiB""}]"
2026-09-10T13:44:28Z,3,1750,2,47,20,2668779187,"[{""name"":""lab-worker-1"",""cpu"":""2.90%"",""mem"":""134.6MiB / 122.8GiB""},{""name"":""lab-api"",""cpu"":""0.01%"",""mem"":""145.1MiB / 122.8GiB""},{""name"":""lab-allegro-stub"",""cpu"":""0.00%"",""mem"":""21.03MiB / 122.8GiB""},{""name"":""lab-erli-stub"",""cpu"":""0.00%"",""mem"":""18.05MiB / 122.8GiB""},{""name"":""lab-eparagony-stub"",""cpu"":""3.76%"",""mem"":""20.38MiB / 122.8GiB""},{""name"":""lab-invoicing-stub"",""cpu"":""0.00%"",""mem"":""16.6MiB / 122.8GiB""},{""name"":""lab-shipping-stub"",""cpu"":""0.00%"",""mem"":""16.58MiB / 122.8GiB""},{""name"":""lab-eparagony-stub-tls"",""cpu"":""0.00%"",""mem"":""23.3MiB / 122.8GiB""},{""name"":""lab-erli-stub-tls"",""cpu"":""0.00%"",""mem"":""22.67MiB / 122.8GiB""},{""name"":""lab-wc-tls"",""cpu"":""0.00%"",""mem"":""29.51MiB / 122.8GiB""},{""name"":""lab-prestashop"",""cpu"":""7.15%"",""mem"":""135.5MiB / 122.8GiB""},{""name"":""lab-woocommerce"",""cpu"":""0.00%"",""mem"":""294.6MiB / 122.8GiB""},{""name"":""lab-redis"",""cpu"":""0.77%"",""mem"":""80.61MiB / 122.8GiB""},{""name"":""lab-postgres"",""cpu"":""61.56%"",""mem"":""241.8MiB / 122.8GiB""},{""name"":""lab-mysql"",""cpu"":""7.20%"",""mem"":""724.4MiB / 122.8GiB""},{""name"":""lab-woocommerce-mysql"",""cpu"":""4.80%"",""mem"":""511.8MiB / 122.8GiB""}]"
2026-09-10T13:44:32Z,3,1750,2,47,20,2668779187,"[{""name"":""lab-worker-1"",""cpu"":""6.23%"",""mem"":""134.7MiB / 122.8GiB""},{""name"":""lab-api"",""cpu"":""0.00%"",""mem"":""145.1MiB / 122.8GiB""},{""name"":""lab-allegro-stub"",""cpu"":""0.00%"",""mem"":""21.03MiB / 122.8GiB""},{""name"":""lab-erli-stub"",""cpu"":""0.00%"",""mem"":""18.06MiB / 122.8GiB""},{""name"":""lab-eparagony-stub"",""cpu"":""0.00%"",""mem"":""20.37MiB / 122.8GiB""},{""name"":""lab-invoicing-stub"",""cpu"":""0.00%"",""mem"":""16.61MiB / 122.8GiB""},{""name"":""lab-shipping-stub"",""cpu"":""0.00%"",""mem"":""16.59MiB / 122.8GiB""},{""name"":""lab-eparagony-stub-tls"",""cpu"":""0.00%"",""mem"":""23.3MiB / 122.8GiB""},{""name"":""lab-erli-stub-tls"",""cpu"":""0.00%"",""mem"":""22.67MiB / 122.8GiB""},{""name"":""lab-wc-tls"",""cpu"":""0.00%"",""mem"":""29.51MiB / 122.8GiB""},{""name"":""lab-prestashop"",""cpu"":""8.69%"",""mem"":""135.5MiB / 122.8GiB""},{""name"":""lab-woocommerce"",""cpu"":""0.01%"",""mem"":""294.6MiB / 122.8GiB""},{""name"":""lab-redis"",""cpu"":""0.70%"",""mem"":""80.61MiB / 122.8GiB""},{""name"":""lab-postgres"",""cpu"":""62.47%"",""mem"":""241.8MiB / 122.8GiB""},{""name"":""lab-mysql"",""cpu"":""7.22%"",""mem"":""724.4MiB / 122.8GiB""},{""name"":""lab-woocommerce-mysql"",""cpu"":""0.74%"",""mem"":""511.8MiB / 122.8GiB""}]"
2026-09-10T13:44:35Z,4,1750,3,47,20,2668779187,"[{""name"":""lab-worker-1"",""cpu"":""2.92%"",""mem"":""135MiB / 122.8GiB""},{""name"":""lab-api"",""cpu"":""0.00%"",""mem"":""145.1MiB / 122.8GiB""},{""name"":""lab-allegro-stub"",""cpu"":""4.03%"",""mem"":""21.05MiB / 122.8GiB""},{""name"":""lab-erli-stub"",""cpu"":""4.31%"",""mem"":""18.05MiB / 122.8GiB""},{""name"":""lab-eparagony-stub"",""cpu"":""0.00%"",""mem"":""20.38MiB / 122.8GiB""},{""name"":""lab-invoicing-stub"",""cpu"":""4.44%"",""mem"":""16.64MiB / 122.8GiB""},{""name"":""lab-shipping-stub"",""cpu"":""4.15%"",""mem"":""16.59MiB / 122.8GiB""},{""name"":""lab-eparagony-stub-tls"",""cpu"":""0.00%"",""mem"":""23.3MiB / 122.8GiB""},{""name"":""lab-erli-stub-tls"",""cpu"":""0.00%"",""mem"":""22.67MiB / 122.8GiB""},{""name"":""lab-wc-tls"",""cpu"":""0.00%"",""mem"":""29.51MiB / 122.8GiB""},{""name"":""lab-prestashop"",""cpu"":""9.63%"",""mem"":""137.7MiB / 122.8GiB""},{""name"":""lab-woocommerce"",""cpu"":""0.00%"",""mem"":""294.6MiB / 122.8GiB""},{""name"":""lab-redis"",""cpu"":""0.75%"",""mem"":""80.61MiB / 122.8GiB""},{""name"":""lab-postgres"",""cpu"":""65.76%"",""mem"":""241.8MiB / 122.8GiB""},{""name"":""lab-mysql"",""cpu"":""12.39%"",""mem"":""724.5MiB / 122.8GiB""},{""name"":""lab-woocommerce-mysql"",""cpu"":""0.68%"",""mem"":""511.8MiB / 122.8GiB""}]"
2026-09-10T13:44:38Z,3,1751,1,47,20,2668779187,"[{""name"":""lab-worker-1"",""cpu"":""4.96%"",""mem"":""135.5MiB / 122.8GiB""},{""name"":""lab-api"",""cpu"":""0.00%"",""mem"":""145.1MiB / 122.8GiB""},{""name"":""lab-allegro-stub"",""cpu"":""0.00%"",""mem"":""21.03MiB / 122.8GiB""},{""name"":""lab-erli-stub"",""cpu"":""0.00%"",""mem"":""18.05MiB / 122.8GiB""},{""name"":""lab-eparagony-stub"",""cpu"":""0.00%"",""mem"":""20.37MiB / 122.8GiB""},{""name"":""lab-invoicing-stub"",""cpu"":""0.00%"",""mem"":""16.6MiB / 122.8GiB""},{""name"":""lab-shipping-stub"",""cpu"":""0.00%"",""mem"":""16.58MiB / 122.8GiB""},{""name"":""lab-eparagony-stub-tls"",""cpu"":""0.00%"",""mem"":""23.3MiB / 122.8GiB""},{""name"":""lab-erli-stub-tls"",""cpu"":""0.00%"",""mem"":""22.67MiB / 122.8GiB""},{""name"":""lab-wc-tls"",""cpu"":""0.00%"",""mem"":""29.51MiB / 122.8GiB""},{""name"":""lab-prestashop"",""cpu"":""8.41%"",""mem"":""137.5MiB / 122.8GiB""},{""name"":""lab-woocommerce"",""cpu"":""0.00%"",""mem"":""294.6MiB / 122.8GiB""},{""name"":""lab-redis"",""cpu"":""0.74%"",""mem"":""80.86MiB / 122.8GiB""},{""name"":""lab-postgres"",""cpu"":""62.80%"",""mem"":""241.8MiB / 122.8GiB""},{""name"":""lab-mysql"",""cpu"":""8.20%"",""mem"":""724.6MiB / 122.8GiB""},{""name"":""lab-woocommerce-mysql"",""cpu"":""5.16%"",""mem"":""511.8MiB / 122.8GiB""}]"
2026-09-10T13:44:41Z,3,1751,1,47,19,2668779187,"[{""name"":""lab-worker-1"",""cpu"":""3.96%"",""mem"":""135.3MiB / 122.8GiB""},{""name"":""lab-api"",""cpu"":""0.00%"",""mem"":""145.1MiB / 122.8GiB""},{""name"":""lab-allegro-stub"",""cpu"":""0.00%"",""mem"":""21.03MiB / 122.8GiB""},{""name"":""lab-erli-stub"",""cpu"":""0.00%"",""mem"":""18.05MiB / 122.8GiB""},{""name"":""lab-eparagony-stub"",""cpu"":""0.00%"",""mem"":""20.38MiB / 122.8GiB""},{""name"":""lab-invoicing-stub"",""cpu"":""0.00%"",""mem"":""16.6MiB / 122.8GiB""},{""name"":""lab-shipping-stub"",""cpu"":""0.00%"",""mem"":""16.58MiB / 122.8GiB""},{""name"":""lab-eparagony-stub-tls"",""cpu"":""0.00%"",""mem"":""23.3MiB / 122.8GiB""},{""name"":""lab-erli-stub-tls"",""cpu"":""0.00%"",""mem"":""22.67MiB / 122.8GiB""},{""name"":""lab-wc-tls"",""cpu"":""0.00%"",""mem"":""29.51MiB / 122.8GiB""},{""name"":""lab-prestashop"",""cpu"":""12.27%"",""mem"":""139.3MiB / 122.8GiB""},{""name"":""lab-woocommerce"",""cpu"":""0.01%"",""mem"":""294.6MiB / 122.8GiB""},{""name"":""lab-redis"",""cpu"":""0.67%"",""mem"":""80.61MiB / 122.8GiB""},{""name"":""lab-postgres"",""cpu"":""62.34%"",""mem"":""241.8MiB / 122.8GiB""},{""name"":""lab-mysql"",""cpu"":""9.39%"",""mem"":""724.4MiB / 122.8GiB""},{""name"":""lab-woocommerce-mysql"",""cpu"":""0.72%"",""mem"":""511.8MiB / 122.8GiB""}]"
2026-09-10T13:44:44Z,3,1751,2,47,20,2668779187,"[{""name"":""lab-worker-1"",""cpu"":""4.13%"",""mem"":""135.8MiB / 122.8GiB""},{""name"":""lab-api"",""cpu"":""0.00%"",""mem"":""145.1MiB / 122.8GiB""},{""name"":""lab-allegro-stub"",""cpu"":""0.00%"",""mem"":""21.03MiB / 122.8GiB""},{""name"":""lab-erli-stub"",""cpu"":""3.85%"",""mem"":""18.12MiB / 122.8GiB""},{""name"":""lab-eparagony-stub"",""cpu"":""4.13%"",""mem"":""20.37MiB / 122.8GiB""},{""name"":""lab-invoicing-stub"",""cpu"":""0.00%"",""mem"":""16.6MiB / 122.8GiB""},{""name"":""lab-shipping-stub"",""cpu"":""0.00%"",""mem"":""16.58MiB / 122.8GiB""},{""name"":""lab-eparagony-stub-tls"",""cpu"":""0.00%"",""mem"":""23.3MiB / 122.8GiB""},{""name"":""lab-erli-stub-tls"",""cpu"":""0.00%"",""mem"":""22.67MiB / 122.8GiB""},{""name"":""lab-wc-tls"",""cpu"":""0.00%"",""mem"":""29.51MiB / 122.8GiB""},{""name"":""lab-prestashop"",""cpu"":""8.61%"",""mem"":""135.5MiB / 122.8GiB""},{""name"":""lab-woocommerce"",""cpu"":""0.01%"",""mem"":""294.6MiB / 122.8GiB""},{""name"":""lab-redis"",""cpu"":""0.75%"",""mem"":""80.61MiB / 122.8GiB""},{""name"":""lab-postgres"",""cpu"":""61.34%"",""mem"":""239.1MiB / 122.8GiB""},{""name"":""lab-mysql"",""cpu"":""8.85%"",""mem"":""724.4MiB / 122.8GiB""},{""name"":""lab-woocommerce-mysql"",""cpu"":""1.17%"",""mem"":""511.8MiB / 122.8GiB""}]"
2026-09-10T13:44:47Z,3,1751,1,47,20,2668779187,"[{""name"":""lab-worker-1"",""cpu"":""3.93%"",""mem"":""136.1MiB / 122.8GiB""},{""name"":""lab-api"",""cpu"":""0.00%"",""mem"":""145.1MiB / 122.8GiB""},{""name"":""lab-allegro-stub"",""cpu"":""0.00%"",""mem"":""21.03MiB / 122.8GiB""},{""name"":""lab-erli-stub"",""cpu"":""0.00%"",""mem"":""18.05MiB / 122.8GiB""},{""name"":""lab-eparagony-stub"",""cpu"":""0.00%"",""mem"":""20.37MiB / 122.8GiB""},{""name"":""lab-invoicing-stub"",""cpu"":""0.00%"",""mem"":""16.6MiB / 122.8GiB""},{""name"":""lab-shipping-stub"",""cpu"":""0.00%"",""mem"":""16.58MiB / 122.8GiB""},{""name"":""lab-eparagony-stub-tls"",""cpu"":""0.00%"",""mem"":""23.3MiB / 122.8GiB""},{""name"":""lab-erli-stub-tls"",""cpu"":""0.00%"",""mem"":""22.67MiB / 122.8GiB""},{""name"":""lab-wc-tls"",""cpu"":""0.00%"",""mem"":""29.51MiB / 122.8GiB""},{""name"":""lab-prestashop"",""cpu"":""8.39%"",""mem"":""135.5MiB / 122.8GiB""},{""name"":""lab-woocommerce"",""cpu"":""0.01%"",""mem"":""294.6MiB / 122.8GiB""},{""name"":""lab-redis"",""cpu"":""0.72%"",""mem"":""80.61MiB / 122.8GiB""},{""name"":""lab-postgres"",""cpu"":""60.25%"",""mem"":""239.1MiB / 122.8GiB""},{""name"":""lab-mysql"",""cpu"":""8.19%"",""mem"":""724.4MiB / 122.8GiB""},{""name"":""lab-woocommerce-mysql"",""cpu"":""0.76%"",""mem"":""511.8MiB / 122.8GiB""}]"
2026-09-10T13:44:50Z,3,1751,1,47,20,2668779187,"[{""name"":""lab-worker-1"",""cpu"":""4.27%"",""mem"":""136.1MiB / 122.8GiB""},{""name"":""lab-api"",""cpu"":""0.01%"",""mem"":""145.1MiB / 122.8GiB""},{""name"":""lab-allegro-stub"",""cpu"":""4.21%"",""mem"":""21.03MiB / 122.8GiB""},{""name"":""lab-erli-stub"",""cpu"":""0.01%"",""mem"":""18.05MiB / 122.8GiB""},{""name"":""lab-eparagony-stub"",""cpu"":""0.00%"",""mem"":""20.37MiB / 122.8GiB""},{""name"":""lab-invoicing-stub"",""cpu"":""4.17%"",""mem"":""16.6MiB / 122.8GiB""},{""name"":""lab-shipping-stub"",""cpu"":""4.36%"",""mem"":""16.58MiB / 122.8GiB""},{""name"":""lab-eparagony-stub-tls"",""cpu"":""0.00%"",""mem"":""23.3MiB / 122.8GiB""},{""name"":""lab-erli-stub-tls"",""cpu"":""0.00%"",""mem"":""22.67MiB / 122.8GiB""},{""name"":""lab-wc-tls"",""cpu"":""0.00%"",""mem"":""29.51MiB / 122.8GiB""},{""name"":""lab-prestashop"",""cpu"":""9.79%"",""mem"":""135.5MiB / 122.8GiB""},{""name"":""lab-woocommerce"",""cpu"":""0.00%"",""mem"":""294.6MiB / 122.8GiB""},{""name"":""lab-redis"",""cpu"":""0.81%"",""mem"":""80.61MiB / 122.8GiB""},{""name"":""lab-postgres"",""cpu"":""59.11%"",""mem"":""241.3MiB / 122.8GiB""},{""name"":""lab-mysql"",""cpu"":""9.01%"",""mem"":""724.4MiB / 122.8GiB""},{""name"":""lab-woocommerce-mysql"",""cpu"":""0.77%"",""mem"":""511.8MiB / 122.8GiB""}]"
2026-09-10T13:44:53Z,3,1752,0,47,20,2668779187,"[{""name"":""lab-worker-1"",""cpu"":""2.83%"",""mem"":""135.9MiB / 122.8GiB""},{""name"":""lab-api"",""cpu"":""0.02%"",""mem"":""145.3MiB / 122.8GiB""},{""name"":""lab-allegro-stub"",""cpu"":""0.00%"",""mem"":""21.03MiB / 122.8GiB""},{""name"":""lab-erli-stub"",""cpu"":""0.00%"",""mem"":""18.05MiB / 122.8GiB""},{""name"":""lab-eparagony-stub"",""cpu"":""0.00%"",""mem"":""20.37MiB / 122.8GiB""},{""name"":""lab-invoicing-stub"",""cpu"":""0.00%"",""mem"":""16.6MiB / 122.8GiB""},{""name"":""lab-shipping-stub"",""cpu"":""0.00%"",""mem"":""16.58MiB / 122.8GiB""},{""name"":""lab-eparagony-stub-tls"",""cpu"":""0.00%"",""mem"":""23.3MiB / 122.8GiB""},{""name"":""lab-erli-stub-tls"",""cpu"":""0.00%"",""mem"":""22.67MiB / 122.8GiB""},{""name"":""lab-wc-tls"",""cpu"":""0.00%"",""mem"":""29.51MiB / 122.8GiB""},{""name"":""lab-prestashop"",""cpu"":""8.01%"",""mem"":""135.7MiB / 122.8GiB""},{""name"":""lab-woocommerce"",""cpu"":""0.01%"",""mem"":""294.6MiB / 122.8GiB""},{""name"":""lab-redis"",""cpu"":""0.78%"",""mem"":""80.61MiB / 122.8GiB""},{""name"":""lab-postgres"",""cpu"":""59.93%"",""mem"":""241.8MiB / 122.8GiB""},{""name"":""lab-mysql"",""cpu"":""8.32%"",""mem"":""724.6MiB / 122.8GiB""},{""name"":""lab-woocommerce-mysql"",""cpu"":""0.76%"",""mem"":""511.8MiB / 122.8GiB""}]"
2026-09-10T13:44:56Z,3,1751,1,47,20,2668779187,"[{""name"":""lab-worker-1"",""cpu"":""5.15%"",""mem"":""136.2MiB / 122.8GiB""},{""name"":""lab-api"",""cpu"":""0.00%"",""mem"":""145.3MiB / 122.8GiB""},{""name"":""lab-allegro-stub"",""cpu"":""0.01%"",""mem"":""21.03MiB / 122.8GiB""},{""name"":""lab-erli-stub"",""cpu"":""0.00%"",""mem"":""18.05MiB / 122.8GiB""},{""name"":""lab-eparagony-stub"",""cpu"":""0.00%"",""mem"":""20.37MiB / 122.8GiB""},{""name"":""lab-invoicing-stub"",""cpu"":""0.01%"",""mem"":""16.6MiB / 122.8GiB""},{""name"":""lab-shipping-stub"",""cpu"":""0.01%"",""mem"":""16.58MiB / 122.8GiB""},{""name"":""lab-eparagony-stub-tls"",""cpu"":""0.00%"",""mem"":""23.3MiB / 122.8GiB""},{""name"":""lab-erli-stub-tls"",""cpu"":""0.00%"",""mem"":""22.67MiB / 122.8GiB""},{""name"":""lab-wc-tls"",""cpu"":""0.00%"",""mem"":""29.51MiB / 122.8GiB""},{""name"":""lab-prestashop"",""cpu"":""8.61%"",""mem"":""135.8MiB / 122.8GiB""},{""name"":""lab-woocommerce"",""cpu"":""0.00%"",""mem"":""294.6MiB / 122.8GiB""},{""name"":""lab-redis"",""cpu"":""0.72%"",""mem"":""80.61MiB / 122.8GiB""},{""name"":""lab-postgres"",""cpu"":""61.23%"",""mem"":""241.8MiB / 122.8GiB""},{""name"":""lab-mysql"",""cpu"":""9.53%"",""mem"":""724.4MiB / 122.8GiB""},{""name"":""lab-woocommerce-mysql"",""cpu"":""0.78%"",""mem"":""511.8MiB / 122.8GiB""}]"
2026-09-10T13:45:00Z,3,1750,2,47,21,2668779187,"[{""name"":""lab-worker-1"",""cpu"":""3.36%"",""mem"":""136MiB / 122.8GiB""},{""name"":""lab-api"",""cpu"":""0.00%"",""mem"":""145.3MiB / 122.8GiB""},{""name"":""lab-allegro-stub"",""cpu"":""4.29%"",""mem"":""21.07MiB / 122.8GiB""},{""name"":""lab-erli-stub"",""cpu"":""4.06%"",""mem"":""18.05MiB / 122.8GiB""},{""name"":""lab-eparagony-stub"",""cpu"":""0.00%"",""mem"":""20.38MiB / 122.8GiB""},{""name"":""lab-invoicing-stub"",""cpu"":""4.44%"",""mem"":""16.63MiB / 122.8GiB""},{""name"":""lab-shipping-stub"",""cpu"":""3.94%"",""mem"":""16.64MiB / 122.8GiB""},{""name"":""lab-eparagony-stub-tls"",""cpu"":""0.00%"",""mem"":""23.3MiB / 122.8GiB""},{""name"":""lab-erli-stub-tls"",""cpu"":""0.00%"",""mem"":""22.67MiB / 122.8GiB""},{""name"":""lab-wc-tls"",""cpu"":""0.00%"",""mem"":""29.51MiB / 122.8GiB""},{""name"":""lab-prestashop"",""cpu"":""8.54%"",""mem"":""135.5MiB / 122.8GiB""},{""name"":""lab-woocommerce"",""cpu"":""0.00%"",""mem"":""294.6MiB / 122.8GiB""},{""name"":""lab-redis"",""cpu"":""0.78%"",""mem"":""80.61MiB / 122.8GiB""},{""name"":""lab-postgres"",""cpu"":""59.33%"",""mem"":""241.8MiB / 122.8GiB""},{""name"":""lab-mysql"",""cpu"":""8.21%"",""mem"":""724.4MiB / 122.8GiB""},{""name"":""lab-woocommerce-mysql"",""cpu"":""0.69%"",""mem"":""511.8MiB / 122.8GiB""}]"
2026-09-10T13:45:03Z,4,1751,0,47,21,2668787379,"[{""name"":""lab-worker-1"",""cpu"":""4.17%"",""mem"":""135.9MiB / 122.8GiB""},{""name"":""lab-api"",""cpu"":""0.47%"",""mem"":""145.3MiB / 122.8GiB""},{""name"":""lab-allegro-stub"",""cpu"":""0.00%"",""mem"":""21.03MiB / 122.8GiB""},{""name"":""lab-erli-stub"",""cpu"":""0.00%"",""mem"":""18.05MiB / 122.8GiB""},{""name"":""lab-eparagony-stub"",""cpu"":""0.00%"",""mem"":""20.37MiB / 122.8GiB""},{""name"":""lab-invoicing-stub"",""cpu"":""0.00%"",""mem"":""16.6MiB / 122.8GiB""},{""name"":""lab-shipping-stub"",""cpu"":""0.00%"",""mem"":""16.58MiB / 122.8GiB""},{""name"":""lab-eparagony-stub-tls"",""cpu"":""0.00%"",""mem"":""23.3MiB / 122.8GiB""},{""name"":""lab-erli-stub-tls"",""cpu"":""0.00%"",""mem"":""22.67MiB / 122.8GiB""},{""name"":""lab-wc-tls"",""cpu"":""0.00%"",""mem"":""29.51MiB / 122.8GiB""},{""name"":""lab-prestashop"",""cpu"":""7.83%"",""mem"":""135.5MiB / 122.8GiB""},{""name"":""lab-woocommerce"",""cpu"":""0.01%"",""mem"":""294.6MiB / 122.8GiB""},{""name"":""lab-redis"",""cpu"":""4.39%"",""mem"":""80.86MiB / 122.8GiB""},{""name"":""lab-postgres"",""cpu"":""60.48%"",""mem"":""241.8MiB / 122.8GiB""},{""name"":""lab-mysql"",""cpu"":""8.30%"",""mem"":""724.4MiB / 122.8GiB""},{""name"":""lab-woocommerce-mysql"",""cpu"":""0.70%"",""mem"":""511.8MiB / 122.8GiB""}]"
2026-09-10T13:45:06Z,3,1751,1,47,21,2668787379,"[{""name"":""lab-worker-1"",""cpu"":""3.74%"",""mem"":""135.9MiB / 122.8GiB""},{""name"":""lab-api"",""cpu"":""0.00%"",""mem"":""145.3MiB / 122.8GiB""},{""name"":""lab-allegro-stub"",""cpu"":""0.01%"",""mem"":""21.03MiB / 122.8GiB""},{""name"":""lab-erli-stub"",""cpu"":""0.00%"",""mem"":""18.05MiB / 122.8GiB""},{""name"":""lab-eparagony-stub"",""cpu"":""0.00%"",""mem"":""20.37MiB / 122.8GiB""},{""name"":""lab-invoicing-stub"",""cpu"":""0.01%"",""mem"":""16.6MiB / 122.8GiB""},{""name"":""lab-shipping-stub"",""cpu"":""0.01%"",""mem"":""16.58MiB / 122.8GiB""},{""name"":""lab-eparagony-stub-tls"",""cpu"":""0.00%"",""mem"":""23.3MiB / 122.8GiB""},{""name"":""lab-erli-stub-tls"",""cpu"":""0.00%"",""mem"":""22.67MiB / 122.8GiB""},{""name"":""lab-wc-tls"",""cpu"":""0.00%"",""mem"":""29.51MiB / 122.8GiB""},{""name"":""lab-prestashop"",""cpu"":""8.17%"",""mem"":""135.5MiB / 122.8GiB""},{""name"":""lab-woocommerce"",""cpu"":""0.01%"",""mem"":""294.6MiB / 122.8GiB""},{""name"":""lab-redis"",""cpu"":""0.68%"",""mem"":""80.61MiB / 122.8GiB""},{""name"":""lab-postgres"",""cpu"":""61.13%"",""mem"":""241.8MiB / 122.8GiB""},{""name"":""lab-mysql"",""cpu"":""7.05%"",""mem"":""724.4MiB / 122.8GiB""},{""name"":""lab-woocommerce-mysql"",""cpu"":""0.80%"",""mem"":""511.8MiB / 122.8GiB""}]"
2026-09-10T13:45:09Z,3,1750,2,47,19,2668787379,"[{""name"":""lab-worker-1"",""cpu"":""4.77%"",""mem"":""135.9MiB / 122.8GiB""},{""name"":""lab-api"",""cpu"":""0.01%"",""mem"":""145.3MiB / 122.8GiB""},{""name"":""lab-allegro-stub"",""cpu"":""0.00%"",""mem"":""21.03MiB / 122.8GiB""},{""name"":""lab-erli-stub"",""cpu"":""0.00%"",""mem"":""18.05MiB / 122.8GiB""},{""name"":""lab-eparagony-stub"",""cpu"":""4.23%"",""mem"":""20.44MiB / 122.8GiB""},{""name"":""lab-invoicing-stub"",""cpu"":""0.00%"",""mem"":""16.6MiB / 122.8GiB""},{""name"":""lab-shipping-stub"",""cpu"":""0.00%"",""mem"":""16.58MiB / 122.8GiB""},{""name"":""lab-eparagony-stub-tls"",""cpu"":""0.00%"",""mem"":""23.3MiB / 122.8GiB""},{""name"":""lab-erli-stub-tls"",""cpu"":""0.00%"",""mem"":""22.67MiB / 122.8GiB""},{""name"":""lab-wc-tls"",""cpu"":""0.00%"",""mem"":""29.51MiB / 122.8GiB""},{""name"":""lab-prestashop"",""cpu"":""8.39%"",""mem"":""135.5MiB / 122.8GiB""},{""name"":""lab-woocommerce"",""cpu"":""0.01%"",""mem"":""294.6MiB / 122.8GiB""},{""name"":""lab-redis"",""cpu"":""0.75%"",""mem"":""80.61MiB / 122.8GiB""},{""name"":""lab-postgres"",""cpu"":""63.64%"",""mem"":""241.8MiB / 122.8GiB""},{""name"":""lab-mysql"",""cpu"":""8.10%"",""mem"":""724.4MiB / 122.8GiB""},{""name"":""lab-woocommerce-mysql"",""cpu"":""0.77%"",""mem"":""511.8MiB / 122.8GiB""}]"
2026-09-10T13:45:12Z,3,1751,2,47,20,2668803763,"[{""name"":""lab-worker-1"",""cpu"":""3.26%"",""mem"":""136.2MiB / 122.8GiB""},{""name"":""lab-api"",""cpu"":""0.39%"",""mem"":""145.3MiB / 122.8GiB""},{""name"":""lab-allegro-stub"",""cpu"":""0.00%"",""mem"":""21.03MiB / 122.8GiB""},{""name"":""lab-erli-stub"",""cpu"":""0.01%"",""mem"":""18.05MiB / 122.8GiB""},{""name"":""lab-eparagony-stub"",""cpu"":""0.00%"",""mem"":""20.37MiB / 122.8GiB""},{""name"":""lab-invoicing-stub"",""cpu"":""0.00%"",""mem"":""16.61MiB / 122.8GiB""},{""name"":""lab-shipping-stub"",""cpu"":""0.00%"",""mem"":""16.58MiB / 122.8GiB""},{""name"":""lab-eparagony-stub-tls"",""cpu"":""0.00%"",""mem"":""23.3MiB / 122.8GiB""},{""name"":""lab-erli-stub-tls"",""cpu"":""0.00%"",""mem"":""22.67MiB / 122.8GiB""},{""name"":""lab-wc-tls"",""cpu"":""0.00%"",""mem"":""29.51MiB / 122.8GiB""},{""name"":""lab-prestashop"",""cpu"":""8.03%"",""mem"":""135.5MiB / 122.8GiB""},{""name"":""lab-woocommerce"",""cpu"":""0.01%"",""mem"":""294.6MiB / 122.8GiB""},{""name"":""lab-redis"",""cpu"":""0.74%"",""mem"":""80.61MiB / 122.8GiB""},{""name"":""lab-postgres"",""cpu"":""63.33%"",""mem"":""239.2MiB / 122.8GiB""},{""name"":""lab-mysql"",""cpu"":""6.88%"",""mem"":""724.4MiB / 122.8GiB""},{""name"":""lab-woocommerce-mysql"",""cpu"":""0.64%"",""mem"":""511.8MiB / 122.8GiB""}]"
2026-09-10T13:45:15Z,3,1752,2,47,20,2668803763,"[{""name"":""lab-worker-1"",""cpu"":""3.11%"",""mem"":""135.8MiB / 122.8GiB""},{""name"":""lab-api"",""cpu"":""0.00%"",""mem"":""145.3MiB / 122.8GiB""},{""name"":""lab-allegro-stub"",""cpu"":""4.27%"",""mem"":""21.04MiB / 122.8GiB""},{""name"":""lab-erli-stub"",""cpu"":""1.90%"",""mem"":""18.05MiB / 122.8GiB""},{""name"":""lab-eparagony-stub"",""cpu"":""0.01%"",""mem"":""20.37MiB / 122.8GiB""},{""name"":""lab-invoicing-stub"",""cpu"":""3.63%"",""mem"":""16.61MiB / 122.8GiB""},{""name"":""lab-shipping-stub"",""cpu"":""3.91%"",""mem"":""16.6MiB / 122.8GiB""},{""name"":""lab-eparagony-stub-tls"",""cpu"":""0.00%"",""mem"":""23.3MiB / 122.8GiB""},{""name"":""lab-erli-stub-tls"",""cpu"":""0.00%"",""mem"":""22.67MiB / 122.8GiB""},{""name"":""lab-wc-tls"",""cpu"":""0.00%"",""mem"":""29.51MiB / 122.8GiB""},{""name"":""lab-prestashop"",""cpu"":""7.61%"",""mem"":""135.5MiB / 122.8GiB""},{""name"":""lab-woocommerce"",""cpu"":""0.01%"",""mem"":""294.6MiB / 122.8GiB""},{""name"":""lab-redis"",""cpu"":""0.71%"",""mem"":""80.61MiB / 122.8GiB""},{""name"":""lab-postgres"",""cpu"":""63.43%"",""mem"":""241.3MiB / 122.8GiB""},{""name"":""lab-mysql"",""cpu"":""11.80%"",""mem"":""724.4MiB / 122.8GiB""},{""name"":""lab-woocommerce-mysql"",""cpu"":""0.68%"",""mem"":""511.8MiB / 122.8GiB""}]"
2026-09-10T13:45:18Z,3,1750,2,47,20,2668811955,"[{""name"":""lab-worker-1"",""cpu"":""3.05%"",""mem"":""135.9MiB / 122.8GiB""},{""name"":""lab-api"",""cpu"":""0.01%"",""mem"":""145.3MiB / 122.8GiB""},{""name"":""lab-allegro-stub"",""cpu"":""0.00%"",""mem"":""21.03MiB / 122.8GiB""},{""name"":""lab-erli-stub"",""cpu"":""0.00%"",""mem"":""18.05MiB / 122.8GiB""},{""name"":""lab-eparagony-stub"",""cpu"":""0.00%"",""mem"":""20.37MiB / 122.8GiB""},{""name"":""lab-invoicing-stub"",""cpu"":""0.00%"",""mem"":""16.6MiB / 122.8GiB""},{""name"":""lab-shipping-stub"",""cpu"":""0.00%"",""mem"":""16.58MiB / 122.8GiB""},{""name"":""lab-eparagony-stub-tls"",""cpu"":""0.00%"",""mem"":""23.3MiB / 122.8GiB""},{""name"":""lab-erli-stub-tls"",""cpu"":""0.00%"",""mem"":""22.67MiB / 122.8GiB""},{""name"":""lab-wc-tls"",""cpu"":""0.00%"",""mem"":""29.51MiB / 122.8GiB""},{""name"":""lab-prestashop"",""cpu"":""8.38%"",""mem"":""135.7MiB / 122.8GiB""},{""name"":""lab-woocommerce"",""cpu"":""0.00%"",""mem"":""294.6MiB / 122.8GiB""},{""name"":""lab-redis"",""cpu"":""0.73%"",""mem"":""80.61MiB / 122.8GiB""},{""name"":""lab-postgres"",""cpu"":""59.37%"",""mem"":""241.8MiB / 122.8GiB""},{""name"":""lab-mysql"",""cpu"":""7.37%"",""mem"":""724.4MiB / 122.8GiB""},{""name"":""lab-woocommerce-mysql"",""cpu"":""5.93%"",""mem"":""511.8MiB / 122.8GiB""}]"
2026-09-10T13:45:21Z,3,1750,2,47,20,2668811955,"[{""name"":""lab-worker-1"",""cpu"":""3.75%"",""mem"":""136.1MiB / 122.8GiB""},{""name"":""lab-api"",""cpu"":""0.00%"",""mem"":""145.3MiB / 122.8GiB""},{""name"":""lab-allegro-stub"",""cpu"":""0.01%"",""mem"":""21.03MiB / 122.8GiB""},{""name"":""lab-erli-stub"",""cpu"":""0.00%"",""mem"":""18.05MiB / 122.8GiB""},{""name"":""lab-eparagony-stub"",""cpu"":""0.00%"",""mem"":""20.37MiB / 122.8GiB""},{""name"":""lab-invoicing-stub"",""cpu"":""0.01%"",""mem"":""16.6MiB / 122.8GiB""},{""name"":""lab-shipping-stub"",""cpu"":""0.01%"",""mem"":""16.58MiB / 122.8GiB""},{""name"":""lab-eparagony-stub-tls"",""cpu"":""0.00%"",""mem"":""23.3MiB / 122.8GiB""},{""name"":""lab-erli-stub-tls"",""cpu"":""0.00%"",""mem"":""22.67MiB / 122.8GiB""},{""name"":""lab-wc-tls"",""cpu"":""0.00%"",""mem"":""29.51MiB / 122.8GiB""},{""name"":""lab-prestashop"",""cpu"":""8.89%"",""mem"":""135.5MiB / 122.8GiB""},{""name"":""lab-woocommerce"",""cpu"":""0.00%"",""mem"":""294.6MiB / 122.8GiB""},{""name"":""lab-redis"",""cpu"":""0.81%"",""mem"":""80.61MiB / 122.8GiB""},{""name"":""lab-postgres"",""cpu"":""60.63%"",""mem"":""241.8MiB / 122.8GiB""},{""name"":""lab-mysql"",""cpu"":""8.24%"",""mem"":""724.6MiB / 122.8GiB""},{""name"":""lab-woocommerce-mysql"",""cpu"":""0.76%"",""mem"":""511.8MiB / 122.8GiB""}]"
2026-09-10T13:45:25Z,3,1750,3,47,20,2668811955,"[{""name"":""lab-worker-1"",""cpu"":""3.63%"",""mem"":""136.2MiB / 122.8GiB""},{""name"":""lab-api"",""cpu"":""0.00%"",""mem"":""145.3MiB / 122.8GiB""},{""name"":""lab-allegro-stub"",""cpu"":""0.00%"",""mem"":""21.03MiB / 122.8GiB""},{""name"":""lab-erli-stub"",""cpu"":""4.10%"",""mem"":""18.09MiB / 122.8GiB""},{""name"":""lab-eparagony-stub"",""cpu"":""4.78%"",""mem"":""20.37MiB / 122.8GiB""},{""name"":""lab-invoicing-stub"",""cpu"":""0.00%"",""mem"":""16.6MiB / 122.8GiB""},{""name"":""lab-shipping-stub"",""cpu"":""0.00%"",""mem"":""16.58MiB / 122.8GiB""},{""name"":""lab-eparagony-stub-tls"",""cpu"":""0.00%"",""mem"":""23.3MiB / 122.8GiB""},{""name"":""lab-erli-stub-tls"",""cpu"":""0.00%"",""mem"":""22.67MiB / 122.8GiB""},{""name"":""lab-wc-tls"",""cpu"":""0.00%"",""mem"":""29.51MiB / 122.8GiB""},{""name"":""lab-prestashop"",""cpu"":""8.44%"",""mem"":""135.5MiB / 122.8GiB""},{""name"":""lab-woocommerce"",""cpu"":""0.00%"",""mem"":""294.6MiB / 122.8GiB""},{""name"":""lab-redis"",""cpu"":""0.71%"",""mem"":""80.61MiB / 122.8GiB""},{""name"":""lab-postgres"",""cpu"":""67.70%"",""mem"":""241.9MiB / 122.8GiB""},{""name"":""lab-mysql"",""cpu"":""8.80%"",""mem"":""724.4MiB / 122.8GiB""},{""name"":""lab-woocommerce-mysql"",""cpu"":""0.63%"",""mem"":""511.8MiB / 122.8GiB""}]"
2026-09-10T13:45:28Z,4,1751,1,47,20,2668811955,"[{""name"":""lab-worker-1"",""cpu"":""4.57%"",""mem"":""136.2MiB / 122.8GiB""},{""name"":""lab-api"",""cpu"":""0.00%"",""mem"":""145.3MiB / 122.8GiB""},{""name"":""lab-allegro-stub"",""cpu"":""0.00%"",""mem"":""21.03MiB / 122.8GiB""},{""name"":""lab-erli-stub"",""cpu"":""0.00%"",""mem"":""18.05MiB / 122.8GiB""},{""name"":""lab-eparagony-stub"",""cpu"":""0.00%"",""mem"":""20.37MiB / 122.8GiB""},{""name"":""lab-invoicing-stub"",""cpu"":""0.00%"",""mem"":""16.61MiB / 122.8GiB""},{""name"":""lab-shipping-stub"",""cpu"":""0.00%"",""mem"":""16.58MiB / 122.8GiB""},{""name"":""lab-eparagony-stub-tls"",""cpu"":""0.00%"",""mem"":""23.3MiB / 122.8GiB""},{""name"":""lab-erli-stub-tls"",""cpu"":""0.00%"",""mem"":""22.67MiB / 122.8GiB""},{""name"":""lab-wc-tls"",""cpu"":""0.00%"",""mem"":""29.51MiB / 122.8GiB""},{""name"":""lab-prestashop"",""cpu"":""8.11%"",""mem"":""135.5MiB / 122.8GiB""},{""name"":""lab-woocommerce"",""cpu"":""0.00%"",""mem"":""294.6MiB / 122.8GiB""},{""name"":""lab-redis"",""cpu"":""0.77%"",""mem"":""80.6MiB / 122.8GiB""},{""name"":""lab-postgres"",""cpu"":""58.60%"",""mem"":""241.8MiB / 122.8GiB""},{""name"":""lab-mysql"",""cpu"":""8.16%"",""mem"":""724.4MiB / 122.8GiB""},{""name"":""lab-woocommerce-mysql"",""cpu"":""0.75%"",""mem"":""511.8MiB / 122.8GiB""}]"
2026-09-10T13:45:31Z,3,1751,2,47,20,2668811955,"[{""name"":""lab-worker-1"",""cpu"":""5.09%"",""mem"":""136MiB / 122.8GiB""},{""name"":""lab-api"",""cpu"":""0.00%"",""mem"":""145.3MiB / 122.8GiB""},{""name"":""lab-allegro-stub"",""cpu"":""3.90%"",""mem"":""21.03MiB / 122.8GiB""},{""name"":""lab-erli-stub"",""cpu"":""0.00%"",""mem"":""18.06MiB / 122.8GiB""},{""name"":""lab-eparagony-stub"",""cpu"":""0.00%"",""mem"":""20.38MiB / 122.8GiB""},{""name"":""lab-invoicing-stub"",""cpu"":""4.45%"",""mem"":""16.6MiB / 122.8GiB""},{""name"":""lab-shipping-stub"",""cpu"":""3.72%"",""mem"":""16.58MiB / 122.8GiB""},{""name"":""lab-eparagony-stub-tls"",""cpu"":""0.00%"",""mem"":""23.3MiB / 122.8GiB""},{""name"":""lab-erli-stub-tls"",""cpu"":""0.00%"",""mem"":""22.67MiB / 122.8GiB""},{""name"":""lab-wc-tls"",""cpu"":""0.00%"",""mem"":""29.51MiB / 122.8GiB""},{""name"":""lab-prestashop"",""cpu"":""8.85%"",""mem"":""135.5MiB / 122.8GiB""},{""name"":""lab-woocommerce"",""cpu"":""0.00%"",""mem"":""294.6MiB / 122.8GiB""},{""name"":""lab-redis"",""cpu"":""0.74%"",""mem"":""80.61MiB / 122.8GiB""},{""name"":""lab-postgres"",""cpu"":""65.06%"",""mem"":""241.9MiB / 122.8GiB""},{""name"":""lab-mysql"",""cpu"":""8.12%"",""mem"":""724.6MiB / 122.8GiB""},{""name"":""lab-woocommerce-mysql"",""cpu"":""0.76%"",""mem"":""511.8MiB / 122.8GiB""}]"
2026-09-10T13:45:34Z,3,1750,2,47,20,2668811955,"[{""name"":""lab-worker-1"",""cpu"":""3.42%"",""mem"":""135.9MiB / 122.8GiB""},{""name"":""lab-api"",""cpu"":""0.00%"",""mem"":""145.3MiB / 122.8GiB""},{""name"":""lab-allegro-stub"",""cpu"":""0.00%"",""mem"":""21.03MiB / 122.8GiB""},{""name"":""lab-erli-stub"",""cpu"":""0.00%"",""mem"":""18.06MiB / 122.8GiB""},{""name"":""lab-eparagony-stub"",""cpu"":""4.19%"",""mem"":""20.82MiB / 122.8GiB""},{""name"":""lab-invoicing-stub"",""cpu"":""0.00%"",""mem"":""16.6MiB / 122.8GiB""},{""name"":""lab-shipping-stub"",""cpu"":""0.00%"",""mem"":""16.58MiB / 122.8GiB""},{""name"":""lab-eparagony-stub-tls"",""cpu"":""0.00%"",""mem"":""23.3MiB / 122.8GiB""},{""name"":""lab-erli-stub-tls"",""cpu"":""0.00%"",""mem"":""22.67MiB / 122.8GiB""},{""name"":""lab-wc-tls"",""cpu"":""0.00%"",""mem"":""29.51MiB / 122.8GiB""},{""name"":""lab-prestashop"",""cpu"":""7.96%"",""mem"":""135.5MiB / 122.8GiB""},{""name"":""lab-woocommerce"",""cpu"":""0.01%"",""mem"":""294.6MiB / 122.8GiB""},{""name"":""lab-redis"",""cpu"":""0.75%"",""mem"":""80.61MiB / 122.8GiB""},{""name"":""lab-postgres"",""cpu"":""60.64%"",""mem"":""239.2MiB / 122.8GiB""},{""name"":""lab-mysql"",""cpu"":""7.90%"",""mem"":""724.4MiB / 122.8GiB""},{""name"":""lab-woocommerce-mysql"",""cpu"":""0.90%"",""mem"":""511.8MiB / 122.8GiB""}]"
2026-09-10T13:45:37Z,3,1750,2,47,20,2668811955,"[{""name"":""lab-worker-1"",""cpu"":""3.90%"",""mem"":""136MiB / 122.8GiB""},{""name"":""lab-api"",""cpu"":""0.00%"",""mem"":""145.3MiB / 122.8GiB""},{""name"":""lab-allegro-stub"",""cpu"":""0.00%"",""mem"":""21.03MiB / 122.8GiB""},{""name"":""lab-erli-stub"",""cpu"":""0.00%"",""mem"":""18.06MiB / 122.8GiB""},{""name"":""lab-eparagony-stub"",""cpu"":""0.00%"",""mem"":""20.37MiB / 122.8GiB""},{""name"":""lab-invoicing-stub"",""cpu"":""0.00%"",""mem"":""16.6MiB / 122.8GiB""},{""name"":""lab-shipping-stub"",""cpu"":""0.00%"",""mem"":""16.58MiB / 122.8GiB""},{""name"":""lab-eparagony-stub-tls"",""cpu"":""0.00%"",""mem"":""23.3MiB / 122.8GiB""},{""name"":""lab-erli-stub-tls"",""cpu"":""0.00%"",""mem"":""22.67MiB / 122.8GiB""},{""name"":""lab-wc-tls"",""cpu"":""0.00%"",""mem"":""29.51MiB / 122.8GiB""},{""name"":""lab-prestashop"",""cpu"":""7.59%"",""mem"":""137.5MiB / 122.8GiB""},{""name"":""lab-woocommerce"",""cpu"":""0.01%"",""mem"":""294.6MiB / 122.8GiB""},{""name"":""lab-redis"",""cpu"":""0.70%"",""mem"":""80.61MiB / 122.8GiB""},{""name"":""lab-postgres"",""cpu"":""61.02%"",""mem"":""241.3MiB / 122.8GiB""},{""name"":""lab-mysql"",""cpu"":""7.03%"",""mem"":""724.4MiB / 122.8GiB""},{""name"":""lab-woocommerce-mysql"",""cpu"":""0.75%"",""mem"":""511.8MiB / 122.8GiB""}]"
2026-09-10T13:45:40Z,3,1750,2,47,19,2668811955,"[{""name"":""lab-worker-1"",""cpu"":""2.70%"",""mem"":""135.9MiB / 122.8GiB""},{""name"":""lab-api"",""cpu"":""0.00%"",""mem"":""145.3MiB / 122.8GiB""},{""name"":""lab-allegro-stub"",""cpu"":""4.23%"",""mem"":""21.03MiB / 122.8GiB""},{""name"":""lab-erli-stub"",""cpu"":""4.24%"",""mem"":""18.06MiB / 122.8GiB""},{""name"":""lab-eparagony-stub"",""cpu"":""0.01%"",""mem"":""20.38MiB / 122.8GiB""},{""name"":""lab-invoicing-stub"",""cpu"":""4.36%"",""mem"":""16.62MiB / 122.8GiB""},{""name"":""lab-shipping-stub"",""cpu"":""4.03%"",""mem"":""16.59MiB / 122.8GiB""},{""name"":""lab-eparagony-stub-tls"",""cpu"":""0.00%"",""mem"":""23.3MiB / 122.8GiB""},{""name"":""lab-erli-stub-tls"",""cpu"":""0.00%"",""mem"":""22.67MiB / 122.8GiB""},{""name"":""lab-wc-tls"",""cpu"":""0.00%"",""mem"":""29.51MiB / 122.8GiB""},{""name"":""lab-prestashop"",""cpu"":""7.85%"",""mem"":""137.7MiB / 122.8GiB""},{""name"":""lab-woocommerce"",""cpu"":""0.00%"",""mem"":""294.6MiB / 122.8GiB""},{""name"":""lab-redis"",""cpu"":""0.77%"",""mem"":""80.61MiB / 122.8GiB""},{""name"":""lab-postgres"",""cpu"":""60.68%"",""mem"":""241.4MiB / 122.8GiB""},{""name"":""lab-mysql"",""cpu"":""7.91%"",""mem"":""724.4MiB / 122.8GiB""},{""name"":""lab-woocommerce-mysql"",""cpu"":""0.74%"",""mem"":""511.8MiB / 122.8GiB""}]"
2026-09-10T13:45:43Z,3,1750,2,47,20,2668811955,"[{""name"":""lab-worker-1"",""cpu"":""4.06%"",""mem"":""136MiB / 122.8GiB""},{""name"":""lab-api"",""cpu"":""0.01%"",""mem"":""145.4MiB / 122.8GiB""},{""name"":""lab-allegro-stub"",""cpu"":""0.00%"",""mem"":""21.03MiB / 122.8GiB""},{""name"":""lab-erli-stub"",""cpu"":""0.00%"",""mem"":""18.05MiB / 122.8GiB""},{""name"":""lab-eparagony-stub"",""cpu"":""0.00%"",""mem"":""20.37MiB / 122.8GiB""},{""name"":""lab-invoicing-stub"",""cpu"":""0.00%"",""mem"":""16.6MiB / 122.8GiB""},{""name"":""lab-shipping-stub"",""cpu"":""0.00%"",""mem"":""16.58MiB / 122.8GiB""},{""name"":""lab-eparagony-stub-tls"",""cpu"":""0.00%"",""mem"":""23.3MiB / 122.8GiB""},{""name"":""lab-erli-stub-tls"",""cpu"":""0.00%"",""mem"":""22.67MiB / 122.8GiB""},{""name"":""lab-wc-tls"",""cpu"":""0.00%"",""mem"":""29.51MiB / 122.8GiB""},{""name"":""lab-prestashop"",""cpu"":""8.05%"",""mem"":""135.5MiB / 122.8GiB""},{""name"":""lab-woocommerce"",""cpu"":""16.86%"",""mem"":""295.1MiB / 122.8GiB""},{""name"":""lab-redis"",""cpu"":""4.76%"",""mem"":""80.86MiB / 122.8GiB""},{""name"":""lab-postgres"",""cpu"":""63.20%"",""mem"":""241.4MiB / 122.8GiB""},{""name"":""lab-mysql"",""cpu"":""7.25%"",""mem"":""724.4MiB / 122.8GiB""},{""name"":""lab-woocommerce-mysql"",""cpu"":""4.65%"",""mem"":""512MiB / 122.8GiB""}]"
2026-09-10T13:45:46Z,3,1750,2,47,20,2668811955,"[{""name"":""lab-worker-1"",""cpu"":""5.14%"",""mem"":""136.3MiB / 122.8GiB""},{""name"":""lab-api"",""cpu"":""0.00%"",""mem"":""145.4MiB / 122.8GiB""},{""name"":""lab-allegro-stub"",""cpu"":""0.01%"",""mem"":""21.03MiB / 122.8GiB""},{""name"":""lab-erli-stub"",""cpu"":""0.00%"",""mem"":""18.05MiB / 122.8GiB""},{""name"":""lab-eparagony-stub"",""cpu"":""0.00%"",""mem"":""20.37MiB / 122.8GiB""},{""name"":""lab-invoicing-stub"",""cpu"":""0.01%"",""mem"":""16.61MiB / 122.8GiB""},{""name"":""lab-shipping-stub"",""cpu"":""0.01%"",""mem"":""16.58MiB / 122.8GiB""},{""name"":""lab-eparagony-stub-tls"",""cpu"":""0.00%"",""mem"":""23.3MiB / 122.8GiB""},{""name"":""lab-erli-stub-tls"",""cpu"":""0.00%"",""mem"":""22.67MiB / 122.8GiB""},{""name"":""lab-wc-tls"",""cpu"":""0.00%"",""mem"":""29.51MiB / 122.8GiB""},{""name"":""lab-prestashop"",""cpu"":""8.48%"",""mem"":""135.7MiB / 122.8GiB""},{""name"":""lab-woocommerce"",""cpu"":""0.00%"",""mem"":""294.6MiB / 122.8GiB""},{""name"":""lab-redis"",""cpu"":""0.74%"",""mem"":""80.87MiB / 122.8GiB""},{""name"":""lab-postgres"",""cpu"":""61.34%"",""mem"":""241.4MiB / 122.8GiB""},{""name"":""lab-mysql"",""cpu"":""6.88%"",""mem"":""724.4MiB / 122.8GiB""},{""name"":""lab-woocommerce-mysql"",""cpu"":""0.80%"",""mem"":""511.8MiB / 122.8GiB""}]"
2026-09-10T13:45:49Z,3,1750,2,47,20,2668811955,"[{""name"":""lab-worker-1"",""cpu"":""3.63%"",""mem"":""136MiB / 122.8GiB""},{""name"":""lab-api"",""cpu"":""0.00%"",""mem"":""145.4MiB / 122.8GiB""},{""name"":""lab-allegro-stub"",""cpu"":""0.00%"",""mem"":""21.03MiB / 122.8GiB""},{""name"":""lab-erli-stub"",""cpu"":""0.00%"",""mem"":""18.05MiB / 122.8GiB""},{""name"":""lab-eparagony-stub"",""cpu"":""4.14%"",""mem"":""20.42MiB / 122.8GiB""},{""name"":""lab-invoicing-stub"",""cpu"":""0.00%"",""mem"":""16.61MiB / 122.8GiB""},{""name"":""lab-shipping-stub"",""cpu"":""0.00%"",""mem"":""16.58MiB / 122.8GiB""},{""name"":""lab-eparagony-stub-tls"",""cpu"":""0.00%"",""mem"":""23.3MiB / 122.8GiB""},{""name"":""lab-erli-stub-tls"",""cpu"":""0.00%"",""mem"":""22.67MiB / 122.8GiB""},{""name"":""lab-wc-tls"",""cpu"":""0.00%"",""mem"":""29.51MiB / 122.8GiB""},{""name"":""lab-prestashop"",""cpu"":""7.99%"",""mem"":""135.5MiB / 122.8GiB""},{""name"":""lab-woocommerce"",""cpu"":""0.00%"",""mem"":""294.6MiB / 122.8GiB""},{""name"":""lab-redis"",""cpu"":""0.67%"",""mem"":""80.61MiB / 122.8GiB""},{""name"":""lab-postgres"",""cpu"":""62.22%"",""mem"":""241.4MiB / 122.8GiB""},{""name"":""lab-mysql"",""cpu"":""6.67%"",""mem"":""724.4MiB / 122.8GiB""},{""name"":""lab-woocommerce-mysql"",""cpu"":""0.75%"",""mem"":""511.8MiB / 122.8GiB""}]"
2026-09-10T13:45:53Z,3,1750,2,47,20,2668811955,"[{""name"":""lab-worker-1"",""cpu"":""4.16%"",""mem"":""136.2MiB / 122.8GiB""},{""name"":""lab-api"",""cpu"":""0.25%"",""mem"":""145.4MiB / 122.8GiB""},{""name"":""lab-allegro-stub"",""cpu"":""0.00%"",""mem"":""21.03MiB / 122.8GiB""},{""name"":""lab-erli-stub"",""cpu"":""0.00%"",""mem"":""18.06MiB / 122.8GiB""},{""name"":""lab-eparagony-stub"",""cpu"":""0.00%"",""mem"":""20.37MiB / 122.8GiB""},{""name"":""lab-invoicing-stub"",""cpu"":""0.00%"",""mem"":""16.6MiB / 122.8GiB""},{""name"":""lab-shipping-stub"",""cpu"":""0.00%"",""mem"":""16.58MiB / 122.8GiB""},{""name"":""lab-eparagony-stub-tls"",""cpu"":""0.00%"",""mem"":""23.3MiB / 122.8GiB""},{""name"":""lab-erli-stub-tls"",""cpu"":""0.00%"",""mem"":""22.67MiB / 122.8GiB""},{""name"":""lab-wc-tls"",""cpu"":""0.00%"",""mem"":""29.51MiB / 122.8GiB""},{""name"":""lab-prestashop"",""cpu"":""8.93%"",""mem"":""135.5MiB / 122.8GiB""},{""name"":""lab-woocommerce"",""cpu"":""0.00%"",""mem"":""294.6MiB / 122.8GiB""},{""name"":""lab-redis"",""cpu"":""5.07%"",""mem"":""80.66MiB / 122.8GiB""},{""name"":""lab-postgres"",""cpu"":""60.06%"",""mem"":""241.4MiB / 122.8GiB""},{""name"":""lab-mysql"",""cpu"":""7.90%"",""mem"":""724.4MiB / 122.8GiB""},{""name"":""lab-woocommerce-mysql"",""cpu"":""0.67%"",""mem"":""511.8MiB / 122.8GiB""}]"
2026-09-10T13:45:56Z,4,1749,3,47,21,2668811955,"[{""name"":""lab-worker-1"",""cpu"":""4.39%"",""mem"":""136.3MiB / 122.8GiB""},{""name"":""lab-api"",""cpu"":""0.00%"",""mem"":""145.4MiB / 122.8GiB""},{""name"":""lab-allegro-stub"",""cpu"":""3.59%"",""mem"":""21.03MiB / 122.8GiB""},{""name"":""lab-erli-stub"",""cpu"":""0.01%"",""mem"":""18.06MiB / 122.8GiB""},{""name"":""lab-eparagony-stub"",""cpu"":""0.00%"",""mem"":""20.37MiB / 122.8GiB""},{""name"":""lab-invoicing-stub"",""cpu"":""4.21%"",""mem"":""16.6MiB / 122.8GiB""},{""name"":""lab-shipping-stub"",""cpu"":""3.15%"",""mem"":""16.58MiB / 122.8GiB""},{""name"":""lab-eparagony-stub-tls"",""cpu"":""0.00%"",""mem"":""23.3MiB / 122.8GiB""},{""name"":""lab-erli-stub-tls"",""cpu"":""0.00%"",""mem"":""22.67MiB / 122.8GiB""},{""name"":""lab-wc-tls"",""cpu"":""0.00%"",""mem"":""29.51MiB / 122.8GiB""},{""name"":""lab-prestashop"",""cpu"":""7.63%"",""mem"":""135.5MiB / 122.8GiB""},{""name"":""lab-woocommerce"",""cpu"":""0.01%"",""mem"":""294.6MiB / 122.8GiB""},{""name"":""lab-redis"",""cpu"":""0.68%"",""mem"":""80.61MiB / 122.8GiB""},{""name"":""lab-postgres"",""cpu"":""63.47%"",""mem"":""241.4MiB / 122.8GiB""},{""name"":""lab-mysql"",""cpu"":""14.97%"",""mem"":""724.4MiB / 122.8GiB""},{""name"":""lab-woocommerce-mysql"",""cpu"":""0.75%"",""mem"":""511.8MiB / 122.8GiB""}]"
2026-09-10T13:45:59Z,3,1749,1,47,22,2668811955,"[{""name"":""lab-worker-1"",""cpu"":""3.35%"",""mem"":""135.9MiB / 122.8GiB""},{""name"":""lab-api"",""cpu"":""0.01%"",""mem"":""145.4MiB / 122.8GiB""},{""name"":""lab-allegro-stub"",""cpu"":""0.00%"",""mem"":""21.03MiB / 122.8GiB""},{""name"":""lab-erli-stub"",""cpu"":""0.00%"",""mem"":""18.05MiB / 122.8GiB""},{""name"":""lab-eparagony-stub"",""cpu"":""0.00%"",""mem"":""20.37MiB / 122.8GiB""},{""name"":""lab-invoicing-stub"",""cpu"":""0.00%"",""mem"":""16.6MiB / 122.8GiB""},{""name"":""lab-shipping-stub"",""cpu"":""0.00%"",""mem"":""16.58MiB / 122.8GiB""},{""name"":""lab-eparagony-stub-tls"",""cpu"":""0.00%"",""mem"":""23.3MiB / 122.8GiB""},{""name"":""lab-erli-stub-tls"",""cpu"":""0.00%"",""mem"":""22.67MiB / 122.8GiB""},{""name"":""lab-wc-tls"",""cpu"":""0.00%"",""mem"":""29.51MiB / 122.8GiB""},{""name"":""lab-prestashop"",""cpu"":""8.09%"",""mem"":""135.5MiB / 122.8GiB""},{""name"":""lab-woocommerce"",""cpu"":""0.01%"",""mem"":""294.6MiB / 122.8GiB""},{""name"":""lab-redis"",""cpu"":""0.75%"",""mem"":""80.61MiB / 122.8GiB""},{""name"":""lab-postgres"",""cpu"":""58.94%"",""mem"":""241.8MiB / 122.8GiB""},{""name"":""lab-mysql"",""cpu"":""7.89%"",""mem"":""724.4MiB / 122.8GiB""},{""name"":""lab-woocommerce-mysql"",""cpu"":""5.86%"",""mem"":""511.8MiB / 122.8GiB""}]"
2026-09-10T13:46:02Z,3,1748,1,47,23,2668811955,"[{""name"":""lab-worker-1"",""cpu"":""6.33%"",""mem"":""136.3MiB / 122.8GiB""},{""name"":""lab-api"",""cpu"":""0.00%"",""mem"":""145.4MiB / 122.8GiB""},{""name"":""lab-allegro-stub"",""cpu"":""0.00%"",""mem"":""21.03MiB / 122.8GiB""},{""name"":""lab-erli-stub"",""cpu"":""0.00%"",""mem"":""18.06MiB / 122.8GiB""},{""name"":""lab-eparagony-stub"",""cpu"":""0.00%"",""mem"":""20.38MiB / 122.8GiB""},{""name"":""lab-invoicing-stub"",""cpu"":""0.00%"",""mem"":""16.6MiB / 122.8GiB""},{""name"":""lab-shipping-stub"",""cpu"":""0.00%"",""mem"":""16.58MiB / 122.8GiB""},{""name"":""lab-eparagony-stub-tls"",""cpu"":""0.00%"",""mem"":""23.3MiB / 122.8GiB""},{""name"":""lab-erli-stub-tls"",""cpu"":""0.00%"",""mem"":""22.67MiB / 122.8GiB""},{""name"":""lab-wc-tls"",""cpu"":""0.00%"",""mem"":""29.51MiB / 122.8GiB""},{""name"":""lab-prestashop"",""cpu"":""7.66%"",""mem"":""135.5MiB / 122.8GiB""},{""name"":""lab-woocommerce"",""cpu"":""0.01%"",""mem"":""294.6MiB / 122.8GiB""},{""name"":""lab-redis"",""cpu"":""0.84%"",""mem"":""80.61MiB / 122.8GiB""},{""name"":""lab-postgres"",""cpu"":""59.57%"",""mem"":""241.8MiB / 122.8GiB""},{""name"":""lab-mysql"",""cpu"":""8.38%"",""mem"":""724.4MiB / 122.8GiB""},{""name"":""lab-woocommerce-mysql"",""cpu"":""0.78%"",""mem"":""511.8MiB / 122.8GiB""}]"
2026-09-10T13:46:05Z,3,1746,2,47,24,2668811955,"[{""name"":""lab-worker-1"",""cpu"":""3.81%"",""mem"":""136.1MiB / 122.8GiB""},{""name"":""lab-api"",""cpu"":""0.00%"",""mem"":""145.4MiB / 122.8GiB""},{""name"":""lab-allegro-stub"",""cpu"":""0.00%"",""mem"":""21.03MiB / 122.8GiB""},{""name"":""lab-erli-stub"",""cpu"":""4.07%"",""mem"":""18.07MiB / 122.8GiB""},{""name"":""lab-eparagony-stub"",""cpu"":""4.59%"",""mem"":""20.37MiB / 122.8GiB""},{""name"":""lab-invoicing-stub"",""cpu"":""0.00%"",""mem"":""16.6MiB / 122.8GiB""},{""name"":""lab-shipping-stub"",""cpu"":""0.00%"",""mem"":""16.58MiB / 122.8GiB""},{""name"":""lab-eparagony-stub-tls"",""cpu"":""0.00%"",""mem"":""23.3MiB / 122.8GiB""},{""name"":""lab-erli-stub-tls"",""cpu"":""0.00%"",""mem"":""22.67MiB / 122.8GiB""},{""name"":""lab-wc-tls"",""cpu"":""0.00%"",""mem"":""29.51MiB / 122.8GiB""},{""name"":""lab-prestashop"",""cpu"":""4.88%"",""mem"":""135.5MiB / 122.8GiB""},{""name"":""lab-woocommerce"",""cpu"":""0.01%"",""mem"":""294.6MiB / 122.8GiB""},{""name"":""lab-redis"",""cpu"":""43.74%"",""mem"":""81.38MiB / 122.8GiB""},{""name"":""lab-postgres"",""cpu"":""40.66%"",""mem"":""239.2MiB / 122.8GiB""},{""name"":""lab-mysql"",""cpu"":""8.87%"",""mem"":""724.4MiB / 122.8GiB""},{""name"":""lab-woocommerce-mysql"",""cpu"":""0.62%"",""mem"":""511.8MiB / 122.8GiB""}]"
2026-09-10T13:46:08Z,3,1746,2,47,24,2668811955,"[{""name"":""lab-worker-1"",""cpu"":""6.18%"",""mem"":""136.2MiB / 122.8GiB""},{""name"":""lab-api"",""cpu"":""0.00%"",""mem"":""145.4MiB / 122.8GiB""},{""name"":""lab-allegro-stub"",""cpu"":""0.00%"",""mem"":""21.03MiB / 122.8GiB""},{""name"":""lab-erli-stub"",""cpu"":""0.00%"",""mem"":""18.06MiB / 122.8GiB""},{""name"":""lab-eparagony-stub"",""cpu"":""0.00%"",""mem"":""20.37MiB / 122.8GiB""},{""name"":""lab-invoicing-stub"",""cpu"":""0.00%"",""mem"":""16.6MiB / 122.8GiB""},{""name"":""lab-shipping-stub"",""cpu"":""0.00%"",""mem"":""16.58MiB / 122.8GiB""},{""name"":""lab-eparagony-stub-tls"",""cpu"":""0.00%"",""mem"":""23.3MiB / 122.8GiB""},{""name"":""lab-erli-stub-tls"",""cpu"":""0.00%"",""mem"":""22.67MiB / 122.8GiB""},{""name"":""lab-wc-tls"",""cpu"":""0.00%"",""mem"":""29.51MiB / 122.8GiB""},{""name"":""lab-prestashop"",""cpu"":""6.59%"",""mem"":""135.5MiB / 122.8GiB""},{""name"":""lab-woocommerce"",""cpu"":""0.01%"",""mem"":""294.6MiB / 122.8GiB""},{""name"":""lab-redis"",""cpu"":""43.16%"",""mem"":""80.75MiB / 122.8GiB""},{""name"":""lab-postgres"",""cpu"":""32.80%"",""mem"":""241.7MiB / 122.8GiB""},{""name"":""lab-mysql"",""cpu"":""5.66%"",""mem"":""724.4MiB / 122.8GiB""},{""name"":""lab-woocommerce-mysql"",""cpu"":""4.78%"",""mem"":""511.8MiB / 122.8GiB""}]"
2026-09-10T13:46:11Z,3,1746,2,47,24,2668811955,"[{""name"":""lab-worker-1"",""cpu"":""4.65%"",""mem"":""136.1MiB / 122.8GiB""},{""name"":""lab-api"",""cpu"":""0.00%"",""mem"":""145.4MiB / 122.8GiB""},{""name"":""lab-allegro-stub"",""cpu"":""3.96%"",""mem"":""21.03MiB / 122.8GiB""},{""name"":""lab-erli-stub"",""cpu"":""0.01%"",""mem"":""18.06MiB / 122.8GiB""},{""name"":""lab-eparagony-stub"",""cpu"":""0.00%"",""mem"":""20.37MiB / 122.8GiB""},{""name"":""lab-invoicing-stub"",""cpu"":""3.25%"",""mem"":""16.6MiB / 122.8GiB""},{""name"":""lab-shipping-stub"",""cpu"":""3.76%"",""mem"":""16.58MiB / 122.8GiB""},{""name"":""lab-eparagony-stub-tls"",""cpu"":""0.00%"",""mem"":""23.3MiB / 122.8GiB""},{""name"":""lab-erli-stub-tls"",""cpu"":""0.00%"",""mem"":""22.67MiB / 122.8GiB""},{""name"":""lab-wc-tls"",""cpu"":""0.00%"",""mem"":""29.51MiB / 122.8GiB""},{""name"":""lab-prestashop"",""cpu"":""11.31%"",""mem"":""135.5MiB / 122.8GiB""},{""name"":""lab-woocommerce"",""cpu"":""0.01%"",""mem"":""294.6MiB / 122.8GiB""},{""name"":""lab-redis"",""cpu"":""44.97%"",""mem"":""87.68MiB / 122.8GiB""},{""name"":""lab-postgres"",""cpu"":""30.30%"",""mem"":""241.8MiB / 122.8GiB""},{""name"":""lab-mysql"",""cpu"":""6.60%"",""mem"":""724.4MiB / 122.8GiB""},{""name"":""lab-woocommerce-mysql"",""cpu"":""0.61%"",""mem"":""511.8MiB / 122.8GiB""}]"
2026-09-10T13:46:14Z,3,1746,2,47,24,2668811955,"[{""name"":""lab-worker-1"",""cpu"":""3.72%"",""mem"":""136.1MiB / 122.8GiB""},{""name"":""lab-api"",""cpu"":""0.00%"",""mem"":""145.4MiB / 122.8GiB""},{""name"":""lab-allegro-stub"",""cpu"":""0.00%"",""mem"":""21.03MiB / 122.8GiB""},{""name"":""lab-erli-stub"",""cpu"":""0.00%"",""mem"":""18.05MiB / 122.8GiB""},{""name"":""lab-eparagony-stub"",""cpu"":""3.93%"",""mem"":""20.37MiB / 122.8GiB""},{""name"":""lab-invoicing-stub"",""cpu"":""0.00%"",""mem"":""16.6MiB / 122.8GiB""},{""name"":""lab-shipping-stub"",""cpu"":""0.00%"",""mem"":""16.58MiB / 122.8GiB""},{""name"":""lab-eparagony-stub-tls"",""cpu"":""0.00%"",""mem"":""23.3MiB / 122.8GiB""},{""name"":""lab-erli-stub-tls"",""cpu"":""0.00%"",""mem"":""22.67MiB / 122.8GiB""},{""name"":""lab-wc-tls"",""cpu"":""0.00%"",""mem"":""29.51MiB / 122.8GiB""},{""name"":""lab-prestashop"",""cpu"":""7.85%"",""mem"":""135.5MiB / 122.8GiB""},{""name"":""lab-woocommerce"",""cpu"":""0.00%"",""mem"":""294.6MiB / 122.8GiB""},{""name"":""lab-redis"",""cpu"":""44.02%"",""mem"":""87.7MiB / 122.8GiB""},{""name"":""lab-postgres"",""cpu"":""31.91%"",""mem"":""241.8MiB / 122.8GiB""},{""name"":""lab-mysql"",""cpu"":""7.19%"",""mem"":""724.4MiB / 122.8GiB""},{""name"":""lab-woocommerce-mysql"",""cpu"":""0.61%"",""mem"":""511.8MiB / 122.8GiB""}]"
2026-09-10T13:46:18Z,3,1746,1,47,25,2668811955,"[{""name"":""lab-worker-1"",""cpu"":""4.78%"",""mem"":""136MiB / 122.8GiB""},{""name"":""lab-api"",""cpu"":""0.00%"",""mem"":""145.4MiB / 122.8GiB""},{""name"":""lab-allegro-stub"",""cpu"":""0.00%"",""mem"":""21.03MiB / 122.8GiB""},{""name"":""lab-erli-stub"",""cpu"":""0.00%"",""mem"":""18.06MiB / 122.8GiB""},{""name"":""lab-eparagony-stub"",""cpu"":""0.00%"",""mem"":""20.37MiB / 122.8GiB""},{""name"":""lab-invoicing-stub"",""cpu"":""0.00%"",""mem"":""16.6MiB / 122.8GiB""},{""name"":""lab-shipping-stub"",""cpu"":""0.00%"",""mem"":""16.58MiB / 122.8GiB""},{""name"":""lab-eparagony-stub-tls"",""cpu"":""0.00%"",""mem"":""23.3MiB / 122.8GiB""},{""name"":""lab-erli-stub-tls"",""cpu"":""0.00%"",""mem"":""22.67MiB / 122.8GiB""},{""name"":""lab-wc-tls"",""cpu"":""0.00%"",""mem"":""29.51MiB / 122.8GiB""},{""name"":""lab-prestashop"",""cpu"":""8.72%"",""mem"":""135.5MiB / 122.8GiB""},{""name"":""lab-woocommerce"",""cpu"":""0.00%"",""mem"":""294.6MiB / 122.8GiB""},{""name"":""lab-redis"",""cpu"":""44.30%"",""mem"":""80.73MiB / 122.8GiB""},{""name"":""lab-postgres"",""cpu"":""32.63%"",""mem"":""242MiB / 122.8GiB""},{""name"":""lab-mysql"",""cpu"":""8.38%"",""mem"":""724.4MiB / 122.8GiB""},{""name"":""lab-woocommerce-mysql"",""cpu"":""0.63%"",""mem"":""511.8MiB / 122.8GiB""}]"
2026-09-10T13:46:21Z,4,1745,2,47,25,2668811955,"[{""name"":""lab-worker-1"",""cpu"":""4.89%"",""mem"":""136.1MiB / 122.8GiB""},{""name"":""lab-api"",""cpu"":""0.01%"",""mem"":""145.4MiB / 122.8GiB""},{""name"":""lab-allegro-stub"",""cpu"":""3.24%"",""mem"":""21.03MiB / 122.8GiB""},{""name"":""lab-erli-stub"",""cpu"":""3.82%"",""mem"":""18.06MiB / 122.8GiB""},{""name"":""lab-eparagony-stub"",""cpu"":""0.00%"",""mem"":""20.37MiB / 122.8GiB""},{""name"":""lab-invoicing-stub"",""cpu"":""4.30%"",""mem"":""16.6MiB / 122.8GiB""},{""name"":""lab-shipping-stub"",""cpu"":""4.60%"",""mem"":""16.59MiB / 122.8GiB""},{""name"":""lab-eparagony-stub-tls"",""cpu"":""0.00%"",""mem"":""23.3MiB / 122.8GiB""},{""name"":""lab-erli-stub-tls"",""cpu"":""0.00%"",""mem"":""22.67MiB / 122.8GiB""},{""name"":""lab-wc-tls"",""cpu"":""0.00%"",""mem"":""29.51MiB / 122.8GiB""},{""name"":""lab-prestashop"",""cpu"":""7.88%"",""mem"":""135.5MiB / 122.8GiB""},{""name"":""lab-woocommerce"",""cpu"":""0.00%"",""mem"":""294.6MiB / 122.8GiB""},{""name"":""lab-redis"",""cpu"":""46.18%"",""mem"":""87.85MiB / 122.8GiB""},{""name"":""lab-postgres"",""cpu"":""32.32%"",""mem"":""241.8MiB / 122.8GiB""},{""name"":""lab-mysql"",""cpu"":""7.22%"",""mem"":""724.4MiB / 122.8GiB""},{""name"":""lab-woocommerce-mysql"",""cpu"":""0.58%"",""mem"":""511.8MiB / 122.8GiB""}]"
2026-09-10T13:46:24Z,3,1745,2,47,24,2668811955,"[{""name"":""lab-worker-1"",""cpu"":""4.79%"",""mem"":""135.8MiB / 122.8GiB""},{""name"":""lab-api"",""cpu"":""0.00%"",""mem"":""145.4MiB / 122.8GiB""},{""name"":""lab-allegro-stub"",""cpu"":""0.00%"",""mem"":""21.03MiB / 122.8GiB""},{""name"":""lab-erli-stub"",""cpu"":""0.00%"",""mem"":""18.05MiB / 122.8GiB""},{""name"":""lab-eparagony-stub"",""cpu"":""0.00%"",""mem"":""20.37MiB / 122.8GiB""},{""name"":""lab-invoicing-stub"",""cpu"":""0.00%"",""mem"":""16.6MiB / 122.8GiB""},{""name"":""lab-shipping-stub"",""cpu"":""0.00%"",""mem"":""16.58MiB / 122.8GiB""},{""name"":""lab-eparagony-stub-tls"",""cpu"":""0.00%"",""mem"":""23.3MiB / 122.8GiB""},{""name"":""lab-erli-stub-tls"",""cpu"":""0.00%"",""mem"":""22.67MiB / 122.8GiB""},{""name"":""lab-wc-tls"",""cpu"":""0.00%"",""mem"":""29.51MiB / 122.8GiB""},{""name"":""lab-prestashop"",""cpu"":""8.01%"",""mem"":""135.5MiB / 122.8GiB""},{""name"":""lab-woocommerce"",""cpu"":""0.00%"",""mem"":""294.6MiB / 122.8GiB""},{""name"":""lab-redis"",""cpu"":""45.90%"",""mem"":""81.32MiB / 122.8GiB""},{""name"":""lab-postgres"",""cpu"":""31.72%"",""mem"":""239.1MiB / 122.8GiB""},{""name"":""lab-mysql"",""cpu"":""7.66%"",""mem"":""724.4MiB / 122.8GiB""},{""name"":""lab-woocommerce-mysql"",""cpu"":""0.63%"",""mem"":""511.8MiB / 122.8GiB""}]"
2026-09-10T13:46:27Z,3,1746,2,47,24,2668811955,"[{""name"":""lab-worker-1"",""cpu"":""3.23%"",""mem"":""136MiB / 122.8GiB""},{""name"":""lab-api"",""cpu"":""0.00%"",""mem"":""145.4MiB / 122.8GiB""},{""name"":""lab-allegro-stub"",""cpu"":""0.01%"",""mem"":""21.03MiB / 122.8GiB""},{""name"":""lab-erli-stub"",""cpu"":""0.00%"",""mem"":""18.06MiB / 122.8GiB""},{""name"":""lab-eparagony-stub"",""cpu"":""0.01%"",""mem"":""20.37MiB / 122.8GiB""},{""name"":""lab-invoicing-stub"",""cpu"":""0.00%"",""mem"":""16.6MiB / 122.8GiB""},{""name"":""lab-shipping-stub"",""cpu"":""0.00%"",""mem"":""16.58MiB / 122.8GiB""},{""name"":""lab-eparagony-stub-tls"",""cpu"":""0.00%"",""mem"":""23.3MiB / 122.8GiB""},{""name"":""lab-erli-stub-tls"",""cpu"":""0.00%"",""mem"":""22.67MiB / 122.8GiB""},{""name"":""lab-wc-tls"",""cpu"":""0.00%"",""mem"":""29.51MiB / 122.8GiB""},{""name"":""lab-prestashop"",""cpu"":""8.54%"",""mem"":""135.5MiB / 122.8GiB""},{""name"":""lab-woocommerce"",""cpu"":""0.00%"",""mem"":""294.6MiB / 122.8GiB""},{""name"":""lab-redis"",""cpu"":""44.80%"",""mem"":""80.79MiB / 122.8GiB""},{""name"":""lab-postgres"",""cpu"":""30.91%"",""mem"":""239.1MiB / 122.8GiB""},{""name"":""lab-mysql"",""cpu"":""8.18%"",""mem"":""724.4MiB / 122.8GiB""},{""name"":""lab-woocommerce-mysql"",""cpu"":""0.66%"",""mem"":""511.8MiB / 122.8GiB""}]"
2026-09-10T13:46:30Z,3,1750,1,47,22,2668820147,"[{""name"":""lab-worker-1"",""cpu"":""3.31%"",""mem"":""136MiB / 122.8GiB""},{""name"":""lab-api"",""cpu"":""0.00%"",""mem"":""145.4MiB / 122.8GiB""},{""name"":""lab-allegro-stub"",""cpu"":""0.00%"",""mem"":""21.03MiB / 122.8GiB""},{""name"":""lab-erli-stub"",""cpu"":""3.31%"",""mem"":""26.96MiB / 122.8GiB""},{""name"":""lab-eparagony-stub"",""cpu"":""4.01%"",""mem"":""20.37MiB / 122.8GiB""},{""name"":""lab-invoicing-stub"",""cpu"":""0.00%"",""mem"":""16.6MiB / 122.8GiB""},{""name"":""lab-shipping-stub"",""cpu"":""0.00%"",""mem"":""16.58MiB / 122.8GiB""},{""name"":""lab-eparagony-stub-tls"",""cpu"":""0.00%"",""mem"":""23.3MiB / 122.8GiB""},{""name"":""lab-erli-stub-tls"",""cpu"":""0.00%"",""mem"":""22.67MiB / 122.8GiB""},{""name"":""lab-wc-tls"",""cpu"":""0.00%"",""mem"":""29.51MiB / 122.8GiB""},{""name"":""lab-prestashop"",""cpu"":""10.06%"",""mem"":""135.5MiB / 122.8GiB""},{""name"":""lab-woocommerce"",""cpu"":""0.00%"",""mem"":""294.6MiB / 122.8GiB""},{""name"":""lab-redis"",""cpu"":""41.99%"",""mem"":""82MiB / 122.8GiB""},{""name"":""lab-postgres"",""cpu"":""30.10%"",""mem"":""241.2MiB / 122.8GiB""},{""name"":""lab-mysql"",""cpu"":""7.70%"",""mem"":""724.4MiB / 122.8GiB""},{""name"":""lab-woocommerce-mysql"",""cpu"":""0.64%"",""mem"":""511.8MiB / 122.8GiB""}]"
2026-09-10T13:46:33Z,3,1751,2,47,20,2668820147,"[{""name"":""lab-worker-1"",""cpu"":""4.66%"",""mem"":""136.1MiB / 122.8GiB""},{""name"":""lab-api"",""cpu"":""0.00%"",""mem"":""145.4MiB / 122.8GiB""},{""name"":""lab-allegro-stub"",""cpu"":""0.00%"",""mem"":""21.03MiB / 122.8GiB""},{""name"":""lab-erli-stub"",""cpu"":""0.00%"",""mem"":""18.06MiB / 122.8GiB""},{""name"":""lab-eparagony-stub"",""cpu"":""0.00%"",""mem"":""20.37MiB / 122.8GiB""},{""name"":""lab-invoicing-stub"",""cpu"":""0.00%"",""mem"":""16.6MiB / 122.8GiB""},{""name"":""lab-shipping-stub"",""cpu"":""0.00%"",""mem"":""16.58MiB / 122.8GiB""},{""name"":""lab-eparagony-stub-tls"",""cpu"":""0.00%"",""mem"":""23.3MiB / 122.8GiB""},{""name"":""lab-erli-stub-tls"",""cpu"":""0.00%"",""mem"":""22.67MiB / 122.8GiB""},{""name"":""lab-wc-tls"",""cpu"":""0.00%"",""mem"":""29.51MiB / 122.8GiB""},{""name"":""lab-prestashop"",""cpu"":""8.58%"",""mem"":""135.5MiB / 122.8GiB""},{""name"":""lab-woocommerce"",""cpu"":""0.00%"",""mem"":""294.6MiB / 122.8GiB""},{""name"":""lab-redis"",""cpu"":""46.88%"",""mem"":""87.43MiB / 122.8GiB""},{""name"":""lab-postgres"",""cpu"":""29.98%"",""mem"":""241.7MiB / 122.8GiB""},{""name"":""lab-mysql"",""cpu"":""7.94%"",""mem"":""724.4MiB / 122.8GiB""},{""name"":""lab-woocommerce-mysql"",""cpu"":""0.61%"",""mem"":""511.8MiB / 122.8GiB""}]"
2026-09-10T13:46:36Z,3,1750,1,47,21,2668820147,"[{""name"":""lab-worker-1"",""cpu"":""3.43%"",""mem"":""136.3MiB / 122.8GiB""},{""name"":""lab-api"",""cpu"":""0.00%"",""mem"":""145.4MiB / 122.8GiB""},{""name"":""lab-allegro-stub"",""cpu"":""4.15%"",""mem"":""21.03MiB / 122.8GiB""},{""name"":""lab-erli-stub"",""cpu"":""0.01%"",""mem"":""18.06MiB / 122.8GiB""},{""name"":""lab-eparagony-stub"",""cpu"":""0.01%"",""mem"":""20.37MiB / 122.8GiB""},{""name"":""lab-invoicing-stub"",""cpu"":""3.44%"",""mem"":""16.6MiB / 122.8GiB""},{""name"":""lab-shipping-stub"",""cpu"":""3.99%"",""mem"":""16.58MiB / 122.8GiB""},{""name"":""lab-eparagony-stub-tls"",""cpu"":""0.00%"",""mem"":""23.3MiB / 122.8GiB""},{""name"":""lab-erli-stub-tls"",""cpu"":""0.00%"",""mem"":""22.67MiB / 122.8GiB""},{""name"":""lab-wc-tls"",""cpu"":""0.00%"",""mem"":""29.51MiB / 122.8GiB""},{""name"":""lab-prestashop"",""cpu"":""8.91%"",""mem"":""135.5MiB / 122.8GiB""},{""name"":""lab-woocommerce"",""cpu"":""0.00%"",""mem"":""294.6MiB / 122.8GiB""},{""name"":""lab-redis"",""cpu"":""43.20%"",""mem"":""87.98MiB / 122.8GiB""},{""name"":""lab-postgres"",""cpu"":""29.16%"",""mem"":""241.7MiB / 122.8GiB""},{""name"":""lab-mysql"",""cpu"":""8.09%"",""mem"":""724.4MiB / 122.8GiB""},{""name"":""lab-woocommerce-mysql"",""cpu"":""0.58%"",""mem"":""511.8MiB / 122.8GiB""}]"
2026-09-10T13:46:39Z,3,1750,1,47,21,2668820147,"[{""name"":""lab-worker-1"",""cpu"":""3.22%"",""mem"":""136.1MiB / 122.8GiB""},{""name"":""lab-api"",""cpu"":""0.00%"",""mem"":""145.4MiB / 122.8GiB""},{""name"":""lab-allegro-stub"",""cpu"":""0.00%"",""mem"":""21.03MiB / 122.8GiB""},{""name"":""lab-erli-stub"",""cpu"":""0.00%"",""mem"":""18.05MiB / 122.8GiB""},{""name"":""lab-eparagony-stub"",""cpu"":""0.00%"",""mem"":""20.37MiB / 122.8GiB""},{""name"":""lab-invoicing-stub"",""cpu"":""0.00%"",""mem"":""16.6MiB / 122.8GiB""},{""name"":""lab-shipping-stub"",""cpu"":""0.00%"",""mem"":""16.58MiB / 122.8GiB""},{""name"":""lab-eparagony-stub-tls"",""cpu"":""0.00%"",""mem"":""23.3MiB / 122.8GiB""},{""name"":""lab-erli-stub-tls"",""cpu"":""0.00%"",""mem"":""22.67MiB / 122.8GiB""},{""name"":""lab-wc-tls"",""cpu"":""0.00%"",""mem"":""29.51MiB / 122.8GiB""},{""name"":""lab-prestashop"",""cpu"":""8.71%"",""mem"":""137.5MiB / 122.8GiB""},{""name"":""lab-woocommerce"",""cpu"":""0.00%"",""mem"":""294.6MiB / 122.8GiB""},{""name"":""lab-redis"",""cpu"":""45.93%"",""mem"":""81.55MiB / 122.8GiB""},{""name"":""lab-postgres"",""cpu"":""31.24%"",""mem"":""241.7MiB / 122.8GiB""},{""name"":""lab-mysql"",""cpu"":""8.82%"",""mem"":""724.4MiB / 122.8GiB""},{""name"":""lab-woocommerce-mysql"",""cpu"":""0.64%"",""mem"":""511.8MiB / 122.8GiB""}]"
2026-09-10T13:46:42Z,3,1749,2,47,20,2668820147,"[{""name"":""lab-worker-1"",""cpu"":""4.22%"",""mem"":""135.9MiB / 122.8GiB""},{""name"":""lab-api"",""cpu"":""0.00%"",""mem"":""145.4MiB / 122.8GiB""},{""name"":""lab-allegro-stub"",""cpu"":""0.01%"",""mem"":""21.03MiB / 122.8GiB""},{""name"":""lab-erli-stub"",""cpu"":""0.01%"",""mem"":""18.05MiB / 122.8GiB""},{""name"":""lab-eparagony-stub"",""cpu"":""0.00%"",""mem"":""20.37MiB / 122.8GiB""},{""name"":""lab-invoicing-stub"",""cpu"":""0.01%"",""mem"":""16.6MiB / 122.8GiB""},{""name"":""lab-shipping-stub"",""cpu"":""0.01%"",""mem"":""16.58MiB / 122.8GiB""},{""name"":""lab-eparagony-stub-tls"",""cpu"":""0.00%"",""mem"":""23.3MiB / 122.8GiB""},{""name"":""lab-erli-stub-tls"",""cpu"":""0.00%"",""mem"":""22.67MiB / 122.8GiB""},{""name"":""lab-wc-tls"",""cpu"":""0.00%"",""mem"":""29.51MiB / 122.8GiB""},{""name"":""lab-prestashop"",""cpu"":""8.43%"",""mem"":""135.5MiB / 122.8GiB""},{""name"":""lab-woocommerce"",""cpu"":""0.00%"",""mem"":""294.6MiB / 122.8GiB""},{""name"":""lab-redis"",""cpu"":""44.60%"",""mem"":""88.07MiB / 122.8GiB""},{""name"":""lab-postgres"",""cpu"":""34.93%"",""mem"":""241.7MiB / 122.8GiB""},{""name"":""lab-mysql"",""cpu"":""7.54%"",""mem"":""724.4MiB / 122.8GiB""},{""name"":""lab-woocommerce-mysql"",""cpu"":""0.62%"",""mem"":""511.8MiB / 122.8GiB""}]"
2026-09-10T13:46:46Z,3,1750,1,47,21,2668820147,"[{""name"":""lab-worker-1"",""cpu"":""5.45%"",""mem"":""136.1MiB / 122.8GiB""},{""name"":""lab-api"",""cpu"":""0.00%"",""mem"":""145.4MiB / 122.8GiB""},{""name"":""lab-allegro-stub"",""cpu"":""0.00%"",""mem"":""21.03MiB / 122.8GiB""},{""name"":""lab-erli-stub"",""cpu"":""4.34%"",""mem"":""18.06MiB / 122.8GiB""},{""name"":""lab-eparagony-stub"",""cpu"":""3.91%"",""mem"":""20.37MiB / 122.8GiB""},{""name"":""lab-invoicing-stub"",""cpu"":""0.00%"",""mem"":""16.6MiB / 122.8GiB""},{""name"":""lab-shipping-stub"",""cpu"":""0.00%"",""mem"":""16.58MiB / 122.8GiB""},{""name"":""lab-eparagony-stub-tls"",""cpu"":""0.00%"",""mem"":""23.3MiB / 122.8GiB""},{""name"":""lab-erli-stub-tls"",""cpu"":""0.00%"",""mem"":""22.67MiB / 122.8GiB""},{""name"":""lab-wc-tls"",""cpu"":""0.00%"",""mem"":""29.51MiB / 122.8GiB""},{""name"":""lab-prestashop"",""cpu"":""8.69%"",""mem"":""135.5MiB / 122.8GiB""},{""name"":""lab-woocommerce"",""cpu"":""0.00%"",""mem"":""294.6MiB / 122.8GiB""},{""name"":""lab-redis"",""cpu"":""45.26%"",""mem"":""87.55MiB / 122.8GiB""},{""name"":""lab-postgres"",""cpu"":""36.96%"",""mem"":""241.8MiB / 122.8GiB""},{""name"":""lab-mysql"",""cpu"":""11.47%"",""mem"":""724.4MiB / 122.8GiB""},{""name"":""lab-woocommerce-mysql"",""cpu"":""0.75%"",""mem"":""511.8MiB / 122.8GiB""}]"
2026-09-10T13:46:49Z,4,1750,2,47,19,2668820147,"[{""name"":""lab-worker-1"",""cpu"":""4.62%"",""mem"":""136MiB / 122.8GiB""},{""name"":""lab-api"",""cpu"":""0.00%"",""mem"":""145.4MiB / 122.8GiB""},{""name"":""lab-allegro-stub"",""cpu"":""0.00%"",""mem"":""21.03MiB / 122.8GiB""},{""name"":""lab-erli-stub"",""cpu"":""0.00%"",""mem"":""18.05MiB / 122.8GiB""},{""name"":""lab-eparagony-stub"",""cpu"":""0.00%"",""mem"":""20.37MiB / 122.8GiB""},{""name"":""lab-invoicing-stub"",""cpu"":""0.00%"",""mem"":""16.6MiB / 122.8GiB""},{""name"":""lab-shipping-stub"",""cpu"":""0.00%"",""mem"":""16.58MiB / 122.8GiB""},{""name"":""lab-eparagony-stub-tls"",""cpu"":""0.00%"",""mem"":""23.3MiB / 122.8GiB""},{""name"":""lab-erli-stub-tls"",""cpu"":""0.00%"",""mem"":""22.67MiB / 122.8GiB""},{""name"":""lab-wc-tls"",""cpu"":""0.00%"",""mem"":""29.51MiB / 122.8GiB""},{""name"":""lab-prestashop"",""cpu"":""5.87%"",""mem"":""135.5MiB / 122.8GiB""},{""name"":""lab-woocommerce"",""cpu"":""0.00%"",""mem"":""294.6MiB / 122.8GiB""},{""name"":""lab-redis"",""cpu"":""40.89%"",""mem"":""80.81MiB / 122.8GiB""},{""name"":""lab-postgres"",""cpu"":""33.19%"",""mem"":""241.2MiB / 122.8GiB""},{""name"":""lab-mysql"",""cpu"":""5.73%"",""mem"":""724.4MiB / 122.8GiB""},{""name"":""lab-woocommerce-mysql"",""cpu"":""5.28%"",""mem"":""511.8MiB / 122.8GiB""}]"
2026-09-10T13:46:52Z,3,1750,2,47,21,2668828339,"[{""name"":""lab-worker-1"",""cpu"":""3.81%"",""mem"":""136.1MiB / 122.8GiB""},{""name"":""lab-api"",""cpu"":""0.00%"",""mem"":""145.4MiB / 122.8GiB""},{""name"":""lab-allegro-stub"",""cpu"":""0.01%"",""mem"":""21.03MiB / 122.8GiB""},{""name"":""lab-erli-stub"",""cpu"":""0.00%"",""mem"":""18.06MiB / 122.8GiB""},{""name"":""lab-eparagony-stub"",""cpu"":""0.00%"",""mem"":""20.37MiB / 122.8GiB""},{""name"":""lab-invoicing-stub"",""cpu"":""0.01%"",""mem"":""16.6MiB / 122.8GiB""},{""name"":""lab-shipping-stub"",""cpu"":""0.01%"",""mem"":""16.58MiB / 122.8GiB""},{""name"":""lab-eparagony-stub-tls"",""cpu"":""0.00%"",""mem"":""23.3MiB / 122.8GiB""},{""name"":""lab-erli-stub-tls"",""cpu"":""0.00%"",""mem"":""22.67MiB / 122.8GiB""},{""name"":""lab-wc-tls"",""cpu"":""0.00%"",""mem"":""29.51MiB / 122.8GiB""},{""name"":""lab-prestashop"",""cpu"":""7.96%"",""mem"":""135.5MiB / 122.8GiB""},{""name"":""lab-woocommerce"",""cpu"":""0.00%"",""mem"":""294.6MiB / 122.8GiB""},{""name"":""lab-redis"",""cpu"":""44.10%"",""mem"":""80.77MiB / 122.8GiB""},{""name"":""lab-postgres"",""cpu"":""31.91%"",""mem"":""241.7MiB / 122.8GiB""},{""name"":""lab-mysql"",""cpu"":""7.95%"",""mem"":""724.4MiB / 122.8GiB""},{""name"":""lab-woocommerce-mysql"",""cpu"":""0.63%"",""mem"":""511.8MiB / 122.8GiB""}]"
2026-09-10T13:46:55Z,3,1750,1,47,20,2668828339,"[{""name"":""lab-worker-1"",""cpu"":""4.90%"",""mem"":""135.9MiB / 122.8GiB""},{""name"":""lab-api"",""cpu"":""0.00%"",""mem"":""145.4MiB / 122.8GiB""},{""name"":""lab-allegro-stub"",""cpu"":""0.00%"",""mem"":""21.03MiB / 122.8GiB""},{""name"":""lab-erli-stub"",""cpu"":""0.00%"",""mem"":""18.05MiB / 122.8GiB""},{""name"":""lab-eparagony-stub"",""cpu"":""3.75%"",""mem"":""20.37MiB / 122.8GiB""},{""name"":""lab-invoicing-stub"",""cpu"":""0.00%"",""mem"":""16.6MiB / 122.8GiB""},{""name"":""lab-shipping-stub"",""cpu"":""0.00%"",""mem"":""16.58MiB / 122.8GiB""},{""name"":""lab-eparagony-stub-tls"",""cpu"":""0.00%"",""mem"":""23.3MiB / 122.8GiB""},{""name"":""lab-erli-stub-tls"",""cpu"":""0.00%"",""mem"":""22.67MiB / 122.8GiB""},{""name"":""lab-wc-tls"",""cpu"":""0.00%"",""mem"":""29.51MiB / 122.8GiB""},{""name"":""lab-prestashop"",""cpu"":""8.40%"",""mem"":""135.5MiB / 122.8GiB""},{""name"":""lab-woocommerce"",""cpu"":""0.00%"",""mem"":""294.6MiB / 122.8GiB""},{""name"":""lab-redis"",""cpu"":""46.83%"",""mem"":""80.88MiB / 122.8GiB""},{""name"":""lab-postgres"",""cpu"":""33.72%"",""mem"":""241.7MiB / 122.8GiB""},{""name"":""lab-mysql"",""cpu"":""7.14%"",""mem"":""724.4MiB / 122.8GiB""},{""name"":""lab-woocommerce-mysql"",""cpu"":""0.64%"",""mem"":""511.8MiB / 122.8GiB""}]"
2026-09-10T13:46:58Z,3,1751,1,47,20,2668828339,"[{""name"":""lab-worker-1"",""cpu"":""3.57%"",""mem"":""136.1MiB / 122.8GiB""},{""name"":""lab-api"",""cpu"":""0.00%"",""mem"":""145.4MiB / 122.8GiB""},{""name"":""lab-allegro-stub"",""cpu"":""0.00%"",""mem"":""21.03MiB / 122.8GiB""},{""name"":""lab-erli-stub"",""cpu"":""0.00%"",""mem"":""18.06MiB / 122.8GiB""},{""name"":""lab-eparagony-stub"",""cpu"":""0.00%"",""mem"":""20.37MiB / 122.8GiB""},{""name"":""lab-invoicing-stub"",""cpu"":""0.00%"",""mem"":""16.6MiB / 122.8GiB""},{""name"":""lab-shipping-stub"",""cpu"":""0.00%"",""mem"":""16.58MiB / 122.8GiB""},{""name"":""lab-eparagony-stub-tls"",""cpu"":""0.00%"",""mem"":""23.3MiB / 122.8GiB""},{""name"":""lab-erli-stub-tls"",""cpu"":""0.00%"",""mem"":""22.67MiB / 122.8GiB""},{""name"":""lab-wc-tls"",""cpu"":""0.00%"",""mem"":""29.51MiB / 122.8GiB""},{""name"":""lab-prestashop"",""cpu"":""8.34%"",""mem"":""135.5MiB / 122.8GiB""},{""name"":""lab-woocommerce"",""cpu"":""0.01%"",""mem"":""294.6MiB / 122.8GiB""},{""name"":""lab-redis"",""cpu"":""45.04%"",""mem"":""88.02MiB / 122.8GiB""},{""name"":""lab-postgres"",""cpu"":""32.62%"",""mem"":""241.7MiB / 122.8GiB""},{""name"":""lab-mysql"",""cpu"":""6.70%"",""mem"":""724.4MiB / 122.8GiB""},{""name"":""lab-woocommerce-mysql"",""cpu"":""0.62%"",""mem"":""511.8MiB / 122.8GiB""}]"
2026-09-10T13:47:01Z,3,1751,1,47,21,2668828339,"[{""name"":""lab-worker-1"",""cpu"":""3.60%"",""mem"":""136.5MiB / 122.8GiB""},{""name"":""lab-api"",""cpu"":""0.00%"",""mem"":""145.4MiB / 122.8GiB""},{""name"":""lab-allegro-stub"",""cpu"":""3.53%"",""mem"":""21.05MiB / 122.8GiB""},{""name"":""lab-erli-stub"",""cpu"":""3.89%"",""mem"":""18.06MiB / 122.8GiB""},{""name"":""lab-eparagony-stub"",""cpu"":""0.01%"",""mem"":""20.37MiB / 122.8GiB""},{""name"":""lab-invoicing-stub"",""cpu"":""4.57%"",""mem"":""16.6MiB / 122.8GiB""},{""name"":""lab-shipping-stub"",""cpu"":""4.00%"",""mem"":""16.59MiB / 122.8GiB""},{""name"":""lab-eparagony-stub-tls"",""cpu"":""0.00%"",""mem"":""23.3MiB / 122.8GiB""},{""name"":""lab-erli-stub-tls"",""cpu"":""0.00%"",""mem"":""22.67MiB / 122.8GiB""},{""name"":""lab-wc-tls"",""cpu"":""0.00%"",""mem"":""29.51MiB / 122.8GiB""},{""name"":""lab-prestashop"",""cpu"":""46.07%"",""mem"":""153.8MiB / 122.8GiB""},{""name"":""lab-woocommerce"",""cpu"":""0.01%"",""mem"":""294.6MiB / 122.8GiB""},{""name"":""lab-redis"",""cpu"":""0.75%"",""mem"":""80.77MiB / 122.8GiB""},{""name"":""lab-postgres"",""cpu"":""31.23%"",""mem"":""241.8MiB / 122.8GiB""},{""name"":""lab-mysql"",""cpu"":""50.54%"",""mem"":""724.6MiB / 122.8GiB""},{""name"":""lab-woocommerce-mysql"",""cpu"":""0.60%"",""mem"":""511.8MiB / 122.8GiB""}]"
2026-09-10T13:47:04Z,3,1751,0,47,21,2668828339,"[{""name"":""lab-worker-1"",""cpu"":""3.11%"",""mem"":""136.3MiB / 122.8GiB""},{""name"":""lab-api"",""cpu"":""0.00%"",""mem"":""145.4MiB / 122.8GiB""},{""name"":""lab-allegro-stub"",""cpu"":""0.00%"",""mem"":""21.04MiB / 122.8GiB""},{""name"":""lab-erli-stub"",""cpu"":""0.00%"",""mem"":""18.05MiB / 122.8GiB""},{""name"":""lab-eparagony-stub"",""cpu"":""0.00%"",""mem"":""20.37MiB / 122.8GiB""},{""name"":""lab-invoicing-stub"",""cpu"":""0.00%"",""mem"":""16.6MiB / 122.8GiB""},{""name"":""lab-shipping-stub"",""cpu"":""0.00%"",""mem"":""16.58MiB / 122.8GiB""},{""name"":""lab-eparagony-stub-tls"",""cpu"":""0.00%"",""mem"":""23.3MiB / 122.8GiB""},{""name"":""lab-erli-stub-tls"",""cpu"":""0.00%"",""mem"":""22.67MiB / 122.8GiB""},{""name"":""lab-wc-tls"",""cpu"":""0.00%"",""mem"":""29.51MiB / 122.8GiB""},{""name"":""lab-prestashop"",""cpu"":""47.09%"",""mem"":""165.6MiB / 122.8GiB""},{""name"":""lab-woocommerce"",""cpu"":""0.01%"",""mem"":""294.6MiB / 122.8GiB""},{""name"":""lab-redis"",""cpu"":""0.75%"",""mem"":""80.77MiB / 122.8GiB""},{""name"":""lab-postgres"",""cpu"":""32.13%"",""mem"":""241.8MiB / 122.8GiB""},{""name"":""lab-mysql"",""cpu"":""52.37%"",""mem"":""724.4MiB / 122.8GiB""},{""name"":""lab-woocommerce-mysql"",""cpu"":""0.60%"",""mem"":""511.8MiB / 122.8GiB""}]"
2026-09-10T13:47:07Z,3,1748,2,47,23,2668828339,"[{""name"":""lab-worker-1"",""cpu"":""4.53%"",""mem"":""136MiB / 122.8GiB""},{""name"":""lab-api"",""cpu"":""0.00%"",""mem"":""145.4MiB / 122.8GiB""},{""name"":""lab-allegro-stub"",""cpu"":""0.01%"",""mem"":""21.04MiB / 122.8GiB""},{""name"":""lab-erli-stub"",""cpu"":""0.00%"",""mem"":""18.06MiB / 122.8GiB""},{""name"":""lab-eparagony-stub"",""cpu"":""0.00%"",""mem"":""20.37MiB / 122.8GiB""},{""name"":""lab-invoicing-stub"",""cpu"":""0.01%"",""mem"":""16.6MiB / 122.8GiB""},{""name"":""lab-shipping-stub"",""cpu"":""0.01%"",""mem"":""16.58MiB / 122.8GiB""},{""name"":""lab-eparagony-stub-tls"",""cpu"":""0.00%"",""mem"":""23.3MiB / 122.8GiB""},{""name"":""lab-erli-stub-tls"",""cpu"":""0.00%"",""mem"":""22.67MiB / 122.8GiB""},{""name"":""lab-wc-tls"",""cpu"":""0.00%"",""mem"":""29.51MiB / 122.8GiB""},{""name"":""lab-prestashop"",""cpu"":""44.88%"",""mem"":""171.6MiB / 122.8GiB""},{""name"":""lab-woocommerce"",""cpu"":""0.00%"",""mem"":""294.6MiB / 122.8GiB""},{""name"":""lab-redis"",""cpu"":""0.66%"",""mem"":""81MiB / 122.8GiB""},{""name"":""lab-postgres"",""cpu"":""33.25%"",""mem"":""241.8MiB / 122.8GiB""},{""name"":""lab-mysql"",""cpu"":""53.18%"",""mem"":""724.7MiB / 122.8GiB""},{""name"":""lab-woocommerce-mysql"",""cpu"":""0.67%"",""mem"":""511.8MiB / 122.8GiB""}]"
2026-09-10T13:47:10Z,3,1747,2,47,24,2668828339,"[{""name"":""lab-worker-1"",""cpu"":""3.46%"",""mem"":""136.1MiB / 122.8GiB""},{""name"":""lab-api"",""cpu"":""0.00%"",""mem"":""145.4MiB / 122.8GiB""},{""name"":""lab-allegro-stub"",""cpu"":""0.00%"",""mem"":""21.04MiB / 122.8GiB""},{""name"":""lab-erli-stub"",""cpu"":""4.17%"",""mem"":""18.1MiB / 122.8GiB""},{""name"":""lab-eparagony-stub"",""cpu"":""3.92%"",""mem"":""20.37MiB / 122.8GiB""},{""name"":""lab-invoicing-stub"",""cpu"":""0.00%"",""mem"":""16.6MiB / 122.8GiB""},{""name"":""lab-shipping-stub"",""cpu"":""0.00%"",""mem"":""16.58MiB / 122.8GiB""},{""name"":""lab-eparagony-stub-tls"",""cpu"":""0.00%"",""mem"":""23.3MiB / 122.8GiB""},{""name"":""lab-erli-stub-tls"",""cpu"":""0.00%"",""mem"":""22.67MiB / 122.8GiB""},{""name"":""lab-wc-tls"",""cpu"":""0.00%"",""mem"":""29.51MiB / 122.8GiB""},{""name"":""lab-prestashop"",""cpu"":""45.65%"",""mem"":""171.9MiB / 122.8GiB""},{""name"":""lab-woocommerce"",""cpu"":""0.00%"",""mem"":""294.6MiB / 122.8GiB""},{""name"":""lab-redis"",""cpu"":""0.69%"",""mem"":""80.75MiB / 122.8GiB""},{""name"":""lab-postgres"",""cpu"":""30.20%"",""mem"":""241.8MiB / 122.8GiB""},{""name"":""lab-mysql"",""cpu"":""50.63%"",""mem"":""724.6MiB / 122.8GiB""},{""name"":""lab-woocommerce-mysql"",""cpu"":""0.64%"",""mem"":""511.8MiB / 122.8GiB""}]"
2026-09-10T13:47:14Z,3,1745,2,47,25,2668828339,"[{""name"":""lab-worker-1"",""cpu"":""4.54%"",""mem"":""136MiB / 122.8GiB""},{""name"":""lab-api"",""cpu"":""0.00%"",""mem"":""145.4MiB / 122.8GiB""},{""name"":""lab-allegro-stub"",""cpu"":""0.00%"",""mem"":""21.04MiB / 122.8GiB""},{""name"":""lab-erli-stub"",""cpu"":""0.00%"",""mem"":""18.05MiB / 122.8GiB""},{""name"":""lab-eparagony-stub"",""cpu"":""0.00%"",""mem"":""20.37MiB / 122.8GiB""},{""name"":""lab-invoicing-stub"",""cpu"":""0.00%"",""mem"":""16.6MiB / 122.8GiB""},{""name"":""lab-shipping-stub"",""cpu"":""0.00%"",""mem"":""16.58MiB / 122.8GiB""},{""name"":""lab-eparagony-stub-tls"",""cpu"":""0.00%"",""mem"":""23.3MiB / 122.8GiB""},{""name"":""lab-erli-stub-tls"",""cpu"":""0.00%"",""mem"":""22.67MiB / 122.8GiB""},{""name"":""lab-wc-tls"",""cpu"":""0.00%"",""mem"":""29.51MiB / 122.8GiB""},{""name"":""lab-prestashop"",""cpu"":""45.63%"",""mem"":""167.7MiB / 122.8GiB""},{""name"":""lab-woocommerce"",""cpu"":""0.01%"",""mem"":""294.6MiB / 122.8GiB""},{""name"":""lab-redis"",""cpu"":""4.80%"",""mem"":""80.74MiB / 122.8GiB""},{""name"":""lab-postgres"",""cpu"":""32.51%"",""mem"":""242.3MiB / 122.8GiB""},{""name"":""lab-mysql"",""cpu"":""51.33%"",""mem"":""724.4MiB / 122.8GiB""},{""name"":""lab-woocommerce-mysql"",""cpu"":""0.68%"",""mem"":""511.8MiB / 122.8GiB""}]"
2026-09-10T13:47:17Z,4,1744,2,47,25,2668828339,"[{""name"":""lab-worker-1"",""cpu"":""5.45%"",""mem"":""136.3MiB / 122.8GiB""},{""name"":""lab-api"",""cpu"":""0.00%"",""mem"":""145.4MiB / 122.8GiB""},{""name"":""lab-allegro-stub"",""cpu"":""3.99%"",""mem"":""21.04MiB / 122.8GiB""},{""name"":""lab-erli-stub"",""cpu"":""0.00%"",""mem"":""18.06MiB / 122.8GiB""},{""name"":""lab-eparagony-stub"",""cpu"":""0.00%"",""mem"":""20.37MiB / 122.8GiB""},{""name"":""lab-invoicing-stub"",""cpu"":""3.75%"",""mem"":""16.6MiB / 122.8GiB""},{""name"":""lab-shipping-stub"",""cpu"":""3.80%"",""mem"":""16.67MiB / 122.8GiB""},{""name"":""lab-eparagony-stub-tls"",""cpu"":""0.00%"",""mem"":""23.3MiB / 122.8GiB""},{""name"":""lab-erli-stub-tls"",""cpu"":""0.00%"",""mem"":""22.67MiB / 122.8GiB""},{""name"":""lab-wc-tls"",""cpu"":""0.00%"",""mem"":""29.51MiB / 122.8GiB""},{""name"":""lab-prestashop"",""cpu"":""44.86%"",""mem"":""169.7MiB / 122.8GiB""},{""name"":""lab-woocommerce"",""cpu"":""0.01%"",""mem"":""294.6MiB / 122.8GiB""},{""name"":""lab-redis"",""cpu"":""0.59%"",""mem"":""80.73MiB / 122.8GiB""},{""name"":""lab-postgres"",""cpu"":""33.11%"",""mem"":""241.8MiB / 122.8GiB""},{""name"":""lab-mysql"",""cpu"":""50.54%"",""mem"":""724.4MiB / 122.8GiB""},{""name"":""lab-woocommerce-mysql"",""cpu"":""0.65%"",""mem"":""511.8MiB / 122.8GiB""}]"
2026-09-10T13:47:20Z,3,1745,2,47,25,2668828339,"[{""name"":""lab-worker-1"",""cpu"":""4.80%"",""mem"":""136MiB / 122.8GiB""},{""name"":""lab-api"",""cpu"":""0.00%"",""mem"":""145.4MiB / 122.8GiB""},{""name"":""lab-allegro-stub"",""cpu"":""0.00%"",""mem"":""21.04MiB / 122.8GiB""},{""name"":""lab-erli-stub"",""cpu"":""0.00%"",""mem"":""18.05MiB / 122.8GiB""},{""name"":""lab-eparagony-stub"",""cpu"":""0.00%"",""mem"":""20.37MiB / 122.8GiB""},{""name"":""lab-invoicing-stub"",""cpu"":""0.00%"",""mem"":""16.6MiB / 122.8GiB""},{""name"":""lab-shipping-stub"",""cpu"":""0.00%"",""mem"":""16.58MiB / 122.8GiB""},{""name"":""lab-eparagony-stub-tls"",""cpu"":""0.00%"",""mem"":""23.3MiB / 122.8GiB""},{""name"":""lab-erli-stub-tls"",""cpu"":""0.00%"",""mem"":""22.67MiB / 122.8GiB""},{""name"":""lab-wc-tls"",""cpu"":""0.00%"",""mem"":""29.51MiB / 122.8GiB""},{""name"":""lab-prestashop"",""cpu"":""46.54%"",""mem"":""172MiB / 122.8GiB""},{""name"":""lab-woocommerce"",""cpu"":""0.00%"",""mem"":""294.6MiB / 122.8GiB""},{""name"":""lab-redis"",""cpu"":""0.54%"",""mem"":""80.72MiB / 122.8GiB""},{""name"":""lab-postgres"",""cpu"":""34.78%"",""mem"":""241.8MiB / 122.8GiB""},{""name"":""lab-mysql"",""cpu"":""42.16%"",""mem"":""724.4MiB / 122.8GiB""},{""name"":""lab-woocommerce-mysql"",""cpu"":""0.62%"",""mem"":""511.8MiB / 122.8GiB""}]"
2026-09-10T13:47:23Z,3,1744,2,47,25,2668828339,"[{""name"":""lab-worker-1"",""cpu"":""4.68%"",""mem"":""136.1MiB / 122.8GiB""},{""name"":""lab-api"",""cpu"":""0.00%"",""mem"":""145.4MiB / 122.8GiB""},{""name"":""lab-allegro-stub"",""cpu"":""0.00%"",""mem"":""21.04MiB / 122.8GiB""},{""name"":""lab-erli-stub"",""cpu"":""0.00%"",""mem"":""18.06MiB / 122.8GiB""},{""name"":""lab-eparagony-stub"",""cpu"":""0.00%"",""mem"":""20.37MiB / 122.8GiB""},{""name"":""lab-invoicing-stub"",""cpu"":""0.00%"",""mem"":""16.6MiB / 122.8GiB""},{""name"":""lab-shipping-stub"",""cpu"":""0.00%"",""mem"":""16.58MiB / 122.8GiB""},{""name"":""lab-eparagony-stub-tls"",""cpu"":""0.00%"",""mem"":""23.3MiB / 122.8GiB""},{""name"":""lab-erli-stub-tls"",""cpu"":""0.00%"",""mem"":""22.67MiB / 122.8GiB""},{""name"":""lab-wc-tls"",""cpu"":""0.00%"",""mem"":""29.51MiB / 122.8GiB""},{""name"":""lab-prestashop"",""cpu"":""43.44%"",""mem"":""167.7MiB / 122.8GiB""},{""name"":""lab-woocommerce"",""cpu"":""0.00%"",""mem"":""294.6MiB / 122.8GiB""},{""name"":""lab-redis"",""cpu"":""4.41%"",""mem"":""80.75MiB / 122.8GiB""},{""name"":""lab-postgres"",""cpu"":""35.31%"",""mem"":""242MiB / 122.8GiB""},{""name"":""lab-mysql"",""cpu"":""48.73%"",""mem"":""724.4MiB / 122.8GiB""},{""name"":""lab-woocommerce-mysql"",""cpu"":""0.67%"",""mem"":""511.8MiB / 122.8GiB""}]"
2026-09-10T13:47:26Z,3,1745,2,47,25,2668828339,"[{""name"":""lab-worker-1"",""cpu"":""3.81%"",""mem"":""136.1MiB / 122.8GiB""},{""name"":""lab-api"",""cpu"":""0.00%"",""mem"":""145.4MiB / 122.8GiB""},{""name"":""lab-allegro-stub"",""cpu"":""3.70%"",""mem"":""21.43MiB / 122.8GiB""},{""name"":""lab-erli-stub"",""cpu"":""4.05%"",""mem"":""18.05MiB / 122.8GiB""},{""name"":""lab-eparagony-stub"",""cpu"":""3.56%"",""mem"":""20.37MiB / 122.8GiB""},{""name"":""lab-invoicing-stub"",""cpu"":""4.01%"",""mem"":""16.7MiB / 122.8GiB""},{""name"":""lab-shipping-stub"",""cpu"":""3.68%"",""mem"":""16.69MiB / 122.8GiB""},{""name"":""lab-eparagony-stub-tls"",""cpu"":""0.00%"",""mem"":""23.3MiB / 122.8GiB""},{""name"":""lab-erli-stub-tls"",""cpu"":""0.00%"",""mem"":""22.67MiB / 122.8GiB""},{""name"":""lab-wc-tls"",""cpu"":""0.00%"",""mem"":""29.51MiB / 122.8GiB""},{""name"":""lab-prestashop"",""cpu"":""43.59%"",""mem"":""170MiB / 122.8GiB""},{""name"":""lab-woocommerce"",""cpu"":""0.01%"",""mem"":""294.6MiB / 122.8GiB""},{""name"":""lab-redis"",""cpu"":""0.49%"",""mem"":""80.71MiB / 122.8GiB""},{""name"":""lab-postgres"",""cpu"":""39.50%"",""mem"":""241.8MiB / 122.8GiB""},{""name"":""lab-mysql"",""cpu"":""55.88%"",""mem"":""724.4MiB / 122.8GiB""},{""name"":""lab-woocommerce-mysql"",""cpu"":""0.55%"",""mem"":""511.8MiB / 122.8GiB""}]"
2026-09-10T13:47:29Z,3,1745,2,47,25,2668828339,"[{""name"":""lab-worker-1"",""cpu"":""4.90%"",""mem"":""136MiB / 122.8GiB""},{""name"":""lab-api"",""cpu"":""0.00%"",""mem"":""145.4MiB / 122.8GiB""},{""name"":""lab-allegro-stub"",""cpu"":""0.00%"",""mem"":""21.04MiB / 122.8GiB""},{""name"":""lab-erli-stub"",""cpu"":""0.00%"",""mem"":""18.05MiB / 122.8GiB""},{""name"":""lab-eparagony-stub"",""cpu"":""0.00%"",""mem"":""20.37MiB / 122.8GiB""},{""name"":""lab-invoicing-stub"",""cpu"":""0.00%"",""mem"":""16.6MiB / 122.8GiB""},{""name"":""lab-shipping-stub"",""cpu"":""0.00%"",""mem"":""16.58MiB / 122.8GiB""},{""name"":""lab-eparagony-stub-tls"",""cpu"":""0.00%"",""mem"":""23.3MiB / 122.8GiB""},{""name"":""lab-erli-stub-tls"",""cpu"":""0.00%"",""mem"":""22.67MiB / 122.8GiB""},{""name"":""lab-wc-tls"",""cpu"":""0.00%"",""mem"":""29.51MiB / 122.8GiB""},{""name"":""lab-prestashop"",""cpu"":""43.15%"",""mem"":""171.8MiB / 122.8GiB""},{""name"":""lab-woocommerce"",""cpu"":""0.00%"",""mem"":""294.6MiB / 122.8GiB""},{""name"":""lab-redis"",""cpu"":""0.58%"",""mem"":""80.7MiB / 122.8GiB""},{""name"":""lab-postgres"",""cpu"":""31.67%"",""mem"":""241.7MiB / 122.8GiB""},{""name"":""lab-mysql"",""cpu"":""48.13%"",""mem"":""724.7MiB / 122.8GiB""},{""name"":""lab-woocommerce-mysql"",""cpu"":""3.98%"",""mem"":""511.8MiB / 122.8GiB""}]"
2026-09-10T13:47:32Z,3,1745,2,47,25,2668828339,"[{""name"":""lab-worker-1"",""cpu"":""5.48%"",""mem"":""136.1MiB / 122.8GiB""},{""name"":""lab-api"",""cpu"":""0.00%"",""mem"":""145.4MiB / 122.8GiB""},{""name"":""lab-allegro-stub"",""cpu"":""0.01%"",""mem"":""21.04MiB / 122.8GiB""},{""name"":""lab-erli-stub"",""cpu"":""0.01%"",""mem"":""18.06MiB / 122.8GiB""},{""name"":""lab-eparagony-stub"",""cpu"":""0.00%"",""mem"":""20.37MiB / 122.8GiB""},{""name"":""lab-invoicing-stub"",""cpu"":""0.01%"",""mem"":""16.6MiB / 122.8GiB""},{""name"":""lab-shipping-stub"",""cpu"":""0.01%"",""mem"":""16.58MiB / 122.8GiB""},{""name"":""lab-eparagony-stub-tls"",""cpu"":""0.00%"",""mem"":""23.3MiB / 122.8GiB""},{""name"":""lab-erli-stub-tls"",""cpu"":""0.00%"",""mem"":""22.67MiB / 122.8GiB""},{""name"":""lab-wc-tls"",""cpu"":""0.00%"",""mem"":""29.51MiB / 122.8GiB""},{""name"":""lab-prestashop"",""cpu"":""43.98%"",""mem"":""169.8MiB / 122.8GiB""},{""name"":""lab-woocommerce"",""cpu"":""0.01%"",""mem"":""294.6MiB / 122.8GiB""},{""name"":""lab-redis"",""cpu"":""0.59%"",""mem"":""80.94MiB / 122.8GiB""},{""name"":""lab-postgres"",""cpu"":""33.59%"",""mem"":""241.8MiB / 122.8GiB""},{""name"":""lab-mysql"",""cpu"":""49.16%"",""mem"":""724.4MiB / 122.8GiB""},{""name"":""lab-woocommerce-mysql"",""cpu"":""0.64%"",""mem"":""511.8MiB / 122.8GiB""}]"
2026-09-10T13:47:35Z,3,1745,2,47,25,2668828339,"[{""name"":""lab-worker-1"",""cpu"":""5.23%"",""mem"":""136MiB / 122.8GiB""},{""name"":""lab-api"",""cpu"":""0.00%"",""mem"":""145.4MiB / 122.8GiB""},{""name"":""lab-allegro-stub"",""cpu"":""0.00%"",""mem"":""21.04MiB / 122.8GiB""},{""name"":""lab-erli-stub"",""cpu"":""0.00%"",""mem"":""18.05MiB / 122.8GiB""},{""name"":""lab-eparagony-stub"",""cpu"":""3.45%"",""mem"":""20.41MiB / 122.8GiB""},{""name"":""lab-invoicing-stub"",""cpu"":""0.00%"",""mem"":""16.6MiB / 122.8GiB""},{""name"":""lab-shipping-stub"",""cpu"":""0.00%"",""mem"":""16.58MiB / 122.8GiB""},{""name"":""lab-eparagony-stub-tls"",""cpu"":""0.00%"",""mem"":""23.3MiB / 122.8GiB""},{""name"":""lab-erli-stub-tls"",""cpu"":""0.00%"",""mem"":""22.67MiB / 122.8GiB""},{""name"":""lab-wc-tls"",""cpu"":""0.00%"",""mem"":""29.51MiB / 122.8GiB""},{""name"":""lab-prestashop"",""cpu"":""42.72%"",""mem"":""171.9MiB / 122.8GiB""},{""name"":""lab-woocommerce"",""cpu"":""0.01%"",""mem"":""294.6MiB / 122.8GiB""},{""name"":""lab-redis"",""cpu"":""0.56%"",""mem"":""80.68MiB / 122.8GiB""},{""name"":""lab-postgres"",""cpu"":""37.62%"",""mem"":""241.8MiB / 122.8GiB""},{""name"":""lab-mysql"",""cpu"":""50.12%"",""mem"":""729.2MiB / 122.8GiB""},{""name"":""lab-woocommerce-mysql"",""cpu"":""0.63%"",""mem"":""511.8MiB / 122.8GiB""}]"
2026-09-10T13:47:39Z,3,1748,2,47,22,2668828339,"[{""name"":""lab-worker-1"",""cpu"":""4.86%"",""mem"":""136MiB / 122.8GiB""},{""name"":""lab-api"",""cpu"":""0.00%"",""mem"":""145.4MiB / 122.8GiB""},{""name"":""lab-allegro-stub"",""cpu"":""0.00%"",""mem"":""21.04MiB / 122.8GiB""},{""name"":""lab-erli-stub"",""cpu"":""0.00%"",""mem"":""18.06MiB / 122.8GiB""},{""name"":""lab-eparagony-stub"",""cpu"":""0.00%"",""mem"":""20.38MiB / 122.8GiB""},{""name"":""lab-invoicing-stub"",""cpu"":""0.00%"",""mem"":""16.6MiB / 122.8GiB""},{""name"":""lab-shipping-stub"",""cpu"":""0.00%"",""mem"":""16.58MiB / 122.8GiB""},{""name"":""lab-eparagony-stub-tls"",""cpu"":""0.00%"",""mem"":""23.3MiB / 122.8GiB""},{""name"":""lab-erli-stub-tls"",""cpu"":""0.00%"",""mem"":""22.67MiB / 122.8GiB""},{""name"":""lab-wc-tls"",""cpu"":""0.00%"",""mem"":""29.51MiB / 122.8GiB""},{""name"":""lab-prestashop"",""cpu"":""42.70%"",""mem"":""169.9MiB / 122.8GiB""},{""name"":""lab-woocommerce"",""cpu"":""0.00%"",""mem"":""294.6MiB / 122.8GiB""},{""name"":""lab-redis"",""cpu"":""0.62%"",""mem"":""80.67MiB / 122.8GiB""},{""name"":""lab-postgres"",""cpu"":""32.93%"",""mem"":""241.8MiB / 122.8GiB""},{""name"":""lab-mysql"",""cpu"":""50.08%"",""mem"":""724.5MiB / 122.8GiB""},{""name"":""lab-woocommerce-mysql"",""cpu"":""0.64%"",""mem"":""511.8MiB / 122.8GiB""}]"
2026-09-10T13:47:42Z,4,1748,2,47,21,2668828339,"[{""name"":""lab-worker-1"",""cpu"":""6.33%"",""mem"":""136MiB / 122.8GiB""},{""name"":""lab-api"",""cpu"":""0.00%"",""mem"":""145.4MiB / 122.8GiB""},{""name"":""lab-allegro-stub"",""cpu"":""4.43%"",""mem"":""21.04MiB / 122.8GiB""},{""name"":""lab-erli-stub"",""cpu"":""4.36%"",""mem"":""18.06MiB / 122.8GiB""},{""name"":""lab-eparagony-stub"",""cpu"":""0.00%"",""mem"":""20.37MiB / 122.8GiB""},{""name"":""lab-invoicing-stub"",""cpu"":""3.88%"",""mem"":""16.6MiB / 122.8GiB""},{""name"":""lab-shipping-stub"",""cpu"":""3.86%"",""mem"":""16.59MiB / 122.8GiB""},{""name"":""lab-eparagony-stub-tls"",""cpu"":""0.00%"",""mem"":""23.3MiB / 122.8GiB""},{""name"":""lab-erli-stub-tls"",""cpu"":""0.00%"",""mem"":""22.67MiB / 122.8GiB""},{""name"":""lab-wc-tls"",""cpu"":""0.00%"",""mem"":""29.51MiB / 122.8GiB""},{""name"":""lab-prestashop"",""cpu"":""50.01%"",""mem"":""166.1MiB / 122.8GiB""},{""name"":""lab-woocommerce"",""cpu"":""0.00%"",""mem"":""294.6MiB / 122.8GiB""},{""name"":""lab-redis"",""cpu"":""0.57%"",""mem"":""80.91MiB / 122.8GiB""},{""name"":""lab-postgres"",""cpu"":""33.46%"",""mem"":""241.8MiB / 122.8GiB""},{""name"":""lab-mysql"",""cpu"":""49.78%"",""mem"":""724.4MiB / 122.8GiB""},{""name"":""lab-woocommerce-mysql"",""cpu"":""0.66%"",""mem"":""511.8MiB / 122.8GiB""}]"
2026-09-10T13:47:45Z,3,1751,2,47,19,2668836531,"[{""name"":""lab-worker-1"",""cpu"":""7.90%"",""mem"":""136.3MiB / 122.8GiB""},{""name"":""lab-api"",""cpu"":""0.00%"",""mem"":""145.4MiB / 122.8GiB""},{""name"":""lab-allegro-stub"",""cpu"":""0.00%"",""mem"":""21.04MiB / 122.8GiB""},{""name"":""lab-erli-stub"",""cpu"":""0.00%"",""mem"":""18.05MiB / 122.8GiB""},{""name"":""lab-eparagony-stub"",""cpu"":""0.00%"",""mem"":""20.37MiB / 122.8GiB""},{""name"":""lab-invoicing-stub"",""cpu"":""0.00%"",""mem"":""16.6MiB / 122.8GiB""},{""name"":""lab-shipping-stub"",""cpu"":""0.00%"",""mem"":""16.58MiB / 122.8GiB""},{""name"":""lab-eparagony-stub-tls"",""cpu"":""0.00%"",""mem"":""23.3MiB / 122.8GiB""},{""name"":""lab-erli-stub-tls"",""cpu"":""0.00%"",""mem"":""22.67MiB / 122.8GiB""},{""name"":""lab-wc-tls"",""cpu"":""0.00%"",""mem"":""29.51MiB / 122.8GiB""},{""name"":""lab-prestashop"",""cpu"":""43.54%"",""mem"":""170.2MiB / 122.8GiB""},{""name"":""lab-woocommerce"",""cpu"":""18.79%"",""mem"":""294.6MiB / 122.8GiB""},{""name"":""lab-redis"",""cpu"":""0.61%"",""mem"":""80.66MiB / 122.8GiB""},{""name"":""lab-postgres"",""cpu"":""34.15%"",""mem"":""241.9MiB / 122.8GiB""},{""name"":""lab-mysql"",""cpu"":""52.04%"",""mem"":""724.5MiB / 122.8GiB""},{""name"":""lab-woocommerce-mysql"",""cpu"":""4.75%"",""mem"":""511.8MiB / 122.8GiB""}]"
2026-09-10T13:47:48Z,3,1750,2,47,19,2668836531,"[{""name"":""lab-worker-1"",""cpu"":""5.15%"",""mem"":""136.1MiB / 122.8GiB""},{""name"":""lab-api"",""cpu"":""0.00%"",""mem"":""145.4MiB / 122.8GiB""},{""name"":""lab-allegro-stub"",""cpu"":""0.00%"",""mem"":""21.04MiB / 122.8GiB""},{""name"":""lab-erli-stub"",""cpu"":""0.00%"",""mem"":""18.06MiB / 122.8GiB""},{""name"":""lab-eparagony-stub"",""cpu"":""0.00%"",""mem"":""20.37MiB / 122.8GiB""},{""name"":""lab-invoicing-stub"",""cpu"":""0.00%"",""mem"":""16.6MiB / 122.8GiB""},{""name"":""lab-shipping-stub"",""cpu"":""0.00%"",""mem"":""16.58MiB / 122.8GiB""},{""name"":""lab-eparagony-stub-tls"",""cpu"":""0.00%"",""mem"":""23.3MiB / 122.8GiB""},{""name"":""lab-erli-stub-tls"",""cpu"":""0.00%"",""mem"":""22.67MiB / 122.8GiB""},{""name"":""lab-wc-tls"",""cpu"":""0.00%"",""mem"":""29.51MiB / 122.8GiB""},{""name"":""lab-prestashop"",""cpu"":""40.64%"",""mem"":""172.2MiB / 122.8GiB""},{""name"":""lab-woocommerce"",""cpu"":""0.00%"",""mem"":""294.6MiB / 122.8GiB""},{""name"":""lab-redis"",""cpu"":""0.66%"",""mem"":""80.65MiB / 122.8GiB""},{""name"":""lab-postgres"",""cpu"":""30.47%"",""mem"":""241.8MiB / 122.8GiB""},{""name"":""lab-mysql"",""cpu"":""48.34%"",""mem"":""724.5MiB / 122.8GiB""},{""name"":""lab-woocommerce-mysql"",""cpu"":""0.70%"",""mem"":""511.8MiB / 122.8GiB""}]"
2026-09-10T13:47:51Z,3,1750,1,47,20,2668836531,"[{""name"":""lab-worker-1"",""cpu"":""6.27%"",""mem"":""136.3MiB / 122.8GiB""},{""name"":""lab-api"",""cpu"":""0.01%"",""mem"":""145.4MiB / 122.8GiB""},{""name"":""lab-allegro-stub"",""cpu"":""0.00%"",""mem"":""21.04MiB / 122.8GiB""},{""name"":""lab-erli-stub"",""cpu"":""4.23%"",""mem"":""18.07MiB / 122.8GiB""},{""name"":""lab-eparagony-stub"",""cpu"":""4.01%"",""mem"":""20.37MiB / 122.8GiB""},{""name"":""lab-invoicing-stub"",""cpu"":""0.00%"",""mem"":""16.6MiB / 122.8GiB""},{""name"":""lab-shipping-stub"",""cpu"":""0.00%"",""mem"":""16.58MiB / 122.8GiB""},{""name"":""lab-eparagony-stub-tls"",""cpu"":""0.00%"",""mem"":""23.3MiB / 122.8GiB""},{""name"":""lab-erli-stub-tls"",""cpu"":""0.00%"",""mem"":""22.67MiB / 122.8GiB""},{""name"":""lab-wc-tls"",""cpu"":""0.00%"",""mem"":""29.51MiB / 122.8GiB""},{""name"":""lab-prestashop"",""cpu"":""44.54%"",""mem"":""169.9MiB / 122.8GiB""},{""name"":""lab-woocommerce"",""cpu"":""0.01%"",""mem"":""294.6MiB / 122.8GiB""},{""name"":""lab-redis"",""cpu"":""0.65%"",""mem"":""80.64MiB / 122.8GiB""},{""name"":""lab-postgres"",""cpu"":""32.60%"",""mem"":""241.8MiB / 122.8GiB""},{""name"":""lab-mysql"",""cpu"":""53.77%"",""mem"":""724.4MiB / 122.8GiB""},{""name"":""lab-woocommerce-mysql"",""cpu"":""0.64%"",""mem"":""511.8MiB / 122.8GiB""}]"
2026-09-10T13:47:54Z,3,1751,2,47,19,2668836531,"[{""name"":""lab-worker-1"",""cpu"":""3.95%"",""mem"":""136.1MiB / 122.8GiB""},{""name"":""lab-api"",""cpu"":""0.00%"",""mem"":""145.4MiB / 122.8GiB""},{""name"":""lab-allegro-stub"",""cpu"":""0.00%"",""mem"":""21.04MiB / 122.8GiB""},{""name"":""lab-erli-stub"",""cpu"":""0.00%"",""mem"":""18.05MiB / 122.8GiB""},{""name"":""lab-eparagony-stub"",""cpu"":""0.00%"",""mem"":""20.37MiB / 122.8GiB""},{""name"":""lab-invoicing-stub"",""cpu"":""0.00%"",""mem"":""16.6MiB / 122.8GiB""},{""name"":""lab-shipping-stub"",""cpu"":""0.00%"",""mem"":""16.58MiB / 122.8GiB""},{""name"":""lab-eparagony-stub-tls"",""cpu"":""0.00%"",""mem"":""23.3MiB / 122.8GiB""},{""name"":""lab-erli-stub-tls"",""cpu"":""0.00%"",""mem"":""22.67MiB / 122.8GiB""},{""name"":""lab-wc-tls"",""cpu"":""0.00%"",""mem"":""29.51MiB / 122.8GiB""},{""name"":""lab-prestashop"",""cpu"":""40.69%"",""mem"":""170MiB / 122.8GiB""},{""name"":""lab-woocommerce"",""cpu"":""0.01%"",""mem"":""294.6MiB / 122.8GiB""},{""name"":""lab-redis"",""cpu"":""0.79%"",""mem"":""80.63MiB / 122.8GiB""},{""name"":""lab-postgres"",""cpu"":""33.07%"",""mem"":""242MiB / 122.8GiB""},{""name"":""lab-mysql"",""cpu"":""55.52%"",""mem"":""724.5MiB / 122.8GiB""},{""name"":""lab-woocommerce-mysql"",""cpu"":""0.66%"",""mem"":""511.8MiB / 122.8GiB""}]"
2026-09-10T13:47:57Z,3,1751,2,47,19,2668836531,"[{""name"":""lab-worker-1"",""cpu"":""4.62%"",""mem"":""135.9MiB / 122.8GiB""},{""name"":""lab-api"",""cpu"":""0.00%"",""mem"":""145.4MiB / 122.8GiB""},{""name"":""lab-allegro-stub"",""cpu"":""4.37%"",""mem"":""21.04MiB / 122.8GiB""},{""name"":""lab-erli-stub"",""cpu"":""0.01%"",""mem"":""18.06MiB / 122.8GiB""},{""name"":""lab-eparagony-stub"",""cpu"":""0.01%"",""mem"":""20.37MiB / 122.8GiB""},{""name"":""lab-invoicing-stub"",""cpu"":""3.93%"",""mem"":""16.6MiB / 122.8GiB""},{""name"":""lab-shipping-stub"",""cpu"":""3.99%"",""mem"":""16.58MiB / 122.8GiB""},{""name"":""lab-eparagony-stub-tls"",""cpu"":""0.00%"",""mem"":""23.3MiB / 122.8GiB""},{""name"":""lab-erli-stub-tls"",""cpu"":""0.00%"",""mem"":""22.67MiB / 122.8GiB""},{""name"":""lab-wc-tls"",""cpu"":""0.00%"",""mem"":""29.51MiB / 122.8GiB""},{""name"":""lab-prestashop"",""cpu"":""45.00%"",""mem"":""172MiB / 122.8GiB""},{""name"":""lab-woocommerce"",""cpu"":""0.01%"",""mem"":""294.6MiB / 122.8GiB""},{""name"":""lab-redis"",""cpu"":""0.67%"",""mem"":""80.62MiB / 122.8GiB""},{""name"":""lab-postgres"",""cpu"":""30.34%"",""mem"":""241.8MiB / 122.8GiB""},{""name"":""lab-mysql"",""cpu"":""51.86%"",""mem"":""724.5MiB / 122.8GiB""},{""name"":""lab-woocommerce-mysql"",""cpu"":""0.68%"",""mem"":""511.8MiB / 122.8GiB""}]"
2026-09-10T13:48:00Z,3,1751,2,47,18,2668836531,"[{""name"":""lab-worker-1"",""cpu"":""4.08%"",""mem"":""136MiB / 122.8GiB""},{""name"":""lab-api"",""cpu"":""0.00%"",""mem"":""145.4MiB / 122.8GiB""},{""name"":""lab-allegro-stub"",""cpu"":""0.00%"",""mem"":""21.04MiB / 122.8GiB""},{""name"":""lab-erli-stub"",""cpu"":""0.00%"",""mem"":""18.05MiB / 122.8GiB""},{""name"":""lab-eparagony-stub"",""cpu"":""0.00%"",""mem"":""20.37MiB / 122.8GiB""},{""name"":""lab-invoicing-stub"",""cpu"":""0.00%"",""mem"":""16.6MiB / 122.8GiB""},{""name"":""lab-shipping-stub"",""cpu"":""0.00%"",""mem"":""16.58MiB / 122.8GiB""},{""name"":""lab-eparagony-stub-tls"",""cpu"":""0.00%"",""mem"":""23.3MiB / 122.8GiB""},{""name"":""lab-erli-stub-tls"",""cpu"":""0.00%"",""mem"":""22.67MiB / 122.8GiB""},{""name"":""lab-wc-tls"",""cpu"":""0.00%"",""mem"":""29.51MiB / 122.8GiB""},{""name"":""lab-prestashop"",""cpu"":""45.90%"",""mem"":""172.3MiB / 122.8GiB""},{""name"":""lab-woocommerce"",""cpu"":""0.01%"",""mem"":""294.6MiB / 122.8GiB""},{""name"":""lab-redis"",""cpu"":""0.77%"",""mem"":""80.86MiB / 122.8GiB""},{""name"":""lab-postgres"",""cpu"":""30.69%"",""mem"":""241.8MiB / 122.8GiB""},{""name"":""lab-mysql"",""cpu"":""50.84%"",""mem"":""724.5MiB / 122.8GiB""},{""name"":""lab-woocommerce-mysql"",""cpu"":""0.67%"",""mem"":""511.8MiB / 122.8GiB""}]"
2026-09-10T13:48:03Z,3,1750,2,47,19,2668844723,"[{""name"":""lab-worker-1"",""cpu"":""5.92%"",""mem"":""136.3MiB / 122.8GiB""},{""name"":""lab-api"",""cpu"":""0.00%"",""mem"":""145.4MiB / 122.8GiB""},{""name"":""lab-allegro-stub"",""cpu"":""0.00%"",""mem"":""21.04MiB / 122.8GiB""},{""name"":""lab-erli-stub"",""cpu"":""0.00%"",""mem"":""18.05MiB / 122.8GiB""},{""name"":""lab-eparagony-stub"",""cpu"":""0.00%"",""mem"":""20.37MiB / 122.8GiB""},{""name"":""lab-invoicing-stub"",""cpu"":""0.00%"",""mem"":""16.6MiB / 122.8GiB""},{""name"":""lab-shipping-stub"",""cpu"":""0.00%"",""mem"":""16.58MiB / 122.8GiB""},{""name"":""lab-eparagony-stub-tls"",""cpu"":""0.00%"",""mem"":""23.3MiB / 122.8GiB""},{""name"":""lab-erli-stub-tls"",""cpu"":""0.00%"",""mem"":""22.67MiB / 122.8GiB""},{""name"":""lab-wc-tls"",""cpu"":""0.00%"",""mem"":""29.51MiB / 122.8GiB""},{""name"":""lab-prestashop"",""cpu"":""47.10%"",""mem"":""172MiB / 122.8GiB""},{""name"":""lab-woocommerce"",""cpu"":""0.00%"",""mem"":""294.6MiB / 122.8GiB""},{""name"":""lab-redis"",""cpu"":""4.95%"",""mem"":""80.63MiB / 122.8GiB""},{""name"":""lab-postgres"",""cpu"":""32.42%"",""mem"":""242MiB / 122.8GiB""},{""name"":""lab-mysql"",""cpu"":""52.58%"",""mem"":""724.5MiB / 122.8GiB""},{""name"":""lab-woocommerce-mysql"",""cpu"":""0.66%"",""mem"":""511.8MiB / 122.8GiB""}]"
2026-09-10T13:48:07Z,3,1751,2,47,20,2668852915,"[{""name"":""lab-worker-1"",""cpu"":""4.60%"",""mem"":""136.1MiB / 122.8GiB""},{""name"":""lab-api"",""cpu"":""0.00%"",""mem"":""145.4MiB / 122.8GiB""},{""name"":""lab-allegro-stub"",""cpu"":""3.18%"",""mem"":""21.06MiB / 122.8GiB""},{""name"":""lab-erli-stub"",""cpu"":""3.87%"",""mem"":""18.06MiB / 122.8GiB""},{""name"":""lab-eparagony-stub"",""cpu"":""0.00%"",""mem"":""20.37MiB / 122.8GiB""},{""name"":""lab-invoicing-stub"",""cpu"":""3.98%"",""mem"":""16.61MiB / 122.8GiB""},{""name"":""lab-shipping-stub"",""cpu"":""3.71%"",""mem"":""16.64MiB / 122.8GiB""},{""name"":""lab-eparagony-stub-tls"",""cpu"":""0.00%"",""mem"":""23.3MiB / 122.8GiB""},{""name"":""lab-erli-stub-tls"",""cpu"":""0.00%"",""mem"":""22.67MiB / 122.8GiB""},{""name"":""lab-wc-tls"",""cpu"":""0.00%"",""mem"":""29.51MiB / 122.8GiB""},{""name"":""lab-prestashop"",""cpu"":""43.87%"",""mem"":""170MiB / 122.8GiB""},{""name"":""lab-woocommerce"",""cpu"":""0.00%"",""mem"":""294.6MiB / 122.8GiB""},{""name"":""lab-redis"",""cpu"":""0.69%"",""mem"":""80.86MiB / 122.8GiB""},{""name"":""lab-postgres"",""cpu"":""32.30%"",""mem"":""241.8MiB / 122.8GiB""},{""name"":""lab-mysql"",""cpu"":""57.03%"",""mem"":""724.5MiB / 122.8GiB""},{""name"":""lab-woocommerce-mysql"",""cpu"":""0.66%"",""mem"":""511.8MiB / 122.8GiB""}]"
2026-09-10T13:48:10Z,4,1751,2,47,19,2668852915,"[{""name"":""lab-worker-1"",""cpu"":""3.40%"",""mem"":""135.9MiB / 122.8GiB""},{""name"":""lab-api"",""cpu"":""0.00%"",""mem"":""145.4MiB / 122.8GiB""},{""name"":""lab-allegro-stub"",""cpu"":""0.00%"",""mem"":""21.04MiB / 122.8GiB""},{""name"":""lab-erli-stub"",""cpu"":""0.00%"",""mem"":""18.05MiB / 122.8GiB""},{""name"":""lab-eparagony-stub"",""cpu"":""0.00%"",""mem"":""20.37MiB / 122.8GiB""},{""name"":""lab-invoicing-stub"",""cpu"":""0.00%"",""mem"":""16.6MiB / 122.8GiB""},{""name"":""lab-shipping-stub"",""cpu"":""0.00%"",""mem"":""16.58MiB / 122.8GiB""},{""name"":""lab-eparagony-stub-tls"",""cpu"":""0.00%"",""mem"":""23.3MiB / 122.8GiB""},{""name"":""lab-erli-stub-tls"",""cpu"":""0.00%"",""mem"":""22.67MiB / 122.8GiB""},{""name"":""lab-wc-tls"",""cpu"":""0.00%"",""mem"":""29.51MiB / 122.8GiB""},{""name"":""lab-prestashop"",""cpu"":""46.64%"",""mem"":""176.3MiB / 122.8GiB""},{""name"":""lab-woocommerce"",""cpu"":""0.00%"",""mem"":""294.6MiB / 122.8GiB""},{""name"":""lab-redis"",""cpu"":""0.68%"",""mem"":""80.61MiB / 122.8GiB""},{""name"":""lab-postgres"",""cpu"":""30.07%"",""mem"":""239.3MiB / 122.8GiB""},{""name"":""lab-mysql"",""cpu"":""50.40%"",""mem"":""724.5MiB / 122.8GiB""},{""name"":""lab-woocommerce-mysql"",""cpu"":""5.32%"",""mem"":""511.8MiB / 122.8GiB""}]"
2026-09-10T13:48:13Z,3,1750,2,47,20,2668852915,"[{""name"":""lab-worker-1"",""cpu"":""2.97%"",""mem"":""136MiB / 122.8GiB""},{""name"":""lab-api"",""cpu"":""0.00%"",""mem"":""145.4MiB / 122.8GiB""},{""name"":""lab-allegro-stub"",""cpu"":""0.00%"",""mem"":""21.05MiB / 122.8GiB""},{""name"":""lab-erli-stub"",""cpu"":""0.01%"",""mem"":""18.06MiB / 122.8GiB""},{""name"":""lab-eparagony-stub"",""cpu"":""0.00%"",""mem"":""20.37MiB / 122.8GiB""},{""name"":""lab-invoicing-stub"",""cpu"":""0.00%"",""mem"":""16.6MiB / 122.8GiB""},{""name"":""lab-shipping-stub"",""cpu"":""0.00%"",""mem"":""16.58MiB / 122.8GiB""},{""name"":""lab-eparagony-stub-tls"",""cpu"":""0.00%"",""mem"":""23.3MiB / 122.8GiB""},{""name"":""lab-erli-stub-tls"",""cpu"":""0.00%"",""mem"":""22.67MiB / 122.8GiB""},{""name"":""lab-wc-tls"",""cpu"":""0.00%"",""mem"":""29.51MiB / 122.8GiB""},{""name"":""lab-prestashop"",""cpu"":""43.91%"",""mem"":""168.1MiB / 122.8GiB""},{""name"":""lab-woocommerce"",""cpu"":""0.01%"",""mem"":""294.6MiB / 122.8GiB""},{""name"":""lab-redis"",""cpu"":""0.62%"",""mem"":""80.61MiB / 122.8GiB""},{""name"":""lab-postgres"",""cpu"":""29.84%"",""mem"":""241.2MiB / 122.8GiB""},{""name"":""lab-mysql"",""cpu"":""49.09%"",""mem"":""726.7MiB / 122.8GiB""},{""name"":""lab-woocommerce-mysql"",""cpu"":""0.67%"",""mem"":""511.8MiB / 122.8GiB""}]"
2026-09-10T13:48:16Z,3,1750,2,47,20,2668861107,"[{""name"":""lab-worker-1"",""cpu"":""3.76%"",""mem"":""136MiB / 122.8GiB""},{""name"":""lab-api"",""cpu"":""4.03%"",""mem"":""145.4MiB / 122.8GiB""},{""name"":""lab-allegro-stub"",""cpu"":""0.00%"",""mem"":""21.04MiB / 122.8GiB""},{""name"":""lab-erli-stub"",""cpu"":""0.00%"",""mem"":""18.06MiB / 122.8GiB""},{""name"":""lab-eparagony-stub"",""cpu"":""3.85%"",""mem"":""20.37MiB / 122.8GiB""},{""name"":""lab-invoicing-stub"",""cpu"":""0.00%"",""mem"":""16.6MiB / 122.8GiB""},{""name"":""lab-shipping-stub"",""cpu"":""0.00%"",""mem"":""16.58MiB / 122.8GiB""},{""name"":""lab-eparagony-stub-tls"",""cpu"":""0.00%"",""mem"":""23.3MiB / 122.8GiB""},{""name"":""lab-erli-stub-tls"",""cpu"":""0.00%"",""mem"":""22.67MiB / 122.8GiB""},{""name"":""lab-wc-tls"",""cpu"":""0.00%"",""mem"":""29.51MiB / 122.8GiB""},{""name"":""lab-prestashop"",""cpu"":""9.89%"",""mem"":""172.1MiB / 122.8GiB""},{""name"":""lab-woocommerce"",""cpu"":""0.00%"",""mem"":""294.6MiB / 122.8GiB""},{""name"":""lab-redis"",""cpu"":""4.70%"",""mem"":""80.62MiB / 122.8GiB""},{""name"":""lab-postgres"",""cpu"":""68.52%"",""mem"":""241.8MiB / 122.8GiB""},{""name"":""lab-mysql"",""cpu"":""13.25%"",""mem"":""726.5MiB / 122.8GiB""},{""name"":""lab-woocommerce-mysql"",""cpu"":""0.63%"",""mem"":""511.8MiB / 122.8GiB""}]"
2026-09-10T13:48:19Z,3,1750,2,47,20,2668861107,"[{""name"":""lab-worker-1"",""cpu"":""3.98%"",""mem"":""136.1MiB / 122.8GiB""},{""name"":""lab-api"",""cpu"":""0.00%"",""mem"":""145.4MiB / 122.8GiB""},{""name"":""lab-allegro-stub"",""cpu"":""0.00%"",""mem"":""21.05MiB / 122.8GiB""},{""name"":""lab-erli-stub"",""cpu"":""0.00%"",""mem"":""18.05MiB / 122.8GiB""},{""name"":""lab-eparagony-stub"",""cpu"":""0.00%"",""mem"":""20.37MiB / 122.8GiB""},{""name"":""lab-invoicing-stub"",""cpu"":""0.00%"",""mem"":""16.6MiB / 122.8GiB""},{""name"":""lab-shipping-stub"",""cpu"":""0.00%"",""mem"":""16.58MiB / 122.8GiB""},{""name"":""lab-eparagony-stub-tls"",""cpu"":""0.00%"",""mem"":""23.3MiB / 122.8GiB""},{""name"":""lab-erli-stub-tls"",""cpu"":""0.00%"",""mem"":""22.67MiB / 122.8GiB""},{""name"":""lab-wc-tls"",""cpu"":""0.00%"",""mem"":""29.51MiB / 122.8GiB""},{""name"":""lab-prestashop"",""cpu"":""8.39%"",""mem"":""172MiB / 122.8GiB""},{""name"":""lab-woocommerce"",""cpu"":""0.00%"",""mem"":""294.6MiB / 122.8GiB""},{""name"":""lab-redis"",""cpu"":""0.69%"",""mem"":""80.61MiB / 122.8GiB""},{""name"":""lab-postgres"",""cpu"":""31.88%"",""mem"":""241.8MiB / 122.8GiB""},{""name"":""lab-mysql"",""cpu"":""7.88%"",""mem"":""726.5MiB / 122.8GiB""},{""name"":""lab-woocommerce-mysql"",""cpu"":""5.19%"",""mem"":""511.9MiB / 122.8GiB""}]"
2026-09-10T13:48:22Z,3,1749,2,47,21,2668861107,"[{""name"":""lab-worker-1"",""cpu"":""5.49%"",""mem"":""136.1MiB / 122.8GiB""},{""name"":""lab-api"",""cpu"":""0.00%"",""mem"":""145.4MiB / 122.8GiB""},{""name"":""lab-allegro-stub"",""cpu"":""3.12%"",""mem"":""21.04MiB / 122.8GiB""},{""name"":""lab-erli-stub"",""cpu"":""2.99%"",""mem"":""18.05MiB / 122.8GiB""},{""name"":""lab-eparagony-stub"",""cpu"":""0.01%"",""mem"":""20.37MiB / 122.8GiB""},{""name"":""lab-invoicing-stub"",""cpu"":""4.44%"",""mem"":""16.6MiB / 122.8GiB""},{""name"":""lab-shipping-stub"",""cpu"":""4.52%"",""mem"":""16.6MiB / 122.8GiB""},{""name"":""lab-eparagony-stub-tls"",""cpu"":""0.00%"",""mem"":""23.3MiB / 122.8GiB""},{""name"":""lab-erli-stub-tls"",""cpu"":""0.00%"",""mem"":""22.67MiB / 122.8GiB""},{""name"":""lab-wc-tls"",""cpu"":""0.00%"",""mem"":""29.51MiB / 122.8GiB""},{""name"":""lab-prestashop"",""cpu"":""7.60%"",""mem"":""172.1MiB / 122.8GiB""},{""name"":""lab-woocommerce"",""cpu"":""0.01%"",""mem"":""294.6MiB / 122.8GiB""},{""name"":""lab-redis"",""cpu"":""0.67%"",""mem"":""80.61MiB / 122.8GiB""},{""name"":""lab-postgres"",""cpu"":""32.63%"",""mem"":""241.8MiB / 122.8GiB""},{""name"":""lab-mysql"",""cpu"":""7.31%"",""mem"":""726.5MiB / 122.8GiB""},{""name"":""lab-woocommerce-mysql"",""cpu"":""0.71%"",""mem"":""511.8MiB / 122.8GiB""}]"
2026-09-10T13:48:25Z,3,1749,1,47,22,2668861107,"[{""name"":""lab-worker-1"",""cpu"":""4.41%"",""mem"":""136.4MiB / 122.8GiB""},{""name"":""lab-api"",""cpu"":""0.00%"",""mem"":""145.4MiB / 122.8GiB""},{""name"":""lab-allegro-stub"",""cpu"":""0.00%"",""mem"":""21.04MiB / 122.8GiB""},{""name"":""lab-erli-stub"",""cpu"":""0.00%"",""mem"":""18.05MiB / 122.8GiB""},{""name"":""lab-eparagony-stub"",""cpu"":""0.00%"",""mem"":""20.37MiB / 122.8GiB""},{""name"":""lab-invoicing-stub"",""cpu"":""0.00%"",""mem"":""16.6MiB / 122.8GiB""},{""name"":""lab-shipping-stub"",""cpu"":""0.00%"",""mem"":""16.58MiB / 122.8GiB""},{""name"":""lab-eparagony-stub-tls"",""cpu"":""0.00%"",""mem"":""23.3MiB / 122.8GiB""},{""name"":""lab-erli-stub-tls"",""cpu"":""0.00%"",""mem"":""22.67MiB / 122.8GiB""},{""name"":""lab-wc-tls"",""cpu"":""0.00%"",""mem"":""29.51MiB / 122.8GiB""},{""name"":""lab-prestashop"",""cpu"":""8.42%"",""mem"":""166MiB / 122.8GiB""},{""name"":""lab-woocommerce"",""cpu"":""0.01%"",""mem"":""294.6MiB / 122.8GiB""},{""name"":""lab-redis"",""cpu"":""0.73%"",""mem"":""80.62MiB / 122.8GiB""},{""name"":""lab-postgres"",""cpu"":""31.19%"",""mem"":""241.8MiB / 122.8GiB""},{""name"":""lab-mysql"",""cpu"":""8.51%"",""mem"":""726.5MiB / 122.8GiB""},{""name"":""lab-woocommerce-mysql"",""cpu"":""0.78%"",""mem"":""511.8MiB / 122.8GiB""}]"
2026-09-10T13:48:28Z,3,1748,1,47,24,2668861107,"[{""name"":""lab-worker-1"",""cpu"":""3.39%"",""mem"":""136MiB / 122.8GiB""},{""name"":""lab-api"",""cpu"":""0.00%"",""mem"":""145.4MiB / 122.8GiB""},{""name"":""lab-allegro-stub"",""cpu"":""0.01%"",""mem"":""21.04MiB / 122.8GiB""},{""name"":""lab-erli-stub"",""cpu"":""0.00%"",""mem"":""18.06MiB / 122.8GiB""},{""name"":""lab-eparagony-stub"",""cpu"":""0.00%"",""mem"":""20.37MiB / 122.8GiB""},{""name"":""lab-invoicing-stub"",""cpu"":""0.01%"",""mem"":""16.6MiB / 122.8GiB""},{""name"":""lab-shipping-stub"",""cpu"":""0.01%"",""mem"":""16.58MiB / 122.8GiB""},{""name"":""lab-eparagony-stub-tls"",""cpu"":""0.00%"",""mem"":""23.3MiB / 122.8GiB""},{""name"":""lab-erli-stub-tls"",""cpu"":""0.00%"",""mem"":""22.67MiB / 122.8GiB""},{""name"":""lab-wc-tls"",""cpu"":""0.00%"",""mem"":""29.51MiB / 122.8GiB""},{""name"":""lab-prestashop"",""cpu"":""8.60%"",""mem"":""166MiB / 122.8GiB""},{""name"":""lab-woocommerce"",""cpu"":""0.00%"",""mem"":""294.6MiB / 122.8GiB""},{""name"":""lab-redis"",""cpu"":""0.75%"",""mem"":""80.63MiB / 122.8GiB""},{""name"":""lab-postgres"",""cpu"":""31.06%"",""mem"":""241.8MiB / 122.8GiB""},{""name"":""lab-mysql"",""cpu"":""8.44%"",""mem"":""726.5MiB / 122.8GiB""},{""name"":""lab-woocommerce-mysql"",""cpu"":""0.74%"",""mem"":""511.8MiB / 122.8GiB""}]"
2026-09-10T13:48:32Z,3,1748,0,47,24,2668861107,"[{""name"":""lab-worker-1"",""cpu"":""3.78%"",""mem"":""136MiB / 122.8GiB""},{""name"":""lab-api"",""cpu"":""0.00%"",""mem"":""145.4MiB / 122.8GiB""},{""name"":""lab-allegro-stub"",""cpu"":""0.00%"",""mem"":""21.04MiB / 122.8GiB""},{""name"":""lab-erli-stub"",""cpu"":""3.89%"",""mem"":""18.11MiB / 122.8GiB""},{""name"":""lab-eparagony-stub"",""cpu"":""4.11%"",""mem"":""20.37MiB / 122.8GiB""},{""name"":""lab-invoicing-stub"",""cpu"":""0.00%"",""mem"":""16.6MiB / 122.8GiB""},{""name"":""lab-shipping-stub"",""cpu"":""0.00%"",""mem"":""16.58MiB / 122.8GiB""},{""name"":""lab-eparagony-stub-tls"",""cpu"":""0.00%"",""mem"":""23.3MiB / 122.8GiB""},{""name"":""lab-erli-stub-tls"",""cpu"":""0.00%"",""mem"":""22.67MiB / 122.8GiB""},{""name"":""lab-wc-tls"",""cpu"":""0.00%"",""mem"":""29.51MiB / 122.8GiB""},{""name"":""lab-prestashop"",""cpu"":""7.71%"",""mem"":""166MiB / 122.8GiB""},{""name"":""lab-woocommerce"",""cpu"":""0.01%"",""mem"":""294.6MiB / 122.8GiB""},{""name"":""lab-redis"",""cpu"":""0.78%"",""mem"":""80.87MiB / 122.8GiB""},{""name"":""lab-postgres"",""cpu"":""30.22%"",""mem"":""241.8MiB / 122.8GiB""},{""name"":""lab-mysql"",""cpu"":""8.55%"",""mem"":""726.5MiB / 122.8GiB""},{""name"":""lab-woocommerce-mysql"",""cpu"":""0.78%"",""mem"":""511.8MiB / 122.8GiB""}]"
2026-09-10T13:48:35Z,4,1748,0,47,24,2668861107,"[{""name"":""lab-worker-1"",""cpu"":""2.87%"",""mem"":""136.3MiB / 122.8GiB""},{""name"":""lab-api"",""cpu"":""0.00%"",""mem"":""145.4MiB / 122.8GiB""},{""name"":""lab-allegro-stub"",""cpu"":""0.00%"",""mem"":""21.04MiB / 122.8GiB""},{""name"":""lab-erli-stub"",""cpu"":""0.00%"",""mem"":""18.06MiB / 122.8GiB""},{""name"":""lab-eparagony-stub"",""cpu"":""0.00%"",""mem"":""20.37MiB / 122.8GiB""},{""name"":""lab-invoicing-stub"",""cpu"":""0.00%"",""mem"":""16.6MiB / 122.8GiB""},{""name"":""lab-shipping-stub"",""cpu"":""0.00%"",""mem"":""16.58MiB / 122.8GiB""},{""name"":""lab-eparagony-stub-tls"",""cpu"":""0.00%"",""mem"":""23.3MiB / 122.8GiB""},{""name"":""lab-erli-stub-tls"",""cpu"":""0.00%"",""mem"":""22.67MiB / 122.8GiB""},{""name"":""lab-wc-tls"",""cpu"":""0.00%"",""mem"":""29.51MiB / 122.8GiB""},{""name"":""lab-prestashop"",""cpu"":""8.18%"",""mem"":""166MiB / 122.8GiB""},{""name"":""lab-woocommerce"",""cpu"":""0.01%"",""mem"":""294.6MiB / 122.8GiB""},{""name"":""lab-redis"",""cpu"":""0.78%"",""mem"":""80.61MiB / 122.8GiB""},{""name"":""lab-postgres"",""cpu"":""30.92%"",""mem"":""241.8MiB / 122.8GiB""},{""name"":""lab-mysql"",""cpu"":""9.22%"",""mem"":""727MiB / 122.8GiB""},{""name"":""lab-woocommerce-mysql"",""cpu"":""0.76%"",""mem"":""511.8MiB / 122.8GiB""}]"
2026-09-10T13:48:38Z,3,1747,2,47,23,2668861107,"[{""name"":""lab-worker-1"",""cpu"":""7.21%"",""mem"":""136.3MiB / 122.8GiB""},{""name"":""lab-api"",""cpu"":""0.00%"",""mem"":""145.4MiB / 122.8GiB""},{""name"":""lab-allegro-stub"",""cpu"":""4.42%"",""mem"":""21.04MiB / 122.8GiB""},{""name"":""lab-erli-stub"",""cpu"":""0.00%"",""mem"":""18.06MiB / 122.8GiB""},{""name"":""lab-eparagony-stub"",""cpu"":""0.00%"",""mem"":""20.37MiB / 122.8GiB""},{""name"":""lab-invoicing-stub"",""cpu"":""3.96%"",""mem"":""16.6MiB / 122.8GiB""},{""name"":""lab-shipping-stub"",""cpu"":""4.14%"",""mem"":""16.58MiB / 122.8GiB""},{""name"":""lab-eparagony-stub-tls"",""cpu"":""0.00%"",""mem"":""23.3MiB / 122.8GiB""},{""name"":""lab-erli-stub-tls"",""cpu"":""0.00%"",""mem"":""22.67MiB / 122.8GiB""},{""name"":""lab-wc-tls"",""cpu"":""0.00%"",""mem"":""29.51MiB / 122.8GiB""},{""name"":""lab-prestashop"",""cpu"":""8.76%"",""mem"":""166MiB / 122.8GiB""},{""name"":""lab-woocommerce"",""cpu"":""0.00%"",""mem"":""294.6MiB / 122.8GiB""},{""name"":""lab-redis"",""cpu"":""0.67%"",""mem"":""80.62MiB / 122.8GiB""},{""name"":""lab-postgres"",""cpu"":""32.21%"",""mem"":""241.8MiB / 122.8GiB""},{""name"":""lab-mysql"",""cpu"":""8.01%"",""mem"":""726.7MiB / 122.8GiB""},{""name"":""lab-woocommerce-mysql"",""cpu"":""0.81%"",""mem"":""511.8MiB / 122.8GiB""}]"
2026-09-10T13:48:41Z,3,1747,1,47,24,2668861107,"[{""name"":""lab-worker-1"",""cpu"":""2.74%"",""mem"":""136.1MiB / 122.8GiB""},{""name"":""lab-api"",""cpu"":""0.00%"",""mem"":""145.4MiB / 122.8GiB""},{""name"":""lab-allegro-stub"",""cpu"":""0.00%"",""mem"":""21.04MiB / 122.8GiB""},{""name"":""lab-erli-stub"",""cpu"":""0.00%"",""mem"":""18.05MiB / 122.8GiB""},{""name"":""lab-eparagony-stub"",""cpu"":""1.53%"",""mem"":""26.69MiB / 122.8GiB""},{""name"":""lab-invoicing-stub"",""cpu"":""0.00%"",""mem"":""16.6MiB / 122.8GiB""},{""name"":""lab-shipping-stub"",""cpu"":""0.00%"",""mem"":""16.58MiB / 122.8GiB""},{""name"":""lab-eparagony-stub-tls"",""cpu"":""0.00%"",""mem"":""23.3MiB / 122.8GiB""},{""name"":""lab-erli-stub-tls"",""cpu"":""0.00%"",""mem"":""22.67MiB / 122.8GiB""},{""name"":""lab-wc-tls"",""cpu"":""0.00%"",""mem"":""29.51MiB / 122.8GiB""},{""name"":""lab-prestashop"",""cpu"":""8.37%"",""mem"":""166MiB / 122.8GiB""},{""name"":""lab-woocommerce"",""cpu"":""0.01%"",""mem"":""294.6MiB / 122.8GiB""},{""name"":""lab-redis"",""cpu"":""0.71%"",""mem"":""80.61MiB / 122.8GiB""},{""name"":""lab-postgres"",""cpu"":""30.02%"",""mem"":""241.8MiB / 122.8GiB""},{""name"":""lab-mysql"",""cpu"":""7.41%"",""mem"":""726.5MiB / 122.8GiB""},{""name"":""lab-woocommerce-mysql"",""cpu"":""0.79%"",""mem"":""511.8MiB / 122.8GiB""}]"
2026-09-10T13:48:44Z,3,1747,1,47,24,2668861107,"[{""name"":""lab-worker-1"",""cpu"":""4.27%"",""mem"":""136MiB / 122.8GiB""},{""name"":""lab-api"",""cpu"":""0.00%"",""mem"":""145.4MiB / 122.8GiB""},{""name"":""lab-allegro-stub"",""cpu"":""0.00%"",""mem"":""21.04MiB / 122.8GiB""},{""name"":""lab-erli-stub"",""cpu"":""0.00%"",""mem"":""18.05MiB / 122.8GiB""},{""name"":""lab-eparagony-stub"",""cpu"":""0.00%"",""mem"":""20.37MiB / 122.8GiB""},{""name"":""lab-invoicing-stub"",""cpu"":""0.00%"",""mem"":""16.6MiB / 122.8GiB""},{""name"":""lab-shipping-stub"",""cpu"":""0.00%"",""mem"":""16.58MiB / 122.8GiB""},{""name"":""lab-eparagony-stub-tls"",""cpu"":""0.00%"",""mem"":""23.3MiB / 122.8GiB""},{""name"":""lab-erli-stub-tls"",""cpu"":""0.00%"",""mem"":""22.67MiB / 122.8GiB""},{""name"":""lab-wc-tls"",""cpu"":""0.00%"",""mem"":""29.51MiB / 122.8GiB""},{""name"":""lab-prestashop"",""cpu"":""9.05%"",""mem"":""164MiB / 122.8GiB""},{""name"":""lab-woocommerce"",""cpu"":""0.00%"",""mem"":""294.6MiB / 122.8GiB""},{""name"":""lab-redis"",""cpu"":""4.96%"",""mem"":""80.62MiB / 122.8GiB""},{""name"":""lab-postgres"",""cpu"":""31.61%"",""mem"":""239.1MiB / 122.8GiB""},{""name"":""lab-mysql"",""cpu"":""8.62%"",""mem"":""726.7MiB / 122.8GiB""},{""name"":""lab-woocommerce-mysql"",""cpu"":""0.73%"",""mem"":""511.8MiB / 122.8GiB""}]"
2026-09-10T13:48:47Z,3,1747,1,47,24,2668869299,"[{""name"":""lab-worker-1"",""cpu"":""4.80%"",""mem"":""136.1MiB / 122.8GiB""},{""name"":""lab-api"",""cpu"":""0.00%"",""mem"":""145.4MiB / 122.8GiB""},{""name"":""lab-allegro-stub"",""cpu"":""3.98%"",""mem"":""21.07MiB / 122.8GiB""},{""name"":""lab-erli-stub"",""cpu"":""3.89%"",""mem"":""18.07MiB / 122.8GiB""},{""name"":""lab-eparagony-stub"",""cpu"":""0.01%"",""mem"":""20.38MiB / 122.8GiB""},{""name"":""lab-invoicing-stub"",""cpu"":""3.43%"",""mem"":""16.64MiB / 122.8GiB""},{""name"":""lab-shipping-stub"",""cpu"":""4.08%"",""mem"":""16.61MiB / 122.8GiB""},{""name"":""lab-eparagony-stub-tls"",""cpu"":""0.00%"",""mem"":""23.3MiB / 122.8GiB""},{""name"":""lab-erli-stub-tls"",""cpu"":""0.00%"",""mem"":""22.67MiB / 122.8GiB""},{""name"":""lab-wc-tls"",""cpu"":""0.00%"",""mem"":""29.51MiB / 122.8GiB""},{""name"":""lab-prestashop"",""cpu"":""7.44%"",""mem"":""158MiB / 122.8GiB""},{""name"":""lab-woocommerce"",""cpu"":""0.00%"",""mem"":""294.6MiB / 122.8GiB""},{""name"":""lab-redis"",""cpu"":""0.70%"",""mem"":""80.62MiB / 122.8GiB""},{""name"":""lab-postgres"",""cpu"":""33.47%"",""mem"":""239.1MiB / 122.8GiB""},{""name"":""lab-mysql"",""cpu"":""7.18%"",""mem"":""726.7MiB / 122.8GiB""},{""name"":""lab-woocommerce-mysql"",""cpu"":""0.67%"",""mem"":""511.8MiB / 122.8GiB""}]"
2026-09-10T13:48:50Z,3,1747,2,47,25,2668869299,"[{""name"":""lab-worker-1"",""cpu"":""3.74%"",""mem"":""136.1MiB / 122.8GiB""},{""name"":""lab-api"",""cpu"":""0.01%"",""mem"":""145.4MiB / 122.8GiB""},{""name"":""lab-allegro-stub"",""cpu"":""0.00%"",""mem"":""21.05MiB / 122.8GiB""},{""name"":""lab-erli-stub"",""cpu"":""0.00%"",""mem"":""18.05MiB / 122.8GiB""},{""name"":""lab-eparagony-stub"",""cpu"":""0.00%"",""mem"":""20.37MiB / 122.8GiB""},{""name"":""lab-invoicing-stub"",""cpu"":""0.00%"",""mem"":""16.6MiB / 122.8GiB""},{""name"":""lab-shipping-stub"",""cpu"":""0.00%"",""mem"":""16.58MiB / 122.8GiB""},{""name"":""lab-eparagony-stub-tls"",""cpu"":""0.00%"",""mem"":""23.3MiB / 122.8GiB""},{""name"":""lab-erli-stub-tls"",""cpu"":""0.00%"",""mem"":""22.67MiB / 122.8GiB""},{""name"":""lab-wc-tls"",""cpu"":""0.00%"",""mem"":""29.51MiB / 122.8GiB""},{""name"":""lab-prestashop"",""cpu"":""7.53%"",""mem"":""158MiB / 122.8GiB""},{""name"":""lab-woocommerce"",""cpu"":""0.01%"",""mem"":""294.6MiB / 122.8GiB""},{""name"":""lab-redis"",""cpu"":""0.73%"",""mem"":""80.61MiB / 122.8GiB""},{""name"":""lab-postgres"",""cpu"":""30.51%"",""mem"":""239.1MiB / 122.8GiB""},{""name"":""lab-mysql"",""cpu"":""7.46%"",""mem"":""726.5MiB / 122.8GiB""},{""name"":""lab-woocommerce-mysql"",""cpu"":""0.76%"",""mem"":""511.8MiB / 122.8GiB""}]"
2026-09-10T13:48:53Z,3,1747,2,47,22,2668869299,"[{""name"":""lab-worker-1"",""cpu"":""5.52%"",""mem"":""136.2MiB / 122.8GiB""},{""name"":""lab-api"",""cpu"":""0.00%"",""mem"":""145.4MiB / 122.8GiB""},{""name"":""lab-allegro-stub"",""cpu"":""0.01%"",""mem"":""21.04MiB / 122.8GiB""},{""name"":""lab-erli-stub"",""cpu"":""0.00%"",""mem"":""18.06MiB / 122.8GiB""},{""name"":""lab-eparagony-stub"",""cpu"":""0.00%"",""mem"":""20.37MiB / 122.8GiB""},{""name"":""lab-invoicing-stub"",""cpu"":""0.01%"",""mem"":""16.6MiB / 122.8GiB""},{""name"":""lab-shipping-stub"",""cpu"":""0.01%"",""mem"":""16.58MiB / 122.8GiB""},{""name"":""lab-eparagony-stub-tls"",""cpu"":""0.00%"",""mem"":""23.3MiB / 122.8GiB""},{""name"":""lab-erli-stub-tls"",""cpu"":""0.00%"",""mem"":""22.67MiB / 122.8GiB""},{""name"":""lab-wc-tls"",""cpu"":""0.00%"",""mem"":""29.51MiB / 122.8GiB""},{""name"":""lab-prestashop"",""cpu"":""8.50%"",""mem"":""158.5MiB / 122.8GiB""},{""name"":""lab-woocommerce"",""cpu"":""0.01%"",""mem"":""294.6MiB / 122.8GiB""},{""name"":""lab-redis"",""cpu"":""0.76%"",""mem"":""80.87MiB / 122.8GiB""},{""name"":""lab-postgres"",""cpu"":""32.51%"",""mem"":""239.1MiB / 122.8GiB""},{""name"":""lab-mysql"",""cpu"":""8.85%"",""mem"":""726.5MiB / 122.8GiB""},{""name"":""lab-woocommerce-mysql"",""cpu"":""0.78%"",""mem"":""511.8MiB / 122.8GiB""}]"
2026-09-10T13:48:56Z,3,1749,2,47,22,2668869299,"[{""name"":""lab-worker-1"",""cpu"":""4.54%"",""mem"":""136.4MiB / 122.8GiB""},{""name"":""lab-api"",""cpu"":""0.00%"",""mem"":""145.4MiB / 122.8GiB""},{""name"":""lab-allegro-stub"",""cpu"":""0.01%"",""mem"":""21.04MiB / 122.8GiB""},{""name"":""lab-erli-stub"",""cpu"":""0.00%"",""mem"":""18.05MiB / 122.8GiB""},{""name"":""lab-eparagony-stub"",""cpu"":""4.16%"",""mem"":""20.4MiB / 122.8GiB""},{""name"":""lab-invoicing-stub"",""cpu"":""0.01%"",""mem"":""16.6MiB / 122.8GiB""},{""name"":""lab-shipping-stub"",""cpu"":""0.01%"",""mem"":""16.58MiB / 122.8GiB""},{""name"":""lab-eparagony-stub-tls"",""cpu"":""0.00%"",""mem"":""23.3MiB / 122.8GiB""},{""name"":""lab-erli-stub-tls"",""cpu"":""0.00%"",""mem"":""22.67MiB / 122.8GiB""},{""name"":""lab-wc-tls"",""cpu"":""0.00%"",""mem"":""29.51MiB / 122.8GiB""},{""name"":""lab-prestashop"",""cpu"":""7.50%"",""mem"":""158MiB / 122.8GiB""},{""name"":""lab-woocommerce"",""cpu"":""0.00%"",""mem"":""294.6MiB / 122.8GiB""},{""name"":""lab-redis"",""cpu"":""0.67%"",""mem"":""80.61MiB / 122.8GiB""},{""name"":""lab-postgres"",""cpu"":""38.17%"",""mem"":""239.3MiB / 122.8GiB""},{""name"":""lab-mysql"",""cpu"":""10.55%"",""mem"":""726.5MiB / 122.8GiB""},{""name"":""lab-woocommerce-mysql"",""cpu"":""0.69%"",""mem"":""511.8MiB / 122.8GiB""}]"
2026-09-10T13:49:00Z,3,1750,1,47,21,2668869299,"[{""name"":""lab-worker-1"",""cpu"":""4.98%"",""mem"":""136.2MiB / 122.8GiB""},{""name"":""lab-api"",""cpu"":""0.00%"",""mem"":""145.4MiB / 122.8GiB""},{""name"":""lab-allegro-stub"",""cpu"":""0.00%"",""mem"":""21.04MiB / 122.8GiB""},{""name"":""lab-erli-stub"",""cpu"":""0.00%"",""mem"":""18.05MiB / 122.8GiB""},{""name"":""lab-eparagony-stub"",""cpu"":""0.00%"",""mem"":""20.37MiB / 122.8GiB""},{""name"":""lab-invoicing-stub"",""cpu"":""0.00%"",""mem"":""16.6MiB / 122.8GiB""},{""name"":""lab-shipping-stub"",""cpu"":""0.00%"",""mem"":""16.59MiB / 122.8GiB""},{""name"":""lab-eparagony-stub-tls"",""cpu"":""0.00%"",""mem"":""23.3MiB / 122.8GiB""},{""name"":""lab-erli-stub-tls"",""cpu"":""0.00%"",""mem"":""22.67MiB / 122.8GiB""},{""name"":""lab-wc-tls"",""cpu"":""0.00%"",""mem"":""29.51MiB / 122.8GiB""},{""name"":""lab-prestashop"",""cpu"":""8.96%"",""mem"":""158.2MiB / 122.8GiB""},{""name"":""lab-woocommerce"",""cpu"":""0.01%"",""mem"":""294.6MiB / 122.8GiB""},{""name"":""lab-redis"",""cpu"":""0.84%"",""mem"":""80.87MiB / 122.8GiB""},{""name"":""lab-postgres"",""cpu"":""33.80%"",""mem"":""241.3MiB / 122.8GiB""},{""name"":""lab-mysql"",""cpu"":""7.87%"",""mem"":""726.5MiB / 122.8GiB""},{""name"":""lab-woocommerce-mysql"",""cpu"":""5.08%"",""mem"":""511.8MiB / 122.8GiB""}]"
2026-09-10T13:49:03Z,4,1750,2,47,21,2668869299,"[{""name"":""lab-worker-1"",""cpu"":""3.52%"",""mem"":""136MiB / 122.8GiB""},{""name"":""lab-api"",""cpu"":""0.00%"",""mem"":""145.4MiB / 122.8GiB""},{""name"":""lab-allegro-stub"",""cpu"":""4.30%"",""mem"":""21.04MiB / 122.8GiB""},{""name"":""lab-erli-stub"",""cpu"":""0.01%"",""mem"":""18.06MiB / 122.8GiB""},{""name"":""lab-eparagony-stub"",""cpu"":""0.00%"",""mem"":""20.37MiB / 122.8GiB""},{""name"":""lab-invoicing-stub"",""cpu"":""3.38%"",""mem"":""16.63MiB / 122.8GiB""},{""name"":""lab-shipping-stub"",""cpu"":""4.02%"",""mem"":""16.58MiB / 122.8GiB""},{""name"":""lab-eparagony-stub-tls"",""cpu"":""0.00%"",""mem"":""23.3MiB / 122.8GiB""},{""name"":""lab-erli-stub-tls"",""cpu"":""0.00%"",""mem"":""22.67MiB / 122.8GiB""},{""name"":""lab-wc-tls"",""cpu"":""0.00%"",""mem"":""29.51MiB / 122.8GiB""},{""name"":""lab-prestashop"",""cpu"":""8.10%"",""mem"":""157.9MiB / 122.8GiB""},{""name"":""lab-woocommerce"",""cpu"":""0.00%"",""mem"":""294.6MiB / 122.8GiB""},{""name"":""lab-redis"",""cpu"":""0.78%"",""mem"":""80.62MiB / 122.8GiB""},{""name"":""lab-postgres"",""cpu"":""30.50%"",""mem"":""241.8MiB / 122.8GiB""},{""name"":""lab-mysql"",""cpu"":""8.66%"",""mem"":""726.5MiB / 122.8GiB""},{""name"":""lab-woocommerce-mysql"",""cpu"":""0.73%"",""mem"":""511.8MiB / 122.8GiB""}]"
2026-09-10T13:49:06Z,3,1749,2,47,21,2668869299,"[{""name"":""lab-worker-1"",""cpu"":""2.38%"",""mem"":""136.2MiB / 122.8GiB""},{""name"":""lab-api"",""cpu"":""0.00%"",""mem"":""145.4MiB / 122.8GiB""},{""name"":""lab-allegro-stub"",""cpu"":""0.00%"",""mem"":""21.04MiB / 122.8GiB""},{""name"":""lab-erli-stub"",""cpu"":""0.00%"",""mem"":""18.05MiB / 122.8GiB""},{""name"":""lab-eparagony-stub"",""cpu"":""0.00%"",""mem"":""20.37MiB / 122.8GiB""},{""name"":""lab-invoicing-stub"",""cpu"":""0.00%"",""mem"":""16.6MiB / 122.8GiB""},{""name"":""lab-shipping-stub"",""cpu"":""0.00%"",""mem"":""16.58MiB / 122.8GiB""},{""name"":""lab-eparagony-stub-tls"",""cpu"":""0.00%"",""mem"":""23.3MiB / 122.8GiB""},{""name"":""lab-erli-stub-tls"",""cpu"":""0.00%"",""mem"":""22.67MiB / 122.8GiB""},{""name"":""lab-wc-tls"",""cpu"":""0.00%"",""mem"":""29.51MiB / 122.8GiB""},{""name"":""lab-prestashop"",""cpu"":""5.71%"",""mem"":""157.9MiB / 122.8GiB""},{""name"":""lab-woocommerce"",""cpu"":""0.00%"",""mem"":""294.6MiB / 122.8GiB""},{""name"":""lab-redis"",""cpu"":""0.70%"",""mem"":""80.61MiB / 122.8GiB""},{""name"":""lab-postgres"",""cpu"":""34.32%"",""mem"":""242.1MiB / 122.8GiB""},{""name"":""lab-mysql"",""cpu"":""6.05%"",""mem"":""726.5MiB / 122.8GiB""},{""name"":""lab-woocommerce-mysql"",""cpu"":""0.57%"",""mem"":""511.8MiB / 122.8GiB""}]"
2026-09-10T13:49:09Z,3,1749,2,47,21,2668869299,"[{""name"":""lab-worker-1"",""cpu"":""2.89%"",""mem"":""136.1MiB / 122.8GiB""},{""name"":""lab-api"",""cpu"":""0.00%"",""mem"":""145.4MiB / 122.8GiB""},{""name"":""lab-allegro-stub"",""cpu"":""0.00%"",""mem"":""21.04MiB / 122.8GiB""},{""name"":""lab-erli-stub"",""cpu"":""0.00%"",""mem"":""18.06MiB / 122.8GiB""},{""name"":""lab-eparagony-stub"",""cpu"":""0.00%"",""mem"":""20.37MiB / 122.8GiB""},{""name"":""lab-invoicing-stub"",""cpu"":""0.00%"",""mem"":""16.6MiB / 122.8GiB""},{""name"":""lab-shipping-stub"",""cpu"":""0.00%"",""mem"":""16.58MiB / 122.8GiB""},{""name"":""lab-eparagony-stub-tls"",""cpu"":""0.00%"",""mem"":""23.3MiB / 122.8GiB""},{""name"":""lab-erli-stub-tls"",""cpu"":""0.00%"",""mem"":""22.67MiB / 122.8GiB""},{""name"":""lab-wc-tls"",""cpu"":""0.00%"",""mem"":""29.51MiB / 122.8GiB""},{""name"":""lab-prestashop"",""cpu"":""8.85%"",""mem"":""157.9MiB / 122.8GiB""},{""name"":""lab-woocommerce"",""cpu"":""0.00%"",""mem"":""294.6MiB / 122.8GiB""},{""name"":""lab-redis"",""cpu"":""0.77%"",""mem"":""81.11MiB / 122.8GiB""},{""name"":""lab-postgres"",""cpu"":""30.61%"",""mem"":""242MiB / 122.8GiB""},{""name"":""lab-mysql"",""cpu"":""6.99%"",""mem"":""726.5MiB / 122.8GiB""},{""name"":""lab-woocommerce-mysql"",""cpu"":""0.77%"",""mem"":""511.8MiB / 122.8GiB""}]"
2026-09-10T13:49:12Z,3,1749,1,47,22,2668869299,"[{""name"":""lab-worker-1"",""cpu"":""3.57%"",""mem"":""136.3MiB / 122.8GiB""},{""name"":""lab-api"",""cpu"":""0.00%"",""mem"":""145.4MiB / 122.8GiB""},{""name"":""lab-allegro-stub"",""cpu"":""0.00%"",""mem"":""21.04MiB / 122.8GiB""},{""name"":""lab-erli-stub"",""cpu"":""4.01%"",""mem"":""18.11MiB / 122.8GiB""},{""name"":""lab-eparagony-stub"",""cpu"":""4.09%"",""mem"":""20.37MiB / 122.8GiB""},{""name"":""lab-invoicing-stub"",""cpu"":""0.00%"",""mem"":""16.6MiB / 122.8GiB""},{""name"":""lab-shipping-stub"",""cpu"":""0.00%"",""mem"":""16.58MiB / 122.8GiB""},{""name"":""lab-eparagony-stub-tls"",""cpu"":""0.00%"",""mem"":""23.3MiB / 122.8GiB""},{""name"":""lab-erli-stub-tls"",""cpu"":""0.00%"",""mem"":""22.67MiB / 122.8GiB""},{""name"":""lab-wc-tls"",""cpu"":""0.00%"",""mem"":""29.51MiB / 122.8GiB""},{""name"":""lab-prestashop"",""cpu"":""13.52%"",""mem"":""153.9MiB / 122.8GiB""},{""name"":""lab-woocommerce"",""cpu"":""0.01%"",""mem"":""294.6MiB / 122.8GiB""},{""name"":""lab-redis"",""cpu"":""0.69%"",""mem"":""80.61MiB / 122.8GiB""},{""name"":""lab-postgres"",""cpu"":""30.91%"",""mem"":""239.1MiB / 122.8GiB""},{""name"":""lab-mysql"",""cpu"":""8.52%"",""mem"":""726.5MiB / 122.8GiB""},{""name"":""lab-woocommerce-mysql"",""cpu"":""0.74%"",""mem"":""511.8MiB / 122.8GiB""}]"
2026-09-10T13:49:15Z,3,1749,2,47,21,2668869299,"[{""name"":""lab-worker-1"",""cpu"":""3.23%"",""mem"":""136.1MiB / 122.8GiB""},{""name"":""lab-api"",""cpu"":""0.00%"",""mem"":""145.4MiB / 122.8GiB""},{""name"":""lab-allegro-stub"",""cpu"":""0.00%"",""mem"":""21.04MiB / 122.8GiB""},{""name"":""lab-erli-stub"",""cpu"":""0.00%"",""mem"":""18.05MiB / 122.8GiB""},{""name"":""lab-eparagony-stub"",""cpu"":""0.00%"",""mem"":""20.37MiB / 122.8GiB""},{""name"":""lab-invoicing-stub"",""cpu"":""0.00%"",""mem"":""16.6MiB / 122.8GiB""},{""name"":""lab-shipping-stub"",""cpu"":""0.00%"",""mem"":""16.58MiB / 122.8GiB""},{""name"":""lab-eparagony-stub-tls"",""cpu"":""0.00%"",""mem"":""23.3MiB / 122.8GiB""},{""name"":""lab-erli-stub-tls"",""cpu"":""0.00%"",""mem"":""22.67MiB / 122.8GiB""},{""name"":""lab-wc-tls"",""cpu"":""0.00%"",""mem"":""29.51MiB / 122.8GiB""},{""name"":""lab-prestashop"",""cpu"":""7.36%"",""mem"":""153.9MiB / 122.8GiB""},{""name"":""lab-woocommerce"",""cpu"":""13.35%"",""mem"":""294.6MiB / 122.8GiB""},{""name"":""lab-redis"",""cpu"":""0.73%"",""mem"":""80.62MiB / 122.8GiB""},{""name"":""lab-postgres"",""cpu"":""30.91%"",""mem"":""241.3MiB / 122.8GiB""},{""name"":""lab-mysql"",""cpu"":""7.07%"",""mem"":""726.5MiB / 122.8GiB""},{""name"":""lab-woocommerce-mysql"",""cpu"":""2.14%"",""mem"":""511.8MiB / 122.8GiB""}]"
2026-09-10T13:49:18Z,3,1751,2,47,21,2668869299,"[{""name"":""lab-worker-1"",""cpu"":""38.70%"",""mem"":""137MiB / 122.8GiB""},{""name"":""lab-api"",""cpu"":""0.00%"",""mem"":""145.4MiB / 122.8GiB""},{""name"":""lab-allegro-stub"",""cpu"":""0.13%"",""mem"":""21.05MiB / 122.8GiB""},{""name"":""lab-erli-stub"",""cpu"":""0.01%"",""mem"":""18.05MiB / 122.8GiB""},{""name"":""lab-eparagony-stub"",""cpu"":""0.00%"",""mem"":""20.37MiB / 122.8GiB""},{""name"":""lab-invoicing-stub"",""cpu"":""0.01%"",""mem"":""16.6MiB / 122.8GiB""},{""name"":""lab-shipping-stub"",""cpu"":""0.01%"",""mem"":""16.58MiB / 122.8GiB""},{""name"":""lab-eparagony-stub-tls"",""cpu"":""0.00%"",""mem"":""23.3MiB / 122.8GiB""},{""name"":""lab-erli-stub-tls"",""cpu"":""0.00%"",""mem"":""22.67MiB / 122.8GiB""},{""name"":""lab-wc-tls"",""cpu"":""0.00%"",""mem"":""29.51MiB / 122.8GiB""},{""name"":""lab-prestashop"",""cpu"":""10.55%"",""mem"":""153.9MiB / 122.8GiB""},{""name"":""lab-woocommerce"",""cpu"":""0.00%"",""mem"":""294.6MiB / 122.8GiB""},{""name"":""lab-redis"",""cpu"":""3.20%"",""mem"":""80.67MiB / 122.8GiB""},{""name"":""lab-postgres"",""cpu"":""40.33%"",""mem"":""242MiB / 122.8GiB""},{""name"":""lab-mysql"",""cpu"":""12.81%"",""mem"":""726.5MiB / 122.8GiB""},{""name"":""lab-woocommerce-mysql"",""cpu"":""0.75%"",""mem"":""511.8MiB / 122.8GiB""}]"
2026-09-10T13:49:21Z,3,1848,3,47,21,2668869299,"[{""name"":""lab-worker-1"",""cpu"":""13.88%"",""mem"":""136.6MiB / 122.8GiB""},{""name"":""lab-api"",""cpu"":""0.00%"",""mem"":""145.4MiB / 122.8GiB""},{""name"":""lab-allegro-stub"",""cpu"":""0.08%"",""mem"":""21.05MiB / 122.8GiB""},{""name"":""lab-erli-stub"",""cpu"":""0.00%"",""mem"":""18.05MiB / 122.8GiB""},{""name"":""lab-eparagony-stub"",""cpu"":""4.20%"",""mem"":""20.41MiB / 122.8GiB""},{""name"":""lab-invoicing-stub"",""cpu"":""0.00%"",""mem"":""16.6MiB / 122.8GiB""},{""name"":""lab-shipping-stub"",""cpu"":""0.00%"",""mem"":""16.58MiB / 122.8GiB""},{""name"":""lab-eparagony-stub-tls"",""cpu"":""0.00%"",""mem"":""23.3MiB / 122.8GiB""},{""name"":""lab-erli-stub-tls"",""cpu"":""0.00%"",""mem"":""22.67MiB / 122.8GiB""},{""name"":""lab-wc-tls"",""cpu"":""0.07%"",""mem"":""29.54MiB / 122.8GiB""},{""name"":""lab-prestashop"",""cpu"":""10.42%"",""mem"":""154.2MiB / 122.8GiB""},{""name"":""lab-woocommerce"",""cpu"":""18.10%"",""mem"":""296.6MiB / 122.8GiB""},{""name"":""lab-redis"",""cpu"":""0.85%"",""mem"":""80.67MiB / 122.8GiB""},{""name"":""lab-postgres"",""cpu"":""39.15%"",""mem"":""249MiB / 122.8GiB""},{""name"":""lab-mysql"",""cpu"":""8.63%"",""mem"":""726.5MiB / 122.8GiB""},{""name"":""lab-woocommerce-mysql"",""cpu"":""22.43%"",""mem"":""512MiB / 122.8GiB""}]"
2026-09-10T13:49:25Z,3,1845,3,47,21,2668877491,"[{""name"":""lab-worker-1"",""cpu"":""10.40%"",""mem"":""136.6MiB / 122.8GiB""},{""name"":""lab-api"",""cpu"":""0.00%"",""mem"":""145.4MiB / 122.8GiB""},{""name"":""lab-allegro-stub"",""cpu"":""0.08%"",""mem"":""21.05MiB / 122.8GiB""},{""name"":""lab-erli-stub"",""cpu"":""0.00%"",""mem"":""18.05MiB / 122.8GiB""},{""name"":""lab-eparagony-stub"",""cpu"":""0.00%"",""mem"":""20.37MiB / 122.8GiB""},{""name"":""lab-invoicing-stub"",""cpu"":""0.00%"",""mem"":""16.61MiB / 122.8GiB""},{""name"":""lab-shipping-stub"",""cpu"":""0.00%"",""mem"":""16.58MiB / 122.8GiB""},{""name"":""lab-eparagony-stub-tls"",""cpu"":""0.00%"",""mem"":""23.3MiB / 122.8GiB""},{""name"":""lab-erli-stub-tls"",""cpu"":""0.00%"",""mem"":""22.67MiB / 122.8GiB""},{""name"":""lab-wc-tls"",""cpu"":""0.07%"",""mem"":""29.79MiB / 122.8GiB""},{""name"":""lab-prestashop"",""cpu"":""7.53%"",""mem"":""153.9MiB / 122.8GiB""},{""name"":""lab-woocommerce"",""cpu"":""18.49%"",""mem"":""298.6MiB / 122.8GiB""},{""name"":""lab-redis"",""cpu"":""5.32%"",""mem"":""80.67MiB / 122.8GiB""},{""name"":""lab-postgres"",""cpu"":""36.49%"",""mem"":""249.9MiB / 122.8GiB""},{""name"":""lab-mysql"",""cpu"":""7.87%"",""mem"":""726.7MiB / 122.8GiB""},{""name"":""lab-woocommerce-mysql"",""cpu"":""21.63%"",""mem"":""511.8MiB / 122.8GiB""}]"
2026-09-10T13:49:28Z,4,1842,4,47,20,2668885683,"[{""name"":""lab-worker-1"",""cpu"":""17.36%"",""mem"":""137.1MiB / 122.8GiB""},{""name"":""lab-api"",""cpu"":""0.00%"",""mem"":""145.6MiB / 122.8GiB""},{""name"":""lab-allegro-stub"",""cpu"":""4.28%"",""mem"":""21.05MiB / 122.8GiB""},{""name"":""lab-erli-stub"",""cpu"":""4.10%"",""mem"":""18.05MiB / 122.8GiB""},{""name"":""lab-eparagony-stub"",""cpu"":""0.00%"",""mem"":""20.37MiB / 122.8GiB""},{""name"":""lab-invoicing-stub"",""cpu"":""3.82%"",""mem"":""16.6MiB / 122.8GiB""},{""name"":""lab-shipping-stub"",""cpu"":""4.56%"",""mem"":""16.59MiB / 122.8GiB""},{""name"":""lab-eparagony-stub-tls"",""cpu"":""0.00%"",""mem"":""23.3MiB / 122.8GiB""},{""name"":""lab-erli-stub-tls"",""cpu"":""0.00%"",""mem"":""22.67MiB / 122.8GiB""},{""name"":""lab-wc-tls"",""cpu"":""0.05%"",""mem"":""29.54MiB / 122.8GiB""},{""name"":""lab-prestashop"",""cpu"":""8.19%"",""mem"":""153.9MiB / 122.8GiB""},{""name"":""lab-woocommerce"",""cpu"":""17.42%"",""mem"":""298.6MiB / 122.8GiB""},{""name"":""lab-redis"",""cpu"":""1.73%"",""mem"":""80.7MiB / 122.8GiB""},{""name"":""lab-postgres"",""cpu"":""43.30%"",""mem"":""250.5MiB / 122.8GiB""},{""name"":""lab-mysql"",""cpu"":""6.87%"",""mem"":""726.5MiB / 122.8GiB""},{""name"":""lab-woocommerce-mysql"",""cpu"":""20.77%"",""mem"":""511.8MiB / 122.8GiB""}]"
2026-09-10T13:49:31Z,3,1888,4,47,21,2668893875,"[{""name"":""lab-worker-1"",""cpu"":""11.84%"",""mem"":""136.7MiB / 122.8GiB""},{""name"":""lab-api"",""cpu"":""0.00%"",""mem"":""145.6MiB / 122.8GiB""},{""name"":""lab-allegro-stub"",""cpu"":""0.09%"",""mem"":""21.05MiB / 122.8GiB""},{""name"":""lab-erli-stub"",""cpu"":""0.00%"",""mem"":""18.05MiB / 122.8GiB""},{""name"":""lab-eparagony-stub"",""cpu"":""0.00%"",""mem"":""20.37MiB / 122.8GiB""},{""name"":""lab-invoicing-stub"",""cpu"":""0.00%"",""mem"":""16.6MiB / 122.8GiB""},{""name"":""lab-shipping-stub"",""cpu"":""0.00%"",""mem"":""16.58MiB / 122.8GiB""},{""name"":""lab-eparagony-stub-tls"",""cpu"":""0.00%"",""mem"":""23.3MiB / 122.8GiB""},{""name"":""lab-erli-stub-tls"",""cpu"":""0.00%"",""mem"":""22.67MiB / 122.8GiB""},{""name"":""lab-wc-tls"",""cpu"":""0.09%"",""mem"":""29.55MiB / 122.8GiB""},{""name"":""lab-prestashop"",""cpu"":""6.91%"",""mem"":""153.9MiB / 122.8GiB""},{""name"":""lab-woocommerce"",""cpu"":""25.36%"",""mem"":""296.6MiB / 122.8GiB""},{""name"":""lab-redis"",""cpu"":""0.79%"",""mem"":""80.71MiB / 122.8GiB""},{""name"":""lab-postgres"",""cpu"":""39.08%"",""mem"":""251MiB / 122.8GiB""},{""name"":""lab-mysql"",""cpu"":""6.74%"",""mem"":""726.5MiB / 122.8GiB""},{""name"":""lab-woocommerce-mysql"",""cpu"":""38.05%"",""mem"":""511.8MiB / 122.8GiB""}]"
2026-09-10T13:49:34Z,3,1884,4,47,22,2668902067,"[{""name"":""lab-worker-1"",""cpu"":""11.22%"",""mem"":""136.5MiB / 122.8GiB""},{""name"":""lab-api"",""cpu"":""0.00%"",""mem"":""145.6MiB / 122.8GiB""},{""name"":""lab-allegro-stub"",""cpu"":""0.09%"",""mem"":""21.05MiB / 122.8GiB""},{""name"":""lab-erli-stub"",""cpu"":""0.00%"",""mem"":""18.05MiB / 122.8GiB""},{""name"":""lab-eparagony-stub"",""cpu"":""0.00%"",""mem"":""20.37MiB / 122.8GiB""},{""name"":""lab-invoicing-stub"",""cpu"":""0.00%"",""mem"":""16.6MiB / 122.8GiB""},{""name"":""lab-shipping-stub"",""cpu"":""0.00%"",""mem"":""16.58MiB / 122.8GiB""},{""name"":""lab-eparagony-stub-tls"",""cpu"":""0.00%"",""mem"":""23.3MiB / 122.8GiB""},{""name"":""lab-erli-stub-tls"",""cpu"":""0.00%"",""mem"":""22.67MiB / 122.8GiB""},{""name"":""lab-wc-tls"",""cpu"":""0.07%"",""mem"":""29.55MiB / 122.8GiB""},{""name"":""lab-prestashop"",""cpu"":""7.99%"",""mem"":""153.9MiB / 122.8GiB""},{""name"":""lab-woocommerce"",""cpu"":""19.43%"",""mem"":""296.6MiB / 122.8GiB""},{""name"":""lab-redis"",""cpu"":""4.56%"",""mem"":""80.75MiB / 122.8GiB""},{""name"":""lab-postgres"",""cpu"":""38.27%"",""mem"":""254.2MiB / 122.8GiB""},{""name"":""lab-mysql"",""cpu"":""7.43%"",""mem"":""726.5MiB / 122.8GiB""},{""name"":""lab-woocommerce-mysql"",""cpu"":""23.72%"",""mem"":""511.8MiB / 122.8GiB""}]"
2026-09-10T13:49:37Z,3,1881,4,47,22,2668902067,"[{""name"":""lab-worker-1"",""cpu"":""13.67%"",""mem"":""136.8MiB / 122.8GiB""},{""name"":""lab-api"",""cpu"":""0.86%"",""mem"":""145.6MiB / 122.8GiB""},{""name"":""lab-allegro-stub"",""cpu"":""0.19%"",""mem"":""21.05MiB / 122.8GiB""},{""name"":""lab-erli-stub"",""cpu"":""4.13%"",""mem"":""18.07MiB / 122.8GiB""},{""name"":""lab-eparagony-stub"",""cpu"":""4.02%"",""mem"":""20.37MiB / 122.8GiB""},{""name"":""lab-invoicing-stub"",""cpu"":""0.00%"",""mem"":""16.6MiB / 122.8GiB""},{""name"":""lab-shipping-stub"",""cpu"":""0.00%"",""mem"":""16.58MiB / 122.8GiB""},{""name"":""lab-eparagony-stub-tls"",""cpu"":""0.00%"",""mem"":""23.3MiB / 122.8GiB""},{""name"":""lab-erli-stub-tls"",""cpu"":""0.00%"",""mem"":""22.67MiB / 122.8GiB""},{""name"":""lab-wc-tls"",""cpu"":""0.07%"",""mem"":""29.55MiB / 122.8GiB""},{""name"":""lab-prestashop"",""cpu"":""9.94%"",""mem"":""153.9MiB / 122.8GiB""},{""name"":""lab-woocommerce"",""cpu"":""17.71%"",""mem"":""298.6MiB / 122.8GiB""},{""name"":""lab-redis"",""cpu"":""1.00%"",""mem"":""80.72MiB / 122.8GiB""},{""name"":""lab-postgres"",""cpu"":""36.46%"",""mem"":""254.5MiB / 122.8GiB""},{""name"":""lab-mysql"",""cpu"":""13.09%"",""mem"":""726.5MiB / 122.8GiB""},{""name"":""lab-woocommerce-mysql"",""cpu"":""23.74%"",""mem"":""511.8MiB / 122.8GiB""}]"
2026-09-10T13:49:40Z,3,1878,4,47,22,2668902067,"[{""name"":""lab-worker-1"",""cpu"":""11.87%"",""mem"":""136.7MiB / 122.8GiB""},{""name"":""lab-api"",""cpu"":""0.00%"",""mem"":""145.6MiB / 122.8GiB""},{""name"":""lab-allegro-stub"",""cpu"":""0.10%"",""mem"":""21.3MiB / 122.8GiB""},{""name"":""lab-erli-stub"",""cpu"":""0.00%"",""mem"":""18.05MiB / 122.8GiB""},{""name"":""lab-eparagony-stub"",""cpu"":""0.00%"",""mem"":""20.37MiB / 122.8GiB""},{""name"":""lab-invoicing-stub"",""cpu"":""0.00%"",""mem"":""16.6MiB / 122.8GiB""},{""name"":""lab-shipping-stub"",""cpu"":""0.00%"",""mem"":""16.58MiB / 122.8GiB""},{""name"":""lab-eparagony-stub-tls"",""cpu"":""0.00%"",""mem"":""23.3MiB / 122.8GiB""},{""name"":""lab-erli-stub-tls"",""cpu"":""0.00%"",""mem"":""22.67MiB / 122.8GiB""},{""name"":""lab-wc-tls"",""cpu"":""0.08%"",""mem"":""29.55MiB / 122.8GiB""},{""name"":""lab-prestashop"",""cpu"":""7.82%"",""mem"":""153.9MiB / 122.8GiB""},{""name"":""lab-woocommerce"",""cpu"":""18.47%"",""mem"":""298.6MiB / 122.8GiB""},{""name"":""lab-redis"",""cpu"":""0.85%"",""mem"":""80.71MiB / 122.8GiB""},{""name"":""lab-postgres"",""cpu"":""40.37%"",""mem"":""254.5MiB / 122.8GiB""},{""name"":""lab-mysql"",""cpu"":""7.27%"",""mem"":""726.5MiB / 122.8GiB""},{""name"":""lab-woocommerce-mysql"",""cpu"":""25.63%"",""mem"":""511.8MiB / 122.8GiB""}]"
2026-09-10T13:49:43Z,3,1875,3,47,22,2668910259,"[{""name"":""lab-worker-1"",""cpu"":""11.11%"",""mem"":""136.7MiB / 122.8GiB""},{""name"":""lab-api"",""cpu"":""0.01%"",""mem"":""145.6MiB / 122.8GiB""},{""name"":""lab-allegro-stub"",""cpu"":""4.10%"",""mem"":""21.29MiB / 122.8GiB""},{""name"":""lab-erli-stub"",""cpu"":""0.01%"",""mem"":""18.05MiB / 122.8GiB""},{""name"":""lab-eparagony-stub"",""cpu"":""0.00%"",""mem"":""20.37MiB / 122.8GiB""},{""name"":""lab-invoicing-stub"",""cpu"":""3.27%"",""mem"":""16.6MiB / 122.8GiB""},{""name"":""lab-shipping-stub"",""cpu"":""3.32%"",""mem"":""16.58MiB / 122.8GiB""},{""name"":""lab-eparagony-stub-tls"",""cpu"":""0.00%"",""mem"":""23.3MiB / 122.8GiB""},{""name"":""lab-erli-stub-tls"",""cpu"":""0.00%"",""mem"":""22.67MiB / 122.8GiB""},{""name"":""lab-wc-tls"",""cpu"":""0.09%"",""mem"":""29.55MiB / 122.8GiB""},{""name"":""lab-prestashop"",""cpu"":""7.41%"",""mem"":""149.9MiB / 122.8GiB""},{""name"":""lab-woocommerce"",""cpu"":""18.77%"",""mem"":""298.6MiB / 122.8GiB""},{""name"":""lab-redis"",""cpu"":""0.78%"",""mem"":""80.96MiB / 122.8GiB""},{""name"":""lab-postgres"",""cpu"":""36.55%"",""mem"":""254.6MiB / 122.8GiB""},{""name"":""lab-mysql"",""cpu"":""9.02%"",""mem"":""726.7MiB / 122.8GiB""},{""name"":""lab-woocommerce-mysql"",""cpu"":""20.90%"",""mem"":""512.1MiB / 122.8GiB""}]"
2026-09-10T13:49:46Z,3,1872,2,47,23,2668934835,"[{""name"":""lab-worker-1"",""cpu"":""13.00%"",""mem"":""136.7MiB / 122.8GiB""},{""name"":""lab-api"",""cpu"":""0.61%"",""mem"":""145.7MiB / 122.8GiB""},{""name"":""lab-allegro-stub"",""cpu"":""0.08%"",""mem"":""21.29MiB / 122.8GiB""},{""name"":""lab-erli-stub"",""cpu"":""0.00%"",""mem"":""18.05MiB / 122.8GiB""},{""name"":""lab-eparagony-stub"",""cpu"":""0.00%"",""mem"":""20.37MiB / 122.8GiB""},{""name"":""lab-invoicing-stub"",""cpu"":""0.00%"",""mem"":""16.6MiB / 122.8GiB""},{""name"":""lab-shipping-stub"",""cpu"":""0.00%"",""mem"":""16.58MiB / 122.8GiB""},{""name"":""lab-eparagony-stub-tls"",""cpu"":""0.00%"",""mem"":""23.3MiB / 122.8GiB""},{""name"":""lab-erli-stub-tls"",""cpu"":""0.00%"",""mem"":""22.67MiB / 122.8GiB""},{""name"":""lab-wc-tls"",""cpu"":""0.08%"",""mem"":""29.55MiB / 122.8GiB""},{""name"":""lab-prestashop"",""cpu"":""8.08%"",""mem"":""149.9MiB / 122.8GiB""},{""name"":""lab-woocommerce"",""cpu"":""20.76%"",""mem"":""298.6MiB / 122.8GiB""},{""name"":""lab-redis"",""cpu"":""0.84%"",""mem"":""80.73MiB / 122.8GiB""},{""name"":""lab-postgres"",""cpu"":""45.72%"",""mem"":""254.8MiB / 122.8GiB""},{""name"":""lab-mysql"",""cpu"":""11.15%"",""mem"":""726.5MiB / 122.8GiB""},{""name"":""lab-woocommerce-mysql"",""cpu"":""15.55%"",""mem"":""511.8MiB / 122.8GiB""}]"
2026-09-10T13:49:50Z,3,1869,4,47,22,2668951219,"[{""name"":""lab-worker-1"",""cpu"":""9.64%"",""mem"":""137.4MiB / 122.8GiB""},{""name"":""lab-api"",""cpu"":""0.00%"",""mem"":""145.7MiB / 122.8GiB""},{""name"":""lab-allegro-stub"",""cpu"":""0.09%"",""mem"":""21.3MiB / 122.8GiB""},{""name"":""lab-erli-stub"",""cpu"":""0.00%"",""mem"":""18.05MiB / 122.8GiB""},{""name"":""lab-eparagony-stub"",""cpu"":""0.00%"",""mem"":""20.39MiB / 122.8GiB""},{""name"":""lab-invoicing-stub"",""cpu"":""0.00%"",""mem"":""16.6MiB / 122.8GiB""},{""name"":""lab-shipping-stub"",""cpu"":""0.00%"",""mem"":""16.58MiB / 122.8GiB""},{""name"":""lab-eparagony-stub-tls"",""cpu"":""0.00%"",""mem"":""23.3MiB / 122.8GiB""},{""name"":""lab-erli-stub-tls"",""cpu"":""0.00%"",""mem"":""22.67MiB / 122.8GiB""},{""name"":""lab-wc-tls"",""cpu"":""0.08%"",""mem"":""29.55MiB / 122.8GiB""},{""name"":""lab-prestashop"",""cpu"":""6.31%"",""mem"":""149.9MiB / 122.8GiB""},{""name"":""lab-woocommerce"",""cpu"":""16.81%"",""mem"":""300.6MiB / 122.8GiB""},{""name"":""lab-redis"",""cpu"":""0.69%"",""mem"":""80.72MiB / 122.8GiB""},{""name"":""lab-postgres"",""cpu"":""38.34%"",""mem"":""254.6MiB / 122.8GiB""},{""name"":""lab-mysql"",""cpu"":""6.01%"",""mem"":""726.7MiB / 122.8GiB""},{""name"":""lab-woocommerce-mysql"",""cpu"":""25.13%"",""mem"":""511.9MiB / 122.8GiB""}]"
2026-09-10T13:49:53Z,4,1867,3,47,21,2668959411,"[{""name"":""lab-worker-1"",""cpu"":""9.38%"",""mem"":""137.4MiB / 122.8GiB""},{""name"":""lab-api"",""cpu"":""0.01%"",""mem"":""145.7MiB / 122.8GiB""},{""name"":""lab-allegro-stub"",""cpu"":""3.62%"",""mem"":""21.31MiB / 122.8GiB""},{""name"":""lab-erli-stub"",""cpu"":""4.54%"",""mem"":""18.06MiB / 122.8GiB""},{""name"":""lab-eparagony-stub"",""cpu"":""1.66%"",""mem"":""20.37MiB / 122.8GiB""},{""name"":""lab-invoicing-stub"",""cpu"":""4.42%"",""mem"":""16.63MiB / 122.8GiB""},{""name"":""lab-shipping-stub"",""cpu"":""3.87%"",""mem"":""16.59MiB / 122.8GiB""},{""name"":""lab-eparagony-stub-tls"",""cpu"":""0.00%"",""mem"":""23.3MiB / 122.8GiB""},{""name"":""lab-erli-stub-tls"",""cpu"":""0.00%"",""mem"":""22.67MiB / 122.8GiB""},{""name"":""lab-wc-tls"",""cpu"":""0.06%"",""mem"":""29.55MiB / 122.8GiB""},{""name"":""lab-prestashop"",""cpu"":""6.24%"",""mem"":""149.9MiB / 122.8GiB""},{""name"":""lab-woocommerce"",""cpu"":""22.00%"",""mem"":""300.9MiB / 122.8GiB""},{""name"":""lab-redis"",""cpu"":""0.74%"",""mem"":""80.71MiB / 122.8GiB""},{""name"":""lab-postgres"",""cpu"":""35.86%"",""mem"":""254.6MiB / 122.8GiB""},{""name"":""lab-mysql"",""cpu"":""5.76%"",""mem"":""726.5MiB / 122.8GiB""},{""name"":""lab-woocommerce-mysql"",""cpu"":""22.60%"",""mem"":""511.8MiB / 122.8GiB""}]"
2026-09-10T13:49:56Z,3,1864,3,47,22,2668967603,"[{""name"":""lab-worker-1"",""cpu"":""13.51%"",""mem"":""137.3MiB / 122.8GiB""},{""name"":""lab-api"",""cpu"":""0.00%"",""mem"":""145.7MiB / 122.8GiB""},{""name"":""lab-allegro-stub"",""cpu"":""0.08%"",""mem"":""21.3MiB / 122.8GiB""},{""name"":""lab-erli-stub"",""cpu"":""0.00%"",""mem"":""18.05MiB / 122.8GiB""},{""name"":""lab-eparagony-stub"",""cpu"":""0.00%"",""mem"":""20.37MiB / 122.8GiB""},{""name"":""lab-invoicing-stub"",""cpu"":""0.00%"",""mem"":""16.6MiB / 122.8GiB""},{""name"":""lab-shipping-stub"",""cpu"":""0.01%"",""mem"":""16.58MiB / 122.8GiB""},{""name"":""lab-eparagony-stub-tls"",""cpu"":""0.00%"",""mem"":""23.3MiB / 122.8GiB""},{""name"":""lab-erli-stub-tls"",""cpu"":""0.00%"",""mem"":""22.67MiB / 122.8GiB""},{""name"":""lab-wc-tls"",""cpu"":""0.04%"",""mem"":""29.55MiB / 122.8GiB""},{""name"":""lab-prestashop"",""cpu"":""7.05%"",""mem"":""149.9MiB / 122.8GiB""},{""name"":""lab-woocommerce"",""cpu"":""18.18%"",""mem"":""300.6MiB / 122.8GiB""},{""name"":""lab-redis"",""cpu"":""0.77%"",""mem"":""80.71MiB / 122.8GiB""},{""name"":""lab-postgres"",""cpu"":""37.13%"",""mem"":""254.6MiB / 122.8GiB""},{""name"":""lab-mysql"",""cpu"":""7.35%"",""mem"":""726.5MiB / 122.8GiB""},{""name"":""lab-woocommerce-mysql"",""cpu"":""22.82%"",""mem"":""511.8MiB / 122.8GiB""}]"
2026-09-10T13:49:59Z,3,1863,2,47,22,2668975795,"[{""name"":""lab-worker-1"",""cpu"":""11.57%"",""mem"":""138.6MiB / 122.8GiB""},{""name"":""lab-api"",""cpu"":""0.00%"",""mem"":""145.7MiB / 122.8GiB""},{""name"":""lab-allegro-stub"",""cpu"":""0.09%"",""mem"":""21.31MiB / 122.8GiB""},{""name"":""lab-erli-stub"",""cpu"":""0.00%"",""mem"":""18.05MiB / 122.8GiB""},{""name"":""lab-eparagony-stub"",""cpu"":""0.00%"",""mem"":""20.37MiB / 122.8GiB""},{""name"":""lab-invoicing-stub"",""cpu"":""0.01%"",""mem"":""16.6MiB / 122.8GiB""},{""name"":""lab-shipping-stub"",""cpu"":""0.01%"",""mem"":""16.58MiB / 122.8GiB""},{""name"":""lab-eparagony-stub-tls"",""cpu"":""0.00%"",""mem"":""23.3MiB / 122.8GiB""},{""name"":""lab-erli-stub-tls"",""cpu"":""0.00%"",""mem"":""22.67MiB / 122.8GiB""},{""name"":""lab-wc-tls"",""cpu"":""0.07%"",""mem"":""29.54MiB / 122.8GiB""},{""name"":""lab-prestashop"",""cpu"":""12.99%"",""mem"":""149.9MiB / 122.8GiB""},{""name"":""lab-woocommerce"",""cpu"":""17.93%"",""mem"":""302.6MiB / 122.8GiB""},{""name"":""lab-redis"",""cpu"":""0.83%"",""mem"":""80.97MiB / 122.8GiB""},{""name"":""lab-postgres"",""cpu"":""36.49%"",""mem"":""254.9MiB / 122.8GiB""},{""name"":""lab-mysql"",""cpu"":""15.74%"",""mem"":""726.5MiB / 122.8GiB""},{""name"":""lab-woocommerce-mysql"",""cpu"":""23.02%"",""mem"":""511.8MiB / 122.8GiB""}]"
2026-09-10T13:50:02Z,3,1859,2,47,21,2668992179,"[{""name"":""lab-worker-1"",""cpu"":""12.18%"",""mem"":""137.7MiB / 122.8GiB""},{""name"":""lab-api"",""cpu"":""0.00%"",""mem"":""145.7MiB / 122.8GiB""},{""name"":""lab-allegro-stub"",""cpu"":""0.11%"",""mem"":""21.3MiB / 122.8GiB""},{""name"":""lab-erli-stub"",""cpu"":""0.00%"",""mem"":""18.05MiB / 122.8GiB""},{""name"":""lab-eparagony-stub"",""cpu"":""4.25%"",""mem"":""20.39MiB / 122.8GiB""},{""name"":""lab-invoicing-stub"",""cpu"":""0.00%"",""mem"":""16.6MiB / 122.8GiB""},{""name"":""lab-shipping-stub"",""cpu"":""0.00%"",""mem"":""16.58MiB / 122.8GiB""},{""name"":""lab-eparagony-stub-tls"",""cpu"":""0.00%"",""mem"":""23.3MiB / 122.8GiB""},{""name"":""lab-erli-stub-tls"",""cpu"":""0.00%"",""mem"":""22.67MiB / 122.8GiB""},{""name"":""lab-wc-tls"",""cpu"":""0.08%"",""mem"":""29.54MiB / 122.8GiB""},{""name"":""lab-prestashop"",""cpu"":""7.71%"",""mem"":""149.9MiB / 122.8GiB""},{""name"":""lab-woocommerce"",""cpu"":""17.83%"",""mem"":""302.6MiB / 122.8GiB""},{""name"":""lab-redis"",""cpu"":""0.84%"",""mem"":""80.72MiB / 122.8GiB""},{""name"":""lab-postgres"",""cpu"":""34.75%"",""mem"":""254.6MiB / 122.8GiB""},{""name"":""lab-mysql"",""cpu"":""9.77%"",""mem"":""726.5MiB / 122.8GiB""},{""name"":""lab-woocommerce-mysql"",""cpu"":""22.53%"",""mem"":""511.8MiB / 122.8GiB""}]"
2026-09-10T13:50:05Z,3,1857,2,47,20,2669000371,"[{""name"":""lab-worker-1"",""cpu"":""8.99%"",""mem"":""137.3MiB / 122.8GiB""},{""name"":""lab-api"",""cpu"":""0.00%"",""mem"":""145.7MiB / 122.8GiB""},{""name"":""lab-allegro-stub"",""cpu"":""0.06%"",""mem"":""21.3MiB / 122.8GiB""},{""name"":""lab-erli-stub"",""cpu"":""0.00%"",""mem"":""18.05MiB / 122.8GiB""},{""name"":""lab-eparagony-stub"",""cpu"":""0.00%"",""mem"":""20.37MiB / 122.8GiB""},{""name"":""lab-invoicing-stub"",""cpu"":""0.00%"",""mem"":""16.6MiB / 122.8GiB""},{""name"":""lab-shipping-stub"",""cpu"":""0.00%"",""mem"":""16.58MiB / 122.8GiB""},{""name"":""lab-eparagony-stub-tls"",""cpu"":""0.00%"",""mem"":""23.3MiB / 122.8GiB""},{""name"":""lab-erli-stub-tls"",""cpu"":""0.00%"",""mem"":""22.67MiB / 122.8GiB""},{""name"":""lab-wc-tls"",""cpu"":""0.07%"",""mem"":""29.55MiB / 122.8GiB""},{""name"":""lab-prestashop"",""cpu"":""7.79%"",""mem"":""149.9MiB / 122.8GiB""},{""name"":""lab-woocommerce"",""cpu"":""16.49%"",""mem"":""302.6MiB / 122.8GiB""},{""name"":""lab-redis"",""cpu"":""0.74%"",""mem"":""80.72MiB / 122.8GiB""},{""name"":""lab-postgres"",""cpu"":""39.03%"",""mem"":""251.5MiB / 122.8GiB""},{""name"":""lab-mysql"",""cpu"":""7.48%"",""mem"":""726.5MiB / 122.8GiB""},{""name"":""lab-woocommerce-mysql"",""cpu"":""21.75%"",""mem"":""511.8MiB / 122.8GiB""}]"
2026-09-10T13:50:08Z,3,1854,2,47,21,2669000371,"[{""name"":""lab-worker-1"",""cpu"":""10.43%"",""mem"":""137.3MiB / 122.8GiB""},{""name"":""lab-api"",""cpu"":""0.01%"",""mem"":""145.8MiB / 122.8GiB""},{""name"":""lab-allegro-stub"",""cpu"":""4.31%"",""mem"":""21.3MiB / 122.8GiB""},{""name"":""lab-erli-stub"",""cpu"":""4.20%"",""mem"":""18.05MiB / 122.8GiB""},{""name"":""lab-eparagony-stub"",""cpu"":""0.01%"",""mem"":""20.39MiB / 122.8GiB""},{""name"":""lab-invoicing-stub"",""cpu"":""3.39%"",""mem"":""16.6MiB / 122.8GiB""},{""name"":""lab-shipping-stub"",""cpu"":""3.81%"",""mem"":""16.58MiB / 122.8GiB""},{""name"":""lab-eparagony-stub-tls"",""cpu"":""0.00%"",""mem"":""23.3MiB / 122.8GiB""},{""name"":""lab-erli-stub-tls"",""cpu"":""0.00%"",""mem"":""22.67MiB / 122.8GiB""},{""name"":""lab-wc-tls"",""cpu"":""0.07%"",""mem"":""29.54MiB / 122.8GiB""},{""name"":""lab-prestashop"",""cpu"":""9.31%"",""mem"":""149.9MiB / 122.8GiB""},{""name"":""lab-woocommerce"",""cpu"":""20.77%"",""mem"":""302.6MiB / 122.8GiB""},{""name"":""lab-redis"",""cpu"":""0.99%"",""mem"":""80.73MiB / 122.8GiB""},{""name"":""lab-postgres"",""cpu"":""35.23%"",""mem"":""251.3MiB / 122.8GiB""},{""name"":""lab-mysql"",""cpu"":""8.52%"",""mem"":""726.5MiB / 122.8GiB""},{""name"":""lab-woocommerce-mysql"",""cpu"":""22.81%"",""mem"":""511.8MiB / 122.8GiB""}]"
2026-09-10T13:50:11Z,3,1850,3,47,20,2669008563,"[{""name"":""lab-worker-1"",""cpu"":""10.43%"",""mem"":""137.5MiB / 122.8GiB""},{""name"":""lab-api"",""cpu"":""0.00%"",""mem"":""145.8MiB / 122.8GiB""},{""name"":""lab-allegro-stub"",""cpu"":""0.10%"",""mem"":""21.3MiB / 122.8GiB""},{""name"":""lab-erli-stub"",""cpu"":""0.00%"",""mem"":""18.05MiB / 122.8GiB""},{""name"":""lab-eparagony-stub"",""cpu"":""0.00%"",""mem"":""20.39MiB / 122.8GiB""},{""name"":""lab-invoicing-stub"",""cpu"":""0.00%"",""mem"":""16.6MiB / 122.8GiB""},{""name"":""lab-shipping-stub"",""cpu"":""0.00%"",""mem"":""16.58MiB / 122.8GiB""},{""name"":""lab-eparagony-stub-tls"",""cpu"":""0.00%"",""mem"":""23.3MiB / 122.8GiB""},{""name"":""lab-erli-stub-tls"",""cpu"":""0.00%"",""mem"":""22.67MiB / 122.8GiB""},{""name"":""lab-wc-tls"",""cpu"":""0.08%"",""mem"":""29.55MiB / 122.8GiB""},{""name"":""lab-prestashop"",""cpu"":""7.48%"",""mem"":""145.9MiB / 122.8GiB""},{""name"":""lab-woocommerce"",""cpu"":""17.24%"",""mem"":""302.6MiB / 122.8GiB""},{""name"":""lab-redis"",""cpu"":""0.76%"",""mem"":""80.72MiB / 122.8GiB""},{""name"":""lab-postgres"",""cpu"":""34.51%"",""mem"":""254.5MiB / 122.8GiB""},{""name"":""lab-mysql"",""cpu"":""7.47%"",""mem"":""726.5MiB / 122.8GiB""},{""name"":""lab-woocommerce-mysql"",""cpu"":""23.40%"",""mem"":""511.8MiB / 122.8GiB""}]"
2026-09-10T13:50:14Z,3,1847,3,47,20,2669033139,"[{""name"":""lab-worker-1"",""cpu"":""9.64%"",""mem"":""137.3MiB / 122.8GiB""},{""name"":""lab-api"",""cpu"":""0.00%"",""mem"":""145.8MiB / 122.8GiB""},{""name"":""lab-allegro-stub"",""cpu"":""0.07%"",""mem"":""21.3MiB / 122.8GiB""},{""name"":""lab-erli-stub"",""cpu"":""0.00%"",""mem"":""18.05MiB / 122.8GiB""},{""name"":""lab-eparagony-stub"",""cpu"":""0.00%"",""mem"":""20.37MiB / 122.8GiB""},{""name"":""lab-invoicing-stub"",""cpu"":""0.01%"",""mem"":""16.6MiB / 122.8GiB""},{""name"":""lab-shipping-stub"",""cpu"":""0.01%"",""mem"":""16.58MiB / 122.8GiB""},{""name"":""lab-eparagony-stub-tls"",""cpu"":""0.00%"",""mem"":""23.3MiB / 122.8GiB""},{""name"":""lab-erli-stub-tls"",""cpu"":""0.00%"",""mem"":""22.67MiB / 122.8GiB""},{""name"":""lab-wc-tls"",""cpu"":""0.05%"",""mem"":""29.54MiB / 122.8GiB""},{""name"":""lab-prestashop"",""cpu"":""7.06%"",""mem"":""143.9MiB / 122.8GiB""},{""name"":""lab-woocommerce"",""cpu"":""17.90%"",""mem"":""302.6MiB / 122.8GiB""},{""name"":""lab-redis"",""cpu"":""4.89%"",""mem"":""80.73MiB / 122.8GiB""},{""name"":""lab-postgres"",""cpu"":""36.18%"",""mem"":""254.7MiB / 122.8GiB""},{""name"":""lab-mysql"",""cpu"":""7.35%"",""mem"":""726.5MiB / 122.8GiB""},{""name"":""lab-woocommerce-mysql"",""cpu"":""21.47%"",""mem"":""511.8MiB / 122.8GiB""}]"
2026-09-10T13:50:18Z,4,1844,3,47,19,2669049523,"[{""name"":""lab-worker-1"",""cpu"":""14.07%"",""mem"":""137.3MiB / 122.8GiB""},{""name"":""lab-api"",""cpu"":""0.41%"",""mem"":""145.8MiB / 122.8GiB""},{""name"":""lab-allegro-stub"",""cpu"":""0.15%"",""mem"":""21.3MiB / 122.8GiB""},{""name"":""lab-erli-stub"",""cpu"":""4.57%"",""mem"":""18.38MiB / 122.8GiB""},{""name"":""lab-eparagony-stub"",""cpu"":""4.15%"",""mem"":""20.37MiB / 122.8GiB""},{""name"":""lab-invoicing-stub"",""cpu"":""0.00%"",""mem"":""16.6MiB / 122.8GiB""},{""name"":""lab-shipping-stub"",""cpu"":""0.00%"",""mem"":""16.58MiB / 122.8GiB""},{""name"":""lab-eparagony-stub-tls"",""cpu"":""0.00%"",""mem"":""23.3MiB / 122.8GiB""},{""name"":""lab-erli-stub-tls"",""cpu"":""0.00%"",""mem"":""22.67MiB / 122.8GiB""},{""name"":""lab-wc-tls"",""cpu"":""0.07%"",""mem"":""29.55MiB / 122.8GiB""},{""name"":""lab-prestashop"",""cpu"":""8.94%"",""mem"":""143.9MiB / 122.8GiB""},{""name"":""lab-woocommerce"",""cpu"":""17.19%"",""mem"":""302.6MiB / 122.8GiB""},{""name"":""lab-redis"",""cpu"":""0.85%"",""mem"":""80.72MiB / 122.8GiB""},{""name"":""lab-postgres"",""cpu"":""38.17%"",""mem"":""254.7MiB / 122.8GiB""},{""name"":""lab-mysql"",""cpu"":""9.11%"",""mem"":""726.7MiB / 122.8GiB""},{""name"":""lab-woocommerce-mysql"",""cpu"":""21.61%"",""mem"":""511.8MiB / 122.8GiB""}]"
2026-09-10T13:50:21Z,3,1842,2,47,20,2669049523,"[{""name"":""lab-worker-1"",""cpu"":""9.66%"",""mem"":""137.4MiB / 122.8GiB""},{""name"":""lab-api"",""cpu"":""0.01%"",""mem"":""145.8MiB / 122.8GiB""},{""name"":""lab-allegro-stub"",""cpu"":""0.10%"",""mem"":""21.39MiB / 122.8GiB""},{""name"":""lab-erli-stub"",""cpu"":""0.00%"",""mem"":""18.05MiB / 122.8GiB""},{""name"":""lab-eparagony-stub"",""cpu"":""0.00%"",""mem"":""20.37MiB / 122.8GiB""},{""name"":""lab-invoicing-stub"",""cpu"":""0.00%"",""mem"":""16.6MiB / 122.8GiB""},{""name"":""lab-shipping-stub"",""cpu"":""0.00%"",""mem"":""16.58MiB / 122.8GiB""},{""name"":""lab-eparagony-stub-tls"",""cpu"":""0.00%"",""mem"":""23.3MiB / 122.8GiB""},{""name"":""lab-erli-stub-tls"",""cpu"":""0.00%"",""mem"":""22.67MiB / 122.8GiB""},{""name"":""lab-wc-tls"",""cpu"":""0.07%"",""mem"":""29.54MiB / 122.8GiB""},{""name"":""lab-prestashop"",""cpu"":""8.26%"",""mem"":""143.9MiB / 122.8GiB""},{""name"":""lab-woocommerce"",""cpu"":""17.40%"",""mem"":""302.6MiB / 122.8GiB""},{""name"":""lab-redis"",""cpu"":""0.82%"",""mem"":""80.72MiB / 122.8GiB""},{""name"":""lab-postgres"",""cpu"":""35.65%"",""mem"":""254.7MiB / 122.8GiB""},{""name"":""lab-mysql"",""cpu"":""7.91%"",""mem"":""726.5MiB / 122.8GiB""},{""name"":""lab-woocommerce-mysql"",""cpu"":""21.67%"",""mem"":""511.9MiB / 122.8GiB""}]"
2026-09-10T13:50:24Z,3,1839,4,47,20,2669057715,"[{""name"":""lab-worker-1"",""cpu"":""9.78%"",""mem"":""137.5MiB / 122.8GiB""},{""name"":""lab-api"",""cpu"":""0.00%"",""mem"":""145.8MiB / 122.8GiB""},{""name"":""lab-allegro-stub"",""cpu"":""4.41%"",""mem"":""21.4MiB / 122.8GiB""},{""name"":""lab-erli-stub"",""cpu"":""0.00%"",""mem"":""18.05MiB / 122.8GiB""},{""name"":""lab-eparagony-stub"",""cpu"":""0.00%"",""mem"":""20.37MiB / 122.8GiB""},{""name"":""lab-invoicing-stub"",""cpu"":""3.99%"",""mem"":""16.6MiB / 122.8GiB""},{""name"":""lab-shipping-stub"",""cpu"":""4.14%"",""mem"":""16.58MiB / 122.8GiB""},{""name"":""lab-eparagony-stub-tls"",""cpu"":""0.00%"",""mem"":""23.3MiB / 122.8GiB""},{""name"":""lab-erli-stub-tls"",""cpu"":""0.00%"",""mem"":""22.67MiB / 122.8GiB""},{""name"":""lab-wc-tls"",""cpu"":""0.05%"",""mem"":""29.54MiB / 122.8GiB""},{""name"":""lab-prestashop"",""cpu"":""8.93%"",""mem"":""143.9MiB / 122.8GiB""},{""name"":""lab-woocommerce"",""cpu"":""18.75%"",""mem"":""302.6MiB / 122.8GiB""},{""name"":""lab-redis"",""cpu"":""0.89%"",""mem"":""80.73MiB / 122.8GiB""},{""name"":""lab-postgres"",""cpu"":""35.18%"",""mem"":""254.7MiB / 122.8GiB""},{""name"":""lab-mysql"",""cpu"":""8.64%"",""mem"":""726.5MiB / 122.8GiB""},{""name"":""lab-woocommerce-mysql"",""cpu"":""22.23%"",""mem"":""511.9MiB / 122.8GiB""}]"
2026-09-10T13:50:27Z,3,1835,4,47,20,2669057715,"[{""name"":""lab-worker-1"",""cpu"":""10.62%"",""mem"":""137.2MiB / 122.8GiB""},{""name"":""lab-api"",""cpu"":""1.27%"",""mem"":""146MiB / 122.8GiB""},{""name"":""lab-allegro-stub"",""cpu"":""0.08%"",""mem"":""21.4MiB / 122.8GiB""},{""name"":""lab-erli-stub"",""cpu"":""0.00%"",""mem"":""18.05MiB / 122.8GiB""},{""name"":""lab-eparagony-stub"",""cpu"":""4.01%"",""mem"":""20.59MiB / 122.8GiB""},{""name"":""lab-invoicing-stub"",""cpu"":""0.00%"",""mem"":""16.6MiB / 122.8GiB""},{""name"":""lab-shipping-stub"",""cpu"":""0.00%"",""mem"":""16.58MiB / 122.8GiB""},{""name"":""lab-eparagony-stub-tls"",""cpu"":""0.00%"",""mem"":""23.3MiB / 122.8GiB""},{""name"":""lab-erli-stub-tls"",""cpu"":""0.00%"",""mem"":""22.67MiB / 122.8GiB""},{""name"":""lab-wc-tls"",""cpu"":""0.07%"",""mem"":""29.55MiB / 122.8GiB""},{""name"":""lab-prestashop"",""cpu"":""7.85%"",""mem"":""143.9MiB / 122.8GiB""},{""name"":""lab-woocommerce"",""cpu"":""19.27%"",""mem"":""302.6MiB / 122.8GiB""},{""name"":""lab-redis"",""cpu"":""0.87%"",""mem"":""80.73MiB / 122.8GiB""},{""name"":""lab-postgres"",""cpu"":""40.14%"",""mem"":""251.2MiB / 122.8GiB""},{""name"":""lab-mysql"",""cpu"":""12.08%"",""mem"":""726.5MiB / 122.8GiB""},{""name"":""lab-woocommerce-mysql"",""cpu"":""23.05%"",""mem"":""511.9MiB / 122.8GiB""}]"
2026-09-10T13:50:30Z,3,1832,5,47,20,2669057715,"[{""name"":""lab-worker-1"",""cpu"":""7.94%"",""mem"":""137.3MiB / 122.8GiB""},{""name"":""lab-api"",""cpu"":""0.00%"",""mem"":""146MiB / 122.8GiB""},{""name"":""lab-allegro-stub"",""cpu"":""0.07%"",""mem"":""21.41MiB / 122.8GiB""},{""name"":""lab-erli-stub"",""cpu"":""0.00%"",""mem"":""18.05MiB / 122.8GiB""},{""name"":""lab-eparagony-stub"",""cpu"":""0.00%"",""mem"":""20.37MiB / 122.8GiB""},{""name"":""lab-invoicing-stub"",""cpu"":""0.00%"",""mem"":""16.6MiB / 122.8GiB""},{""name"":""lab-shipping-stub"",""cpu"":""0.00%"",""mem"":""16.58MiB / 122.8GiB""},{""name"":""lab-eparagony-stub-tls"",""cpu"":""0.00%"",""mem"":""23.3MiB / 122.8GiB""},{""name"":""lab-erli-stub-tls"",""cpu"":""0.00%"",""mem"":""22.67MiB / 122.8GiB""},{""name"":""lab-wc-tls"",""cpu"":""0.36%"",""mem"":""29.57MiB / 122.8GiB""},{""name"":""lab-prestashop"",""cpu"":""8.28%"",""mem"":""145.9MiB / 122.8GiB""},{""name"":""lab-woocommerce"",""cpu"":""28.62%"",""mem"":""302.6MiB / 122.8GiB""},{""name"":""lab-redis"",""cpu"":""0.73%"",""mem"":""80.73MiB / 122.8GiB""},{""name"":""lab-postgres"",""cpu"":""34.04%"",""mem"":""251.2MiB / 122.8GiB""},{""name"":""lab-mysql"",""cpu"":""7.46%"",""mem"":""726.5MiB / 122.8GiB""},{""name"":""lab-woocommerce-mysql"",""cpu"":""38.67%"",""mem"":""511.9MiB / 122.8GiB""}]"
2026-09-10T13:50:33Z,3,1828,4,47,20,2669074099,"[{""name"":""lab-worker-1"",""cpu"":""14.01%"",""mem"":""138.7MiB / 122.8GiB""},{""name"":""lab-api"",""cpu"":""0.01%"",""mem"":""146MiB / 122.8GiB""},{""name"":""lab-allegro-stub"",""cpu"":""4.32%"",""mem"":""21.46MiB / 122.8GiB""},{""name"":""lab-erli-stub"",""cpu"":""4.19%"",""mem"":""18.07MiB / 122.8GiB""},{""name"":""lab-eparagony-stub"",""cpu"":""0.01%"",""mem"":""20.37MiB / 122.8GiB""},{""name"":""lab-invoicing-stub"",""cpu"":""4.17%"",""mem"":""16.63MiB / 122.8GiB""},{""name"":""lab-shipping-stub"",""cpu"":""3.97%"",""mem"":""16.6MiB / 122.8GiB""},{""name"":""lab-eparagony-stub-tls"",""cpu"":""0.00%"",""mem"":""23.3MiB / 122.8GiB""},{""name"":""lab-erli-stub-tls"",""cpu"":""0.00%"",""mem"":""22.67MiB / 122.8GiB""},{""name"":""lab-wc-tls"",""cpu"":""0.06%"",""mem"":""29.59MiB / 122.8GiB""},{""name"":""lab-prestashop"",""cpu"":""8.06%"",""mem"":""145.9MiB / 122.8GiB""},{""name"":""lab-woocommerce"",""cpu"":""18.34%"",""mem"":""300.6MiB / 122.8GiB""},{""name"":""lab-redis"",""cpu"":""0.85%"",""mem"":""80.73MiB / 122.8GiB""},{""name"":""lab-postgres"",""cpu"":""38.06%"",""mem"":""253.6MiB / 122.8GiB""},{""name"":""lab-mysql"",""cpu"":""8.22%"",""mem"":""726.5MiB / 122.8GiB""},{""name"":""lab-woocommerce-mysql"",""cpu"":""21.40%"",""mem"":""511.9MiB / 122.8GiB""}]"
2026-09-10T13:50:36Z,3,1826,4,47,20,2669106867,"[{""name"":""lab-worker-1"",""cpu"":""8.54%"",""mem"":""137.5MiB / 122.8GiB""},{""name"":""lab-api"",""cpu"":""0.00%"",""mem"":""146MiB / 122.8GiB""},{""name"":""lab-allegro-stub"",""cpu"":""0.08%"",""mem"":""21.4MiB / 122.8GiB""},{""name"":""lab-erli-stub"",""cpu"":""0.00%"",""mem"":""18.05MiB / 122.8GiB""},{""name"":""lab-eparagony-stub"",""cpu"":""0.00%"",""mem"":""20.37MiB / 122.8GiB""},{""name"":""lab-invoicing-stub"",""cpu"":""0.00%"",""mem"":""16.6MiB / 122.8GiB""},{""name"":""lab-shipping-stub"",""cpu"":""0.00%"",""mem"":""16.58MiB / 122.8GiB""},{""name"":""lab-eparagony-stub-tls"",""cpu"":""0.00%"",""mem"":""23.3MiB / 122.8GiB""},{""name"":""lab-erli-stub-tls"",""cpu"":""0.00%"",""mem"":""22.67MiB / 122.8GiB""},{""name"":""lab-wc-tls"",""cpu"":""0.07%"",""mem"":""29.55MiB / 122.8GiB""},{""name"":""lab-prestashop"",""cpu"":""7.22%"",""mem"":""145.9MiB / 122.8GiB""},{""name"":""lab-woocommerce"",""cpu"":""17.27%"",""mem"":""300.6MiB / 122.8GiB""},{""name"":""lab-redis"",""cpu"":""0.80%"",""mem"":""80.74MiB / 122.8GiB""},{""name"":""lab-postgres"",""cpu"":""41.06%"",""mem"":""254.9MiB / 122.8GiB""},{""name"":""lab-mysql"",""cpu"":""7.24%"",""mem"":""726.5MiB / 122.8GiB""},{""name"":""lab-woocommerce-mysql"",""cpu"":""22.08%"",""mem"":""511.9MiB / 122.8GiB""}]"
2026-09-10T13:50:39Z,3,1823,5,47,21,2669106867,"[{""name"":""lab-worker-1"",""cpu"":""9.24%"",""mem"":""137.8MiB / 122.8GiB""},{""name"":""lab-api"",""cpu"":""0.00%"",""mem"":""146MiB / 122.8GiB""},{""name"":""lab-allegro-stub"",""cpu"":""0.08%"",""mem"":""21.4MiB / 122.8GiB""},{""name"":""lab-erli-stub"",""cpu"":""0.01%"",""mem"":""18.05MiB / 122.8GiB""},{""name"":""lab-eparagony-stub"",""cpu"":""0.00%"",""mem"":""20.37MiB / 122.8GiB""},{""name"":""lab-invoicing-stub"",""cpu"":""0.01%"",""mem"":""16.6MiB / 122.8GiB""},{""name"":""lab-shipping-stub"",""cpu"":""0.01%"",""mem"":""16.58MiB / 122.8GiB""},{""name"":""lab-eparagony-stub-tls"",""cpu"":""0.00%"",""mem"":""23.3MiB / 122.8GiB""},{""name"":""lab-erli-stub-tls"",""cpu"":""0.00%"",""mem"":""22.67MiB / 122.8GiB""},{""name"":""lab-wc-tls"",""cpu"":""0.08%"",""mem"":""29.55MiB / 122.8GiB""},{""name"":""lab-prestashop"",""cpu"":""9.81%"",""mem"":""145.9MiB / 122.8GiB""},{""name"":""lab-woocommerce"",""cpu"":""16.89%"",""mem"":""300.6MiB / 122.8GiB""},{""name"":""lab-redis"",""cpu"":""0.97%"",""mem"":""80.74MiB / 122.8GiB""},{""name"":""lab-postgres"",""cpu"":""37.53%"",""mem"":""254.6MiB / 122.8GiB""},{""name"":""lab-mysql"",""cpu"":""9.30%"",""mem"":""726.5MiB / 122.8GiB""},{""name"":""lab-woocommerce-mysql"",""cpu"":""20.78%"",""mem"":""511.9MiB / 122.8GiB""}]"
2026-09-10T13:50:43Z,3,1821,3,47,21,2669131443,"[{""name"":""lab-worker-1"",""cpu"":""9.44%"",""mem"":""137.6MiB / 122.8GiB""},{""name"":""lab-api"",""cpu"":""0.00%"",""mem"":""146MiB / 122.8GiB""},{""name"":""lab-allegro-stub"",""cpu"":""0.08%"",""mem"":""21.4MiB / 122.8GiB""},{""name"":""lab-erli-stub"",""cpu"":""0.01%"",""mem"":""18.05MiB / 122.8GiB""},{""name"":""lab-eparagony-stub"",""cpu"":""3.99%"",""mem"":""20.38MiB / 122.8GiB""},{""name"":""lab-invoicing-stub"",""cpu"":""0.00%"",""mem"":""16.6MiB / 122.8GiB""},{""name"":""lab-shipping-stub"",""cpu"":""0.00%"",""mem"":""16.58MiB / 122.8GiB""},{""name"":""lab-eparagony-stub-tls"",""cpu"":""0.00%"",""mem"":""23.3MiB / 122.8GiB""},{""name"":""lab-erli-stub-tls"",""cpu"":""0.00%"",""mem"":""22.67MiB / 122.8GiB""},{""name"":""lab-wc-tls"",""cpu"":""0.06%"",""mem"":""29.55MiB / 122.8GiB""},{""name"":""lab-prestashop"",""cpu"":""13.07%"",""mem"":""143.9MiB / 122.8GiB""},{""name"":""lab-woocommerce"",""cpu"":""19.34%"",""mem"":""300.6MiB / 122.8GiB""},{""name"":""lab-redis"",""cpu"":""0.91%"",""mem"":""80.74MiB / 122.8GiB""},{""name"":""lab-postgres"",""cpu"":""33.09%"",""mem"":""251.2MiB / 122.8GiB""},{""name"":""lab-mysql"",""cpu"":""7.74%"",""mem"":""726.5MiB / 122.8GiB""},{""name"":""lab-woocommerce-mysql"",""cpu"":""22.60%"",""mem"":""511.9MiB / 122.8GiB""}]"
2026-09-10T13:50:46Z,4,1818,3,47,20,2669131443,"[{""name"":""lab-worker-1"",""cpu"":""7.58%"",""mem"":""137.6MiB / 122.8GiB""},{""name"":""lab-api"",""cpu"":""0.00%"",""mem"":""146MiB / 122.8GiB""},{""name"":""lab-allegro-stub"",""cpu"":""0.09%"",""mem"":""21.4MiB / 122.8GiB""},{""name"":""lab-erli-stub"",""cpu"":""0.00%"",""mem"":""18.05MiB / 122.8GiB""},{""name"":""lab-eparagony-stub"",""cpu"":""0.00%"",""mem"":""20.37MiB / 122.8GiB""},{""name"":""lab-invoicing-stub"",""cpu"":""0.00%"",""mem"":""16.6MiB / 122.8GiB""},{""name"":""lab-shipping-stub"",""cpu"":""0.00%"",""mem"":""16.58MiB / 122.8GiB""},{""name"":""lab-eparagony-stub-tls"",""cpu"":""0.00%"",""mem"":""23.3MiB / 122.8GiB""},{""name"":""lab-erli-stub-tls"",""cpu"":""0.00%"",""mem"":""22.67MiB / 122.8GiB""},{""name"":""lab-wc-tls"",""cpu"":""0.06%"",""mem"":""29.55MiB / 122.8GiB""},{""name"":""lab-prestashop"",""cpu"":""8.08%"",""mem"":""143.9MiB / 122.8GiB""},{""name"":""lab-woocommerce"",""cpu"":""32.23%"",""mem"":""300.6MiB / 122.8GiB""},{""name"":""lab-redis"",""cpu"":""0.80%"",""mem"":""80.74MiB / 122.8GiB""},{""name"":""lab-postgres"",""cpu"":""35.56%"",""mem"":""254.6MiB / 122.8GiB""},{""name"":""lab-mysql"",""cpu"":""8.37%"",""mem"":""726.5MiB / 122.8GiB""},{""name"":""lab-woocommerce-mysql"",""cpu"":""25.63%"",""mem"":""513.9MiB / 122.8GiB""}]"
2026-09-10T13:50:49Z,3,1817,4,47,19,2669147827,"[{""name"":""lab-worker-1"",""cpu"":""10.58%"",""mem"":""138.6MiB / 122.8GiB""},{""name"":""lab-api"",""cpu"":""0.00%"",""mem"":""146.1MiB / 122.8GiB""},{""name"":""lab-allegro-stub"",""cpu"":""4.66%"",""mem"":""21.41MiB / 122.8GiB""},{""name"":""lab-erli-stub"",""cpu"":""0.01%"",""mem"":""18.05MiB / 122.8GiB""},{""name"":""lab-eparagony-stub"",""cpu"":""0.00%"",""mem"":""20.37MiB / 122.8GiB""},{""name"":""lab-invoicing-stub"",""cpu"":""4.21%"",""mem"":""16.6MiB / 122.8GiB""},{""name"":""lab-shipping-stub"",""cpu"":""3.78%"",""mem"":""16.58MiB / 122.8GiB""},{""name"":""lab-eparagony-stub-tls"",""cpu"":""0.00%"",""mem"":""23.3MiB / 122.8GiB""},{""name"":""lab-erli-stub-tls"",""cpu"":""0.00%"",""mem"":""22.67MiB / 122.8GiB""},{""name"":""lab-wc-tls"",""cpu"":""0.07%"",""mem"":""29.55MiB / 122.8GiB""},{""name"":""lab-prestashop"",""cpu"":""12.26%"",""mem"":""143.9MiB / 122.8GiB""},{""name"":""lab-woocommerce"",""cpu"":""18.78%"",""mem"":""300.6MiB / 122.8GiB""},{""name"":""lab-redis"",""cpu"":""1.23%"",""mem"":""80.74MiB / 122.8GiB""},{""name"":""lab-postgres"",""cpu"":""34.59%"",""mem"":""254.9MiB / 122.8GiB""},{""name"":""lab-mysql"",""cpu"":""15.87%"",""mem"":""726.5MiB / 122.8GiB""},{""name"":""lab-woocommerce-mysql"",""cpu"":""23.70%"",""mem"":""514.5MiB / 122.8GiB""}]"
2026-09-10T13:50:52Z,3,1811,4,47,20,2669156019,"[{""name"":""lab-worker-1"",""cpu"":""8.67%"",""mem"":""137.9MiB / 122.8GiB""},{""name"":""lab-api"",""cpu"":""0.00%"",""mem"":""146.1MiB / 122.8GiB""},{""name"":""lab-allegro-stub"",""cpu"":""0.10%"",""mem"":""21.4MiB / 122.8GiB""},{""name"":""lab-erli-stub"",""cpu"":""0.00%"",""mem"":""18.05MiB / 122.8GiB""},{""name"":""lab-eparagony-stub"",""cpu"":""0.00%"",""mem"":""20.37MiB / 122.8GiB""},{""name"":""lab-invoicing-stub"",""cpu"":""0.00%"",""mem"":""16.6MiB / 122.8GiB""},{""name"":""lab-shipping-stub"",""cpu"":""0.00%"",""mem"":""16.58MiB / 122.8GiB""},{""name"":""lab-eparagony-stub-tls"",""cpu"":""0.00%"",""mem"":""23.3MiB / 122.8GiB""},{""name"":""lab-erli-stub-tls"",""cpu"":""0.00%"",""mem"":""22.67MiB / 122.8GiB""},{""name"":""lab-wc-tls"",""cpu"":""0.07%"",""mem"":""29.55MiB / 122.8GiB""},{""name"":""lab-prestashop"",""cpu"":""7.79%"",""mem"":""143.9MiB / 122.8GiB""},{""name"":""lab-woocommerce"",""cpu"":""17.64%"",""mem"":""300.6MiB / 122.8GiB""},{""name"":""lab-redis"",""cpu"":""0.78%"",""mem"":""80.75MiB / 122.8GiB""},{""name"":""lab-postgres"",""cpu"":""35.49%"",""mem"":""254.7MiB / 122.8GiB""},{""name"":""lab-mysql"",""cpu"":""6.77%"",""mem"":""726.5MiB / 122.8GiB""},{""name"":""lab-woocommerce-mysql"",""cpu"":""23.68%"",""mem"":""514.5MiB / 122.8GiB""}]"
2026-09-10T13:50:55Z,3,1807,4,47,21,2669164211,"[{""name"":""lab-worker-1"",""cpu"":""9.49%"",""mem"":""137.6MiB / 122.8GiB""},{""name"":""lab-api"",""cpu"":""0.00%"",""mem"":""146.1MiB / 122.8GiB""},{""name"":""lab-allegro-stub"",""cpu"":""0.09%"",""mem"":""21.41MiB / 122.8GiB""},{""name"":""lab-erli-stub"",""cpu"":""0.00%"",""mem"":""18.05MiB / 122.8GiB""},{""name"":""lab-eparagony-stub"",""cpu"":""0.00%"",""mem"":""20.37MiB / 122.8GiB""},{""name"":""lab-invoicing-stub"",""cpu"":""0.00%"",""mem"":""16.6MiB / 122.8GiB""},{""name"":""lab-shipping-stub"",""cpu"":""0.00%"",""mem"":""16.58MiB / 122.8GiB""},{""name"":""lab-eparagony-stub-tls"",""cpu"":""0.00%"",""mem"":""23.3MiB / 122.8GiB""},{""name"":""lab-erli-stub-tls"",""cpu"":""0.00%"",""mem"":""22.67MiB / 122.8GiB""},{""name"":""lab-wc-tls"",""cpu"":""0.06%"",""mem"":""29.55MiB / 122.8GiB""},{""name"":""lab-prestashop"",""cpu"":""8.46%"",""mem"":""143.9MiB / 122.8GiB""},{""name"":""lab-woocommerce"",""cpu"":""19.68%"",""mem"":""300.6MiB / 122.8GiB""},{""name"":""lab-redis"",""cpu"":""2.46%"",""mem"":""81MiB / 122.8GiB""},{""name"":""lab-postgres"",""cpu"":""36.24%"",""mem"":""254.7MiB / 122.8GiB""},{""name"":""lab-mysql"",""cpu"":""8.22%"",""mem"":""726.7MiB / 122.8GiB""},{""name"":""lab-woocommerce-mysql"",""cpu"":""23.84%"",""mem"":""514.5MiB / 122.8GiB""}]"
2026-09-10T13:50:58Z,3,1804,4,47,21,2669180595,"[{""name"":""lab-worker-1"",""cpu"":""13.02%"",""mem"":""137.8MiB / 122.8GiB""},{""name"":""lab-api"",""cpu"":""0.04%"",""mem"":""146.1MiB / 122.8GiB""},{""name"":""lab-allegro-stub"",""cpu"":""0.13%"",""mem"":""21.41MiB / 122.8GiB""},{""name"":""lab-erli-stub"",""cpu"":""4.17%"",""mem"":""18.07MiB / 122.8GiB""},{""name"":""lab-eparagony-stub"",""cpu"":""4.07%"",""mem"":""20.37MiB / 122.8GiB""},{""name"":""lab-invoicing-stub"",""cpu"":""0.00%"",""mem"":""16.6MiB / 122.8GiB""},{""name"":""lab-shipping-stub"",""cpu"":""0.00%"",""mem"":""16.58MiB / 122.8GiB""},{""name"":""lab-eparagony-stub-tls"",""cpu"":""0.00%"",""mem"":""23.3MiB / 122.8GiB""},{""name"":""lab-erli-stub-tls"",""cpu"":""0.00%"",""mem"":""22.67MiB / 122.8GiB""},{""name"":""lab-wc-tls"",""cpu"":""0.10%"",""mem"":""29.55MiB / 122.8GiB""},{""name"":""lab-prestashop"",""cpu"":""13.65%"",""mem"":""143.9MiB / 122.8GiB""},{""name"":""lab-woocommerce"",""cpu"":""21.63%"",""mem"":""300.6MiB / 122.8GiB""},{""name"":""lab-redis"",""cpu"":""1.48%"",""mem"":""80.76MiB / 122.8GiB""},{""name"":""lab-postgres"",""cpu"":""34.50%"",""mem"":""254.7MiB / 122.8GiB""},{""name"":""lab-mysql"",""cpu"":""17.95%"",""mem"":""726.7MiB / 122.8GiB""},{""name"":""lab-woocommerce-mysql"",""cpu"":""20.79%"",""mem"":""514.5MiB / 122.8GiB""}]"
2026-09-10T13:51:01Z,3,1800,4,47,22,2669188787,"[{""name"":""lab-worker-1"",""cpu"":""11.83%"",""mem"":""137.7MiB / 122.8GiB""},{""name"":""lab-api"",""cpu"":""0.00%"",""mem"":""146.1MiB / 122.8GiB""},{""name"":""lab-allegro-stub"",""cpu"":""0.10%"",""mem"":""21.41MiB / 122.8GiB""},{""name"":""lab-erli-stub"",""cpu"":""0.00%"",""mem"":""18.05MiB / 122.8GiB""},{""name"":""lab-eparagony-stub"",""cpu"":""0.00%"",""mem"":""20.37MiB / 122.8GiB""},{""name"":""lab-invoicing-stub"",""cpu"":""0.00%"",""mem"":""16.6MiB / 122.8GiB""},{""name"":""lab-shipping-stub"",""cpu"":""0.00%"",""mem"":""16.58MiB / 122.8GiB""},{""name"":""lab-eparagony-stub-tls"",""cpu"":""0.00%"",""mem"":""23.3MiB / 122.8GiB""},{""name"":""lab-erli-stub-tls"",""cpu"":""0.00%"",""mem"":""22.67MiB / 122.8GiB""},{""name"":""lab-wc-tls"",""cpu"":""0.06%"",""mem"":""29.55MiB / 122.8GiB""},{""name"":""lab-prestashop"",""cpu"":""8.13%"",""mem"":""143.9MiB / 122.8GiB""},{""name"":""lab-woocommerce"",""cpu"":""18.29%"",""mem"":""302.6MiB / 122.8GiB""},{""name"":""lab-redis"",""cpu"":""0.88%"",""mem"":""80.75MiB / 122.8GiB""},{""name"":""lab-postgres"",""cpu"":""35.86%"",""mem"":""254.7MiB / 122.8GiB""},{""name"":""lab-mysql"",""cpu"":""7.57%"",""mem"":""726.7MiB / 122.8GiB""},{""name"":""lab-woocommerce-mysql"",""cpu"":""23.20%"",""mem"":""514.5MiB / 122.8GiB""}]"
2026-09-10T13:51:04Z,3,1800,2,47,21,2669188787,"[{""name"":""lab-worker-1"",""cpu"":""9.26%"",""mem"":""137.7MiB / 122.8GiB""},{""name"":""lab-api"",""cpu"":""0.00%"",""mem"":""146.1MiB / 122.8GiB""},{""name"":""lab-allegro-stub"",""cpu"":""0.05%"",""mem"":""21.41MiB / 122.8GiB""},{""name"":""lab-erli-stub"",""cpu"":""0.01%"",""mem"":""18.05MiB / 122.8GiB""},{""name"":""lab-eparagony-stub"",""cpu"":""0.00%"",""mem"":""20.37MiB / 122.8GiB""},{""name"":""lab-invoicing-stub"",""cpu"":""0.01%"",""mem"":""16.6MiB / 122.8GiB""},{""name"":""lab-shipping-stub"",""cpu"":""0.01%"",""mem"":""16.58MiB / 122.8GiB""},{""name"":""lab-eparagony-stub-tls"",""cpu"":""0.00%"",""mem"":""23.3MiB / 122.8GiB""},{""name"":""lab-erli-stub-tls"",""cpu"":""0.00%"",""mem"":""22.67MiB / 122.8GiB""},{""name"":""lab-wc-tls"",""cpu"":""0.00%"",""mem"":""29.55MiB / 122.8GiB""},{""name"":""lab-prestashop"",""cpu"":""12.37%"",""mem"":""141.9MiB / 122.8GiB""},{""name"":""lab-woocommerce"",""cpu"":""0.01%"",""mem"":""302.6MiB / 122.8GiB""},{""name"":""lab-redis"",""cpu"":""4.47%"",""mem"":""80.86MiB / 122.8GiB""},{""name"":""lab-postgres"",""cpu"":""34.74%"",""mem"":""254.8MiB / 122.8GiB""},{""name"":""lab-mysql"",""cpu"":""12.07%"",""mem"":""726.5MiB / 122.8GiB""},{""name"":""lab-woocommerce-mysql"",""cpu"":""0.73%"",""mem"":""514.5MiB / 122.8GiB""}]"
2026-09-10T13:51:08Z,3,1800,2,47,21,2669188787,"[{""name"":""lab-worker-1"",""cpu"":""8.72%"",""mem"":""137.6MiB / 122.8GiB""},{""name"":""lab-api"",""cpu"":""0.95%"",""mem"":""146.3MiB / 122.8GiB""},{""name"":""lab-allegro-stub"",""cpu"":""0.12%"",""mem"":""21.41MiB / 122.8GiB""},{""name"":""lab-erli-stub"",""cpu"":""0.00%"",""mem"":""18.05MiB / 122.8GiB""},{""name"":""lab-eparagony-stub"",""cpu"":""3.93%"",""mem"":""20.39MiB / 122.8GiB""},{""name"":""lab-invoicing-stub"",""cpu"":""0.00%"",""mem"":""16.6MiB / 122.8GiB""},{""name"":""lab-shipping-stub"",""cpu"":""0.00%"",""mem"":""16.58MiB / 122.8GiB""},{""name"":""lab-eparagony-stub-tls"",""cpu"":""0.00%"",""mem"":""23.3MiB / 122.8GiB""},{""name"":""lab-erli-stub-tls"",""cpu"":""0.00%"",""mem"":""22.67MiB / 122.8GiB""},{""name"":""lab-wc-tls"",""cpu"":""0.35%"",""mem"":""29.55MiB / 122.8GiB""},{""name"":""lab-prestashop"",""cpu"":""7.96%"",""mem"":""141.9MiB / 122.8GiB""},{""name"":""lab-woocommerce"",""cpu"":""5.15%"",""mem"":""302.6MiB / 122.8GiB""},{""name"":""lab-redis"",""cpu"":""0.95%"",""mem"":""80.76MiB / 122.8GiB""},{""name"":""lab-postgres"",""cpu"":""33.26%"",""mem"":""251.3MiB / 122.8GiB""},{""name"":""lab-mysql"",""cpu"":""13.18%"",""mem"":""726.5MiB / 122.8GiB""},{""name"":""lab-woocommerce-mysql"",""cpu"":""2.57%"",""mem"":""514.8MiB / 122.8GiB""}]"
2026-09-10T13:51:11Z,4,1797,4,47,20,2669196979,"[{""name"":""lab-worker-1"",""cpu"":""12.12%"",""mem"":""137.7MiB / 122.8GiB""},{""name"":""lab-api"",""cpu"":""0.00%"",""mem"":""146.3MiB / 122.8GiB""},{""name"":""lab-allegro-stub"",""cpu"":""0.13%"",""mem"":""21.42MiB / 122.8GiB""},{""name"":""lab-erli-stub"",""cpu"":""0.00%"",""mem"":""18.05MiB / 122.8GiB""},{""name"":""lab-eparagony-stub"",""cpu"":""0.00%"",""mem"":""20.37MiB / 122.8GiB""},{""name"":""lab-invoicing-stub"",""cpu"":""0.00%"",""mem"":""16.6MiB / 122.8GiB""},{""name"":""lab-shipping-stub"",""cpu"":""0.00%"",""mem"":""16.58MiB / 122.8GiB""},{""name"":""lab-eparagony-stub-tls"",""cpu"":""0.00%"",""mem"":""23.3MiB / 122.8GiB""},{""name"":""lab-erli-stub-tls"",""cpu"":""0.00%"",""mem"":""22.67MiB / 122.8GiB""},{""name"":""lab-wc-tls"",""cpu"":""0.05%"",""mem"":""29.55MiB / 122.8GiB""},{""name"":""lab-prestashop"",""cpu"":""8.65%"",""mem"":""141.9MiB / 122.8GiB""},{""name"":""lab-woocommerce"",""cpu"":""18.08%"",""mem"":""302.6MiB / 122.8GiB""},{""name"":""lab-redis"",""cpu"":""0.84%"",""mem"":""80.76MiB / 122.8GiB""},{""name"":""lab-postgres"",""cpu"":""35.47%"",""mem"":""254.5MiB / 122.8GiB""},{""name"":""lab-mysql"",""cpu"":""8.32%"",""mem"":""726.5MiB / 122.8GiB""},{""name"":""lab-woocommerce-mysql"",""cpu"":""26.85%"",""mem"":""514.8MiB / 122.8GiB""}]"
2026-09-10T13:51:14Z,3,1794,3,47,21,2669196979,"[{""name"":""lab-worker-1"",""cpu"":""8.13%"",""mem"":""137.6MiB / 122.8GiB""},{""name"":""lab-api"",""cpu"":""0.01%"",""mem"":""146.3MiB / 122.8GiB""},{""name"":""lab-allegro-stub"",""cpu"":""4.34%"",""mem"":""21.47MiB / 122.8GiB""},{""name"":""lab-erli-stub"",""cpu"":""3.33%"",""mem"":""18.05MiB / 122.8GiB""},{""name"":""lab-eparagony-stub"",""cpu"":""0.00%"",""mem"":""20.38MiB / 122.8GiB""},{""name"":""lab-invoicing-stub"",""cpu"":""4.18%"",""mem"":""16.61MiB / 122.8GiB""},{""name"":""lab-shipping-stub"",""cpu"":""4.42%"",""mem"":""16.59MiB / 122.8GiB""},{""name"":""lab-eparagony-stub-tls"",""cpu"":""0.00%"",""mem"":""23.3MiB / 122.8GiB""},{""name"":""lab-erli-stub-tls"",""cpu"":""0.00%"",""mem"":""22.67MiB / 122.8GiB""},{""name"":""lab-wc-tls"",""cpu"":""0.08%"",""mem"":""29.55MiB / 122.8GiB""},{""name"":""lab-prestashop"",""cpu"":""7.98%"",""mem"":""139.9MiB / 122.8GiB""},{""name"":""lab-woocommerce"",""cpu"":""18.21%"",""mem"":""302.6MiB / 122.8GiB""},{""name"":""lab-redis"",""cpu"":""0.84%"",""mem"":""80.76MiB / 122.8GiB""},{""name"":""lab-postgres"",""cpu"":""34.34%"",""mem"":""254.6MiB / 122.8GiB""},{""name"":""lab-mysql"",""cpu"":""8.14%"",""mem"":""726.5MiB / 122.8GiB""},{""name"":""lab-woocommerce-mysql"",""cpu"":""24.28%"",""mem"":""515.1MiB / 122.8GiB""}]"
2026-09-10T13:51:17Z,3,1790,4,47,21,2669221555,"[{""name"":""lab-worker-1"",""cpu"":""10.15%"",""mem"":""137.7MiB / 122.8GiB""},{""name"":""lab-api"",""cpu"":""0.00%"",""mem"":""146.5MiB / 122.8GiB""},{""name"":""lab-allegro-stub"",""cpu"":""0.08%"",""mem"":""21.42MiB / 122.8GiB""},{""name"":""lab-erli-stub"",""cpu"":""0.00%"",""mem"":""18.05MiB / 122.8GiB""},{""name"":""lab-eparagony-stub"",""cpu"":""0.00%"",""mem"":""20.37MiB / 122.8GiB""},{""name"":""lab-invoicing-stub"",""cpu"":""0.00%"",""mem"":""16.6MiB / 122.8GiB""},{""name"":""lab-shipping-stub"",""cpu"":""0.00%"",""mem"":""16.58MiB / 122.8GiB""},{""name"":""lab-eparagony-stub-tls"",""cpu"":""0.00%"",""mem"":""23.3MiB / 122.8GiB""},{""name"":""lab-erli-stub-tls"",""cpu"":""0.00%"",""mem"":""22.67MiB / 122.8GiB""},{""name"":""lab-wc-tls"",""cpu"":""0.07%"",""mem"":""29.8MiB / 122.8GiB""},{""name"":""lab-prestashop"",""cpu"":""8.97%"",""mem"":""139.9MiB / 122.8GiB""},{""name"":""lab-woocommerce"",""cpu"":""18.60%"",""mem"":""302.6MiB / 122.8GiB""},{""name"":""lab-redis"",""cpu"":""0.85%"",""mem"":""80.77MiB / 122.8GiB""},{""name"":""lab-postgres"",""cpu"":""38.17%"",""mem"":""254.7MiB / 122.8GiB""},{""name"":""lab-mysql"",""cpu"":""13.31%"",""mem"":""726.5MiB / 122.8GiB""},{""name"":""lab-woocommerce-mysql"",""cpu"":""21.27%"",""mem"":""514.6MiB / 122.8GiB""}]"
2026-09-10T13:51:20Z,3,1786,5,47,22,2669246131,"[{""name"":""lab-worker-1"",""cpu"":""8.49%"",""mem"":""137.7MiB / 122.8GiB""},{""name"":""lab-api"",""cpu"":""0.00%"",""mem"":""146.3MiB / 122.8GiB""},{""name"":""lab-allegro-stub"",""cpu"":""0.06%"",""mem"":""21.42MiB / 122.8GiB""},{""name"":""lab-erli-stub"",""cpu"":""0.00%"",""mem"":""18.05MiB / 122.8GiB""},{""name"":""lab-eparagony-stub"",""cpu"":""0.00%"",""mem"":""20.37MiB / 122.8GiB""},{""name"":""lab-invoicing-stub"",""cpu"":""0.00%"",""mem"":""16.6MiB / 122.8GiB""},{""name"":""lab-shipping-stub"",""cpu"":""0.00%"",""mem"":""16.58MiB / 122.8GiB""},{""name"":""lab-eparagony-stub-tls"",""cpu"":""0.00%"",""mem"":""23.3MiB / 122.8GiB""},{""name"":""lab-erli-stub-tls"",""cpu"":""0.00%"",""mem"":""22.67MiB / 122.8GiB""},{""name"":""lab-wc-tls"",""cpu"":""0.07%"",""mem"":""29.55MiB / 122.8GiB""},{""name"":""lab-prestashop"",""cpu"":""7.84%"",""mem"":""139.9MiB / 122.8GiB""},{""name"":""lab-woocommerce"",""cpu"":""19.13%"",""mem"":""302.6MiB / 122.8GiB""},{""name"":""lab-redis"",""cpu"":""0.86%"",""mem"":""81.01MiB / 122.8GiB""},{""name"":""lab-postgres"",""cpu"":""39.87%"",""mem"":""254.4MiB / 122.8GiB""},{""name"":""lab-mysql"",""cpu"":""7.51%"",""mem"":""726.5MiB / 122.8GiB""},{""name"":""lab-woocommerce-mysql"",""cpu"":""24.00%"",""mem"":""514.6MiB / 122.8GiB""}]"
2026-09-10T13:51:23Z,3,1783,4,47,22,2669246131,"[{""name"":""lab-worker-1"",""cpu"":""7.12%"",""mem"":""137.8MiB / 122.8GiB""},{""name"":""lab-api"",""cpu"":""0.01%"",""mem"":""146.3MiB / 122.8GiB""},{""name"":""lab-allegro-stub"",""cpu"":""0.09%"",""mem"":""21.41MiB / 122.8GiB""},{""name"":""lab-erli-stub"",""cpu"":""4.26%"",""mem"":""18.1MiB / 122.8GiB""},{""name"":""lab-eparagony-stub"",""cpu"":""3.91%"",""mem"":""20.37MiB / 122.8GiB""},{""name"":""lab-invoicing-stub"",""cpu"":""0.00%"",""mem"":""16.6MiB / 122.8GiB""},{""name"":""lab-shipping-stub"",""cpu"":""0.00%"",""mem"":""16.58MiB / 122.8GiB""},{""name"":""lab-eparagony-stub-tls"",""cpu"":""0.00%"",""mem"":""23.3MiB / 122.8GiB""},{""name"":""lab-erli-stub-tls"",""cpu"":""0.00%"",""mem"":""22.67MiB / 122.8GiB""},{""name"":""lab-wc-tls"",""cpu"":""0.07%"",""mem"":""29.55MiB / 122.8GiB""},{""name"":""lab-prestashop"",""cpu"":""8.58%"",""mem"":""139.9MiB / 122.8GiB""},{""name"":""lab-woocommerce"",""cpu"":""18.40%"",""mem"":""302.6MiB / 122.8GiB""},{""name"":""lab-redis"",""cpu"":""0.78%"",""mem"":""80.76MiB / 122.8GiB""},{""name"":""lab-postgres"",""cpu"":""36.71%"",""mem"":""254.6MiB / 122.8GiB""},{""name"":""lab-mysql"",""cpu"":""7.80%"",""mem"":""726.5MiB / 122.8GiB""},{""name"":""lab-woocommerce-mysql"",""cpu"":""24.19%"",""mem"":""514.6MiB / 122.8GiB""}]"
2026-09-10T13:51:26Z,3,1782,4,47,21,2669246131,"[{""name"":""lab-worker-1"",""cpu"":""8.77%"",""mem"":""138.3MiB / 122.8GiB""},{""name"":""lab-api"",""cpu"":""0.00%"",""mem"":""146.3MiB / 122.8GiB""},{""name"":""lab-allegro-stub"",""cpu"":""0.12%"",""mem"":""21.42MiB / 122.8GiB""},{""name"":""lab-erli-stub"",""cpu"":""0.00%"",""mem"":""18.05MiB / 122.8GiB""},{""name"":""lab-eparagony-stub"",""cpu"":""0.00%"",""mem"":""20.37MiB / 122.8GiB""},{""name"":""lab-invoicing-stub"",""cpu"":""0.01%"",""mem"":""16.6MiB / 122.8GiB""},{""name"":""lab-shipping-stub"",""cpu"":""0.01%"",""mem"":""16.58MiB / 122.8GiB""},{""name"":""lab-eparagony-stub-tls"",""cpu"":""0.00%"",""mem"":""23.3MiB / 122.8GiB""},{""name"":""lab-erli-stub-tls"",""cpu"":""0.00%"",""mem"":""22.67MiB / 122.8GiB""},{""name"":""lab-wc-tls"",""cpu"":""0.08%"",""mem"":""29.55MiB / 122.8GiB""},{""name"":""lab-prestashop"",""cpu"":""9.05%"",""mem"":""139.9MiB / 122.8GiB""},{""name"":""lab-woocommerce"",""cpu"":""18.16%"",""mem"":""302.6MiB / 122.8GiB""},{""name"":""lab-redis"",""cpu"":""0.79%"",""mem"":""80.76MiB / 122.8GiB""},{""name"":""lab-postgres"",""cpu"":""36.48%"",""mem"":""254.6MiB / 122.8GiB""},{""name"":""lab-mysql"",""cpu"":""8.14%"",""mem"":""726.5MiB / 122.8GiB""},{""name"":""lab-woocommerce-mysql"",""cpu"":""23.27%"",""mem"":""514.6MiB / 122.8GiB""}]"
2026-09-10T13:51:29Z,3,1780,3,47,21,2669262515,"[{""name"":""lab-worker-1"",""cpu"":""9.33%"",""mem"":""138.6MiB / 122.8GiB""},{""name"":""lab-api"",""cpu"":""0.00%"",""mem"":""146.4MiB / 122.8GiB""},{""name"":""lab-allegro-stub"",""cpu"":""4.12%"",""mem"":""21.43MiB / 122.8GiB""},{""name"":""lab-erli-stub"",""cpu"":""0.01%"",""mem"":""18.05MiB / 122.8GiB""},{""name"":""lab-eparagony-stub"",""cpu"":""0.01%"",""mem"":""20.37MiB / 122.8GiB""},{""name"":""lab-invoicing-stub"",""cpu"":""3.84%"",""mem"":""16.6MiB / 122.8GiB""},{""name"":""lab-shipping-stub"",""cpu"":""3.63%"",""mem"":""16.58MiB / 122.8GiB""},{""name"":""lab-eparagony-stub-tls"",""cpu"":""0.00%"",""mem"":""23.3MiB / 122.8GiB""},{""name"":""lab-erli-stub-tls"",""cpu"":""0.00%"",""mem"":""22.67MiB / 122.8GiB""},{""name"":""lab-wc-tls"",""cpu"":""0.41%"",""mem"":""29.58MiB / 122.8GiB""},{""name"":""lab-prestashop"",""cpu"":""13.51%"",""mem"":""139.9MiB / 122.8GiB""},{""name"":""lab-woocommerce"",""cpu"":""24.01%"",""mem"":""302.6MiB / 122.8GiB""},{""name"":""lab-redis"",""cpu"":""1.25%"",""mem"":""81.01MiB / 122.8GiB""},{""name"":""lab-postgres"",""cpu"":""35.35%"",""mem"":""254.7MiB / 122.8GiB""},{""name"":""lab-mysql"",""cpu"":""14.30%"",""mem"":""726.5MiB / 122.8GiB""},{""name"":""lab-woocommerce-mysql"",""cpu"":""21.97%"",""mem"":""514.8MiB / 122.8GiB""}]"
2026-09-10T13:51:33Z,3,1777,1,47,21,2669287091,"[{""name"":""lab-worker-1"",""cpu"":""8.71%"",""mem"":""137.7MiB / 122.8GiB""},{""name"":""lab-api"",""cpu"":""0.00%"",""mem"":""146.4MiB / 122.8GiB""},{""name"":""lab-allegro-stub"",""cpu"":""0.07%"",""mem"":""21.42MiB / 122.8GiB""},{""name"":""lab-erli-stub"",""cpu"":""0.00%"",""mem"":""18.05MiB / 122.8GiB""},{""name"":""lab-eparagony-stub"",""cpu"":""0.00%"",""mem"":""20.37MiB / 122.8GiB""},{""name"":""lab-invoicing-stub"",""cpu"":""0.00%"",""mem"":""16.6MiB / 122.8GiB""},{""name"":""lab-shipping-stub"",""cpu"":""0.00%"",""mem"":""16.58MiB / 122.8GiB""},{""name"":""lab-eparagony-stub-tls"",""cpu"":""0.00%"",""mem"":""23.3MiB / 122.8GiB""},{""name"":""lab-erli-stub-tls"",""cpu"":""0.00%"",""mem"":""22.67MiB / 122.8GiB""},{""name"":""lab-wc-tls"",""cpu"":""0.03%"",""mem"":""29.6MiB / 122.8GiB""},{""name"":""lab-prestashop"",""cpu"":""8.53%"",""mem"":""139.9MiB / 122.8GiB""},{""name"":""lab-woocommerce"",""cpu"":""10.83%"",""mem"":""301.2MiB / 122.8GiB""},{""name"":""lab-redis"",""cpu"":""0.74%"",""mem"":""80.77MiB / 122.8GiB""},{""name"":""lab-postgres"",""cpu"":""38.85%"",""mem"":""254.7MiB / 122.8GiB""},{""name"":""lab-mysql"",""cpu"":""9.14%"",""mem"":""726.5MiB / 122.8GiB""},{""name"":""lab-woocommerce-mysql"",""cpu"":""17.83%"",""mem"":""514.6MiB / 122.8GiB""}]"
2026-09-10T13:51:36Z,4,1774,3,47,20,2669303475,"[{""name"":""lab-worker-1"",""cpu"":""8.72%"",""mem"":""137.7MiB / 122.8GiB""},{""name"":""lab-api"",""cpu"":""0.00%"",""mem"":""146.4MiB / 122.8GiB""},{""name"":""lab-allegro-stub"",""cpu"":""0.08%"",""mem"":""21.42MiB / 122.8GiB""},{""name"":""lab-erli-stub"",""cpu"":""0.00%"",""mem"":""18.05MiB / 122.8GiB""},{""name"":""lab-eparagony-stub"",""cpu"":""0.00%"",""mem"":""20.37MiB / 122.8GiB""},{""name"":""lab-invoicing-stub"",""cpu"":""0.00%"",""mem"":""16.6MiB / 122.8GiB""},{""name"":""lab-shipping-stub"",""cpu"":""0.00%"",""mem"":""16.58MiB / 122.8GiB""},{""name"":""lab-eparagony-stub-tls"",""cpu"":""0.00%"",""mem"":""23.3MiB / 122.8GiB""},{""name"":""lab-erli-stub-tls"",""cpu"":""0.00%"",""mem"":""22.67MiB / 122.8GiB""},{""name"":""lab-wc-tls"",""cpu"":""0.06%"",""mem"":""29.55MiB / 122.8GiB""},{""name"":""lab-prestashop"",""cpu"":""7.40%"",""mem"":""139.9MiB / 122.8GiB""},{""name"":""lab-woocommerce"",""cpu"":""15.76%"",""mem"":""301.2MiB / 122.8GiB""},{""name"":""lab-redis"",""cpu"":""0.83%"",""mem"":""81.02MiB / 122.8GiB""},{""name"":""lab-postgres"",""cpu"":""35.11%"",""mem"":""251.2MiB / 122.8GiB""},{""name"":""lab-mysql"",""cpu"":""6.64%"",""mem"":""726.5MiB / 122.8GiB""},{""name"":""lab-woocommerce-mysql"",""cpu"":""20.43%"",""mem"":""514.6MiB / 122.8GiB""}]"
2026-09-10T13:51:39Z,3,1771,3,47,20,2669336243,"[{""name"":""lab-worker-1"",""cpu"":""11.27%"",""mem"":""138.5MiB / 122.8GiB""},{""name"":""lab-api"",""cpu"":""0.00%"",""mem"":""146.4MiB / 122.8GiB""},{""name"":""lab-allegro-stub"",""cpu"":""3.98%"",""mem"":""21.56MiB / 122.8GiB""},{""name"":""lab-erli-stub"",""cpu"":""3.86%"",""mem"":""18.05MiB / 122.8GiB""},{""name"":""lab-eparagony-stub"",""cpu"":""0.01%"",""mem"":""20.37MiB / 122.8GiB""},{""name"":""lab-invoicing-stub"",""cpu"":""4.07%"",""mem"":""16.6MiB / 122.8GiB""},{""name"":""lab-shipping-stub"",""cpu"":""4.57%"",""mem"":""16.61MiB / 122.8GiB""},{""name"":""lab-eparagony-stub-tls"",""cpu"":""0.00%"",""mem"":""23.3MiB / 122.8GiB""},{""name"":""lab-erli-stub-tls"",""cpu"":""0.00%"",""mem"":""22.67MiB / 122.8GiB""},{""name"":""lab-wc-tls"",""cpu"":""0.04%"",""mem"":""29.55MiB / 122.8GiB""},{""name"":""lab-prestashop"",""cpu"":""13.38%"",""mem"":""139.9MiB / 122.8GiB""},{""name"":""lab-woocommerce"",""cpu"":""14.08%"",""mem"":""311.1MiB / 122.8GiB""},{""name"":""lab-redis"",""cpu"":""1.24%"",""mem"":""80.77MiB / 122.8GiB""},{""name"":""lab-postgres"",""cpu"":""36.54%"",""mem"":""254.3MiB / 122.8GiB""},{""name"":""lab-mysql"",""cpu"":""15.90%"",""mem"":""726.5MiB / 122.8GiB""},{""name"":""lab-woocommerce-mysql"",""cpu"":""22.54%"",""mem"":""514.6MiB / 122.8GiB""}]"
2026-09-10T13:51:42Z,3,1768,3,47,20,2669344435,"[{""name"":""lab-worker-1"",""cpu"":""9.89%"",""mem"":""138.8MiB / 122.8GiB""},{""name"":""lab-api"",""cpu"":""0.00%"",""mem"":""146.4MiB / 122.8GiB""},{""name"":""lab-allegro-stub"",""cpu"":""0.08%"",""mem"":""21.42MiB / 122.8GiB""},{""name"":""lab-erli-stub"",""cpu"":""0.00%"",""mem"":""18.05MiB / 122.8GiB""},{""name"":""lab-eparagony-stub"",""cpu"":""0.00%"",""mem"":""20.37MiB / 122.8GiB""},{""name"":""lab-invoicing-stub"",""cpu"":""0.00%"",""mem"":""16.6MiB / 122.8GiB""},{""name"":""lab-shipping-stub"",""cpu"":""0.00%"",""mem"":""16.58MiB / 122.8GiB""},{""name"":""lab-eparagony-stub-tls"",""cpu"":""0.00%"",""mem"":""23.3MiB / 122.8GiB""},{""name"":""lab-erli-stub-tls"",""cpu"":""0.00%"",""mem"":""22.67MiB / 122.8GiB""},{""name"":""lab-wc-tls"",""cpu"":""0.05%"",""mem"":""29.56MiB / 122.8GiB""},{""name"":""lab-prestashop"",""cpu"":""13.23%"",""mem"":""137.9MiB / 122.8GiB""},{""name"":""lab-woocommerce"",""cpu"":""18.14%"",""mem"":""311.3MiB / 122.8GiB""},{""name"":""lab-redis"",""cpu"":""0.77%"",""mem"":""81.03MiB / 122.8GiB""},{""name"":""lab-postgres"",""cpu"":""36.33%"",""mem"":""254.5MiB / 122.8GiB""},{""name"":""lab-mysql"",""cpu"":""7.33%"",""mem"":""726.5MiB / 122.8GiB""},{""name"":""lab-woocommerce-mysql"",""cpu"":""21.43%"",""mem"":""514.6MiB / 122.8GiB""}]"
2026-09-10T13:51:45Z,3,1765,3,47,20,2669352627,"[{""name"":""lab-worker-1"",""cpu"":""9.87%"",""mem"":""138MiB / 122.8GiB""},{""name"":""lab-api"",""cpu"":""0.00%"",""mem"":""146.4MiB / 122.8GiB""},{""name"":""lab-allegro-stub"",""cpu"":""0.08%"",""mem"":""21.43MiB / 122.8GiB""},{""name"":""lab-erli-stub"",""cpu"":""0.00%"",""mem"":""18.05MiB / 122.8GiB""},{""name"":""lab-eparagony-stub"",""cpu"":""0.00%"",""mem"":""20.37MiB / 122.8GiB""},{""name"":""lab-invoicing-stub"",""cpu"":""0.01%"",""mem"":""16.6MiB / 122.8GiB""},{""name"":""lab-shipping-stub"",""cpu"":""0.01%"",""mem"":""16.59MiB / 122.8GiB""},{""name"":""lab-eparagony-stub-tls"",""cpu"":""0.00%"",""mem"":""23.3MiB / 122.8GiB""},{""name"":""lab-erli-stub-tls"",""cpu"":""0.00%"",""mem"":""22.67MiB / 122.8GiB""},{""name"":""lab-wc-tls"",""cpu"":""0.07%"",""mem"":""29.55MiB / 122.8GiB""},{""name"":""lab-prestashop"",""cpu"":""6.86%"",""mem"":""137.9MiB / 122.8GiB""},{""name"":""lab-woocommerce"",""cpu"":""21.62%"",""mem"":""315.2MiB / 122.8GiB""},{""name"":""lab-redis"",""cpu"":""4.96%"",""mem"":""81.04MiB / 122.8GiB""},{""name"":""lab-postgres"",""cpu"":""37.84%"",""mem"":""255.3MiB / 122.8GiB""},{""name"":""lab-mysql"",""cpu"":""6.84%"",""mem"":""726.5MiB / 122.8GiB""},{""name"":""lab-woocommerce-mysql"",""cpu"":""22.98%"",""mem"":""515.6MiB / 122.8GiB""}]"
2026-09-10T13:51:48Z,3,1762,3,47,20,2669377203,"[{""name"":""lab-worker-1"",""cpu"":""10.21%"",""mem"":""137.7MiB / 122.8GiB""},{""name"":""lab-api"",""cpu"":""0.01%"",""mem"":""146.6MiB / 122.8GiB""},{""name"":""lab-allegro-stub"",""cpu"":""0.15%"",""mem"":""21.43MiB / 122.8GiB""},{""name"":""lab-erli-stub"",""cpu"":""0.00%"",""mem"":""18.05MiB / 122.8GiB""},{""name"":""lab-eparagony-stub"",""cpu"":""4.25%"",""mem"":""20.39MiB / 122.8GiB""},{""name"":""lab-invoicing-stub"",""cpu"":""0.00%"",""mem"":""16.6MiB / 122.8GiB""},{""name"":""lab-shipping-stub"",""cpu"":""0.00%"",""mem"":""16.58MiB / 122.8GiB""},{""name"":""lab-eparagony-stub-tls"",""cpu"":""0.00%"",""mem"":""23.3MiB / 122.8GiB""},{""name"":""lab-erli-stub-tls"",""cpu"":""0.00%"",""mem"":""22.67MiB / 122.8GiB""},{""name"":""lab-wc-tls"",""cpu"":""0.08%"",""mem"":""29.56MiB / 122.8GiB""},{""name"":""lab-prestashop"",""cpu"":""13.09%"",""mem"":""139.9MiB / 122.8GiB""},{""name"":""lab-woocommerce"",""cpu"":""18.64%"",""mem"":""315.2MiB / 122.8GiB""},{""name"":""lab-redis"",""cpu"":""0.87%"",""mem"":""80.77MiB / 122.8GiB""},{""name"":""lab-postgres"",""cpu"":""38.41%"",""mem"":""254.6MiB / 122.8GiB""},{""name"":""lab-mysql"",""cpu"":""15.15%"",""mem"":""726.7MiB / 122.8GiB""},{""name"":""lab-woocommerce-mysql"",""cpu"":""22.03%"",""mem"":""515.6MiB / 122.8GiB""}]"
2026-09-10T13:51:51Z,3,1759,3,47,20,2669409971,"[{""name"":""lab-worker-1"",""cpu"":""13.50%"",""mem"":""138.4MiB / 122.8GiB""},{""name"":""lab-api"",""cpu"":""0.00%"",""mem"":""146.6MiB / 122.8GiB""},{""name"":""lab-allegro-stub"",""cpu"":""0.10%"",""mem"":""21.43MiB / 122.8GiB""},{""name"":""lab-erli-stub"",""cpu"":""0.00%"",""mem"":""18.05MiB / 122.8GiB""},{""name"":""lab-eparagony-stub"",""cpu"":""0.00%"",""mem"":""20.37MiB / 122.8GiB""},{""name"":""lab-invoicing-stub"",""cpu"":""0.00%"",""mem"":""16.6MiB / 122.8GiB""},{""name"":""lab-shipping-stub"",""cpu"":""0.00%"",""mem"":""16.58MiB / 122.8GiB""},{""name"":""lab-eparagony-stub-tls"",""cpu"":""0.00%"",""mem"":""23.3MiB / 122.8GiB""},{""name"":""lab-erli-stub-tls"",""cpu"":""0.00%"",""mem"":""22.67MiB / 122.8GiB""},{""name"":""lab-wc-tls"",""cpu"":""0.08%"",""mem"":""29.56MiB / 122.8GiB""},{""name"":""lab-prestashop"",""cpu"":""9.21%"",""mem"":""137.9MiB / 122.8GiB""},{""name"":""lab-woocommerce"",""cpu"":""17.03%"",""mem"":""315.2MiB / 122.8GiB""},{""name"":""lab-redis"",""cpu"":""0.82%"",""mem"":""80.78MiB / 122.8GiB""},{""name"":""lab-postgres"",""cpu"":""37.46%"",""mem"":""254.6MiB / 122.8GiB""},{""name"":""lab-mysql"",""cpu"":""8.02%"",""mem"":""726.5MiB / 122.8GiB""},{""name"":""lab-woocommerce-mysql"",""cpu"":""23.82%"",""mem"":""515.6MiB / 122.8GiB""}]"
2026-09-10T13:51:54Z,3,1755,3,47,21,2669418163,"[{""name"":""lab-worker-1"",""cpu"":""10.44%"",""mem"":""137.8MiB / 122.8GiB""},{""name"":""lab-api"",""cpu"":""0.00%"",""mem"":""146.6MiB / 122.8GiB""},{""name"":""lab-allegro-stub"",""cpu"":""4.04%"",""mem"":""21.44MiB / 122.8GiB""},{""name"":""lab-erli-stub"",""cpu"":""0.00%"",""mem"":""18.05MiB / 122.8GiB""},{""name"":""lab-eparagony-stub"",""cpu"":""0.01%"",""mem"":""20.37MiB / 122.8GiB""},{""name"":""lab-invoicing-stub"",""cpu"":""4.05%"",""mem"":""16.61MiB / 122.8GiB""},{""name"":""lab-shipping-stub"",""cpu"":""4.03%"",""mem"":""16.58MiB / 122.8GiB""},{""name"":""lab-eparagony-stub-tls"",""cpu"":""0.00%"",""mem"":""23.3MiB / 122.8GiB""},{""name"":""lab-erli-stub-tls"",""cpu"":""0.00%"",""mem"":""22.67MiB / 122.8GiB""},{""name"":""lab-wc-tls"",""cpu"":""0.07%"",""mem"":""29.55MiB / 122.8GiB""},{""name"":""lab-prestashop"",""cpu"":""8.14%"",""mem"":""139.9MiB / 122.8GiB""},{""name"":""lab-woocommerce"",""cpu"":""22.16%"",""mem"":""317.3MiB / 122.8GiB""},{""name"":""lab-redis"",""cpu"":""5.12%"",""mem"":""81.11MiB / 122.8GiB""},{""name"":""lab-postgres"",""cpu"":""39.57%"",""mem"":""254.9MiB / 122.8GiB""},{""name"":""lab-mysql"",""cpu"":""6.83%"",""mem"":""726.5MiB / 122.8GiB""},{""name"":""lab-woocommerce-mysql"",""cpu"":""21.59%"",""mem"":""515.7MiB / 122.8GiB""}]"
2026-09-10T13:51:58Z,3,1752,3,47,21,2669426355,"[{""name"":""lab-worker-1"",""cpu"":""11.28%"",""mem"":""137.8MiB / 122.8GiB""},{""name"":""lab-api"",""cpu"":""0.76%"",""mem"":""146.6MiB / 122.8GiB""},{""name"":""lab-allegro-stub"",""cpu"":""0.08%"",""mem"":""21.43MiB / 122.8GiB""},{""name"":""lab-erli-stub"",""cpu"":""0.00%"",""mem"":""18.05MiB / 122.8GiB""},{""name"":""lab-eparagony-stub"",""cpu"":""0.01%"",""mem"":""20.37MiB / 122.8GiB""},{""name"":""lab-invoicing-stub"",""cpu"":""0.00%"",""mem"":""16.6MiB / 122.8GiB""},{""name"":""lab-shipping-stub"",""cpu"":""0.00%"",""mem"":""16.58MiB / 122.8GiB""},{""name"":""lab-eparagony-stub-tls"",""cpu"":""0.00%"",""mem"":""23.3MiB / 122.8GiB""},{""name"":""lab-erli-stub-tls"",""cpu"":""0.00%"",""mem"":""22.67MiB / 122.8GiB""},{""name"":""lab-wc-tls"",""cpu"":""0.07%"",""mem"":""29.55MiB / 122.8GiB""},{""name"":""lab-prestashop"",""cpu"":""5.99%"",""mem"":""139.9MiB / 122.8GiB""},{""name"":""lab-woocommerce"",""cpu"":""18.62%"",""mem"":""317.4MiB / 122.8GiB""},{""name"":""lab-redis"",""cpu"":""0.81%"",""mem"":""80.78MiB / 122.8GiB""},{""name"":""lab-postgres"",""cpu"":""43.66%"",""mem"":""251.2MiB / 122.8GiB""},{""name"":""lab-mysql"",""cpu"":""11.69%"",""mem"":""726.5MiB / 122.8GiB""},{""name"":""lab-woocommerce-mysql"",""cpu"":""20.82%"",""mem"":""515.7MiB / 122.8GiB""}]"
2026-09-10T13:52:01Z,4,1749,4,47,21,2669442739,"[{""name"":""lab-worker-1"",""cpu"":""9.17%"",""mem"":""137.7MiB / 122.8GiB""},{""name"":""lab-api"",""cpu"":""0.00%"",""mem"":""146.6MiB / 122.8GiB""},{""name"":""lab-allegro-stub"",""cpu"":""0.00%"",""mem"":""21.44MiB / 122.8GiB""},{""name"":""lab-erli-stub"",""cpu"":""0.00%"",""mem"":""18.05MiB / 122.8GiB""},{""name"":""lab-eparagony-stub"",""cpu"":""0.00%"",""mem"":""20.37MiB / 122.8GiB""},{""name"":""lab-invoicing-stub"",""cpu"":""0.00%"",""mem"":""16.6MiB / 122.8GiB""},{""name"":""lab-shipping-stub"",""cpu"":""0.00%"",""mem"":""16.58MiB / 122.8GiB""},{""name"":""lab-eparagony-stub-tls"",""cpu"":""0.00%"",""mem"":""23.3MiB / 122.8GiB""},{""name"":""lab-erli-stub-tls"",""cpu"":""0.00%"",""mem"":""22.67MiB / 122.8GiB""},{""name"":""lab-wc-tls"",""cpu"":""0.00%"",""mem"":""29.55MiB / 122.8GiB""},{""name"":""lab-prestashop"",""cpu"":""10.94%"",""mem"":""139.9MiB / 122.8GiB""},{""name"":""lab-woocommerce"",""cpu"":""0.01%"",""mem"":""317.2MiB / 122.8GiB""},{""name"":""lab-redis"",""cpu"":""0.80%"",""mem"":""80.78MiB / 122.8GiB""},{""name"":""lab-postgres"",""cpu"":""37.49%"",""mem"":""251.2MiB / 122.8GiB""},{""name"":""lab-mysql"",""cpu"":""10.32%"",""mem"":""726.5MiB / 122.8GiB""},{""name"":""lab-woocommerce-mysql"",""cpu"":""5.16%"",""mem"":""515.7MiB / 122.8GiB""}]"
2026-09-10T13:52:04Z,3,1750,2,47,21,2669459123,"[{""name"":""lab-worker-1"",""cpu"":""10.17%"",""mem"":""137.8MiB / 122.8GiB""},{""name"":""lab-api"",""cpu"":""0.01%"",""mem"":""146.6MiB / 122.8GiB""},{""name"":""lab-allegro-stub"",""cpu"":""0.00%"",""mem"":""21.43MiB / 122.8GiB""},{""name"":""lab-erli-stub"",""cpu"":""4.11%"",""mem"":""18.07MiB / 122.8GiB""},{""name"":""lab-eparagony-stub"",""cpu"":""4.19%"",""mem"":""20.38MiB / 122.8GiB""},{""name"":""lab-invoicing-stub"",""cpu"":""0.00%"",""mem"":""16.6MiB / 122.8GiB""},{""name"":""lab-shipping-stub"",""cpu"":""0.00%"",""mem"":""16.58MiB / 122.8GiB""},{""name"":""lab-eparagony-stub-tls"",""cpu"":""0.00%"",""mem"":""23.3MiB / 122.8GiB""},{""name"":""lab-erli-stub-tls"",""cpu"":""0.00%"",""mem"":""22.67MiB / 122.8GiB""},{""name"":""lab-wc-tls"",""cpu"":""0.02%"",""mem"":""29.52MiB / 122.8GiB""},{""name"":""lab-prestashop"",""cpu"":""10.42%"",""mem"":""139.9MiB / 122.8GiB""},{""name"":""lab-woocommerce"",""cpu"":""0.00%"",""mem"":""317.2MiB / 122.8GiB""},{""name"":""lab-redis"",""cpu"":""0.87%"",""mem"":""81.04MiB / 122.8GiB""},{""name"":""lab-postgres"",""cpu"":""36.13%"",""mem"":""251.3MiB / 122.8GiB""},{""name"":""lab-mysql"",""cpu"":""8.68%"",""mem"":""726.5MiB / 122.8GiB""},{""name"":""lab-woocommerce-mysql"",""cpu"":""1.40%"",""mem"":""515.7MiB / 122.8GiB""}]"
2026-09-10T13:52:07Z,3,1750,2,47,21,2669459123,"[{""name"":""lab-worker-1"",""cpu"":""11.30%"",""mem"":""137.5MiB / 122.8GiB""},{""name"":""lab-api"",""cpu"":""0.00%"",""mem"":""146.6MiB / 122.8GiB""},{""name"":""lab-allegro-stub"",""cpu"":""0.00%"",""mem"":""21.43MiB / 122.8GiB""},{""name"":""lab-erli-stub"",""cpu"":""0.00%"",""mem"":""18.06MiB / 122.8GiB""},{""name"":""lab-eparagony-stub"",""cpu"":""0.00%"",""mem"":""20.37MiB / 122.8GiB""},{""name"":""lab-invoicing-stub"",""cpu"":""0.00%"",""mem"":""16.6MiB / 122.8GiB""},{""name"":""lab-shipping-stub"",""cpu"":""0.00%"",""mem"":""16.58MiB / 122.8GiB""},{""name"":""lab-eparagony-stub-tls"",""cpu"":""0.00%"",""mem"":""23.3MiB / 122.8GiB""},{""name"":""lab-erli-stub-tls"",""cpu"":""0.00%"",""mem"":""22.67MiB / 122.8GiB""},{""name"":""lab-wc-tls"",""cpu"":""0.00%"",""mem"":""29.52MiB / 122.8GiB""},{""name"":""lab-prestashop"",""cpu"":""10.99%"",""mem"":""139.9MiB / 122.8GiB""},{""name"":""lab-woocommerce"",""cpu"":""0.00%"",""mem"":""317.2MiB / 122.8GiB""},{""name"":""lab-redis"",""cpu"":""0.86%"",""mem"":""80.8MiB / 122.8GiB""},{""name"":""lab-postgres"",""cpu"":""41.12%"",""mem"":""251.6MiB / 122.8GiB""},{""name"":""lab-mysql"",""cpu"":""11.18%"",""mem"":""726.5MiB / 122.8GiB""},{""name"":""lab-woocommerce-mysql"",""cpu"":""0.81%"",""mem"":""515.7MiB / 122.8GiB""}]"
2026-09-10T13:52:10Z,3,1752,4,47,21,2669459123,"[{""name"":""lab-worker-1"",""cpu"":""16.16%"",""mem"":""137.6MiB / 122.8GiB""},{""name"":""lab-api"",""cpu"":""0.00%"",""mem"":""146.7MiB / 122.8GiB""},{""name"":""lab-allegro-stub"",""cpu"":""0.01%"",""mem"":""21.43MiB / 122.8GiB""},{""name"":""lab-erli-stub"",""cpu"":""0.00%"",""mem"":""18.05MiB / 122.8GiB""},{""name"":""lab-eparagony-stub"",""cpu"":""0.00%"",""mem"":""20.37MiB / 122.8GiB""},{""name"":""lab-invoicing-stub"",""cpu"":""0.01%"",""mem"":""16.6MiB / 122.8GiB""},{""name"":""lab-shipping-stub"",""cpu"":""1.66%"",""mem"":""16.58MiB / 122.8GiB""},{""name"":""lab-eparagony-stub-tls"",""cpu"":""0.00%"",""mem"":""23.3MiB / 122.8GiB""},{""name"":""lab-erli-stub-tls"",""cpu"":""0.00%"",""mem"":""22.67MiB / 122.8GiB""},{""name"":""lab-wc-tls"",""cpu"":""0.00%"",""mem"":""29.52MiB / 122.8GiB""},{""name"":""lab-prestashop"",""cpu"":""13.90%"",""mem"":""139.9MiB / 122.8GiB""},{""name"":""lab-woocommerce"",""cpu"":""0.01%"",""mem"":""317.2MiB / 122.8GiB""},{""name"":""lab-redis"",""cpu"":""1.06%"",""mem"":""80.79MiB / 122.8GiB""},{""name"":""lab-postgres"",""cpu"":""40.73%"",""mem"":""247.8MiB / 122.8GiB""},{""name"":""lab-mysql"",""cpu"":""17.33%"",""mem"":""726.5MiB / 122.8GiB""},{""name"":""lab-woocommerce-mysql"",""cpu"":""0.71%"",""mem"":""515.7MiB / 122.8GiB""}]"
2026-09-10T13:52:13Z,3,1750,2,47,21,2669459123,"[{""name"":""lab-worker-1"",""cpu"":""13.37%"",""mem"":""137.6MiB / 122.8GiB""},{""name"":""lab-api"",""cpu"":""0.00%"",""mem"":""146.7MiB / 122.8GiB""},{""name"":""lab-allegro-stub"",""cpu"":""0.00%"",""mem"":""21.43MiB / 122.8GiB""},{""name"":""lab-erli-stub"",""cpu"":""0.00%"",""mem"":""18.05MiB / 122.8GiB""},{""name"":""lab-eparagony-stub"",""cpu"":""4.21%"",""mem"":""20.42MiB / 122.8GiB""},{""name"":""lab-invoicing-stub"",""cpu"":""0.00%"",""mem"":""16.6MiB / 122.8GiB""},{""name"":""lab-shipping-stub"",""cpu"":""0.00%"",""mem"":""16.58MiB / 122.8GiB""},{""name"":""lab-eparagony-stub-tls"",""cpu"":""0.00%"",""mem"":""23.3MiB / 122.8GiB""},{""name"":""lab-erli-stub-tls"",""cpu"":""0.00%"",""mem"":""22.67MiB / 122.8GiB""},{""name"":""lab-wc-tls"",""cpu"":""0.00%"",""mem"":""29.52MiB / 122.8GiB""},{""name"":""lab-prestashop"",""cpu"":""11.32%"",""mem"":""139.9MiB / 122.8GiB""},{""name"":""lab-woocommerce"",""cpu"":""0.00%"",""mem"":""317.2MiB / 122.8GiB""},{""name"":""lab-redis"",""cpu"":""0.83%"",""mem"":""80.79MiB / 122.8GiB""},{""name"":""lab-postgres"",""cpu"":""36.66%"",""mem"":""244.2MiB / 122.8GiB""},{""name"":""lab-mysql"",""cpu"":""9.92%"",""mem"":""726.5MiB / 122.8GiB""},{""name"":""lab-woocommerce-mysql"",""cpu"":""1.32%"",""mem"":""515.7MiB / 122.8GiB""}]"
2026-09-10T13:52:16Z,3,1750,2,47,21,2669467315,"[{""name"":""lab-worker-1"",""cpu"":""12.59%"",""mem"":""137.7MiB / 122.8GiB""},{""name"":""lab-api"",""cpu"":""0.00%"",""mem"":""146.7MiB / 122.8GiB""},{""name"":""lab-allegro-stub"",""cpu"":""0.00%"",""mem"":""21.43MiB / 122.8GiB""},{""name"":""lab-erli-stub"",""cpu"":""0.00%"",""mem"":""18.05MiB / 122.8GiB""},{""name"":""lab-eparagony-stub"",""cpu"":""0.00%"",""mem"":""20.37MiB / 122.8GiB""},{""name"":""lab-invoicing-stub"",""cpu"":""0.00%"",""mem"":""16.6MiB / 122.8GiB""},{""name"":""lab-shipping-stub"",""cpu"":""0.00%"",""mem"":""16.58MiB / 122.8GiB""},{""name"":""lab-eparagony-stub-tls"",""cpu"":""0.00%"",""mem"":""23.3MiB / 122.8GiB""},{""name"":""lab-erli-stub-tls"",""cpu"":""0.00%"",""mem"":""22.67MiB / 122.8GiB""},{""name"":""lab-wc-tls"",""cpu"":""0.00%"",""mem"":""29.52MiB / 122.8GiB""},{""name"":""lab-prestashop"",""cpu"":""10.61%"",""mem"":""140.2MiB / 122.8GiB""},{""name"":""lab-woocommerce"",""cpu"":""13.32%"",""mem"":""317.3MiB / 122.8GiB""},{""name"":""lab-redis"",""cpu"":""0.82%"",""mem"":""80.79MiB / 122.8GiB""},{""name"":""lab-postgres"",""cpu"":""36.78%"",""mem"":""244.3MiB / 122.8GiB""},{""name"":""lab-mysql"",""cpu"":""10.17%"",""mem"":""726.5MiB / 122.8GiB""},{""name"":""lab-woocommerce-mysql"",""cpu"":""1.80%"",""mem"":""515.7MiB / 122.8GiB""}]"
2026-09-10T13:52:19Z,3,1752,4,47,21,2669467315,"[{""name"":""lab-worker-1"",""cpu"":""12.46%"",""mem"":""138.4MiB / 122.8GiB""},{""name"":""lab-api"",""cpu"":""0.00%"",""mem"":""146.7MiB / 122.8GiB""},{""name"":""lab-allegro-stub"",""cpu"":""4.30%"",""mem"":""21.46MiB / 122.8GiB""},{""name"":""lab-erli-stub"",""cpu"":""4.41%"",""mem"":""18.05MiB / 122.8GiB""},{""name"":""lab-eparagony-stub"",""cpu"":""0.01%"",""mem"":""20.39MiB / 122.8GiB""},{""name"":""lab-invoicing-stub"",""cpu"":""4.51%"",""mem"":""16.6MiB / 122.8GiB""},{""name"":""lab-shipping-stub"",""cpu"":""4.22%"",""mem"":""16.62MiB / 122.8GiB""},{""name"":""lab-eparagony-stub-tls"",""cpu"":""0.00%"",""mem"":""23.3MiB / 122.8GiB""},{""name"":""lab-erli-stub-tls"",""cpu"":""0.00%"",""mem"":""22.67MiB / 122.8GiB""},{""name"":""lab-wc-tls"",""cpu"":""0.00%"",""mem"":""29.52MiB / 122.8GiB""},{""name"":""lab-prestashop"",""cpu"":""17.88%"",""mem"":""139.9MiB / 122.8GiB""},{""name"":""lab-woocommerce"",""cpu"":""0.01%"",""mem"":""317.3MiB / 122.8GiB""},{""name"":""lab-redis"",""cpu"":""1.48%"",""mem"":""80.79MiB / 122.8GiB""},{""name"":""lab-postgres"",""cpu"":""37.58%"",""mem"":""244.3MiB / 122.8GiB""},{""name"":""lab-mysql"",""cpu"":""21.47%"",""mem"":""726.5MiB / 122.8GiB""},{""name"":""lab-woocommerce-mysql"",""cpu"":""0.71%"",""mem"":""515.7MiB / 122.8GiB""}]"
2026-09-10T13:52:22Z,3,1747,2,47,22,2669475507,"[{""name"":""lab-worker-1"",""cpu"":""8.56%"",""mem"":""137.6MiB / 122.8GiB""},{""name"":""lab-api"",""cpu"":""0.00%"",""mem"":""146.7MiB / 122.8GiB""},{""name"":""lab-allegro-stub"",""cpu"":""0.00%"",""mem"":""21.43MiB / 122.8GiB""},{""name"":""lab-erli-stub"",""cpu"":""0.00%"",""mem"":""18.05MiB / 122.8GiB""},{""name"":""lab-eparagony-stub"",""cpu"":""0.00%"",""mem"":""20.39MiB / 122.8GiB""},{""name"":""lab-invoicing-stub"",""cpu"":""0.00%"",""mem"":""16.6MiB / 122.8GiB""},{""name"":""lab-shipping-stub"",""cpu"":""0.00%"",""mem"":""16.58MiB / 122.8GiB""},{""name"":""lab-eparagony-stub-tls"",""cpu"":""0.00%"",""mem"":""23.3MiB / 122.8GiB""},{""name"":""lab-erli-stub-tls"",""cpu"":""0.00%"",""mem"":""22.67MiB / 122.8GiB""},{""name"":""lab-wc-tls"",""cpu"":""0.00%"",""mem"":""29.52MiB / 122.8GiB""},{""name"":""lab-prestashop"",""cpu"":""9.68%"",""mem"":""139.9MiB / 122.8GiB""},{""name"":""lab-woocommerce"",""cpu"":""0.01%"",""mem"":""317.3MiB / 122.8GiB""},{""name"":""lab-redis"",""cpu"":""0.77%"",""mem"":""80.79MiB / 122.8GiB""},{""name"":""lab-postgres"",""cpu"":""35.52%"",""mem"":""244.5MiB / 122.8GiB""},{""name"":""lab-mysql"",""cpu"":""10.70%"",""mem"":""726.5MiB / 122.8GiB""},{""name"":""lab-woocommerce-mysql"",""cpu"":""0.79%"",""mem"":""515.7MiB / 122.8GiB""}]"
2026-09-10T13:52:26Z,3,1750,2,47,21,2669475507,"[{""name"":""lab-worker-1"",""cpu"":""10.28%"",""mem"":""137.5MiB / 122.8GiB""},{""name"":""lab-api"",""cpu"":""0.00%"",""mem"":""146.7MiB / 122.8GiB""},{""name"":""lab-allegro-stub"",""cpu"":""0.00%"",""mem"":""21.43MiB / 122.8GiB""},{""name"":""lab-erli-stub"",""cpu"":""0.00%"",""mem"":""18.05MiB / 122.8GiB""},{""name"":""lab-eparagony-stub"",""cpu"":""0.00%"",""mem"":""20.37MiB / 122.8GiB""},{""name"":""lab-invoicing-stub"",""cpu"":""0.00%"",""mem"":""16.6MiB / 122.8GiB""},{""name"":""lab-shipping-stub"",""cpu"":""0.00%"",""mem"":""16.59MiB / 122.8GiB""},{""name"":""lab-eparagony-stub-tls"",""cpu"":""0.00%"",""mem"":""23.3MiB / 122.8GiB""},{""name"":""lab-erli-stub-tls"",""cpu"":""0.00%"",""mem"":""22.67MiB / 122.8GiB""},{""name"":""lab-wc-tls"",""cpu"":""0.00%"",""mem"":""29.52MiB / 122.8GiB""},{""name"":""lab-prestashop"",""cpu"":""9.92%"",""mem"":""139.9MiB / 122.8GiB""},{""name"":""lab-woocommerce"",""cpu"":""0.01%"",""mem"":""317.3MiB / 122.8GiB""},{""name"":""lab-redis"",""cpu"":""0.82%"",""mem"":""80.79MiB / 122.8GiB""},{""name"":""lab-postgres"",""cpu"":""35.43%"",""mem"":""244.3MiB / 122.8GiB""},{""name"":""lab-mysql"",""cpu"":""9.70%"",""mem"":""726.5MiB / 122.8GiB""},{""name"":""lab-woocommerce-mysql"",""cpu"":""0.76%"",""mem"":""515.7MiB / 122.8GiB""}]"
2026-09-10T13:52:29Z,4,1751,2,47,20,2669475507,"[{""name"":""lab-worker-1"",""cpu"":""9.83%"",""mem"":""138MiB / 122.8GiB""},{""name"":""lab-api"",""cpu"":""0.00%"",""mem"":""146.9MiB / 122.8GiB""},{""name"":""lab-allegro-stub"",""cpu"":""0.09%"",""mem"":""21.43MiB / 122.8GiB""},{""name"":""lab-erli-stub"",""cpu"":""2.17%"",""mem"":""25.13MiB / 122.8GiB""},{""name"":""lab-eparagony-stub"",""cpu"":""3.96%"",""mem"":""20.38MiB / 122.8GiB""},{""name"":""lab-invoicing-stub"",""cpu"":""0.00%"",""mem"":""16.6MiB / 122.8GiB""},{""name"":""lab-shipping-stub"",""cpu"":""0.00%"",""mem"":""16.58MiB / 122.8GiB""},{""name"":""lab-eparagony-stub-tls"",""cpu"":""0.00%"",""mem"":""23.3MiB / 122.8GiB""},{""name"":""lab-erli-stub-tls"",""cpu"":""0.00%"",""mem"":""22.67MiB / 122.8GiB""},{""name"":""lab-wc-tls"",""cpu"":""0.00%"",""mem"":""29.52MiB / 122.8GiB""},{""name"":""lab-prestashop"",""cpu"":""11.72%"",""mem"":""139.9MiB / 122.8GiB""},{""name"":""lab-woocommerce"",""cpu"":""0.00%"",""mem"":""317.3MiB / 122.8GiB""},{""name"":""lab-redis"",""cpu"":""0.95%"",""mem"":""80.79MiB / 122.8GiB""},{""name"":""lab-postgres"",""cpu"":""35.97%"",""mem"":""244.2MiB / 122.8GiB""},{""name"":""lab-mysql"",""cpu"":""10.95%"",""mem"":""726.8MiB / 122.8GiB""},{""name"":""lab-woocommerce-mysql"",""cpu"":""0.74%"",""mem"":""515.7MiB / 122.8GiB""}]"
2026-09-10T13:52:32Z,3,1750,2,47,21,2669483699,"[{""name"":""lab-worker-1"",""cpu"":""11.53%"",""mem"":""137.7MiB / 122.8GiB""},{""name"":""lab-api"",""cpu"":""0.00%"",""mem"":""146.9MiB / 122.8GiB""},{""name"":""lab-allegro-stub"",""cpu"":""0.03%"",""mem"":""21.43MiB / 122.8GiB""},{""name"":""lab-erli-stub"",""cpu"":""0.00%"",""mem"":""18.05MiB / 122.8GiB""},{""name"":""lab-eparagony-stub"",""cpu"":""0.00%"",""mem"":""20.37MiB / 122.8GiB""},{""name"":""lab-invoicing-stub"",""cpu"":""0.00%"",""mem"":""16.6MiB / 122.8GiB""},{""name"":""lab-shipping-stub"",""cpu"":""0.00%"",""mem"":""16.58MiB / 122.8GiB""},{""name"":""lab-eparagony-stub-tls"",""cpu"":""0.00%"",""mem"":""23.3MiB / 122.8GiB""},{""name"":""lab-erli-stub-tls"",""cpu"":""0.00%"",""mem"":""22.67MiB / 122.8GiB""},{""name"":""lab-wc-tls"",""cpu"":""0.00%"",""mem"":""29.52MiB / 122.8GiB""},{""name"":""lab-prestashop"",""cpu"":""11.25%"",""mem"":""139.9MiB / 122.8GiB""},{""name"":""lab-woocommerce"",""cpu"":""0.00%"",""mem"":""317.3MiB / 122.8GiB""},{""name"":""lab-redis"",""cpu"":""0.77%"",""mem"":""80.79MiB / 122.8GiB""},{""name"":""lab-postgres"",""cpu"":""48.69%"",""mem"":""244.3MiB / 122.8GiB""},{""name"":""lab-mysql"",""cpu"":""8.99%"",""mem"":""726.5MiB / 122.8GiB""},{""name"":""lab-woocommerce-mysql"",""cpu"":""0.68%"",""mem"":""515.7MiB / 122.8GiB""}]"
2026-09-10T13:52:35Z,3,1750,2,47,21,2669483699,"[{""name"":""lab-worker-1"",""cpu"":""8.20%"",""mem"":""137.5MiB / 122.8GiB""},{""name"":""lab-api"",""cpu"":""0.00%"",""mem"":""146.9MiB / 122.8GiB""},{""name"":""lab-allegro-stub"",""cpu"":""3.85%"",""mem"":""21.43MiB / 122.8GiB""},{""name"":""lab-erli-stub"",""cpu"":""0.01%"",""mem"":""18.05MiB / 122.8GiB""},{""name"":""lab-eparagony-stub"",""cpu"":""0.00%"",""mem"":""20.37MiB / 122.8GiB""},{""name"":""lab-invoicing-stub"",""cpu"":""3.79%"",""mem"":""16.6MiB / 122.8GiB""},{""name"":""lab-shipping-stub"",""cpu"":""4.08%"",""mem"":""16.61MiB / 122.8GiB""},{""name"":""lab-eparagony-stub-tls"",""cpu"":""0.00%"",""mem"":""23.3MiB / 122.8GiB""},{""name"":""lab-erli-stub-tls"",""cpu"":""0.00%"",""mem"":""22.67MiB / 122.8GiB""},{""name"":""lab-wc-tls"",""cpu"":""0.00%"",""mem"":""29.52MiB / 122.8GiB""},{""name"":""lab-prestashop"",""cpu"":""11.43%"",""mem"":""139.9MiB / 122.8GiB""},{""name"":""lab-woocommerce"",""cpu"":""0.00%"",""mem"":""317.3MiB / 122.8GiB""},{""name"":""lab-redis"",""cpu"":""5.14%"",""mem"":""80.86MiB / 122.8GiB""},{""name"":""lab-postgres"",""cpu"":""35.62%"",""mem"":""244.3MiB / 122.8GiB""},{""name"":""lab-mysql"",""cpu"":""9.70%"",""mem"":""726.5MiB / 122.8GiB""},{""name"":""lab-woocommerce-mysql"",""cpu"":""0.73%"",""mem"":""515.7MiB / 122.8GiB""}]"
2026-09-10T13:52:38Z,3,1747,2,47,24,2669483699,"[{""name"":""lab-worker-1"",""cpu"":""10.66%"",""mem"":""137.6MiB / 122.8GiB""},{""name"":""lab-api"",""cpu"":""1.32%"",""mem"":""146.8MiB / 122.8GiB""},{""name"":""lab-allegro-stub"",""cpu"":""0.00%"",""mem"":""21.43MiB / 122.8GiB""},{""name"":""lab-erli-stub"",""cpu"":""0.00%"",""mem"":""18.05MiB / 122.8GiB""},{""name"":""lab-eparagony-stub"",""cpu"":""0.00%"",""mem"":""20.37MiB / 122.8GiB""},{""name"":""lab-invoicing-stub"",""cpu"":""0.00%"",""mem"":""16.6MiB / 122.8GiB""},{""name"":""lab-shipping-stub"",""cpu"":""0.00%"",""mem"":""16.58MiB / 122.8GiB""},{""name"":""lab-eparagony-stub-tls"",""cpu"":""0.00%"",""mem"":""23.3MiB / 122.8GiB""},{""name"":""lab-erli-stub-tls"",""cpu"":""0.00%"",""mem"":""22.67MiB / 122.8GiB""},{""name"":""lab-wc-tls"",""cpu"":""0.00%"",""mem"":""29.52MiB / 122.8GiB""},{""name"":""lab-prestashop"",""cpu"":""11.61%"",""mem"":""140.2MiB / 122.8GiB""},{""name"":""lab-woocommerce"",""cpu"":""0.00%"",""mem"":""317.3MiB / 122.8GiB""},{""name"":""lab-redis"",""cpu"":""0.96%"",""mem"":""81.04MiB / 122.8GiB""},{""name"":""lab-postgres"",""cpu"":""38.82%"",""mem"":""247.1MiB / 122.8GiB""},{""name"":""lab-mysql"",""cpu"":""16.25%"",""mem"":""726.5MiB / 122.8GiB""},{""name"":""lab-woocommerce-mysql"",""cpu"":""0.74%"",""mem"":""515.7MiB / 122.8GiB""}]"
2026-09-10T13:52:41Z,3,1746,2,47,24,2669491891,"[{""name"":""lab-worker-1"",""cpu"":""8.29%"",""mem"":""138.3MiB / 122.8GiB""},{""name"":""lab-api"",""cpu"":""0.00%"",""mem"":""146.8MiB / 122.8GiB""},{""name"":""lab-allegro-stub"",""cpu"":""0.00%"",""mem"":""21.43MiB / 122.8GiB""},{""name"":""lab-erli-stub"",""cpu"":""0.00%"",""mem"":""18.05MiB / 122.8GiB""},{""name"":""lab-eparagony-stub"",""cpu"":""0.00%"",""mem"":""20.38MiB / 122.8GiB""},{""name"":""lab-invoicing-stub"",""cpu"":""0.00%"",""mem"":""16.6MiB / 122.8GiB""},{""name"":""lab-shipping-stub"",""cpu"":""0.00%"",""mem"":""16.58MiB / 122.8GiB""},{""name"":""lab-eparagony-stub-tls"",""cpu"":""0.00%"",""mem"":""23.3MiB / 122.8GiB""},{""name"":""lab-erli-stub-tls"",""cpu"":""0.00%"",""mem"":""22.67MiB / 122.8GiB""},{""name"":""lab-wc-tls"",""cpu"":""0.00%"",""mem"":""29.52MiB / 122.8GiB""},{""name"":""lab-prestashop"",""cpu"":""10.52%"",""mem"":""139.9MiB / 122.8GiB""},{""name"":""lab-woocommerce"",""cpu"":""0.00%"",""mem"":""317.3MiB / 122.8GiB""},{""name"":""lab-redis"",""cpu"":""0.78%"",""mem"":""80.79MiB / 122.8GiB""},{""name"":""lab-postgres"",""cpu"":""33.85%"",""mem"":""247.1MiB / 122.8GiB""},{""name"":""lab-mysql"",""cpu"":""10.44%"",""mem"":""726.7MiB / 122.8GiB""},{""name"":""lab-woocommerce-mysql"",""cpu"":""5.53%"",""mem"":""515.7MiB / 122.8GiB""}]"
2026-09-10T13:52:44Z,3,1747,2,47,24,2669500083,"[{""name"":""lab-worker-1"",""cpu"":""11.45%"",""mem"":""138.3MiB / 122.8GiB""},{""name"":""lab-api"",""cpu"":""0.01%"",""mem"":""146.8MiB / 122.8GiB""},{""name"":""lab-allegro-stub"",""cpu"":""3.93%"",""mem"":""21.64MiB / 122.8GiB""},{""name"":""lab-erli-stub"",""cpu"":""4.18%"",""mem"":""18.06MiB / 122.8GiB""},{""name"":""lab-eparagony-stub"",""cpu"":""4.34%"",""mem"":""20.37MiB / 122.8GiB""},{""name"":""lab-invoicing-stub"",""cpu"":""3.93%"",""mem"":""24MiB / 122.8GiB""},{""name"":""lab-shipping-stub"",""cpu"":""3.51%"",""mem"":""25.88MiB / 122.8GiB""},{""name"":""lab-eparagony-stub-tls"",""cpu"":""0.00%"",""mem"":""23.3MiB / 122.8GiB""},{""name"":""lab-erli-stub-tls"",""cpu"":""0.00%"",""mem"":""22.67MiB / 122.8GiB""},{""name"":""lab-wc-tls"",""cpu"":""0.00%"",""mem"":""29.52MiB / 122.8GiB""},{""name"":""lab-prestashop"",""cpu"":""12.91%"",""mem"":""140MiB / 122.8GiB""},{""name"":""lab-woocommerce"",""cpu"":""0.00%"",""mem"":""317.3MiB / 122.8GiB""},{""name"":""lab-redis"",""cpu"":""0.82%"",""mem"":""80.79MiB / 122.8GiB""},{""name"":""lab-postgres"",""cpu"":""36.03%"",""mem"":""247.1MiB / 122.8GiB""},{""name"":""lab-mysql"",""cpu"":""10.47%"",""mem"":""726.5MiB / 122.8GiB""},{""name"":""lab-woocommerce-mysql"",""cpu"":""0.83%"",""mem"":""515.7MiB / 122.8GiB""}]"
2026-09-10T13:52:47Z,3,1748,2,47,24,2669500083,"[{""name"":""lab-worker-1"",""cpu"":""14.98%"",""mem"":""138.1MiB / 122.8GiB""},{""name"":""lab-api"",""cpu"":""0.00%"",""mem"":""146.8MiB / 122.8GiB""},{""name"":""lab-allegro-stub"",""cpu"":""0.00%"",""mem"":""21.43MiB / 122.8GiB""},{""name"":""lab-erli-stub"",""cpu"":""0.00%"",""mem"":""18.05MiB / 122.8GiB""},{""name"":""lab-eparagony-stub"",""cpu"":""0.00%"",""mem"":""20.37MiB / 122.8GiB""},{""name"":""lab-invoicing-stub"",""cpu"":""0.00%"",""mem"":""16.6MiB / 122.8GiB""},{""name"":""lab-shipping-stub"",""cpu"":""0.00%"",""mem"":""16.58MiB / 122.8GiB""},{""name"":""lab-eparagony-stub-tls"",""cpu"":""0.00%"",""mem"":""23.3MiB / 122.8GiB""},{""name"":""lab-erli-stub-tls"",""cpu"":""0.00%"",""mem"":""22.67MiB / 122.8GiB""},{""name"":""lab-wc-tls"",""cpu"":""0.00%"",""mem"":""29.52MiB / 122.8GiB""},{""name"":""lab-prestashop"",""cpu"":""11.94%"",""mem"":""140MiB / 122.8GiB""},{""name"":""lab-woocommerce"",""cpu"":""12.24%"",""mem"":""315.3MiB / 122.8GiB""},{""name"":""lab-redis"",""cpu"":""0.94%"",""mem"":""80.8MiB / 122.8GiB""},{""name"":""lab-postgres"",""cpu"":""40.32%"",""mem"":""247.1MiB / 122.8GiB""},{""name"":""lab-mysql"",""cpu"":""14.50%"",""mem"":""726.5MiB / 122.8GiB""},{""name"":""lab-woocommerce-mysql"",""cpu"":""17.11%"",""mem"":""515.7MiB / 122.8GiB""}]"
2026-09-10T13:52:51Z,3,1748,3,47,24,2669500083,"[{""name"":""lab-worker-1"",""cpu"":""26.30%"",""mem"":""138.3MiB / 122.8GiB""},{""name"":""lab-api"",""cpu"":""0.01%"",""mem"":""147MiB / 122.8GiB""},{""name"":""lab-allegro-stub"",""cpu"":""0.01%"",""mem"":""21.43MiB / 122.8GiB""},{""name"":""lab-erli-stub"",""cpu"":""0.01%"",""mem"":""18.05MiB / 122.8GiB""},{""name"":""lab-eparagony-stub"",""cpu"":""0.00%"",""mem"":""20.37MiB / 122.8GiB""},{""name"":""lab-invoicing-stub"",""cpu"":""0.01%"",""mem"":""16.6MiB / 122.8GiB""},{""name"":""lab-shipping-stub"",""cpu"":""0.01%"",""mem"":""16.58MiB / 122.8GiB""},{""name"":""lab-eparagony-stub-tls"",""cpu"":""0.00%"",""mem"":""23.3MiB / 122.8GiB""},{""name"":""lab-erli-stub-tls"",""cpu"":""0.00%"",""mem"":""22.67MiB / 122.8GiB""},{""name"":""lab-wc-tls"",""cpu"":""0.00%"",""mem"":""29.52MiB / 122.8GiB""},{""name"":""lab-prestashop"",""cpu"":""11.13%"",""mem"":""140MiB / 122.8GiB""},{""name"":""lab-woocommerce"",""cpu"":""0.00%"",""mem"":""315.3MiB / 122.8GiB""},{""name"":""lab-redis"",""cpu"":""0.85%"",""mem"":""80.79MiB / 122.8GiB""},{""name"":""lab-postgres"",""cpu"":""35.42%"",""mem"":""247.3MiB / 122.8GiB""},{""name"":""lab-mysql"",""cpu"":""10.06%"",""mem"":""726.7MiB / 122.8GiB""},{""name"":""lab-woocommerce-mysql"",""cpu"":""5.42%"",""mem"":""515.8MiB / 122.8GiB""}]"
2026-09-10T13:52:54Z,4,1748,2,47,23,2669500083,"[{""name"":""lab-worker-1"",""cpu"":""10.75%"",""mem"":""138.8MiB / 122.8GiB""},{""name"":""lab-api"",""cpu"":""0.01%"",""mem"":""147MiB / 122.8GiB""},{""name"":""lab-allegro-stub"",""cpu"":""0.00%"",""mem"":""21.43MiB / 122.8GiB""},{""name"":""lab-erli-stub"",""cpu"":""0.00%"",""mem"":""18.05MiB / 122.8GiB""},{""name"":""lab-eparagony-stub"",""cpu"":""4.38%"",""mem"":""20.44MiB / 122.8GiB""},{""name"":""lab-invoicing-stub"",""cpu"":""0.00%"",""mem"":""16.6MiB / 122.8GiB""},{""name"":""lab-shipping-stub"",""cpu"":""0.00%"",""mem"":""16.58MiB / 122.8GiB""},{""name"":""lab-eparagony-stub-tls"",""cpu"":""0.00%"",""mem"":""23.3MiB / 122.8GiB""},{""name"":""lab-erli-stub-tls"",""cpu"":""0.00%"",""mem"":""22.67MiB / 122.8GiB""},{""name"":""lab-wc-tls"",""cpu"":""0.00%"",""mem"":""29.52MiB / 122.8GiB""},{""name"":""lab-prestashop"",""cpu"":""12.27%"",""mem"":""140MiB / 122.8GiB""},{""name"":""lab-woocommerce"",""cpu"":""0.01%"",""mem"":""315.3MiB / 122.8GiB""},{""name"":""lab-redis"",""cpu"":""0.87%"",""mem"":""80.8MiB / 122.8GiB""},{""name"":""lab-postgres"",""cpu"":""34.94%"",""mem"":""247.1MiB / 122.8GiB""},{""name"":""lab-mysql"",""cpu"":""13.18%"",""mem"":""726.5MiB / 122.8GiB""},{""name"":""lab-woocommerce-mysql"",""cpu"":""0.78%"",""mem"":""515.7MiB / 122.8GiB""}]"
2026-09-10T13:52:57Z,3,1748,2,47,23,2669508275,"[{""name"":""lab-worker-1"",""cpu"":""14.32%"",""mem"":""138.8MiB / 122.8GiB""},{""name"":""lab-api"",""cpu"":""0.00%"",""mem"":""147MiB / 122.8GiB""},{""name"":""lab-allegro-stub"",""cpu"":""0.01%"",""mem"":""21.43MiB / 122.8GiB""},{""name"":""lab-erli-stub"",""cpu"":""0.00%"",""mem"":""18.05MiB / 122.8GiB""},{""name"":""lab-eparagony-stub"",""cpu"":""0.01%"",""mem"":""20.37MiB / 122.8GiB""},{""name"":""lab-invoicing-stub"",""cpu"":""0.01%"",""mem"":""16.61MiB / 122.8GiB""},{""name"":""lab-shipping-stub"",""cpu"":""0.00%"",""mem"":""16.58MiB / 122.8GiB""},{""name"":""lab-eparagony-stub-tls"",""cpu"":""0.00%"",""mem"":""23.3MiB / 122.8GiB""},{""name"":""lab-erli-stub-tls"",""cpu"":""0.00%"",""mem"":""22.67MiB / 122.8GiB""},{""name"":""lab-wc-tls"",""cpu"":""0.00%"",""mem"":""29.52MiB / 122.8GiB""},{""name"":""lab-prestashop"",""cpu"":""11.27%"",""mem"":""142MiB / 122.8GiB""},{""name"":""lab-woocommerce"",""cpu"":""0.00%"",""mem"":""315.3MiB / 122.8GiB""},{""name"":""lab-redis"",""cpu"":""0.95%"",""mem"":""80.8MiB / 122.8GiB""},{""name"":""lab-postgres"",""cpu"":""36.75%"",""mem"":""247.1MiB / 122.8GiB""},{""name"":""lab-mysql"",""cpu"":""10.84%"",""mem"":""726.5MiB / 122.8GiB""},{""name"":""lab-woocommerce-mysql"",""cpu"":""1.43%"",""mem"":""515.7MiB / 122.8GiB""}]"
2026-09-10T13:53:00Z,3,1748,4,47,23,2669516467,"[{""name"":""lab-worker-1"",""cpu"":""11.04%"",""mem"":""139.6MiB / 122.8GiB""},{""name"":""lab-api"",""cpu"":""0.00%"",""mem"":""147MiB / 122.8GiB""},{""name"":""lab-allegro-stub"",""cpu"":""4.47%"",""mem"":""21.43MiB / 122.8GiB""},{""name"":""lab-erli-stub"",""cpu"":""4.16%"",""mem"":""18.06MiB / 122.8GiB""},{""name"":""lab-eparagony-stub"",""cpu"":""0.01%"",""mem"":""20.37MiB / 122.8GiB""},{""name"":""lab-invoicing-stub"",""cpu"":""4.36%"",""mem"":""16.61MiB / 122.8GiB""},{""name"":""lab-shipping-stub"",""cpu"":""3.38%"",""mem"":""16.6MiB / 122.8GiB""},{""name"":""lab-eparagony-stub-tls"",""cpu"":""0.00%"",""mem"":""23.3MiB / 122.8GiB""},{""name"":""lab-erli-stub-tls"",""cpu"":""0.00%"",""mem"":""22.67MiB / 122.8GiB""},{""name"":""lab-wc-tls"",""cpu"":""0.00%"",""mem"":""29.52MiB / 122.8GiB""},{""name"":""lab-prestashop"",""cpu"":""11.33%"",""mem"":""142MiB / 122.8GiB""},{""name"":""lab-woocommerce"",""cpu"":""0.01%"",""mem"":""315.3MiB / 122.8GiB""},{""name"":""lab-redis"",""cpu"":""1.27%"",""mem"":""80.8MiB / 122.8GiB""},{""name"":""lab-postgres"",""cpu"":""34.29%"",""mem"":""244.3MiB / 122.8GiB""},{""name"":""lab-mysql"",""cpu"":""10.23%"",""mem"":""726.5MiB / 122.8GiB""},{""name"":""lab-woocommerce-mysql"",""cpu"":""0.76%"",""mem"":""515.7MiB / 122.8GiB""}]"
2026-09-10T13:53:03Z,3,1749,2,47,22,2669516467,"[{""name"":""lab-worker-1"",""cpu"":""9.48%"",""mem"":""139.2MiB / 122.8GiB""},{""name"":""lab-api"",""cpu"":""0.00%"",""mem"":""147MiB / 122.8GiB""},{""name"":""lab-allegro-stub"",""cpu"":""0.00%"",""mem"":""21.43MiB / 122.8GiB""},{""name"":""lab-erli-stub"",""cpu"":""0.00%"",""mem"":""18.05MiB / 122.8GiB""},{""name"":""lab-eparagony-stub"",""cpu"":""0.00%"",""mem"":""20.37MiB / 122.8GiB""},{""name"":""lab-invoicing-stub"",""cpu"":""0.00%"",""mem"":""16.6MiB / 122.8GiB""},{""name"":""lab-shipping-stub"",""cpu"":""0.00%"",""mem"":""16.58MiB / 122.8GiB""},{""name"":""lab-eparagony-stub-tls"",""cpu"":""0.00%"",""mem"":""23.3MiB / 122.8GiB""},{""name"":""lab-erli-stub-tls"",""cpu"":""0.00%"",""mem"":""22.67MiB / 122.8GiB""},{""name"":""lab-wc-tls"",""cpu"":""0.00%"",""mem"":""29.52MiB / 122.8GiB""},{""name"":""lab-prestashop"",""cpu"":""11.14%"",""mem"":""142.2MiB / 122.8GiB""},{""name"":""lab-woocommerce"",""cpu"":""0.00%"",""mem"":""315.3MiB / 122.8GiB""},{""name"":""lab-redis"",""cpu"":""0.84%"",""mem"":""80.8MiB / 122.8GiB""},{""name"":""lab-postgres"",""cpu"":""33.93%"",""mem"":""244.3MiB / 122.8GiB""},{""name"":""lab-mysql"",""cpu"":""11.61%"",""mem"":""727MiB / 122.8GiB""},{""name"":""lab-woocommerce-mysql"",""cpu"":""0.73%"",""mem"":""515.7MiB / 122.8GiB""}]"
2026-09-10T13:53:06Z,3,1751,1,47,21,2669524659,"[{""name"":""lab-worker-1"",""cpu"":""10.19%"",""mem"":""140.1MiB / 122.8GiB""},{""name"":""lab-api"",""cpu"":""0.00%"",""mem"":""147MiB / 122.8GiB""},{""name"":""lab-allegro-stub"",""cpu"":""0.00%"",""mem"":""21.43MiB / 122.8GiB""},{""name"":""lab-erli-stub"",""cpu"":""0.00%"",""mem"":""18.05MiB / 122.8GiB""},{""name"":""lab-eparagony-stub"",""cpu"":""0.00%"",""mem"":""20.37MiB / 122.8GiB""},{""name"":""lab-invoicing-stub"",""cpu"":""0.00%"",""mem"":""16.6MiB / 122.8GiB""},{""name"":""lab-shipping-stub"",""cpu"":""0.01%"",""mem"":""16.58MiB / 122.8GiB""},{""name"":""lab-eparagony-stub-tls"",""cpu"":""0.00%"",""mem"":""23.3MiB / 122.8GiB""},{""name"":""lab-erli-stub-tls"",""cpu"":""0.00%"",""mem"":""22.67MiB / 122.8GiB""},{""name"":""lab-wc-tls"",""cpu"":""0.00%"",""mem"":""29.52MiB / 122.8GiB""},{""name"":""lab-prestashop"",""cpu"":""10.37%"",""mem"":""142MiB / 122.8GiB""},{""name"":""lab-woocommerce"",""cpu"":""0.01%"",""mem"":""315.3MiB / 122.8GiB""},{""name"":""lab-redis"",""cpu"":""0.88%"",""mem"":""80.8MiB / 122.8GiB""},{""name"":""lab-postgres"",""cpu"":""36.10%"",""mem"":""244.3MiB / 122.8GiB""},{""name"":""lab-mysql"",""cpu"":""10.87%"",""mem"":""726.5MiB / 122.8GiB""},{""name"":""lab-woocommerce-mysql"",""cpu"":""0.73%"",""mem"":""515.7MiB / 122.8GiB""}]"
2026-09-10T13:53:09Z,3,1750,2,47,20,2669524659,"[{""name"":""lab-worker-1"",""cpu"":""8.21%"",""mem"":""139.3MiB / 122.8GiB""},{""name"":""lab-api"",""cpu"":""0.01%"",""mem"":""147.2MiB / 122.8GiB""},{""name"":""lab-allegro-stub"",""cpu"":""0.06%"",""mem"":""21.43MiB / 122.8GiB""},{""name"":""lab-erli-stub"",""cpu"":""4.18%"",""mem"":""18.09MiB / 122.8GiB""},{""name"":""lab-eparagony-stub"",""cpu"":""4.33%"",""mem"":""20.37MiB / 122.8GiB""},{""name"":""lab-invoicing-stub"",""cpu"":""0.00%"",""mem"":""16.6MiB / 122.8GiB""},{""name"":""lab-shipping-stub"",""cpu"":""0.00%"",""mem"":""16.58MiB / 122.8GiB""},{""name"":""lab-eparagony-stub-tls"",""cpu"":""0.00%"",""mem"":""23.3MiB / 122.8GiB""},{""name"":""lab-erli-stub-tls"",""cpu"":""0.00%"",""mem"":""22.67MiB / 122.8GiB""},{""name"":""lab-wc-tls"",""cpu"":""0.00%"",""mem"":""29.52MiB / 122.8GiB""},{""name"":""lab-prestashop"",""cpu"":""10.56%"",""mem"":""142MiB / 122.8GiB""},{""name"":""lab-woocommerce"",""cpu"":""0.00%"",""mem"":""315.3MiB / 122.8GiB""},{""name"":""lab-redis"",""cpu"":""0.87%"",""mem"":""80.8MiB / 122.8GiB""},{""name"":""lab-postgres"",""cpu"":""36.96%"",""mem"":""247.1MiB / 122.8GiB""},{""name"":""lab-mysql"",""cpu"":""9.55%"",""mem"":""726.5MiB / 122.8GiB""},{""name"":""lab-woocommerce-mysql"",""cpu"":""0.71%"",""mem"":""515.7MiB / 122.8GiB""}]"
2026-09-10T13:53:12Z,3,1750,2,47,21,2669524659,"[{""name"":""lab-worker-1"",""cpu"":""9.51%"",""mem"":""139.5MiB / 122.8GiB""},{""name"":""lab-api"",""cpu"":""0.00%"",""mem"":""147.2MiB / 122.8GiB""},{""name"":""lab-allegro-stub"",""cpu"":""0.07%"",""mem"":""21.43MiB / 122.8GiB""},{""name"":""lab-erli-stub"",""cpu"":""0.01%"",""mem"":""18.05MiB / 122.8GiB""},{""name"":""lab-eparagony-stub"",""cpu"":""0.00%"",""mem"":""20.37MiB / 122.8GiB""},{""name"":""lab-invoicing-stub"",""cpu"":""0.00%"",""mem"":""16.6MiB / 122.8GiB""},{""name"":""lab-shipping-stub"",""cpu"":""0.00%"",""mem"":""16.58MiB / 122.8GiB""},{""name"":""lab-eparagony-stub-tls"",""cpu"":""0.00%"",""mem"":""23.3MiB / 122.8GiB""},{""name"":""lab-erli-stub-tls"",""cpu"":""0.00%"",""mem"":""22.67MiB / 122.8GiB""},{""name"":""lab-wc-tls"",""cpu"":""0.00%"",""mem"":""29.52MiB / 122.8GiB""},{""name"":""lab-prestashop"",""cpu"":""17.07%"",""mem"":""140MiB / 122.8GiB""},{""name"":""lab-woocommerce"",""cpu"":""0.01%"",""mem"":""315.3MiB / 122.8GiB""},{""name"":""lab-redis"",""cpu"":""0.78%"",""mem"":""80.8MiB / 122.8GiB""},{""name"":""lab-postgres"",""cpu"":""36.19%"",""mem"":""247.1MiB / 122.8GiB""},{""name"":""lab-mysql"",""cpu"":""10.52%"",""mem"":""726.5MiB / 122.8GiB""},{""name"":""lab-woocommerce-mysql"",""cpu"":""0.75%"",""mem"":""515.7MiB / 122.8GiB""}]"
2026-09-10T13:53:16Z,3,1750,2,47,20,2669532851,"[{""name"":""lab-worker-1"",""cpu"":""3.26%"",""mem"":""139MiB / 122.8GiB""},{""name"":""lab-api"",""cpu"":""0.00%"",""mem"":""147.2MiB / 122.8GiB""},{""name"":""lab-allegro-stub"",""cpu"":""4.40%"",""mem"":""21.47MiB / 122.8GiB""},{""name"":""lab-erli-stub"",""cpu"":""0.01%"",""mem"":""18.05MiB / 122.8GiB""},{""name"":""lab-eparagony-stub"",""cpu"":""0.01%"",""mem"":""20.37MiB / 122.8GiB""},{""name"":""lab-invoicing-stub"",""cpu"":""4.33%"",""mem"":""16.6MiB / 122.8GiB""},{""name"":""lab-shipping-stub"",""cpu"":""3.98%"",""mem"":""16.58MiB / 122.8GiB""},{""name"":""lab-eparagony-stub-tls"",""cpu"":""0.00%"",""mem"":""23.3MiB / 122.8GiB""},{""name"":""lab-erli-stub-tls"",""cpu"":""0.00%"",""mem"":""22.67MiB / 122.8GiB""},{""name"":""lab-wc-tls"",""cpu"":""0.00%"",""mem"":""29.52MiB / 122.8GiB""},{""name"":""lab-prestashop"",""cpu"":""7.71%"",""mem"":""140MiB / 122.8GiB""},{""name"":""lab-woocommerce"",""cpu"":""0.01%"",""mem"":""315.3MiB / 122.8GiB""},{""name"":""lab-redis"",""cpu"":""4.74%"",""mem"":""80.8MiB / 122.8GiB""},{""name"":""lab-postgres"",""cpu"":""31.61%"",""mem"":""247.1MiB / 122.8GiB""},{""name"":""lab-mysql"",""cpu"":""6.56%"",""mem"":""726.5MiB / 122.8GiB""},{""name"":""lab-woocommerce-mysql"",""cpu"":""0.79%"",""mem"":""515.7MiB / 122.8GiB""}]"
2026-09-10T13:53:19Z,4,1750,2,47,21,2669532851,"[{""name"":""lab-worker-1"",""cpu"":""6.40%"",""mem"":""139.1MiB / 122.8GiB""},{""name"":""lab-api"",""cpu"":""0.88%"",""mem"":""147.2MiB / 122.8GiB""},{""name"":""lab-allegro-stub"",""cpu"":""0.04%"",""mem"":""21.43MiB / 122.8GiB""},{""name"":""lab-erli-stub"",""cpu"":""0.00%"",""mem"":""18.05MiB / 122.8GiB""},{""name"":""lab-eparagony-stub"",""cpu"":""0.00%"",""mem"":""20.37MiB / 122.8GiB""},{""name"":""lab-invoicing-stub"",""cpu"":""0.00%"",""mem"":""16.6MiB / 122.8GiB""},{""name"":""lab-shipping-stub"",""cpu"":""0.00%"",""mem"":""16.58MiB / 122.8GiB""},{""name"":""lab-eparagony-stub-tls"",""cpu"":""0.00%"",""mem"":""23.3MiB / 122.8GiB""},{""name"":""lab-erli-stub-tls"",""cpu"":""0.00%"",""mem"":""22.67MiB / 122.8GiB""},{""name"":""lab-wc-tls"",""cpu"":""0.00%"",""mem"":""29.52MiB / 122.8GiB""},{""name"":""lab-prestashop"",""cpu"":""8.50%"",""mem"":""142MiB / 122.8GiB""},{""name"":""lab-woocommerce"",""cpu"":""0.00%"",""mem"":""317.3MiB / 122.8GiB""},{""name"":""lab-redis"",""cpu"":""0.97%"",""mem"":""80.8MiB / 122.8GiB""},{""name"":""lab-postgres"",""cpu"":""34.20%"",""mem"":""243.5MiB / 122.8GiB""},{""name"":""lab-mysql"",""cpu"":""8.79%"",""mem"":""726.5MiB / 122.8GiB""},{""name"":""lab-woocommerce-mysql"",""cpu"":""0.71%"",""mem"":""515.7MiB / 122.8GiB""}]"
2026-09-10T13:53:22Z,3,1750,3,47,20,2669549235,"[{""name"":""lab-worker-1"",""cpu"":""4.96%"",""mem"":""139.9MiB / 122.8GiB""},{""name"":""lab-api"",""cpu"":""0.00%"",""mem"":""147.2MiB / 122.8GiB""},{""name"":""lab-allegro-stub"",""cpu"":""0.00%"",""mem"":""21.43MiB / 122.8GiB""},{""name"":""lab-erli-stub"",""cpu"":""0.00%"",""mem"":""18.06MiB / 122.8GiB""},{""name"":""lab-eparagony-stub"",""cpu"":""0.00%"",""mem"":""20.37MiB / 122.8GiB""},{""name"":""lab-invoicing-stub"",""cpu"":""0.00%"",""mem"":""16.6MiB / 122.8GiB""},{""name"":""lab-shipping-stub"",""cpu"":""0.00%"",""mem"":""16.58MiB / 122.8GiB""},{""name"":""lab-eparagony-stub-tls"",""cpu"":""0.00%"",""mem"":""23.3MiB / 122.8GiB""},{""name"":""lab-erli-stub-tls"",""cpu"":""0.00%"",""mem"":""22.67MiB / 122.8GiB""},{""name"":""lab-wc-tls"",""cpu"":""0.00%"",""mem"":""29.52MiB / 122.8GiB""},{""name"":""lab-prestashop"",""cpu"":""6.27%"",""mem"":""142MiB / 122.8GiB""},{""name"":""lab-woocommerce"",""cpu"":""0.00%"",""mem"":""317.3MiB / 122.8GiB""},{""name"":""lab-redis"",""cpu"":""0.59%"",""mem"":""80.8MiB / 122.8GiB""},{""name"":""lab-postgres"",""cpu"":""34.30%"",""mem"":""243.6MiB / 122.8GiB""},{""name"":""lab-mysql"",""cpu"":""6.71%"",""mem"":""726.5MiB / 122.8GiB""},{""name"":""lab-woocommerce-mysql"",""cpu"":""0.77%"",""mem"":""515.7MiB / 122.8GiB""}]"
2026-09-10T13:53:25Z,3,1750,2,47,20,2669549235,"[{""name"":""lab-worker-1"",""cpu"":""4.48%"",""mem"":""139MiB / 122.8GiB""},{""name"":""lab-api"",""cpu"":""0.00%"",""mem"":""147.2MiB / 122.8GiB""},{""name"":""lab-allegro-stub"",""cpu"":""4.11%"",""mem"":""21.55MiB / 122.8GiB""},{""name"":""lab-erli-stub"",""cpu"":""3.98%"",""mem"":""18.06MiB / 122.8GiB""},{""name"":""lab-eparagony-stub"",""cpu"":""0.01%"",""mem"":""20.37MiB / 122.8GiB""},{""name"":""lab-invoicing-stub"",""cpu"":""3.74%"",""mem"":""16.63MiB / 122.8GiB""},{""name"":""lab-shipping-stub"",""cpu"":""3.92%"",""mem"":""16.59MiB / 122.8GiB""},{""name"":""lab-eparagony-stub-tls"",""cpu"":""0.00%"",""mem"":""23.3MiB / 122.8GiB""},{""name"":""lab-erli-stub-tls"",""cpu"":""0.00%"",""mem"":""22.67MiB / 122.8GiB""},{""name"":""lab-wc-tls"",""cpu"":""0.00%"",""mem"":""29.52MiB / 122.8GiB""},{""name"":""lab-prestashop"",""cpu"":""6.28%"",""mem"":""142MiB / 122.8GiB""},{""name"":""lab-woocommerce"",""cpu"":""0.00%"",""mem"":""317.3MiB / 122.8GiB""},{""name"":""lab-redis"",""cpu"":""4.65%"",""mem"":""80.91MiB / 122.8GiB""},{""name"":""lab-postgres"",""cpu"":""33.78%"",""mem"":""243.5MiB / 122.8GiB""},{""name"":""lab-mysql"",""cpu"":""5.81%"",""mem"":""726.5MiB / 122.8GiB""},{""name"":""lab-woocommerce-mysql"",""cpu"":""0.67%"",""mem"":""515.7MiB / 122.8GiB""}]"
2026-09-10T13:53:28Z,3,1750,2,47,21,2669549235,"[{""name"":""lab-worker-1"",""cpu"":""5.22%"",""mem"":""139MiB / 122.8GiB""},{""name"":""lab-api"",""cpu"":""0.92%"",""mem"":""147.3MiB / 122.8GiB""},{""name"":""lab-allegro-stub"",""cpu"":""0.00%"",""mem"":""21.43MiB / 122.8GiB""},{""name"":""lab-erli-stub"",""cpu"":""0.00%"",""mem"":""18.05MiB / 122.8GiB""},{""name"":""lab-eparagony-stub"",""cpu"":""0.00%"",""mem"":""20.37MiB / 122.8GiB""},{""name"":""lab-invoicing-stub"",""cpu"":""0.00%"",""mem"":""16.6MiB / 122.8GiB""},{""name"":""lab-shipping-stub"",""cpu"":""0.00%"",""mem"":""16.58MiB / 122.8GiB""},{""name"":""lab-eparagony-stub-tls"",""cpu"":""0.00%"",""mem"":""23.3MiB / 122.8GiB""},{""name"":""lab-erli-stub-tls"",""cpu"":""0.00%"",""mem"":""22.67MiB / 122.8GiB""},{""name"":""lab-wc-tls"",""cpu"":""0.00%"",""mem"":""29.52MiB / 122.8GiB""},{""name"":""lab-prestashop"",""cpu"":""8.83%"",""mem"":""142MiB / 122.8GiB""},{""name"":""lab-woocommerce"",""cpu"":""0.00%"",""mem"":""317.3MiB / 122.8GiB""},{""name"":""lab-redis"",""cpu"":""0.83%"",""mem"":""80.8MiB / 122.8GiB""},{""name"":""lab-postgres"",""cpu"":""37.49%"",""mem"":""243.6MiB / 122.8GiB""},{""name"":""lab-mysql"",""cpu"":""12.25%"",""mem"":""726.5MiB / 122.8GiB""},{""name"":""lab-woocommerce-mysql"",""cpu"":""0.73%"",""mem"":""515.7MiB / 122.8GiB""}]"
2026-09-10T13:53:31Z,3,1750,3,47,20,2669549235,"[{""name"":""lab-worker-1"",""cpu"":""6.54%"",""mem"":""139.8MiB / 122.8GiB""},{""name"":""lab-api"",""cpu"":""0.00%"",""mem"":""147.3MiB / 122.8GiB""},{""name"":""lab-allegro-stub"",""cpu"":""0.01%"",""mem"":""21.43MiB / 122.8GiB""},{""name"":""lab-erli-stub"",""cpu"":""0.00%"",""mem"":""18.05MiB / 122.8GiB""},{""name"":""lab-eparagony-stub"",""cpu"":""0.00%"",""mem"":""20.37MiB / 122.8GiB""},{""name"":""lab-invoicing-stub"",""cpu"":""0.01%"",""mem"":""16.6MiB / 122.8GiB""},{""name"":""lab-shipping-stub"",""cpu"":""0.01%"",""mem"":""16.58MiB / 122.8GiB""},{""name"":""lab-eparagony-stub-tls"",""cpu"":""0.00%"",""mem"":""23.3MiB / 122.8GiB""},{""name"":""lab-erli-stub-tls"",""cpu"":""0.00%"",""mem"":""22.67MiB / 122.8GiB""},{""name"":""lab-wc-tls"",""cpu"":""0.00%"",""mem"":""29.52MiB / 122.8GiB""},{""name"":""lab-prestashop"",""cpu"":""12.48%"",""mem"":""142MiB / 122.8GiB""},{""name"":""lab-woocommerce"",""cpu"":""0.00%"",""mem"":""317.3MiB / 122.8GiB""},{""name"":""lab-redis"",""cpu"":""0.99%"",""mem"":""80.8MiB / 122.8GiB""},{""name"":""lab-postgres"",""cpu"":""32.39%"",""mem"":""243.5MiB / 122.8GiB""},{""name"":""lab-mysql"",""cpu"":""13.94%"",""mem"":""726.5MiB / 122.8GiB""},{""name"":""lab-woocommerce-mysql"",""cpu"":""4.94%"",""mem"":""515.7MiB / 122.8GiB""}]"
2026-09-10T13:53:34Z,3,1751,2,47,19,2669549235,"[{""name"":""lab-worker-1"",""cpu"":""4.68%"",""mem"":""139.2MiB / 122.8GiB""},{""name"":""lab-api"",""cpu"":""0.01%"",""mem"":""147.3MiB / 122.8GiB""},{""name"":""lab-allegro-stub"",""cpu"":""0.00%"",""mem"":""21.43MiB / 122.8GiB""},{""name"":""lab-erli-stub"",""cpu"":""0.00%"",""mem"":""18.05MiB / 122.8GiB""},{""name"":""lab-eparagony-stub"",""cpu"":""4.20%"",""mem"":""20.43MiB / 122.8GiB""},{""name"":""lab-invoicing-stub"",""cpu"":""0.00%"",""mem"":""16.6MiB / 122.8GiB""},{""name"":""lab-shipping-stub"",""cpu"":""0.00%"",""mem"":""16.58MiB / 122.8GiB""},{""name"":""lab-eparagony-stub-tls"",""cpu"":""0.00%"",""mem"":""23.3MiB / 122.8GiB""},{""name"":""lab-erli-stub-tls"",""cpu"":""0.00%"",""mem"":""22.67MiB / 122.8GiB""},{""name"":""lab-wc-tls"",""cpu"":""0.00%"",""mem"":""29.52MiB / 122.8GiB""},{""name"":""lab-prestashop"",""cpu"":""6.32%"",""mem"":""142MiB / 122.8GiB""},{""name"":""lab-woocommerce"",""cpu"":""0.01%"",""mem"":""317.3MiB / 122.8GiB""},{""name"":""lab-redis"",""cpu"":""0.58%"",""mem"":""80.81MiB / 122.8GiB""},{""name"":""lab-postgres"",""cpu"":""33.24%"",""mem"":""243.5MiB / 122.8GiB""},{""name"":""lab-mysql"",""cpu"":""6.02%"",""mem"":""726.5MiB / 122.8GiB""},{""name"":""lab-woocommerce-mysql"",""cpu"":""0.70%"",""mem"":""515.7MiB / 122.8GiB""}]"
2026-09-10T13:53:37Z,3,1751,2,47,19,2669549235,"[{""name"":""lab-worker-1"",""cpu"":""4.04%"",""mem"":""139MiB / 122.8GiB""},{""name"":""lab-api"",""cpu"":""0.00%"",""mem"":""147.3MiB / 122.8GiB""},{""name"":""lab-allegro-stub"",""cpu"":""0.00%"",""mem"":""21.43MiB / 122.8GiB""},{""name"":""lab-erli-stub"",""cpu"":""0.00%"",""mem"":""18.05MiB / 122.8GiB""},{""name"":""lab-eparagony-stub"",""cpu"":""0.00%"",""mem"":""20.37MiB / 122.8GiB""},{""name"":""lab-invoicing-stub"",""cpu"":""0.00%"",""mem"":""16.6MiB / 122.8GiB""},{""name"":""lab-shipping-stub"",""cpu"":""0.00%"",""mem"":""16.58MiB / 122.8GiB""},{""name"":""lab-eparagony-stub-tls"",""cpu"":""0.00%"",""mem"":""23.3MiB / 122.8GiB""},{""name"":""lab-erli-stub-tls"",""cpu"":""0.00%"",""mem"":""22.67MiB / 122.8GiB""},{""name"":""lab-wc-tls"",""cpu"":""0.00%"",""mem"":""29.52MiB / 122.8GiB""},{""name"":""lab-prestashop"",""cpu"":""6.47%"",""mem"":""142MiB / 122.8GiB""},{""name"":""lab-woocommerce"",""cpu"":""0.01%"",""mem"":""317.3MiB / 122.8GiB""},{""name"":""lab-redis"",""cpu"":""0.52%"",""mem"":""80.8MiB / 122.8GiB""},{""name"":""lab-postgres"",""cpu"":""37.72%"",""mem"":""243.8MiB / 122.8GiB""},{""name"":""lab-mysql"",""cpu"":""6.49%"",""mem"":""726.5MiB / 122.8GiB""},{""name"":""lab-woocommerce-mysql"",""cpu"":""0.82%"",""mem"":""515.7MiB / 122.8GiB""}]"
2026-09-10T13:53:40Z,3,1751,3,47,19,2669549235,"[{""name"":""lab-worker-1"",""cpu"":""6.49%"",""mem"":""139MiB / 122.8GiB""},{""name"":""lab-api"",""cpu"":""0.00%"",""mem"":""147.3MiB / 122.8GiB""},{""name"":""lab-allegro-stub"",""cpu"":""3.98%"",""mem"":""21.43MiB / 122.8GiB""},{""name"":""lab-erli-stub"",""cpu"":""1.01%"",""mem"":""18.05MiB / 122.8GiB""},{""name"":""lab-eparagony-stub"",""cpu"":""0.01%"",""mem"":""20.37MiB / 122.8GiB""},{""name"":""lab-invoicing-stub"",""cpu"":""4.00%"",""mem"":""16.6MiB / 122.8GiB""},{""name"":""lab-shipping-stub"",""cpu"":""3.98%"",""mem"":""16.58MiB / 122.8GiB""},{""name"":""lab-eparagony-stub-tls"",""cpu"":""0.00%"",""mem"":""23.3MiB / 122.8GiB""},{""name"":""lab-erli-stub-tls"",""cpu"":""0.00%"",""mem"":""22.67MiB / 122.8GiB""},{""name"":""lab-wc-tls"",""cpu"":""0.00%"",""mem"":""29.52MiB / 122.8GiB""},{""name"":""lab-prestashop"",""cpu"":""8.08%"",""mem"":""142.2MiB / 122.8GiB""},{""name"":""lab-woocommerce"",""cpu"":""0.01%"",""mem"":""317.3MiB / 122.8GiB""},{""name"":""lab-redis"",""cpu"":""0.65%"",""mem"":""80.8MiB / 122.8GiB""},{""name"":""lab-postgres"",""cpu"":""34.24%"",""mem"":""243.6MiB / 122.8GiB""},{""name"":""lab-mysql"",""cpu"":""7.30%"",""mem"":""726.5MiB / 122.8GiB""},{""name"":""lab-woocommerce-mysql"",""cpu"":""0.74%"",""mem"":""515.7MiB / 122.8GiB""}]"
2026-09-10T13:53:44Z,4,1751,2,47,20,2669549235,"[{""name"":""lab-worker-1"",""cpu"":""5.13%"",""mem"":""139MiB / 122.8GiB""},{""name"":""lab-api"",""cpu"":""0.00%"",""mem"":""147.3MiB / 122.8GiB""},{""name"":""lab-allegro-stub"",""cpu"":""0.00%"",""mem"":""21.43MiB / 122.8GiB""},{""name"":""lab-erli-stub"",""cpu"":""0.00%"",""mem"":""18.05MiB / 122.8GiB""},{""name"":""lab-eparagony-stub"",""cpu"":""0.00%"",""mem"":""20.37MiB / 122.8GiB""},{""name"":""lab-invoicing-stub"",""cpu"":""0.00%"",""mem"":""16.6MiB / 122.8GiB""},{""name"":""lab-shipping-stub"",""cpu"":""0.00%"",""mem"":""16.58MiB / 122.8GiB""},{""name"":""lab-eparagony-stub-tls"",""cpu"":""0.00%"",""mem"":""23.3MiB / 122.8GiB""},{""name"":""lab-erli-stub-tls"",""cpu"":""0.00%"",""mem"":""22.67MiB / 122.8GiB""},{""name"":""lab-wc-tls"",""cpu"":""0.00%"",""mem"":""29.52MiB / 122.8GiB""},{""name"":""lab-prestashop"",""cpu"":""8.39%"",""mem"":""139.9MiB / 122.8GiB""},{""name"":""lab-woocommerce"",""cpu"":""0.01%"",""mem"":""317.3MiB / 122.8GiB""},{""name"":""lab-redis"",""cpu"":""0.74%"",""mem"":""80.8MiB / 122.8GiB""},{""name"":""lab-postgres"",""cpu"":""33.78%"",""mem"":""243.6MiB / 122.8GiB""},{""name"":""lab-mysql"",""cpu"":""7.73%"",""mem"":""726.5MiB / 122.8GiB""},{""name"":""lab-woocommerce-mysql"",""cpu"":""0.79%"",""mem"":""515.7MiB / 122.8GiB""}]"
2026-09-10T13:53:47Z,3,1751,1,47,20,2669557427,"[{""name"":""lab-worker-1"",""cpu"":""4.67%"",""mem"":""139.3MiB / 122.8GiB""},{""name"":""lab-api"",""cpu"":""0.00%"",""mem"":""147.3MiB / 122.8GiB""},{""name"":""lab-allegro-stub"",""cpu"":""0.00%"",""mem"":""21.43MiB / 122.8GiB""},{""name"":""lab-erli-stub"",""cpu"":""0.00%"",""mem"":""18.05MiB / 122.8GiB""},{""name"":""lab-eparagony-stub"",""cpu"":""0.00%"",""mem"":""20.37MiB / 122.8GiB""},{""name"":""lab-invoicing-stub"",""cpu"":""0.00%"",""mem"":""16.6MiB / 122.8GiB""},{""name"":""lab-shipping-stub"",""cpu"":""0.00%"",""mem"":""16.58MiB / 122.8GiB""},{""name"":""lab-eparagony-stub-tls"",""cpu"":""0.00%"",""mem"":""23.3MiB / 122.8GiB""},{""name"":""lab-erli-stub-tls"",""cpu"":""0.00%"",""mem"":""22.67MiB / 122.8GiB""},{""name"":""lab-wc-tls"",""cpu"":""0.00%"",""mem"":""29.52MiB / 122.8GiB""},{""name"":""lab-prestashop"",""cpu"":""7.50%"",""mem"":""139.9MiB / 122.8GiB""},{""name"":""lab-woocommerce"",""cpu"":""0.01%"",""mem"":""317.3MiB / 122.8GiB""},{""name"":""lab-redis"",""cpu"":""0.68%"",""mem"":""80.8MiB / 122.8GiB""},{""name"":""lab-postgres"",""cpu"":""31.93%"",""mem"":""243.6MiB / 122.8GiB""},{""name"":""lab-mysql"",""cpu"":""7.81%"",""mem"":""726.5MiB / 122.8GiB""},{""name"":""lab-woocommerce-mysql"",""cpu"":""0.74%"",""mem"":""515.7MiB / 122.8GiB""}]"
2026-09-10T13:53:50Z,3,1751,1,47,22,2669565619,"[{""name"":""lab-worker-1"",""cpu"":""6.25%"",""mem"":""139MiB / 122.8GiB""},{""name"":""lab-api"",""cpu"":""0.00%"",""mem"":""147.4MiB / 122.8GiB""},{""name"":""lab-allegro-stub"",""cpu"":""0.00%"",""mem"":""21.43MiB / 122.8GiB""},{""name"":""lab-erli-stub"",""cpu"":""4.17%"",""mem"":""18.11MiB / 122.8GiB""},{""name"":""lab-eparagony-stub"",""cpu"":""4.04%"",""mem"":""20.37MiB / 122.8GiB""},{""name"":""lab-invoicing-stub"",""cpu"":""0.00%"",""mem"":""16.6MiB / 122.8GiB""},{""name"":""lab-shipping-stub"",""cpu"":""0.00%"",""mem"":""16.58MiB / 122.8GiB""},{""name"":""lab-eparagony-stub-tls"",""cpu"":""0.00%"",""mem"":""23.3MiB / 122.8GiB""},{""name"":""lab-erli-stub-tls"",""cpu"":""0.00%"",""mem"":""22.67MiB / 122.8GiB""},{""name"":""lab-wc-tls"",""cpu"":""0.00%"",""mem"":""29.52MiB / 122.8GiB""},{""name"":""lab-prestashop"",""cpu"":""13.74%"",""mem"":""139.9MiB / 122.8GiB""},{""name"":""lab-woocommerce"",""cpu"":""0.01%"",""mem"":""315.3MiB / 122.8GiB""},{""name"":""lab-redis"",""cpu"":""1.21%"",""mem"":""80.8MiB / 122.8GiB""},{""name"":""lab-postgres"",""cpu"":""29.74%"",""mem"":""242.7MiB / 122.8GiB""},{""name"":""lab-mysql"",""cpu"":""15.73%"",""mem"":""726.5MiB / 122.8GiB""},{""name"":""lab-woocommerce-mysql"",""cpu"":""0.72%"",""mem"":""515.7MiB / 122.8GiB""}]"
2026-09-10T13:53:53Z,3,1748,2,47,21,2669565619,"[{""name"":""lab-worker-1"",""cpu"":""3.42%"",""mem"":""139MiB / 122.8GiB""},{""name"":""lab-api"",""cpu"":""0.00%"",""mem"":""147.4MiB / 122.8GiB""},{""name"":""lab-allegro-stub"",""cpu"":""0.00%"",""mem"":""21.43MiB / 122.8GiB""},{""name"":""lab-erli-stub"",""cpu"":""0.00%"",""mem"":""18.05MiB / 122.8GiB""},{""name"":""lab-eparagony-stub"",""cpu"":""0.00%"",""mem"":""20.37MiB / 122.8GiB""},{""name"":""lab-invoicing-stub"",""cpu"":""0.00%"",""mem"":""16.61MiB / 122.8GiB""},{""name"":""lab-shipping-stub"",""cpu"":""0.00%"",""mem"":""16.58MiB / 122.8GiB""},{""name"":""lab-eparagony-stub-tls"",""cpu"":""0.00%"",""mem"":""23.3MiB / 122.8GiB""},{""name"":""lab-erli-stub-tls"",""cpu"":""0.00%"",""mem"":""22.67MiB / 122.8GiB""},{""name"":""lab-wc-tls"",""cpu"":""0.00%"",""mem"":""29.52MiB / 122.8GiB""},{""name"":""lab-prestashop"",""cpu"":""7.60%"",""mem"":""140.2MiB / 122.8GiB""},{""name"":""lab-woocommerce"",""cpu"":""0.00%"",""mem"":""315.3MiB / 122.8GiB""},{""name"":""lab-redis"",""cpu"":""0.66%"",""mem"":""80.8MiB / 122.8GiB""},{""name"":""lab-postgres"",""cpu"":""32.93%"",""mem"":""242.7MiB / 122.8GiB""},{""name"":""lab-mysql"",""cpu"":""7.09%"",""mem"":""726.5MiB / 122.8GiB""},{""name"":""lab-woocommerce-mysql"",""cpu"":""0.78%"",""mem"":""515.7MiB / 122.8GiB""}]"
2026-09-10T13:53:56Z,3,1748,2,47,21,2669573811,"[{""name"":""lab-worker-1"",""cpu"":""4.61%"",""mem"":""139.1MiB / 122.8GiB""},{""name"":""lab-api"",""cpu"":""0.00%"",""mem"":""147.4MiB / 122.8GiB""},{""name"":""lab-allegro-stub"",""cpu"":""0.01%"",""mem"":""21.43MiB / 122.8GiB""},{""name"":""lab-erli-stub"",""cpu"":""0.01%"",""mem"":""18.05MiB / 122.8GiB""},{""name"":""lab-eparagony-stub"",""cpu"":""0.00%"",""mem"":""20.37MiB / 122.8GiB""},{""name"":""lab-invoicing-stub"",""cpu"":""0.02%"",""mem"":""16.6MiB / 122.8GiB""},{""name"":""lab-shipping-stub"",""cpu"":""0.99%"",""mem"":""16.58MiB / 122.8GiB""},{""name"":""lab-eparagony-stub-tls"",""cpu"":""0.00%"",""mem"":""23.3MiB / 122.8GiB""},{""name"":""lab-erli-stub-tls"",""cpu"":""0.00%"",""mem"":""22.67MiB / 122.8GiB""},{""name"":""lab-wc-tls"",""cpu"":""0.00%"",""mem"":""29.52MiB / 122.8GiB""},{""name"":""lab-prestashop"",""cpu"":""8.40%"",""mem"":""139.9MiB / 122.8GiB""},{""name"":""lab-woocommerce"",""cpu"":""0.00%"",""mem"":""315.3MiB / 122.8GiB""},{""name"":""lab-redis"",""cpu"":""1.01%"",""mem"":""80.8MiB / 122.8GiB""},{""name"":""lab-postgres"",""cpu"":""33.09%"",""mem"":""242.7MiB / 122.8GiB""},{""name"":""lab-mysql"",""cpu"":""8.09%"",""mem"":""726.5MiB / 122.8GiB""},{""name"":""lab-woocommerce-mysql"",""cpu"":""0.81%"",""mem"":""515.7MiB / 122.8GiB""}]"
2026-09-10T13:53:59Z,3,1748,2,47,23,2669573811,"[{""name"":""lab-worker-1"",""cpu"":""5.34%"",""mem"":""139.1MiB / 122.8GiB""},{""name"":""lab-api"",""cpu"":""0.01%"",""mem"":""147.5MiB / 122.8GiB""},{""name"":""lab-allegro-stub"",""cpu"":""0.09%"",""mem"":""21.43MiB / 122.8GiB""},{""name"":""lab-erli-stub"",""cpu"":""0.00%"",""mem"":""18.05MiB / 122.8GiB""},{""name"":""lab-eparagony-stub"",""cpu"":""4.02%"",""mem"":""20.47MiB / 122.8GiB""},{""name"":""lab-invoicing-stub"",""cpu"":""0.00%"",""mem"":""16.6MiB / 122.8GiB""},{""name"":""lab-shipping-stub"",""cpu"":""0.00%"",""mem"":""16.58MiB / 122.8GiB""},{""name"":""lab-eparagony-stub-tls"",""cpu"":""0.00%"",""mem"":""23.3MiB / 122.8GiB""},{""name"":""lab-erli-stub-tls"",""cpu"":""0.00%"",""mem"":""22.67MiB / 122.8GiB""},{""name"":""lab-wc-tls"",""cpu"":""0.00%"",""mem"":""29.52MiB / 122.8GiB""},{""name"":""lab-prestashop"",""cpu"":""7.64%"",""mem"":""139.9MiB / 122.8GiB""},{""name"":""lab-woocommerce"",""cpu"":""0.00%"",""mem"":""315.3MiB / 122.8GiB""},{""name"":""lab-redis"",""cpu"":""0.82%"",""mem"":""80.8MiB / 122.8GiB""},{""name"":""lab-postgres"",""cpu"":""33.17%"",""mem"":""242.7MiB / 122.8GiB""},{""name"":""lab-mysql"",""cpu"":""8.08%"",""mem"":""726.5MiB / 122.8GiB""},{""name"":""lab-woocommerce-mysql"",""cpu"":""0.74%"",""mem"":""515.7MiB / 122.8GiB""}]"
2026-09-10T13:54:02Z,3,1748,2,47,21,2669573811,"[{""name"":""lab-worker-1"",""cpu"":""4.41%"",""mem"":""139MiB / 122.8GiB""},{""name"":""lab-api"",""cpu"":""0.00%"",""mem"":""147.5MiB / 122.8GiB""},{""name"":""lab-allegro-stub"",""cpu"":""0.04%"",""mem"":""21.43MiB / 122.8GiB""},{""name"":""lab-erli-stub"",""cpu"":""0.00%"",""mem"":""18.05MiB / 122.8GiB""},{""name"":""lab-eparagony-stub"",""cpu"":""0.00%"",""mem"":""20.37MiB / 122.8GiB""},{""name"":""lab-invoicing-stub"",""cpu"":""0.00%"",""mem"":""16.6MiB / 122.8GiB""},{""name"":""lab-shipping-stub"",""cpu"":""0.00%"",""mem"":""16.58MiB / 122.8GiB""},{""name"":""lab-eparagony-stub-tls"",""cpu"":""0.00%"",""mem"":""23.3MiB / 122.8GiB""},{""name"":""lab-erli-stub-tls"",""cpu"":""0.00%"",""mem"":""22.67MiB / 122.8GiB""},{""name"":""lab-wc-tls"",""cpu"":""0.00%"",""mem"":""29.52MiB / 122.8GiB""},{""name"":""lab-prestashop"",""cpu"":""9.65%"",""mem"":""139.9MiB / 122.8GiB""},{""name"":""lab-woocommerce"",""cpu"":""0.00%"",""mem"":""315.3MiB / 122.8GiB""},{""name"":""lab-redis"",""cpu"":""0.70%"",""mem"":""80.8MiB / 122.8GiB""},{""name"":""lab-postgres"",""cpu"":""34.79%"",""mem"":""242.7MiB / 122.8GiB""},{""name"":""lab-mysql"",""cpu"":""8.52%"",""mem"":""726.5MiB / 122.8GiB""},{""name"":""lab-woocommerce-mysql"",""cpu"":""0.77%"",""mem"":""515.7MiB / 122.8GiB""}]"
2026-09-10T13:54:05Z,3,1749,1,47,22,2669590195,"[{""name"":""lab-worker-1"",""cpu"":""4.85%"",""mem"":""139MiB / 122.8GiB""},{""name"":""lab-api"",""cpu"":""0.00%"",""mem"":""147.5MiB / 122.8GiB""},{""name"":""lab-allegro-stub"",""cpu"":""3.78%"",""mem"":""21.45MiB / 122.8GiB""},{""name"":""lab-erli-stub"",""cpu"":""3.45%"",""mem"":""18.05MiB / 122.8GiB""},{""name"":""lab-eparagony-stub"",""cpu"":""0.01%"",""mem"":""20.37MiB / 122.8GiB""},{""name"":""lab-invoicing-stub"",""cpu"":""4.05%"",""mem"":""16.64MiB / 122.8GiB""},{""name"":""lab-shipping-stub"",""cpu"":""4.93%"",""mem"":""16.59MiB / 122.8GiB""},{""name"":""lab-eparagony-stub-tls"",""cpu"":""0.00%"",""mem"":""23.3MiB / 122.8GiB""},{""name"":""lab-erli-stub-tls"",""cpu"":""0.00%"",""mem"":""22.67MiB / 122.8GiB""},{""name"":""lab-wc-tls"",""cpu"":""0.00%"",""mem"":""29.52MiB / 122.8GiB""},{""name"":""lab-prestashop"",""cpu"":""8.11%"",""mem"":""139.9MiB / 122.8GiB""},{""name"":""lab-woocommerce"",""cpu"":""0.01%"",""mem"":""315.3MiB / 122.8GiB""},{""name"":""lab-redis"",""cpu"":""4.62%"",""mem"":""80.82MiB / 122.8GiB""},{""name"":""lab-postgres"",""cpu"":""30.45%"",""mem"":""242.7MiB / 122.8GiB""},{""name"":""lab-mysql"",""cpu"":""7.25%"",""mem"":""726.5MiB / 122.8GiB""},{""name"":""lab-woocommerce-mysql"",""cpu"":""0.66%"",""mem"":""515.7MiB / 122.8GiB""}]"
2026-09-10T13:54:09Z,3,1748,2,47,22,2669598387,"[{""name"":""lab-worker-1"",""cpu"":""5.71%"",""mem"":""138.9MiB / 122.8GiB""},{""name"":""lab-api"",""cpu"":""0.79%"",""mem"":""147.6MiB / 122.8GiB""},{""name"":""lab-allegro-stub"",""cpu"":""0.04%"",""mem"":""21.43MiB / 122.8GiB""},{""name"":""lab-erli-stub"",""cpu"":""0.00%"",""mem"":""18.05MiB / 122.8GiB""},{""name"":""lab-eparagony-stub"",""cpu"":""0.00%"",""mem"":""20.37MiB / 122.8GiB""},{""name"":""lab-invoicing-stub"",""cpu"":""0.00%"",""mem"":""16.6MiB / 122.8GiB""},{""name"":""lab-shipping-stub"",""cpu"":""0.00%"",""mem"":""16.58MiB / 122.8GiB""},{""name"":""lab-eparagony-stub-tls"",""cpu"":""0.00%"",""mem"":""23.3MiB / 122.8GiB""},{""name"":""lab-erli-stub-tls"",""cpu"":""0.00%"",""mem"":""22.67MiB / 122.8GiB""},{""name"":""lab-wc-tls"",""cpu"":""0.00%"",""mem"":""29.52MiB / 122.8GiB""},{""name"":""lab-prestashop"",""cpu"":""8.15%"",""mem"":""139.9MiB / 122.8GiB""},{""name"":""lab-woocommerce"",""cpu"":""0.00%"",""mem"":""315.3MiB / 122.8GiB""},{""name"":""lab-redis"",""cpu"":""0.83%"",""mem"":""80.8MiB / 122.8GiB""},{""name"":""lab-postgres"",""cpu"":""37.77%"",""mem"":""244.7MiB / 122.8GiB""},{""name"":""lab-mysql"",""cpu"":""11.12%"",""mem"":""726.5MiB / 122.8GiB""},{""name"":""lab-woocommerce-mysql"",""cpu"":""0.75%"",""mem"":""515.7MiB / 122.8GiB""}]"
2026-09-10T13:54:12Z,4,1746,2,47,22,2669598387,"[{""name"":""lab-worker-1"",""cpu"":""5.76%"",""mem"":""139.3MiB / 122.8GiB""},{""name"":""lab-api"",""cpu"":""0.00%"",""mem"":""147.6MiB / 122.8GiB""},{""name"":""lab-allegro-stub"",""cpu"":""0.00%"",""mem"":""21.44MiB / 122.8GiB""},{""name"":""lab-erli-stub"",""cpu"":""0.00%"",""mem"":""18.05MiB / 122.8GiB""},{""name"":""lab-eparagony-stub"",""cpu"":""0.00%"",""mem"":""20.37MiB / 122.8GiB""},{""name"":""lab-invoicing-stub"",""cpu"":""0.00%"",""mem"":""16.6MiB / 122.8GiB""},{""name"":""lab-shipping-stub"",""cpu"":""0.00%"",""mem"":""16.58MiB / 122.8GiB""},{""name"":""lab-eparagony-stub-tls"",""cpu"":""0.00%"",""mem"":""23.3MiB / 122.8GiB""},{""name"":""lab-erli-stub-tls"",""cpu"":""0.00%"",""mem"":""22.67MiB / 122.8GiB""},{""name"":""lab-wc-tls"",""cpu"":""0.00%"",""mem"":""29.52MiB / 122.8GiB""},{""name"":""lab-prestashop"",""cpu"":""8.36%"",""mem"":""139.9MiB / 122.8GiB""},{""name"":""lab-woocommerce"",""cpu"":""0.01%"",""mem"":""315.3MiB / 122.8GiB""},{""name"":""lab-redis"",""cpu"":""0.73%"",""mem"":""80.8MiB / 122.8GiB""},{""name"":""lab-postgres"",""cpu"":""34.15%"",""mem"":""245.3MiB / 122.8GiB""},{""name"":""lab-mysql"",""cpu"":""8.54%"",""mem"":""726.5MiB / 122.8GiB""},{""name"":""lab-woocommerce-mysql"",""cpu"":""4.84%"",""mem"":""515.7MiB / 122.8GiB""}]"
2026-09-10T13:54:15Z,3,1748,2,47,22,2669598387,"[{""name"":""lab-worker-1"",""cpu"":""3.55%"",""mem"":""139.3MiB / 122.8GiB""},{""name"":""lab-api"",""cpu"":""0.01%"",""mem"":""147.6MiB / 122.8GiB""},{""name"":""lab-allegro-stub"",""cpu"":""0.01%"",""mem"":""21.43MiB / 122.8GiB""},{""name"":""lab-erli-stub"",""cpu"":""3.85%"",""mem"":""25.56MiB / 122.8GiB""},{""name"":""lab-eparagony-stub"",""cpu"":""4.60%"",""mem"":""20.37MiB / 122.8GiB""},{""name"":""lab-invoicing-stub"",""cpu"":""0.00%"",""mem"":""16.6MiB / 122.8GiB""},{""name"":""lab-shipping-stub"",""cpu"":""0.00%"",""mem"":""16.58MiB / 122.8GiB""},{""name"":""lab-eparagony-stub-tls"",""cpu"":""0.00%"",""mem"":""23.3MiB / 122.8GiB""},{""name"":""lab-erli-stub-tls"",""cpu"":""0.00%"",""mem"":""22.67MiB / 122.8GiB""},{""name"":""lab-wc-tls"",""cpu"":""0.00%"",""mem"":""29.52MiB / 122.8GiB""},{""name"":""lab-prestashop"",""cpu"":""7.51%"",""mem"":""137.9MiB / 122.8GiB""},{""name"":""lab-woocommerce"",""cpu"":""0.01%"",""mem"":""315.3MiB / 122.8GiB""},{""name"":""lab-redis"",""cpu"":""0.73%"",""mem"":""80.79MiB / 122.8GiB""},{""name"":""lab-postgres"",""cpu"":""31.49%"",""mem"":""245.4MiB / 122.8GiB""},{""name"":""lab-mysql"",""cpu"":""8.30%"",""mem"":""726.5MiB / 122.8GiB""},{""name"":""lab-woocommerce-mysql"",""cpu"":""0.70%"",""mem"":""515.7MiB / 122.8GiB""}]"
2026-09-10T13:54:18Z,3,1748,1,47,22,2669606579,"[{""name"":""lab-worker-1"",""cpu"":""7.64%"",""mem"":""139.3MiB / 122.8GiB""},{""name"":""lab-api"",""cpu"":""0.00%"",""mem"":""147.6MiB / 122.8GiB""},{""name"":""lab-allegro-stub"",""cpu"":""0.00%"",""mem"":""21.43MiB / 122.8GiB""},{""name"":""lab-erli-stub"",""cpu"":""0.00%"",""mem"":""18.05MiB / 122.8GiB""},{""name"":""lab-eparagony-stub"",""cpu"":""0.00%"",""mem"":""20.37MiB / 122.8GiB""},{""name"":""lab-invoicing-stub"",""cpu"":""0.00%"",""mem"":""16.6MiB / 122.8GiB""},{""name"":""lab-shipping-stub"",""cpu"":""0.00%"",""mem"":""16.58MiB / 122.8GiB""},{""name"":""lab-eparagony-stub-tls"",""cpu"":""0.00%"",""mem"":""23.3MiB / 122.8GiB""},{""name"":""lab-erli-stub-tls"",""cpu"":""0.00%"",""mem"":""22.67MiB / 122.8GiB""},{""name"":""lab-wc-tls"",""cpu"":""0.00%"",""mem"":""29.52MiB / 122.8GiB""},{""name"":""lab-prestashop"",""cpu"":""7.89%"",""mem"":""137.9MiB / 122.8GiB""},{""name"":""lab-woocommerce"",""cpu"":""12.69%"",""mem"":""315.3MiB / 122.8GiB""},{""name"":""lab-redis"",""cpu"":""0.84%"",""mem"":""80.8MiB / 122.8GiB""},{""name"":""lab-postgres"",""cpu"":""37.87%"",""mem"":""245.4MiB / 122.8GiB""},{""name"":""lab-mysql"",""cpu"":""12.72%"",""mem"":""726.5MiB / 122.8GiB""},{""name"":""lab-woocommerce-mysql"",""cpu"":""1.89%"",""mem"":""515.7MiB / 122.8GiB""}]"
2026-09-10T13:54:21Z,3,1750,2,47,20,2669606579,"[{""name"":""lab-worker-1"",""cpu"":""17.26%"",""mem"":""139.5MiB / 122.8GiB""},{""name"":""lab-api"",""cpu"":""14.85%"",""mem"":""147.9MiB / 122.8GiB""},{""name"":""lab-allegro-stub"",""cpu"":""3.13%"",""mem"":""21.43MiB / 122.8GiB""},{""name"":""lab-erli-stub"",""cpu"":""0.01%"",""mem"":""18.05MiB / 122.8GiB""},{""name"":""lab-eparagony-stub"",""cpu"":""0.00%"",""mem"":""20.37MiB / 122.8GiB""},{""name"":""lab-invoicing-stub"",""cpu"":""3.19%"",""mem"":""16.6MiB / 122.8GiB""},{""name"":""lab-shipping-stub"",""cpu"":""4.41%"",""mem"":""16.58MiB / 122.8GiB""},{""name"":""lab-eparagony-stub-tls"",""cpu"":""0.00%"",""mem"":""23.3MiB / 122.8GiB""},{""name"":""lab-erli-stub-tls"",""cpu"":""0.00%"",""mem"":""22.67MiB / 122.8GiB""},{""name"":""lab-wc-tls"",""cpu"":""0.00%"",""mem"":""29.52MiB / 122.8GiB""},{""name"":""lab-prestashop"",""cpu"":""7.09%"",""mem"":""137.9MiB / 122.8GiB""},{""name"":""lab-woocommerce"",""cpu"":""0.00%"",""mem"":""315.3MiB / 122.8GiB""},{""name"":""lab-redis"",""cpu"":""8.10%"",""mem"":""80.81MiB / 122.8GiB""},{""name"":""lab-postgres"",""cpu"":""66.74%"",""mem"":""241.6MiB / 122.8GiB""},{""name"":""lab-mysql"",""cpu"":""7.99%"",""mem"":""726.5MiB / 122.8GiB""},{""name"":""lab-woocommerce-mysql"",""cpu"":""5.17%"",""mem"":""515.7MiB / 122.8GiB""}]"
2026-09-10T13:54:24Z,3,1586,0,47,224,2669762227,"[{""name"":""lab-worker-1"",""cpu"":""44.45%"",""mem"":""139.4MiB / 122.8GiB""},{""name"":""lab-api"",""cpu"":""0.00%"",""mem"":""147.9MiB / 122.8GiB""},{""name"":""lab-allegro-stub"",""cpu"":""0.00%"",""mem"":""21.43MiB / 122.8GiB""},{""name"":""lab-erli-stub"",""cpu"":""0.00%"",""mem"":""18.05MiB / 122.8GiB""},{""name"":""lab-eparagony-stub"",""cpu"":""0.00%"",""mem"":""20.37MiB / 122.8GiB""},{""name"":""lab-invoicing-stub"",""cpu"":""0.00%"",""mem"":""16.6MiB / 122.8GiB""},{""name"":""lab-shipping-stub"",""cpu"":""0.00%"",""mem"":""16.58MiB / 122.8GiB""},{""name"":""lab-eparagony-stub-tls"",""cpu"":""0.00%"",""mem"":""23.3MiB / 122.8GiB""},{""name"":""lab-erli-stub-tls"",""cpu"":""0.00%"",""mem"":""22.67MiB / 122.8GiB""},{""name"":""lab-wc-tls"",""cpu"":""0.00%"",""mem"":""29.52MiB / 122.8GiB""},{""name"":""lab-prestashop"",""cpu"":""0.00%"",""mem"":""137.9MiB / 122.8GiB""},{""name"":""lab-woocommerce"",""cpu"":""0.00%"",""mem"":""315.3MiB / 122.8GiB""},{""name"":""lab-redis"",""cpu"":""0.26%"",""mem"":""80.8MiB / 122.8GiB""},{""name"":""lab-postgres"",""cpu"":""103.01%"",""mem"":""243.8MiB / 122.8GiB""},{""name"":""lab-mysql"",""cpu"":""0.66%"",""mem"":""726.5MiB / 122.8GiB""},{""name"":""lab-woocommerce-mysql"",""cpu"":""0.64%"",""mem"":""515.7MiB / 122.8GiB""}]"
2026-09-10T13:54:27Z,3,1131,0,47,683,2669893299,"[{""name"":""lab-worker-1"",""cpu"":""43.14%"",""mem"":""140MiB / 122.8GiB""},{""name"":""lab-api"",""cpu"":""0.01%"",""mem"":""147.9MiB / 122.8GiB""},{""name"":""lab-allegro-stub"",""cpu"":""0.00%"",""mem"":""21.43MiB / 122.8GiB""},{""name"":""lab-erli-stub"",""cpu"":""0.00%"",""mem"":""18.05MiB / 122.8GiB""},{""name"":""lab-eparagony-stub"",""cpu"":""0.01%"",""mem"":""20.38MiB / 122.8GiB""},{""name"":""lab-invoicing-stub"",""cpu"":""0.00%"",""mem"":""16.6MiB / 122.8GiB""},{""name"":""lab-shipping-stub"",""cpu"":""0.00%"",""mem"":""16.58MiB / 122.8GiB""},{""name"":""lab-eparagony-stub-tls"",""cpu"":""0.00%"",""mem"":""23.3MiB / 122.8GiB""},{""name"":""lab-erli-stub-tls"",""cpu"":""0.00%"",""mem"":""22.67MiB / 122.8GiB""},{""name"":""lab-wc-tls"",""cpu"":""0.00%"",""mem"":""29.52MiB / 122.8GiB""},{""name"":""lab-prestashop"",""cpu"":""0.00%"",""mem"":""137.9MiB / 122.8GiB""},{""name"":""lab-woocommerce"",""cpu"":""0.01%"",""mem"":""315.3MiB / 122.8GiB""},{""name"":""lab-redis"",""cpu"":""0.23%"",""mem"":""81.05MiB / 122.8GiB""},{""name"":""lab-postgres"",""cpu"":""103.46%"",""mem"":""243.9MiB / 122.8GiB""},{""name"":""lab-mysql"",""cpu"":""0.71%"",""mem"":""726.5MiB / 122.8GiB""},{""name"":""lab-woocommerce-mysql"",""cpu"":""0.65%"",""mem"":""515.7MiB / 122.8GiB""}]"
2026-09-10T13:54:30Z,3,577,0,47,1233,2669999795,"[{""name"":""lab-worker-1"",""cpu"":""47.13%"",""mem"":""139.7MiB / 122.8GiB""},{""name"":""lab-api"",""cpu"":""0.01%"",""mem"":""147.9MiB / 122.8GiB""},{""name"":""lab-allegro-stub"",""cpu"":""3.36%"",""mem"":""21.43MiB / 122.8GiB""},{""name"":""lab-erli-stub"",""cpu"":""4.00%"",""mem"":""18.11MiB / 122.8GiB""},{""name"":""lab-eparagony-stub"",""cpu"":""5.38%"",""mem"":""20.37MiB / 122.8GiB""},{""name"":""lab-invoicing-stub"",""cpu"":""4.33%"",""mem"":""16.71MiB / 122.8GiB""},{""name"":""lab-shipping-stub"",""cpu"":""4.23%"",""mem"":""16.68MiB / 122.8GiB""},{""name"":""lab-eparagony-stub-tls"",""cpu"":""0.00%"",""mem"":""23.3MiB / 122.8GiB""},{""name"":""lab-erli-stub-tls"",""cpu"":""0.00%"",""mem"":""22.67MiB / 122.8GiB""},{""name"":""lab-wc-tls"",""cpu"":""0.00%"",""mem"":""29.52MiB / 122.8GiB""},{""name"":""lab-prestashop"",""cpu"":""0.01%"",""mem"":""137.9MiB / 122.8GiB""},{""name"":""lab-woocommerce"",""cpu"":""0.00%"",""mem"":""315.3MiB / 122.8GiB""},{""name"":""lab-redis"",""cpu"":""0.23%"",""mem"":""80.8MiB / 122.8GiB""},{""name"":""lab-postgres"",""cpu"":""104.68%"",""mem"":""244.1MiB / 122.8GiB""},{""name"":""lab-mysql"",""cpu"":""0.67%"",""mem"":""726.5MiB / 122.8GiB""},{""name"":""lab-woocommerce-mysql"",""cpu"":""0.72%"",""mem"":""515.7MiB / 122.8GiB""}]"
2026-09-10T13:54:34Z,3,28,0,47,1772,2670048947,"[{""name"":""lab-worker-1"",""cpu"":""0.35%"",""mem"":""139.1MiB / 122.8GiB""},{""name"":""lab-api"",""cpu"":""0.00%"",""mem"":""147.9MiB / 122.8GiB""},{""name"":""lab-allegro-stub"",""cpu"":""0.00%"",""mem"":""21.43MiB / 122.8GiB""},{""name"":""lab-erli-stub"",""cpu"":""0.00%"",""mem"":""18.05MiB / 122.8GiB""},{""name"":""lab-eparagony-stub"",""cpu"":""0.00%"",""mem"":""20.37MiB / 122.8GiB""},{""name"":""lab-invoicing-stub"",""cpu"":""0.00%"",""mem"":""16.6MiB / 122.8GiB""},{""name"":""lab-shipping-stub"",""cpu"":""0.00%"",""mem"":""16.58MiB / 122.8GiB""},{""name"":""lab-eparagony-stub-tls"",""cpu"":""0.00%"",""mem"":""23.3MiB / 122.8GiB""},{""name"":""lab-erli-stub-tls"",""cpu"":""0.00%"",""mem"":""22.67MiB / 122.8GiB""},{""name"":""lab-wc-tls"",""cpu"":""0.00%"",""mem"":""29.52MiB / 122.8GiB""},{""name"":""lab-prestashop"",""cpu"":""0.01%"",""mem"":""137.9MiB / 122.8GiB""},{""name"":""lab-woocommerce"",""cpu"":""0.01%"",""mem"":""315.3MiB / 122.8GiB""},{""name"":""lab-redis"",""cpu"":""0.27%"",""mem"":""80.8MiB / 122.8GiB""},{""name"":""lab-postgres"",""cpu"":""31.56%"",""mem"":""241.4MiB / 122.8GiB""},{""name"":""lab-mysql"",""cpu"":""0.75%"",""mem"":""726.5MiB / 122.8GiB""},{""name"":""lab-woocommerce-mysql"",""cpu"":""0.78%"",""mem"":""515.7MiB / 122.8GiB""}]"
2026-09-10T13:54:37Z,4,1,0,47,1772,2670048947,"[{""name"":""lab-worker-1"",""cpu"":""0.50%"",""mem"":""139.2MiB / 122.8GiB""},{""name"":""lab-api"",""cpu"":""0.00%"",""mem"":""147.9MiB / 122.8GiB""},{""name"":""lab-allegro-stub"",""cpu"":""0.00%"",""mem"":""21.43MiB / 122.8GiB""},{""name"":""lab-erli-stub"",""cpu"":""0.00%"",""mem"":""18.05MiB / 122.8GiB""},{""name"":""lab-eparagony-stub"",""cpu"":""0.00%"",""mem"":""20.37MiB / 122.8GiB""},{""name"":""lab-invoicing-stub"",""cpu"":""0.00%"",""mem"":""16.6MiB / 122.8GiB""},{""name"":""lab-shipping-stub"",""cpu"":""0.00%"",""mem"":""16.59MiB / 122.8GiB""},{""name"":""lab-eparagony-stub-tls"",""cpu"":""0.00%"",""mem"":""23.3MiB / 122.8GiB""},{""name"":""lab-erli-stub-tls"",""cpu"":""0.00%"",""mem"":""22.67MiB / 122.8GiB""},{""name"":""lab-wc-tls"",""cpu"":""0.00%"",""mem"":""29.52MiB / 122.8GiB""},{""name"":""lab-prestashop"",""cpu"":""0.01%"",""mem"":""137.9MiB / 122.8GiB""},{""name"":""lab-woocommerce"",""cpu"":""0.01%"",""mem"":""315.3MiB / 122.8GiB""},{""name"":""lab-redis"",""cpu"":""0.27%"",""mem"":""80.8MiB / 122.8GiB""},{""name"":""lab-postgres"",""cpu"":""29.34%"",""mem"":""241.4MiB / 122.8GiB""},{""name"":""lab-mysql"",""cpu"":""0.80%"",""mem"":""726.5MiB / 122.8GiB""},{""name"":""lab-woocommerce-mysql"",""cpu"":""0.75%"",""mem"":""515.7MiB / 122.8GiB""}]"
2026-09-10T13:54:40Z,3,1,0,47,1772,2670048947,"[{""name"":""lab-worker-1"",""cpu"":""1.00%"",""mem"":""139.3MiB / 122.8GiB""},{""name"":""lab-api"",""cpu"":""0.00%"",""mem"":""147.9MiB / 122.8GiB""},{""name"":""lab-allegro-stub"",""cpu"":""0.00%"",""mem"":""21.43MiB / 122.8GiB""},{""name"":""lab-erli-stub"",""cpu"":""0.00%"",""mem"":""18.05MiB / 122.8GiB""},{""name"":""lab-eparagony-stub"",""cpu"":""4.03%"",""mem"":""20.43MiB / 122.8GiB""},{""name"":""lab-invoicing-stub"",""cpu"":""0.00%"",""mem"":""16.6MiB / 122.8GiB""},{""name"":""lab-shipping-stub"",""cpu"":""0.00%"",""mem"":""16.58MiB / 122.8GiB""},{""name"":""lab-eparagony-stub-tls"",""cpu"":""0.00%"",""mem"":""23.3MiB / 122.8GiB""},{""name"":""lab-erli-stub-tls"",""cpu"":""0.00%"",""mem"":""22.67MiB / 122.8GiB""},{""name"":""lab-wc-tls"",""cpu"":""0.00%"",""mem"":""29.52MiB / 122.8GiB""},{""name"":""lab-prestashop"",""cpu"":""0.01%"",""mem"":""137.9MiB / 122.8GiB""},{""name"":""lab-woocommerce"",""cpu"":""0.01%"",""mem"":""315.3MiB / 122.8GiB""},{""name"":""lab-redis"",""cpu"":""0.27%"",""mem"":""80.8MiB / 122.8GiB""},{""name"":""lab-postgres"",""cpu"":""31.88%"",""mem"":""241.4MiB / 122.8GiB""},{""name"":""lab-mysql"",""cpu"":""0.71%"",""mem"":""726.5MiB / 122.8GiB""},{""name"":""lab-woocommerce-mysql"",""cpu"":""0.68%"",""mem"":""515.7MiB / 122.8GiB""}]"
2026-09-10T13:54:43Z,3,0,0,47,1772,2670048947,"[{""name"":""lab-worker-1"",""cpu"":""1.27%"",""mem"":""139MiB / 122.8GiB""},{""name"":""lab-api"",""cpu"":""0.00%"",""mem"":""147.9MiB / 122.8GiB""},{""name"":""lab-allegro-stub"",""cpu"":""0.00%"",""mem"":""21.43MiB / 122.8GiB""},{""name"":""lab-erli-stub"",""cpu"":""0.01%"",""mem"":""18.05MiB / 122.8GiB""},{""name"":""lab-eparagony-stub"",""cpu"":""0.00%"",""mem"":""20.37MiB / 122.8GiB""},{""name"":""lab-invoicing-stub"",""cpu"":""0.00%"",""mem"":""16.6MiB / 122.8GiB""},{""name"":""lab-shipping-stub"",""cpu"":""0.00%"",""mem"":""16.58MiB / 122.8GiB""},{""name"":""lab-eparagony-stub-tls"",""cpu"":""0.00%"",""mem"":""23.3MiB / 122.8GiB""},{""name"":""lab-erli-stub-tls"",""cpu"":""0.00%"",""mem"":""22.67MiB / 122.8GiB""},{""name"":""lab-wc-tls"",""cpu"":""0.00%"",""mem"":""29.52MiB / 122.8GiB""},{""name"":""lab-prestashop"",""cpu"":""5.61%"",""mem"":""135.9MiB / 122.8GiB""},{""name"":""lab-woocommerce"",""cpu"":""0.00%"",""mem"":""315.3MiB / 122.8GiB""},{""name"":""lab-redis"",""cpu"":""4.33%"",""mem"":""80.98MiB / 122.8GiB""},{""name"":""lab-postgres"",""cpu"":""32.17%"",""mem"":""238.7MiB / 122.8GiB""},{""name"":""lab-mysql"",""cpu"":""1.22%"",""mem"":""726.5MiB / 122.8GiB""},{""name"":""lab-woocommerce-mysql"",""cpu"":""0.67%"",""mem"":""515.7MiB / 122.8GiB""}]"
2026-09-10T13:54:46Z,3,0,0,47,1772,2670048947,"[{""name"":""lab-worker-1"",""cpu"":""0.99%"",""mem"":""139.3MiB / 122.8GiB""},{""name"":""lab-api"",""cpu"":""0.00%"",""mem"":""147.9MiB / 122.8GiB""},{""name"":""lab-allegro-stub"",""cpu"":""4.53%"",""mem"":""21.51MiB / 122.8GiB""},{""name"":""lab-erli-stub"",""cpu"":""4.09%"",""mem"":""18.05MiB / 122.8GiB""},{""name"":""lab-eparagony-stub"",""cpu"":""0.01%"",""mem"":""20.37MiB / 122.8GiB""},{""name"":""lab-invoicing-stub"",""cpu"":""4.32%"",""mem"":""16.62MiB / 122.8GiB""},{""name"":""lab-shipping-stub"",""cpu"":""4.46%"",""mem"":""16.59MiB / 122.8GiB""},{""name"":""lab-eparagony-stub-tls"",""cpu"":""0.00%"",""mem"":""23.3MiB / 122.8GiB""},{""name"":""lab-erli-stub-tls"",""cpu"":""0.00%"",""mem"":""22.67MiB / 122.8GiB""},{""name"":""lab-wc-tls"",""cpu"":""0.00%"",""mem"":""29.52MiB / 122.8GiB""},{""name"":""lab-prestashop"",""cpu"":""0.00%"",""mem"":""135.9MiB / 122.8GiB""},{""name"":""lab-woocommerce"",""cpu"":""0.00%"",""mem"":""315.3MiB / 122.8GiB""},{""name"":""lab-redis"",""cpu"":""4.50%"",""mem"":""80.8MiB / 122.8GiB""},{""name"":""lab-postgres"",""cpu"":""30.21%"",""mem"":""238.7MiB / 122.8GiB""},{""name"":""lab-mysql"",""cpu"":""0.73%"",""mem"":""726.5MiB / 122.8GiB""},{""name"":""lab-woocommerce-mysql"",""cpu"":""0.72%"",""mem"":""515.7MiB / 122.8GiB""}]"
2026-09-10T13:54:49Z,3,0,0,47,1772,2670048947,"[{""name"":""lab-worker-1"",""cpu"":""0.46%"",""mem"":""139MiB / 122.8GiB""},{""name"":""lab-api"",""cpu"":""0.00%"",""mem"":""147.9MiB / 122.8GiB""},{""name"":""lab-allegro-stub"",""cpu"":""0.00%"",""mem"":""21.43MiB / 122.8GiB""},{""name"":""lab-erli-stub"",""cpu"":""0.00%"",""mem"":""18.05MiB / 122.8GiB""},{""name"":""lab-eparagony-stub"",""cpu"":""0.00%"",""mem"":""20.37MiB / 122.8GiB""},{""name"":""lab-invoicing-stub"",""cpu"":""0.00%"",""mem"":""16.6MiB / 122.8GiB""},{""name"":""lab-shipping-stub"",""cpu"":""0.00%"",""mem"":""16.58MiB / 122.8GiB""},{""name"":""lab-eparagony-stub-tls"",""cpu"":""0.00%"",""mem"":""23.3MiB / 122.8GiB""},{""name"":""lab-erli-stub-tls"",""cpu"":""0.00%"",""mem"":""22.67MiB / 122.8GiB""},{""name"":""lab-wc-tls"",""cpu"":""0.00%"",""mem"":""29.52MiB / 122.8GiB""},{""name"":""lab-prestashop"",""cpu"":""0.01%"",""mem"":""135.9MiB / 122.8GiB""},{""name"":""lab-woocommerce"",""cpu"":""0.00%"",""mem"":""313.3MiB / 122.8GiB""},{""name"":""lab-redis"",""cpu"":""0.27%"",""mem"":""80.8MiB / 122.8GiB""},{""name"":""lab-postgres"",""cpu"":""30.78%"",""mem"":""238.7MiB / 122.8GiB""},{""name"":""lab-mysql"",""cpu"":""0.75%"",""mem"":""726.5MiB / 122.8GiB""},{""name"":""lab-woocommerce-mysql"",""cpu"":""1.34%"",""mem"":""515.7MiB / 122.8GiB""}]"
2026-09-10T13:54:52Z,3,0,0,47,1772,2670048947,"[{""name"":""lab-worker-1"",""cpu"":""1.00%"",""mem"":""139.1MiB / 122.8GiB""},{""name"":""lab-api"",""cpu"":""0.00%"",""mem"":""147.9MiB / 122.8GiB""},{""name"":""lab-allegro-stub"",""cpu"":""0.01%"",""mem"":""21.43MiB / 122.8GiB""},{""name"":""lab-erli-stub"",""cpu"":""0.00%"",""mem"":""18.05MiB / 122.8GiB""},{""name"":""lab-eparagony-stub"",""cpu"":""0.00%"",""mem"":""20.38MiB / 122.8GiB""},{""name"":""lab-invoicing-stub"",""cpu"":""0.01%"",""mem"":""16.6MiB / 122.8GiB""},{""name"":""lab-shipping-stub"",""cpu"":""0.01%"",""mem"":""16.58MiB / 122.8GiB""},{""name"":""lab-eparagony-stub-tls"",""cpu"":""0.00%"",""mem"":""23.3MiB / 122.8GiB""},{""name"":""lab-erli-stub-tls"",""cpu"":""0.00%"",""mem"":""22.67MiB / 122.8GiB""},{""name"":""lab-wc-tls"",""cpu"":""0.00%"",""mem"":""29.52MiB / 122.8GiB""},{""name"":""lab-prestashop"",""cpu"":""0.00%"",""mem"":""135.9MiB / 122.8GiB""},{""name"":""lab-woocommerce"",""cpu"":""0.00%"",""mem"":""313.3MiB / 122.8GiB""},{""name"":""lab-redis"",""cpu"":""0.28%"",""mem"":""80.8MiB / 122.8GiB""},{""name"":""lab-postgres"",""cpu"":""31.96%"",""mem"":""238.9MiB / 122.8GiB""},{""name"":""lab-mysql"",""cpu"":""0.79%"",""mem"":""726.5MiB / 122.8GiB""},{""name"":""lab-woocommerce-mysql"",""cpu"":""0.71%"",""mem"":""515.7MiB / 122.8GiB""}]"
2026-09-10T13:54:55Z,3,0,0,47,1772,2670048947,"[{""name"":""lab-worker-1"",""cpu"":""0.44%"",""mem"":""139.1MiB / 122.8GiB""},{""name"":""lab-api"",""cpu"":""0.00%"",""mem"":""147.9MiB / 122.8GiB""},{""name"":""lab-allegro-stub"",""cpu"":""0.00%"",""mem"":""21.43MiB / 122.8GiB""},{""name"":""lab-erli-stub"",""cpu"":""4.42%"",""mem"":""18.28MiB / 122.8GiB""},{""name"":""lab-eparagony-stub"",""cpu"":""3.81%"",""mem"":""20.37MiB / 122.8GiB""},{""name"":""lab-invoicing-stub"",""cpu"":""0.00%"",""mem"":""16.6MiB / 122.8GiB""},{""name"":""lab-shipping-stub"",""cpu"":""0.00%"",""mem"":""16.58MiB / 122.8GiB""},{""name"":""lab-eparagony-stub-tls"",""cpu"":""0.00%"",""mem"":""23.3MiB / 122.8GiB""},{""name"":""lab-erli-stub-tls"",""cpu"":""0.00%"",""mem"":""22.67MiB / 122.8GiB""},{""name"":""lab-wc-tls"",""cpu"":""0.00%"",""mem"":""29.52MiB / 122.8GiB""},{""name"":""lab-prestashop"",""cpu"":""0.01%"",""mem"":""135.9MiB / 122.8GiB""},{""name"":""lab-woocommerce"",""cpu"":""0.01%"",""mem"":""313.3MiB / 122.8GiB""},{""name"":""lab-redis"",""cpu"":""1.06%"",""mem"":""87.3MiB / 122.8GiB""},{""name"":""lab-postgres"",""cpu"":""42.08%"",""mem"":""238.7MiB / 122.8GiB""},{""name"":""lab-mysql"",""cpu"":""0.66%"",""mem"":""726.5MiB / 122.8GiB""},{""name"":""lab-woocommerce-mysql"",""cpu"":""0.65%"",""mem"":""515.7MiB / 122.8GiB""}]"
2026-09-10T13:54:58Z,3,0,0,47,1772,2670081715,"[{""name"":""lab-worker-1"",""cpu"":""0.56%"",""mem"":""139.1MiB / 122.8GiB""},{""name"":""lab-api"",""cpu"":""0.00%"",""mem"":""147.9MiB / 122.8GiB""},{""name"":""lab-allegro-stub"",""cpu"":""0.00%"",""mem"":""21.43MiB / 122.8GiB""},{""name"":""lab-erli-stub"",""cpu"":""0.00%"",""mem"":""18.05MiB / 122.8GiB""},{""name"":""lab-eparagony-stub"",""cpu"":""0.00%"",""mem"":""20.37MiB / 122.8GiB""},{""name"":""lab-invoicing-stub"",""cpu"":""0.00%"",""mem"":""16.6MiB / 122.8GiB""},{""name"":""lab-shipping-stub"",""cpu"":""0.00%"",""mem"":""16.58MiB / 122.8GiB""},{""name"":""lab-eparagony-stub-tls"",""cpu"":""0.00%"",""mem"":""23.3MiB / 122.8GiB""},{""name"":""lab-erli-stub-tls"",""cpu"":""0.00%"",""mem"":""22.67MiB / 122.8GiB""},{""name"":""lab-wc-tls"",""cpu"":""0.00%"",""mem"":""29.52MiB / 122.8GiB""},{""name"":""lab-prestashop"",""cpu"":""0.01%"",""mem"":""135.9MiB / 122.8GiB""},{""name"":""lab-woocommerce"",""cpu"":""0.01%"",""mem"":""313.3MiB / 122.8GiB""},{""name"":""lab-redis"",""cpu"":""0.31%"",""mem"":""81.05MiB / 122.8GiB""},{""name"":""lab-postgres"",""cpu"":""34.74%"",""mem"":""238.7MiB / 122.8GiB""},{""name"":""lab-mysql"",""cpu"":""3.90%"",""mem"":""726.5MiB / 122.8GiB""},{""name"":""lab-woocommerce-mysql"",""cpu"":""0.73%"",""mem"":""515.7MiB / 122.8GiB""}]"
2026-09-10T13:55:02Z,3,0,0,47,1772,2670081715,"[{""name"":""lab-worker-1"",""cpu"":""0.47%"",""mem"":""139.1MiB / 122.8GiB""},{""name"":""lab-api"",""cpu"":""0.00%"",""mem"":""147.9MiB / 122.8GiB""},{""name"":""lab-allegro-stub"",""cpu"":""3.71%"",""mem"":""21.43MiB / 122.8GiB""},{""name"":""lab-erli-stub"",""cpu"":""0.00%"",""mem"":""18.06MiB / 122.8GiB""},{""name"":""lab-eparagony-stub"",""cpu"":""0.00%"",""mem"":""20.37MiB / 122.8GiB""},{""name"":""lab-invoicing-stub"",""cpu"":""4.38%"",""mem"":""16.61MiB / 122.8GiB""},{""name"":""lab-shipping-stub"",""cpu"":""2.70%"",""mem"":""16.59MiB / 122.8GiB""},{""name"":""lab-eparagony-stub-tls"",""cpu"":""0.00%"",""mem"":""23.3MiB / 122.8GiB""},{""name"":""lab-erli-stub-tls"",""cpu"":""0.00%"",""mem"":""22.67MiB / 122.8GiB""},{""name"":""lab-wc-tls"",""cpu"":""0.00%"",""mem"":""29.52MiB / 122.8GiB""},{""name"":""lab-prestashop"",""cpu"":""0.01%"",""mem"":""135.9MiB / 122.8GiB""},{""name"":""lab-woocommerce"",""cpu"":""0.01%"",""mem"":""313.3MiB / 122.8GiB""},{""name"":""lab-redis"",""cpu"":""0.27%"",""mem"":""80.8MiB / 122.8GiB""},{""name"":""lab-postgres"",""cpu"":""29.60%"",""mem"":""238.7MiB / 122.8GiB""},{""name"":""lab-mysql"",""cpu"":""0.73%"",""mem"":""726.5MiB / 122.8GiB""},{""name"":""lab-woocommerce-mysql"",""cpu"":""5.15%"",""mem"":""515.7MiB / 122.8GiB""}]"
2026-09-10T13:55:05Z,4,0,0,47,1772,2670081715,"[{""name"":""lab-worker-1"",""cpu"":""0.44%"",""mem"":""139.2MiB / 122.8GiB""},{""name"":""lab-api"",""cpu"":""0.00%"",""mem"":""147.9MiB / 122.8GiB""},{""name"":""lab-allegro-stub"",""cpu"":""0.00%"",""mem"":""21.43MiB / 122.8GiB""},{""name"":""lab-erli-stub"",""cpu"":""0.00%"",""mem"":""18.05MiB / 122.8GiB""},{""name"":""lab-eparagony-stub"",""cpu"":""0.00%"",""mem"":""20.37MiB / 122.8GiB""},{""name"":""lab-invoicing-stub"",""cpu"":""0.00%"",""mem"":""16.6MiB / 122.8GiB""},{""name"":""lab-shipping-stub"",""cpu"":""0.00%"",""mem"":""16.58MiB / 122.8GiB""},{""name"":""lab-eparagony-stub-tls"",""cpu"":""0.00%"",""mem"":""23.3MiB / 122.8GiB""},{""name"":""lab-erli-stub-tls"",""cpu"":""0.00%"",""mem"":""22.67MiB / 122.8GiB""},{""name"":""lab-wc-tls"",""cpu"":""0.00%"",""mem"":""29.52MiB / 122.8GiB""},{""name"":""lab-prestashop"",""cpu"":""0.01%"",""mem"":""135.9MiB / 122.8GiB""},{""name"":""lab-woocommerce"",""cpu"":""0.01%"",""mem"":""313.3MiB / 122.8GiB""},{""name"":""lab-redis"",""cpu"":""0.28%"",""mem"":""81.05MiB / 122.8GiB""},{""name"":""lab-postgres"",""cpu"":""30.32%"",""mem"":""236MiB / 122.8GiB""},{""name"":""lab-mysql"",""cpu"":""0.78%"",""mem"":""726.5MiB / 122.8GiB""},{""name"":""lab-woocommerce-mysql"",""cpu"":""0.71%"",""mem"":""515.7MiB / 122.8GiB""}]"
2026-09-10T13:55:08Z,3,0,0,47,1772,2670081715,"[{""name"":""lab-worker-1"",""cpu"":""0.45%"",""mem"":""139.2MiB / 122.8GiB""},{""name"":""lab-api"",""cpu"":""0.00%"",""mem"":""147.9MiB / 122.8GiB""},{""name"":""lab-allegro-stub"",""cpu"":""0.00%"",""mem"":""21.43MiB / 122.8GiB""},{""name"":""lab-erli-stub"",""cpu"":""0.00%"",""mem"":""18.05MiB / 122.8GiB""},{""name"":""lab-eparagony-stub"",""cpu"":""0.00%"",""mem"":""20.37MiB / 122.8GiB""},{""name"":""lab-invoicing-stub"",""cpu"":""0.00%"",""mem"":""16.6MiB / 122.8GiB""},{""name"":""lab-shipping-stub"",""cpu"":""0.00%"",""mem"":""16.58MiB / 122.8GiB""},{""name"":""lab-eparagony-stub-tls"",""cpu"":""0.00%"",""mem"":""23.3MiB / 122.8GiB""},{""name"":""lab-erli-stub-tls"",""cpu"":""0.00%"",""mem"":""22.67MiB / 122.8GiB""},{""name"":""lab-wc-tls"",""cpu"":""0.00%"",""mem"":""29.52MiB / 122.8GiB""},{""name"":""lab-prestashop"",""cpu"":""0.01%"",""mem"":""135.9MiB / 122.8GiB""},{""name"":""lab-woocommerce"",""cpu"":""0.01%"",""mem"":""313.3MiB / 122.8GiB""},{""name"":""lab-redis"",""cpu"":""0.27%"",""mem"":""80.8MiB / 122.8GiB""},{""name"":""lab-postgres"",""cpu"":""30.22%"",""mem"":""236.1MiB / 122.8GiB""},{""name"":""lab-mysql"",""cpu"":""0.74%"",""mem"":""726.5MiB / 122.8GiB""},{""name"":""lab-woocommerce-mysql"",""cpu"":""0.73%"",""mem"":""515.7MiB / 122.8GiB""}]"
2026-09-10T13:55:11Z,3,0,0,47,1772,2670081715,"[{""name"":""lab-worker-1"",""cpu"":""0.53%"",""mem"":""139.2MiB / 122.8GiB""},{""name"":""lab-api"",""cpu"":""0.00%"",""mem"":""147.9MiB / 122.8GiB""},{""name"":""lab-allegro-stub"",""cpu"":""3.65%"",""mem"":""21.45MiB / 122.8GiB""},{""name"":""lab-erli-stub"",""cpu"":""3.86%"",""mem"":""18.05MiB / 122.8GiB""},{""name"":""lab-eparagony-stub"",""cpu"":""3.82%"",""mem"":""20.37MiB / 122.8GiB""},{""name"":""lab-invoicing-stub"",""cpu"":""3.81%"",""mem"":""16.63MiB / 122.8GiB""},{""name"":""lab-shipping-stub"",""cpu"":""3.77%"",""mem"":""16.62MiB / 122.8GiB""},{""name"":""lab-eparagony-stub-tls"",""cpu"":""0.00%"",""mem"":""23.3MiB / 122.8GiB""},{""name"":""lab-erli-stub-tls"",""cpu"":""0.00%"",""mem"":""22.67MiB / 122.8GiB""},{""name"":""lab-wc-tls"",""cpu"":""0.00%"",""mem"":""29.52MiB / 122.8GiB""},{""name"":""lab-prestashop"",""cpu"":""0.00%"",""mem"":""135.9MiB / 122.8GiB""},{""name"":""lab-woocommerce"",""cpu"":""0.00%"",""mem"":""313.3MiB / 122.8GiB""},{""name"":""lab-redis"",""cpu"":""0.26%"",""mem"":""80.8MiB / 122.8GiB""},{""name"":""lab-postgres"",""cpu"":""31.39%"",""mem"":""236MiB / 122.8GiB""},{""name"":""lab-mysql"",""cpu"":""0.66%"",""mem"":""726.5MiB / 122.8GiB""},{""name"":""lab-woocommerce-mysql"",""cpu"":""0.73%"",""mem"":""515.7MiB / 122.8GiB""}]"
2026-09-10T13:55:14Z,3,0,0,47,1772,2670081715,"[{""name"":""lab-worker-1"",""cpu"":""0.45%"",""mem"":""139.3MiB / 122.8GiB""},{""name"":""lab-api"",""cpu"":""0.00%"",""mem"":""147.9MiB / 122.8GiB""},{""name"":""lab-allegro-stub"",""cpu"":""0.00%"",""mem"":""21.43MiB / 122.8GiB""},{""name"":""lab-erli-stub"",""cpu"":""0.00%"",""mem"":""18.05MiB / 122.8GiB""},{""name"":""lab-eparagony-stub"",""cpu"":""0.00%"",""mem"":""20.37MiB / 122.8GiB""},{""name"":""lab-invoicing-stub"",""cpu"":""0.00%"",""mem"":""16.6MiB / 122.8GiB""},{""name"":""lab-shipping-stub"",""cpu"":""0.00%"",""mem"":""16.58MiB / 122.8GiB""},{""name"":""lab-eparagony-stub-tls"",""cpu"":""0.00%"",""mem"":""23.3MiB / 122.8GiB""},{""name"":""lab-erli-stub-tls"",""cpu"":""0.00%"",""mem"":""22.67MiB / 122.8GiB""},{""name"":""lab-wc-tls"",""cpu"":""0.00%"",""mem"":""29.52MiB / 122.8GiB""},{""name"":""lab-prestashop"",""cpu"":""0.00%"",""mem"":""135.9MiB / 122.8GiB""},{""name"":""lab-woocommerce"",""cpu"":""0.00%"",""mem"":""313.3MiB / 122.8GiB""},{""name"":""lab-redis"",""cpu"":""0.29%"",""mem"":""81.05MiB / 122.8GiB""},{""name"":""lab-postgres"",""cpu"":""30.92%"",""mem"":""236MiB / 122.8GiB""},{""name"":""lab-mysql"",""cpu"":""0.75%"",""mem"":""726.5MiB / 122.8GiB""},{""name"":""lab-woocommerce-mysql"",""cpu"":""0.72%"",""mem"":""515.7MiB / 122.8GiB""}]"
2026-09-10T13:55:17Z,3,0,0,47,1772,2670081715,"[{""name"":""lab-worker-1"",""cpu"":""0.44%"",""mem"":""139.3MiB / 122.8GiB""},{""name"":""lab-api"",""cpu"":""0.00%"",""mem"":""147.9MiB / 122.8GiB""},{""name"":""lab-allegro-stub"",""cpu"":""0.01%"",""mem"":""21.43MiB / 122.8GiB""},{""name"":""lab-erli-stub"",""cpu"":""0.00%"",""mem"":""18.05MiB / 122.8GiB""},{""name"":""lab-eparagony-stub"",""cpu"":""0.00%"",""mem"":""20.37MiB / 122.8GiB""},{""name"":""lab-invoicing-stub"",""cpu"":""0.01%"",""mem"":""16.6MiB / 122.8GiB""},{""name"":""lab-shipping-stub"",""cpu"":""0.01%"",""mem"":""16.59MiB / 122.8GiB""},{""name"":""lab-eparagony-stub-tls"",""cpu"":""0.00%"",""mem"":""23.3MiB / 122.8GiB""},{""name"":""lab-erli-stub-tls"",""cpu"":""0.00%"",""mem"":""22.67MiB / 122.8GiB""},{""name"":""lab-wc-tls"",""cpu"":""0.00%"",""mem"":""29.52MiB / 122.8GiB""},{""name"":""lab-prestashop"",""cpu"":""0.00%"",""mem"":""135.9MiB / 122.8GiB""},{""name"":""lab-woocommerce"",""cpu"":""0.01%"",""mem"":""313.3MiB / 122.8GiB""},{""name"":""lab-redis"",""cpu"":""0.26%"",""mem"":""80.8MiB / 122.8GiB""},{""name"":""lab-postgres"",""cpu"":""30.51%"",""mem"":""236MiB / 122.8GiB""},{""name"":""lab-mysql"",""cpu"":""0.79%"",""mem"":""726.5MiB / 122.8GiB""},{""name"":""lab-woocommerce-mysql"",""cpu"":""0.76%"",""mem"":""515.7MiB / 122.8GiB""}]"
2026-09-10T13:55:20Z,3,0,0,47,1772,2670081715,"[{""name"":""lab-worker-1"",""cpu"":""0.43%"",""mem"":""139.4MiB / 122.8GiB""},{""name"":""lab-api"",""cpu"":""0.01%"",""mem"":""147.9MiB / 122.8GiB""},{""name"":""lab-allegro-stub"",""cpu"":""0.00%"",""mem"":""21.43MiB / 122.8GiB""},{""name"":""lab-erli-stub"",""cpu"":""0.00%"",""mem"":""18.05MiB / 122.8GiB""},{""name"":""lab-eparagony-stub"",""cpu"":""4.02%"",""mem"":""20.42MiB / 122.8GiB""},{""name"":""lab-invoicing-stub"",""cpu"":""0.00%"",""mem"":""16.6MiB / 122.8GiB""},{""name"":""lab-shipping-stub"",""cpu"":""0.00%"",""mem"":""16.58MiB / 122.8GiB""},{""name"":""lab-eparagony-stub-tls"",""cpu"":""0.00%"",""mem"":""23.3MiB / 122.8GiB""},{""name"":""lab-erli-stub-tls"",""cpu"":""0.00%"",""mem"":""22.67MiB / 122.8GiB""},{""name"":""lab-wc-tls"",""cpu"":""0.00%"",""mem"":""29.52MiB / 122.8GiB""},{""name"":""lab-prestashop"",""cpu"":""0.01%"",""mem"":""135.8MiB / 122.8GiB""},{""name"":""lab-woocommerce"",""cpu"":""0.00%"",""mem"":""313.3MiB / 122.8GiB""},{""name"":""lab-redis"",""cpu"":""0.27%"",""mem"":""80.8MiB / 122.8GiB""},{""name"":""lab-postgres"",""cpu"":""29.59%"",""mem"":""236MiB / 122.8GiB""},{""name"":""lab-mysql"",""cpu"":""0.71%"",""mem"":""726.5MiB / 122.8GiB""},{""name"":""lab-woocommerce-mysql"",""cpu"":""0.75%"",""mem"":""515.7MiB / 122.8GiB""}]"
2026-09-10T13:55:23Z,3,0,0,47,1772,2670081715,"[{""name"":""lab-worker-1"",""cpu"":""0.47%"",""mem"":""139.4MiB / 122.8GiB""},{""name"":""lab-api"",""cpu"":""0.00%"",""mem"":""147.9MiB / 122.8GiB""},{""name"":""lab-allegro-stub"",""cpu"":""0.00%"",""mem"":""21.43MiB / 122.8GiB""},{""name"":""lab-erli-stub"",""cpu"":""0.00%"",""mem"":""18.05MiB / 122.8GiB""},{""name"":""lab-eparagony-stub"",""cpu"":""0.00%"",""mem"":""20.37MiB / 122.8GiB""},{""name"":""lab-invoicing-stub"",""cpu"":""0.00%"",""mem"":""16.6MiB / 122.8GiB""},{""name"":""lab-shipping-stub"",""cpu"":""0.00%"",""mem"":""16.58MiB / 122.8GiB""},{""name"":""lab-eparagony-stub-tls"",""cpu"":""0.00%"",""mem"":""23.3MiB / 122.8GiB""},{""name"":""lab-erli-stub-tls"",""cpu"":""0.00%"",""mem"":""22.67MiB / 122.8GiB""},{""name"":""lab-wc-tls"",""cpu"":""0.00%"",""mem"":""29.52MiB / 122.8GiB""},{""name"":""lab-prestashop"",""cpu"":""0.00%"",""mem"":""135.8MiB / 122.8GiB""},{""name"":""lab-woocommerce"",""cpu"":""0.01%"",""mem"":""313.3MiB / 122.8GiB""},{""name"":""lab-redis"",""cpu"":""0.26%"",""mem"":""80.8MiB / 122.8GiB""},{""name"":""lab-postgres"",""cpu"":""30.83%"",""mem"":""236MiB / 122.8GiB""},{""name"":""lab-mysql"",""cpu"":""0.72%"",""mem"":""726.5MiB / 122.8GiB""},{""name"":""lab-woocommerce-mysql"",""cpu"":""0.76%"",""mem"":""515.7MiB / 122.8GiB""}]"
2026-09-10T13:55:27Z,3,0,0,47,1772,2670081715,"[{""name"":""lab-worker-1"",""cpu"":""0.48%"",""mem"":""139.5MiB / 122.8GiB""},{""name"":""lab-api"",""cpu"":""0.00%"",""mem"":""147.9MiB / 122.8GiB""},{""name"":""lab-allegro-stub"",""cpu"":""4.57%"",""mem"":""21.43MiB / 122.8GiB""},{""name"":""lab-erli-stub"",""cpu"":""4.20%"",""mem"":""18.05MiB / 122.8GiB""},{""name"":""lab-eparagony-stub"",""cpu"":""0.24%"",""mem"":""20.46MiB / 122.8GiB""},{""name"":""lab-invoicing-stub"",""cpu"":""4.34%"",""mem"":""16.6MiB / 122.8GiB""},{""name"":""lab-shipping-stub"",""cpu"":""3.72%"",""mem"":""16.59MiB / 122.8GiB""},{""name"":""lab-eparagony-stub-tls"",""cpu"":""0.00%"",""mem"":""23.3MiB / 122.8GiB""},{""name"":""lab-erli-stub-tls"",""cpu"":""0.00%"",""mem"":""22.67MiB / 122.8GiB""},{""name"":""lab-wc-tls"",""cpu"":""0.00%"",""mem"":""29.52MiB / 122.8GiB""},{""name"":""lab-prestashop"",""cpu"":""0.01%"",""mem"":""135.8MiB / 122.8GiB""},{""name"":""lab-woocommerce"",""cpu"":""0.00%"",""mem"":""313.3MiB / 122.8GiB""},{""name"":""lab-redis"",""cpu"":""0.27%"",""mem"":""81.05MiB / 122.8GiB""},{""name"":""lab-postgres"",""cpu"":""30.54%"",""mem"":""236MiB / 122.8GiB""},{""name"":""lab-mysql"",""cpu"":""0.78%"",""mem"":""726.5MiB / 122.8GiB""},{""name"":""lab-woocommerce-mysql"",""cpu"":""0.72%"",""mem"":""515.7MiB / 122.8GiB""}]"
2026-09-10T13:55:30Z,4,0,0,47,1772,2670081715,"[{""name"":""lab-worker-1"",""cpu"":""0.36%"",""mem"":""139.3MiB / 122.8GiB""},{""name"":""lab-api"",""cpu"":""0.00%"",""mem"":""147.9MiB / 122.8GiB""},{""name"":""lab-allegro-stub"",""cpu"":""0.00%"",""mem"":""21.43MiB / 122.8GiB""},{""name"":""lab-erli-stub"",""cpu"":""0.00%"",""mem"":""18.05MiB / 122.8GiB""},{""name"":""lab-eparagony-stub"",""cpu"":""0.00%"",""mem"":""20.46MiB / 122.8GiB""},{""name"":""lab-invoicing-stub"",""cpu"":""0.00%"",""mem"":""16.6MiB / 122.8GiB""},{""name"":""lab-shipping-stub"",""cpu"":""0.00%"",""mem"":""16.58MiB / 122.8GiB""},{""name"":""lab-eparagony-stub-tls"",""cpu"":""0.00%"",""mem"":""23.3MiB / 122.8GiB""},{""name"":""lab-erli-stub-tls"",""cpu"":""0.00%"",""mem"":""22.67MiB / 122.8GiB""},{""name"":""lab-wc-tls"",""cpu"":""0.00%"",""mem"":""29.52MiB / 122.8GiB""},{""name"":""lab-prestashop"",""cpu"":""0.01%"",""mem"":""135.8MiB / 122.8GiB""},{""name"":""lab-woocommerce"",""cpu"":""0.01%"",""mem"":""313.3MiB / 122.8GiB""},{""name"":""lab-redis"",""cpu"":""0.27%"",""mem"":""80.8MiB / 122.8GiB""},{""name"":""lab-postgres"",""cpu"":""31.81%"",""mem"":""236MiB / 122.8GiB""},{""name"":""lab-mysql"",""cpu"":""0.75%"",""mem"":""726.5MiB / 122.8GiB""},{""name"":""lab-woocommerce-mysql"",""cpu"":""0.71%"",""mem"":""515.7MiB / 122.8GiB""}]"
2026-09-10T13:55:33Z,3,0,0,47,1772,2670081715,"[{""name"":""lab-worker-1"",""cpu"":""0.42%"",""mem"":""139MiB / 122.8GiB""},{""name"":""lab-api"",""cpu"":""0.00%"",""mem"":""147.9MiB / 122.8GiB""},{""name"":""lab-allegro-stub"",""cpu"":""0.00%"",""mem"":""21.43MiB / 122.8GiB""},{""name"":""lab-erli-stub"",""cpu"":""0.00%"",""mem"":""18.05MiB / 122.8GiB""},{""name"":""lab-eparagony-stub"",""cpu"":""0.00%"",""mem"":""20.46MiB / 122.8GiB""},{""name"":""lab-invoicing-stub"",""cpu"":""0.00%"",""mem"":""16.6MiB / 122.8GiB""},{""name"":""lab-shipping-stub"",""cpu"":""0.00%"",""mem"":""16.58MiB / 122.8GiB""},{""name"":""lab-eparagony-stub-tls"",""cpu"":""0.00%"",""mem"":""23.3MiB / 122.8GiB""},{""name"":""lab-erli-stub-tls"",""cpu"":""0.00%"",""mem"":""22.67MiB / 122.8GiB""},{""name"":""lab-wc-tls"",""cpu"":""0.00%"",""mem"":""29.52MiB / 122.8GiB""},{""name"":""lab-prestashop"",""cpu"":""0.01%"",""mem"":""135.8MiB / 122.8GiB""},{""name"":""lab-woocommerce"",""cpu"":""0.01%"",""mem"":""313.3MiB / 122.8GiB""},{""name"":""lab-redis"",""cpu"":""0.28%"",""mem"":""81.05MiB / 122.8GiB""},{""name"":""lab-postgres"",""cpu"":""30.58%"",""mem"":""236MiB / 122.8GiB""},{""name"":""lab-mysql"",""cpu"":""0.72%"",""mem"":""726.5MiB / 122.8GiB""},{""name"":""lab-woocommerce-mysql"",""cpu"":""0.66%"",""mem"":""515.7MiB / 122.8GiB""}]"
2026-09-10T13:55:36Z,3,0,0,47,1772,2670081715,"[{""name"":""lab-worker-1"",""cpu"":""0.40%"",""mem"":""138.9MiB / 122.8GiB""},{""name"":""lab-api"",""cpu"":""0.00%"",""mem"":""147.9MiB / 122.8GiB""},{""name"":""lab-allegro-stub"",""cpu"":""0.00%"",""mem"":""21.43MiB / 122.8GiB""},{""name"":""lab-erli-stub"",""cpu"":""4.08%"",""mem"":""18.1MiB / 122.8GiB""},{""name"":""lab-eparagony-stub"",""cpu"":""4.39%"",""mem"":""20.46MiB / 122.8GiB""},{""name"":""lab-invoicing-stub"",""cpu"":""0.00%"",""mem"":""16.6MiB / 122.8GiB""},{""name"":""lab-shipping-stub"",""cpu"":""0.00%"",""mem"":""16.58MiB / 122.8GiB""},{""name"":""lab-eparagony-stub-tls"",""cpu"":""0.00%"",""mem"":""23.3MiB / 122.8GiB""},{""name"":""lab-erli-stub-tls"",""cpu"":""0.00%"",""mem"":""22.67MiB / 122.8GiB""},{""name"":""lab-wc-tls"",""cpu"":""0.00%"",""mem"":""29.52MiB / 122.8GiB""},{""name"":""lab-prestashop"",""cpu"":""0.00%"",""mem"":""135.8MiB / 122.8GiB""},{""name"":""lab-woocommerce"",""cpu"":""0.01%"",""mem"":""313.3MiB / 122.8GiB""},{""name"":""lab-redis"",""cpu"":""4.31%"",""mem"":""80.83MiB / 122.8GiB""},{""name"":""lab-postgres"",""cpu"":""31.45%"",""mem"":""236MiB / 122.8GiB""},{""name"":""lab-mysql"",""cpu"":""0.66%"",""mem"":""726.5MiB / 122.8GiB""},{""name"":""lab-woocommerce-mysql"",""cpu"":""0.72%"",""mem"":""515.7MiB / 122.8GiB""}]"
2026-09-10T13:55:39Z,3,0,0,47,1772,2670081715,"[{""name"":""lab-worker-1"",""cpu"":""0.47%"",""mem"":""138.9MiB / 122.8GiB""},{""name"":""lab-api"",""cpu"":""0.00%"",""mem"":""147.9MiB / 122.8GiB""},{""name"":""lab-allegro-stub"",""cpu"":""0.00%"",""mem"":""21.43MiB / 122.8GiB""},{""name"":""lab-erli-stub"",""cpu"":""0.00%"",""mem"":""18.05MiB / 122.8GiB""},{""name"":""lab-eparagony-stub"",""cpu"":""0.00%"",""mem"":""20.46MiB / 122.8GiB""},{""name"":""lab-invoicing-stub"",""cpu"":""0.00%"",""mem"":""16.6MiB / 122.8GiB""},{""name"":""lab-shipping-stub"",""cpu"":""0.00%"",""mem"":""16.58MiB / 122.8GiB""},{""name"":""lab-eparagony-stub-tls"",""cpu"":""0.00%"",""mem"":""23.3MiB / 122.8GiB""},{""name"":""lab-erli-stub-tls"",""cpu"":""0.00%"",""mem"":""22.67MiB / 122.8GiB""},{""name"":""lab-wc-tls"",""cpu"":""0.00%"",""mem"":""29.52MiB / 122.8GiB""},{""name"":""lab-prestashop"",""cpu"":""0.00%"",""mem"":""135.8MiB / 122.8GiB""},{""name"":""lab-woocommerce"",""cpu"":""0.00%"",""mem"":""313.3MiB / 122.8GiB""},{""name"":""lab-redis"",""cpu"":""0.31%"",""mem"":""81.05MiB / 122.8GiB""},{""name"":""lab-postgres"",""cpu"":""35.89%"",""mem"":""236MiB / 122.8GiB""},{""name"":""lab-mysql"",""cpu"":""5.38%"",""mem"":""726.5MiB / 122.8GiB""},{""name"":""lab-woocommerce-mysql"",""cpu"":""0.77%"",""mem"":""515.7MiB / 122.8GiB""}]"
2026-09-10T13:55:42Z,3,0,0,47,1772,2670081715,"[{""name"":""lab-worker-1"",""cpu"":""0.50%"",""mem"":""138.9MiB / 122.8GiB""},{""name"":""lab-api"",""cpu"":""0.00%"",""mem"":""147.9MiB / 122.8GiB""},{""name"":""lab-allegro-stub"",""cpu"":""0.01%"",""mem"":""21.43MiB / 122.8GiB""},{""name"":""lab-erli-stub"",""cpu"":""0.02%"",""mem"":""18.05MiB / 122.8GiB""},{""name"":""lab-eparagony-stub"",""cpu"":""0.00%"",""mem"":""20.46MiB / 122.8GiB""},{""name"":""lab-invoicing-stub"",""cpu"":""0.01%"",""mem"":""16.6MiB / 122.8GiB""},{""name"":""lab-shipping-stub"",""cpu"":""1.37%"",""mem"":""16.58MiB / 122.8GiB""},{""name"":""lab-eparagony-stub-tls"",""cpu"":""0.00%"",""mem"":""23.3MiB / 122.8GiB""},{""name"":""lab-erli-stub-tls"",""cpu"":""0.00%"",""mem"":""22.67MiB / 122.8GiB""},{""name"":""lab-wc-tls"",""cpu"":""0.00%"",""mem"":""29.52MiB / 122.8GiB""},{""name"":""lab-prestashop"",""cpu"":""0.01%"",""mem"":""135.8MiB / 122.8GiB""},{""name"":""lab-woocommerce"",""cpu"":""0.01%"",""mem"":""313.3MiB / 122.8GiB""},{""name"":""lab-redis"",""cpu"":""0.24%"",""mem"":""80.8MiB / 122.8GiB""},{""name"":""lab-postgres"",""cpu"":""32.01%"",""mem"":""236.1MiB / 122.8GiB""},{""name"":""lab-mysql"",""cpu"":""0.71%"",""mem"":""726.5MiB / 122.8GiB""},{""name"":""lab-woocommerce-mysql"",""cpu"":""4.93%"",""mem"":""515.7MiB / 122.8GiB""}]"
2026-09-10T13:55:45Z,3,0,0,47,1772,2670081715,"[{""name"":""lab-worker-1"",""cpu"":""0.44%"",""mem"":""138.9MiB / 122.8GiB""},{""name"":""lab-api"",""cpu"":""0.00%"",""mem"":""147.9MiB / 122.8GiB""},{""name"":""lab-allegro-stub"",""cpu"":""0.00%"",""mem"":""21.43MiB / 122.8GiB""},{""name"":""lab-erli-stub"",""cpu"":""0.00%"",""mem"":""18.05MiB / 122.8GiB""},{""name"":""lab-eparagony-stub"",""cpu"":""3.11%"",""mem"":""25.76MiB / 122.8GiB""},{""name"":""lab-invoicing-stub"",""cpu"":""0.00%"",""mem"":""16.6MiB / 122.8GiB""},{""name"":""lab-shipping-stub"",""cpu"":""0.00%"",""mem"":""16.58MiB / 122.8GiB""},{""name"":""lab-eparagony-stub-tls"",""cpu"":""0.00%"",""mem"":""23.3MiB / 122.8GiB""},{""name"":""lab-erli-stub-tls"",""cpu"":""0.00%"",""mem"":""22.67MiB / 122.8GiB""},{""name"":""lab-wc-tls"",""cpu"":""0.00%"",""mem"":""29.52MiB / 122.8GiB""},{""name"":""lab-prestashop"",""cpu"":""0.01%"",""mem"":""133.8MiB / 122.8GiB""},{""name"":""lab-woocommerce"",""cpu"":""0.00%"",""mem"":""313.3MiB / 122.8GiB""},{""name"":""lab-redis"",""cpu"":""0.26%"",""mem"":""80.8MiB / 122.8GiB""},{""name"":""lab-postgres"",""cpu"":""30.42%"",""mem"":""236MiB / 122.8GiB""},{""name"":""lab-mysql"",""cpu"":""0.75%"",""mem"":""726.5MiB / 122.8GiB""},{""name"":""lab-woocommerce-mysql"",""cpu"":""0.75%"",""mem"":""515.7MiB / 122.8GiB""}]"
2026-09-10T13:55:48Z,3,0,0,47,1772,2670081715,"[{""name"":""lab-worker-1"",""cpu"":""0.88%"",""mem"":""139.2MiB / 122.8GiB""},{""name"":""lab-api"",""cpu"":""0.00%"",""mem"":""147.9MiB / 122.8GiB""},{""name"":""lab-allegro-stub"",""cpu"":""0.00%"",""mem"":""21.43MiB / 122.8GiB""},{""name"":""lab-erli-stub"",""cpu"":""0.00%"",""mem"":""18.05MiB / 122.8GiB""},{""name"":""lab-eparagony-stub"",""cpu"":""0.00%"",""mem"":""20.46MiB / 122.8GiB""},{""name"":""lab-invoicing-stub"",""cpu"":""0.00%"",""mem"":""16.6MiB / 122.8GiB""},{""name"":""lab-shipping-stub"",""cpu"":""0.00%"",""mem"":""16.58MiB / 122.8GiB""},{""name"":""lab-eparagony-stub-tls"",""cpu"":""0.00%"",""mem"":""23.3MiB / 122.8GiB""},{""name"":""lab-erli-stub-tls"",""cpu"":""0.00%"",""mem"":""22.67MiB / 122.8GiB""},{""name"":""lab-wc-tls"",""cpu"":""0.00%"",""mem"":""29.52MiB / 122.8GiB""},{""name"":""lab-prestashop"",""cpu"":""0.01%"",""mem"":""133.8MiB / 122.8GiB""},{""name"":""lab-woocommerce"",""cpu"":""18.00%"",""mem"":""311.3MiB / 122.8GiB""},{""name"":""lab-redis"",""cpu"":""0.24%"",""mem"":""80.8MiB / 122.8GiB""},{""name"":""lab-postgres"",""cpu"":""35.91%"",""mem"":""236.3MiB / 122.8GiB""},{""name"":""lab-mysql"",""cpu"":""5.00%"",""mem"":""726.5MiB / 122.8GiB""},{""name"":""lab-woocommerce-mysql"",""cpu"":""5.32%"",""mem"":""515.7MiB / 122.8GiB""}]"
2026-09-10T13:55:52Z,3,0,0,47,1772,2670081715,"[{""name"":""lab-worker-1"",""cpu"":""0.49%"",""mem"":""139.2MiB / 122.8GiB""},{""name"":""lab-api"",""cpu"":""0.00%"",""mem"":""147.9MiB / 122.8GiB""},{""name"":""lab-allegro-stub"",""cpu"":""4.32%"",""mem"":""21.44MiB / 122.8GiB""},{""name"":""lab-erli-stub"",""cpu"":""3.52%"",""mem"":""18.05MiB / 122.8GiB""},{""name"":""lab-eparagony-stub"",""cpu"":""0.01%"",""mem"":""20.46MiB / 122.8GiB""},{""name"":""lab-invoicing-stub"",""cpu"":""4.67%"",""mem"":""16.6MiB / 122.8GiB""},{""name"":""lab-shipping-stub"",""cpu"":""3.63%"",""mem"":""16.61MiB / 122.8GiB""},{""name"":""lab-eparagony-stub-tls"",""cpu"":""0.00%"",""mem"":""23.3MiB / 122.8GiB""},{""name"":""lab-erli-stub-tls"",""cpu"":""0.00%"",""mem"":""22.67MiB / 122.8GiB""},{""name"":""lab-wc-tls"",""cpu"":""0.00%"",""mem"":""29.52MiB / 122.8GiB""},{""name"":""lab-prestashop"",""cpu"":""0.00%"",""mem"":""133.8MiB / 122.8GiB""},{""name"":""lab-woocommerce"",""cpu"":""0.01%"",""mem"":""311.3MiB / 122.8GiB""},{""name"":""lab-redis"",""cpu"":""0.24%"",""mem"":""80.8MiB / 122.8GiB""},{""name"":""lab-postgres"",""cpu"":""30.36%"",""mem"":""236.1MiB / 122.8GiB""},{""name"":""lab-mysql"",""cpu"":""0.71%"",""mem"":""726.5MiB / 122.8GiB""},{""name"":""lab-woocommerce-mysql"",""cpu"":""5.51%"",""mem"":""515.8MiB / 122.8GiB""}]"
2026-09-10T13:55:55Z,4,0,0,47,1772,2670081715,"[{""name"":""lab-worker-1"",""cpu"":""0.43%"",""mem"":""138.9MiB / 122.8GiB""},{""name"":""lab-api"",""cpu"":""0.00%"",""mem"":""147.9MiB / 122.8GiB""},{""name"":""lab-allegro-stub"",""cpu"":""0.00%"",""mem"":""21.43MiB / 122.8GiB""},{""name"":""lab-erli-stub"",""cpu"":""0.00%"",""mem"":""18.05MiB / 122.8GiB""},{""name"":""lab-eparagony-stub"",""cpu"":""0.00%"",""mem"":""20.46MiB / 122.8GiB""},{""name"":""lab-invoicing-stub"",""cpu"":""0.00%"",""mem"":""16.6MiB / 122.8GiB""},{""name"":""lab-shipping-stub"",""cpu"":""0.00%"",""mem"":""16.58MiB / 122.8GiB""},{""name"":""lab-eparagony-stub-tls"",""cpu"":""0.00%"",""mem"":""23.3MiB / 122.8GiB""},{""name"":""lab-erli-stub-tls"",""cpu"":""0.00%"",""mem"":""22.67MiB / 122.8GiB""},{""name"":""lab-wc-tls"",""cpu"":""0.00%"",""mem"":""29.52MiB / 122.8GiB""},{""name"":""lab-prestashop"",""cpu"":""0.01%"",""mem"":""133.8MiB / 122.8GiB""},{""name"":""lab-woocommerce"",""cpu"":""0.01%"",""mem"":""311.3MiB / 122.8GiB""},{""name"":""lab-redis"",""cpu"":""0.25%"",""mem"":""80.8MiB / 122.8GiB""},{""name"":""lab-postgres"",""cpu"":""57.30%"",""mem"":""236MiB / 122.8GiB""},{""name"":""lab-mysql"",""cpu"":""0.74%"",""mem"":""726.5MiB / 122.8GiB""},{""name"":""lab-woocommerce-mysql"",""cpu"":""0.71%"",""mem"":""515.7MiB / 122.8GiB""}]"
2026-09-10T13:55:58Z,3,0,0,47,1772,2670081715,"[{""name"":""lab-worker-1"",""cpu"":""0.58%"",""mem"":""138.9MiB / 122.8GiB""},{""name"":""lab-api"",""cpu"":""0.00%"",""mem"":""147.9MiB / 122.8GiB""},{""name"":""lab-allegro-stub"",""cpu"":""0.00%"",""mem"":""21.43MiB / 122.8GiB""},{""name"":""lab-erli-stub"",""cpu"":""0.00%"",""mem"":""18.05MiB / 122.8GiB""},{""name"":""lab-eparagony-stub"",""cpu"":""0.00%"",""mem"":""20.47MiB / 122.8GiB""},{""name"":""lab-invoicing-stub"",""cpu"":""0.00%"",""mem"":""16.6MiB / 122.8GiB""},{""name"":""lab-shipping-stub"",""cpu"":""0.00%"",""mem"":""16.58MiB / 122.8GiB""},{""name"":""lab-eparagony-stub-tls"",""cpu"":""0.00%"",""mem"":""23.3MiB / 122.8GiB""},{""name"":""lab-erli-stub-tls"",""cpu"":""0.00%"",""mem"":""22.67MiB / 122.8GiB""},{""name"":""lab-wc-tls"",""cpu"":""0.00%"",""mem"":""29.52MiB / 122.8GiB""},{""name"":""lab-prestashop"",""cpu"":""0.01%"",""mem"":""133.8MiB / 122.8GiB""},{""name"":""lab-woocommerce"",""cpu"":""0.01%"",""mem"":""311.3MiB / 122.8GiB""},{""name"":""lab-redis"",""cpu"":""0.27%"",""mem"":""80.8MiB / 122.8GiB""},{""name"":""lab-postgres"",""cpu"":""30.31%"",""mem"":""236MiB / 122.8GiB""},{""name"":""lab-mysql"",""cpu"":""0.81%"",""mem"":""726.5MiB / 122.8GiB""},{""name"":""lab-woocommerce-mysql"",""cpu"":""0.78%"",""mem"":""515.7MiB / 122.8GiB""}]"
2026-09-10T13:56:01Z,3,0,0,47,1772,2670081715,"[{""name"":""lab-worker-1"",""cpu"":""0.32%"",""mem"":""138.9MiB / 122.8GiB""},{""name"":""lab-api"",""cpu"":""0.00%"",""mem"":""147.9MiB / 122.8GiB""},{""name"":""lab-allegro-stub"",""cpu"":""0.00%"",""mem"":""21.43MiB / 122.8GiB""},{""name"":""lab-erli-stub"",""cpu"":""0.00%"",""mem"":""18.05MiB / 122.8GiB""},{""name"":""lab-eparagony-stub"",""cpu"":""3.73%"",""mem"":""20.49MiB / 122.8GiB""},{""name"":""lab-invoicing-stub"",""cpu"":""0.00%"",""mem"":""16.6MiB / 122.8GiB""},{""name"":""lab-shipping-stub"",""cpu"":""0.00%"",""mem"":""16.58MiB / 122.8GiB""},{""name"":""lab-eparagony-stub-tls"",""cpu"":""0.00%"",""mem"":""23.3MiB / 122.8GiB""},{""name"":""lab-erli-stub-tls"",""cpu"":""0.00%"",""mem"":""22.67MiB / 122.8GiB""},{""name"":""lab-wc-tls"",""cpu"":""0.00%"",""mem"":""29.52MiB / 122.8GiB""},{""name"":""lab-prestashop"",""cpu"":""0.01%"",""mem"":""133.8MiB / 122.8GiB""},{""name"":""lab-woocommerce"",""cpu"":""0.01%"",""mem"":""311.3MiB / 122.8GiB""},{""name"":""lab-redis"",""cpu"":""0.25%"",""mem"":""81.05MiB / 122.8GiB""},{""name"":""lab-postgres"",""cpu"":""31.15%"",""mem"":""236MiB / 122.8GiB""},{""name"":""lab-mysql"",""cpu"":""0.70%"",""mem"":""726.5MiB / 122.8GiB""},{""name"":""lab-woocommerce-mysql"",""cpu"":""0.77%"",""mem"":""515.7MiB / 122.8GiB""}]"
2026-09-10T13:56:04Z,3,0,0,47,1772,2670081715,"[{""name"":""lab-worker-1"",""cpu"":""0.45%"",""mem"":""138.9MiB / 122.8GiB""},{""name"":""lab-api"",""cpu"":""0.00%"",""mem"":""147.9MiB / 122.8GiB""},{""name"":""lab-allegro-stub"",""cpu"":""0.00%"",""mem"":""21.43MiB / 122.8GiB""},{""name"":""lab-erli-stub"",""cpu"":""0.00%"",""mem"":""18.05MiB / 122.8GiB""},{""name"":""lab-eparagony-stub"",""cpu"":""0.00%"",""mem"":""20.46MiB / 122.8GiB""},{""name"":""lab-invoicing-stub"",""cpu"":""0.00%"",""mem"":""16.6MiB / 122.8GiB""},{""name"":""lab-shipping-stub"",""cpu"":""0.00%"",""mem"":""16.58MiB / 122.8GiB""},{""name"":""lab-eparagony-stub-tls"",""cpu"":""0.00%"",""mem"":""23.3MiB / 122.8GiB""},{""name"":""lab-erli-stub-tls"",""cpu"":""0.00%"",""mem"":""22.67MiB / 122.8GiB""},{""name"":""lab-wc-tls"",""cpu"":""0.00%"",""mem"":""29.52MiB / 122.8GiB""},{""name"":""lab-prestashop"",""cpu"":""0.00%"",""mem"":""133.8MiB / 122.8GiB""},{""name"":""lab-woocommerce"",""cpu"":""0.00%"",""mem"":""311.3MiB / 122.8GiB""},{""name"":""lab-redis"",""cpu"":""0.30%"",""mem"":""80.8MiB / 122.8GiB""},{""name"":""lab-postgres"",""cpu"":""29.79%"",""mem"":""236MiB / 122.8GiB""},{""name"":""lab-mysql"",""cpu"":""0.76%"",""mem"":""726.5MiB / 122.8GiB""},{""name"":""lab-woocommerce-mysql"",""cpu"":""0.78%"",""mem"":""515.7MiB / 122.8GiB""}]"
