ts,dt,queued,running,dead,deferred,pg_database_size_bytes,docker_stats_json
2026-09-08T13:59:42Z,0,0,0,53,0,2625345203,"[{""name"":""lab-worker-1"",""cpu"":""0.43%"",""mem"":""93.48MiB / 122.8GiB""},{""name"":""lab-api"",""cpu"":""0.00%"",""mem"":""133.6MiB / 122.8GiB""},{""name"":""lab-wc-tls"",""cpu"":""0.00%"",""mem"":""23.49MiB / 122.8GiB""},{""name"":""lab-prestashop"",""cpu"":""0.01%"",""mem"":""104.5MiB / 122.8GiB""},{""name"":""lab-woocommerce"",""cpu"":""0.00%"",""mem"":""200.4MiB / 122.8GiB""},{""name"":""lab-redis"",""cpu"":""4.31%"",""mem"":""42.57MiB / 122.8GiB""},{""name"":""lab-postgres"",""cpu"":""0.18%"",""mem"":""256.7MiB / 122.8GiB""},{""name"":""lab-mysql"",""cpu"":""15.62%"",""mem"":""641.1MiB / 122.8GiB""},{""name"":""lab-woocommerce-mysql"",""cpu"":""0.77%"",""mem"":""483.7MiB / 122.8GiB""},{""name"":""lab-allegro-stub"",""cpu"":""0.00%"",""mem"":""27.12MiB / 122.8GiB""}]"
2026-09-08T13:59:45Z,4,0,0,53,0,2625345203,"[{""name"":""lab-worker-1"",""cpu"":""0.87%"",""mem"":""93.83MiB / 122.8GiB""},{""name"":""lab-api"",""cpu"":""0.00%"",""mem"":""133.6MiB / 122.8GiB""},{""name"":""lab-wc-tls"",""cpu"":""0.00%"",""mem"":""23.49MiB / 122.8GiB""},{""name"":""lab-prestashop"",""cpu"":""0.01%"",""mem"":""104.5MiB / 122.8GiB""},{""name"":""lab-woocommerce"",""cpu"":""0.01%"",""mem"":""200.4MiB / 122.8GiB""},{""name"":""lab-redis"",""cpu"":""0.30%"",""mem"":""42.55MiB / 122.8GiB""},{""name"":""lab-postgres"",""cpu"":""0.38%"",""mem"":""256.7MiB / 122.8GiB""},{""name"":""lab-mysql"",""cpu"":""14.75%"",""mem"":""640.6MiB / 122.8GiB""},{""name"":""lab-woocommerce-mysql"",""cpu"":""0.89%"",""mem"":""483.7MiB / 122.8GiB""},{""name"":""lab-allegro-stub"",""cpu"":""4.41%"",""mem"":""27.1MiB / 122.8GiB""}]"
2026-09-08T13:59:49Z,4,0,0,53,0,2625345203,"[{""name"":""lab-worker-1"",""cpu"":""1.44%"",""mem"":""93.76MiB / 122.8GiB""},{""name"":""lab-api"",""cpu"":""0.00%"",""mem"":""133.6MiB / 122.8GiB""},{""name"":""lab-wc-tls"",""cpu"":""0.00%"",""mem"":""23.49MiB / 122.8GiB""},{""name"":""lab-prestashop"",""cpu"":""0.01%"",""mem"":""104.5MiB / 122.8GiB""},{""name"":""lab-woocommerce"",""cpu"":""0.01%"",""mem"":""200.4MiB / 122.8GiB""},{""name"":""lab-redis"",""cpu"":""0.25%"",""mem"":""42.54MiB / 122.8GiB""},{""name"":""lab-postgres"",""cpu"":""0.40%"",""mem"":""256.7MiB / 122.8GiB""},{""name"":""lab-mysql"",""cpu"":""13.98%"",""mem"":""648.3MiB / 122.8GiB""},{""name"":""lab-woocommerce-mysql"",""cpu"":""0.84%"",""mem"":""483.7MiB / 122.8GiB""},{""name"":""lab-allegro-stub"",""cpu"":""0.00%"",""mem"":""27.1MiB / 122.8GiB""}]"
2026-09-08T13:59:53Z,3,0,0,53,0,2625345203,"[{""name"":""lab-worker-1"",""cpu"":""1.94%"",""mem"":""94.29MiB / 122.8GiB""},{""name"":""lab-api"",""cpu"":""0.00%"",""mem"":""133.6MiB / 122.8GiB""},{""name"":""lab-wc-tls"",""cpu"":""0.00%"",""mem"":""23.49MiB / 122.8GiB""},{""name"":""lab-prestashop"",""cpu"":""0.01%"",""mem"":""104.5MiB / 122.8GiB""},{""name"":""lab-woocommerce"",""cpu"":""0.01%"",""mem"":""200.4MiB / 122.8GiB""},{""name"":""lab-redis"",""cpu"":""0.27%"",""mem"":""42.54MiB / 122.8GiB""},{""name"":""lab-postgres"",""cpu"":""0.75%"",""mem"":""256.7MiB / 122.8GiB""},{""name"":""lab-mysql"",""cpu"":""15.15%"",""mem"":""640.9MiB / 122.8GiB""},{""name"":""lab-woocommerce-mysql"",""cpu"":""0.86%"",""mem"":""483.7MiB / 122.8GiB""},{""name"":""lab-allegro-stub"",""cpu"":""0.00%"",""mem"":""27.1MiB / 122.8GiB""}]"
2026-09-08T13:59:57Z,4,0,0,53,0,2625345203,"[{""name"":""lab-worker-1"",""cpu"":""0.67%"",""mem"":""93.96MiB / 122.8GiB""},{""name"":""lab-api"",""cpu"":""0.00%"",""mem"":""133.6MiB / 122.8GiB""},{""name"":""lab-wc-tls"",""cpu"":""0.00%"",""mem"":""23.49MiB / 122.8GiB""},{""name"":""lab-prestashop"",""cpu"":""0.00%"",""mem"":""104.5MiB / 122.8GiB""},{""name"":""lab-woocommerce"",""cpu"":""0.01%"",""mem"":""200.4MiB / 122.8GiB""},{""name"":""lab-redis"",""cpu"":""0.26%"",""mem"":""42.79MiB / 122.8GiB""},{""name"":""lab-postgres"",""cpu"":""5.64%"",""mem"":""256.7MiB / 122.8GiB""},{""name"":""lab-mysql"",""cpu"":""13.93%"",""mem"":""640.6MiB / 122.8GiB""},{""name"":""lab-woocommerce-mysql"",""cpu"":""0.88%"",""mem"":""483.7MiB / 122.8GiB""},{""name"":""lab-allegro-stub"",""cpu"":""0.00%"",""mem"":""27.1MiB / 122.8GiB""}]"
2026-09-08T14:00:00Z,4,0,0,53,0,2625345203,"[{""name"":""lab-worker-1"",""cpu"":""0.49%"",""mem"":""94.06MiB / 122.8GiB""},{""name"":""lab-api"",""cpu"":""0.00%"",""mem"":""133.6MiB / 122.8GiB""},{""name"":""lab-wc-tls"",""cpu"":""0.00%"",""mem"":""23.49MiB / 122.8GiB""},{""name"":""lab-prestashop"",""cpu"":""0.01%"",""mem"":""104.5MiB / 122.8GiB""},{""name"":""lab-woocommerce"",""cpu"":""0.01%"",""mem"":""200.4MiB / 122.8GiB""},{""name"":""lab-redis"",""cpu"":""0.25%"",""mem"":""42.79MiB / 122.8GiB""},{""name"":""lab-postgres"",""cpu"":""0.38%"",""mem"":""256.7MiB / 122.8GiB""},{""name"":""lab-mysql"",""cpu"":""18.05%"",""mem"":""640.5MiB / 122.8GiB""},{""name"":""lab-woocommerce-mysql"",""cpu"":""0.83%"",""mem"":""483.7MiB / 122.8GiB""},{""name"":""lab-allegro-stub"",""cpu"":""4.32%"",""mem"":""27.12MiB / 122.8GiB""}]"
2026-09-08T14:00:04Z,3,0,0,53,0,2625345203,"[{""name"":""lab-worker-1"",""cpu"":""0.58%"",""mem"":""94.25MiB / 122.8GiB""},{""name"":""lab-api"",""cpu"":""0.00%"",""mem"":""133.6MiB / 122.8GiB""},{""name"":""lab-wc-tls"",""cpu"":""0.00%"",""mem"":""23.49MiB / 122.8GiB""},{""name"":""lab-prestashop"",""cpu"":""0.01%"",""mem"":""104.5MiB / 122.8GiB""},{""name"":""lab-woocommerce"",""cpu"":""0.01%"",""mem"":""200.4MiB / 122.8GiB""},{""name"":""lab-redis"",""cpu"":""0.25%"",""mem"":""42.54MiB / 122.8GiB""},{""name"":""lab-postgres"",""cpu"":""0.36%"",""mem"":""256.7MiB / 122.8GiB""},{""name"":""lab-mysql"",""cpu"":""14.14%"",""mem"":""640.5MiB / 122.8GiB""},{""name"":""lab-woocommerce-mysql"",""cpu"":""4.37%"",""mem"":""490.8MiB / 122.8GiB""},{""name"":""lab-allegro-stub"",""cpu"":""0.00%"",""mem"":""27.1MiB / 122.8GiB""}]"
2026-09-08T14:00:08Z,4,0,0,53,0,2625345203,"[{""name"":""lab-worker-1"",""cpu"":""0.46%"",""mem"":""94.37MiB / 122.8GiB""},{""name"":""lab-api"",""cpu"":""0.00%"",""mem"":""133.6MiB / 122.8GiB""},{""name"":""lab-wc-tls"",""cpu"":""0.00%"",""mem"":""23.49MiB / 122.8GiB""},{""name"":""lab-prestashop"",""cpu"":""0.01%"",""mem"":""104.5MiB / 122.8GiB""},{""name"":""lab-woocommerce"",""cpu"":""0.01%"",""mem"":""200.4MiB / 122.8GiB""},{""name"":""lab-redis"",""cpu"":""0.26%"",""mem"":""42.54MiB / 122.8GiB""},{""name"":""lab-postgres"",""cpu"":""0.37%"",""mem"":""256.7MiB / 122.8GiB""},{""name"":""lab-mysql"",""cpu"":""11.45%"",""mem"":""647.5MiB / 122.8GiB""},{""name"":""lab-woocommerce-mysql"",""cpu"":""0.92%"",""mem"":""483.7MiB / 122.8GiB""},{""name"":""lab-allegro-stub"",""cpu"":""0.00%"",""mem"":""27.1MiB / 122.8GiB""}]"
2026-09-08T14:00:11Z,4,0,0,53,0,2625345203,"[{""name"":""lab-worker-1"",""cpu"":""0.75%"",""mem"":""94.43MiB / 122.8GiB""},{""name"":""lab-api"",""cpu"":""0.00%"",""mem"":""133.6MiB / 122.8GiB""},{""name"":""lab-wc-tls"",""cpu"":""0.00%"",""mem"":""23.49MiB / 122.8GiB""},{""name"":""lab-prestashop"",""cpu"":""0.01%"",""mem"":""104.5MiB / 122.8GiB""},{""name"":""lab-woocommerce"",""cpu"":""0.01%"",""mem"":""200.4MiB / 122.8GiB""},{""name"":""lab-redis"",""cpu"":""4.75%"",""mem"":""42.67MiB / 122.8GiB""},{""name"":""lab-postgres"",""cpu"":""1.40%"",""mem"":""256.7MiB / 122.8GiB""},{""name"":""lab-mysql"",""cpu"":""15.21%"",""mem"":""640.8MiB / 122.8GiB""},{""name"":""lab-woocommerce-mysql"",""cpu"":""0.79%"",""mem"":""483.7MiB / 122.8GiB""},{""name"":""lab-allegro-stub"",""cpu"":""0.01%"",""mem"":""27.1MiB / 122.8GiB""}]"
2026-09-08T14:00:15Z,3,0,0,53,0,2625345203,"[{""name"":""lab-worker-1"",""cpu"":""0.47%"",""mem"":""94.55MiB / 122.8GiB""},{""name"":""lab-api"",""cpu"":""0.02%"",""mem"":""133.6MiB / 122.8GiB""},{""name"":""lab-wc-tls"",""cpu"":""0.00%"",""mem"":""23.49MiB / 122.8GiB""},{""name"":""lab-prestashop"",""cpu"":""0.01%"",""mem"":""104.5MiB / 122.8GiB""},{""name"":""lab-woocommerce"",""cpu"":""0.01%"",""mem"":""200.4MiB / 122.8GiB""},{""name"":""lab-redis"",""cpu"":""0.29%"",""mem"":""42.54MiB / 122.8GiB""},{""name"":""lab-postgres"",""cpu"":""0.35%"",""mem"":""256.7MiB / 122.8GiB""},{""name"":""lab-mysql"",""cpu"":""15.28%"",""mem"":""640.9MiB / 122.8GiB""},{""name"":""lab-woocommerce-mysql"",""cpu"":""0.90%"",""mem"":""484MiB / 122.8GiB""},{""name"":""lab-allegro-stub"",""cpu"":""4.47%"",""mem"":""27.12MiB / 122.8GiB""}]"
2026-09-08T14:00:19Z,4,0,0,53,0,2625345203,"[{""name"":""lab-worker-1"",""cpu"":""0.62%"",""mem"":""94.65MiB / 122.8GiB""},{""name"":""lab-api"",""cpu"":""0.00%"",""mem"":""133.6MiB / 122.8GiB""},{""name"":""lab-wc-tls"",""cpu"":""0.00%"",""mem"":""23.49MiB / 122.8GiB""},{""name"":""lab-prestashop"",""cpu"":""0.01%"",""mem"":""104.5MiB / 122.8GiB""},{""name"":""lab-woocommerce"",""cpu"":""0.01%"",""mem"":""200.4MiB / 122.8GiB""},{""name"":""lab-redis"",""cpu"":""0.28%"",""mem"":""42.54MiB / 122.8GiB""},{""name"":""lab-postgres"",""cpu"":""0.39%"",""mem"":""256.7MiB / 122.8GiB""},{""name"":""lab-mysql"",""cpu"":""14.50%"",""mem"":""640.6MiB / 122.8GiB""},{""name"":""lab-woocommerce-mysql"",""cpu"":""0.98%"",""mem"":""483.7MiB / 122.8GiB""},{""name"":""lab-allegro-stub"",""cpu"":""0.00%"",""mem"":""27.1MiB / 122.8GiB""}]"
2026-09-08T14:00:23Z,4,0,0,53,0,2625345203,"[{""name"":""lab-worker-1"",""cpu"":""0.63%"",""mem"":""94.74MiB / 122.8GiB""},{""name"":""lab-api"",""cpu"":""0.00%"",""mem"":""133.6MiB / 122.8GiB""},{""name"":""lab-wc-tls"",""cpu"":""0.00%"",""mem"":""23.49MiB / 122.8GiB""},{""name"":""lab-prestashop"",""cpu"":""0.01%"",""mem"":""104.5MiB / 122.8GiB""},{""name"":""lab-woocommerce"",""cpu"":""0.01%"",""mem"":""200.4MiB / 122.8GiB""},{""name"":""lab-redis"",""cpu"":""0.27%"",""mem"":""42.57MiB / 122.8GiB""},{""name"":""lab-postgres"",""cpu"":""0.40%"",""mem"":""256.7MiB / 122.8GiB""},{""name"":""lab-mysql"",""cpu"":""15.08%"",""mem"":""640.6MiB / 122.8GiB""},{""name"":""lab-woocommerce-mysql"",""cpu"":""0.78%"",""mem"":""483.7MiB / 122.8GiB""},{""name"":""lab-allegro-stub"",""cpu"":""0.00%"",""mem"":""27.1MiB / 122.8GiB""}]"
2026-09-08T14:00:26Z,4,0,0,53,0,2625345203,"[{""name"":""lab-worker-1"",""cpu"":""0.72%"",""mem"":""94.91MiB / 122.8GiB""},{""name"":""lab-api"",""cpu"":""0.00%"",""mem"":""133.6MiB / 122.8GiB""},{""name"":""lab-wc-tls"",""cpu"":""0.00%"",""mem"":""23.49MiB / 122.8GiB""},{""name"":""lab-prestashop"",""cpu"":""0.00%"",""mem"":""104.5MiB / 122.8GiB""},{""name"":""lab-woocommerce"",""cpu"":""0.01%"",""mem"":""200.4MiB / 122.8GiB""},{""name"":""lab-redis"",""cpu"":""0.28%"",""mem"":""42.79MiB / 122.8GiB""},{""name"":""lab-postgres"",""cpu"":""5.25%"",""mem"":""256.8MiB / 122.8GiB""},{""name"":""lab-mysql"",""cpu"":""14.72%"",""mem"":""640.5MiB / 122.8GiB""},{""name"":""lab-woocommerce-mysql"",""cpu"":""0.87%"",""mem"":""483.7MiB / 122.8GiB""},{""name"":""lab-allegro-stub"",""cpu"":""0.01%"",""mem"":""27.1MiB / 122.8GiB""}]"
2026-09-08T14:00:30Z,3,0,0,53,0,2625345203,"[{""name"":""lab-worker-1"",""cpu"":""0.41%"",""mem"":""94.91MiB / 122.8GiB""},{""name"":""lab-api"",""cpu"":""0.00%"",""mem"":""133.6MiB / 122.8GiB""},{""name"":""lab-wc-tls"",""cpu"":""0.00%"",""mem"":""23.49MiB / 122.8GiB""},{""name"":""lab-prestashop"",""cpu"":""0.01%"",""mem"":""104.5MiB / 122.8GiB""},{""name"":""lab-woocommerce"",""cpu"":""0.00%"",""mem"":""200.4MiB / 122.8GiB""},{""name"":""lab-redis"",""cpu"":""0.26%"",""mem"":""42.54MiB / 122.8GiB""},{""name"":""lab-postgres"",""cpu"":""0.36%"",""mem"":""256.7MiB / 122.8GiB""},{""name"":""lab-mysql"",""cpu"":""14.85%"",""mem"":""640.8MiB / 122.8GiB""},{""name"":""lab-woocommerce-mysql"",""cpu"":""0.82%"",""mem"":""483.7MiB / 122.8GiB""},{""name"":""lab-allegro-stub"",""cpu"":""0.00%"",""mem"":""27.1MiB / 122.8GiB""}]"
2026-09-08T14:00:34Z,4,0,0,53,0,2625345203,"[{""name"":""lab-worker-1"",""cpu"":""0.61%"",""mem"":""95.14MiB / 122.8GiB""},{""name"":""lab-api"",""cpu"":""0.00%"",""mem"":""133.6MiB / 122.8GiB""},{""name"":""lab-wc-tls"",""cpu"":""0.00%"",""mem"":""23.49MiB / 122.8GiB""},{""name"":""lab-prestashop"",""cpu"":""0.01%"",""mem"":""104.5MiB / 122.8GiB""},{""name"":""lab-woocommerce"",""cpu"":""0.01%"",""mem"":""200.4MiB / 122.8GiB""},{""name"":""lab-redis"",""cpu"":""0.27%"",""mem"":""42.79MiB / 122.8GiB""},{""name"":""lab-postgres"",""cpu"":""0.39%"",""mem"":""256.7MiB / 122.8GiB""},{""name"":""lab-mysql"",""cpu"":""15.17%"",""mem"":""640.6MiB / 122.8GiB""},{""name"":""lab-woocommerce-mysql"",""cpu"":""0.88%"",""mem"":""483.7MiB / 122.8GiB""},{""name"":""lab-allegro-stub"",""cpu"":""0.00%"",""mem"":""27.1MiB / 122.8GiB""}]"
2026-09-08T14:00:37Z,4,0,0,53,0,2625345203,"[{""name"":""lab-worker-1"",""cpu"":""0.85%"",""mem"":""95.27MiB / 122.8GiB""},{""name"":""lab-api"",""cpu"":""0.00%"",""mem"":""133.6MiB / 122.8GiB""},{""name"":""lab-wc-tls"",""cpu"":""0.00%"",""mem"":""23.49MiB / 122.8GiB""},{""name"":""lab-prestashop"",""cpu"":""0.00%"",""mem"":""104.5MiB / 122.8GiB""},{""name"":""lab-woocommerce"",""cpu"":""0.01%"",""mem"":""200.4MiB / 122.8GiB""},{""name"":""lab-redis"",""cpu"":""0.27%"",""mem"":""42.54MiB / 122.8GiB""},{""name"":""lab-postgres"",""cpu"":""0.29%"",""mem"":""256.7MiB / 122.8GiB""},{""name"":""lab-mysql"",""cpu"":""15.19%"",""mem"":""640.9MiB / 122.8GiB""},{""name"":""lab-woocommerce-mysql"",""cpu"":""0.90%"",""mem"":""483.7MiB / 122.8GiB""},{""name"":""lab-allegro-stub"",""cpu"":""0.00%"",""mem"":""27.1MiB / 122.8GiB""}]"
2026-09-08T14:00:41Z,3,0,0,53,0,2625345203,"[{""name"":""lab-worker-1"",""cpu"":""0.53%"",""mem"":""95.27MiB / 122.8GiB""},{""name"":""lab-api"",""cpu"":""0.00%"",""mem"":""133.6MiB / 122.8GiB""},{""name"":""lab-wc-tls"",""cpu"":""0.00%"",""mem"":""23.49MiB / 122.8GiB""},{""name"":""lab-prestashop"",""cpu"":""0.01%"",""mem"":""104.5MiB / 122.8GiB""},{""name"":""lab-woocommerce"",""cpu"":""0.01%"",""mem"":""200.4MiB / 122.8GiB""},{""name"":""lab-redis"",""cpu"":""0.29%"",""mem"":""42.54MiB / 122.8GiB""},{""name"":""lab-postgres"",""cpu"":""0.38%"",""mem"":""256.7MiB / 122.8GiB""},{""name"":""lab-mysql"",""cpu"":""18.53%"",""mem"":""640.8MiB / 122.8GiB""},{""name"":""lab-woocommerce-mysql"",""cpu"":""0.83%"",""mem"":""483.7MiB / 122.8GiB""},{""name"":""lab-allegro-stub"",""cpu"":""4.52%"",""mem"":""27.11MiB / 122.8GiB""}]"
2026-09-08T14:00:45Z,4,0,0,53,0,2625345203,"[{""name"":""lab-worker-1"",""cpu"":""0.21%"",""mem"":""95.31MiB / 122.8GiB""},{""name"":""lab-api"",""cpu"":""0.01%"",""mem"":""133.6MiB / 122.8GiB""},{""name"":""lab-wc-tls"",""cpu"":""0.00%"",""mem"":""23.49MiB / 122.8GiB""},{""name"":""lab-prestashop"",""cpu"":""0.01%"",""mem"":""104.5MiB / 122.8GiB""},{""name"":""lab-woocommerce"",""cpu"":""0.00%"",""mem"":""200.4MiB / 122.8GiB""},{""name"":""lab-redis"",""cpu"":""0.26%"",""mem"":""42.54MiB / 122.8GiB""},{""name"":""lab-postgres"",""cpu"":""0.27%"",""mem"":""256.7MiB / 122.8GiB""},{""name"":""lab-mysql"",""cpu"":""11.09%"",""mem"":""640.8MiB / 122.8GiB""},{""name"":""lab-woocommerce-mysql"",""cpu"":""5.53%"",""mem"":""483.7MiB / 122.8GiB""},{""name"":""lab-allegro-stub"",""cpu"":""0.00%"",""mem"":""27.1MiB / 122.8GiB""}]"
2026-09-08T14:00:48Z,4,0,0,53,0,2625345203,"[{""name"":""lab-worker-1"",""cpu"":""0.45%"",""mem"":""95.42MiB / 122.8GiB""},{""name"":""lab-api"",""cpu"":""0.00%"",""mem"":""133.6MiB / 122.8GiB""},{""name"":""lab-wc-tls"",""cpu"":""0.00%"",""mem"":""23.49MiB / 122.8GiB""},{""name"":""lab-prestashop"",""cpu"":""0.01%"",""mem"":""104.5MiB / 122.8GiB""},{""name"":""lab-woocommerce"",""cpu"":""0.01%"",""mem"":""200.4MiB / 122.8GiB""},{""name"":""lab-redis"",""cpu"":""0.28%"",""mem"":""42.54MiB / 122.8GiB""},{""name"":""lab-postgres"",""cpu"":""0.36%"",""mem"":""256.7MiB / 122.8GiB""},{""name"":""lab-mysql"",""cpu"":""14.28%"",""mem"":""640.9MiB / 122.8GiB""},{""name"":""lab-woocommerce-mysql"",""cpu"":""1.23%"",""mem"":""483.7MiB / 122.8GiB""},{""name"":""lab-allegro-stub"",""cpu"":""0.00%"",""mem"":""27.1MiB / 122.8GiB""}]"
2026-09-08T14:00:52Z,3,0,0,53,0,2625345203,"[{""name"":""lab-worker-1"",""cpu"":""0.45%"",""mem"":""95.52MiB / 122.8GiB""},{""name"":""lab-api"",""cpu"":""0.00%"",""mem"":""133.6MiB / 122.8GiB""},{""name"":""lab-wc-tls"",""cpu"":""0.00%"",""mem"":""23.49MiB / 122.8GiB""},{""name"":""lab-prestashop"",""cpu"":""0.00%"",""mem"":""104.5MiB / 122.8GiB""},{""name"":""lab-woocommerce"",""cpu"":""0.01%"",""mem"":""200.4MiB / 122.8GiB""},{""name"":""lab-redis"",""cpu"":""4.20%"",""mem"":""42.56MiB / 122.8GiB""},{""name"":""lab-postgres"",""cpu"":""0.37%"",""mem"":""256.7MiB / 122.8GiB""},{""name"":""lab-mysql"",""cpu"":""14.75%"",""mem"":""640.6MiB / 122.8GiB""},{""name"":""lab-woocommerce-mysql"",""cpu"":""0.78%"",""mem"":""483.7MiB / 122.8GiB""},{""name"":""lab-allegro-stub"",""cpu"":""0.00%"",""mem"":""27.1MiB / 122.8GiB""}]"
2026-09-08T14:00:56Z,4,0,0,53,0,2625345203,"[{""name"":""lab-worker-1"",""cpu"":""0.97%"",""mem"":""95.67MiB / 122.8GiB""},{""name"":""lab-api"",""cpu"":""0.00%"",""mem"":""133.6MiB / 122.8GiB""},{""name"":""lab-wc-tls"",""cpu"":""0.00%"",""mem"":""23.49MiB / 122.8GiB""},{""name"":""lab-prestashop"",""cpu"":""0.01%"",""mem"":""104.5MiB / 122.8GiB""},{""name"":""lab-woocommerce"",""cpu"":""0.01%"",""mem"":""200.4MiB / 122.8GiB""},{""name"":""lab-redis"",""cpu"":""0.30%"",""mem"":""42.54MiB / 122.8GiB""},{""name"":""lab-postgres"",""cpu"":""0.38%"",""mem"":""256.7MiB / 122.8GiB""},{""name"":""lab-mysql"",""cpu"":""14.34%"",""mem"":""640.6MiB / 122.8GiB""},{""name"":""lab-woocommerce-mysql"",""cpu"":""1.26%"",""mem"":""483.7MiB / 122.8GiB""},{""name"":""lab-allegro-stub"",""cpu"":""3.97%"",""mem"":""27.11MiB / 122.8GiB""}]"
2026-09-08T14:01:00Z,4,0,0,53,0,2625345203,"[{""name"":""lab-worker-1"",""cpu"":""1.77%"",""mem"":""95.89MiB / 122.8GiB""},{""name"":""lab-api"",""cpu"":""0.00%"",""mem"":""133.6MiB / 122.8GiB""},{""name"":""lab-wc-tls"",""cpu"":""0.00%"",""mem"":""23.49MiB / 122.8GiB""},{""name"":""lab-prestashop"",""cpu"":""0.01%"",""mem"":""104.5MiB / 122.8GiB""},{""name"":""lab-woocommerce"",""cpu"":""0.00%"",""mem"":""200.4MiB / 122.8GiB""},{""name"":""lab-redis"",""cpu"":""0.26%"",""mem"":""42.54MiB / 122.8GiB""},{""name"":""lab-postgres"",""cpu"":""0.35%"",""mem"":""256.7MiB / 122.8GiB""},{""name"":""lab-mysql"",""cpu"":""13.95%"",""mem"":""640.7MiB / 122.8GiB""},{""name"":""lab-woocommerce-mysql"",""cpu"":""0.91%"",""mem"":""483.7MiB / 122.8GiB""},{""name"":""lab-allegro-stub"",""cpu"":""0.00%"",""mem"":""27.1MiB / 122.8GiB""}]"
2026-09-08T14:01:03Z,4,0,0,53,0,2625345203,"[{""name"":""lab-worker-1"",""cpu"":""0.44%"",""mem"":""95.86MiB / 122.8GiB""},{""name"":""lab-api"",""cpu"":""0.00%"",""mem"":""133.6MiB / 122.8GiB""},{""name"":""lab-wc-tls"",""cpu"":""0.00%"",""mem"":""23.49MiB / 122.8GiB""},{""name"":""lab-prestashop"",""cpu"":""5.22%"",""mem"":""104.5MiB / 122.8GiB""},{""name"":""lab-woocommerce"",""cpu"":""0.01%"",""mem"":""200.4MiB / 122.8GiB""},{""name"":""lab-redis"",""cpu"":""0.29%"",""mem"":""42.79MiB / 122.8GiB""},{""name"":""lab-postgres"",""cpu"":""0.38%"",""mem"":""256.7MiB / 122.8GiB""},{""name"":""lab-mysql"",""cpu"":""14.82%"",""mem"":""640.8MiB / 122.8GiB""},{""name"":""lab-woocommerce-mysql"",""cpu"":""0.85%"",""mem"":""483.7MiB / 122.8GiB""},{""name"":""lab-allegro-stub"",""cpu"":""0.00%"",""mem"":""27.1MiB / 122.8GiB""}]"
2026-09-08T14:01:07Z,3,0,0,53,0,2625345203,"[{""name"":""lab-worker-1"",""cpu"":""0.41%"",""mem"":""95.97MiB / 122.8GiB""},{""name"":""lab-api"",""cpu"":""0.00%"",""mem"":""133.6MiB / 122.8GiB""},{""name"":""lab-wc-tls"",""cpu"":""0.00%"",""mem"":""23.49MiB / 122.8GiB""},{""name"":""lab-prestashop"",""cpu"":""15.76%"",""mem"":""139.6MiB / 122.8GiB""},{""name"":""lab-woocommerce"",""cpu"":""0.01%"",""mem"":""200.4MiB / 122.8GiB""},{""name"":""lab-redis"",""cpu"":""0.26%"",""mem"":""42.79MiB / 122.8GiB""},{""name"":""lab-postgres"",""cpu"":""5.65%"",""mem"":""256.7MiB / 122.8GiB""},{""name"":""lab-mysql"",""cpu"":""18.93%"",""mem"":""640.8MiB / 122.8GiB""},{""name"":""lab-woocommerce-mysql"",""cpu"":""0.78%"",""mem"":""483.7MiB / 122.8GiB""},{""name"":""lab-allegro-stub"",""cpu"":""0.01%"",""mem"":""27.1MiB / 122.8GiB""}]"
2026-09-08T14:01:11Z,4,0,0,53,0,2625345203,"[{""name"":""lab-worker-1"",""cpu"":""0.43%"",""mem"":""96.07MiB / 122.8GiB""},{""name"":""lab-api"",""cpu"":""0.00%"",""mem"":""133.6MiB / 122.8GiB""},{""name"":""lab-wc-tls"",""cpu"":""0.00%"",""mem"":""23.49MiB / 122.8GiB""},{""name"":""lab-prestashop"",""cpu"":""0.01%"",""mem"":""104.5MiB / 122.8GiB""},{""name"":""lab-woocommerce"",""cpu"":""0.01%"",""mem"":""200.4MiB / 122.8GiB""},{""name"":""lab-redis"",""cpu"":""0.26%"",""mem"":""42.54MiB / 122.8GiB""},{""name"":""lab-postgres"",""cpu"":""0.35%"",""mem"":""256.8MiB / 122.8GiB""},{""name"":""lab-mysql"",""cpu"":""19.25%"",""mem"":""642.3MiB / 122.8GiB""},{""name"":""lab-woocommerce-mysql"",""cpu"":""0.85%"",""mem"":""483.7MiB / 122.8GiB""},{""name"":""lab-allegro-stub"",""cpu"":""4.24%"",""mem"":""27.21MiB / 122.8GiB""}]"
2026-09-08T14:01:14Z,4,0,0,53,0,2625345203,"[{""name"":""lab-worker-1"",""cpu"":""0.44%"",""mem"":""96.18MiB / 122.8GiB""},{""name"":""lab-api"",""cpu"":""0.00%"",""mem"":""133.6MiB / 122.8GiB""},{""name"":""lab-wc-tls"",""cpu"":""0.00%"",""mem"":""23.49MiB / 122.8GiB""},{""name"":""lab-prestashop"",""cpu"":""0.01%"",""mem"":""104.5MiB / 122.8GiB""},{""name"":""lab-woocommerce"",""cpu"":""0.01%"",""mem"":""200.4MiB / 122.8GiB""},{""name"":""lab-redis"",""cpu"":""0.27%"",""mem"":""42.54MiB / 122.8GiB""},{""name"":""lab-postgres"",""cpu"":""0.37%"",""mem"":""256.7MiB / 122.8GiB""},{""name"":""lab-mysql"",""cpu"":""14.72%"",""mem"":""640.8MiB / 122.8GiB""},{""name"":""lab-woocommerce-mysql"",""cpu"":""0.85%"",""mem"":""483.7MiB / 122.8GiB""},{""name"":""lab-allegro-stub"",""cpu"":""0.00%"",""mem"":""27.1MiB / 122.8GiB""}]"
2026-09-08T14:01:18Z,3,0,0,53,0,2625345203,"[{""name"":""lab-worker-1"",""cpu"":""0.41%"",""mem"":""96.29MiB / 122.8GiB""},{""name"":""lab-api"",""cpu"":""0.00%"",""mem"":""133.6MiB / 122.8GiB""},{""name"":""lab-wc-tls"",""cpu"":""0.00%"",""mem"":""23.49MiB / 122.8GiB""},{""name"":""lab-prestashop"",""cpu"":""0.00%"",""mem"":""104.5MiB / 122.8GiB""},{""name"":""lab-woocommerce"",""cpu"":""0.01%"",""mem"":""200.4MiB / 122.8GiB""},{""name"":""lab-redis"",""cpu"":""0.28%"",""mem"":""42.54MiB / 122.8GiB""},{""name"":""lab-postgres"",""cpu"":""0.41%"",""mem"":""256.7MiB / 122.8GiB""},{""name"":""lab-mysql"",""cpu"":""11.47%"",""mem"":""645.8MiB / 122.8GiB""},{""name"":""lab-woocommerce-mysql"",""cpu"":""0.86%"",""mem"":""483.7MiB / 122.8GiB""},{""name"":""lab-allegro-stub"",""cpu"":""0.00%"",""mem"":""27.1MiB / 122.8GiB""}]"
2026-09-08T14:01:22Z,4,0,0,53,0,2625345203,"[{""name"":""lab-worker-1"",""cpu"":""0.48%"",""mem"":""96.39MiB / 122.8GiB""},{""name"":""lab-api"",""cpu"":""0.00%"",""mem"":""133.6MiB / 122.8GiB""},{""name"":""lab-wc-tls"",""cpu"":""0.00%"",""mem"":""23.49MiB / 122.8GiB""},{""name"":""lab-prestashop"",""cpu"":""0.01%"",""mem"":""104.5MiB / 122.8GiB""},{""name"":""lab-woocommerce"",""cpu"":""0.01%"",""mem"":""200.4MiB / 122.8GiB""},{""name"":""lab-redis"",""cpu"":""4.64%"",""mem"":""42.7MiB / 122.8GiB""},{""name"":""lab-postgres"",""cpu"":""0.34%"",""mem"":""256.7MiB / 122.8GiB""},{""name"":""lab-mysql"",""cpu"":""15.70%"",""mem"":""640.8MiB / 122.8GiB""},{""name"":""lab-woocommerce-mysql"",""cpu"":""0.92%"",""mem"":""483.7MiB / 122.8GiB""},{""name"":""lab-allegro-stub"",""cpu"":""0.01%"",""mem"":""27.1MiB / 122.8GiB""}]"
2026-09-08T14:01:25Z,4,0,0,53,0,2625345203,"[{""name"":""lab-worker-1"",""cpu"":""0.49%"",""mem"":""96.5MiB / 122.8GiB""},{""name"":""lab-api"",""cpu"":""0.00%"",""mem"":""133.6MiB / 122.8GiB""},{""name"":""lab-wc-tls"",""cpu"":""0.00%"",""mem"":""23.49MiB / 122.8GiB""},{""name"":""lab-prestashop"",""cpu"":""0.01%"",""mem"":""104.5MiB / 122.8GiB""},{""name"":""lab-woocommerce"",""cpu"":""0.00%"",""mem"":""200.4MiB / 122.8GiB""},{""name"":""lab-redis"",""cpu"":""0.29%"",""mem"":""42.54MiB / 122.8GiB""},{""name"":""lab-postgres"",""cpu"":""0.36%"",""mem"":""256.7MiB / 122.8GiB""},{""name"":""lab-mysql"",""cpu"":""14.89%"",""mem"":""640.8MiB / 122.8GiB""},{""name"":""lab-woocommerce-mysql"",""cpu"":""4.94%"",""mem"":""483.7MiB / 122.8GiB""},{""name"":""lab-allegro-stub"",""cpu"":""0.00%"",""mem"":""27.1MiB / 122.8GiB""}]"
2026-09-08T14:01:29Z,3,0,0,53,0,2625345203,"[{""name"":""lab-worker-1"",""cpu"":""0.42%"",""mem"":""96.61MiB / 122.8GiB""},{""name"":""lab-api"",""cpu"":""0.00%"",""mem"":""133.6MiB / 122.8GiB""},{""name"":""lab-wc-tls"",""cpu"":""0.00%"",""mem"":""23.49MiB / 122.8GiB""},{""name"":""lab-prestashop"",""cpu"":""16.54%"",""mem"":""104.5MiB / 122.8GiB""},{""name"":""lab-woocommerce"",""cpu"":""0.01%"",""mem"":""200.4MiB / 122.8GiB""},{""name"":""lab-redis"",""cpu"":""0.25%"",""mem"":""42.54MiB / 122.8GiB""},{""name"":""lab-postgres"",""cpu"":""0.35%"",""mem"":""256.7MiB / 122.8GiB""},{""name"":""lab-mysql"",""cpu"":""19.76%"",""mem"":""641MiB / 122.8GiB""},{""name"":""lab-woocommerce-mysql"",""cpu"":""0.82%"",""mem"":""483.7MiB / 122.8GiB""},{""name"":""lab-allegro-stub"",""cpu"":""0.00%"",""mem"":""27.1MiB / 122.8GiB""}]"
2026-09-08T14:01:33Z,4,0,0,53,0,2625345203,"[{""name"":""lab-worker-1"",""cpu"":""0.33%"",""mem"":""96.72MiB / 122.8GiB""},{""name"":""lab-api"",""cpu"":""0.00%"",""mem"":""133.6MiB / 122.8GiB""},{""name"":""lab-wc-tls"",""cpu"":""0.00%"",""mem"":""23.49MiB / 122.8GiB""},{""name"":""lab-prestashop"",""cpu"":""5.13%"",""mem"":""104.5MiB / 122.8GiB""},{""name"":""lab-woocommerce"",""cpu"":""0.01%"",""mem"":""200.4MiB / 122.8GiB""},{""name"":""lab-redis"",""cpu"":""0.27%"",""mem"":""42.79MiB / 122.8GiB""},{""name"":""lab-postgres"",""cpu"":""0.36%"",""mem"":""256.7MiB / 122.8GiB""},{""name"":""lab-mysql"",""cpu"":""15.74%"",""mem"":""640.8MiB / 122.8GiB""},{""name"":""lab-woocommerce-mysql"",""cpu"":""0.86%"",""mem"":""483.7MiB / 122.8GiB""},{""name"":""lab-allegro-stub"",""cpu"":""0.00%"",""mem"":""27.1MiB / 122.8GiB""}]"
2026-09-08T14:01:37Z,4,0,0,53,0,2625345203,"[{""name"":""lab-worker-1"",""cpu"":""0.53%"",""mem"":""96.77MiB / 122.8GiB""},{""name"":""lab-api"",""cpu"":""0.00%"",""mem"":""133.6MiB / 122.8GiB""},{""name"":""lab-wc-tls"",""cpu"":""0.00%"",""mem"":""23.49MiB / 122.8GiB""},{""name"":""lab-prestashop"",""cpu"":""0.01%"",""mem"":""104.5MiB / 122.8GiB""},{""name"":""lab-woocommerce"",""cpu"":""0.01%"",""mem"":""200.4MiB / 122.8GiB""},{""name"":""lab-redis"",""cpu"":""0.27%"",""mem"":""42.54MiB / 122.8GiB""},{""name"":""lab-postgres"",""cpu"":""5.81%"",""mem"":""257.1MiB / 122.8GiB""},{""name"":""lab-mysql"",""cpu"":""14.80%"",""mem"":""640.6MiB / 122.8GiB""},{""name"":""lab-woocommerce-mysql"",""cpu"":""0.83%"",""mem"":""483.7MiB / 122.8GiB""},{""name"":""lab-allegro-stub"",""cpu"":""4.07%"",""mem"":""27.13MiB / 122.8GiB""}]"
2026-09-08T14:01:40Z,4,0,0,53,0,2625345203,"[{""name"":""lab-worker-1"",""cpu"":""0.57%"",""mem"":""96.89MiB / 122.8GiB""},{""name"":""lab-api"",""cpu"":""0.00%"",""mem"":""133.6MiB / 122.8GiB""},{""name"":""lab-wc-tls"",""cpu"":""0.00%"",""mem"":""23.49MiB / 122.8GiB""},{""name"":""lab-prestashop"",""cpu"":""0.01%"",""mem"":""104.5MiB / 122.8GiB""},{""name"":""lab-woocommerce"",""cpu"":""0.00%"",""mem"":""200.4MiB / 122.8GiB""},{""name"":""lab-redis"",""cpu"":""0.28%"",""mem"":""42.54MiB / 122.8GiB""},{""name"":""lab-postgres"",""cpu"":""0.36%"",""mem"":""256.8MiB / 122.8GiB""},{""name"":""lab-mysql"",""cpu"":""14.93%"",""mem"":""640.6MiB / 122.8GiB""},{""name"":""lab-woocommerce-mysql"",""cpu"":""0.88%"",""mem"":""483.7MiB / 122.8GiB""},{""name"":""lab-allegro-stub"",""cpu"":""0.00%"",""mem"":""27.1MiB / 122.8GiB""}]"
2026-09-08T14:01:44Z,3,0,0,53,0,2625345203,"[{""name"":""lab-worker-1"",""cpu"":""0.58%"",""mem"":""97.25MiB / 122.8GiB""},{""name"":""lab-api"",""cpu"":""0.00%"",""mem"":""133.6MiB / 122.8GiB""},{""name"":""lab-wc-tls"",""cpu"":""0.00%"",""mem"":""23.49MiB / 122.8GiB""},{""name"":""lab-prestashop"",""cpu"":""0.00%"",""mem"":""104.5MiB / 122.8GiB""},{""name"":""lab-woocommerce"",""cpu"":""0.00%"",""mem"":""200.4MiB / 122.8GiB""},{""name"":""lab-redis"",""cpu"":""0.25%"",""mem"":""42.79MiB / 122.8GiB""},{""name"":""lab-postgres"",""cpu"":""0.36%"",""mem"":""256.7MiB / 122.8GiB""},{""name"":""lab-mysql"",""cpu"":""15.74%"",""mem"":""640.9MiB / 122.8GiB""},{""name"":""lab-woocommerce-mysql"",""cpu"":""0.89%"",""mem"":""483.7MiB / 122.8GiB""},{""name"":""lab-allegro-stub"",""cpu"":""0.00%"",""mem"":""27.1MiB / 122.8GiB""}]"
2026-09-08T14:01:48Z,4,0,0,53,0,2625345203,"[{""name"":""lab-worker-1"",""cpu"":""0.51%"",""mem"":""97.14MiB / 122.8GiB""},{""name"":""lab-api"",""cpu"":""0.00%"",""mem"":""133.6MiB / 122.8GiB""},{""name"":""lab-wc-tls"",""cpu"":""0.00%"",""mem"":""23.49MiB / 122.8GiB""},{""name"":""lab-prestashop"",""cpu"":""0.00%"",""mem"":""104.5MiB / 122.8GiB""},{""name"":""lab-woocommerce"",""cpu"":""0.01%"",""mem"":""200.4MiB / 122.8GiB""},{""name"":""lab-redis"",""cpu"":""0.26%"",""mem"":""42.54MiB / 122.8GiB""},{""name"":""lab-postgres"",""cpu"":""0.37%"",""mem"":""256.7MiB / 122.8GiB""},{""name"":""lab-mysql"",""cpu"":""14.78%"",""mem"":""640.7MiB / 122.8GiB""},{""name"":""lab-woocommerce-mysql"",""cpu"":""0.86%"",""mem"":""483.7MiB / 122.8GiB""},{""name"":""lab-allegro-stub"",""cpu"":""0.00%"",""mem"":""27.1MiB / 122.8GiB""}]"
2026-09-08T14:01:51Z,4,0,0,53,0,2625345203,"[{""name"":""lab-worker-1"",""cpu"":""0.59%"",""mem"":""97.21MiB / 122.8GiB""},{""name"":""lab-api"",""cpu"":""0.00%"",""mem"":""133.6MiB / 122.8GiB""},{""name"":""lab-wc-tls"",""cpu"":""0.00%"",""mem"":""23.49MiB / 122.8GiB""},{""name"":""lab-prestashop"",""cpu"":""12.45%"",""mem"":""104.5MiB / 122.8GiB""},{""name"":""lab-woocommerce"",""cpu"":""0.01%"",""mem"":""200.4MiB / 122.8GiB""},{""name"":""lab-redis"",""cpu"":""0.30%"",""mem"":""42.54MiB / 122.8GiB""},{""name"":""lab-postgres"",""cpu"":""1.14%"",""mem"":""256.7MiB / 122.8GiB""},{""name"":""lab-mysql"",""cpu"":""23.69%"",""mem"":""640.6MiB / 122.8GiB""},{""name"":""lab-woocommerce-mysql"",""cpu"":""0.81%"",""mem"":""483.7MiB / 122.8GiB""},{""name"":""lab-allegro-stub"",""cpu"":""4.17%"",""mem"":""27.1MiB / 122.8GiB""}]"
2026-09-08T14:01:55Z,3,0,0,53,0,2625345203,"[{""name"":""lab-worker-1"",""cpu"":""0.63%"",""mem"":""97.32MiB / 122.8GiB""},{""name"":""lab-api"",""cpu"":""0.00%"",""mem"":""133.6MiB / 122.8GiB""},{""name"":""lab-wc-tls"",""cpu"":""0.00%"",""mem"":""23.49MiB / 122.8GiB""},{""name"":""lab-prestashop"",""cpu"":""0.00%"",""mem"":""104.5MiB / 122.8GiB""},{""name"":""lab-woocommerce"",""cpu"":""17.32%"",""mem"":""200.6MiB / 122.8GiB""},{""name"":""lab-redis"",""cpu"":""0.25%"",""mem"":""42.54MiB / 122.8GiB""},{""name"":""lab-postgres"",""cpu"":""0.17%"",""mem"":""256.7MiB / 122.8GiB""},{""name"":""lab-mysql"",""cpu"":""14.84%"",""mem"":""640.8MiB / 122.8GiB""},{""name"":""lab-woocommerce-mysql"",""cpu"":""9.96%"",""mem"":""484MiB / 122.8GiB""},{""name"":""lab-allegro-stub"",""cpu"":""0.00%"",""mem"":""27.1MiB / 122.8GiB""}]"
2026-09-08T14:01:59Z,4,0,0,53,0,2625345203,"[{""name"":""lab-worker-1"",""cpu"":""0.40%"",""mem"":""97.32MiB / 122.8GiB""},{""name"":""lab-api"",""cpu"":""0.00%"",""mem"":""133.6MiB / 122.8GiB""},{""name"":""lab-wc-tls"",""cpu"":""0.00%"",""mem"":""23.49MiB / 122.8GiB""},{""name"":""lab-prestashop"",""cpu"":""0.01%"",""mem"":""104.5MiB / 122.8GiB""},{""name"":""lab-woocommerce"",""cpu"":""0.01%"",""mem"":""200.4MiB / 122.8GiB""},{""name"":""lab-redis"",""cpu"":""0.29%"",""mem"":""42.54MiB / 122.8GiB""},{""name"":""lab-postgres"",""cpu"":""0.35%"",""mem"":""256.7MiB / 122.8GiB""},{""name"":""lab-mysql"",""cpu"":""11.94%"",""mem"":""647.6MiB / 122.8GiB""},{""name"":""lab-woocommerce-mysql"",""cpu"":""0.92%"",""mem"":""483.7MiB / 122.8GiB""},{""name"":""lab-allegro-stub"",""cpu"":""0.00%"",""mem"":""27.11MiB / 122.8GiB""}]"
2026-09-08T14:02:02Z,4,0,0,53,0,2625345203,"[{""name"":""lab-worker-1"",""cpu"":""0.40%"",""mem"":""97.43MiB / 122.8GiB""},{""name"":""lab-api"",""cpu"":""0.00%"",""mem"":""133.6MiB / 122.8GiB""},{""name"":""lab-wc-tls"",""cpu"":""0.00%"",""mem"":""23.49MiB / 122.8GiB""},{""name"":""lab-prestashop"",""cpu"":""4.30%"",""mem"":""106.4MiB / 122.8GiB""},{""name"":""lab-woocommerce"",""cpu"":""0.01%"",""mem"":""200.4MiB / 122.8GiB""},{""name"":""lab-redis"",""cpu"":""4.66%"",""mem"":""42.54MiB / 122.8GiB""},{""name"":""lab-postgres"",""cpu"":""0.34%"",""mem"":""256.7MiB / 122.8GiB""},{""name"":""lab-mysql"",""cpu"":""14.52%"",""mem"":""640.6MiB / 122.8GiB""},{""name"":""lab-woocommerce-mysql"",""cpu"":""0.84%"",""mem"":""483.7MiB / 122.8GiB""},{""name"":""lab-allegro-stub"",""cpu"":""0.01%"",""mem"":""27.11MiB / 122.8GiB""}]"
2026-09-08T14:02:06Z,4,0,0,53,0,2625345203,"[{""name"":""lab-worker-1"",""cpu"":""0.48%"",""mem"":""97.53MiB / 122.8GiB""},{""name"":""lab-api"",""cpu"":""0.00%"",""mem"":""133.6MiB / 122.8GiB""},{""name"":""lab-wc-tls"",""cpu"":""0.00%"",""mem"":""23.49MiB / 122.8GiB""},{""name"":""lab-prestashop"",""cpu"":""0.01%"",""mem"":""104.5MiB / 122.8GiB""},{""name"":""lab-woocommerce"",""cpu"":""0.00%"",""mem"":""200.4MiB / 122.8GiB""},{""name"":""lab-redis"",""cpu"":""0.31%"",""mem"":""42.79MiB / 122.8GiB""},{""name"":""lab-postgres"",""cpu"":""0.37%"",""mem"":""256.7MiB / 122.8GiB""},{""name"":""lab-mysql"",""cpu"":""14.52%"",""mem"":""640.9MiB / 122.8GiB""},{""name"":""lab-woocommerce-mysql"",""cpu"":""0.92%"",""mem"":""483.7MiB / 122.8GiB""},{""name"":""lab-allegro-stub"",""cpu"":""0.52%"",""mem"":""31.06MiB / 122.8GiB""}]"
2026-09-08T14:02:10Z,3,0,0,53,0,2625345203,"[{""name"":""lab-worker-1"",""cpu"":""0.43%"",""mem"":""97.66MiB / 122.8GiB""},{""name"":""lab-api"",""cpu"":""0.00%"",""mem"":""133.6MiB / 122.8GiB""},{""name"":""lab-wc-tls"",""cpu"":""0.00%"",""mem"":""23.49MiB / 122.8GiB""},{""name"":""lab-prestashop"",""cpu"":""0.01%"",""mem"":""104.5MiB / 122.8GiB""},{""name"":""lab-woocommerce"",""cpu"":""0.00%"",""mem"":""200.4MiB / 122.8GiB""},{""name"":""lab-redis"",""cpu"":""0.27%"",""mem"":""42.54MiB / 122.8GiB""},{""name"":""lab-postgres"",""cpu"":""0.37%"",""mem"":""256.7MiB / 122.8GiB""},{""name"":""lab-mysql"",""cpu"":""14.90%"",""mem"":""640.6MiB / 122.8GiB""},{""name"":""lab-woocommerce-mysql"",""cpu"":""0.89%"",""mem"":""483.7MiB / 122.8GiB""},{""name"":""lab-allegro-stub"",""cpu"":""0.00%"",""mem"":""27.11MiB / 122.8GiB""}]"
2026-09-08T14:02:14Z,4,0,0,53,0,2625345203,"[{""name"":""lab-worker-1"",""cpu"":""0.43%"",""mem"":""98MiB / 122.8GiB""},{""name"":""lab-api"",""cpu"":""0.00%"",""mem"":""133.6MiB / 122.8GiB""},{""name"":""lab-wc-tls"",""cpu"":""0.00%"",""mem"":""23.49MiB / 122.8GiB""},{""name"":""lab-prestashop"",""cpu"":""16.19%"",""mem"":""104.5MiB / 122.8GiB""},{""name"":""lab-woocommerce"",""cpu"":""0.01%"",""mem"":""200.4MiB / 122.8GiB""},{""name"":""lab-redis"",""cpu"":""0.27%"",""mem"":""42.54MiB / 122.8GiB""},{""name"":""lab-postgres"",""cpu"":""0.40%"",""mem"":""256.7MiB / 122.8GiB""},{""name"":""lab-mysql"",""cpu"":""14.47%"",""mem"":""640.6MiB / 122.8GiB""},{""name"":""lab-woocommerce-mysql"",""cpu"":""0.85%"",""mem"":""483.7MiB / 122.8GiB""},{""name"":""lab-allegro-stub"",""cpu"":""0.00%"",""mem"":""27.11MiB / 122.8GiB""}]"
2026-09-08T14:02:17Z,4,0,0,53,0,2625345203,"[{""name"":""lab-worker-1"",""cpu"":""0.37%"",""mem"":""98.13MiB / 122.8GiB""},{""name"":""lab-api"",""cpu"":""0.00%"",""mem"":""133.6MiB / 122.8GiB""},{""name"":""lab-wc-tls"",""cpu"":""0.00%"",""mem"":""23.49MiB / 122.8GiB""},{""name"":""lab-prestashop"",""cpu"":""0.00%"",""mem"":""104.5MiB / 122.8GiB""},{""name"":""lab-woocommerce"",""cpu"":""0.01%"",""mem"":""200.4MiB / 122.8GiB""},{""name"":""lab-redis"",""cpu"":""0.27%"",""mem"":""42.79MiB / 122.8GiB""},{""name"":""lab-postgres"",""cpu"":""5.92%"",""mem"":""256.7MiB / 122.8GiB""},{""name"":""lab-mysql"",""cpu"":""16.40%"",""mem"":""640.6MiB / 122.8GiB""},{""name"":""lab-woocommerce-mysql"",""cpu"":""0.84%"",""mem"":""483.7MiB / 122.8GiB""},{""name"":""lab-allegro-stub"",""cpu"":""2.50%"",""mem"":""27.11MiB / 122.8GiB""}]"
2026-09-08T14:02:21Z,3,0,0,53,0,2625345203,"[{""name"":""lab-worker-1"",""cpu"":""0.41%"",""mem"":""97.99MiB / 122.8GiB""},{""name"":""lab-api"",""cpu"":""0.00%"",""mem"":""133.6MiB / 122.8GiB""},{""name"":""lab-wc-tls"",""cpu"":""0.00%"",""mem"":""23.49MiB / 122.8GiB""},{""name"":""lab-prestashop"",""cpu"":""0.00%"",""mem"":""104.5MiB / 122.8GiB""},{""name"":""lab-woocommerce"",""cpu"":""0.00%"",""mem"":""200.4MiB / 122.8GiB""},{""name"":""lab-redis"",""cpu"":""0.25%"",""mem"":""42.54MiB / 122.8GiB""},{""name"":""lab-postgres"",""cpu"":""0.35%"",""mem"":""256.7MiB / 122.8GiB""},{""name"":""lab-mysql"",""cpu"":""18.97%"",""mem"":""641.1MiB / 122.8GiB""},{""name"":""lab-woocommerce-mysql"",""cpu"":""0.76%"",""mem"":""483.7MiB / 122.8GiB""},{""name"":""lab-allegro-stub"",""cpu"":""0.00%"",""mem"":""27.11MiB / 122.8GiB""}]"
2026-09-08T14:02:25Z,4,0,0,53,0,2625345203,"[{""name"":""lab-worker-1"",""cpu"":""0.70%"",""mem"":""98.1MiB / 122.8GiB""},{""name"":""lab-api"",""cpu"":""0.00%"",""mem"":""133.6MiB / 122.8GiB""},{""name"":""lab-wc-tls"",""cpu"":""0.00%"",""mem"":""23.49MiB / 122.8GiB""},{""name"":""lab-prestashop"",""cpu"":""0.00%"",""mem"":""104.5MiB / 122.8GiB""},{""name"":""lab-woocommerce"",""cpu"":""13.58%"",""mem"":""200.7MiB / 122.8GiB""},{""name"":""lab-redis"",""cpu"":""0.26%"",""mem"":""42.79MiB / 122.8GiB""},{""name"":""lab-postgres"",""cpu"":""0.37%"",""mem"":""256.7MiB / 122.8GiB""},{""name"":""lab-mysql"",""cpu"":""15.05%"",""mem"":""640.6MiB / 122.8GiB""},{""name"":""lab-woocommerce-mysql"",""cpu"":""2.27%"",""mem"":""483.7MiB / 122.8GiB""},{""name"":""lab-allegro-stub"",""cpu"":""0.00%"",""mem"":""27.11MiB / 122.8GiB""}]"
2026-09-08T14:02:28Z,4,0,0,53,0,2625345203,"[{""name"":""lab-worker-1"",""cpu"":""0.38%"",""mem"":""98.23MiB / 122.8GiB""},{""name"":""lab-api"",""cpu"":""0.00%"",""mem"":""133.6MiB / 122.8GiB""},{""name"":""lab-wc-tls"",""cpu"":""0.00%"",""mem"":""23.49MiB / 122.8GiB""},{""name"":""lab-prestashop"",""cpu"":""0.01%"",""mem"":""104.5MiB / 122.8GiB""},{""name"":""lab-woocommerce"",""cpu"":""0.00%"",""mem"":""200.4MiB / 122.8GiB""},{""name"":""lab-redis"",""cpu"":""0.26%"",""mem"":""42.54MiB / 122.8GiB""},{""name"":""lab-postgres"",""cpu"":""0.35%"",""mem"":""256.7MiB / 122.8GiB""},{""name"":""lab-mysql"",""cpu"":""15.02%"",""mem"":""640.9MiB / 122.8GiB""},{""name"":""lab-woocommerce-mysql"",""cpu"":""0.88%"",""mem"":""483.7MiB / 122.8GiB""},{""name"":""lab-allegro-stub"",""cpu"":""0.00%"",""mem"":""27.11MiB / 122.8GiB""}]"
2026-09-08T14:02:32Z,3,0,0,53,0,2625345203,"[{""name"":""lab-worker-1"",""cpu"":""0.36%"",""mem"":""98.57MiB / 122.8GiB""},{""name"":""lab-api"",""cpu"":""0.00%"",""mem"":""133.6MiB / 122.8GiB""},{""name"":""lab-wc-tls"",""cpu"":""0.00%"",""mem"":""23.49MiB / 122.8GiB""},{""name"":""lab-prestashop"",""cpu"":""0.01%"",""mem"":""104.5MiB / 122.8GiB""},{""name"":""lab-woocommerce"",""cpu"":""0.01%"",""mem"":""200.4MiB / 122.8GiB""},{""name"":""lab-redis"",""cpu"":""4.62%"",""mem"":""42.71MiB / 122.8GiB""},{""name"":""lab-postgres"",""cpu"":""0.37%"",""mem"":""256.7MiB / 122.8GiB""},{""name"":""lab-mysql"",""cpu"":""14.44%"",""mem"":""640.6MiB / 122.8GiB""},{""name"":""lab-woocommerce-mysql"",""cpu"":""0.84%"",""mem"":""483.7MiB / 122.8GiB""},{""name"":""lab-allegro-stub"",""cpu"":""4.10%"",""mem"":""27.11MiB / 122.8GiB""}]"
2026-09-08T14:02:36Z,4,0,0,53,0,2625345203,"[{""name"":""lab-worker-1"",""cpu"":""0.39%"",""mem"":""98.45MiB / 122.8GiB""},{""name"":""lab-api"",""cpu"":""0.00%"",""mem"":""133.6MiB / 122.8GiB""},{""name"":""lab-wc-tls"",""cpu"":""0.00%"",""mem"":""23.49MiB / 122.8GiB""},{""name"":""lab-prestashop"",""cpu"":""0.01%"",""mem"":""104.5MiB / 122.8GiB""},{""name"":""lab-woocommerce"",""cpu"":""0.01%"",""mem"":""200.4MiB / 122.8GiB""},{""name"":""lab-redis"",""cpu"":""0.28%"",""mem"":""42.79MiB / 122.8GiB""},{""name"":""lab-postgres"",""cpu"":""0.38%"",""mem"":""256.9MiB / 122.8GiB""},{""name"":""lab-mysql"",""cpu"":""15.89%"",""mem"":""640.8MiB / 122.8GiB""},{""name"":""lab-woocommerce-mysql"",""cpu"":""4.50%"",""mem"":""483.7MiB / 122.8GiB""},{""name"":""lab-allegro-stub"",""cpu"":""0.00%"",""mem"":""27.11MiB / 122.8GiB""}]"
2026-09-08T14:02:40Z,4,0,0,53,0,2625345203,"[{""name"":""lab-worker-1"",""cpu"":""0.39%"",""mem"":""98.77MiB / 122.8GiB""},{""name"":""lab-api"",""cpu"":""0.00%"",""mem"":""133.6MiB / 122.8GiB""},{""name"":""lab-wc-tls"",""cpu"":""0.00%"",""mem"":""23.49MiB / 122.8GiB""},{""name"":""lab-prestashop"",""cpu"":""0.01%"",""mem"":""104.5MiB / 122.8GiB""},{""name"":""lab-woocommerce"",""cpu"":""0.01%"",""mem"":""200.4MiB / 122.8GiB""},{""name"":""lab-redis"",""cpu"":""0.26%"",""mem"":""42.54MiB / 122.8GiB""},{""name"":""lab-postgres"",""cpu"":""0.36%"",""mem"":""256.7MiB / 122.8GiB""},{""name"":""lab-mysql"",""cpu"":""13.70%"",""mem"":""641.1MiB / 122.8GiB""},{""name"":""lab-woocommerce-mysql"",""cpu"":""0.89%"",""mem"":""483.7MiB / 122.8GiB""},{""name"":""lab-allegro-stub"",""cpu"":""0.00%"",""mem"":""27.11MiB / 122.8GiB""}]"
2026-09-08T14:02:43Z,4,0,0,53,0,2625345203,"[{""name"":""lab-worker-1"",""cpu"":""0.50%"",""mem"":""98.86MiB / 122.8GiB""},{""name"":""lab-api"",""cpu"":""0.00%"",""mem"":""133.6MiB / 122.8GiB""},{""name"":""lab-wc-tls"",""cpu"":""0.00%"",""mem"":""23.49MiB / 122.8GiB""},{""name"":""lab-prestashop"",""cpu"":""0.01%"",""mem"":""104.5MiB / 122.8GiB""},{""name"":""lab-woocommerce"",""cpu"":""0.01%"",""mem"":""200.4MiB / 122.8GiB""},{""name"":""lab-redis"",""cpu"":""0.25%"",""mem"":""42.54MiB / 122.8GiB""},{""name"":""lab-postgres"",""cpu"":""0.35%"",""mem"":""256.7MiB / 122.8GiB""},{""name"":""lab-mysql"",""cpu"":""14.58%"",""mem"":""640.6MiB / 122.8GiB""},{""name"":""lab-woocommerce-mysql"",""cpu"":""1.28%"",""mem"":""483.7MiB / 122.8GiB""},{""name"":""lab-allegro-stub"",""cpu"":""0.01%"",""mem"":""27.11MiB / 122.8GiB""}]"
2026-09-08T14:02:47Z,3,0,0,53,0,2625345203,"[{""name"":""lab-worker-1"",""cpu"":""0.45%"",""mem"":""98.86MiB / 122.8GiB""},{""name"":""lab-api"",""cpu"":""0.00%"",""mem"":""133.6MiB / 122.8GiB""},{""name"":""lab-wc-tls"",""cpu"":""0.00%"",""mem"":""23.49MiB / 122.8GiB""},{""name"":""lab-prestashop"",""cpu"":""0.01%"",""mem"":""104.5MiB / 122.8GiB""},{""name"":""lab-woocommerce"",""cpu"":""0.01%"",""mem"":""200.4MiB / 122.8GiB""},{""name"":""lab-redis"",""cpu"":""0.30%"",""mem"":""42.54MiB / 122.8GiB""},{""name"":""lab-postgres"",""cpu"":""5.76%"",""mem"":""256.8MiB / 122.8GiB""},{""name"":""lab-mysql"",""cpu"":""14.16%"",""mem"":""647.9MiB / 122.8GiB""},{""name"":""lab-woocommerce-mysql"",""cpu"":""0.85%"",""mem"":""483.7MiB / 122.8GiB""},{""name"":""lab-allegro-stub"",""cpu"":""4.02%"",""mem"":""27.19MiB / 122.8GiB""}]"
2026-09-08T14:02:51Z,4,0,0,53,0,2625345203,"[{""name"":""lab-worker-1"",""cpu"":""0.37%"",""mem"":""98.88MiB / 122.8GiB""},{""name"":""lab-api"",""cpu"":""0.00%"",""mem"":""133.6MiB / 122.8GiB""},{""name"":""lab-wc-tls"",""cpu"":""0.00%"",""mem"":""23.49MiB / 122.8GiB""},{""name"":""lab-prestashop"",""cpu"":""0.01%"",""mem"":""104.5MiB / 122.8GiB""},{""name"":""lab-woocommerce"",""cpu"":""0.01%"",""mem"":""200.4MiB / 122.8GiB""},{""name"":""lab-redis"",""cpu"":""0.26%"",""mem"":""42.54MiB / 122.8GiB""},{""name"":""lab-postgres"",""cpu"":""0.51%"",""mem"":""256.7MiB / 122.8GiB""},{""name"":""lab-mysql"",""cpu"":""15.09%"",""mem"":""640.6MiB / 122.8GiB""},{""name"":""lab-woocommerce-mysql"",""cpu"":""0.84%"",""mem"":""483.7MiB / 122.8GiB""},{""name"":""lab-allegro-stub"",""cpu"":""0.00%"",""mem"":""27.11MiB / 122.8GiB""}]"
2026-09-08T14:02:54Z,4,0,0,53,0,2625345203,"[{""name"":""lab-worker-1"",""cpu"":""0.35%"",""mem"":""98.83MiB / 122.8GiB""},{""name"":""lab-api"",""cpu"":""0.00%"",""mem"":""133.6MiB / 122.8GiB""},{""name"":""lab-wc-tls"",""cpu"":""0.00%"",""mem"":""23.49MiB / 122.8GiB""},{""name"":""lab-prestashop"",""cpu"":""0.01%"",""mem"":""104.5MiB / 122.8GiB""},{""name"":""lab-woocommerce"",""cpu"":""0.01%"",""mem"":""200.4MiB / 122.8GiB""},{""name"":""lab-redis"",""cpu"":""0.26%"",""mem"":""42.54MiB / 122.8GiB""},{""name"":""lab-postgres"",""cpu"":""0.35%"",""mem"":""257MiB / 122.8GiB""},{""name"":""lab-mysql"",""cpu"":""14.63%"",""mem"":""640.8MiB / 122.8GiB""},{""name"":""lab-woocommerce-mysql"",""cpu"":""0.90%"",""mem"":""483.7MiB / 122.8GiB""},{""name"":""lab-allegro-stub"",""cpu"":""0.00%"",""mem"":""27.11MiB / 122.8GiB""}]"
2026-09-08T14:02:58Z,3,0,0,53,0,2625345203,"[{""name"":""lab-worker-1"",""cpu"":""0.38%"",""mem"":""98.86MiB / 122.8GiB""},{""name"":""lab-api"",""cpu"":""0.00%"",""mem"":""133.6MiB / 122.8GiB""},{""name"":""lab-wc-tls"",""cpu"":""0.00%"",""mem"":""23.49MiB / 122.8GiB""},{""name"":""lab-prestashop"",""cpu"":""0.00%"",""mem"":""104.5MiB / 122.8GiB""},{""name"":""lab-woocommerce"",""cpu"":""0.01%"",""mem"":""200.4MiB / 122.8GiB""},{""name"":""lab-redis"",""cpu"":""0.26%"",""mem"":""42.79MiB / 122.8GiB""},{""name"":""lab-postgres"",""cpu"":""0.46%"",""mem"":""256.8MiB / 122.8GiB""},{""name"":""lab-mysql"",""cpu"":""14.67%"",""mem"":""640.8MiB / 122.8GiB""},{""name"":""lab-woocommerce-mysql"",""cpu"":""0.95%"",""mem"":""483.7MiB / 122.8GiB""},{""name"":""lab-allegro-stub"",""cpu"":""0.01%"",""mem"":""27.11MiB / 122.8GiB""}]"
2026-09-08T14:03:02Z,4,0,0,53,0,2625345203,"[{""name"":""lab-worker-1"",""cpu"":""0.54%"",""mem"":""98.88MiB / 122.8GiB""},{""name"":""lab-api"",""cpu"":""0.00%"",""mem"":""133.6MiB / 122.8GiB""},{""name"":""lab-wc-tls"",""cpu"":""0.00%"",""mem"":""23.49MiB / 122.8GiB""},{""name"":""lab-prestashop"",""cpu"":""0.01%"",""mem"":""104.5MiB / 122.8GiB""},{""name"":""lab-woocommerce"",""cpu"":""0.01%"",""mem"":""200.4MiB / 122.8GiB""},{""name"":""lab-redis"",""cpu"":""0.28%"",""mem"":""42.79MiB / 122.8GiB""},{""name"":""lab-postgres"",""cpu"":""0.50%"",""mem"":""257MiB / 122.8GiB""},{""name"":""lab-mysql"",""cpu"":""18.80%"",""mem"":""640.9MiB / 122.8GiB""},{""name"":""lab-woocommerce-mysql"",""cpu"":""0.81%"",""mem"":""483.7MiB / 122.8GiB""},{""name"":""lab-allegro-stub"",""cpu"":""0.00%"",""mem"":""27.11MiB / 122.8GiB""}]"
2026-09-08T14:03:05Z,4,0,0,53,0,2625345203,"[{""name"":""lab-worker-1"",""cpu"":""0.51%"",""mem"":""98.9MiB / 122.8GiB""},{""name"":""lab-api"",""cpu"":""0.00%"",""mem"":""133.6MiB / 122.8GiB""},{""name"":""lab-wc-tls"",""cpu"":""0.00%"",""mem"":""23.49MiB / 122.8GiB""},{""name"":""lab-prestashop"",""cpu"":""0.01%"",""mem"":""104.5MiB / 122.8GiB""},{""name"":""lab-woocommerce"",""cpu"":""0.01%"",""mem"":""200.4MiB / 122.8GiB""},{""name"":""lab-redis"",""cpu"":""0.27%"",""mem"":""42.79MiB / 122.8GiB""},{""name"":""lab-postgres"",""cpu"":""0.45%"",""mem"":""257MiB / 122.8GiB""},{""name"":""lab-mysql"",""cpu"":""14.75%"",""mem"":""640.6MiB / 122.8GiB""},{""name"":""lab-woocommerce-mysql"",""cpu"":""5.61%"",""mem"":""483.7MiB / 122.8GiB""},{""name"":""lab-allegro-stub"",""cpu"":""0.00%"",""mem"":""27.11MiB / 122.8GiB""}]"
2026-09-08T14:03:09Z,3,0,0,53,0,2625345203,"[{""name"":""lab-worker-1"",""cpu"":""0.39%"",""mem"":""99.14MiB / 122.8GiB""},{""name"":""lab-api"",""cpu"":""0.00%"",""mem"":""133.6MiB / 122.8GiB""},{""name"":""lab-wc-tls"",""cpu"":""0.00%"",""mem"":""23.49MiB / 122.8GiB""},{""name"":""lab-prestashop"",""cpu"":""0.00%"",""mem"":""104.5MiB / 122.8GiB""},{""name"":""lab-woocommerce"",""cpu"":""0.01%"",""mem"":""200.4MiB / 122.8GiB""},{""name"":""lab-redis"",""cpu"":""0.27%"",""mem"":""42.54MiB / 122.8GiB""},{""name"":""lab-postgres"",""cpu"":""0.47%"",""mem"":""256.8MiB / 122.8GiB""},{""name"":""lab-mysql"",""cpu"":""14.92%"",""mem"":""641MiB / 122.8GiB""},{""name"":""lab-woocommerce-mysql"",""cpu"":""0.88%"",""mem"":""483.7MiB / 122.8GiB""},{""name"":""lab-allegro-stub"",""cpu"":""0.00%"",""mem"":""27.11MiB / 122.8GiB""}]"
2026-09-08T14:03:13Z,4,0,0,53,0,2625345203,"[{""name"":""lab-worker-1"",""cpu"":""0.38%"",""mem"":""98.93MiB / 122.8GiB""},{""name"":""lab-api"",""cpu"":""0.00%"",""mem"":""133.6MiB / 122.8GiB""},{""name"":""lab-wc-tls"",""cpu"":""0.00%"",""mem"":""23.49MiB / 122.8GiB""},{""name"":""lab-prestashop"",""cpu"":""0.01%"",""mem"":""104.5MiB / 122.8GiB""},{""name"":""lab-woocommerce"",""cpu"":""0.00%"",""mem"":""200.4MiB / 122.8GiB""},{""name"":""lab-redis"",""cpu"":""5.45%"",""mem"":""42.81MiB / 122.8GiB""},{""name"":""lab-postgres"",""cpu"":""0.48%"",""mem"":""257MiB / 122.8GiB""},{""name"":""lab-mysql"",""cpu"":""14.74%"",""mem"":""640.9MiB / 122.8GiB""},{""name"":""lab-woocommerce-mysql"",""cpu"":""0.88%"",""mem"":""483.7MiB / 122.8GiB""},{""name"":""lab-allegro-stub"",""cpu"":""4.07%"",""mem"":""27.11MiB / 122.8GiB""}]"
2026-09-08T14:03:17Z,4,0,0,53,0,2625345203,"[{""name"":""lab-worker-1"",""cpu"":""0.39%"",""mem"":""98.95MiB / 122.8GiB""},{""name"":""lab-api"",""cpu"":""0.00%"",""mem"":""133.6MiB / 122.8GiB""},{""name"":""lab-wc-tls"",""cpu"":""0.00%"",""mem"":""23.49MiB / 122.8GiB""},{""name"":""lab-prestashop"",""cpu"":""0.00%"",""mem"":""104.5MiB / 122.8GiB""},{""name"":""lab-woocommerce"",""cpu"":""0.01%"",""mem"":""200.4MiB / 122.8GiB""},{""name"":""lab-redis"",""cpu"":""0.27%"",""mem"":""42.79MiB / 122.8GiB""},{""name"":""lab-postgres"",""cpu"":""0.29%"",""mem"":""256.8MiB / 122.8GiB""},{""name"":""lab-mysql"",""cpu"":""13.87%"",""mem"":""640.8MiB / 122.8GiB""},{""name"":""lab-woocommerce-mysql"",""cpu"":""0.90%"",""mem"":""483.8MiB / 122.8GiB""},{""name"":""lab-allegro-stub"",""cpu"":""0.00%"",""mem"":""27.11MiB / 122.8GiB""}]"
2026-09-08T14:03:20Z,4,0,0,53,0,2625345203,"[{""name"":""lab-worker-1"",""cpu"":""0.39%"",""mem"":""98.97MiB / 122.8GiB""},{""name"":""lab-api"",""cpu"":""0.00%"",""mem"":""133.6MiB / 122.8GiB""},{""name"":""lab-wc-tls"",""cpu"":""0.00%"",""mem"":""23.49MiB / 122.8GiB""},{""name"":""lab-prestashop"",""cpu"":""0.01%"",""mem"":""104.5MiB / 122.8GiB""},{""name"":""lab-woocommerce"",""cpu"":""0.01%"",""mem"":""200.4MiB / 122.8GiB""},{""name"":""lab-redis"",""cpu"":""0.26%"",""mem"":""42.54MiB / 122.8GiB""},{""name"":""lab-postgres"",""cpu"":""0.48%"",""mem"":""256.8MiB / 122.8GiB""},{""name"":""lab-mysql"",""cpu"":""14.89%"",""mem"":""641.2MiB / 122.8GiB""},{""name"":""lab-woocommerce-mysql"",""cpu"":""0.91%"",""mem"":""483.7MiB / 122.8GiB""},{""name"":""lab-allegro-stub"",""cpu"":""0.00%"",""mem"":""27.11MiB / 122.8GiB""}]"
2026-09-08T14:03:24Z,3,0,0,53,0,2625345203,"[{""name"":""lab-worker-1"",""cpu"":""0.36%"",""mem"":""99MiB / 122.8GiB""},{""name"":""lab-api"",""cpu"":""0.00%"",""mem"":""133.6MiB / 122.8GiB""},{""name"":""lab-wc-tls"",""cpu"":""0.00%"",""mem"":""23.49MiB / 122.8GiB""},{""name"":""lab-prestashop"",""cpu"":""0.00%"",""mem"":""104.5MiB / 122.8GiB""},{""name"":""lab-woocommerce"",""cpu"":""0.01%"",""mem"":""200.4MiB / 122.8GiB""},{""name"":""lab-redis"",""cpu"":""0.26%"",""mem"":""42.55MiB / 122.8GiB""},{""name"":""lab-postgres"",""cpu"":""0.46%"",""mem"":""256.8MiB / 122.8GiB""},{""name"":""lab-mysql"",""cpu"":""14.11%"",""mem"":""640.8MiB / 122.8GiB""},{""name"":""lab-woocommerce-mysql"",""cpu"":""0.89%"",""mem"":""483.7MiB / 122.8GiB""},{""name"":""lab-allegro-stub"",""cpu"":""0.00%"",""mem"":""27.11MiB / 122.8GiB""}]"
2026-09-08T14:03:28Z,4,0,0,53,0,2625345203,"[{""name"":""lab-worker-1"",""cpu"":""0.40%"",""mem"":""99.11MiB / 122.8GiB""},{""name"":""lab-api"",""cpu"":""0.00%"",""mem"":""133.6MiB / 122.8GiB""},{""name"":""lab-wc-tls"",""cpu"":""0.00%"",""mem"":""23.49MiB / 122.8GiB""},{""name"":""lab-prestashop"",""cpu"":""0.01%"",""mem"":""104.5MiB / 122.8GiB""},{""name"":""lab-woocommerce"",""cpu"":""0.01%"",""mem"":""200.4MiB / 122.8GiB""},{""name"":""lab-redis"",""cpu"":""0.28%"",""mem"":""42.54MiB / 122.8GiB""},{""name"":""lab-postgres"",""cpu"":""5.73%"",""mem"":""256.8MiB / 122.8GiB""},{""name"":""lab-mysql"",""cpu"":""12.64%"",""mem"":""648.1MiB / 122.8GiB""},{""name"":""lab-woocommerce-mysql"",""cpu"":""0.87%"",""mem"":""483.7MiB / 122.8GiB""},{""name"":""lab-allegro-stub"",""cpu"":""4.06%"",""mem"":""27.12MiB / 122.8GiB""}]"
2026-09-08T14:03:31Z,4,0,0,53,0,2625345203,"[{""name"":""lab-worker-1"",""cpu"":""0.67%"",""mem"":""99.19MiB / 122.8GiB""},{""name"":""lab-api"",""cpu"":""0.00%"",""mem"":""133.6MiB / 122.8GiB""},{""name"":""lab-wc-tls"",""cpu"":""0.00%"",""mem"":""23.49MiB / 122.8GiB""},{""name"":""lab-prestashop"",""cpu"":""0.01%"",""mem"":""104.5MiB / 122.8GiB""},{""name"":""lab-woocommerce"",""cpu"":""0.01%"",""mem"":""200.4MiB / 122.8GiB""},{""name"":""lab-redis"",""cpu"":""0.31%"",""mem"":""42.55MiB / 122.8GiB""},{""name"":""lab-postgres"",""cpu"":""1.27%"",""mem"":""257.1MiB / 122.8GiB""},{""name"":""lab-mysql"",""cpu"":""19.53%"",""mem"":""640.6MiB / 122.8GiB""},{""name"":""lab-woocommerce-mysql"",""cpu"":""0.81%"",""mem"":""483.7MiB / 122.8GiB""},{""name"":""lab-allegro-stub"",""cpu"":""0.00%"",""mem"":""27.11MiB / 122.8GiB""}]"
2026-09-08T14:03:35Z,3,0,0,53,0,2625345203,"[{""name"":""lab-worker-1"",""cpu"":""0.45%"",""mem"":""99.18MiB / 122.8GiB""},{""name"":""lab-api"",""cpu"":""0.00%"",""mem"":""133.6MiB / 122.8GiB""},{""name"":""lab-wc-tls"",""cpu"":""0.00%"",""mem"":""23.49MiB / 122.8GiB""},{""name"":""lab-prestashop"",""cpu"":""0.00%"",""mem"":""104.5MiB / 122.8GiB""},{""name"":""lab-woocommerce"",""cpu"":""0.01%"",""mem"":""200.4MiB / 122.8GiB""},{""name"":""lab-redis"",""cpu"":""0.31%"",""mem"":""42.79MiB / 122.8GiB""},{""name"":""lab-postgres"",""cpu"":""0.48%"",""mem"":""256.8MiB / 122.8GiB""},{""name"":""lab-mysql"",""cpu"":""15.22%"",""mem"":""640.8MiB / 122.8GiB""},{""name"":""lab-woocommerce-mysql"",""cpu"":""0.93%"",""mem"":""483.7MiB / 122.8GiB""},{""name"":""lab-allegro-stub"",""cpu"":""0.00%"",""mem"":""27.11MiB / 122.8GiB""}]"
2026-09-08T14:03:39Z,4,0,0,53,0,2625345203,"[{""name"":""lab-worker-1"",""cpu"":""0.37%"",""mem"":""99.21MiB / 122.8GiB""},{""name"":""lab-api"",""cpu"":""0.00%"",""mem"":""133.6MiB / 122.8GiB""},{""name"":""lab-wc-tls"",""cpu"":""0.00%"",""mem"":""23.49MiB / 122.8GiB""},{""name"":""lab-prestashop"",""cpu"":""0.01%"",""mem"":""104.5MiB / 122.8GiB""},{""name"":""lab-woocommerce"",""cpu"":""0.01%"",""mem"":""200.4MiB / 122.8GiB""},{""name"":""lab-redis"",""cpu"":""0.26%"",""mem"":""42.54MiB / 122.8GiB""},{""name"":""lab-postgres"",""cpu"":""0.35%"",""mem"":""256.4MiB / 122.8GiB""},{""name"":""lab-mysql"",""cpu"":""15.48%"",""mem"":""640.9MiB / 122.8GiB""},{""name"":""lab-woocommerce-mysql"",""cpu"":""0.89%"",""mem"":""483.7MiB / 122.8GiB""},{""name"":""lab-allegro-stub"",""cpu"":""0.00%"",""mem"":""27.11MiB / 122.8GiB""}]"
2026-09-08T14:03:42Z,4,0,0,53,0,2625345203,"[{""name"":""lab-worker-1"",""cpu"":""0.38%"",""mem"":""99.23MiB / 122.8GiB""},{""name"":""lab-api"",""cpu"":""0.00%"",""mem"":""133.6MiB / 122.8GiB""},{""name"":""lab-wc-tls"",""cpu"":""0.00%"",""mem"":""23.49MiB / 122.8GiB""},{""name"":""lab-prestashop"",""cpu"":""0.00%"",""mem"":""104.5MiB / 122.8GiB""},{""name"":""lab-woocommerce"",""cpu"":""0.01%"",""mem"":""200.4MiB / 122.8GiB""},{""name"":""lab-redis"",""cpu"":""0.26%"",""mem"":""42.54MiB / 122.8GiB""},{""name"":""lab-postgres"",""cpu"":""0.37%"",""mem"":""256.5MiB / 122.8GiB""},{""name"":""lab-mysql"",""cpu"":""14.91%"",""mem"":""641.1MiB / 122.8GiB""},{""name"":""lab-woocommerce-mysql"",""cpu"":""0.79%"",""mem"":""483.7MiB / 122.8GiB""},{""name"":""lab-allegro-stub"",""cpu"":""4.16%"",""mem"":""27.12MiB / 122.8GiB""}]"
2026-09-08T14:03:46Z,3,0,0,53,0,2625345203,"[{""name"":""lab-worker-1"",""cpu"":""0.73%"",""mem"":""99.41MiB / 122.8GiB""},{""name"":""lab-api"",""cpu"":""0.00%"",""mem"":""133.6MiB / 122.8GiB""},{""name"":""lab-wc-tls"",""cpu"":""0.00%"",""mem"":""23.49MiB / 122.8GiB""},{""name"":""lab-prestashop"",""cpu"":""0.01%"",""mem"":""104.5MiB / 122.8GiB""},{""name"":""lab-woocommerce"",""cpu"":""0.01%"",""mem"":""200.4MiB / 122.8GiB""},{""name"":""lab-redis"",""cpu"":""0.26%"",""mem"":""42.54MiB / 122.8GiB""},{""name"":""lab-postgres"",""cpu"":""0.39%"",""mem"":""256.4MiB / 122.8GiB""},{""name"":""lab-mysql"",""cpu"":""15.00%"",""mem"":""640.6MiB / 122.8GiB""},{""name"":""lab-woocommerce-mysql"",""cpu"":""5.34%"",""mem"":""483.7MiB / 122.8GiB""},{""name"":""lab-allegro-stub"",""cpu"":""0.00%"",""mem"":""27.11MiB / 122.8GiB""}]"
2026-09-08T14:03:50Z,4,0,0,53,0,2625345203,"[{""name"":""lab-worker-1"",""cpu"":""0.30%"",""mem"":""99.29MiB / 122.8GiB""},{""name"":""lab-api"",""cpu"":""0.00%"",""mem"":""133.6MiB / 122.8GiB""},{""name"":""lab-wc-tls"",""cpu"":""0.00%"",""mem"":""23.49MiB / 122.8GiB""},{""name"":""lab-prestashop"",""cpu"":""0.01%"",""mem"":""104.5MiB / 122.8GiB""},{""name"":""lab-woocommerce"",""cpu"":""0.01%"",""mem"":""200.4MiB / 122.8GiB""},{""name"":""lab-redis"",""cpu"":""0.25%"",""mem"":""42.54MiB / 122.8GiB""},{""name"":""lab-postgres"",""cpu"":""0.38%"",""mem"":""256.4MiB / 122.8GiB""},{""name"":""lab-mysql"",""cpu"":""15.00%"",""mem"":""641.2MiB / 122.8GiB""},{""name"":""lab-woocommerce-mysql"",""cpu"":""0.90%"",""mem"":""483.7MiB / 122.8GiB""},{""name"":""lab-allegro-stub"",""cpu"":""0.00%"",""mem"":""27.11MiB / 122.8GiB""}]"
2026-09-08T14:03:54Z,4,0,0,53,0,2625345203,"[{""name"":""lab-worker-1"",""cpu"":""0.46%"",""mem"":""99.31MiB / 122.8GiB""},{""name"":""lab-api"",""cpu"":""0.00%"",""mem"":""133.6MiB / 122.8GiB""},{""name"":""lab-wc-tls"",""cpu"":""0.00%"",""mem"":""23.49MiB / 122.8GiB""},{""name"":""lab-prestashop"",""cpu"":""0.01%"",""mem"":""104.5MiB / 122.8GiB""},{""name"":""lab-woocommerce"",""cpu"":""0.01%"",""mem"":""200.4MiB / 122.8GiB""},{""name"":""lab-redis"",""cpu"":""2.00%"",""mem"":""42.79MiB / 122.8GiB""},{""name"":""lab-postgres"",""cpu"":""0.39%"",""mem"":""256.4MiB / 122.8GiB""},{""name"":""lab-mysql"",""cpu"":""14.78%"",""mem"":""641.3MiB / 122.8GiB""},{""name"":""lab-woocommerce-mysql"",""cpu"":""0.84%"",""mem"":""483.7MiB / 122.8GiB""},{""name"":""lab-allegro-stub"",""cpu"":""0.00%"",""mem"":""27.11MiB / 122.8GiB""}]"
2026-09-08T14:03:57Z,4,0,0,53,0,2625345203,"[{""name"":""lab-worker-1"",""cpu"":""0.44%"",""mem"":""99.32MiB / 122.8GiB""},{""name"":""lab-api"",""cpu"":""0.00%"",""mem"":""133.6MiB / 122.8GiB""},{""name"":""lab-wc-tls"",""cpu"":""0.00%"",""mem"":""23.49MiB / 122.8GiB""},{""name"":""lab-prestashop"",""cpu"":""0.01%"",""mem"":""104.5MiB / 122.8GiB""},{""name"":""lab-woocommerce"",""cpu"":""0.01%"",""mem"":""200.4MiB / 122.8GiB""},{""name"":""lab-redis"",""cpu"":""0.28%"",""mem"":""42.54MiB / 122.8GiB""},{""name"":""lab-postgres"",""cpu"":""0.36%"",""mem"":""256.4MiB / 122.8GiB""},{""name"":""lab-mysql"",""cpu"":""12.32%"",""mem"":""648.4MiB / 122.8GiB""},{""name"":""lab-woocommerce-mysql"",""cpu"":""1.21%"",""mem"":""483.7MiB / 122.8GiB""},{""name"":""lab-allegro-stub"",""cpu"":""0.00%"",""mem"":""27.11MiB / 122.8GiB""}]"
2026-09-08T14:04:01Z,3,0,0,53,0,2625345203,"[{""name"":""lab-worker-1"",""cpu"":""2.43%"",""mem"":""99.91MiB / 122.8GiB""},{""name"":""lab-api"",""cpu"":""0.00%"",""mem"":""133.6MiB / 122.8GiB""},{""name"":""lab-wc-tls"",""cpu"":""0.00%"",""mem"":""23.49MiB / 122.8GiB""},{""name"":""lab-prestashop"",""cpu"":""0.00%"",""mem"":""104.5MiB / 122.8GiB""},{""name"":""lab-woocommerce"",""cpu"":""0.01%"",""mem"":""200.4MiB / 122.8GiB""},{""name"":""lab-redis"",""cpu"":""0.27%"",""mem"":""42.54MiB / 122.8GiB""},{""name"":""lab-postgres"",""cpu"":""0.36%"",""mem"":""256.4MiB / 122.8GiB""},{""name"":""lab-mysql"",""cpu"":""19.73%"",""mem"":""641.1MiB / 122.8GiB""},{""name"":""lab-woocommerce-mysql"",""cpu"":""0.84%"",""mem"":""483.7MiB / 122.8GiB""},{""name"":""lab-allegro-stub"",""cpu"":""0.01%"",""mem"":""27.11MiB / 122.8GiB""}]"
2026-09-08T14:04:05Z,4,0,0,53,0,2625345203,"[{""name"":""lab-worker-1"",""cpu"":""0.37%"",""mem"":""99.42MiB / 122.8GiB""},{""name"":""lab-api"",""cpu"":""0.00%"",""mem"":""133.6MiB / 122.8GiB""},{""name"":""lab-wc-tls"",""cpu"":""0.00%"",""mem"":""23.49MiB / 122.8GiB""},{""name"":""lab-prestashop"",""cpu"":""0.01%"",""mem"":""104.5MiB / 122.8GiB""},{""name"":""lab-woocommerce"",""cpu"":""0.01%"",""mem"":""200.4MiB / 122.8GiB""},{""name"":""lab-redis"",""cpu"":""0.26%"",""mem"":""42.55MiB / 122.8GiB""},{""name"":""lab-postgres"",""cpu"":""0.35%"",""mem"":""256.4MiB / 122.8GiB""},{""name"":""lab-mysql"",""cpu"":""15.37%"",""mem"":""640.7MiB / 122.8GiB""},{""name"":""lab-woocommerce-mysql"",""cpu"":""0.87%"",""mem"":""483.7MiB / 122.8GiB""},{""name"":""lab-allegro-stub"",""cpu"":""0.00%"",""mem"":""27.11MiB / 122.8GiB""}]"
2026-09-08T14:04:08Z,4,0,0,53,0,2625345203,"[{""name"":""lab-worker-1"",""cpu"":""0.40%"",""mem"":""99.45MiB / 122.8GiB""},{""name"":""lab-api"",""cpu"":""0.00%"",""mem"":""133.6MiB / 122.8GiB""},{""name"":""lab-wc-tls"",""cpu"":""0.00%"",""mem"":""23.49MiB / 122.8GiB""},{""name"":""lab-prestashop"",""cpu"":""0.01%"",""mem"":""104.5MiB / 122.8GiB""},{""name"":""lab-woocommerce"",""cpu"":""0.01%"",""mem"":""200.4MiB / 122.8GiB""},{""name"":""lab-redis"",""cpu"":""0.27%"",""mem"":""42.54MiB / 122.8GiB""},{""name"":""lab-postgres"",""cpu"":""5.29%"",""mem"":""256.4MiB / 122.8GiB""},{""name"":""lab-mysql"",""cpu"":""13.71%"",""mem"":""640.6MiB / 122.8GiB""},{""name"":""lab-woocommerce-mysql"",""cpu"":""0.88%"",""mem"":""483.7MiB / 122.8GiB""},{""name"":""lab-allegro-stub"",""cpu"":""4.14%"",""mem"":""27.11MiB / 122.8GiB""}]"
2026-09-08T14:04:12Z,3,0,0,53,0,2625345203,"[{""name"":""lab-worker-1"",""cpu"":""0.42%"",""mem"":""99.47MiB / 122.8GiB""},{""name"":""lab-api"",""cpu"":""0.00%"",""mem"":""133.6MiB / 122.8GiB""},{""name"":""lab-wc-tls"",""cpu"":""0.00%"",""mem"":""23.49MiB / 122.8GiB""},{""name"":""lab-prestashop"",""cpu"":""0.01%"",""mem"":""104.5MiB / 122.8GiB""},{""name"":""lab-woocommerce"",""cpu"":""0.01%"",""mem"":""200.4MiB / 122.8GiB""},{""name"":""lab-redis"",""cpu"":""0.27%"",""mem"":""42.54MiB / 122.8GiB""},{""name"":""lab-postgres"",""cpu"":""1.37%"",""mem"":""256.4MiB / 122.8GiB""},{""name"":""lab-mysql"",""cpu"":""17.83%"",""mem"":""640.7MiB / 122.8GiB""},{""name"":""lab-woocommerce-mysql"",""cpu"":""0.84%"",""mem"":""483.7MiB / 122.8GiB""},{""name"":""lab-allegro-stub"",""cpu"":""0.00%"",""mem"":""27.11MiB / 122.8GiB""}]"
2026-09-08T14:04:16Z,4,0,0,53,0,2625345203,"[{""name"":""lab-worker-1"",""cpu"":""0.42%"",""mem"":""99.47MiB / 122.8GiB""},{""name"":""lab-api"",""cpu"":""0.00%"",""mem"":""133.6MiB / 122.8GiB""},{""name"":""lab-wc-tls"",""cpu"":""0.00%"",""mem"":""23.49MiB / 122.8GiB""},{""name"":""lab-prestashop"",""cpu"":""0.00%"",""mem"":""104.5MiB / 122.8GiB""},{""name"":""lab-woocommerce"",""cpu"":""0.01%"",""mem"":""200.4MiB / 122.8GiB""},{""name"":""lab-redis"",""cpu"":""0.28%"",""mem"":""42.79MiB / 122.8GiB""},{""name"":""lab-postgres"",""cpu"":""0.35%"",""mem"":""256.4MiB / 122.8GiB""},{""name"":""lab-mysql"",""cpu"":""14.87%"",""mem"":""640.6MiB / 122.8GiB""},{""name"":""lab-woocommerce-mysql"",""cpu"":""5.70%"",""mem"":""483.7MiB / 122.8GiB""},{""name"":""lab-allegro-stub"",""cpu"":""0.00%"",""mem"":""27.11MiB / 122.8GiB""}]"
2026-09-08T14:04:19Z,4,0,0,53,0,2625345203,"[{""name"":""lab-worker-1"",""cpu"":""0.41%"",""mem"":""99.58MiB / 122.8GiB""},{""name"":""lab-api"",""cpu"":""0.00%"",""mem"":""133.6MiB / 122.8GiB""},{""name"":""lab-wc-tls"",""cpu"":""0.00%"",""mem"":""23.49MiB / 122.8GiB""},{""name"":""lab-prestashop"",""cpu"":""0.01%"",""mem"":""104.5MiB / 122.8GiB""},{""name"":""lab-woocommerce"",""cpu"":""0.00%"",""mem"":""200.4MiB / 122.8GiB""},{""name"":""lab-redis"",""cpu"":""0.28%"",""mem"":""42.79MiB / 122.8GiB""},{""name"":""lab-postgres"",""cpu"":""0.37%"",""mem"":""256.4MiB / 122.8GiB""},{""name"":""lab-mysql"",""cpu"":""14.82%"",""mem"":""640.7MiB / 122.8GiB""},{""name"":""lab-woocommerce-mysql"",""cpu"":""0.86%"",""mem"":""483.7MiB / 122.8GiB""},{""name"":""lab-allegro-stub"",""cpu"":""0.01%"",""mem"":""27.12MiB / 122.8GiB""}]"
2026-09-08T14:04:23Z,3,0,0,53,0,2625345203,"[{""name"":""lab-worker-1"",""cpu"":""0.38%"",""mem"":""99.48MiB / 122.8GiB""},{""name"":""lab-api"",""cpu"":""0.00%"",""mem"":""133.6MiB / 122.8GiB""},{""name"":""lab-wc-tls"",""cpu"":""0.00%"",""mem"":""23.49MiB / 122.8GiB""},{""name"":""lab-prestashop"",""cpu"":""19.53%"",""mem"":""104.5MiB / 122.8GiB""},{""name"":""lab-woocommerce"",""cpu"":""0.01%"",""mem"":""200.4MiB / 122.8GiB""},{""name"":""lab-redis"",""cpu"":""4.54%"",""mem"":""42.56MiB / 122.8GiB""},{""name"":""lab-postgres"",""cpu"":""0.38%"",""mem"":""256.4MiB / 122.8GiB""},{""name"":""lab-mysql"",""cpu"":""24.88%"",""mem"":""641.6MiB / 122.8GiB""},{""name"":""lab-woocommerce-mysql"",""cpu"":""0.74%"",""mem"":""483.7MiB / 122.8GiB""},{""name"":""lab-allegro-stub"",""cpu"":""4.34%"",""mem"":""27.15MiB / 122.8GiB""}]"
2026-09-08T14:04:27Z,4,0,0,53,0,2625345203,"[{""name"":""lab-worker-1"",""cpu"":""0.44%"",""mem"":""99.51MiB / 122.8GiB""},{""name"":""lab-api"",""cpu"":""0.00%"",""mem"":""133.6MiB / 122.8GiB""},{""name"":""lab-wc-tls"",""cpu"":""0.00%"",""mem"":""23.49MiB / 122.8GiB""},{""name"":""lab-prestashop"",""cpu"":""0.01%"",""mem"":""104.5MiB / 122.8GiB""},{""name"":""lab-woocommerce"",""cpu"":""0.00%"",""mem"":""200.4MiB / 122.8GiB""},{""name"":""lab-redis"",""cpu"":""0.30%"",""mem"":""42.79MiB / 122.8GiB""},{""name"":""lab-postgres"",""cpu"":""0.36%"",""mem"":""256.4MiB / 122.8GiB""},{""name"":""lab-mysql"",""cpu"":""15.27%"",""mem"":""640.6MiB / 122.8GiB""},{""name"":""lab-woocommerce-mysql"",""cpu"":""0.82%"",""mem"":""483.7MiB / 122.8GiB""},{""name"":""lab-allegro-stub"",""cpu"":""0.00%"",""mem"":""27.11MiB / 122.8GiB""}]"
2026-09-08T14:04:31Z,4,0,0,53,0,2625345203,"[{""name"":""lab-worker-1"",""cpu"":""0.35%"",""mem"":""99.53MiB / 122.8GiB""},{""name"":""lab-api"",""cpu"":""0.00%"",""mem"":""133.6MiB / 122.8GiB""},{""name"":""lab-wc-tls"",""cpu"":""0.00%"",""mem"":""23.49MiB / 122.8GiB""},{""name"":""lab-prestashop"",""cpu"":""0.01%"",""mem"":""104.5MiB / 122.8GiB""},{""name"":""lab-woocommerce"",""cpu"":""0.01%"",""mem"":""200.4MiB / 122.8GiB""},{""name"":""lab-redis"",""cpu"":""0.26%"",""mem"":""42.54MiB / 122.8GiB""},{""name"":""lab-postgres"",""cpu"":""0.36%"",""mem"":""256.4MiB / 122.8GiB""},{""name"":""lab-mysql"",""cpu"":""12.85%"",""mem"":""640.6MiB / 122.8GiB""},{""name"":""lab-woocommerce-mysql"",""cpu"":""0.96%"",""mem"":""483.7MiB / 122.8GiB""},{""name"":""lab-allegro-stub"",""cpu"":""0.00%"",""mem"":""27.11MiB / 122.8GiB""}]"
2026-09-08T14:04:34Z,4,0,0,53,0,2625345203,"[{""name"":""lab-worker-1"",""cpu"":""0.81%"",""mem"":""99.78MiB / 122.8GiB""},{""name"":""lab-api"",""cpu"":""0.00%"",""mem"":""133.6MiB / 122.8GiB""},{""name"":""lab-wc-tls"",""cpu"":""0.00%"",""mem"":""23.49MiB / 122.8GiB""},{""name"":""lab-prestashop"",""cpu"":""0.01%"",""mem"":""104.5MiB / 122.8GiB""},{""name"":""lab-woocommerce"",""cpu"":""0.01%"",""mem"":""200.4MiB / 122.8GiB""},{""name"":""lab-redis"",""cpu"":""0.27%"",""mem"":""42.54MiB / 122.8GiB""},{""name"":""lab-postgres"",""cpu"":""0.34%"",""mem"":""256.4MiB / 122.8GiB""},{""name"":""lab-mysql"",""cpu"":""14.58%"",""mem"":""640.7MiB / 122.8GiB""},{""name"":""lab-woocommerce-mysql"",""cpu"":""0.89%"",""mem"":""483.7MiB / 122.8GiB""},{""name"":""lab-allegro-stub"",""cpu"":""0.01%"",""mem"":""27.11MiB / 122.8GiB""}]"
2026-09-08T14:04:38Z,3,0,0,53,0,2625345203,"[{""name"":""lab-worker-1"",""cpu"":""0.36%"",""mem"":""99.59MiB / 122.8GiB""},{""name"":""lab-api"",""cpu"":""0.00%"",""mem"":""133.6MiB / 122.8GiB""},{""name"":""lab-wc-tls"",""cpu"":""0.00%"",""mem"":""23.49MiB / 122.8GiB""},{""name"":""lab-prestashop"",""cpu"":""0.00%"",""mem"":""104.5MiB / 122.8GiB""},{""name"":""lab-woocommerce"",""cpu"":""0.01%"",""mem"":""200.4MiB / 122.8GiB""},{""name"":""lab-redis"",""cpu"":""0.26%"",""mem"":""42.54MiB / 122.8GiB""},{""name"":""lab-postgres"",""cpu"":""5.48%"",""mem"":""256.4MiB / 122.8GiB""},{""name"":""lab-mysql"",""cpu"":""15.03%"",""mem"":""640.6MiB / 122.8GiB""},{""name"":""lab-woocommerce-mysql"",""cpu"":""0.88%"",""mem"":""483.7MiB / 122.8GiB""},{""name"":""lab-allegro-stub"",""cpu"":""4.07%"",""mem"":""27.19MiB / 122.8GiB""}]"
2026-09-08T14:04:42Z,4,0,0,53,0,2625345203,"[{""name"":""lab-worker-1"",""cpu"":""0.45%"",""mem"":""99.85MiB / 122.8GiB""},{""name"":""lab-api"",""cpu"":""0.00%"",""mem"":""133.6MiB / 122.8GiB""},{""name"":""lab-wc-tls"",""cpu"":""0.00%"",""mem"":""23.49MiB / 122.8GiB""},{""name"":""lab-prestashop"",""cpu"":""0.00%"",""mem"":""104.5MiB / 122.8GiB""},{""name"":""lab-woocommerce"",""cpu"":""0.01%"",""mem"":""200.4MiB / 122.8GiB""},{""name"":""lab-redis"",""cpu"":""0.32%"",""mem"":""42.55MiB / 122.8GiB""},{""name"":""lab-postgres"",""cpu"":""0.37%"",""mem"":""256.4MiB / 122.8GiB""},{""name"":""lab-mysql"",""cpu"":""19.82%"",""mem"":""640.8MiB / 122.8GiB""},{""name"":""lab-woocommerce-mysql"",""cpu"":""0.79%"",""mem"":""483.7MiB / 122.8GiB""},{""name"":""lab-allegro-stub"",""cpu"":""0.00%"",""mem"":""27.11MiB / 122.8GiB""}]"
2026-09-08T14:04:45Z,4,0,0,53,0,2625345203,"[{""name"":""lab-worker-1"",""cpu"":""0.43%"",""mem"":""99.69MiB / 122.8GiB""},{""name"":""lab-api"",""cpu"":""0.01%"",""mem"":""133.6MiB / 122.8GiB""},{""name"":""lab-wc-tls"",""cpu"":""0.00%"",""mem"":""23.49MiB / 122.8GiB""},{""name"":""lab-prestashop"",""cpu"":""17.12%"",""mem"":""104.5MiB / 122.8GiB""},{""name"":""lab-woocommerce"",""cpu"":""0.00%"",""mem"":""200.4MiB / 122.8GiB""},{""name"":""lab-redis"",""cpu"":""0.26%"",""mem"":""42.54MiB / 122.8GiB""},{""name"":""lab-postgres"",""cpu"":""0.37%"",""mem"":""256.4MiB / 122.8GiB""},{""name"":""lab-mysql"",""cpu"":""26.11%"",""mem"":""641MiB / 122.8GiB""},{""name"":""lab-woocommerce-mysql"",""cpu"":""1.07%"",""mem"":""483.7MiB / 122.8GiB""},{""name"":""lab-allegro-stub"",""cpu"":""0.00%"",""mem"":""27.11MiB / 122.8GiB""}]"
2026-09-08T14:04:49Z,3,0,0,53,0,2625345203,"[{""name"":""lab-worker-1"",""cpu"":""0.37%"",""mem"":""99.65MiB / 122.8GiB""},{""name"":""lab-api"",""cpu"":""0.00%"",""mem"":""133.6MiB / 122.8GiB""},{""name"":""lab-wc-tls"",""cpu"":""0.00%"",""mem"":""23.49MiB / 122.8GiB""},{""name"":""lab-prestashop"",""cpu"":""0.01%"",""mem"":""104.5MiB / 122.8GiB""},{""name"":""lab-woocommerce"",""cpu"":""0.01%"",""mem"":""200.4MiB / 122.8GiB""},{""name"":""lab-redis"",""cpu"":""0.26%"",""mem"":""42.79MiB / 122.8GiB""},{""name"":""lab-postgres"",""cpu"":""0.38%"",""mem"":""256.4MiB / 122.8GiB""},{""name"":""lab-mysql"",""cpu"":""14.88%"",""mem"":""640.6MiB / 122.8GiB""},{""name"":""lab-woocommerce-mysql"",""cpu"":""0.86%"",""mem"":""483.7MiB / 122.8GiB""},{""name"":""lab-allegro-stub"",""cpu"":""0.01%"",""mem"":""27.11MiB / 122.8GiB""}]"
2026-09-08T14:04:53Z,4,0,0,53,0,2625345203,"[{""name"":""lab-worker-1"",""cpu"":""1.08%"",""mem"":""99.8MiB / 122.8GiB""},{""name"":""lab-api"",""cpu"":""0.00%"",""mem"":""133.6MiB / 122.8GiB""},{""name"":""lab-wc-tls"",""cpu"":""0.00%"",""mem"":""23.49MiB / 122.8GiB""},{""name"":""lab-prestashop"",""cpu"":""0.01%"",""mem"":""104.5MiB / 122.8GiB""},{""name"":""lab-woocommerce"",""cpu"":""0.01%"",""mem"":""200.4MiB / 122.8GiB""},{""name"":""lab-redis"",""cpu"":""0.24%"",""mem"":""42.54MiB / 122.8GiB""},{""name"":""lab-postgres"",""cpu"":""0.42%"",""mem"":""256.4MiB / 122.8GiB""},{""name"":""lab-mysql"",""cpu"":""14.37%"",""mem"":""647.8MiB / 122.8GiB""},{""name"":""lab-woocommerce-mysql"",""cpu"":""0.85%"",""mem"":""483.7MiB / 122.8GiB""},{""name"":""lab-allegro-stub"",""cpu"":""3.84%"",""mem"":""27.11MiB / 122.8GiB""}]"
2026-09-08T14:04:56Z,4,0,0,53,0,2625345203,"[{""name"":""lab-worker-1"",""cpu"":""0.41%"",""mem"":""99.72MiB / 122.8GiB""},{""name"":""lab-api"",""cpu"":""0.00%"",""mem"":""133.6MiB / 122.8GiB""},{""name"":""lab-wc-tls"",""cpu"":""0.00%"",""mem"":""23.49MiB / 122.8GiB""},{""name"":""lab-prestashop"",""cpu"":""0.01%"",""mem"":""104.5MiB / 122.8GiB""},{""name"":""lab-woocommerce"",""cpu"":""20.52%"",""mem"":""200.4MiB / 122.8GiB""},{""name"":""lab-redis"",""cpu"":""0.27%"",""mem"":""42.79MiB / 122.8GiB""},{""name"":""lab-postgres"",""cpu"":""0.34%"",""mem"":""256.4MiB / 122.8GiB""},{""name"":""lab-mysql"",""cpu"":""15.45%"",""mem"":""640.7MiB / 122.8GiB""},{""name"":""lab-woocommerce-mysql"",""cpu"":""9.47%"",""mem"":""484MiB / 122.8GiB""},{""name"":""lab-allegro-stub"",""cpu"":""0.00%"",""mem"":""27.11MiB / 122.8GiB""}]"
2026-09-08T14:05:00Z,3,0,0,53,0,2625345203,"[{""name"":""lab-worker-1"",""cpu"":""0.39%"",""mem"":""99.72MiB / 122.8GiB""},{""name"":""lab-api"",""cpu"":""0.00%"",""mem"":""133.6MiB / 122.8GiB""},{""name"":""lab-wc-tls"",""cpu"":""0.00%"",""mem"":""23.49MiB / 122.8GiB""},{""name"":""lab-prestashop"",""cpu"":""0.01%"",""mem"":""104.5MiB / 122.8GiB""},{""name"":""lab-woocommerce"",""cpu"":""0.01%"",""mem"":""200.4MiB / 122.8GiB""},{""name"":""lab-redis"",""cpu"":""0.27%"",""mem"":""42.54MiB / 122.8GiB""},{""name"":""lab-postgres"",""cpu"":""0.38%"",""mem"":""256.4MiB / 122.8GiB""},{""name"":""lab-mysql"",""cpu"":""13.64%"",""mem"":""641.2MiB / 122.8GiB""},{""name"":""lab-woocommerce-mysql"",""cpu"":""0.90%"",""mem"":""483.7MiB / 122.8GiB""},{""name"":""lab-allegro-stub"",""cpu"":""0.01%"",""mem"":""27.11MiB / 122.8GiB""}]"
2026-09-08T14:05:04Z,4,0,0,53,0,2625345203,"[{""name"":""lab-worker-1"",""cpu"":""0.38%"",""mem"":""99.75MiB / 122.8GiB""},{""name"":""lab-api"",""cpu"":""0.00%"",""mem"":""133.6MiB / 122.8GiB""},{""name"":""lab-wc-tls"",""cpu"":""0.00%"",""mem"":""23.49MiB / 122.8GiB""},{""name"":""lab-prestashop"",""cpu"":""5.46%"",""mem"":""104.5MiB / 122.8GiB""},{""name"":""lab-woocommerce"",""cpu"":""0.00%"",""mem"":""200.4MiB / 122.8GiB""},{""name"":""lab-redis"",""cpu"":""4.90%"",""mem"":""42.54MiB / 122.8GiB""},{""name"":""lab-postgres"",""cpu"":""0.42%"",""mem"":""256.4MiB / 122.8GiB""},{""name"":""lab-mysql"",""cpu"":""15.29%"",""mem"":""641.2MiB / 122.8GiB""},{""name"":""lab-woocommerce-mysql"",""cpu"":""0.77%"",""mem"":""483.7MiB / 122.8GiB""},{""name"":""lab-allegro-stub"",""cpu"":""4.20%"",""mem"":""27.11MiB / 122.8GiB""}]"
2026-09-08T14:05:08Z,4,0,0,53,0,2625345203,"[{""name"":""lab-worker-1"",""cpu"":""0.43%"",""mem"":""99.77MiB / 122.8GiB""},{""name"":""lab-api"",""cpu"":""0.00%"",""mem"":""133.6MiB / 122.8GiB""},{""name"":""lab-wc-tls"",""cpu"":""0.00%"",""mem"":""23.49MiB / 122.8GiB""},{""name"":""lab-prestashop"",""cpu"":""4.44%"",""mem"":""104.5MiB / 122.8GiB""},{""name"":""lab-woocommerce"",""cpu"":""0.00%"",""mem"":""200.4MiB / 122.8GiB""},{""name"":""lab-redis"",""cpu"":""0.29%"",""mem"":""42.54MiB / 122.8GiB""},{""name"":""lab-postgres"",""cpu"":""0.36%"",""mem"":""256.4MiB / 122.8GiB""},{""name"":""lab-mysql"",""cpu"":""21.33%"",""mem"":""645.6MiB / 122.8GiB""},{""name"":""lab-woocommerce-mysql"",""cpu"":""0.83%"",""mem"":""483.7MiB / 122.8GiB""},{""name"":""lab-allegro-stub"",""cpu"":""0.00%"",""mem"":""27.11MiB / 122.8GiB""}]"
2026-09-08T14:05:11Z,4,0,0,53,0,2625345203,"[{""name"":""lab-worker-1"",""cpu"":""15.28%"",""mem"":""99.97MiB / 122.8GiB""},{""name"":""lab-api"",""cpu"":""0.00%"",""mem"":""133.6MiB / 122.8GiB""},{""name"":""lab-wc-tls"",""cpu"":""0.00%"",""mem"":""23.49MiB / 122.8GiB""},{""name"":""lab-prestashop"",""cpu"":""0.01%"",""mem"":""104.5MiB / 122.8GiB""},{""name"":""lab-woocommerce"",""cpu"":""0.01%"",""mem"":""200.4MiB / 122.8GiB""},{""name"":""lab-redis"",""cpu"":""0.26%"",""mem"":""42.54MiB / 122.8GiB""},{""name"":""lab-postgres"",""cpu"":""1.38%"",""mem"":""256.7MiB / 122.8GiB""},{""name"":""lab-mysql"",""cpu"":""14.98%"",""mem"":""645.9MiB / 122.8GiB""},{""name"":""lab-woocommerce-mysql"",""cpu"":""0.85%"",""mem"":""483.7MiB / 122.8GiB""},{""name"":""lab-allegro-stub"",""cpu"":""0.00%"",""mem"":""27.11MiB / 122.8GiB""}]"
2026-09-08T14:05:15Z,3,0,0,53,0,2625345203,"[{""name"":""lab-worker-1"",""cpu"":""0.48%"",""mem"":""99.84MiB / 122.8GiB""},{""name"":""lab-api"",""cpu"":""0.02%"",""mem"":""133.6MiB / 122.8GiB""},{""name"":""lab-wc-tls"",""cpu"":""0.00%"",""mem"":""23.49MiB / 122.8GiB""},{""name"":""lab-prestashop"",""cpu"":""0.00%"",""mem"":""104.5MiB / 122.8GiB""},{""name"":""lab-woocommerce"",""cpu"":""0.01%"",""mem"":""200.4MiB / 122.8GiB""},{""name"":""lab-redis"",""cpu"":""0.27%"",""mem"":""42.54MiB / 122.8GiB""},{""name"":""lab-postgres"",""cpu"":""0.35%"",""mem"":""256.4MiB / 122.8GiB""},{""name"":""lab-mysql"",""cpu"":""14.32%"",""mem"":""645.6MiB / 122.8GiB""},{""name"":""lab-woocommerce-mysql"",""cpu"":""0.92%"",""mem"":""483.7MiB / 122.8GiB""},{""name"":""lab-allegro-stub"",""cpu"":""0.00%"",""mem"":""27.11MiB / 122.8GiB""}]"
2026-09-08T14:05:19Z,4,0,0,53,0,2625345203,"[{""name"":""lab-worker-1"",""cpu"":""0.43%"",""mem"":""99.84MiB / 122.8GiB""},{""name"":""lab-api"",""cpu"":""0.00%"",""mem"":""133.6MiB / 122.8GiB""},{""name"":""lab-wc-tls"",""cpu"":""0.00%"",""mem"":""23.49MiB / 122.8GiB""},{""name"":""lab-prestashop"",""cpu"":""0.00%"",""mem"":""104.5MiB / 122.8GiB""},{""name"":""lab-woocommerce"",""cpu"":""0.00%"",""mem"":""200.4MiB / 122.8GiB""},{""name"":""lab-redis"",""cpu"":""0.26%"",""mem"":""42.54MiB / 122.8GiB""},{""name"":""lab-postgres"",""cpu"":""5.52%"",""mem"":""256.4MiB / 122.8GiB""},{""name"":""lab-mysql"",""cpu"":""14.51%"",""mem"":""648.8MiB / 122.8GiB""},{""name"":""lab-woocommerce-mysql"",""cpu"":""0.87%"",""mem"":""483.7MiB / 122.8GiB""},{""name"":""lab-allegro-stub"",""cpu"":""4.20%"",""mem"":""27.11MiB / 122.8GiB""}]"
2026-09-08T14:05:22Z,4,0,0,53,0,2625345203,"[{""name"":""lab-worker-1"",""cpu"":""0.43%"",""mem"":""99.84MiB / 122.8GiB""},{""name"":""lab-api"",""cpu"":""0.00%"",""mem"":""133.6MiB / 122.8GiB""},{""name"":""lab-wc-tls"",""cpu"":""0.00%"",""mem"":""23.49MiB / 122.8GiB""},{""name"":""lab-prestashop"",""cpu"":""0.00%"",""mem"":""104.5MiB / 122.8GiB""},{""name"":""lab-woocommerce"",""cpu"":""0.01%"",""mem"":""200.4MiB / 122.8GiB""},{""name"":""lab-redis"",""cpu"":""0.30%"",""mem"":""42.79MiB / 122.8GiB""},{""name"":""lab-postgres"",""cpu"":""0.36%"",""mem"":""256.4MiB / 122.8GiB""},{""name"":""lab-mysql"",""cpu"":""17.73%"",""mem"":""656.6MiB / 122.8GiB""},{""name"":""lab-woocommerce-mysql"",""cpu"":""0.83%"",""mem"":""483.7MiB / 122.8GiB""},{""name"":""lab-allegro-stub"",""cpu"":""0.00%"",""mem"":""27.11MiB / 122.8GiB""}]"
2026-09-08T14:05:26Z,3,0,0,53,0,2625345203,"[{""name"":""lab-worker-1"",""cpu"":""0.43%"",""mem"":""99.84MiB / 122.8GiB""},{""name"":""lab-api"",""cpu"":""0.00%"",""mem"":""133.6MiB / 122.8GiB""},{""name"":""lab-wc-tls"",""cpu"":""0.00%"",""mem"":""23.49MiB / 122.8GiB""},{""name"":""lab-prestashop"",""cpu"":""0.00%"",""mem"":""104.5MiB / 122.8GiB""},{""name"":""lab-woocommerce"",""cpu"":""15.52%"",""mem"":""200.4MiB / 122.8GiB""},{""name"":""lab-redis"",""cpu"":""0.27%"",""mem"":""42.79MiB / 122.8GiB""},{""name"":""lab-postgres"",""cpu"":""0.34%"",""mem"":""256.4MiB / 122.8GiB""},{""name"":""lab-mysql"",""cpu"":""13.29%"",""mem"":""648.3MiB / 122.8GiB""},{""name"":""lab-woocommerce-mysql"",""cpu"":""6.78%"",""mem"":""483.7MiB / 122.8GiB""},{""name"":""lab-allegro-stub"",""cpu"":""0.00%"",""mem"":""27.11MiB / 122.8GiB""}]"
2026-09-08T14:05:30Z,4,0,0,53,0,2625345203,"[{""name"":""lab-worker-1"",""cpu"":""0.32%"",""mem"":""100.1MiB / 122.8GiB""},{""name"":""lab-api"",""cpu"":""0.00%"",""mem"":""133.6MiB / 122.8GiB""},{""name"":""lab-wc-tls"",""cpu"":""0.00%"",""mem"":""23.49MiB / 122.8GiB""},{""name"":""lab-prestashop"",""cpu"":""0.00%"",""mem"":""104.5MiB / 122.8GiB""},{""name"":""lab-woocommerce"",""cpu"":""0.01%"",""mem"":""200.4MiB / 122.8GiB""},{""name"":""lab-redis"",""cpu"":""0.25%"",""mem"":""42.79MiB / 122.8GiB""},{""name"":""lab-postgres"",""cpu"":""0.33%"",""mem"":""256.4MiB / 122.8GiB""},{""name"":""lab-mysql"",""cpu"":""14.87%"",""mem"":""650.3MiB / 122.8GiB""},{""name"":""lab-woocommerce-mysql"",""cpu"":""0.89%"",""mem"":""483.7MiB / 122.8GiB""},{""name"":""lab-allegro-stub"",""cpu"":""0.00%"",""mem"":""27.11MiB / 122.8GiB""}]"
2026-09-08T14:05:33Z,4,0,0,53,0,2625345203,"[{""name"":""lab-worker-1"",""cpu"":""0.33%"",""mem"":""99.84MiB / 122.8GiB""},{""name"":""lab-api"",""cpu"":""0.00%"",""mem"":""133.6MiB / 122.8GiB""},{""name"":""lab-wc-tls"",""cpu"":""0.00%"",""mem"":""23.49MiB / 122.8GiB""},{""name"":""lab-prestashop"",""cpu"":""4.92%"",""mem"":""104.5MiB / 122.8GiB""},{""name"":""lab-woocommerce"",""cpu"":""0.01%"",""mem"":""200.4MiB / 122.8GiB""},{""name"":""lab-redis"",""cpu"":""4.80%"",""mem"":""42.79MiB / 122.8GiB""},{""name"":""lab-postgres"",""cpu"":""0.34%"",""mem"":""256.4MiB / 122.8GiB""},{""name"":""lab-mysql"",""cpu"":""12.92%"",""mem"":""650.4MiB / 122.8GiB""},{""name"":""lab-woocommerce-mysql"",""cpu"":""0.74%"",""mem"":""483.7MiB / 122.8GiB""},{""name"":""lab-allegro-stub"",""cpu"":""0.00%"",""mem"":""27.11MiB / 122.8GiB""}]"
2026-09-08T14:05:37Z,3,0,0,53,0,2625345203,"[{""name"":""lab-worker-1"",""cpu"":""0.59%"",""mem"":""100.1MiB / 122.8GiB""},{""name"":""lab-api"",""cpu"":""0.00%"",""mem"":""133.6MiB / 122.8GiB""},{""name"":""lab-wc-tls"",""cpu"":""0.00%"",""mem"":""23.49MiB / 122.8GiB""},{""name"":""lab-prestashop"",""cpu"":""0.01%"",""mem"":""104.5MiB / 122.8GiB""},{""name"":""lab-woocommerce"",""cpu"":""0.01%"",""mem"":""200.4MiB / 122.8GiB""},{""name"":""lab-redis"",""cpu"":""0.29%"",""mem"":""42.79MiB / 122.8GiB""},{""name"":""lab-postgres"",""cpu"":""0.40%"",""mem"":""256.4MiB / 122.8GiB""},{""name"":""lab-mysql"",""cpu"":""14.42%"",""mem"":""650.3MiB / 122.8GiB""},{""name"":""lab-woocommerce-mysql"",""cpu"":""0.86%"",""mem"":""483.7MiB / 122.8GiB""},{""name"":""lab-allegro-stub"",""cpu"":""0.00%"",""mem"":""27.11MiB / 122.8GiB""}]"
2026-09-08T14:05:41Z,4,0,0,53,0,2625345203,"[{""name"":""lab-worker-1"",""cpu"":""0.35%"",""mem"":""99.85MiB / 122.8GiB""},{""name"":""lab-api"",""cpu"":""0.00%"",""mem"":""133.6MiB / 122.8GiB""},{""name"":""lab-wc-tls"",""cpu"":""0.00%"",""mem"":""23.49MiB / 122.8GiB""},{""name"":""lab-prestashop"",""cpu"":""0.00%"",""mem"":""104.5MiB / 122.8GiB""},{""name"":""lab-woocommerce"",""cpu"":""0.00%"",""mem"":""200.4MiB / 122.8GiB""},{""name"":""lab-redis"",""cpu"":""0.27%"",""mem"":""42.54MiB / 122.8GiB""},{""name"":""lab-postgres"",""cpu"":""0.36%"",""mem"":""256.4MiB / 122.8GiB""},{""name"":""lab-mysql"",""cpu"":""14.34%"",""mem"":""650.3MiB / 122.8GiB""},{""name"":""lab-woocommerce-mysql"",""cpu"":""0.93%"",""mem"":""483.7MiB / 122.8GiB""},{""name"":""lab-allegro-stub"",""cpu"":""0.00%"",""mem"":""27.12MiB / 122.8GiB""}]"
2026-09-08T14:05:45Z,4,0,0,53,0,2625345203,"[{""name"":""lab-worker-1"",""cpu"":""0.38%"",""mem"":""99.85MiB / 122.8GiB""},{""name"":""lab-api"",""cpu"":""0.00%"",""mem"":""133.6MiB / 122.8GiB""},{""name"":""lab-wc-tls"",""cpu"":""0.00%"",""mem"":""23.49MiB / 122.8GiB""},{""name"":""lab-prestashop"",""cpu"":""0.01%"",""mem"":""104.5MiB / 122.8GiB""},{""name"":""lab-woocommerce"",""cpu"":""0.01%"",""mem"":""200.4MiB / 122.8GiB""},{""name"":""lab-redis"",""cpu"":""0.24%"",""mem"":""42.55MiB / 122.8GiB""},{""name"":""lab-postgres"",""cpu"":""0.36%"",""mem"":""256.4MiB / 122.8GiB""},{""name"":""lab-mysql"",""cpu"":""14.45%"",""mem"":""650.7MiB / 122.8GiB""},{""name"":""lab-woocommerce-mysql"",""cpu"":""0.83%"",""mem"":""483.7MiB / 122.8GiB""},{""name"":""lab-allegro-stub"",""cpu"":""4.11%"",""mem"":""27.12MiB / 122.8GiB""}]"
2026-09-08T14:05:48Z,4,0,0,53,0,2625345203,"[{""name"":""lab-worker-1"",""cpu"":""0.37%"",""mem"":""99.86MiB / 122.8GiB""},{""name"":""lab-api"",""cpu"":""0.00%"",""mem"":""133.6MiB / 122.8GiB""},{""name"":""lab-wc-tls"",""cpu"":""0.00%"",""mem"":""23.49MiB / 122.8GiB""},{""name"":""lab-prestashop"",""cpu"":""0.01%"",""mem"":""104.5MiB / 122.8GiB""},{""name"":""lab-woocommerce"",""cpu"":""0.01%"",""mem"":""200.4MiB / 122.8GiB""},{""name"":""lab-redis"",""cpu"":""0.25%"",""mem"":""42.79MiB / 122.8GiB""},{""name"":""lab-postgres"",""cpu"":""5.07%"",""mem"":""256.4MiB / 122.8GiB""},{""name"":""lab-mysql"",""cpu"":""14.36%"",""mem"":""650.4MiB / 122.8GiB""},{""name"":""lab-woocommerce-mysql"",""cpu"":""0.83%"",""mem"":""483.7MiB / 122.8GiB""},{""name"":""lab-allegro-stub"",""cpu"":""0.00%"",""mem"":""27.12MiB / 122.8GiB""}]"
2026-09-08T14:05:52Z,3,0,0,53,0,2625345203,"[{""name"":""lab-worker-1"",""cpu"":""0.49%"",""mem"":""100.1MiB / 122.8GiB""},{""name"":""lab-api"",""cpu"":""0.00%"",""mem"":""133.6MiB / 122.8GiB""},{""name"":""lab-wc-tls"",""cpu"":""0.00%"",""mem"":""23.49MiB / 122.8GiB""},{""name"":""lab-prestashop"",""cpu"":""0.01%"",""mem"":""104.5MiB / 122.8GiB""},{""name"":""lab-woocommerce"",""cpu"":""0.01%"",""mem"":""200.4MiB / 122.8GiB""},{""name"":""lab-redis"",""cpu"":""0.26%"",""mem"":""42.54MiB / 122.8GiB""},{""name"":""lab-postgres"",""cpu"":""1.36%"",""mem"":""256.4MiB / 122.8GiB""},{""name"":""lab-mysql"",""cpu"":""14.52%"",""mem"":""654MiB / 122.8GiB""},{""name"":""lab-woocommerce-mysql"",""cpu"":""0.81%"",""mem"":""483.7MiB / 122.8GiB""},{""name"":""lab-allegro-stub"",""cpu"":""0.00%"",""mem"":""27.12MiB / 122.8GiB""}]"
2026-09-08T14:05:56Z,4,0,0,53,0,2625345203,"[{""name"":""lab-worker-1"",""cpu"":""0.28%"",""mem"":""99.85MiB / 122.8GiB""},{""name"":""lab-api"",""cpu"":""0.00%"",""mem"":""133.6MiB / 122.8GiB""},{""name"":""lab-wc-tls"",""cpu"":""0.00%"",""mem"":""23.49MiB / 122.8GiB""},{""name"":""lab-prestashop"",""cpu"":""0.00%"",""mem"":""104.5MiB / 122.8GiB""},{""name"":""lab-woocommerce"",""cpu"":""0.01%"",""mem"":""200.4MiB / 122.8GiB""},{""name"":""lab-redis"",""cpu"":""0.28%"",""mem"":""42.79MiB / 122.8GiB""},{""name"":""lab-postgres"",""cpu"":""0.35%"",""mem"":""256.4MiB / 122.8GiB""},{""name"":""lab-mysql"",""cpu"":""10.69%"",""mem"":""650.3MiB / 122.8GiB""},{""name"":""lab-woocommerce-mysql"",""cpu"":""0.90%"",""mem"":""483.7MiB / 122.8GiB""},{""name"":""lab-allegro-stub"",""cpu"":""0.00%"",""mem"":""27.12MiB / 122.8GiB""}]"
2026-09-08T14:05:59Z,4,0,0,53,0,2625345203,"[{""name"":""lab-worker-1"",""cpu"":""1.84%"",""mem"":""100MiB / 122.8GiB""},{""name"":""lab-api"",""cpu"":""0.00%"",""mem"":""133.6MiB / 122.8GiB""},{""name"":""lab-wc-tls"",""cpu"":""0.00%"",""mem"":""23.49MiB / 122.8GiB""},{""name"":""lab-prestashop"",""cpu"":""0.01%"",""mem"":""104.5MiB / 122.8GiB""},{""name"":""lab-woocommerce"",""cpu"":""0.00%"",""mem"":""200.4MiB / 122.8GiB""},{""name"":""lab-redis"",""cpu"":""0.25%"",""mem"":""42.79MiB / 122.8GiB""},{""name"":""lab-postgres"",""cpu"":""0.35%"",""mem"":""256.4MiB / 122.8GiB""},{""name"":""lab-mysql"",""cpu"":""15.15%"",""mem"":""651.3MiB / 122.8GiB""},{""name"":""lab-woocommerce-mysql"",""cpu"":""0.86%"",""mem"":""483.7MiB / 122.8GiB""},{""name"":""lab-allegro-stub"",""cpu"":""4.07%"",""mem"":""27.13MiB / 122.8GiB""}]"
2026-09-08T14:06:03Z,3,0,0,53,0,2625345203,"[{""name"":""lab-worker-1"",""cpu"":""0.75%"",""mem"":""100.2MiB / 122.8GiB""},{""name"":""lab-api"",""cpu"":""0.00%"",""mem"":""133.6MiB / 122.8GiB""},{""name"":""lab-wc-tls"",""cpu"":""0.00%"",""mem"":""23.49MiB / 122.8GiB""},{""name"":""lab-prestashop"",""cpu"":""0.00%"",""mem"":""104.5MiB / 122.8GiB""},{""name"":""lab-woocommerce"",""cpu"":""0.01%"",""mem"":""200.4MiB / 122.8GiB""},{""name"":""lab-redis"",""cpu"":""0.28%"",""mem"":""42.54MiB / 122.8GiB""},{""name"":""lab-postgres"",""cpu"":""0.35%"",""mem"":""256.4MiB / 122.8GiB""},{""name"":""lab-mysql"",""cpu"":""16.53%"",""mem"":""651.1MiB / 122.8GiB""},{""name"":""lab-woocommerce-mysql"",""cpu"":""0.88%"",""mem"":""483.7MiB / 122.8GiB""},{""name"":""lab-allegro-stub"",""cpu"":""0.00%"",""mem"":""27.12MiB / 122.8GiB""}]"
2026-09-08T14:06:07Z,4,0,0,53,0,2625345203,"[{""name"":""lab-worker-1"",""cpu"":""0.33%"",""mem"":""99.91MiB / 122.8GiB""},{""name"":""lab-api"",""cpu"":""0.00%"",""mem"":""133.6MiB / 122.8GiB""},{""name"":""lab-wc-tls"",""cpu"":""0.00%"",""mem"":""23.49MiB / 122.8GiB""},{""name"":""lab-prestashop"",""cpu"":""0.00%"",""mem"":""104.5MiB / 122.8GiB""},{""name"":""lab-woocommerce"",""cpu"":""0.01%"",""mem"":""200.4MiB / 122.8GiB""},{""name"":""lab-redis"",""cpu"":""0.27%"",""mem"":""42.79MiB / 122.8GiB""},{""name"":""lab-postgres"",""cpu"":""0.33%"",""mem"":""256.4MiB / 122.8GiB""},{""name"":""lab-mysql"",""cpu"":""15.25%"",""mem"":""651MiB / 122.8GiB""},{""name"":""lab-woocommerce-mysql"",""cpu"":""5.37%"",""mem"":""483.7MiB / 122.8GiB""},{""name"":""lab-allegro-stub"",""cpu"":""0.00%"",""mem"":""27.12MiB / 122.8GiB""}]"
2026-09-08T14:06:10Z,4,0,0,53,0,2625345203,"[{""name"":""lab-worker-1"",""cpu"":""0.37%"",""mem"":""99.85MiB / 122.8GiB""},{""name"":""lab-api"",""cpu"":""0.00%"",""mem"":""133.6MiB / 122.8GiB""},{""name"":""lab-wc-tls"",""cpu"":""0.00%"",""mem"":""23.49MiB / 122.8GiB""},{""name"":""lab-prestashop"",""cpu"":""0.01%"",""mem"":""104.5MiB / 122.8GiB""},{""name"":""lab-woocommerce"",""cpu"":""0.00%"",""mem"":""200.4MiB / 122.8GiB""},{""name"":""lab-redis"",""cpu"":""0.28%"",""mem"":""42.79MiB / 122.8GiB""},{""name"":""lab-postgres"",""cpu"":""0.36%"",""mem"":""256.4MiB / 122.8GiB""},{""name"":""lab-mysql"",""cpu"":""14.51%"",""mem"":""651MiB / 122.8GiB""},{""name"":""lab-woocommerce-mysql"",""cpu"":""0.90%"",""mem"":""483.7MiB / 122.8GiB""},{""name"":""lab-allegro-stub"",""cpu"":""0.01%"",""mem"":""27.13MiB / 122.8GiB""}]"
2026-09-08T14:06:14Z,3,0,0,53,0,2625345203,"[{""name"":""lab-worker-1"",""cpu"":""0.34%"",""mem"":""100.1MiB / 122.8GiB""},{""name"":""lab-api"",""cpu"":""0.00%"",""mem"":""133.6MiB / 122.8GiB""},{""name"":""lab-wc-tls"",""cpu"":""0.00%"",""mem"":""23.49MiB / 122.8GiB""},{""name"":""lab-prestashop"",""cpu"":""0.01%"",""mem"":""104.5MiB / 122.8GiB""},{""name"":""lab-woocommerce"",""cpu"":""0.01%"",""mem"":""200.4MiB / 122.8GiB""},{""name"":""lab-redis"",""cpu"":""4.60%"",""mem"":""42.54MiB / 122.8GiB""},{""name"":""lab-postgres"",""cpu"":""0.38%"",""mem"":""256.4MiB / 122.8GiB""},{""name"":""lab-mysql"",""cpu"":""14.55%"",""mem"":""651.2MiB / 122.8GiB""},{""name"":""lab-woocommerce-mysql"",""cpu"":""0.82%"",""mem"":""483.7MiB / 122.8GiB""},{""name"":""lab-allegro-stub"",""cpu"":""0.01%"",""mem"":""27.12MiB / 122.8GiB""}]"
2026-09-08T14:06:18Z,4,0,0,53,0,2625345203,"[{""name"":""lab-worker-1"",""cpu"":""0.42%"",""mem"":""99.85MiB / 122.8GiB""},{""name"":""lab-api"",""cpu"":""0.00%"",""mem"":""133.6MiB / 122.8GiB""},{""name"":""lab-wc-tls"",""cpu"":""0.00%"",""mem"":""23.49MiB / 122.8GiB""},{""name"":""lab-prestashop"",""cpu"":""0.00%"",""mem"":""104.5MiB / 122.8GiB""},{""name"":""lab-woocommerce"",""cpu"":""0.01%"",""mem"":""200.4MiB / 122.8GiB""},{""name"":""lab-redis"",""cpu"":""0.28%"",""mem"":""42.54MiB / 122.8GiB""},{""name"":""lab-postgres"",""cpu"":""0.39%"",""mem"":""256.4MiB / 122.8GiB""},{""name"":""lab-mysql"",""cpu"":""15.10%"",""mem"":""651.1MiB / 122.8GiB""},{""name"":""lab-woocommerce-mysql"",""cpu"":""0.88%"",""mem"":""483.7MiB / 122.8GiB""},{""name"":""lab-allegro-stub"",""cpu"":""0.00%"",""mem"":""27.12MiB / 122.8GiB""}]"
2026-09-08T14:06:21Z,4,0,0,53,0,2625345203,"[{""name"":""lab-worker-1"",""cpu"":""0.34%"",""mem"":""99.85MiB / 122.8GiB""},{""name"":""lab-api"",""cpu"":""0.00%"",""mem"":""133.6MiB / 122.8GiB""},{""name"":""lab-wc-tls"",""cpu"":""0.00%"",""mem"":""23.49MiB / 122.8GiB""},{""name"":""lab-prestashop"",""cpu"":""0.01%"",""mem"":""104.5MiB / 122.8GiB""},{""name"":""lab-woocommerce"",""cpu"":""0.01%"",""mem"":""200.4MiB / 122.8GiB""},{""name"":""lab-redis"",""cpu"":""0.27%"",""mem"":""42.79MiB / 122.8GiB""},{""name"":""lab-postgres"",""cpu"":""0.38%"",""mem"":""256.4MiB / 122.8GiB""},{""name"":""lab-mysql"",""cpu"":""14.60%"",""mem"":""651MiB / 122.8GiB""},{""name"":""lab-woocommerce-mysql"",""cpu"":""0.88%"",""mem"":""483.7MiB / 122.8GiB""},{""name"":""lab-allegro-stub"",""cpu"":""0.00%"",""mem"":""27.12MiB / 122.8GiB""}]"
2026-09-08T14:06:25Z,3,0,0,53,0,2625345203,"[{""name"":""lab-worker-1"",""cpu"":""0.37%"",""mem"":""99.85MiB / 122.8GiB""},{""name"":""lab-api"",""cpu"":""0.00%"",""mem"":""133.6MiB / 122.8GiB""},{""name"":""lab-wc-tls"",""cpu"":""0.00%"",""mem"":""23.49MiB / 122.8GiB""},{""name"":""lab-prestashop"",""cpu"":""0.01%"",""mem"":""104.5MiB / 122.8GiB""},{""name"":""lab-woocommerce"",""cpu"":""0.01%"",""mem"":""200.4MiB / 122.8GiB""},{""name"":""lab-redis"",""cpu"":""0.49%"",""mem"":""42.54MiB / 122.8GiB""},{""name"":""lab-postgres"",""cpu"":""0.35%"",""mem"":""256.4MiB / 122.8GiB""},{""name"":""lab-mysql"",""cpu"":""14.33%"",""mem"":""652.7MiB / 122.8GiB""},{""name"":""lab-woocommerce-mysql"",""cpu"":""0.84%"",""mem"":""483.7MiB / 122.8GiB""},{""name"":""lab-allegro-stub"",""cpu"":""0.01%"",""mem"":""27.12MiB / 122.8GiB""}]"
2026-09-08T14:06:29Z,4,0,0,53,0,2625345203,"[{""name"":""lab-worker-1"",""cpu"":""0.35%"",""mem"":""99.85MiB / 122.8GiB""},{""name"":""lab-api"",""cpu"":""0.00%"",""mem"":""133.6MiB / 122.8GiB""},{""name"":""lab-wc-tls"",""cpu"":""0.00%"",""mem"":""23.49MiB / 122.8GiB""},{""name"":""lab-prestashop"",""cpu"":""0.01%"",""mem"":""104.5MiB / 122.8GiB""},{""name"":""lab-woocommerce"",""cpu"":""0.01%"",""mem"":""200.4MiB / 122.8GiB""},{""name"":""lab-redis"",""cpu"":""0.26%"",""mem"":""42.54MiB / 122.8GiB""},{""name"":""lab-postgres"",""cpu"":""5.66%"",""mem"":""256.4MiB / 122.8GiB""},{""name"":""lab-mysql"",""cpu"":""14.26%"",""mem"":""651MiB / 122.8GiB""},{""name"":""lab-woocommerce-mysql"",""cpu"":""0.76%"",""mem"":""483.7MiB / 122.8GiB""},{""name"":""lab-allegro-stub"",""cpu"":""0.00%"",""mem"":""27.12MiB / 122.8GiB""}]"
2026-09-08T14:06:33Z,4,0,0,53,0,2625345203,"[{""name"":""lab-worker-1"",""cpu"":""0.43%"",""mem"":""99.85MiB / 122.8GiB""},{""name"":""lab-api"",""cpu"":""0.00%"",""mem"":""133.6MiB / 122.8GiB""},{""name"":""lab-wc-tls"",""cpu"":""0.00%"",""mem"":""23.49MiB / 122.8GiB""},{""name"":""lab-prestashop"",""cpu"":""0.01%"",""mem"":""104.5MiB / 122.8GiB""},{""name"":""lab-woocommerce"",""cpu"":""0.01%"",""mem"":""200.4MiB / 122.8GiB""},{""name"":""lab-redis"",""cpu"":""0.30%"",""mem"":""42.54MiB / 122.8GiB""},{""name"":""lab-postgres"",""cpu"":""0.37%"",""mem"":""256.4MiB / 122.8GiB""},{""name"":""lab-mysql"",""cpu"":""15.20%"",""mem"":""651.1MiB / 122.8GiB""},{""name"":""lab-woocommerce-mysql"",""cpu"":""0.83%"",""mem"":""483.7MiB / 122.8GiB""},{""name"":""lab-allegro-stub"",""cpu"":""0.00%"",""mem"":""27.12MiB / 122.8GiB""}]"
2026-09-08T14:06:36Z,4,0,0,53,0,2625345203,"[{""name"":""lab-worker-1"",""cpu"":""0.42%"",""mem"":""99.85MiB / 122.8GiB""},{""name"":""lab-api"",""cpu"":""0.00%"",""mem"":""133.6MiB / 122.8GiB""},{""name"":""lab-wc-tls"",""cpu"":""0.00%"",""mem"":""23.49MiB / 122.8GiB""},{""name"":""lab-prestashop"",""cpu"":""0.01%"",""mem"":""104.5MiB / 122.8GiB""},{""name"":""lab-woocommerce"",""cpu"":""0.01%"",""mem"":""200.4MiB / 122.8GiB""},{""name"":""lab-redis"",""cpu"":""0.26%"",""mem"":""42.79MiB / 122.8GiB""},{""name"":""lab-postgres"",""cpu"":""0.36%"",""mem"":""256.4MiB / 122.8GiB""},{""name"":""lab-mysql"",""cpu"":""12.83%"",""mem"":""651MiB / 122.8GiB""},{""name"":""lab-woocommerce-mysql"",""cpu"":""0.92%"",""mem"":""483.7MiB / 122.8GiB""},{""name"":""lab-allegro-stub"",""cpu"":""0.00%"",""mem"":""27.12MiB / 122.8GiB""}]"
2026-09-08T14:06:40Z,3,0,0,53,0,2625345203,"[{""name"":""lab-worker-1"",""cpu"":""0.34%"",""mem"":""99.85MiB / 122.8GiB""},{""name"":""lab-api"",""cpu"":""0.00%"",""mem"":""133.6MiB / 122.8GiB""},{""name"":""lab-wc-tls"",""cpu"":""0.00%"",""mem"":""23.49MiB / 122.8GiB""},{""name"":""lab-prestashop"",""cpu"":""0.01%"",""mem"":""104.5MiB / 122.8GiB""},{""name"":""lab-woocommerce"",""cpu"":""0.01%"",""mem"":""200.4MiB / 122.8GiB""},{""name"":""lab-redis"",""cpu"":""0.25%"",""mem"":""42.79MiB / 122.8GiB""},{""name"":""lab-postgres"",""cpu"":""0.34%"",""mem"":""256.4MiB / 122.8GiB""},{""name"":""lab-mysql"",""cpu"":""14.97%"",""mem"":""651MiB / 122.8GiB""},{""name"":""lab-woocommerce-mysql"",""cpu"":""0.88%"",""mem"":""483.7MiB / 122.8GiB""},{""name"":""lab-allegro-stub"",""cpu"":""4.22%"",""mem"":""27.14MiB / 122.8GiB""}]"
2026-09-08T14:06:44Z,4,0,0,53,0,2625345203,"[{""name"":""lab-worker-1"",""cpu"":""0.36%"",""mem"":""99.85MiB / 122.8GiB""},{""name"":""lab-api"",""cpu"":""0.00%"",""mem"":""133.6MiB / 122.8GiB""},{""name"":""lab-wc-tls"",""cpu"":""0.00%"",""mem"":""23.49MiB / 122.8GiB""},{""name"":""lab-prestashop"",""cpu"":""0.01%"",""mem"":""104.5MiB / 122.8GiB""},{""name"":""lab-woocommerce"",""cpu"":""0.01%"",""mem"":""200.4MiB / 122.8GiB""},{""name"":""lab-redis"",""cpu"":""4.42%"",""mem"":""43.16MiB / 122.8GiB""},{""name"":""lab-postgres"",""cpu"":""0.34%"",""mem"":""256.4MiB / 122.8GiB""},{""name"":""lab-mysql"",""cpu"":""14.97%"",""mem"":""651MiB / 122.8GiB""},{""name"":""lab-woocommerce-mysql"",""cpu"":""0.85%"",""mem"":""483.7MiB / 122.8GiB""},{""name"":""lab-allegro-stub"",""cpu"":""0.00%"",""mem"":""27.12MiB / 122.8GiB""}]"
2026-09-08T14:06:47Z,4,0,0,53,0,2625345203,"[{""name"":""lab-worker-1"",""cpu"":""0.43%"",""mem"":""99.85MiB / 122.8GiB""},{""name"":""lab-api"",""cpu"":""0.00%"",""mem"":""133.6MiB / 122.8GiB""},{""name"":""lab-wc-tls"",""cpu"":""0.00%"",""mem"":""23.49MiB / 122.8GiB""},{""name"":""lab-prestashop"",""cpu"":""0.00%"",""mem"":""104.5MiB / 122.8GiB""},{""name"":""lab-woocommerce"",""cpu"":""0.01%"",""mem"":""200.4MiB / 122.8GiB""},{""name"":""lab-redis"",""cpu"":""0.28%"",""mem"":""42.54MiB / 122.8GiB""},{""name"":""lab-postgres"",""cpu"":""0.37%"",""mem"":""256.4MiB / 122.8GiB""},{""name"":""lab-mysql"",""cpu"":""14.63%"",""mem"":""651.9MiB / 122.8GiB""},{""name"":""lab-woocommerce-mysql"",""cpu"":""2.23%"",""mem"":""483.7MiB / 122.8GiB""},{""name"":""lab-allegro-stub"",""cpu"":""0.00%"",""mem"":""27.12MiB / 122.8GiB""}]"
2026-09-08T14:06:51Z,3,0,0,53,0,2625345203,"[{""name"":""lab-worker-1"",""cpu"":""0.30%"",""mem"":""99.86MiB / 122.8GiB""},{""name"":""lab-api"",""cpu"":""0.00%"",""mem"":""133.6MiB / 122.8GiB""},{""name"":""lab-wc-tls"",""cpu"":""0.00%"",""mem"":""23.49MiB / 122.8GiB""},{""name"":""lab-prestashop"",""cpu"":""0.01%"",""mem"":""104.5MiB / 122.8GiB""},{""name"":""lab-woocommerce"",""cpu"":""0.00%"",""mem"":""200.4MiB / 122.8GiB""},{""name"":""lab-redis"",""cpu"":""0.27%"",""mem"":""42.79MiB / 122.8GiB""},{""name"":""lab-postgres"",""cpu"":""0.38%"",""mem"":""256.4MiB / 122.8GiB""},{""name"":""lab-mysql"",""cpu"":""14.15%"",""mem"":""651.3MiB / 122.8GiB""},{""name"":""lab-woocommerce-mysql"",""cpu"":""0.79%"",""mem"":""483.7MiB / 122.8GiB""},{""name"":""lab-allegro-stub"",""cpu"":""0.00%"",""mem"":""27.12MiB / 122.8GiB""}]"
2026-09-08T14:06:55Z,4,0,0,53,0,2625345203,"[{""name"":""lab-worker-1"",""cpu"":""0.47%"",""mem"":""99.85MiB / 122.8GiB""},{""name"":""lab-api"",""cpu"":""0.00%"",""mem"":""133.6MiB / 122.8GiB""},{""name"":""lab-wc-tls"",""cpu"":""0.00%"",""mem"":""23.49MiB / 122.8GiB""},{""name"":""lab-prestashop"",""cpu"":""0.01%"",""mem"":""104.5MiB / 122.8GiB""},{""name"":""lab-woocommerce"",""cpu"":""0.01%"",""mem"":""200.4MiB / 122.8GiB""},{""name"":""lab-redis"",""cpu"":""0.27%"",""mem"":""42.79MiB / 122.8GiB""},{""name"":""lab-postgres"",""cpu"":""0.36%"",""mem"":""256.4MiB / 122.8GiB""},{""name"":""lab-mysql"",""cpu"":""10.42%"",""mem"":""651.5MiB / 122.8GiB""},{""name"":""lab-woocommerce-mysql"",""cpu"":""0.88%"",""mem"":""483.7MiB / 122.8GiB""},{""name"":""lab-allegro-stub"",""cpu"":""4.20%"",""mem"":""27.15MiB / 122.8GiB""}]"
2026-09-08T14:06:58Z,4,0,0,53,0,2625345203,"[{""name"":""lab-worker-1"",""cpu"":""0.42%"",""mem"":""99.85MiB / 122.8GiB""},{""name"":""lab-api"",""cpu"":""0.00%"",""mem"":""133.6MiB / 122.8GiB""},{""name"":""lab-wc-tls"",""cpu"":""0.00%"",""mem"":""23.49MiB / 122.8GiB""},{""name"":""lab-prestashop"",""cpu"":""0.01%"",""mem"":""104.5MiB / 122.8GiB""},{""name"":""lab-woocommerce"",""cpu"":""0.01%"",""mem"":""200.4MiB / 122.8GiB""},{""name"":""lab-redis"",""cpu"":""0.26%"",""mem"":""42.54MiB / 122.8GiB""},{""name"":""lab-postgres"",""cpu"":""4.96%"",""mem"":""256.5MiB / 122.8GiB""},{""name"":""lab-mysql"",""cpu"":""13.07%"",""mem"":""656.1MiB / 122.8GiB""},{""name"":""lab-woocommerce-mysql"",""cpu"":""1.12%"",""mem"":""483.7MiB / 122.8GiB""},{""name"":""lab-allegro-stub"",""cpu"":""0.00%"",""mem"":""27.12MiB / 122.8GiB""}]"
2026-09-08T14:07:02Z,3,0,0,53,0,2625345203,"[{""name"":""lab-worker-1"",""cpu"":""0.35%"",""mem"":""99.85MiB / 122.8GiB""},{""name"":""lab-api"",""cpu"":""0.00%"",""mem"":""133.6MiB / 122.8GiB""},{""name"":""lab-wc-tls"",""cpu"":""0.00%"",""mem"":""23.49MiB / 122.8GiB""},{""name"":""lab-prestashop"",""cpu"":""0.00%"",""mem"":""104.5MiB / 122.8GiB""},{""name"":""lab-woocommerce"",""cpu"":""0.01%"",""mem"":""200.4MiB / 122.8GiB""},{""name"":""lab-redis"",""cpu"":""0.23%"",""mem"":""42.79MiB / 122.8GiB""},{""name"":""lab-postgres"",""cpu"":""0.28%"",""mem"":""256.4MiB / 122.8GiB""},{""name"":""lab-mysql"",""cpu"":""14.44%"",""mem"":""651.3MiB / 122.8GiB""},{""name"":""lab-woocommerce-mysql"",""cpu"":""0.86%"",""mem"":""483.7MiB / 122.8GiB""},{""name"":""lab-allegro-stub"",""cpu"":""0.00%"",""mem"":""27.13MiB / 122.8GiB""}]"
2026-09-08T14:07:06Z,4,0,0,53,0,2625345203,"[{""name"":""lab-worker-1"",""cpu"":""0.43%"",""mem"":""99.85MiB / 122.8GiB""},{""name"":""lab-api"",""cpu"":""0.00%"",""mem"":""133.6MiB / 122.8GiB""},{""name"":""lab-wc-tls"",""cpu"":""0.00%"",""mem"":""23.49MiB / 122.8GiB""},{""name"":""lab-prestashop"",""cpu"":""0.01%"",""mem"":""104.5MiB / 122.8GiB""},{""name"":""lab-woocommerce"",""cpu"":""0.01%"",""mem"":""200.4MiB / 122.8GiB""},{""name"":""lab-redis"",""cpu"":""0.27%"",""mem"":""42.54MiB / 122.8GiB""},{""name"":""lab-postgres"",""cpu"":""0.36%"",""mem"":""256.4MiB / 122.8GiB""},{""name"":""lab-mysql"",""cpu"":""15.35%"",""mem"":""651MiB / 122.8GiB""},{""name"":""lab-woocommerce-mysql"",""cpu"":""0.87%"",""mem"":""483.7MiB / 122.8GiB""},{""name"":""lab-allegro-stub"",""cpu"":""0.00%"",""mem"":""27.12MiB / 122.8GiB""}]"
2026-09-08T14:07:10Z,4,0,0,53,0,2625345203,"[{""name"":""lab-worker-1"",""cpu"":""0.35%"",""mem"":""99.84MiB / 122.8GiB""},{""name"":""lab-api"",""cpu"":""0.00%"",""mem"":""133.6MiB / 122.8GiB""},{""name"":""lab-wc-tls"",""cpu"":""0.00%"",""mem"":""23.49MiB / 122.8GiB""},{""name"":""lab-prestashop"",""cpu"":""0.01%"",""mem"":""104.5MiB / 122.8GiB""},{""name"":""lab-woocommerce"",""cpu"":""0.01%"",""mem"":""200.4MiB / 122.8GiB""},{""name"":""lab-redis"",""cpu"":""0.27%"",""mem"":""42.54MiB / 122.8GiB""},{""name"":""lab-postgres"",""cpu"":""0.36%"",""mem"":""256.4MiB / 122.8GiB""},{""name"":""lab-mysql"",""cpu"":""15.03%"",""mem"":""651.3MiB / 122.8GiB""},{""name"":""lab-woocommerce-mysql"",""cpu"":""0.83%"",""mem"":""483.7MiB / 122.8GiB""},{""name"":""lab-allegro-stub"",""cpu"":""8.24%"",""mem"":""31.19MiB / 122.8GiB""}]"
2026-09-08T14:07:13Z,4,0,0,53,0,2625345203,"[{""name"":""lab-worker-1"",""cpu"":""0.45%"",""mem"":""99.84MiB / 122.8GiB""},{""name"":""lab-api"",""cpu"":""0.00%"",""mem"":""133.6MiB / 122.8GiB""},{""name"":""lab-wc-tls"",""cpu"":""0.00%"",""mem"":""23.49MiB / 122.8GiB""},{""name"":""lab-prestashop"",""cpu"":""0.00%"",""mem"":""104.5MiB / 122.8GiB""},{""name"":""lab-woocommerce"",""cpu"":""0.01%"",""mem"":""200.4MiB / 122.8GiB""},{""name"":""lab-redis"",""cpu"":""0.26%"",""mem"":""42.79MiB / 122.8GiB""},{""name"":""lab-postgres"",""cpu"":""0.34%"",""mem"":""256.4MiB / 122.8GiB""},{""name"":""lab-mysql"",""cpu"":""19.20%"",""mem"":""651MiB / 122.8GiB""},{""name"":""lab-woocommerce-mysql"",""cpu"":""0.78%"",""mem"":""483.7MiB / 122.8GiB""},{""name"":""lab-allegro-stub"",""cpu"":""0.00%"",""mem"":""27.21MiB / 122.8GiB""}]"
2026-09-08T14:07:17Z,3,0,0,53,0,2625345203,"[{""name"":""lab-worker-1"",""cpu"":""0.47%"",""mem"":""99.84MiB / 122.8GiB""},{""name"":""lab-api"",""cpu"":""0.00%"",""mem"":""133.6MiB / 122.8GiB""},{""name"":""lab-wc-tls"",""cpu"":""0.00%"",""mem"":""23.49MiB / 122.8GiB""},{""name"":""lab-prestashop"",""cpu"":""0.01%"",""mem"":""104.5MiB / 122.8GiB""},{""name"":""lab-woocommerce"",""cpu"":""0.01%"",""mem"":""200.4MiB / 122.8GiB""},{""name"":""lab-redis"",""cpu"":""0.27%"",""mem"":""42.54MiB / 122.8GiB""},{""name"":""lab-postgres"",""cpu"":""0.39%"",""mem"":""256.4MiB / 122.8GiB""},{""name"":""lab-mysql"",""cpu"":""14.32%"",""mem"":""651MiB / 122.8GiB""},{""name"":""lab-woocommerce-mysql"",""cpu"":""5.31%"",""mem"":""483.7MiB / 122.8GiB""},{""name"":""lab-allegro-stub"",""cpu"":""0.00%"",""mem"":""27.21MiB / 122.8GiB""}]"
2026-09-08T14:07:21Z,4,0,0,53,0,2625345203,"[{""name"":""lab-worker-1"",""cpu"":""0.33%"",""mem"":""99.84MiB / 122.8GiB""},{""name"":""lab-api"",""cpu"":""0.00%"",""mem"":""133.6MiB / 122.8GiB""},{""name"":""lab-wc-tls"",""cpu"":""0.00%"",""mem"":""23.49MiB / 122.8GiB""},{""name"":""lab-prestashop"",""cpu"":""0.01%"",""mem"":""104.5MiB / 122.8GiB""},{""name"":""lab-woocommerce"",""cpu"":""0.01%"",""mem"":""200.4MiB / 122.8GiB""},{""name"":""lab-redis"",""cpu"":""0.29%"",""mem"":""42.79MiB / 122.8GiB""},{""name"":""lab-postgres"",""cpu"":""0.36%"",""mem"":""256.5MiB / 122.8GiB""},{""name"":""lab-mysql"",""cpu"":""14.82%"",""mem"":""651MiB / 122.8GiB""},{""name"":""lab-woocommerce-mysql"",""cpu"":""0.86%"",""mem"":""483.7MiB / 122.8GiB""},{""name"":""lab-allegro-stub"",""cpu"":""0.01%"",""mem"":""27.23MiB / 122.8GiB""}]"
2026-09-08T14:07:24Z,4,0,0,53,0,2625345203,"[{""name"":""lab-worker-1"",""cpu"":""0.36%"",""mem"":""99.84MiB / 122.8GiB""},{""name"":""lab-api"",""cpu"":""0.00%"",""mem"":""133.6MiB / 122.8GiB""},{""name"":""lab-wc-tls"",""cpu"":""0.00%"",""mem"":""23.49MiB / 122.8GiB""},{""name"":""lab-prestashop"",""cpu"":""0.00%"",""mem"":""104.5MiB / 122.8GiB""},{""name"":""lab-woocommerce"",""cpu"":""0.01%"",""mem"":""200.4MiB / 122.8GiB""},{""name"":""lab-redis"",""cpu"":""4.54%"",""mem"":""42.79MiB / 122.8GiB""},{""name"":""lab-postgres"",""cpu"":""0.38%"",""mem"":""256.4MiB / 122.8GiB""},{""name"":""lab-mysql"",""cpu"":""14.69%"",""mem"":""651MiB / 122.8GiB""},{""name"":""lab-woocommerce-mysql"",""cpu"":""0.86%"",""mem"":""483.7MiB / 122.8GiB""},{""name"":""lab-allegro-stub"",""cpu"":""0.00%"",""mem"":""27.21MiB / 122.8GiB""}]"
2026-09-08T14:07:28Z,3,0,0,53,0,2625345203,"[{""name"":""lab-worker-1"",""cpu"":""1.89%"",""mem"":""100MiB / 122.8GiB""},{""name"":""lab-api"",""cpu"":""0.00%"",""mem"":""133.6MiB / 122.8GiB""},{""name"":""lab-wc-tls"",""cpu"":""0.00%"",""mem"":""23.49MiB / 122.8GiB""},{""name"":""lab-prestashop"",""cpu"":""0.00%"",""mem"":""104.5MiB / 122.8GiB""},{""name"":""lab-woocommerce"",""cpu"":""0.01%"",""mem"":""200.4MiB / 122.8GiB""},{""name"":""lab-redis"",""cpu"":""0.28%"",""mem"":""42.54MiB / 122.8GiB""},{""name"":""lab-postgres"",""cpu"":""0.29%"",""mem"":""256.4MiB / 122.8GiB""},{""name"":""lab-mysql"",""cpu"":""11.42%"",""mem"":""657.5MiB / 122.8GiB""},{""name"":""lab-woocommerce-mysql"",""cpu"":""0.81%"",""mem"":""483.7MiB / 122.8GiB""},{""name"":""lab-allegro-stub"",""cpu"":""0.00%"",""mem"":""27.23MiB / 122.8GiB""}]"
2026-09-08T14:07:32Z,4,0,0,53,0,2625345203,"[{""name"":""lab-worker-1"",""cpu"":""0.34%"",""mem"":""99.86MiB / 122.8GiB""},{""name"":""lab-api"",""cpu"":""0.00%"",""mem"":""133.6MiB / 122.8GiB""},{""name"":""lab-wc-tls"",""cpu"":""0.00%"",""mem"":""23.49MiB / 122.8GiB""},{""name"":""lab-prestashop"",""cpu"":""0.01%"",""mem"":""104.5MiB / 122.8GiB""},{""name"":""lab-woocommerce"",""cpu"":""0.01%"",""mem"":""200.4MiB / 122.8GiB""},{""name"":""lab-redis"",""cpu"":""0.24%"",""mem"":""42.54MiB / 122.8GiB""},{""name"":""lab-postgres"",""cpu"":""1.34%"",""mem"":""256.4MiB / 122.8GiB""},{""name"":""lab-mysql"",""cpu"":""14.56%"",""mem"":""651MiB / 122.8GiB""},{""name"":""lab-woocommerce-mysql"",""cpu"":""0.82%"",""mem"":""483.7MiB / 122.8GiB""},{""name"":""lab-allegro-stub"",""cpu"":""0.00%"",""mem"":""27.23MiB / 122.8GiB""}]"
2026-09-08T14:07:35Z,4,0,0,53,0,2625345203,"[{""name"":""lab-worker-1"",""cpu"":""0.54%"",""mem"":""99.86MiB / 122.8GiB""},{""name"":""lab-api"",""cpu"":""0.00%"",""mem"":""133.6MiB / 122.8GiB""},{""name"":""lab-wc-tls"",""cpu"":""0.00%"",""mem"":""23.49MiB / 122.8GiB""},{""name"":""lab-prestashop"",""cpu"":""0.00%"",""mem"":""104.5MiB / 122.8GiB""},{""name"":""lab-woocommerce"",""cpu"":""0.01%"",""mem"":""200.4MiB / 122.8GiB""},{""name"":""lab-redis"",""cpu"":""0.30%"",""mem"":""42.54MiB / 122.8GiB""},{""name"":""lab-postgres"",""cpu"":""0.39%"",""mem"":""256.4MiB / 122.8GiB""},{""name"":""lab-mysql"",""cpu"":""11.74%"",""mem"":""659.6MiB / 122.8GiB""},{""name"":""lab-woocommerce-mysql"",""cpu"":""0.88%"",""mem"":""483.7MiB / 122.8GiB""},{""name"":""lab-allegro-stub"",""cpu"":""4.17%"",""mem"":""27.23MiB / 122.8GiB""}]"
2026-09-08T14:07:39Z,3,0,0,53,0,2625345203,"[{""name"":""lab-worker-1"",""cpu"":""0.36%"",""mem"":""99.86MiB / 122.8GiB""},{""name"":""lab-api"",""cpu"":""0.00%"",""mem"":""133.6MiB / 122.8GiB""},{""name"":""lab-wc-tls"",""cpu"":""0.00%"",""mem"":""23.49MiB / 122.8GiB""},{""name"":""lab-prestashop"",""cpu"":""17.66%"",""mem"":""104.5MiB / 122.8GiB""},{""name"":""lab-woocommerce"",""cpu"":""0.01%"",""mem"":""200.4MiB / 122.8GiB""},{""name"":""lab-redis"",""cpu"":""0.25%"",""mem"":""42.54MiB / 122.8GiB""},{""name"":""lab-postgres"",""cpu"":""5.65%"",""mem"":""256.4MiB / 122.8GiB""},{""name"":""lab-mysql"",""cpu"":""24.87%"",""mem"":""658.5MiB / 122.8GiB""},{""name"":""lab-woocommerce-mysql"",""cpu"":""0.74%"",""mem"":""483.7MiB / 122.8GiB""},{""name"":""lab-allegro-stub"",""cpu"":""0.00%"",""mem"":""27.23MiB / 122.8GiB""}]"
2026-09-08T14:07:43Z,4,0,0,53,0,2625345203,"[{""name"":""lab-worker-1"",""cpu"":""0.41%"",""mem"":""99.86MiB / 122.8GiB""},{""name"":""lab-api"",""cpu"":""0.00%"",""mem"":""133.6MiB / 122.8GiB""},{""name"":""lab-wc-tls"",""cpu"":""0.00%"",""mem"":""23.49MiB / 122.8GiB""},{""name"":""lab-prestashop"",""cpu"":""0.00%"",""mem"":""104.5MiB / 122.8GiB""},{""name"":""lab-woocommerce"",""cpu"":""0.01%"",""mem"":""200.4MiB / 122.8GiB""},{""name"":""lab-redis"",""cpu"":""0.23%"",""mem"":""42.79MiB / 122.8GiB""},{""name"":""lab-postgres"",""cpu"":""0.33%"",""mem"":""256.5MiB / 122.8GiB""},{""name"":""lab-mysql"",""cpu"":""19.11%"",""mem"":""651.1MiB / 122.8GiB""},{""name"":""lab-woocommerce-mysql"",""cpu"":""0.84%"",""mem"":""483.7MiB / 122.8GiB""},{""name"":""lab-allegro-stub"",""cpu"":""0.00%"",""mem"":""27.23MiB / 122.8GiB""}]"
2026-09-08T14:07:47Z,4,0,0,53,0,2625345203,"[{""name"":""lab-worker-1"",""cpu"":""0.36%"",""mem"":""99.86MiB / 122.8GiB""},{""name"":""lab-api"",""cpu"":""0.01%"",""mem"":""133.6MiB / 122.8GiB""},{""name"":""lab-wc-tls"",""cpu"":""0.00%"",""mem"":""23.49MiB / 122.8GiB""},{""name"":""lab-prestashop"",""cpu"":""0.01%"",""mem"":""104.5MiB / 122.8GiB""},{""name"":""lab-woocommerce"",""cpu"":""0.01%"",""mem"":""200.4MiB / 122.8GiB""},{""name"":""lab-redis"",""cpu"":""0.25%"",""mem"":""42.54MiB / 122.8GiB""},{""name"":""lab-postgres"",""cpu"":""0.74%"",""mem"":""256.5MiB / 122.8GiB""},{""name"":""lab-mysql"",""cpu"":""10.79%"",""mem"":""652.5MiB / 122.8GiB""},{""name"":""lab-woocommerce-mysql"",""cpu"":""0.86%"",""mem"":""483.7MiB / 122.8GiB""},{""name"":""lab-allegro-stub"",""cpu"":""0.00%"",""mem"":""27.23MiB / 122.8GiB""}]"
2026-09-08T14:07:50Z,4,0,0,53,0,2625345203,"[{""name"":""lab-worker-1"",""cpu"":""0.34%"",""mem"":""99.86MiB / 122.8GiB""},{""name"":""lab-api"",""cpu"":""0.00%"",""mem"":""133.6MiB / 122.8GiB""},{""name"":""lab-wc-tls"",""cpu"":""0.00%"",""mem"":""23.49MiB / 122.8GiB""},{""name"":""lab-prestashop"",""cpu"":""0.01%"",""mem"":""104.5MiB / 122.8GiB""},{""name"":""lab-woocommerce"",""cpu"":""0.01%"",""mem"":""200.4MiB / 122.8GiB""},{""name"":""lab-redis"",""cpu"":""0.26%"",""mem"":""42.79MiB / 122.8GiB""},{""name"":""lab-postgres"",""cpu"":""0.36%"",""mem"":""256.4MiB / 122.8GiB""},{""name"":""lab-mysql"",""cpu"":""14.89%"",""mem"":""651MiB / 122.8GiB""},{""name"":""lab-woocommerce-mysql"",""cpu"":""0.84%"",""mem"":""483.7MiB / 122.8GiB""},{""name"":""lab-allegro-stub"",""cpu"":""0.01%"",""mem"":""27.23MiB / 122.8GiB""}]"
2026-09-08T14:07:54Z,3,0,0,53,0,2625345203,"[{""name"":""lab-worker-1"",""cpu"":""0.35%"",""mem"":""99.88MiB / 122.8GiB""},{""name"":""lab-api"",""cpu"":""0.00%"",""mem"":""133.6MiB / 122.8GiB""},{""name"":""lab-wc-tls"",""cpu"":""0.00%"",""mem"":""23.49MiB / 122.8GiB""},{""name"":""lab-prestashop"",""cpu"":""0.01%"",""mem"":""104.5MiB / 122.8GiB""},{""name"":""lab-woocommerce"",""cpu"":""0.01%"",""mem"":""200.4MiB / 122.8GiB""},{""name"":""lab-redis"",""cpu"":""4.45%"",""mem"":""42.8MiB / 122.8GiB""},{""name"":""lab-postgres"",""cpu"":""0.37%"",""mem"":""256.4MiB / 122.8GiB""},{""name"":""lab-mysql"",""cpu"":""14.11%"",""mem"":""651MiB / 122.8GiB""},{""name"":""lab-woocommerce-mysql"",""cpu"":""0.73%"",""mem"":""483.7MiB / 122.8GiB""},{""name"":""lab-allegro-stub"",""cpu"":""0.00%"",""mem"":""27.23MiB / 122.8GiB""}]"
2026-09-08T14:07:58Z,4,0,0,53,0,2625345203,"[{""name"":""lab-worker-1"",""cpu"":""0.63%"",""mem"":""100.6MiB / 122.8GiB""},{""name"":""lab-api"",""cpu"":""0.00%"",""mem"":""133.6MiB / 122.8GiB""},{""name"":""lab-wc-tls"",""cpu"":""0.00%"",""mem"":""23.49MiB / 122.8GiB""},{""name"":""lab-prestashop"",""cpu"":""0.01%"",""mem"":""104.5MiB / 122.8GiB""},{""name"":""lab-woocommerce"",""cpu"":""20.75%"",""mem"":""200.4MiB / 122.8GiB""},{""name"":""lab-redis"",""cpu"":""0.28%"",""mem"":""42.54MiB / 122.8GiB""},{""name"":""lab-postgres"",""cpu"":""0.71%"",""mem"":""256.4MiB / 122.8GiB""},{""name"":""lab-mysql"",""cpu"":""14.51%"",""mem"":""651.1MiB / 122.8GiB""},{""name"":""lab-woocommerce-mysql"",""cpu"":""9.39%"",""mem"":""483.7MiB / 122.8GiB""},{""name"":""lab-allegro-stub"",""cpu"":""0.00%"",""mem"":""27.23MiB / 122.8GiB""}]"
2026-09-08T14:08:01Z,4,0,0,53,0,2625345203,"[{""name"":""lab-worker-1"",""cpu"":""0.35%"",""mem"":""99.86MiB / 122.8GiB""},{""name"":""lab-api"",""cpu"":""0.00%"",""mem"":""133.6MiB / 122.8GiB""},{""name"":""lab-wc-tls"",""cpu"":""0.00%"",""mem"":""23.49MiB / 122.8GiB""},{""name"":""lab-prestashop"",""cpu"":""15.21%"",""mem"":""104.5MiB / 122.8GiB""},{""name"":""lab-woocommerce"",""cpu"":""0.01%"",""mem"":""200.4MiB / 122.8GiB""},{""name"":""lab-redis"",""cpu"":""0.24%"",""mem"":""42.54MiB / 122.8GiB""},{""name"":""lab-postgres"",""cpu"":""0.35%"",""mem"":""256.4MiB / 122.8GiB""},{""name"":""lab-mysql"",""cpu"":""24.55%"",""mem"":""651.1MiB / 122.8GiB""},{""name"":""lab-woocommerce-mysql"",""cpu"":""0.86%"",""mem"":""483.7MiB / 122.8GiB""},{""name"":""lab-allegro-stub"",""cpu"":""0.01%"",""mem"":""27.23MiB / 122.8GiB""}]"
2026-09-08T14:08:05Z,3,0,0,53,0,2625345203,"[{""name"":""lab-worker-1"",""cpu"":""0.42%"",""mem"":""99.86MiB / 122.8GiB""},{""name"":""lab-api"",""cpu"":""0.00%"",""mem"":""133.6MiB / 122.8GiB""},{""name"":""lab-wc-tls"",""cpu"":""0.00%"",""mem"":""23.49MiB / 122.8GiB""},{""name"":""lab-prestashop"",""cpu"":""0.01%"",""mem"":""104.5MiB / 122.8GiB""},{""name"":""lab-woocommerce"",""cpu"":""0.01%"",""mem"":""200.4MiB / 122.8GiB""},{""name"":""lab-redis"",""cpu"":""0.26%"",""mem"":""42.79MiB / 122.8GiB""},{""name"":""lab-postgres"",""cpu"":""0.38%"",""mem"":""256.4MiB / 122.8GiB""},{""name"":""lab-mysql"",""cpu"":""15.17%"",""mem"":""651.1MiB / 122.8GiB""},{""name"":""lab-woocommerce-mysql"",""cpu"":""0.88%"",""mem"":""483.7MiB / 122.8GiB""},{""name"":""lab-allegro-stub"",""cpu"":""3.25%"",""mem"":""36.53MiB / 122.8GiB""}]"
2026-09-08T14:08:09Z,4,0,0,53,0,2625345203,"[{""name"":""lab-worker-1"",""cpu"":""0.28%"",""mem"":""99.86MiB / 122.8GiB""},{""name"":""lab-api"",""cpu"":""0.00%"",""mem"":""133.6MiB / 122.8GiB""},{""name"":""lab-wc-tls"",""cpu"":""0.00%"",""mem"":""23.49MiB / 122.8GiB""},{""name"":""lab-prestashop"",""cpu"":""0.00%"",""mem"":""104.5MiB / 122.8GiB""},{""name"":""lab-woocommerce"",""cpu"":""0.01%"",""mem"":""200.4MiB / 122.8GiB""},{""name"":""lab-redis"",""cpu"":""0.26%"",""mem"":""42.54MiB / 122.8GiB""},{""name"":""lab-postgres"",""cpu"":""0.35%"",""mem"":""256.4MiB / 122.8GiB""},{""name"":""lab-mysql"",""cpu"":""14.90%"",""mem"":""651MiB / 122.8GiB""},{""name"":""lab-woocommerce-mysql"",""cpu"":""0.89%"",""mem"":""483.7MiB / 122.8GiB""},{""name"":""lab-allegro-stub"",""cpu"":""0.00%"",""mem"":""27.23MiB / 122.8GiB""}]"
2026-09-08T14:08:13Z,4,0,0,53,0,2625345203,"[{""name"":""lab-worker-1"",""cpu"":""0.36%"",""mem"":""99.86MiB / 122.8GiB""},{""name"":""lab-api"",""cpu"":""0.00%"",""mem"":""133.6MiB / 122.8GiB""},{""name"":""lab-wc-tls"",""cpu"":""0.00%"",""mem"":""23.49MiB / 122.8GiB""},{""name"":""lab-prestashop"",""cpu"":""0.01%"",""mem"":""104.5MiB / 122.8GiB""},{""name"":""lab-woocommerce"",""cpu"":""0.01%"",""mem"":""200.4MiB / 122.8GiB""},{""name"":""lab-redis"",""cpu"":""0.27%"",""mem"":""42.54MiB / 122.8GiB""},{""name"":""lab-postgres"",""cpu"":""0.36%"",""mem"":""256.4MiB / 122.8GiB""},{""name"":""lab-mysql"",""cpu"":""14.45%"",""mem"":""651MiB / 122.8GiB""},{""name"":""lab-woocommerce-mysql"",""cpu"":""0.91%"",""mem"":""483.7MiB / 122.8GiB""},{""name"":""lab-allegro-stub"",""cpu"":""0.00%"",""mem"":""27.23MiB / 122.8GiB""}]"
2026-09-08T14:08:16Z,4,0,0,53,0,2625345203,"[{""name"":""lab-worker-1"",""cpu"":""0.43%"",""mem"":""99.86MiB / 122.8GiB""},{""name"":""lab-api"",""cpu"":""0.00%"",""mem"":""133.6MiB / 122.8GiB""},{""name"":""lab-wc-tls"",""cpu"":""0.00%"",""mem"":""23.49MiB / 122.8GiB""},{""name"":""lab-prestashop"",""cpu"":""0.01%"",""mem"":""104.5MiB / 122.8GiB""},{""name"":""lab-woocommerce"",""cpu"":""0.01%"",""mem"":""200.4MiB / 122.8GiB""},{""name"":""lab-redis"",""cpu"":""0.23%"",""mem"":""42.54MiB / 122.8GiB""},{""name"":""lab-postgres"",""cpu"":""0.39%"",""mem"":""256.4MiB / 122.8GiB""},{""name"":""lab-mysql"",""cpu"":""14.31%"",""mem"":""651.1MiB / 122.8GiB""},{""name"":""lab-woocommerce-mysql"",""cpu"":""0.77%"",""mem"":""483.7MiB / 122.8GiB""},{""name"":""lab-allegro-stub"",""cpu"":""0.85%"",""mem"":""27.24MiB / 122.8GiB""}]"
2026-09-08T14:08:20Z,3,0,0,53,0,2625345203,"[{""name"":""lab-worker-1"",""cpu"":""0.44%"",""mem"":""100.1MiB / 122.8GiB""},{""name"":""lab-api"",""cpu"":""0.00%"",""mem"":""133.6MiB / 122.8GiB""},{""name"":""lab-wc-tls"",""cpu"":""0.00%"",""mem"":""23.49MiB / 122.8GiB""},{""name"":""lab-prestashop"",""cpu"":""0.00%"",""mem"":""104.5MiB / 122.8GiB""},{""name"":""lab-woocommerce"",""cpu"":""0.01%"",""mem"":""200.4MiB / 122.8GiB""},{""name"":""lab-redis"",""cpu"":""0.23%"",""mem"":""42.54MiB / 122.8GiB""},{""name"":""lab-postgres"",""cpu"":""4.98%"",""mem"":""256.5MiB / 122.8GiB""},{""name"":""lab-mysql"",""cpu"":""14.32%"",""mem"":""651MiB / 122.8GiB""},{""name"":""lab-woocommerce-mysql"",""cpu"":""0.76%"",""mem"":""483.7MiB / 122.8GiB""},{""name"":""lab-allegro-stub"",""cpu"":""0.00%"",""mem"":""27.23MiB / 122.8GiB""}]"
