ts,dt,queued,running,dead,deferred,pg_database_size_bytes,docker_stats_json
2026-09-10T13:14:43Z,0,0,0,0,0,2667706035,"[{""name"":""lab-worker-1"",""cpu"":""0.33%"",""mem"":""129.7MiB / 122.8GiB""},{""name"":""lab-api"",""cpu"":""0.00%"",""mem"":""155.7MiB / 122.8GiB""},{""name"":""lab-allegro-stub"",""cpu"":""0.00%"",""mem"":""20.35MiB / 122.8GiB""},{""name"":""lab-erli-stub"",""cpu"":""0.01%"",""mem"":""18.04MiB / 122.8GiB""},{""name"":""lab-eparagony-stub"",""cpu"":""0.00%"",""mem"":""20.36MiB / 122.8GiB""},{""name"":""lab-invoicing-stub"",""cpu"":""0.00%"",""mem"":""16.59MiB / 122.8GiB""},{""name"":""lab-shipping-stub"",""cpu"":""0.00%"",""mem"":""16.57MiB / 122.8GiB""},{""name"":""lab-eparagony-stub-tls"",""cpu"":""0.00%"",""mem"":""23.3MiB / 122.8GiB""},{""name"":""lab-erli-stub-tls"",""cpu"":""0.00%"",""mem"":""22.67MiB / 122.8GiB""},{""name"":""lab-wc-tls"",""cpu"":""0.00%"",""mem"":""28.21MiB / 122.8GiB""},{""name"":""lab-prestashop"",""cpu"":""40.55%"",""mem"":""155.8MiB / 122.8GiB""},{""name"":""lab-woocommerce"",""cpu"":""0.01%"",""mem"":""299.1MiB / 122.8GiB""},{""name"":""lab-redis"",""cpu"":""4.37%"",""mem"":""77.88MiB / 122.8GiB""},{""name"":""lab-postgres"",""cpu"":""1.23%"",""mem"":""237.2MiB / 122.8GiB""},{""name"":""lab-mysql"",""cpu"":""39.99%"",""mem"":""719.4MiB / 122.8GiB""},{""name"":""lab-woocommerce-mysql"",""cpu"":""0.71%"",""mem"":""509.6MiB / 122.8GiB""}]"
2026-09-10T13:14:43Z,0,0,0,0,0,2667706035,"[{""name"":""lab-worker-1"",""cpu"":""0.33%"",""mem"":""129.7MiB / 122.8GiB""},{""name"":""lab-api"",""cpu"":""0.00%"",""mem"":""155.7MiB / 122.8GiB""},{""name"":""lab-allegro-stub"",""cpu"":""0.00%"",""mem"":""20.35MiB / 122.8GiB""},{""name"":""lab-erli-stub"",""cpu"":""0.01%"",""mem"":""18.04MiB / 122.8GiB""},{""name"":""lab-eparagony-stub"",""cpu"":""0.00%"",""mem"":""20.36MiB / 122.8GiB""},{""name"":""lab-invoicing-stub"",""cpu"":""0.00%"",""mem"":""16.59MiB / 122.8GiB""},{""name"":""lab-shipping-stub"",""cpu"":""0.00%"",""mem"":""16.57MiB / 122.8GiB""},{""name"":""lab-eparagony-stub-tls"",""cpu"":""0.00%"",""mem"":""23.3MiB / 122.8GiB""},{""name"":""lab-erli-stub-tls"",""cpu"":""0.00%"",""mem"":""22.67MiB / 122.8GiB""},{""name"":""lab-wc-tls"",""cpu"":""0.00%"",""mem"":""28.21MiB / 122.8GiB""},{""name"":""lab-prestashop"",""cpu"":""40.55%"",""mem"":""155.8MiB / 122.8GiB""},{""name"":""lab-woocommerce"",""cpu"":""0.01%"",""mem"":""299.1MiB / 122.8GiB""},{""name"":""lab-redis"",""cpu"":""4.37%"",""mem"":""77.88MiB / 122.8GiB""},{""name"":""lab-postgres"",""cpu"":""1.23%"",""mem"":""237.2MiB / 122.8GiB""},{""name"":""lab-mysql"",""cpu"":""39.99%"",""mem"":""719.4MiB / 122.8GiB""},{""name"":""lab-woocommerce-mysql"",""cpu"":""0.71%"",""mem"":""509.6MiB / 122.8GiB""}]"
2026-09-10T13:14:46Z,4,0,0,0,0,2667706035,"[{""name"":""lab-worker-1"",""cpu"":""0.36%"",""mem"":""129.7MiB / 122.8GiB""},{""name"":""lab-api"",""cpu"":""0.00%"",""mem"":""155.7MiB / 122.8GiB""},{""name"":""lab-allegro-stub"",""cpu"":""3.91%"",""mem"":""20.35MiB / 122.8GiB""},{""name"":""lab-erli-stub"",""cpu"":""0.01%"",""mem"":""18.04MiB / 122.8GiB""},{""name"":""lab-eparagony-stub"",""cpu"":""0.00%"",""mem"":""20.36MiB / 122.8GiB""},{""name"":""lab-invoicing-stub"",""cpu"":""4.04%"",""mem"":""16.6MiB / 122.8GiB""},{""name"":""lab-shipping-stub"",""cpu"":""4.21%"",""mem"":""16.57MiB / 122.8GiB""},{""name"":""lab-eparagony-stub-tls"",""cpu"":""0.00%"",""mem"":""23.3MiB / 122.8GiB""},{""name"":""lab-erli-stub-tls"",""cpu"":""0.00%"",""mem"":""22.67MiB / 122.8GiB""},{""name"":""lab-wc-tls"",""cpu"":""0.00%"",""mem"":""28.21MiB / 122.8GiB""},{""name"":""lab-prestashop"",""cpu"":""36.52%"",""mem"":""163.9MiB / 122.8GiB""},{""name"":""lab-woocommerce"",""cpu"":""0.00%"",""mem"":""299.1MiB / 122.8GiB""},{""name"":""lab-redis"",""cpu"":""0.27%"",""mem"":""78.1MiB / 122.8GiB""},{""name"":""lab-postgres"",""cpu"":""0.26%"",""mem"":""237.2MiB / 122.8GiB""},{""name"":""lab-mysql"",""cpu"":""43.63%"",""mem"":""719.5MiB / 122.8GiB""},{""name"":""lab-woocommerce-mysql"",""cpu"":""0.61%"",""mem"":""509.6MiB / 122.8GiB""}]"
2026-09-10T13:14:46Z,4,0,0,0,0,2667706035,"[{""name"":""lab-worker-1"",""cpu"":""0.36%"",""mem"":""129.7MiB / 122.8GiB""},{""name"":""lab-api"",""cpu"":""0.00%"",""mem"":""155.7MiB / 122.8GiB""},{""name"":""lab-allegro-stub"",""cpu"":""3.91%"",""mem"":""20.35MiB / 122.8GiB""},{""name"":""lab-erli-stub"",""cpu"":""0.01%"",""mem"":""18.04MiB / 122.8GiB""},{""name"":""lab-eparagony-stub"",""cpu"":""0.00%"",""mem"":""20.36MiB / 122.8GiB""},{""name"":""lab-invoicing-stub"",""cpu"":""4.04%"",""mem"":""16.6MiB / 122.8GiB""},{""name"":""lab-shipping-stub"",""cpu"":""4.21%"",""mem"":""16.57MiB / 122.8GiB""},{""name"":""lab-eparagony-stub-tls"",""cpu"":""0.00%"",""mem"":""23.3MiB / 122.8GiB""},{""name"":""lab-erli-stub-tls"",""cpu"":""0.00%"",""mem"":""22.67MiB / 122.8GiB""},{""name"":""lab-wc-tls"",""cpu"":""0.00%"",""mem"":""28.21MiB / 122.8GiB""},{""name"":""lab-prestashop"",""cpu"":""36.52%"",""mem"":""163.9MiB / 122.8GiB""},{""name"":""lab-woocommerce"",""cpu"":""0.00%"",""mem"":""299.1MiB / 122.8GiB""},{""name"":""lab-redis"",""cpu"":""0.27%"",""mem"":""78.1MiB / 122.8GiB""},{""name"":""lab-postgres"",""cpu"":""0.26%"",""mem"":""237.2MiB / 122.8GiB""},{""name"":""lab-mysql"",""cpu"":""43.63%"",""mem"":""719.5MiB / 122.8GiB""},{""name"":""lab-woocommerce-mysql"",""cpu"":""0.63%"",""mem"":""509.6MiB / 122.8GiB""}]"
2026-09-10T13:14:50Z,3,0,0,0,0,2667706035,"[{""name"":""lab-worker-1"",""cpu"":""0.25%"",""mem"":""129.7MiB / 122.8GiB""},{""name"":""lab-api"",""cpu"":""0.01%"",""mem"":""155.7MiB / 122.8GiB""},{""name"":""lab-allegro-stub"",""cpu"":""0.00%"",""mem"":""20.35MiB / 122.8GiB""},{""name"":""lab-erli-stub"",""cpu"":""2.81%"",""mem"":""18.04MiB / 122.8GiB""},{""name"":""lab-eparagony-stub"",""cpu"":""0.00%"",""mem"":""20.36MiB / 122.8GiB""},{""name"":""lab-invoicing-stub"",""cpu"":""0.00%"",""mem"":""16.59MiB / 122.8GiB""},{""name"":""lab-shipping-stub"",""cpu"":""0.00%"",""mem"":""16.57MiB / 122.8GiB""},{""name"":""lab-eparagony-stub-tls"",""cpu"":""0.00%"",""mem"":""23.3MiB / 122.8GiB""},{""name"":""lab-erli-stub-tls"",""cpu"":""0.00%"",""mem"":""22.67MiB / 122.8GiB""},{""name"":""lab-wc-tls"",""cpu"":""0.00%"",""mem"":""28.21MiB / 122.8GiB""},{""name"":""lab-prestashop"",""cpu"":""36.37%"",""mem"":""172MiB / 122.8GiB""},{""name"":""lab-woocommerce"",""cpu"":""0.00%"",""mem"":""299.1MiB / 122.8GiB""},{""name"":""lab-redis"",""cpu"":""0.18%"",""mem"":""77.85MiB / 122.8GiB""},{""name"":""lab-postgres"",""cpu"":""0.35%"",""mem"":""237.2MiB / 122.8GiB""},{""name"":""lab-mysql"",""cpu"":""41.63%"",""mem"":""719.8MiB / 122.8GiB""},{""name"":""lab-woocommerce-mysql"",""cpu"":""0.59%"",""mem"":""509.6MiB / 122.8GiB""}]"
2026-09-10T13:14:50Z,3,0,0,0,0,2667706035,"[{""name"":""lab-worker-1"",""cpu"":""0.25%"",""mem"":""129.7MiB / 122.8GiB""},{""name"":""lab-api"",""cpu"":""0.01%"",""mem"":""155.7MiB / 122.8GiB""},{""name"":""lab-allegro-stub"",""cpu"":""0.00%"",""mem"":""20.35MiB / 122.8GiB""},{""name"":""lab-erli-stub"",""cpu"":""2.81%"",""mem"":""18.04MiB / 122.8GiB""},{""name"":""lab-eparagony-stub"",""cpu"":""3.51%"",""mem"":""20.36MiB / 122.8GiB""},{""name"":""lab-invoicing-stub"",""cpu"":""0.00%"",""mem"":""16.59MiB / 122.8GiB""},{""name"":""lab-shipping-stub"",""cpu"":""0.00%"",""mem"":""16.57MiB / 122.8GiB""},{""name"":""lab-eparagony-stub-tls"",""cpu"":""0.00%"",""mem"":""23.3MiB / 122.8GiB""},{""name"":""lab-erli-stub-tls"",""cpu"":""0.00%"",""mem"":""22.67MiB / 122.8GiB""},{""name"":""lab-wc-tls"",""cpu"":""0.00%"",""mem"":""28.21MiB / 122.8GiB""},{""name"":""lab-prestashop"",""cpu"":""36.37%"",""mem"":""172MiB / 122.8GiB""},{""name"":""lab-woocommerce"",""cpu"":""0.00%"",""mem"":""299.1MiB / 122.8GiB""},{""name"":""lab-redis"",""cpu"":""0.18%"",""mem"":""77.85MiB / 122.8GiB""},{""name"":""lab-postgres"",""cpu"":""0.35%"",""mem"":""237.2MiB / 122.8GiB""},{""name"":""lab-mysql"",""cpu"":""41.63%"",""mem"":""719.8MiB / 122.8GiB""},{""name"":""lab-woocommerce-mysql"",""cpu"":""0.59%"",""mem"":""509.6MiB / 122.8GiB""}]"
2026-09-10T13:14:53Z,4,0,0,0,0,2667706035,"[{""name"":""lab-worker-1"",""cpu"":""0.20%"",""mem"":""129.7MiB / 122.8GiB""},{""name"":""lab-api"",""cpu"":""0.00%"",""mem"":""155.7MiB / 122.8GiB""},{""name"":""lab-allegro-stub"",""cpu"":""0.00%"",""mem"":""20.35MiB / 122.8GiB""},{""name"":""lab-erli-stub"",""cpu"":""0.00%"",""mem"":""18.04MiB / 122.8GiB""},{""name"":""lab-eparagony-stub"",""cpu"":""0.00%"",""mem"":""20.36MiB / 122.8GiB""},{""name"":""lab-invoicing-stub"",""cpu"":""0.00%"",""mem"":""16.59MiB / 122.8GiB""},{""name"":""lab-shipping-stub"",""cpu"":""0.00%"",""mem"":""16.57MiB / 122.8GiB""},{""name"":""lab-eparagony-stub-tls"",""cpu"":""0.00%"",""mem"":""23.3MiB / 122.8GiB""},{""name"":""lab-erli-stub-tls"",""cpu"":""0.00%"",""mem"":""22.67MiB / 122.8GiB""},{""name"":""lab-wc-tls"",""cpu"":""0.00%"",""mem"":""28.21MiB / 122.8GiB""},{""name"":""lab-prestashop"",""cpu"":""34.76%"",""mem"":""178MiB / 122.8GiB""},{""name"":""lab-woocommerce"",""cpu"":""0.00%"",""mem"":""299.1MiB / 122.8GiB""},{""name"":""lab-redis"",""cpu"":""0.24%"",""mem"":""77.86MiB / 122.8GiB""},{""name"":""lab-postgres"",""cpu"":""0.54%"",""mem"":""237.2MiB / 122.8GiB""},{""name"":""lab-mysql"",""cpu"":""41.02%"",""mem"":""719.5MiB / 122.8GiB""},{""name"":""lab-woocommerce-mysql"",""cpu"":""0.63%"",""mem"":""509.6MiB / 122.8GiB""}]"
2026-09-10T13:14:53Z,4,0,0,0,0,2667706035,"[{""name"":""lab-worker-1"",""cpu"":""0.20%"",""mem"":""129.7MiB / 122.8GiB""},{""name"":""lab-api"",""cpu"":""0.00%"",""mem"":""155.7MiB / 122.8GiB""},{""name"":""lab-allegro-stub"",""cpu"":""0.00%"",""mem"":""20.35MiB / 122.8GiB""},{""name"":""lab-erli-stub"",""cpu"":""0.00%"",""mem"":""18.04MiB / 122.8GiB""},{""name"":""lab-eparagony-stub"",""cpu"":""0.00%"",""mem"":""20.36MiB / 122.8GiB""},{""name"":""lab-invoicing-stub"",""cpu"":""0.00%"",""mem"":""16.59MiB / 122.8GiB""},{""name"":""lab-shipping-stub"",""cpu"":""0.00%"",""mem"":""16.57MiB / 122.8GiB""},{""name"":""lab-eparagony-stub-tls"",""cpu"":""0.00%"",""mem"":""23.3MiB / 122.8GiB""},{""name"":""lab-erli-stub-tls"",""cpu"":""0.00%"",""mem"":""22.67MiB / 122.8GiB""},{""name"":""lab-wc-tls"",""cpu"":""0.00%"",""mem"":""28.21MiB / 122.8GiB""},{""name"":""lab-prestashop"",""cpu"":""34.76%"",""mem"":""178MiB / 122.8GiB""},{""name"":""lab-woocommerce"",""cpu"":""0.00%"",""mem"":""299.1MiB / 122.8GiB""},{""name"":""lab-redis"",""cpu"":""0.24%"",""mem"":""77.86MiB / 122.8GiB""},{""name"":""lab-postgres"",""cpu"":""0.54%"",""mem"":""237.2MiB / 122.8GiB""},{""name"":""lab-mysql"",""cpu"":""41.02%"",""mem"":""719.5MiB / 122.8GiB""},{""name"":""lab-woocommerce-mysql"",""cpu"":""0.62%"",""mem"":""509.6MiB / 122.8GiB""}]"
2026-09-10T13:14:57Z,3,0,0,0,0,2667706035,"[{""name"":""lab-worker-1"",""cpu"":""0.31%"",""mem"":""129.7MiB / 122.8GiB""},{""name"":""lab-api"",""cpu"":""0.00%"",""mem"":""155.7MiB / 122.8GiB""},{""name"":""lab-allegro-stub"",""cpu"":""0.01%"",""mem"":""20.35MiB / 122.8GiB""},{""name"":""lab-erli-stub"",""cpu"":""0.00%"",""mem"":""18.04MiB / 122.8GiB""},{""name"":""lab-eparagony-stub"",""cpu"":""0.00%"",""mem"":""20.36MiB / 122.8GiB""},{""name"":""lab-invoicing-stub"",""cpu"":""0.01%"",""mem"":""16.6MiB / 122.8GiB""},{""name"":""lab-shipping-stub"",""cpu"":""0.01%"",""mem"":""16.57MiB / 122.8GiB""},{""name"":""lab-eparagony-stub-tls"",""cpu"":""0.00%"",""mem"":""23.3MiB / 122.8GiB""},{""name"":""lab-erli-stub-tls"",""cpu"":""0.00%"",""mem"":""22.67MiB / 122.8GiB""},{""name"":""lab-wc-tls"",""cpu"":""0.00%"",""mem"":""28.21MiB / 122.8GiB""},{""name"":""lab-prestashop"",""cpu"":""35.12%"",""mem"":""182MiB / 122.8GiB""},{""name"":""lab-woocommerce"",""cpu"":""0.00%"",""mem"":""299.1MiB / 122.8GiB""},{""name"":""lab-redis"",""cpu"":""0.20%"",""mem"":""77.85MiB / 122.8GiB""},{""name"":""lab-postgres"",""cpu"":""0.26%"",""mem"":""237.2MiB / 122.8GiB""},{""name"":""lab-mysql"",""cpu"":""41.44%"",""mem"":""719.5MiB / 122.8GiB""},{""name"":""lab-woocommerce-mysql"",""cpu"":""4.01%"",""mem"":""509.6MiB / 122.8GiB""}]"
2026-09-10T13:14:57Z,3,0,0,0,0,2667706035,"[{""name"":""lab-worker-1"",""cpu"":""0.31%"",""mem"":""129.7MiB / 122.8GiB""},{""name"":""lab-api"",""cpu"":""0.00%"",""mem"":""155.7MiB / 122.8GiB""},{""name"":""lab-allegro-stub"",""cpu"":""0.01%"",""mem"":""20.35MiB / 122.8GiB""},{""name"":""lab-erli-stub"",""cpu"":""0.00%"",""mem"":""18.04MiB / 122.8GiB""},{""name"":""lab-eparagony-stub"",""cpu"":""0.00%"",""mem"":""20.36MiB / 122.8GiB""},{""name"":""lab-invoicing-stub"",""cpu"":""0.01%"",""mem"":""16.6MiB / 122.8GiB""},{""name"":""lab-shipping-stub"",""cpu"":""0.01%"",""mem"":""16.57MiB / 122.8GiB""},{""name"":""lab-eparagony-stub-tls"",""cpu"":""0.00%"",""mem"":""23.3MiB / 122.8GiB""},{""name"":""lab-erli-stub-tls"",""cpu"":""0.00%"",""mem"":""22.67MiB / 122.8GiB""},{""name"":""lab-wc-tls"",""cpu"":""0.00%"",""mem"":""28.21MiB / 122.8GiB""},{""name"":""lab-prestashop"",""cpu"":""35.12%"",""mem"":""182MiB / 122.8GiB""},{""name"":""lab-woocommerce"",""cpu"":""0.00%"",""mem"":""299.1MiB / 122.8GiB""},{""name"":""lab-redis"",""cpu"":""0.20%"",""mem"":""77.85MiB / 122.8GiB""},{""name"":""lab-postgres"",""cpu"":""0.26%"",""mem"":""237.2MiB / 122.8GiB""},{""name"":""lab-mysql"",""cpu"":""41.44%"",""mem"":""719.5MiB / 122.8GiB""},{""name"":""lab-woocommerce-mysql"",""cpu"":""4.01%"",""mem"":""509.6MiB / 122.8GiB""}]"
2026-09-10T13:15:01Z,4,0,0,0,0,2667706035,"[{""name"":""lab-worker-1"",""cpu"":""0.40%"",""mem"":""129.7MiB / 122.8GiB""},{""name"":""lab-api"",""cpu"":""0.00%"",""mem"":""155.7MiB / 122.8GiB""},{""name"":""lab-allegro-stub"",""cpu"":""3.22%"",""mem"":""20.35MiB / 122.8GiB""},{""name"":""lab-erli-stub"",""cpu"":""0.01%"",""mem"":""18.04MiB / 122.8GiB""},{""name"":""lab-eparagony-stub"",""cpu"":""0.00%"",""mem"":""20.36MiB / 122.8GiB""},{""name"":""lab-invoicing-stub"",""cpu"":""4.06%"",""mem"":""16.6MiB / 122.8GiB""},{""name"":""lab-shipping-stub"",""cpu"":""2.80%"",""mem"":""16.57MiB / 122.8GiB""},{""name"":""lab-eparagony-stub-tls"",""cpu"":""0.00%"",""mem"":""23.3MiB / 122.8GiB""},{""name"":""lab-erli-stub-tls"",""cpu"":""0.00%"",""mem"":""22.67MiB / 122.8GiB""},{""name"":""lab-wc-tls"",""cpu"":""0.00%"",""mem"":""28.21MiB / 122.8GiB""},{""name"":""lab-prestashop"",""cpu"":""36.60%"",""mem"":""182.1MiB / 122.8GiB""},{""name"":""lab-woocommerce"",""cpu"":""0.00%"",""mem"":""299.1MiB / 122.8GiB""},{""name"":""lab-redis"",""cpu"":""0.21%"",""mem"":""77.85MiB / 122.8GiB""},{""name"":""lab-postgres"",""cpu"":""0.28%"",""mem"":""237.2MiB / 122.8GiB""},{""name"":""lab-mysql"",""cpu"":""43.33%"",""mem"":""719.5MiB / 122.8GiB""},{""name"":""lab-woocommerce-mysql"",""cpu"":""1.63%"",""mem"":""509.6MiB / 122.8GiB""}]"
2026-09-10T13:15:01Z,4,0,0,0,0,2667706035,"[{""name"":""lab-worker-1"",""cpu"":""0.40%"",""mem"":""129.7MiB / 122.8GiB""},{""name"":""lab-api"",""cpu"":""0.00%"",""mem"":""155.7MiB / 122.8GiB""},{""name"":""lab-allegro-stub"",""cpu"":""3.22%"",""mem"":""20.35MiB / 122.8GiB""},{""name"":""lab-erli-stub"",""cpu"":""0.01%"",""mem"":""18.04MiB / 122.8GiB""},{""name"":""lab-eparagony-stub"",""cpu"":""0.00%"",""mem"":""20.36MiB / 122.8GiB""},{""name"":""lab-invoicing-stub"",""cpu"":""4.06%"",""mem"":""16.6MiB / 122.8GiB""},{""name"":""lab-shipping-stub"",""cpu"":""2.80%"",""mem"":""16.57MiB / 122.8GiB""},{""name"":""lab-eparagony-stub-tls"",""cpu"":""0.00%"",""mem"":""23.3MiB / 122.8GiB""},{""name"":""lab-erli-stub-tls"",""cpu"":""0.00%"",""mem"":""22.67MiB / 122.8GiB""},{""name"":""lab-wc-tls"",""cpu"":""0.00%"",""mem"":""28.21MiB / 122.8GiB""},{""name"":""lab-prestashop"",""cpu"":""36.60%"",""mem"":""182.1MiB / 122.8GiB""},{""name"":""lab-woocommerce"",""cpu"":""0.00%"",""mem"":""299.1MiB / 122.8GiB""},{""name"":""lab-redis"",""cpu"":""0.21%"",""mem"":""77.85MiB / 122.8GiB""},{""name"":""lab-postgres"",""cpu"":""0.28%"",""mem"":""237.2MiB / 122.8GiB""},{""name"":""lab-mysql"",""cpu"":""43.33%"",""mem"":""719.5MiB / 122.8GiB""},{""name"":""lab-woocommerce-mysql"",""cpu"":""0.88%"",""mem"":""509.6MiB / 122.8GiB""}]"
2026-09-10T13:15:05Z,4,0,0,0,0,2667706035,"[{""name"":""lab-worker-1"",""cpu"":""0.28%"",""mem"":""129.7MiB / 122.8GiB""},{""name"":""lab-api"",""cpu"":""0.00%"",""mem"":""155.7MiB / 122.8GiB""},{""name"":""lab-allegro-stub"",""cpu"":""0.00%"",""mem"":""20.35MiB / 122.8GiB""},{""name"":""lab-erli-stub"",""cpu"":""3.17%"",""mem"":""18.04MiB / 122.8GiB""},{""name"":""lab-eparagony-stub"",""cpu"":""3.12%"",""mem"":""20.36MiB / 122.8GiB""},{""name"":""lab-invoicing-stub"",""cpu"":""0.00%"",""mem"":""16.6MiB / 122.8GiB""},{""name"":""lab-shipping-stub"",""cpu"":""0.00%"",""mem"":""16.57MiB / 122.8GiB""},{""name"":""lab-eparagony-stub-tls"",""cpu"":""0.00%"",""mem"":""23.3MiB / 122.8GiB""},{""name"":""lab-erli-stub-tls"",""cpu"":""0.00%"",""mem"":""22.67MiB / 122.8GiB""},{""name"":""lab-wc-tls"",""cpu"":""0.00%"",""mem"":""28.21MiB / 122.8GiB""},{""name"":""lab-prestashop"",""cpu"":""36.29%"",""mem"":""182.1MiB / 122.8GiB""},{""name"":""lab-woocommerce"",""cpu"":""0.00%"",""mem"":""299.1MiB / 122.8GiB""},{""name"":""lab-redis"",""cpu"":""0.22%"",""mem"":""77.85MiB / 122.8GiB""},{""name"":""lab-postgres"",""cpu"":""0.27%"",""mem"":""237.2MiB / 122.8GiB""},{""name"":""lab-mysql"",""cpu"":""42.48%"",""mem"":""719.5MiB / 122.8GiB""},{""name"":""lab-woocommerce-mysql"",""cpu"":""0.70%"",""mem"":""509.6MiB / 122.8GiB""}]"
2026-09-10T13:15:05Z,4,0,0,0,0,2667706035,"[{""name"":""lab-worker-1"",""cpu"":""0.28%"",""mem"":""129.7MiB / 122.8GiB""},{""name"":""lab-api"",""cpu"":""0.00%"",""mem"":""155.7MiB / 122.8GiB""},{""name"":""lab-allegro-stub"",""cpu"":""0.00%"",""mem"":""20.35MiB / 122.8GiB""},{""name"":""lab-erli-stub"",""cpu"":""3.17%"",""mem"":""18.04MiB / 122.8GiB""},{""name"":""lab-eparagony-stub"",""cpu"":""3.12%"",""mem"":""20.36MiB / 122.8GiB""},{""name"":""lab-invoicing-stub"",""cpu"":""0.00%"",""mem"":""16.6MiB / 122.8GiB""},{""name"":""lab-shipping-stub"",""cpu"":""0.00%"",""mem"":""16.57MiB / 122.8GiB""},{""name"":""lab-eparagony-stub-tls"",""cpu"":""0.00%"",""mem"":""23.3MiB / 122.8GiB""},{""name"":""lab-erli-stub-tls"",""cpu"":""0.00%"",""mem"":""22.67MiB / 122.8GiB""},{""name"":""lab-wc-tls"",""cpu"":""0.00%"",""mem"":""28.21MiB / 122.8GiB""},{""name"":""lab-prestashop"",""cpu"":""36.29%"",""mem"":""182.1MiB / 122.8GiB""},{""name"":""lab-woocommerce"",""cpu"":""0.00%"",""mem"":""299.1MiB / 122.8GiB""},{""name"":""lab-redis"",""cpu"":""0.22%"",""mem"":""77.85MiB / 122.8GiB""},{""name"":""lab-postgres"",""cpu"":""0.27%"",""mem"":""237.2MiB / 122.8GiB""},{""name"":""lab-mysql"",""cpu"":""42.48%"",""mem"":""719.5MiB / 122.8GiB""},{""name"":""lab-woocommerce-mysql"",""cpu"":""0.70%"",""mem"":""509.6MiB / 122.8GiB""}]"
2026-09-10T13:15:09Z,4,0,0,0,0,2667706035,"[{""name"":""lab-worker-1"",""cpu"":""1.14%"",""mem"":""129.8MiB / 122.8GiB""},{""name"":""lab-api"",""cpu"":""0.00%"",""mem"":""155.7MiB / 122.8GiB""},{""name"":""lab-allegro-stub"",""cpu"":""0.00%"",""mem"":""20.35MiB / 122.8GiB""},{""name"":""lab-erli-stub"",""cpu"":""0.00%"",""mem"":""18.04MiB / 122.8GiB""},{""name"":""lab-eparagony-stub"",""cpu"":""0.00%"",""mem"":""20.36MiB / 122.8GiB""},{""name"":""lab-invoicing-stub"",""cpu"":""0.00%"",""mem"":""16.6MiB / 122.8GiB""},{""name"":""lab-shipping-stub"",""cpu"":""0.00%"",""mem"":""16.57MiB / 122.8GiB""},{""name"":""lab-eparagony-stub-tls"",""cpu"":""0.00%"",""mem"":""23.3MiB / 122.8GiB""},{""name"":""lab-erli-stub-tls"",""cpu"":""0.00%"",""mem"":""22.67MiB / 122.8GiB""},{""name"":""lab-wc-tls"",""cpu"":""0.00%"",""mem"":""28.21MiB / 122.8GiB""},{""name"":""lab-prestashop"",""cpu"":""38.41%"",""mem"":""180.1MiB / 122.8GiB""},{""name"":""lab-woocommerce"",""cpu"":""0.00%"",""mem"":""299.1MiB / 122.8GiB""},{""name"":""lab-redis"",""cpu"":""0.24%"",""mem"":""77.85MiB / 122.8GiB""},{""name"":""lab-postgres"",""cpu"":""0.38%"",""mem"":""237.2MiB / 122.8GiB""},{""name"":""lab-mysql"",""cpu"":""41.61%"",""mem"":""719.5MiB / 122.8GiB""},{""name"":""lab-woocommerce-mysql"",""cpu"":""0.64%"",""mem"":""509.6MiB / 122.8GiB""}]"
2026-09-10T13:15:09Z,4,0,0,0,0,2667706035,"[{""name"":""lab-worker-1"",""cpu"":""1.14%"",""mem"":""129.8MiB / 122.8GiB""},{""name"":""lab-api"",""cpu"":""0.00%"",""mem"":""155.7MiB / 122.8GiB""},{""name"":""lab-allegro-stub"",""cpu"":""0.00%"",""mem"":""20.35MiB / 122.8GiB""},{""name"":""lab-erli-stub"",""cpu"":""0.00%"",""mem"":""18.04MiB / 122.8GiB""},{""name"":""lab-eparagony-stub"",""cpu"":""0.00%"",""mem"":""20.36MiB / 122.8GiB""},{""name"":""lab-invoicing-stub"",""cpu"":""0.00%"",""mem"":""16.6MiB / 122.8GiB""},{""name"":""lab-shipping-stub"",""cpu"":""0.00%"",""mem"":""16.57MiB / 122.8GiB""},{""name"":""lab-eparagony-stub-tls"",""cpu"":""0.00%"",""mem"":""23.3MiB / 122.8GiB""},{""name"":""lab-erli-stub-tls"",""cpu"":""0.00%"",""mem"":""22.67MiB / 122.8GiB""},{""name"":""lab-wc-tls"",""cpu"":""0.00%"",""mem"":""28.21MiB / 122.8GiB""},{""name"":""lab-prestashop"",""cpu"":""38.41%"",""mem"":""180.1MiB / 122.8GiB""},{""name"":""lab-woocommerce"",""cpu"":""0.00%"",""mem"":""299.1MiB / 122.8GiB""},{""name"":""lab-redis"",""cpu"":""0.24%"",""mem"":""77.85MiB / 122.8GiB""},{""name"":""lab-postgres"",""cpu"":""0.38%"",""mem"":""237.2MiB / 122.8GiB""},{""name"":""lab-mysql"",""cpu"":""41.61%"",""mem"":""719.5MiB / 122.8GiB""},{""name"":""lab-woocommerce-mysql"",""cpu"":""4.20%"",""mem"":""509.6MiB / 122.8GiB""}]"
2026-09-10T13:15:13Z,4,0,0,0,0,2667706035,"[{""name"":""lab-worker-1"",""cpu"":""0.36%"",""mem"":""129.7MiB / 122.8GiB""},{""name"":""lab-api"",""cpu"":""0.00%"",""mem"":""155.7MiB / 122.8GiB""},{""name"":""lab-allegro-stub"",""cpu"":""0.00%"",""mem"":""20.35MiB / 122.8GiB""},{""name"":""lab-erli-stub"",""cpu"":""0.01%"",""mem"":""18.04MiB / 122.8GiB""},{""name"":""lab-eparagony-stub"",""cpu"":""0.00%"",""mem"":""20.36MiB / 122.8GiB""},{""name"":""lab-invoicing-stub"",""cpu"":""0.00%"",""mem"":""16.59MiB / 122.8GiB""},{""name"":""lab-shipping-stub"",""cpu"":""0.00%"",""mem"":""16.57MiB / 122.8GiB""},{""name"":""lab-eparagony-stub-tls"",""cpu"":""0.00%"",""mem"":""23.3MiB / 122.8GiB""},{""name"":""lab-erli-stub-tls"",""cpu"":""0.00%"",""mem"":""22.67MiB / 122.8GiB""},{""name"":""lab-wc-tls"",""cpu"":""0.00%"",""mem"":""28.21MiB / 122.8GiB""},{""name"":""lab-prestashop"",""cpu"":""37.92%"",""mem"":""174.2MiB / 122.8GiB""},{""name"":""lab-woocommerce"",""cpu"":""0.00%"",""mem"":""299.1MiB / 122.8GiB""},{""name"":""lab-redis"",""cpu"":""4.55%"",""mem"":""77.86MiB / 122.8GiB""},{""name"":""lab-postgres"",""cpu"":""0.47%"",""mem"":""237.2MiB / 122.8GiB""},{""name"":""lab-mysql"",""cpu"":""43.31%"",""mem"":""719.5MiB / 122.8GiB""},{""name"":""lab-woocommerce-mysql"",""cpu"":""0.67%"",""mem"":""509.6MiB / 122.8GiB""}]"
2026-09-10T13:15:13Z,4,0,0,0,0,2667706035,"[{""name"":""lab-worker-1"",""cpu"":""0.36%"",""mem"":""129.7MiB / 122.8GiB""},{""name"":""lab-api"",""cpu"":""0.00%"",""mem"":""155.7MiB / 122.8GiB""},{""name"":""lab-allegro-stub"",""cpu"":""0.00%"",""mem"":""20.35MiB / 122.8GiB""},{""name"":""lab-erli-stub"",""cpu"":""0.01%"",""mem"":""18.04MiB / 122.8GiB""},{""name"":""lab-eparagony-stub"",""cpu"":""0.00%"",""mem"":""20.36MiB / 122.8GiB""},{""name"":""lab-invoicing-stub"",""cpu"":""0.00%"",""mem"":""16.59MiB / 122.8GiB""},{""name"":""lab-shipping-stub"",""cpu"":""0.00%"",""mem"":""16.57MiB / 122.8GiB""},{""name"":""lab-eparagony-stub-tls"",""cpu"":""0.00%"",""mem"":""23.3MiB / 122.8GiB""},{""name"":""lab-erli-stub-tls"",""cpu"":""0.00%"",""mem"":""22.67MiB / 122.8GiB""},{""name"":""lab-wc-tls"",""cpu"":""0.00%"",""mem"":""28.21MiB / 122.8GiB""},{""name"":""lab-prestashop"",""cpu"":""37.92%"",""mem"":""174.2MiB / 122.8GiB""},{""name"":""lab-woocommerce"",""cpu"":""0.00%"",""mem"":""299.1MiB / 122.8GiB""},{""name"":""lab-redis"",""cpu"":""4.55%"",""mem"":""77.86MiB / 122.8GiB""},{""name"":""lab-postgres"",""cpu"":""0.47%"",""mem"":""237.2MiB / 122.8GiB""},{""name"":""lab-mysql"",""cpu"":""43.31%"",""mem"":""719.5MiB / 122.8GiB""},{""name"":""lab-woocommerce-mysql"",""cpu"":""0.63%"",""mem"":""509.6MiB / 122.8GiB""}]"
2026-09-10T13:15:16Z,4,0,0,0,0,2667706035,"[{""name"":""lab-worker-1"",""cpu"":""0.40%"",""mem"":""129.7MiB / 122.8GiB""},{""name"":""lab-api"",""cpu"":""0.00%"",""mem"":""155.7MiB / 122.8GiB""},{""name"":""lab-allegro-stub"",""cpu"":""2.69%"",""mem"":""20.35MiB / 122.8GiB""},{""name"":""lab-erli-stub"",""cpu"":""0.01%"",""mem"":""18.04MiB / 122.8GiB""},{""name"":""lab-eparagony-stub"",""cpu"":""0.00%"",""mem"":""20.36MiB / 122.8GiB""},{""name"":""lab-invoicing-stub"",""cpu"":""2.81%"",""mem"":""16.6MiB / 122.8GiB""},{""name"":""lab-shipping-stub"",""cpu"":""3.12%"",""mem"":""16.57MiB / 122.8GiB""},{""name"":""lab-eparagony-stub-tls"",""cpu"":""0.00%"",""mem"":""23.3MiB / 122.8GiB""},{""name"":""lab-erli-stub-tls"",""cpu"":""0.00%"",""mem"":""22.67MiB / 122.8GiB""},{""name"":""lab-wc-tls"",""cpu"":""0.00%"",""mem"":""28.21MiB / 122.8GiB""},{""name"":""lab-prestashop"",""cpu"":""38.04%"",""mem"":""172.2MiB / 122.8GiB""},{""name"":""lab-woocommerce"",""cpu"":""0.00%"",""mem"":""299.1MiB / 122.8GiB""},{""name"":""lab-redis"",""cpu"":""0.19%"",""mem"":""77.85MiB / 122.8GiB""},{""name"":""lab-postgres"",""cpu"":""0.38%"",""mem"":""237.2MiB / 122.8GiB""},{""name"":""lab-mysql"",""cpu"":""47.36%"",""mem"":""719.6MiB / 122.8GiB""},{""name"":""lab-woocommerce-mysql"",""cpu"":""0.56%"",""mem"":""509.6MiB / 122.8GiB""}]"
2026-09-10T13:15:16Z,4,0,0,0,0,2667706035,"[{""name"":""lab-worker-1"",""cpu"":""0.40%"",""mem"":""129.7MiB / 122.8GiB""},{""name"":""lab-api"",""cpu"":""0.00%"",""mem"":""155.7MiB / 122.8GiB""},{""name"":""lab-allegro-stub"",""cpu"":""2.69%"",""mem"":""20.35MiB / 122.8GiB""},{""name"":""lab-erli-stub"",""cpu"":""0.01%"",""mem"":""18.04MiB / 122.8GiB""},{""name"":""lab-eparagony-stub"",""cpu"":""0.00%"",""mem"":""20.36MiB / 122.8GiB""},{""name"":""lab-invoicing-stub"",""cpu"":""2.81%"",""mem"":""16.6MiB / 122.8GiB""},{""name"":""lab-shipping-stub"",""cpu"":""3.12%"",""mem"":""16.57MiB / 122.8GiB""},{""name"":""lab-eparagony-stub-tls"",""cpu"":""0.00%"",""mem"":""23.3MiB / 122.8GiB""},{""name"":""lab-erli-stub-tls"",""cpu"":""0.00%"",""mem"":""22.67MiB / 122.8GiB""},{""name"":""lab-wc-tls"",""cpu"":""0.00%"",""mem"":""28.21MiB / 122.8GiB""},{""name"":""lab-prestashop"",""cpu"":""38.04%"",""mem"":""172.2MiB / 122.8GiB""},{""name"":""lab-woocommerce"",""cpu"":""0.00%"",""mem"":""299.1MiB / 122.8GiB""},{""name"":""lab-redis"",""cpu"":""0.19%"",""mem"":""77.85MiB / 122.8GiB""},{""name"":""lab-postgres"",""cpu"":""0.38%"",""mem"":""237.2MiB / 122.8GiB""},{""name"":""lab-mysql"",""cpu"":""47.36%"",""mem"":""719.6MiB / 122.8GiB""},{""name"":""lab-woocommerce-mysql"",""cpu"":""0.56%"",""mem"":""509.6MiB / 122.8GiB""}]"
2026-09-10T13:15:20Z,3,0,0,0,0,2667706035,"[{""name"":""lab-worker-1"",""cpu"":""0.26%"",""mem"":""129.7MiB / 122.8GiB""},{""name"":""lab-api"",""cpu"":""0.01%"",""mem"":""155.7MiB / 122.8GiB""},{""name"":""lab-allegro-stub"",""cpu"":""0.00%"",""mem"":""20.35MiB / 122.8GiB""},{""name"":""lab-erli-stub"",""cpu"":""0.00%"",""mem"":""18.04MiB / 122.8GiB""},{""name"":""lab-eparagony-stub"",""cpu"":""3.05%"",""mem"":""20.36MiB / 122.8GiB""},{""name"":""lab-invoicing-stub"",""cpu"":""0.00%"",""mem"":""16.59MiB / 122.8GiB""},{""name"":""lab-shipping-stub"",""cpu"":""0.00%"",""mem"":""16.57MiB / 122.8GiB""},{""name"":""lab-eparagony-stub-tls"",""cpu"":""0.00%"",""mem"":""23.3MiB / 122.8GiB""},{""name"":""lab-erli-stub-tls"",""cpu"":""0.00%"",""mem"":""22.67MiB / 122.8GiB""},{""name"":""lab-wc-tls"",""cpu"":""0.00%"",""mem"":""28.21MiB / 122.8GiB""},{""name"":""lab-prestashop"",""cpu"":""34.93%"",""mem"":""178.4MiB / 122.8GiB""},{""name"":""lab-woocommerce"",""cpu"":""0.01%"",""mem"":""299.1MiB / 122.8GiB""},{""name"":""lab-redis"",""cpu"":""0.19%"",""mem"":""77.85MiB / 122.8GiB""},{""name"":""lab-postgres"",""cpu"":""0.28%"",""mem"":""237.2MiB / 122.8GiB""},{""name"":""lab-mysql"",""cpu"":""44.17%"",""mem"":""719.6MiB / 122.8GiB""},{""name"":""lab-woocommerce-mysql"",""cpu"":""0.66%"",""mem"":""509.6MiB / 122.8GiB""}]"
2026-09-10T13:15:20Z,3,0,0,0,0,2667706035,"[{""name"":""lab-worker-1"",""cpu"":""0.26%"",""mem"":""129.7MiB / 122.8GiB""},{""name"":""lab-api"",""cpu"":""0.01%"",""mem"":""155.7MiB / 122.8GiB""},{""name"":""lab-allegro-stub"",""cpu"":""0.00%"",""mem"":""20.35MiB / 122.8GiB""},{""name"":""lab-erli-stub"",""cpu"":""0.00%"",""mem"":""18.04MiB / 122.8GiB""},{""name"":""lab-eparagony-stub"",""cpu"":""3.05%"",""mem"":""20.36MiB / 122.8GiB""},{""name"":""lab-invoicing-stub"",""cpu"":""0.00%"",""mem"":""16.59MiB / 122.8GiB""},{""name"":""lab-shipping-stub"",""cpu"":""0.00%"",""mem"":""16.57MiB / 122.8GiB""},{""name"":""lab-eparagony-stub-tls"",""cpu"":""0.00%"",""mem"":""23.3MiB / 122.8GiB""},{""name"":""lab-erli-stub-tls"",""cpu"":""0.00%"",""mem"":""22.67MiB / 122.8GiB""},{""name"":""lab-wc-tls"",""cpu"":""0.00%"",""mem"":""28.21MiB / 122.8GiB""},{""name"":""lab-prestashop"",""cpu"":""34.93%"",""mem"":""178.4MiB / 122.8GiB""},{""name"":""lab-woocommerce"",""cpu"":""0.01%"",""mem"":""299.1MiB / 122.8GiB""},{""name"":""lab-redis"",""cpu"":""0.19%"",""mem"":""77.85MiB / 122.8GiB""},{""name"":""lab-postgres"",""cpu"":""0.28%"",""mem"":""237.2MiB / 122.8GiB""},{""name"":""lab-mysql"",""cpu"":""44.17%"",""mem"":""719.6MiB / 122.8GiB""},{""name"":""lab-woocommerce-mysql"",""cpu"":""0.66%"",""mem"":""509.6MiB / 122.8GiB""}]"
2026-09-10T13:15:23Z,4,0,0,0,0,2667706035,"[{""name"":""lab-worker-1"",""cpu"":""0.43%"",""mem"":""129.7MiB / 122.8GiB""},{""name"":""lab-api"",""cpu"":""0.00%"",""mem"":""155.7MiB / 122.8GiB""},{""name"":""lab-allegro-stub"",""cpu"":""0.00%"",""mem"":""20.35MiB / 122.8GiB""},{""name"":""lab-erli-stub"",""cpu"":""0.00%"",""mem"":""18.04MiB / 122.8GiB""},{""name"":""lab-eparagony-stub"",""cpu"":""0.00%"",""mem"":""20.36MiB / 122.8GiB""},{""name"":""lab-invoicing-stub"",""cpu"":""0.00%"",""mem"":""16.6MiB / 122.8GiB""},{""name"":""lab-shipping-stub"",""cpu"":""0.00%"",""mem"":""16.57MiB / 122.8GiB""},{""name"":""lab-eparagony-stub-tls"",""cpu"":""0.00%"",""mem"":""23.3MiB / 122.8GiB""},{""name"":""lab-erli-stub-tls"",""cpu"":""0.00%"",""mem"":""22.67MiB / 122.8GiB""},{""name"":""lab-wc-tls"",""cpu"":""0.00%"",""mem"":""28.21MiB / 122.8GiB""},{""name"":""lab-prestashop"",""cpu"":""37.47%"",""mem"":""182.2MiB / 122.8GiB""},{""name"":""lab-woocommerce"",""cpu"":""0.01%"",""mem"":""299.1MiB / 122.8GiB""},{""name"":""lab-redis"",""cpu"":""3.82%"",""mem"":""77.86MiB / 122.8GiB""},{""name"":""lab-postgres"",""cpu"":""1.20%"",""mem"":""237.2MiB / 122.8GiB""},{""name"":""lab-mysql"",""cpu"":""44.37%"",""mem"":""719.8MiB / 122.8GiB""},{""name"":""lab-woocommerce-mysql"",""cpu"":""0.64%"",""mem"":""509.6MiB / 122.8GiB""}]"
2026-09-10T13:15:23Z,4,0,0,0,0,2667706035,"[{""name"":""lab-worker-1"",""cpu"":""0.43%"",""mem"":""129.7MiB / 122.8GiB""},{""name"":""lab-api"",""cpu"":""0.00%"",""mem"":""155.7MiB / 122.8GiB""},{""name"":""lab-allegro-stub"",""cpu"":""0.00%"",""mem"":""20.35MiB / 122.8GiB""},{""name"":""lab-erli-stub"",""cpu"":""0.00%"",""mem"":""18.04MiB / 122.8GiB""},{""name"":""lab-eparagony-stub"",""cpu"":""0.00%"",""mem"":""20.36MiB / 122.8GiB""},{""name"":""lab-invoicing-stub"",""cpu"":""0.00%"",""mem"":""16.6MiB / 122.8GiB""},{""name"":""lab-shipping-stub"",""cpu"":""0.00%"",""mem"":""16.57MiB / 122.8GiB""},{""name"":""lab-eparagony-stub-tls"",""cpu"":""0.00%"",""mem"":""23.3MiB / 122.8GiB""},{""name"":""lab-erli-stub-tls"",""cpu"":""0.00%"",""mem"":""22.67MiB / 122.8GiB""},{""name"":""lab-wc-tls"",""cpu"":""0.00%"",""mem"":""28.21MiB / 122.8GiB""},{""name"":""lab-prestashop"",""cpu"":""37.47%"",""mem"":""182.2MiB / 122.8GiB""},{""name"":""lab-woocommerce"",""cpu"":""0.01%"",""mem"":""299.1MiB / 122.8GiB""},{""name"":""lab-redis"",""cpu"":""3.82%"",""mem"":""77.86MiB / 122.8GiB""},{""name"":""lab-postgres"",""cpu"":""1.20%"",""mem"":""237.2MiB / 122.8GiB""},{""name"":""lab-mysql"",""cpu"":""44.37%"",""mem"":""719.8MiB / 122.8GiB""},{""name"":""lab-woocommerce-mysql"",""cpu"":""0.73%"",""mem"":""509.6MiB / 122.8GiB""}]"
2026-09-10T13:15:27Z,3,0,0,0,0,2667706035,"[{""name"":""lab-worker-1"",""cpu"":""0.51%"",""mem"":""129.7MiB / 122.8GiB""},{""name"":""lab-api"",""cpu"":""0.00%"",""mem"":""155.7MiB / 122.8GiB""},{""name"":""lab-allegro-stub"",""cpu"":""3.04%"",""mem"":""20.35MiB / 122.8GiB""},{""name"":""lab-erli-stub"",""cpu"":""0.00%"",""mem"":""18.04MiB / 122.8GiB""},{""name"":""lab-eparagony-stub"",""cpu"":""0.01%"",""mem"":""20.36MiB / 122.8GiB""},{""name"":""lab-invoicing-stub"",""cpu"":""3.98%"",""mem"":""16.6MiB / 122.8GiB""},{""name"":""lab-shipping-stub"",""cpu"":""3.65%"",""mem"":""16.58MiB / 122.8GiB""},{""name"":""lab-eparagony-stub-tls"",""cpu"":""0.00%"",""mem"":""23.3MiB / 122.8GiB""},{""name"":""lab-erli-stub-tls"",""cpu"":""0.00%"",""mem"":""22.67MiB / 122.8GiB""},{""name"":""lab-wc-tls"",""cpu"":""0.00%"",""mem"":""28.21MiB / 122.8GiB""},{""name"":""lab-prestashop"",""cpu"":""36.50%"",""mem"":""182.3MiB / 122.8GiB""},{""name"":""lab-woocommerce"",""cpu"":""0.00%"",""mem"":""299.1MiB / 122.8GiB""},{""name"":""lab-redis"",""cpu"":""0.28%"",""mem"":""77.85MiB / 122.8GiB""},{""name"":""lab-postgres"",""cpu"":""0.43%"",""mem"":""237.2MiB / 122.8GiB""},{""name"":""lab-mysql"",""cpu"":""40.02%"",""mem"":""720.2MiB / 122.8GiB""},{""name"":""lab-woocommerce-mysql"",""cpu"":""0.68%"",""mem"":""509.6MiB / 122.8GiB""}]"
2026-09-10T13:15:27Z,3,0,0,0,0,2667706035,"[{""name"":""lab-worker-1"",""cpu"":""0.51%"",""mem"":""129.7MiB / 122.8GiB""},{""name"":""lab-api"",""cpu"":""0.00%"",""mem"":""155.7MiB / 122.8GiB""},{""name"":""lab-allegro-stub"",""cpu"":""3.04%"",""mem"":""20.35MiB / 122.8GiB""},{""name"":""lab-erli-stub"",""cpu"":""0.00%"",""mem"":""18.04MiB / 122.8GiB""},{""name"":""lab-eparagony-stub"",""cpu"":""0.01%"",""mem"":""20.36MiB / 122.8GiB""},{""name"":""lab-invoicing-stub"",""cpu"":""3.98%"",""mem"":""16.6MiB / 122.8GiB""},{""name"":""lab-shipping-stub"",""cpu"":""3.65%"",""mem"":""16.58MiB / 122.8GiB""},{""name"":""lab-eparagony-stub-tls"",""cpu"":""0.00%"",""mem"":""23.3MiB / 122.8GiB""},{""name"":""lab-erli-stub-tls"",""cpu"":""0.00%"",""mem"":""22.67MiB / 122.8GiB""},{""name"":""lab-wc-tls"",""cpu"":""0.00%"",""mem"":""28.21MiB / 122.8GiB""},{""name"":""lab-prestashop"",""cpu"":""36.50%"",""mem"":""182.3MiB / 122.8GiB""},{""name"":""lab-woocommerce"",""cpu"":""0.00%"",""mem"":""299.1MiB / 122.8GiB""},{""name"":""lab-redis"",""cpu"":""0.28%"",""mem"":""77.85MiB / 122.8GiB""},{""name"":""lab-postgres"",""cpu"":""0.43%"",""mem"":""237.2MiB / 122.8GiB""},{""name"":""lab-mysql"",""cpu"":""40.02%"",""mem"":""720.2MiB / 122.8GiB""},{""name"":""lab-woocommerce-mysql"",""cpu"":""0.68%"",""mem"":""509.6MiB / 122.8GiB""}]"
2026-09-10T13:15:31Z,4,0,0,0,0,2667706035,"[{""name"":""lab-worker-1"",""cpu"":""0.46%"",""mem"":""129.7MiB / 122.8GiB""},{""name"":""lab-api"",""cpu"":""0.00%"",""mem"":""155.7MiB / 122.8GiB""},{""name"":""lab-allegro-stub"",""cpu"":""0.00%"",""mem"":""20.35MiB / 122.8GiB""},{""name"":""lab-erli-stub"",""cpu"":""3.85%"",""mem"":""18.05MiB / 122.8GiB""},{""name"":""lab-eparagony-stub"",""cpu"":""3.91%"",""mem"":""20.36MiB / 122.8GiB""},{""name"":""lab-invoicing-stub"",""cpu"":""0.00%"",""mem"":""16.59MiB / 122.8GiB""},{""name"":""lab-shipping-stub"",""cpu"":""0.00%"",""mem"":""16.57MiB / 122.8GiB""},{""name"":""lab-eparagony-stub-tls"",""cpu"":""0.00%"",""mem"":""23.3MiB / 122.8GiB""},{""name"":""lab-erli-stub-tls"",""cpu"":""0.00%"",""mem"":""22.67MiB / 122.8GiB""},{""name"":""lab-wc-tls"",""cpu"":""0.00%"",""mem"":""28.21MiB / 122.8GiB""},{""name"":""lab-prestashop"",""cpu"":""41.02%"",""mem"":""182.3MiB / 122.8GiB""},{""name"":""lab-woocommerce"",""cpu"":""19.00%"",""mem"":""297.1MiB / 122.8GiB""},{""name"":""lab-redis"",""cpu"":""0.28%"",""mem"":""77.85MiB / 122.8GiB""},{""name"":""lab-postgres"",""cpu"":""0.43%"",""mem"":""237.2MiB / 122.8GiB""},{""name"":""lab-mysql"",""cpu"":""39.93%"",""mem"":""720.2MiB / 122.8GiB""},{""name"":""lab-woocommerce-mysql"",""cpu"":""5.05%"",""mem"":""509.6MiB / 122.8GiB""}]"
2026-09-10T13:15:31Z,4,0,0,0,0,2667706035,"[{""name"":""lab-worker-1"",""cpu"":""0.46%"",""mem"":""129.7MiB / 122.8GiB""},{""name"":""lab-api"",""cpu"":""0.00%"",""mem"":""155.7MiB / 122.8GiB""},{""name"":""lab-allegro-stub"",""cpu"":""0.00%"",""mem"":""20.35MiB / 122.8GiB""},{""name"":""lab-erli-stub"",""cpu"":""3.85%"",""mem"":""18.05MiB / 122.8GiB""},{""name"":""lab-eparagony-stub"",""cpu"":""3.91%"",""mem"":""20.36MiB / 122.8GiB""},{""name"":""lab-invoicing-stub"",""cpu"":""0.00%"",""mem"":""16.59MiB / 122.8GiB""},{""name"":""lab-shipping-stub"",""cpu"":""0.00%"",""mem"":""16.57MiB / 122.8GiB""},{""name"":""lab-eparagony-stub-tls"",""cpu"":""0.00%"",""mem"":""23.3MiB / 122.8GiB""},{""name"":""lab-erli-stub-tls"",""cpu"":""0.00%"",""mem"":""22.67MiB / 122.8GiB""},{""name"":""lab-wc-tls"",""cpu"":""0.00%"",""mem"":""28.21MiB / 122.8GiB""},{""name"":""lab-prestashop"",""cpu"":""41.02%"",""mem"":""182.3MiB / 122.8GiB""},{""name"":""lab-woocommerce"",""cpu"":""19.00%"",""mem"":""297.1MiB / 122.8GiB""},{""name"":""lab-redis"",""cpu"":""0.28%"",""mem"":""77.85MiB / 122.8GiB""},{""name"":""lab-postgres"",""cpu"":""0.43%"",""mem"":""237.2MiB / 122.8GiB""},{""name"":""lab-mysql"",""cpu"":""39.93%"",""mem"":""720.2MiB / 122.8GiB""},{""name"":""lab-woocommerce-mysql"",""cpu"":""5.05%"",""mem"":""509.6MiB / 122.8GiB""}]"
2026-09-10T13:15:34Z,4,0,0,0,0,2667706035,"[{""name"":""lab-worker-1"",""cpu"":""0.40%"",""mem"":""129.7MiB / 122.8GiB""},{""name"":""lab-api"",""cpu"":""0.00%"",""mem"":""155.7MiB / 122.8GiB""},{""name"":""lab-allegro-stub"",""cpu"":""0.00%"",""mem"":""20.35MiB / 122.8GiB""},{""name"":""lab-erli-stub"",""cpu"":""0.00%"",""mem"":""18.04MiB / 122.8GiB""},{""name"":""lab-eparagony-stub"",""cpu"":""0.00%"",""mem"":""20.36MiB / 122.8GiB""},{""name"":""lab-invoicing-stub"",""cpu"":""0.00%"",""mem"":""16.59MiB / 122.8GiB""},{""name"":""lab-shipping-stub"",""cpu"":""0.00%"",""mem"":""16.57MiB / 122.8GiB""},{""name"":""lab-eparagony-stub-tls"",""cpu"":""0.00%"",""mem"":""23.3MiB / 122.8GiB""},{""name"":""lab-erli-stub-tls"",""cpu"":""0.00%"",""mem"":""22.67MiB / 122.8GiB""},{""name"":""lab-wc-tls"",""cpu"":""0.00%"",""mem"":""28.21MiB / 122.8GiB""},{""name"":""lab-prestashop"",""cpu"":""40.57%"",""mem"":""182.3MiB / 122.8GiB""},{""name"":""lab-woocommerce"",""cpu"":""0.00%"",""mem"":""297.1MiB / 122.8GiB""},{""name"":""lab-redis"",""cpu"":""0.28%"",""mem"":""77.86MiB / 122.8GiB""},{""name"":""lab-postgres"",""cpu"":""5.76%"",""mem"":""237.2MiB / 122.8GiB""},{""name"":""lab-mysql"",""cpu"":""40.19%"",""mem"":""720.4MiB / 122.8GiB""},{""name"":""lab-woocommerce-mysql"",""cpu"":""0.65%"",""mem"":""509.6MiB / 122.8GiB""}]"
2026-09-10T13:15:34Z,4,0,0,0,0,2667706035,"[{""name"":""lab-worker-1"",""cpu"":""0.36%"",""mem"":""129.7MiB / 122.8GiB""},{""name"":""lab-api"",""cpu"":""0.00%"",""mem"":""155.7MiB / 122.8GiB""},{""name"":""lab-allegro-stub"",""cpu"":""0.00%"",""mem"":""20.35MiB / 122.8GiB""},{""name"":""lab-erli-stub"",""cpu"":""0.00%"",""mem"":""18.04MiB / 122.8GiB""},{""name"":""lab-eparagony-stub"",""cpu"":""0.00%"",""mem"":""20.36MiB / 122.8GiB""},{""name"":""lab-invoicing-stub"",""cpu"":""0.00%"",""mem"":""16.59MiB / 122.8GiB""},{""name"":""lab-shipping-stub"",""cpu"":""0.00%"",""mem"":""16.57MiB / 122.8GiB""},{""name"":""lab-eparagony-stub-tls"",""cpu"":""0.00%"",""mem"":""23.3MiB / 122.8GiB""},{""name"":""lab-erli-stub-tls"",""cpu"":""0.00%"",""mem"":""22.67MiB / 122.8GiB""},{""name"":""lab-wc-tls"",""cpu"":""0.00%"",""mem"":""28.21MiB / 122.8GiB""},{""name"":""lab-prestashop"",""cpu"":""40.57%"",""mem"":""182.3MiB / 122.8GiB""},{""name"":""lab-woocommerce"",""cpu"":""0.00%"",""mem"":""297.1MiB / 122.8GiB""},{""name"":""lab-redis"",""cpu"":""0.28%"",""mem"":""77.86MiB / 122.8GiB""},{""name"":""lab-postgres"",""cpu"":""5.76%"",""mem"":""237.2MiB / 122.8GiB""},{""name"":""lab-mysql"",""cpu"":""40.19%"",""mem"":""720.4MiB / 122.8GiB""},{""name"":""lab-woocommerce-mysql"",""cpu"":""0.65%"",""mem"":""509.6MiB / 122.8GiB""}]"
2026-09-10T13:15:38Z,3,0,0,0,0,2667706035,"[{""name"":""lab-worker-1"",""cpu"":""0.28%"",""mem"":""129.7MiB / 122.8GiB""},{""name"":""lab-api"",""cpu"":""0.00%"",""mem"":""155.7MiB / 122.8GiB""},{""name"":""lab-allegro-stub"",""cpu"":""0.00%"",""mem"":""20.36MiB / 122.8GiB""},{""name"":""lab-erli-stub"",""cpu"":""0.00%"",""mem"":""18.04MiB / 122.8GiB""},{""name"":""lab-eparagony-stub"",""cpu"":""0.00%"",""mem"":""20.36MiB / 122.8GiB""},{""name"":""lab-invoicing-stub"",""cpu"":""0.00%"",""mem"":""16.59MiB / 122.8GiB""},{""name"":""lab-shipping-stub"",""cpu"":""0.00%"",""mem"":""16.58MiB / 122.8GiB""},{""name"":""lab-eparagony-stub-tls"",""cpu"":""0.00%"",""mem"":""23.3MiB / 122.8GiB""},{""name"":""lab-erli-stub-tls"",""cpu"":""0.00%"",""mem"":""22.67MiB / 122.8GiB""},{""name"":""lab-wc-tls"",""cpu"":""0.00%"",""mem"":""28.21MiB / 122.8GiB""},{""name"":""lab-prestashop"",""cpu"":""39.08%"",""mem"":""180.3MiB / 122.8GiB""},{""name"":""lab-woocommerce"",""cpu"":""0.00%"",""mem"":""297.1MiB / 122.8GiB""},{""name"":""lab-redis"",""cpu"":""0.33%"",""mem"":""78.1MiB / 122.8GiB""},{""name"":""lab-postgres"",""cpu"":""0.40%"",""mem"":""237.2MiB / 122.8GiB""},{""name"":""lab-mysql"",""cpu"":""43.13%"",""mem"":""720.2MiB / 122.8GiB""},{""name"":""lab-woocommerce-mysql"",""cpu"":""5.62%"",""mem"":""509.6MiB / 122.8GiB""}]"
2026-09-10T13:15:38Z,3,0,0,0,0,2667706035,"[{""name"":""lab-worker-1"",""cpu"":""0.28%"",""mem"":""129.7MiB / 122.8GiB""},{""name"":""lab-api"",""cpu"":""0.00%"",""mem"":""155.7MiB / 122.8GiB""},{""name"":""lab-allegro-stub"",""cpu"":""0.00%"",""mem"":""20.36MiB / 122.8GiB""},{""name"":""lab-erli-stub"",""cpu"":""0.00%"",""mem"":""18.04MiB / 122.8GiB""},{""name"":""lab-eparagony-stub"",""cpu"":""0.00%"",""mem"":""20.36MiB / 122.8GiB""},{""name"":""lab-invoicing-stub"",""cpu"":""0.00%"",""mem"":""16.59MiB / 122.8GiB""},{""name"":""lab-shipping-stub"",""cpu"":""0.00%"",""mem"":""16.58MiB / 122.8GiB""},{""name"":""lab-eparagony-stub-tls"",""cpu"":""0.00%"",""mem"":""23.3MiB / 122.8GiB""},{""name"":""lab-erli-stub-tls"",""cpu"":""0.00%"",""mem"":""22.67MiB / 122.8GiB""},{""name"":""lab-wc-tls"",""cpu"":""0.00%"",""mem"":""28.21MiB / 122.8GiB""},{""name"":""lab-prestashop"",""cpu"":""39.08%"",""mem"":""180.3MiB / 122.8GiB""},{""name"":""lab-woocommerce"",""cpu"":""0.00%"",""mem"":""297.1MiB / 122.8GiB""},{""name"":""lab-redis"",""cpu"":""0.33%"",""mem"":""78.1MiB / 122.8GiB""},{""name"":""lab-postgres"",""cpu"":""0.40%"",""mem"":""237.2MiB / 122.8GiB""},{""name"":""lab-mysql"",""cpu"":""43.13%"",""mem"":""720.2MiB / 122.8GiB""},{""name"":""lab-woocommerce-mysql"",""cpu"":""5.62%"",""mem"":""509.6MiB / 122.8GiB""}]"
2026-09-10T13:15:42Z,4,0,0,0,0,2667706035,"[{""name"":""lab-worker-1"",""cpu"":""0.36%"",""mem"":""129.7MiB / 122.8GiB""},{""name"":""lab-api"",""cpu"":""0.00%"",""mem"":""155.7MiB / 122.8GiB""},{""name"":""lab-allegro-stub"",""cpu"":""3.50%"",""mem"":""20.38MiB / 122.8GiB""},{""name"":""lab-erli-stub"",""cpu"":""0.01%"",""mem"":""18.05MiB / 122.8GiB""},{""name"":""lab-eparagony-stub"",""cpu"":""0.00%"",""mem"":""20.36MiB / 122.8GiB""},{""name"":""lab-invoicing-stub"",""cpu"":""4.73%"",""mem"":""16.62MiB / 122.8GiB""},{""name"":""lab-shipping-stub"",""cpu"":""3.65%"",""mem"":""16.58MiB / 122.8GiB""},{""name"":""lab-eparagony-stub-tls"",""cpu"":""0.00%"",""mem"":""23.3MiB / 122.8GiB""},{""name"":""lab-erli-stub-tls"",""cpu"":""0.00%"",""mem"":""22.67MiB / 122.8GiB""},{""name"":""lab-wc-tls"",""cpu"":""0.00%"",""mem"":""28.21MiB / 122.8GiB""},{""name"":""lab-prestashop"",""cpu"":""36.86%"",""mem"":""180.4MiB / 122.8GiB""},{""name"":""lab-woocommerce"",""cpu"":""0.00%"",""mem"":""297.1MiB / 122.8GiB""},{""name"":""lab-redis"",""cpu"":""0.25%"",""mem"":""77.85MiB / 122.8GiB""},{""name"":""lab-postgres"",""cpu"":""0.39%"",""mem"":""237.2MiB / 122.8GiB""},{""name"":""lab-mysql"",""cpu"":""42.89%"",""mem"":""720.2MiB / 122.8GiB""},{""name"":""lab-woocommerce-mysql"",""cpu"":""0.65%"",""mem"":""509.6MiB / 122.8GiB""}]"
2026-09-10T13:15:42Z,4,0,0,0,0,2667706035,"[{""name"":""lab-worker-1"",""cpu"":""0.36%"",""mem"":""129.7MiB / 122.8GiB""},{""name"":""lab-api"",""cpu"":""0.00%"",""mem"":""155.7MiB / 122.8GiB""},{""name"":""lab-allegro-stub"",""cpu"":""3.50%"",""mem"":""20.38MiB / 122.8GiB""},{""name"":""lab-erli-stub"",""cpu"":""0.01%"",""mem"":""18.05MiB / 122.8GiB""},{""name"":""lab-eparagony-stub"",""cpu"":""0.00%"",""mem"":""20.36MiB / 122.8GiB""},{""name"":""lab-invoicing-stub"",""cpu"":""4.73%"",""mem"":""16.62MiB / 122.8GiB""},{""name"":""lab-shipping-stub"",""cpu"":""3.65%"",""mem"":""16.58MiB / 122.8GiB""},{""name"":""lab-eparagony-stub-tls"",""cpu"":""0.00%"",""mem"":""23.3MiB / 122.8GiB""},{""name"":""lab-erli-stub-tls"",""cpu"":""0.00%"",""mem"":""22.67MiB / 122.8GiB""},{""name"":""lab-wc-tls"",""cpu"":""0.00%"",""mem"":""28.21MiB / 122.8GiB""},{""name"":""lab-prestashop"",""cpu"":""36.86%"",""mem"":""180.4MiB / 122.8GiB""},{""name"":""lab-woocommerce"",""cpu"":""0.00%"",""mem"":""297.1MiB / 122.8GiB""},{""name"":""lab-redis"",""cpu"":""0.25%"",""mem"":""77.85MiB / 122.8GiB""},{""name"":""lab-postgres"",""cpu"":""0.39%"",""mem"":""237.2MiB / 122.8GiB""},{""name"":""lab-mysql"",""cpu"":""42.89%"",""mem"":""720.2MiB / 122.8GiB""},{""name"":""lab-woocommerce-mysql"",""cpu"":""0.62%"",""mem"":""509.6MiB / 122.8GiB""}]"
2026-09-10T13:15:45Z,4,0,0,0,0,2667706035,"[{""name"":""lab-worker-1"",""cpu"":""0.33%"",""mem"":""129.7MiB / 122.8GiB""},{""name"":""lab-api"",""cpu"":""0.00%"",""mem"":""155.7MiB / 122.8GiB""},{""name"":""lab-allegro-stub"",""cpu"":""0.00%"",""mem"":""20.35MiB / 122.8GiB""},{""name"":""lab-erli-stub"",""cpu"":""0.00%"",""mem"":""18.04MiB / 122.8GiB""},{""name"":""lab-eparagony-stub"",""cpu"":""4.08%"",""mem"":""20.39MiB / 122.8GiB""},{""name"":""lab-invoicing-stub"",""cpu"":""0.00%"",""mem"":""16.59MiB / 122.8GiB""},{""name"":""lab-shipping-stub"",""cpu"":""0.00%"",""mem"":""16.57MiB / 122.8GiB""},{""name"":""lab-eparagony-stub-tls"",""cpu"":""0.00%"",""mem"":""23.3MiB / 122.8GiB""},{""name"":""lab-erli-stub-tls"",""cpu"":""0.00%"",""mem"":""22.67MiB / 122.8GiB""},{""name"":""lab-wc-tls"",""cpu"":""0.00%"",""mem"":""28.21MiB / 122.8GiB""},{""name"":""lab-prestashop"",""cpu"":""39.45%"",""mem"":""176.6MiB / 122.8GiB""},{""name"":""lab-woocommerce"",""cpu"":""0.01%"",""mem"":""297.1MiB / 122.8GiB""},{""name"":""lab-redis"",""cpu"":""0.23%"",""mem"":""77.86MiB / 122.8GiB""},{""name"":""lab-postgres"",""cpu"":""0.37%"",""mem"":""237.2MiB / 122.8GiB""},{""name"":""lab-mysql"",""cpu"":""47.18%"",""mem"":""720.2MiB / 122.8GiB""},{""name"":""lab-woocommerce-mysql"",""cpu"":""0.64%"",""mem"":""509.6MiB / 122.8GiB""}]"
2026-09-10T13:15:45Z,4,0,0,0,0,2667706035,"[{""name"":""lab-worker-1"",""cpu"":""0.33%"",""mem"":""129.7MiB / 122.8GiB""},{""name"":""lab-api"",""cpu"":""0.00%"",""mem"":""155.7MiB / 122.8GiB""},{""name"":""lab-allegro-stub"",""cpu"":""0.00%"",""mem"":""20.35MiB / 122.8GiB""},{""name"":""lab-erli-stub"",""cpu"":""0.00%"",""mem"":""18.04MiB / 122.8GiB""},{""name"":""lab-eparagony-stub"",""cpu"":""4.08%"",""mem"":""20.39MiB / 122.8GiB""},{""name"":""lab-invoicing-stub"",""cpu"":""0.00%"",""mem"":""16.59MiB / 122.8GiB""},{""name"":""lab-shipping-stub"",""cpu"":""0.00%"",""mem"":""16.57MiB / 122.8GiB""},{""name"":""lab-eparagony-stub-tls"",""cpu"":""0.00%"",""mem"":""23.3MiB / 122.8GiB""},{""name"":""lab-erli-stub-tls"",""cpu"":""0.00%"",""mem"":""22.67MiB / 122.8GiB""},{""name"":""lab-wc-tls"",""cpu"":""0.00%"",""mem"":""28.21MiB / 122.8GiB""},{""name"":""lab-prestashop"",""cpu"":""39.45%"",""mem"":""176.6MiB / 122.8GiB""},{""name"":""lab-woocommerce"",""cpu"":""0.01%"",""mem"":""297.1MiB / 122.8GiB""},{""name"":""lab-redis"",""cpu"":""0.23%"",""mem"":""77.86MiB / 122.8GiB""},{""name"":""lab-postgres"",""cpu"":""0.37%"",""mem"":""237.2MiB / 122.8GiB""},{""name"":""lab-mysql"",""cpu"":""47.18%"",""mem"":""720.2MiB / 122.8GiB""},{""name"":""lab-woocommerce-mysql"",""cpu"":""0.64%"",""mem"":""509.6MiB / 122.8GiB""}]"
2026-09-10T13:15:49Z,3,0,0,0,0,2667706035,"[{""name"":""lab-worker-1"",""cpu"":""0.33%"",""mem"":""129.7MiB / 122.8GiB""},{""name"":""lab-api"",""cpu"":""0.00%"",""mem"":""155.7MiB / 122.8GiB""},{""name"":""lab-allegro-stub"",""cpu"":""0.00%"",""mem"":""20.35MiB / 122.8GiB""},{""name"":""lab-erli-stub"",""cpu"":""0.00%"",""mem"":""18.04MiB / 122.8GiB""},{""name"":""lab-eparagony-stub"",""cpu"":""0.00%"",""mem"":""20.36MiB / 122.8GiB""},{""name"":""lab-invoicing-stub"",""cpu"":""0.00%"",""mem"":""16.59MiB / 122.8GiB""},{""name"":""lab-shipping-stub"",""cpu"":""0.00%"",""mem"":""16.57MiB / 122.8GiB""},{""name"":""lab-eparagony-stub-tls"",""cpu"":""0.00%"",""mem"":""23.3MiB / 122.8GiB""},{""name"":""lab-erli-stub-tls"",""cpu"":""0.00%"",""mem"":""22.67MiB / 122.8GiB""},{""name"":""lab-wc-tls"",""cpu"":""0.00%"",""mem"":""28.21MiB / 122.8GiB""},{""name"":""lab-prestashop"",""cpu"":""37.12%"",""mem"":""174.4MiB / 122.8GiB""},{""name"":""lab-woocommerce"",""cpu"":""0.00%"",""mem"":""297.1MiB / 122.8GiB""},{""name"":""lab-redis"",""cpu"":""0.23%"",""mem"":""77.85MiB / 122.8GiB""},{""name"":""lab-postgres"",""cpu"":""0.25%"",""mem"":""237.2MiB / 122.8GiB""},{""name"":""lab-mysql"",""cpu"":""41.93%"",""mem"":""720.5MiB / 122.8GiB""},{""name"":""lab-woocommerce-mysql"",""cpu"":""0.68%"",""mem"":""509.6MiB / 122.8GiB""}]"
2026-09-10T13:15:49Z,3,0,0,0,0,2667706035,"[{""name"":""lab-worker-1"",""cpu"":""0.33%"",""mem"":""129.7MiB / 122.8GiB""},{""name"":""lab-api"",""cpu"":""0.00%"",""mem"":""155.7MiB / 122.8GiB""},{""name"":""lab-allegro-stub"",""cpu"":""0.00%"",""mem"":""20.35MiB / 122.8GiB""},{""name"":""lab-erli-stub"",""cpu"":""0.00%"",""mem"":""18.04MiB / 122.8GiB""},{""name"":""lab-eparagony-stub"",""cpu"":""0.00%"",""mem"":""20.36MiB / 122.8GiB""},{""name"":""lab-invoicing-stub"",""cpu"":""0.00%"",""mem"":""16.59MiB / 122.8GiB""},{""name"":""lab-shipping-stub"",""cpu"":""0.00%"",""mem"":""16.57MiB / 122.8GiB""},{""name"":""lab-eparagony-stub-tls"",""cpu"":""0.00%"",""mem"":""23.3MiB / 122.8GiB""},{""name"":""lab-erli-stub-tls"",""cpu"":""0.00%"",""mem"":""22.67MiB / 122.8GiB""},{""name"":""lab-wc-tls"",""cpu"":""0.00%"",""mem"":""28.21MiB / 122.8GiB""},{""name"":""lab-prestashop"",""cpu"":""37.12%"",""mem"":""174.4MiB / 122.8GiB""},{""name"":""lab-woocommerce"",""cpu"":""0.00%"",""mem"":""297.1MiB / 122.8GiB""},{""name"":""lab-redis"",""cpu"":""0.23%"",""mem"":""77.85MiB / 122.8GiB""},{""name"":""lab-postgres"",""cpu"":""0.25%"",""mem"":""237.2MiB / 122.8GiB""},{""name"":""lab-mysql"",""cpu"":""41.93%"",""mem"":""720.5MiB / 122.8GiB""},{""name"":""lab-woocommerce-mysql"",""cpu"":""0.68%"",""mem"":""509.6MiB / 122.8GiB""}]"
2026-09-10T13:15:52Z,4,0,0,0,0,2667706035,"[{""name"":""lab-worker-1"",""cpu"":""0.42%"",""mem"":""129.7MiB / 122.8GiB""},{""name"":""lab-api"",""cpu"":""0.00%"",""mem"":""155.7MiB / 122.8GiB""},{""name"":""lab-allegro-stub"",""cpu"":""4.01%"",""mem"":""20.36MiB / 122.8GiB""},{""name"":""lab-erli-stub"",""cpu"":""0.00%"",""mem"":""18.04MiB / 122.8GiB""},{""name"":""lab-eparagony-stub"",""cpu"":""0.00%"",""mem"":""20.36MiB / 122.8GiB""},{""name"":""lab-invoicing-stub"",""cpu"":""3.87%"",""mem"":""16.59MiB / 122.8GiB""},{""name"":""lab-shipping-stub"",""cpu"":""4.08%"",""mem"":""16.58MiB / 122.8GiB""},{""name"":""lab-eparagony-stub-tls"",""cpu"":""0.00%"",""mem"":""23.3MiB / 122.8GiB""},{""name"":""lab-erli-stub-tls"",""cpu"":""0.00%"",""mem"":""22.67MiB / 122.8GiB""},{""name"":""lab-wc-tls"",""cpu"":""0.00%"",""mem"":""28.21MiB / 122.8GiB""},{""name"":""lab-prestashop"",""cpu"":""0.01%"",""mem"":""180.4MiB / 122.8GiB""},{""name"":""lab-woocommerce"",""cpu"":""0.01%"",""mem"":""297.1MiB / 122.8GiB""},{""name"":""lab-redis"",""cpu"":""0.26%"",""mem"":""77.86MiB / 122.8GiB""},{""name"":""lab-postgres"",""cpu"":""0.85%"",""mem"":""239.3MiB / 122.8GiB""},{""name"":""lab-mysql"",""cpu"":""0.98%"",""mem"":""720.2MiB / 122.8GiB""},{""name"":""lab-woocommerce-mysql"",""cpu"":""0.68%"",""mem"":""509.6MiB / 122.8GiB""}]"
2026-09-10T13:15:52Z,4,0,0,0,0,2667706035,"[{""name"":""lab-worker-1"",""cpu"":""0.42%"",""mem"":""129.7MiB / 122.8GiB""},{""name"":""lab-api"",""cpu"":""0.00%"",""mem"":""155.7MiB / 122.8GiB""},{""name"":""lab-allegro-stub"",""cpu"":""4.01%"",""mem"":""20.36MiB / 122.8GiB""},{""name"":""lab-erli-stub"",""cpu"":""0.00%"",""mem"":""18.04MiB / 122.8GiB""},{""name"":""lab-eparagony-stub"",""cpu"":""0.00%"",""mem"":""20.36MiB / 122.8GiB""},{""name"":""lab-invoicing-stub"",""cpu"":""3.87%"",""mem"":""16.59MiB / 122.8GiB""},{""name"":""lab-shipping-stub"",""cpu"":""4.08%"",""mem"":""16.58MiB / 122.8GiB""},{""name"":""lab-eparagony-stub-tls"",""cpu"":""0.00%"",""mem"":""23.3MiB / 122.8GiB""},{""name"":""lab-erli-stub-tls"",""cpu"":""0.00%"",""mem"":""22.67MiB / 122.8GiB""},{""name"":""lab-wc-tls"",""cpu"":""0.00%"",""mem"":""28.21MiB / 122.8GiB""},{""name"":""lab-prestashop"",""cpu"":""0.01%"",""mem"":""180.4MiB / 122.8GiB""},{""name"":""lab-woocommerce"",""cpu"":""0.01%"",""mem"":""297.1MiB / 122.8GiB""},{""name"":""lab-redis"",""cpu"":""0.26%"",""mem"":""77.86MiB / 122.8GiB""},{""name"":""lab-postgres"",""cpu"":""0.85%"",""mem"":""239.3MiB / 122.8GiB""},{""name"":""lab-mysql"",""cpu"":""0.98%"",""mem"":""720.2MiB / 122.8GiB""},{""name"":""lab-woocommerce-mysql"",""cpu"":""0.76%"",""mem"":""509.6MiB / 122.8GiB""}]"
2026-09-10T13:15:56Z,3,0,0,0,1,2667706035,"[{""name"":""lab-worker-1"",""cpu"":""0.41%"",""mem"":""129.7MiB / 122.8GiB""},{""name"":""lab-api"",""cpu"":""0.00%"",""mem"":""155.7MiB / 122.8GiB""},{""name"":""lab-allegro-stub"",""cpu"":""0.00%"",""mem"":""20.35MiB / 122.8GiB""},{""name"":""lab-erli-stub"",""cpu"":""4.33%"",""mem"":""18.05MiB / 122.8GiB""},{""name"":""lab-eparagony-stub"",""cpu"":""4.00%"",""mem"":""20.37MiB / 122.8GiB""},{""name"":""lab-invoicing-stub"",""cpu"":""0.01%"",""mem"":""16.59MiB / 122.8GiB""},{""name"":""lab-shipping-stub"",""cpu"":""0.01%"",""mem"":""16.57MiB / 122.8GiB""},{""name"":""lab-eparagony-stub-tls"",""cpu"":""0.00%"",""mem"":""23.3MiB / 122.8GiB""},{""name"":""lab-erli-stub-tls"",""cpu"":""0.00%"",""mem"":""22.67MiB / 122.8GiB""},{""name"":""lab-wc-tls"",""cpu"":""0.00%"",""mem"":""28.21MiB / 122.8GiB""},{""name"":""lab-prestashop"",""cpu"":""0.00%"",""mem"":""180.4MiB / 122.8GiB""},{""name"":""lab-woocommerce"",""cpu"":""0.00%"",""mem"":""297.1MiB / 122.8GiB""},{""name"":""lab-redis"",""cpu"":""0.26%"",""mem"":""77.86MiB / 122.8GiB""},{""name"":""lab-postgres"",""cpu"":""0.50%"",""mem"":""239.3MiB / 122.8GiB""},{""name"":""lab-mysql"",""cpu"":""0.72%"",""mem"":""720.2MiB / 122.8GiB""},{""name"":""lab-woocommerce-mysql"",""cpu"":""0.70%"",""mem"":""509.6MiB / 122.8GiB""}]"
2026-09-10T13:15:56Z,3,0,0,0,1,2667706035,"[{""name"":""lab-worker-1"",""cpu"":""0.41%"",""mem"":""129.7MiB / 122.8GiB""},{""name"":""lab-api"",""cpu"":""0.00%"",""mem"":""155.7MiB / 122.8GiB""},{""name"":""lab-allegro-stub"",""cpu"":""0.00%"",""mem"":""20.35MiB / 122.8GiB""},{""name"":""lab-erli-stub"",""cpu"":""4.33%"",""mem"":""18.05MiB / 122.8GiB""},{""name"":""lab-eparagony-stub"",""cpu"":""4.00%"",""mem"":""20.37MiB / 122.8GiB""},{""name"":""lab-invoicing-stub"",""cpu"":""0.01%"",""mem"":""16.59MiB / 122.8GiB""},{""name"":""lab-shipping-stub"",""cpu"":""0.01%"",""mem"":""16.57MiB / 122.8GiB""},{""name"":""lab-eparagony-stub-tls"",""cpu"":""0.00%"",""mem"":""23.3MiB / 122.8GiB""},{""name"":""lab-erli-stub-tls"",""cpu"":""0.00%"",""mem"":""22.67MiB / 122.8GiB""},{""name"":""lab-wc-tls"",""cpu"":""0.00%"",""mem"":""28.21MiB / 122.8GiB""},{""name"":""lab-prestashop"",""cpu"":""0.00%"",""mem"":""180.4MiB / 122.8GiB""},{""name"":""lab-woocommerce"",""cpu"":""0.00%"",""mem"":""297.1MiB / 122.8GiB""},{""name"":""lab-redis"",""cpu"":""0.26%"",""mem"":""77.86MiB / 122.8GiB""},{""name"":""lab-postgres"",""cpu"":""0.50%"",""mem"":""239.3MiB / 122.8GiB""},{""name"":""lab-mysql"",""cpu"":""0.72%"",""mem"":""720.2MiB / 122.8GiB""},{""name"":""lab-woocommerce-mysql"",""cpu"":""0.70%"",""mem"":""509.6MiB / 122.8GiB""}]"
2026-09-10T13:16:00Z,4,0,0,0,1,2667706035,"[{""name"":""lab-worker-1"",""cpu"":""0.42%"",""mem"":""129.7MiB / 122.8GiB""},{""name"":""lab-api"",""cpu"":""0.00%"",""mem"":""155.7MiB / 122.8GiB""},{""name"":""lab-allegro-stub"",""cpu"":""0.00%"",""mem"":""20.36MiB / 122.8GiB""},{""name"":""lab-erli-stub"",""cpu"":""0.00%"",""mem"":""18.04MiB / 122.8GiB""},{""name"":""lab-eparagony-stub"",""cpu"":""0.00%"",""mem"":""20.36MiB / 122.8GiB""},{""name"":""lab-invoicing-stub"",""cpu"":""0.00%"",""mem"":""16.59MiB / 122.8GiB""},{""name"":""lab-shipping-stub"",""cpu"":""0.00%"",""mem"":""16.57MiB / 122.8GiB""},{""name"":""lab-eparagony-stub-tls"",""cpu"":""0.00%"",""mem"":""23.3MiB / 122.8GiB""},{""name"":""lab-erli-stub-tls"",""cpu"":""0.00%"",""mem"":""22.67MiB / 122.8GiB""},{""name"":""lab-wc-tls"",""cpu"":""0.00%"",""mem"":""28.21MiB / 122.8GiB""},{""name"":""lab-prestashop"",""cpu"":""0.00%"",""mem"":""180.4MiB / 122.8GiB""},{""name"":""lab-woocommerce"",""cpu"":""0.01%"",""mem"":""297.1MiB / 122.8GiB""},{""name"":""lab-redis"",""cpu"":""0.23%"",""mem"":""77.86MiB / 122.8GiB""},{""name"":""lab-postgres"",""cpu"":""0.41%"",""mem"":""239.3MiB / 122.8GiB""},{""name"":""lab-mysql"",""cpu"":""1.59%"",""mem"":""720.2MiB / 122.8GiB""},{""name"":""lab-woocommerce-mysql"",""cpu"":""0.82%"",""mem"":""509.6MiB / 122.8GiB""}]"
2026-09-10T13:16:00Z,4,0,0,0,1,2667706035,"[{""name"":""lab-worker-1"",""cpu"":""0.42%"",""mem"":""129.7MiB / 122.8GiB""},{""name"":""lab-api"",""cpu"":""0.00%"",""mem"":""155.7MiB / 122.8GiB""},{""name"":""lab-allegro-stub"",""cpu"":""0.00%"",""mem"":""20.36MiB / 122.8GiB""},{""name"":""lab-erli-stub"",""cpu"":""0.00%"",""mem"":""18.04MiB / 122.8GiB""},{""name"":""lab-eparagony-stub"",""cpu"":""0.00%"",""mem"":""20.36MiB / 122.8GiB""},{""name"":""lab-invoicing-stub"",""cpu"":""0.00%"",""mem"":""16.59MiB / 122.8GiB""},{""name"":""lab-shipping-stub"",""cpu"":""0.00%"",""mem"":""16.57MiB / 122.8GiB""},{""name"":""lab-eparagony-stub-tls"",""cpu"":""0.00%"",""mem"":""23.3MiB / 122.8GiB""},{""name"":""lab-erli-stub-tls"",""cpu"":""0.00%"",""mem"":""22.67MiB / 122.8GiB""},{""name"":""lab-wc-tls"",""cpu"":""0.00%"",""mem"":""28.21MiB / 122.8GiB""},{""name"":""lab-prestashop"",""cpu"":""0.00%"",""mem"":""180.4MiB / 122.8GiB""},{""name"":""lab-woocommerce"",""cpu"":""0.01%"",""mem"":""297.1MiB / 122.8GiB""},{""name"":""lab-redis"",""cpu"":""0.23%"",""mem"":""77.86MiB / 122.8GiB""},{""name"":""lab-postgres"",""cpu"":""0.41%"",""mem"":""239.3MiB / 122.8GiB""},{""name"":""lab-mysql"",""cpu"":""1.59%"",""mem"":""720.2MiB / 122.8GiB""},{""name"":""lab-woocommerce-mysql"",""cpu"":""0.82%"",""mem"":""509.6MiB / 122.8GiB""}]"
2026-09-10T13:16:03Z,4,1,0,0,2,2667706035,"[{""name"":""lab-worker-1"",""cpu"":""0.36%"",""mem"":""129.7MiB / 122.8GiB""},{""name"":""lab-api"",""cpu"":""0.00%"",""mem"":""155.7MiB / 122.8GiB""},{""name"":""lab-allegro-stub"",""cpu"":""0.01%"",""mem"":""20.35MiB / 122.8GiB""},{""name"":""lab-erli-stub"",""cpu"":""0.00%"",""mem"":""18.04MiB / 122.8GiB""},{""name"":""lab-eparagony-stub"",""cpu"":""0.00%"",""mem"":""20.36MiB / 122.8GiB""},{""name"":""lab-invoicing-stub"",""cpu"":""0.01%"",""mem"":""16.59MiB / 122.8GiB""},{""name"":""lab-shipping-stub"",""cpu"":""0.01%"",""mem"":""16.57MiB / 122.8GiB""},{""name"":""lab-eparagony-stub-tls"",""cpu"":""0.00%"",""mem"":""23.3MiB / 122.8GiB""},{""name"":""lab-erli-stub-tls"",""cpu"":""0.00%"",""mem"":""22.67MiB / 122.8GiB""},{""name"":""lab-wc-tls"",""cpu"":""0.00%"",""mem"":""28.21MiB / 122.8GiB""},{""name"":""lab-prestashop"",""cpu"":""0.01%"",""mem"":""180.4MiB / 122.8GiB""},{""name"":""lab-woocommerce"",""cpu"":""0.01%"",""mem"":""297.1MiB / 122.8GiB""},{""name"":""lab-redis"",""cpu"":""4.49%"",""mem"":""77.88MiB / 122.8GiB""},{""name"":""lab-postgres"",""cpu"":""0.45%"",""mem"":""238MiB / 122.8GiB""},{""name"":""lab-mysql"",""cpu"":""0.85%"",""mem"":""720.2MiB / 122.8GiB""},{""name"":""lab-woocommerce-mysql"",""cpu"":""0.70%"",""mem"":""509.6MiB / 122.8GiB""}]"
2026-09-10T13:16:03Z,4,1,0,0,2,2667706035,"[{""name"":""lab-worker-1"",""cpu"":""0.36%"",""mem"":""129.7MiB / 122.8GiB""},{""name"":""lab-api"",""cpu"":""0.00%"",""mem"":""155.7MiB / 122.8GiB""},{""name"":""lab-allegro-stub"",""cpu"":""0.01%"",""mem"":""20.35MiB / 122.8GiB""},{""name"":""lab-erli-stub"",""cpu"":""0.00%"",""mem"":""18.04MiB / 122.8GiB""},{""name"":""lab-eparagony-stub"",""cpu"":""0.00%"",""mem"":""20.36MiB / 122.8GiB""},{""name"":""lab-invoicing-stub"",""cpu"":""0.01%"",""mem"":""16.59MiB / 122.8GiB""},{""name"":""lab-shipping-stub"",""cpu"":""0.01%"",""mem"":""16.57MiB / 122.8GiB""},{""name"":""lab-eparagony-stub-tls"",""cpu"":""0.00%"",""mem"":""23.3MiB / 122.8GiB""},{""name"":""lab-erli-stub-tls"",""cpu"":""0.00%"",""mem"":""22.67MiB / 122.8GiB""},{""name"":""lab-wc-tls"",""cpu"":""0.00%"",""mem"":""28.21MiB / 122.8GiB""},{""name"":""lab-prestashop"",""cpu"":""0.01%"",""mem"":""180.4MiB / 122.8GiB""},{""name"":""lab-woocommerce"",""cpu"":""0.01%"",""mem"":""297.1MiB / 122.8GiB""},{""name"":""lab-redis"",""cpu"":""4.49%"",""mem"":""77.88MiB / 122.8GiB""},{""name"":""lab-postgres"",""cpu"":""0.45%"",""mem"":""238MiB / 122.8GiB""},{""name"":""lab-mysql"",""cpu"":""0.85%"",""mem"":""720.2MiB / 122.8GiB""},{""name"":""lab-woocommerce-mysql"",""cpu"":""0.70%"",""mem"":""509.6MiB / 122.8GiB""}]"
2026-09-10T13:16:07Z,3,0,0,0,2,2667706035,"[{""name"":""lab-worker-1"",""cpu"":""0.45%"",""mem"":""129.7MiB / 122.8GiB""},{""name"":""lab-api"",""cpu"":""0.00%"",""mem"":""155.7MiB / 122.8GiB""},{""name"":""lab-allegro-stub"",""cpu"":""2.87%"",""mem"":""20.37MiB / 122.8GiB""},{""name"":""lab-erli-stub"",""cpu"":""0.00%"",""mem"":""18.05MiB / 122.8GiB""},{""name"":""lab-eparagony-stub"",""cpu"":""0.00%"",""mem"":""20.36MiB / 122.8GiB""},{""name"":""lab-invoicing-stub"",""cpu"":""3.37%"",""mem"":""16.64MiB / 122.8GiB""},{""name"":""lab-shipping-stub"",""cpu"":""4.15%"",""mem"":""16.6MiB / 122.8GiB""},{""name"":""lab-eparagony-stub-tls"",""cpu"":""0.00%"",""mem"":""23.3MiB / 122.8GiB""},{""name"":""lab-erli-stub-tls"",""cpu"":""0.00%"",""mem"":""22.67MiB / 122.8GiB""},{""name"":""lab-wc-tls"",""cpu"":""0.00%"",""mem"":""28.21MiB / 122.8GiB""},{""name"":""lab-prestashop"",""cpu"":""0.00%"",""mem"":""180.4MiB / 122.8GiB""},{""name"":""lab-woocommerce"",""cpu"":""0.01%"",""mem"":""297.1MiB / 122.8GiB""},{""name"":""lab-redis"",""cpu"":""0.25%"",""mem"":""77.86MiB / 122.8GiB""},{""name"":""lab-postgres"",""cpu"":""0.44%"",""mem"":""238MiB / 122.8GiB""},{""name"":""lab-mysql"",""cpu"":""0.74%"",""mem"":""720.2MiB / 122.8GiB""},{""name"":""lab-woocommerce-mysql"",""cpu"":""0.82%"",""mem"":""509.6MiB / 122.8GiB""}]"
2026-09-10T13:16:07Z,3,0,0,0,2,2667706035,"[{""name"":""lab-worker-1"",""cpu"":""0.45%"",""mem"":""129.7MiB / 122.8GiB""},{""name"":""lab-api"",""cpu"":""0.01%"",""mem"":""155.7MiB / 122.8GiB""},{""name"":""lab-allegro-stub"",""cpu"":""2.87%"",""mem"":""20.37MiB / 122.8GiB""},{""name"":""lab-erli-stub"",""cpu"":""0.00%"",""mem"":""18.05MiB / 122.8GiB""},{""name"":""lab-eparagony-stub"",""cpu"":""0.00%"",""mem"":""20.36MiB / 122.8GiB""},{""name"":""lab-invoicing-stub"",""cpu"":""3.37%"",""mem"":""16.64MiB / 122.8GiB""},{""name"":""lab-shipping-stub"",""cpu"":""4.15%"",""mem"":""16.6MiB / 122.8GiB""},{""name"":""lab-eparagony-stub-tls"",""cpu"":""0.00%"",""mem"":""23.3MiB / 122.8GiB""},{""name"":""lab-erli-stub-tls"",""cpu"":""0.00%"",""mem"":""22.67MiB / 122.8GiB""},{""name"":""lab-wc-tls"",""cpu"":""0.00%"",""mem"":""28.21MiB / 122.8GiB""},{""name"":""lab-prestashop"",""cpu"":""0.00%"",""mem"":""180.4MiB / 122.8GiB""},{""name"":""lab-woocommerce"",""cpu"":""0.01%"",""mem"":""297.1MiB / 122.8GiB""},{""name"":""lab-redis"",""cpu"":""0.25%"",""mem"":""77.86MiB / 122.8GiB""},{""name"":""lab-postgres"",""cpu"":""0.44%"",""mem"":""238MiB / 122.8GiB""},{""name"":""lab-mysql"",""cpu"":""0.74%"",""mem"":""720.2MiB / 122.8GiB""},{""name"":""lab-woocommerce-mysql"",""cpu"":""0.82%"",""mem"":""509.6MiB / 122.8GiB""}]"
2026-09-10T13:16:10Z,4,0,0,0,2,2667706035,"[{""name"":""lab-worker-1"",""cpu"":""0.39%"",""mem"":""129.7MiB / 122.8GiB""},{""name"":""lab-api"",""cpu"":""0.00%"",""mem"":""155.7MiB / 122.8GiB""},{""name"":""lab-allegro-stub"",""cpu"":""0.00%"",""mem"":""20.35MiB / 122.8GiB""},{""name"":""lab-erli-stub"",""cpu"":""0.00%"",""mem"":""18.05MiB / 122.8GiB""},{""name"":""lab-eparagony-stub"",""cpu"":""3.47%"",""mem"":""20.36MiB / 122.8GiB""},{""name"":""lab-invoicing-stub"",""cpu"":""0.00%"",""mem"":""16.59MiB / 122.8GiB""},{""name"":""lab-shipping-stub"",""cpu"":""0.00%"",""mem"":""16.57MiB / 122.8GiB""},{""name"":""lab-eparagony-stub-tls"",""cpu"":""0.00%"",""mem"":""23.3MiB / 122.8GiB""},{""name"":""lab-erli-stub-tls"",""cpu"":""0.00%"",""mem"":""22.67MiB / 122.8GiB""},{""name"":""lab-wc-tls"",""cpu"":""0.00%"",""mem"":""28.21MiB / 122.8GiB""},{""name"":""lab-prestashop"",""cpu"":""0.00%"",""mem"":""178.4MiB / 122.8GiB""},{""name"":""lab-woocommerce"",""cpu"":""0.01%"",""mem"":""297.1MiB / 122.8GiB""},{""name"":""lab-redis"",""cpu"":""0.23%"",""mem"":""77.86MiB / 122.8GiB""},{""name"":""lab-postgres"",""cpu"":""0.35%"",""mem"":""238MiB / 122.8GiB""},{""name"":""lab-mysql"",""cpu"":""1.14%"",""mem"":""720.2MiB / 122.8GiB""},{""name"":""lab-woocommerce-mysql"",""cpu"":""0.59%"",""mem"":""509.6MiB / 122.8GiB""}]"
2026-09-10T13:16:10Z,4,0,0,0,2,2667706035,"[{""name"":""lab-worker-1"",""cpu"":""0.39%"",""mem"":""129.7MiB / 122.8GiB""},{""name"":""lab-api"",""cpu"":""0.00%"",""mem"":""155.7MiB / 122.8GiB""},{""name"":""lab-allegro-stub"",""cpu"":""0.00%"",""mem"":""20.35MiB / 122.8GiB""},{""name"":""lab-erli-stub"",""cpu"":""0.00%"",""mem"":""18.05MiB / 122.8GiB""},{""name"":""lab-eparagony-stub"",""cpu"":""3.47%"",""mem"":""20.36MiB / 122.8GiB""},{""name"":""lab-invoicing-stub"",""cpu"":""0.00%"",""mem"":""16.59MiB / 122.8GiB""},{""name"":""lab-shipping-stub"",""cpu"":""0.00%"",""mem"":""16.57MiB / 122.8GiB""},{""name"":""lab-eparagony-stub-tls"",""cpu"":""0.00%"",""mem"":""23.3MiB / 122.8GiB""},{""name"":""lab-erli-stub-tls"",""cpu"":""0.00%"",""mem"":""22.67MiB / 122.8GiB""},{""name"":""lab-wc-tls"",""cpu"":""0.00%"",""mem"":""28.21MiB / 122.8GiB""},{""name"":""lab-prestashop"",""cpu"":""0.00%"",""mem"":""178.4MiB / 122.8GiB""},{""name"":""lab-woocommerce"",""cpu"":""0.01%"",""mem"":""297.1MiB / 122.8GiB""},{""name"":""lab-redis"",""cpu"":""0.23%"",""mem"":""77.86MiB / 122.8GiB""},{""name"":""lab-postgres"",""cpu"":""0.35%"",""mem"":""238MiB / 122.8GiB""},{""name"":""lab-mysql"",""cpu"":""1.14%"",""mem"":""720.2MiB / 122.8GiB""},{""name"":""lab-woocommerce-mysql"",""cpu"":""0.59%"",""mem"":""509.6MiB / 122.8GiB""}]"
2026-09-10T13:16:14Z,3,0,0,0,3,2667706035,"[{""name"":""lab-worker-1"",""cpu"":""0.30%"",""mem"":""129.7MiB / 122.8GiB""},{""name"":""lab-api"",""cpu"":""0.00%"",""mem"":""155.7MiB / 122.8GiB""},{""name"":""lab-allegro-stub"",""cpu"":""0.00%"",""mem"":""20.35MiB / 122.8GiB""},{""name"":""lab-erli-stub"",""cpu"":""0.00%"",""mem"":""18.04MiB / 122.8GiB""},{""name"":""lab-eparagony-stub"",""cpu"":""0.00%"",""mem"":""20.36MiB / 122.8GiB""},{""name"":""lab-invoicing-stub"",""cpu"":""0.00%"",""mem"":""16.59MiB / 122.8GiB""},{""name"":""lab-shipping-stub"",""cpu"":""0.00%"",""mem"":""16.57MiB / 122.8GiB""},{""name"":""lab-eparagony-stub-tls"",""cpu"":""0.00%"",""mem"":""23.3MiB / 122.8GiB""},{""name"":""lab-erli-stub-tls"",""cpu"":""0.00%"",""mem"":""22.67MiB / 122.8GiB""},{""name"":""lab-wc-tls"",""cpu"":""0.00%"",""mem"":""28.21MiB / 122.8GiB""},{""name"":""lab-prestashop"",""cpu"":""0.00%"",""mem"":""178.4MiB / 122.8GiB""},{""name"":""lab-woocommerce"",""cpu"":""0.00%"",""mem"":""297.1MiB / 122.8GiB""},{""name"":""lab-redis"",""cpu"":""0.24%"",""mem"":""77.86MiB / 122.8GiB""},{""name"":""lab-postgres"",""cpu"":""0.77%"",""mem"":""238.2MiB / 122.8GiB""},{""name"":""lab-mysql"",""cpu"":""0.64%"",""mem"":""720.2MiB / 122.8GiB""},{""name"":""lab-woocommerce-mysql"",""cpu"":""0.60%"",""mem"":""509.6MiB / 122.8GiB""}]"
2026-09-10T13:16:14Z,3,0,0,0,3,2667706035,"[{""name"":""lab-worker-1"",""cpu"":""0.30%"",""mem"":""129.7MiB / 122.8GiB""},{""name"":""lab-api"",""cpu"":""0.00%"",""mem"":""155.7MiB / 122.8GiB""},{""name"":""lab-allegro-stub"",""cpu"":""0.00%"",""mem"":""20.35MiB / 122.8GiB""},{""name"":""lab-erli-stub"",""cpu"":""0.00%"",""mem"":""18.04MiB / 122.8GiB""},{""name"":""lab-eparagony-stub"",""cpu"":""0.00%"",""mem"":""20.36MiB / 122.8GiB""},{""name"":""lab-invoicing-stub"",""cpu"":""0.00%"",""mem"":""16.59MiB / 122.8GiB""},{""name"":""lab-shipping-stub"",""cpu"":""0.00%"",""mem"":""16.57MiB / 122.8GiB""},{""name"":""lab-eparagony-stub-tls"",""cpu"":""0.00%"",""mem"":""23.3MiB / 122.8GiB""},{""name"":""lab-erli-stub-tls"",""cpu"":""0.00%"",""mem"":""22.67MiB / 122.8GiB""},{""name"":""lab-wc-tls"",""cpu"":""0.00%"",""mem"":""28.21MiB / 122.8GiB""},{""name"":""lab-prestashop"",""cpu"":""0.00%"",""mem"":""178.4MiB / 122.8GiB""},{""name"":""lab-woocommerce"",""cpu"":""0.00%"",""mem"":""297.1MiB / 122.8GiB""},{""name"":""lab-redis"",""cpu"":""0.24%"",""mem"":""77.86MiB / 122.8GiB""},{""name"":""lab-postgres"",""cpu"":""0.77%"",""mem"":""238.2MiB / 122.8GiB""},{""name"":""lab-mysql"",""cpu"":""0.64%"",""mem"":""720.2MiB / 122.8GiB""},{""name"":""lab-woocommerce-mysql"",""cpu"":""0.69%"",""mem"":""509.6MiB / 122.8GiB""}]"
2026-09-10T13:16:17Z,4,0,0,0,3,2667706035,"[{""name"":""lab-worker-1"",""cpu"":""0.50%"",""mem"":""129.7MiB / 122.8GiB""},{""name"":""lab-api"",""cpu"":""0.00%"",""mem"":""155.7MiB / 122.8GiB""},{""name"":""lab-allegro-stub"",""cpu"":""2.82%"",""mem"":""20.4MiB / 122.8GiB""},{""name"":""lab-erli-stub"",""cpu"":""0.01%"",""mem"":""18.05MiB / 122.8GiB""},{""name"":""lab-eparagony-stub"",""cpu"":""0.00%"",""mem"":""20.36MiB / 122.8GiB""},{""name"":""lab-invoicing-stub"",""cpu"":""3.57%"",""mem"":""16.59MiB / 122.8GiB""},{""name"":""lab-shipping-stub"",""cpu"":""4.08%"",""mem"":""16.59MiB / 122.8GiB""},{""name"":""lab-eparagony-stub-tls"",""cpu"":""0.00%"",""mem"":""23.3MiB / 122.8GiB""},{""name"":""lab-erli-stub-tls"",""cpu"":""0.00%"",""mem"":""22.67MiB / 122.8GiB""},{""name"":""lab-wc-tls"",""cpu"":""0.00%"",""mem"":""28.21MiB / 122.8GiB""},{""name"":""lab-prestashop"",""cpu"":""0.01%"",""mem"":""178.4MiB / 122.8GiB""},{""name"":""lab-woocommerce"",""cpu"":""0.01%"",""mem"":""297.1MiB / 122.8GiB""},{""name"":""lab-redis"",""cpu"":""0.30%"",""mem"":""77.86MiB / 122.8GiB""},{""name"":""lab-postgres"",""cpu"":""0.42%"",""mem"":""238MiB / 122.8GiB""},{""name"":""lab-mysql"",""cpu"":""0.68%"",""mem"":""720.2MiB / 122.8GiB""},{""name"":""lab-woocommerce-mysql"",""cpu"":""0.68%"",""mem"":""509.6MiB / 122.8GiB""}]"
2026-09-10T13:16:17Z,4,0,0,0,3,2667706035,"[{""name"":""lab-worker-1"",""cpu"":""0.50%"",""mem"":""129.7MiB / 122.8GiB""},{""name"":""lab-api"",""cpu"":""0.00%"",""mem"":""155.7MiB / 122.8GiB""},{""name"":""lab-allegro-stub"",""cpu"":""2.82%"",""mem"":""20.4MiB / 122.8GiB""},{""name"":""lab-erli-stub"",""cpu"":""0.01%"",""mem"":""18.05MiB / 122.8GiB""},{""name"":""lab-eparagony-stub"",""cpu"":""0.00%"",""mem"":""20.36MiB / 122.8GiB""},{""name"":""lab-invoicing-stub"",""cpu"":""3.57%"",""mem"":""16.59MiB / 122.8GiB""},{""name"":""lab-shipping-stub"",""cpu"":""4.08%"",""mem"":""16.59MiB / 122.8GiB""},{""name"":""lab-eparagony-stub-tls"",""cpu"":""0.00%"",""mem"":""23.3MiB / 122.8GiB""},{""name"":""lab-erli-stub-tls"",""cpu"":""0.00%"",""mem"":""22.67MiB / 122.8GiB""},{""name"":""lab-wc-tls"",""cpu"":""0.00%"",""mem"":""28.21MiB / 122.8GiB""},{""name"":""lab-prestashop"",""cpu"":""0.01%"",""mem"":""178.4MiB / 122.8GiB""},{""name"":""lab-woocommerce"",""cpu"":""0.01%"",""mem"":""297.1MiB / 122.8GiB""},{""name"":""lab-redis"",""cpu"":""0.30%"",""mem"":""77.86MiB / 122.8GiB""},{""name"":""lab-postgres"",""cpu"":""0.42%"",""mem"":""238MiB / 122.8GiB""},{""name"":""lab-mysql"",""cpu"":""0.68%"",""mem"":""720.2MiB / 122.8GiB""},{""name"":""lab-woocommerce-mysql"",""cpu"":""0.66%"",""mem"":""509.6MiB / 122.8GiB""}]"
2026-09-10T13:16:21Z,3,0,0,0,3,2667706035,"[{""name"":""lab-worker-1"",""cpu"":""1.77%"",""mem"":""129.7MiB / 122.8GiB""},{""name"":""lab-api"",""cpu"":""0.39%"",""mem"":""155.8MiB / 122.8GiB""},{""name"":""lab-allegro-stub"",""cpu"":""0.00%"",""mem"":""20.35MiB / 122.8GiB""},{""name"":""lab-erli-stub"",""cpu"":""4.10%"",""mem"":""18.06MiB / 122.8GiB""},{""name"":""lab-eparagony-stub"",""cpu"":""4.20%"",""mem"":""20.36MiB / 122.8GiB""},{""name"":""lab-invoicing-stub"",""cpu"":""0.00%"",""mem"":""16.59MiB / 122.8GiB""},{""name"":""lab-shipping-stub"",""cpu"":""0.00%"",""mem"":""16.57MiB / 122.8GiB""},{""name"":""lab-eparagony-stub-tls"",""cpu"":""0.00%"",""mem"":""23.3MiB / 122.8GiB""},{""name"":""lab-erli-stub-tls"",""cpu"":""0.00%"",""mem"":""22.67MiB / 122.8GiB""},{""name"":""lab-wc-tls"",""cpu"":""0.00%"",""mem"":""28.21MiB / 122.8GiB""},{""name"":""lab-prestashop"",""cpu"":""0.00%"",""mem"":""178.4MiB / 122.8GiB""},{""name"":""lab-woocommerce"",""cpu"":""0.01%"",""mem"":""297.1MiB / 122.8GiB""},{""name"":""lab-redis"",""cpu"":""0.33%"",""mem"":""77.86MiB / 122.8GiB""},{""name"":""lab-postgres"",""cpu"":""2.68%"",""mem"":""237.9MiB / 122.8GiB""},{""name"":""lab-mysql"",""cpu"":""0.69%"",""mem"":""720.2MiB / 122.8GiB""},{""name"":""lab-woocommerce-mysql"",""cpu"":""0.64%"",""mem"":""509.6MiB / 122.8GiB""}]"
2026-09-10T13:16:21Z,3,0,0,0,3,2667706035,"[{""name"":""lab-worker-1"",""cpu"":""1.77%"",""mem"":""129.7MiB / 122.8GiB""},{""name"":""lab-api"",""cpu"":""0.39%"",""mem"":""155.8MiB / 122.8GiB""},{""name"":""lab-allegro-stub"",""cpu"":""0.00%"",""mem"":""20.35MiB / 122.8GiB""},{""name"":""lab-erli-stub"",""cpu"":""4.10%"",""mem"":""18.06MiB / 122.8GiB""},{""name"":""lab-eparagony-stub"",""cpu"":""4.20%"",""mem"":""20.36MiB / 122.8GiB""},{""name"":""lab-invoicing-stub"",""cpu"":""0.00%"",""mem"":""16.59MiB / 122.8GiB""},{""name"":""lab-shipping-stub"",""cpu"":""0.00%"",""mem"":""16.57MiB / 122.8GiB""},{""name"":""lab-eparagony-stub-tls"",""cpu"":""0.00%"",""mem"":""23.3MiB / 122.8GiB""},{""name"":""lab-erli-stub-tls"",""cpu"":""0.00%"",""mem"":""22.67MiB / 122.8GiB""},{""name"":""lab-wc-tls"",""cpu"":""0.00%"",""mem"":""28.21MiB / 122.8GiB""},{""name"":""lab-prestashop"",""cpu"":""0.00%"",""mem"":""178.4MiB / 122.8GiB""},{""name"":""lab-woocommerce"",""cpu"":""0.01%"",""mem"":""297.1MiB / 122.8GiB""},{""name"":""lab-redis"",""cpu"":""0.33%"",""mem"":""77.86MiB / 122.8GiB""},{""name"":""lab-postgres"",""cpu"":""2.68%"",""mem"":""237.9MiB / 122.8GiB""},{""name"":""lab-mysql"",""cpu"":""0.69%"",""mem"":""720.2MiB / 122.8GiB""},{""name"":""lab-woocommerce-mysql"",""cpu"":""0.66%"",""mem"":""509.6MiB / 122.8GiB""}]"
2026-09-10T13:16:25Z,4,0,0,0,4,2667706035,"[{""name"":""lab-worker-1"",""cpu"":""0.43%"",""mem"":""129.7MiB / 122.8GiB""},{""name"":""lab-api"",""cpu"":""0.00%"",""mem"":""155.8MiB / 122.8GiB""},{""name"":""lab-allegro-stub"",""cpu"":""0.00%"",""mem"":""20.36MiB / 122.8GiB""},{""name"":""lab-erli-stub"",""cpu"":""0.00%"",""mem"":""18.04MiB / 122.8GiB""},{""name"":""lab-eparagony-stub"",""cpu"":""0.00%"",""mem"":""20.36MiB / 122.8GiB""},{""name"":""lab-invoicing-stub"",""cpu"":""0.00%"",""mem"":""16.59MiB / 122.8GiB""},{""name"":""lab-shipping-stub"",""cpu"":""0.00%"",""mem"":""16.57MiB / 122.8GiB""},{""name"":""lab-eparagony-stub-tls"",""cpu"":""0.00%"",""mem"":""23.3MiB / 122.8GiB""},{""name"":""lab-erli-stub-tls"",""cpu"":""0.00%"",""mem"":""22.67MiB / 122.8GiB""},{""name"":""lab-wc-tls"",""cpu"":""0.00%"",""mem"":""28.21MiB / 122.8GiB""},{""name"":""lab-prestashop"",""cpu"":""0.00%"",""mem"":""178.3MiB / 122.8GiB""},{""name"":""lab-woocommerce"",""cpu"":""0.00%"",""mem"":""297.1MiB / 122.8GiB""},{""name"":""lab-redis"",""cpu"":""0.24%"",""mem"":""77.86MiB / 122.8GiB""},{""name"":""lab-postgres"",""cpu"":""6.05%"",""mem"":""238MiB / 122.8GiB""},{""name"":""lab-mysql"",""cpu"":""0.78%"",""mem"":""720.2MiB / 122.8GiB""},{""name"":""lab-woocommerce-mysql"",""cpu"":""0.67%"",""mem"":""509.6MiB / 122.8GiB""}]"
2026-09-10T13:16:25Z,4,0,0,0,4,2667706035,"[{""name"":""lab-worker-1"",""cpu"":""0.43%"",""mem"":""129.7MiB / 122.8GiB""},{""name"":""lab-api"",""cpu"":""0.00%"",""mem"":""155.8MiB / 122.8GiB""},{""name"":""lab-allegro-stub"",""cpu"":""0.00%"",""mem"":""20.36MiB / 122.8GiB""},{""name"":""lab-erli-stub"",""cpu"":""0.00%"",""mem"":""18.04MiB / 122.8GiB""},{""name"":""lab-eparagony-stub"",""cpu"":""0.00%"",""mem"":""20.36MiB / 122.8GiB""},{""name"":""lab-invoicing-stub"",""cpu"":""0.00%"",""mem"":""16.59MiB / 122.8GiB""},{""name"":""lab-shipping-stub"",""cpu"":""0.00%"",""mem"":""16.57MiB / 122.8GiB""},{""name"":""lab-eparagony-stub-tls"",""cpu"":""0.00%"",""mem"":""23.3MiB / 122.8GiB""},{""name"":""lab-erli-stub-tls"",""cpu"":""0.00%"",""mem"":""22.67MiB / 122.8GiB""},{""name"":""lab-wc-tls"",""cpu"":""0.00%"",""mem"":""28.21MiB / 122.8GiB""},{""name"":""lab-prestashop"",""cpu"":""0.00%"",""mem"":""178.3MiB / 122.8GiB""},{""name"":""lab-woocommerce"",""cpu"":""0.00%"",""mem"":""297.1MiB / 122.8GiB""},{""name"":""lab-redis"",""cpu"":""0.24%"",""mem"":""77.86MiB / 122.8GiB""},{""name"":""lab-postgres"",""cpu"":""6.05%"",""mem"":""238MiB / 122.8GiB""},{""name"":""lab-mysql"",""cpu"":""0.78%"",""mem"":""720.2MiB / 122.8GiB""},{""name"":""lab-woocommerce-mysql"",""cpu"":""0.76%"",""mem"":""509.6MiB / 122.8GiB""}]"
2026-09-10T13:16:28Z,4,0,0,0,4,2667706035,"[{""name"":""lab-worker-1"",""cpu"":""0.40%"",""mem"":""129.7MiB / 122.8GiB""},{""name"":""lab-api"",""cpu"":""0.00%"",""mem"":""155.8MiB / 122.8GiB""},{""name"":""lab-allegro-stub"",""cpu"":""0.01%"",""mem"":""20.45MiB / 122.8GiB""},{""name"":""lab-erli-stub"",""cpu"":""0.00%"",""mem"":""18.04MiB / 122.8GiB""},{""name"":""lab-eparagony-stub"",""cpu"":""0.00%"",""mem"":""20.37MiB / 122.8GiB""},{""name"":""lab-invoicing-stub"",""cpu"":""0.01%"",""mem"":""16.61MiB / 122.8GiB""},{""name"":""lab-shipping-stub"",""cpu"":""0.01%"",""mem"":""16.57MiB / 122.8GiB""},{""name"":""lab-eparagony-stub-tls"",""cpu"":""0.00%"",""mem"":""23.3MiB / 122.8GiB""},{""name"":""lab-erli-stub-tls"",""cpu"":""0.00%"",""mem"":""22.67MiB / 122.8GiB""},{""name"":""lab-wc-tls"",""cpu"":""0.00%"",""mem"":""28.21MiB / 122.8GiB""},{""name"":""lab-prestashop"",""cpu"":""0.01%"",""mem"":""178.3MiB / 122.8GiB""},{""name"":""lab-woocommerce"",""cpu"":""0.00%"",""mem"":""297.1MiB / 122.8GiB""},{""name"":""lab-redis"",""cpu"":""0.28%"",""mem"":""77.86MiB / 122.8GiB""},{""name"":""lab-postgres"",""cpu"":""0.43%"",""mem"":""238MiB / 122.8GiB""},{""name"":""lab-mysql"",""cpu"":""0.84%"",""mem"":""720.2MiB / 122.8GiB""},{""name"":""lab-woocommerce-mysql"",""cpu"":""5.50%"",""mem"":""509.7MiB / 122.8GiB""}]"
2026-09-10T13:16:28Z,4,0,0,0,4,2667706035,"[{""name"":""lab-worker-1"",""cpu"":""0.40%"",""mem"":""129.7MiB / 122.8GiB""},{""name"":""lab-api"",""cpu"":""0.00%"",""mem"":""155.8MiB / 122.8GiB""},{""name"":""lab-allegro-stub"",""cpu"":""0.01%"",""mem"":""20.45MiB / 122.8GiB""},{""name"":""lab-erli-stub"",""cpu"":""0.00%"",""mem"":""18.04MiB / 122.8GiB""},{""name"":""lab-eparagony-stub"",""cpu"":""0.00%"",""mem"":""20.37MiB / 122.8GiB""},{""name"":""lab-invoicing-stub"",""cpu"":""0.01%"",""mem"":""16.61MiB / 122.8GiB""},{""name"":""lab-shipping-stub"",""cpu"":""0.01%"",""mem"":""16.57MiB / 122.8GiB""},{""name"":""lab-eparagony-stub-tls"",""cpu"":""0.00%"",""mem"":""23.3MiB / 122.8GiB""},{""name"":""lab-erli-stub-tls"",""cpu"":""0.00%"",""mem"":""22.67MiB / 122.8GiB""},{""name"":""lab-wc-tls"",""cpu"":""0.00%"",""mem"":""28.21MiB / 122.8GiB""},{""name"":""lab-prestashop"",""cpu"":""0.01%"",""mem"":""178.3MiB / 122.8GiB""},{""name"":""lab-woocommerce"",""cpu"":""0.00%"",""mem"":""297.1MiB / 122.8GiB""},{""name"":""lab-redis"",""cpu"":""0.28%"",""mem"":""77.86MiB / 122.8GiB""},{""name"":""lab-postgres"",""cpu"":""0.43%"",""mem"":""238MiB / 122.8GiB""},{""name"":""lab-mysql"",""cpu"":""0.84%"",""mem"":""720.2MiB / 122.8GiB""},{""name"":""lab-woocommerce-mysql"",""cpu"":""5.50%"",""mem"":""509.7MiB / 122.8GiB""}]"
2026-09-10T13:16:32Z,3,0,0,0,4,2667706035,"[{""name"":""lab-worker-1"",""cpu"":""1.64%"",""mem"":""129.7MiB / 122.8GiB""},{""name"":""lab-api"",""cpu"":""0.00%"",""mem"":""155.8MiB / 122.8GiB""},{""name"":""lab-allegro-stub"",""cpu"":""0.87%"",""mem"":""27.07MiB / 122.8GiB""},{""name"":""lab-erli-stub"",""cpu"":""0.01%"",""mem"":""18.04MiB / 122.8GiB""},{""name"":""lab-eparagony-stub"",""cpu"":""0.00%"",""mem"":""20.36MiB / 122.8GiB""},{""name"":""lab-invoicing-stub"",""cpu"":""0.00%"",""mem"":""16.59MiB / 122.8GiB""},{""name"":""lab-shipping-stub"",""cpu"":""0.03%"",""mem"":""17.06MiB / 122.8GiB""},{""name"":""lab-eparagony-stub-tls"",""cpu"":""0.00%"",""mem"":""23.3MiB / 122.8GiB""},{""name"":""lab-erli-stub-tls"",""cpu"":""0.00%"",""mem"":""22.67MiB / 122.8GiB""},{""name"":""lab-wc-tls"",""cpu"":""0.00%"",""mem"":""28.21MiB / 122.8GiB""},{""name"":""lab-prestashop"",""cpu"":""0.01%"",""mem"":""178.3MiB / 122.8GiB""},{""name"":""lab-woocommerce"",""cpu"":""0.00%"",""mem"":""295.1MiB / 122.8GiB""},{""name"":""lab-redis"",""cpu"":""0.29%"",""mem"":""77.86MiB / 122.8GiB""},{""name"":""lab-postgres"",""cpu"":""3.15%"",""mem"":""237.9MiB / 122.8GiB""},{""name"":""lab-mysql"",""cpu"":""0.78%"",""mem"":""720.2MiB / 122.8GiB""},{""name"":""lab-woocommerce-mysql"",""cpu"":""0.99%"",""mem"":""509.6MiB / 122.8GiB""}]"
2026-09-10T13:16:32Z,3,0,0,0,4,2667706035,"[{""name"":""lab-worker-1"",""cpu"":""1.64%"",""mem"":""129.7MiB / 122.8GiB""},{""name"":""lab-api"",""cpu"":""0.00%"",""mem"":""155.8MiB / 122.8GiB""},{""name"":""lab-allegro-stub"",""cpu"":""0.87%"",""mem"":""27.07MiB / 122.8GiB""},{""name"":""lab-erli-stub"",""cpu"":""0.01%"",""mem"":""18.04MiB / 122.8GiB""},{""name"":""lab-eparagony-stub"",""cpu"":""0.00%"",""mem"":""20.36MiB / 122.8GiB""},{""name"":""lab-invoicing-stub"",""cpu"":""0.00%"",""mem"":""16.59MiB / 122.8GiB""},{""name"":""lab-shipping-stub"",""cpu"":""0.03%"",""mem"":""17.06MiB / 122.8GiB""},{""name"":""lab-eparagony-stub-tls"",""cpu"":""0.00%"",""mem"":""23.3MiB / 122.8GiB""},{""name"":""lab-erli-stub-tls"",""cpu"":""0.00%"",""mem"":""22.67MiB / 122.8GiB""},{""name"":""lab-wc-tls"",""cpu"":""0.00%"",""mem"":""28.21MiB / 122.8GiB""},{""name"":""lab-prestashop"",""cpu"":""0.01%"",""mem"":""178.3MiB / 122.8GiB""},{""name"":""lab-woocommerce"",""cpu"":""0.00%"",""mem"":""295.1MiB / 122.8GiB""},{""name"":""lab-redis"",""cpu"":""0.29%"",""mem"":""77.86MiB / 122.8GiB""},{""name"":""lab-postgres"",""cpu"":""3.15%"",""mem"":""237.9MiB / 122.8GiB""},{""name"":""lab-mysql"",""cpu"":""0.78%"",""mem"":""720.2MiB / 122.8GiB""},{""name"":""lab-woocommerce-mysql"",""cpu"":""0.99%"",""mem"":""509.6MiB / 122.8GiB""}]"
2026-09-10T13:16:36Z,4,0,0,0,5,2667706035,"[{""name"":""lab-worker-1"",""cpu"":""0.43%"",""mem"":""129.7MiB / 122.8GiB""},{""name"":""lab-api"",""cpu"":""0.00%"",""mem"":""155.8MiB / 122.8GiB""},{""name"":""lab-allegro-stub"",""cpu"":""0.00%"",""mem"":""20.35MiB / 122.8GiB""},{""name"":""lab-erli-stub"",""cpu"":""0.00%"",""mem"":""18.04MiB / 122.8GiB""},{""name"":""lab-eparagony-stub"",""cpu"":""3.90%"",""mem"":""20.38MiB / 122.8GiB""},{""name"":""lab-invoicing-stub"",""cpu"":""0.00%"",""mem"":""16.59MiB / 122.8GiB""},{""name"":""lab-shipping-stub"",""cpu"":""0.00%"",""mem"":""16.57MiB / 122.8GiB""},{""name"":""lab-eparagony-stub-tls"",""cpu"":""0.00%"",""mem"":""23.3MiB / 122.8GiB""},{""name"":""lab-erli-stub-tls"",""cpu"":""0.00%"",""mem"":""22.67MiB / 122.8GiB""},{""name"":""lab-wc-tls"",""cpu"":""0.00%"",""mem"":""28.21MiB / 122.8GiB""},{""name"":""lab-prestashop"",""cpu"":""0.01%"",""mem"":""178.3MiB / 122.8GiB""},{""name"":""lab-woocommerce"",""cpu"":""0.01%"",""mem"":""295.1MiB / 122.8GiB""},{""name"":""lab-redis"",""cpu"":""0.31%"",""mem"":""77.86MiB / 122.8GiB""},{""name"":""lab-postgres"",""cpu"":""0.47%"",""mem"":""238MiB / 122.8GiB""},{""name"":""lab-mysql"",""cpu"":""5.43%"",""mem"":""720.2MiB / 122.8GiB""},{""name"":""lab-woocommerce-mysql"",""cpu"":""0.88%"",""mem"":""509.6MiB / 122.8GiB""}]"
2026-09-10T13:16:36Z,4,0,0,0,5,2667706035,"[{""name"":""lab-worker-1"",""cpu"":""0.43%"",""mem"":""129.7MiB / 122.8GiB""},{""name"":""lab-api"",""cpu"":""0.00%"",""mem"":""155.8MiB / 122.8GiB""},{""name"":""lab-allegro-stub"",""cpu"":""0.00%"",""mem"":""20.35MiB / 122.8GiB""},{""name"":""lab-erli-stub"",""cpu"":""0.00%"",""mem"":""18.04MiB / 122.8GiB""},{""name"":""lab-eparagony-stub"",""cpu"":""3.90%"",""mem"":""20.38MiB / 122.8GiB""},{""name"":""lab-invoicing-stub"",""cpu"":""0.00%"",""mem"":""16.59MiB / 122.8GiB""},{""name"":""lab-shipping-stub"",""cpu"":""0.00%"",""mem"":""16.57MiB / 122.8GiB""},{""name"":""lab-eparagony-stub-tls"",""cpu"":""0.00%"",""mem"":""23.3MiB / 122.8GiB""},{""name"":""lab-erli-stub-tls"",""cpu"":""0.00%"",""mem"":""22.67MiB / 122.8GiB""},{""name"":""lab-wc-tls"",""cpu"":""0.00%"",""mem"":""28.21MiB / 122.8GiB""},{""name"":""lab-prestashop"",""cpu"":""0.01%"",""mem"":""178.3MiB / 122.8GiB""},{""name"":""lab-woocommerce"",""cpu"":""0.01%"",""mem"":""295.1MiB / 122.8GiB""},{""name"":""lab-redis"",""cpu"":""0.31%"",""mem"":""77.86MiB / 122.8GiB""},{""name"":""lab-postgres"",""cpu"":""0.47%"",""mem"":""238MiB / 122.8GiB""},{""name"":""lab-mysql"",""cpu"":""5.43%"",""mem"":""720.2MiB / 122.8GiB""},{""name"":""lab-woocommerce-mysql"",""cpu"":""0.88%"",""mem"":""509.6MiB / 122.8GiB""}]"
2026-09-10T13:16:39Z,4,0,0,0,5,2667706035,"[{""name"":""lab-worker-1"",""cpu"":""0.35%"",""mem"":""129.9MiB / 122.8GiB""},{""name"":""lab-api"",""cpu"":""0.00%"",""mem"":""155.8MiB / 122.8GiB""},{""name"":""lab-allegro-stub"",""cpu"":""0.00%"",""mem"":""20.35MiB / 122.8GiB""},{""name"":""lab-erli-stub"",""cpu"":""0.00%"",""mem"":""18.04MiB / 122.8GiB""},{""name"":""lab-eparagony-stub"",""cpu"":""0.00%"",""mem"":""20.36MiB / 122.8GiB""},{""name"":""lab-invoicing-stub"",""cpu"":""0.00%"",""mem"":""16.59MiB / 122.8GiB""},{""name"":""lab-shipping-stub"",""cpu"":""0.00%"",""mem"":""16.57MiB / 122.8GiB""},{""name"":""lab-eparagony-stub-tls"",""cpu"":""0.00%"",""mem"":""23.3MiB / 122.8GiB""},{""name"":""lab-erli-stub-tls"",""cpu"":""0.00%"",""mem"":""22.67MiB / 122.8GiB""},{""name"":""lab-wc-tls"",""cpu"":""0.00%"",""mem"":""28.21MiB / 122.8GiB""},{""name"":""lab-prestashop"",""cpu"":""0.01%"",""mem"":""174.3MiB / 122.8GiB""},{""name"":""lab-woocommerce"",""cpu"":""0.01%"",""mem"":""295.1MiB / 122.8GiB""},{""name"":""lab-redis"",""cpu"":""0.25%"",""mem"":""77.86MiB / 122.8GiB""},{""name"":""lab-postgres"",""cpu"":""0.48%"",""mem"":""238MiB / 122.8GiB""},{""name"":""lab-mysql"",""cpu"":""0.85%"",""mem"":""720.2MiB / 122.8GiB""},{""name"":""lab-woocommerce-mysql"",""cpu"":""0.93%"",""mem"":""509.6MiB / 122.8GiB""}]"
2026-09-10T13:16:39Z,4,0,0,0,5,2667706035,"[{""name"":""lab-worker-1"",""cpu"":""0.35%"",""mem"":""129.9MiB / 122.8GiB""},{""name"":""lab-api"",""cpu"":""0.00%"",""mem"":""155.8MiB / 122.8GiB""},{""name"":""lab-allegro-stub"",""cpu"":""0.00%"",""mem"":""20.35MiB / 122.8GiB""},{""name"":""lab-erli-stub"",""cpu"":""0.00%"",""mem"":""18.04MiB / 122.8GiB""},{""name"":""lab-eparagony-stub"",""cpu"":""0.00%"",""mem"":""20.36MiB / 122.8GiB""},{""name"":""lab-invoicing-stub"",""cpu"":""0.00%"",""mem"":""16.59MiB / 122.8GiB""},{""name"":""lab-shipping-stub"",""cpu"":""0.00%"",""mem"":""16.57MiB / 122.8GiB""},{""name"":""lab-eparagony-stub-tls"",""cpu"":""0.00%"",""mem"":""23.3MiB / 122.8GiB""},{""name"":""lab-erli-stub-tls"",""cpu"":""0.00%"",""mem"":""22.67MiB / 122.8GiB""},{""name"":""lab-wc-tls"",""cpu"":""0.00%"",""mem"":""28.21MiB / 122.8GiB""},{""name"":""lab-prestashop"",""cpu"":""0.01%"",""mem"":""174.3MiB / 122.8GiB""},{""name"":""lab-woocommerce"",""cpu"":""0.01%"",""mem"":""295.1MiB / 122.8GiB""},{""name"":""lab-redis"",""cpu"":""0.25%"",""mem"":""77.86MiB / 122.8GiB""},{""name"":""lab-postgres"",""cpu"":""0.48%"",""mem"":""238MiB / 122.8GiB""},{""name"":""lab-mysql"",""cpu"":""0.85%"",""mem"":""720.2MiB / 122.8GiB""},{""name"":""lab-woocommerce-mysql"",""cpu"":""0.93%"",""mem"":""509.6MiB / 122.8GiB""}]"
2026-09-10T13:16:43Z,3,0,0,0,5,2667706035,"[{""name"":""lab-worker-1"",""cpu"":""0.42%"",""mem"":""129.9MiB / 122.8GiB""},{""name"":""lab-api"",""cpu"":""0.00%"",""mem"":""155.9MiB / 122.8GiB""},{""name"":""lab-allegro-stub"",""cpu"":""4.15%"",""mem"":""20.36MiB / 122.8GiB""},{""name"":""lab-erli-stub"",""cpu"":""0.01%"",""mem"":""18.04MiB / 122.8GiB""},{""name"":""lab-eparagony-stub"",""cpu"":""0.00%"",""mem"":""20.36MiB / 122.8GiB""},{""name"":""lab-invoicing-stub"",""cpu"":""3.58%"",""mem"":""16.6MiB / 122.8GiB""},{""name"":""lab-shipping-stub"",""cpu"":""3.92%"",""mem"":""16.59MiB / 122.8GiB""},{""name"":""lab-eparagony-stub-tls"",""cpu"":""0.00%"",""mem"":""23.3MiB / 122.8GiB""},{""name"":""lab-erli-stub-tls"",""cpu"":""0.00%"",""mem"":""22.67MiB / 122.8GiB""},{""name"":""lab-wc-tls"",""cpu"":""0.00%"",""mem"":""28.21MiB / 122.8GiB""},{""name"":""lab-prestashop"",""cpu"":""0.01%"",""mem"":""174.3MiB / 122.8GiB""},{""name"":""lab-woocommerce"",""cpu"":""0.01%"",""mem"":""295.1MiB / 122.8GiB""},{""name"":""lab-redis"",""cpu"":""4.27%"",""mem"":""77.91MiB / 122.8GiB""},{""name"":""lab-postgres"",""cpu"":""0.72%"",""mem"":""238MiB / 122.8GiB""},{""name"":""lab-mysql"",""cpu"":""0.92%"",""mem"":""720.2MiB / 122.8GiB""},{""name"":""lab-woocommerce-mysql"",""cpu"":""0.73%"",""mem"":""509.6MiB / 122.8GiB""}]"
2026-09-10T13:16:43Z,3,0,0,0,5,2667706035,"[{""name"":""lab-worker-1"",""cpu"":""0.42%"",""mem"":""129.9MiB / 122.8GiB""},{""name"":""lab-api"",""cpu"":""0.00%"",""mem"":""155.9MiB / 122.8GiB""},{""name"":""lab-allegro-stub"",""cpu"":""4.15%"",""mem"":""20.36MiB / 122.8GiB""},{""name"":""lab-erli-stub"",""cpu"":""0.01%"",""mem"":""18.04MiB / 122.8GiB""},{""name"":""lab-eparagony-stub"",""cpu"":""0.00%"",""mem"":""20.36MiB / 122.8GiB""},{""name"":""lab-invoicing-stub"",""cpu"":""3.58%"",""mem"":""16.6MiB / 122.8GiB""},{""name"":""lab-shipping-stub"",""cpu"":""3.92%"",""mem"":""16.59MiB / 122.8GiB""},{""name"":""lab-eparagony-stub-tls"",""cpu"":""0.00%"",""mem"":""23.3MiB / 122.8GiB""},{""name"":""lab-erli-stub-tls"",""cpu"":""0.00%"",""mem"":""22.67MiB / 122.8GiB""},{""name"":""lab-wc-tls"",""cpu"":""0.00%"",""mem"":""28.21MiB / 122.8GiB""},{""name"":""lab-prestashop"",""cpu"":""0.01%"",""mem"":""174.3MiB / 122.8GiB""},{""name"":""lab-woocommerce"",""cpu"":""0.01%"",""mem"":""295.1MiB / 122.8GiB""},{""name"":""lab-redis"",""cpu"":""4.27%"",""mem"":""77.91MiB / 122.8GiB""},{""name"":""lab-postgres"",""cpu"":""0.72%"",""mem"":""238MiB / 122.8GiB""},{""name"":""lab-mysql"",""cpu"":""0.92%"",""mem"":""720.2MiB / 122.8GiB""},{""name"":""lab-woocommerce-mysql"",""cpu"":""0.80%"",""mem"":""509.6MiB / 122.8GiB""}]"
2026-09-10T13:16:47Z,4,0,0,0,6,2667706035,"[{""name"":""lab-worker-1"",""cpu"":""0.43%"",""mem"":""129.9MiB / 122.8GiB""},{""name"":""lab-api"",""cpu"":""0.01%"",""mem"":""155.9MiB / 122.8GiB""},{""name"":""lab-allegro-stub"",""cpu"":""0.00%"",""mem"":""20.35MiB / 122.8GiB""},{""name"":""lab-erli-stub"",""cpu"":""4.01%"",""mem"":""18.12MiB / 122.8GiB""},{""name"":""lab-eparagony-stub"",""cpu"":""0.01%"",""mem"":""20.39MiB / 122.8GiB""},{""name"":""lab-invoicing-stub"",""cpu"":""0.00%"",""mem"":""16.59MiB / 122.8GiB""},{""name"":""lab-shipping-stub"",""cpu"":""0.00%"",""mem"":""16.57MiB / 122.8GiB""},{""name"":""lab-eparagony-stub-tls"",""cpu"":""0.00%"",""mem"":""23.3MiB / 122.8GiB""},{""name"":""lab-erli-stub-tls"",""cpu"":""0.00%"",""mem"":""22.67MiB / 122.8GiB""},{""name"":""lab-wc-tls"",""cpu"":""0.00%"",""mem"":""28.21MiB / 122.8GiB""},{""name"":""lab-prestashop"",""cpu"":""0.01%"",""mem"":""174.3MiB / 122.8GiB""},{""name"":""lab-woocommerce"",""cpu"":""0.01%"",""mem"":""295.1MiB / 122.8GiB""},{""name"":""lab-redis"",""cpu"":""0.29%"",""mem"":""77.86MiB / 122.8GiB""},{""name"":""lab-postgres"",""cpu"":""0.49%"",""mem"":""238MiB / 122.8GiB""},{""name"":""lab-mysql"",""cpu"":""0.97%"",""mem"":""720.2MiB / 122.8GiB""},{""name"":""lab-woocommerce-mysql"",""cpu"":""0.95%"",""mem"":""509.6MiB / 122.8GiB""}]"
2026-09-10T13:16:47Z,4,0,0,0,6,2667706035,"[{""name"":""lab-worker-1"",""cpu"":""0.43%"",""mem"":""129.9MiB / 122.8GiB""},{""name"":""lab-api"",""cpu"":""0.01%"",""mem"":""155.9MiB / 122.8GiB""},{""name"":""lab-allegro-stub"",""cpu"":""0.00%"",""mem"":""20.35MiB / 122.8GiB""},{""name"":""lab-erli-stub"",""cpu"":""4.01%"",""mem"":""18.12MiB / 122.8GiB""},{""name"":""lab-eparagony-stub"",""cpu"":""0.01%"",""mem"":""20.39MiB / 122.8GiB""},{""name"":""lab-invoicing-stub"",""cpu"":""0.00%"",""mem"":""16.59MiB / 122.8GiB""},{""name"":""lab-shipping-stub"",""cpu"":""0.00%"",""mem"":""16.57MiB / 122.8GiB""},{""name"":""lab-eparagony-stub-tls"",""cpu"":""0.00%"",""mem"":""23.3MiB / 122.8GiB""},{""name"":""lab-erli-stub-tls"",""cpu"":""0.00%"",""mem"":""22.67MiB / 122.8GiB""},{""name"":""lab-wc-tls"",""cpu"":""0.00%"",""mem"":""28.21MiB / 122.8GiB""},{""name"":""lab-prestashop"",""cpu"":""0.01%"",""mem"":""174.3MiB / 122.8GiB""},{""name"":""lab-woocommerce"",""cpu"":""0.01%"",""mem"":""295.1MiB / 122.8GiB""},{""name"":""lab-redis"",""cpu"":""0.29%"",""mem"":""77.86MiB / 122.8GiB""},{""name"":""lab-postgres"",""cpu"":""0.49%"",""mem"":""238MiB / 122.8GiB""},{""name"":""lab-mysql"",""cpu"":""0.97%"",""mem"":""720.2MiB / 122.8GiB""},{""name"":""lab-woocommerce-mysql"",""cpu"":""1.01%"",""mem"":""509.6MiB / 122.8GiB""}]"
2026-09-10T13:16:50Z,4,0,0,0,6,2667706035,"[{""name"":""lab-worker-1"",""cpu"":""0.40%"",""mem"":""129.7MiB / 122.8GiB""},{""name"":""lab-api"",""cpu"":""0.01%"",""mem"":""155.9MiB / 122.8GiB""},{""name"":""lab-allegro-stub"",""cpu"":""0.00%"",""mem"":""20.35MiB / 122.8GiB""},{""name"":""lab-erli-stub"",""cpu"":""0.00%"",""mem"":""18.06MiB / 122.8GiB""},{""name"":""lab-eparagony-stub"",""cpu"":""0.00%"",""mem"":""20.35MiB / 122.8GiB""},{""name"":""lab-invoicing-stub"",""cpu"":""0.00%"",""mem"":""16.59MiB / 122.8GiB""},{""name"":""lab-shipping-stub"",""cpu"":""0.00%"",""mem"":""16.57MiB / 122.8GiB""},{""name"":""lab-eparagony-stub-tls"",""cpu"":""0.00%"",""mem"":""23.3MiB / 122.8GiB""},{""name"":""lab-erli-stub-tls"",""cpu"":""0.00%"",""mem"":""22.67MiB / 122.8GiB""},{""name"":""lab-wc-tls"",""cpu"":""0.00%"",""mem"":""28.21MiB / 122.8GiB""},{""name"":""lab-prestashop"",""cpu"":""0.01%"",""mem"":""174.3MiB / 122.8GiB""},{""name"":""lab-woocommerce"",""cpu"":""0.01%"",""mem"":""295.1MiB / 122.8GiB""},{""name"":""lab-redis"",""cpu"":""0.25%"",""mem"":""78.11MiB / 122.8GiB""},{""name"":""lab-postgres"",""cpu"":""0.63%"",""mem"":""237.9MiB / 122.8GiB""},{""name"":""lab-mysql"",""cpu"":""0.94%"",""mem"":""720.2MiB / 122.8GiB""},{""name"":""lab-woocommerce-mysql"",""cpu"":""0.96%"",""mem"":""509.6MiB / 122.8GiB""}]"
2026-09-10T13:16:50Z,4,0,0,0,6,2667706035,"[{""name"":""lab-worker-1"",""cpu"":""0.40%"",""mem"":""129.7MiB / 122.8GiB""},{""name"":""lab-api"",""cpu"":""0.01%"",""mem"":""155.9MiB / 122.8GiB""},{""name"":""lab-allegro-stub"",""cpu"":""0.00%"",""mem"":""20.35MiB / 122.8GiB""},{""name"":""lab-erli-stub"",""cpu"":""0.00%"",""mem"":""18.06MiB / 122.8GiB""},{""name"":""lab-eparagony-stub"",""cpu"":""0.00%"",""mem"":""20.35MiB / 122.8GiB""},{""name"":""lab-invoicing-stub"",""cpu"":""0.00%"",""mem"":""16.59MiB / 122.8GiB""},{""name"":""lab-shipping-stub"",""cpu"":""0.00%"",""mem"":""16.57MiB / 122.8GiB""},{""name"":""lab-eparagony-stub-tls"",""cpu"":""0.00%"",""mem"":""23.3MiB / 122.8GiB""},{""name"":""lab-erli-stub-tls"",""cpu"":""0.00%"",""mem"":""22.67MiB / 122.8GiB""},{""name"":""lab-wc-tls"",""cpu"":""0.00%"",""mem"":""28.21MiB / 122.8GiB""},{""name"":""lab-prestashop"",""cpu"":""0.01%"",""mem"":""174.3MiB / 122.8GiB""},{""name"":""lab-woocommerce"",""cpu"":""0.01%"",""mem"":""295.1MiB / 122.8GiB""},{""name"":""lab-redis"",""cpu"":""0.25%"",""mem"":""78.11MiB / 122.8GiB""},{""name"":""lab-postgres"",""cpu"":""0.63%"",""mem"":""237.9MiB / 122.8GiB""},{""name"":""lab-mysql"",""cpu"":""0.94%"",""mem"":""720.2MiB / 122.8GiB""},{""name"":""lab-woocommerce-mysql"",""cpu"":""0.96%"",""mem"":""509.6MiB / 122.8GiB""}]"
2026-09-10T13:16:54Z,3,0,0,0,7,2667706035,"[{""name"":""lab-worker-1"",""cpu"":""0.49%"",""mem"":""129.7MiB / 122.8GiB""},{""name"":""lab-api"",""cpu"":""0.00%"",""mem"":""155.9MiB / 122.8GiB""},{""name"":""lab-allegro-stub"",""cpu"":""0.00%"",""mem"":""20.35MiB / 122.8GiB""},{""name"":""lab-erli-stub"",""cpu"":""0.00%"",""mem"":""18.04MiB / 122.8GiB""},{""name"":""lab-eparagony-stub"",""cpu"":""0.00%"",""mem"":""20.35MiB / 122.8GiB""},{""name"":""lab-invoicing-stub"",""cpu"":""0.00%"",""mem"":""16.59MiB / 122.8GiB""},{""name"":""lab-shipping-stub"",""cpu"":""0.00%"",""mem"":""16.57MiB / 122.8GiB""},{""name"":""lab-eparagony-stub-tls"",""cpu"":""0.00%"",""mem"":""23.3MiB / 122.8GiB""},{""name"":""lab-erli-stub-tls"",""cpu"":""0.00%"",""mem"":""22.67MiB / 122.8GiB""},{""name"":""lab-wc-tls"",""cpu"":""0.00%"",""mem"":""28.21MiB / 122.8GiB""},{""name"":""lab-prestashop"",""cpu"":""0.01%"",""mem"":""174.3MiB / 122.8GiB""},{""name"":""lab-woocommerce"",""cpu"":""0.01%"",""mem"":""295.1MiB / 122.8GiB""},{""name"":""lab-redis"",""cpu"":""0.77%"",""mem"":""77.91MiB / 122.8GiB""},{""name"":""lab-postgres"",""cpu"":""1.45%"",""mem"":""238MiB / 122.8GiB""},{""name"":""lab-mysql"",""cpu"":""0.98%"",""mem"":""720.2MiB / 122.8GiB""},{""name"":""lab-woocommerce-mysql"",""cpu"":""1.04%"",""mem"":""509.6MiB / 122.8GiB""}]"
2026-09-10T13:16:54Z,3,0,0,0,7,2667706035,"[{""name"":""lab-worker-1"",""cpu"":""0.49%"",""mem"":""129.7MiB / 122.8GiB""},{""name"":""lab-api"",""cpu"":""0.00%"",""mem"":""155.9MiB / 122.8GiB""},{""name"":""lab-allegro-stub"",""cpu"":""0.00%"",""mem"":""20.35MiB / 122.8GiB""},{""name"":""lab-erli-stub"",""cpu"":""0.00%"",""mem"":""18.04MiB / 122.8GiB""},{""name"":""lab-eparagony-stub"",""cpu"":""0.00%"",""mem"":""20.35MiB / 122.8GiB""},{""name"":""lab-invoicing-stub"",""cpu"":""0.00%"",""mem"":""16.59MiB / 122.8GiB""},{""name"":""lab-shipping-stub"",""cpu"":""0.00%"",""mem"":""16.57MiB / 122.8GiB""},{""name"":""lab-eparagony-stub-tls"",""cpu"":""0.00%"",""mem"":""23.3MiB / 122.8GiB""},{""name"":""lab-erli-stub-tls"",""cpu"":""0.00%"",""mem"":""22.67MiB / 122.8GiB""},{""name"":""lab-wc-tls"",""cpu"":""0.00%"",""mem"":""28.21MiB / 122.8GiB""},{""name"":""lab-prestashop"",""cpu"":""0.01%"",""mem"":""174.3MiB / 122.8GiB""},{""name"":""lab-woocommerce"",""cpu"":""0.01%"",""mem"":""295.1MiB / 122.8GiB""},{""name"":""lab-redis"",""cpu"":""0.77%"",""mem"":""77.91MiB / 122.8GiB""},{""name"":""lab-postgres"",""cpu"":""1.45%"",""mem"":""238MiB / 122.8GiB""},{""name"":""lab-mysql"",""cpu"":""0.98%"",""mem"":""720.2MiB / 122.8GiB""},{""name"":""lab-woocommerce-mysql"",""cpu"":""1.04%"",""mem"":""509.6MiB / 122.8GiB""}]"
2026-09-10T13:16:58Z,4,0,0,0,7,2667706035,"[{""name"":""lab-worker-1"",""cpu"":""0.56%"",""mem"":""129.7MiB / 122.8GiB""},{""name"":""lab-api"",""cpu"":""0.00%"",""mem"":""155.9MiB / 122.8GiB""},{""name"":""lab-allegro-stub"",""cpu"":""4.36%"",""mem"":""20.39MiB / 122.8GiB""},{""name"":""lab-erli-stub"",""cpu"":""0.00%"",""mem"":""18.04MiB / 122.8GiB""},{""name"":""lab-eparagony-stub"",""cpu"":""0.00%"",""mem"":""20.4MiB / 122.8GiB""},{""name"":""lab-invoicing-stub"",""cpu"":""4.41%"",""mem"":""16.59MiB / 122.8GiB""},{""name"":""lab-shipping-stub"",""cpu"":""3.41%"",""mem"":""16.57MiB / 122.8GiB""},{""name"":""lab-eparagony-stub-tls"",""cpu"":""0.00%"",""mem"":""23.3MiB / 122.8GiB""},{""name"":""lab-erli-stub-tls"",""cpu"":""0.00%"",""mem"":""22.67MiB / 122.8GiB""},{""name"":""lab-wc-tls"",""cpu"":""0.00%"",""mem"":""28.21MiB / 122.8GiB""},{""name"":""lab-prestashop"",""cpu"":""0.00%"",""mem"":""174.3MiB / 122.8GiB""},{""name"":""lab-woocommerce"",""cpu"":""0.00%"",""mem"":""295.1MiB / 122.8GiB""},{""name"":""lab-redis"",""cpu"":""0.31%"",""mem"":""77.86MiB / 122.8GiB""},{""name"":""lab-postgres"",""cpu"":""0.36%"",""mem"":""238MiB / 122.8GiB""},{""name"":""lab-mysql"",""cpu"":""0.94%"",""mem"":""720.2MiB / 122.8GiB""},{""name"":""lab-woocommerce-mysql"",""cpu"":""0.98%"",""mem"":""509.6MiB / 122.8GiB""}]"
2026-09-10T13:16:58Z,4,0,0,0,7,2667706035,"[{""name"":""lab-worker-1"",""cpu"":""0.56%"",""mem"":""129.7MiB / 122.8GiB""},{""name"":""lab-api"",""cpu"":""0.00%"",""mem"":""155.9MiB / 122.8GiB""},{""name"":""lab-allegro-stub"",""cpu"":""4.36%"",""mem"":""20.39MiB / 122.8GiB""},{""name"":""lab-erli-stub"",""cpu"":""0.00%"",""mem"":""18.04MiB / 122.8GiB""},{""name"":""lab-eparagony-stub"",""cpu"":""0.00%"",""mem"":""20.4MiB / 122.8GiB""},{""name"":""lab-invoicing-stub"",""cpu"":""4.41%"",""mem"":""16.59MiB / 122.8GiB""},{""name"":""lab-shipping-stub"",""cpu"":""3.41%"",""mem"":""16.57MiB / 122.8GiB""},{""name"":""lab-eparagony-stub-tls"",""cpu"":""0.00%"",""mem"":""23.3MiB / 122.8GiB""},{""name"":""lab-erli-stub-tls"",""cpu"":""0.00%"",""mem"":""22.67MiB / 122.8GiB""},{""name"":""lab-wc-tls"",""cpu"":""0.00%"",""mem"":""28.21MiB / 122.8GiB""},{""name"":""lab-prestashop"",""cpu"":""0.00%"",""mem"":""174.3MiB / 122.8GiB""},{""name"":""lab-woocommerce"",""cpu"":""0.00%"",""mem"":""295.1MiB / 122.8GiB""},{""name"":""lab-redis"",""cpu"":""0.31%"",""mem"":""77.86MiB / 122.8GiB""},{""name"":""lab-postgres"",""cpu"":""0.36%"",""mem"":""238MiB / 122.8GiB""},{""name"":""lab-mysql"",""cpu"":""0.94%"",""mem"":""720.2MiB / 122.8GiB""},{""name"":""lab-woocommerce-mysql"",""cpu"":""0.97%"",""mem"":""509.6MiB / 122.8GiB""}]"
2026-09-10T13:17:01Z,4,0,0,0,7,2667706035,"[{""name"":""lab-worker-1"",""cpu"":""0.78%"",""mem"":""129.7MiB / 122.8GiB""},{""name"":""lab-api"",""cpu"":""0.56%"",""mem"":""156MiB / 122.8GiB""},{""name"":""lab-allegro-stub"",""cpu"":""0.00%"",""mem"":""20.35MiB / 122.8GiB""},{""name"":""lab-erli-stub"",""cpu"":""3.86%"",""mem"":""18.08MiB / 122.8GiB""},{""name"":""lab-eparagony-stub"",""cpu"":""4.26%"",""mem"":""20.37MiB / 122.8GiB""},{""name"":""lab-invoicing-stub"",""cpu"":""0.00%"",""mem"":""16.59MiB / 122.8GiB""},{""name"":""lab-shipping-stub"",""cpu"":""0.00%"",""mem"":""16.57MiB / 122.8GiB""},{""name"":""lab-eparagony-stub-tls"",""cpu"":""0.00%"",""mem"":""23.3MiB / 122.8GiB""},{""name"":""lab-erli-stub-tls"",""cpu"":""0.00%"",""mem"":""22.67MiB / 122.8GiB""},{""name"":""lab-wc-tls"",""cpu"":""0.00%"",""mem"":""28.21MiB / 122.8GiB""},{""name"":""lab-prestashop"",""cpu"":""0.01%"",""mem"":""174.3MiB / 122.8GiB""},{""name"":""lab-woocommerce"",""cpu"":""14.02%"",""mem"":""295.1MiB / 122.8GiB""},{""name"":""lab-redis"",""cpu"":""0.29%"",""mem"":""77.86MiB / 122.8GiB""},{""name"":""lab-postgres"",""cpu"":""1.11%"",""mem"":""236.1MiB / 122.8GiB""},{""name"":""lab-mysql"",""cpu"":""0.91%"",""mem"":""720.2MiB / 122.8GiB""},{""name"":""lab-woocommerce-mysql"",""cpu"":""2.09%"",""mem"":""509.6MiB / 122.8GiB""}]"
2026-09-10T13:17:01Z,4,0,0,0,7,2667706035,"[{""name"":""lab-worker-1"",""cpu"":""0.78%"",""mem"":""129.7MiB / 122.8GiB""},{""name"":""lab-api"",""cpu"":""0.56%"",""mem"":""156MiB / 122.8GiB""},{""name"":""lab-allegro-stub"",""cpu"":""0.00%"",""mem"":""20.35MiB / 122.8GiB""},{""name"":""lab-erli-stub"",""cpu"":""3.86%"",""mem"":""18.08MiB / 122.8GiB""},{""name"":""lab-eparagony-stub"",""cpu"":""4.26%"",""mem"":""20.37MiB / 122.8GiB""},{""name"":""lab-invoicing-stub"",""cpu"":""0.00%"",""mem"":""16.59MiB / 122.8GiB""},{""name"":""lab-shipping-stub"",""cpu"":""0.00%"",""mem"":""16.57MiB / 122.8GiB""},{""name"":""lab-eparagony-stub-tls"",""cpu"":""0.00%"",""mem"":""23.3MiB / 122.8GiB""},{""name"":""lab-erli-stub-tls"",""cpu"":""0.00%"",""mem"":""22.67MiB / 122.8GiB""},{""name"":""lab-wc-tls"",""cpu"":""0.00%"",""mem"":""28.21MiB / 122.8GiB""},{""name"":""lab-prestashop"",""cpu"":""0.01%"",""mem"":""174.3MiB / 122.8GiB""},{""name"":""lab-woocommerce"",""cpu"":""14.02%"",""mem"":""295.1MiB / 122.8GiB""},{""name"":""lab-redis"",""cpu"":""0.29%"",""mem"":""77.86MiB / 122.8GiB""},{""name"":""lab-postgres"",""cpu"":""1.11%"",""mem"":""236.1MiB / 122.8GiB""},{""name"":""lab-mysql"",""cpu"":""0.91%"",""mem"":""720.2MiB / 122.8GiB""},{""name"":""lab-woocommerce-mysql"",""cpu"":""0.97%"",""mem"":""509.6MiB / 122.8GiB""}]"
2026-09-10T13:17:05Z,3,0,0,0,8,2667706035,"[{""name"":""lab-worker-1"",""cpu"":""0.39%"",""mem"":""129.7MiB / 122.8GiB""},{""name"":""lab-api"",""cpu"":""0.00%"",""mem"":""156MiB / 122.8GiB""},{""name"":""lab-allegro-stub"",""cpu"":""0.00%"",""mem"":""20.35MiB / 122.8GiB""},{""name"":""lab-erli-stub"",""cpu"":""0.00%"",""mem"":""18.04MiB / 122.8GiB""},{""name"":""lab-eparagony-stub"",""cpu"":""0.00%"",""mem"":""20.35MiB / 122.8GiB""},{""name"":""lab-invoicing-stub"",""cpu"":""0.00%"",""mem"":""16.59MiB / 122.8GiB""},{""name"":""lab-shipping-stub"",""cpu"":""0.00%"",""mem"":""16.58MiB / 122.8GiB""},{""name"":""lab-eparagony-stub-tls"",""cpu"":""0.00%"",""mem"":""23.3MiB / 122.8GiB""},{""name"":""lab-erli-stub-tls"",""cpu"":""0.00%"",""mem"":""22.67MiB / 122.8GiB""},{""name"":""lab-wc-tls"",""cpu"":""0.00%"",""mem"":""28.21MiB / 122.8GiB""},{""name"":""lab-prestashop"",""cpu"":""0.01%"",""mem"":""174.3MiB / 122.8GiB""},{""name"":""lab-woocommerce"",""cpu"":""0.01%"",""mem"":""295.1MiB / 122.8GiB""},{""name"":""lab-redis"",""cpu"":""0.30%"",""mem"":""77.87MiB / 122.8GiB""},{""name"":""lab-postgres"",""cpu"":""5.92%"",""mem"":""238MiB / 122.8GiB""},{""name"":""lab-mysql"",""cpu"":""5.72%"",""mem"":""720.4MiB / 122.8GiB""},{""name"":""lab-woocommerce-mysql"",""cpu"":""0.92%"",""mem"":""509.6MiB / 122.8GiB""}]"
2026-09-10T13:17:05Z,3,0,0,0,8,2667706035,"[{""name"":""lab-worker-1"",""cpu"":""0.39%"",""mem"":""129.7MiB / 122.8GiB""},{""name"":""lab-api"",""cpu"":""0.00%"",""mem"":""156MiB / 122.8GiB""},{""name"":""lab-allegro-stub"",""cpu"":""0.00%"",""mem"":""20.35MiB / 122.8GiB""},{""name"":""lab-erli-stub"",""cpu"":""0.00%"",""mem"":""18.04MiB / 122.8GiB""},{""name"":""lab-eparagony-stub"",""cpu"":""0.00%"",""mem"":""20.35MiB / 122.8GiB""},{""name"":""lab-invoicing-stub"",""cpu"":""0.00%"",""mem"":""16.59MiB / 122.8GiB""},{""name"":""lab-shipping-stub"",""cpu"":""0.00%"",""mem"":""16.58MiB / 122.8GiB""},{""name"":""lab-eparagony-stub-tls"",""cpu"":""0.00%"",""mem"":""23.3MiB / 122.8GiB""},{""name"":""lab-erli-stub-tls"",""cpu"":""0.00%"",""mem"":""22.67MiB / 122.8GiB""},{""name"":""lab-wc-tls"",""cpu"":""0.00%"",""mem"":""28.21MiB / 122.8GiB""},{""name"":""lab-prestashop"",""cpu"":""0.01%"",""mem"":""174.3MiB / 122.8GiB""},{""name"":""lab-woocommerce"",""cpu"":""0.01%"",""mem"":""295.1MiB / 122.8GiB""},{""name"":""lab-redis"",""cpu"":""0.30%"",""mem"":""77.87MiB / 122.8GiB""},{""name"":""lab-postgres"",""cpu"":""5.92%"",""mem"":""238MiB / 122.8GiB""},{""name"":""lab-mysql"",""cpu"":""5.72%"",""mem"":""720.4MiB / 122.8GiB""},{""name"":""lab-woocommerce-mysql"",""cpu"":""0.99%"",""mem"":""509.6MiB / 122.8GiB""}]"
2026-09-10T13:17:09Z,4,0,0,0,8,2667706035,"[{""name"":""lab-worker-1"",""cpu"":""0.34%"",""mem"":""129.7MiB / 122.8GiB""},{""name"":""lab-api"",""cpu"":""0.00%"",""mem"":""156MiB / 122.8GiB""},{""name"":""lab-allegro-stub"",""cpu"":""0.00%"",""mem"":""20.36MiB / 122.8GiB""},{""name"":""lab-erli-stub"",""cpu"":""0.00%"",""mem"":""18.04MiB / 122.8GiB""},{""name"":""lab-eparagony-stub"",""cpu"":""0.00%"",""mem"":""20.35MiB / 122.8GiB""},{""name"":""lab-invoicing-stub"",""cpu"":""0.00%"",""mem"":""16.67MiB / 122.8GiB""},{""name"":""lab-shipping-stub"",""cpu"":""0.00%"",""mem"":""16.57MiB / 122.8GiB""},{""name"":""lab-eparagony-stub-tls"",""cpu"":""0.00%"",""mem"":""23.3MiB / 122.8GiB""},{""name"":""lab-erli-stub-tls"",""cpu"":""0.00%"",""mem"":""22.67MiB / 122.8GiB""},{""name"":""lab-wc-tls"",""cpu"":""0.00%"",""mem"":""28.21MiB / 122.8GiB""},{""name"":""lab-prestashop"",""cpu"":""0.01%"",""mem"":""172.3MiB / 122.8GiB""},{""name"":""lab-woocommerce"",""cpu"":""0.01%"",""mem"":""295.1MiB / 122.8GiB""},{""name"":""lab-redis"",""cpu"":""0.31%"",""mem"":""78.11MiB / 122.8GiB""},{""name"":""lab-postgres"",""cpu"":""0.35%"",""mem"":""238MiB / 122.8GiB""},{""name"":""lab-mysql"",""cpu"":""0.94%"",""mem"":""720.2MiB / 122.8GiB""},{""name"":""lab-woocommerce-mysql"",""cpu"":""5.39%"",""mem"":""509.7MiB / 122.8GiB""}]"
2026-09-10T13:17:09Z,4,0,0,0,8,2667706035,"[{""name"":""lab-worker-1"",""cpu"":""0.34%"",""mem"":""129.7MiB / 122.8GiB""},{""name"":""lab-api"",""cpu"":""0.00%"",""mem"":""156MiB / 122.8GiB""},{""name"":""lab-allegro-stub"",""cpu"":""0.00%"",""mem"":""20.36MiB / 122.8GiB""},{""name"":""lab-erli-stub"",""cpu"":""0.00%"",""mem"":""18.04MiB / 122.8GiB""},{""name"":""lab-eparagony-stub"",""cpu"":""0.00%"",""mem"":""20.35MiB / 122.8GiB""},{""name"":""lab-invoicing-stub"",""cpu"":""0.00%"",""mem"":""16.67MiB / 122.8GiB""},{""name"":""lab-shipping-stub"",""cpu"":""0.00%"",""mem"":""16.57MiB / 122.8GiB""},{""name"":""lab-eparagony-stub-tls"",""cpu"":""0.00%"",""mem"":""23.3MiB / 122.8GiB""},{""name"":""lab-erli-stub-tls"",""cpu"":""0.00%"",""mem"":""22.67MiB / 122.8GiB""},{""name"":""lab-wc-tls"",""cpu"":""0.00%"",""mem"":""28.21MiB / 122.8GiB""},{""name"":""lab-prestashop"",""cpu"":""0.01%"",""mem"":""172.3MiB / 122.8GiB""},{""name"":""lab-woocommerce"",""cpu"":""0.01%"",""mem"":""295.1MiB / 122.8GiB""},{""name"":""lab-redis"",""cpu"":""0.31%"",""mem"":""78.11MiB / 122.8GiB""},{""name"":""lab-postgres"",""cpu"":""0.35%"",""mem"":""238MiB / 122.8GiB""},{""name"":""lab-mysql"",""cpu"":""0.94%"",""mem"":""720.2MiB / 122.8GiB""},{""name"":""lab-woocommerce-mysql"",""cpu"":""5.39%"",""mem"":""509.7MiB / 122.8GiB""}]"
2026-09-10T13:17:12Z,4,0,0,0,8,2667706035,"[{""name"":""lab-worker-1"",""cpu"":""1.98%"",""mem"":""129.9MiB / 122.8GiB""},{""name"":""lab-api"",""cpu"":""0.01%"",""mem"":""156MiB / 122.8GiB""},{""name"":""lab-allegro-stub"",""cpu"":""4.06%"",""mem"":""20.38MiB / 122.8GiB""},{""name"":""lab-erli-stub"",""cpu"":""0.02%"",""mem"":""18.07MiB / 122.8GiB""},{""name"":""lab-eparagony-stub"",""cpu"":""0.01%"",""mem"":""20.35MiB / 122.8GiB""},{""name"":""lab-invoicing-stub"",""cpu"":""4.08%"",""mem"":""16.6MiB / 122.8GiB""},{""name"":""lab-shipping-stub"",""cpu"":""3.18%"",""mem"":""16.59MiB / 122.8GiB""},{""name"":""lab-eparagony-stub-tls"",""cpu"":""0.00%"",""mem"":""23.3MiB / 122.8GiB""},{""name"":""lab-erli-stub-tls"",""cpu"":""0.00%"",""mem"":""22.67MiB / 122.8GiB""},{""name"":""lab-wc-tls"",""cpu"":""0.00%"",""mem"":""28.21MiB / 122.8GiB""},{""name"":""lab-prestashop"",""cpu"":""0.01%"",""mem"":""172.3MiB / 122.8GiB""},{""name"":""lab-woocommerce"",""cpu"":""0.01%"",""mem"":""295.1MiB / 122.8GiB""},{""name"":""lab-redis"",""cpu"":""0.32%"",""mem"":""77.86MiB / 122.8GiB""},{""name"":""lab-postgres"",""cpu"":""3.53%"",""mem"":""238MiB / 122.8GiB""},{""name"":""lab-mysql"",""cpu"":""0.95%"",""mem"":""720.2MiB / 122.8GiB""},{""name"":""lab-woocommerce-mysql"",""cpu"":""0.89%"",""mem"":""509.6MiB / 122.8GiB""}]"
2026-09-10T13:17:12Z,4,0,0,0,8,2667706035,"[{""name"":""lab-worker-1"",""cpu"":""1.98%"",""mem"":""129.9MiB / 122.8GiB""},{""name"":""lab-api"",""cpu"":""0.01%"",""mem"":""156MiB / 122.8GiB""},{""name"":""lab-allegro-stub"",""cpu"":""4.06%"",""mem"":""20.38MiB / 122.8GiB""},{""name"":""lab-erli-stub"",""cpu"":""0.02%"",""mem"":""18.07MiB / 122.8GiB""},{""name"":""lab-eparagony-stub"",""cpu"":""0.01%"",""mem"":""20.35MiB / 122.8GiB""},{""name"":""lab-invoicing-stub"",""cpu"":""4.08%"",""mem"":""16.6MiB / 122.8GiB""},{""name"":""lab-shipping-stub"",""cpu"":""3.18%"",""mem"":""16.59MiB / 122.8GiB""},{""name"":""lab-eparagony-stub-tls"",""cpu"":""0.00%"",""mem"":""23.3MiB / 122.8GiB""},{""name"":""lab-erli-stub-tls"",""cpu"":""0.00%"",""mem"":""22.67MiB / 122.8GiB""},{""name"":""lab-wc-tls"",""cpu"":""0.00%"",""mem"":""28.21MiB / 122.8GiB""},{""name"":""lab-prestashop"",""cpu"":""0.01%"",""mem"":""172.3MiB / 122.8GiB""},{""name"":""lab-woocommerce"",""cpu"":""0.01%"",""mem"":""295.1MiB / 122.8GiB""},{""name"":""lab-redis"",""cpu"":""0.32%"",""mem"":""77.86MiB / 122.8GiB""},{""name"":""lab-postgres"",""cpu"":""3.53%"",""mem"":""238MiB / 122.8GiB""},{""name"":""lab-mysql"",""cpu"":""0.95%"",""mem"":""720.2MiB / 122.8GiB""},{""name"":""lab-woocommerce-mysql"",""cpu"":""0.95%"",""mem"":""509.6MiB / 122.8GiB""}]"
2026-09-10T13:17:16Z,3,0,0,0,9,2667706035,"[{""name"":""lab-worker-1"",""cpu"":""0.42%"",""mem"":""129.7MiB / 122.8GiB""},{""name"":""lab-api"",""cpu"":""0.00%"",""mem"":""156MiB / 122.8GiB""},{""name"":""lab-allegro-stub"",""cpu"":""0.00%"",""mem"":""20.35MiB / 122.8GiB""},{""name"":""lab-erli-stub"",""cpu"":""0.00%"",""mem"":""18.04MiB / 122.8GiB""},{""name"":""lab-eparagony-stub"",""cpu"":""3.92%"",""mem"":""20.38MiB / 122.8GiB""},{""name"":""lab-invoicing-stub"",""cpu"":""0.00%"",""mem"":""16.59MiB / 122.8GiB""},{""name"":""lab-shipping-stub"",""cpu"":""0.00%"",""mem"":""16.57MiB / 122.8GiB""},{""name"":""lab-eparagony-stub-tls"",""cpu"":""0.00%"",""mem"":""23.3MiB / 122.8GiB""},{""name"":""lab-erli-stub-tls"",""cpu"":""0.00%"",""mem"":""22.67MiB / 122.8GiB""},{""name"":""lab-wc-tls"",""cpu"":""0.00%"",""mem"":""28.21MiB / 122.8GiB""},{""name"":""lab-prestashop"",""cpu"":""0.01%"",""mem"":""172.3MiB / 122.8GiB""},{""name"":""lab-woocommerce"",""cpu"":""0.01%"",""mem"":""295.1MiB / 122.8GiB""},{""name"":""lab-redis"",""cpu"":""0.28%"",""mem"":""78.11MiB / 122.8GiB""},{""name"":""lab-postgres"",""cpu"":""0.37%"",""mem"":""238MiB / 122.8GiB""},{""name"":""lab-mysql"",""cpu"":""0.76%"",""mem"":""720.2MiB / 122.8GiB""},{""name"":""lab-woocommerce-mysql"",""cpu"":""0.77%"",""mem"":""509.6MiB / 122.8GiB""}]"
2026-09-10T13:17:16Z,3,0,0,0,9,2667706035,"[{""name"":""lab-worker-1"",""cpu"":""0.42%"",""mem"":""129.7MiB / 122.8GiB""},{""name"":""lab-api"",""cpu"":""0.00%"",""mem"":""156MiB / 122.8GiB""},{""name"":""lab-allegro-stub"",""cpu"":""0.00%"",""mem"":""20.35MiB / 122.8GiB""},{""name"":""lab-erli-stub"",""cpu"":""0.00%"",""mem"":""18.04MiB / 122.8GiB""},{""name"":""lab-eparagony-stub"",""cpu"":""3.92%"",""mem"":""20.38MiB / 122.8GiB""},{""name"":""lab-invoicing-stub"",""cpu"":""0.00%"",""mem"":""16.59MiB / 122.8GiB""},{""name"":""lab-shipping-stub"",""cpu"":""0.00%"",""mem"":""16.57MiB / 122.8GiB""},{""name"":""lab-eparagony-stub-tls"",""cpu"":""0.00%"",""mem"":""23.3MiB / 122.8GiB""},{""name"":""lab-erli-stub-tls"",""cpu"":""0.00%"",""mem"":""22.67MiB / 122.8GiB""},{""name"":""lab-wc-tls"",""cpu"":""0.00%"",""mem"":""28.21MiB / 122.8GiB""},{""name"":""lab-prestashop"",""cpu"":""0.01%"",""mem"":""172.3MiB / 122.8GiB""},{""name"":""lab-woocommerce"",""cpu"":""0.01%"",""mem"":""295.1MiB / 122.8GiB""},{""name"":""lab-redis"",""cpu"":""0.28%"",""mem"":""78.11MiB / 122.8GiB""},{""name"":""lab-postgres"",""cpu"":""0.37%"",""mem"":""238MiB / 122.8GiB""},{""name"":""lab-mysql"",""cpu"":""0.76%"",""mem"":""720.2MiB / 122.8GiB""},{""name"":""lab-woocommerce-mysql"",""cpu"":""0.77%"",""mem"":""509.6MiB / 122.8GiB""}]"
2026-09-10T13:17:20Z,4,0,0,0,9,2667706035,"[{""name"":""lab-worker-1"",""cpu"":""0.37%"",""mem"":""129.7MiB / 122.8GiB""},{""name"":""lab-api"",""cpu"":""0.01%"",""mem"":""156MiB / 122.8GiB""},{""name"":""lab-allegro-stub"",""cpu"":""0.00%"",""mem"":""20.35MiB / 122.8GiB""},{""name"":""lab-erli-stub"",""cpu"":""0.00%"",""mem"":""18.05MiB / 122.8GiB""},{""name"":""lab-eparagony-stub"",""cpu"":""0.00%"",""mem"":""20.35MiB / 122.8GiB""},{""name"":""lab-invoicing-stub"",""cpu"":""0.00%"",""mem"":""16.59MiB / 122.8GiB""},{""name"":""lab-shipping-stub"",""cpu"":""0.00%"",""mem"":""16.57MiB / 122.8GiB""},{""name"":""lab-eparagony-stub-tls"",""cpu"":""0.00%"",""mem"":""23.3MiB / 122.8GiB""},{""name"":""lab-erli-stub-tls"",""cpu"":""0.00%"",""mem"":""22.67MiB / 122.8GiB""},{""name"":""lab-wc-tls"",""cpu"":""0.00%"",""mem"":""28.21MiB / 122.8GiB""},{""name"":""lab-prestashop"",""cpu"":""0.01%"",""mem"":""172.3MiB / 122.8GiB""},{""name"":""lab-woocommerce"",""cpu"":""0.00%"",""mem"":""295.1MiB / 122.8GiB""},{""name"":""lab-redis"",""cpu"":""0.31%"",""mem"":""77.86MiB / 122.8GiB""},{""name"":""lab-postgres"",""cpu"":""0.37%"",""mem"":""238MiB / 122.8GiB""},{""name"":""lab-mysql"",""cpu"":""0.90%"",""mem"":""720.2MiB / 122.8GiB""},{""name"":""lab-woocommerce-mysql"",""cpu"":""5.59%"",""mem"":""509.7MiB / 122.8GiB""}]"
2026-09-10T13:17:20Z,4,0,0,0,9,2667706035,"[{""name"":""lab-worker-1"",""cpu"":""0.37%"",""mem"":""129.7MiB / 122.8GiB""},{""name"":""lab-api"",""cpu"":""0.01%"",""mem"":""156MiB / 122.8GiB""},{""name"":""lab-allegro-stub"",""cpu"":""0.00%"",""mem"":""20.35MiB / 122.8GiB""},{""name"":""lab-erli-stub"",""cpu"":""0.00%"",""mem"":""18.05MiB / 122.8GiB""},{""name"":""lab-eparagony-stub"",""cpu"":""0.00%"",""mem"":""20.35MiB / 122.8GiB""},{""name"":""lab-invoicing-stub"",""cpu"":""0.00%"",""mem"":""16.59MiB / 122.8GiB""},{""name"":""lab-shipping-stub"",""cpu"":""0.00%"",""mem"":""16.57MiB / 122.8GiB""},{""name"":""lab-eparagony-stub-tls"",""cpu"":""0.00%"",""mem"":""23.3MiB / 122.8GiB""},{""name"":""lab-erli-stub-tls"",""cpu"":""0.00%"",""mem"":""22.67MiB / 122.8GiB""},{""name"":""lab-wc-tls"",""cpu"":""0.00%"",""mem"":""28.21MiB / 122.8GiB""},{""name"":""lab-prestashop"",""cpu"":""0.01%"",""mem"":""172.3MiB / 122.8GiB""},{""name"":""lab-woocommerce"",""cpu"":""0.00%"",""mem"":""295.1MiB / 122.8GiB""},{""name"":""lab-redis"",""cpu"":""0.31%"",""mem"":""77.86MiB / 122.8GiB""},{""name"":""lab-postgres"",""cpu"":""0.37%"",""mem"":""238MiB / 122.8GiB""},{""name"":""lab-mysql"",""cpu"":""0.90%"",""mem"":""720.2MiB / 122.8GiB""},{""name"":""lab-woocommerce-mysql"",""cpu"":""5.59%"",""mem"":""509.7MiB / 122.8GiB""}]"
2026-09-10T13:17:23Z,4,1,0,0,9,2667706035,"[{""name"":""lab-worker-1"",""cpu"":""0.38%"",""mem"":""129.7MiB / 122.8GiB""},{""name"":""lab-api"",""cpu"":""0.00%"",""mem"":""156MiB / 122.8GiB""},{""name"":""lab-allegro-stub"",""cpu"":""3.65%"",""mem"":""20.36MiB / 122.8GiB""},{""name"":""lab-erli-stub"",""cpu"":""0.00%"",""mem"":""18.04MiB / 122.8GiB""},{""name"":""lab-eparagony-stub"",""cpu"":""0.00%"",""mem"":""20.35MiB / 122.8GiB""},{""name"":""lab-invoicing-stub"",""cpu"":""4.24%"",""mem"":""16.59MiB / 122.8GiB""},{""name"":""lab-shipping-stub"",""cpu"":""4.36%"",""mem"":""16.58MiB / 122.8GiB""},{""name"":""lab-eparagony-stub-tls"",""cpu"":""0.00%"",""mem"":""23.3MiB / 122.8GiB""},{""name"":""lab-erli-stub-tls"",""cpu"":""0.00%"",""mem"":""22.67MiB / 122.8GiB""},{""name"":""lab-wc-tls"",""cpu"":""0.00%"",""mem"":""28.21MiB / 122.8GiB""},{""name"":""lab-prestashop"",""cpu"":""0.01%"",""mem"":""172.3MiB / 122.8GiB""},{""name"":""lab-woocommerce"",""cpu"":""0.01%"",""mem"":""295.1MiB / 122.8GiB""},{""name"":""lab-redis"",""cpu"":""3.90%"",""mem"":""77.9MiB / 122.8GiB""},{""name"":""lab-postgres"",""cpu"":""1.79%"",""mem"":""238MiB / 122.8GiB""},{""name"":""lab-mysql"",""cpu"":""0.80%"",""mem"":""720.2MiB / 122.8GiB""},{""name"":""lab-woocommerce-mysql"",""cpu"":""0.88%"",""mem"":""509.6MiB / 122.8GiB""}]"
2026-09-10T13:17:23Z,4,1,0,0,9,2667706035,"[{""name"":""lab-worker-1"",""cpu"":""0.38%"",""mem"":""129.7MiB / 122.8GiB""},{""name"":""lab-api"",""cpu"":""0.00%"",""mem"":""156MiB / 122.8GiB""},{""name"":""lab-allegro-stub"",""cpu"":""3.65%"",""mem"":""20.36MiB / 122.8GiB""},{""name"":""lab-erli-stub"",""cpu"":""0.00%"",""mem"":""18.04MiB / 122.8GiB""},{""name"":""lab-eparagony-stub"",""cpu"":""0.00%"",""mem"":""20.35MiB / 122.8GiB""},{""name"":""lab-invoicing-stub"",""cpu"":""4.24%"",""mem"":""16.59MiB / 122.8GiB""},{""name"":""lab-shipping-stub"",""cpu"":""4.36%"",""mem"":""16.58MiB / 122.8GiB""},{""name"":""lab-eparagony-stub-tls"",""cpu"":""0.00%"",""mem"":""23.3MiB / 122.8GiB""},{""name"":""lab-erli-stub-tls"",""cpu"":""0.00%"",""mem"":""22.67MiB / 122.8GiB""},{""name"":""lab-wc-tls"",""cpu"":""0.00%"",""mem"":""28.21MiB / 122.8GiB""},{""name"":""lab-prestashop"",""cpu"":""0.01%"",""mem"":""172.3MiB / 122.8GiB""},{""name"":""lab-woocommerce"",""cpu"":""0.01%"",""mem"":""295.1MiB / 122.8GiB""},{""name"":""lab-redis"",""cpu"":""3.90%"",""mem"":""77.9MiB / 122.8GiB""},{""name"":""lab-postgres"",""cpu"":""1.79%"",""mem"":""238MiB / 122.8GiB""},{""name"":""lab-mysql"",""cpu"":""0.80%"",""mem"":""720.2MiB / 122.8GiB""},{""name"":""lab-woocommerce-mysql"",""cpu"":""0.95%"",""mem"":""509.6MiB / 122.8GiB""}]"
2026-09-10T13:17:27Z,3,0,0,0,10,2667706035,"[{""name"":""lab-worker-1"",""cpu"":""0.36%"",""mem"":""129.7MiB / 122.8GiB""},{""name"":""lab-api"",""cpu"":""0.01%"",""mem"":""156MiB / 122.8GiB""},{""name"":""lab-allegro-stub"",""cpu"":""0.00%"",""mem"":""20.35MiB / 122.8GiB""},{""name"":""lab-erli-stub"",""cpu"":""4.17%"",""mem"":""18.07MiB / 122.8GiB""},{""name"":""lab-eparagony-stub"",""cpu"":""0.02%"",""mem"":""20.36MiB / 122.8GiB""},{""name"":""lab-invoicing-stub"",""cpu"":""0.00%"",""mem"":""16.59MiB / 122.8GiB""},{""name"":""lab-shipping-stub"",""cpu"":""0.00%"",""mem"":""16.57MiB / 122.8GiB""},{""name"":""lab-eparagony-stub-tls"",""cpu"":""0.00%"",""mem"":""23.3MiB / 122.8GiB""},{""name"":""lab-erli-stub-tls"",""cpu"":""0.00%"",""mem"":""22.67MiB / 122.8GiB""},{""name"":""lab-wc-tls"",""cpu"":""0.00%"",""mem"":""28.21MiB / 122.8GiB""},{""name"":""lab-prestashop"",""cpu"":""0.01%"",""mem"":""172.3MiB / 122.8GiB""},{""name"":""lab-woocommerce"",""cpu"":""0.02%"",""mem"":""295.1MiB / 122.8GiB""},{""name"":""lab-redis"",""cpu"":""0.27%"",""mem"":""77.86MiB / 122.8GiB""},{""name"":""lab-postgres"",""cpu"":""0.33%"",""mem"":""238MiB / 122.8GiB""},{""name"":""lab-mysql"",""cpu"":""0.85%"",""mem"":""720.2MiB / 122.8GiB""},{""name"":""lab-woocommerce-mysql"",""cpu"":""0.95%"",""mem"":""509.6MiB / 122.8GiB""}]"
2026-09-10T13:17:27Z,3,0,0,0,10,2667706035,"[{""name"":""lab-worker-1"",""cpu"":""0.36%"",""mem"":""129.7MiB / 122.8GiB""},{""name"":""lab-api"",""cpu"":""0.01%"",""mem"":""156MiB / 122.8GiB""},{""name"":""lab-allegro-stub"",""cpu"":""0.00%"",""mem"":""20.35MiB / 122.8GiB""},{""name"":""lab-erli-stub"",""cpu"":""4.17%"",""mem"":""18.07MiB / 122.8GiB""},{""name"":""lab-eparagony-stub"",""cpu"":""0.02%"",""mem"":""20.36MiB / 122.8GiB""},{""name"":""lab-invoicing-stub"",""cpu"":""0.00%"",""mem"":""16.59MiB / 122.8GiB""},{""name"":""lab-shipping-stub"",""cpu"":""0.00%"",""mem"":""16.57MiB / 122.8GiB""},{""name"":""lab-eparagony-stub-tls"",""cpu"":""0.00%"",""mem"":""23.3MiB / 122.8GiB""},{""name"":""lab-erli-stub-tls"",""cpu"":""0.00%"",""mem"":""22.67MiB / 122.8GiB""},{""name"":""lab-wc-tls"",""cpu"":""0.00%"",""mem"":""28.21MiB / 122.8GiB""},{""name"":""lab-prestashop"",""cpu"":""0.01%"",""mem"":""172.3MiB / 122.8GiB""},{""name"":""lab-woocommerce"",""cpu"":""0.02%"",""mem"":""295.1MiB / 122.8GiB""},{""name"":""lab-redis"",""cpu"":""0.27%"",""mem"":""77.86MiB / 122.8GiB""},{""name"":""lab-postgres"",""cpu"":""0.33%"",""mem"":""238MiB / 122.8GiB""},{""name"":""lab-mysql"",""cpu"":""0.85%"",""mem"":""720.2MiB / 122.8GiB""},{""name"":""lab-woocommerce-mysql"",""cpu"":""0.95%"",""mem"":""509.6MiB / 122.8GiB""}]"
2026-09-10T13:17:31Z,4,0,0,0,10,2667706035,"[{""name"":""lab-worker-1"",""cpu"":""0.82%"",""mem"":""129.7MiB / 122.8GiB""},{""name"":""lab-api"",""cpu"":""20.17%"",""mem"":""140.2MiB / 122.8GiB""},{""name"":""lab-allegro-stub"",""cpu"":""0.00%"",""mem"":""20.35MiB / 122.8GiB""},{""name"":""lab-erli-stub"",""cpu"":""0.00%"",""mem"":""18.04MiB / 122.8GiB""},{""name"":""lab-eparagony-stub"",""cpu"":""0.00%"",""mem"":""20.35MiB / 122.8GiB""},{""name"":""lab-invoicing-stub"",""cpu"":""0.00%"",""mem"":""16.59MiB / 122.8GiB""},{""name"":""lab-shipping-stub"",""cpu"":""0.00%"",""mem"":""16.58MiB / 122.8GiB""},{""name"":""lab-eparagony-stub-tls"",""cpu"":""0.00%"",""mem"":""23.3MiB / 122.8GiB""},{""name"":""lab-erli-stub-tls"",""cpu"":""0.00%"",""mem"":""22.67MiB / 122.8GiB""},{""name"":""lab-wc-tls"",""cpu"":""0.00%"",""mem"":""28.21MiB / 122.8GiB""},{""name"":""lab-prestashop"",""cpu"":""0.01%"",""mem"":""172.3MiB / 122.8GiB""},{""name"":""lab-woocommerce"",""cpu"":""0.01%"",""mem"":""295.1MiB / 122.8GiB""},{""name"":""lab-redis"",""cpu"":""0.34%"",""mem"":""77.86MiB / 122.8GiB""},{""name"":""lab-postgres"",""cpu"":""0.68%"",""mem"":""238MiB / 122.8GiB""},{""name"":""lab-mysql"",""cpu"":""0.87%"",""mem"":""720.2MiB / 122.8GiB""},{""name"":""lab-woocommerce-mysql"",""cpu"":""1.03%"",""mem"":""509.6MiB / 122.8GiB""}]"
2026-09-10T13:17:31Z,4,0,0,0,10,2667706035,"[{""name"":""lab-worker-1"",""cpu"":""0.82%"",""mem"":""129.7MiB / 122.8GiB""},{""name"":""lab-api"",""cpu"":""20.17%"",""mem"":""140.2MiB / 122.8GiB""},{""name"":""lab-allegro-stub"",""cpu"":""0.00%"",""mem"":""20.35MiB / 122.8GiB""},{""name"":""lab-erli-stub"",""cpu"":""0.00%"",""mem"":""18.04MiB / 122.8GiB""},{""name"":""lab-eparagony-stub"",""cpu"":""0.00%"",""mem"":""20.35MiB / 122.8GiB""},{""name"":""lab-invoicing-stub"",""cpu"":""0.00%"",""mem"":""16.59MiB / 122.8GiB""},{""name"":""lab-shipping-stub"",""cpu"":""0.00%"",""mem"":""16.58MiB / 122.8GiB""},{""name"":""lab-eparagony-stub-tls"",""cpu"":""0.00%"",""mem"":""23.3MiB / 122.8GiB""},{""name"":""lab-erli-stub-tls"",""cpu"":""0.00%"",""mem"":""22.67MiB / 122.8GiB""},{""name"":""lab-wc-tls"",""cpu"":""0.00%"",""mem"":""28.21MiB / 122.8GiB""},{""name"":""lab-prestashop"",""cpu"":""0.01%"",""mem"":""172.3MiB / 122.8GiB""},{""name"":""lab-woocommerce"",""cpu"":""0.01%"",""mem"":""295.1MiB / 122.8GiB""},{""name"":""lab-redis"",""cpu"":""0.34%"",""mem"":""77.86MiB / 122.8GiB""},{""name"":""lab-postgres"",""cpu"":""0.68%"",""mem"":""238MiB / 122.8GiB""},{""name"":""lab-mysql"",""cpu"":""0.87%"",""mem"":""720.2MiB / 122.8GiB""},{""name"":""lab-woocommerce-mysql"",""cpu"":""1.03%"",""mem"":""509.6MiB / 122.8GiB""}]"
2026-09-10T13:17:35Z,4,0,0,0,11,2667706035,"[{""name"":""lab-worker-1"",""cpu"":""0.48%"",""mem"":""129.7MiB / 122.8GiB""},{""name"":""lab-api"",""cpu"":""0.00%"",""mem"":""140.2MiB / 122.8GiB""},{""name"":""lab-allegro-stub"",""cpu"":""0.01%"",""mem"":""20.35MiB / 122.8GiB""},{""name"":""lab-erli-stub"",""cpu"":""0.00%"",""mem"":""18.04MiB / 122.8GiB""},{""name"":""lab-eparagony-stub"",""cpu"":""0.00%"",""mem"":""20.35MiB / 122.8GiB""},{""name"":""lab-invoicing-stub"",""cpu"":""0.01%"",""mem"":""16.61MiB / 122.8GiB""},{""name"":""lab-shipping-stub"",""cpu"":""0.01%"",""mem"":""16.57MiB / 122.8GiB""},{""name"":""lab-eparagony-stub-tls"",""cpu"":""0.00%"",""mem"":""23.3MiB / 122.8GiB""},{""name"":""lab-erli-stub-tls"",""cpu"":""0.00%"",""mem"":""22.67MiB / 122.8GiB""},{""name"":""lab-wc-tls"",""cpu"":""0.00%"",""mem"":""28.21MiB / 122.8GiB""},{""name"":""lab-prestashop"",""cpu"":""0.01%"",""mem"":""172.3MiB / 122.8GiB""},{""name"":""lab-woocommerce"",""cpu"":""0.01%"",""mem"":""293.1MiB / 122.8GiB""},{""name"":""lab-redis"",""cpu"":""0.32%"",""mem"":""77.87MiB / 122.8GiB""},{""name"":""lab-postgres"",""cpu"":""4.23%"",""mem"":""238.6MiB / 122.8GiB""},{""name"":""lab-mysql"",""cpu"":""1.02%"",""mem"":""720.2MiB / 122.8GiB""},{""name"":""lab-woocommerce-mysql"",""cpu"":""0.90%"",""mem"":""509.6MiB / 122.8GiB""}]"
2026-09-10T13:17:35Z,4,0,0,0,11,2667706035,"[{""name"":""lab-worker-1"",""cpu"":""0.48%"",""mem"":""129.7MiB / 122.8GiB""},{""name"":""lab-api"",""cpu"":""0.00%"",""mem"":""140.2MiB / 122.8GiB""},{""name"":""lab-allegro-stub"",""cpu"":""0.01%"",""mem"":""20.35MiB / 122.8GiB""},{""name"":""lab-erli-stub"",""cpu"":""0.00%"",""mem"":""18.04MiB / 122.8GiB""},{""name"":""lab-eparagony-stub"",""cpu"":""0.00%"",""mem"":""20.35MiB / 122.8GiB""},{""name"":""lab-invoicing-stub"",""cpu"":""0.01%"",""mem"":""16.61MiB / 122.8GiB""},{""name"":""lab-shipping-stub"",""cpu"":""0.01%"",""mem"":""16.57MiB / 122.8GiB""},{""name"":""lab-eparagony-stub-tls"",""cpu"":""0.00%"",""mem"":""23.3MiB / 122.8GiB""},{""name"":""lab-erli-stub-tls"",""cpu"":""0.00%"",""mem"":""22.67MiB / 122.8GiB""},{""name"":""lab-wc-tls"",""cpu"":""0.00%"",""mem"":""28.21MiB / 122.8GiB""},{""name"":""lab-prestashop"",""cpu"":""0.01%"",""mem"":""172.3MiB / 122.8GiB""},{""name"":""lab-woocommerce"",""cpu"":""0.01%"",""mem"":""293.1MiB / 122.8GiB""},{""name"":""lab-redis"",""cpu"":""0.32%"",""mem"":""77.87MiB / 122.8GiB""},{""name"":""lab-postgres"",""cpu"":""4.23%"",""mem"":""238.6MiB / 122.8GiB""},{""name"":""lab-mysql"",""cpu"":""1.02%"",""mem"":""720.2MiB / 122.8GiB""},{""name"":""lab-woocommerce-mysql"",""cpu"":""0.90%"",""mem"":""509.6MiB / 122.8GiB""}]"
2026-09-10T13:17:38Z,4,0,0,0,11,2667706035,"[{""name"":""lab-worker-1"",""cpu"":""0.42%"",""mem"":""129.7MiB / 122.8GiB""},{""name"":""lab-api"",""cpu"":""0.00%"",""mem"":""140.2MiB / 122.8GiB""},{""name"":""lab-allegro-stub"",""cpu"":""4.01%"",""mem"":""20.36MiB / 122.8GiB""},{""name"":""lab-erli-stub"",""cpu"":""0.00%"",""mem"":""18.05MiB / 122.8GiB""},{""name"":""lab-eparagony-stub"",""cpu"":""0.00%"",""mem"":""20.35MiB / 122.8GiB""},{""name"":""lab-invoicing-stub"",""cpu"":""3.38%"",""mem"":""16.6MiB / 122.8GiB""},{""name"":""lab-shipping-stub"",""cpu"":""4.16%"",""mem"":""16.62MiB / 122.8GiB""},{""name"":""lab-eparagony-stub-tls"",""cpu"":""0.00%"",""mem"":""23.3MiB / 122.8GiB""},{""name"":""lab-erli-stub-tls"",""cpu"":""0.00%"",""mem"":""22.67MiB / 122.8GiB""},{""name"":""lab-wc-tls"",""cpu"":""0.00%"",""mem"":""28.21MiB / 122.8GiB""},{""name"":""lab-prestashop"",""cpu"":""0.01%"",""mem"":""166.3MiB / 122.8GiB""},{""name"":""lab-woocommerce"",""cpu"":""0.01%"",""mem"":""293.1MiB / 122.8GiB""},{""name"":""lab-redis"",""cpu"":""0.31%"",""mem"":""77.86MiB / 122.8GiB""},{""name"":""lab-postgres"",""cpu"":""0.20%"",""mem"":""238MiB / 122.8GiB""},{""name"":""lab-mysql"",""cpu"":""0.92%"",""mem"":""720.2MiB / 122.8GiB""},{""name"":""lab-woocommerce-mysql"",""cpu"":""5.20%"",""mem"":""509.7MiB / 122.8GiB""}]"
2026-09-10T13:17:38Z,4,0,0,0,11,2667706035,"[{""name"":""lab-worker-1"",""cpu"":""0.54%"",""mem"":""129.7MiB / 122.8GiB""},{""name"":""lab-api"",""cpu"":""0.00%"",""mem"":""140.2MiB / 122.8GiB""},{""name"":""lab-allegro-stub"",""cpu"":""4.01%"",""mem"":""20.36MiB / 122.8GiB""},{""name"":""lab-erli-stub"",""cpu"":""0.00%"",""mem"":""18.05MiB / 122.8GiB""},{""name"":""lab-eparagony-stub"",""cpu"":""0.00%"",""mem"":""20.35MiB / 122.8GiB""},{""name"":""lab-invoicing-stub"",""cpu"":""3.38%"",""mem"":""16.6MiB / 122.8GiB""},{""name"":""lab-shipping-stub"",""cpu"":""4.16%"",""mem"":""16.62MiB / 122.8GiB""},{""name"":""lab-eparagony-stub-tls"",""cpu"":""0.00%"",""mem"":""23.3MiB / 122.8GiB""},{""name"":""lab-erli-stub-tls"",""cpu"":""0.00%"",""mem"":""22.67MiB / 122.8GiB""},{""name"":""lab-wc-tls"",""cpu"":""0.00%"",""mem"":""28.21MiB / 122.8GiB""},{""name"":""lab-prestashop"",""cpu"":""0.01%"",""mem"":""166.3MiB / 122.8GiB""},{""name"":""lab-woocommerce"",""cpu"":""0.01%"",""mem"":""293.1MiB / 122.8GiB""},{""name"":""lab-redis"",""cpu"":""0.31%"",""mem"":""77.86MiB / 122.8GiB""},{""name"":""lab-postgres"",""cpu"":""0.20%"",""mem"":""238MiB / 122.8GiB""},{""name"":""lab-mysql"",""cpu"":""0.92%"",""mem"":""720.2MiB / 122.8GiB""},{""name"":""lab-woocommerce-mysql"",""cpu"":""5.20%"",""mem"":""509.7MiB / 122.8GiB""}]"
2026-09-10T13:17:42Z,3,0,0,0,11,2667706035,"[{""name"":""lab-worker-1"",""cpu"":""1.63%"",""mem"":""129.7MiB / 122.8GiB""},{""name"":""lab-api"",""cpu"":""0.01%"",""mem"":""140.3MiB / 122.8GiB""},{""name"":""lab-allegro-stub"",""cpu"":""0.00%"",""mem"":""20.35MiB / 122.8GiB""},{""name"":""lab-erli-stub"",""cpu"":""4.07%"",""mem"":""18.08MiB / 122.8GiB""},{""name"":""lab-eparagony-stub"",""cpu"":""3.87%"",""mem"":""20.37MiB / 122.8GiB""},{""name"":""lab-invoicing-stub"",""cpu"":""0.00%"",""mem"":""16.59MiB / 122.8GiB""},{""name"":""lab-shipping-stub"",""cpu"":""0.00%"",""mem"":""16.57MiB / 122.8GiB""},{""name"":""lab-eparagony-stub-tls"",""cpu"":""0.00%"",""mem"":""23.3MiB / 122.8GiB""},{""name"":""lab-erli-stub-tls"",""cpu"":""0.00%"",""mem"":""22.67MiB / 122.8GiB""},{""name"":""lab-wc-tls"",""cpu"":""0.00%"",""mem"":""28.21MiB / 122.8GiB""},{""name"":""lab-prestashop"",""cpu"":""0.01%"",""mem"":""166.3MiB / 122.8GiB""},{""name"":""lab-woocommerce"",""cpu"":""0.01%"",""mem"":""293.1MiB / 122.8GiB""},{""name"":""lab-redis"",""cpu"":""0.30%"",""mem"":""77.86MiB / 122.8GiB""},{""name"":""lab-postgres"",""cpu"":""4.25%"",""mem"":""238.4MiB / 122.8GiB""},{""name"":""lab-mysql"",""cpu"":""0.93%"",""mem"":""720.2MiB / 122.8GiB""},{""name"":""lab-woocommerce-mysql"",""cpu"":""1.07%"",""mem"":""509.6MiB / 122.8GiB""}]"
2026-09-10T13:17:42Z,3,0,0,0,11,2667706035,"[{""name"":""lab-worker-1"",""cpu"":""1.63%"",""mem"":""129.7MiB / 122.8GiB""},{""name"":""lab-api"",""cpu"":""0.01%"",""mem"":""140.3MiB / 122.8GiB""},{""name"":""lab-allegro-stub"",""cpu"":""0.00%"",""mem"":""20.35MiB / 122.8GiB""},{""name"":""lab-erli-stub"",""cpu"":""4.07%"",""mem"":""18.08MiB / 122.8GiB""},{""name"":""lab-eparagony-stub"",""cpu"":""3.87%"",""mem"":""20.37MiB / 122.8GiB""},{""name"":""lab-invoicing-stub"",""cpu"":""0.00%"",""mem"":""16.59MiB / 122.8GiB""},{""name"":""lab-shipping-stub"",""cpu"":""0.00%"",""mem"":""16.57MiB / 122.8GiB""},{""name"":""lab-eparagony-stub-tls"",""cpu"":""0.00%"",""mem"":""23.3MiB / 122.8GiB""},{""name"":""lab-erli-stub-tls"",""cpu"":""0.00%"",""mem"":""22.67MiB / 122.8GiB""},{""name"":""lab-wc-tls"",""cpu"":""0.00%"",""mem"":""28.21MiB / 122.8GiB""},{""name"":""lab-prestashop"",""cpu"":""0.01%"",""mem"":""166.3MiB / 122.8GiB""},{""name"":""lab-woocommerce"",""cpu"":""0.01%"",""mem"":""293.1MiB / 122.8GiB""},{""name"":""lab-redis"",""cpu"":""0.30%"",""mem"":""77.86MiB / 122.8GiB""},{""name"":""lab-postgres"",""cpu"":""4.25%"",""mem"":""238.4MiB / 122.8GiB""},{""name"":""lab-mysql"",""cpu"":""0.93%"",""mem"":""720.2MiB / 122.8GiB""},{""name"":""lab-woocommerce-mysql"",""cpu"":""0.86%"",""mem"":""509.6MiB / 122.8GiB""}]"
2026-09-10T13:17:46Z,4,0,0,0,12,2667706035,"[{""name"":""lab-worker-1"",""cpu"":""0.40%"",""mem"":""129.7MiB / 122.8GiB""},{""name"":""lab-api"",""cpu"":""0.00%"",""mem"":""140.3MiB / 122.8GiB""},{""name"":""lab-allegro-stub"",""cpu"":""0.00%"",""mem"":""20.35MiB / 122.8GiB""},{""name"":""lab-erli-stub"",""cpu"":""0.00%"",""mem"":""18.04MiB / 122.8GiB""},{""name"":""lab-eparagony-stub"",""cpu"":""0.00%"",""mem"":""20.37MiB / 122.8GiB""},{""name"":""lab-invoicing-stub"",""cpu"":""0.00%"",""mem"":""16.59MiB / 122.8GiB""},{""name"":""lab-shipping-stub"",""cpu"":""0.00%"",""mem"":""16.57MiB / 122.8GiB""},{""name"":""lab-eparagony-stub-tls"",""cpu"":""0.00%"",""mem"":""23.3MiB / 122.8GiB""},{""name"":""lab-erli-stub-tls"",""cpu"":""0.00%"",""mem"":""22.67MiB / 122.8GiB""},{""name"":""lab-wc-tls"",""cpu"":""0.00%"",""mem"":""28.21MiB / 122.8GiB""},{""name"":""lab-prestashop"",""cpu"":""0.01%"",""mem"":""166.3MiB / 122.8GiB""},{""name"":""lab-woocommerce"",""cpu"":""0.01%"",""mem"":""293.1MiB / 122.8GiB""},{""name"":""lab-redis"",""cpu"":""0.28%"",""mem"":""77.87MiB / 122.8GiB""},{""name"":""lab-postgres"",""cpu"":""5.32%"",""mem"":""238MiB / 122.8GiB""},{""name"":""lab-mysql"",""cpu"":""5.35%"",""mem"":""720.2MiB / 122.8GiB""},{""name"":""lab-woocommerce-mysql"",""cpu"":""0.94%"",""mem"":""509.6MiB / 122.8GiB""}]"
2026-09-10T13:17:46Z,4,0,0,0,12,2667706035,"[{""name"":""lab-worker-1"",""cpu"":""0.40%"",""mem"":""129.7MiB / 122.8GiB""},{""name"":""lab-api"",""cpu"":""0.00%"",""mem"":""140.3MiB / 122.8GiB""},{""name"":""lab-allegro-stub"",""cpu"":""0.00%"",""mem"":""20.35MiB / 122.8GiB""},{""name"":""lab-erli-stub"",""cpu"":""0.00%"",""mem"":""18.04MiB / 122.8GiB""},{""name"":""lab-eparagony-stub"",""cpu"":""0.00%"",""mem"":""20.35MiB / 122.8GiB""},{""name"":""lab-invoicing-stub"",""cpu"":""0.00%"",""mem"":""16.59MiB / 122.8GiB""},{""name"":""lab-shipping-stub"",""cpu"":""0.00%"",""mem"":""16.57MiB / 122.8GiB""},{""name"":""lab-eparagony-stub-tls"",""cpu"":""0.00%"",""mem"":""23.3MiB / 122.8GiB""},{""name"":""lab-erli-stub-tls"",""cpu"":""0.00%"",""mem"":""22.67MiB / 122.8GiB""},{""name"":""lab-wc-tls"",""cpu"":""0.00%"",""mem"":""28.21MiB / 122.8GiB""},{""name"":""lab-prestashop"",""cpu"":""0.01%"",""mem"":""166.3MiB / 122.8GiB""},{""name"":""lab-woocommerce"",""cpu"":""0.01%"",""mem"":""293.1MiB / 122.8GiB""},{""name"":""lab-redis"",""cpu"":""0.28%"",""mem"":""77.87MiB / 122.8GiB""},{""name"":""lab-postgres"",""cpu"":""5.32%"",""mem"":""238MiB / 122.8GiB""},{""name"":""lab-mysql"",""cpu"":""5.35%"",""mem"":""720.2MiB / 122.8GiB""},{""name"":""lab-woocommerce-mysql"",""cpu"":""0.94%"",""mem"":""509.6MiB / 122.8GiB""}]"
2026-09-10T13:17:49Z,4,0,0,0,12,2667706035,"[{""name"":""lab-worker-1"",""cpu"":""0.38%"",""mem"":""129.7MiB / 122.8GiB""},{""name"":""lab-api"",""cpu"":""0.02%"",""mem"":""140.3MiB / 122.8GiB""},{""name"":""lab-allegro-stub"",""cpu"":""0.02%"",""mem"":""20.45MiB / 122.8GiB""},{""name"":""lab-erli-stub"",""cpu"":""0.00%"",""mem"":""18.04MiB / 122.8GiB""},{""name"":""lab-eparagony-stub"",""cpu"":""0.00%"",""mem"":""20.36MiB / 122.8GiB""},{""name"":""lab-invoicing-stub"",""cpu"":""0.01%"",""mem"":""16.59MiB / 122.8GiB""},{""name"":""lab-shipping-stub"",""cpu"":""3.73%"",""mem"":""16.59MiB / 122.8GiB""},{""name"":""lab-eparagony-stub-tls"",""cpu"":""0.00%"",""mem"":""23.3MiB / 122.8GiB""},{""name"":""lab-erli-stub-tls"",""cpu"":""0.00%"",""mem"":""22.67MiB / 122.8GiB""},{""name"":""lab-wc-tls"",""cpu"":""0.00%"",""mem"":""28.21MiB / 122.8GiB""},{""name"":""lab-prestashop"",""cpu"":""0.01%"",""mem"":""166.3MiB / 122.8GiB""},{""name"":""lab-woocommerce"",""cpu"":""0.01%"",""mem"":""293.1MiB / 122.8GiB""},{""name"":""lab-redis"",""cpu"":""0.29%"",""mem"":""77.86MiB / 122.8GiB""},{""name"":""lab-postgres"",""cpu"":""0.34%"",""mem"":""237.9MiB / 122.8GiB""},{""name"":""lab-mysql"",""cpu"":""0.90%"",""mem"":""720.2MiB / 122.8GiB""},{""name"":""lab-woocommerce-mysql"",""cpu"":""1.05%"",""mem"":""509.6MiB / 122.8GiB""}]"
2026-09-10T13:17:49Z,4,0,0,0,12,2667706035,"[{""name"":""lab-worker-1"",""cpu"":""0.38%"",""mem"":""129.7MiB / 122.8GiB""},{""name"":""lab-api"",""cpu"":""0.02%"",""mem"":""140.3MiB / 122.8GiB""},{""name"":""lab-allegro-stub"",""cpu"":""0.02%"",""mem"":""20.45MiB / 122.8GiB""},{""name"":""lab-erli-stub"",""cpu"":""0.00%"",""mem"":""18.04MiB / 122.8GiB""},{""name"":""lab-eparagony-stub"",""cpu"":""0.00%"",""mem"":""20.36MiB / 122.8GiB""},{""name"":""lab-invoicing-stub"",""cpu"":""0.01%"",""mem"":""16.59MiB / 122.8GiB""},{""name"":""lab-shipping-stub"",""cpu"":""0.01%"",""mem"":""16.59MiB / 122.8GiB""},{""name"":""lab-eparagony-stub-tls"",""cpu"":""0.00%"",""mem"":""23.3MiB / 122.8GiB""},{""name"":""lab-erli-stub-tls"",""cpu"":""0.00%"",""mem"":""22.67MiB / 122.8GiB""},{""name"":""lab-wc-tls"",""cpu"":""0.00%"",""mem"":""28.21MiB / 122.8GiB""},{""name"":""lab-prestashop"",""cpu"":""0.01%"",""mem"":""166.3MiB / 122.8GiB""},{""name"":""lab-woocommerce"",""cpu"":""0.01%"",""mem"":""293.1MiB / 122.8GiB""},{""name"":""lab-redis"",""cpu"":""0.29%"",""mem"":""77.86MiB / 122.8GiB""},{""name"":""lab-postgres"",""cpu"":""0.34%"",""mem"":""237.9MiB / 122.8GiB""},{""name"":""lab-mysql"",""cpu"":""0.90%"",""mem"":""720.2MiB / 122.8GiB""},{""name"":""lab-woocommerce-mysql"",""cpu"":""1.05%"",""mem"":""509.6MiB / 122.8GiB""}]"
2026-09-10T13:17:53Z,3,0,0,0,12,2667706035,"[{""name"":""lab-worker-1"",""cpu"":""0.53%"",""mem"":""129.7MiB / 122.8GiB""},{""name"":""lab-api"",""cpu"":""0.00%"",""mem"":""140.5MiB / 122.8GiB""},{""name"":""lab-allegro-stub"",""cpu"":""4.00%"",""mem"":""20.4MiB / 122.8GiB""},{""name"":""lab-erli-stub"",""cpu"":""0.01%"",""mem"":""18.05MiB / 122.8GiB""},{""name"":""lab-eparagony-stub"",""cpu"":""0.00%"",""mem"":""20.36MiB / 122.8GiB""},{""name"":""lab-invoicing-stub"",""cpu"":""3.43%"",""mem"":""16.6MiB / 122.8GiB""},{""name"":""lab-shipping-stub"",""cpu"":""3.63%"",""mem"":""16.61MiB / 122.8GiB""},{""name"":""lab-eparagony-stub-tls"",""cpu"":""0.00%"",""mem"":""23.3MiB / 122.8GiB""},{""name"":""lab-erli-stub-tls"",""cpu"":""0.00%"",""mem"":""22.67MiB / 122.8GiB""},{""name"":""lab-wc-tls"",""cpu"":""0.00%"",""mem"":""28.21MiB / 122.8GiB""},{""name"":""lab-prestashop"",""cpu"":""0.01%"",""mem"":""166.3MiB / 122.8GiB""},{""name"":""lab-woocommerce"",""cpu"":""0.01%"",""mem"":""293.1MiB / 122.8GiB""},{""name"":""lab-redis"",""cpu"":""0.28%"",""mem"":""77.86MiB / 122.8GiB""},{""name"":""lab-postgres"",""cpu"":""0.92%"",""mem"":""238MiB / 122.8GiB""},{""name"":""lab-mysql"",""cpu"":""0.94%"",""mem"":""720.2MiB / 122.8GiB""},{""name"":""lab-woocommerce-mysql"",""cpu"":""0.94%"",""mem"":""509.6MiB / 122.8GiB""}]"
2026-09-10T13:17:53Z,3,0,0,0,12,2667706035,"[{""name"":""lab-worker-1"",""cpu"":""0.53%"",""mem"":""129.7MiB / 122.8GiB""},{""name"":""lab-api"",""cpu"":""0.00%"",""mem"":""140.5MiB / 122.8GiB""},{""name"":""lab-allegro-stub"",""cpu"":""4.00%"",""mem"":""20.4MiB / 122.8GiB""},{""name"":""lab-erli-stub"",""cpu"":""0.01%"",""mem"":""18.05MiB / 122.8GiB""},{""name"":""lab-eparagony-stub"",""cpu"":""0.00%"",""mem"":""20.36MiB / 122.8GiB""},{""name"":""lab-invoicing-stub"",""cpu"":""3.43%"",""mem"":""16.6MiB / 122.8GiB""},{""name"":""lab-shipping-stub"",""cpu"":""3.63%"",""mem"":""16.61MiB / 122.8GiB""},{""name"":""lab-eparagony-stub-tls"",""cpu"":""0.00%"",""mem"":""23.3MiB / 122.8GiB""},{""name"":""lab-erli-stub-tls"",""cpu"":""0.00%"",""mem"":""22.67MiB / 122.8GiB""},{""name"":""lab-wc-tls"",""cpu"":""0.00%"",""mem"":""28.21MiB / 122.8GiB""},{""name"":""lab-prestashop"",""cpu"":""0.01%"",""mem"":""166.3MiB / 122.8GiB""},{""name"":""lab-woocommerce"",""cpu"":""0.01%"",""mem"":""293.1MiB / 122.8GiB""},{""name"":""lab-redis"",""cpu"":""0.28%"",""mem"":""77.86MiB / 122.8GiB""},{""name"":""lab-postgres"",""cpu"":""0.92%"",""mem"":""238MiB / 122.8GiB""},{""name"":""lab-mysql"",""cpu"":""0.94%"",""mem"":""720.2MiB / 122.8GiB""},{""name"":""lab-woocommerce-mysql"",""cpu"":""0.93%"",""mem"":""509.6MiB / 122.8GiB""}]"
2026-09-10T13:17:57Z,4,0,0,0,13,2667706035,"[{""name"":""lab-worker-1"",""cpu"":""0.40%"",""mem"":""129.7MiB / 122.8GiB""},{""name"":""lab-api"",""cpu"":""0.00%"",""mem"":""140.5MiB / 122.8GiB""},{""name"":""lab-allegro-stub"",""cpu"":""0.01%"",""mem"":""20.35MiB / 122.8GiB""},{""name"":""lab-erli-stub"",""cpu"":""2.43%"",""mem"":""25.12MiB / 122.8GiB""},{""name"":""lab-eparagony-stub"",""cpu"":""4.22%"",""mem"":""20.38MiB / 122.8GiB""},{""name"":""lab-invoicing-stub"",""cpu"":""0.01%"",""mem"":""16.59MiB / 122.8GiB""},{""name"":""lab-shipping-stub"",""cpu"":""0.00%"",""mem"":""16.57MiB / 122.8GiB""},{""name"":""lab-eparagony-stub-tls"",""cpu"":""0.00%"",""mem"":""23.3MiB / 122.8GiB""},{""name"":""lab-erli-stub-tls"",""cpu"":""0.00%"",""mem"":""22.67MiB / 122.8GiB""},{""name"":""lab-wc-tls"",""cpu"":""0.00%"",""mem"":""28.21MiB / 122.8GiB""},{""name"":""lab-prestashop"",""cpu"":""0.01%"",""mem"":""166.3MiB / 122.8GiB""},{""name"":""lab-woocommerce"",""cpu"":""0.00%"",""mem"":""293.1MiB / 122.8GiB""},{""name"":""lab-redis"",""cpu"":""0.27%"",""mem"":""77.86MiB / 122.8GiB""},{""name"":""lab-postgres"",""cpu"":""0.35%"",""mem"":""238MiB / 122.8GiB""},{""name"":""lab-mysql"",""cpu"":""0.89%"",""mem"":""720.2MiB / 122.8GiB""},{""name"":""lab-woocommerce-mysql"",""cpu"":""1.00%"",""mem"":""509.6MiB / 122.8GiB""}]"
2026-09-10T13:17:57Z,4,0,0,0,13,2667706035,"[{""name"":""lab-worker-1"",""cpu"":""0.40%"",""mem"":""129.7MiB / 122.8GiB""},{""name"":""lab-api"",""cpu"":""0.00%"",""mem"":""140.5MiB / 122.8GiB""},{""name"":""lab-allegro-stub"",""cpu"":""0.01%"",""mem"":""20.35MiB / 122.8GiB""},{""name"":""lab-erli-stub"",""cpu"":""2.43%"",""mem"":""25.12MiB / 122.8GiB""},{""name"":""lab-eparagony-stub"",""cpu"":""4.22%"",""mem"":""20.38MiB / 122.8GiB""},{""name"":""lab-invoicing-stub"",""cpu"":""0.01%"",""mem"":""16.59MiB / 122.8GiB""},{""name"":""lab-shipping-stub"",""cpu"":""0.00%"",""mem"":""16.57MiB / 122.8GiB""},{""name"":""lab-eparagony-stub-tls"",""cpu"":""0.00%"",""mem"":""23.3MiB / 122.8GiB""},{""name"":""lab-erli-stub-tls"",""cpu"":""0.00%"",""mem"":""22.67MiB / 122.8GiB""},{""name"":""lab-wc-tls"",""cpu"":""0.00%"",""mem"":""28.21MiB / 122.8GiB""},{""name"":""lab-prestashop"",""cpu"":""0.01%"",""mem"":""166.3MiB / 122.8GiB""},{""name"":""lab-woocommerce"",""cpu"":""0.00%"",""mem"":""293.1MiB / 122.8GiB""},{""name"":""lab-redis"",""cpu"":""0.27%"",""mem"":""77.86MiB / 122.8GiB""},{""name"":""lab-postgres"",""cpu"":""0.35%"",""mem"":""238MiB / 122.8GiB""},{""name"":""lab-mysql"",""cpu"":""0.89%"",""mem"":""720.2MiB / 122.8GiB""},{""name"":""lab-woocommerce-mysql"",""cpu"":""1.00%"",""mem"":""509.6MiB / 122.8GiB""}]"
2026-09-10T13:18:00Z,4,0,0,0,13,2667706035,"[{""name"":""lab-worker-1"",""cpu"":""0.34%"",""mem"":""129.9MiB / 122.8GiB""},{""name"":""lab-api"",""cpu"":""0.00%"",""mem"":""140.5MiB / 122.8GiB""},{""name"":""lab-allegro-stub"",""cpu"":""0.00%"",""mem"":""20.35MiB / 122.8GiB""},{""name"":""lab-erli-stub"",""cpu"":""0.00%"",""mem"":""18.04MiB / 122.8GiB""},{""name"":""lab-eparagony-stub"",""cpu"":""0.00%"",""mem"":""20.36MiB / 122.8GiB""},{""name"":""lab-invoicing-stub"",""cpu"":""0.00%"",""mem"":""16.59MiB / 122.8GiB""},{""name"":""lab-shipping-stub"",""cpu"":""0.00%"",""mem"":""16.57MiB / 122.8GiB""},{""name"":""lab-eparagony-stub-tls"",""cpu"":""0.00%"",""mem"":""23.3MiB / 122.8GiB""},{""name"":""lab-erli-stub-tls"",""cpu"":""0.00%"",""mem"":""22.67MiB / 122.8GiB""},{""name"":""lab-wc-tls"",""cpu"":""0.00%"",""mem"":""28.21MiB / 122.8GiB""},{""name"":""lab-prestashop"",""cpu"":""0.01%"",""mem"":""166.3MiB / 122.8GiB""},{""name"":""lab-woocommerce"",""cpu"":""0.00%"",""mem"":""293.1MiB / 122.8GiB""},{""name"":""lab-redis"",""cpu"":""0.26%"",""mem"":""77.87MiB / 122.8GiB""},{""name"":""lab-postgres"",""cpu"":""0.22%"",""mem"":""237.9MiB / 122.8GiB""},{""name"":""lab-mysql"",""cpu"":""1.00%"",""mem"":""720.2MiB / 122.8GiB""},{""name"":""lab-woocommerce-mysql"",""cpu"":""0.96%"",""mem"":""509.6MiB / 122.8GiB""}]"
2026-09-10T13:18:00Z,4,0,0,0,13,2667706035,"[{""name"":""lab-worker-1"",""cpu"":""0.34%"",""mem"":""129.9MiB / 122.8GiB""},{""name"":""lab-api"",""cpu"":""0.00%"",""mem"":""140.5MiB / 122.8GiB""},{""name"":""lab-allegro-stub"",""cpu"":""0.00%"",""mem"":""20.35MiB / 122.8GiB""},{""name"":""lab-erli-stub"",""cpu"":""0.00%"",""mem"":""18.04MiB / 122.8GiB""},{""name"":""lab-eparagony-stub"",""cpu"":""0.00%"",""mem"":""20.36MiB / 122.8GiB""},{""name"":""lab-invoicing-stub"",""cpu"":""0.00%"",""mem"":""16.59MiB / 122.8GiB""},{""name"":""lab-shipping-stub"",""cpu"":""0.00%"",""mem"":""16.57MiB / 122.8GiB""},{""name"":""lab-eparagony-stub-tls"",""cpu"":""0.00%"",""mem"":""23.3MiB / 122.8GiB""},{""name"":""lab-erli-stub-tls"",""cpu"":""0.00%"",""mem"":""22.67MiB / 122.8GiB""},{""name"":""lab-wc-tls"",""cpu"":""0.00%"",""mem"":""28.21MiB / 122.8GiB""},{""name"":""lab-prestashop"",""cpu"":""0.01%"",""mem"":""166.3MiB / 122.8GiB""},{""name"":""lab-woocommerce"",""cpu"":""0.00%"",""mem"":""293.1MiB / 122.8GiB""},{""name"":""lab-redis"",""cpu"":""0.26%"",""mem"":""77.87MiB / 122.8GiB""},{""name"":""lab-postgres"",""cpu"":""0.22%"",""mem"":""237.9MiB / 122.8GiB""},{""name"":""lab-mysql"",""cpu"":""1.00%"",""mem"":""720.2MiB / 122.8GiB""},{""name"":""lab-woocommerce-mysql"",""cpu"":""0.96%"",""mem"":""509.6MiB / 122.8GiB""}]"
2026-09-10T13:18:04Z,3,0,0,0,14,2667706035,"[{""name"":""lab-worker-1"",""cpu"":""0.36%"",""mem"":""129.7MiB / 122.8GiB""},{""name"":""lab-api"",""cpu"":""0.00%"",""mem"":""140.9MiB / 122.8GiB""},{""name"":""lab-allegro-stub"",""cpu"":""0.01%"",""mem"":""20.36MiB / 122.8GiB""},{""name"":""lab-erli-stub"",""cpu"":""0.00%"",""mem"":""18.04MiB / 122.8GiB""},{""name"":""lab-eparagony-stub"",""cpu"":""0.00%"",""mem"":""20.35MiB / 122.8GiB""},{""name"":""lab-invoicing-stub"",""cpu"":""0.01%"",""mem"":""16.59MiB / 122.8GiB""},{""name"":""lab-shipping-stub"",""cpu"":""0.01%"",""mem"":""16.6MiB / 122.8GiB""},{""name"":""lab-eparagony-stub-tls"",""cpu"":""0.00%"",""mem"":""23.3MiB / 122.8GiB""},{""name"":""lab-erli-stub-tls"",""cpu"":""0.00%"",""mem"":""22.67MiB / 122.8GiB""},{""name"":""lab-wc-tls"",""cpu"":""0.00%"",""mem"":""28.21MiB / 122.8GiB""},{""name"":""lab-prestashop"",""cpu"":""0.00%"",""mem"":""166.3MiB / 122.8GiB""},{""name"":""lab-woocommerce"",""cpu"":""0.00%"",""mem"":""293.1MiB / 122.8GiB""},{""name"":""lab-redis"",""cpu"":""4.53%"",""mem"":""77.93MiB / 122.8GiB""},{""name"":""lab-postgres"",""cpu"":""0.34%"",""mem"":""238.1MiB / 122.8GiB""},{""name"":""lab-mysql"",""cpu"":""0.77%"",""mem"":""720.2MiB / 122.8GiB""},{""name"":""lab-woocommerce-mysql"",""cpu"":""0.94%"",""mem"":""509.6MiB / 122.8GiB""}]"
2026-09-10T13:18:04Z,3,0,0,0,14,2667706035,"[{""name"":""lab-worker-1"",""cpu"":""0.36%"",""mem"":""129.7MiB / 122.8GiB""},{""name"":""lab-api"",""cpu"":""0.00%"",""mem"":""140.9MiB / 122.8GiB""},{""name"":""lab-allegro-stub"",""cpu"":""0.01%"",""mem"":""20.36MiB / 122.8GiB""},{""name"":""lab-erli-stub"",""cpu"":""0.00%"",""mem"":""18.04MiB / 122.8GiB""},{""name"":""lab-eparagony-stub"",""cpu"":""0.00%"",""mem"":""20.35MiB / 122.8GiB""},{""name"":""lab-invoicing-stub"",""cpu"":""0.01%"",""mem"":""16.59MiB / 122.8GiB""},{""name"":""lab-shipping-stub"",""cpu"":""0.01%"",""mem"":""16.6MiB / 122.8GiB""},{""name"":""lab-eparagony-stub-tls"",""cpu"":""0.00%"",""mem"":""23.3MiB / 122.8GiB""},{""name"":""lab-erli-stub-tls"",""cpu"":""0.00%"",""mem"":""22.67MiB / 122.8GiB""},{""name"":""lab-wc-tls"",""cpu"":""0.00%"",""mem"":""28.21MiB / 122.8GiB""},{""name"":""lab-prestashop"",""cpu"":""0.00%"",""mem"":""166.3MiB / 122.8GiB""},{""name"":""lab-woocommerce"",""cpu"":""0.00%"",""mem"":""293.1MiB / 122.8GiB""},{""name"":""lab-redis"",""cpu"":""4.53%"",""mem"":""77.93MiB / 122.8GiB""},{""name"":""lab-postgres"",""cpu"":""0.34%"",""mem"":""238.1MiB / 122.8GiB""},{""name"":""lab-mysql"",""cpu"":""0.77%"",""mem"":""720.2MiB / 122.8GiB""},{""name"":""lab-woocommerce-mysql"",""cpu"":""0.94%"",""mem"":""509.6MiB / 122.8GiB""}]"
2026-09-10T13:18:08Z,4,0,0,0,14,2667706035,"[{""name"":""lab-worker-1"",""cpu"":""0.56%"",""mem"":""129.7MiB / 122.8GiB""},{""name"":""lab-api"",""cpu"":""0.01%"",""mem"":""140.9MiB / 122.8GiB""},{""name"":""lab-allegro-stub"",""cpu"":""0.00%"",""mem"":""20.35MiB / 122.8GiB""},{""name"":""lab-erli-stub"",""cpu"":""3.96%"",""mem"":""18.3MiB / 122.8GiB""},{""name"":""lab-eparagony-stub"",""cpu"":""0.00%"",""mem"":""20.36MiB / 122.8GiB""},{""name"":""lab-invoicing-stub"",""cpu"":""0.00%"",""mem"":""16.59MiB / 122.8GiB""},{""name"":""lab-shipping-stub"",""cpu"":""0.00%"",""mem"":""16.57MiB / 122.8GiB""},{""name"":""lab-eparagony-stub-tls"",""cpu"":""0.00%"",""mem"":""23.3MiB / 122.8GiB""},{""name"":""lab-erli-stub-tls"",""cpu"":""0.00%"",""mem"":""22.67MiB / 122.8GiB""},{""name"":""lab-wc-tls"",""cpu"":""0.00%"",""mem"":""28.21MiB / 122.8GiB""},{""name"":""lab-prestashop"",""cpu"":""5.15%"",""mem"":""164.3MiB / 122.8GiB""},{""name"":""lab-woocommerce"",""cpu"":""0.01%"",""mem"":""293.1MiB / 122.8GiB""},{""name"":""lab-redis"",""cpu"":""0.30%"",""mem"":""77.87MiB / 122.8GiB""},{""name"":""lab-postgres"",""cpu"":""0.33%"",""mem"":""238MiB / 122.8GiB""},{""name"":""lab-mysql"",""cpu"":""1.39%"",""mem"":""720.2MiB / 122.8GiB""},{""name"":""lab-woocommerce-mysql"",""cpu"":""0.94%"",""mem"":""509.6MiB / 122.8GiB""}]"
2026-09-10T13:18:08Z,4,0,0,0,14,2667706035,"[{""name"":""lab-worker-1"",""cpu"":""0.56%"",""mem"":""129.7MiB / 122.8GiB""},{""name"":""lab-api"",""cpu"":""0.01%"",""mem"":""140.9MiB / 122.8GiB""},{""name"":""lab-allegro-stub"",""cpu"":""0.00%"",""mem"":""20.35MiB / 122.8GiB""},{""name"":""lab-erli-stub"",""cpu"":""3.96%"",""mem"":""18.3MiB / 122.8GiB""},{""name"":""lab-eparagony-stub"",""cpu"":""0.00%"",""mem"":""20.36MiB / 122.8GiB""},{""name"":""lab-invoicing-stub"",""cpu"":""0.00%"",""mem"":""16.59MiB / 122.8GiB""},{""name"":""lab-shipping-stub"",""cpu"":""0.00%"",""mem"":""16.57MiB / 122.8GiB""},{""name"":""lab-eparagony-stub-tls"",""cpu"":""0.00%"",""mem"":""23.3MiB / 122.8GiB""},{""name"":""lab-erli-stub-tls"",""cpu"":""0.00%"",""mem"":""22.67MiB / 122.8GiB""},{""name"":""lab-wc-tls"",""cpu"":""0.00%"",""mem"":""28.21MiB / 122.8GiB""},{""name"":""lab-prestashop"",""cpu"":""5.15%"",""mem"":""164.3MiB / 122.8GiB""},{""name"":""lab-woocommerce"",""cpu"":""0.01%"",""mem"":""293.1MiB / 122.8GiB""},{""name"":""lab-redis"",""cpu"":""0.30%"",""mem"":""77.87MiB / 122.8GiB""},{""name"":""lab-postgres"",""cpu"":""0.33%"",""mem"":""238MiB / 122.8GiB""},{""name"":""lab-mysql"",""cpu"":""1.39%"",""mem"":""720.2MiB / 122.8GiB""},{""name"":""lab-woocommerce-mysql"",""cpu"":""0.94%"",""mem"":""509.6MiB / 122.8GiB""}]"
2026-09-10T13:18:11Z,4,0,0,0,14,2667706035,"[{""name"":""lab-worker-1"",""cpu"":""2.41%"",""mem"":""129.9MiB / 122.8GiB""},{""name"":""lab-api"",""cpu"":""0.65%"",""mem"":""141.1MiB / 122.8GiB""},{""name"":""lab-allegro-stub"",""cpu"":""0.00%"",""mem"":""20.35MiB / 122.8GiB""},{""name"":""lab-erli-stub"",""cpu"":""0.00%"",""mem"":""18.04MiB / 122.8GiB""},{""name"":""lab-eparagony-stub"",""cpu"":""0.00%"",""mem"":""20.35MiB / 122.8GiB""},{""name"":""lab-invoicing-stub"",""cpu"":""0.00%"",""mem"":""16.6MiB / 122.8GiB""},{""name"":""lab-shipping-stub"",""cpu"":""0.00%"",""mem"":""16.58MiB / 122.8GiB""},{""name"":""lab-eparagony-stub-tls"",""cpu"":""0.00%"",""mem"":""23.3MiB / 122.8GiB""},{""name"":""lab-erli-stub-tls"",""cpu"":""0.00%"",""mem"":""22.67MiB / 122.8GiB""},{""name"":""lab-wc-tls"",""cpu"":""0.00%"",""mem"":""28.21MiB / 122.8GiB""},{""name"":""lab-prestashop"",""cpu"":""0.01%"",""mem"":""164.3MiB / 122.8GiB""},{""name"":""lab-woocommerce"",""cpu"":""0.01%"",""mem"":""293.1MiB / 122.8GiB""},{""name"":""lab-redis"",""cpu"":""0.38%"",""mem"":""78.11MiB / 122.8GiB""},{""name"":""lab-postgres"",""cpu"":""3.38%"",""mem"":""237.9MiB / 122.8GiB""},{""name"":""lab-mysql"",""cpu"":""1.01%"",""mem"":""720.2MiB / 122.8GiB""},{""name"":""lab-woocommerce-mysql"",""cpu"":""1.04%"",""mem"":""509.6MiB / 122.8GiB""}]"
2026-09-10T13:18:11Z,4,0,0,0,14,2667706035,"[{""name"":""lab-worker-1"",""cpu"":""2.41%"",""mem"":""129.9MiB / 122.8GiB""},{""name"":""lab-api"",""cpu"":""0.65%"",""mem"":""141.1MiB / 122.8GiB""},{""name"":""lab-allegro-stub"",""cpu"":""0.00%"",""mem"":""20.35MiB / 122.8GiB""},{""name"":""lab-erli-stub"",""cpu"":""0.00%"",""mem"":""18.04MiB / 122.8GiB""},{""name"":""lab-eparagony-stub"",""cpu"":""0.00%"",""mem"":""20.35MiB / 122.8GiB""},{""name"":""lab-invoicing-stub"",""cpu"":""0.00%"",""mem"":""16.6MiB / 122.8GiB""},{""name"":""lab-shipping-stub"",""cpu"":""0.00%"",""mem"":""16.58MiB / 122.8GiB""},{""name"":""lab-eparagony-stub-tls"",""cpu"":""0.00%"",""mem"":""23.3MiB / 122.8GiB""},{""name"":""lab-erli-stub-tls"",""cpu"":""0.00%"",""mem"":""22.67MiB / 122.8GiB""},{""name"":""lab-wc-tls"",""cpu"":""0.00%"",""mem"":""28.21MiB / 122.8GiB""},{""name"":""lab-prestashop"",""cpu"":""0.01%"",""mem"":""164.3MiB / 122.8GiB""},{""name"":""lab-woocommerce"",""cpu"":""0.01%"",""mem"":""293.1MiB / 122.8GiB""},{""name"":""lab-redis"",""cpu"":""0.38%"",""mem"":""78.11MiB / 122.8GiB""},{""name"":""lab-postgres"",""cpu"":""3.38%"",""mem"":""237.9MiB / 122.8GiB""},{""name"":""lab-mysql"",""cpu"":""1.01%"",""mem"":""720.2MiB / 122.8GiB""},{""name"":""lab-woocommerce-mysql"",""cpu"":""1.04%"",""mem"":""509.6MiB / 122.8GiB""}]"
2026-09-10T13:18:15Z,3,0,0,0,15,2667706035,"[{""name"":""lab-worker-1"",""cpu"":""0.46%"",""mem"":""129.7MiB / 122.8GiB""},{""name"":""lab-api"",""cpu"":""0.00%"",""mem"":""141.1MiB / 122.8GiB""},{""name"":""lab-allegro-stub"",""cpu"":""0.00%"",""mem"":""20.35MiB / 122.8GiB""},{""name"":""lab-erli-stub"",""cpu"":""0.00%"",""mem"":""18.06MiB / 122.8GiB""},{""name"":""lab-eparagony-stub"",""cpu"":""0.00%"",""mem"":""20.35MiB / 122.8GiB""},{""name"":""lab-invoicing-stub"",""cpu"":""0.00%"",""mem"":""16.59MiB / 122.8GiB""},{""name"":""lab-shipping-stub"",""cpu"":""0.00%"",""mem"":""16.57MiB / 122.8GiB""},{""name"":""lab-eparagony-stub-tls"",""cpu"":""0.00%"",""mem"":""23.3MiB / 122.8GiB""},{""name"":""lab-erli-stub-tls"",""cpu"":""0.00%"",""mem"":""22.67MiB / 122.8GiB""},{""name"":""lab-wc-tls"",""cpu"":""0.00%"",""mem"":""28.21MiB / 122.8GiB""},{""name"":""lab-prestashop"",""cpu"":""0.01%"",""mem"":""164.3MiB / 122.8GiB""},{""name"":""lab-woocommerce"",""cpu"":""0.01%"",""mem"":""293.1MiB / 122.8GiB""},{""name"":""lab-redis"",""cpu"":""0.28%"",""mem"":""77.87MiB / 122.8GiB""},{""name"":""lab-postgres"",""cpu"":""5.36%"",""mem"":""238MiB / 122.8GiB""},{""name"":""lab-mysql"",""cpu"":""0.88%"",""mem"":""720.2MiB / 122.8GiB""},{""name"":""lab-woocommerce-mysql"",""cpu"":""0.99%"",""mem"":""509.6MiB / 122.8GiB""}]"
2026-09-10T13:18:15Z,3,0,0,0,15,2667706035,"[{""name"":""lab-worker-1"",""cpu"":""0.46%"",""mem"":""129.7MiB / 122.8GiB""},{""name"":""lab-api"",""cpu"":""0.00%"",""mem"":""141.1MiB / 122.8GiB""},{""name"":""lab-allegro-stub"",""cpu"":""0.00%"",""mem"":""20.35MiB / 122.8GiB""},{""name"":""lab-erli-stub"",""cpu"":""0.00%"",""mem"":""18.06MiB / 122.8GiB""},{""name"":""lab-eparagony-stub"",""cpu"":""0.00%"",""mem"":""20.35MiB / 122.8GiB""},{""name"":""lab-invoicing-stub"",""cpu"":""0.00%"",""mem"":""16.59MiB / 122.8GiB""},{""name"":""lab-shipping-stub"",""cpu"":""0.00%"",""mem"":""16.57MiB / 122.8GiB""},{""name"":""lab-eparagony-stub-tls"",""cpu"":""0.00%"",""mem"":""23.3MiB / 122.8GiB""},{""name"":""lab-erli-stub-tls"",""cpu"":""0.00%"",""mem"":""22.67MiB / 122.8GiB""},{""name"":""lab-wc-tls"",""cpu"":""0.00%"",""mem"":""28.21MiB / 122.8GiB""},{""name"":""lab-prestashop"",""cpu"":""0.01%"",""mem"":""164.3MiB / 122.8GiB""},{""name"":""lab-woocommerce"",""cpu"":""0.01%"",""mem"":""293.1MiB / 122.8GiB""},{""name"":""lab-redis"",""cpu"":""0.28%"",""mem"":""77.87MiB / 122.8GiB""},{""name"":""lab-postgres"",""cpu"":""5.36%"",""mem"":""238MiB / 122.8GiB""},{""name"":""lab-mysql"",""cpu"":""0.88%"",""mem"":""720.2MiB / 122.8GiB""},{""name"":""lab-woocommerce-mysql"",""cpu"":""0.99%"",""mem"":""509.6MiB / 122.8GiB""}]"
2026-09-10T13:18:19Z,4,0,0,0,15,2667706035,"[{""name"":""lab-worker-1"",""cpu"":""0.37%"",""mem"":""129.7MiB / 122.8GiB""},{""name"":""lab-api"",""cpu"":""0.00%"",""mem"":""141.1MiB / 122.8GiB""},{""name"":""lab-allegro-stub"",""cpu"":""4.07%"",""mem"":""20.36MiB / 122.8GiB""},{""name"":""lab-erli-stub"",""cpu"":""0.00%"",""mem"":""18.05MiB / 122.8GiB""},{""name"":""lab-eparagony-stub"",""cpu"":""0.00%"",""mem"":""20.35MiB / 122.8GiB""},{""name"":""lab-invoicing-stub"",""cpu"":""3.87%"",""mem"":""16.59MiB / 122.8GiB""},{""name"":""lab-shipping-stub"",""cpu"":""4.18%"",""mem"":""16.6MiB / 122.8GiB""},{""name"":""lab-eparagony-stub-tls"",""cpu"":""0.00%"",""mem"":""23.3MiB / 122.8GiB""},{""name"":""lab-erli-stub-tls"",""cpu"":""0.00%"",""mem"":""22.67MiB / 122.8GiB""},{""name"":""lab-wc-tls"",""cpu"":""0.00%"",""mem"":""28.21MiB / 122.8GiB""},{""name"":""lab-prestashop"",""cpu"":""0.01%"",""mem"":""164.3MiB / 122.8GiB""},{""name"":""lab-woocommerce"",""cpu"":""0.01%"",""mem"":""293.1MiB / 122.8GiB""},{""name"":""lab-redis"",""cpu"":""0.30%"",""mem"":""77.86MiB / 122.8GiB""},{""name"":""lab-postgres"",""cpu"":""0.36%"",""mem"":""237.9MiB / 122.8GiB""},{""name"":""lab-mysql"",""cpu"":""0.86%"",""mem"":""720.2MiB / 122.8GiB""},{""name"":""lab-woocommerce-mysql"",""cpu"":""5.08%"",""mem"":""509.7MiB / 122.8GiB""}]"
2026-09-10T13:18:19Z,4,0,0,0,15,2667706035,"[{""name"":""lab-worker-1"",""cpu"":""0.37%"",""mem"":""129.7MiB / 122.8GiB""},{""name"":""lab-api"",""cpu"":""0.00%"",""mem"":""141.1MiB / 122.8GiB""},{""name"":""lab-allegro-stub"",""cpu"":""4.07%"",""mem"":""20.36MiB / 122.8GiB""},{""name"":""lab-erli-stub"",""cpu"":""0.00%"",""mem"":""18.05MiB / 122.8GiB""},{""name"":""lab-eparagony-stub"",""cpu"":""0.00%"",""mem"":""20.35MiB / 122.8GiB""},{""name"":""lab-invoicing-stub"",""cpu"":""3.87%"",""mem"":""16.59MiB / 122.8GiB""},{""name"":""lab-shipping-stub"",""cpu"":""4.18%"",""mem"":""16.6MiB / 122.8GiB""},{""name"":""lab-eparagony-stub-tls"",""cpu"":""0.00%"",""mem"":""23.3MiB / 122.8GiB""},{""name"":""lab-erli-stub-tls"",""cpu"":""0.00%"",""mem"":""22.67MiB / 122.8GiB""},{""name"":""lab-wc-tls"",""cpu"":""0.00%"",""mem"":""28.21MiB / 122.8GiB""},{""name"":""lab-prestashop"",""cpu"":""0.01%"",""mem"":""164.3MiB / 122.8GiB""},{""name"":""lab-woocommerce"",""cpu"":""0.01%"",""mem"":""293.1MiB / 122.8GiB""},{""name"":""lab-redis"",""cpu"":""0.30%"",""mem"":""77.86MiB / 122.8GiB""},{""name"":""lab-postgres"",""cpu"":""0.36%"",""mem"":""237.9MiB / 122.8GiB""},{""name"":""lab-mysql"",""cpu"":""0.86%"",""mem"":""720.2MiB / 122.8GiB""},{""name"":""lab-woocommerce-mysql"",""cpu"":""5.08%"",""mem"":""509.7MiB / 122.8GiB""}]"
2026-09-10T13:18:22Z,4,0,0,0,15,2667706035,"[{""name"":""lab-worker-1"",""cpu"":""0.39%"",""mem"":""129.7MiB / 122.8GiB""},{""name"":""lab-api"",""cpu"":""0.05%"",""mem"":""141.2MiB / 122.8GiB""},{""name"":""lab-allegro-stub"",""cpu"":""0.00%"",""mem"":""20.35MiB / 122.8GiB""},{""name"":""lab-erli-stub"",""cpu"":""3.91%"",""mem"":""18.09MiB / 122.8GiB""},{""name"":""lab-eparagony-stub"",""cpu"":""3.89%"",""mem"":""20.36MiB / 122.8GiB""},{""name"":""lab-invoicing-stub"",""cpu"":""0.00%"",""mem"":""16.59MiB / 122.8GiB""},{""name"":""lab-shipping-stub"",""cpu"":""0.00%"",""mem"":""16.57MiB / 122.8GiB""},{""name"":""lab-eparagony-stub-tls"",""cpu"":""0.00%"",""mem"":""23.3MiB / 122.8GiB""},{""name"":""lab-erli-stub-tls"",""cpu"":""0.00%"",""mem"":""22.67MiB / 122.8GiB""},{""name"":""lab-wc-tls"",""cpu"":""0.00%"",""mem"":""28.21MiB / 122.8GiB""},{""name"":""lab-prestashop"",""cpu"":""0.01%"",""mem"":""164.3MiB / 122.8GiB""},{""name"":""lab-woocommerce"",""cpu"":""0.01%"",""mem"":""293.1MiB / 122.8GiB""},{""name"":""lab-redis"",""cpu"":""0.31%"",""mem"":""77.86MiB / 122.8GiB""},{""name"":""lab-postgres"",""cpu"":""0.99%"",""mem"":""238MiB / 122.8GiB""},{""name"":""lab-mysql"",""cpu"":""0.89%"",""mem"":""720.2MiB / 122.8GiB""},{""name"":""lab-woocommerce-mysql"",""cpu"":""0.94%"",""mem"":""509.6MiB / 122.8GiB""}]"
2026-09-10T13:18:22Z,4,0,0,0,15,2667706035,"[{""name"":""lab-worker-1"",""cpu"":""0.39%"",""mem"":""129.7MiB / 122.8GiB""},{""name"":""lab-api"",""cpu"":""0.05%"",""mem"":""141.2MiB / 122.8GiB""},{""name"":""lab-allegro-stub"",""cpu"":""0.00%"",""mem"":""20.35MiB / 122.8GiB""},{""name"":""lab-erli-stub"",""cpu"":""3.91%"",""mem"":""18.09MiB / 122.8GiB""},{""name"":""lab-eparagony-stub"",""cpu"":""3.89%"",""mem"":""20.36MiB / 122.8GiB""},{""name"":""lab-invoicing-stub"",""cpu"":""0.00%"",""mem"":""16.59MiB / 122.8GiB""},{""name"":""lab-shipping-stub"",""cpu"":""0.00%"",""mem"":""16.57MiB / 122.8GiB""},{""name"":""lab-eparagony-stub-tls"",""cpu"":""0.00%"",""mem"":""23.3MiB / 122.8GiB""},{""name"":""lab-erli-stub-tls"",""cpu"":""0.00%"",""mem"":""22.67MiB / 122.8GiB""},{""name"":""lab-wc-tls"",""cpu"":""0.00%"",""mem"":""28.21MiB / 122.8GiB""},{""name"":""lab-prestashop"",""cpu"":""0.01%"",""mem"":""164.3MiB / 122.8GiB""},{""name"":""lab-woocommerce"",""cpu"":""0.01%"",""mem"":""293.1MiB / 122.8GiB""},{""name"":""lab-redis"",""cpu"":""0.31%"",""mem"":""77.86MiB / 122.8GiB""},{""name"":""lab-postgres"",""cpu"":""0.99%"",""mem"":""238MiB / 122.8GiB""},{""name"":""lab-mysql"",""cpu"":""0.89%"",""mem"":""720.2MiB / 122.8GiB""},{""name"":""lab-woocommerce-mysql"",""cpu"":""0.87%"",""mem"":""509.6MiB / 122.8GiB""}]"
2026-09-10T13:18:26Z,3,0,0,0,16,2667706035,"[{""name"":""lab-worker-1"",""cpu"":""0.46%"",""mem"":""129.7MiB / 122.8GiB""},{""name"":""lab-api"",""cpu"":""0.00%"",""mem"":""141.2MiB / 122.8GiB""},{""name"":""lab-allegro-stub"",""cpu"":""0.01%"",""mem"":""20.35MiB / 122.8GiB""},{""name"":""lab-erli-stub"",""cpu"":""0.00%"",""mem"":""18.04MiB / 122.8GiB""},{""name"":""lab-eparagony-stub"",""cpu"":""0.00%"",""mem"":""20.35MiB / 122.8GiB""},{""name"":""lab-invoicing-stub"",""cpu"":""0.02%"",""mem"":""16.59MiB / 122.8GiB""},{""name"":""lab-shipping-stub"",""cpu"":""0.01%"",""mem"":""16.57MiB / 122.8GiB""},{""name"":""lab-eparagony-stub-tls"",""cpu"":""0.00%"",""mem"":""23.3MiB / 122.8GiB""},{""name"":""lab-erli-stub-tls"",""cpu"":""0.00%"",""mem"":""22.67MiB / 122.8GiB""},{""name"":""lab-wc-tls"",""cpu"":""0.00%"",""mem"":""28.21MiB / 122.8GiB""},{""name"":""lab-prestashop"",""cpu"":""0.01%"",""mem"":""164.3MiB / 122.8GiB""},{""name"":""lab-woocommerce"",""cpu"":""0.01%"",""mem"":""293.1MiB / 122.8GiB""},{""name"":""lab-redis"",""cpu"":""0.32%"",""mem"":""77.87MiB / 122.8GiB""},{""name"":""lab-postgres"",""cpu"":""0.53%"",""mem"":""238MiB / 122.8GiB""},{""name"":""lab-mysql"",""cpu"":""6.16%"",""mem"":""720.3MiB / 122.8GiB""},{""name"":""lab-woocommerce-mysql"",""cpu"":""0.97%"",""mem"":""509.6MiB / 122.8GiB""}]"
2026-09-10T13:18:26Z,3,0,0,0,16,2667706035,"[{""name"":""lab-worker-1"",""cpu"":""0.46%"",""mem"":""129.7MiB / 122.8GiB""},{""name"":""lab-api"",""cpu"":""0.00%"",""mem"":""141.2MiB / 122.8GiB""},{""name"":""lab-allegro-stub"",""cpu"":""0.01%"",""mem"":""20.35MiB / 122.8GiB""},{""name"":""lab-erli-stub"",""cpu"":""0.00%"",""mem"":""18.04MiB / 122.8GiB""},{""name"":""lab-eparagony-stub"",""cpu"":""0.00%"",""mem"":""20.35MiB / 122.8GiB""},{""name"":""lab-invoicing-stub"",""cpu"":""0.02%"",""mem"":""16.59MiB / 122.8GiB""},{""name"":""lab-shipping-stub"",""cpu"":""0.01%"",""mem"":""16.57MiB / 122.8GiB""},{""name"":""lab-eparagony-stub-tls"",""cpu"":""0.00%"",""mem"":""23.3MiB / 122.8GiB""},{""name"":""lab-erli-stub-tls"",""cpu"":""0.00%"",""mem"":""22.67MiB / 122.8GiB""},{""name"":""lab-wc-tls"",""cpu"":""0.00%"",""mem"":""28.21MiB / 122.8GiB""},{""name"":""lab-prestashop"",""cpu"":""0.01%"",""mem"":""164.3MiB / 122.8GiB""},{""name"":""lab-woocommerce"",""cpu"":""0.01%"",""mem"":""293.1MiB / 122.8GiB""},{""name"":""lab-redis"",""cpu"":""0.32%"",""mem"":""77.87MiB / 122.8GiB""},{""name"":""lab-postgres"",""cpu"":""0.53%"",""mem"":""238MiB / 122.8GiB""},{""name"":""lab-mysql"",""cpu"":""6.16%"",""mem"":""720.3MiB / 122.8GiB""},{""name"":""lab-woocommerce-mysql"",""cpu"":""0.97%"",""mem"":""509.6MiB / 122.8GiB""}]"
2026-09-10T13:18:30Z,4,0,0,0,16,2667706035,"[{""name"":""lab-worker-1"",""cpu"":""0.33%"",""mem"":""129.7MiB / 122.8GiB""},{""name"":""lab-api"",""cpu"":""0.00%"",""mem"":""141.2MiB / 122.8GiB""},{""name"":""lab-allegro-stub"",""cpu"":""0.00%"",""mem"":""20.36MiB / 122.8GiB""},{""name"":""lab-erli-stub"",""cpu"":""0.00%"",""mem"":""18.04MiB / 122.8GiB""},{""name"":""lab-eparagony-stub"",""cpu"":""0.00%"",""mem"":""20.36MiB / 122.8GiB""},{""name"":""lab-invoicing-stub"",""cpu"":""0.00%"",""mem"":""16.59MiB / 122.8GiB""},{""name"":""lab-shipping-stub"",""cpu"":""0.00%"",""mem"":""16.57MiB / 122.8GiB""},{""name"":""lab-eparagony-stub-tls"",""cpu"":""0.00%"",""mem"":""23.3MiB / 122.8GiB""},{""name"":""lab-erli-stub-tls"",""cpu"":""0.00%"",""mem"":""22.67MiB / 122.8GiB""},{""name"":""lab-wc-tls"",""cpu"":""0.00%"",""mem"":""28.21MiB / 122.8GiB""},{""name"":""lab-prestashop"",""cpu"":""0.01%"",""mem"":""164.3MiB / 122.8GiB""},{""name"":""lab-woocommerce"",""cpu"":""0.01%"",""mem"":""293.1MiB / 122.8GiB""},{""name"":""lab-redis"",""cpu"":""0.27%"",""mem"":""77.86MiB / 122.8GiB""},{""name"":""lab-postgres"",""cpu"":""0.35%"",""mem"":""237.9MiB / 122.8GiB""},{""name"":""lab-mysql"",""cpu"":""0.92%"",""mem"":""720.2MiB / 122.8GiB""},{""name"":""lab-woocommerce-mysql"",""cpu"":""1.01%"",""mem"":""509.6MiB / 122.8GiB""}]"
2026-09-10T13:18:30Z,4,0,0,0,16,2667706035,"[{""name"":""lab-worker-1"",""cpu"":""0.33%"",""mem"":""129.7MiB / 122.8GiB""},{""name"":""lab-api"",""cpu"":""0.00%"",""mem"":""141.2MiB / 122.8GiB""},{""name"":""lab-allegro-stub"",""cpu"":""0.00%"",""mem"":""20.36MiB / 122.8GiB""},{""name"":""lab-erli-stub"",""cpu"":""0.00%"",""mem"":""18.04MiB / 122.8GiB""},{""name"":""lab-eparagony-stub"",""cpu"":""0.00%"",""mem"":""20.36MiB / 122.8GiB""},{""name"":""lab-invoicing-stub"",""cpu"":""0.00%"",""mem"":""16.59MiB / 122.8GiB""},{""name"":""lab-shipping-stub"",""cpu"":""0.00%"",""mem"":""16.57MiB / 122.8GiB""},{""name"":""lab-eparagony-stub-tls"",""cpu"":""0.00%"",""mem"":""23.3MiB / 122.8GiB""},{""name"":""lab-erli-stub-tls"",""cpu"":""0.00%"",""mem"":""22.67MiB / 122.8GiB""},{""name"":""lab-wc-tls"",""cpu"":""0.00%"",""mem"":""28.21MiB / 122.8GiB""},{""name"":""lab-prestashop"",""cpu"":""0.01%"",""mem"":""164.3MiB / 122.8GiB""},{""name"":""lab-woocommerce"",""cpu"":""0.01%"",""mem"":""293.1MiB / 122.8GiB""},{""name"":""lab-redis"",""cpu"":""0.27%"",""mem"":""77.86MiB / 122.8GiB""},{""name"":""lab-postgres"",""cpu"":""0.35%"",""mem"":""237.9MiB / 122.8GiB""},{""name"":""lab-mysql"",""cpu"":""0.92%"",""mem"":""720.2MiB / 122.8GiB""},{""name"":""lab-woocommerce-mysql"",""cpu"":""1.01%"",""mem"":""509.6MiB / 122.8GiB""}]"
2026-09-10T13:18:33Z,4,1,0,0,17,2667706035,"[{""name"":""lab-worker-1"",""cpu"":""0.46%"",""mem"":""129.7MiB / 122.8GiB""},{""name"":""lab-api"",""cpu"":""0.00%"",""mem"":""141.4MiB / 122.8GiB""},{""name"":""lab-allegro-stub"",""cpu"":""4.04%"",""mem"":""20.36MiB / 122.8GiB""},{""name"":""lab-erli-stub"",""cpu"":""0.01%"",""mem"":""18.05MiB / 122.8GiB""},{""name"":""lab-eparagony-stub"",""cpu"":""0.01%"",""mem"":""20.35MiB / 122.8GiB""},{""name"":""lab-invoicing-stub"",""cpu"":""3.88%"",""mem"":""16.6MiB / 122.8GiB""},{""name"":""lab-shipping-stub"",""cpu"":""3.56%"",""mem"":""16.58MiB / 122.8GiB""},{""name"":""lab-eparagony-stub-tls"",""cpu"":""0.00%"",""mem"":""23.3MiB / 122.8GiB""},{""name"":""lab-erli-stub-tls"",""cpu"":""0.00%"",""mem"":""22.67MiB / 122.8GiB""},{""name"":""lab-wc-tls"",""cpu"":""0.00%"",""mem"":""28.21MiB / 122.8GiB""},{""name"":""lab-prestashop"",""cpu"":""0.01%"",""mem"":""164.3MiB / 122.8GiB""},{""name"":""lab-woocommerce"",""cpu"":""0.01%"",""mem"":""293.1MiB / 122.8GiB""},{""name"":""lab-redis"",""cpu"":""0.50%"",""mem"":""79.35MiB / 122.8GiB""},{""name"":""lab-postgres"",""cpu"":""0.42%"",""mem"":""238MiB / 122.8GiB""},{""name"":""lab-mysql"",""cpu"":""0.81%"",""mem"":""720.2MiB / 122.8GiB""},{""name"":""lab-woocommerce-mysql"",""cpu"":""1.20%"",""mem"":""509.6MiB / 122.8GiB""}]"
2026-09-10T13:18:33Z,4,1,0,0,17,2667706035,"[{""name"":""lab-worker-1"",""cpu"":""0.46%"",""mem"":""129.7MiB / 122.8GiB""},{""name"":""lab-api"",""cpu"":""0.00%"",""mem"":""141.4MiB / 122.8GiB""},{""name"":""lab-allegro-stub"",""cpu"":""4.04%"",""mem"":""20.36MiB / 122.8GiB""},{""name"":""lab-erli-stub"",""cpu"":""0.01%"",""mem"":""18.05MiB / 122.8GiB""},{""name"":""lab-eparagony-stub"",""cpu"":""0.01%"",""mem"":""20.35MiB / 122.8GiB""},{""name"":""lab-invoicing-stub"",""cpu"":""3.88%"",""mem"":""16.6MiB / 122.8GiB""},{""name"":""lab-shipping-stub"",""cpu"":""3.56%"",""mem"":""16.58MiB / 122.8GiB""},{""name"":""lab-eparagony-stub-tls"",""cpu"":""0.00%"",""mem"":""23.3MiB / 122.8GiB""},{""name"":""lab-erli-stub-tls"",""cpu"":""0.00%"",""mem"":""22.67MiB / 122.8GiB""},{""name"":""lab-wc-tls"",""cpu"":""0.00%"",""mem"":""28.21MiB / 122.8GiB""},{""name"":""lab-prestashop"",""cpu"":""0.01%"",""mem"":""164.3MiB / 122.8GiB""},{""name"":""lab-woocommerce"",""cpu"":""0.01%"",""mem"":""293.1MiB / 122.8GiB""},{""name"":""lab-redis"",""cpu"":""0.50%"",""mem"":""79.35MiB / 122.8GiB""},{""name"":""lab-postgres"",""cpu"":""0.42%"",""mem"":""238MiB / 122.8GiB""},{""name"":""lab-mysql"",""cpu"":""0.81%"",""mem"":""720.2MiB / 122.8GiB""},{""name"":""lab-woocommerce-mysql"",""cpu"":""1.27%"",""mem"":""509.6MiB / 122.8GiB""}]"
2026-09-10T13:18:37Z,3,0,0,0,17,2667706035,"[{""name"":""lab-worker-1"",""cpu"":""0.35%"",""mem"":""129.7MiB / 122.8GiB""},{""name"":""lab-api"",""cpu"":""0.01%"",""mem"":""141.4MiB / 122.8GiB""},{""name"":""lab-allegro-stub"",""cpu"":""0.00%"",""mem"":""20.35MiB / 122.8GiB""},{""name"":""lab-erli-stub"",""cpu"":""0.81%"",""mem"":""25.04MiB / 122.8GiB""},{""name"":""lab-eparagony-stub"",""cpu"":""3.93%"",""mem"":""20.36MiB / 122.8GiB""},{""name"":""lab-invoicing-stub"",""cpu"":""0.00%"",""mem"":""16.59MiB / 122.8GiB""},{""name"":""lab-shipping-stub"",""cpu"":""0.00%"",""mem"":""16.57MiB / 122.8GiB""},{""name"":""lab-eparagony-stub-tls"",""cpu"":""0.00%"",""mem"":""23.3MiB / 122.8GiB""},{""name"":""lab-erli-stub-tls"",""cpu"":""0.00%"",""mem"":""22.67MiB / 122.8GiB""},{""name"":""lab-wc-tls"",""cpu"":""0.00%"",""mem"":""28.21MiB / 122.8GiB""},{""name"":""lab-prestashop"",""cpu"":""0.01%"",""mem"":""164.3MiB / 122.8GiB""},{""name"":""lab-woocommerce"",""cpu"":""0.01%"",""mem"":""293.1MiB / 122.8GiB""},{""name"":""lab-redis"",""cpu"":""0.25%"",""mem"":""77.86MiB / 122.8GiB""},{""name"":""lab-postgres"",""cpu"":""0.34%"",""mem"":""238MiB / 122.8GiB""},{""name"":""lab-mysql"",""cpu"":""0.83%"",""mem"":""720.2MiB / 122.8GiB""},{""name"":""lab-woocommerce-mysql"",""cpu"":""0.81%"",""mem"":""509.6MiB / 122.8GiB""}]"
2026-09-10T13:18:37Z,3,0,0,0,17,2667706035,"[{""name"":""lab-worker-1"",""cpu"":""0.35%"",""mem"":""129.7MiB / 122.8GiB""},{""name"":""lab-api"",""cpu"":""0.01%"",""mem"":""141.4MiB / 122.8GiB""},{""name"":""lab-allegro-stub"",""cpu"":""0.00%"",""mem"":""20.35MiB / 122.8GiB""},{""name"":""lab-erli-stub"",""cpu"":""0.81%"",""mem"":""25.04MiB / 122.8GiB""},{""name"":""lab-eparagony-stub"",""cpu"":""3.93%"",""mem"":""20.36MiB / 122.8GiB""},{""name"":""lab-invoicing-stub"",""cpu"":""0.00%"",""mem"":""16.59MiB / 122.8GiB""},{""name"":""lab-shipping-stub"",""cpu"":""0.00%"",""mem"":""16.57MiB / 122.8GiB""},{""name"":""lab-eparagony-stub-tls"",""cpu"":""0.00%"",""mem"":""23.3MiB / 122.8GiB""},{""name"":""lab-erli-stub-tls"",""cpu"":""0.00%"",""mem"":""22.67MiB / 122.8GiB""},{""name"":""lab-wc-tls"",""cpu"":""0.00%"",""mem"":""28.21MiB / 122.8GiB""},{""name"":""lab-prestashop"",""cpu"":""0.01%"",""mem"":""164.3MiB / 122.8GiB""},{""name"":""lab-woocommerce"",""cpu"":""0.01%"",""mem"":""293.1MiB / 122.8GiB""},{""name"":""lab-redis"",""cpu"":""0.25%"",""mem"":""77.86MiB / 122.8GiB""},{""name"":""lab-postgres"",""cpu"":""0.34%"",""mem"":""238MiB / 122.8GiB""},{""name"":""lab-mysql"",""cpu"":""0.83%"",""mem"":""720.2MiB / 122.8GiB""},{""name"":""lab-woocommerce-mysql"",""cpu"":""0.79%"",""mem"":""509.6MiB / 122.8GiB""}]"
2026-09-10T13:18:41Z,4,0,0,0,17,2667706035,"[{""name"":""lab-worker-1"",""cpu"":""0.23%"",""mem"":""129.7MiB / 122.8GiB""},{""name"":""lab-api"",""cpu"":""0.00%"",""mem"":""141.4MiB / 122.8GiB""},{""name"":""lab-allegro-stub"",""cpu"":""0.00%"",""mem"":""20.35MiB / 122.8GiB""},{""name"":""lab-erli-stub"",""cpu"":""0.00%"",""mem"":""18.04MiB / 122.8GiB""},{""name"":""lab-eparagony-stub"",""cpu"":""0.00%"",""mem"":""20.35MiB / 122.8GiB""},{""name"":""lab-invoicing-stub"",""cpu"":""0.00%"",""mem"":""16.59MiB / 122.8GiB""},{""name"":""lab-shipping-stub"",""cpu"":""0.00%"",""mem"":""16.57MiB / 122.8GiB""},{""name"":""lab-eparagony-stub-tls"",""cpu"":""0.00%"",""mem"":""23.3MiB / 122.8GiB""},{""name"":""lab-erli-stub-tls"",""cpu"":""0.00%"",""mem"":""22.67MiB / 122.8GiB""},{""name"":""lab-wc-tls"",""cpu"":""0.00%"",""mem"":""28.21MiB / 122.8GiB""},{""name"":""lab-prestashop"",""cpu"":""0.00%"",""mem"":""158.3MiB / 122.8GiB""},{""name"":""lab-woocommerce"",""cpu"":""0.00%"",""mem"":""293.1MiB / 122.8GiB""},{""name"":""lab-redis"",""cpu"":""0.29%"",""mem"":""77.86MiB / 122.8GiB""},{""name"":""lab-postgres"",""cpu"":""0.36%"",""mem"":""238MiB / 122.8GiB""},{""name"":""lab-mysql"",""cpu"":""0.79%"",""mem"":""720.2MiB / 122.8GiB""},{""name"":""lab-woocommerce-mysql"",""cpu"":""0.90%"",""mem"":""509.6MiB / 122.8GiB""}]"
2026-09-10T13:18:41Z,4,0,0,0,17,2667706035,"[{""name"":""lab-worker-1"",""cpu"":""0.23%"",""mem"":""129.7MiB / 122.8GiB""},{""name"":""lab-api"",""cpu"":""0.00%"",""mem"":""141.4MiB / 122.8GiB""},{""name"":""lab-allegro-stub"",""cpu"":""0.00%"",""mem"":""20.35MiB / 122.8GiB""},{""name"":""lab-erli-stub"",""cpu"":""0.00%"",""mem"":""18.04MiB / 122.8GiB""},{""name"":""lab-eparagony-stub"",""cpu"":""0.00%"",""mem"":""20.35MiB / 122.8GiB""},{""name"":""lab-invoicing-stub"",""cpu"":""0.00%"",""mem"":""16.59MiB / 122.8GiB""},{""name"":""lab-shipping-stub"",""cpu"":""0.00%"",""mem"":""16.57MiB / 122.8GiB""},{""name"":""lab-eparagony-stub-tls"",""cpu"":""0.00%"",""mem"":""23.3MiB / 122.8GiB""},{""name"":""lab-erli-stub-tls"",""cpu"":""0.00%"",""mem"":""22.67MiB / 122.8GiB""},{""name"":""lab-wc-tls"",""cpu"":""0.00%"",""mem"":""28.21MiB / 122.8GiB""},{""name"":""lab-prestashop"",""cpu"":""0.00%"",""mem"":""158.3MiB / 122.8GiB""},{""name"":""lab-woocommerce"",""cpu"":""0.00%"",""mem"":""293.1MiB / 122.8GiB""},{""name"":""lab-redis"",""cpu"":""0.29%"",""mem"":""77.86MiB / 122.8GiB""},{""name"":""lab-postgres"",""cpu"":""0.36%"",""mem"":""238MiB / 122.8GiB""},{""name"":""lab-mysql"",""cpu"":""0.79%"",""mem"":""720.2MiB / 122.8GiB""},{""name"":""lab-woocommerce-mysql"",""cpu"":""0.90%"",""mem"":""509.6MiB / 122.8GiB""}]"
2026-09-10T13:18:44Z,4,0,0,0,18,2667706035,"[{""name"":""lab-worker-1"",""cpu"":""0.40%"",""mem"":""129.7MiB / 122.8GiB""},{""name"":""lab-api"",""cpu"":""0.00%"",""mem"":""141.7MiB / 122.8GiB""},{""name"":""lab-allegro-stub"",""cpu"":""0.01%"",""mem"":""20.37MiB / 122.8GiB""},{""name"":""lab-erli-stub"",""cpu"":""0.00%"",""mem"":""18.04MiB / 122.8GiB""},{""name"":""lab-eparagony-stub"",""cpu"":""0.00%"",""mem"":""20.35MiB / 122.8GiB""},{""name"":""lab-invoicing-stub"",""cpu"":""0.01%"",""mem"":""16.6MiB / 122.8GiB""},{""name"":""lab-shipping-stub"",""cpu"":""0.01%"",""mem"":""16.57MiB / 122.8GiB""},{""name"":""lab-eparagony-stub-tls"",""cpu"":""0.00%"",""mem"":""23.3MiB / 122.8GiB""},{""name"":""lab-erli-stub-tls"",""cpu"":""0.00%"",""mem"":""22.67MiB / 122.8GiB""},{""name"":""lab-wc-tls"",""cpu"":""0.00%"",""mem"":""28.21MiB / 122.8GiB""},{""name"":""lab-prestashop"",""cpu"":""0.01%"",""mem"":""158.3MiB / 122.8GiB""},{""name"":""lab-woocommerce"",""cpu"":""0.00%"",""mem"":""293.1MiB / 122.8GiB""},{""name"":""lab-redis"",""cpu"":""4.42%"",""mem"":""78.19MiB / 122.8GiB""},{""name"":""lab-postgres"",""cpu"":""0.39%"",""mem"":""238MiB / 122.8GiB""},{""name"":""lab-mysql"",""cpu"":""0.95%"",""mem"":""720.2MiB / 122.8GiB""},{""name"":""lab-woocommerce-mysql"",""cpu"":""0.90%"",""mem"":""509.6MiB / 122.8GiB""}]"
2026-09-10T13:18:44Z,4,0,0,0,18,2667706035,"[{""name"":""lab-worker-1"",""cpu"":""0.40%"",""mem"":""129.7MiB / 122.8GiB""},{""name"":""lab-api"",""cpu"":""0.00%"",""mem"":""141.7MiB / 122.8GiB""},{""name"":""lab-allegro-stub"",""cpu"":""0.01%"",""mem"":""20.37MiB / 122.8GiB""},{""name"":""lab-erli-stub"",""cpu"":""0.00%"",""mem"":""18.04MiB / 122.8GiB""},{""name"":""lab-eparagony-stub"",""cpu"":""0.00%"",""mem"":""20.35MiB / 122.8GiB""},{""name"":""lab-invoicing-stub"",""cpu"":""0.01%"",""mem"":""16.6MiB / 122.8GiB""},{""name"":""lab-shipping-stub"",""cpu"":""0.01%"",""mem"":""16.57MiB / 122.8GiB""},{""name"":""lab-eparagony-stub-tls"",""cpu"":""0.00%"",""mem"":""23.3MiB / 122.8GiB""},{""name"":""lab-erli-stub-tls"",""cpu"":""0.00%"",""mem"":""22.67MiB / 122.8GiB""},{""name"":""lab-wc-tls"",""cpu"":""0.00%"",""mem"":""28.21MiB / 122.8GiB""},{""name"":""lab-prestashop"",""cpu"":""0.01%"",""mem"":""158.3MiB / 122.8GiB""},{""name"":""lab-woocommerce"",""cpu"":""0.00%"",""mem"":""293.1MiB / 122.8GiB""},{""name"":""lab-redis"",""cpu"":""4.42%"",""mem"":""78.19MiB / 122.8GiB""},{""name"":""lab-postgres"",""cpu"":""0.39%"",""mem"":""238MiB / 122.8GiB""},{""name"":""lab-mysql"",""cpu"":""0.95%"",""mem"":""720.2MiB / 122.8GiB""},{""name"":""lab-woocommerce-mysql"",""cpu"":""0.88%"",""mem"":""509.6MiB / 122.8GiB""}]"
2026-09-10T13:18:48Z,3,0,0,0,18,2667706035,"[{""name"":""lab-worker-1"",""cpu"":""0.55%"",""mem"":""130MiB / 122.8GiB""},{""name"":""lab-api"",""cpu"":""0.00%"",""mem"":""141.7MiB / 122.8GiB""},{""name"":""lab-allegro-stub"",""cpu"":""0.00%"",""mem"":""20.35MiB / 122.8GiB""},{""name"":""lab-erli-stub"",""cpu"":""3.92%"",""mem"":""18.09MiB / 122.8GiB""},{""name"":""lab-eparagony-stub"",""cpu"":""0.01%"",""mem"":""20.47MiB / 122.8GiB""},{""name"":""lab-invoicing-stub"",""cpu"":""0.00%"",""mem"":""16.59MiB / 122.8GiB""},{""name"":""lab-shipping-stub"",""cpu"":""0.00%"",""mem"":""16.57MiB / 122.8GiB""},{""name"":""lab-eparagony-stub-tls"",""cpu"":""0.00%"",""mem"":""23.3MiB / 122.8GiB""},{""name"":""lab-erli-stub-tls"",""cpu"":""0.00%"",""mem"":""22.67MiB / 122.8GiB""},{""name"":""lab-wc-tls"",""cpu"":""0.00%"",""mem"":""28.21MiB / 122.8GiB""},{""name"":""lab-prestashop"",""cpu"":""0.01%"",""mem"":""158.3MiB / 122.8GiB""},{""name"":""lab-woocommerce"",""cpu"":""0.00%"",""mem"":""293.1MiB / 122.8GiB""},{""name"":""lab-redis"",""cpu"":""0.30%"",""mem"":""77.87MiB / 122.8GiB""},{""name"":""lab-postgres"",""cpu"":""0.34%"",""mem"":""238MiB / 122.8GiB""},{""name"":""lab-mysql"",""cpu"":""0.95%"",""mem"":""720.2MiB / 122.8GiB""},{""name"":""lab-woocommerce-mysql"",""cpu"":""0.92%"",""mem"":""509.6MiB / 122.8GiB""}]"
2026-09-10T13:18:48Z,3,0,0,0,18,2667706035,"[{""name"":""lab-worker-1"",""cpu"":""0.55%"",""mem"":""130MiB / 122.8GiB""},{""name"":""lab-api"",""cpu"":""0.00%"",""mem"":""141.7MiB / 122.8GiB""},{""name"":""lab-allegro-stub"",""cpu"":""0.00%"",""mem"":""20.35MiB / 122.8GiB""},{""name"":""lab-erli-stub"",""cpu"":""3.92%"",""mem"":""18.09MiB / 122.8GiB""},{""name"":""lab-eparagony-stub"",""cpu"":""0.01%"",""mem"":""20.47MiB / 122.8GiB""},{""name"":""lab-invoicing-stub"",""cpu"":""0.00%"",""mem"":""16.59MiB / 122.8GiB""},{""name"":""lab-shipping-stub"",""cpu"":""0.00%"",""mem"":""16.57MiB / 122.8GiB""},{""name"":""lab-eparagony-stub-tls"",""cpu"":""0.00%"",""mem"":""23.3MiB / 122.8GiB""},{""name"":""lab-erli-stub-tls"",""cpu"":""0.00%"",""mem"":""22.67MiB / 122.8GiB""},{""name"":""lab-wc-tls"",""cpu"":""0.00%"",""mem"":""28.21MiB / 122.8GiB""},{""name"":""lab-prestashop"",""cpu"":""0.01%"",""mem"":""158.3MiB / 122.8GiB""},{""name"":""lab-woocommerce"",""cpu"":""0.00%"",""mem"":""293.1MiB / 122.8GiB""},{""name"":""lab-redis"",""cpu"":""0.30%"",""mem"":""77.87MiB / 122.8GiB""},{""name"":""lab-postgres"",""cpu"":""0.34%"",""mem"":""238MiB / 122.8GiB""},{""name"":""lab-mysql"",""cpu"":""0.95%"",""mem"":""720.2MiB / 122.8GiB""},{""name"":""lab-woocommerce-mysql"",""cpu"":""0.96%"",""mem"":""509.6MiB / 122.8GiB""}]"
2026-09-10T13:18:52Z,4,0,0,0,18,2667706035,"[{""name"":""lab-worker-1"",""cpu"":""2.03%"",""mem"":""129.7MiB / 122.8GiB""},{""name"":""lab-api"",""cpu"":""0.26%"",""mem"":""141.7MiB / 122.8GiB""},{""name"":""lab-allegro-stub"",""cpu"":""0.00%"",""mem"":""20.35MiB / 122.8GiB""},{""name"":""lab-erli-stub"",""cpu"":""0.00%"",""mem"":""18.04MiB / 122.8GiB""},{""name"":""lab-eparagony-stub"",""cpu"":""0.00%"",""mem"":""20.35MiB / 122.8GiB""},{""name"":""lab-invoicing-stub"",""cpu"":""0.00%"",""mem"":""16.59MiB / 122.8GiB""},{""name"":""lab-shipping-stub"",""cpu"":""0.00%"",""mem"":""16.57MiB / 122.8GiB""},{""name"":""lab-eparagony-stub-tls"",""cpu"":""0.00%"",""mem"":""23.3MiB / 122.8GiB""},{""name"":""lab-erli-stub-tls"",""cpu"":""0.00%"",""mem"":""22.67MiB / 122.8GiB""},{""name"":""lab-wc-tls"",""cpu"":""0.00%"",""mem"":""28.21MiB / 122.8GiB""},{""name"":""lab-prestashop"",""cpu"":""0.01%"",""mem"":""158.3MiB / 122.8GiB""},{""name"":""lab-woocommerce"",""cpu"":""0.01%"",""mem"":""293.1MiB / 122.8GiB""},{""name"":""lab-redis"",""cpu"":""0.31%"",""mem"":""77.87MiB / 122.8GiB""},{""name"":""lab-postgres"",""cpu"":""2.96%"",""mem"":""237.8MiB / 122.8GiB""},{""name"":""lab-mysql"",""cpu"":""0.99%"",""mem"":""720.2MiB / 122.8GiB""},{""name"":""lab-woocommerce-mysql"",""cpu"":""0.96%"",""mem"":""509.6MiB / 122.8GiB""}]"
2026-09-10T13:18:52Z,4,0,0,0,18,2667706035,"[{""name"":""lab-worker-1"",""cpu"":""2.03%"",""mem"":""129.7MiB / 122.8GiB""},{""name"":""lab-api"",""cpu"":""0.26%"",""mem"":""141.7MiB / 122.8GiB""},{""name"":""lab-allegro-stub"",""cpu"":""0.00%"",""mem"":""20.35MiB / 122.8GiB""},{""name"":""lab-erli-stub"",""cpu"":""0.00%"",""mem"":""18.04MiB / 122.8GiB""},{""name"":""lab-eparagony-stub"",""cpu"":""0.00%"",""mem"":""20.35MiB / 122.8GiB""},{""name"":""lab-invoicing-stub"",""cpu"":""0.00%"",""mem"":""16.59MiB / 122.8GiB""},{""name"":""lab-shipping-stub"",""cpu"":""0.00%"",""mem"":""16.57MiB / 122.8GiB""},{""name"":""lab-eparagony-stub-tls"",""cpu"":""0.00%"",""mem"":""23.3MiB / 122.8GiB""},{""name"":""lab-erli-stub-tls"",""cpu"":""0.00%"",""mem"":""22.67MiB / 122.8GiB""},{""name"":""lab-wc-tls"",""cpu"":""0.00%"",""mem"":""28.21MiB / 122.8GiB""},{""name"":""lab-prestashop"",""cpu"":""0.01%"",""mem"":""158.3MiB / 122.8GiB""},{""name"":""lab-woocommerce"",""cpu"":""0.01%"",""mem"":""293.1MiB / 122.8GiB""},{""name"":""lab-redis"",""cpu"":""0.31%"",""mem"":""77.87MiB / 122.8GiB""},{""name"":""lab-postgres"",""cpu"":""2.96%"",""mem"":""237.8MiB / 122.8GiB""},{""name"":""lab-mysql"",""cpu"":""0.99%"",""mem"":""720.2MiB / 122.8GiB""},{""name"":""lab-woocommerce-mysql"",""cpu"":""1.03%"",""mem"":""509.6MiB / 122.8GiB""}]"
2026-09-10T13:18:56Z,4,0,0,0,19,2667706035,"[{""name"":""lab-worker-1"",""cpu"":""0.39%"",""mem"":""129.7MiB / 122.8GiB""},{""name"":""lab-api"",""cpu"":""0.00%"",""mem"":""141.7MiB / 122.8GiB""},{""name"":""lab-allegro-stub"",""cpu"":""0.00%"",""mem"":""20.35MiB / 122.8GiB""},{""name"":""lab-erli-stub"",""cpu"":""0.00%"",""mem"":""18.04MiB / 122.8GiB""},{""name"":""lab-eparagony-stub"",""cpu"":""0.00%"",""mem"":""20.35MiB / 122.8GiB""},{""name"":""lab-invoicing-stub"",""cpu"":""0.00%"",""mem"":""16.59MiB / 122.8GiB""},{""name"":""lab-shipping-stub"",""cpu"":""0.01%"",""mem"":""16.57MiB / 122.8GiB""},{""name"":""lab-eparagony-stub-tls"",""cpu"":""0.00%"",""mem"":""23.3MiB / 122.8GiB""},{""name"":""lab-erli-stub-tls"",""cpu"":""0.00%"",""mem"":""22.67MiB / 122.8GiB""},{""name"":""lab-wc-tls"",""cpu"":""0.00%"",""mem"":""28.21MiB / 122.8GiB""},{""name"":""lab-prestashop"",""cpu"":""0.01%"",""mem"":""158.3MiB / 122.8GiB""},{""name"":""lab-woocommerce"",""cpu"":""0.01%"",""mem"":""292.7MiB / 122.8GiB""},{""name"":""lab-redis"",""cpu"":""0.30%"",""mem"":""77.87MiB / 122.8GiB""},{""name"":""lab-postgres"",""cpu"":""5.41%"",""mem"":""238MiB / 122.8GiB""},{""name"":""lab-mysql"",""cpu"":""0.96%"",""mem"":""720.2MiB / 122.8GiB""},{""name"":""lab-woocommerce-mysql"",""cpu"":""0.97%"",""mem"":""509.6MiB / 122.8GiB""}]"
2026-09-10T13:18:56Z,4,0,0,0,19,2667706035,"[{""name"":""lab-worker-1"",""cpu"":""0.47%"",""mem"":""129.7MiB / 122.8GiB""},{""name"":""lab-api"",""cpu"":""0.00%"",""mem"":""141.7MiB / 122.8GiB""},{""name"":""lab-allegro-stub"",""cpu"":""0.00%"",""mem"":""20.35MiB / 122.8GiB""},{""name"":""lab-erli-stub"",""cpu"":""0.00%"",""mem"":""18.04MiB / 122.8GiB""},{""name"":""lab-eparagony-stub"",""cpu"":""0.00%"",""mem"":""20.35MiB / 122.8GiB""},{""name"":""lab-invoicing-stub"",""cpu"":""0.00%"",""mem"":""16.59MiB / 122.8GiB""},{""name"":""lab-shipping-stub"",""cpu"":""0.01%"",""mem"":""16.57MiB / 122.8GiB""},{""name"":""lab-eparagony-stub-tls"",""cpu"":""0.00%"",""mem"":""23.3MiB / 122.8GiB""},{""name"":""lab-erli-stub-tls"",""cpu"":""0.00%"",""mem"":""22.67MiB / 122.8GiB""},{""name"":""lab-wc-tls"",""cpu"":""0.00%"",""mem"":""28.21MiB / 122.8GiB""},{""name"":""lab-prestashop"",""cpu"":""0.01%"",""mem"":""158.3MiB / 122.8GiB""},{""name"":""lab-woocommerce"",""cpu"":""0.01%"",""mem"":""292.7MiB / 122.8GiB""},{""name"":""lab-redis"",""cpu"":""0.30%"",""mem"":""77.87MiB / 122.8GiB""},{""name"":""lab-postgres"",""cpu"":""5.41%"",""mem"":""238MiB / 122.8GiB""},{""name"":""lab-mysql"",""cpu"":""0.96%"",""mem"":""720.2MiB / 122.8GiB""},{""name"":""lab-woocommerce-mysql"",""cpu"":""0.97%"",""mem"":""509.6MiB / 122.8GiB""}]"
2026-09-10T13:18:59Z,4,0,0,0,19,2667706035,"[{""name"":""lab-worker-1"",""cpu"":""0.37%"",""mem"":""129.7MiB / 122.8GiB""},{""name"":""lab-api"",""cpu"":""0.00%"",""mem"":""141.7MiB / 122.8GiB""},{""name"":""lab-allegro-stub"",""cpu"":""4.37%"",""mem"":""20.36MiB / 122.8GiB""},{""name"":""lab-erli-stub"",""cpu"":""0.00%"",""mem"":""18.05MiB / 122.8GiB""},{""name"":""lab-eparagony-stub"",""cpu"":""0.00%"",""mem"":""20.35MiB / 122.8GiB""},{""name"":""lab-invoicing-stub"",""cpu"":""3.30%"",""mem"":""16.59MiB / 122.8GiB""},{""name"":""lab-shipping-stub"",""cpu"":""3.86%"",""mem"":""16.63MiB / 122.8GiB""},{""name"":""lab-eparagony-stub-tls"",""cpu"":""0.00%"",""mem"":""23.3MiB / 122.8GiB""},{""name"":""lab-erli-stub-tls"",""cpu"":""0.00%"",""mem"":""22.67MiB / 122.8GiB""},{""name"":""lab-wc-tls"",""cpu"":""0.00%"",""mem"":""28.21MiB / 122.8GiB""},{""name"":""lab-prestashop"",""cpu"":""0.01%"",""mem"":""158.3MiB / 122.8GiB""},{""name"":""lab-woocommerce"",""cpu"":""0.01%"",""mem"":""292.7MiB / 122.8GiB""},{""name"":""lab-redis"",""cpu"":""0.30%"",""mem"":""77.86MiB / 122.8GiB""},{""name"":""lab-postgres"",""cpu"":""0.37%"",""mem"":""237.9MiB / 122.8GiB""},{""name"":""lab-mysql"",""cpu"":""0.83%"",""mem"":""720.2MiB / 122.8GiB""},{""name"":""lab-woocommerce-mysql"",""cpu"":""0.80%"",""mem"":""509.6MiB / 122.8GiB""}]"
2026-09-10T13:18:59Z,4,0,0,0,19,2667706035,"[{""name"":""lab-worker-1"",""cpu"":""0.37%"",""mem"":""129.7MiB / 122.8GiB""},{""name"":""lab-api"",""cpu"":""0.00%"",""mem"":""141.7MiB / 122.8GiB""},{""name"":""lab-allegro-stub"",""cpu"":""4.37%"",""mem"":""20.36MiB / 122.8GiB""},{""name"":""lab-erli-stub"",""cpu"":""0.00%"",""mem"":""18.05MiB / 122.8GiB""},{""name"":""lab-eparagony-stub"",""cpu"":""0.00%"",""mem"":""20.35MiB / 122.8GiB""},{""name"":""lab-invoicing-stub"",""cpu"":""3.30%"",""mem"":""16.59MiB / 122.8GiB""},{""name"":""lab-shipping-stub"",""cpu"":""3.86%"",""mem"":""16.63MiB / 122.8GiB""},{""name"":""lab-eparagony-stub-tls"",""cpu"":""0.00%"",""mem"":""23.3MiB / 122.8GiB""},{""name"":""lab-erli-stub-tls"",""cpu"":""0.00%"",""mem"":""22.67MiB / 122.8GiB""},{""name"":""lab-wc-tls"",""cpu"":""0.00%"",""mem"":""28.21MiB / 122.8GiB""},{""name"":""lab-prestashop"",""cpu"":""0.01%"",""mem"":""158.3MiB / 122.8GiB""},{""name"":""lab-woocommerce"",""cpu"":""0.01%"",""mem"":""292.7MiB / 122.8GiB""},{""name"":""lab-redis"",""cpu"":""0.30%"",""mem"":""77.86MiB / 122.8GiB""},{""name"":""lab-postgres"",""cpu"":""0.37%"",""mem"":""237.9MiB / 122.8GiB""},{""name"":""lab-mysql"",""cpu"":""0.83%"",""mem"":""720.2MiB / 122.8GiB""},{""name"":""lab-woocommerce-mysql"",""cpu"":""5.47%"",""mem"":""509.9MiB / 122.8GiB""}]"
2026-09-10T13:19:03Z,3,0,0,0,19,2667706035,"[{""name"":""lab-worker-1"",""cpu"":""0.45%"",""mem"":""129.7MiB / 122.8GiB""},{""name"":""lab-api"",""cpu"":""0.00%"",""mem"":""141.7MiB / 122.8GiB""},{""name"":""lab-allegro-stub"",""cpu"":""0.00%"",""mem"":""20.35MiB / 122.8GiB""},{""name"":""lab-erli-stub"",""cpu"":""4.04%"",""mem"":""18.06MiB / 122.8GiB""},{""name"":""lab-eparagony-stub"",""cpu"":""4.42%"",""mem"":""20.36MiB / 122.8GiB""},{""name"":""lab-invoicing-stub"",""cpu"":""0.00%"",""mem"":""16.59MiB / 122.8GiB""},{""name"":""lab-shipping-stub"",""cpu"":""0.00%"",""mem"":""16.57MiB / 122.8GiB""},{""name"":""lab-eparagony-stub-tls"",""cpu"":""0.00%"",""mem"":""23.3MiB / 122.8GiB""},{""name"":""lab-erli-stub-tls"",""cpu"":""0.00%"",""mem"":""22.67MiB / 122.8GiB""},{""name"":""lab-wc-tls"",""cpu"":""0.00%"",""mem"":""28.21MiB / 122.8GiB""},{""name"":""lab-prestashop"",""cpu"":""0.00%"",""mem"":""158.3MiB / 122.8GiB""},{""name"":""lab-woocommerce"",""cpu"":""0.00%"",""mem"":""292.7MiB / 122.8GiB""},{""name"":""lab-redis"",""cpu"":""0.33%"",""mem"":""77.86MiB / 122.8GiB""},{""name"":""lab-postgres"",""cpu"":""0.79%"",""mem"":""238MiB / 122.8GiB""},{""name"":""lab-mysql"",""cpu"":""0.97%"",""mem"":""720.2MiB / 122.8GiB""},{""name"":""lab-woocommerce-mysql"",""cpu"":""0.95%"",""mem"":""509.6MiB / 122.8GiB""}]"
2026-09-10T13:19:03Z,3,0,0,0,19,2667706035,"[{""name"":""lab-worker-1"",""cpu"":""0.45%"",""mem"":""129.7MiB / 122.8GiB""},{""name"":""lab-api"",""cpu"":""0.00%"",""mem"":""141.7MiB / 122.8GiB""},{""name"":""lab-allegro-stub"",""cpu"":""0.00%"",""mem"":""20.35MiB / 122.8GiB""},{""name"":""lab-erli-stub"",""cpu"":""4.04%"",""mem"":""18.06MiB / 122.8GiB""},{""name"":""lab-eparagony-stub"",""cpu"":""4.42%"",""mem"":""20.36MiB / 122.8GiB""},{""name"":""lab-invoicing-stub"",""cpu"":""0.00%"",""mem"":""16.59MiB / 122.8GiB""},{""name"":""lab-shipping-stub"",""cpu"":""0.00%"",""mem"":""16.57MiB / 122.8GiB""},{""name"":""lab-eparagony-stub-tls"",""cpu"":""0.00%"",""mem"":""23.3MiB / 122.8GiB""},{""name"":""lab-erli-stub-tls"",""cpu"":""0.00%"",""mem"":""22.67MiB / 122.8GiB""},{""name"":""lab-wc-tls"",""cpu"":""0.00%"",""mem"":""28.21MiB / 122.8GiB""},{""name"":""lab-prestashop"",""cpu"":""0.00%"",""mem"":""158.3MiB / 122.8GiB""},{""name"":""lab-woocommerce"",""cpu"":""0.00%"",""mem"":""292.7MiB / 122.8GiB""},{""name"":""lab-redis"",""cpu"":""0.33%"",""mem"":""77.86MiB / 122.8GiB""},{""name"":""lab-postgres"",""cpu"":""0.79%"",""mem"":""238MiB / 122.8GiB""},{""name"":""lab-mysql"",""cpu"":""0.97%"",""mem"":""720.2MiB / 122.8GiB""},{""name"":""lab-woocommerce-mysql"",""cpu"":""1.94%"",""mem"":""509.6MiB / 122.8GiB""}]"
2026-09-10T13:19:06Z,4,0,0,0,20,2667706035,"[{""name"":""lab-worker-1"",""cpu"":""0.42%"",""mem"":""129.7MiB / 122.8GiB""},{""name"":""lab-api"",""cpu"":""0.00%"",""mem"":""141.7MiB / 122.8GiB""},{""name"":""lab-allegro-stub"",""cpu"":""0.00%"",""mem"":""20.35MiB / 122.8GiB""},{""name"":""lab-erli-stub"",""cpu"":""0.00%"",""mem"":""18.05MiB / 122.8GiB""},{""name"":""lab-eparagony-stub"",""cpu"":""0.00%"",""mem"":""20.35MiB / 122.8GiB""},{""name"":""lab-invoicing-stub"",""cpu"":""0.00%"",""mem"":""16.59MiB / 122.8GiB""},{""name"":""lab-shipping-stub"",""cpu"":""0.00%"",""mem"":""16.57MiB / 122.8GiB""},{""name"":""lab-eparagony-stub-tls"",""cpu"":""0.00%"",""mem"":""23.3MiB / 122.8GiB""},{""name"":""lab-erli-stub-tls"",""cpu"":""0.00%"",""mem"":""22.67MiB / 122.8GiB""},{""name"":""lab-wc-tls"",""cpu"":""0.00%"",""mem"":""28.21MiB / 122.8GiB""},{""name"":""lab-prestashop"",""cpu"":""0.01%"",""mem"":""158.3MiB / 122.8GiB""},{""name"":""lab-woocommerce"",""cpu"":""0.01%"",""mem"":""292.7MiB / 122.8GiB""},{""name"":""lab-redis"",""cpu"":""0.28%"",""mem"":""77.87MiB / 122.8GiB""},{""name"":""lab-postgres"",""cpu"":""0.34%"",""mem"":""238MiB / 122.8GiB""},{""name"":""lab-mysql"",""cpu"":""5.66%"",""mem"":""720.2MiB / 122.8GiB""},{""name"":""lab-woocommerce-mysql"",""cpu"":""0.97%"",""mem"":""509.6MiB / 122.8GiB""}]"
2026-09-10T13:19:06Z,4,0,0,0,20,2667706035,"[{""name"":""lab-worker-1"",""cpu"":""0.42%"",""mem"":""129.7MiB / 122.8GiB""},{""name"":""lab-api"",""cpu"":""0.00%"",""mem"":""141.7MiB / 122.8GiB""},{""name"":""lab-allegro-stub"",""cpu"":""0.00%"",""mem"":""20.35MiB / 122.8GiB""},{""name"":""lab-erli-stub"",""cpu"":""0.00%"",""mem"":""18.05MiB / 122.8GiB""},{""name"":""lab-eparagony-stub"",""cpu"":""0.00%"",""mem"":""20.35MiB / 122.8GiB""},{""name"":""lab-invoicing-stub"",""cpu"":""0.00%"",""mem"":""16.59MiB / 122.8GiB""},{""name"":""lab-shipping-stub"",""cpu"":""0.00%"",""mem"":""16.57MiB / 122.8GiB""},{""name"":""lab-eparagony-stub-tls"",""cpu"":""0.00%"",""mem"":""23.3MiB / 122.8GiB""},{""name"":""lab-erli-stub-tls"",""cpu"":""0.00%"",""mem"":""22.67MiB / 122.8GiB""},{""name"":""lab-wc-tls"",""cpu"":""0.00%"",""mem"":""28.21MiB / 122.8GiB""},{""name"":""lab-prestashop"",""cpu"":""0.01%"",""mem"":""158.3MiB / 122.8GiB""},{""name"":""lab-woocommerce"",""cpu"":""0.01%"",""mem"":""292.7MiB / 122.8GiB""},{""name"":""lab-redis"",""cpu"":""0.28%"",""mem"":""77.87MiB / 122.8GiB""},{""name"":""lab-postgres"",""cpu"":""0.34%"",""mem"":""238MiB / 122.8GiB""},{""name"":""lab-mysql"",""cpu"":""5.66%"",""mem"":""720.2MiB / 122.8GiB""},{""name"":""lab-woocommerce-mysql"",""cpu"":""0.97%"",""mem"":""509.6MiB / 122.8GiB""}]"
2026-09-10T13:19:10Z,4,0,0,0,20,2667706035,"[{""name"":""lab-worker-1"",""cpu"":""0.37%"",""mem"":""129.7MiB / 122.8GiB""},{""name"":""lab-api"",""cpu"":""0.00%"",""mem"":""141.7MiB / 122.8GiB""},{""name"":""lab-allegro-stub"",""cpu"":""0.01%"",""mem"":""20.35MiB / 122.8GiB""},{""name"":""lab-erli-stub"",""cpu"":""0.00%"",""mem"":""18.05MiB / 122.8GiB""},{""name"":""lab-eparagony-stub"",""cpu"":""0.00%"",""mem"":""20.36MiB / 122.8GiB""},{""name"":""lab-invoicing-stub"",""cpu"":""0.01%"",""mem"":""16.62MiB / 122.8GiB""},{""name"":""lab-shipping-stub"",""cpu"":""0.01%"",""mem"":""16.59MiB / 122.8GiB""},{""name"":""lab-eparagony-stub-tls"",""cpu"":""0.00%"",""mem"":""23.3MiB / 122.8GiB""},{""name"":""lab-erli-stub-tls"",""cpu"":""0.00%"",""mem"":""22.67MiB / 122.8GiB""},{""name"":""lab-wc-tls"",""cpu"":""0.00%"",""mem"":""28.21MiB / 122.8GiB""},{""name"":""lab-prestashop"",""cpu"":""0.01%"",""mem"":""156.3MiB / 122.8GiB""},{""name"":""lab-woocommerce"",""cpu"":""0.01%"",""mem"":""292.7MiB / 122.8GiB""},{""name"":""lab-redis"",""cpu"":""0.29%"",""mem"":""78.11MiB / 122.8GiB""},{""name"":""lab-postgres"",""cpu"":""0.35%"",""mem"":""238MiB / 122.8GiB""},{""name"":""lab-mysql"",""cpu"":""0.96%"",""mem"":""720.2MiB / 122.8GiB""},{""name"":""lab-woocommerce-mysql"",""cpu"":""5.34%"",""mem"":""509.7MiB / 122.8GiB""}]"
2026-09-10T13:19:10Z,4,0,0,0,20,2667706035,"[{""name"":""lab-worker-1"",""cpu"":""0.37%"",""mem"":""129.7MiB / 122.8GiB""},{""name"":""lab-api"",""cpu"":""0.00%"",""mem"":""141.7MiB / 122.8GiB""},{""name"":""lab-allegro-stub"",""cpu"":""0.01%"",""mem"":""20.35MiB / 122.8GiB""},{""name"":""lab-erli-stub"",""cpu"":""0.00%"",""mem"":""18.05MiB / 122.8GiB""},{""name"":""lab-eparagony-stub"",""cpu"":""0.00%"",""mem"":""20.36MiB / 122.8GiB""},{""name"":""lab-invoicing-stub"",""cpu"":""0.01%"",""mem"":""16.62MiB / 122.8GiB""},{""name"":""lab-shipping-stub"",""cpu"":""0.01%"",""mem"":""16.59MiB / 122.8GiB""},{""name"":""lab-eparagony-stub-tls"",""cpu"":""0.00%"",""mem"":""23.3MiB / 122.8GiB""},{""name"":""lab-erli-stub-tls"",""cpu"":""0.00%"",""mem"":""22.67MiB / 122.8GiB""},{""name"":""lab-wc-tls"",""cpu"":""0.00%"",""mem"":""28.21MiB / 122.8GiB""},{""name"":""lab-prestashop"",""cpu"":""0.01%"",""mem"":""156.3MiB / 122.8GiB""},{""name"":""lab-woocommerce"",""cpu"":""0.01%"",""mem"":""292.7MiB / 122.8GiB""},{""name"":""lab-redis"",""cpu"":""0.29%"",""mem"":""78.11MiB / 122.8GiB""},{""name"":""lab-postgres"",""cpu"":""0.35%"",""mem"":""238MiB / 122.8GiB""},{""name"":""lab-mysql"",""cpu"":""0.96%"",""mem"":""720.2MiB / 122.8GiB""},{""name"":""lab-woocommerce-mysql"",""cpu"":""5.34%"",""mem"":""509.7MiB / 122.8GiB""}]"
2026-09-10T13:19:14Z,3,1,0,0,21,2667706035,"[{""name"":""lab-worker-1"",""cpu"":""0.43%"",""mem"":""129.7MiB / 122.8GiB""},{""name"":""lab-api"",""cpu"":""0.00%"",""mem"":""141.7MiB / 122.8GiB""},{""name"":""lab-allegro-stub"",""cpu"":""3.96%"",""mem"":""20.36MiB / 122.8GiB""},{""name"":""lab-erli-stub"",""cpu"":""0.00%"",""mem"":""18.05MiB / 122.8GiB""},{""name"":""lab-eparagony-stub"",""cpu"":""0.00%"",""mem"":""20.35MiB / 122.8GiB""},{""name"":""lab-invoicing-stub"",""cpu"":""3.87%"",""mem"":""16.61MiB / 122.8GiB""},{""name"":""lab-shipping-stub"",""cpu"":""4.01%"",""mem"":""16.59MiB / 122.8GiB""},{""name"":""lab-eparagony-stub-tls"",""cpu"":""0.00%"",""mem"":""23.3MiB / 122.8GiB""},{""name"":""lab-erli-stub-tls"",""cpu"":""0.00%"",""mem"":""22.67MiB / 122.8GiB""},{""name"":""lab-wc-tls"",""cpu"":""0.00%"",""mem"":""28.21MiB / 122.8GiB""},{""name"":""lab-prestashop"",""cpu"":""0.01%"",""mem"":""156.3MiB / 122.8GiB""},{""name"":""lab-woocommerce"",""cpu"":""0.01%"",""mem"":""292.4MiB / 122.8GiB""},{""name"":""lab-redis"",""cpu"":""4.35%"",""mem"":""77.9MiB / 122.8GiB""},{""name"":""lab-postgres"",""cpu"":""0.33%"",""mem"":""237.9MiB / 122.8GiB""},{""name"":""lab-mysql"",""cpu"":""0.92%"",""mem"":""720.2MiB / 122.8GiB""},{""name"":""lab-woocommerce-mysql"",""cpu"":""0.90%"",""mem"":""509.6MiB / 122.8GiB""}]"
2026-09-10T13:19:14Z,3,1,0,0,21,2667706035,"[{""name"":""lab-worker-1"",""cpu"":""0.43%"",""mem"":""129.7MiB / 122.8GiB""},{""name"":""lab-api"",""cpu"":""0.00%"",""mem"":""141.7MiB / 122.8GiB""},{""name"":""lab-allegro-stub"",""cpu"":""3.96%"",""mem"":""20.36MiB / 122.8GiB""},{""name"":""lab-erli-stub"",""cpu"":""0.00%"",""mem"":""18.05MiB / 122.8GiB""},{""name"":""lab-eparagony-stub"",""cpu"":""0.00%"",""mem"":""20.35MiB / 122.8GiB""},{""name"":""lab-invoicing-stub"",""cpu"":""3.87%"",""mem"":""16.61MiB / 122.8GiB""},{""name"":""lab-shipping-stub"",""cpu"":""4.01%"",""mem"":""16.59MiB / 122.8GiB""},{""name"":""lab-eparagony-stub-tls"",""cpu"":""0.00%"",""mem"":""23.3MiB / 122.8GiB""},{""name"":""lab-erli-stub-tls"",""cpu"":""0.00%"",""mem"":""22.67MiB / 122.8GiB""},{""name"":""lab-wc-tls"",""cpu"":""0.00%"",""mem"":""28.21MiB / 122.8GiB""},{""name"":""lab-prestashop"",""cpu"":""0.01%"",""mem"":""156.3MiB / 122.8GiB""},{""name"":""lab-woocommerce"",""cpu"":""0.01%"",""mem"":""292.4MiB / 122.8GiB""},{""name"":""lab-redis"",""cpu"":""4.35%"",""mem"":""77.9MiB / 122.8GiB""},{""name"":""lab-postgres"",""cpu"":""0.33%"",""mem"":""237.9MiB / 122.8GiB""},{""name"":""lab-mysql"",""cpu"":""0.92%"",""mem"":""720.2MiB / 122.8GiB""},{""name"":""lab-woocommerce-mysql"",""cpu"":""0.90%"",""mem"":""509.6MiB / 122.8GiB""}]"
2026-09-10T13:19:18Z,4,0,0,0,21,2667706035,"[{""name"":""lab-worker-1"",""cpu"":""0.44%"",""mem"":""129.7MiB / 122.8GiB""},{""name"":""lab-api"",""cpu"":""0.01%"",""mem"":""141.7MiB / 122.8GiB""},{""name"":""lab-allegro-stub"",""cpu"":""0.00%"",""mem"":""20.35MiB / 122.8GiB""},{""name"":""lab-erli-stub"",""cpu"":""4.18%"",""mem"":""18.54MiB / 122.8GiB""},{""name"":""lab-eparagony-stub"",""cpu"":""4.07%"",""mem"":""20.38MiB / 122.8GiB""},{""name"":""lab-invoicing-stub"",""cpu"":""0.00%"",""mem"":""16.59MiB / 122.8GiB""},{""name"":""lab-shipping-stub"",""cpu"":""0.00%"",""mem"":""16.57MiB / 122.8GiB""},{""name"":""lab-eparagony-stub-tls"",""cpu"":""0.00%"",""mem"":""23.3MiB / 122.8GiB""},{""name"":""lab-erli-stub-tls"",""cpu"":""0.00%"",""mem"":""22.67MiB / 122.8GiB""},{""name"":""lab-wc-tls"",""cpu"":""0.00%"",""mem"":""28.21MiB / 122.8GiB""},{""name"":""lab-prestashop"",""cpu"":""0.01%"",""mem"":""156.3MiB / 122.8GiB""},{""name"":""lab-woocommerce"",""cpu"":""0.00%"",""mem"":""292.4MiB / 122.8GiB""},{""name"":""lab-redis"",""cpu"":""0.28%"",""mem"":""77.87MiB / 122.8GiB""},{""name"":""lab-postgres"",""cpu"":""0.36%"",""mem"":""238MiB / 122.8GiB""},{""name"":""lab-mysql"",""cpu"":""0.86%"",""mem"":""720.2MiB / 122.8GiB""},{""name"":""lab-woocommerce-mysql"",""cpu"":""0.99%"",""mem"":""509.6MiB / 122.8GiB""}]"
2026-09-10T13:19:18Z,4,0,0,0,21,2667706035,"[{""name"":""lab-worker-1"",""cpu"":""0.44%"",""mem"":""129.7MiB / 122.8GiB""},{""name"":""lab-api"",""cpu"":""0.01%"",""mem"":""141.7MiB / 122.8GiB""},{""name"":""lab-allegro-stub"",""cpu"":""0.00%"",""mem"":""20.35MiB / 122.8GiB""},{""name"":""lab-erli-stub"",""cpu"":""4.18%"",""mem"":""18.54MiB / 122.8GiB""},{""name"":""lab-eparagony-stub"",""cpu"":""4.07%"",""mem"":""20.38MiB / 122.8GiB""},{""name"":""lab-invoicing-stub"",""cpu"":""0.00%"",""mem"":""16.59MiB / 122.8GiB""},{""name"":""lab-shipping-stub"",""cpu"":""0.00%"",""mem"":""16.57MiB / 122.8GiB""},{""name"":""lab-eparagony-stub-tls"",""cpu"":""0.00%"",""mem"":""23.3MiB / 122.8GiB""},{""name"":""lab-erli-stub-tls"",""cpu"":""0.00%"",""mem"":""22.67MiB / 122.8GiB""},{""name"":""lab-wc-tls"",""cpu"":""0.00%"",""mem"":""28.21MiB / 122.8GiB""},{""name"":""lab-prestashop"",""cpu"":""0.01%"",""mem"":""156.3MiB / 122.8GiB""},{""name"":""lab-woocommerce"",""cpu"":""0.00%"",""mem"":""292.4MiB / 122.8GiB""},{""name"":""lab-redis"",""cpu"":""0.28%"",""mem"":""77.87MiB / 122.8GiB""},{""name"":""lab-postgres"",""cpu"":""0.36%"",""mem"":""238MiB / 122.8GiB""},{""name"":""lab-mysql"",""cpu"":""0.86%"",""mem"":""720.2MiB / 122.8GiB""},{""name"":""lab-woocommerce-mysql"",""cpu"":""0.99%"",""mem"":""509.6MiB / 122.8GiB""}]"
2026-09-10T13:19:21Z,4,0,0,0,21,2667706035,"[{""name"":""lab-worker-1"",""cpu"":""0.72%"",""mem"":""129.7MiB / 122.8GiB""},{""name"":""lab-api"",""cpu"":""0.64%"",""mem"":""141.8MiB / 122.8GiB""},{""name"":""lab-allegro-stub"",""cpu"":""0.00%"",""mem"":""20.35MiB / 122.8GiB""},{""name"":""lab-erli-stub"",""cpu"":""0.00%"",""mem"":""18.05MiB / 122.8GiB""},{""name"":""lab-eparagony-stub"",""cpu"":""0.00%"",""mem"":""20.35MiB / 122.8GiB""},{""name"":""lab-invoicing-stub"",""cpu"":""0.00%"",""mem"":""16.59MiB / 122.8GiB""},{""name"":""lab-shipping-stub"",""cpu"":""0.00%"",""mem"":""16.57MiB / 122.8GiB""},{""name"":""lab-eparagony-stub-tls"",""cpu"":""0.00%"",""mem"":""23.3MiB / 122.8GiB""},{""name"":""lab-erli-stub-tls"",""cpu"":""0.00%"",""mem"":""22.67MiB / 122.8GiB""},{""name"":""lab-wc-tls"",""cpu"":""0.00%"",""mem"":""28.21MiB / 122.8GiB""},{""name"":""lab-prestashop"",""cpu"":""0.01%"",""mem"":""156.3MiB / 122.8GiB""},{""name"":""lab-woocommerce"",""cpu"":""0.01%"",""mem"":""292.4MiB / 122.8GiB""},{""name"":""lab-redis"",""cpu"":""0.33%"",""mem"":""77.86MiB / 122.8GiB""},{""name"":""lab-postgres"",""cpu"":""0.58%"",""mem"":""238.2MiB / 122.8GiB""},{""name"":""lab-mysql"",""cpu"":""1.01%"",""mem"":""720.2MiB / 122.8GiB""},{""name"":""lab-woocommerce-mysql"",""cpu"":""1.06%"",""mem"":""509.6MiB / 122.8GiB""}]"
2026-09-10T13:19:21Z,4,0,0,0,21,2667706035,"[{""name"":""lab-worker-1"",""cpu"":""0.72%"",""mem"":""129.7MiB / 122.8GiB""},{""name"":""lab-api"",""cpu"":""0.64%"",""mem"":""141.8MiB / 122.8GiB""},{""name"":""lab-allegro-stub"",""cpu"":""0.00%"",""mem"":""20.35MiB / 122.8GiB""},{""name"":""lab-erli-stub"",""cpu"":""0.00%"",""mem"":""18.05MiB / 122.8GiB""},{""name"":""lab-eparagony-stub"",""cpu"":""0.00%"",""mem"":""20.35MiB / 122.8GiB""},{""name"":""lab-invoicing-stub"",""cpu"":""0.00%"",""mem"":""16.59MiB / 122.8GiB""},{""name"":""lab-shipping-stub"",""cpu"":""0.00%"",""mem"":""16.57MiB / 122.8GiB""},{""name"":""lab-eparagony-stub-tls"",""cpu"":""0.00%"",""mem"":""23.3MiB / 122.8GiB""},{""name"":""lab-erli-stub-tls"",""cpu"":""0.00%"",""mem"":""22.67MiB / 122.8GiB""},{""name"":""lab-wc-tls"",""cpu"":""0.00%"",""mem"":""28.21MiB / 122.8GiB""},{""name"":""lab-prestashop"",""cpu"":""0.01%"",""mem"":""156.3MiB / 122.8GiB""},{""name"":""lab-woocommerce"",""cpu"":""0.01%"",""mem"":""292.4MiB / 122.8GiB""},{""name"":""lab-redis"",""cpu"":""0.33%"",""mem"":""77.86MiB / 122.8GiB""},{""name"":""lab-postgres"",""cpu"":""0.58%"",""mem"":""238.2MiB / 122.8GiB""},{""name"":""lab-mysql"",""cpu"":""1.01%"",""mem"":""720.2MiB / 122.8GiB""},{""name"":""lab-woocommerce-mysql"",""cpu"":""1.06%"",""mem"":""509.6MiB / 122.8GiB""}]"
2026-09-10T13:19:25Z,3,0,0,0,22,2667706035,"[{""name"":""lab-worker-1"",""cpu"":""0.40%"",""mem"":""129.7MiB / 122.8GiB""},{""name"":""lab-api"",""cpu"":""0.00%"",""mem"":""141.8MiB / 122.8GiB""},{""name"":""lab-allegro-stub"",""cpu"":""0.04%"",""mem"":""20.38MiB / 122.8GiB""},{""name"":""lab-erli-stub"",""cpu"":""0.00%"",""mem"":""18.05MiB / 122.8GiB""},{""name"":""lab-eparagony-stub"",""cpu"":""0.00%"",""mem"":""20.35MiB / 122.8GiB""},{""name"":""lab-invoicing-stub"",""cpu"":""0.03%"",""mem"":""16.59MiB / 122.8GiB""},{""name"":""lab-shipping-stub"",""cpu"":""0.03%"",""mem"":""16.61MiB / 122.8GiB""},{""name"":""lab-eparagony-stub-tls"",""cpu"":""0.00%"",""mem"":""23.3MiB / 122.8GiB""},{""name"":""lab-erli-stub-tls"",""cpu"":""0.00%"",""mem"":""22.67MiB / 122.8GiB""},{""name"":""lab-wc-tls"",""cpu"":""0.00%"",""mem"":""28.21MiB / 122.8GiB""},{""name"":""lab-prestashop"",""cpu"":""0.01%"",""mem"":""156.3MiB / 122.8GiB""},{""name"":""lab-woocommerce"",""cpu"":""0.01%"",""mem"":""292.4MiB / 122.8GiB""},{""name"":""lab-redis"",""cpu"":""0.30%"",""mem"":""77.89MiB / 122.8GiB""},{""name"":""lab-postgres"",""cpu"":""0.37%"",""mem"":""237.9MiB / 122.8GiB""},{""name"":""lab-mysql"",""cpu"":""0.98%"",""mem"":""720.2MiB / 122.8GiB""},{""name"":""lab-woocommerce-mysql"",""cpu"":""0.90%"",""mem"":""509.6MiB / 122.8GiB""}]"
2026-09-10T13:19:25Z,3,0,0,0,22,2667706035,"[{""name"":""lab-worker-1"",""cpu"":""0.40%"",""mem"":""129.7MiB / 122.8GiB""},{""name"":""lab-api"",""cpu"":""0.00%"",""mem"":""141.8MiB / 122.8GiB""},{""name"":""lab-allegro-stub"",""cpu"":""0.04%"",""mem"":""20.38MiB / 122.8GiB""},{""name"":""lab-erli-stub"",""cpu"":""0.00%"",""mem"":""18.05MiB / 122.8GiB""},{""name"":""lab-eparagony-stub"",""cpu"":""0.00%"",""mem"":""20.35MiB / 122.8GiB""},{""name"":""lab-invoicing-stub"",""cpu"":""0.03%"",""mem"":""16.59MiB / 122.8GiB""},{""name"":""lab-shipping-stub"",""cpu"":""0.03%"",""mem"":""16.61MiB / 122.8GiB""},{""name"":""lab-eparagony-stub-tls"",""cpu"":""0.00%"",""mem"":""23.3MiB / 122.8GiB""},{""name"":""lab-erli-stub-tls"",""cpu"":""0.00%"",""mem"":""22.67MiB / 122.8GiB""},{""name"":""lab-wc-tls"",""cpu"":""0.00%"",""mem"":""28.21MiB / 122.8GiB""},{""name"":""lab-prestashop"",""cpu"":""0.01%"",""mem"":""156.3MiB / 122.8GiB""},{""name"":""lab-woocommerce"",""cpu"":""0.01%"",""mem"":""292.4MiB / 122.8GiB""},{""name"":""lab-redis"",""cpu"":""0.30%"",""mem"":""77.89MiB / 122.8GiB""},{""name"":""lab-postgres"",""cpu"":""0.37%"",""mem"":""237.9MiB / 122.8GiB""},{""name"":""lab-mysql"",""cpu"":""0.98%"",""mem"":""720.2MiB / 122.8GiB""},{""name"":""lab-woocommerce-mysql"",""cpu"":""1.01%"",""mem"":""509.6MiB / 122.8GiB""}]"
2026-09-10T13:19:29Z,4,0,0,0,22,2667706035,"[{""name"":""lab-worker-1"",""cpu"":""0.43%"",""mem"":""129.7MiB / 122.8GiB""},{""name"":""lab-api"",""cpu"":""0.00%"",""mem"":""141.8MiB / 122.8GiB""},{""name"":""lab-allegro-stub"",""cpu"":""0.00%"",""mem"":""20.36MiB / 122.8GiB""},{""name"":""lab-erli-stub"",""cpu"":""4.03%"",""mem"":""18.07MiB / 122.8GiB""},{""name"":""lab-eparagony-stub"",""cpu"":""0.00%"",""mem"":""20.35MiB / 122.8GiB""},{""name"":""lab-invoicing-stub"",""cpu"":""0.00%"",""mem"":""16.59MiB / 122.8GiB""},{""name"":""lab-shipping-stub"",""cpu"":""0.00%"",""mem"":""16.58MiB / 122.8GiB""},{""name"":""lab-eparagony-stub-tls"",""cpu"":""0.00%"",""mem"":""23.3MiB / 122.8GiB""},{""name"":""lab-erli-stub-tls"",""cpu"":""0.00%"",""mem"":""22.67MiB / 122.8GiB""},{""name"":""lab-wc-tls"",""cpu"":""0.00%"",""mem"":""28.21MiB / 122.8GiB""},{""name"":""lab-prestashop"",""cpu"":""0.01%"",""mem"":""156.3MiB / 122.8GiB""},{""name"":""lab-woocommerce"",""cpu"":""0.01%"",""mem"":""292.4MiB / 122.8GiB""},{""name"":""lab-redis"",""cpu"":""0.29%"",""mem"":""77.86MiB / 122.8GiB""},{""name"":""lab-postgres"",""cpu"":""0.36%"",""mem"":""237.9MiB / 122.8GiB""},{""name"":""lab-mysql"",""cpu"":""0.94%"",""mem"":""720.2MiB / 122.8GiB""},{""name"":""lab-woocommerce-mysql"",""cpu"":""0.98%"",""mem"":""509.6MiB / 122.8GiB""}]"
2026-09-10T13:19:29Z,4,0,0,0,22,2667706035,"[{""name"":""lab-worker-1"",""cpu"":""0.43%"",""mem"":""129.7MiB / 122.8GiB""},{""name"":""lab-api"",""cpu"":""0.00%"",""mem"":""141.8MiB / 122.8GiB""},{""name"":""lab-allegro-stub"",""cpu"":""0.00%"",""mem"":""20.36MiB / 122.8GiB""},{""name"":""lab-erli-stub"",""cpu"":""4.03%"",""mem"":""18.07MiB / 122.8GiB""},{""name"":""lab-eparagony-stub"",""cpu"":""0.00%"",""mem"":""20.35MiB / 122.8GiB""},{""name"":""lab-invoicing-stub"",""cpu"":""0.00%"",""mem"":""16.59MiB / 122.8GiB""},{""name"":""lab-shipping-stub"",""cpu"":""0.00%"",""mem"":""16.58MiB / 122.8GiB""},{""name"":""lab-eparagony-stub-tls"",""cpu"":""0.00%"",""mem"":""23.3MiB / 122.8GiB""},{""name"":""lab-erli-stub-tls"",""cpu"":""0.00%"",""mem"":""22.67MiB / 122.8GiB""},{""name"":""lab-wc-tls"",""cpu"":""0.00%"",""mem"":""28.21MiB / 122.8GiB""},{""name"":""lab-prestashop"",""cpu"":""0.01%"",""mem"":""156.3MiB / 122.8GiB""},{""name"":""lab-woocommerce"",""cpu"":""0.01%"",""mem"":""292.4MiB / 122.8GiB""},{""name"":""lab-redis"",""cpu"":""0.29%"",""mem"":""77.86MiB / 122.8GiB""},{""name"":""lab-postgres"",""cpu"":""0.36%"",""mem"":""237.9MiB / 122.8GiB""},{""name"":""lab-mysql"",""cpu"":""0.94%"",""mem"":""720.2MiB / 122.8GiB""},{""name"":""lab-woocommerce-mysql"",""cpu"":""0.98%"",""mem"":""509.6MiB / 122.8GiB""}]"
2026-09-10T13:19:32Z,4,0,0,0,22,2667706035,"[{""name"":""lab-worker-1"",""cpu"":""1.80%"",""mem"":""129.7MiB / 122.8GiB""},{""name"":""lab-api"",""cpu"":""0.02%"",""mem"":""141.8MiB / 122.8GiB""},{""name"":""lab-allegro-stub"",""cpu"":""0.00%"",""mem"":""20.36MiB / 122.8GiB""},{""name"":""lab-erli-stub"",""cpu"":""0.00%"",""mem"":""18.05MiB / 122.8GiB""},{""name"":""lab-eparagony-stub"",""cpu"":""0.00%"",""mem"":""20.35MiB / 122.8GiB""},{""name"":""lab-invoicing-stub"",""cpu"":""0.00%"",""mem"":""16.59MiB / 122.8GiB""},{""name"":""lab-shipping-stub"",""cpu"":""0.00%"",""mem"":""16.58MiB / 122.8GiB""},{""name"":""lab-eparagony-stub-tls"",""cpu"":""0.00%"",""mem"":""23.3MiB / 122.8GiB""},{""name"":""lab-erli-stub-tls"",""cpu"":""0.00%"",""mem"":""22.67MiB / 122.8GiB""},{""name"":""lab-wc-tls"",""cpu"":""0.00%"",""mem"":""28.21MiB / 122.8GiB""},{""name"":""lab-prestashop"",""cpu"":""0.00%"",""mem"":""156.3MiB / 122.8GiB""},{""name"":""lab-woocommerce"",""cpu"":""19.28%"",""mem"":""292.5MiB / 122.8GiB""},{""name"":""lab-redis"",""cpu"":""0.35%"",""mem"":""77.86MiB / 122.8GiB""},{""name"":""lab-postgres"",""cpu"":""2.95%"",""mem"":""237.8MiB / 122.8GiB""},{""name"":""lab-mysql"",""cpu"":""0.81%"",""mem"":""720.2MiB / 122.8GiB""},{""name"":""lab-woocommerce-mysql"",""cpu"":""7.89%"",""mem"":""509.6MiB / 122.8GiB""}]"
2026-09-10T13:19:32Z,4,0,0,0,22,2667706035,"[{""name"":""lab-worker-1"",""cpu"":""1.80%"",""mem"":""129.7MiB / 122.8GiB""},{""name"":""lab-api"",""cpu"":""0.02%"",""mem"":""141.8MiB / 122.8GiB""},{""name"":""lab-allegro-stub"",""cpu"":""0.00%"",""mem"":""20.36MiB / 122.8GiB""},{""name"":""lab-erli-stub"",""cpu"":""0.00%"",""mem"":""18.05MiB / 122.8GiB""},{""name"":""lab-eparagony-stub"",""cpu"":""0.00%"",""mem"":""20.35MiB / 122.8GiB""},{""name"":""lab-invoicing-stub"",""cpu"":""0.00%"",""mem"":""16.59MiB / 122.8GiB""},{""name"":""lab-shipping-stub"",""cpu"":""0.00%"",""mem"":""16.58MiB / 122.8GiB""},{""name"":""lab-eparagony-stub-tls"",""cpu"":""0.00%"",""mem"":""23.3MiB / 122.8GiB""},{""name"":""lab-erli-stub-tls"",""cpu"":""0.00%"",""mem"":""22.67MiB / 122.8GiB""},{""name"":""lab-wc-tls"",""cpu"":""0.00%"",""mem"":""28.21MiB / 122.8GiB""},{""name"":""lab-prestashop"",""cpu"":""0.00%"",""mem"":""156.3MiB / 122.8GiB""},{""name"":""lab-woocommerce"",""cpu"":""19.28%"",""mem"":""292.5MiB / 122.8GiB""},{""name"":""lab-redis"",""cpu"":""0.35%"",""mem"":""77.86MiB / 122.8GiB""},{""name"":""lab-postgres"",""cpu"":""2.95%"",""mem"":""237.8MiB / 122.8GiB""},{""name"":""lab-mysql"",""cpu"":""0.81%"",""mem"":""720.2MiB / 122.8GiB""},{""name"":""lab-woocommerce-mysql"",""cpu"":""0.99%"",""mem"":""509.6MiB / 122.8GiB""}]"
2026-09-10T13:19:36Z,3,0,0,0,23,2667706035,"[{""name"":""lab-worker-1"",""cpu"":""0.44%"",""mem"":""129.7MiB / 122.8GiB""},{""name"":""lab-api"",""cpu"":""0.00%"",""mem"":""141.8MiB / 122.8GiB""},{""name"":""lab-allegro-stub"",""cpu"":""0.00%"",""mem"":""20.36MiB / 122.8GiB""},{""name"":""lab-erli-stub"",""cpu"":""0.00%"",""mem"":""18.04MiB / 122.8GiB""},{""name"":""lab-eparagony-stub"",""cpu"":""0.00%"",""mem"":""20.35MiB / 122.8GiB""},{""name"":""lab-invoicing-stub"",""cpu"":""0.00%"",""mem"":""16.59MiB / 122.8GiB""},{""name"":""lab-shipping-stub"",""cpu"":""0.00%"",""mem"":""16.58MiB / 122.8GiB""},{""name"":""lab-eparagony-stub-tls"",""cpu"":""0.00%"",""mem"":""23.3MiB / 122.8GiB""},{""name"":""lab-erli-stub-tls"",""cpu"":""0.00%"",""mem"":""22.67MiB / 122.8GiB""},{""name"":""lab-wc-tls"",""cpu"":""0.00%"",""mem"":""28.21MiB / 122.8GiB""},{""name"":""lab-prestashop"",""cpu"":""0.01%"",""mem"":""156.3MiB / 122.8GiB""},{""name"":""lab-woocommerce"",""cpu"":""0.01%"",""mem"":""292.4MiB / 122.8GiB""},{""name"":""lab-redis"",""cpu"":""0.27%"",""mem"":""77.87MiB / 122.8GiB""},{""name"":""lab-postgres"",""cpu"":""5.05%"",""mem"":""238MiB / 122.8GiB""},{""name"":""lab-mysql"",""cpu"":""5.23%"",""mem"":""720.4MiB / 122.8GiB""},{""name"":""lab-woocommerce-mysql"",""cpu"":""0.86%"",""mem"":""509.6MiB / 122.8GiB""}]"
2026-09-10T13:19:36Z,3,0,0,0,23,2667706035,"[{""name"":""lab-worker-1"",""cpu"":""0.44%"",""mem"":""129.7MiB / 122.8GiB""},{""name"":""lab-api"",""cpu"":""0.00%"",""mem"":""141.8MiB / 122.8GiB""},{""name"":""lab-allegro-stub"",""cpu"":""0.00%"",""mem"":""20.36MiB / 122.8GiB""},{""name"":""lab-erli-stub"",""cpu"":""0.00%"",""mem"":""18.04MiB / 122.8GiB""},{""name"":""lab-eparagony-stub"",""cpu"":""0.00%"",""mem"":""20.35MiB / 122.8GiB""},{""name"":""lab-invoicing-stub"",""cpu"":""0.00%"",""mem"":""16.59MiB / 122.8GiB""},{""name"":""lab-shipping-stub"",""cpu"":""0.00%"",""mem"":""16.58MiB / 122.8GiB""},{""name"":""lab-eparagony-stub-tls"",""cpu"":""0.00%"",""mem"":""23.3MiB / 122.8GiB""},{""name"":""lab-erli-stub-tls"",""cpu"":""0.00%"",""mem"":""22.67MiB / 122.8GiB""},{""name"":""lab-wc-tls"",""cpu"":""0.00%"",""mem"":""28.21MiB / 122.8GiB""},{""name"":""lab-prestashop"",""cpu"":""0.01%"",""mem"":""156.3MiB / 122.8GiB""},{""name"":""lab-woocommerce"",""cpu"":""0.01%"",""mem"":""292.4MiB / 122.8GiB""},{""name"":""lab-redis"",""cpu"":""0.27%"",""mem"":""77.87MiB / 122.8GiB""},{""name"":""lab-postgres"",""cpu"":""5.05%"",""mem"":""238MiB / 122.8GiB""},{""name"":""lab-mysql"",""cpu"":""5.23%"",""mem"":""720.4MiB / 122.8GiB""},{""name"":""lab-woocommerce-mysql"",""cpu"":""0.86%"",""mem"":""509.6MiB / 122.8GiB""}]"
2026-09-10T13:19:40Z,4,0,0,0,23,2667706035,"[{""name"":""lab-worker-1"",""cpu"":""0.39%"",""mem"":""129.7MiB / 122.8GiB""},{""name"":""lab-api"",""cpu"":""0.00%"",""mem"":""141.8MiB / 122.8GiB""},{""name"":""lab-allegro-stub"",""cpu"":""3.42%"",""mem"":""20.38MiB / 122.8GiB""},{""name"":""lab-erli-stub"",""cpu"":""0.00%"",""mem"":""18.04MiB / 122.8GiB""},{""name"":""lab-eparagony-stub"",""cpu"":""0.00%"",""mem"":""20.35MiB / 122.8GiB""},{""name"":""lab-invoicing-stub"",""cpu"":""3.96%"",""mem"":""16.61MiB / 122.8GiB""},{""name"":""lab-shipping-stub"",""cpu"":""4.29%"",""mem"":""16.59MiB / 122.8GiB""},{""name"":""lab-eparagony-stub-tls"",""cpu"":""0.00%"",""mem"":""23.3MiB / 122.8GiB""},{""name"":""lab-erli-stub-tls"",""cpu"":""0.00%"",""mem"":""22.67MiB / 122.8GiB""},{""name"":""lab-wc-tls"",""cpu"":""0.00%"",""mem"":""28.21MiB / 122.8GiB""},{""name"":""lab-prestashop"",""cpu"":""0.01%"",""mem"":""150.2MiB / 122.8GiB""},{""name"":""lab-woocommerce"",""cpu"":""0.01%"",""mem"":""292.4MiB / 122.8GiB""},{""name"":""lab-redis"",""cpu"":""0.30%"",""mem"":""77.86MiB / 122.8GiB""},{""name"":""lab-postgres"",""cpu"":""0.36%"",""mem"":""238MiB / 122.8GiB""},{""name"":""lab-mysql"",""cpu"":""0.96%"",""mem"":""720.2MiB / 122.8GiB""},{""name"":""lab-woocommerce-mysql"",""cpu"":""5.31%"",""mem"":""509.6MiB / 122.8GiB""}]"
2026-09-10T13:19:40Z,4,0,0,0,23,2667706035,"[{""name"":""lab-worker-1"",""cpu"":""0.39%"",""mem"":""129.7MiB / 122.8GiB""},{""name"":""lab-api"",""cpu"":""0.00%"",""mem"":""141.8MiB / 122.8GiB""},{""name"":""lab-allegro-stub"",""cpu"":""3.42%"",""mem"":""20.38MiB / 122.8GiB""},{""name"":""lab-erli-stub"",""cpu"":""0.00%"",""mem"":""18.04MiB / 122.8GiB""},{""name"":""lab-eparagony-stub"",""cpu"":""0.00%"",""mem"":""20.35MiB / 122.8GiB""},{""name"":""lab-invoicing-stub"",""cpu"":""3.96%"",""mem"":""16.61MiB / 122.8GiB""},{""name"":""lab-shipping-stub"",""cpu"":""4.29%"",""mem"":""16.59MiB / 122.8GiB""},{""name"":""lab-eparagony-stub-tls"",""cpu"":""0.00%"",""mem"":""23.3MiB / 122.8GiB""},{""name"":""lab-erli-stub-tls"",""cpu"":""0.00%"",""mem"":""22.67MiB / 122.8GiB""},{""name"":""lab-wc-tls"",""cpu"":""0.00%"",""mem"":""28.21MiB / 122.8GiB""},{""name"":""lab-prestashop"",""cpu"":""0.01%"",""mem"":""150.2MiB / 122.8GiB""},{""name"":""lab-woocommerce"",""cpu"":""0.01%"",""mem"":""292.4MiB / 122.8GiB""},{""name"":""lab-redis"",""cpu"":""0.30%"",""mem"":""77.86MiB / 122.8GiB""},{""name"":""lab-postgres"",""cpu"":""0.36%"",""mem"":""238MiB / 122.8GiB""},{""name"":""lab-mysql"",""cpu"":""0.96%"",""mem"":""720.2MiB / 122.8GiB""},{""name"":""lab-woocommerce-mysql"",""cpu"":""5.31%"",""mem"":""509.6MiB / 122.8GiB""}]"
2026-09-10T13:19:43Z,4,0,0,0,23,2667706035,"[{""name"":""lab-worker-1"",""cpu"":""0.45%"",""mem"":""129.7MiB / 122.8GiB""},{""name"":""lab-api"",""cpu"":""0.00%"",""mem"":""141.9MiB / 122.8GiB""},{""name"":""lab-allegro-stub"",""cpu"":""0.00%"",""mem"":""20.36MiB / 122.8GiB""},{""name"":""lab-erli-stub"",""cpu"":""4.20%"",""mem"":""18.16MiB / 122.8GiB""},{""name"":""lab-eparagony-stub"",""cpu"":""4.17%"",""mem"":""20.38MiB / 122.8GiB""},{""name"":""lab-invoicing-stub"",""cpu"":""0.00%"",""mem"":""16.59MiB / 122.8GiB""},{""name"":""lab-shipping-stub"",""cpu"":""0.00%"",""mem"":""16.58MiB / 122.8GiB""},{""name"":""lab-eparagony-stub-tls"",""cpu"":""0.00%"",""mem"":""23.3MiB / 122.8GiB""},{""name"":""lab-erli-stub-tls"",""cpu"":""0.00%"",""mem"":""22.67MiB / 122.8GiB""},{""name"":""lab-wc-tls"",""cpu"":""0.00%"",""mem"":""28.21MiB / 122.8GiB""},{""name"":""lab-prestashop"",""cpu"":""0.00%"",""mem"":""150.2MiB / 122.8GiB""},{""name"":""lab-woocommerce"",""cpu"":""0.01%"",""mem"":""292.4MiB / 122.8GiB""},{""name"":""lab-redis"",""cpu"":""0.28%"",""mem"":""77.87MiB / 122.8GiB""},{""name"":""lab-postgres"",""cpu"":""0.81%"",""mem"":""238MiB / 122.8GiB""},{""name"":""lab-mysql"",""cpu"":""0.92%"",""mem"":""720.2MiB / 122.8GiB""},{""name"":""lab-woocommerce-mysql"",""cpu"":""0.96%"",""mem"":""509.6MiB / 122.8GiB""}]"
2026-09-10T13:19:43Z,4,0,0,0,23,2667706035,"[{""name"":""lab-worker-1"",""cpu"":""0.45%"",""mem"":""129.7MiB / 122.8GiB""},{""name"":""lab-api"",""cpu"":""0.00%"",""mem"":""141.9MiB / 122.8GiB""},{""name"":""lab-allegro-stub"",""cpu"":""0.00%"",""mem"":""20.36MiB / 122.8GiB""},{""name"":""lab-erli-stub"",""cpu"":""4.20%"",""mem"":""18.16MiB / 122.8GiB""},{""name"":""lab-eparagony-stub"",""cpu"":""4.17%"",""mem"":""20.38MiB / 122.8GiB""},{""name"":""lab-invoicing-stub"",""cpu"":""0.00%"",""mem"":""16.59MiB / 122.8GiB""},{""name"":""lab-shipping-stub"",""cpu"":""0.00%"",""mem"":""16.58MiB / 122.8GiB""},{""name"":""lab-eparagony-stub-tls"",""cpu"":""0.00%"",""mem"":""23.3MiB / 122.8GiB""},{""name"":""lab-erli-stub-tls"",""cpu"":""0.00%"",""mem"":""22.67MiB / 122.8GiB""},{""name"":""lab-wc-tls"",""cpu"":""0.00%"",""mem"":""28.21MiB / 122.8GiB""},{""name"":""lab-prestashop"",""cpu"":""0.00%"",""mem"":""150.2MiB / 122.8GiB""},{""name"":""lab-woocommerce"",""cpu"":""0.01%"",""mem"":""292.4MiB / 122.8GiB""},{""name"":""lab-redis"",""cpu"":""0.28%"",""mem"":""77.87MiB / 122.8GiB""},{""name"":""lab-postgres"",""cpu"":""0.81%"",""mem"":""238MiB / 122.8GiB""},{""name"":""lab-mysql"",""cpu"":""0.92%"",""mem"":""720.2MiB / 122.8GiB""},{""name"":""lab-woocommerce-mysql"",""cpu"":""0.91%"",""mem"":""509.6MiB / 122.8GiB""}]"
2026-09-10T13:19:47Z,3,0,0,0,24,2667706035,"[{""name"":""lab-worker-1"",""cpu"":""0.45%"",""mem"":""129.9MiB / 122.8GiB""},{""name"":""lab-api"",""cpu"":""0.00%"",""mem"":""141.9MiB / 122.8GiB""},{""name"":""lab-allegro-stub"",""cpu"":""0.00%"",""mem"":""20.37MiB / 122.8GiB""},{""name"":""lab-erli-stub"",""cpu"":""0.00%"",""mem"":""18.04MiB / 122.8GiB""},{""name"":""lab-eparagony-stub"",""cpu"":""0.00%"",""mem"":""20.35MiB / 122.8GiB""},{""name"":""lab-invoicing-stub"",""cpu"":""0.00%"",""mem"":""16.6MiB / 122.8GiB""},{""name"":""lab-shipping-stub"",""cpu"":""0.00%"",""mem"":""16.58MiB / 122.8GiB""},{""name"":""lab-eparagony-stub-tls"",""cpu"":""0.00%"",""mem"":""23.3MiB / 122.8GiB""},{""name"":""lab-erli-stub-tls"",""cpu"":""0.00%"",""mem"":""22.67MiB / 122.8GiB""},{""name"":""lab-wc-tls"",""cpu"":""0.00%"",""mem"":""28.21MiB / 122.8GiB""},{""name"":""lab-prestashop"",""cpu"":""0.01%"",""mem"":""150.2MiB / 122.8GiB""},{""name"":""lab-woocommerce"",""cpu"":""0.01%"",""mem"":""292.4MiB / 122.8GiB""},{""name"":""lab-redis"",""cpu"":""0.29%"",""mem"":""78.12MiB / 122.8GiB""},{""name"":""lab-postgres"",""cpu"":""0.36%"",""mem"":""238MiB / 122.8GiB""},{""name"":""lab-mysql"",""cpu"":""0.92%"",""mem"":""720.2MiB / 122.8GiB""},{""name"":""lab-woocommerce-mysql"",""cpu"":""1.04%"",""mem"":""509.6MiB / 122.8GiB""}]"
2026-09-10T13:19:47Z,3,0,0,0,24,2667706035,"[{""name"":""lab-worker-1"",""cpu"":""0.45%"",""mem"":""129.9MiB / 122.8GiB""},{""name"":""lab-api"",""cpu"":""0.00%"",""mem"":""141.9MiB / 122.8GiB""},{""name"":""lab-allegro-stub"",""cpu"":""0.00%"",""mem"":""20.37MiB / 122.8GiB""},{""name"":""lab-erli-stub"",""cpu"":""0.00%"",""mem"":""18.04MiB / 122.8GiB""},{""name"":""lab-eparagony-stub"",""cpu"":""0.00%"",""mem"":""20.35MiB / 122.8GiB""},{""name"":""lab-invoicing-stub"",""cpu"":""0.00%"",""mem"":""16.6MiB / 122.8GiB""},{""name"":""lab-shipping-stub"",""cpu"":""0.00%"",""mem"":""16.59MiB / 122.8GiB""},{""name"":""lab-eparagony-stub-tls"",""cpu"":""0.00%"",""mem"":""23.3MiB / 122.8GiB""},{""name"":""lab-erli-stub-tls"",""cpu"":""0.00%"",""mem"":""22.67MiB / 122.8GiB""},{""name"":""lab-wc-tls"",""cpu"":""0.00%"",""mem"":""28.21MiB / 122.8GiB""},{""name"":""lab-prestashop"",""cpu"":""0.01%"",""mem"":""150.2MiB / 122.8GiB""},{""name"":""lab-woocommerce"",""cpu"":""0.01%"",""mem"":""292.4MiB / 122.8GiB""},{""name"":""lab-redis"",""cpu"":""0.29%"",""mem"":""78.12MiB / 122.8GiB""},{""name"":""lab-postgres"",""cpu"":""0.36%"",""mem"":""238MiB / 122.8GiB""},{""name"":""lab-mysql"",""cpu"":""0.92%"",""mem"":""720.2MiB / 122.8GiB""},{""name"":""lab-woocommerce-mysql"",""cpu"":""1.04%"",""mem"":""509.6MiB / 122.8GiB""}]"
2026-09-10T13:19:51Z,4,0,0,0,24,2667706035,"[{""name"":""lab-worker-1"",""cpu"":""0.37%"",""mem"":""129.7MiB / 122.8GiB""},{""name"":""lab-api"",""cpu"":""0.00%"",""mem"":""141.9MiB / 122.8GiB""},{""name"":""lab-allegro-stub"",""cpu"":""0.00%"",""mem"":""20.38MiB / 122.8GiB""},{""name"":""lab-erli-stub"",""cpu"":""0.00%"",""mem"":""18.05MiB / 122.8GiB""},{""name"":""lab-eparagony-stub"",""cpu"":""0.00%"",""mem"":""20.35MiB / 122.8GiB""},{""name"":""lab-invoicing-stub"",""cpu"":""0.00%"",""mem"":""16.59MiB / 122.8GiB""},{""name"":""lab-shipping-stub"",""cpu"":""0.00%"",""mem"":""16.61MiB / 122.8GiB""},{""name"":""lab-eparagony-stub-tls"",""cpu"":""0.00%"",""mem"":""23.3MiB / 122.8GiB""},{""name"":""lab-erli-stub-tls"",""cpu"":""0.00%"",""mem"":""22.67MiB / 122.8GiB""},{""name"":""lab-wc-tls"",""cpu"":""0.00%"",""mem"":""28.21MiB / 122.8GiB""},{""name"":""lab-prestashop"",""cpu"":""0.01%"",""mem"":""150.2MiB / 122.8GiB""},{""name"":""lab-woocommerce"",""cpu"":""0.01%"",""mem"":""292.4MiB / 122.8GiB""},{""name"":""lab-redis"",""cpu"":""0.30%"",""mem"":""77.87MiB / 122.8GiB""},{""name"":""lab-postgres"",""cpu"":""0.33%"",""mem"":""238.1MiB / 122.8GiB""},{""name"":""lab-mysql"",""cpu"":""0.94%"",""mem"":""720.2MiB / 122.8GiB""},{""name"":""lab-woocommerce-mysql"",""cpu"":""0.97%"",""mem"":""509.6MiB / 122.8GiB""}]"
2026-09-10T13:19:51Z,4,0,0,0,24,2667706035,"[{""name"":""lab-worker-1"",""cpu"":""0.37%"",""mem"":""129.7MiB / 122.8GiB""},{""name"":""lab-api"",""cpu"":""0.00%"",""mem"":""141.9MiB / 122.8GiB""},{""name"":""lab-allegro-stub"",""cpu"":""0.00%"",""mem"":""20.38MiB / 122.8GiB""},{""name"":""lab-erli-stub"",""cpu"":""0.00%"",""mem"":""18.05MiB / 122.8GiB""},{""name"":""lab-eparagony-stub"",""cpu"":""0.00%"",""mem"":""20.35MiB / 122.8GiB""},{""name"":""lab-invoicing-stub"",""cpu"":""0.00%"",""mem"":""16.59MiB / 122.8GiB""},{""name"":""lab-shipping-stub"",""cpu"":""0.00%"",""mem"":""16.61MiB / 122.8GiB""},{""name"":""lab-eparagony-stub-tls"",""cpu"":""0.00%"",""mem"":""23.3MiB / 122.8GiB""},{""name"":""lab-erli-stub-tls"",""cpu"":""0.00%"",""mem"":""22.67MiB / 122.8GiB""},{""name"":""lab-wc-tls"",""cpu"":""0.00%"",""mem"":""28.21MiB / 122.8GiB""},{""name"":""lab-prestashop"",""cpu"":""0.01%"",""mem"":""150.2MiB / 122.8GiB""},{""name"":""lab-woocommerce"",""cpu"":""0.01%"",""mem"":""292.4MiB / 122.8GiB""},{""name"":""lab-redis"",""cpu"":""0.30%"",""mem"":""77.87MiB / 122.8GiB""},{""name"":""lab-postgres"",""cpu"":""0.33%"",""mem"":""238.1MiB / 122.8GiB""},{""name"":""lab-mysql"",""cpu"":""0.94%"",""mem"":""720.2MiB / 122.8GiB""},{""name"":""lab-woocommerce-mysql"",""cpu"":""0.97%"",""mem"":""509.6MiB / 122.8GiB""}]"
2026-09-10T13:19:54Z,4,0,0,0,25,2667706035,"[{""name"":""lab-worker-1"",""cpu"":""0.51%"",""mem"":""129.7MiB / 122.8GiB""},{""name"":""lab-api"",""cpu"":""0.00%"",""mem"":""141.9MiB / 122.8GiB""},{""name"":""lab-allegro-stub"",""cpu"":""4.15%"",""mem"":""20.42MiB / 122.8GiB""},{""name"":""lab-erli-stub"",""cpu"":""0.01%"",""mem"":""18.06MiB / 122.8GiB""},{""name"":""lab-eparagony-stub"",""cpu"":""0.01%"",""mem"":""20.37MiB / 122.8GiB""},{""name"":""lab-invoicing-stub"",""cpu"":""3.55%"",""mem"":""16.61MiB / 122.8GiB""},{""name"":""lab-shipping-stub"",""cpu"":""4.00%"",""mem"":""16.61MiB / 122.8GiB""},{""name"":""lab-eparagony-stub-tls"",""cpu"":""0.00%"",""mem"":""23.3MiB / 122.8GiB""},{""name"":""lab-erli-stub-tls"",""cpu"":""0.00%"",""mem"":""22.67MiB / 122.8GiB""},{""name"":""lab-wc-tls"",""cpu"":""0.00%"",""mem"":""28.21MiB / 122.8GiB""},{""name"":""lab-prestashop"",""cpu"":""0.01%"",""mem"":""150.2MiB / 122.8GiB""},{""name"":""lab-woocommerce"",""cpu"":""0.01%"",""mem"":""292.4MiB / 122.8GiB""},{""name"":""lab-redis"",""cpu"":""4.27%"",""mem"":""77.87MiB / 122.8GiB""},{""name"":""lab-postgres"",""cpu"":""1.37%"",""mem"":""237.9MiB / 122.8GiB""},{""name"":""lab-mysql"",""cpu"":""0.74%"",""mem"":""720.2MiB / 122.8GiB""},{""name"":""lab-woocommerce-mysql"",""cpu"":""0.80%"",""mem"":""509.6MiB / 122.8GiB""}]"
2026-09-10T13:19:54Z,4,0,0,0,25,2667706035,"[{""name"":""lab-worker-1"",""cpu"":""0.51%"",""mem"":""129.7MiB / 122.8GiB""},{""name"":""lab-api"",""cpu"":""0.00%"",""mem"":""141.9MiB / 122.8GiB""},{""name"":""lab-allegro-stub"",""cpu"":""4.15%"",""mem"":""20.42MiB / 122.8GiB""},{""name"":""lab-erli-stub"",""cpu"":""0.01%"",""mem"":""18.06MiB / 122.8GiB""},{""name"":""lab-eparagony-stub"",""cpu"":""0.01%"",""mem"":""20.37MiB / 122.8GiB""},{""name"":""lab-invoicing-stub"",""cpu"":""3.55%"",""mem"":""16.61MiB / 122.8GiB""},{""name"":""lab-shipping-stub"",""cpu"":""4.00%"",""mem"":""16.61MiB / 122.8GiB""},{""name"":""lab-eparagony-stub-tls"",""cpu"":""0.00%"",""mem"":""23.3MiB / 122.8GiB""},{""name"":""lab-erli-stub-tls"",""cpu"":""0.00%"",""mem"":""22.67MiB / 122.8GiB""},{""name"":""lab-wc-tls"",""cpu"":""0.00%"",""mem"":""28.21MiB / 122.8GiB""},{""name"":""lab-prestashop"",""cpu"":""0.01%"",""mem"":""150.2MiB / 122.8GiB""},{""name"":""lab-woocommerce"",""cpu"":""0.01%"",""mem"":""292.4MiB / 122.8GiB""},{""name"":""lab-redis"",""cpu"":""4.27%"",""mem"":""77.87MiB / 122.8GiB""},{""name"":""lab-postgres"",""cpu"":""1.37%"",""mem"":""237.9MiB / 122.8GiB""},{""name"":""lab-mysql"",""cpu"":""0.74%"",""mem"":""720.2MiB / 122.8GiB""},{""name"":""lab-woocommerce-mysql"",""cpu"":""0.91%"",""mem"":""509.6MiB / 122.8GiB""}]"
2026-09-10T13:19:58Z,3,0,0,0,25,2667706035,"[{""name"":""lab-worker-1"",""cpu"":""0.40%"",""mem"":""129.7MiB / 122.8GiB""},{""name"":""lab-api"",""cpu"":""0.01%"",""mem"":""141.9MiB / 122.8GiB""},{""name"":""lab-allegro-stub"",""cpu"":""0.00%"",""mem"":""20.36MiB / 122.8GiB""},{""name"":""lab-erli-stub"",""cpu"":""4.13%"",""mem"":""18.45MiB / 122.8GiB""},{""name"":""lab-eparagony-stub"",""cpu"":""3.78%"",""mem"":""20.37MiB / 122.8GiB""},{""name"":""lab-invoicing-stub"",""cpu"":""0.00%"",""mem"":""16.59MiB / 122.8GiB""},{""name"":""lab-shipping-stub"",""cpu"":""0.00%"",""mem"":""16.58MiB / 122.8GiB""},{""name"":""lab-eparagony-stub-tls"",""cpu"":""0.00%"",""mem"":""23.3MiB / 122.8GiB""},{""name"":""lab-erli-stub-tls"",""cpu"":""0.00%"",""mem"":""22.67MiB / 122.8GiB""},{""name"":""lab-wc-tls"",""cpu"":""0.00%"",""mem"":""28.21MiB / 122.8GiB""},{""name"":""lab-prestashop"",""cpu"":""0.01%"",""mem"":""150.2MiB / 122.8GiB""},{""name"":""lab-woocommerce"",""cpu"":""0.01%"",""mem"":""292.4MiB / 122.8GiB""},{""name"":""lab-redis"",""cpu"":""0.30%"",""mem"":""77.87MiB / 122.8GiB""},{""name"":""lab-postgres"",""cpu"":""0.16%"",""mem"":""237.9MiB / 122.8GiB""},{""name"":""lab-mysql"",""cpu"":""0.88%"",""mem"":""720.2MiB / 122.8GiB""},{""name"":""lab-woocommerce-mysql"",""cpu"":""0.93%"",""mem"":""509.6MiB / 122.8GiB""}]"
2026-09-10T13:19:58Z,3,0,0,0,25,2667706035,"[{""name"":""lab-worker-1"",""cpu"":""0.40%"",""mem"":""129.7MiB / 122.8GiB""},{""name"":""lab-api"",""cpu"":""0.01%"",""mem"":""141.9MiB / 122.8GiB""},{""name"":""lab-allegro-stub"",""cpu"":""0.00%"",""mem"":""20.36MiB / 122.8GiB""},{""name"":""lab-erli-stub"",""cpu"":""4.13%"",""mem"":""18.45MiB / 122.8GiB""},{""name"":""lab-eparagony-stub"",""cpu"":""3.78%"",""mem"":""20.37MiB / 122.8GiB""},{""name"":""lab-invoicing-stub"",""cpu"":""0.00%"",""mem"":""16.59MiB / 122.8GiB""},{""name"":""lab-shipping-stub"",""cpu"":""0.00%"",""mem"":""16.58MiB / 122.8GiB""},{""name"":""lab-eparagony-stub-tls"",""cpu"":""0.00%"",""mem"":""23.3MiB / 122.8GiB""},{""name"":""lab-erli-stub-tls"",""cpu"":""0.00%"",""mem"":""22.67MiB / 122.8GiB""},{""name"":""lab-wc-tls"",""cpu"":""0.00%"",""mem"":""28.21MiB / 122.8GiB""},{""name"":""lab-prestashop"",""cpu"":""0.01%"",""mem"":""150.2MiB / 122.8GiB""},{""name"":""lab-woocommerce"",""cpu"":""0.01%"",""mem"":""292.4MiB / 122.8GiB""},{""name"":""lab-redis"",""cpu"":""0.30%"",""mem"":""77.87MiB / 122.8GiB""},{""name"":""lab-postgres"",""cpu"":""0.16%"",""mem"":""237.9MiB / 122.8GiB""},{""name"":""lab-mysql"",""cpu"":""0.88%"",""mem"":""720.2MiB / 122.8GiB""},{""name"":""lab-woocommerce-mysql"",""cpu"":""0.93%"",""mem"":""509.6MiB / 122.8GiB""}]"
2026-09-10T13:20:02Z,4,0,0,0,25,2667706035,"[{""name"":""lab-worker-1"",""cpu"":""0.68%"",""mem"":""129.7MiB / 122.8GiB""},{""name"":""lab-api"",""cpu"":""0.64%"",""mem"":""141.9MiB / 122.8GiB""},{""name"":""lab-allegro-stub"",""cpu"":""0.00%"",""mem"":""20.36MiB / 122.8GiB""},{""name"":""lab-erli-stub"",""cpu"":""0.00%"",""mem"":""18.05MiB / 122.8GiB""},{""name"":""lab-eparagony-stub"",""cpu"":""0.00%"",""mem"":""20.35MiB / 122.8GiB""},{""name"":""lab-invoicing-stub"",""cpu"":""0.00%"",""mem"":""16.59MiB / 122.8GiB""},{""name"":""lab-shipping-stub"",""cpu"":""0.00%"",""mem"":""16.58MiB / 122.8GiB""},{""name"":""lab-eparagony-stub-tls"",""cpu"":""0.00%"",""mem"":""23.3MiB / 122.8GiB""},{""name"":""lab-erli-stub-tls"",""cpu"":""0.00%"",""mem"":""22.67MiB / 122.8GiB""},{""name"":""lab-wc-tls"",""cpu"":""0.00%"",""mem"":""28.21MiB / 122.8GiB""},{""name"":""lab-prestashop"",""cpu"":""0.01%"",""mem"":""150.2MiB / 122.8GiB""},{""name"":""lab-woocommerce"",""cpu"":""0.01%"",""mem"":""292.4MiB / 122.8GiB""},{""name"":""lab-redis"",""cpu"":""0.33%"",""mem"":""77.87MiB / 122.8GiB""},{""name"":""lab-postgres"",""cpu"":""0.54%"",""mem"":""238MiB / 122.8GiB""},{""name"":""lab-mysql"",""cpu"":""0.88%"",""mem"":""720.2MiB / 122.8GiB""},{""name"":""lab-woocommerce-mysql"",""cpu"":""1.00%"",""mem"":""509.6MiB / 122.8GiB""}]"
2026-09-10T13:20:02Z,4,0,0,0,25,2667706035,"[{""name"":""lab-worker-1"",""cpu"":""0.68%"",""mem"":""129.7MiB / 122.8GiB""},{""name"":""lab-api"",""cpu"":""0.64%"",""mem"":""141.9MiB / 122.8GiB""},{""name"":""lab-allegro-stub"",""cpu"":""0.00%"",""mem"":""20.36MiB / 122.8GiB""},{""name"":""lab-erli-stub"",""cpu"":""0.00%"",""mem"":""18.05MiB / 122.8GiB""},{""name"":""lab-eparagony-stub"",""cpu"":""0.00%"",""mem"":""20.35MiB / 122.8GiB""},{""name"":""lab-invoicing-stub"",""cpu"":""0.00%"",""mem"":""16.59MiB / 122.8GiB""},{""name"":""lab-shipping-stub"",""cpu"":""0.00%"",""mem"":""16.58MiB / 122.8GiB""},{""name"":""lab-eparagony-stub-tls"",""cpu"":""0.00%"",""mem"":""23.3MiB / 122.8GiB""},{""name"":""lab-erli-stub-tls"",""cpu"":""0.00%"",""mem"":""22.67MiB / 122.8GiB""},{""name"":""lab-wc-tls"",""cpu"":""0.00%"",""mem"":""28.21MiB / 122.8GiB""},{""name"":""lab-prestashop"",""cpu"":""0.01%"",""mem"":""150.2MiB / 122.8GiB""},{""name"":""lab-woocommerce"",""cpu"":""0.01%"",""mem"":""292.4MiB / 122.8GiB""},{""name"":""lab-redis"",""cpu"":""0.33%"",""mem"":""77.87MiB / 122.8GiB""},{""name"":""lab-postgres"",""cpu"":""0.54%"",""mem"":""238MiB / 122.8GiB""},{""name"":""lab-mysql"",""cpu"":""0.88%"",""mem"":""720.2MiB / 122.8GiB""},{""name"":""lab-woocommerce-mysql"",""cpu"":""1.00%"",""mem"":""509.6MiB / 122.8GiB""}]"
2026-09-10T13:20:05Z,4,0,0,0,26,2667706035,"[{""name"":""lab-worker-1"",""cpu"":""0.38%"",""mem"":""129.7MiB / 122.8GiB""},{""name"":""lab-api"",""cpu"":""0.00%"",""mem"":""141.9MiB / 122.8GiB""},{""name"":""lab-allegro-stub"",""cpu"":""0.01%"",""mem"":""20.48MiB / 122.8GiB""},{""name"":""lab-erli-stub"",""cpu"":""0.00%"",""mem"":""18.05MiB / 122.8GiB""},{""name"":""lab-eparagony-stub"",""cpu"":""0.00%"",""mem"":""20.36MiB / 122.8GiB""},{""name"":""lab-invoicing-stub"",""cpu"":""0.01%"",""mem"":""16.61MiB / 122.8GiB""},{""name"":""lab-shipping-stub"",""cpu"":""0.01%"",""mem"":""16.59MiB / 122.8GiB""},{""name"":""lab-eparagony-stub-tls"",""cpu"":""0.00%"",""mem"":""23.3MiB / 122.8GiB""},{""name"":""lab-erli-stub-tls"",""cpu"":""0.00%"",""mem"":""22.67MiB / 122.8GiB""},{""name"":""lab-wc-tls"",""cpu"":""0.00%"",""mem"":""28.21MiB / 122.8GiB""},{""name"":""lab-prestashop"",""cpu"":""0.01%"",""mem"":""150.2MiB / 122.8GiB""},{""name"":""lab-woocommerce"",""cpu"":""0.01%"",""mem"":""292.4MiB / 122.8GiB""},{""name"":""lab-redis"",""cpu"":""0.27%"",""mem"":""77.87MiB / 122.8GiB""},{""name"":""lab-postgres"",""cpu"":""0.36%"",""mem"":""237.9MiB / 122.8GiB""},{""name"":""lab-mysql"",""cpu"":""0.98%"",""mem"":""720.2MiB / 122.8GiB""},{""name"":""lab-woocommerce-mysql"",""cpu"":""1.00%"",""mem"":""509.6MiB / 122.8GiB""}]"
2026-09-10T13:20:05Z,4,0,0,0,26,2667706035,"[{""name"":""lab-worker-1"",""cpu"":""0.38%"",""mem"":""129.7MiB / 122.8GiB""},{""name"":""lab-api"",""cpu"":""0.00%"",""mem"":""141.9MiB / 122.8GiB""},{""name"":""lab-allegro-stub"",""cpu"":""0.01%"",""mem"":""20.48MiB / 122.8GiB""},{""name"":""lab-erli-stub"",""cpu"":""0.00%"",""mem"":""18.05MiB / 122.8GiB""},{""name"":""lab-eparagony-stub"",""cpu"":""0.00%"",""mem"":""20.36MiB / 122.8GiB""},{""name"":""lab-invoicing-stub"",""cpu"":""0.01%"",""mem"":""16.61MiB / 122.8GiB""},{""name"":""lab-shipping-stub"",""cpu"":""0.01%"",""mem"":""16.59MiB / 122.8GiB""},{""name"":""lab-eparagony-stub-tls"",""cpu"":""0.00%"",""mem"":""23.3MiB / 122.8GiB""},{""name"":""lab-erli-stub-tls"",""cpu"":""0.00%"",""mem"":""22.67MiB / 122.8GiB""},{""name"":""lab-wc-tls"",""cpu"":""0.00%"",""mem"":""28.21MiB / 122.8GiB""},{""name"":""lab-prestashop"",""cpu"":""0.01%"",""mem"":""150.2MiB / 122.8GiB""},{""name"":""lab-woocommerce"",""cpu"":""0.01%"",""mem"":""292.4MiB / 122.8GiB""},{""name"":""lab-redis"",""cpu"":""0.27%"",""mem"":""77.87MiB / 122.8GiB""},{""name"":""lab-postgres"",""cpu"":""0.36%"",""mem"":""237.9MiB / 122.8GiB""},{""name"":""lab-mysql"",""cpu"":""0.98%"",""mem"":""720.2MiB / 122.8GiB""},{""name"":""lab-woocommerce-mysql"",""cpu"":""1.00%"",""mem"":""509.6MiB / 122.8GiB""}]"
2026-09-10T13:20:09Z,3,0,0,0,26,2667706035,"[{""name"":""lab-worker-1"",""cpu"":""0.42%"",""mem"":""129.7MiB / 122.8GiB""},{""name"":""lab-api"",""cpu"":""0.00%"",""mem"":""141.9MiB / 122.8GiB""},{""name"":""lab-allegro-stub"",""cpu"":""0.00%"",""mem"":""20.36MiB / 122.8GiB""},{""name"":""lab-erli-stub"",""cpu"":""3.85%"",""mem"":""18.06MiB / 122.8GiB""},{""name"":""lab-eparagony-stub"",""cpu"":""0.01%"",""mem"":""20.36MiB / 122.8GiB""},{""name"":""lab-invoicing-stub"",""cpu"":""0.00%"",""mem"":""16.59MiB / 122.8GiB""},{""name"":""lab-shipping-stub"",""cpu"":""0.00%"",""mem"":""16.58MiB / 122.8GiB""},{""name"":""lab-eparagony-stub-tls"",""cpu"":""0.00%"",""mem"":""23.3MiB / 122.8GiB""},{""name"":""lab-erli-stub-tls"",""cpu"":""0.00%"",""mem"":""22.67MiB / 122.8GiB""},{""name"":""lab-wc-tls"",""cpu"":""0.00%"",""mem"":""28.21MiB / 122.8GiB""},{""name"":""lab-prestashop"",""cpu"":""0.01%"",""mem"":""148.3MiB / 122.8GiB""},{""name"":""lab-woocommerce"",""cpu"":""0.01%"",""mem"":""292.4MiB / 122.8GiB""},{""name"":""lab-redis"",""cpu"":""0.30%"",""mem"":""77.87MiB / 122.8GiB""},{""name"":""lab-postgres"",""cpu"":""0.33%"",""mem"":""237.9MiB / 122.8GiB""},{""name"":""lab-mysql"",""cpu"":""0.93%"",""mem"":""720.2MiB / 122.8GiB""},{""name"":""lab-woocommerce-mysql"",""cpu"":""0.98%"",""mem"":""509.6MiB / 122.8GiB""}]"
2026-09-10T13:20:09Z,3,0,0,0,26,2667706035,"[{""name"":""lab-worker-1"",""cpu"":""0.42%"",""mem"":""129.7MiB / 122.8GiB""},{""name"":""lab-api"",""cpu"":""0.00%"",""mem"":""141.9MiB / 122.8GiB""},{""name"":""lab-allegro-stub"",""cpu"":""0.00%"",""mem"":""20.36MiB / 122.8GiB""},{""name"":""lab-erli-stub"",""cpu"":""3.85%"",""mem"":""18.06MiB / 122.8GiB""},{""name"":""lab-eparagony-stub"",""cpu"":""0.01%"",""mem"":""20.36MiB / 122.8GiB""},{""name"":""lab-invoicing-stub"",""cpu"":""0.00%"",""mem"":""16.59MiB / 122.8GiB""},{""name"":""lab-shipping-stub"",""cpu"":""0.00%"",""mem"":""16.58MiB / 122.8GiB""},{""name"":""lab-eparagony-stub-tls"",""cpu"":""0.00%"",""mem"":""23.3MiB / 122.8GiB""},{""name"":""lab-erli-stub-tls"",""cpu"":""0.00%"",""mem"":""22.67MiB / 122.8GiB""},{""name"":""lab-wc-tls"",""cpu"":""0.00%"",""mem"":""28.21MiB / 122.8GiB""},{""name"":""lab-prestashop"",""cpu"":""0.01%"",""mem"":""148.3MiB / 122.8GiB""},{""name"":""lab-woocommerce"",""cpu"":""0.01%"",""mem"":""292.4MiB / 122.8GiB""},{""name"":""lab-redis"",""cpu"":""0.30%"",""mem"":""77.87MiB / 122.8GiB""},{""name"":""lab-postgres"",""cpu"":""0.33%"",""mem"":""237.9MiB / 122.8GiB""},{""name"":""lab-mysql"",""cpu"":""0.93%"",""mem"":""720.2MiB / 122.8GiB""},{""name"":""lab-woocommerce-mysql"",""cpu"":""5.59%"",""mem"":""509.7MiB / 122.8GiB""}]"
2026-09-10T13:20:13Z,4,0,0,0,26,2667706035,"[{""name"":""lab-worker-1"",""cpu"":""2.87%"",""mem"":""129.7MiB / 122.8GiB""},{""name"":""lab-api"",""cpu"":""0.00%"",""mem"":""141.9MiB / 122.8GiB""},{""name"":""lab-allegro-stub"",""cpu"":""0.00%"",""mem"":""20.36MiB / 122.8GiB""},{""name"":""lab-erli-stub"",""cpu"":""0.01%"",""mem"":""18.05MiB / 122.8GiB""},{""name"":""lab-eparagony-stub"",""cpu"":""3.17%"",""mem"":""27.6MiB / 122.8GiB""},{""name"":""lab-invoicing-stub"",""cpu"":""0.00%"",""mem"":""16.6MiB / 122.8GiB""},{""name"":""lab-shipping-stub"",""cpu"":""0.00%"",""mem"":""16.58MiB / 122.8GiB""},{""name"":""lab-eparagony-stub-tls"",""cpu"":""0.00%"",""mem"":""23.3MiB / 122.8GiB""},{""name"":""lab-erli-stub-tls"",""cpu"":""0.00%"",""mem"":""22.67MiB / 122.8GiB""},{""name"":""lab-wc-tls"",""cpu"":""0.00%"",""mem"":""28.21MiB / 122.8GiB""},{""name"":""lab-prestashop"",""cpu"":""0.01%"",""mem"":""148.2MiB / 122.8GiB""},{""name"":""lab-woocommerce"",""cpu"":""0.01%"",""mem"":""292.4MiB / 122.8GiB""},{""name"":""lab-redis"",""cpu"":""0.32%"",""mem"":""77.87MiB / 122.8GiB""},{""name"":""lab-postgres"",""cpu"":""3.03%"",""mem"":""237.8MiB / 122.8GiB""},{""name"":""lab-mysql"",""cpu"":""1.04%"",""mem"":""720.2MiB / 122.8GiB""},{""name"":""lab-woocommerce-mysql"",""cpu"":""1.15%"",""mem"":""509.6MiB / 122.8GiB""}]"
2026-09-10T13:20:13Z,4,0,0,0,26,2667706035,"[{""name"":""lab-worker-1"",""cpu"":""2.87%"",""mem"":""129.7MiB / 122.8GiB""},{""name"":""lab-api"",""cpu"":""0.00%"",""mem"":""141.9MiB / 122.8GiB""},{""name"":""lab-allegro-stub"",""cpu"":""0.00%"",""mem"":""20.36MiB / 122.8GiB""},{""name"":""lab-erli-stub"",""cpu"":""0.01%"",""mem"":""18.05MiB / 122.8GiB""},{""name"":""lab-eparagony-stub"",""cpu"":""3.17%"",""mem"":""27.6MiB / 122.8GiB""},{""name"":""lab-invoicing-stub"",""cpu"":""0.00%"",""mem"":""16.6MiB / 122.8GiB""},{""name"":""lab-shipping-stub"",""cpu"":""0.00%"",""mem"":""16.58MiB / 122.8GiB""},{""name"":""lab-eparagony-stub-tls"",""cpu"":""0.00%"",""mem"":""23.3MiB / 122.8GiB""},{""name"":""lab-erli-stub-tls"",""cpu"":""0.00%"",""mem"":""22.67MiB / 122.8GiB""},{""name"":""lab-wc-tls"",""cpu"":""0.00%"",""mem"":""28.21MiB / 122.8GiB""},{""name"":""lab-prestashop"",""cpu"":""0.01%"",""mem"":""148.2MiB / 122.8GiB""},{""name"":""lab-woocommerce"",""cpu"":""0.01%"",""mem"":""292.4MiB / 122.8GiB""},{""name"":""lab-redis"",""cpu"":""0.32%"",""mem"":""77.87MiB / 122.8GiB""},{""name"":""lab-postgres"",""cpu"":""3.03%"",""mem"":""237.8MiB / 122.8GiB""},{""name"":""lab-mysql"",""cpu"":""1.04%"",""mem"":""720.2MiB / 122.8GiB""},{""name"":""lab-woocommerce-mysql"",""cpu"":""1.15%"",""mem"":""509.6MiB / 122.8GiB""}]"
2026-09-10T13:20:16Z,4,0,0,0,27,2667706035,"[{""name"":""lab-worker-1"",""cpu"":""0.51%"",""mem"":""129.7MiB / 122.8GiB""},{""name"":""lab-api"",""cpu"":""0.00%"",""mem"":""141.9MiB / 122.8GiB""},{""name"":""lab-allegro-stub"",""cpu"":""0.00%"",""mem"":""20.36MiB / 122.8GiB""},{""name"":""lab-erli-stub"",""cpu"":""0.00%"",""mem"":""18.05MiB / 122.8GiB""},{""name"":""lab-eparagony-stub"",""cpu"":""0.00%"",""mem"":""20.36MiB / 122.8GiB""},{""name"":""lab-invoicing-stub"",""cpu"":""0.00%"",""mem"":""16.59MiB / 122.8GiB""},{""name"":""lab-shipping-stub"",""cpu"":""0.00%"",""mem"":""16.58MiB / 122.8GiB""},{""name"":""lab-eparagony-stub-tls"",""cpu"":""0.00%"",""mem"":""23.3MiB / 122.8GiB""},{""name"":""lab-erli-stub-tls"",""cpu"":""0.00%"",""mem"":""22.67MiB / 122.8GiB""},{""name"":""lab-wc-tls"",""cpu"":""0.00%"",""mem"":""28.21MiB / 122.8GiB""},{""name"":""lab-prestashop"",""cpu"":""0.01%"",""mem"":""148.2MiB / 122.8GiB""},{""name"":""lab-woocommerce"",""cpu"":""0.01%"",""mem"":""292.4MiB / 122.8GiB""},{""name"":""lab-redis"",""cpu"":""0.30%"",""mem"":""77.87MiB / 122.8GiB""},{""name"":""lab-postgres"",""cpu"":""5.72%"",""mem"":""238.2MiB / 122.8GiB""},{""name"":""lab-mysql"",""cpu"":""5.29%"",""mem"":""720.2MiB / 122.8GiB""},{""name"":""lab-woocommerce-mysql"",""cpu"":""1.01%"",""mem"":""509.6MiB / 122.8GiB""}]"
2026-09-10T13:20:16Z,4,0,0,0,27,2667706035,"[{""name"":""lab-worker-1"",""cpu"":""0.51%"",""mem"":""129.7MiB / 122.8GiB""},{""name"":""lab-api"",""cpu"":""0.00%"",""mem"":""141.9MiB / 122.8GiB""},{""name"":""lab-allegro-stub"",""cpu"":""0.00%"",""mem"":""20.36MiB / 122.8GiB""},{""name"":""lab-erli-stub"",""cpu"":""0.00%"",""mem"":""18.05MiB / 122.8GiB""},{""name"":""lab-eparagony-stub"",""cpu"":""0.00%"",""mem"":""20.36MiB / 122.8GiB""},{""name"":""lab-invoicing-stub"",""cpu"":""0.00%"",""mem"":""16.59MiB / 122.8GiB""},{""name"":""lab-shipping-stub"",""cpu"":""0.00%"",""mem"":""16.58MiB / 122.8GiB""},{""name"":""lab-eparagony-stub-tls"",""cpu"":""0.00%"",""mem"":""23.3MiB / 122.8GiB""},{""name"":""lab-erli-stub-tls"",""cpu"":""0.00%"",""mem"":""22.67MiB / 122.8GiB""},{""name"":""lab-wc-tls"",""cpu"":""0.00%"",""mem"":""28.21MiB / 122.8GiB""},{""name"":""lab-prestashop"",""cpu"":""0.01%"",""mem"":""148.2MiB / 122.8GiB""},{""name"":""lab-woocommerce"",""cpu"":""0.01%"",""mem"":""292.4MiB / 122.8GiB""},{""name"":""lab-redis"",""cpu"":""0.30%"",""mem"":""77.87MiB / 122.8GiB""},{""name"":""lab-postgres"",""cpu"":""5.72%"",""mem"":""238.2MiB / 122.8GiB""},{""name"":""lab-mysql"",""cpu"":""5.29%"",""mem"":""720.2MiB / 122.8GiB""},{""name"":""lab-woocommerce-mysql"",""cpu"":""0.88%"",""mem"":""509.6MiB / 122.8GiB""}]"
2026-09-10T13:20:20Z,3,0,0,0,27,2667706035,"[{""name"":""lab-worker-1"",""cpu"":""0.44%"",""mem"":""129.9MiB / 122.8GiB""},{""name"":""lab-api"",""cpu"":""0.01%"",""mem"":""141.9MiB / 122.8GiB""},{""name"":""lab-allegro-stub"",""cpu"":""4.53%"",""mem"":""20.4MiB / 122.8GiB""},{""name"":""lab-erli-stub"",""cpu"":""4.36%"",""mem"":""18.09MiB / 122.8GiB""},{""name"":""lab-eparagony-stub"",""cpu"":""0.00%"",""mem"":""20.35MiB / 122.8GiB""},{""name"":""lab-invoicing-stub"",""cpu"":""4.38%"",""mem"":""16.61MiB / 122.8GiB""},{""name"":""lab-shipping-stub"",""cpu"":""4.07%"",""mem"":""16.62MiB / 122.8GiB""},{""name"":""lab-eparagony-stub-tls"",""cpu"":""0.00%"",""mem"":""23.3MiB / 122.8GiB""},{""name"":""lab-erli-stub-tls"",""cpu"":""0.00%"",""mem"":""22.67MiB / 122.8GiB""},{""name"":""lab-wc-tls"",""cpu"":""0.00%"",""mem"":""28.21MiB / 122.8GiB""},{""name"":""lab-prestashop"",""cpu"":""0.01%"",""mem"":""148.2MiB / 122.8GiB""},{""name"":""lab-woocommerce"",""cpu"":""0.01%"",""mem"":""292.4MiB / 122.8GiB""},{""name"":""lab-redis"",""cpu"":""0.26%"",""mem"":""77.87MiB / 122.8GiB""},{""name"":""lab-postgres"",""cpu"":""0.36%"",""mem"":""238MiB / 122.8GiB""},{""name"":""lab-mysql"",""cpu"":""0.84%"",""mem"":""720.2MiB / 122.8GiB""},{""name"":""lab-woocommerce-mysql"",""cpu"":""0.76%"",""mem"":""509.6MiB / 122.8GiB""}]"
2026-09-10T13:20:20Z,3,0,0,0,27,2667706035,"[{""name"":""lab-worker-1"",""cpu"":""0.44%"",""mem"":""129.9MiB / 122.8GiB""},{""name"":""lab-api"",""cpu"":""0.01%"",""mem"":""141.9MiB / 122.8GiB""},{""name"":""lab-allegro-stub"",""cpu"":""4.53%"",""mem"":""20.4MiB / 122.8GiB""},{""name"":""lab-erli-stub"",""cpu"":""0.00%"",""mem"":""18.07MiB / 122.8GiB""},{""name"":""lab-eparagony-stub"",""cpu"":""0.00%"",""mem"":""20.35MiB / 122.8GiB""},{""name"":""lab-invoicing-stub"",""cpu"":""4.38%"",""mem"":""16.61MiB / 122.8GiB""},{""name"":""lab-shipping-stub"",""cpu"":""4.07%"",""mem"":""16.62MiB / 122.8GiB""},{""name"":""lab-eparagony-stub-tls"",""cpu"":""0.00%"",""mem"":""23.3MiB / 122.8GiB""},{""name"":""lab-erli-stub-tls"",""cpu"":""0.00%"",""mem"":""22.67MiB / 122.8GiB""},{""name"":""lab-wc-tls"",""cpu"":""0.00%"",""mem"":""28.21MiB / 122.8GiB""},{""name"":""lab-prestashop"",""cpu"":""0.01%"",""mem"":""148.2MiB / 122.8GiB""},{""name"":""lab-woocommerce"",""cpu"":""0.01%"",""mem"":""292.4MiB / 122.8GiB""},{""name"":""lab-redis"",""cpu"":""0.26%"",""mem"":""77.87MiB / 122.8GiB""},{""name"":""lab-postgres"",""cpu"":""0.36%"",""mem"":""238MiB / 122.8GiB""},{""name"":""lab-mysql"",""cpu"":""0.84%"",""mem"":""720.2MiB / 122.8GiB""},{""name"":""lab-woocommerce-mysql"",""cpu"":""0.76%"",""mem"":""509.6MiB / 122.8GiB""}]"
2026-09-10T13:20:24Z,4,1,0,0,27,2667706035,"[{""name"":""lab-worker-1"",""cpu"":""0.26%"",""mem"":""129.7MiB / 122.8GiB""},{""name"":""lab-api"",""cpu"":""0.00%"",""mem"":""141.9MiB / 122.8GiB""},{""name"":""lab-allegro-stub"",""cpu"":""0.00%"",""mem"":""20.36MiB / 122.8GiB""},{""name"":""lab-erli-stub"",""cpu"":""4.06%"",""mem"":""18.12MiB / 122.8GiB""},{""name"":""lab-eparagony-stub"",""cpu"":""3.66%"",""mem"":""20.38MiB / 122.8GiB""},{""name"":""lab-invoicing-stub"",""cpu"":""0.00%"",""mem"":""16.6MiB / 122.8GiB""},{""name"":""lab-shipping-stub"",""cpu"":""0.00%"",""mem"":""16.58MiB / 122.8GiB""},{""name"":""lab-eparagony-stub-tls"",""cpu"":""0.00%"",""mem"":""23.3MiB / 122.8GiB""},{""name"":""lab-erli-stub-tls"",""cpu"":""0.00%"",""mem"":""22.67MiB / 122.8GiB""},{""name"":""lab-wc-tls"",""cpu"":""0.00%"",""mem"":""28.21MiB / 122.8GiB""},{""name"":""lab-prestashop"",""cpu"":""0.01%"",""mem"":""148.2MiB / 122.8GiB""},{""name"":""lab-woocommerce"",""cpu"":""0.01%"",""mem"":""292.4MiB / 122.8GiB""},{""name"":""lab-redis"",""cpu"":""0.26%"",""mem"":""77.87MiB / 122.8GiB""},{""name"":""lab-postgres"",""cpu"":""1.88%"",""mem"":""238.2MiB / 122.8GiB""},{""name"":""lab-mysql"",""cpu"":""0.92%"",""mem"":""720.2MiB / 122.8GiB""},{""name"":""lab-woocommerce-mysql"",""cpu"":""0.81%"",""mem"":""509.6MiB / 122.8GiB""}]"
2026-09-10T13:20:24Z,4,1,0,0,27,2667706035,"[{""name"":""lab-worker-1"",""cpu"":""0.26%"",""mem"":""129.7MiB / 122.8GiB""},{""name"":""lab-api"",""cpu"":""0.00%"",""mem"":""141.9MiB / 122.8GiB""},{""name"":""lab-allegro-stub"",""cpu"":""0.00%"",""mem"":""20.36MiB / 122.8GiB""},{""name"":""lab-erli-stub"",""cpu"":""4.06%"",""mem"":""18.12MiB / 122.8GiB""},{""name"":""lab-eparagony-stub"",""cpu"":""3.66%"",""mem"":""20.38MiB / 122.8GiB""},{""name"":""lab-invoicing-stub"",""cpu"":""0.00%"",""mem"":""16.6MiB / 122.8GiB""},{""name"":""lab-shipping-stub"",""cpu"":""0.00%"",""mem"":""16.58MiB / 122.8GiB""},{""name"":""lab-eparagony-stub-tls"",""cpu"":""0.00%"",""mem"":""23.3MiB / 122.8GiB""},{""name"":""lab-erli-stub-tls"",""cpu"":""0.00%"",""mem"":""22.67MiB / 122.8GiB""},{""name"":""lab-wc-tls"",""cpu"":""0.00%"",""mem"":""28.21MiB / 122.8GiB""},{""name"":""lab-prestashop"",""cpu"":""0.01%"",""mem"":""148.2MiB / 122.8GiB""},{""name"":""lab-woocommerce"",""cpu"":""0.01%"",""mem"":""292.4MiB / 122.8GiB""},{""name"":""lab-redis"",""cpu"":""0.26%"",""mem"":""77.87MiB / 122.8GiB""},{""name"":""lab-postgres"",""cpu"":""1.88%"",""mem"":""238.2MiB / 122.8GiB""},{""name"":""lab-mysql"",""cpu"":""0.92%"",""mem"":""720.2MiB / 122.8GiB""},{""name"":""lab-woocommerce-mysql"",""cpu"":""0.81%"",""mem"":""509.6MiB / 122.8GiB""}]"
2026-09-10T13:20:28Z,4,0,0,0,28,2667706035,"[{""name"":""lab-worker-1"",""cpu"":""0.43%"",""mem"":""129.7MiB / 122.8GiB""},{""name"":""lab-api"",""cpu"":""0.01%"",""mem"":""141.9MiB / 122.8GiB""},{""name"":""lab-allegro-stub"",""cpu"":""0.00%"",""mem"":""20.36MiB / 122.8GiB""},{""name"":""lab-erli-stub"",""cpu"":""0.00%"",""mem"":""18.05MiB / 122.8GiB""},{""name"":""lab-eparagony-stub"",""cpu"":""0.00%"",""mem"":""20.35MiB / 122.8GiB""},{""name"":""lab-invoicing-stub"",""cpu"":""0.00%"",""mem"":""16.59MiB / 122.8GiB""},{""name"":""lab-shipping-stub"",""cpu"":""0.00%"",""mem"":""16.58MiB / 122.8GiB""},{""name"":""lab-eparagony-stub-tls"",""cpu"":""0.00%"",""mem"":""23.3MiB / 122.8GiB""},{""name"":""lab-erli-stub-tls"",""cpu"":""0.00%"",""mem"":""22.67MiB / 122.8GiB""},{""name"":""lab-wc-tls"",""cpu"":""0.00%"",""mem"":""28.21MiB / 122.8GiB""},{""name"":""lab-prestashop"",""cpu"":""0.01%"",""mem"":""148.2MiB / 122.8GiB""},{""name"":""lab-woocommerce"",""cpu"":""0.01%"",""mem"":""292.4MiB / 122.8GiB""},{""name"":""lab-redis"",""cpu"":""0.31%"",""mem"":""77.87MiB / 122.8GiB""},{""name"":""lab-postgres"",""cpu"":""0.28%"",""mem"":""238MiB / 122.8GiB""},{""name"":""lab-mysql"",""cpu"":""1.02%"",""mem"":""720.2MiB / 122.8GiB""},{""name"":""lab-woocommerce-mysql"",""cpu"":""1.00%"",""mem"":""509.6MiB / 122.8GiB""}]"
2026-09-10T13:20:28Z,4,0,0,0,28,2667706035,"[{""name"":""lab-worker-1"",""cpu"":""0.43%"",""mem"":""129.7MiB / 122.8GiB""},{""name"":""lab-api"",""cpu"":""0.01%"",""mem"":""141.9MiB / 122.8GiB""},{""name"":""lab-allegro-stub"",""cpu"":""0.00%"",""mem"":""20.36MiB / 122.8GiB""},{""name"":""lab-erli-stub"",""cpu"":""0.00%"",""mem"":""18.05MiB / 122.8GiB""},{""name"":""lab-eparagony-stub"",""cpu"":""0.00%"",""mem"":""20.35MiB / 122.8GiB""},{""name"":""lab-invoicing-stub"",""cpu"":""0.00%"",""mem"":""16.59MiB / 122.8GiB""},{""name"":""lab-shipping-stub"",""cpu"":""0.00%"",""mem"":""16.58MiB / 122.8GiB""},{""name"":""lab-eparagony-stub-tls"",""cpu"":""0.00%"",""mem"":""23.3MiB / 122.8GiB""},{""name"":""lab-erli-stub-tls"",""cpu"":""0.00%"",""mem"":""22.67MiB / 122.8GiB""},{""name"":""lab-wc-tls"",""cpu"":""0.00%"",""mem"":""28.21MiB / 122.8GiB""},{""name"":""lab-prestashop"",""cpu"":""0.01%"",""mem"":""148.2MiB / 122.8GiB""},{""name"":""lab-woocommerce"",""cpu"":""0.01%"",""mem"":""292.4MiB / 122.8GiB""},{""name"":""lab-redis"",""cpu"":""0.31%"",""mem"":""77.87MiB / 122.8GiB""},{""name"":""lab-postgres"",""cpu"":""0.28%"",""mem"":""238MiB / 122.8GiB""},{""name"":""lab-mysql"",""cpu"":""1.02%"",""mem"":""720.2MiB / 122.8GiB""},{""name"":""lab-woocommerce-mysql"",""cpu"":""1.00%"",""mem"":""509.6MiB / 122.8GiB""}]"
2026-09-10T13:20:31Z,4,0,0,0,28,2667706035,"[{""name"":""lab-worker-1"",""cpu"":""0.40%"",""mem"":""129.7MiB / 122.8GiB""},{""name"":""lab-api"",""cpu"":""0.00%"",""mem"":""141.9MiB / 122.8GiB""},{""name"":""lab-allegro-stub"",""cpu"":""0.00%"",""mem"":""20.39MiB / 122.8GiB""},{""name"":""lab-erli-stub"",""cpu"":""0.00%"",""mem"":""18.05MiB / 122.8GiB""},{""name"":""lab-eparagony-stub"",""cpu"":""0.00%"",""mem"":""20.35MiB / 122.8GiB""},{""name"":""lab-invoicing-stub"",""cpu"":""0.00%"",""mem"":""16.61MiB / 122.8GiB""},{""name"":""lab-shipping-stub"",""cpu"":""0.00%"",""mem"":""16.58MiB / 122.8GiB""},{""name"":""lab-eparagony-stub-tls"",""cpu"":""0.00%"",""mem"":""23.3MiB / 122.8GiB""},{""name"":""lab-erli-stub-tls"",""cpu"":""0.00%"",""mem"":""22.67MiB / 122.8GiB""},{""name"":""lab-wc-tls"",""cpu"":""0.00%"",""mem"":""28.21MiB / 122.8GiB""},{""name"":""lab-prestashop"",""cpu"":""0.01%"",""mem"":""148.2MiB / 122.8GiB""},{""name"":""lab-woocommerce"",""cpu"":""0.01%"",""mem"":""292.4MiB / 122.8GiB""},{""name"":""lab-redis"",""cpu"":""0.29%"",""mem"":""77.87MiB / 122.8GiB""},{""name"":""lab-postgres"",""cpu"":""0.40%"",""mem"":""238MiB / 122.8GiB""},{""name"":""lab-mysql"",""cpu"":""1.01%"",""mem"":""720.2MiB / 122.8GiB""},{""name"":""lab-woocommerce-mysql"",""cpu"":""0.98%"",""mem"":""509.6MiB / 122.8GiB""}]"
2026-09-10T13:20:31Z,4,0,0,0,28,2667706035,"[{""name"":""lab-worker-1"",""cpu"":""0.40%"",""mem"":""129.7MiB / 122.8GiB""},{""name"":""lab-api"",""cpu"":""0.00%"",""mem"":""141.9MiB / 122.8GiB""},{""name"":""lab-allegro-stub"",""cpu"":""0.00%"",""mem"":""20.39MiB / 122.8GiB""},{""name"":""lab-erli-stub"",""cpu"":""0.00%"",""mem"":""18.05MiB / 122.8GiB""},{""name"":""lab-eparagony-stub"",""cpu"":""0.00%"",""mem"":""20.35MiB / 122.8GiB""},{""name"":""lab-invoicing-stub"",""cpu"":""0.00%"",""mem"":""16.61MiB / 122.8GiB""},{""name"":""lab-shipping-stub"",""cpu"":""0.00%"",""mem"":""16.58MiB / 122.8GiB""},{""name"":""lab-eparagony-stub-tls"",""cpu"":""0.00%"",""mem"":""23.3MiB / 122.8GiB""},{""name"":""lab-erli-stub-tls"",""cpu"":""0.00%"",""mem"":""22.67MiB / 122.8GiB""},{""name"":""lab-wc-tls"",""cpu"":""0.00%"",""mem"":""28.21MiB / 122.8GiB""},{""name"":""lab-prestashop"",""cpu"":""0.01%"",""mem"":""148.2MiB / 122.8GiB""},{""name"":""lab-woocommerce"",""cpu"":""0.01%"",""mem"":""292.4MiB / 122.8GiB""},{""name"":""lab-redis"",""cpu"":""0.29%"",""mem"":""77.87MiB / 122.8GiB""},{""name"":""lab-postgres"",""cpu"":""0.40%"",""mem"":""238MiB / 122.8GiB""},{""name"":""lab-mysql"",""cpu"":""1.01%"",""mem"":""720.2MiB / 122.8GiB""},{""name"":""lab-woocommerce-mysql"",""cpu"":""0.91%"",""mem"":""509.6MiB / 122.8GiB""}]"
2026-09-10T13:20:35Z,3,0,0,0,29,2667706035,"[{""name"":""lab-worker-1"",""cpu"":""0.39%"",""mem"":""129.7MiB / 122.8GiB""},{""name"":""lab-api"",""cpu"":""0.00%"",""mem"":""141.9MiB / 122.8GiB""},{""name"":""lab-allegro-stub"",""cpu"":""4.04%"",""mem"":""20.36MiB / 122.8GiB""},{""name"":""lab-erli-stub"",""cpu"":""0.00%"",""mem"":""18.06MiB / 122.8GiB""},{""name"":""lab-eparagony-stub"",""cpu"":""0.00%"",""mem"":""20.36MiB / 122.8GiB""},{""name"":""lab-invoicing-stub"",""cpu"":""4.09%"",""mem"":""16.6MiB / 122.8GiB""},{""name"":""lab-shipping-stub"",""cpu"":""3.08%"",""mem"":""16.58MiB / 122.8GiB""},{""name"":""lab-eparagony-stub-tls"",""cpu"":""0.00%"",""mem"":""23.3MiB / 122.8GiB""},{""name"":""lab-erli-stub-tls"",""cpu"":""0.00%"",""mem"":""22.67MiB / 122.8GiB""},{""name"":""lab-wc-tls"",""cpu"":""0.00%"",""mem"":""28.21MiB / 122.8GiB""},{""name"":""lab-prestashop"",""cpu"":""0.00%"",""mem"":""148.2MiB / 122.8GiB""},{""name"":""lab-woocommerce"",""cpu"":""0.00%"",""mem"":""292.4MiB / 122.8GiB""},{""name"":""lab-redis"",""cpu"":""4.69%"",""mem"":""77.87MiB / 122.8GiB""},{""name"":""lab-postgres"",""cpu"":""0.34%"",""mem"":""238MiB / 122.8GiB""},{""name"":""lab-mysql"",""cpu"":""0.89%"",""mem"":""720.2MiB / 122.8GiB""},{""name"":""lab-woocommerce-mysql"",""cpu"":""1.22%"",""mem"":""509.6MiB / 122.8GiB""}]"
2026-09-10T13:20:35Z,3,0,0,0,29,2667706035,"[{""name"":""lab-worker-1"",""cpu"":""0.39%"",""mem"":""129.7MiB / 122.8GiB""},{""name"":""lab-api"",""cpu"":""0.00%"",""mem"":""141.9MiB / 122.8GiB""},{""name"":""lab-allegro-stub"",""cpu"":""4.04%"",""mem"":""20.36MiB / 122.8GiB""},{""name"":""lab-erli-stub"",""cpu"":""0.00%"",""mem"":""18.06MiB / 122.8GiB""},{""name"":""lab-eparagony-stub"",""cpu"":""0.00%"",""mem"":""20.36MiB / 122.8GiB""},{""name"":""lab-invoicing-stub"",""cpu"":""4.09%"",""mem"":""16.6MiB / 122.8GiB""},{""name"":""lab-shipping-stub"",""cpu"":""3.08%"",""mem"":""16.58MiB / 122.8GiB""},{""name"":""lab-eparagony-stub-tls"",""cpu"":""0.00%"",""mem"":""23.3MiB / 122.8GiB""},{""name"":""lab-erli-stub-tls"",""cpu"":""0.00%"",""mem"":""22.67MiB / 122.8GiB""},{""name"":""lab-wc-tls"",""cpu"":""0.00%"",""mem"":""28.21MiB / 122.8GiB""},{""name"":""lab-prestashop"",""cpu"":""0.00%"",""mem"":""148.2MiB / 122.8GiB""},{""name"":""lab-woocommerce"",""cpu"":""0.00%"",""mem"":""292.4MiB / 122.8GiB""},{""name"":""lab-redis"",""cpu"":""4.69%"",""mem"":""77.87MiB / 122.8GiB""},{""name"":""lab-postgres"",""cpu"":""0.34%"",""mem"":""238MiB / 122.8GiB""},{""name"":""lab-mysql"",""cpu"":""0.89%"",""mem"":""720.2MiB / 122.8GiB""},{""name"":""lab-woocommerce-mysql"",""cpu"":""1.22%"",""mem"":""509.6MiB / 122.8GiB""}]"
2026-09-10T13:20:39Z,4,0,0,0,29,2667706035,"[{""name"":""lab-worker-1"",""cpu"":""0.42%"",""mem"":""129.7MiB / 122.8GiB""},{""name"":""lab-api"",""cpu"":""0.00%"",""mem"":""141.9MiB / 122.8GiB""},{""name"":""lab-allegro-stub"",""cpu"":""0.00%"",""mem"":""20.36MiB / 122.8GiB""},{""name"":""lab-erli-stub"",""cpu"":""3.79%"",""mem"":""18.29MiB / 122.8GiB""},{""name"":""lab-eparagony-stub"",""cpu"":""3.99%"",""mem"":""20.36MiB / 122.8GiB""},{""name"":""lab-invoicing-stub"",""cpu"":""0.00%"",""mem"":""16.59MiB / 122.8GiB""},{""name"":""lab-shipping-stub"",""cpu"":""0.00%"",""mem"":""16.58MiB / 122.8GiB""},{""name"":""lab-eparagony-stub-tls"",""cpu"":""0.00%"",""mem"":""23.3MiB / 122.8GiB""},{""name"":""lab-erli-stub-tls"",""cpu"":""0.00%"",""mem"":""22.67MiB / 122.8GiB""},{""name"":""lab-wc-tls"",""cpu"":""0.00%"",""mem"":""28.21MiB / 122.8GiB""},{""name"":""lab-prestashop"",""cpu"":""0.01%"",""mem"":""142.2MiB / 122.8GiB""},{""name"":""lab-woocommerce"",""cpu"":""0.00%"",""mem"":""292.4MiB / 122.8GiB""},{""name"":""lab-redis"",""cpu"":""0.29%"",""mem"":""77.87MiB / 122.8GiB""},{""name"":""lab-postgres"",""cpu"":""0.38%"",""mem"":""238MiB / 122.8GiB""},{""name"":""lab-mysql"",""cpu"":""0.90%"",""mem"":""720.2MiB / 122.8GiB""},{""name"":""lab-woocommerce-mysql"",""cpu"":""0.92%"",""mem"":""509.6MiB / 122.8GiB""}]"
2026-09-10T13:20:39Z,4,0,0,0,29,2667706035,"[{""name"":""lab-worker-1"",""cpu"":""0.42%"",""mem"":""129.7MiB / 122.8GiB""},{""name"":""lab-api"",""cpu"":""0.00%"",""mem"":""141.9MiB / 122.8GiB""},{""name"":""lab-allegro-stub"",""cpu"":""0.00%"",""mem"":""20.36MiB / 122.8GiB""},{""name"":""lab-erli-stub"",""cpu"":""3.79%"",""mem"":""18.29MiB / 122.8GiB""},{""name"":""lab-eparagony-stub"",""cpu"":""3.99%"",""mem"":""20.36MiB / 122.8GiB""},{""name"":""lab-invoicing-stub"",""cpu"":""0.00%"",""mem"":""16.59MiB / 122.8GiB""},{""name"":""lab-shipping-stub"",""cpu"":""0.00%"",""mem"":""16.58MiB / 122.8GiB""},{""name"":""lab-eparagony-stub-tls"",""cpu"":""0.00%"",""mem"":""23.3MiB / 122.8GiB""},{""name"":""lab-erli-stub-tls"",""cpu"":""0.00%"",""mem"":""22.67MiB / 122.8GiB""},{""name"":""lab-wc-tls"",""cpu"":""0.00%"",""mem"":""28.21MiB / 122.8GiB""},{""name"":""lab-prestashop"",""cpu"":""0.01%"",""mem"":""142.2MiB / 122.8GiB""},{""name"":""lab-woocommerce"",""cpu"":""0.00%"",""mem"":""292.4MiB / 122.8GiB""},{""name"":""lab-redis"",""cpu"":""0.29%"",""mem"":""77.87MiB / 122.8GiB""},{""name"":""lab-postgres"",""cpu"":""0.38%"",""mem"":""238MiB / 122.8GiB""},{""name"":""lab-mysql"",""cpu"":""0.90%"",""mem"":""720.2MiB / 122.8GiB""},{""name"":""lab-woocommerce-mysql"",""cpu"":""0.92%"",""mem"":""509.6MiB / 122.8GiB""}]"
2026-09-10T13:20:42Z,4,0,0,0,29,2667706035,"[{""name"":""lab-worker-1"",""cpu"":""1.98%"",""mem"":""129.7MiB / 122.8GiB""},{""name"":""lab-api"",""cpu"":""0.65%"",""mem"":""141.9MiB / 122.8GiB""},{""name"":""lab-allegro-stub"",""cpu"":""0.00%"",""mem"":""20.37MiB / 122.8GiB""},{""name"":""lab-erli-stub"",""cpu"":""0.01%"",""mem"":""18.05MiB / 122.8GiB""},{""name"":""lab-eparagony-stub"",""cpu"":""0.00%"",""mem"":""20.35MiB / 122.8GiB""},{""name"":""lab-invoicing-stub"",""cpu"":""0.00%"",""mem"":""16.59MiB / 122.8GiB""},{""name"":""lab-shipping-stub"",""cpu"":""0.00%"",""mem"":""16.59MiB / 122.8GiB""},{""name"":""lab-eparagony-stub-tls"",""cpu"":""0.00%"",""mem"":""23.3MiB / 122.8GiB""},{""name"":""lab-erli-stub-tls"",""cpu"":""0.00%"",""mem"":""22.67MiB / 122.8GiB""},{""name"":""lab-wc-tls"",""cpu"":""0.00%"",""mem"":""28.21MiB / 122.8GiB""},{""name"":""lab-prestashop"",""cpu"":""0.01%"",""mem"":""142.2MiB / 122.8GiB""},{""name"":""lab-woocommerce"",""cpu"":""0.01%"",""mem"":""292.4MiB / 122.8GiB""},{""name"":""lab-redis"",""cpu"":""0.39%"",""mem"":""77.87MiB / 122.8GiB""},{""name"":""lab-postgres"",""cpu"":""4.35%"",""mem"":""238MiB / 122.8GiB""},{""name"":""lab-mysql"",""cpu"":""0.92%"",""mem"":""720.2MiB / 122.8GiB""},{""name"":""lab-woocommerce-mysql"",""cpu"":""1.03%"",""mem"":""509.6MiB / 122.8GiB""}]"
2026-09-10T13:20:42Z,4,0,0,0,29,2667706035,"[{""name"":""lab-worker-1"",""cpu"":""1.98%"",""mem"":""129.7MiB / 122.8GiB""},{""name"":""lab-api"",""cpu"":""0.65%"",""mem"":""141.9MiB / 122.8GiB""},{""name"":""lab-allegro-stub"",""cpu"":""0.00%"",""mem"":""20.37MiB / 122.8GiB""},{""name"":""lab-erli-stub"",""cpu"":""0.01%"",""mem"":""18.05MiB / 122.8GiB""},{""name"":""lab-eparagony-stub"",""cpu"":""0.00%"",""mem"":""20.35MiB / 122.8GiB""},{""name"":""lab-invoicing-stub"",""cpu"":""0.00%"",""mem"":""16.59MiB / 122.8GiB""},{""name"":""lab-shipping-stub"",""cpu"":""0.00%"",""mem"":""16.59MiB / 122.8GiB""},{""name"":""lab-eparagony-stub-tls"",""cpu"":""0.00%"",""mem"":""23.3MiB / 122.8GiB""},{""name"":""lab-erli-stub-tls"",""cpu"":""0.00%"",""mem"":""22.67MiB / 122.8GiB""},{""name"":""lab-wc-tls"",""cpu"":""0.00%"",""mem"":""28.21MiB / 122.8GiB""},{""name"":""lab-prestashop"",""cpu"":""0.01%"",""mem"":""142.2MiB / 122.8GiB""},{""name"":""lab-woocommerce"",""cpu"":""0.01%"",""mem"":""292.4MiB / 122.8GiB""},{""name"":""lab-redis"",""cpu"":""0.39%"",""mem"":""77.87MiB / 122.8GiB""},{""name"":""lab-postgres"",""cpu"":""4.35%"",""mem"":""238MiB / 122.8GiB""},{""name"":""lab-mysql"",""cpu"":""0.92%"",""mem"":""720.2MiB / 122.8GiB""},{""name"":""lab-woocommerce-mysql"",""cpu"":""1.04%"",""mem"":""509.6MiB / 122.8GiB""}]"
2026-09-10T13:20:46Z,3,0,0,0,30,2667706035,"[{""name"":""lab-worker-1"",""cpu"":""0.47%"",""mem"":""129.7MiB / 122.8GiB""},{""name"":""lab-api"",""cpu"":""0.00%"",""mem"":""141.9MiB / 122.8GiB""},{""name"":""lab-allegro-stub"",""cpu"":""0.01%"",""mem"":""20.37MiB / 122.8GiB""},{""name"":""lab-erli-stub"",""cpu"":""0.00%"",""mem"":""18.05MiB / 122.8GiB""},{""name"":""lab-eparagony-stub"",""cpu"":""0.00%"",""mem"":""20.35MiB / 122.8GiB""},{""name"":""lab-invoicing-stub"",""cpu"":""0.01%"",""mem"":""16.59MiB / 122.8GiB""},{""name"":""lab-shipping-stub"",""cpu"":""0.01%"",""mem"":""16.59MiB / 122.8GiB""},{""name"":""lab-eparagony-stub-tls"",""cpu"":""0.00%"",""mem"":""23.3MiB / 122.8GiB""},{""name"":""lab-erli-stub-tls"",""cpu"":""0.00%"",""mem"":""22.67MiB / 122.8GiB""},{""name"":""lab-wc-tls"",""cpu"":""0.00%"",""mem"":""28.21MiB / 122.8GiB""},{""name"":""lab-prestashop"",""cpu"":""0.01%"",""mem"":""142.2MiB / 122.8GiB""},{""name"":""lab-woocommerce"",""cpu"":""0.00%"",""mem"":""292.4MiB / 122.8GiB""},{""name"":""lab-redis"",""cpu"":""0.30%"",""mem"":""77.87MiB / 122.8GiB""},{""name"":""lab-postgres"",""cpu"":""5.83%"",""mem"":""238MiB / 122.8GiB""},{""name"":""lab-mysql"",""cpu"":""0.95%"",""mem"":""720.2MiB / 122.8GiB""},{""name"":""lab-woocommerce-mysql"",""cpu"":""1.02%"",""mem"":""509.6MiB / 122.8GiB""}]"
2026-09-10T13:20:46Z,3,0,0,0,30,2667706035,"[{""name"":""lab-worker-1"",""cpu"":""0.47%"",""mem"":""129.7MiB / 122.8GiB""},{""name"":""lab-api"",""cpu"":""0.00%"",""mem"":""141.9MiB / 122.8GiB""},{""name"":""lab-allegro-stub"",""cpu"":""0.01%"",""mem"":""20.37MiB / 122.8GiB""},{""name"":""lab-erli-stub"",""cpu"":""0.00%"",""mem"":""18.05MiB / 122.8GiB""},{""name"":""lab-eparagony-stub"",""cpu"":""0.00%"",""mem"":""20.35MiB / 122.8GiB""},{""name"":""lab-invoicing-stub"",""cpu"":""0.01%"",""mem"":""16.59MiB / 122.8GiB""},{""name"":""lab-shipping-stub"",""cpu"":""0.01%"",""mem"":""16.59MiB / 122.8GiB""},{""name"":""lab-eparagony-stub-tls"",""cpu"":""0.00%"",""mem"":""23.3MiB / 122.8GiB""},{""name"":""lab-erli-stub-tls"",""cpu"":""0.00%"",""mem"":""22.67MiB / 122.8GiB""},{""name"":""lab-wc-tls"",""cpu"":""0.00%"",""mem"":""28.21MiB / 122.8GiB""},{""name"":""lab-prestashop"",""cpu"":""0.01%"",""mem"":""142.2MiB / 122.8GiB""},{""name"":""lab-woocommerce"",""cpu"":""0.00%"",""mem"":""292.4MiB / 122.8GiB""},{""name"":""lab-redis"",""cpu"":""0.30%"",""mem"":""77.87MiB / 122.8GiB""},{""name"":""lab-postgres"",""cpu"":""5.83%"",""mem"":""238MiB / 122.8GiB""},{""name"":""lab-mysql"",""cpu"":""0.95%"",""mem"":""720.2MiB / 122.8GiB""},{""name"":""lab-woocommerce-mysql"",""cpu"":""1.02%"",""mem"":""509.6MiB / 122.8GiB""}]"
2026-09-10T13:20:50Z,4,0,0,0,30,2667706035,"[{""name"":""lab-worker-1"",""cpu"":""0.53%"",""mem"":""129.7MiB / 122.8GiB""},{""name"":""lab-api"",""cpu"":""0.02%"",""mem"":""141.9MiB / 122.8GiB""},{""name"":""lab-allegro-stub"",""cpu"":""4.37%"",""mem"":""20.37MiB / 122.8GiB""},{""name"":""lab-erli-stub"",""cpu"":""0.00%"",""mem"":""18.05MiB / 122.8GiB""},{""name"":""lab-eparagony-stub"",""cpu"":""0.00%"",""mem"":""20.36MiB / 122.8GiB""},{""name"":""lab-invoicing-stub"",""cpu"":""4.17%"",""mem"":""16.61MiB / 122.8GiB""},{""name"":""lab-shipping-stub"",""cpu"":""4.26%"",""mem"":""16.62MiB / 122.8GiB""},{""name"":""lab-eparagony-stub-tls"",""cpu"":""0.00%"",""mem"":""23.3MiB / 122.8GiB""},{""name"":""lab-erli-stub-tls"",""cpu"":""0.00%"",""mem"":""22.67MiB / 122.8GiB""},{""name"":""lab-wc-tls"",""cpu"":""0.00%"",""mem"":""28.21MiB / 122.8GiB""},{""name"":""lab-prestashop"",""cpu"":""0.00%"",""mem"":""142.2MiB / 122.8GiB""},{""name"":""lab-woocommerce"",""cpu"":""0.01%"",""mem"":""292.4MiB / 122.8GiB""},{""name"":""lab-redis"",""cpu"":""0.28%"",""mem"":""77.87MiB / 122.8GiB""},{""name"":""lab-postgres"",""cpu"":""0.38%"",""mem"":""238MiB / 122.8GiB""},{""name"":""lab-mysql"",""cpu"":""0.91%"",""mem"":""720.2MiB / 122.8GiB""},{""name"":""lab-woocommerce-mysql"",""cpu"":""5.60%"",""mem"":""509.6MiB / 122.8GiB""}]"
2026-09-10T13:20:50Z,4,0,0,0,30,2667706035,"[{""name"":""lab-worker-1"",""cpu"":""0.35%"",""mem"":""129.7MiB / 122.8GiB""},{""name"":""lab-api"",""cpu"":""0.02%"",""mem"":""141.9MiB / 122.8GiB""},{""name"":""lab-allegro-stub"",""cpu"":""4.37%"",""mem"":""20.37MiB / 122.8GiB""},{""name"":""lab-erli-stub"",""cpu"":""0.00%"",""mem"":""18.05MiB / 122.8GiB""},{""name"":""lab-eparagony-stub"",""cpu"":""0.00%"",""mem"":""20.36MiB / 122.8GiB""},{""name"":""lab-invoicing-stub"",""cpu"":""4.17%"",""mem"":""16.61MiB / 122.8GiB""},{""name"":""lab-shipping-stub"",""cpu"":""4.26%"",""mem"":""16.62MiB / 122.8GiB""},{""name"":""lab-eparagony-stub-tls"",""cpu"":""0.00%"",""mem"":""23.3MiB / 122.8GiB""},{""name"":""lab-erli-stub-tls"",""cpu"":""0.00%"",""mem"":""22.67MiB / 122.8GiB""},{""name"":""lab-wc-tls"",""cpu"":""0.00%"",""mem"":""28.21MiB / 122.8GiB""},{""name"":""lab-prestashop"",""cpu"":""0.00%"",""mem"":""142.2MiB / 122.8GiB""},{""name"":""lab-woocommerce"",""cpu"":""0.01%"",""mem"":""292.4MiB / 122.8GiB""},{""name"":""lab-redis"",""cpu"":""0.28%"",""mem"":""77.87MiB / 122.8GiB""},{""name"":""lab-postgres"",""cpu"":""0.38%"",""mem"":""238MiB / 122.8GiB""},{""name"":""lab-mysql"",""cpu"":""0.91%"",""mem"":""720.2MiB / 122.8GiB""},{""name"":""lab-woocommerce-mysql"",""cpu"":""5.60%"",""mem"":""509.6MiB / 122.8GiB""}]"
2026-09-10T13:20:53Z,4,1,0,0,29,2667706035,"[{""name"":""lab-worker-1"",""cpu"":""0.44%"",""mem"":""129.9MiB / 122.8GiB""},{""name"":""lab-api"",""cpu"":""0.00%"",""mem"":""141.9MiB / 122.8GiB""},{""name"":""lab-allegro-stub"",""cpu"":""0.00%"",""mem"":""20.36MiB / 122.8GiB""},{""name"":""lab-erli-stub"",""cpu"":""0.00%"",""mem"":""18.05MiB / 122.8GiB""},{""name"":""lab-eparagony-stub"",""cpu"":""4.13%"",""mem"":""20.36MiB / 122.8GiB""},{""name"":""lab-invoicing-stub"",""cpu"":""0.00%"",""mem"":""16.59MiB / 122.8GiB""},{""name"":""lab-shipping-stub"",""cpu"":""0.00%"",""mem"":""16.58MiB / 122.8GiB""},{""name"":""lab-eparagony-stub-tls"",""cpu"":""0.00%"",""mem"":""23.3MiB / 122.8GiB""},{""name"":""lab-erli-stub-tls"",""cpu"":""0.00%"",""mem"":""22.67MiB / 122.8GiB""},{""name"":""lab-wc-tls"",""cpu"":""0.00%"",""mem"":""28.21MiB / 122.8GiB""},{""name"":""lab-prestashop"",""cpu"":""0.00%"",""mem"":""142.2MiB / 122.8GiB""},{""name"":""lab-woocommerce"",""cpu"":""0.01%"",""mem"":""292.4MiB / 122.8GiB""},{""name"":""lab-redis"",""cpu"":""25.43%"",""mem"":""78.96MiB / 122.8GiB""},{""name"":""lab-postgres"",""cpu"":""6.21%"",""mem"":""238MiB / 122.8GiB""},{""name"":""lab-mysql"",""cpu"":""0.60%"",""mem"":""720.2MiB / 122.8GiB""},{""name"":""lab-woocommerce-mysql"",""cpu"":""0.65%"",""mem"":""509.6MiB / 122.8GiB""}]"
2026-09-10T13:20:57Z,3,0,0,0,30,2667706035,"[{""name"":""lab-worker-1"",""cpu"":""0.45%"",""mem"":""129.7MiB / 122.8GiB""},{""name"":""lab-api"",""cpu"":""0.00%"",""mem"":""141.9MiB / 122.8GiB""},{""name"":""lab-allegro-stub"",""cpu"":""0.01%"",""mem"":""20.36MiB / 122.8GiB""},{""name"":""lab-erli-stub"",""cpu"":""0.00%"",""mem"":""18.05MiB / 122.8GiB""},{""name"":""lab-eparagony-stub"",""cpu"":""0.01%"",""mem"":""20.35MiB / 122.8GiB""},{""name"":""lab-invoicing-stub"",""cpu"":""0.00%"",""mem"":""16.59MiB / 122.8GiB""},{""name"":""lab-shipping-stub"",""cpu"":""0.00%"",""mem"":""16.58MiB / 122.8GiB""},{""name"":""lab-eparagony-stub-tls"",""cpu"":""0.00%"",""mem"":""23.3MiB / 122.8GiB""},{""name"":""lab-erli-stub-tls"",""cpu"":""0.00%"",""mem"":""22.67MiB / 122.8GiB""},{""name"":""lab-wc-tls"",""cpu"":""0.00%"",""mem"":""28.21MiB / 122.8GiB""},{""name"":""lab-prestashop"",""cpu"":""0.00%"",""mem"":""142.2MiB / 122.8GiB""},{""name"":""lab-woocommerce"",""cpu"":""0.00%"",""mem"":""292.4MiB / 122.8GiB""},{""name"":""lab-redis"",""cpu"":""43.17%"",""mem"":""79.15MiB / 122.8GiB""},{""name"":""lab-postgres"",""cpu"":""0.19%"",""mem"":""238MiB / 122.8GiB""},{""name"":""lab-mysql"",""cpu"":""5.18%"",""mem"":""720.2MiB / 122.8GiB""},{""name"":""lab-woocommerce-mysql"",""cpu"":""0.64%"",""mem"":""509.6MiB / 122.8GiB""}]"
2026-09-10T13:21:01Z,4,0,0,0,30,2667706035,"[{""name"":""lab-worker-1"",""cpu"":""0.37%"",""mem"":""129.7MiB / 122.8GiB""},{""name"":""lab-api"",""cpu"":""0.00%"",""mem"":""141.9MiB / 122.8GiB""},{""name"":""lab-allegro-stub"",""cpu"":""4.27%"",""mem"":""20.36MiB / 122.8GiB""},{""name"":""lab-erli-stub"",""cpu"":""0.00%"",""mem"":""18.05MiB / 122.8GiB""},{""name"":""lab-eparagony-stub"",""cpu"":""0.00%"",""mem"":""20.35MiB / 122.8GiB""},{""name"":""lab-invoicing-stub"",""cpu"":""3.78%"",""mem"":""16.6MiB / 122.8GiB""},{""name"":""lab-shipping-stub"",""cpu"":""2.81%"",""mem"":""16.58MiB / 122.8GiB""},{""name"":""lab-eparagony-stub-tls"",""cpu"":""0.00%"",""mem"":""23.3MiB / 122.8GiB""},{""name"":""lab-erli-stub-tls"",""cpu"":""0.00%"",""mem"":""22.67MiB / 122.8GiB""},{""name"":""lab-wc-tls"",""cpu"":""0.00%"",""mem"":""28.21MiB / 122.8GiB""},{""name"":""lab-prestashop"",""cpu"":""0.00%"",""mem"":""142.2MiB / 122.8GiB""},{""name"":""lab-woocommerce"",""cpu"":""0.00%"",""mem"":""292.4MiB / 122.8GiB""},{""name"":""lab-redis"",""cpu"":""44.07%"",""mem"":""77.96MiB / 122.8GiB""},{""name"":""lab-postgres"",""cpu"":""0.34%"",""mem"":""238MiB / 122.8GiB""},{""name"":""lab-mysql"",""cpu"":""0.62%"",""mem"":""720.2MiB / 122.8GiB""},{""name"":""lab-woocommerce-mysql"",""cpu"":""0.64%"",""mem"":""509.6MiB / 122.8GiB""}]"
2026-09-10T13:21:04Z,4,0,0,0,30,2667706035,"[{""name"":""lab-worker-1"",""cpu"":""0.45%"",""mem"":""129.7MiB / 122.8GiB""},{""name"":""lab-api"",""cpu"":""0.00%"",""mem"":""141.9MiB / 122.8GiB""},{""name"":""lab-allegro-stub"",""cpu"":""0.00%"",""mem"":""20.36MiB / 122.8GiB""},{""name"":""lab-erli-stub"",""cpu"":""4.23%"",""mem"":""18.05MiB / 122.8GiB""},{""name"":""lab-eparagony-stub"",""cpu"":""0.01%"",""mem"":""20.35MiB / 122.8GiB""},{""name"":""lab-invoicing-stub"",""cpu"":""0.00%"",""mem"":""16.6MiB / 122.8GiB""},{""name"":""lab-shipping-stub"",""cpu"":""0.00%"",""mem"":""16.58MiB / 122.8GiB""},{""name"":""lab-eparagony-stub-tls"",""cpu"":""0.00%"",""mem"":""23.3MiB / 122.8GiB""},{""name"":""lab-erli-stub-tls"",""cpu"":""0.00%"",""mem"":""22.67MiB / 122.8GiB""},{""name"":""lab-wc-tls"",""cpu"":""0.00%"",""mem"":""28.21MiB / 122.8GiB""},{""name"":""lab-prestashop"",""cpu"":""0.00%"",""mem"":""142.2MiB / 122.8GiB""},{""name"":""lab-woocommerce"",""cpu"":""0.00%"",""mem"":""292.4MiB / 122.8GiB""},{""name"":""lab-redis"",""cpu"":""47.15%"",""mem"":""82.46MiB / 122.8GiB""},{""name"":""lab-postgres"",""cpu"":""0.36%"",""mem"":""237.9MiB / 122.8GiB""},{""name"":""lab-mysql"",""cpu"":""0.63%"",""mem"":""720.2MiB / 122.8GiB""},{""name"":""lab-woocommerce-mysql"",""cpu"":""0.61%"",""mem"":""509.6MiB / 122.8GiB""}]"
2026-09-10T13:21:08Z,3,0,0,0,30,2667706035,"[{""name"":""lab-worker-1"",""cpu"":""0.52%"",""mem"":""129.7MiB / 122.8GiB""},{""name"":""lab-api"",""cpu"":""0.00%"",""mem"":""141.9MiB / 122.8GiB""},{""name"":""lab-allegro-stub"",""cpu"":""0.00%"",""mem"":""20.36MiB / 122.8GiB""},{""name"":""lab-erli-stub"",""cpu"":""0.00%"",""mem"":""18.05MiB / 122.8GiB""},{""name"":""lab-eparagony-stub"",""cpu"":""0.00%"",""mem"":""20.35MiB / 122.8GiB""},{""name"":""lab-invoicing-stub"",""cpu"":""0.00%"",""mem"":""16.6MiB / 122.8GiB""},{""name"":""lab-shipping-stub"",""cpu"":""0.00%"",""mem"":""16.58MiB / 122.8GiB""},{""name"":""lab-eparagony-stub-tls"",""cpu"":""0.00%"",""mem"":""23.3MiB / 122.8GiB""},{""name"":""lab-erli-stub-tls"",""cpu"":""0.00%"",""mem"":""22.67MiB / 122.8GiB""},{""name"":""lab-wc-tls"",""cpu"":""0.00%"",""mem"":""28.21MiB / 122.8GiB""},{""name"":""lab-prestashop"",""cpu"":""5.91%"",""mem"":""142.4MiB / 122.8GiB""},{""name"":""lab-woocommerce"",""cpu"":""0.00%"",""mem"":""292.4MiB / 122.8GiB""},{""name"":""lab-redis"",""cpu"":""42.21%"",""mem"":""78.27MiB / 122.8GiB""},{""name"":""lab-postgres"",""cpu"":""0.38%"",""mem"":""237.9MiB / 122.8GiB""},{""name"":""lab-mysql"",""cpu"":""1.08%"",""mem"":""720.2MiB / 122.8GiB""},{""name"":""lab-woocommerce-mysql"",""cpu"":""0.63%"",""mem"":""509.6MiB / 122.8GiB""}]"
2026-09-10T13:21:12Z,4,0,0,0,30,2667706035,"[{""name"":""lab-worker-1"",""cpu"":""1.64%"",""mem"":""129.7MiB / 122.8GiB""},{""name"":""lab-api"",""cpu"":""0.00%"",""mem"":""141.9MiB / 122.8GiB""},{""name"":""lab-allegro-stub"",""cpu"":""0.00%"",""mem"":""20.36MiB / 122.8GiB""},{""name"":""lab-erli-stub"",""cpu"":""0.00%"",""mem"":""18.05MiB / 122.8GiB""},{""name"":""lab-eparagony-stub"",""cpu"":""0.00%"",""mem"":""20.35MiB / 122.8GiB""},{""name"":""lab-invoicing-stub"",""cpu"":""0.00%"",""mem"":""16.6MiB / 122.8GiB""},{""name"":""lab-shipping-stub"",""cpu"":""0.00%"",""mem"":""16.58MiB / 122.8GiB""},{""name"":""lab-eparagony-stub-tls"",""cpu"":""0.00%"",""mem"":""23.3MiB / 122.8GiB""},{""name"":""lab-erli-stub-tls"",""cpu"":""0.00%"",""mem"":""22.67MiB / 122.8GiB""},{""name"":""lab-wc-tls"",""cpu"":""0.00%"",""mem"":""28.21MiB / 122.8GiB""},{""name"":""lab-prestashop"",""cpu"":""0.01%"",""mem"":""142.4MiB / 122.8GiB""},{""name"":""lab-woocommerce"",""cpu"":""0.01%"",""mem"":""292.4MiB / 122.8GiB""},{""name"":""lab-redis"",""cpu"":""44.11%"",""mem"":""78.23MiB / 122.8GiB""},{""name"":""lab-postgres"",""cpu"":""3.19%"",""mem"":""237.8MiB / 122.8GiB""},{""name"":""lab-mysql"",""cpu"":""0.61%"",""mem"":""720.2MiB / 122.8GiB""},{""name"":""lab-woocommerce-mysql"",""cpu"":""0.63%"",""mem"":""509.6MiB / 122.8GiB""}]"
2026-09-10T13:21:15Z,4,0,0,0,30,2667706035,"[{""name"":""lab-worker-1"",""cpu"":""0.35%"",""mem"":""129.7MiB / 122.8GiB""},{""name"":""lab-api"",""cpu"":""0.00%"",""mem"":""141.9MiB / 122.8GiB""},{""name"":""lab-allegro-stub"",""cpu"":""4.07%"",""mem"":""20.37MiB / 122.8GiB""},{""name"":""lab-erli-stub"",""cpu"":""0.01%"",""mem"":""18.05MiB / 122.8GiB""},{""name"":""lab-eparagony-stub"",""cpu"":""0.00%"",""mem"":""20.35MiB / 122.8GiB""},{""name"":""lab-invoicing-stub"",""cpu"":""3.53%"",""mem"":""16.6MiB / 122.8GiB""},{""name"":""lab-shipping-stub"",""cpu"":""4.23%"",""mem"":""16.59MiB / 122.8GiB""},{""name"":""lab-eparagony-stub-tls"",""cpu"":""0.00%"",""mem"":""23.3MiB / 122.8GiB""},{""name"":""lab-erli-stub-tls"",""cpu"":""0.00%"",""mem"":""22.67MiB / 122.8GiB""},{""name"":""lab-wc-tls"",""cpu"":""0.00%"",""mem"":""28.21MiB / 122.8GiB""},{""name"":""lab-prestashop"",""cpu"":""0.01%"",""mem"":""142.4MiB / 122.8GiB""},{""name"":""lab-woocommerce"",""cpu"":""0.01%"",""mem"":""292.4MiB / 122.8GiB""},{""name"":""lab-redis"",""cpu"":""44.01%"",""mem"":""85.39MiB / 122.8GiB""},{""name"":""lab-postgres"",""cpu"":""0.34%"",""mem"":""237.9MiB / 122.8GiB""},{""name"":""lab-mysql"",""cpu"":""0.63%"",""mem"":""720.2MiB / 122.8GiB""},{""name"":""lab-woocommerce-mysql"",""cpu"":""0.63%"",""mem"":""509.6MiB / 122.8GiB""}]"
2026-09-10T13:21:19Z,3,0,0,0,30,2667706035,"[{""name"":""lab-worker-1"",""cpu"":""0.42%"",""mem"":""129.7MiB / 122.8GiB""},{""name"":""lab-api"",""cpu"":""0.00%"",""mem"":""141.9MiB / 122.8GiB""},{""name"":""lab-allegro-stub"",""cpu"":""0.00%"",""mem"":""20.36MiB / 122.8GiB""},{""name"":""lab-erli-stub"",""cpu"":""4.01%"",""mem"":""18.05MiB / 122.8GiB""},{""name"":""lab-eparagony-stub"",""cpu"":""4.19%"",""mem"":""20.36MiB / 122.8GiB""},{""name"":""lab-invoicing-stub"",""cpu"":""0.00%"",""mem"":""16.6MiB / 122.8GiB""},{""name"":""lab-shipping-stub"",""cpu"":""0.00%"",""mem"":""16.58MiB / 122.8GiB""},{""name"":""lab-eparagony-stub-tls"",""cpu"":""0.00%"",""mem"":""23.3MiB / 122.8GiB""},{""name"":""lab-erli-stub-tls"",""cpu"":""0.00%"",""mem"":""22.67MiB / 122.8GiB""},{""name"":""lab-wc-tls"",""cpu"":""0.00%"",""mem"":""28.21MiB / 122.8GiB""},{""name"":""lab-prestashop"",""cpu"":""0.00%"",""mem"":""142.4MiB / 122.8GiB""},{""name"":""lab-woocommerce"",""cpu"":""0.00%"",""mem"":""292.4MiB / 122.8GiB""},{""name"":""lab-redis"",""cpu"":""42.70%"",""mem"":""85.01MiB / 122.8GiB""},{""name"":""lab-postgres"",""cpu"":""0.32%"",""mem"":""237.9MiB / 122.8GiB""},{""name"":""lab-mysql"",""cpu"":""0.59%"",""mem"":""720.2MiB / 122.8GiB""},{""name"":""lab-woocommerce-mysql"",""cpu"":""0.62%"",""mem"":""509.6MiB / 122.8GiB""}]"
2026-09-10T13:21:23Z,4,0,0,0,30,2667706035,"[{""name"":""lab-worker-1"",""cpu"":""0.45%"",""mem"":""129.7MiB / 122.8GiB""},{""name"":""lab-api"",""cpu"":""0.00%"",""mem"":""141.9MiB / 122.8GiB""},{""name"":""lab-allegro-stub"",""cpu"":""0.00%"",""mem"":""20.36MiB / 122.8GiB""},{""name"":""lab-erli-stub"",""cpu"":""0.00%"",""mem"":""18.05MiB / 122.8GiB""},{""name"":""lab-eparagony-stub"",""cpu"":""0.00%"",""mem"":""20.35MiB / 122.8GiB""},{""name"":""lab-invoicing-stub"",""cpu"":""0.00%"",""mem"":""16.6MiB / 122.8GiB""},{""name"":""lab-shipping-stub"",""cpu"":""0.00%"",""mem"":""16.58MiB / 122.8GiB""},{""name"":""lab-eparagony-stub-tls"",""cpu"":""0.00%"",""mem"":""23.3MiB / 122.8GiB""},{""name"":""lab-erli-stub-tls"",""cpu"":""0.00%"",""mem"":""22.67MiB / 122.8GiB""},{""name"":""lab-wc-tls"",""cpu"":""0.00%"",""mem"":""28.21MiB / 122.8GiB""},{""name"":""lab-prestashop"",""cpu"":""0.00%"",""mem"":""142.4MiB / 122.8GiB""},{""name"":""lab-woocommerce"",""cpu"":""0.01%"",""mem"":""292.4MiB / 122.8GiB""},{""name"":""lab-redis"",""cpu"":""45.60%"",""mem"":""86.3MiB / 122.8GiB""},{""name"":""lab-postgres"",""cpu"":""0.86%"",""mem"":""237.9MiB / 122.8GiB""},{""name"":""lab-mysql"",""cpu"":""0.57%"",""mem"":""720.2MiB / 122.8GiB""},{""name"":""lab-woocommerce-mysql"",""cpu"":""0.63%"",""mem"":""509.6MiB / 122.8GiB""}]"
2026-09-10T13:21:26Z,4,0,0,0,30,2667706035,"[{""name"":""lab-worker-1"",""cpu"":""0.30%"",""mem"":""129.7MiB / 122.8GiB""},{""name"":""lab-api"",""cpu"":""0.00%"",""mem"":""141.9MiB / 122.8GiB""},{""name"":""lab-allegro-stub"",""cpu"":""0.40%"",""mem"":""20.36MiB / 122.8GiB""},{""name"":""lab-erli-stub"",""cpu"":""0.00%"",""mem"":""18.05MiB / 122.8GiB""},{""name"":""lab-eparagony-stub"",""cpu"":""0.01%"",""mem"":""20.36MiB / 122.8GiB""},{""name"":""lab-invoicing-stub"",""cpu"":""0.02%"",""mem"":""16.61MiB / 122.8GiB""},{""name"":""lab-shipping-stub"",""cpu"":""0.02%"",""mem"":""16.58MiB / 122.8GiB""},{""name"":""lab-eparagony-stub-tls"",""cpu"":""0.00%"",""mem"":""23.3MiB / 122.8GiB""},{""name"":""lab-erli-stub-tls"",""cpu"":""0.00%"",""mem"":""22.67MiB / 122.8GiB""},{""name"":""lab-wc-tls"",""cpu"":""0.00%"",""mem"":""28.21MiB / 122.8GiB""},{""name"":""lab-prestashop"",""cpu"":""20.94%"",""mem"":""144.4MiB / 122.8GiB""},{""name"":""lab-woocommerce"",""cpu"":""0.01%"",""mem"":""292.4MiB / 122.8GiB""},{""name"":""lab-redis"",""cpu"":""17.11%"",""mem"":""77.96MiB / 122.8GiB""},{""name"":""lab-postgres"",""cpu"":""5.67%"",""mem"":""237.9MiB / 122.8GiB""},{""name"":""lab-mysql"",""cpu"":""27.04%"",""mem"":""720.6MiB / 122.8GiB""},{""name"":""lab-woocommerce-mysql"",""cpu"":""0.69%"",""mem"":""509.6MiB / 122.8GiB""}]"
2026-09-10T13:21:30Z,3,0,0,0,30,2667706035,"[{""name"":""lab-worker-1"",""cpu"":""0.41%"",""mem"":""129.7MiB / 122.8GiB""},{""name"":""lab-api"",""cpu"":""0.00%"",""mem"":""141.9MiB / 122.8GiB""},{""name"":""lab-allegro-stub"",""cpu"":""4.21%"",""mem"":""20.38MiB / 122.8GiB""},{""name"":""lab-erli-stub"",""cpu"":""0.01%"",""mem"":""18.06MiB / 122.8GiB""},{""name"":""lab-eparagony-stub"",""cpu"":""0.01%"",""mem"":""20.36MiB / 122.8GiB""},{""name"":""lab-invoicing-stub"",""cpu"":""4.40%"",""mem"":""16.62MiB / 122.8GiB""},{""name"":""lab-shipping-stub"",""cpu"":""4.06%"",""mem"":""16.59MiB / 122.8GiB""},{""name"":""lab-eparagony-stub-tls"",""cpu"":""0.00%"",""mem"":""23.3MiB / 122.8GiB""},{""name"":""lab-erli-stub-tls"",""cpu"":""0.00%"",""mem"":""22.67MiB / 122.8GiB""},{""name"":""lab-wc-tls"",""cpu"":""0.00%"",""mem"":""28.21MiB / 122.8GiB""},{""name"":""lab-prestashop"",""cpu"":""36.73%"",""mem"":""160.5MiB / 122.8GiB""},{""name"":""lab-woocommerce"",""cpu"":""0.01%"",""mem"":""292.4MiB / 122.8GiB""},{""name"":""lab-redis"",""cpu"":""0.25%"",""mem"":""77.95MiB / 122.8GiB""},{""name"":""lab-postgres"",""cpu"":""0.35%"",""mem"":""237.9MiB / 122.8GiB""},{""name"":""lab-mysql"",""cpu"":""43.13%"",""mem"":""720.4MiB / 122.8GiB""},{""name"":""lab-woocommerce-mysql"",""cpu"":""0.73%"",""mem"":""509.6MiB / 122.8GiB""}]"
2026-09-10T13:21:34Z,4,1,0,0,30,2667706035,"[{""name"":""lab-worker-1"",""cpu"":""0.49%"",""mem"":""129.7MiB / 122.8GiB""},{""name"":""lab-api"",""cpu"":""0.00%"",""mem"":""141.9MiB / 122.8GiB""},{""name"":""lab-allegro-stub"",""cpu"":""0.00%"",""mem"":""20.36MiB / 122.8GiB""},{""name"":""lab-erli-stub"",""cpu"":""0.00%"",""mem"":""18.05MiB / 122.8GiB""},{""name"":""lab-eparagony-stub"",""cpu"":""3.98%"",""mem"":""20.37MiB / 122.8GiB""},{""name"":""lab-invoicing-stub"",""cpu"":""0.00%"",""mem"":""16.6MiB / 122.8GiB""},{""name"":""lab-shipping-stub"",""cpu"":""0.00%"",""mem"":""16.58MiB / 122.8GiB""},{""name"":""lab-eparagony-stub-tls"",""cpu"":""0.00%"",""mem"":""23.3MiB / 122.8GiB""},{""name"":""lab-erli-stub-tls"",""cpu"":""0.00%"",""mem"":""22.67MiB / 122.8GiB""},{""name"":""lab-wc-tls"",""cpu"":""0.00%"",""mem"":""28.21MiB / 122.8GiB""},{""name"":""lab-prestashop"",""cpu"":""34.24%"",""mem"":""172.7MiB / 122.8GiB""},{""name"":""lab-woocommerce"",""cpu"":""0.01%"",""mem"":""292.4MiB / 122.8GiB""},{""name"":""lab-redis"",""cpu"":""0.29%"",""mem"":""77.95MiB / 122.8GiB""},{""name"":""lab-postgres"",""cpu"":""0.41%"",""mem"":""237.9MiB / 122.8GiB""},{""name"":""lab-mysql"",""cpu"":""41.27%"",""mem"":""720.2MiB / 122.8GiB""},{""name"":""lab-woocommerce-mysql"",""cpu"":""1.21%"",""mem"":""509.6MiB / 122.8GiB""}]"
2026-09-10T13:21:38Z,4,0,0,0,30,2667706035,"[{""name"":""lab-worker-1"",""cpu"":""0.45%"",""mem"":""129.7MiB / 122.8GiB""},{""name"":""lab-api"",""cpu"":""0.00%"",""mem"":""141.9MiB / 122.8GiB""},{""name"":""lab-allegro-stub"",""cpu"":""0.00%"",""mem"":""20.36MiB / 122.8GiB""},{""name"":""lab-erli-stub"",""cpu"":""0.00%"",""mem"":""18.05MiB / 122.8GiB""},{""name"":""lab-eparagony-stub"",""cpu"":""0.00%"",""mem"":""20.35MiB / 122.8GiB""},{""name"":""lab-invoicing-stub"",""cpu"":""0.00%"",""mem"":""16.6MiB / 122.8GiB""},{""name"":""lab-shipping-stub"",""cpu"":""0.00%"",""mem"":""16.58MiB / 122.8GiB""},{""name"":""lab-eparagony-stub-tls"",""cpu"":""0.00%"",""mem"":""23.3MiB / 122.8GiB""},{""name"":""lab-erli-stub-tls"",""cpu"":""0.00%"",""mem"":""22.67MiB / 122.8GiB""},{""name"":""lab-wc-tls"",""cpu"":""0.00%"",""mem"":""28.21MiB / 122.8GiB""},{""name"":""lab-prestashop"",""cpu"":""36.78%"",""mem"":""172.5MiB / 122.8GiB""},{""name"":""lab-woocommerce"",""cpu"":""0.00%"",""mem"":""292.4MiB / 122.8GiB""},{""name"":""lab-redis"",""cpu"":""0.28%"",""mem"":""78.2MiB / 122.8GiB""},{""name"":""lab-postgres"",""cpu"":""0.33%"",""mem"":""237.9MiB / 122.8GiB""},{""name"":""lab-mysql"",""cpu"":""43.63%"",""mem"":""720.5MiB / 122.8GiB""},{""name"":""lab-woocommerce-mysql"",""cpu"":""0.80%"",""mem"":""509.6MiB / 122.8GiB""}]"
2026-09-10T13:21:41Z,4,0,0,0,30,2667706035,"[{""name"":""lab-worker-1"",""cpu"":""0.33%"",""mem"":""129.7MiB / 122.8GiB""},{""name"":""lab-api"",""cpu"":""0.00%"",""mem"":""141.9MiB / 122.8GiB""},{""name"":""lab-allegro-stub"",""cpu"":""0.01%"",""mem"":""20.36MiB / 122.8GiB""},{""name"":""lab-erli-stub"",""cpu"":""0.00%"",""mem"":""18.05MiB / 122.8GiB""},{""name"":""lab-eparagony-stub"",""cpu"":""0.00%"",""mem"":""20.36MiB / 122.8GiB""},{""name"":""lab-invoicing-stub"",""cpu"":""0.01%"",""mem"":""16.6MiB / 122.8GiB""},{""name"":""lab-shipping-stub"",""cpu"":""0.01%"",""mem"":""16.58MiB / 122.8GiB""},{""name"":""lab-eparagony-stub-tls"",""cpu"":""0.00%"",""mem"":""23.3MiB / 122.8GiB""},{""name"":""lab-erli-stub-tls"",""cpu"":""0.00%"",""mem"":""22.67MiB / 122.8GiB""},{""name"":""lab-wc-tls"",""cpu"":""0.00%"",""mem"":""28.21MiB / 122.8GiB""},{""name"":""lab-prestashop"",""cpu"":""36.53%"",""mem"":""178.7MiB / 122.8GiB""},{""name"":""lab-woocommerce"",""cpu"":""0.01%"",""mem"":""292.4MiB / 122.8GiB""},{""name"":""lab-redis"",""cpu"":""0.26%"",""mem"":""77.95MiB / 122.8GiB""},{""name"":""lab-postgres"",""cpu"":""0.18%"",""mem"":""237.9MiB / 122.8GiB""},{""name"":""lab-mysql"",""cpu"":""41.95%"",""mem"":""720.2MiB / 122.8GiB""},{""name"":""lab-woocommerce-mysql"",""cpu"":""0.89%"",""mem"":""509.6MiB / 122.8GiB""}]"
2026-09-10T13:21:45Z,3,0,0,0,30,2667706035,"[{""name"":""lab-worker-1"",""cpu"":""0.34%"",""mem"":""129.7MiB / 122.8GiB""},{""name"":""lab-api"",""cpu"":""0.00%"",""mem"":""141.9MiB / 122.8GiB""},{""name"":""lab-allegro-stub"",""cpu"":""0.00%"",""mem"":""20.36MiB / 122.8GiB""},{""name"":""lab-erli-stub"",""cpu"":""4.35%"",""mem"":""18.08MiB / 122.8GiB""},{""name"":""lab-eparagony-stub"",""cpu"":""0.01%"",""mem"":""20.36MiB / 122.8GiB""},{""name"":""lab-invoicing-stub"",""cpu"":""0.00%"",""mem"":""16.6MiB / 122.8GiB""},{""name"":""lab-shipping-stub"",""cpu"":""0.00%"",""mem"":""16.58MiB / 122.8GiB""},{""name"":""lab-eparagony-stub-tls"",""cpu"":""0.00%"",""mem"":""23.3MiB / 122.8GiB""},{""name"":""lab-erli-stub-tls"",""cpu"":""0.00%"",""mem"":""22.67MiB / 122.8GiB""},{""name"":""lab-wc-tls"",""cpu"":""0.00%"",""mem"":""28.21MiB / 122.8GiB""},{""name"":""lab-prestashop"",""cpu"":""36.69%"",""mem"":""172.5MiB / 122.8GiB""},{""name"":""lab-woocommerce"",""cpu"":""0.01%"",""mem"":""292.4MiB / 122.8GiB""},{""name"":""lab-redis"",""cpu"":""4.42%"",""mem"":""77.95MiB / 122.8GiB""},{""name"":""lab-postgres"",""cpu"":""6.28%"",""mem"":""237.9MiB / 122.8GiB""},{""name"":""lab-mysql"",""cpu"":""42.73%"",""mem"":""720.2MiB / 122.8GiB""},{""name"":""lab-woocommerce-mysql"",""cpu"":""0.84%"",""mem"":""509.6MiB / 122.8GiB""}]"
2026-09-10T13:21:49Z,4,0,0,0,30,2667706035,"[{""name"":""lab-worker-1"",""cpu"":""0.37%"",""mem"":""129.7MiB / 122.8GiB""},{""name"":""lab-api"",""cpu"":""0.00%"",""mem"":""141.9MiB / 122.8GiB""},{""name"":""lab-allegro-stub"",""cpu"":""0.00%"",""mem"":""20.37MiB / 122.8GiB""},{""name"":""lab-erli-stub"",""cpu"":""0.00%"",""mem"":""18.05MiB / 122.8GiB""},{""name"":""lab-eparagony-stub"",""cpu"":""0.00%"",""mem"":""20.35MiB / 122.8GiB""},{""name"":""lab-invoicing-stub"",""cpu"":""0.00%"",""mem"":""16.61MiB / 122.8GiB""},{""name"":""lab-shipping-stub"",""cpu"":""0.00%"",""mem"":""16.58MiB / 122.8GiB""},{""name"":""lab-eparagony-stub-tls"",""cpu"":""0.00%"",""mem"":""23.3MiB / 122.8GiB""},{""name"":""lab-erli-stub-tls"",""cpu"":""0.00%"",""mem"":""22.67MiB / 122.8GiB""},{""name"":""lab-wc-tls"",""cpu"":""0.00%"",""mem"":""28.21MiB / 122.8GiB""},{""name"":""lab-prestashop"",""cpu"":""36.09%"",""mem"":""172.6MiB / 122.8GiB""},{""name"":""lab-woocommerce"",""cpu"":""0.01%"",""mem"":""292.4MiB / 122.8GiB""},{""name"":""lab-redis"",""cpu"":""0.27%"",""mem"":""78.2MiB / 122.8GiB""},{""name"":""lab-postgres"",""cpu"":""0.35%"",""mem"":""237.9MiB / 122.8GiB""},{""name"":""lab-mysql"",""cpu"":""45.63%"",""mem"":""722.2MiB / 122.8GiB""},{""name"":""lab-woocommerce-mysql"",""cpu"":""0.84%"",""mem"":""509.6MiB / 122.8GiB""}]"
2026-09-10T13:21:52Z,4,0,0,0,30,2667706035,"[{""name"":""lab-worker-1"",""cpu"":""1.66%"",""mem"":""130MiB / 122.8GiB""},{""name"":""lab-api"",""cpu"":""0.00%"",""mem"":""141.9MiB / 122.8GiB""},{""name"":""lab-allegro-stub"",""cpu"":""0.00%"",""mem"":""20.36MiB / 122.8GiB""},{""name"":""lab-erli-stub"",""cpu"":""0.00%"",""mem"":""18.05MiB / 122.8GiB""},{""name"":""lab-eparagony-stub"",""cpu"":""0.00%"",""mem"":""20.35MiB / 122.8GiB""},{""name"":""lab-invoicing-stub"",""cpu"":""0.00%"",""mem"":""16.6MiB / 122.8GiB""},{""name"":""lab-shipping-stub"",""cpu"":""0.00%"",""mem"":""16.58MiB / 122.8GiB""},{""name"":""lab-eparagony-stub-tls"",""cpu"":""0.00%"",""mem"":""23.3MiB / 122.8GiB""},{""name"":""lab-erli-stub-tls"",""cpu"":""0.00%"",""mem"":""22.67MiB / 122.8GiB""},{""name"":""lab-wc-tls"",""cpu"":""0.00%"",""mem"":""28.21MiB / 122.8GiB""},{""name"":""lab-prestashop"",""cpu"":""37.37%"",""mem"":""182.8MiB / 122.8GiB""},{""name"":""lab-woocommerce"",""cpu"":""0.01%"",""mem"":""292.4MiB / 122.8GiB""},{""name"":""lab-redis"",""cpu"":""0.31%"",""mem"":""77.95MiB / 122.8GiB""},{""name"":""lab-postgres"",""cpu"":""3.24%"",""mem"":""237.9MiB / 122.8GiB""},{""name"":""lab-mysql"",""cpu"":""42.44%"",""mem"":""722.2MiB / 122.8GiB""},{""name"":""lab-woocommerce-mysql"",""cpu"":""0.80%"",""mem"":""509.6MiB / 122.8GiB""}]"
2026-09-10T13:21:56Z,3,0,0,0,30,2667706035,"[{""name"":""lab-worker-1"",""cpu"":""0.55%"",""mem"":""129.7MiB / 122.8GiB""},{""name"":""lab-api"",""cpu"":""0.00%"",""mem"":""141.9MiB / 122.8GiB""},{""name"":""lab-allegro-stub"",""cpu"":""4.51%"",""mem"":""20.37MiB / 122.8GiB""},{""name"":""lab-erli-stub"",""cpu"":""0.00%"",""mem"":""18.05MiB / 122.8GiB""},{""name"":""lab-eparagony-stub"",""cpu"":""0.00%"",""mem"":""20.36MiB / 122.8GiB""},{""name"":""lab-invoicing-stub"",""cpu"":""4.14%"",""mem"":""16.61MiB / 122.8GiB""},{""name"":""lab-shipping-stub"",""cpu"":""3.97%"",""mem"":""16.58MiB / 122.8GiB""},{""name"":""lab-eparagony-stub-tls"",""cpu"":""0.00%"",""mem"":""23.3MiB / 122.8GiB""},{""name"":""lab-erli-stub-tls"",""cpu"":""0.00%"",""mem"":""22.67MiB / 122.8GiB""},{""name"":""lab-wc-tls"",""cpu"":""0.00%"",""mem"":""28.21MiB / 122.8GiB""},{""name"":""lab-prestashop"",""cpu"":""35.93%"",""mem"":""182.7MiB / 122.8GiB""},{""name"":""lab-woocommerce"",""cpu"":""0.01%"",""mem"":""292.4MiB / 122.8GiB""},{""name"":""lab-redis"",""cpu"":""0.24%"",""mem"":""77.94MiB / 122.8GiB""},{""name"":""lab-postgres"",""cpu"":""0.40%"",""mem"":""237.9MiB / 122.8GiB""},{""name"":""lab-mysql"",""cpu"":""45.18%"",""mem"":""722.2MiB / 122.8GiB""},{""name"":""lab-woocommerce-mysql"",""cpu"":""0.72%"",""mem"":""509.6MiB / 122.8GiB""}]"
2026-09-10T13:22:00Z,4,0,0,0,30,2667706035,"[{""name"":""lab-worker-1"",""cpu"":""0.52%"",""mem"":""129.7MiB / 122.8GiB""},{""name"":""lab-api"",""cpu"":""0.00%"",""mem"":""141.9MiB / 122.8GiB""},{""name"":""lab-allegro-stub"",""cpu"":""0.00%"",""mem"":""20.36MiB / 122.8GiB""},{""name"":""lab-erli-stub"",""cpu"":""3.63%"",""mem"":""18.05MiB / 122.8GiB""},{""name"":""lab-eparagony-stub"",""cpu"":""4.06%"",""mem"":""20.36MiB / 122.8GiB""},{""name"":""lab-invoicing-stub"",""cpu"":""0.00%"",""mem"":""16.6MiB / 122.8GiB""},{""name"":""lab-shipping-stub"",""cpu"":""0.00%"",""mem"":""16.58MiB / 122.8GiB""},{""name"":""lab-eparagony-stub-tls"",""cpu"":""0.00%"",""mem"":""23.3MiB / 122.8GiB""},{""name"":""lab-erli-stub-tls"",""cpu"":""0.00%"",""mem"":""22.67MiB / 122.8GiB""},{""name"":""lab-wc-tls"",""cpu"":""0.00%"",""mem"":""28.21MiB / 122.8GiB""},{""name"":""lab-prestashop"",""cpu"":""37.59%"",""mem"":""182.7MiB / 122.8GiB""},{""name"":""lab-woocommerce"",""cpu"":""0.01%"",""mem"":""292.4MiB / 122.8GiB""},{""name"":""lab-redis"",""cpu"":""0.28%"",""mem"":""77.93MiB / 122.8GiB""},{""name"":""lab-postgres"",""cpu"":""0.43%"",""mem"":""237.9MiB / 122.8GiB""},{""name"":""lab-mysql"",""cpu"":""42.01%"",""mem"":""722.2MiB / 122.8GiB""},{""name"":""lab-woocommerce-mysql"",""cpu"":""5.35%"",""mem"":""509.7MiB / 122.8GiB""}]"
2026-09-10T13:22:03Z,4,0,0,0,30,2667706035,"[{""name"":""lab-worker-1"",""cpu"":""0.37%"",""mem"":""130MiB / 122.8GiB""},{""name"":""lab-api"",""cpu"":""0.00%"",""mem"":""141.9MiB / 122.8GiB""},{""name"":""lab-allegro-stub"",""cpu"":""0.00%"",""mem"":""20.36MiB / 122.8GiB""},{""name"":""lab-erli-stub"",""cpu"":""0.00%"",""mem"":""18.05MiB / 122.8GiB""},{""name"":""lab-eparagony-stub"",""cpu"":""0.00%"",""mem"":""20.35MiB / 122.8GiB""},{""name"":""lab-invoicing-stub"",""cpu"":""0.00%"",""mem"":""16.6MiB / 122.8GiB""},{""name"":""lab-shipping-stub"",""cpu"":""0.00%"",""mem"":""16.58MiB / 122.8GiB""},{""name"":""lab-eparagony-stub-tls"",""cpu"":""0.00%"",""mem"":""23.3MiB / 122.8GiB""},{""name"":""lab-erli-stub-tls"",""cpu"":""0.00%"",""mem"":""22.67MiB / 122.8GiB""},{""name"":""lab-wc-tls"",""cpu"":""0.00%"",""mem"":""28.21MiB / 122.8GiB""},{""name"":""lab-prestashop"",""cpu"":""35.89%"",""mem"":""182.7MiB / 122.8GiB""},{""name"":""lab-woocommerce"",""cpu"":""13.14%"",""mem"":""292.7MiB / 122.8GiB""},{""name"":""lab-redis"",""cpu"":""0.29%"",""mem"":""77.92MiB / 122.8GiB""},{""name"":""lab-postgres"",""cpu"":""0.80%"",""mem"":""237.9MiB / 122.8GiB""},{""name"":""lab-mysql"",""cpu"":""41.98%"",""mem"":""722.2MiB / 122.8GiB""},{""name"":""lab-woocommerce-mysql"",""cpu"":""2.09%"",""mem"":""509.9MiB / 122.8GiB""}]"
2026-09-10T13:22:07Z,3,0,0,0,30,2667706035,"[{""name"":""lab-worker-1"",""cpu"":""0.41%"",""mem"":""130MiB / 122.8GiB""},{""name"":""lab-api"",""cpu"":""0.00%"",""mem"":""141.9MiB / 122.8GiB""},{""name"":""lab-allegro-stub"",""cpu"":""0.00%"",""mem"":""20.37MiB / 122.8GiB""},{""name"":""lab-erli-stub"",""cpu"":""0.00%"",""mem"":""18.05MiB / 122.8GiB""},{""name"":""lab-eparagony-stub"",""cpu"":""0.00%"",""mem"":""20.35MiB / 122.8GiB""},{""name"":""lab-invoicing-stub"",""cpu"":""0.00%"",""mem"":""16.61MiB / 122.8GiB""},{""name"":""lab-shipping-stub"",""cpu"":""0.00%"",""mem"":""16.58MiB / 122.8GiB""},{""name"":""lab-eparagony-stub-tls"",""cpu"":""0.00%"",""mem"":""23.3MiB / 122.8GiB""},{""name"":""lab-erli-stub-tls"",""cpu"":""0.00%"",""mem"":""22.67MiB / 122.8GiB""},{""name"":""lab-wc-tls"",""cpu"":""0.00%"",""mem"":""28.21MiB / 122.8GiB""},{""name"":""lab-prestashop"",""cpu"":""36.51%"",""mem"":""183MiB / 122.8GiB""},{""name"":""lab-woocommerce"",""cpu"":""0.01%"",""mem"":""292.4MiB / 122.8GiB""},{""name"":""lab-redis"",""cpu"":""0.30%"",""mem"":""77.91MiB / 122.8GiB""},{""name"":""lab-postgres"",""cpu"":""5.78%"",""mem"":""237.9MiB / 122.8GiB""},{""name"":""lab-mysql"",""cpu"":""49.14%"",""mem"":""722.2MiB / 122.8GiB""},{""name"":""lab-woocommerce-mysql"",""cpu"":""0.78%"",""mem"":""509.6MiB / 122.8GiB""}]"
2026-09-10T13:22:11Z,4,0,0,0,30,2667706035,"[{""name"":""lab-worker-1"",""cpu"":""0.43%"",""mem"":""129.7MiB / 122.8GiB""},{""name"":""lab-api"",""cpu"":""0.00%"",""mem"":""141.9MiB / 122.8GiB""},{""name"":""lab-allegro-stub"",""cpu"":""5.00%"",""mem"":""20.37MiB / 122.8GiB""},{""name"":""lab-erli-stub"",""cpu"":""0.00%"",""mem"":""18.05MiB / 122.8GiB""},{""name"":""lab-eparagony-stub"",""cpu"":""0.00%"",""mem"":""20.36MiB / 122.8GiB""},{""name"":""lab-invoicing-stub"",""cpu"":""3.92%"",""mem"":""16.6MiB / 122.8GiB""},{""name"":""lab-shipping-stub"",""cpu"":""3.66%"",""mem"":""16.6MiB / 122.8GiB""},{""name"":""lab-eparagony-stub-tls"",""cpu"":""0.00%"",""mem"":""23.3MiB / 122.8GiB""},{""name"":""lab-erli-stub-tls"",""cpu"":""0.00%"",""mem"":""22.67MiB / 122.8GiB""},{""name"":""lab-wc-tls"",""cpu"":""0.00%"",""mem"":""28.21MiB / 122.8GiB""},{""name"":""lab-prestashop"",""cpu"":""35.60%"",""mem"":""180.8MiB / 122.8GiB""},{""name"":""lab-woocommerce"",""cpu"":""0.01%"",""mem"":""292.4MiB / 122.8GiB""},{""name"":""lab-redis"",""cpu"":""0.27%"",""mem"":""78.15MiB / 122.8GiB""},{""name"":""lab-postgres"",""cpu"":""0.30%"",""mem"":""237.9MiB / 122.8GiB""},{""name"":""lab-mysql"",""cpu"":""44.28%"",""mem"":""722.3MiB / 122.8GiB""},{""name"":""lab-woocommerce-mysql"",""cpu"":""0.83%"",""mem"":""509.6MiB / 122.8GiB""}]"
2026-09-10T13:22:14Z,4,1,0,0,30,2667706035,"[{""name"":""lab-worker-1"",""cpu"":""0.41%"",""mem"":""129.7MiB / 122.8GiB""},{""name"":""lab-api"",""cpu"":""0.00%"",""mem"":""141.9MiB / 122.8GiB""},{""name"":""lab-allegro-stub"",""cpu"":""0.00%"",""mem"":""20.36MiB / 122.8GiB""},{""name"":""lab-erli-stub"",""cpu"":""0.00%"",""mem"":""18.05MiB / 122.8GiB""},{""name"":""lab-eparagony-stub"",""cpu"":""3.82%"",""mem"":""20.39MiB / 122.8GiB""},{""name"":""lab-invoicing-stub"",""cpu"":""0.00%"",""mem"":""16.6MiB / 122.8GiB""},{""name"":""lab-shipping-stub"",""cpu"":""0.00%"",""mem"":""16.58MiB / 122.8GiB""},{""name"":""lab-eparagony-stub-tls"",""cpu"":""0.00%"",""mem"":""23.3MiB / 122.8GiB""},{""name"":""lab-erli-stub-tls"",""cpu"":""0.00%"",""mem"":""22.67MiB / 122.8GiB""},{""name"":""lab-wc-tls"",""cpu"":""0.00%"",""mem"":""28.21MiB / 122.8GiB""},{""name"":""lab-prestashop"",""cpu"":""41.52%"",""mem"":""177.1MiB / 122.8GiB""},{""name"":""lab-woocommerce"",""cpu"":""0.01%"",""mem"":""292.4MiB / 122.8GiB""},{""name"":""lab-redis"",""cpu"":""0.30%"",""mem"":""77.89MiB / 122.8GiB""},{""name"":""lab-postgres"",""cpu"":""0.31%"",""mem"":""237.9MiB / 122.8GiB""},{""name"":""lab-mysql"",""cpu"":""41.42%"",""mem"":""722.3MiB / 122.8GiB""},{""name"":""lab-woocommerce-mysql"",""cpu"":""0.82%"",""mem"":""509.6MiB / 122.8GiB""}]"
2026-09-10T13:22:18Z,3,0,0,0,30,2667706035,"[{""name"":""lab-worker-1"",""cpu"":""0.69%"",""mem"":""129.7MiB / 122.8GiB""},{""name"":""lab-api"",""cpu"":""0.00%"",""mem"":""141.9MiB / 122.8GiB""},{""name"":""lab-allegro-stub"",""cpu"":""0.00%"",""mem"":""20.36MiB / 122.8GiB""},{""name"":""lab-erli-stub"",""cpu"":""0.00%"",""mem"":""18.05MiB / 122.8GiB""},{""name"":""lab-eparagony-stub"",""cpu"":""0.00%"",""mem"":""20.35MiB / 122.8GiB""},{""name"":""lab-invoicing-stub"",""cpu"":""0.00%"",""mem"":""16.6MiB / 122.8GiB""},{""name"":""lab-shipping-stub"",""cpu"":""0.00%"",""mem"":""16.58MiB / 122.8GiB""},{""name"":""lab-eparagony-stub-tls"",""cpu"":""0.00%"",""mem"":""23.3MiB / 122.8GiB""},{""name"":""lab-erli-stub-tls"",""cpu"":""0.00%"",""mem"":""22.67MiB / 122.8GiB""},{""name"":""lab-wc-tls"",""cpu"":""0.00%"",""mem"":""28.21MiB / 122.8GiB""},{""name"":""lab-prestashop"",""cpu"":""36.73%"",""mem"":""172.8MiB / 122.8GiB""},{""name"":""lab-woocommerce"",""cpu"":""0.00%"",""mem"":""292.4MiB / 122.8GiB""},{""name"":""lab-redis"",""cpu"":""0.27%"",""mem"":""77.89MiB / 122.8GiB""},{""name"":""lab-postgres"",""cpu"":""0.32%"",""mem"":""237.9MiB / 122.8GiB""},{""name"":""lab-mysql"",""cpu"":""41.66%"",""mem"":""722.5MiB / 122.8GiB""},{""name"":""lab-woocommerce-mysql"",""cpu"":""0.67%"",""mem"":""509.6MiB / 122.8GiB""}]"
2026-09-10T13:22:22Z,4,0,0,0,30,2667706035,"[{""name"":""lab-worker-1"",""cpu"":""0.42%"",""mem"":""129.7MiB / 122.8GiB""},{""name"":""lab-api"",""cpu"":""0.00%"",""mem"":""141.9MiB / 122.8GiB""},{""name"":""lab-allegro-stub"",""cpu"":""0.01%"",""mem"":""20.37MiB / 122.8GiB""},{""name"":""lab-erli-stub"",""cpu"":""0.00%"",""mem"":""18.05MiB / 122.8GiB""},{""name"":""lab-eparagony-stub"",""cpu"":""0.00%"",""mem"":""20.36MiB / 122.8GiB""},{""name"":""lab-invoicing-stub"",""cpu"":""0.01%"",""mem"":""16.61MiB / 122.8GiB""},{""name"":""lab-shipping-stub"",""cpu"":""0.01%"",""mem"":""16.58MiB / 122.8GiB""},{""name"":""lab-eparagony-stub-tls"",""cpu"":""0.00%"",""mem"":""23.3MiB / 122.8GiB""},{""name"":""lab-erli-stub-tls"",""cpu"":""0.00%"",""mem"":""22.67MiB / 122.8GiB""},{""name"":""lab-wc-tls"",""cpu"":""0.00%"",""mem"":""28.21MiB / 122.8GiB""},{""name"":""lab-prestashop"",""cpu"":""39.97%"",""mem"":""182.9MiB / 122.8GiB""},{""name"":""lab-woocommerce"",""cpu"":""0.01%"",""mem"":""292.4MiB / 122.8GiB""},{""name"":""lab-redis"",""cpu"":""0.28%"",""mem"":""77.88MiB / 122.8GiB""},{""name"":""lab-postgres"",""cpu"":""0.40%"",""mem"":""237.9MiB / 122.8GiB""},{""name"":""lab-mysql"",""cpu"":""42.31%"",""mem"":""722.3MiB / 122.8GiB""},{""name"":""lab-woocommerce-mysql"",""cpu"":""0.98%"",""mem"":""509.6MiB / 122.8GiB""}]"
2026-09-10T13:22:25Z,4,0,0,0,30,2667706035,"[{""name"":""lab-worker-1"",""cpu"":""0.38%"",""mem"":""129.7MiB / 122.8GiB""},{""name"":""lab-api"",""cpu"":""0.00%"",""mem"":""141.9MiB / 122.8GiB""},{""name"":""lab-allegro-stub"",""cpu"":""0.00%"",""mem"":""20.36MiB / 122.8GiB""},{""name"":""lab-erli-stub"",""cpu"":""4.51%"",""mem"":""18.07MiB / 122.8GiB""},{""name"":""lab-eparagony-stub"",""cpu"":""0.01%"",""mem"":""20.37MiB / 122.8GiB""},{""name"":""lab-invoicing-stub"",""cpu"":""0.00%"",""mem"":""16.6MiB / 122.8GiB""},{""name"":""lab-shipping-stub"",""cpu"":""0.00%"",""mem"":""16.58MiB / 122.8GiB""},{""name"":""lab-eparagony-stub-tls"",""cpu"":""0.00%"",""mem"":""23.3MiB / 122.8GiB""},{""name"":""lab-erli-stub-tls"",""cpu"":""0.00%"",""mem"":""22.67MiB / 122.8GiB""},{""name"":""lab-wc-tls"",""cpu"":""0.00%"",""mem"":""28.21MiB / 122.8GiB""},{""name"":""lab-prestashop"",""cpu"":""36.37%"",""mem"":""182.9MiB / 122.8GiB""},{""name"":""lab-woocommerce"",""cpu"":""0.00%"",""mem"":""292.4MiB / 122.8GiB""},{""name"":""lab-redis"",""cpu"":""4.78%"",""mem"":""77.89MiB / 122.8GiB""},{""name"":""lab-postgres"",""cpu"":""0.39%"",""mem"":""237.9MiB / 122.8GiB""},{""name"":""lab-mysql"",""cpu"":""44.95%"",""mem"":""722.5MiB / 122.8GiB""},{""name"":""lab-woocommerce-mysql"",""cpu"":""0.65%"",""mem"":""509.6MiB / 122.8GiB""}]"
2026-09-10T13:22:29Z,3,0,0,0,30,2667706035,"[{""name"":""lab-worker-1"",""cpu"":""0.77%"",""mem"":""129.7MiB / 122.8GiB""},{""name"":""lab-api"",""cpu"":""0.00%"",""mem"":""141.9MiB / 122.8GiB""},{""name"":""lab-allegro-stub"",""cpu"":""0.00%"",""mem"":""20.37MiB / 122.8GiB""},{""name"":""lab-erli-stub"",""cpu"":""0.00%"",""mem"":""18.05MiB / 122.8GiB""},{""name"":""lab-eparagony-stub"",""cpu"":""0.00%"",""mem"":""20.36MiB / 122.8GiB""},{""name"":""lab-invoicing-stub"",""cpu"":""0.00%"",""mem"":""16.6MiB / 122.8GiB""},{""name"":""lab-shipping-stub"",""cpu"":""0.00%"",""mem"":""16.58MiB / 122.8GiB""},{""name"":""lab-eparagony-stub-tls"",""cpu"":""0.00%"",""mem"":""23.3MiB / 122.8GiB""},{""name"":""lab-erli-stub-tls"",""cpu"":""0.00%"",""mem"":""22.67MiB / 122.8GiB""},{""name"":""lab-wc-tls"",""cpu"":""0.00%"",""mem"":""28.21MiB / 122.8GiB""},{""name"":""lab-prestashop"",""cpu"":""40.07%"",""mem"":""183.1MiB / 122.8GiB""},{""name"":""lab-woocommerce"",""cpu"":""0.01%"",""mem"":""292.4MiB / 122.8GiB""},{""name"":""lab-redis"",""cpu"":""0.26%"",""mem"":""77.86MiB / 122.8GiB""},{""name"":""lab-postgres"",""cpu"":""0.57%"",""mem"":""237.9MiB / 122.8GiB""},{""name"":""lab-mysql"",""cpu"":""40.79%"",""mem"":""722.5MiB / 122.8GiB""},{""name"":""lab-woocommerce-mysql"",""cpu"":""0.86%"",""mem"":""509.6MiB / 122.8GiB""}]"
2026-09-10T13:22:33Z,4,0,0,0,30,2667706035,"[{""name"":""lab-worker-1"",""cpu"":""1.78%"",""mem"":""129.7MiB / 122.8GiB""},{""name"":""lab-api"",""cpu"":""0.00%"",""mem"":""141.9MiB / 122.8GiB""},{""name"":""lab-allegro-stub"",""cpu"":""0.00%"",""mem"":""20.36MiB / 122.8GiB""},{""name"":""lab-erli-stub"",""cpu"":""0.00%"",""mem"":""18.05MiB / 122.8GiB""},{""name"":""lab-eparagony-stub"",""cpu"":""0.00%"",""mem"":""20.36MiB / 122.8GiB""},{""name"":""lab-invoicing-stub"",""cpu"":""0.00%"",""mem"":""16.6MiB / 122.8GiB""},{""name"":""lab-shipping-stub"",""cpu"":""0.00%"",""mem"":""16.58MiB / 122.8GiB""},{""name"":""lab-eparagony-stub-tls"",""cpu"":""0.00%"",""mem"":""23.3MiB / 122.8GiB""},{""name"":""lab-erli-stub-tls"",""cpu"":""0.00%"",""mem"":""22.67MiB / 122.8GiB""},{""name"":""lab-wc-tls"",""cpu"":""0.00%"",""mem"":""28.21MiB / 122.8GiB""},{""name"":""lab-prestashop"",""cpu"":""37.85%"",""mem"":""182.9MiB / 122.8GiB""},{""name"":""lab-woocommerce"",""cpu"":""0.01%"",""mem"":""292.4MiB / 122.8GiB""},{""name"":""lab-redis"",""cpu"":""0.29%"",""mem"":""78.11MiB / 122.8GiB""},{""name"":""lab-postgres"",""cpu"":""3.04%"",""mem"":""237.8MiB / 122.8GiB""},{""name"":""lab-mysql"",""cpu"":""41.84%"",""mem"":""722.6MiB / 122.8GiB""},{""name"":""lab-woocommerce-mysql"",""cpu"":""0.74%"",""mem"":""509.6MiB / 122.8GiB""}]"
2026-09-10T13:22:37Z,4,0,0,0,30,2667706035,"[{""name"":""lab-worker-1"",""cpu"":""0.35%"",""mem"":""129.7MiB / 122.8GiB""},{""name"":""lab-api"",""cpu"":""0.00%"",""mem"":""141.9MiB / 122.8GiB""},{""name"":""lab-allegro-stub"",""cpu"":""4.00%"",""mem"":""20.37MiB / 122.8GiB""},{""name"":""lab-erli-stub"",""cpu"":""0.02%"",""mem"":""18.05MiB / 122.8GiB""},{""name"":""lab-eparagony-stub"",""cpu"":""0.00%"",""mem"":""20.36MiB / 122.8GiB""},{""name"":""lab-invoicing-stub"",""cpu"":""3.93%"",""mem"":""16.6MiB / 122.8GiB""},{""name"":""lab-shipping-stub"",""cpu"":""3.88%"",""mem"":""16.59MiB / 122.8GiB""},{""name"":""lab-eparagony-stub-tls"",""cpu"":""0.00%"",""mem"":""23.3MiB / 122.8GiB""},{""name"":""lab-erli-stub-tls"",""cpu"":""0.00%"",""mem"":""22.67MiB / 122.8GiB""},{""name"":""lab-wc-tls"",""cpu"":""0.00%"",""mem"":""28.21MiB / 122.8GiB""},{""name"":""lab-prestashop"",""cpu"":""36.61%"",""mem"":""182.9MiB / 122.8GiB""},{""name"":""lab-woocommerce"",""cpu"":""0.01%"",""mem"":""292.4MiB / 122.8GiB""},{""name"":""lab-redis"",""cpu"":""0.27%"",""mem"":""77.86MiB / 122.8GiB""},{""name"":""lab-postgres"",""cpu"":""5.07%"",""mem"":""237.9MiB / 122.8GiB""},{""name"":""lab-mysql"",""cpu"":""42.82%"",""mem"":""722.3MiB / 122.8GiB""},{""name"":""lab-woocommerce-mysql"",""cpu"":""0.69%"",""mem"":""509.6MiB / 122.8GiB""}]"
2026-09-10T13:22:40Z,4,0,0,0,30,2667706035,"[{""name"":""lab-worker-1"",""cpu"":""0.91%"",""mem"":""129.7MiB / 122.8GiB""},{""name"":""lab-api"",""cpu"":""0.02%"",""mem"":""142MiB / 122.8GiB""},{""name"":""lab-allegro-stub"",""cpu"":""0.00%"",""mem"":""20.36MiB / 122.8GiB""},{""name"":""lab-erli-stub"",""cpu"":""4.29%"",""mem"":""18.07MiB / 122.8GiB""},{""name"":""lab-eparagony-stub"",""cpu"":""3.98%"",""mem"":""20.36MiB / 122.8GiB""},{""name"":""lab-invoicing-stub"",""cpu"":""0.00%"",""mem"":""16.6MiB / 122.8GiB""},{""name"":""lab-shipping-stub"",""cpu"":""0.00%"",""mem"":""16.58MiB / 122.8GiB""},{""name"":""lab-eparagony-stub-tls"",""cpu"":""0.00%"",""mem"":""23.3MiB / 122.8GiB""},{""name"":""lab-erli-stub-tls"",""cpu"":""0.00%"",""mem"":""22.67MiB / 122.8GiB""},{""name"":""lab-wc-tls"",""cpu"":""0.00%"",""mem"":""28.21MiB / 122.8GiB""},{""name"":""lab-prestashop"",""cpu"":""0.01%"",""mem"":""180.9MiB / 122.8GiB""},{""name"":""lab-woocommerce"",""cpu"":""0.01%"",""mem"":""292.4MiB / 122.8GiB""},{""name"":""lab-redis"",""cpu"":""4.80%"",""mem"":""77.86MiB / 122.8GiB""},{""name"":""lab-postgres"",""cpu"":""0.64%"",""mem"":""240.2MiB / 122.8GiB""},{""name"":""lab-mysql"",""cpu"":""0.99%"",""mem"":""722.3MiB / 122.8GiB""},{""name"":""lab-woocommerce-mysql"",""cpu"":""5.81%"",""mem"":""509.7MiB / 122.8GiB""}]"
2026-09-10T13:22:44Z,3,0,0,0,30,2667706035,"[{""name"":""lab-worker-1"",""cpu"":""0.42%"",""mem"":""129.7MiB / 122.8GiB""},{""name"":""lab-api"",""cpu"":""0.00%"",""mem"":""142MiB / 122.8GiB""},{""name"":""lab-allegro-stub"",""cpu"":""0.00%"",""mem"":""20.36MiB / 122.8GiB""},{""name"":""lab-erli-stub"",""cpu"":""0.00%"",""mem"":""18.05MiB / 122.8GiB""},{""name"":""lab-eparagony-stub"",""cpu"":""0.00%"",""mem"":""20.36MiB / 122.8GiB""},{""name"":""lab-invoicing-stub"",""cpu"":""0.00%"",""mem"":""16.6MiB / 122.8GiB""},{""name"":""lab-shipping-stub"",""cpu"":""0.00%"",""mem"":""16.58MiB / 122.8GiB""},{""name"":""lab-eparagony-stub-tls"",""cpu"":""0.00%"",""mem"":""23.3MiB / 122.8GiB""},{""name"":""lab-erli-stub-tls"",""cpu"":""0.00%"",""mem"":""22.67MiB / 122.8GiB""},{""name"":""lab-wc-tls"",""cpu"":""0.00%"",""mem"":""28.21MiB / 122.8GiB""},{""name"":""lab-prestashop"",""cpu"":""0.01%"",""mem"":""180.9MiB / 122.8GiB""},{""name"":""lab-woocommerce"",""cpu"":""0.01%"",""mem"":""292.4MiB / 122.8GiB""},{""name"":""lab-redis"",""cpu"":""0.31%"",""mem"":""77.86MiB / 122.8GiB""},{""name"":""lab-postgres"",""cpu"":""0.80%"",""mem"":""240.2MiB / 122.8GiB""},{""name"":""lab-mysql"",""cpu"":""1.05%"",""mem"":""722.3MiB / 122.8GiB""},{""name"":""lab-woocommerce-mysql"",""cpu"":""0.98%"",""mem"":""509.6MiB / 122.8GiB""}]"
2026-09-10T13:22:48Z,4,0,0,0,30,2667706035,"[{""name"":""lab-worker-1"",""cpu"":""0.46%"",""mem"":""129.7MiB / 122.8GiB""},{""name"":""lab-api"",""cpu"":""0.00%"",""mem"":""142MiB / 122.8GiB""},{""name"":""lab-allegro-stub"",""cpu"":""0.00%"",""mem"":""20.36MiB / 122.8GiB""},{""name"":""lab-erli-stub"",""cpu"":""0.00%"",""mem"":""18.05MiB / 122.8GiB""},{""name"":""lab-eparagony-stub"",""cpu"":""0.00%"",""mem"":""20.36MiB / 122.8GiB""},{""name"":""lab-invoicing-stub"",""cpu"":""0.00%"",""mem"":""16.6MiB / 122.8GiB""},{""name"":""lab-shipping-stub"",""cpu"":""0.00%"",""mem"":""16.58MiB / 122.8GiB""},{""name"":""lab-eparagony-stub-tls"",""cpu"":""0.00%"",""mem"":""23.3MiB / 122.8GiB""},{""name"":""lab-erli-stub-tls"",""cpu"":""0.00%"",""mem"":""22.67MiB / 122.8GiB""},{""name"":""lab-wc-tls"",""cpu"":""0.00%"",""mem"":""28.21MiB / 122.8GiB""},{""name"":""lab-prestashop"",""cpu"":""0.01%"",""mem"":""180.9MiB / 122.8GiB""},{""name"":""lab-woocommerce"",""cpu"":""0.01%"",""mem"":""292.4MiB / 122.8GiB""},{""name"":""lab-redis"",""cpu"":""0.32%"",""mem"":""77.86MiB / 122.8GiB""},{""name"":""lab-postgres"",""cpu"":""0.35%"",""mem"":""240.1MiB / 122.8GiB""},{""name"":""lab-mysql"",""cpu"":""5.55%"",""mem"":""722.3MiB / 122.8GiB""},{""name"":""lab-woocommerce-mysql"",""cpu"":""0.96%"",""mem"":""509.6MiB / 122.8GiB""}]"
2026-09-10T13:22:51Z,4,0,0,0,30,2667706035,"[{""name"":""lab-worker-1"",""cpu"":""0.40%"",""mem"":""129.7MiB / 122.8GiB""},{""name"":""lab-api"",""cpu"":""0.00%"",""mem"":""142MiB / 122.8GiB""},{""name"":""lab-allegro-stub"",""cpu"":""4.14%"",""mem"":""20.38MiB / 122.8GiB""},{""name"":""lab-erli-stub"",""cpu"":""0.01%"",""mem"":""18.05MiB / 122.8GiB""},{""name"":""lab-eparagony-stub"",""cpu"":""0.00%"",""mem"":""20.36MiB / 122.8GiB""},{""name"":""lab-invoicing-stub"",""cpu"":""4.95%"",""mem"":""16.66MiB / 122.8GiB""},{""name"":""lab-shipping-stub"",""cpu"":""3.85%"",""mem"":""16.61MiB / 122.8GiB""},{""name"":""lab-eparagony-stub-tls"",""cpu"":""0.00%"",""mem"":""23.3MiB / 122.8GiB""},{""name"":""lab-erli-stub-tls"",""cpu"":""0.00%"",""mem"":""22.67MiB / 122.8GiB""},{""name"":""lab-wc-tls"",""cpu"":""0.00%"",""mem"":""28.21MiB / 122.8GiB""},{""name"":""lab-prestashop"",""cpu"":""0.01%"",""mem"":""180.9MiB / 122.8GiB""},{""name"":""lab-woocommerce"",""cpu"":""0.01%"",""mem"":""292.4MiB / 122.8GiB""},{""name"":""lab-redis"",""cpu"":""0.27%"",""mem"":""77.86MiB / 122.8GiB""},{""name"":""lab-postgres"",""cpu"":""0.39%"",""mem"":""237.9MiB / 122.8GiB""},{""name"":""lab-mysql"",""cpu"":""0.97%"",""mem"":""722.3MiB / 122.8GiB""},{""name"":""lab-woocommerce-mysql"",""cpu"":""0.93%"",""mem"":""509.6MiB / 122.8GiB""}]"
2026-09-10T13:22:55Z,3,0,0,0,30,2667706035,"[{""name"":""lab-worker-1"",""cpu"":""0.40%"",""mem"":""129.7MiB / 122.8GiB""},{""name"":""lab-api"",""cpu"":""11.88%"",""mem"":""142.1MiB / 122.8GiB""},{""name"":""lab-allegro-stub"",""cpu"":""0.00%"",""mem"":""20.36MiB / 122.8GiB""},{""name"":""lab-erli-stub"",""cpu"":""4.06%"",""mem"":""18.06MiB / 122.8GiB""},{""name"":""lab-eparagony-stub"",""cpu"":""3.98%"",""mem"":""20.37MiB / 122.8GiB""},{""name"":""lab-invoicing-stub"",""cpu"":""0.00%"",""mem"":""16.6MiB / 122.8GiB""},{""name"":""lab-shipping-stub"",""cpu"":""0.00%"",""mem"":""16.58MiB / 122.8GiB""},{""name"":""lab-eparagony-stub-tls"",""cpu"":""0.00%"",""mem"":""23.3MiB / 122.8GiB""},{""name"":""lab-erli-stub-tls"",""cpu"":""0.00%"",""mem"":""22.67MiB / 122.8GiB""},{""name"":""lab-wc-tls"",""cpu"":""0.00%"",""mem"":""28.21MiB / 122.8GiB""},{""name"":""lab-prestashop"",""cpu"":""0.01%"",""mem"":""180.9MiB / 122.8GiB""},{""name"":""lab-woocommerce"",""cpu"":""0.01%"",""mem"":""292.4MiB / 122.8GiB""},{""name"":""lab-redis"",""cpu"":""3.80%"",""mem"":""77.89MiB / 122.8GiB""},{""name"":""lab-postgres"",""cpu"":""8.55%"",""mem"":""240.1MiB / 122.8GiB""},{""name"":""lab-mysql"",""cpu"":""0.88%"",""mem"":""722.3MiB / 122.8GiB""},{""name"":""lab-woocommerce-mysql"",""cpu"":""0.85%"",""mem"":""509.6MiB / 122.8GiB""}]"
2026-09-10T13:22:59Z,4,0,0,0,30,2667706035,"[{""name"":""lab-worker-1"",""cpu"":""0.35%"",""mem"":""129.7MiB / 122.8GiB""},{""name"":""lab-api"",""cpu"":""0.00%"",""mem"":""142MiB / 122.8GiB""},{""name"":""lab-allegro-stub"",""cpu"":""0.00%"",""mem"":""20.36MiB / 122.8GiB""},{""name"":""lab-erli-stub"",""cpu"":""0.00%"",""mem"":""18.05MiB / 122.8GiB""},{""name"":""lab-eparagony-stub"",""cpu"":""0.00%"",""mem"":""20.36MiB / 122.8GiB""},{""name"":""lab-invoicing-stub"",""cpu"":""0.00%"",""mem"":""16.6MiB / 122.8GiB""},{""name"":""lab-shipping-stub"",""cpu"":""0.00%"",""mem"":""16.58MiB / 122.8GiB""},{""name"":""lab-eparagony-stub-tls"",""cpu"":""0.00%"",""mem"":""23.3MiB / 122.8GiB""},{""name"":""lab-erli-stub-tls"",""cpu"":""0.00%"",""mem"":""22.67MiB / 122.8GiB""},{""name"":""lab-wc-tls"",""cpu"":""0.00%"",""mem"":""28.21MiB / 122.8GiB""},{""name"":""lab-prestashop"",""cpu"":""0.01%"",""mem"":""180.9MiB / 122.8GiB""},{""name"":""lab-woocommerce"",""cpu"":""0.01%"",""mem"":""292.4MiB / 122.8GiB""},{""name"":""lab-redis"",""cpu"":""0.29%"",""mem"":""77.86MiB / 122.8GiB""},{""name"":""lab-postgres"",""cpu"":""0.32%"",""mem"":""240.3MiB / 122.8GiB""},{""name"":""lab-mysql"",""cpu"":""0.89%"",""mem"":""722.3MiB / 122.8GiB""},{""name"":""lab-woocommerce-mysql"",""cpu"":""0.96%"",""mem"":""509.6MiB / 122.8GiB""}]"
2026-09-10T13:23:02Z,4,0,0,0,30,2667706035,"[{""name"":""lab-worker-1"",""cpu"":""2.00%"",""mem"":""129.8MiB / 122.8GiB""},{""name"":""lab-api"",""cpu"":""0.00%"",""mem"":""142MiB / 122.8GiB""},{""name"":""lab-allegro-stub"",""cpu"":""0.01%"",""mem"":""20.36MiB / 122.8GiB""},{""name"":""lab-erli-stub"",""cpu"":""0.00%"",""mem"":""18.05MiB / 122.8GiB""},{""name"":""lab-eparagony-stub"",""cpu"":""0.00%"",""mem"":""20.36MiB / 122.8GiB""},{""name"":""lab-invoicing-stub"",""cpu"":""0.01%"",""mem"":""16.62MiB / 122.8GiB""},{""name"":""lab-shipping-stub"",""cpu"":""0.01%"",""mem"":""16.59MiB / 122.8GiB""},{""name"":""lab-eparagony-stub-tls"",""cpu"":""0.00%"",""mem"":""23.3MiB / 122.8GiB""},{""name"":""lab-erli-stub-tls"",""cpu"":""0.00%"",""mem"":""22.67MiB / 122.8GiB""},{""name"":""lab-wc-tls"",""cpu"":""0.00%"",""mem"":""28.21MiB / 122.8GiB""},{""name"":""lab-prestashop"",""cpu"":""28.60%"",""mem"":""194.9MiB / 122.8GiB""},{""name"":""lab-woocommerce"",""cpu"":""0.01%"",""mem"":""292.4MiB / 122.8GiB""},{""name"":""lab-redis"",""cpu"":""0.48%"",""mem"":""77.87MiB / 122.8GiB""},{""name"":""lab-postgres"",""cpu"":""0.36%"",""mem"":""240.1MiB / 122.8GiB""},{""name"":""lab-mysql"",""cpu"":""27.85%"",""mem"":""722.5MiB / 122.8GiB""},{""name"":""lab-woocommerce-mysql"",""cpu"":""1.00%"",""mem"":""509.6MiB / 122.8GiB""}]"
2026-09-10T13:23:06Z,3,0,1,0,29,2667706035,"[{""name"":""lab-worker-1"",""cpu"":""0.65%"",""mem"":""129.8MiB / 122.8GiB""},{""name"":""lab-api"",""cpu"":""0.00%"",""mem"":""142.1MiB / 122.8GiB""},{""name"":""lab-allegro-stub"",""cpu"":""2.81%"",""mem"":""20.39MiB / 122.8GiB""},{""name"":""lab-erli-stub"",""cpu"":""0.01%"",""mem"":""18.05MiB / 122.8GiB""},{""name"":""lab-eparagony-stub"",""cpu"":""0.01%"",""mem"":""20.37MiB / 122.8GiB""},{""name"":""lab-invoicing-stub"",""cpu"":""3.47%"",""mem"":""16.62MiB / 122.8GiB""},{""name"":""lab-shipping-stub"",""cpu"":""2.80%"",""mem"":""16.62MiB / 122.8GiB""},{""name"":""lab-eparagony-stub-tls"",""cpu"":""0.00%"",""mem"":""23.3MiB / 122.8GiB""},{""name"":""lab-erli-stub-tls"",""cpu"":""0.00%"",""mem"":""22.67MiB / 122.8GiB""},{""name"":""lab-wc-tls"",""cpu"":""0.00%"",""mem"":""28.21MiB / 122.8GiB""},{""name"":""lab-prestashop"",""cpu"":""16.14%"",""mem"":""221MiB / 122.8GiB""},{""name"":""lab-woocommerce"",""cpu"":""0.01%"",""mem"":""292.4MiB / 122.8GiB""},{""name"":""lab-redis"",""cpu"":""0.28%"",""mem"":""77.88MiB / 122.8GiB""},{""name"":""lab-postgres"",""cpu"":""0.36%"",""mem"":""237.9MiB / 122.8GiB""},{""name"":""lab-mysql"",""cpu"":""12.98%"",""mem"":""722.3MiB / 122.8GiB""},{""name"":""lab-woocommerce-mysql"",""cpu"":""0.94%"",""mem"":""509.6MiB / 122.8GiB""}]"
2026-09-10T13:23:10Z,4,0,1,0,29,2667706035,"[{""name"":""lab-worker-1"",""cpu"":""0.43%"",""mem"":""129.8MiB / 122.8GiB""},{""name"":""lab-api"",""cpu"":""0.00%"",""mem"":""142.1MiB / 122.8GiB""},{""name"":""lab-allegro-stub"",""cpu"":""0.00%"",""mem"":""20.36MiB / 122.8GiB""},{""name"":""lab-erli-stub"",""cpu"":""0.00%"",""mem"":""18.05MiB / 122.8GiB""},{""name"":""lab-eparagony-stub"",""cpu"":""4.25%"",""mem"":""20.42MiB / 122.8GiB""},{""name"":""lab-invoicing-stub"",""cpu"":""0.00%"",""mem"":""16.6MiB / 122.8GiB""},{""name"":""lab-shipping-stub"",""cpu"":""0.00%"",""mem"":""16.58MiB / 122.8GiB""},{""name"":""lab-eparagony-stub-tls"",""cpu"":""0.00%"",""mem"":""23.3MiB / 122.8GiB""},{""name"":""lab-erli-stub-tls"",""cpu"":""0.00%"",""mem"":""22.67MiB / 122.8GiB""},{""name"":""lab-wc-tls"",""cpu"":""0.00%"",""mem"":""28.21MiB / 122.8GiB""},{""name"":""lab-prestashop"",""cpu"":""14.37%"",""mem"":""239.1MiB / 122.8GiB""},{""name"":""lab-woocommerce"",""cpu"":""0.00%"",""mem"":""292.4MiB / 122.8GiB""},{""name"":""lab-redis"",""cpu"":""0.37%"",""mem"":""77.87MiB / 122.8GiB""},{""name"":""lab-postgres"",""cpu"":""0.29%"",""mem"":""238MiB / 122.8GiB""},{""name"":""lab-mysql"",""cpu"":""18.54%"",""mem"":""722.3MiB / 122.8GiB""},{""name"":""lab-woocommerce-mysql"",""cpu"":""0.97%"",""mem"":""509.6MiB / 122.8GiB""}]"
2026-09-10T13:23:14Z,4,1,1,0,28,2667706035,"[{""name"":""lab-worker-1"",""cpu"":""0.65%"",""mem"":""129.8MiB / 122.8GiB""},{""name"":""lab-api"",""cpu"":""0.00%"",""mem"":""142.1MiB / 122.8GiB""},{""name"":""lab-allegro-stub"",""cpu"":""0.00%"",""mem"":""20.36MiB / 122.8GiB""},{""name"":""lab-erli-stub"",""cpu"":""0.00%"",""mem"":""18.05MiB / 122.8GiB""},{""name"":""lab-eparagony-stub"",""cpu"":""0.00%"",""mem"":""20.36MiB / 122.8GiB""},{""name"":""lab-invoicing-stub"",""cpu"":""0.00%"",""mem"":""16.6MiB / 122.8GiB""},{""name"":""lab-shipping-stub"",""cpu"":""0.00%"",""mem"":""16.58MiB / 122.8GiB""},{""name"":""lab-eparagony-stub-tls"",""cpu"":""0.00%"",""mem"":""23.3MiB / 122.8GiB""},{""name"":""lab-erli-stub-tls"",""cpu"":""0.00%"",""mem"":""22.67MiB / 122.8GiB""},{""name"":""lab-wc-tls"",""cpu"":""0.00%"",""mem"":""28.21MiB / 122.8GiB""},{""name"":""lab-prestashop"",""cpu"":""19.55%"",""mem"":""259.4MiB / 122.8GiB""},{""name"":""lab-woocommerce"",""cpu"":""0.02%"",""mem"":""292.4MiB / 122.8GiB""},{""name"":""lab-redis"",""cpu"":""0.32%"",""mem"":""78.11MiB / 122.8GiB""},{""name"":""lab-postgres"",""cpu"":""0.36%"",""mem"":""237.9MiB / 122.8GiB""},{""name"":""lab-mysql"",""cpu"":""22.52%"",""mem"":""722.5MiB / 122.8GiB""},{""name"":""lab-woocommerce-mysql"",""cpu"":""1.01%"",""mem"":""509.6MiB / 122.8GiB""}]"
2026-09-10T13:23:17Z,4,96,2,0,28,2667706035,"[{""name"":""lab-worker-1"",""cpu"":""4.72%"",""mem"":""130.4MiB / 122.8GiB""},{""name"":""lab-api"",""cpu"":""0.00%"",""mem"":""142.1MiB / 122.8GiB""},{""name"":""lab-allegro-stub"",""cpu"":""0.02%"",""mem"":""20.36MiB / 122.8GiB""},{""name"":""lab-erli-stub"",""cpu"":""0.00%"",""mem"":""18.05MiB / 122.8GiB""},{""name"":""lab-eparagony-stub"",""cpu"":""0.00%"",""mem"":""20.36MiB / 122.8GiB""},{""name"":""lab-invoicing-stub"",""cpu"":""0.01%"",""mem"":""16.61MiB / 122.8GiB""},{""name"":""lab-shipping-stub"",""cpu"":""0.01%"",""mem"":""16.58MiB / 122.8GiB""},{""name"":""lab-eparagony-stub-tls"",""cpu"":""0.00%"",""mem"":""23.3MiB / 122.8GiB""},{""name"":""lab-erli-stub-tls"",""cpu"":""0.00%"",""mem"":""22.67MiB / 122.8GiB""},{""name"":""lab-wc-tls"",""cpu"":""0.00%"",""mem"":""28.21MiB / 122.8GiB""},{""name"":""lab-prestashop"",""cpu"":""7.50%"",""mem"":""257.2MiB / 122.8GiB""},{""name"":""lab-woocommerce"",""cpu"":""0.00%"",""mem"":""292.4MiB / 122.8GiB""},{""name"":""lab-redis"",""cpu"":""0.65%"",""mem"":""77.91MiB / 122.8GiB""},{""name"":""lab-postgres"",""cpu"":""8.18%"",""mem"":""242.6MiB / 122.8GiB""},{""name"":""lab-mysql"",""cpu"":""12.14%"",""mem"":""722.3MiB / 122.8GiB""},{""name"":""lab-woocommerce-mysql"",""cpu"":""0.76%"",""mem"":""509.6MiB / 122.8GiB""}]"
2026-09-10T13:23:21Z,3,96,2,0,30,2667706035,"[{""name"":""lab-worker-1"",""cpu"":""7.03%"",""mem"":""130.2MiB / 122.8GiB""},{""name"":""lab-api"",""cpu"":""0.00%"",""mem"":""142.1MiB / 122.8GiB""},{""name"":""lab-allegro-stub"",""cpu"":""0.00%"",""mem"":""20.36MiB / 122.8GiB""},{""name"":""lab-erli-stub"",""cpu"":""4.16%"",""mem"":""18.09MiB / 122.8GiB""},{""name"":""lab-eparagony-stub"",""cpu"":""0.01%"",""mem"":""20.37MiB / 122.8GiB""},{""name"":""lab-invoicing-stub"",""cpu"":""0.00%"",""mem"":""16.6MiB / 122.8GiB""},{""name"":""lab-shipping-stub"",""cpu"":""0.00%"",""mem"":""16.58MiB / 122.8GiB""},{""name"":""lab-eparagony-stub-tls"",""cpu"":""0.00%"",""mem"":""23.3MiB / 122.8GiB""},{""name"":""lab-erli-stub-tls"",""cpu"":""0.00%"",""mem"":""22.67MiB / 122.8GiB""},{""name"":""lab-wc-tls"",""cpu"":""0.00%"",""mem"":""28.21MiB / 122.8GiB""},{""name"":""lab-prestashop"",""cpu"":""7.98%"",""mem"":""257.2MiB / 122.8GiB""},{""name"":""lab-woocommerce"",""cpu"":""0.00%"",""mem"":""292.4MiB / 122.8GiB""},{""name"":""lab-redis"",""cpu"":""0.79%"",""mem"":""78.16MiB / 122.8GiB""},{""name"":""lab-postgres"",""cpu"":""2.72%"",""mem"":""243.4MiB / 122.8GiB""},{""name"":""lab-mysql"",""cpu"":""7.77%"",""mem"":""722.5MiB / 122.8GiB""},{""name"":""lab-woocommerce-mysql"",""cpu"":""5.37%"",""mem"":""509.6MiB / 122.8GiB""}]"
2026-09-10T13:23:25Z,4,94,3,0,31,2667722419,"[{""name"":""lab-worker-1"",""cpu"":""20.00%"",""mem"":""130.9MiB / 122.8GiB""},{""name"":""lab-api"",""cpu"":""0.00%"",""mem"":""142.1MiB / 122.8GiB""},{""name"":""lab-allegro-stub"",""cpu"":""0.00%"",""mem"":""20.36MiB / 122.8GiB""},{""name"":""lab-erli-stub"",""cpu"":""0.00%"",""mem"":""18.05MiB / 122.8GiB""},{""name"":""lab-eparagony-stub"",""cpu"":""0.00%"",""mem"":""20.36MiB / 122.8GiB""},{""name"":""lab-invoicing-stub"",""cpu"":""0.00%"",""mem"":""16.61MiB / 122.8GiB""},{""name"":""lab-shipping-stub"",""cpu"":""0.00%"",""mem"":""16.58MiB / 122.8GiB""},{""name"":""lab-eparagony-stub-tls"",""cpu"":""0.00%"",""mem"":""23.3MiB / 122.8GiB""},{""name"":""lab-erli-stub-tls"",""cpu"":""0.00%"",""mem"":""22.67MiB / 122.8GiB""},{""name"":""lab-wc-tls"",""cpu"":""0.00%"",""mem"":""28.21MiB / 122.8GiB""},{""name"":""lab-prestashop"",""cpu"":""13.39%"",""mem"":""257.2MiB / 122.8GiB""},{""name"":""lab-woocommerce"",""cpu"":""0.01%"",""mem"":""292.4MiB / 122.8GiB""},{""name"":""lab-redis"",""cpu"":""3.14%"",""mem"":""77.95MiB / 122.8GiB""},{""name"":""lab-postgres"",""cpu"":""13.89%"",""mem"":""241.2MiB / 122.8GiB""},{""name"":""lab-mysql"",""cpu"":""15.79%"",""mem"":""722.3MiB / 122.8GiB""},{""name"":""lab-woocommerce-mysql"",""cpu"":""0.86%"",""mem"":""509.6MiB / 122.8GiB""}]"
2026-09-10T13:23:28Z,4,192,1,0,34,2667722419,"[{""name"":""lab-worker-1"",""cpu"":""18.74%"",""mem"":""129.7MiB / 122.8GiB""},{""name"":""lab-api"",""cpu"":""0.00%"",""mem"":""142.1MiB / 122.8GiB""},{""name"":""lab-allegro-stub"",""cpu"":""0.00%"",""mem"":""20.36MiB / 122.8GiB""},{""name"":""lab-erli-stub"",""cpu"":""0.00%"",""mem"":""18.05MiB / 122.8GiB""},{""name"":""lab-eparagony-stub"",""cpu"":""0.00%"",""mem"":""20.36MiB / 122.8GiB""},{""name"":""lab-invoicing-stub"",""cpu"":""0.00%"",""mem"":""16.6MiB / 122.8GiB""},{""name"":""lab-shipping-stub"",""cpu"":""0.00%"",""mem"":""16.58MiB / 122.8GiB""},{""name"":""lab-eparagony-stub-tls"",""cpu"":""0.00%"",""mem"":""23.3MiB / 122.8GiB""},{""name"":""lab-erli-stub-tls"",""cpu"":""0.00%"",""mem"":""22.67MiB / 122.8GiB""},{""name"":""lab-wc-tls"",""cpu"":""0.00%"",""mem"":""28.21MiB / 122.8GiB""},{""name"":""lab-prestashop"",""cpu"":""7.04%"",""mem"":""257.2MiB / 122.8GiB""},{""name"":""lab-woocommerce"",""cpu"":""0.01%"",""mem"":""292.4MiB / 122.8GiB""},{""name"":""lab-redis"",""cpu"":""4.82%"",""mem"":""77.95MiB / 122.8GiB""},{""name"":""lab-postgres"",""cpu"":""6.28%"",""mem"":""241.6MiB / 122.8GiB""},{""name"":""lab-mysql"",""cpu"":""7.88%"",""mem"":""722.3MiB / 122.8GiB""},{""name"":""lab-woocommerce-mysql"",""cpu"":""0.78%"",""mem"":""509.6MiB / 122.8GiB""}]"
2026-09-10T13:23:32Z,3,190,0,0,37,2667722419,"[{""name"":""lab-worker-1"",""cpu"":""3.85%"",""mem"":""129.9MiB / 122.8GiB""},{""name"":""lab-api"",""cpu"":""0.00%"",""mem"":""142.1MiB / 122.8GiB""},{""name"":""lab-allegro-stub"",""cpu"":""4.00%"",""mem"":""20.39MiB / 122.8GiB""},{""name"":""lab-erli-stub"",""cpu"":""0.00%"",""mem"":""18.05MiB / 122.8GiB""},{""name"":""lab-eparagony-stub"",""cpu"":""0.00%"",""mem"":""20.36MiB / 122.8GiB""},{""name"":""lab-invoicing-stub"",""cpu"":""4.53%"",""mem"":""16.64MiB / 122.8GiB""},{""name"":""lab-shipping-stub"",""cpu"":""4.41%"",""mem"":""16.59MiB / 122.8GiB""},{""name"":""lab-eparagony-stub-tls"",""cpu"":""0.00%"",""mem"":""23.3MiB / 122.8GiB""},{""name"":""lab-erli-stub-tls"",""cpu"":""0.00%"",""mem"":""22.67MiB / 122.8GiB""},{""name"":""lab-wc-tls"",""cpu"":""0.00%"",""mem"":""28.21MiB / 122.8GiB""},{""name"":""lab-prestashop"",""cpu"":""8.07%"",""mem"":""257.2MiB / 122.8GiB""},{""name"":""lab-woocommerce"",""cpu"":""0.01%"",""mem"":""292.4MiB / 122.8GiB""},{""name"":""lab-redis"",""cpu"":""0.82%"",""mem"":""77.95MiB / 122.8GiB""},{""name"":""lab-postgres"",""cpu"":""1.12%"",""mem"":""241.6MiB / 122.8GiB""},{""name"":""lab-mysql"",""cpu"":""8.00%"",""mem"":""722.3MiB / 122.8GiB""},{""name"":""lab-woocommerce-mysql"",""cpu"":""0.92%"",""mem"":""509.6MiB / 122.8GiB""}]"
2026-09-10T13:23:36Z,4,287,1,0,38,2667722419,"[{""name"":""lab-worker-1"",""cpu"":""3.95%"",""mem"":""132.2MiB / 122.8GiB""},{""name"":""lab-api"",""cpu"":""0.00%"",""mem"":""142.1MiB / 122.8GiB""},{""name"":""lab-allegro-stub"",""cpu"":""0.00%"",""mem"":""20.36MiB / 122.8GiB""},{""name"":""lab-erli-stub"",""cpu"":""4.36%"",""mem"":""18.09MiB / 122.8GiB""},{""name"":""lab-eparagony-stub"",""cpu"":""3.90%"",""mem"":""20.38MiB / 122.8GiB""},{""name"":""lab-invoicing-stub"",""cpu"":""0.00%"",""mem"":""16.6MiB / 122.8GiB""},{""name"":""lab-shipping-stub"",""cpu"":""0.00%"",""mem"":""16.58MiB / 122.8GiB""},{""name"":""lab-eparagony-stub-tls"",""cpu"":""0.00%"",""mem"":""23.3MiB / 122.8GiB""},{""name"":""lab-erli-stub-tls"",""cpu"":""0.00%"",""mem"":""22.67MiB / 122.8GiB""},{""name"":""lab-wc-tls"",""cpu"":""0.00%"",""mem"":""28.21MiB / 122.8GiB""},{""name"":""lab-prestashop"",""cpu"":""9.24%"",""mem"":""253.2MiB / 122.8GiB""},{""name"":""lab-woocommerce"",""cpu"":""0.01%"",""mem"":""292.4MiB / 122.8GiB""},{""name"":""lab-redis"",""cpu"":""5.16%"",""mem"":""78.01MiB / 122.8GiB""},{""name"":""lab-postgres"",""cpu"":""1.20%"",""mem"":""241.6MiB / 122.8GiB""},{""name"":""lab-mysql"",""cpu"":""8.44%"",""mem"":""722.3MiB / 122.8GiB""},{""name"":""lab-woocommerce-mysql"",""cpu"":""1.14%"",""mem"":""509.6MiB / 122.8GiB""}]"
2026-09-10T13:23:40Z,4,284,2,0,40,2667722419,"[{""name"":""lab-worker-1"",""cpu"":""3.76%"",""mem"":""132.2MiB / 122.8GiB""},{""name"":""lab-api"",""cpu"":""0.00%"",""mem"":""142.1MiB / 122.8GiB""},{""name"":""lab-allegro-stub"",""cpu"":""0.00%"",""mem"":""20.36MiB / 122.8GiB""},{""name"":""lab-erli-stub"",""cpu"":""0.00%"",""mem"":""18.05MiB / 122.8GiB""},{""name"":""lab-eparagony-stub"",""cpu"":""0.00%"",""mem"":""20.36MiB / 122.8GiB""},{""name"":""lab-invoicing-stub"",""cpu"":""0.00%"",""mem"":""16.6MiB / 122.8GiB""},{""name"":""lab-shipping-stub"",""cpu"":""0.00%"",""mem"":""16.58MiB / 122.8GiB""},{""name"":""lab-eparagony-stub-tls"",""cpu"":""0.00%"",""mem"":""23.3MiB / 122.8GiB""},{""name"":""lab-erli-stub-tls"",""cpu"":""0.00%"",""mem"":""22.67MiB / 122.8GiB""},{""name"":""lab-wc-tls"",""cpu"":""0.00%"",""mem"":""28.21MiB / 122.8GiB""},{""name"":""lab-prestashop"",""cpu"":""8.02%"",""mem"":""249.2MiB / 122.8GiB""},{""name"":""lab-woocommerce"",""cpu"":""0.01%"",""mem"":""292.4MiB / 122.8GiB""},{""name"":""lab-redis"",""cpu"":""0.71%"",""mem"":""78.01MiB / 122.8GiB""},{""name"":""lab-postgres"",""cpu"":""1.50%"",""mem"":""241.6MiB / 122.8GiB""},{""name"":""lab-mysql"",""cpu"":""7.51%"",""mem"":""722.3MiB / 122.8GiB""},{""name"":""lab-woocommerce-mysql"",""cpu"":""0.89%"",""mem"":""509.6MiB / 122.8GiB""}]"
2026-09-10T13:23:43Z,4,281,2,0,43,2667722419,"[{""name"":""lab-worker-1"",""cpu"":""22.22%"",""mem"":""133MiB / 122.8GiB""},{""name"":""lab-api"",""cpu"":""0.00%"",""mem"":""142.1MiB / 122.8GiB""},{""name"":""lab-allegro-stub"",""cpu"":""0.00%"",""mem"":""20.38MiB / 122.8GiB""},{""name"":""lab-erli-stub"",""cpu"":""0.00%"",""mem"":""18.05MiB / 122.8GiB""},{""name"":""lab-eparagony-stub"",""cpu"":""0.00%"",""mem"":""20.36MiB / 122.8GiB""},{""name"":""lab-invoicing-stub"",""cpu"":""0.00%"",""mem"":""16.64MiB / 122.8GiB""},{""name"":""lab-shipping-stub"",""cpu"":""0.00%"",""mem"":""16.58MiB / 122.8GiB""},{""name"":""lab-eparagony-stub-tls"",""cpu"":""0.00%"",""mem"":""23.3MiB / 122.8GiB""},{""name"":""lab-erli-stub-tls"",""cpu"":""0.00%"",""mem"":""22.67MiB / 122.8GiB""},{""name"":""lab-wc-tls"",""cpu"":""0.00%"",""mem"":""28.21MiB / 122.8GiB""},{""name"":""lab-prestashop"",""cpu"":""10.43%"",""mem"":""251.2MiB / 122.8GiB""},{""name"":""lab-woocommerce"",""cpu"":""0.01%"",""mem"":""292.4MiB / 122.8GiB""},{""name"":""lab-redis"",""cpu"":""0.76%"",""mem"":""78MiB / 122.8GiB""},{""name"":""lab-postgres"",""cpu"":""3.33%"",""mem"":""241MiB / 122.8GiB""},{""name"":""lab-mysql"",""cpu"":""11.98%"",""mem"":""722.3MiB / 122.8GiB""},{""name"":""lab-woocommerce-mysql"",""cpu"":""0.88%"",""mem"":""509.6MiB / 122.8GiB""}]"
2026-09-10T13:23:47Z,3,379,2,0,44,2667730611,"[{""name"":""lab-worker-1"",""cpu"":""6.30%"",""mem"":""132.5MiB / 122.8GiB""},{""name"":""lab-api"",""cpu"":""0.00%"",""mem"":""142.1MiB / 122.8GiB""},{""name"":""lab-allegro-stub"",""cpu"":""4.00%"",""mem"":""20.36MiB / 122.8GiB""},{""name"":""lab-erli-stub"",""cpu"":""0.00%"",""mem"":""18.05MiB / 122.8GiB""},{""name"":""lab-eparagony-stub"",""cpu"":""0.00%"",""mem"":""20.36MiB / 122.8GiB""},{""name"":""lab-invoicing-stub"",""cpu"":""4.15%"",""mem"":""16.61MiB / 122.8GiB""},{""name"":""lab-shipping-stub"",""cpu"":""4.04%"",""mem"":""16.58MiB / 122.8GiB""},{""name"":""lab-eparagony-stub-tls"",""cpu"":""0.00%"",""mem"":""23.3MiB / 122.8GiB""},{""name"":""lab-erli-stub-tls"",""cpu"":""0.00%"",""mem"":""22.67MiB / 122.8GiB""},{""name"":""lab-wc-tls"",""cpu"":""0.00%"",""mem"":""28.21MiB / 122.8GiB""},{""name"":""lab-prestashop"",""cpu"":""8.21%"",""mem"":""249.2MiB / 122.8GiB""},{""name"":""lab-woocommerce"",""cpu"":""0.01%"",""mem"":""292.4MiB / 122.8GiB""},{""name"":""lab-redis"",""cpu"":""0.92%"",""mem"":""78.06MiB / 122.8GiB""},{""name"":""lab-postgres"",""cpu"":""7.30%"",""mem"":""241.9MiB / 122.8GiB""},{""name"":""lab-mysql"",""cpu"":""8.17%"",""mem"":""722.3MiB / 122.8GiB""},{""name"":""lab-woocommerce-mysql"",""cpu"":""0.80%"",""mem"":""509.6MiB / 122.8GiB""}]"
2026-09-10T13:23:51Z,4,379,2,0,44,2667730611,"[{""name"":""lab-worker-1"",""cpu"":""3.16%"",""mem"":""132.5MiB / 122.8GiB""},{""name"":""lab-api"",""cpu"":""0.00%"",""mem"":""142.1MiB / 122.8GiB""},{""name"":""lab-allegro-stub"",""cpu"":""0.00%"",""mem"":""20.36MiB / 122.8GiB""},{""name"":""lab-erli-stub"",""cpu"":""3.98%"",""mem"":""18.09MiB / 122.8GiB""},{""name"":""lab-eparagony-stub"",""cpu"":""3.88%"",""mem"":""20.4MiB / 122.8GiB""},{""name"":""lab-invoicing-stub"",""cpu"":""0.00%"",""mem"":""16.6MiB / 122.8GiB""},{""name"":""lab-shipping-stub"",""cpu"":""0.00%"",""mem"":""16.58MiB / 122.8GiB""},{""name"":""lab-eparagony-stub-tls"",""cpu"":""0.00%"",""mem"":""23.3MiB / 122.8GiB""},{""name"":""lab-erli-stub-tls"",""cpu"":""0.00%"",""mem"":""22.67MiB / 122.8GiB""},{""name"":""lab-wc-tls"",""cpu"":""0.00%"",""mem"":""28.21MiB / 122.8GiB""},{""name"":""lab-prestashop"",""cpu"":""7.44%"",""mem"":""249.2MiB / 122.8GiB""},{""name"":""lab-woocommerce"",""cpu"":""0.01%"",""mem"":""292.4MiB / 122.8GiB""},{""name"":""lab-redis"",""cpu"":""0.87%"",""mem"":""78.05MiB / 122.8GiB""},{""name"":""lab-postgres"",""cpu"":""0.39%"",""mem"":""241.7MiB / 122.8GiB""},{""name"":""lab-mysql"",""cpu"":""8.28%"",""mem"":""722.3MiB / 122.8GiB""},{""name"":""lab-woocommerce-mysql"",""cpu"":""5.44%"",""mem"":""509.6MiB / 122.8GiB""}]"
2026-09-10T13:23:54Z,4,380,0,0,45,2667730611,"[{""name"":""lab-worker-1"",""cpu"":""32.53%"",""mem"":""132.8MiB / 122.8GiB""},{""name"":""lab-api"",""cpu"":""0.00%"",""mem"":""142.1MiB / 122.8GiB""},{""name"":""lab-allegro-stub"",""cpu"":""0.00%"",""mem"":""20.36MiB / 122.8GiB""},{""name"":""lab-erli-stub"",""cpu"":""0.00%"",""mem"":""18.05MiB / 122.8GiB""},{""name"":""lab-eparagony-stub"",""cpu"":""0.00%"",""mem"":""20.38MiB / 122.8GiB""},{""name"":""lab-invoicing-stub"",""cpu"":""0.00%"",""mem"":""16.6MiB / 122.8GiB""},{""name"":""lab-shipping-stub"",""cpu"":""0.00%"",""mem"":""16.58MiB / 122.8GiB""},{""name"":""lab-eparagony-stub-tls"",""cpu"":""0.00%"",""mem"":""23.3MiB / 122.8GiB""},{""name"":""lab-erli-stub-tls"",""cpu"":""0.00%"",""mem"":""22.67MiB / 122.8GiB""},{""name"":""lab-wc-tls"",""cpu"":""0.00%"",""mem"":""28.21MiB / 122.8GiB""},{""name"":""lab-prestashop"",""cpu"":""12.98%"",""mem"":""249.5MiB / 122.8GiB""},{""name"":""lab-woocommerce"",""cpu"":""0.01%"",""mem"":""292.4MiB / 122.8GiB""},{""name"":""lab-redis"",""cpu"":""2.82%"",""mem"":""78.11MiB / 122.8GiB""},{""name"":""lab-postgres"",""cpu"":""12.49%"",""mem"":""241.9MiB / 122.8GiB""},{""name"":""lab-mysql"",""cpu"":""16.81%"",""mem"":""722.3MiB / 122.8GiB""},{""name"":""lab-woocommerce-mysql"",""cpu"":""0.99%"",""mem"":""509.6MiB / 122.8GiB""}]"
2026-09-10T13:23:58Z,3,478,1,0,44,2667730611,"[{""name"":""lab-worker-1"",""cpu"":""5.34%"",""mem"":""133MiB / 122.8GiB""},{""name"":""lab-api"",""cpu"":""0.00%"",""mem"":""142.1MiB / 122.8GiB""},{""name"":""lab-allegro-stub"",""cpu"":""0.01%"",""mem"":""20.53MiB / 122.8GiB""},{""name"":""lab-erli-stub"",""cpu"":""0.00%"",""mem"":""18.05MiB / 122.8GiB""},{""name"":""lab-eparagony-stub"",""cpu"":""0.00%"",""mem"":""20.36MiB / 122.8GiB""},{""name"":""lab-invoicing-stub"",""cpu"":""0.01%"",""mem"":""16.61MiB / 122.8GiB""},{""name"":""lab-shipping-stub"",""cpu"":""0.00%"",""mem"":""16.58MiB / 122.8GiB""},{""name"":""lab-eparagony-stub-tls"",""cpu"":""0.00%"",""mem"":""23.3MiB / 122.8GiB""},{""name"":""lab-erli-stub-tls"",""cpu"":""0.00%"",""mem"":""22.67MiB / 122.8GiB""},{""name"":""lab-wc-tls"",""cpu"":""0.00%"",""mem"":""28.21MiB / 122.8GiB""},{""name"":""lab-prestashop"",""cpu"":""7.98%"",""mem"":""245.2MiB / 122.8GiB""},{""name"":""lab-woocommerce"",""cpu"":""0.00%"",""mem"":""292.4MiB / 122.8GiB""},{""name"":""lab-redis"",""cpu"":""0.64%"",""mem"":""78.37MiB / 122.8GiB""},{""name"":""lab-postgres"",""cpu"":""2.40%"",""mem"":""241.7MiB / 122.8GiB""},{""name"":""lab-mysql"",""cpu"":""11.97%"",""mem"":""722.3MiB / 122.8GiB""},{""name"":""lab-woocommerce-mysql"",""cpu"":""0.83%"",""mem"":""509.6MiB / 122.8GiB""}]"
2026-09-10T13:24:02Z,4,478,2,0,43,2667730611,"[{""name"":""lab-worker-1"",""cpu"":""4.34%"",""mem"":""133MiB / 122.8GiB""},{""name"":""lab-api"",""cpu"":""0.00%"",""mem"":""142.1MiB / 122.8GiB""},{""name"":""lab-allegro-stub"",""cpu"":""3.93%"",""mem"":""20.53MiB / 122.8GiB""},{""name"":""lab-erli-stub"",""cpu"":""0.01%"",""mem"":""18.05MiB / 122.8GiB""},{""name"":""lab-eparagony-stub"",""cpu"":""0.00%"",""mem"":""20.36MiB / 122.8GiB""},{""name"":""lab-invoicing-stub"",""cpu"":""4.04%"",""mem"":""16.65MiB / 122.8GiB""},{""name"":""lab-shipping-stub"",""cpu"":""3.84%"",""mem"":""16.6MiB / 122.8GiB""},{""name"":""lab-eparagony-stub-tls"",""cpu"":""0.00%"",""mem"":""23.3MiB / 122.8GiB""},{""name"":""lab-erli-stub-tls"",""cpu"":""0.00%"",""mem"":""22.67MiB / 122.8GiB""},{""name"":""lab-wc-tls"",""cpu"":""0.00%"",""mem"":""28.21MiB / 122.8GiB""},{""name"":""lab-prestashop"",""cpu"":""7.81%"",""mem"":""245.2MiB / 122.8GiB""},{""name"":""lab-woocommerce"",""cpu"":""0.00%"",""mem"":""292.4MiB / 122.8GiB""},{""name"":""lab-redis"",""cpu"":""0.67%"",""mem"":""78.11MiB / 122.8GiB""},{""name"":""lab-postgres"",""cpu"":""1.39%"",""mem"":""241.7MiB / 122.8GiB""},{""name"":""lab-mysql"",""cpu"":""7.97%"",""mem"":""722.3MiB / 122.8GiB""},{""name"":""lab-woocommerce-mysql"",""cpu"":""0.88%"",""mem"":""509.6MiB / 122.8GiB""}]"
2026-09-10T13:24:05Z,4,479,2,0,45,2667730611,"[{""name"":""lab-worker-1"",""cpu"":""4.27%"",""mem"":""133.4MiB / 122.8GiB""},{""name"":""lab-api"",""cpu"":""0.00%"",""mem"":""142.1MiB / 122.8GiB""},{""name"":""lab-allegro-stub"",""cpu"":""0.00%"",""mem"":""20.51MiB / 122.8GiB""},{""name"":""lab-erli-stub"",""cpu"":""0.00%"",""mem"":""18.05MiB / 122.8GiB""},{""name"":""lab-eparagony-stub"",""cpu"":""4.38%"",""mem"":""20.36MiB / 122.8GiB""},{""name"":""lab-invoicing-stub"",""cpu"":""0.00%"",""mem"":""16.6MiB / 122.8GiB""},{""name"":""lab-shipping-stub"",""cpu"":""0.00%"",""mem"":""16.58MiB / 122.8GiB""},{""name"":""lab-eparagony-stub-tls"",""cpu"":""0.00%"",""mem"":""23.3MiB / 122.8GiB""},{""name"":""lab-erli-stub-tls"",""cpu"":""0.00%"",""mem"":""22.67MiB / 122.8GiB""},{""name"":""lab-wc-tls"",""cpu"":""0.00%"",""mem"":""28.21MiB / 122.8GiB""},{""name"":""lab-prestashop"",""cpu"":""7.39%"",""mem"":""245.2MiB / 122.8GiB""},{""name"":""lab-woocommerce"",""cpu"":""0.01%"",""mem"":""294.4MiB / 122.8GiB""},{""name"":""lab-redis"",""cpu"":""4.74%"",""mem"":""78.24MiB / 122.8GiB""},{""name"":""lab-postgres"",""cpu"":""1.94%"",""mem"":""241.7MiB / 122.8GiB""},{""name"":""lab-mysql"",""cpu"":""7.50%"",""mem"":""722.5MiB / 122.8GiB""},{""name"":""lab-woocommerce-mysql"",""cpu"":""0.82%"",""mem"":""509.6MiB / 122.8GiB""}]"
2026-09-10T13:24:09Z,4,578,2,0,43,2667730611,"[{""name"":""lab-worker-1"",""cpu"":""4.24%"",""mem"":""132.9MiB / 122.8GiB""},{""name"":""lab-api"",""cpu"":""0.00%"",""mem"":""142.1MiB / 122.8GiB""},{""name"":""lab-allegro-stub"",""cpu"":""0.00%"",""mem"":""20.51MiB / 122.8GiB""},{""name"":""lab-erli-stub"",""cpu"":""0.00%"",""mem"":""18.05MiB / 122.8GiB""},{""name"":""lab-eparagony-stub"",""cpu"":""0.00%"",""mem"":""20.36MiB / 122.8GiB""},{""name"":""lab-invoicing-stub"",""cpu"":""0.00%"",""mem"":""16.6MiB / 122.8GiB""},{""name"":""lab-shipping-stub"",""cpu"":""0.00%"",""mem"":""16.58MiB / 122.8GiB""},{""name"":""lab-eparagony-stub-tls"",""cpu"":""0.00%"",""mem"":""23.3MiB / 122.8GiB""},{""name"":""lab-erli-stub-tls"",""cpu"":""0.00%"",""mem"":""22.67MiB / 122.8GiB""},{""name"":""lab-wc-tls"",""cpu"":""0.00%"",""mem"":""28.21MiB / 122.8GiB""},{""name"":""lab-prestashop"",""cpu"":""7.62%"",""mem"":""241.2MiB / 122.8GiB""},{""name"":""lab-woocommerce"",""cpu"":""0.01%"",""mem"":""294.4MiB / 122.8GiB""},{""name"":""lab-redis"",""cpu"":""0.63%"",""mem"":""78.16MiB / 122.8GiB""},{""name"":""lab-postgres"",""cpu"":""2.07%"",""mem"":""241.7MiB / 122.8GiB""},{""name"":""lab-mysql"",""cpu"":""6.78%"",""mem"":""722.3MiB / 122.8GiB""},{""name"":""lab-woocommerce-mysql"",""cpu"":""0.96%"",""mem"":""509.6MiB / 122.8GiB""}]"
2026-09-10T13:24:13Z,3,579,2,0,43,2667730611,"[{""name"":""lab-worker-1"",""cpu"":""23.29%"",""mem"":""133.9MiB / 122.8GiB""},{""name"":""lab-api"",""cpu"":""0.00%"",""mem"":""142.1MiB / 122.8GiB""},{""name"":""lab-allegro-stub"",""cpu"":""0.01%"",""mem"":""20.52MiB / 122.8GiB""},{""name"":""lab-erli-stub"",""cpu"":""0.01%"",""mem"":""18.05MiB / 122.8GiB""},{""name"":""lab-eparagony-stub"",""cpu"":""0.00%"",""mem"":""20.36MiB / 122.8GiB""},{""name"":""lab-invoicing-stub"",""cpu"":""0.01%"",""mem"":""16.62MiB / 122.8GiB""},{""name"":""lab-shipping-stub"",""cpu"":""0.01%"",""mem"":""16.58MiB / 122.8GiB""},{""name"":""lab-eparagony-stub-tls"",""cpu"":""0.00%"",""mem"":""23.3MiB / 122.8GiB""},{""name"":""lab-erli-stub-tls"",""cpu"":""0.00%"",""mem"":""22.67MiB / 122.8GiB""},{""name"":""lab-wc-tls"",""cpu"":""0.00%"",""mem"":""28.21MiB / 122.8GiB""},{""name"":""lab-prestashop"",""cpu"":""11.06%"",""mem"":""241.2MiB / 122.8GiB""},{""name"":""lab-woocommerce"",""cpu"":""0.00%"",""mem"":""294.4MiB / 122.8GiB""},{""name"":""lab-redis"",""cpu"":""3.67%"",""mem"":""78.21MiB / 122.8GiB""},{""name"":""lab-postgres"",""cpu"":""10.93%"",""mem"":""241.7MiB / 122.8GiB""},{""name"":""lab-mysql"",""cpu"":""12.29%"",""mem"":""722.3MiB / 122.8GiB""},{""name"":""lab-woocommerce-mysql"",""cpu"":""0.88%"",""mem"":""509.6MiB / 122.8GiB""}]"
2026-09-10T13:24:17Z,4,679,2,0,42,2667738803,"[{""name"":""lab-worker-1"",""cpu"":""4.01%"",""mem"":""133.3MiB / 122.8GiB""},{""name"":""lab-api"",""cpu"":""0.00%"",""mem"":""142.1MiB / 122.8GiB""},{""name"":""lab-allegro-stub"",""cpu"":""0.00%"",""mem"":""20.51MiB / 122.8GiB""},{""name"":""lab-erli-stub"",""cpu"":""4.21%"",""mem"":""18.12MiB / 122.8GiB""},{""name"":""lab-eparagony-stub"",""cpu"":""0.00%"",""mem"":""20.39MiB / 122.8GiB""},{""name"":""lab-invoicing-stub"",""cpu"":""0.00%"",""mem"":""16.6MiB / 122.8GiB""},{""name"":""lab-shipping-stub"",""cpu"":""0.00%"",""mem"":""16.58MiB / 122.8GiB""},{""name"":""lab-eparagony-stub-tls"",""cpu"":""0.00%"",""mem"":""23.3MiB / 122.8GiB""},{""name"":""lab-erli-stub-tls"",""cpu"":""0.00%"",""mem"":""22.67MiB / 122.8GiB""},{""name"":""lab-wc-tls"",""cpu"":""0.00%"",""mem"":""28.21MiB / 122.8GiB""},{""name"":""lab-prestashop"",""cpu"":""8.85%"",""mem"":""223.2MiB / 122.8GiB""},{""name"":""lab-woocommerce"",""cpu"":""0.00%"",""mem"":""294.4MiB / 122.8GiB""},{""name"":""lab-redis"",""cpu"":""0.79%"",""mem"":""78.23MiB / 122.8GiB""},{""name"":""lab-postgres"",""cpu"":""0.49%"",""mem"":""241.7MiB / 122.8GiB""},{""name"":""lab-mysql"",""cpu"":""7.56%"",""mem"":""722.3MiB / 122.8GiB""},{""name"":""lab-woocommerce-mysql"",""cpu"":""0.97%"",""mem"":""509.6MiB / 122.8GiB""}]"
2026-09-10T13:24:20Z,4,677,2,0,43,2667746995,"[{""name"":""lab-worker-1"",""cpu"":""7.21%"",""mem"":""133.3MiB / 122.8GiB""},{""name"":""lab-api"",""cpu"":""0.01%"",""mem"":""142.1MiB / 122.8GiB""},{""name"":""lab-allegro-stub"",""cpu"":""0.00%"",""mem"":""20.51MiB / 122.8GiB""},{""name"":""lab-erli-stub"",""cpu"":""0.00%"",""mem"":""18.1MiB / 122.8GiB""},{""name"":""lab-eparagony-stub"",""cpu"":""0.00%"",""mem"":""20.37MiB / 122.8GiB""},{""name"":""lab-invoicing-stub"",""cpu"":""0.00%"",""mem"":""16.6MiB / 122.8GiB""},{""name"":""lab-shipping-stub"",""cpu"":""0.00%"",""mem"":""16.58MiB / 122.8GiB""},{""name"":""lab-eparagony-stub-tls"",""cpu"":""0.00%"",""mem"":""23.3MiB / 122.8GiB""},{""name"":""lab-erli-stub-tls"",""cpu"":""0.00%"",""mem"":""22.67MiB / 122.8GiB""},{""name"":""lab-wc-tls"",""cpu"":""0.00%"",""mem"":""28.21MiB / 122.8GiB""},{""name"":""lab-prestashop"",""cpu"":""6.17%"",""mem"":""217.2MiB / 122.8GiB""},{""name"":""lab-woocommerce"",""cpu"":""0.01%"",""mem"":""294.4MiB / 122.8GiB""},{""name"":""lab-redis"",""cpu"":""0.60%"",""mem"":""78.22MiB / 122.8GiB""},{""name"":""lab-postgres"",""cpu"":""1.67%"",""mem"":""241.7MiB / 122.8GiB""},{""name"":""lab-mysql"",""cpu"":""4.83%"",""mem"":""722.3MiB / 122.8GiB""},{""name"":""lab-woocommerce-mysql"",""cpu"":""0.60%"",""mem"":""509.6MiB / 122.8GiB""}]"
2026-09-10T13:24:24Z,3,678,2,0,41,2667746995,"[{""name"":""lab-worker-1"",""cpu"":""5.46%"",""mem"":""133.4MiB / 122.8GiB""},{""name"":""lab-api"",""cpu"":""0.00%"",""mem"":""142.1MiB / 122.8GiB""},{""name"":""lab-allegro-stub"",""cpu"":""0.00%"",""mem"":""20.51MiB / 122.8GiB""},{""name"":""lab-erli-stub"",""cpu"":""0.00%"",""mem"":""18.05MiB / 122.8GiB""},{""name"":""lab-eparagony-stub"",""cpu"":""0.00%"",""mem"":""20.36MiB / 122.8GiB""},{""name"":""lab-invoicing-stub"",""cpu"":""0.00%"",""mem"":""16.6MiB / 122.8GiB""},{""name"":""lab-shipping-stub"",""cpu"":""0.00%"",""mem"":""16.58MiB / 122.8GiB""},{""name"":""lab-eparagony-stub-tls"",""cpu"":""0.00%"",""mem"":""23.3MiB / 122.8GiB""},{""name"":""lab-erli-stub-tls"",""cpu"":""0.00%"",""mem"":""22.67MiB / 122.8GiB""},{""name"":""lab-wc-tls"",""cpu"":""0.00%"",""mem"":""28.21MiB / 122.8GiB""},{""name"":""lab-prestashop"",""cpu"":""6.82%"",""mem"":""217.2MiB / 122.8GiB""},{""name"":""lab-woocommerce"",""cpu"":""0.01%"",""mem"":""294.4MiB / 122.8GiB""},{""name"":""lab-redis"",""cpu"":""0.53%"",""mem"":""78.28MiB / 122.8GiB""},{""name"":""lab-postgres"",""cpu"":""3.02%"",""mem"":""241.7MiB / 122.8GiB""},{""name"":""lab-mysql"",""cpu"":""6.02%"",""mem"":""722.3MiB / 122.8GiB""},{""name"":""lab-woocommerce-mysql"",""cpu"":""0.88%"",""mem"":""509.6MiB / 122.8GiB""}]"
2026-09-10T13:24:27Z,4,778,2,0,40,2667746995,"[{""name"":""lab-worker-1"",""cpu"":""4.70%"",""mem"":""133.8MiB / 122.8GiB""},{""name"":""lab-api"",""cpu"":""0.00%"",""mem"":""142.1MiB / 122.8GiB""},{""name"":""lab-allegro-stub"",""cpu"":""3.95%"",""mem"":""20.51MiB / 122.8GiB""},{""name"":""lab-erli-stub"",""cpu"":""0.01%"",""mem"":""18.05MiB / 122.8GiB""},{""name"":""lab-eparagony-stub"",""cpu"":""0.00%"",""mem"":""20.36MiB / 122.8GiB""},{""name"":""lab-invoicing-stub"",""cpu"":""3.42%"",""mem"":""16.6MiB / 122.8GiB""},{""name"":""lab-shipping-stub"",""cpu"":""4.05%"",""mem"":""16.58MiB / 122.8GiB""},{""name"":""lab-eparagony-stub-tls"",""cpu"":""0.00%"",""mem"":""23.3MiB / 122.8GiB""},{""name"":""lab-erli-stub-tls"",""cpu"":""0.00%"",""mem"":""22.67MiB / 122.8GiB""},{""name"":""lab-wc-tls"",""cpu"":""0.00%"",""mem"":""28.21MiB / 122.8GiB""},{""name"":""lab-prestashop"",""cpu"":""7.90%"",""mem"":""217.2MiB / 122.8GiB""},{""name"":""lab-woocommerce"",""cpu"":""0.00%"",""mem"":""294.4MiB / 122.8GiB""},{""name"":""lab-redis"",""cpu"":""0.64%"",""mem"":""78.29MiB / 122.8GiB""},{""name"":""lab-postgres"",""cpu"":""6.80%"",""mem"":""241.7MiB / 122.8GiB""},{""name"":""lab-mysql"",""cpu"":""7.48%"",""mem"":""729MiB / 122.8GiB""},{""name"":""lab-woocommerce-mysql"",""cpu"":""0.76%"",""mem"":""509.6MiB / 122.8GiB""}]"
2026-09-10T13:24:31Z,3,779,2,0,40,2667746995,"[{""name"":""lab-worker-1"",""cpu"":""3.56%"",""mem"":""133.7MiB / 122.8GiB""},{""name"":""lab-api"",""cpu"":""0.00%"",""mem"":""142.1MiB / 122.8GiB""},{""name"":""lab-allegro-stub"",""cpu"":""0.00%"",""mem"":""20.51MiB / 122.8GiB""},{""name"":""lab-erli-stub"",""cpu"":""3.87%"",""mem"":""18.09MiB / 122.8GiB""},{""name"":""lab-eparagony-stub"",""cpu"":""3.73%"",""mem"":""20.36MiB / 122.8GiB""},{""name"":""lab-invoicing-stub"",""cpu"":""0.00%"",""mem"":""16.6MiB / 122.8GiB""},{""name"":""lab-shipping-stub"",""cpu"":""0.00%"",""mem"":""16.58MiB / 122.8GiB""},{""name"":""lab-eparagony-stub-tls"",""cpu"":""0.00%"",""mem"":""23.3MiB / 122.8GiB""},{""name"":""lab-erli-stub-tls"",""cpu"":""0.00%"",""mem"":""22.67MiB / 122.8GiB""},{""name"":""lab-wc-tls"",""cpu"":""0.00%"",""mem"":""28.21MiB / 122.8GiB""},{""name"":""lab-prestashop"",""cpu"":""8.23%"",""mem"":""217.2MiB / 122.8GiB""},{""name"":""lab-woocommerce"",""cpu"":""0.01%"",""mem"":""294.4MiB / 122.8GiB""},{""name"":""lab-redis"",""cpu"":""0.76%"",""mem"":""78.53MiB / 122.8GiB""},{""name"":""lab-postgres"",""cpu"":""0.39%"",""mem"":""241.7MiB / 122.8GiB""},{""name"":""lab-mysql"",""cpu"":""8.39%"",""mem"":""722.3MiB / 122.8GiB""},{""name"":""lab-woocommerce-mysql"",""cpu"":""5.23%"",""mem"":""509.6MiB / 122.8GiB""}]"
2026-09-10T13:24:35Z,4,779,3,0,39,2667755187,"[{""name"":""lab-worker-1"",""cpu"":""5.20%"",""mem"":""133.6MiB / 122.8GiB""},{""name"":""lab-api"",""cpu"":""0.00%"",""mem"":""142.1MiB / 122.8GiB""},{""name"":""lab-allegro-stub"",""cpu"":""0.00%"",""mem"":""20.51MiB / 122.8GiB""},{""name"":""lab-erli-stub"",""cpu"":""0.00%"",""mem"":""18.05MiB / 122.8GiB""},{""name"":""lab-eparagony-stub"",""cpu"":""0.00%"",""mem"":""20.36MiB / 122.8GiB""},{""name"":""lab-invoicing-stub"",""cpu"":""0.00%"",""mem"":""16.6MiB / 122.8GiB""},{""name"":""lab-shipping-stub"",""cpu"":""0.00%"",""mem"":""16.58MiB / 122.8GiB""},{""name"":""lab-eparagony-stub-tls"",""cpu"":""0.00%"",""mem"":""23.3MiB / 122.8GiB""},{""name"":""lab-erli-stub-tls"",""cpu"":""0.00%"",""mem"":""22.67MiB / 122.8GiB""},{""name"":""lab-wc-tls"",""cpu"":""0.00%"",""mem"":""28.21MiB / 122.8GiB""},{""name"":""lab-prestashop"",""cpu"":""7.92%"",""mem"":""217.4MiB / 122.8GiB""},{""name"":""lab-woocommerce"",""cpu"":""20.09%"",""mem"":""294.7MiB / 122.8GiB""},{""name"":""lab-redis"",""cpu"":""0.69%"",""mem"":""78.58MiB / 122.8GiB""},{""name"":""lab-postgres"",""cpu"":""1.94%"",""mem"":""242MiB / 122.8GiB""},{""name"":""lab-mysql"",""cpu"":""7.26%"",""mem"":""722.5MiB / 122.8GiB""},{""name"":""lab-woocommerce-mysql"",""cpu"":""5.30%"",""mem"":""509.6MiB / 122.8GiB""}]"
2026-09-10T13:24:38Z,4,878,2,0,39,2667755187,"[{""name"":""lab-worker-1"",""cpu"":""3.83%"",""mem"":""133.5MiB / 122.8GiB""},{""name"":""lab-api"",""cpu"":""0.00%"",""mem"":""142.1MiB / 122.8GiB""},{""name"":""lab-allegro-stub"",""cpu"":""0.01%"",""mem"":""20.51MiB / 122.8GiB""},{""name"":""lab-erli-stub"",""cpu"":""0.00%"",""mem"":""18.05MiB / 122.8GiB""},{""name"":""lab-eparagony-stub"",""cpu"":""0.00%"",""mem"":""20.36MiB / 122.8GiB""},{""name"":""lab-invoicing-stub"",""cpu"":""0.01%"",""mem"":""16.6MiB / 122.8GiB""},{""name"":""lab-shipping-stub"",""cpu"":""0.01%"",""mem"":""16.59MiB / 122.8GiB""},{""name"":""lab-eparagony-stub-tls"",""cpu"":""0.00%"",""mem"":""23.3MiB / 122.8GiB""},{""name"":""lab-erli-stub-tls"",""cpu"":""0.00%"",""mem"":""22.67MiB / 122.8GiB""},{""name"":""lab-wc-tls"",""cpu"":""0.00%"",""mem"":""28.21MiB / 122.8GiB""},{""name"":""lab-prestashop"",""cpu"":""14.02%"",""mem"":""193.2MiB / 122.8GiB""},{""name"":""lab-woocommerce"",""cpu"":""0.01%"",""mem"":""294.4MiB / 122.8GiB""},{""name"":""lab-redis"",""cpu"":""0.58%"",""mem"":""78.6MiB / 122.8GiB""},{""name"":""lab-postgres"",""cpu"":""1.13%"",""mem"":""242MiB / 122.8GiB""},{""name"":""lab-mysql"",""cpu"":""12.67%"",""mem"":""722.5MiB / 122.8GiB""},{""name"":""lab-woocommerce-mysql"",""cpu"":""0.79%"",""mem"":""509.6MiB / 122.8GiB""}]"
2026-09-10T13:24:42Z,3,879,1,0,40,2667755187,"[{""name"":""lab-worker-1"",""cpu"":""3.45%"",""mem"":""133.6MiB / 122.8GiB""},{""name"":""lab-api"",""cpu"":""0.00%"",""mem"":""142.1MiB / 122.8GiB""},{""name"":""lab-allegro-stub"",""cpu"":""3.53%"",""mem"":""20.53MiB / 122.8GiB""},{""name"":""lab-erli-stub"",""cpu"":""0.02%"",""mem"":""18.06MiB / 122.8GiB""},{""name"":""lab-eparagony-stub"",""cpu"":""0.01%"",""mem"":""20.36MiB / 122.8GiB""},{""name"":""lab-invoicing-stub"",""cpu"":""4.08%"",""mem"":""16.62MiB / 122.8GiB""},{""name"":""lab-shipping-stub"",""cpu"":""3.97%"",""mem"":""16.61MiB / 122.8GiB""},{""name"":""lab-eparagony-stub-tls"",""cpu"":""0.00%"",""mem"":""23.3MiB / 122.8GiB""},{""name"":""lab-erli-stub-tls"",""cpu"":""0.00%"",""mem"":""22.67MiB / 122.8GiB""},{""name"":""lab-wc-tls"",""cpu"":""0.00%"",""mem"":""28.21MiB / 122.8GiB""},{""name"":""lab-prestashop"",""cpu"":""8.21%"",""mem"":""193.1MiB / 122.8GiB""},{""name"":""lab-woocommerce"",""cpu"":""0.01%"",""mem"":""294.4MiB / 122.8GiB""},{""name"":""lab-redis"",""cpu"":""0.58%"",""mem"":""78.34MiB / 122.8GiB""},{""name"":""lab-postgres"",""cpu"":""1.92%"",""mem"":""241.1MiB / 122.8GiB""},{""name"":""lab-mysql"",""cpu"":""7.17%"",""mem"":""722.3MiB / 122.8GiB""},{""name"":""lab-woocommerce-mysql"",""cpu"":""0.83%"",""mem"":""509.6MiB / 122.8GiB""}]"
2026-09-10T13:24:46Z,4,911,2,0,40,2667755187,"[{""name"":""lab-worker-1"",""cpu"":""4.40%"",""mem"":""133.6MiB / 122.8GiB""},{""name"":""lab-api"",""cpu"":""0.00%"",""mem"":""142.1MiB / 122.8GiB""},{""name"":""lab-allegro-stub"",""cpu"":""0.00%"",""mem"":""20.51MiB / 122.8GiB""},{""name"":""lab-erli-stub"",""cpu"":""0.00%"",""mem"":""18.05MiB / 122.8GiB""},{""name"":""lab-eparagony-stub"",""cpu"":""4.24%"",""mem"":""20.43MiB / 122.8GiB""},{""name"":""lab-invoicing-stub"",""cpu"":""0.00%"",""mem"":""16.6MiB / 122.8GiB""},{""name"":""lab-shipping-stub"",""cpu"":""0.00%"",""mem"":""16.58MiB / 122.8GiB""},{""name"":""lab-eparagony-stub-tls"",""cpu"":""0.00%"",""mem"":""23.3MiB / 122.8GiB""},{""name"":""lab-erli-stub-tls"",""cpu"":""0.00%"",""mem"":""22.67MiB / 122.8GiB""},{""name"":""lab-wc-tls"",""cpu"":""0.00%"",""mem"":""28.21MiB / 122.8GiB""},{""name"":""lab-prestashop"",""cpu"":""6.97%"",""mem"":""193.1MiB / 122.8GiB""},{""name"":""lab-woocommerce"",""cpu"":""0.00%"",""mem"":""294.4MiB / 122.8GiB""},{""name"":""lab-redis"",""cpu"":""5.01%"",""mem"":""78.43MiB / 122.8GiB""},{""name"":""lab-postgres"",""cpu"":""1.40%"",""mem"":""241.7MiB / 122.8GiB""},{""name"":""lab-mysql"",""cpu"":""7.26%"",""mem"":""722.3MiB / 122.8GiB""},{""name"":""lab-woocommerce-mysql"",""cpu"":""0.91%"",""mem"":""509.6MiB / 122.8GiB""}]"
2026-09-10T13:24:49Z,4,978,2,0,39,2667755187,"[{""name"":""lab-worker-1"",""cpu"":""4.60%"",""mem"":""133.7MiB / 122.8GiB""},{""name"":""lab-api"",""cpu"":""0.01%"",""mem"":""142.1MiB / 122.8GiB""},{""name"":""lab-allegro-stub"",""cpu"":""0.00%"",""mem"":""20.51MiB / 122.8GiB""},{""name"":""lab-erli-stub"",""cpu"":""0.00%"",""mem"":""18.05MiB / 122.8GiB""},{""name"":""lab-eparagony-stub"",""cpu"":""0.00%"",""mem"":""20.36MiB / 122.8GiB""},{""name"":""lab-invoicing-stub"",""cpu"":""0.00%"",""mem"":""16.6MiB / 122.8GiB""},{""name"":""lab-shipping-stub"",""cpu"":""0.00%"",""mem"":""16.58MiB / 122.8GiB""},{""name"":""lab-eparagony-stub-tls"",""cpu"":""0.00%"",""mem"":""23.3MiB / 122.8GiB""},{""name"":""lab-erli-stub-tls"",""cpu"":""0.00%"",""mem"":""22.67MiB / 122.8GiB""},{""name"":""lab-wc-tls"",""cpu"":""0.00%"",""mem"":""28.21MiB / 122.8GiB""},{""name"":""lab-prestashop"",""cpu"":""7.84%"",""mem"":""193.1MiB / 122.8GiB""},{""name"":""lab-woocommerce"",""cpu"":""0.01%"",""mem"":""294.4MiB / 122.8GiB""},{""name"":""lab-redis"",""cpu"":""0.71%"",""mem"":""78.39MiB / 122.8GiB""},{""name"":""lab-postgres"",""cpu"":""2.12%"",""mem"":""241.7MiB / 122.8GiB""},{""name"":""lab-mysql"",""cpu"":""7.50%"",""mem"":""722.5MiB / 122.8GiB""},{""name"":""lab-woocommerce-mysql"",""cpu"":""0.87%"",""mem"":""509.6MiB / 122.8GiB""}]"
2026-09-10T13:24:53Z,3,979,2,0,38,2667755187,"[{""name"":""lab-worker-1"",""cpu"":""4.16%"",""mem"":""134.3MiB / 122.8GiB""},{""name"":""lab-api"",""cpu"":""0.00%"",""mem"":""142.1MiB / 122.8GiB""},{""name"":""lab-allegro-stub"",""cpu"":""1.70%"",""mem"":""20.58MiB / 122.8GiB""},{""name"":""lab-erli-stub"",""cpu"":""0.00%"",""mem"":""18.06MiB / 122.8GiB""},{""name"":""lab-eparagony-stub"",""cpu"":""0.00%"",""mem"":""20.36MiB / 122.8GiB""},{""name"":""lab-invoicing-stub"",""cpu"":""2.73%"",""mem"":""16.64MiB / 122.8GiB""},{""name"":""lab-shipping-stub"",""cpu"":""4.53%"",""mem"":""16.65MiB / 122.8GiB""},{""name"":""lab-eparagony-stub-tls"",""cpu"":""0.00%"",""mem"":""23.3MiB / 122.8GiB""},{""name"":""lab-erli-stub-tls"",""cpu"":""0.00%"",""mem"":""22.67MiB / 122.8GiB""},{""name"":""lab-wc-tls"",""cpu"":""0.00%"",""mem"":""28.21MiB / 122.8GiB""},{""name"":""lab-prestashop"",""cpu"":""8.25%"",""mem"":""193.1MiB / 122.8GiB""},{""name"":""lab-woocommerce"",""cpu"":""0.01%"",""mem"":""294.4MiB / 122.8GiB""},{""name"":""lab-redis"",""cpu"":""0.72%"",""mem"":""78.39MiB / 122.8GiB""},{""name"":""lab-postgres"",""cpu"":""1.47%"",""mem"":""241.7MiB / 122.8GiB""},{""name"":""lab-mysql"",""cpu"":""8.26%"",""mem"":""722.5MiB / 122.8GiB""},{""name"":""lab-woocommerce-mysql"",""cpu"":""0.76%"",""mem"":""509.6MiB / 122.8GiB""}]"
2026-09-10T13:24:57Z,4,979,2,0,38,2667755187,"[{""name"":""lab-worker-1"",""cpu"":""3.45%"",""mem"":""134.2MiB / 122.8GiB""},{""name"":""lab-api"",""cpu"":""0.00%"",""mem"":""142.1MiB / 122.8GiB""},{""name"":""lab-allegro-stub"",""cpu"":""0.01%"",""mem"":""20.51MiB / 122.8GiB""},{""name"":""lab-erli-stub"",""cpu"":""3.88%"",""mem"":""18.08MiB / 122.8GiB""},{""name"":""lab-eparagony-stub"",""cpu"":""0.02%"",""mem"":""20.36MiB / 122.8GiB""},{""name"":""lab-invoicing-stub"",""cpu"":""0.00%"",""mem"":""16.6MiB / 122.8GiB""},{""name"":""lab-shipping-stub"",""cpu"":""0.00%"",""mem"":""16.58MiB / 122.8GiB""},{""name"":""lab-eparagony-stub-tls"",""cpu"":""0.00%"",""mem"":""23.3MiB / 122.8GiB""},{""name"":""lab-erli-stub-tls"",""cpu"":""0.00%"",""mem"":""22.67MiB / 122.8GiB""},{""name"":""lab-wc-tls"",""cpu"":""0.00%"",""mem"":""28.21MiB / 122.8GiB""},{""name"":""lab-prestashop"",""cpu"":""7.75%"",""mem"":""193.1MiB / 122.8GiB""},{""name"":""lab-woocommerce"",""cpu"":""0.00%"",""mem"":""294.4MiB / 122.8GiB""},{""name"":""lab-redis"",""cpu"":""0.69%"",""mem"":""78.45MiB / 122.8GiB""},{""name"":""lab-postgres"",""cpu"":""1.24%"",""mem"":""241.7MiB / 122.8GiB""},{""name"":""lab-mysql"",""cpu"":""6.49%"",""mem"":""722.3MiB / 122.8GiB""},{""name"":""lab-woocommerce-mysql"",""cpu"":""0.84%"",""mem"":""509.6MiB / 122.8GiB""}]"
2026-09-10T13:25:00Z,4,1078,2,0,38,2667755187,"[{""name"":""lab-worker-1"",""cpu"":""3.60%"",""mem"":""134.2MiB / 122.8GiB""},{""name"":""lab-api"",""cpu"":""0.00%"",""mem"":""142.1MiB / 122.8GiB""},{""name"":""lab-allegro-stub"",""cpu"":""0.00%"",""mem"":""20.51MiB / 122.8GiB""},{""name"":""lab-erli-stub"",""cpu"":""0.00%"",""mem"":""18.05MiB / 122.8GiB""},{""name"":""lab-eparagony-stub"",""cpu"":""0.00%"",""mem"":""20.36MiB / 122.8GiB""},{""name"":""lab-invoicing-stub"",""cpu"":""0.00%"",""mem"":""16.6MiB / 122.8GiB""},{""name"":""lab-shipping-stub"",""cpu"":""0.00%"",""mem"":""16.58MiB / 122.8GiB""},{""name"":""lab-eparagony-stub-tls"",""cpu"":""0.00%"",""mem"":""23.3MiB / 122.8GiB""},{""name"":""lab-erli-stub-tls"",""cpu"":""0.00%"",""mem"":""22.67MiB / 122.8GiB""},{""name"":""lab-wc-tls"",""cpu"":""0.00%"",""mem"":""28.21MiB / 122.8GiB""},{""name"":""lab-prestashop"",""cpu"":""7.23%"",""mem"":""165.1MiB / 122.8GiB""},{""name"":""lab-woocommerce"",""cpu"":""0.00%"",""mem"":""294.4MiB / 122.8GiB""},{""name"":""lab-redis"",""cpu"":""0.72%"",""mem"":""78.44MiB / 122.8GiB""},{""name"":""lab-postgres"",""cpu"":""1.33%"",""mem"":""241.7MiB / 122.8GiB""},{""name"":""lab-mysql"",""cpu"":""7.86%"",""mem"":""722.3MiB / 122.8GiB""},{""name"":""lab-woocommerce-mysql"",""cpu"":""0.85%"",""mem"":""509.6MiB / 122.8GiB""}]"
2026-09-10T13:25:04Z,3,1078,1,0,38,2667755187,"[{""name"":""lab-worker-1"",""cpu"":""4.64%"",""mem"":""134.3MiB / 122.8GiB""},{""name"":""lab-api"",""cpu"":""0.00%"",""mem"":""142.1MiB / 122.8GiB""},{""name"":""lab-allegro-stub"",""cpu"":""0.00%"",""mem"":""20.51MiB / 122.8GiB""},{""name"":""lab-erli-stub"",""cpu"":""0.00%"",""mem"":""18.05MiB / 122.8GiB""},{""name"":""lab-eparagony-stub"",""cpu"":""0.00%"",""mem"":""20.36MiB / 122.8GiB""},{""name"":""lab-invoicing-stub"",""cpu"":""0.00%"",""mem"":""16.6MiB / 122.8GiB""},{""name"":""lab-shipping-stub"",""cpu"":""0.00%"",""mem"":""16.58MiB / 122.8GiB""},{""name"":""lab-eparagony-stub-tls"",""cpu"":""0.00%"",""mem"":""23.3MiB / 122.8GiB""},{""name"":""lab-erli-stub-tls"",""cpu"":""0.00%"",""mem"":""22.67MiB / 122.8GiB""},{""name"":""lab-wc-tls"",""cpu"":""0.00%"",""mem"":""28.21MiB / 122.8GiB""},{""name"":""lab-prestashop"",""cpu"":""7.92%"",""mem"":""165.1MiB / 122.8GiB""},{""name"":""lab-woocommerce"",""cpu"":""2.94%"",""mem"":""303.7MiB / 122.8GiB""},{""name"":""lab-redis"",""cpu"":""0.78%"",""mem"":""78.44MiB / 122.8GiB""},{""name"":""lab-postgres"",""cpu"":""0.51%"",""mem"":""241MiB / 122.8GiB""},{""name"":""lab-mysql"",""cpu"":""6.62%"",""mem"":""722.3MiB / 122.8GiB""},{""name"":""lab-woocommerce-mysql"",""cpu"":""0.80%"",""mem"":""509.6MiB / 122.8GiB""}]"
2026-09-10T13:25:08Z,4,1131,2,0,38,2667763379,"[{""name"":""lab-worker-1"",""cpu"":""4.67%"",""mem"":""135.4MiB / 122.8GiB""},{""name"":""lab-api"",""cpu"":""0.00%"",""mem"":""142.1MiB / 122.8GiB""},{""name"":""lab-allegro-stub"",""cpu"":""3.78%"",""mem"":""20.51MiB / 122.8GiB""},{""name"":""lab-erli-stub"",""cpu"":""0.00%"",""mem"":""18.05MiB / 122.8GiB""},{""name"":""lab-eparagony-stub"",""cpu"":""0.00%"",""mem"":""20.36MiB / 122.8GiB""},{""name"":""lab-invoicing-stub"",""cpu"":""4.03%"",""mem"":""16.6MiB / 122.8GiB""},{""name"":""lab-shipping-stub"",""cpu"":""3.99%"",""mem"":""16.58MiB / 122.8GiB""},{""name"":""lab-eparagony-stub-tls"",""cpu"":""0.00%"",""mem"":""23.3MiB / 122.8GiB""},{""name"":""lab-erli-stub-tls"",""cpu"":""0.00%"",""mem"":""22.67MiB / 122.8GiB""},{""name"":""lab-wc-tls"",""cpu"":""0.00%"",""mem"":""28.21MiB / 122.8GiB""},{""name"":""lab-prestashop"",""cpu"":""7.83%"",""mem"":""165.1MiB / 122.8GiB""},{""name"":""lab-woocommerce"",""cpu"":""0.00%"",""mem"":""294.4MiB / 122.8GiB""},{""name"":""lab-redis"",""cpu"":""0.80%"",""mem"":""78.5MiB / 122.8GiB""},{""name"":""lab-postgres"",""cpu"":""8.70%"",""mem"":""241.7MiB / 122.8GiB""},{""name"":""lab-mysql"",""cpu"":""11.34%"",""mem"":""722.3MiB / 122.8GiB""},{""name"":""lab-woocommerce-mysql"",""cpu"":""0.75%"",""mem"":""509.6MiB / 122.8GiB""}]"
2026-09-10T13:25:11Z,4,1178,2,0,37,2667763379,"[{""name"":""lab-worker-1"",""cpu"":""3.67%"",""mem"":""135.4MiB / 122.8GiB""},{""name"":""lab-api"",""cpu"":""0.00%"",""mem"":""142.1MiB / 122.8GiB""},{""name"":""lab-allegro-stub"",""cpu"":""0.00%"",""mem"":""20.51MiB / 122.8GiB""},{""name"":""lab-erli-stub"",""cpu"":""3.94%"",""mem"":""18.1MiB / 122.8GiB""},{""name"":""lab-eparagony-stub"",""cpu"":""4.08%"",""mem"":""20.37MiB / 122.8GiB""},{""name"":""lab-invoicing-stub"",""cpu"":""0.00%"",""mem"":""16.6MiB / 122.8GiB""},{""name"":""lab-shipping-stub"",""cpu"":""0.00%"",""mem"":""16.58MiB / 122.8GiB""},{""name"":""lab-eparagony-stub-tls"",""cpu"":""0.00%"",""mem"":""23.3MiB / 122.8GiB""},{""name"":""lab-erli-stub-tls"",""cpu"":""0.00%"",""mem"":""22.67MiB / 122.8GiB""},{""name"":""lab-wc-tls"",""cpu"":""0.00%"",""mem"":""28.21MiB / 122.8GiB""},{""name"":""lab-prestashop"",""cpu"":""7.87%"",""mem"":""151MiB / 122.8GiB""},{""name"":""lab-woocommerce"",""cpu"":""0.00%"",""mem"":""294.4MiB / 122.8GiB""},{""name"":""lab-redis"",""cpu"":""0.74%"",""mem"":""78.5MiB / 122.8GiB""},{""name"":""lab-postgres"",""cpu"":""0.53%"",""mem"":""241.7MiB / 122.8GiB""},{""name"":""lab-mysql"",""cpu"":""7.73%"",""mem"":""722.3MiB / 122.8GiB""},{""name"":""lab-woocommerce-mysql"",""cpu"":""5.21%"",""mem"":""509.6MiB / 122.8GiB""}]"
2026-09-10T13:25:15Z,3,1179,3,0,35,2667779763,"[{""name"":""lab-worker-1"",""cpu"":""2.76%"",""mem"":""136.3MiB / 122.8GiB""},{""name"":""lab-api"",""cpu"":""0.00%"",""mem"":""142.1MiB / 122.8GiB""},{""name"":""lab-allegro-stub"",""cpu"":""0.00%"",""mem"":""20.51MiB / 122.8GiB""},{""name"":""lab-erli-stub"",""cpu"":""0.00%"",""mem"":""18.05MiB / 122.8GiB""},{""name"":""lab-eparagony-stub"",""cpu"":""0.00%"",""mem"":""20.36MiB / 122.8GiB""},{""name"":""lab-invoicing-stub"",""cpu"":""0.00%"",""mem"":""16.6MiB / 122.8GiB""},{""name"":""lab-shipping-stub"",""cpu"":""0.00%"",""mem"":""16.58MiB / 122.8GiB""},{""name"":""lab-eparagony-stub-tls"",""cpu"":""0.00%"",""mem"":""23.3MiB / 122.8GiB""},{""name"":""lab-erli-stub-tls"",""cpu"":""0.00%"",""mem"":""22.67MiB / 122.8GiB""},{""name"":""lab-wc-tls"",""cpu"":""0.00%"",""mem"":""28.21MiB / 122.8GiB""},{""name"":""lab-prestashop"",""cpu"":""7.61%"",""mem"":""151MiB / 122.8GiB""},{""name"":""lab-woocommerce"",""cpu"":""0.01%"",""mem"":""294.4MiB / 122.8GiB""},{""name"":""lab-redis"",""cpu"":""0.77%"",""mem"":""78.55MiB / 122.8GiB""},{""name"":""lab-postgres"",""cpu"":""0.56%"",""mem"":""241.7MiB / 122.8GiB""},{""name"":""lab-mysql"",""cpu"":""8.11%"",""mem"":""722.3MiB / 122.8GiB""},{""name"":""lab-woocommerce-mysql"",""cpu"":""0.91%"",""mem"":""509.6MiB / 122.8GiB""}]"
2026-09-10T13:25:19Z,4,1280,0,0,36,2667779763,"[{""name"":""lab-worker-1"",""cpu"":""3.23%"",""mem"":""136.4MiB / 122.8GiB""},{""name"":""lab-api"",""cpu"":""0.00%"",""mem"":""142.1MiB / 122.8GiB""},{""name"":""lab-allegro-stub"",""cpu"":""0.00%"",""mem"":""20.52MiB / 122.8GiB""},{""name"":""lab-erli-stub"",""cpu"":""0.00%"",""mem"":""18.05MiB / 122.8GiB""},{""name"":""lab-eparagony-stub"",""cpu"":""0.00%"",""mem"":""20.36MiB / 122.8GiB""},{""name"":""lab-invoicing-stub"",""cpu"":""0.00%"",""mem"":""16.6MiB / 122.8GiB""},{""name"":""lab-shipping-stub"",""cpu"":""0.00%"",""mem"":""16.58MiB / 122.8GiB""},{""name"":""lab-eparagony-stub-tls"",""cpu"":""0.00%"",""mem"":""23.3MiB / 122.8GiB""},{""name"":""lab-erli-stub-tls"",""cpu"":""0.00%"",""mem"":""22.67MiB / 122.8GiB""},{""name"":""lab-wc-tls"",""cpu"":""0.00%"",""mem"":""28.21MiB / 122.8GiB""},{""name"":""lab-prestashop"",""cpu"":""7.62%"",""mem"":""151MiB / 122.8GiB""},{""name"":""lab-woocommerce"",""cpu"":""0.00%"",""mem"":""294.4MiB / 122.8GiB""},{""name"":""lab-redis"",""cpu"":""0.79%"",""mem"":""78.55MiB / 122.8GiB""},{""name"":""lab-postgres"",""cpu"":""1.52%"",""mem"":""241.7MiB / 122.8GiB""},{""name"":""lab-mysql"",""cpu"":""6.60%"",""mem"":""722.3MiB / 122.8GiB""},{""name"":""lab-woocommerce-mysql"",""cpu"":""0.87%"",""mem"":""509.6MiB / 122.8GiB""}]"
2026-09-10T13:25:23Z,4,1278,2,0,36,2667779763,"[{""name"":""lab-worker-1"",""cpu"":""4.27%"",""mem"":""136.4MiB / 122.8GiB""},{""name"":""lab-api"",""cpu"":""0.00%"",""mem"":""142.1MiB / 122.8GiB""},{""name"":""lab-allegro-stub"",""cpu"":""4.28%"",""mem"":""20.52MiB / 122.8GiB""},{""name"":""lab-erli-stub"",""cpu"":""0.01%"",""mem"":""18.05MiB / 122.8GiB""},{""name"":""lab-eparagony-stub"",""cpu"":""0.01%"",""mem"":""20.36MiB / 122.8GiB""},{""name"":""lab-invoicing-stub"",""cpu"":""4.11%"",""mem"":""16.66MiB / 122.8GiB""},{""name"":""lab-shipping-stub"",""cpu"":""3.67%"",""mem"":""16.59MiB / 122.8GiB""},{""name"":""lab-eparagony-stub-tls"",""cpu"":""0.00%"",""mem"":""23.3MiB / 122.8GiB""},{""name"":""lab-erli-stub-tls"",""cpu"":""0.00%"",""mem"":""22.67MiB / 122.8GiB""},{""name"":""lab-wc-tls"",""cpu"":""0.00%"",""mem"":""28.21MiB / 122.8GiB""},{""name"":""lab-prestashop"",""cpu"":""7.23%"",""mem"":""151.1MiB / 122.8GiB""},{""name"":""lab-woocommerce"",""cpu"":""0.00%"",""mem"":""294.4MiB / 122.8GiB""},{""name"":""lab-redis"",""cpu"":""0.56%"",""mem"":""78.56MiB / 122.8GiB""},{""name"":""lab-postgres"",""cpu"":""3.71%"",""mem"":""242MiB / 122.8GiB""},{""name"":""lab-mysql"",""cpu"":""6.18%"",""mem"":""722.3MiB / 122.8GiB""},{""name"":""lab-woocommerce-mysql"",""cpu"":""0.73%"",""mem"":""509.6MiB / 122.8GiB""}]"
2026-09-10T13:25:26Z,4,1278,3,0,35,2667779763,"[{""name"":""lab-worker-1"",""cpu"":""5.49%"",""mem"":""136.3MiB / 122.8GiB""},{""name"":""lab-api"",""cpu"":""0.00%"",""mem"":""142.1MiB / 122.8GiB""},{""name"":""lab-allegro-stub"",""cpu"":""0.01%"",""mem"":""20.51MiB / 122.8GiB""},{""name"":""lab-erli-stub"",""cpu"":""0.00%"",""mem"":""18.05MiB / 122.8GiB""},{""name"":""lab-eparagony-stub"",""cpu"":""4.11%"",""mem"":""20.37MiB / 122.8GiB""},{""name"":""lab-invoicing-stub"",""cpu"":""0.01%"",""mem"":""16.6MiB / 122.8GiB""},{""name"":""lab-shipping-stub"",""cpu"":""0.01%"",""mem"":""16.58MiB / 122.8GiB""},{""name"":""lab-eparagony-stub-tls"",""cpu"":""0.00%"",""mem"":""23.3MiB / 122.8GiB""},{""name"":""lab-erli-stub-tls"",""cpu"":""0.00%"",""mem"":""22.67MiB / 122.8GiB""},{""name"":""lab-wc-tls"",""cpu"":""0.00%"",""mem"":""28.21MiB / 122.8GiB""},{""name"":""lab-prestashop"",""cpu"":""7.83%"",""mem"":""151MiB / 122.8GiB""},{""name"":""lab-woocommerce"",""cpu"":""0.00%"",""mem"":""294.4MiB / 122.8GiB""},{""name"":""lab-redis"",""cpu"":""4.81%"",""mem"":""78.88MiB / 122.8GiB""},{""name"":""lab-postgres"",""cpu"":""3.44%"",""mem"":""241.7MiB / 122.8GiB""},{""name"":""lab-mysql"",""cpu"":""6.47%"",""mem"":""722.3MiB / 122.8GiB""},{""name"":""lab-woocommerce-mysql"",""cpu"":""0.73%"",""mem"":""509.6MiB / 122.8GiB""}]"
2026-09-10T13:25:30Z,3,1379,2,0,34,2667779763,"[{""name"":""lab-worker-1"",""cpu"":""2.62%"",""mem"":""136.2MiB / 122.8GiB""},{""name"":""lab-api"",""cpu"":""0.00%"",""mem"":""142.1MiB / 122.8GiB""},{""name"":""lab-allegro-stub"",""cpu"":""0.00%"",""mem"":""20.51MiB / 122.8GiB""},{""name"":""lab-erli-stub"",""cpu"":""0.00%"",""mem"":""18.05MiB / 122.8GiB""},{""name"":""lab-eparagony-stub"",""cpu"":""0.00%"",""mem"":""20.37MiB / 122.8GiB""},{""name"":""lab-invoicing-stub"",""cpu"":""0.00%"",""mem"":""16.6MiB / 122.8GiB""},{""name"":""lab-shipping-stub"",""cpu"":""0.00%"",""mem"":""16.58MiB / 122.8GiB""},{""name"":""lab-eparagony-stub-tls"",""cpu"":""0.00%"",""mem"":""23.3MiB / 122.8GiB""},{""name"":""lab-erli-stub-tls"",""cpu"":""0.00%"",""mem"":""22.67MiB / 122.8GiB""},{""name"":""lab-wc-tls"",""cpu"":""0.00%"",""mem"":""28.21MiB / 122.8GiB""},{""name"":""lab-prestashop"",""cpu"":""6.85%"",""mem"":""151MiB / 122.8GiB""},{""name"":""lab-woocommerce"",""cpu"":""0.01%"",""mem"":""294.4MiB / 122.8GiB""},{""name"":""lab-redis"",""cpu"":""0.99%"",""mem"":""78.62MiB / 122.8GiB""},{""name"":""lab-postgres"",""cpu"":""0.59%"",""mem"":""241.7MiB / 122.8GiB""},{""name"":""lab-mysql"",""cpu"":""8.30%"",""mem"":""722.3MiB / 122.8GiB""},{""name"":""lab-woocommerce-mysql"",""cpu"":""0.70%"",""mem"":""509.6MiB / 122.8GiB""}]"
2026-09-10T13:25:33Z,4,1379,1,0,35,2667779763,"[{""name"":""lab-worker-1"",""cpu"":""7.68%"",""mem"":""136.5MiB / 122.8GiB""},{""name"":""lab-api"",""cpu"":""0.00%"",""mem"":""142.1MiB / 122.8GiB""},{""name"":""lab-allegro-stub"",""cpu"":""3.93%"",""mem"":""20.51MiB / 122.8GiB""},{""name"":""lab-erli-stub"",""cpu"":""0.00%"",""mem"":""18.05MiB / 122.8GiB""},{""name"":""lab-eparagony-stub"",""cpu"":""0.01%"",""mem"":""20.36MiB / 122.8GiB""},{""name"":""lab-invoicing-stub"",""cpu"":""3.87%"",""mem"":""16.61MiB / 122.8GiB""},{""name"":""lab-shipping-stub"",""cpu"":""3.18%"",""mem"":""16.58MiB / 122.8GiB""},{""name"":""lab-eparagony-stub-tls"",""cpu"":""0.00%"",""mem"":""23.3MiB / 122.8GiB""},{""name"":""lab-erli-stub-tls"",""cpu"":""0.00%"",""mem"":""22.67MiB / 122.8GiB""},{""name"":""lab-wc-tls"",""cpu"":""0.00%"",""mem"":""28.21MiB / 122.8GiB""},{""name"":""lab-prestashop"",""cpu"":""6.63%"",""mem"":""151MiB / 122.8GiB""},{""name"":""lab-woocommerce"",""cpu"":""0.01%"",""mem"":""294.4MiB / 122.8GiB""},{""name"":""lab-redis"",""cpu"":""0.74%"",""mem"":""78.62MiB / 122.8GiB""},{""name"":""lab-postgres"",""cpu"":""0.97%"",""mem"":""241.7MiB / 122.8GiB""},{""name"":""lab-mysql"",""cpu"":""5.64%"",""mem"":""722.3MiB / 122.8GiB""},{""name"":""lab-woocommerce-mysql"",""cpu"":""0.67%"",""mem"":""509.6MiB / 122.8GiB""}]"
