ts,dt,queued,running,dead,deferred,pg_database_size_bytes,docker_stats_json
2026-09-10T13:07:57Z,0,1,0,47,0,2667779763,"[{""name"":""lab-worker-1"",""cpu"":""21.25%"",""mem"":""101.4MiB / 122.8GiB""},{""name"":""lab-api"",""cpu"":""0.00%"",""mem"":""154.8MiB / 122.8GiB""},{""name"":""lab-allegro-stub"",""cpu"":""4.24%"",""mem"":""20MiB / 122.8GiB""},{""name"":""lab-erli-stub"",""cpu"":""0.10%"",""mem"":""18.03MiB / 122.8GiB""},{""name"":""lab-eparagony-stub"",""cpu"":""0.00%"",""mem"":""20.36MiB / 122.8GiB""},{""name"":""lab-invoicing-stub"",""cpu"":""3.49%"",""mem"":""16.6MiB / 122.8GiB""},{""name"":""lab-shipping-stub"",""cpu"":""4.14%"",""mem"":""16.57MiB / 122.8GiB""},{""name"":""lab-eparagony-stub-tls"",""cpu"":""0.00%"",""mem"":""23.3MiB / 122.8GiB""},{""name"":""lab-erli-stub-tls"",""cpu"":""0.00%"",""mem"":""22.67MiB / 122.8GiB""},{""name"":""lab-wc-tls"",""cpu"":""0.00%"",""mem"":""26.31MiB / 122.8GiB""},{""name"":""lab-prestashop"",""cpu"":""0.01%"",""mem"":""121.6MiB / 122.8GiB""},{""name"":""lab-woocommerce"",""cpu"":""10.69%"",""mem"":""294.6MiB / 122.8GiB""},{""name"":""lab-redis"",""cpu"":""17.59%"",""mem"":""77.75MiB / 122.8GiB""},{""name"":""lab-postgres"",""cpu"":""7.30%"",""mem"":""240.4MiB / 122.8GiB""},{""name"":""lab-mysql"",""cpu"":""0.72%"",""mem"":""719.4MiB / 122.8GiB""},{""name"":""lab-woocommerce-mysql"",""cpu"":""4.29%"",""mem"":""504.6MiB / 122.8GiB""}]"
2026-09-10T13:07:57Z,0,0,0,47,0,2667779763,"[{""name"":""lab-worker-1"",""cpu"":""21.25%"",""mem"":""101.4MiB / 122.8GiB""},{""name"":""lab-api"",""cpu"":""0.00%"",""mem"":""154.8MiB / 122.8GiB""},{""name"":""lab-allegro-stub"",""cpu"":""4.24%"",""mem"":""20MiB / 122.8GiB""},{""name"":""lab-erli-stub"",""cpu"":""0.10%"",""mem"":""18.03MiB / 122.8GiB""},{""name"":""lab-eparagony-stub"",""cpu"":""0.00%"",""mem"":""20.36MiB / 122.8GiB""},{""name"":""lab-invoicing-stub"",""cpu"":""3.49%"",""mem"":""16.6MiB / 122.8GiB""},{""name"":""lab-shipping-stub"",""cpu"":""4.14%"",""mem"":""16.57MiB / 122.8GiB""},{""name"":""lab-eparagony-stub-tls"",""cpu"":""0.00%"",""mem"":""23.3MiB / 122.8GiB""},{""name"":""lab-erli-stub-tls"",""cpu"":""0.00%"",""mem"":""22.67MiB / 122.8GiB""},{""name"":""lab-wc-tls"",""cpu"":""0.00%"",""mem"":""26.31MiB / 122.8GiB""},{""name"":""lab-prestashop"",""cpu"":""0.01%"",""mem"":""121.6MiB / 122.8GiB""},{""name"":""lab-woocommerce"",""cpu"":""10.69%"",""mem"":""294.6MiB / 122.8GiB""},{""name"":""lab-redis"",""cpu"":""17.59%"",""mem"":""77.75MiB / 122.8GiB""},{""name"":""lab-postgres"",""cpu"":""7.30%"",""mem"":""240.4MiB / 122.8GiB""},{""name"":""lab-mysql"",""cpu"":""0.72%"",""mem"":""719.4MiB / 122.8GiB""},{""name"":""lab-woocommerce-mysql"",""cpu"":""1.34%"",""mem"":""504.6MiB / 122.8GiB""}]"
2026-09-10T13:08:01Z,4,98,2,47,0,2667787955,"[{""name"":""lab-worker-1"",""cpu"":""1.07%"",""mem"":""101.5MiB / 122.8GiB""},{""name"":""lab-api"",""cpu"":""0.01%"",""mem"":""154.8MiB / 122.8GiB""},{""name"":""lab-allegro-stub"",""cpu"":""0.04%"",""mem"":""19.98MiB / 122.8GiB""},{""name"":""lab-erli-stub"",""cpu"":""3.53%"",""mem"":""18.09MiB / 122.8GiB""},{""name"":""lab-eparagony-stub"",""cpu"":""4.33%"",""mem"":""20.39MiB / 122.8GiB""},{""name"":""lab-invoicing-stub"",""cpu"":""0.00%"",""mem"":""16.59MiB / 122.8GiB""},{""name"":""lab-shipping-stub"",""cpu"":""0.00%"",""mem"":""16.56MiB / 122.8GiB""},{""name"":""lab-eparagony-stub-tls"",""cpu"":""0.00%"",""mem"":""23.3MiB / 122.8GiB""},{""name"":""lab-erli-stub-tls"",""cpu"":""0.00%"",""mem"":""22.67MiB / 122.8GiB""},{""name"":""lab-wc-tls"",""cpu"":""0.06%"",""mem"":""26.55MiB / 122.8GiB""},{""name"":""lab-prestashop"",""cpu"":""0.00%"",""mem"":""121.6MiB / 122.8GiB""},{""name"":""lab-woocommerce"",""cpu"":""5.13%"",""mem"":""294.6MiB / 122.8GiB""},{""name"":""lab-redis"",""cpu"":""4.27%"",""mem"":""77.76MiB / 122.8GiB""},{""name"":""lab-postgres"",""cpu"":""0.39%"",""mem"":""245.1MiB / 122.8GiB""},{""name"":""lab-mysql"",""cpu"":""0.83%"",""mem"":""719.4MiB / 122.8GiB""},{""name"":""lab-woocommerce-mysql"",""cpu"":""2.64%"",""mem"":""504.6MiB / 122.8GiB""}]"
2026-09-10T13:08:01Z,4,98,2,47,0,2667787955,"[{""name"":""lab-worker-1"",""cpu"":""1.07%"",""mem"":""101.5MiB / 122.8GiB""},{""name"":""lab-api"",""cpu"":""0.01%"",""mem"":""154.8MiB / 122.8GiB""},{""name"":""lab-allegro-stub"",""cpu"":""0.04%"",""mem"":""19.98MiB / 122.8GiB""},{""name"":""lab-erli-stub"",""cpu"":""3.53%"",""mem"":""18.09MiB / 122.8GiB""},{""name"":""lab-eparagony-stub"",""cpu"":""4.33%"",""mem"":""20.39MiB / 122.8GiB""},{""name"":""lab-invoicing-stub"",""cpu"":""0.00%"",""mem"":""16.59MiB / 122.8GiB""},{""name"":""lab-shipping-stub"",""cpu"":""0.00%"",""mem"":""16.56MiB / 122.8GiB""},{""name"":""lab-eparagony-stub-tls"",""cpu"":""0.00%"",""mem"":""23.3MiB / 122.8GiB""},{""name"":""lab-erli-stub-tls"",""cpu"":""0.00%"",""mem"":""22.67MiB / 122.8GiB""},{""name"":""lab-wc-tls"",""cpu"":""0.06%"",""mem"":""26.55MiB / 122.8GiB""},{""name"":""lab-prestashop"",""cpu"":""0.00%"",""mem"":""121.6MiB / 122.8GiB""},{""name"":""lab-woocommerce"",""cpu"":""5.13%"",""mem"":""294.6MiB / 122.8GiB""},{""name"":""lab-redis"",""cpu"":""4.27%"",""mem"":""77.76MiB / 122.8GiB""},{""name"":""lab-postgres"",""cpu"":""0.39%"",""mem"":""245.1MiB / 122.8GiB""},{""name"":""lab-mysql"",""cpu"":""0.83%"",""mem"":""719.4MiB / 122.8GiB""},{""name"":""lab-woocommerce-mysql"",""cpu"":""4.35%"",""mem"":""504.9MiB / 122.8GiB""}]"
2026-09-10T13:08:05Z,3,98,2,47,0,2667787955,"[{""name"":""lab-worker-1"",""cpu"":""5.06%"",""mem"":""101.5MiB / 122.8GiB""},{""name"":""lab-api"",""cpu"":""0.00%"",""mem"":""154.8MiB / 122.8GiB""},{""name"":""lab-allegro-stub"",""cpu"":""0.08%"",""mem"":""19.98MiB / 122.8GiB""},{""name"":""lab-erli-stub"",""cpu"":""0.00%"",""mem"":""18.03MiB / 122.8GiB""},{""name"":""lab-eparagony-stub"",""cpu"":""0.00%"",""mem"":""20.36MiB / 122.8GiB""},{""name"":""lab-invoicing-stub"",""cpu"":""0.00%"",""mem"":""16.6MiB / 122.8GiB""},{""name"":""lab-shipping-stub"",""cpu"":""0.00%"",""mem"":""16.57MiB / 122.8GiB""},{""name"":""lab-eparagony-stub-tls"",""cpu"":""0.00%"",""mem"":""23.3MiB / 122.8GiB""},{""name"":""lab-erli-stub-tls"",""cpu"":""0.00%"",""mem"":""22.67MiB / 122.8GiB""},{""name"":""lab-wc-tls"",""cpu"":""0.08%"",""mem"":""26.56MiB / 122.8GiB""},{""name"":""lab-prestashop"",""cpu"":""0.00%"",""mem"":""121.6MiB / 122.8GiB""},{""name"":""lab-woocommerce"",""cpu"":""6.49%"",""mem"":""290.8MiB / 122.8GiB""},{""name"":""lab-redis"",""cpu"":""0.43%"",""mem"":""77.75MiB / 122.8GiB""},{""name"":""lab-postgres"",""cpu"":""5.23%"",""mem"":""248.6MiB / 122.8GiB""},{""name"":""lab-mysql"",""cpu"":""0.89%"",""mem"":""719.4MiB / 122.8GiB""},{""name"":""lab-woocommerce-mysql"",""cpu"":""5.79%"",""mem"":""511.5MiB / 122.8GiB""}]"
2026-09-10T13:08:05Z,3,98,2,47,0,2667787955,"[{""name"":""lab-worker-1"",""cpu"":""5.06%"",""mem"":""101.5MiB / 122.8GiB""},{""name"":""lab-api"",""cpu"":""0.00%"",""mem"":""154.8MiB / 122.8GiB""},{""name"":""lab-allegro-stub"",""cpu"":""0.08%"",""mem"":""19.98MiB / 122.8GiB""},{""name"":""lab-erli-stub"",""cpu"":""0.00%"",""mem"":""18.03MiB / 122.8GiB""},{""name"":""lab-eparagony-stub"",""cpu"":""0.00%"",""mem"":""20.36MiB / 122.8GiB""},{""name"":""lab-invoicing-stub"",""cpu"":""0.00%"",""mem"":""16.6MiB / 122.8GiB""},{""name"":""lab-shipping-stub"",""cpu"":""0.00%"",""mem"":""16.57MiB / 122.8GiB""},{""name"":""lab-eparagony-stub-tls"",""cpu"":""0.00%"",""mem"":""23.3MiB / 122.8GiB""},{""name"":""lab-erli-stub-tls"",""cpu"":""0.00%"",""mem"":""22.67MiB / 122.8GiB""},{""name"":""lab-wc-tls"",""cpu"":""0.08%"",""mem"":""26.56MiB / 122.8GiB""},{""name"":""lab-prestashop"",""cpu"":""0.00%"",""mem"":""121.6MiB / 122.8GiB""},{""name"":""lab-woocommerce"",""cpu"":""6.49%"",""mem"":""290.8MiB / 122.8GiB""},{""name"":""lab-redis"",""cpu"":""0.43%"",""mem"":""77.75MiB / 122.8GiB""},{""name"":""lab-postgres"",""cpu"":""5.23%"",""mem"":""248.6MiB / 122.8GiB""},{""name"":""lab-mysql"",""cpu"":""0.89%"",""mem"":""719.4MiB / 122.8GiB""},{""name"":""lab-woocommerce-mysql"",""cpu"":""5.79%"",""mem"":""511.5MiB / 122.8GiB""}]"
2026-09-10T13:08:09Z,4,98,2,47,0,2667787955,"[{""name"":""lab-worker-1"",""cpu"":""0.72%"",""mem"":""101.6MiB / 122.8GiB""},{""name"":""lab-api"",""cpu"":""0.00%"",""mem"":""154.8MiB / 122.8GiB""},{""name"":""lab-allegro-stub"",""cpu"":""0.00%"",""mem"":""19.99MiB / 122.8GiB""},{""name"":""lab-erli-stub"",""cpu"":""0.00%"",""mem"":""18.03MiB / 122.8GiB""},{""name"":""lab-eparagony-stub"",""cpu"":""0.00%"",""mem"":""20.36MiB / 122.8GiB""},{""name"":""lab-invoicing-stub"",""cpu"":""0.01%"",""mem"":""16.59MiB / 122.8GiB""},{""name"":""lab-shipping-stub"",""cpu"":""0.00%"",""mem"":""16.56MiB / 122.8GiB""},{""name"":""lab-eparagony-stub-tls"",""cpu"":""0.00%"",""mem"":""23.3MiB / 122.8GiB""},{""name"":""lab-erli-stub-tls"",""cpu"":""0.00%"",""mem"":""22.67MiB / 122.8GiB""},{""name"":""lab-wc-tls"",""cpu"":""0.04%"",""mem"":""26.81MiB / 122.8GiB""},{""name"":""lab-prestashop"",""cpu"":""0.01%"",""mem"":""121.6MiB / 122.8GiB""},{""name"":""lab-woocommerce"",""cpu"":""10.07%"",""mem"":""288.8MiB / 122.8GiB""},{""name"":""lab-redis"",""cpu"":""0.29%"",""mem"":""77.77MiB / 122.8GiB""},{""name"":""lab-postgres"",""cpu"":""0.33%"",""mem"":""248.6MiB / 122.8GiB""},{""name"":""lab-mysql"",""cpu"":""0.86%"",""mem"":""719.4MiB / 122.8GiB""},{""name"":""lab-woocommerce-mysql"",""cpu"":""15.99%"",""mem"":""505.2MiB / 122.8GiB""}]"
2026-09-10T13:08:09Z,4,98,2,47,0,2667787955,"[{""name"":""lab-worker-1"",""cpu"":""6.26%"",""mem"":""101.6MiB / 122.8GiB""},{""name"":""lab-api"",""cpu"":""0.00%"",""mem"":""154.8MiB / 122.8GiB""},{""name"":""lab-allegro-stub"",""cpu"":""0.00%"",""mem"":""19.99MiB / 122.8GiB""},{""name"":""lab-erli-stub"",""cpu"":""0.00%"",""mem"":""18.03MiB / 122.8GiB""},{""name"":""lab-eparagony-stub"",""cpu"":""0.00%"",""mem"":""20.36MiB / 122.8GiB""},{""name"":""lab-invoicing-stub"",""cpu"":""0.01%"",""mem"":""16.59MiB / 122.8GiB""},{""name"":""lab-shipping-stub"",""cpu"":""0.00%"",""mem"":""16.56MiB / 122.8GiB""},{""name"":""lab-eparagony-stub-tls"",""cpu"":""0.00%"",""mem"":""23.3MiB / 122.8GiB""},{""name"":""lab-erli-stub-tls"",""cpu"":""0.00%"",""mem"":""22.67MiB / 122.8GiB""},{""name"":""lab-wc-tls"",""cpu"":""0.04%"",""mem"":""26.81MiB / 122.8GiB""},{""name"":""lab-prestashop"",""cpu"":""0.01%"",""mem"":""121.6MiB / 122.8GiB""},{""name"":""lab-woocommerce"",""cpu"":""10.07%"",""mem"":""288.8MiB / 122.8GiB""},{""name"":""lab-redis"",""cpu"":""0.29%"",""mem"":""77.77MiB / 122.8GiB""},{""name"":""lab-postgres"",""cpu"":""0.33%"",""mem"":""248.6MiB / 122.8GiB""},{""name"":""lab-mysql"",""cpu"":""0.86%"",""mem"":""719.4MiB / 122.8GiB""},{""name"":""lab-woocommerce-mysql"",""cpu"":""15.99%"",""mem"":""505.2MiB / 122.8GiB""}]"
2026-09-10T13:08:12Z,4,146,1,47,0,2667796147,"[{""name"":""lab-worker-1"",""cpu"":""5.35%"",""mem"":""104.2MiB / 122.8GiB""},{""name"":""lab-api"",""cpu"":""0.00%"",""mem"":""154.8MiB / 122.8GiB""},{""name"":""lab-allegro-stub"",""cpu"":""2.71%"",""mem"":""20.04MiB / 122.8GiB""},{""name"":""lab-erli-stub"",""cpu"":""0.02%"",""mem"":""18.04MiB / 122.8GiB""},{""name"":""lab-eparagony-stub"",""cpu"":""0.00%"",""mem"":""20.36MiB / 122.8GiB""},{""name"":""lab-invoicing-stub"",""cpu"":""3.60%"",""mem"":""16.61MiB / 122.8GiB""},{""name"":""lab-shipping-stub"",""cpu"":""4.11%"",""mem"":""16.57MiB / 122.8GiB""},{""name"":""lab-eparagony-stub-tls"",""cpu"":""0.00%"",""mem"":""23.3MiB / 122.8GiB""},{""name"":""lab-erli-stub-tls"",""cpu"":""0.00%"",""mem"":""22.67MiB / 122.8GiB""},{""name"":""lab-wc-tls"",""cpu"":""0.07%"",""mem"":""26.56MiB / 122.8GiB""},{""name"":""lab-prestashop"",""cpu"":""0.01%"",""mem"":""121.6MiB / 122.8GiB""},{""name"":""lab-woocommerce"",""cpu"":""6.47%"",""mem"":""290.8MiB / 122.8GiB""},{""name"":""lab-redis"",""cpu"":""0.30%"",""mem"":""78.02MiB / 122.8GiB""},{""name"":""lab-postgres"",""cpu"":""9.73%"",""mem"":""249.8MiB / 122.8GiB""},{""name"":""lab-mysql"",""cpu"":""5.73%"",""mem"":""719.4MiB / 122.8GiB""},{""name"":""lab-woocommerce-mysql"",""cpu"":""2.90%"",""mem"":""504.8MiB / 122.8GiB""}]"
2026-09-10T13:08:12Z,4,146,1,47,0,2667796147,"[{""name"":""lab-worker-1"",""cpu"":""5.35%"",""mem"":""104.2MiB / 122.8GiB""},{""name"":""lab-api"",""cpu"":""0.01%"",""mem"":""154.8MiB / 122.8GiB""},{""name"":""lab-allegro-stub"",""cpu"":""2.71%"",""mem"":""20.04MiB / 122.8GiB""},{""name"":""lab-erli-stub"",""cpu"":""0.02%"",""mem"":""18.04MiB / 122.8GiB""},{""name"":""lab-eparagony-stub"",""cpu"":""0.00%"",""mem"":""20.36MiB / 122.8GiB""},{""name"":""lab-invoicing-stub"",""cpu"":""3.60%"",""mem"":""16.61MiB / 122.8GiB""},{""name"":""lab-shipping-stub"",""cpu"":""4.11%"",""mem"":""16.57MiB / 122.8GiB""},{""name"":""lab-eparagony-stub-tls"",""cpu"":""0.00%"",""mem"":""23.3MiB / 122.8GiB""},{""name"":""lab-erli-stub-tls"",""cpu"":""0.00%"",""mem"":""22.67MiB / 122.8GiB""},{""name"":""lab-wc-tls"",""cpu"":""0.07%"",""mem"":""26.56MiB / 122.8GiB""},{""name"":""lab-prestashop"",""cpu"":""0.01%"",""mem"":""121.6MiB / 122.8GiB""},{""name"":""lab-woocommerce"",""cpu"":""6.47%"",""mem"":""290.8MiB / 122.8GiB""},{""name"":""lab-redis"",""cpu"":""0.30%"",""mem"":""78.02MiB / 122.8GiB""},{""name"":""lab-postgres"",""cpu"":""9.73%"",""mem"":""249.8MiB / 122.8GiB""},{""name"":""lab-mysql"",""cpu"":""5.73%"",""mem"":""719.4MiB / 122.8GiB""},{""name"":""lab-woocommerce-mysql"",""cpu"":""2.90%"",""mem"":""504.8MiB / 122.8GiB""}]"
2026-09-10T13:08:16Z,3,145,2,47,0,2667796147,"[{""name"":""lab-worker-1"",""cpu"":""3.69%"",""mem"":""104.2MiB / 122.8GiB""},{""name"":""lab-api"",""cpu"":""0.43%"",""mem"":""154.8MiB / 122.8GiB""},{""name"":""lab-allegro-stub"",""cpu"":""0.09%"",""mem"":""19.98MiB / 122.8GiB""},{""name"":""lab-erli-stub"",""cpu"":""4.52%"",""mem"":""18.47MiB / 122.8GiB""},{""name"":""lab-eparagony-stub"",""cpu"":""3.72%"",""mem"":""20.39MiB / 122.8GiB""},{""name"":""lab-invoicing-stub"",""cpu"":""0.00%"",""mem"":""16.59MiB / 122.8GiB""},{""name"":""lab-shipping-stub"",""cpu"":""0.00%"",""mem"":""16.56MiB / 122.8GiB""},{""name"":""lab-eparagony-stub-tls"",""cpu"":""0.00%"",""mem"":""23.3MiB / 122.8GiB""},{""name"":""lab-erli-stub-tls"",""cpu"":""0.00%"",""mem"":""22.67MiB / 122.8GiB""},{""name"":""lab-wc-tls"",""cpu"":""0.07%"",""mem"":""26.56MiB / 122.8GiB""},{""name"":""lab-prestashop"",""cpu"":""0.01%"",""mem"":""121.6MiB / 122.8GiB""},{""name"":""lab-woocommerce"",""cpu"":""6.02%"",""mem"":""290.9MiB / 122.8GiB""},{""name"":""lab-redis"",""cpu"":""0.47%"",""mem"":""77.78MiB / 122.8GiB""},{""name"":""lab-postgres"",""cpu"":""1.85%"",""mem"":""249.8MiB / 122.8GiB""},{""name"":""lab-mysql"",""cpu"":""0.83%"",""mem"":""719.4MiB / 122.8GiB""},{""name"":""lab-woocommerce-mysql"",""cpu"":""10.00%"",""mem"":""504.8MiB / 122.8GiB""}]"
2026-09-10T13:08:16Z,3,145,2,47,0,2667796147,"[{""name"":""lab-worker-1"",""cpu"":""3.69%"",""mem"":""104.2MiB / 122.8GiB""},{""name"":""lab-api"",""cpu"":""0.43%"",""mem"":""154.8MiB / 122.8GiB""},{""name"":""lab-allegro-stub"",""cpu"":""0.09%"",""mem"":""19.98MiB / 122.8GiB""},{""name"":""lab-erli-stub"",""cpu"":""4.52%"",""mem"":""18.47MiB / 122.8GiB""},{""name"":""lab-eparagony-stub"",""cpu"":""3.72%"",""mem"":""20.39MiB / 122.8GiB""},{""name"":""lab-invoicing-stub"",""cpu"":""0.00%"",""mem"":""16.59MiB / 122.8GiB""},{""name"":""lab-shipping-stub"",""cpu"":""0.00%"",""mem"":""16.56MiB / 122.8GiB""},{""name"":""lab-eparagony-stub-tls"",""cpu"":""0.00%"",""mem"":""23.3MiB / 122.8GiB""},{""name"":""lab-erli-stub-tls"",""cpu"":""0.00%"",""mem"":""22.67MiB / 122.8GiB""},{""name"":""lab-wc-tls"",""cpu"":""0.07%"",""mem"":""26.56MiB / 122.8GiB""},{""name"":""lab-prestashop"",""cpu"":""0.01%"",""mem"":""121.6MiB / 122.8GiB""},{""name"":""lab-woocommerce"",""cpu"":""6.02%"",""mem"":""290.9MiB / 122.8GiB""},{""name"":""lab-redis"",""cpu"":""0.47%"",""mem"":""77.78MiB / 122.8GiB""},{""name"":""lab-postgres"",""cpu"":""1.85%"",""mem"":""249.8MiB / 122.8GiB""},{""name"":""lab-mysql"",""cpu"":""0.83%"",""mem"":""719.4MiB / 122.8GiB""},{""name"":""lab-woocommerce-mysql"",""cpu"":""5.07%"",""mem"":""504.8MiB / 122.8GiB""}]"
2026-09-10T13:08:20Z,4,145,1,47,0,2667812531,"[{""name"":""lab-worker-1"",""cpu"":""5.08%"",""mem"":""104.7MiB / 122.8GiB""},{""name"":""lab-api"",""cpu"":""0.01%"",""mem"":""154.8MiB / 122.8GiB""},{""name"":""lab-allegro-stub"",""cpu"":""0.07%"",""mem"":""19.99MiB / 122.8GiB""},{""name"":""lab-erli-stub"",""cpu"":""0.00%"",""mem"":""18.04MiB / 122.8GiB""},{""name"":""lab-eparagony-stub"",""cpu"":""0.00%"",""mem"":""20.36MiB / 122.8GiB""},{""name"":""lab-invoicing-stub"",""cpu"":""0.00%"",""mem"":""16.59MiB / 122.8GiB""},{""name"":""lab-shipping-stub"",""cpu"":""0.00%"",""mem"":""16.56MiB / 122.8GiB""},{""name"":""lab-eparagony-stub-tls"",""cpu"":""0.00%"",""mem"":""23.3MiB / 122.8GiB""},{""name"":""lab-erli-stub-tls"",""cpu"":""0.00%"",""mem"":""22.67MiB / 122.8GiB""},{""name"":""lab-wc-tls"",""cpu"":""0.11%"",""mem"":""26.56MiB / 122.8GiB""},{""name"":""lab-prestashop"",""cpu"":""0.00%"",""mem"":""121.6MiB / 122.8GiB""},{""name"":""lab-woocommerce"",""cpu"":""9.32%"",""mem"":""288.9MiB / 122.8GiB""},{""name"":""lab-redis"",""cpu"":""0.42%"",""mem"":""77.78MiB / 122.8GiB""},{""name"":""lab-postgres"",""cpu"":""3.52%"",""mem"":""250MiB / 122.8GiB""},{""name"":""lab-mysql"",""cpu"":""0.73%"",""mem"":""719.4MiB / 122.8GiB""},{""name"":""lab-woocommerce-mysql"",""cpu"":""14.76%"",""mem"":""505.7MiB / 122.8GiB""}]"
2026-09-10T13:08:20Z,4,145,1,47,0,2667812531,"[{""name"":""lab-worker-1"",""cpu"":""5.08%"",""mem"":""104.7MiB / 122.8GiB""},{""name"":""lab-api"",""cpu"":""0.01%"",""mem"":""154.8MiB / 122.8GiB""},{""name"":""lab-allegro-stub"",""cpu"":""0.07%"",""mem"":""19.99MiB / 122.8GiB""},{""name"":""lab-erli-stub"",""cpu"":""0.00%"",""mem"":""18.04MiB / 122.8GiB""},{""name"":""lab-eparagony-stub"",""cpu"":""0.00%"",""mem"":""20.36MiB / 122.8GiB""},{""name"":""lab-invoicing-stub"",""cpu"":""0.00%"",""mem"":""16.59MiB / 122.8GiB""},{""name"":""lab-shipping-stub"",""cpu"":""0.00%"",""mem"":""16.56MiB / 122.8GiB""},{""name"":""lab-eparagony-stub-tls"",""cpu"":""0.00%"",""mem"":""23.3MiB / 122.8GiB""},{""name"":""lab-erli-stub-tls"",""cpu"":""0.00%"",""mem"":""22.67MiB / 122.8GiB""},{""name"":""lab-wc-tls"",""cpu"":""0.11%"",""mem"":""26.56MiB / 122.8GiB""},{""name"":""lab-prestashop"",""cpu"":""0.00%"",""mem"":""121.6MiB / 122.8GiB""},{""name"":""lab-woocommerce"",""cpu"":""9.32%"",""mem"":""288.9MiB / 122.8GiB""},{""name"":""lab-redis"",""cpu"":""0.42%"",""mem"":""77.78MiB / 122.8GiB""},{""name"":""lab-postgres"",""cpu"":""3.52%"",""mem"":""250MiB / 122.8GiB""},{""name"":""lab-mysql"",""cpu"":""0.73%"",""mem"":""719.4MiB / 122.8GiB""},{""name"":""lab-woocommerce-mysql"",""cpu"":""4.29%"",""mem"":""505.2MiB / 122.8GiB""}]"
2026-09-10T13:08:23Z,4,143,2,47,0,2667820723,"[{""name"":""lab-worker-1"",""cpu"":""1.32%"",""mem"":""104.4MiB / 122.8GiB""},{""name"":""lab-api"",""cpu"":""0.00%"",""mem"":""154.8MiB / 122.8GiB""},{""name"":""lab-allegro-stub"",""cpu"":""0.05%"",""mem"":""19.98MiB / 122.8GiB""},{""name"":""lab-erli-stub"",""cpu"":""0.00%"",""mem"":""18.05MiB / 122.8GiB""},{""name"":""lab-eparagony-stub"",""cpu"":""0.00%"",""mem"":""20.36MiB / 122.8GiB""},{""name"":""lab-invoicing-stub"",""cpu"":""0.01%"",""mem"":""16.6MiB / 122.8GiB""},{""name"":""lab-shipping-stub"",""cpu"":""0.01%"",""mem"":""16.59MiB / 122.8GiB""},{""name"":""lab-eparagony-stub-tls"",""cpu"":""0.00%"",""mem"":""23.3MiB / 122.8GiB""},{""name"":""lab-erli-stub-tls"",""cpu"":""0.00%"",""mem"":""22.67MiB / 122.8GiB""},{""name"":""lab-wc-tls"",""cpu"":""0.07%"",""mem"":""26.56MiB / 122.8GiB""},{""name"":""lab-prestashop"",""cpu"":""0.01%"",""mem"":""121.6MiB / 122.8GiB""},{""name"":""lab-woocommerce"",""cpu"":""7.46%"",""mem"":""290.9MiB / 122.8GiB""},{""name"":""lab-redis"",""cpu"":""0.39%"",""mem"":""78.03MiB / 122.8GiB""},{""name"":""lab-postgres"",""cpu"":""1.71%"",""mem"":""250.1MiB / 122.8GiB""},{""name"":""lab-mysql"",""cpu"":""0.97%"",""mem"":""719.4MiB / 122.8GiB""},{""name"":""lab-woocommerce-mysql"",""cpu"":""4.91%"",""mem"":""505.3MiB / 122.8GiB""}]"
2026-09-10T13:08:23Z,4,143,2,47,0,2667820723,"[{""name"":""lab-worker-1"",""cpu"":""1.32%"",""mem"":""104.4MiB / 122.8GiB""},{""name"":""lab-api"",""cpu"":""0.00%"",""mem"":""154.8MiB / 122.8GiB""},{""name"":""lab-allegro-stub"",""cpu"":""0.05%"",""mem"":""19.98MiB / 122.8GiB""},{""name"":""lab-erli-stub"",""cpu"":""0.00%"",""mem"":""18.05MiB / 122.8GiB""},{""name"":""lab-eparagony-stub"",""cpu"":""0.00%"",""mem"":""20.36MiB / 122.8GiB""},{""name"":""lab-invoicing-stub"",""cpu"":""0.01%"",""mem"":""16.6MiB / 122.8GiB""},{""name"":""lab-shipping-stub"",""cpu"":""0.01%"",""mem"":""16.59MiB / 122.8GiB""},{""name"":""lab-eparagony-stub-tls"",""cpu"":""0.00%"",""mem"":""23.3MiB / 122.8GiB""},{""name"":""lab-erli-stub-tls"",""cpu"":""0.00%"",""mem"":""22.67MiB / 122.8GiB""},{""name"":""lab-wc-tls"",""cpu"":""0.07%"",""mem"":""26.56MiB / 122.8GiB""},{""name"":""lab-prestashop"",""cpu"":""0.01%"",""mem"":""121.6MiB / 122.8GiB""},{""name"":""lab-woocommerce"",""cpu"":""7.46%"",""mem"":""290.9MiB / 122.8GiB""},{""name"":""lab-redis"",""cpu"":""0.39%"",""mem"":""78.03MiB / 122.8GiB""},{""name"":""lab-postgres"",""cpu"":""1.71%"",""mem"":""250.1MiB / 122.8GiB""},{""name"":""lab-mysql"",""cpu"":""0.97%"",""mem"":""719.4MiB / 122.8GiB""},{""name"":""lab-woocommerce-mysql"",""cpu"":""2.93%"",""mem"":""505.3MiB / 122.8GiB""}]"
2026-09-10T13:08:27Z,3,142,2,47,0,2667820723,"[{""name"":""lab-worker-1"",""cpu"":""9.30%"",""mem"":""104.5MiB / 122.8GiB""},{""name"":""lab-api"",""cpu"":""0.00%"",""mem"":""154.8MiB / 122.8GiB""},{""name"":""lab-allegro-stub"",""cpu"":""0.05%"",""mem"":""19.99MiB / 122.8GiB""},{""name"":""lab-erli-stub"",""cpu"":""3.69%"",""mem"":""18.06MiB / 122.8GiB""},{""name"":""lab-eparagony-stub"",""cpu"":""0.02%"",""mem"":""20.36MiB / 122.8GiB""},{""name"":""lab-invoicing-stub"",""cpu"":""0.00%"",""mem"":""16.59MiB / 122.8GiB""},{""name"":""lab-shipping-stub"",""cpu"":""0.00%"",""mem"":""16.56MiB / 122.8GiB""},{""name"":""lab-eparagony-stub-tls"",""cpu"":""0.00%"",""mem"":""23.3MiB / 122.8GiB""},{""name"":""lab-erli-stub-tls"",""cpu"":""0.00%"",""mem"":""22.67MiB / 122.8GiB""},{""name"":""lab-wc-tls"",""cpu"":""0.07%"",""mem"":""26.81MiB / 122.8GiB""},{""name"":""lab-prestashop"",""cpu"":""1.52%"",""mem"":""121.6MiB / 122.8GiB""},{""name"":""lab-woocommerce"",""cpu"":""22.98%"",""mem"":""291MiB / 122.8GiB""},{""name"":""lab-redis"",""cpu"":""0.48%"",""mem"":""78.03MiB / 122.8GiB""},{""name"":""lab-postgres"",""cpu"":""3.60%"",""mem"":""250.4MiB / 122.8GiB""},{""name"":""lab-mysql"",""cpu"":""2.04%"",""mem"":""719.4MiB / 122.8GiB""},{""name"":""lab-woocommerce-mysql"",""cpu"":""8.50%"",""mem"":""505.9MiB / 122.8GiB""}]"
2026-09-10T13:08:27Z,3,142,2,47,0,2667820723,"[{""name"":""lab-worker-1"",""cpu"":""9.30%"",""mem"":""104.5MiB / 122.8GiB""},{""name"":""lab-api"",""cpu"":""0.00%"",""mem"":""154.8MiB / 122.8GiB""},{""name"":""lab-allegro-stub"",""cpu"":""0.05%"",""mem"":""19.99MiB / 122.8GiB""},{""name"":""lab-erli-stub"",""cpu"":""3.69%"",""mem"":""18.06MiB / 122.8GiB""},{""name"":""lab-eparagony-stub"",""cpu"":""0.02%"",""mem"":""20.36MiB / 122.8GiB""},{""name"":""lab-invoicing-stub"",""cpu"":""0.00%"",""mem"":""16.59MiB / 122.8GiB""},{""name"":""lab-shipping-stub"",""cpu"":""0.00%"",""mem"":""16.56MiB / 122.8GiB""},{""name"":""lab-eparagony-stub-tls"",""cpu"":""0.00%"",""mem"":""23.3MiB / 122.8GiB""},{""name"":""lab-erli-stub-tls"",""cpu"":""0.00%"",""mem"":""22.67MiB / 122.8GiB""},{""name"":""lab-wc-tls"",""cpu"":""0.07%"",""mem"":""26.81MiB / 122.8GiB""},{""name"":""lab-prestashop"",""cpu"":""1.52%"",""mem"":""121.6MiB / 122.8GiB""},{""name"":""lab-woocommerce"",""cpu"":""22.98%"",""mem"":""291MiB / 122.8GiB""},{""name"":""lab-redis"",""cpu"":""0.48%"",""mem"":""78.03MiB / 122.8GiB""},{""name"":""lab-postgres"",""cpu"":""3.60%"",""mem"":""250.4MiB / 122.8GiB""},{""name"":""lab-mysql"",""cpu"":""2.04%"",""mem"":""719.4MiB / 122.8GiB""},{""name"":""lab-woocommerce-mysql"",""cpu"":""24.66%"",""mem"":""505.6MiB / 122.8GiB""}]"
2026-09-10T13:08:31Z,4,141,2,47,0,2667828915,"[{""name"":""lab-worker-1"",""cpu"":""5.64%"",""mem"":""104.5MiB / 122.8GiB""},{""name"":""lab-api"",""cpu"":""0.00%"",""mem"":""154.8MiB / 122.8GiB""},{""name"":""lab-allegro-stub"",""cpu"":""0.03%"",""mem"":""19.98MiB / 122.8GiB""},{""name"":""lab-erli-stub"",""cpu"":""0.00%"",""mem"":""18.06MiB / 122.8GiB""},{""name"":""lab-eparagony-stub"",""cpu"":""5.06%"",""mem"":""20.73MiB / 122.8GiB""},{""name"":""lab-invoicing-stub"",""cpu"":""0.00%"",""mem"":""16.59MiB / 122.8GiB""},{""name"":""lab-shipping-stub"",""cpu"":""0.00%"",""mem"":""16.56MiB / 122.8GiB""},{""name"":""lab-eparagony-stub-tls"",""cpu"":""0.00%"",""mem"":""23.3MiB / 122.8GiB""},{""name"":""lab-erli-stub-tls"",""cpu"":""0.00%"",""mem"":""22.67MiB / 122.8GiB""},{""name"":""lab-wc-tls"",""cpu"":""0.07%"",""mem"":""26.77MiB / 122.8GiB""},{""name"":""lab-prestashop"",""cpu"":""1.87%"",""mem"":""121.6MiB / 122.8GiB""},{""name"":""lab-woocommerce"",""cpu"":""20.80%"",""mem"":""288.9MiB / 122.8GiB""},{""name"":""lab-redis"",""cpu"":""4.78%"",""mem"":""77.79MiB / 122.8GiB""},{""name"":""lab-postgres"",""cpu"":""3.98%"",""mem"":""250.7MiB / 122.8GiB""},{""name"":""lab-mysql"",""cpu"":""1.87%"",""mem"":""719.4MiB / 122.8GiB""},{""name"":""lab-woocommerce-mysql"",""cpu"":""22.47%"",""mem"":""505.8MiB / 122.8GiB""}]"
2026-09-10T13:08:31Z,4,141,2,47,0,2667828915,"[{""name"":""lab-worker-1"",""cpu"":""5.64%"",""mem"":""104.5MiB / 122.8GiB""},{""name"":""lab-api"",""cpu"":""0.00%"",""mem"":""154.8MiB / 122.8GiB""},{""name"":""lab-allegro-stub"",""cpu"":""0.03%"",""mem"":""19.98MiB / 122.8GiB""},{""name"":""lab-erli-stub"",""cpu"":""0.00%"",""mem"":""18.06MiB / 122.8GiB""},{""name"":""lab-eparagony-stub"",""cpu"":""5.06%"",""mem"":""20.73MiB / 122.8GiB""},{""name"":""lab-invoicing-stub"",""cpu"":""0.00%"",""mem"":""16.59MiB / 122.8GiB""},{""name"":""lab-shipping-stub"",""cpu"":""0.00%"",""mem"":""16.56MiB / 122.8GiB""},{""name"":""lab-eparagony-stub-tls"",""cpu"":""0.00%"",""mem"":""23.3MiB / 122.8GiB""},{""name"":""lab-erli-stub-tls"",""cpu"":""0.00%"",""mem"":""22.67MiB / 122.8GiB""},{""name"":""lab-wc-tls"",""cpu"":""0.07%"",""mem"":""26.77MiB / 122.8GiB""},{""name"":""lab-prestashop"",""cpu"":""1.87%"",""mem"":""121.6MiB / 122.8GiB""},{""name"":""lab-woocommerce"",""cpu"":""20.80%"",""mem"":""288.9MiB / 122.8GiB""},{""name"":""lab-redis"",""cpu"":""4.78%"",""mem"":""77.79MiB / 122.8GiB""},{""name"":""lab-postgres"",""cpu"":""3.98%"",""mem"":""250.7MiB / 122.8GiB""},{""name"":""lab-mysql"",""cpu"":""1.87%"",""mem"":""719.4MiB / 122.8GiB""},{""name"":""lab-woocommerce-mysql"",""cpu"":""22.47%"",""mem"":""505.8MiB / 122.8GiB""}]"
2026-09-10T13:08:34Z,4,140,2,47,0,2667828915,"[{""name"":""lab-worker-1"",""cpu"":""0.74%"",""mem"":""104.6MiB / 122.8GiB""},{""name"":""lab-api"",""cpu"":""0.00%"",""mem"":""154.8MiB / 122.8GiB""},{""name"":""lab-allegro-stub"",""cpu"":""0.00%"",""mem"":""20.06MiB / 122.8GiB""},{""name"":""lab-erli-stub"",""cpu"":""0.00%"",""mem"":""18.05MiB / 122.8GiB""},{""name"":""lab-eparagony-stub"",""cpu"":""0.00%"",""mem"":""20.36MiB / 122.8GiB""},{""name"":""lab-invoicing-stub"",""cpu"":""0.00%"",""mem"":""16.61MiB / 122.8GiB""},{""name"":""lab-shipping-stub"",""cpu"":""0.00%"",""mem"":""16.58MiB / 122.8GiB""},{""name"":""lab-eparagony-stub-tls"",""cpu"":""0.00%"",""mem"":""23.3MiB / 122.8GiB""},{""name"":""lab-erli-stub-tls"",""cpu"":""0.00%"",""mem"":""22.67MiB / 122.8GiB""},{""name"":""lab-wc-tls"",""cpu"":""0.05%"",""mem"":""26.77MiB / 122.8GiB""},{""name"":""lab-prestashop"",""cpu"":""0.02%"",""mem"":""121.6MiB / 122.8GiB""},{""name"":""lab-woocommerce"",""cpu"":""6.06%"",""mem"":""292.9MiB / 122.8GiB""},{""name"":""lab-redis"",""cpu"":""0.36%"",""mem"":""77.78MiB / 122.8GiB""},{""name"":""lab-postgres"",""cpu"":""0.49%"",""mem"":""250.5MiB / 122.8GiB""},{""name"":""lab-mysql"",""cpu"":""0.82%"",""mem"":""719.4MiB / 122.8GiB""},{""name"":""lab-woocommerce-mysql"",""cpu"":""3.05%"",""mem"":""505.9MiB / 122.8GiB""}]"
2026-09-10T13:08:34Z,4,140,2,47,0,2667828915,"[{""name"":""lab-worker-1"",""cpu"":""0.74%"",""mem"":""104.6MiB / 122.8GiB""},{""name"":""lab-api"",""cpu"":""0.00%"",""mem"":""154.8MiB / 122.8GiB""},{""name"":""lab-allegro-stub"",""cpu"":""0.00%"",""mem"":""20.06MiB / 122.8GiB""},{""name"":""lab-erli-stub"",""cpu"":""0.00%"",""mem"":""18.05MiB / 122.8GiB""},{""name"":""lab-eparagony-stub"",""cpu"":""0.00%"",""mem"":""20.36MiB / 122.8GiB""},{""name"":""lab-invoicing-stub"",""cpu"":""0.00%"",""mem"":""16.61MiB / 122.8GiB""},{""name"":""lab-shipping-stub"",""cpu"":""0.00%"",""mem"":""16.58MiB / 122.8GiB""},{""name"":""lab-eparagony-stub-tls"",""cpu"":""0.00%"",""mem"":""23.3MiB / 122.8GiB""},{""name"":""lab-erli-stub-tls"",""cpu"":""0.00%"",""mem"":""22.67MiB / 122.8GiB""},{""name"":""lab-wc-tls"",""cpu"":""0.05%"",""mem"":""26.77MiB / 122.8GiB""},{""name"":""lab-prestashop"",""cpu"":""0.02%"",""mem"":""121.6MiB / 122.8GiB""},{""name"":""lab-woocommerce"",""cpu"":""6.06%"",""mem"":""292.9MiB / 122.8GiB""},{""name"":""lab-redis"",""cpu"":""0.36%"",""mem"":""77.78MiB / 122.8GiB""},{""name"":""lab-postgres"",""cpu"":""0.49%"",""mem"":""250.5MiB / 122.8GiB""},{""name"":""lab-mysql"",""cpu"":""0.82%"",""mem"":""719.4MiB / 122.8GiB""},{""name"":""lab-woocommerce-mysql"",""cpu"":""7.60%"",""mem"":""505.9MiB / 122.8GiB""}]"
2026-09-10T13:08:38Z,3,141,3,47,0,2667828915,"[{""name"":""lab-worker-1"",""cpu"":""9.18%"",""mem"":""104.9MiB / 122.8GiB""},{""name"":""lab-api"",""cpu"":""0.00%"",""mem"":""154.8MiB / 122.8GiB""},{""name"":""lab-allegro-stub"",""cpu"":""4.11%"",""mem"":""19.99MiB / 122.8GiB""},{""name"":""lab-erli-stub"",""cpu"":""0.00%"",""mem"":""18.05MiB / 122.8GiB""},{""name"":""lab-eparagony-stub"",""cpu"":""0.00%"",""mem"":""20.36MiB / 122.8GiB""},{""name"":""lab-invoicing-stub"",""cpu"":""3.35%"",""mem"":""16.6MiB / 122.8GiB""},{""name"":""lab-shipping-stub"",""cpu"":""4.00%"",""mem"":""16.57MiB / 122.8GiB""},{""name"":""lab-eparagony-stub-tls"",""cpu"":""0.00%"",""mem"":""23.3MiB / 122.8GiB""},{""name"":""lab-erli-stub-tls"",""cpu"":""0.00%"",""mem"":""22.67MiB / 122.8GiB""},{""name"":""lab-wc-tls"",""cpu"":""0.08%"",""mem"":""27.01MiB / 122.8GiB""},{""name"":""lab-prestashop"",""cpu"":""1.91%"",""mem"":""121.6MiB / 122.8GiB""},{""name"":""lab-woocommerce"",""cpu"":""16.56%"",""mem"":""292.9MiB / 122.8GiB""},{""name"":""lab-redis"",""cpu"":""0.50%"",""mem"":""77.78MiB / 122.8GiB""},{""name"":""lab-postgres"",""cpu"":""6.02%"",""mem"":""250.7MiB / 122.8GiB""},{""name"":""lab-mysql"",""cpu"":""1.69%"",""mem"":""719.4MiB / 122.8GiB""},{""name"":""lab-woocommerce-mysql"",""cpu"":""21.57%"",""mem"":""506.3MiB / 122.8GiB""}]"
2026-09-10T13:08:38Z,3,141,3,47,0,2667828915,"[{""name"":""lab-worker-1"",""cpu"":""9.18%"",""mem"":""104.9MiB / 122.8GiB""},{""name"":""lab-api"",""cpu"":""0.00%"",""mem"":""154.8MiB / 122.8GiB""},{""name"":""lab-allegro-stub"",""cpu"":""4.11%"",""mem"":""19.99MiB / 122.8GiB""},{""name"":""lab-erli-stub"",""cpu"":""0.00%"",""mem"":""18.05MiB / 122.8GiB""},{""name"":""lab-eparagony-stub"",""cpu"":""0.00%"",""mem"":""20.36MiB / 122.8GiB""},{""name"":""lab-invoicing-stub"",""cpu"":""3.35%"",""mem"":""16.6MiB / 122.8GiB""},{""name"":""lab-shipping-stub"",""cpu"":""4.00%"",""mem"":""16.57MiB / 122.8GiB""},{""name"":""lab-eparagony-stub-tls"",""cpu"":""0.00%"",""mem"":""23.3MiB / 122.8GiB""},{""name"":""lab-erli-stub-tls"",""cpu"":""0.00%"",""mem"":""22.67MiB / 122.8GiB""},{""name"":""lab-wc-tls"",""cpu"":""0.08%"",""mem"":""27.01MiB / 122.8GiB""},{""name"":""lab-prestashop"",""cpu"":""1.91%"",""mem"":""121.6MiB / 122.8GiB""},{""name"":""lab-woocommerce"",""cpu"":""16.56%"",""mem"":""292.9MiB / 122.8GiB""},{""name"":""lab-redis"",""cpu"":""0.50%"",""mem"":""77.78MiB / 122.8GiB""},{""name"":""lab-postgres"",""cpu"":""6.02%"",""mem"":""250.7MiB / 122.8GiB""},{""name"":""lab-mysql"",""cpu"":""1.69%"",""mem"":""719.4MiB / 122.8GiB""},{""name"":""lab-woocommerce-mysql"",""cpu"":""20.89%"",""mem"":""506.4MiB / 122.8GiB""}]"
2026-09-10T13:08:42Z,4,138,2,47,0,2667828915,"[{""name"":""lab-worker-1"",""cpu"":""1.18%"",""mem"":""104.7MiB / 122.8GiB""},{""name"":""lab-api"",""cpu"":""0.01%"",""mem"":""154.8MiB / 122.8GiB""},{""name"":""lab-allegro-stub"",""cpu"":""0.00%"",""mem"":""20.24MiB / 122.8GiB""},{""name"":""lab-erli-stub"",""cpu"":""4.02%"",""mem"":""18.09MiB / 122.8GiB""},{""name"":""lab-eparagony-stub"",""cpu"":""3.96%"",""mem"":""20.38MiB / 122.8GiB""},{""name"":""lab-invoicing-stub"",""cpu"":""0.00%"",""mem"":""16.59MiB / 122.8GiB""},{""name"":""lab-shipping-stub"",""cpu"":""0.00%"",""mem"":""16.57MiB / 122.8GiB""},{""name"":""lab-eparagony-stub-tls"",""cpu"":""0.00%"",""mem"":""23.3MiB / 122.8GiB""},{""name"":""lab-erli-stub-tls"",""cpu"":""0.00%"",""mem"":""22.67MiB / 122.8GiB""},{""name"":""lab-wc-tls"",""cpu"":""0.06%"",""mem"":""26.76MiB / 122.8GiB""},{""name"":""lab-prestashop"",""cpu"":""0.02%"",""mem"":""121.6MiB / 122.8GiB""},{""name"":""lab-woocommerce"",""cpu"":""9.79%"",""mem"":""290.9MiB / 122.8GiB""},{""name"":""lab-redis"",""cpu"":""0.30%"",""mem"":""77.78MiB / 122.8GiB""},{""name"":""lab-postgres"",""cpu"":""7.62%"",""mem"":""250.8MiB / 122.8GiB""},{""name"":""lab-mysql"",""cpu"":""0.77%"",""mem"":""719.4MiB / 122.8GiB""},{""name"":""lab-woocommerce-mysql"",""cpu"":""6.99%"",""mem"":""506.4MiB / 122.8GiB""}]"
2026-09-10T13:08:42Z,4,138,2,47,0,2667828915,"[{""name"":""lab-worker-1"",""cpu"":""1.18%"",""mem"":""104.7MiB / 122.8GiB""},{""name"":""lab-api"",""cpu"":""0.01%"",""mem"":""154.8MiB / 122.8GiB""},{""name"":""lab-allegro-stub"",""cpu"":""0.00%"",""mem"":""20.24MiB / 122.8GiB""},{""name"":""lab-erli-stub"",""cpu"":""4.02%"",""mem"":""18.09MiB / 122.8GiB""},{""name"":""lab-eparagony-stub"",""cpu"":""3.96%"",""mem"":""20.38MiB / 122.8GiB""},{""name"":""lab-invoicing-stub"",""cpu"":""0.00%"",""mem"":""16.59MiB / 122.8GiB""},{""name"":""lab-shipping-stub"",""cpu"":""0.00%"",""mem"":""16.57MiB / 122.8GiB""},{""name"":""lab-eparagony-stub-tls"",""cpu"":""0.00%"",""mem"":""23.3MiB / 122.8GiB""},{""name"":""lab-erli-stub-tls"",""cpu"":""0.00%"",""mem"":""22.67MiB / 122.8GiB""},{""name"":""lab-wc-tls"",""cpu"":""0.06%"",""mem"":""26.76MiB / 122.8GiB""},{""name"":""lab-prestashop"",""cpu"":""0.02%"",""mem"":""121.6MiB / 122.8GiB""},{""name"":""lab-woocommerce"",""cpu"":""9.79%"",""mem"":""290.9MiB / 122.8GiB""},{""name"":""lab-redis"",""cpu"":""0.30%"",""mem"":""77.78MiB / 122.8GiB""},{""name"":""lab-postgres"",""cpu"":""7.62%"",""mem"":""250.8MiB / 122.8GiB""},{""name"":""lab-mysql"",""cpu"":""0.77%"",""mem"":""719.4MiB / 122.8GiB""},{""name"":""lab-woocommerce-mysql"",""cpu"":""6.99%"",""mem"":""506.4MiB / 122.8GiB""}]"
2026-09-10T13:08:45Z,4,138,2,47,0,2667837107,"[{""name"":""lab-worker-1"",""cpu"":""1.74%"",""mem"":""104.7MiB / 122.8GiB""},{""name"":""lab-api"",""cpu"":""0.54%"",""mem"":""154.9MiB / 122.8GiB""},{""name"":""lab-allegro-stub"",""cpu"":""0.01%"",""mem"":""20.23MiB / 122.8GiB""},{""name"":""lab-erli-stub"",""cpu"":""0.00%"",""mem"":""18.05MiB / 122.8GiB""},{""name"":""lab-eparagony-stub"",""cpu"":""0.00%"",""mem"":""20.36MiB / 122.8GiB""},{""name"":""lab-invoicing-stub"",""cpu"":""0.00%"",""mem"":""16.59MiB / 122.8GiB""},{""name"":""lab-shipping-stub"",""cpu"":""0.00%"",""mem"":""16.56MiB / 122.8GiB""},{""name"":""lab-eparagony-stub-tls"",""cpu"":""0.00%"",""mem"":""23.3MiB / 122.8GiB""},{""name"":""lab-erli-stub-tls"",""cpu"":""0.00%"",""mem"":""22.67MiB / 122.8GiB""},{""name"":""lab-wc-tls"",""cpu"":""0.08%"",""mem"":""26.76MiB / 122.8GiB""},{""name"":""lab-prestashop"",""cpu"":""0.00%"",""mem"":""121.6MiB / 122.8GiB""},{""name"":""lab-woocommerce"",""cpu"":""15.85%"",""mem"":""290.9MiB / 122.8GiB""},{""name"":""lab-redis"",""cpu"":""0.42%"",""mem"":""77.78MiB / 122.8GiB""},{""name"":""lab-postgres"",""cpu"":""1.14%"",""mem"":""250.7MiB / 122.8GiB""},{""name"":""lab-mysql"",""cpu"":""0.69%"",""mem"":""719.4MiB / 122.8GiB""},{""name"":""lab-woocommerce-mysql"",""cpu"":""5.30%"",""mem"":""506.4MiB / 122.8GiB""}]"
2026-09-10T13:08:45Z,4,138,2,47,0,2667837107,"[{""name"":""lab-worker-1"",""cpu"":""1.74%"",""mem"":""104.7MiB / 122.8GiB""},{""name"":""lab-api"",""cpu"":""0.54%"",""mem"":""154.9MiB / 122.8GiB""},{""name"":""lab-allegro-stub"",""cpu"":""0.01%"",""mem"":""20.23MiB / 122.8GiB""},{""name"":""lab-erli-stub"",""cpu"":""0.00%"",""mem"":""18.05MiB / 122.8GiB""},{""name"":""lab-eparagony-stub"",""cpu"":""0.00%"",""mem"":""20.36MiB / 122.8GiB""},{""name"":""lab-invoicing-stub"",""cpu"":""0.00%"",""mem"":""16.59MiB / 122.8GiB""},{""name"":""lab-shipping-stub"",""cpu"":""0.00%"",""mem"":""16.56MiB / 122.8GiB""},{""name"":""lab-eparagony-stub-tls"",""cpu"":""0.00%"",""mem"":""23.3MiB / 122.8GiB""},{""name"":""lab-erli-stub-tls"",""cpu"":""0.00%"",""mem"":""22.67MiB / 122.8GiB""},{""name"":""lab-wc-tls"",""cpu"":""0.08%"",""mem"":""26.76MiB / 122.8GiB""},{""name"":""lab-prestashop"",""cpu"":""0.00%"",""mem"":""121.6MiB / 122.8GiB""},{""name"":""lab-woocommerce"",""cpu"":""15.85%"",""mem"":""290.9MiB / 122.8GiB""},{""name"":""lab-redis"",""cpu"":""0.42%"",""mem"":""77.78MiB / 122.8GiB""},{""name"":""lab-postgres"",""cpu"":""1.14%"",""mem"":""250.7MiB / 122.8GiB""},{""name"":""lab-mysql"",""cpu"":""0.69%"",""mem"":""719.4MiB / 122.8GiB""},{""name"":""lab-woocommerce-mysql"",""cpu"":""24.49%"",""mem"":""506.5MiB / 122.8GiB""}]"
2026-09-10T13:08:49Z,3,137,1,47,0,2667837107,"[{""name"":""lab-worker-1"",""cpu"":""3.22%"",""mem"":""109.9MiB / 122.8GiB""},{""name"":""lab-api"",""cpu"":""0.00%"",""mem"":""154.9MiB / 122.8GiB""},{""name"":""lab-allegro-stub"",""cpu"":""0.01%"",""mem"":""20.24MiB / 122.8GiB""},{""name"":""lab-erli-stub"",""cpu"":""0.00%"",""mem"":""18.05MiB / 122.8GiB""},{""name"":""lab-eparagony-stub"",""cpu"":""0.00%"",""mem"":""20.36MiB / 122.8GiB""},{""name"":""lab-invoicing-stub"",""cpu"":""0.00%"",""mem"":""16.59MiB / 122.8GiB""},{""name"":""lab-shipping-stub"",""cpu"":""0.00%"",""mem"":""16.56MiB / 122.8GiB""},{""name"":""lab-eparagony-stub-tls"",""cpu"":""0.00%"",""mem"":""23.3MiB / 122.8GiB""},{""name"":""lab-erli-stub-tls"",""cpu"":""0.00%"",""mem"":""22.67MiB / 122.8GiB""},{""name"":""lab-wc-tls"",""cpu"":""0.06%"",""mem"":""26.77MiB / 122.8GiB""},{""name"":""lab-prestashop"",""cpu"":""0.01%"",""mem"":""121.6MiB / 122.8GiB""},{""name"":""lab-woocommerce"",""cpu"":""7.46%"",""mem"":""290.9MiB / 122.8GiB""},{""name"":""lab-redis"",""cpu"":""0.39%"",""mem"":""77.78MiB / 122.8GiB""},{""name"":""lab-postgres"",""cpu"":""2.65%"",""mem"":""250.7MiB / 122.8GiB""},{""name"":""lab-mysql"",""cpu"":""0.72%"",""mem"":""719.4MiB / 122.8GiB""},{""name"":""lab-woocommerce-mysql"",""cpu"":""3.22%"",""mem"":""506.6MiB / 122.8GiB""}]"
2026-09-10T13:08:49Z,3,137,1,47,0,2667837107,"[{""name"":""lab-worker-1"",""cpu"":""3.22%"",""mem"":""109.9MiB / 122.8GiB""},{""name"":""lab-api"",""cpu"":""0.00%"",""mem"":""154.9MiB / 122.8GiB""},{""name"":""lab-allegro-stub"",""cpu"":""0.01%"",""mem"":""20.24MiB / 122.8GiB""},{""name"":""lab-erli-stub"",""cpu"":""0.00%"",""mem"":""18.05MiB / 122.8GiB""},{""name"":""lab-eparagony-stub"",""cpu"":""0.00%"",""mem"":""20.36MiB / 122.8GiB""},{""name"":""lab-invoicing-stub"",""cpu"":""0.00%"",""mem"":""16.59MiB / 122.8GiB""},{""name"":""lab-shipping-stub"",""cpu"":""0.00%"",""mem"":""16.56MiB / 122.8GiB""},{""name"":""lab-eparagony-stub-tls"",""cpu"":""0.00%"",""mem"":""23.3MiB / 122.8GiB""},{""name"":""lab-erli-stub-tls"",""cpu"":""0.00%"",""mem"":""22.67MiB / 122.8GiB""},{""name"":""lab-wc-tls"",""cpu"":""0.06%"",""mem"":""26.77MiB / 122.8GiB""},{""name"":""lab-prestashop"",""cpu"":""0.01%"",""mem"":""121.6MiB / 122.8GiB""},{""name"":""lab-woocommerce"",""cpu"":""7.46%"",""mem"":""290.9MiB / 122.8GiB""},{""name"":""lab-redis"",""cpu"":""0.39%"",""mem"":""77.78MiB / 122.8GiB""},{""name"":""lab-postgres"",""cpu"":""2.65%"",""mem"":""250.7MiB / 122.8GiB""},{""name"":""lab-mysql"",""cpu"":""0.72%"",""mem"":""719.4MiB / 122.8GiB""},{""name"":""lab-woocommerce-mysql"",""cpu"":""3.22%"",""mem"":""506.6MiB / 122.8GiB""}]"
2026-09-10T13:08:53Z,4,136,2,47,0,2667861683,"[{""name"":""lab-worker-1"",""cpu"":""1.66%"",""mem"":""111.6MiB / 122.8GiB""},{""name"":""lab-api"",""cpu"":""0.00%"",""mem"":""154.9MiB / 122.8GiB""},{""name"":""lab-allegro-stub"",""cpu"":""3.74%"",""mem"":""20.36MiB / 122.8GiB""},{""name"":""lab-erli-stub"",""cpu"":""0.01%"",""mem"":""18.05MiB / 122.8GiB""},{""name"":""lab-eparagony-stub"",""cpu"":""0.00%"",""mem"":""20.37MiB / 122.8GiB""},{""name"":""lab-invoicing-stub"",""cpu"":""4.30%"",""mem"":""16.7MiB / 122.8GiB""},{""name"":""lab-shipping-stub"",""cpu"":""3.23%"",""mem"":""16.58MiB / 122.8GiB""},{""name"":""lab-eparagony-stub-tls"",""cpu"":""0.00%"",""mem"":""23.3MiB / 122.8GiB""},{""name"":""lab-erli-stub-tls"",""cpu"":""0.00%"",""mem"":""22.67MiB / 122.8GiB""},{""name"":""lab-wc-tls"",""cpu"":""0.05%"",""mem"":""26.76MiB / 122.8GiB""},{""name"":""lab-prestashop"",""cpu"":""0.00%"",""mem"":""121.6MiB / 122.8GiB""},{""name"":""lab-woocommerce"",""cpu"":""17.75%"",""mem"":""290.9MiB / 122.8GiB""},{""name"":""lab-redis"",""cpu"":""0.33%"",""mem"":""77.78MiB / 122.8GiB""},{""name"":""lab-postgres"",""cpu"":""6.27%"",""mem"":""250.8MiB / 122.8GiB""},{""name"":""lab-mysql"",""cpu"":""3.80%"",""mem"":""719.4MiB / 122.8GiB""},{""name"":""lab-woocommerce-mysql"",""cpu"":""5.23%"",""mem"":""506.6MiB / 122.8GiB""}]"
2026-09-10T13:08:53Z,4,136,2,47,0,2667861683,"[{""name"":""lab-worker-1"",""cpu"":""1.66%"",""mem"":""111.6MiB / 122.8GiB""},{""name"":""lab-api"",""cpu"":""0.00%"",""mem"":""154.9MiB / 122.8GiB""},{""name"":""lab-allegro-stub"",""cpu"":""3.74%"",""mem"":""20.36MiB / 122.8GiB""},{""name"":""lab-erli-stub"",""cpu"":""0.01%"",""mem"":""18.05MiB / 122.8GiB""},{""name"":""lab-eparagony-stub"",""cpu"":""0.00%"",""mem"":""20.37MiB / 122.8GiB""},{""name"":""lab-invoicing-stub"",""cpu"":""4.30%"",""mem"":""16.7MiB / 122.8GiB""},{""name"":""lab-shipping-stub"",""cpu"":""3.23%"",""mem"":""16.58MiB / 122.8GiB""},{""name"":""lab-eparagony-stub-tls"",""cpu"":""0.00%"",""mem"":""23.3MiB / 122.8GiB""},{""name"":""lab-erli-stub-tls"",""cpu"":""0.00%"",""mem"":""22.67MiB / 122.8GiB""},{""name"":""lab-wc-tls"",""cpu"":""0.05%"",""mem"":""26.76MiB / 122.8GiB""},{""name"":""lab-prestashop"",""cpu"":""0.00%"",""mem"":""121.6MiB / 122.8GiB""},{""name"":""lab-woocommerce"",""cpu"":""17.75%"",""mem"":""290.9MiB / 122.8GiB""},{""name"":""lab-redis"",""cpu"":""0.33%"",""mem"":""77.78MiB / 122.8GiB""},{""name"":""lab-postgres"",""cpu"":""6.27%"",""mem"":""250.8MiB / 122.8GiB""},{""name"":""lab-mysql"",""cpu"":""3.80%"",""mem"":""719.4MiB / 122.8GiB""},{""name"":""lab-woocommerce-mysql"",""cpu"":""17.54%"",""mem"":""506.6MiB / 122.8GiB""}]"
2026-09-10T13:08:56Z,4,135,2,47,0,2667878067,"[{""name"":""lab-worker-1"",""cpu"":""5.35%"",""mem"":""111.6MiB / 122.8GiB""},{""name"":""lab-api"",""cpu"":""0.25%"",""mem"":""154.9MiB / 122.8GiB""},{""name"":""lab-allegro-stub"",""cpu"":""0.10%"",""mem"":""20.24MiB / 122.8GiB""},{""name"":""lab-erli-stub"",""cpu"":""0.00%"",""mem"":""18.05MiB / 122.8GiB""},{""name"":""lab-eparagony-stub"",""cpu"":""3.33%"",""mem"":""20.38MiB / 122.8GiB""},{""name"":""lab-invoicing-stub"",""cpu"":""0.01%"",""mem"":""16.59MiB / 122.8GiB""},{""name"":""lab-shipping-stub"",""cpu"":""0.01%"",""mem"":""16.56MiB / 122.8GiB""},{""name"":""lab-eparagony-stub-tls"",""cpu"":""0.00%"",""mem"":""23.3MiB / 122.8GiB""},{""name"":""lab-erli-stub-tls"",""cpu"":""0.00%"",""mem"":""22.67MiB / 122.8GiB""},{""name"":""lab-wc-tls"",""cpu"":""0.08%"",""mem"":""26.76MiB / 122.8GiB""},{""name"":""lab-prestashop"",""cpu"":""0.01%"",""mem"":""121.6MiB / 122.8GiB""},{""name"":""lab-woocommerce"",""cpu"":""7.10%"",""mem"":""290.9MiB / 122.8GiB""},{""name"":""lab-redis"",""cpu"":""0.41%"",""mem"":""77.78MiB / 122.8GiB""},{""name"":""lab-postgres"",""cpu"":""4.05%"",""mem"":""250.9MiB / 122.8GiB""},{""name"":""lab-mysql"",""cpu"":""0.54%"",""mem"":""719.4MiB / 122.8GiB""},{""name"":""lab-woocommerce-mysql"",""cpu"":""7.91%"",""mem"":""506.6MiB / 122.8GiB""}]"
2026-09-10T13:08:56Z,4,135,2,47,0,2667878067,"[{""name"":""lab-worker-1"",""cpu"":""5.35%"",""mem"":""111.6MiB / 122.8GiB""},{""name"":""lab-api"",""cpu"":""0.25%"",""mem"":""154.9MiB / 122.8GiB""},{""name"":""lab-allegro-stub"",""cpu"":""0.10%"",""mem"":""20.24MiB / 122.8GiB""},{""name"":""lab-erli-stub"",""cpu"":""0.00%"",""mem"":""18.05MiB / 122.8GiB""},{""name"":""lab-eparagony-stub"",""cpu"":""3.33%"",""mem"":""20.38MiB / 122.8GiB""},{""name"":""lab-invoicing-stub"",""cpu"":""0.01%"",""mem"":""16.59MiB / 122.8GiB""},{""name"":""lab-shipping-stub"",""cpu"":""0.01%"",""mem"":""16.56MiB / 122.8GiB""},{""name"":""lab-eparagony-stub-tls"",""cpu"":""0.00%"",""mem"":""23.3MiB / 122.8GiB""},{""name"":""lab-erli-stub-tls"",""cpu"":""0.00%"",""mem"":""22.67MiB / 122.8GiB""},{""name"":""lab-wc-tls"",""cpu"":""0.08%"",""mem"":""26.76MiB / 122.8GiB""},{""name"":""lab-prestashop"",""cpu"":""0.01%"",""mem"":""121.6MiB / 122.8GiB""},{""name"":""lab-woocommerce"",""cpu"":""7.10%"",""mem"":""290.9MiB / 122.8GiB""},{""name"":""lab-redis"",""cpu"":""0.41%"",""mem"":""77.78MiB / 122.8GiB""},{""name"":""lab-postgres"",""cpu"":""4.05%"",""mem"":""250.9MiB / 122.8GiB""},{""name"":""lab-mysql"",""cpu"":""0.54%"",""mem"":""719.4MiB / 122.8GiB""},{""name"":""lab-woocommerce-mysql"",""cpu"":""7.91%"",""mem"":""506.6MiB / 122.8GiB""}]"
2026-09-10T13:09:00Z,3,134,2,47,0,2667878067,"[{""name"":""lab-worker-1"",""cpu"":""6.38%"",""mem"":""111.9MiB / 122.8GiB""},{""name"":""lab-api"",""cpu"":""0.00%"",""mem"":""154.9MiB / 122.8GiB""},{""name"":""lab-allegro-stub"",""cpu"":""0.01%"",""mem"":""20.24MiB / 122.8GiB""},{""name"":""lab-erli-stub"",""cpu"":""0.00%"",""mem"":""18.05MiB / 122.8GiB""},{""name"":""lab-eparagony-stub"",""cpu"":""0.00%"",""mem"":""20.36MiB / 122.8GiB""},{""name"":""lab-invoicing-stub"",""cpu"":""0.00%"",""mem"":""16.59MiB / 122.8GiB""},{""name"":""lab-shipping-stub"",""cpu"":""0.00%"",""mem"":""16.57MiB / 122.8GiB""},{""name"":""lab-eparagony-stub-tls"",""cpu"":""0.00%"",""mem"":""23.3MiB / 122.8GiB""},{""name"":""lab-erli-stub-tls"",""cpu"":""0.00%"",""mem"":""22.67MiB / 122.8GiB""},{""name"":""lab-wc-tls"",""cpu"":""0.07%"",""mem"":""26.76MiB / 122.8GiB""},{""name"":""lab-prestashop"",""cpu"":""1.69%"",""mem"":""121.6MiB / 122.8GiB""},{""name"":""lab-woocommerce"",""cpu"":""9.22%"",""mem"":""290.9MiB / 122.8GiB""},{""name"":""lab-redis"",""cpu"":""0.41%"",""mem"":""77.78MiB / 122.8GiB""},{""name"":""lab-postgres"",""cpu"":""5.64%"",""mem"":""253.6MiB / 122.8GiB""},{""name"":""lab-mysql"",""cpu"":""1.51%"",""mem"":""719.4MiB / 122.8GiB""},{""name"":""lab-woocommerce-mysql"",""cpu"":""6.44%"",""mem"":""506.6MiB / 122.8GiB""}]"
2026-09-10T13:09:00Z,3,134,2,47,0,2667878067,"[{""name"":""lab-worker-1"",""cpu"":""6.38%"",""mem"":""111.9MiB / 122.8GiB""},{""name"":""lab-api"",""cpu"":""0.00%"",""mem"":""154.9MiB / 122.8GiB""},{""name"":""lab-allegro-stub"",""cpu"":""0.07%"",""mem"":""20.24MiB / 122.8GiB""},{""name"":""lab-erli-stub"",""cpu"":""0.00%"",""mem"":""18.05MiB / 122.8GiB""},{""name"":""lab-eparagony-stub"",""cpu"":""0.00%"",""mem"":""20.36MiB / 122.8GiB""},{""name"":""lab-invoicing-stub"",""cpu"":""0.00%"",""mem"":""16.59MiB / 122.8GiB""},{""name"":""lab-shipping-stub"",""cpu"":""0.00%"",""mem"":""16.57MiB / 122.8GiB""},{""name"":""lab-eparagony-stub-tls"",""cpu"":""0.00%"",""mem"":""23.3MiB / 122.8GiB""},{""name"":""lab-erli-stub-tls"",""cpu"":""0.00%"",""mem"":""22.67MiB / 122.8GiB""},{""name"":""lab-wc-tls"",""cpu"":""0.07%"",""mem"":""26.76MiB / 122.8GiB""},{""name"":""lab-prestashop"",""cpu"":""1.69%"",""mem"":""121.6MiB / 122.8GiB""},{""name"":""lab-woocommerce"",""cpu"":""9.22%"",""mem"":""290.9MiB / 122.8GiB""},{""name"":""lab-redis"",""cpu"":""0.41%"",""mem"":""77.78MiB / 122.8GiB""},{""name"":""lab-postgres"",""cpu"":""5.64%"",""mem"":""253.6MiB / 122.8GiB""},{""name"":""lab-mysql"",""cpu"":""1.51%"",""mem"":""719.4MiB / 122.8GiB""},{""name"":""lab-woocommerce-mysql"",""cpu"":""6.44%"",""mem"":""506.6MiB / 122.8GiB""}]"
2026-09-10T13:09:03Z,4,133,2,47,0,2667878067,"[{""name"":""lab-worker-1"",""cpu"":""1.34%"",""mem"":""111.8MiB / 122.8GiB""},{""name"":""lab-api"",""cpu"":""0.00%"",""mem"":""154.9MiB / 122.8GiB""},{""name"":""lab-allegro-stub"",""cpu"":""3.28%"",""mem"":""20.25MiB / 122.8GiB""},{""name"":""lab-erli-stub"",""cpu"":""0.00%"",""mem"":""18.04MiB / 122.8GiB""},{""name"":""lab-eparagony-stub"",""cpu"":""0.00%"",""mem"":""20.36MiB / 122.8GiB""},{""name"":""lab-invoicing-stub"",""cpu"":""3.81%"",""mem"":""16.6MiB / 122.8GiB""},{""name"":""lab-shipping-stub"",""cpu"":""3.11%"",""mem"":""16.57MiB / 122.8GiB""},{""name"":""lab-eparagony-stub-tls"",""cpu"":""0.00%"",""mem"":""23.3MiB / 122.8GiB""},{""name"":""lab-erli-stub-tls"",""cpu"":""0.00%"",""mem"":""22.67MiB / 122.8GiB""},{""name"":""lab-wc-tls"",""cpu"":""0.06%"",""mem"":""26.76MiB / 122.8GiB""},{""name"":""lab-prestashop"",""cpu"":""0.00%"",""mem"":""121.6MiB / 122.8GiB""},{""name"":""lab-woocommerce"",""cpu"":""5.40%"",""mem"":""290.9MiB / 122.8GiB""},{""name"":""lab-redis"",""cpu"":""0.30%"",""mem"":""77.78MiB / 122.8GiB""},{""name"":""lab-postgres"",""cpu"":""0.38%"",""mem"":""254.1MiB / 122.8GiB""},{""name"":""lab-mysql"",""cpu"":""4.54%"",""mem"":""719.4MiB / 122.8GiB""},{""name"":""lab-woocommerce-mysql"",""cpu"":""2.54%"",""mem"":""506.6MiB / 122.8GiB""}]"
2026-09-10T13:09:03Z,4,133,2,47,0,2667878067,"[{""name"":""lab-worker-1"",""cpu"":""1.34%"",""mem"":""111.8MiB / 122.8GiB""},{""name"":""lab-api"",""cpu"":""0.00%"",""mem"":""154.9MiB / 122.8GiB""},{""name"":""lab-allegro-stub"",""cpu"":""3.28%"",""mem"":""20.25MiB / 122.8GiB""},{""name"":""lab-erli-stub"",""cpu"":""0.00%"",""mem"":""18.04MiB / 122.8GiB""},{""name"":""lab-eparagony-stub"",""cpu"":""0.00%"",""mem"":""20.36MiB / 122.8GiB""},{""name"":""lab-invoicing-stub"",""cpu"":""3.81%"",""mem"":""16.6MiB / 122.8GiB""},{""name"":""lab-shipping-stub"",""cpu"":""3.11%"",""mem"":""16.57MiB / 122.8GiB""},{""name"":""lab-eparagony-stub-tls"",""cpu"":""0.00%"",""mem"":""23.3MiB / 122.8GiB""},{""name"":""lab-erli-stub-tls"",""cpu"":""0.00%"",""mem"":""22.67MiB / 122.8GiB""},{""name"":""lab-wc-tls"",""cpu"":""0.06%"",""mem"":""26.76MiB / 122.8GiB""},{""name"":""lab-prestashop"",""cpu"":""0.00%"",""mem"":""121.6MiB / 122.8GiB""},{""name"":""lab-woocommerce"",""cpu"":""5.40%"",""mem"":""290.9MiB / 122.8GiB""},{""name"":""lab-redis"",""cpu"":""0.30%"",""mem"":""77.78MiB / 122.8GiB""},{""name"":""lab-postgres"",""cpu"":""0.38%"",""mem"":""254.1MiB / 122.8GiB""},{""name"":""lab-mysql"",""cpu"":""4.54%"",""mem"":""719.4MiB / 122.8GiB""},{""name"":""lab-woocommerce-mysql"",""cpu"":""2.54%"",""mem"":""506.6MiB / 122.8GiB""}]"
2026-09-10T13:09:07Z,3,133,1,47,0,2667878067,"[{""name"":""lab-worker-1"",""cpu"":""19.09%"",""mem"":""111.8MiB / 122.8GiB""},{""name"":""lab-api"",""cpu"":""0.00%"",""mem"":""154.9MiB / 122.8GiB""},{""name"":""lab-allegro-stub"",""cpu"":""0.14%"",""mem"":""20.24MiB / 122.8GiB""},{""name"":""lab-erli-stub"",""cpu"":""4.04%"",""mem"":""18.07MiB / 122.8GiB""},{""name"":""lab-eparagony-stub"",""cpu"":""4.15%"",""mem"":""20.36MiB / 122.8GiB""},{""name"":""lab-invoicing-stub"",""cpu"":""0.00%"",""mem"":""16.59MiB / 122.8GiB""},{""name"":""lab-shipping-stub"",""cpu"":""0.00%"",""mem"":""16.56MiB / 122.8GiB""},{""name"":""lab-eparagony-stub-tls"",""cpu"":""0.00%"",""mem"":""23.3MiB / 122.8GiB""},{""name"":""lab-erli-stub-tls"",""cpu"":""0.00%"",""mem"":""22.67MiB / 122.8GiB""},{""name"":""lab-wc-tls"",""cpu"":""0.06%"",""mem"":""26.76MiB / 122.8GiB""},{""name"":""lab-prestashop"",""cpu"":""5.08%"",""mem"":""121.6MiB / 122.8GiB""},{""name"":""lab-woocommerce"",""cpu"":""16.66%"",""mem"":""288.9MiB / 122.8GiB""},{""name"":""lab-redis"",""cpu"":""0.42%"",""mem"":""77.78MiB / 122.8GiB""},{""name"":""lab-postgres"",""cpu"":""3.98%"",""mem"":""254.4MiB / 122.8GiB""},{""name"":""lab-mysql"",""cpu"":""0.96%"",""mem"":""719.4MiB / 122.8GiB""},{""name"":""lab-woocommerce-mysql"",""cpu"":""18.83%"",""mem"":""507MiB / 122.8GiB""}]"
2026-09-10T13:09:07Z,3,133,1,47,0,2667878067,"[{""name"":""lab-worker-1"",""cpu"":""19.09%"",""mem"":""111.8MiB / 122.8GiB""},{""name"":""lab-api"",""cpu"":""0.00%"",""mem"":""154.9MiB / 122.8GiB""},{""name"":""lab-allegro-stub"",""cpu"":""0.14%"",""mem"":""20.24MiB / 122.8GiB""},{""name"":""lab-erli-stub"",""cpu"":""4.04%"",""mem"":""18.07MiB / 122.8GiB""},{""name"":""lab-eparagony-stub"",""cpu"":""4.15%"",""mem"":""20.36MiB / 122.8GiB""},{""name"":""lab-invoicing-stub"",""cpu"":""0.00%"",""mem"":""16.59MiB / 122.8GiB""},{""name"":""lab-shipping-stub"",""cpu"":""0.00%"",""mem"":""16.56MiB / 122.8GiB""},{""name"":""lab-eparagony-stub-tls"",""cpu"":""0.00%"",""mem"":""23.3MiB / 122.8GiB""},{""name"":""lab-erli-stub-tls"",""cpu"":""0.00%"",""mem"":""22.67MiB / 122.8GiB""},{""name"":""lab-wc-tls"",""cpu"":""0.06%"",""mem"":""26.76MiB / 122.8GiB""},{""name"":""lab-prestashop"",""cpu"":""5.08%"",""mem"":""121.6MiB / 122.8GiB""},{""name"":""lab-woocommerce"",""cpu"":""16.66%"",""mem"":""288.9MiB / 122.8GiB""},{""name"":""lab-redis"",""cpu"":""0.42%"",""mem"":""77.78MiB / 122.8GiB""},{""name"":""lab-postgres"",""cpu"":""3.98%"",""mem"":""254.4MiB / 122.8GiB""},{""name"":""lab-mysql"",""cpu"":""0.96%"",""mem"":""719.4MiB / 122.8GiB""},{""name"":""lab-woocommerce-mysql"",""cpu"":""18.83%"",""mem"":""507MiB / 122.8GiB""}]"
2026-09-10T13:09:10Z,4,131,2,47,0,2667878067,"[{""name"":""lab-worker-1"",""cpu"":""0.83%"",""mem"":""111.9MiB / 122.8GiB""},{""name"":""lab-api"",""cpu"":""0.00%"",""mem"":""154.9MiB / 122.8GiB""},{""name"":""lab-allegro-stub"",""cpu"":""0.00%"",""mem"":""20.24MiB / 122.8GiB""},{""name"":""lab-erli-stub"",""cpu"":""0.00%"",""mem"":""18.04MiB / 122.8GiB""},{""name"":""lab-eparagony-stub"",""cpu"":""0.00%"",""mem"":""20.36MiB / 122.8GiB""},{""name"":""lab-invoicing-stub"",""cpu"":""0.00%"",""mem"":""16.6MiB / 122.8GiB""},{""name"":""lab-shipping-stub"",""cpu"":""0.00%"",""mem"":""16.57MiB / 122.8GiB""},{""name"":""lab-eparagony-stub-tls"",""cpu"":""0.00%"",""mem"":""23.3MiB / 122.8GiB""},{""name"":""lab-erli-stub-tls"",""cpu"":""0.00%"",""mem"":""22.67MiB / 122.8GiB""},{""name"":""lab-wc-tls"",""cpu"":""0.03%"",""mem"":""26.77MiB / 122.8GiB""},{""name"":""lab-prestashop"",""cpu"":""0.02%"",""mem"":""123.6MiB / 122.8GiB""},{""name"":""lab-woocommerce"",""cpu"":""15.90%"",""mem"":""291.7MiB / 122.8GiB""},{""name"":""lab-redis"",""cpu"":""0.25%"",""mem"":""77.78MiB / 122.8GiB""},{""name"":""lab-postgres"",""cpu"":""0.36%"",""mem"":""250.7MiB / 122.8GiB""},{""name"":""lab-mysql"",""cpu"":""0.65%"",""mem"":""719.4MiB / 122.8GiB""},{""name"":""lab-woocommerce-mysql"",""cpu"":""20.96%"",""mem"":""507.3MiB / 122.8GiB""}]"
2026-09-10T13:09:10Z,4,131,2,47,0,2667878067,"[{""name"":""lab-worker-1"",""cpu"":""0.83%"",""mem"":""111.9MiB / 122.8GiB""},{""name"":""lab-api"",""cpu"":""0.00%"",""mem"":""154.9MiB / 122.8GiB""},{""name"":""lab-allegro-stub"",""cpu"":""0.00%"",""mem"":""20.24MiB / 122.8GiB""},{""name"":""lab-erli-stub"",""cpu"":""0.00%"",""mem"":""18.04MiB / 122.8GiB""},{""name"":""lab-eparagony-stub"",""cpu"":""0.00%"",""mem"":""20.36MiB / 122.8GiB""},{""name"":""lab-invoicing-stub"",""cpu"":""0.00%"",""mem"":""16.6MiB / 122.8GiB""},{""name"":""lab-shipping-stub"",""cpu"":""0.00%"",""mem"":""16.57MiB / 122.8GiB""},{""name"":""lab-eparagony-stub-tls"",""cpu"":""0.00%"",""mem"":""23.3MiB / 122.8GiB""},{""name"":""lab-erli-stub-tls"",""cpu"":""0.00%"",""mem"":""22.67MiB / 122.8GiB""},{""name"":""lab-wc-tls"",""cpu"":""0.03%"",""mem"":""26.77MiB / 122.8GiB""},{""name"":""lab-prestashop"",""cpu"":""0.02%"",""mem"":""123.6MiB / 122.8GiB""},{""name"":""lab-woocommerce"",""cpu"":""15.90%"",""mem"":""291.7MiB / 122.8GiB""},{""name"":""lab-redis"",""cpu"":""0.25%"",""mem"":""77.78MiB / 122.8GiB""},{""name"":""lab-postgres"",""cpu"":""0.36%"",""mem"":""250.7MiB / 122.8GiB""},{""name"":""lab-mysql"",""cpu"":""0.65%"",""mem"":""719.4MiB / 122.8GiB""},{""name"":""lab-woocommerce-mysql"",""cpu"":""20.96%"",""mem"":""507.3MiB / 122.8GiB""}]"
2026-09-10T13:09:14Z,3,130,1,47,0,2667878067,"[{""name"":""lab-worker-1"",""cpu"":""3.58%"",""mem"":""111.9MiB / 122.8GiB""},{""name"":""lab-api"",""cpu"":""0.00%"",""mem"":""154.9MiB / 122.8GiB""},{""name"":""lab-allegro-stub"",""cpu"":""0.06%"",""mem"":""20.25MiB / 122.8GiB""},{""name"":""lab-erli-stub"",""cpu"":""0.00%"",""mem"":""18.04MiB / 122.8GiB""},{""name"":""lab-eparagony-stub"",""cpu"":""0.00%"",""mem"":""20.37MiB / 122.8GiB""},{""name"":""lab-invoicing-stub"",""cpu"":""0.01%"",""mem"":""16.6MiB / 122.8GiB""},{""name"":""lab-shipping-stub"",""cpu"":""0.01%"",""mem"":""16.57MiB / 122.8GiB""},{""name"":""lab-eparagony-stub-tls"",""cpu"":""0.00%"",""mem"":""23.3MiB / 122.8GiB""},{""name"":""lab-erli-stub-tls"",""cpu"":""0.00%"",""mem"":""22.67MiB / 122.8GiB""},{""name"":""lab-wc-tls"",""cpu"":""0.04%"",""mem"":""26.76MiB / 122.8GiB""},{""name"":""lab-prestashop"",""cpu"":""0.01%"",""mem"":""125.6MiB / 122.8GiB""},{""name"":""lab-woocommerce"",""cpu"":""5.97%"",""mem"":""288.9MiB / 122.8GiB""},{""name"":""lab-redis"",""cpu"":""0.38%"",""mem"":""77.78MiB / 122.8GiB""},{""name"":""lab-postgres"",""cpu"":""3.31%"",""mem"":""254MiB / 122.8GiB""},{""name"":""lab-mysql"",""cpu"":""0.65%"",""mem"":""719.4MiB / 122.8GiB""},{""name"":""lab-woocommerce-mysql"",""cpu"":""2.34%"",""mem"":""507.7MiB / 122.8GiB""}]"
2026-09-10T13:09:14Z,3,130,1,47,0,2667878067,"[{""name"":""lab-worker-1"",""cpu"":""3.58%"",""mem"":""111.9MiB / 122.8GiB""},{""name"":""lab-api"",""cpu"":""0.00%"",""mem"":""154.9MiB / 122.8GiB""},{""name"":""lab-allegro-stub"",""cpu"":""0.06%"",""mem"":""20.25MiB / 122.8GiB""},{""name"":""lab-erli-stub"",""cpu"":""0.00%"",""mem"":""18.04MiB / 122.8GiB""},{""name"":""lab-eparagony-stub"",""cpu"":""0.00%"",""mem"":""20.37MiB / 122.8GiB""},{""name"":""lab-invoicing-stub"",""cpu"":""0.01%"",""mem"":""16.6MiB / 122.8GiB""},{""name"":""lab-shipping-stub"",""cpu"":""0.01%"",""mem"":""16.57MiB / 122.8GiB""},{""name"":""lab-eparagony-stub-tls"",""cpu"":""0.00%"",""mem"":""23.3MiB / 122.8GiB""},{""name"":""lab-erli-stub-tls"",""cpu"":""0.00%"",""mem"":""22.67MiB / 122.8GiB""},{""name"":""lab-wc-tls"",""cpu"":""0.04%"",""mem"":""26.76MiB / 122.8GiB""},{""name"":""lab-prestashop"",""cpu"":""0.01%"",""mem"":""125.6MiB / 122.8GiB""},{""name"":""lab-woocommerce"",""cpu"":""5.97%"",""mem"":""288.9MiB / 122.8GiB""},{""name"":""lab-redis"",""cpu"":""0.38%"",""mem"":""77.78MiB / 122.8GiB""},{""name"":""lab-postgres"",""cpu"":""3.31%"",""mem"":""254MiB / 122.8GiB""},{""name"":""lab-mysql"",""cpu"":""0.65%"",""mem"":""719.4MiB / 122.8GiB""},{""name"":""lab-woocommerce-mysql"",""cpu"":""2.34%"",""mem"":""507.7MiB / 122.8GiB""}]"
2026-09-10T13:09:17Z,4,129,2,47,0,2667894451,"[{""name"":""lab-worker-1"",""cpu"":""1.55%"",""mem"":""111.9MiB / 122.8GiB""},{""name"":""lab-api"",""cpu"":""0.00%"",""mem"":""154.9MiB / 122.8GiB""},{""name"":""lab-allegro-stub"",""cpu"":""0.01%"",""mem"":""20.24MiB / 122.8GiB""},{""name"":""lab-erli-stub"",""cpu"":""3.21%"",""mem"":""18.07MiB / 122.8GiB""},{""name"":""lab-eparagony-stub"",""cpu"":""0.00%"",""mem"":""20.36MiB / 122.8GiB""},{""name"":""lab-invoicing-stub"",""cpu"":""0.00%"",""mem"":""16.59MiB / 122.8GiB""},{""name"":""lab-shipping-stub"",""cpu"":""0.00%"",""mem"":""16.56MiB / 122.8GiB""},{""name"":""lab-eparagony-stub-tls"",""cpu"":""0.00%"",""mem"":""23.3MiB / 122.8GiB""},{""name"":""lab-erli-stub-tls"",""cpu"":""0.00%"",""mem"":""22.67MiB / 122.8GiB""},{""name"":""lab-wc-tls"",""cpu"":""0.04%"",""mem"":""26.77MiB / 122.8GiB""},{""name"":""lab-prestashop"",""cpu"":""0.00%"",""mem"":""125.6MiB / 122.8GiB""},{""name"":""lab-woocommerce"",""cpu"":""8.61%"",""mem"":""288.9MiB / 122.8GiB""},{""name"":""lab-redis"",""cpu"":""0.34%"",""mem"":""78.03MiB / 122.8GiB""},{""name"":""lab-postgres"",""cpu"":""0.36%"",""mem"":""254MiB / 122.8GiB""},{""name"":""lab-mysql"",""cpu"":""0.63%"",""mem"":""719.4MiB / 122.8GiB""},{""name"":""lab-woocommerce-mysql"",""cpu"":""11.50%"",""mem"":""507.9MiB / 122.8GiB""}]"
2026-09-10T13:09:17Z,4,129,2,47,0,2667894451,"[{""name"":""lab-worker-1"",""cpu"":""1.55%"",""mem"":""111.9MiB / 122.8GiB""},{""name"":""lab-api"",""cpu"":""0.00%"",""mem"":""154.9MiB / 122.8GiB""},{""name"":""lab-allegro-stub"",""cpu"":""0.01%"",""mem"":""20.24MiB / 122.8GiB""},{""name"":""lab-erli-stub"",""cpu"":""3.21%"",""mem"":""18.07MiB / 122.8GiB""},{""name"":""lab-eparagony-stub"",""cpu"":""0.00%"",""mem"":""20.36MiB / 122.8GiB""},{""name"":""lab-invoicing-stub"",""cpu"":""0.00%"",""mem"":""16.59MiB / 122.8GiB""},{""name"":""lab-shipping-stub"",""cpu"":""0.00%"",""mem"":""16.56MiB / 122.8GiB""},{""name"":""lab-eparagony-stub-tls"",""cpu"":""0.00%"",""mem"":""23.3MiB / 122.8GiB""},{""name"":""lab-erli-stub-tls"",""cpu"":""0.00%"",""mem"":""22.67MiB / 122.8GiB""},{""name"":""lab-wc-tls"",""cpu"":""0.04%"",""mem"":""26.77MiB / 122.8GiB""},{""name"":""lab-prestashop"",""cpu"":""0.00%"",""mem"":""125.6MiB / 122.8GiB""},{""name"":""lab-woocommerce"",""cpu"":""8.61%"",""mem"":""288.9MiB / 122.8GiB""},{""name"":""lab-redis"",""cpu"":""0.34%"",""mem"":""78.03MiB / 122.8GiB""},{""name"":""lab-postgres"",""cpu"":""0.36%"",""mem"":""254MiB / 122.8GiB""},{""name"":""lab-mysql"",""cpu"":""0.63%"",""mem"":""719.4MiB / 122.8GiB""},{""name"":""lab-woocommerce-mysql"",""cpu"":""11.50%"",""mem"":""507.9MiB / 122.8GiB""}]"
2026-09-10T13:09:21Z,4,128,2,47,0,2667894451,"[{""name"":""lab-worker-1"",""cpu"":""8.23%"",""mem"":""112.4MiB / 122.8GiB""},{""name"":""lab-api"",""cpu"":""0.00%"",""mem"":""154.9MiB / 122.8GiB""},{""name"":""lab-allegro-stub"",""cpu"":""0.03%"",""mem"":""20.24MiB / 122.8GiB""},{""name"":""lab-erli-stub"",""cpu"":""0.00%"",""mem"":""18.04MiB / 122.8GiB""},{""name"":""lab-eparagony-stub"",""cpu"":""2.30%"",""mem"":""27.65MiB / 122.8GiB""},{""name"":""lab-invoicing-stub"",""cpu"":""0.00%"",""mem"":""16.59MiB / 122.8GiB""},{""name"":""lab-shipping-stub"",""cpu"":""0.00%"",""mem"":""16.57MiB / 122.8GiB""},{""name"":""lab-eparagony-stub-tls"",""cpu"":""0.00%"",""mem"":""23.3MiB / 122.8GiB""},{""name"":""lab-erli-stub-tls"",""cpu"":""0.00%"",""mem"":""22.67MiB / 122.8GiB""},{""name"":""lab-wc-tls"",""cpu"":""0.06%"",""mem"":""26.76MiB / 122.8GiB""},{""name"":""lab-prestashop"",""cpu"":""1.77%"",""mem"":""127.6MiB / 122.8GiB""},{""name"":""lab-woocommerce"",""cpu"":""17.34%"",""mem"":""288.9MiB / 122.8GiB""},{""name"":""lab-redis"",""cpu"":""5.05%"",""mem"":""77.79MiB / 122.8GiB""},{""name"":""lab-postgres"",""cpu"":""3.87%"",""mem"":""250.7MiB / 122.8GiB""},{""name"":""lab-mysql"",""cpu"":""1.46%"",""mem"":""719.4MiB / 122.8GiB""},{""name"":""lab-woocommerce-mysql"",""cpu"":""23.19%"",""mem"":""508.1MiB / 122.8GiB""}]"
2026-09-10T13:09:21Z,3,128,2,47,0,2667894451,"[{""name"":""lab-worker-1"",""cpu"":""8.23%"",""mem"":""112.4MiB / 122.8GiB""},{""name"":""lab-api"",""cpu"":""0.00%"",""mem"":""154.9MiB / 122.8GiB""},{""name"":""lab-allegro-stub"",""cpu"":""0.03%"",""mem"":""20.24MiB / 122.8GiB""},{""name"":""lab-erli-stub"",""cpu"":""0.00%"",""mem"":""18.04MiB / 122.8GiB""},{""name"":""lab-eparagony-stub"",""cpu"":""2.30%"",""mem"":""27.65MiB / 122.8GiB""},{""name"":""lab-invoicing-stub"",""cpu"":""0.00%"",""mem"":""16.59MiB / 122.8GiB""},{""name"":""lab-shipping-stub"",""cpu"":""0.00%"",""mem"":""16.57MiB / 122.8GiB""},{""name"":""lab-eparagony-stub-tls"",""cpu"":""0.00%"",""mem"":""23.3MiB / 122.8GiB""},{""name"":""lab-erli-stub-tls"",""cpu"":""0.00%"",""mem"":""22.67MiB / 122.8GiB""},{""name"":""lab-wc-tls"",""cpu"":""0.06%"",""mem"":""26.76MiB / 122.8GiB""},{""name"":""lab-prestashop"",""cpu"":""1.77%"",""mem"":""127.6MiB / 122.8GiB""},{""name"":""lab-woocommerce"",""cpu"":""17.34%"",""mem"":""288.9MiB / 122.8GiB""},{""name"":""lab-redis"",""cpu"":""5.05%"",""mem"":""77.79MiB / 122.8GiB""},{""name"":""lab-postgres"",""cpu"":""3.87%"",""mem"":""250.7MiB / 122.8GiB""},{""name"":""lab-mysql"",""cpu"":""1.46%"",""mem"":""719.4MiB / 122.8GiB""},{""name"":""lab-woocommerce-mysql"",""cpu"":""18.90%"",""mem"":""508.2MiB / 122.8GiB""}]"
2026-09-10T13:09:25Z,4,126,2,47,0,2667894451,"[{""name"":""lab-worker-1"",""cpu"":""2.31%"",""mem"":""117.8MiB / 122.8GiB""},{""name"":""lab-api"",""cpu"":""0.00%"",""mem"":""154.9MiB / 122.8GiB""},{""name"":""lab-allegro-stub"",""cpu"":""0.03%"",""mem"":""20.25MiB / 122.8GiB""},{""name"":""lab-erli-stub"",""cpu"":""0.00%"",""mem"":""18.04MiB / 122.8GiB""},{""name"":""lab-eparagony-stub"",""cpu"":""0.00%"",""mem"":""20.36MiB / 122.8GiB""},{""name"":""lab-invoicing-stub"",""cpu"":""0.00%"",""mem"":""16.6MiB / 122.8GiB""},{""name"":""lab-shipping-stub"",""cpu"":""0.00%"",""mem"":""16.57MiB / 122.8GiB""},{""name"":""lab-eparagony-stub-tls"",""cpu"":""0.00%"",""mem"":""23.3MiB / 122.8GiB""},{""name"":""lab-erli-stub-tls"",""cpu"":""0.00%"",""mem"":""22.67MiB / 122.8GiB""},{""name"":""lab-wc-tls"",""cpu"":""0.06%"",""mem"":""26.76MiB / 122.8GiB""},{""name"":""lab-prestashop"",""cpu"":""0.03%"",""mem"":""127.6MiB / 122.8GiB""},{""name"":""lab-woocommerce"",""cpu"":""5.42%"",""mem"":""290.9MiB / 122.8GiB""},{""name"":""lab-redis"",""cpu"":""0.37%"",""mem"":""77.78MiB / 122.8GiB""},{""name"":""lab-postgres"",""cpu"":""0.38%"",""mem"":""250.7MiB / 122.8GiB""},{""name"":""lab-mysql"",""cpu"":""0.75%"",""mem"":""719.4MiB / 122.8GiB""},{""name"":""lab-woocommerce-mysql"",""cpu"":""7.24%"",""mem"":""508.2MiB / 122.8GiB""}]"
2026-09-10T13:09:25Z,3,126,2,47,0,2667894451,"[{""name"":""lab-worker-1"",""cpu"":""2.31%"",""mem"":""117.8MiB / 122.8GiB""},{""name"":""lab-api"",""cpu"":""0.00%"",""mem"":""154.9MiB / 122.8GiB""},{""name"":""lab-allegro-stub"",""cpu"":""0.03%"",""mem"":""20.25MiB / 122.8GiB""},{""name"":""lab-erli-stub"",""cpu"":""0.00%"",""mem"":""18.04MiB / 122.8GiB""},{""name"":""lab-eparagony-stub"",""cpu"":""0.00%"",""mem"":""20.36MiB / 122.8GiB""},{""name"":""lab-invoicing-stub"",""cpu"":""0.00%"",""mem"":""16.6MiB / 122.8GiB""},{""name"":""lab-shipping-stub"",""cpu"":""0.00%"",""mem"":""16.57MiB / 122.8GiB""},{""name"":""lab-eparagony-stub-tls"",""cpu"":""0.00%"",""mem"":""23.3MiB / 122.8GiB""},{""name"":""lab-erli-stub-tls"",""cpu"":""0.00%"",""mem"":""22.67MiB / 122.8GiB""},{""name"":""lab-wc-tls"",""cpu"":""0.06%"",""mem"":""26.76MiB / 122.8GiB""},{""name"":""lab-prestashop"",""cpu"":""0.03%"",""mem"":""127.6MiB / 122.8GiB""},{""name"":""lab-woocommerce"",""cpu"":""5.42%"",""mem"":""290.9MiB / 122.8GiB""},{""name"":""lab-redis"",""cpu"":""0.37%"",""mem"":""77.78MiB / 122.8GiB""},{""name"":""lab-postgres"",""cpu"":""0.38%"",""mem"":""250.7MiB / 122.8GiB""},{""name"":""lab-mysql"",""cpu"":""0.75%"",""mem"":""719.4MiB / 122.8GiB""},{""name"":""lab-woocommerce-mysql"",""cpu"":""2.91%"",""mem"":""508.2MiB / 122.8GiB""}]"
2026-09-10T13:09:28Z,4,127,2,47,0,2667894451,"[{""name"":""lab-worker-1"",""cpu"":""12.64%"",""mem"":""120.3MiB / 122.8GiB""},{""name"":""lab-api"",""cpu"":""0.00%"",""mem"":""155MiB / 122.8GiB""},{""name"":""lab-allegro-stub"",""cpu"":""4.22%"",""mem"":""20.25MiB / 122.8GiB""},{""name"":""lab-erli-stub"",""cpu"":""0.01%"",""mem"":""18.04MiB / 122.8GiB""},{""name"":""lab-eparagony-stub"",""cpu"":""0.00%"",""mem"":""20.36MiB / 122.8GiB""},{""name"":""lab-invoicing-stub"",""cpu"":""3.82%"",""mem"":""16.61MiB / 122.8GiB""},{""name"":""lab-shipping-stub"",""cpu"":""3.77%"",""mem"":""16.63MiB / 122.8GiB""},{""name"":""lab-eparagony-stub-tls"",""cpu"":""0.00%"",""mem"":""23.3MiB / 122.8GiB""},{""name"":""lab-erli-stub-tls"",""cpu"":""0.00%"",""mem"":""22.67MiB / 122.8GiB""},{""name"":""lab-wc-tls"",""cpu"":""0.09%"",""mem"":""26.77MiB / 122.8GiB""},{""name"":""lab-prestashop"",""cpu"":""1.75%"",""mem"":""127.6MiB / 122.8GiB""},{""name"":""lab-woocommerce"",""cpu"":""7.75%"",""mem"":""290.9MiB / 122.8GiB""},{""name"":""lab-redis"",""cpu"":""0.34%"",""mem"":""77.78MiB / 122.8GiB""},{""name"":""lab-postgres"",""cpu"":""2.41%"",""mem"":""250.8MiB / 122.8GiB""},{""name"":""lab-mysql"",""cpu"":""1.65%"",""mem"":""719.4MiB / 122.8GiB""},{""name"":""lab-woocommerce-mysql"",""cpu"":""4.91%"",""mem"":""508.5MiB / 122.8GiB""}]"
2026-09-10T13:09:28Z,4,127,2,47,0,2667894451,"[{""name"":""lab-worker-1"",""cpu"":""12.64%"",""mem"":""120.3MiB / 122.8GiB""},{""name"":""lab-api"",""cpu"":""0.00%"",""mem"":""155MiB / 122.8GiB""},{""name"":""lab-allegro-stub"",""cpu"":""4.22%"",""mem"":""20.25MiB / 122.8GiB""},{""name"":""lab-erli-stub"",""cpu"":""0.01%"",""mem"":""18.04MiB / 122.8GiB""},{""name"":""lab-eparagony-stub"",""cpu"":""0.00%"",""mem"":""20.36MiB / 122.8GiB""},{""name"":""lab-invoicing-stub"",""cpu"":""3.82%"",""mem"":""16.61MiB / 122.8GiB""},{""name"":""lab-shipping-stub"",""cpu"":""3.77%"",""mem"":""16.63MiB / 122.8GiB""},{""name"":""lab-eparagony-stub-tls"",""cpu"":""0.00%"",""mem"":""23.3MiB / 122.8GiB""},{""name"":""lab-erli-stub-tls"",""cpu"":""0.00%"",""mem"":""22.67MiB / 122.8GiB""},{""name"":""lab-wc-tls"",""cpu"":""0.09%"",""mem"":""26.77MiB / 122.8GiB""},{""name"":""lab-prestashop"",""cpu"":""1.75%"",""mem"":""127.6MiB / 122.8GiB""},{""name"":""lab-woocommerce"",""cpu"":""7.75%"",""mem"":""290.9MiB / 122.8GiB""},{""name"":""lab-redis"",""cpu"":""0.34%"",""mem"":""77.78MiB / 122.8GiB""},{""name"":""lab-postgres"",""cpu"":""2.41%"",""mem"":""250.8MiB / 122.8GiB""},{""name"":""lab-mysql"",""cpu"":""1.65%"",""mem"":""719.4MiB / 122.8GiB""},{""name"":""lab-woocommerce-mysql"",""cpu"":""4.91%"",""mem"":""508.5MiB / 122.8GiB""}]"
2026-09-10T13:09:32Z,3,124,2,47,0,2667894451,"[{""name"":""lab-worker-1"",""cpu"":""2.06%"",""mem"":""126.7MiB / 122.8GiB""},{""name"":""lab-api"",""cpu"":""0.01%"",""mem"":""155MiB / 122.8GiB""},{""name"":""lab-allegro-stub"",""cpu"":""0.00%"",""mem"":""20.24MiB / 122.8GiB""},{""name"":""lab-erli-stub"",""cpu"":""3.99%"",""mem"":""18.04MiB / 122.8GiB""},{""name"":""lab-eparagony-stub"",""cpu"":""4.11%"",""mem"":""20.36MiB / 122.8GiB""},{""name"":""lab-invoicing-stub"",""cpu"":""0.00%"",""mem"":""16.59MiB / 122.8GiB""},{""name"":""lab-shipping-stub"",""cpu"":""0.00%"",""mem"":""16.57MiB / 122.8GiB""},{""name"":""lab-eparagony-stub-tls"",""cpu"":""0.00%"",""mem"":""23.3MiB / 122.8GiB""},{""name"":""lab-erli-stub-tls"",""cpu"":""0.00%"",""mem"":""22.67MiB / 122.8GiB""},{""name"":""lab-wc-tls"",""cpu"":""0.05%"",""mem"":""26.96MiB / 122.8GiB""},{""name"":""lab-prestashop"",""cpu"":""0.01%"",""mem"":""127.6MiB / 122.8GiB""},{""name"":""lab-woocommerce"",""cpu"":""18.96%"",""mem"":""289MiB / 122.8GiB""},{""name"":""lab-redis"",""cpu"":""0.35%"",""mem"":""77.79MiB / 122.8GiB""},{""name"":""lab-postgres"",""cpu"":""5.32%"",""mem"":""250.9MiB / 122.8GiB""},{""name"":""lab-mysql"",""cpu"":""0.76%"",""mem"":""719.4MiB / 122.8GiB""},{""name"":""lab-woocommerce-mysql"",""cpu"":""20.64%"",""mem"":""508.4MiB / 122.8GiB""}]"
2026-09-10T13:09:32Z,3,124,2,47,0,2667894451,"[{""name"":""lab-worker-1"",""cpu"":""2.06%"",""mem"":""126.7MiB / 122.8GiB""},{""name"":""lab-api"",""cpu"":""0.01%"",""mem"":""155MiB / 122.8GiB""},{""name"":""lab-allegro-stub"",""cpu"":""0.00%"",""mem"":""20.24MiB / 122.8GiB""},{""name"":""lab-erli-stub"",""cpu"":""3.99%"",""mem"":""18.04MiB / 122.8GiB""},{""name"":""lab-eparagony-stub"",""cpu"":""4.11%"",""mem"":""20.36MiB / 122.8GiB""},{""name"":""lab-invoicing-stub"",""cpu"":""0.00%"",""mem"":""16.59MiB / 122.8GiB""},{""name"":""lab-shipping-stub"",""cpu"":""0.00%"",""mem"":""16.57MiB / 122.8GiB""},{""name"":""lab-eparagony-stub-tls"",""cpu"":""0.00%"",""mem"":""23.3MiB / 122.8GiB""},{""name"":""lab-erli-stub-tls"",""cpu"":""0.00%"",""mem"":""22.67MiB / 122.8GiB""},{""name"":""lab-wc-tls"",""cpu"":""0.05%"",""mem"":""26.96MiB / 122.8GiB""},{""name"":""lab-prestashop"",""cpu"":""0.01%"",""mem"":""127.6MiB / 122.8GiB""},{""name"":""lab-woocommerce"",""cpu"":""18.96%"",""mem"":""289MiB / 122.8GiB""},{""name"":""lab-redis"",""cpu"":""0.35%"",""mem"":""77.79MiB / 122.8GiB""},{""name"":""lab-postgres"",""cpu"":""5.32%"",""mem"":""250.9MiB / 122.8GiB""},{""name"":""lab-mysql"",""cpu"":""0.76%"",""mem"":""719.4MiB / 122.8GiB""},{""name"":""lab-woocommerce-mysql"",""cpu"":""11.61%"",""mem"":""508.4MiB / 122.8GiB""}]"
2026-09-10T13:09:36Z,4,123,2,47,0,2667910835,"[{""name"":""lab-worker-1"",""cpu"":""4.60%"",""mem"":""127.4MiB / 122.8GiB""},{""name"":""lab-api"",""cpu"":""0.66%"",""mem"":""155MiB / 122.8GiB""},{""name"":""lab-allegro-stub"",""cpu"":""0.09%"",""mem"":""20.25MiB / 122.8GiB""},{""name"":""lab-erli-stub"",""cpu"":""0.00%"",""mem"":""18.04MiB / 122.8GiB""},{""name"":""lab-eparagony-stub"",""cpu"":""0.00%"",""mem"":""20.36MiB / 122.8GiB""},{""name"":""lab-invoicing-stub"",""cpu"":""0.00%"",""mem"":""16.59MiB / 122.8GiB""},{""name"":""lab-shipping-stub"",""cpu"":""0.00%"",""mem"":""16.57MiB / 122.8GiB""},{""name"":""lab-eparagony-stub-tls"",""cpu"":""0.00%"",""mem"":""23.3MiB / 122.8GiB""},{""name"":""lab-erli-stub-tls"",""cpu"":""0.00%"",""mem"":""22.67MiB / 122.8GiB""},{""name"":""lab-wc-tls"",""cpu"":""0.10%"",""mem"":""26.96MiB / 122.8GiB""},{""name"":""lab-prestashop"",""cpu"":""0.01%"",""mem"":""127.6MiB / 122.8GiB""},{""name"":""lab-woocommerce"",""cpu"":""8.44%"",""mem"":""288.9MiB / 122.8GiB""},{""name"":""lab-redis"",""cpu"":""0.49%"",""mem"":""77.79MiB / 122.8GiB""},{""name"":""lab-postgres"",""cpu"":""1.94%"",""mem"":""251.9MiB / 122.8GiB""},{""name"":""lab-mysql"",""cpu"":""0.77%"",""mem"":""719.4MiB / 122.8GiB""},{""name"":""lab-woocommerce-mysql"",""cpu"":""8.82%"",""mem"":""508.4MiB / 122.8GiB""}]"
2026-09-10T13:09:36Z,4,123,2,47,0,2667910835,"[{""name"":""lab-worker-1"",""cpu"":""4.60%"",""mem"":""127.4MiB / 122.8GiB""},{""name"":""lab-api"",""cpu"":""0.66%"",""mem"":""155MiB / 122.8GiB""},{""name"":""lab-allegro-stub"",""cpu"":""0.09%"",""mem"":""20.25MiB / 122.8GiB""},{""name"":""lab-erli-stub"",""cpu"":""0.00%"",""mem"":""18.04MiB / 122.8GiB""},{""name"":""lab-eparagony-stub"",""cpu"":""0.00%"",""mem"":""20.36MiB / 122.8GiB""},{""name"":""lab-invoicing-stub"",""cpu"":""0.00%"",""mem"":""16.59MiB / 122.8GiB""},{""name"":""lab-shipping-stub"",""cpu"":""0.00%"",""mem"":""16.57MiB / 122.8GiB""},{""name"":""lab-eparagony-stub-tls"",""cpu"":""0.00%"",""mem"":""23.3MiB / 122.8GiB""},{""name"":""lab-erli-stub-tls"",""cpu"":""0.00%"",""mem"":""22.67MiB / 122.8GiB""},{""name"":""lab-wc-tls"",""cpu"":""0.10%"",""mem"":""26.96MiB / 122.8GiB""},{""name"":""lab-prestashop"",""cpu"":""0.01%"",""mem"":""127.6MiB / 122.8GiB""},{""name"":""lab-woocommerce"",""cpu"":""8.44%"",""mem"":""288.9MiB / 122.8GiB""},{""name"":""lab-redis"",""cpu"":""0.49%"",""mem"":""77.79MiB / 122.8GiB""},{""name"":""lab-postgres"",""cpu"":""1.94%"",""mem"":""251.9MiB / 122.8GiB""},{""name"":""lab-mysql"",""cpu"":""0.77%"",""mem"":""719.4MiB / 122.8GiB""},{""name"":""lab-woocommerce-mysql"",""cpu"":""8.82%"",""mem"":""508.4MiB / 122.8GiB""}]"
2026-09-10T13:09:39Z,4,122,2,47,0,2667927219,"[{""name"":""lab-worker-1"",""cpu"":""4.59%"",""mem"":""126.7MiB / 122.8GiB""},{""name"":""lab-api"",""cpu"":""0.00%"",""mem"":""155MiB / 122.8GiB""},{""name"":""lab-allegro-stub"",""cpu"":""0.07%"",""mem"":""20.34MiB / 122.8GiB""},{""name"":""lab-erli-stub"",""cpu"":""0.00%"",""mem"":""18.04MiB / 122.8GiB""},{""name"":""lab-eparagony-stub"",""cpu"":""0.00%"",""mem"":""20.36MiB / 122.8GiB""},{""name"":""lab-invoicing-stub"",""cpu"":""0.01%"",""mem"":""16.6MiB / 122.8GiB""},{""name"":""lab-shipping-stub"",""cpu"":""0.01%"",""mem"":""16.57MiB / 122.8GiB""},{""name"":""lab-eparagony-stub-tls"",""cpu"":""0.00%"",""mem"":""23.3MiB / 122.8GiB""},{""name"":""lab-erli-stub-tls"",""cpu"":""0.00%"",""mem"":""22.67MiB / 122.8GiB""},{""name"":""lab-wc-tls"",""cpu"":""0.06%"",""mem"":""26.96MiB / 122.8GiB""},{""name"":""lab-prestashop"",""cpu"":""1.55%"",""mem"":""127.6MiB / 122.8GiB""},{""name"":""lab-woocommerce"",""cpu"":""9.79%"",""mem"":""288.9MiB / 122.8GiB""},{""name"":""lab-redis"",""cpu"":""0.45%"",""mem"":""77.79MiB / 122.8GiB""},{""name"":""lab-postgres"",""cpu"":""2.92%"",""mem"":""250.9MiB / 122.8GiB""},{""name"":""lab-mysql"",""cpu"":""2.14%"",""mem"":""719.4MiB / 122.8GiB""},{""name"":""lab-woocommerce-mysql"",""cpu"":""7.36%"",""mem"":""508.6MiB / 122.8GiB""}]"
2026-09-10T13:09:39Z,4,122,2,47,0,2667927219,"[{""name"":""lab-worker-1"",""cpu"":""4.59%"",""mem"":""126.7MiB / 122.8GiB""},{""name"":""lab-api"",""cpu"":""0.00%"",""mem"":""155MiB / 122.8GiB""},{""name"":""lab-allegro-stub"",""cpu"":""0.07%"",""mem"":""20.34MiB / 122.8GiB""},{""name"":""lab-erli-stub"",""cpu"":""0.00%"",""mem"":""18.04MiB / 122.8GiB""},{""name"":""lab-eparagony-stub"",""cpu"":""0.00%"",""mem"":""20.36MiB / 122.8GiB""},{""name"":""lab-invoicing-stub"",""cpu"":""0.01%"",""mem"":""16.6MiB / 122.8GiB""},{""name"":""lab-shipping-stub"",""cpu"":""0.01%"",""mem"":""16.57MiB / 122.8GiB""},{""name"":""lab-eparagony-stub-tls"",""cpu"":""0.00%"",""mem"":""23.3MiB / 122.8GiB""},{""name"":""lab-erli-stub-tls"",""cpu"":""0.00%"",""mem"":""22.67MiB / 122.8GiB""},{""name"":""lab-wc-tls"",""cpu"":""0.06%"",""mem"":""26.96MiB / 122.8GiB""},{""name"":""lab-prestashop"",""cpu"":""1.55%"",""mem"":""127.6MiB / 122.8GiB""},{""name"":""lab-woocommerce"",""cpu"":""9.79%"",""mem"":""288.9MiB / 122.8GiB""},{""name"":""lab-redis"",""cpu"":""0.45%"",""mem"":""77.79MiB / 122.8GiB""},{""name"":""lab-postgres"",""cpu"":""2.92%"",""mem"":""250.9MiB / 122.8GiB""},{""name"":""lab-mysql"",""cpu"":""2.14%"",""mem"":""719.4MiB / 122.8GiB""},{""name"":""lab-woocommerce-mysql"",""cpu"":""7.36%"",""mem"":""508.6MiB / 122.8GiB""}]"
2026-09-10T13:09:43Z,3,121,2,47,0,2667935411,"[{""name"":""lab-worker-1"",""cpu"":""1.24%"",""mem"":""126.7MiB / 122.8GiB""},{""name"":""lab-api"",""cpu"":""0.00%"",""mem"":""155MiB / 122.8GiB""},{""name"":""lab-allegro-stub"",""cpu"":""0.03%"",""mem"":""20.55MiB / 122.8GiB""},{""name"":""lab-erli-stub"",""cpu"":""0.01%"",""mem"":""18.04MiB / 122.8GiB""},{""name"":""lab-eparagony-stub"",""cpu"":""0.00%"",""mem"":""20.4MiB / 122.8GiB""},{""name"":""lab-invoicing-stub"",""cpu"":""0.00%"",""mem"":""16.59MiB / 122.8GiB""},{""name"":""lab-shipping-stub"",""cpu"":""0.00%"",""mem"":""16.57MiB / 122.8GiB""},{""name"":""lab-eparagony-stub-tls"",""cpu"":""0.00%"",""mem"":""23.3MiB / 122.8GiB""},{""name"":""lab-erli-stub-tls"",""cpu"":""0.00%"",""mem"":""22.67MiB / 122.8GiB""},{""name"":""lab-wc-tls"",""cpu"":""0.07%"",""mem"":""26.96MiB / 122.8GiB""},{""name"":""lab-prestashop"",""cpu"":""0.01%"",""mem"":""127.6MiB / 122.8GiB""},{""name"":""lab-woocommerce"",""cpu"":""6.29%"",""mem"":""290.9MiB / 122.8GiB""},{""name"":""lab-redis"",""cpu"":""0.29%"",""mem"":""77.79MiB / 122.8GiB""},{""name"":""lab-postgres"",""cpu"":""0.60%"",""mem"":""251MiB / 122.8GiB""},{""name"":""lab-mysql"",""cpu"":""5.49%"",""mem"":""719.6MiB / 122.8GiB""},{""name"":""lab-woocommerce-mysql"",""cpu"":""5.01%"",""mem"":""508.4MiB / 122.8GiB""}]"
2026-09-10T13:09:43Z,3,121,2,47,0,2667935411,"[{""name"":""lab-worker-1"",""cpu"":""1.24%"",""mem"":""126.7MiB / 122.8GiB""},{""name"":""lab-api"",""cpu"":""0.00%"",""mem"":""155MiB / 122.8GiB""},{""name"":""lab-allegro-stub"",""cpu"":""0.03%"",""mem"":""20.55MiB / 122.8GiB""},{""name"":""lab-erli-stub"",""cpu"":""0.01%"",""mem"":""18.04MiB / 122.8GiB""},{""name"":""lab-eparagony-stub"",""cpu"":""0.00%"",""mem"":""20.4MiB / 122.8GiB""},{""name"":""lab-invoicing-stub"",""cpu"":""0.00%"",""mem"":""16.59MiB / 122.8GiB""},{""name"":""lab-shipping-stub"",""cpu"":""0.00%"",""mem"":""16.57MiB / 122.8GiB""},{""name"":""lab-eparagony-stub-tls"",""cpu"":""0.00%"",""mem"":""23.3MiB / 122.8GiB""},{""name"":""lab-erli-stub-tls"",""cpu"":""0.00%"",""mem"":""22.67MiB / 122.8GiB""},{""name"":""lab-wc-tls"",""cpu"":""0.07%"",""mem"":""26.96MiB / 122.8GiB""},{""name"":""lab-prestashop"",""cpu"":""0.01%"",""mem"":""127.6MiB / 122.8GiB""},{""name"":""lab-woocommerce"",""cpu"":""6.29%"",""mem"":""290.9MiB / 122.8GiB""},{""name"":""lab-redis"",""cpu"":""0.29%"",""mem"":""77.79MiB / 122.8GiB""},{""name"":""lab-postgres"",""cpu"":""0.60%"",""mem"":""251MiB / 122.8GiB""},{""name"":""lab-mysql"",""cpu"":""5.49%"",""mem"":""719.6MiB / 122.8GiB""},{""name"":""lab-woocommerce-mysql"",""cpu"":""5.01%"",""mem"":""508.4MiB / 122.8GiB""}]"
2026-09-10T13:09:47Z,4,121,1,47,0,2667951795,"[{""name"":""lab-worker-1"",""cpu"":""7.11%"",""mem"":""126.7MiB / 122.8GiB""},{""name"":""lab-api"",""cpu"":""0.01%"",""mem"":""155MiB / 122.8GiB""},{""name"":""lab-allegro-stub"",""cpu"":""0.14%"",""mem"":""20.3MiB / 122.8GiB""},{""name"":""lab-erli-stub"",""cpu"":""0.00%"",""mem"":""18.04MiB / 122.8GiB""},{""name"":""lab-eparagony-stub"",""cpu"":""4.02%"",""mem"":""20.38MiB / 122.8GiB""},{""name"":""lab-invoicing-stub"",""cpu"":""0.00%"",""mem"":""16.59MiB / 122.8GiB""},{""name"":""lab-shipping-stub"",""cpu"":""0.00%"",""mem"":""16.57MiB / 122.8GiB""},{""name"":""lab-eparagony-stub-tls"",""cpu"":""0.00%"",""mem"":""23.3MiB / 122.8GiB""},{""name"":""lab-erli-stub-tls"",""cpu"":""0.00%"",""mem"":""22.67MiB / 122.8GiB""},{""name"":""lab-wc-tls"",""cpu"":""0.08%"",""mem"":""26.97MiB / 122.8GiB""},{""name"":""lab-prestashop"",""cpu"":""0.00%"",""mem"":""127.6MiB / 122.8GiB""},{""name"":""lab-woocommerce"",""cpu"":""18.77%"",""mem"":""291MiB / 122.8GiB""},{""name"":""lab-redis"",""cpu"":""0.44%"",""mem"":""78.04MiB / 122.8GiB""},{""name"":""lab-postgres"",""cpu"":""4.43%"",""mem"":""251MiB / 122.8GiB""},{""name"":""lab-mysql"",""cpu"":""0.73%"",""mem"":""719.4MiB / 122.8GiB""},{""name"":""lab-woocommerce-mysql"",""cpu"":""10.25%"",""mem"":""509.1MiB / 122.8GiB""}]"
2026-09-10T13:09:47Z,4,121,1,47,0,2667951795,"[{""name"":""lab-worker-1"",""cpu"":""7.11%"",""mem"":""126.7MiB / 122.8GiB""},{""name"":""lab-api"",""cpu"":""0.01%"",""mem"":""155MiB / 122.8GiB""},{""name"":""lab-allegro-stub"",""cpu"":""0.14%"",""mem"":""20.3MiB / 122.8GiB""},{""name"":""lab-erli-stub"",""cpu"":""0.00%"",""mem"":""18.04MiB / 122.8GiB""},{""name"":""lab-eparagony-stub"",""cpu"":""4.02%"",""mem"":""20.38MiB / 122.8GiB""},{""name"":""lab-invoicing-stub"",""cpu"":""0.00%"",""mem"":""16.59MiB / 122.8GiB""},{""name"":""lab-shipping-stub"",""cpu"":""0.00%"",""mem"":""16.57MiB / 122.8GiB""},{""name"":""lab-eparagony-stub-tls"",""cpu"":""0.00%"",""mem"":""23.3MiB / 122.8GiB""},{""name"":""lab-erli-stub-tls"",""cpu"":""0.00%"",""mem"":""22.67MiB / 122.8GiB""},{""name"":""lab-wc-tls"",""cpu"":""0.08%"",""mem"":""26.97MiB / 122.8GiB""},{""name"":""lab-prestashop"",""cpu"":""0.00%"",""mem"":""127.6MiB / 122.8GiB""},{""name"":""lab-woocommerce"",""cpu"":""18.77%"",""mem"":""291MiB / 122.8GiB""},{""name"":""lab-redis"",""cpu"":""0.44%"",""mem"":""78.04MiB / 122.8GiB""},{""name"":""lab-postgres"",""cpu"":""4.43%"",""mem"":""251MiB / 122.8GiB""},{""name"":""lab-mysql"",""cpu"":""0.73%"",""mem"":""719.4MiB / 122.8GiB""},{""name"":""lab-woocommerce-mysql"",""cpu"":""22.41%"",""mem"":""508.7MiB / 122.8GiB""}]"
2026-09-10T13:09:50Z,4,119,2,47,0,2667951795,"[{""name"":""lab-worker-1"",""cpu"":""1.97%"",""mem"":""126.8MiB / 122.8GiB""},{""name"":""lab-api"",""cpu"":""0.01%"",""mem"":""155MiB / 122.8GiB""},{""name"":""lab-allegro-stub"",""cpu"":""0.00%"",""mem"":""20.3MiB / 122.8GiB""},{""name"":""lab-erli-stub"",""cpu"":""0.00%"",""mem"":""18.04MiB / 122.8GiB""},{""name"":""lab-eparagony-stub"",""cpu"":""0.00%"",""mem"":""20.36MiB / 122.8GiB""},{""name"":""lab-invoicing-stub"",""cpu"":""0.00%"",""mem"":""16.59MiB / 122.8GiB""},{""name"":""lab-shipping-stub"",""cpu"":""0.00%"",""mem"":""16.57MiB / 122.8GiB""},{""name"":""lab-eparagony-stub-tls"",""cpu"":""0.00%"",""mem"":""23.3MiB / 122.8GiB""},{""name"":""lab-erli-stub-tls"",""cpu"":""0.00%"",""mem"":""22.67MiB / 122.8GiB""},{""name"":""lab-wc-tls"",""cpu"":""0.06%"",""mem"":""26.96MiB / 122.8GiB""},{""name"":""lab-prestashop"",""cpu"":""0.02%"",""mem"":""129.6MiB / 122.8GiB""},{""name"":""lab-woocommerce"",""cpu"":""16.99%"",""mem"":""290.9MiB / 122.8GiB""},{""name"":""lab-redis"",""cpu"":""0.40%"",""mem"":""77.79MiB / 122.8GiB""},{""name"":""lab-postgres"",""cpu"":""1.42%"",""mem"":""251MiB / 122.8GiB""},{""name"":""lab-mysql"",""cpu"":""0.74%"",""mem"":""719.4MiB / 122.8GiB""},{""name"":""lab-woocommerce-mysql"",""cpu"":""20.31%"",""mem"":""508.7MiB / 122.8GiB""}]"
2026-09-10T13:09:50Z,4,119,2,47,0,2667951795,"[{""name"":""lab-worker-1"",""cpu"":""1.97%"",""mem"":""126.8MiB / 122.8GiB""},{""name"":""lab-api"",""cpu"":""0.00%"",""mem"":""155MiB / 122.8GiB""},{""name"":""lab-allegro-stub"",""cpu"":""0.00%"",""mem"":""20.3MiB / 122.8GiB""},{""name"":""lab-erli-stub"",""cpu"":""0.00%"",""mem"":""18.04MiB / 122.8GiB""},{""name"":""lab-eparagony-stub"",""cpu"":""0.00%"",""mem"":""20.36MiB / 122.8GiB""},{""name"":""lab-invoicing-stub"",""cpu"":""0.00%"",""mem"":""16.59MiB / 122.8GiB""},{""name"":""lab-shipping-stub"",""cpu"":""0.00%"",""mem"":""16.57MiB / 122.8GiB""},{""name"":""lab-eparagony-stub-tls"",""cpu"":""0.00%"",""mem"":""23.3MiB / 122.8GiB""},{""name"":""lab-erli-stub-tls"",""cpu"":""0.00%"",""mem"":""22.67MiB / 122.8GiB""},{""name"":""lab-wc-tls"",""cpu"":""0.06%"",""mem"":""26.96MiB / 122.8GiB""},{""name"":""lab-prestashop"",""cpu"":""0.02%"",""mem"":""129.6MiB / 122.8GiB""},{""name"":""lab-woocommerce"",""cpu"":""16.99%"",""mem"":""290.9MiB / 122.8GiB""},{""name"":""lab-redis"",""cpu"":""0.40%"",""mem"":""77.79MiB / 122.8GiB""},{""name"":""lab-postgres"",""cpu"":""1.42%"",""mem"":""251MiB / 122.8GiB""},{""name"":""lab-mysql"",""cpu"":""0.74%"",""mem"":""719.4MiB / 122.8GiB""},{""name"":""lab-woocommerce-mysql"",""cpu"":""20.31%"",""mem"":""508.7MiB / 122.8GiB""}]"
2026-09-10T13:09:54Z,3,118,2,47,0,2667951795,"[{""name"":""lab-worker-1"",""cpu"":""0.75%"",""mem"":""126.7MiB / 122.8GiB""},{""name"":""lab-api"",""cpu"":""0.00%"",""mem"":""155MiB / 122.8GiB""},{""name"":""lab-allegro-stub"",""cpu"":""4.28%"",""mem"":""20.31MiB / 122.8GiB""},{""name"":""lab-erli-stub"",""cpu"":""0.00%"",""mem"":""18.04MiB / 122.8GiB""},{""name"":""lab-eparagony-stub"",""cpu"":""0.00%"",""mem"":""20.36MiB / 122.8GiB""},{""name"":""lab-invoicing-stub"",""cpu"":""4.17%"",""mem"":""16.6MiB / 122.8GiB""},{""name"":""lab-shipping-stub"",""cpu"":""3.91%"",""mem"":""16.57MiB / 122.8GiB""},{""name"":""lab-eparagony-stub-tls"",""cpu"":""0.00%"",""mem"":""23.3MiB / 122.8GiB""},{""name"":""lab-erli-stub-tls"",""cpu"":""0.00%"",""mem"":""22.67MiB / 122.8GiB""},{""name"":""lab-wc-tls"",""cpu"":""0.03%"",""mem"":""26.97MiB / 122.8GiB""},{""name"":""lab-prestashop"",""cpu"":""0.02%"",""mem"":""129.6MiB / 122.8GiB""},{""name"":""lab-woocommerce"",""cpu"":""16.50%"",""mem"":""291.2MiB / 122.8GiB""},{""name"":""lab-redis"",""cpu"":""0.30%"",""mem"":""77.79MiB / 122.8GiB""},{""name"":""lab-postgres"",""cpu"":""2.14%"",""mem"":""251.2MiB / 122.8GiB""},{""name"":""lab-mysql"",""cpu"":""0.71%"",""mem"":""719.4MiB / 122.8GiB""},{""name"":""lab-woocommerce-mysql"",""cpu"":""21.96%"",""mem"":""509MiB / 122.8GiB""}]"
2026-09-10T13:09:54Z,3,118,2,47,0,2667951795,"[{""name"":""lab-worker-1"",""cpu"":""0.75%"",""mem"":""126.7MiB / 122.8GiB""},{""name"":""lab-api"",""cpu"":""0.00%"",""mem"":""155MiB / 122.8GiB""},{""name"":""lab-allegro-stub"",""cpu"":""4.28%"",""mem"":""20.31MiB / 122.8GiB""},{""name"":""lab-erli-stub"",""cpu"":""0.00%"",""mem"":""18.04MiB / 122.8GiB""},{""name"":""lab-eparagony-stub"",""cpu"":""0.00%"",""mem"":""20.36MiB / 122.8GiB""},{""name"":""lab-invoicing-stub"",""cpu"":""4.17%"",""mem"":""16.6MiB / 122.8GiB""},{""name"":""lab-shipping-stub"",""cpu"":""3.91%"",""mem"":""16.57MiB / 122.8GiB""},{""name"":""lab-eparagony-stub-tls"",""cpu"":""0.00%"",""mem"":""23.3MiB / 122.8GiB""},{""name"":""lab-erli-stub-tls"",""cpu"":""0.00%"",""mem"":""22.67MiB / 122.8GiB""},{""name"":""lab-wc-tls"",""cpu"":""0.03%"",""mem"":""26.97MiB / 122.8GiB""},{""name"":""lab-prestashop"",""cpu"":""0.02%"",""mem"":""129.6MiB / 122.8GiB""},{""name"":""lab-woocommerce"",""cpu"":""16.50%"",""mem"":""291.2MiB / 122.8GiB""},{""name"":""lab-redis"",""cpu"":""0.30%"",""mem"":""77.79MiB / 122.8GiB""},{""name"":""lab-postgres"",""cpu"":""2.14%"",""mem"":""251.2MiB / 122.8GiB""},{""name"":""lab-mysql"",""cpu"":""0.71%"",""mem"":""719.4MiB / 122.8GiB""},{""name"":""lab-woocommerce-mysql"",""cpu"":""21.96%"",""mem"":""509MiB / 122.8GiB""}]"
2026-09-10T13:09:58Z,4,117,2,47,0,2667951795,"[{""name"":""lab-worker-1"",""cpu"":""1.62%"",""mem"":""126.8MiB / 122.8GiB""},{""name"":""lab-api"",""cpu"":""0.00%"",""mem"":""155MiB / 122.8GiB""},{""name"":""lab-allegro-stub"",""cpu"":""0.01%"",""mem"":""20.3MiB / 122.8GiB""},{""name"":""lab-erli-stub"",""cpu"":""3.99%"",""mem"":""18.04MiB / 122.8GiB""},{""name"":""lab-eparagony-stub"",""cpu"":""0.00%"",""mem"":""20.36MiB / 122.8GiB""},{""name"":""lab-invoicing-stub"",""cpu"":""0.00%"",""mem"":""16.59MiB / 122.8GiB""},{""name"":""lab-shipping-stub"",""cpu"":""0.00%"",""mem"":""16.57MiB / 122.8GiB""},{""name"":""lab-eparagony-stub-tls"",""cpu"":""0.00%"",""mem"":""23.3MiB / 122.8GiB""},{""name"":""lab-erli-stub-tls"",""cpu"":""0.00%"",""mem"":""22.67MiB / 122.8GiB""},{""name"":""lab-wc-tls"",""cpu"":""0.06%"",""mem"":""26.97MiB / 122.8GiB""},{""name"":""lab-prestashop"",""cpu"":""0.01%"",""mem"":""129.6MiB / 122.8GiB""},{""name"":""lab-woocommerce"",""cpu"":""20.89%"",""mem"":""290.9MiB / 122.8GiB""},{""name"":""lab-redis"",""cpu"":""0.35%"",""mem"":""77.79MiB / 122.8GiB""},{""name"":""lab-postgres"",""cpu"":""0.55%"",""mem"":""251MiB / 122.8GiB""},{""name"":""lab-mysql"",""cpu"":""0.67%"",""mem"":""719.4MiB / 122.8GiB""},{""name"":""lab-woocommerce-mysql"",""cpu"":""3.87%"",""mem"":""509.1MiB / 122.8GiB""}]"
2026-09-10T13:09:58Z,4,117,2,47,0,2667951795,"[{""name"":""lab-worker-1"",""cpu"":""1.62%"",""mem"":""126.8MiB / 122.8GiB""},{""name"":""lab-api"",""cpu"":""0.00%"",""mem"":""155MiB / 122.8GiB""},{""name"":""lab-allegro-stub"",""cpu"":""0.01%"",""mem"":""20.3MiB / 122.8GiB""},{""name"":""lab-erli-stub"",""cpu"":""3.99%"",""mem"":""18.04MiB / 122.8GiB""},{""name"":""lab-eparagony-stub"",""cpu"":""0.00%"",""mem"":""20.36MiB / 122.8GiB""},{""name"":""lab-invoicing-stub"",""cpu"":""0.00%"",""mem"":""16.59MiB / 122.8GiB""},{""name"":""lab-shipping-stub"",""cpu"":""0.00%"",""mem"":""16.57MiB / 122.8GiB""},{""name"":""lab-eparagony-stub-tls"",""cpu"":""0.00%"",""mem"":""23.3MiB / 122.8GiB""},{""name"":""lab-erli-stub-tls"",""cpu"":""0.00%"",""mem"":""22.67MiB / 122.8GiB""},{""name"":""lab-wc-tls"",""cpu"":""0.06%"",""mem"":""26.97MiB / 122.8GiB""},{""name"":""lab-prestashop"",""cpu"":""0.01%"",""mem"":""129.6MiB / 122.8GiB""},{""name"":""lab-woocommerce"",""cpu"":""20.89%"",""mem"":""290.9MiB / 122.8GiB""},{""name"":""lab-redis"",""cpu"":""0.35%"",""mem"":""77.79MiB / 122.8GiB""},{""name"":""lab-postgres"",""cpu"":""0.55%"",""mem"":""251MiB / 122.8GiB""},{""name"":""lab-mysql"",""cpu"":""0.67%"",""mem"":""719.4MiB / 122.8GiB""},{""name"":""lab-woocommerce-mysql"",""cpu"":""7.57%"",""mem"":""509.1MiB / 122.8GiB""}]"
2026-09-10T13:10:01Z,4,117,1,47,0,2667951795,"[{""name"":""lab-worker-1"",""cpu"":""7.73%"",""mem"":""127MiB / 122.8GiB""},{""name"":""lab-api"",""cpu"":""0.00%"",""mem"":""155MiB / 122.8GiB""},{""name"":""lab-allegro-stub"",""cpu"":""0.08%"",""mem"":""20.3MiB / 122.8GiB""},{""name"":""lab-erli-stub"",""cpu"":""0.00%"",""mem"":""18.04MiB / 122.8GiB""},{""name"":""lab-eparagony-stub"",""cpu"":""0.00%"",""mem"":""20.36MiB / 122.8GiB""},{""name"":""lab-invoicing-stub"",""cpu"":""0.00%"",""mem"":""16.59MiB / 122.8GiB""},{""name"":""lab-shipping-stub"",""cpu"":""0.00%"",""mem"":""16.57MiB / 122.8GiB""},{""name"":""lab-eparagony-stub-tls"",""cpu"":""0.00%"",""mem"":""23.3MiB / 122.8GiB""},{""name"":""lab-erli-stub-tls"",""cpu"":""0.00%"",""mem"":""22.67MiB / 122.8GiB""},{""name"":""lab-wc-tls"",""cpu"":""0.08%"",""mem"":""26.97MiB / 122.8GiB""},{""name"":""lab-prestashop"",""cpu"":""1.43%"",""mem"":""129.6MiB / 122.8GiB""},{""name"":""lab-woocommerce"",""cpu"":""16.55%"",""mem"":""292.9MiB / 122.8GiB""},{""name"":""lab-redis"",""cpu"":""4.67%"",""mem"":""77.82MiB / 122.8GiB""},{""name"":""lab-postgres"",""cpu"":""5.28%"",""mem"":""251MiB / 122.8GiB""},{""name"":""lab-mysql"",""cpu"":""1.41%"",""mem"":""719.4MiB / 122.8GiB""},{""name"":""lab-woocommerce-mysql"",""cpu"":""9.16%"",""mem"":""508.9MiB / 122.8GiB""}]"
2026-09-10T13:10:01Z,4,117,1,47,0,2667951795,"[{""name"":""lab-worker-1"",""cpu"":""7.73%"",""mem"":""127MiB / 122.8GiB""},{""name"":""lab-api"",""cpu"":""0.00%"",""mem"":""155MiB / 122.8GiB""},{""name"":""lab-allegro-stub"",""cpu"":""0.08%"",""mem"":""20.3MiB / 122.8GiB""},{""name"":""lab-erli-stub"",""cpu"":""0.00%"",""mem"":""18.04MiB / 122.8GiB""},{""name"":""lab-eparagony-stub"",""cpu"":""0.00%"",""mem"":""20.36MiB / 122.8GiB""},{""name"":""lab-invoicing-stub"",""cpu"":""0.00%"",""mem"":""16.59MiB / 122.8GiB""},{""name"":""lab-shipping-stub"",""cpu"":""0.00%"",""mem"":""16.57MiB / 122.8GiB""},{""name"":""lab-eparagony-stub-tls"",""cpu"":""0.00%"",""mem"":""23.3MiB / 122.8GiB""},{""name"":""lab-erli-stub-tls"",""cpu"":""0.00%"",""mem"":""22.67MiB / 122.8GiB""},{""name"":""lab-wc-tls"",""cpu"":""0.08%"",""mem"":""26.97MiB / 122.8GiB""},{""name"":""lab-prestashop"",""cpu"":""1.43%"",""mem"":""129.6MiB / 122.8GiB""},{""name"":""lab-woocommerce"",""cpu"":""16.55%"",""mem"":""292.9MiB / 122.8GiB""},{""name"":""lab-redis"",""cpu"":""4.67%"",""mem"":""77.82MiB / 122.8GiB""},{""name"":""lab-postgres"",""cpu"":""5.28%"",""mem"":""251MiB / 122.8GiB""},{""name"":""lab-mysql"",""cpu"":""1.41%"",""mem"":""719.4MiB / 122.8GiB""},{""name"":""lab-woocommerce-mysql"",""cpu"":""20.97%"",""mem"":""508.9MiB / 122.8GiB""}]"
2026-09-10T13:10:05Z,3,113,2,47,0,2667959987,"[{""name"":""lab-worker-1"",""cpu"":""1.95%"",""mem"":""126.9MiB / 122.8GiB""},{""name"":""lab-api"",""cpu"":""0.00%"",""mem"":""155MiB / 122.8GiB""},{""name"":""lab-allegro-stub"",""cpu"":""0.00%"",""mem"":""20.3MiB / 122.8GiB""},{""name"":""lab-erli-stub"",""cpu"":""0.00%"",""mem"":""18.04MiB / 122.8GiB""},{""name"":""lab-eparagony-stub"",""cpu"":""0.00%"",""mem"":""20.36MiB / 122.8GiB""},{""name"":""lab-invoicing-stub"",""cpu"":""0.00%"",""mem"":""16.6MiB / 122.8GiB""},{""name"":""lab-shipping-stub"",""cpu"":""0.00%"",""mem"":""16.57MiB / 122.8GiB""},{""name"":""lab-eparagony-stub-tls"",""cpu"":""0.00%"",""mem"":""23.3MiB / 122.8GiB""},{""name"":""lab-erli-stub-tls"",""cpu"":""0.00%"",""mem"":""22.67MiB / 122.8GiB""},{""name"":""lab-wc-tls"",""cpu"":""0.08%"",""mem"":""26.96MiB / 122.8GiB""},{""name"":""lab-prestashop"",""cpu"":""0.01%"",""mem"":""129.6MiB / 122.8GiB""},{""name"":""lab-woocommerce"",""cpu"":""17.60%"",""mem"":""292.9MiB / 122.8GiB""},{""name"":""lab-redis"",""cpu"":""0.38%"",""mem"":""77.79MiB / 122.8GiB""},{""name"":""lab-postgres"",""cpu"":""1.32%"",""mem"":""251.3MiB / 122.8GiB""},{""name"":""lab-mysql"",""cpu"":""0.75%"",""mem"":""719.4MiB / 122.8GiB""},{""name"":""lab-woocommerce-mysql"",""cpu"":""20.11%"",""mem"":""508.9MiB / 122.8GiB""}]"
2026-09-10T13:10:05Z,3,113,2,47,0,2667959987,"[{""name"":""lab-worker-1"",""cpu"":""1.95%"",""mem"":""126.9MiB / 122.8GiB""},{""name"":""lab-api"",""cpu"":""0.00%"",""mem"":""155MiB / 122.8GiB""},{""name"":""lab-allegro-stub"",""cpu"":""0.00%"",""mem"":""20.3MiB / 122.8GiB""},{""name"":""lab-erli-stub"",""cpu"":""0.00%"",""mem"":""18.04MiB / 122.8GiB""},{""name"":""lab-eparagony-stub"",""cpu"":""0.00%"",""mem"":""20.36MiB / 122.8GiB""},{""name"":""lab-invoicing-stub"",""cpu"":""0.00%"",""mem"":""16.6MiB / 122.8GiB""},{""name"":""lab-shipping-stub"",""cpu"":""0.00%"",""mem"":""16.57MiB / 122.8GiB""},{""name"":""lab-eparagony-stub-tls"",""cpu"":""0.00%"",""mem"":""23.3MiB / 122.8GiB""},{""name"":""lab-erli-stub-tls"",""cpu"":""0.00%"",""mem"":""22.67MiB / 122.8GiB""},{""name"":""lab-wc-tls"",""cpu"":""0.08%"",""mem"":""26.96MiB / 122.8GiB""},{""name"":""lab-prestashop"",""cpu"":""0.01%"",""mem"":""129.6MiB / 122.8GiB""},{""name"":""lab-woocommerce"",""cpu"":""17.60%"",""mem"":""292.9MiB / 122.8GiB""},{""name"":""lab-redis"",""cpu"":""0.38%"",""mem"":""77.79MiB / 122.8GiB""},{""name"":""lab-postgres"",""cpu"":""1.32%"",""mem"":""251.3MiB / 122.8GiB""},{""name"":""lab-mysql"",""cpu"":""0.75%"",""mem"":""719.4MiB / 122.8GiB""},{""name"":""lab-woocommerce-mysql"",""cpu"":""20.11%"",""mem"":""508.9MiB / 122.8GiB""}]"
2026-09-10T13:10:08Z,4,112,3,47,0,2667968179,"[{""name"":""lab-worker-1"",""cpu"":""8.85%"",""mem"":""126.8MiB / 122.8GiB""},{""name"":""lab-api"",""cpu"":""0.00%"",""mem"":""155.2MiB / 122.8GiB""},{""name"":""lab-allegro-stub"",""cpu"":""3.43%"",""mem"":""20.31MiB / 122.8GiB""},{""name"":""lab-erli-stub"",""cpu"":""0.01%"",""mem"":""18.04MiB / 122.8GiB""},{""name"":""lab-eparagony-stub"",""cpu"":""0.01%"",""mem"":""20.36MiB / 122.8GiB""},{""name"":""lab-invoicing-stub"",""cpu"":""2.39%"",""mem"":""16.85MiB / 122.8GiB""},{""name"":""lab-shipping-stub"",""cpu"":""2.47%"",""mem"":""16.57MiB / 122.8GiB""},{""name"":""lab-eparagony-stub-tls"",""cpu"":""0.00%"",""mem"":""23.3MiB / 122.8GiB""},{""name"":""lab-erli-stub-tls"",""cpu"":""0.00%"",""mem"":""22.67MiB / 122.8GiB""},{""name"":""lab-wc-tls"",""cpu"":""0.11%"",""mem"":""26.96MiB / 122.8GiB""},{""name"":""lab-prestashop"",""cpu"":""1.03%"",""mem"":""127.6MiB / 122.8GiB""},{""name"":""lab-woocommerce"",""cpu"":""18.70%"",""mem"":""294.9MiB / 122.8GiB""},{""name"":""lab-redis"",""cpu"":""0.48%"",""mem"":""77.8MiB / 122.8GiB""},{""name"":""lab-postgres"",""cpu"":""5.08%"",""mem"":""251MiB / 122.8GiB""},{""name"":""lab-mysql"",""cpu"":""1.74%"",""mem"":""719.4MiB / 122.8GiB""},{""name"":""lab-woocommerce-mysql"",""cpu"":""10.60%"",""mem"":""508.9MiB / 122.8GiB""}]"
2026-09-10T13:10:08Z,4,112,3,47,0,2667968179,"[{""name"":""lab-worker-1"",""cpu"":""8.85%"",""mem"":""126.8MiB / 122.8GiB""},{""name"":""lab-api"",""cpu"":""0.00%"",""mem"":""155.2MiB / 122.8GiB""},{""name"":""lab-allegro-stub"",""cpu"":""3.43%"",""mem"":""20.31MiB / 122.8GiB""},{""name"":""lab-erli-stub"",""cpu"":""3.51%"",""mem"":""18.04MiB / 122.8GiB""},{""name"":""lab-eparagony-stub"",""cpu"":""0.01%"",""mem"":""20.36MiB / 122.8GiB""},{""name"":""lab-invoicing-stub"",""cpu"":""2.39%"",""mem"":""16.85MiB / 122.8GiB""},{""name"":""lab-shipping-stub"",""cpu"":""2.47%"",""mem"":""16.57MiB / 122.8GiB""},{""name"":""lab-eparagony-stub-tls"",""cpu"":""0.00%"",""mem"":""23.3MiB / 122.8GiB""},{""name"":""lab-erli-stub-tls"",""cpu"":""0.00%"",""mem"":""22.67MiB / 122.8GiB""},{""name"":""lab-wc-tls"",""cpu"":""0.11%"",""mem"":""26.96MiB / 122.8GiB""},{""name"":""lab-prestashop"",""cpu"":""1.03%"",""mem"":""127.6MiB / 122.8GiB""},{""name"":""lab-woocommerce"",""cpu"":""18.70%"",""mem"":""294.9MiB / 122.8GiB""},{""name"":""lab-redis"",""cpu"":""0.48%"",""mem"":""77.8MiB / 122.8GiB""},{""name"":""lab-postgres"",""cpu"":""5.08%"",""mem"":""251MiB / 122.8GiB""},{""name"":""lab-mysql"",""cpu"":""1.74%"",""mem"":""719.4MiB / 122.8GiB""},{""name"":""lab-woocommerce-mysql"",""cpu"":""10.60%"",""mem"":""508.9MiB / 122.8GiB""}]"
2026-09-10T13:10:12Z,3,110,2,47,0,2667976371,"[{""name"":""lab-worker-1"",""cpu"":""4.42%"",""mem"":""126.8MiB / 122.8GiB""},{""name"":""lab-api"",""cpu"":""0.01%"",""mem"":""155.2MiB / 122.8GiB""},{""name"":""lab-allegro-stub"",""cpu"":""0.02%"",""mem"":""20.31MiB / 122.8GiB""},{""name"":""lab-erli-stub"",""cpu"":""0.01%"",""mem"":""18.04MiB / 122.8GiB""},{""name"":""lab-eparagony-stub"",""cpu"":""4.23%"",""mem"":""20.42MiB / 122.8GiB""},{""name"":""lab-invoicing-stub"",""cpu"":""0.00%"",""mem"":""16.59MiB / 122.8GiB""},{""name"":""lab-shipping-stub"",""cpu"":""0.00%"",""mem"":""16.57MiB / 122.8GiB""},{""name"":""lab-eparagony-stub-tls"",""cpu"":""0.00%"",""mem"":""23.3MiB / 122.8GiB""},{""name"":""lab-erli-stub-tls"",""cpu"":""0.00%"",""mem"":""22.67MiB / 122.8GiB""},{""name"":""lab-wc-tls"",""cpu"":""0.06%"",""mem"":""26.96MiB / 122.8GiB""},{""name"":""lab-prestashop"",""cpu"":""1.39%"",""mem"":""129.6MiB / 122.8GiB""},{""name"":""lab-woocommerce"",""cpu"":""6.13%"",""mem"":""292.9MiB / 122.8GiB""},{""name"":""lab-redis"",""cpu"":""1.27%"",""mem"":""77.8MiB / 122.8GiB""},{""name"":""lab-postgres"",""cpu"":""3.99%"",""mem"":""251MiB / 122.8GiB""},{""name"":""lab-mysql"",""cpu"":""1.95%"",""mem"":""719.4MiB / 122.8GiB""},{""name"":""lab-woocommerce-mysql"",""cpu"":""21.74%"",""mem"":""508.9MiB / 122.8GiB""}]"
2026-09-10T13:10:12Z,3,110,2,47,0,2667976371,"[{""name"":""lab-worker-1"",""cpu"":""4.42%"",""mem"":""126.8MiB / 122.8GiB""},{""name"":""lab-api"",""cpu"":""0.01%"",""mem"":""155.2MiB / 122.8GiB""},{""name"":""lab-allegro-stub"",""cpu"":""0.02%"",""mem"":""20.31MiB / 122.8GiB""},{""name"":""lab-erli-stub"",""cpu"":""0.01%"",""mem"":""18.04MiB / 122.8GiB""},{""name"":""lab-eparagony-stub"",""cpu"":""4.23%"",""mem"":""20.42MiB / 122.8GiB""},{""name"":""lab-invoicing-stub"",""cpu"":""0.00%"",""mem"":""16.59MiB / 122.8GiB""},{""name"":""lab-shipping-stub"",""cpu"":""0.00%"",""mem"":""16.57MiB / 122.8GiB""},{""name"":""lab-eparagony-stub-tls"",""cpu"":""0.00%"",""mem"":""23.3MiB / 122.8GiB""},{""name"":""lab-erli-stub-tls"",""cpu"":""0.00%"",""mem"":""22.67MiB / 122.8GiB""},{""name"":""lab-wc-tls"",""cpu"":""0.06%"",""mem"":""26.96MiB / 122.8GiB""},{""name"":""lab-prestashop"",""cpu"":""1.39%"",""mem"":""129.6MiB / 122.8GiB""},{""name"":""lab-woocommerce"",""cpu"":""6.13%"",""mem"":""292.9MiB / 122.8GiB""},{""name"":""lab-redis"",""cpu"":""1.27%"",""mem"":""77.8MiB / 122.8GiB""},{""name"":""lab-postgres"",""cpu"":""3.99%"",""mem"":""251MiB / 122.8GiB""},{""name"":""lab-mysql"",""cpu"":""1.95%"",""mem"":""719.4MiB / 122.8GiB""},{""name"":""lab-woocommerce-mysql"",""cpu"":""4.65%"",""mem"":""508.9MiB / 122.8GiB""}]"
2026-09-10T13:10:16Z,4,107,2,47,0,2667976371,"[{""name"":""lab-worker-1"",""cpu"":""1.59%"",""mem"":""126.8MiB / 122.8GiB""},{""name"":""lab-api"",""cpu"":""0.42%"",""mem"":""155.2MiB / 122.8GiB""},{""name"":""lab-allegro-stub"",""cpu"":""0.02%"",""mem"":""20.31MiB / 122.8GiB""},{""name"":""lab-erli-stub"",""cpu"":""0.00%"",""mem"":""18.04MiB / 122.8GiB""},{""name"":""lab-eparagony-stub"",""cpu"":""0.00%"",""mem"":""20.36MiB / 122.8GiB""},{""name"":""lab-invoicing-stub"",""cpu"":""0.00%"",""mem"":""16.59MiB / 122.8GiB""},{""name"":""lab-shipping-stub"",""cpu"":""0.00%"",""mem"":""16.57MiB / 122.8GiB""},{""name"":""lab-eparagony-stub-tls"",""cpu"":""0.00%"",""mem"":""23.3MiB / 122.8GiB""},{""name"":""lab-erli-stub-tls"",""cpu"":""0.00%"",""mem"":""22.67MiB / 122.8GiB""},{""name"":""lab-wc-tls"",""cpu"":""0.07%"",""mem"":""26.96MiB / 122.8GiB""},{""name"":""lab-prestashop"",""cpu"":""0.00%"",""mem"":""129.6MiB / 122.8GiB""},{""name"":""lab-woocommerce"",""cpu"":""6.15%"",""mem"":""290.9MiB / 122.8GiB""},{""name"":""lab-redis"",""cpu"":""0.38%"",""mem"":""77.79MiB / 122.8GiB""},{""name"":""lab-postgres"",""cpu"":""0.69%"",""mem"":""251.3MiB / 122.8GiB""},{""name"":""lab-mysql"",""cpu"":""0.62%"",""mem"":""719.4MiB / 122.8GiB""},{""name"":""lab-woocommerce-mysql"",""cpu"":""4.82%"",""mem"":""508.9MiB / 122.8GiB""}]"
2026-09-10T13:10:16Z,4,106,2,47,0,2667976371,"[{""name"":""lab-worker-1"",""cpu"":""1.59%"",""mem"":""126.8MiB / 122.8GiB""},{""name"":""lab-api"",""cpu"":""0.42%"",""mem"":""155.2MiB / 122.8GiB""},{""name"":""lab-allegro-stub"",""cpu"":""0.02%"",""mem"":""20.31MiB / 122.8GiB""},{""name"":""lab-erli-stub"",""cpu"":""0.00%"",""mem"":""18.04MiB / 122.8GiB""},{""name"":""lab-eparagony-stub"",""cpu"":""0.00%"",""mem"":""20.36MiB / 122.8GiB""},{""name"":""lab-invoicing-stub"",""cpu"":""0.00%"",""mem"":""16.59MiB / 122.8GiB""},{""name"":""lab-shipping-stub"",""cpu"":""0.00%"",""mem"":""16.57MiB / 122.8GiB""},{""name"":""lab-eparagony-stub-tls"",""cpu"":""0.00%"",""mem"":""23.3MiB / 122.8GiB""},{""name"":""lab-erli-stub-tls"",""cpu"":""0.00%"",""mem"":""22.67MiB / 122.8GiB""},{""name"":""lab-wc-tls"",""cpu"":""0.07%"",""mem"":""26.96MiB / 122.8GiB""},{""name"":""lab-prestashop"",""cpu"":""0.00%"",""mem"":""129.6MiB / 122.8GiB""},{""name"":""lab-woocommerce"",""cpu"":""6.15%"",""mem"":""290.9MiB / 122.8GiB""},{""name"":""lab-redis"",""cpu"":""0.38%"",""mem"":""77.79MiB / 122.8GiB""},{""name"":""lab-postgres"",""cpu"":""0.69%"",""mem"":""251.3MiB / 122.8GiB""},{""name"":""lab-mysql"",""cpu"":""0.62%"",""mem"":""719.4MiB / 122.8GiB""},{""name"":""lab-woocommerce-mysql"",""cpu"":""4.82%"",""mem"":""508.9MiB / 122.8GiB""}]"
2026-09-10T13:10:19Z,4,108,1,47,0,2667976371,"[{""name"":""lab-worker-1"",""cpu"":""7.01%"",""mem"":""126.8MiB / 122.8GiB""},{""name"":""lab-api"",""cpu"":""0.01%"",""mem"":""155.2MiB / 122.8GiB""},{""name"":""lab-allegro-stub"",""cpu"":""3.22%"",""mem"":""20.31MiB / 122.8GiB""},{""name"":""lab-erli-stub"",""cpu"":""0.00%"",""mem"":""18.04MiB / 122.8GiB""},{""name"":""lab-eparagony-stub"",""cpu"":""0.00%"",""mem"":""20.36MiB / 122.8GiB""},{""name"":""lab-invoicing-stub"",""cpu"":""3.10%"",""mem"":""16.59MiB / 122.8GiB""},{""name"":""lab-shipping-stub"",""cpu"":""3.16%"",""mem"":""16.57MiB / 122.8GiB""},{""name"":""lab-eparagony-stub-tls"",""cpu"":""0.00%"",""mem"":""23.3MiB / 122.8GiB""},{""name"":""lab-erli-stub-tls"",""cpu"":""0.00%"",""mem"":""22.67MiB / 122.8GiB""},{""name"":""lab-wc-tls"",""cpu"":""0.04%"",""mem"":""26.96MiB / 122.8GiB""},{""name"":""lab-prestashop"",""cpu"":""1.14%"",""mem"":""129.6MiB / 122.8GiB""},{""name"":""lab-woocommerce"",""cpu"":""15.94%"",""mem"":""290.9MiB / 122.8GiB""},{""name"":""lab-redis"",""cpu"":""0.33%"",""mem"":""77.79MiB / 122.8GiB""},{""name"":""lab-postgres"",""cpu"":""6.64%"",""mem"":""254.2MiB / 122.8GiB""},{""name"":""lab-mysql"",""cpu"":""1.59%"",""mem"":""719.4MiB / 122.8GiB""},{""name"":""lab-woocommerce-mysql"",""cpu"":""14.14%"",""mem"":""508.9MiB / 122.8GiB""}]"
2026-09-10T13:10:19Z,4,108,1,47,0,2667976371,"[{""name"":""lab-worker-1"",""cpu"":""7.01%"",""mem"":""126.8MiB / 122.8GiB""},{""name"":""lab-api"",""cpu"":""0.01%"",""mem"":""155.2MiB / 122.8GiB""},{""name"":""lab-allegro-stub"",""cpu"":""3.22%"",""mem"":""20.31MiB / 122.8GiB""},{""name"":""lab-erli-stub"",""cpu"":""0.00%"",""mem"":""18.04MiB / 122.8GiB""},{""name"":""lab-eparagony-stub"",""cpu"":""0.00%"",""mem"":""20.36MiB / 122.8GiB""},{""name"":""lab-invoicing-stub"",""cpu"":""3.10%"",""mem"":""16.59MiB / 122.8GiB""},{""name"":""lab-shipping-stub"",""cpu"":""3.16%"",""mem"":""16.57MiB / 122.8GiB""},{""name"":""lab-eparagony-stub-tls"",""cpu"":""0.00%"",""mem"":""23.3MiB / 122.8GiB""},{""name"":""lab-erli-stub-tls"",""cpu"":""0.00%"",""mem"":""22.67MiB / 122.8GiB""},{""name"":""lab-wc-tls"",""cpu"":""0.04%"",""mem"":""26.96MiB / 122.8GiB""},{""name"":""lab-prestashop"",""cpu"":""1.14%"",""mem"":""129.6MiB / 122.8GiB""},{""name"":""lab-woocommerce"",""cpu"":""15.94%"",""mem"":""290.9MiB / 122.8GiB""},{""name"":""lab-redis"",""cpu"":""0.33%"",""mem"":""77.79MiB / 122.8GiB""},{""name"":""lab-postgres"",""cpu"":""6.64%"",""mem"":""254.2MiB / 122.8GiB""},{""name"":""lab-mysql"",""cpu"":""1.59%"",""mem"":""719.4MiB / 122.8GiB""},{""name"":""lab-woocommerce-mysql"",""cpu"":""14.14%"",""mem"":""508.9MiB / 122.8GiB""}]"
2026-09-10T13:10:23Z,3,104,2,47,0,2667984563,"[{""name"":""lab-worker-1"",""cpu"":""8.44%"",""mem"":""126.9MiB / 122.8GiB""},{""name"":""lab-api"",""cpu"":""0.00%"",""mem"":""155.2MiB / 122.8GiB""},{""name"":""lab-allegro-stub"",""cpu"":""0.06%"",""mem"":""20.31MiB / 122.8GiB""},{""name"":""lab-erli-stub"",""cpu"":""2.76%"",""mem"":""18.04MiB / 122.8GiB""},{""name"":""lab-eparagony-stub"",""cpu"":""0.01%"",""mem"":""20.36MiB / 122.8GiB""},{""name"":""lab-invoicing-stub"",""cpu"":""0.00%"",""mem"":""16.59MiB / 122.8GiB""},{""name"":""lab-shipping-stub"",""cpu"":""0.00%"",""mem"":""16.56MiB / 122.8GiB""},{""name"":""lab-eparagony-stub-tls"",""cpu"":""0.00%"",""mem"":""23.3MiB / 122.8GiB""},{""name"":""lab-erli-stub-tls"",""cpu"":""0.00%"",""mem"":""22.67MiB / 122.8GiB""},{""name"":""lab-wc-tls"",""cpu"":""0.07%"",""mem"":""26.96MiB / 122.8GiB""},{""name"":""lab-prestashop"",""cpu"":""1.77%"",""mem"":""131.6MiB / 122.8GiB""},{""name"":""lab-woocommerce"",""cpu"":""17.27%"",""mem"":""290.9MiB / 122.8GiB""},{""name"":""lab-redis"",""cpu"":""0.37%"",""mem"":""77.8MiB / 122.8GiB""},{""name"":""lab-postgres"",""cpu"":""10.45%"",""mem"":""254.4MiB / 122.8GiB""},{""name"":""lab-mysql"",""cpu"":""5.06%"",""mem"":""719.4MiB / 122.8GiB""},{""name"":""lab-woocommerce-mysql"",""cpu"":""17.13%"",""mem"":""509.2MiB / 122.8GiB""}]"
2026-09-10T13:10:23Z,3,104,2,47,0,2667984563,"[{""name"":""lab-worker-1"",""cpu"":""8.44%"",""mem"":""126.9MiB / 122.8GiB""},{""name"":""lab-api"",""cpu"":""0.00%"",""mem"":""155.2MiB / 122.8GiB""},{""name"":""lab-allegro-stub"",""cpu"":""0.06%"",""mem"":""20.31MiB / 122.8GiB""},{""name"":""lab-erli-stub"",""cpu"":""2.76%"",""mem"":""18.04MiB / 122.8GiB""},{""name"":""lab-eparagony-stub"",""cpu"":""0.01%"",""mem"":""20.36MiB / 122.8GiB""},{""name"":""lab-invoicing-stub"",""cpu"":""0.00%"",""mem"":""16.59MiB / 122.8GiB""},{""name"":""lab-shipping-stub"",""cpu"":""0.00%"",""mem"":""16.56MiB / 122.8GiB""},{""name"":""lab-eparagony-stub-tls"",""cpu"":""0.00%"",""mem"":""23.3MiB / 122.8GiB""},{""name"":""lab-erli-stub-tls"",""cpu"":""0.00%"",""mem"":""22.67MiB / 122.8GiB""},{""name"":""lab-wc-tls"",""cpu"":""0.07%"",""mem"":""26.96MiB / 122.8GiB""},{""name"":""lab-prestashop"",""cpu"":""1.77%"",""mem"":""131.6MiB / 122.8GiB""},{""name"":""lab-woocommerce"",""cpu"":""17.27%"",""mem"":""290.9MiB / 122.8GiB""},{""name"":""lab-redis"",""cpu"":""0.37%"",""mem"":""77.8MiB / 122.8GiB""},{""name"":""lab-postgres"",""cpu"":""10.45%"",""mem"":""254.4MiB / 122.8GiB""},{""name"":""lab-mysql"",""cpu"":""5.06%"",""mem"":""719.4MiB / 122.8GiB""},{""name"":""lab-woocommerce-mysql"",""cpu"":""18.29%"",""mem"":""509.2MiB / 122.8GiB""}]"
2026-09-10T13:10:27Z,4,101,1,47,0,2667992755,"[{""name"":""lab-worker-1"",""cpu"":""7.95%"",""mem"":""127MiB / 122.8GiB""},{""name"":""lab-api"",""cpu"":""0.01%"",""mem"":""155.2MiB / 122.8GiB""},{""name"":""lab-allegro-stub"",""cpu"":""0.17%"",""mem"":""20.32MiB / 122.8GiB""},{""name"":""lab-erli-stub"",""cpu"":""0.00%"",""mem"":""18.04MiB / 122.8GiB""},{""name"":""lab-eparagony-stub"",""cpu"":""3.05%"",""mem"":""20.36MiB / 122.8GiB""},{""name"":""lab-invoicing-stub"",""cpu"":""0.00%"",""mem"":""16.59MiB / 122.8GiB""},{""name"":""lab-shipping-stub"",""cpu"":""0.00%"",""mem"":""16.56MiB / 122.8GiB""},{""name"":""lab-eparagony-stub-tls"",""cpu"":""0.00%"",""mem"":""23.3MiB / 122.8GiB""},{""name"":""lab-erli-stub-tls"",""cpu"":""0.00%"",""mem"":""22.67MiB / 122.8GiB""},{""name"":""lab-wc-tls"",""cpu"":""0.08%"",""mem"":""26.96MiB / 122.8GiB""},{""name"":""lab-prestashop"",""cpu"":""1.14%"",""mem"":""131.6MiB / 122.8GiB""},{""name"":""lab-woocommerce"",""cpu"":""15.67%"",""mem"":""292.9MiB / 122.8GiB""},{""name"":""lab-redis"",""cpu"":""0.43%"",""mem"":""77.8MiB / 122.8GiB""},{""name"":""lab-postgres"",""cpu"":""4.81%"",""mem"":""254.4MiB / 122.8GiB""},{""name"":""lab-mysql"",""cpu"":""1.41%"",""mem"":""719.4MiB / 122.8GiB""},{""name"":""lab-woocommerce-mysql"",""cpu"":""20.29%"",""mem"":""509.2MiB / 122.8GiB""}]"
2026-09-10T13:10:27Z,4,101,1,47,0,2667992755,"[{""name"":""lab-worker-1"",""cpu"":""7.95%"",""mem"":""127MiB / 122.8GiB""},{""name"":""lab-api"",""cpu"":""0.01%"",""mem"":""155.2MiB / 122.8GiB""},{""name"":""lab-allegro-stub"",""cpu"":""0.17%"",""mem"":""20.32MiB / 122.8GiB""},{""name"":""lab-erli-stub"",""cpu"":""0.00%"",""mem"":""18.04MiB / 122.8GiB""},{""name"":""lab-eparagony-stub"",""cpu"":""3.05%"",""mem"":""20.36MiB / 122.8GiB""},{""name"":""lab-invoicing-stub"",""cpu"":""0.00%"",""mem"":""16.59MiB / 122.8GiB""},{""name"":""lab-shipping-stub"",""cpu"":""0.00%"",""mem"":""16.56MiB / 122.8GiB""},{""name"":""lab-eparagony-stub-tls"",""cpu"":""0.00%"",""mem"":""23.3MiB / 122.8GiB""},{""name"":""lab-erli-stub-tls"",""cpu"":""0.00%"",""mem"":""22.67MiB / 122.8GiB""},{""name"":""lab-wc-tls"",""cpu"":""0.08%"",""mem"":""26.96MiB / 122.8GiB""},{""name"":""lab-prestashop"",""cpu"":""1.14%"",""mem"":""131.6MiB / 122.8GiB""},{""name"":""lab-woocommerce"",""cpu"":""15.67%"",""mem"":""292.9MiB / 122.8GiB""},{""name"":""lab-redis"",""cpu"":""0.43%"",""mem"":""77.8MiB / 122.8GiB""},{""name"":""lab-postgres"",""cpu"":""4.81%"",""mem"":""254.4MiB / 122.8GiB""},{""name"":""lab-mysql"",""cpu"":""1.41%"",""mem"":""719.4MiB / 122.8GiB""},{""name"":""lab-woocommerce-mysql"",""cpu"":""9.61%"",""mem"":""509.2MiB / 122.8GiB""}]"
2026-09-10T13:10:31Z,4,98,2,47,0,2668000947,"[{""name"":""lab-worker-1"",""cpu"":""0.59%"",""mem"":""126.9MiB / 122.8GiB""},{""name"":""lab-api"",""cpu"":""0.00%"",""mem"":""155.2MiB / 122.8GiB""},{""name"":""lab-allegro-stub"",""cpu"":""0.04%"",""mem"":""20.31MiB / 122.8GiB""},{""name"":""lab-erli-stub"",""cpu"":""0.00%"",""mem"":""18.04MiB / 122.8GiB""},{""name"":""lab-eparagony-stub"",""cpu"":""0.00%"",""mem"":""20.36MiB / 122.8GiB""},{""name"":""lab-invoicing-stub"",""cpu"":""0.00%"",""mem"":""16.59MiB / 122.8GiB""},{""name"":""lab-shipping-stub"",""cpu"":""0.00%"",""mem"":""16.56MiB / 122.8GiB""},{""name"":""lab-eparagony-stub-tls"",""cpu"":""0.00%"",""mem"":""23.3MiB / 122.8GiB""},{""name"":""lab-erli-stub-tls"",""cpu"":""0.00%"",""mem"":""22.67MiB / 122.8GiB""},{""name"":""lab-wc-tls"",""cpu"":""0.02%"",""mem"":""27.42MiB / 122.8GiB""},{""name"":""lab-prestashop"",""cpu"":""0.01%"",""mem"":""131.6MiB / 122.8GiB""},{""name"":""lab-woocommerce"",""cpu"":""8.85%"",""mem"":""292.9MiB / 122.8GiB""},{""name"":""lab-redis"",""cpu"":""0.24%"",""mem"":""77.8MiB / 122.8GiB""},{""name"":""lab-postgres"",""cpu"":""0.25%"",""mem"":""254.4MiB / 122.8GiB""},{""name"":""lab-mysql"",""cpu"":""0.67%"",""mem"":""719.4MiB / 122.8GiB""},{""name"":""lab-woocommerce-mysql"",""cpu"":""9.86%"",""mem"":""509.3MiB / 122.8GiB""}]"
2026-09-10T13:10:31Z,4,98,2,47,0,2668000947,"[{""name"":""lab-worker-1"",""cpu"":""0.59%"",""mem"":""126.9MiB / 122.8GiB""},{""name"":""lab-api"",""cpu"":""0.00%"",""mem"":""155.2MiB / 122.8GiB""},{""name"":""lab-allegro-stub"",""cpu"":""0.04%"",""mem"":""20.31MiB / 122.8GiB""},{""name"":""lab-erli-stub"",""cpu"":""0.00%"",""mem"":""18.04MiB / 122.8GiB""},{""name"":""lab-eparagony-stub"",""cpu"":""0.00%"",""mem"":""20.36MiB / 122.8GiB""},{""name"":""lab-invoicing-stub"",""cpu"":""0.00%"",""mem"":""16.59MiB / 122.8GiB""},{""name"":""lab-shipping-stub"",""cpu"":""0.00%"",""mem"":""16.56MiB / 122.8GiB""},{""name"":""lab-eparagony-stub-tls"",""cpu"":""0.00%"",""mem"":""23.3MiB / 122.8GiB""},{""name"":""lab-erli-stub-tls"",""cpu"":""0.00%"",""mem"":""22.67MiB / 122.8GiB""},{""name"":""lab-wc-tls"",""cpu"":""0.02%"",""mem"":""27.42MiB / 122.8GiB""},{""name"":""lab-prestashop"",""cpu"":""0.01%"",""mem"":""131.6MiB / 122.8GiB""},{""name"":""lab-woocommerce"",""cpu"":""8.85%"",""mem"":""292.9MiB / 122.8GiB""},{""name"":""lab-redis"",""cpu"":""0.24%"",""mem"":""77.8MiB / 122.8GiB""},{""name"":""lab-postgres"",""cpu"":""0.25%"",""mem"":""254.4MiB / 122.8GiB""},{""name"":""lab-mysql"",""cpu"":""0.67%"",""mem"":""719.4MiB / 122.8GiB""},{""name"":""lab-woocommerce-mysql"",""cpu"":""9.86%"",""mem"":""509.3MiB / 122.8GiB""}]"
2026-09-10T13:10:35Z,4,97,2,47,0,2668009139,"[{""name"":""lab-worker-1"",""cpu"":""4.83%"",""mem"":""126.9MiB / 122.8GiB""},{""name"":""lab-api"",""cpu"":""0.00%"",""mem"":""155.2MiB / 122.8GiB""},{""name"":""lab-allegro-stub"",""cpu"":""0.02%"",""mem"":""20.31MiB / 122.8GiB""},{""name"":""lab-erli-stub"",""cpu"":""0.00%"",""mem"":""18.04MiB / 122.8GiB""},{""name"":""lab-eparagony-stub"",""cpu"":""0.00%"",""mem"":""20.36MiB / 122.8GiB""},{""name"":""lab-invoicing-stub"",""cpu"":""0.00%"",""mem"":""16.59MiB / 122.8GiB""},{""name"":""lab-shipping-stub"",""cpu"":""0.00%"",""mem"":""16.56MiB / 122.8GiB""},{""name"":""lab-eparagony-stub-tls"",""cpu"":""0.00%"",""mem"":""23.3MiB / 122.8GiB""},{""name"":""lab-erli-stub-tls"",""cpu"":""0.00%"",""mem"":""22.67MiB / 122.8GiB""},{""name"":""lab-wc-tls"",""cpu"":""0.09%"",""mem"":""27.39MiB / 122.8GiB""},{""name"":""lab-prestashop"",""cpu"":""1.21%"",""mem"":""133.6MiB / 122.8GiB""},{""name"":""lab-woocommerce"",""cpu"":""19.57%"",""mem"":""291MiB / 122.8GiB""},{""name"":""lab-redis"",""cpu"":""0.32%"",""mem"":""77.8MiB / 122.8GiB""},{""name"":""lab-postgres"",""cpu"":""2.80%"",""mem"":""251MiB / 122.8GiB""},{""name"":""lab-mysql"",""cpu"":""1.52%"",""mem"":""719.4MiB / 122.8GiB""},{""name"":""lab-woocommerce-mysql"",""cpu"":""17.72%"",""mem"":""509.3MiB / 122.8GiB""}]"
2026-09-10T13:10:35Z,4,97,2,47,0,2668009139,"[{""name"":""lab-worker-1"",""cpu"":""4.83%"",""mem"":""126.9MiB / 122.8GiB""},{""name"":""lab-api"",""cpu"":""0.00%"",""mem"":""155.2MiB / 122.8GiB""},{""name"":""lab-allegro-stub"",""cpu"":""0.02%"",""mem"":""20.31MiB / 122.8GiB""},{""name"":""lab-erli-stub"",""cpu"":""0.00%"",""mem"":""18.04MiB / 122.8GiB""},{""name"":""lab-eparagony-stub"",""cpu"":""0.00%"",""mem"":""20.36MiB / 122.8GiB""},{""name"":""lab-invoicing-stub"",""cpu"":""0.00%"",""mem"":""16.59MiB / 122.8GiB""},{""name"":""lab-shipping-stub"",""cpu"":""0.00%"",""mem"":""16.56MiB / 122.8GiB""},{""name"":""lab-eparagony-stub-tls"",""cpu"":""0.00%"",""mem"":""23.3MiB / 122.8GiB""},{""name"":""lab-erli-stub-tls"",""cpu"":""0.00%"",""mem"":""22.67MiB / 122.8GiB""},{""name"":""lab-wc-tls"",""cpu"":""0.09%"",""mem"":""27.39MiB / 122.8GiB""},{""name"":""lab-prestashop"",""cpu"":""1.21%"",""mem"":""133.6MiB / 122.8GiB""},{""name"":""lab-woocommerce"",""cpu"":""19.57%"",""mem"":""291MiB / 122.8GiB""},{""name"":""lab-redis"",""cpu"":""0.32%"",""mem"":""77.8MiB / 122.8GiB""},{""name"":""lab-postgres"",""cpu"":""2.80%"",""mem"":""251MiB / 122.8GiB""},{""name"":""lab-mysql"",""cpu"":""1.52%"",""mem"":""719.4MiB / 122.8GiB""},{""name"":""lab-woocommerce-mysql"",""cpu"":""4.50%"",""mem"":""509.3MiB / 122.8GiB""}]"
2026-09-10T13:10:38Z,4,95,3,47,0,2668009139,"[{""name"":""lab-worker-1"",""cpu"":""3.00%"",""mem"":""127MiB / 122.8GiB""},{""name"":""lab-api"",""cpu"":""0.00%"",""mem"":""155.2MiB / 122.8GiB""},{""name"":""lab-allegro-stub"",""cpu"":""0.05%"",""mem"":""20.32MiB / 122.8GiB""},{""name"":""lab-erli-stub"",""cpu"":""0.01%"",""mem"":""18.04MiB / 122.8GiB""},{""name"":""lab-eparagony-stub"",""cpu"":""0.01%"",""mem"":""20.36MiB / 122.8GiB""},{""name"":""lab-invoicing-stub"",""cpu"":""0.00%"",""mem"":""16.59MiB / 122.8GiB""},{""name"":""lab-shipping-stub"",""cpu"":""0.00%"",""mem"":""16.56MiB / 122.8GiB""},{""name"":""lab-eparagony-stub-tls"",""cpu"":""0.00%"",""mem"":""23.3MiB / 122.8GiB""},{""name"":""lab-erli-stub-tls"",""cpu"":""0.00%"",""mem"":""22.67MiB / 122.8GiB""},{""name"":""lab-wc-tls"",""cpu"":""0.04%"",""mem"":""27.39MiB / 122.8GiB""},{""name"":""lab-prestashop"",""cpu"":""0.00%"",""mem"":""131.6MiB / 122.8GiB""},{""name"":""lab-woocommerce"",""cpu"":""6.10%"",""mem"":""290.9MiB / 122.8GiB""},{""name"":""lab-redis"",""cpu"":""0.30%"",""mem"":""77.8MiB / 122.8GiB""},{""name"":""lab-postgres"",""cpu"":""2.15%"",""mem"":""254.1MiB / 122.8GiB""},{""name"":""lab-mysql"",""cpu"":""0.64%"",""mem"":""719.4MiB / 122.8GiB""},{""name"":""lab-woocommerce-mysql"",""cpu"":""2.27%"",""mem"":""509.3MiB / 122.8GiB""}]"
2026-09-10T13:10:38Z,4,95,3,47,0,2668009139,"[{""name"":""lab-worker-1"",""cpu"":""3.00%"",""mem"":""127MiB / 122.8GiB""},{""name"":""lab-api"",""cpu"":""0.00%"",""mem"":""155.2MiB / 122.8GiB""},{""name"":""lab-allegro-stub"",""cpu"":""0.05%"",""mem"":""20.32MiB / 122.8GiB""},{""name"":""lab-erli-stub"",""cpu"":""0.01%"",""mem"":""18.04MiB / 122.8GiB""},{""name"":""lab-eparagony-stub"",""cpu"":""0.01%"",""mem"":""20.36MiB / 122.8GiB""},{""name"":""lab-invoicing-stub"",""cpu"":""0.00%"",""mem"":""16.59MiB / 122.8GiB""},{""name"":""lab-shipping-stub"",""cpu"":""0.00%"",""mem"":""16.56MiB / 122.8GiB""},{""name"":""lab-eparagony-stub-tls"",""cpu"":""0.00%"",""mem"":""23.3MiB / 122.8GiB""},{""name"":""lab-erli-stub-tls"",""cpu"":""0.00%"",""mem"":""22.67MiB / 122.8GiB""},{""name"":""lab-wc-tls"",""cpu"":""0.04%"",""mem"":""27.39MiB / 122.8GiB""},{""name"":""lab-prestashop"",""cpu"":""0.00%"",""mem"":""131.6MiB / 122.8GiB""},{""name"":""lab-woocommerce"",""cpu"":""6.10%"",""mem"":""290.9MiB / 122.8GiB""},{""name"":""lab-redis"",""cpu"":""0.30%"",""mem"":""77.8MiB / 122.8GiB""},{""name"":""lab-postgres"",""cpu"":""2.15%"",""mem"":""254.1MiB / 122.8GiB""},{""name"":""lab-mysql"",""cpu"":""0.64%"",""mem"":""719.4MiB / 122.8GiB""},{""name"":""lab-woocommerce-mysql"",""cpu"":""6.06%"",""mem"":""509.3MiB / 122.8GiB""}]"
2026-09-10T13:10:42Z,3,94,2,47,0,2668009139,"[{""name"":""lab-worker-1"",""cpu"":""1.03%"",""mem"":""127MiB / 122.8GiB""},{""name"":""lab-api"",""cpu"":""0.01%"",""mem"":""155.2MiB / 122.8GiB""},{""name"":""lab-allegro-stub"",""cpu"":""0.01%"",""mem"":""20.31MiB / 122.8GiB""},{""name"":""lab-erli-stub"",""cpu"":""0.01%"",""mem"":""18.04MiB / 122.8GiB""},{""name"":""lab-eparagony-stub"",""cpu"":""3.09%"",""mem"":""20.36MiB / 122.8GiB""},{""name"":""lab-invoicing-stub"",""cpu"":""0.00%"",""mem"":""16.59MiB / 122.8GiB""},{""name"":""lab-shipping-stub"",""cpu"":""0.00%"",""mem"":""16.56MiB / 122.8GiB""},{""name"":""lab-eparagony-stub-tls"",""cpu"":""0.00%"",""mem"":""23.3MiB / 122.8GiB""},{""name"":""lab-erli-stub-tls"",""cpu"":""0.00%"",""mem"":""22.67MiB / 122.8GiB""},{""name"":""lab-wc-tls"",""cpu"":""0.05%"",""mem"":""27.39MiB / 122.8GiB""},{""name"":""lab-prestashop"",""cpu"":""0.00%"",""mem"":""131.6MiB / 122.8GiB""},{""name"":""lab-woocommerce"",""cpu"":""8.22%"",""mem"":""290.9MiB / 122.8GiB""},{""name"":""lab-redis"",""cpu"":""0.30%"",""mem"":""77.8MiB / 122.8GiB""},{""name"":""lab-postgres"",""cpu"":""0.96%"",""mem"":""254.1MiB / 122.8GiB""},{""name"":""lab-mysql"",""cpu"":""0.63%"",""mem"":""719.4MiB / 122.8GiB""},{""name"":""lab-woocommerce-mysql"",""cpu"":""4.00%"",""mem"":""509.3MiB / 122.8GiB""}]"
2026-09-10T13:10:42Z,3,94,2,47,0,2668009139,"[{""name"":""lab-worker-1"",""cpu"":""1.03%"",""mem"":""127MiB / 122.8GiB""},{""name"":""lab-api"",""cpu"":""0.01%"",""mem"":""155.2MiB / 122.8GiB""},{""name"":""lab-allegro-stub"",""cpu"":""0.01%"",""mem"":""20.31MiB / 122.8GiB""},{""name"":""lab-erli-stub"",""cpu"":""0.01%"",""mem"":""18.04MiB / 122.8GiB""},{""name"":""lab-eparagony-stub"",""cpu"":""3.09%"",""mem"":""20.36MiB / 122.8GiB""},{""name"":""lab-invoicing-stub"",""cpu"":""0.00%"",""mem"":""16.59MiB / 122.8GiB""},{""name"":""lab-shipping-stub"",""cpu"":""0.00%"",""mem"":""16.56MiB / 122.8GiB""},{""name"":""lab-eparagony-stub-tls"",""cpu"":""0.00%"",""mem"":""23.3MiB / 122.8GiB""},{""name"":""lab-erli-stub-tls"",""cpu"":""0.00%"",""mem"":""22.67MiB / 122.8GiB""},{""name"":""lab-wc-tls"",""cpu"":""0.05%"",""mem"":""27.39MiB / 122.8GiB""},{""name"":""lab-prestashop"",""cpu"":""0.00%"",""mem"":""131.6MiB / 122.8GiB""},{""name"":""lab-woocommerce"",""cpu"":""8.22%"",""mem"":""290.9MiB / 122.8GiB""},{""name"":""lab-redis"",""cpu"":""0.30%"",""mem"":""77.8MiB / 122.8GiB""},{""name"":""lab-postgres"",""cpu"":""0.96%"",""mem"":""254.1MiB / 122.8GiB""},{""name"":""lab-mysql"",""cpu"":""0.63%"",""mem"":""719.4MiB / 122.8GiB""},{""name"":""lab-woocommerce-mysql"",""cpu"":""4.10%"",""mem"":""509.3MiB / 122.8GiB""}]"
2026-09-10T13:10:46Z,4,94,1,47,0,2668009139,"[{""name"":""lab-worker-1"",""cpu"":""3.76%"",""mem"":""126.9MiB / 122.8GiB""},{""name"":""lab-api"",""cpu"":""0.36%"",""mem"":""155.3MiB / 122.8GiB""},{""name"":""lab-allegro-stub"",""cpu"":""0.07%"",""mem"":""20.32MiB / 122.8GiB""},{""name"":""lab-erli-stub"",""cpu"":""0.00%"",""mem"":""18.04MiB / 122.8GiB""},{""name"":""lab-eparagony-stub"",""cpu"":""0.00%"",""mem"":""20.36MiB / 122.8GiB""},{""name"":""lab-invoicing-stub"",""cpu"":""0.00%"",""mem"":""16.59MiB / 122.8GiB""},{""name"":""lab-shipping-stub"",""cpu"":""0.00%"",""mem"":""16.56MiB / 122.8GiB""},{""name"":""lab-eparagony-stub-tls"",""cpu"":""0.00%"",""mem"":""23.3MiB / 122.8GiB""},{""name"":""lab-erli-stub-tls"",""cpu"":""0.00%"",""mem"":""22.67MiB / 122.8GiB""},{""name"":""lab-wc-tls"",""cpu"":""0.05%"",""mem"":""27.39MiB / 122.8GiB""},{""name"":""lab-prestashop"",""cpu"":""0.01%"",""mem"":""133.6MiB / 122.8GiB""},{""name"":""lab-woocommerce"",""cpu"":""12.14%"",""mem"":""290.9MiB / 122.8GiB""},{""name"":""lab-redis"",""cpu"":""0.40%"",""mem"":""77.8MiB / 122.8GiB""},{""name"":""lab-postgres"",""cpu"":""2.54%"",""mem"":""254.2MiB / 122.8GiB""},{""name"":""lab-mysql"",""cpu"":""0.61%"",""mem"":""719.4MiB / 122.8GiB""},{""name"":""lab-woocommerce-mysql"",""cpu"":""9.33%"",""mem"":""509.3MiB / 122.8GiB""}]"
2026-09-10T13:10:46Z,4,94,1,47,0,2668009139,"[{""name"":""lab-worker-1"",""cpu"":""3.76%"",""mem"":""126.9MiB / 122.8GiB""},{""name"":""lab-api"",""cpu"":""0.36%"",""mem"":""155.3MiB / 122.8GiB""},{""name"":""lab-allegro-stub"",""cpu"":""0.07%"",""mem"":""20.32MiB / 122.8GiB""},{""name"":""lab-erli-stub"",""cpu"":""0.00%"",""mem"":""18.04MiB / 122.8GiB""},{""name"":""lab-eparagony-stub"",""cpu"":""0.00%"",""mem"":""20.36MiB / 122.8GiB""},{""name"":""lab-invoicing-stub"",""cpu"":""0.00%"",""mem"":""16.59MiB / 122.8GiB""},{""name"":""lab-shipping-stub"",""cpu"":""0.00%"",""mem"":""16.56MiB / 122.8GiB""},{""name"":""lab-eparagony-stub-tls"",""cpu"":""0.00%"",""mem"":""23.3MiB / 122.8GiB""},{""name"":""lab-erli-stub-tls"",""cpu"":""0.00%"",""mem"":""22.67MiB / 122.8GiB""},{""name"":""lab-wc-tls"",""cpu"":""0.05%"",""mem"":""27.39MiB / 122.8GiB""},{""name"":""lab-prestashop"",""cpu"":""0.01%"",""mem"":""133.6MiB / 122.8GiB""},{""name"":""lab-woocommerce"",""cpu"":""12.14%"",""mem"":""290.9MiB / 122.8GiB""},{""name"":""lab-redis"",""cpu"":""0.40%"",""mem"":""77.8MiB / 122.8GiB""},{""name"":""lab-postgres"",""cpu"":""2.54%"",""mem"":""254.2MiB / 122.8GiB""},{""name"":""lab-mysql"",""cpu"":""0.61%"",""mem"":""719.4MiB / 122.8GiB""},{""name"":""lab-woocommerce-mysql"",""cpu"":""9.33%"",""mem"":""509.3MiB / 122.8GiB""}]"
2026-09-10T13:10:50Z,4,92,2,47,0,2668017331,"[{""name"":""lab-worker-1"",""cpu"":""1.28%"",""mem"":""126.8MiB / 122.8GiB""},{""name"":""lab-api"",""cpu"":""0.01%"",""mem"":""155.3MiB / 122.8GiB""},{""name"":""lab-allegro-stub"",""cpu"":""2.97%"",""mem"":""20.31MiB / 122.8GiB""},{""name"":""lab-erli-stub"",""cpu"":""0.00%"",""mem"":""18.04MiB / 122.8GiB""},{""name"":""lab-eparagony-stub"",""cpu"":""0.00%"",""mem"":""20.36MiB / 122.8GiB""},{""name"":""lab-invoicing-stub"",""cpu"":""0.09%"",""mem"":""16.59MiB / 122.8GiB""},{""name"":""lab-shipping-stub"",""cpu"":""3.91%"",""mem"":""16.57MiB / 122.8GiB""},{""name"":""lab-eparagony-stub-tls"",""cpu"":""0.00%"",""mem"":""23.3MiB / 122.8GiB""},{""name"":""lab-erli-stub-tls"",""cpu"":""0.00%"",""mem"":""22.67MiB / 122.8GiB""},{""name"":""lab-wc-tls"",""cpu"":""0.08%"",""mem"":""27.39MiB / 122.8GiB""},{""name"":""lab-prestashop"",""cpu"":""0.01%"",""mem"":""133.6MiB / 122.8GiB""},{""name"":""lab-woocommerce"",""cpu"":""6.44%"",""mem"":""290.9MiB / 122.8GiB""},{""name"":""lab-redis"",""cpu"":""0.35%"",""mem"":""77.8MiB / 122.8GiB""},{""name"":""lab-postgres"",""cpu"":""0.57%"",""mem"":""250.8MiB / 122.8GiB""},{""name"":""lab-mysql"",""cpu"":""0.71%"",""mem"":""719.4MiB / 122.8GiB""},{""name"":""lab-woocommerce-mysql"",""cpu"":""2.81%"",""mem"":""509.3MiB / 122.8GiB""}]"
2026-09-10T13:10:50Z,4,92,2,47,0,2668017331,"[{""name"":""lab-worker-1"",""cpu"":""1.28%"",""mem"":""126.8MiB / 122.8GiB""},{""name"":""lab-api"",""cpu"":""0.01%"",""mem"":""155.3MiB / 122.8GiB""},{""name"":""lab-allegro-stub"",""cpu"":""2.97%"",""mem"":""20.31MiB / 122.8GiB""},{""name"":""lab-erli-stub"",""cpu"":""0.00%"",""mem"":""18.04MiB / 122.8GiB""},{""name"":""lab-eparagony-stub"",""cpu"":""0.00%"",""mem"":""20.36MiB / 122.8GiB""},{""name"":""lab-invoicing-stub"",""cpu"":""0.09%"",""mem"":""16.59MiB / 122.8GiB""},{""name"":""lab-shipping-stub"",""cpu"":""3.91%"",""mem"":""16.57MiB / 122.8GiB""},{""name"":""lab-eparagony-stub-tls"",""cpu"":""0.00%"",""mem"":""23.3MiB / 122.8GiB""},{""name"":""lab-erli-stub-tls"",""cpu"":""0.00%"",""mem"":""22.67MiB / 122.8GiB""},{""name"":""lab-wc-tls"",""cpu"":""0.08%"",""mem"":""27.39MiB / 122.8GiB""},{""name"":""lab-prestashop"",""cpu"":""0.01%"",""mem"":""133.6MiB / 122.8GiB""},{""name"":""lab-woocommerce"",""cpu"":""6.44%"",""mem"":""290.9MiB / 122.8GiB""},{""name"":""lab-redis"",""cpu"":""0.35%"",""mem"":""77.8MiB / 122.8GiB""},{""name"":""lab-postgres"",""cpu"":""0.57%"",""mem"":""250.8MiB / 122.8GiB""},{""name"":""lab-mysql"",""cpu"":""0.71%"",""mem"":""719.4MiB / 122.8GiB""},{""name"":""lab-woocommerce-mysql"",""cpu"":""5.22%"",""mem"":""509.3MiB / 122.8GiB""}]"
2026-09-10T13:10:53Z,4,92,2,47,0,2668017331,"[{""name"":""lab-worker-1"",""cpu"":""5.62%"",""mem"":""126.9MiB / 122.8GiB""},{""name"":""lab-api"",""cpu"":""0.00%"",""mem"":""155.3MiB / 122.8GiB""},{""name"":""lab-allegro-stub"",""cpu"":""0.03%"",""mem"":""20.31MiB / 122.8GiB""},{""name"":""lab-erli-stub"",""cpu"":""4.04%"",""mem"":""18.05MiB / 122.8GiB""},{""name"":""lab-eparagony-stub"",""cpu"":""0.01%"",""mem"":""20.38MiB / 122.8GiB""},{""name"":""lab-invoicing-stub"",""cpu"":""0.00%"",""mem"":""16.59MiB / 122.8GiB""},{""name"":""lab-shipping-stub"",""cpu"":""0.00%"",""mem"":""16.56MiB / 122.8GiB""},{""name"":""lab-eparagony-stub-tls"",""cpu"":""0.00%"",""mem"":""23.3MiB / 122.8GiB""},{""name"":""lab-erli-stub-tls"",""cpu"":""0.00%"",""mem"":""22.67MiB / 122.8GiB""},{""name"":""lab-wc-tls"",""cpu"":""0.07%"",""mem"":""27.39MiB / 122.8GiB""},{""name"":""lab-prestashop"",""cpu"":""1.43%"",""mem"":""135.6MiB / 122.8GiB""},{""name"":""lab-woocommerce"",""cpu"":""19.05%"",""mem"":""290.9MiB / 122.8GiB""},{""name"":""lab-redis"",""cpu"":""0.43%"",""mem"":""77.8MiB / 122.8GiB""},{""name"":""lab-postgres"",""cpu"":""8.44%"",""mem"":""250.9MiB / 122.8GiB""},{""name"":""lab-mysql"",""cpu"":""6.19%"",""mem"":""719.4MiB / 122.8GiB""},{""name"":""lab-woocommerce-mysql"",""cpu"":""22.17%"",""mem"":""509.3MiB / 122.8GiB""}]"
2026-09-10T13:10:53Z,4,91,2,47,0,2668017331,"[{""name"":""lab-worker-1"",""cpu"":""5.62%"",""mem"":""126.9MiB / 122.8GiB""},{""name"":""lab-api"",""cpu"":""0.00%"",""mem"":""155.3MiB / 122.8GiB""},{""name"":""lab-allegro-stub"",""cpu"":""0.03%"",""mem"":""20.31MiB / 122.8GiB""},{""name"":""lab-erli-stub"",""cpu"":""4.04%"",""mem"":""18.05MiB / 122.8GiB""},{""name"":""lab-eparagony-stub"",""cpu"":""0.01%"",""mem"":""20.38MiB / 122.8GiB""},{""name"":""lab-invoicing-stub"",""cpu"":""0.00%"",""mem"":""16.59MiB / 122.8GiB""},{""name"":""lab-shipping-stub"",""cpu"":""0.00%"",""mem"":""16.56MiB / 122.8GiB""},{""name"":""lab-eparagony-stub-tls"",""cpu"":""0.00%"",""mem"":""23.3MiB / 122.8GiB""},{""name"":""lab-erli-stub-tls"",""cpu"":""0.00%"",""mem"":""22.67MiB / 122.8GiB""},{""name"":""lab-wc-tls"",""cpu"":""0.07%"",""mem"":""27.39MiB / 122.8GiB""},{""name"":""lab-prestashop"",""cpu"":""1.43%"",""mem"":""135.6MiB / 122.8GiB""},{""name"":""lab-woocommerce"",""cpu"":""19.05%"",""mem"":""290.9MiB / 122.8GiB""},{""name"":""lab-redis"",""cpu"":""0.43%"",""mem"":""77.8MiB / 122.8GiB""},{""name"":""lab-postgres"",""cpu"":""8.44%"",""mem"":""250.9MiB / 122.8GiB""},{""name"":""lab-mysql"",""cpu"":""6.19%"",""mem"":""719.4MiB / 122.8GiB""},{""name"":""lab-woocommerce-mysql"",""cpu"":""22.17%"",""mem"":""509.3MiB / 122.8GiB""}]"
2026-09-10T13:10:57Z,3,89,2,47,0,2668017331,"[{""name"":""lab-worker-1"",""cpu"":""5.50%"",""mem"":""126.8MiB / 122.8GiB""},{""name"":""lab-api"",""cpu"":""0.01%"",""mem"":""155.3MiB / 122.8GiB""},{""name"":""lab-allegro-stub"",""cpu"":""0.13%"",""mem"":""20.32MiB / 122.8GiB""},{""name"":""lab-erli-stub"",""cpu"":""0.00%"",""mem"":""18.04MiB / 122.8GiB""},{""name"":""lab-eparagony-stub"",""cpu"":""0.01%"",""mem"":""20.36MiB / 122.8GiB""},{""name"":""lab-invoicing-stub"",""cpu"":""0.00%"",""mem"":""16.59MiB / 122.8GiB""},{""name"":""lab-shipping-stub"",""cpu"":""0.00%"",""mem"":""16.56MiB / 122.8GiB""},{""name"":""lab-eparagony-stub-tls"",""cpu"":""0.00%"",""mem"":""23.3MiB / 122.8GiB""},{""name"":""lab-erli-stub-tls"",""cpu"":""0.00%"",""mem"":""22.67MiB / 122.8GiB""},{""name"":""lab-wc-tls"",""cpu"":""0.06%"",""mem"":""27.39MiB / 122.8GiB""},{""name"":""lab-prestashop"",""cpu"":""0.01%"",""mem"":""135.6MiB / 122.8GiB""},{""name"":""lab-woocommerce"",""cpu"":""6.24%"",""mem"":""290.9MiB / 122.8GiB""},{""name"":""lab-redis"",""cpu"":""0.37%"",""mem"":""77.8MiB / 122.8GiB""},{""name"":""lab-postgres"",""cpu"":""2.83%"",""mem"":""250.9MiB / 122.8GiB""},{""name"":""lab-mysql"",""cpu"":""0.64%"",""mem"":""719.4MiB / 122.8GiB""},{""name"":""lab-woocommerce-mysql"",""cpu"":""7.07%"",""mem"":""509.3MiB / 122.8GiB""}]"
2026-09-10T13:10:57Z,3,89,2,47,0,2668017331,"[{""name"":""lab-worker-1"",""cpu"":""5.50%"",""mem"":""126.8MiB / 122.8GiB""},{""name"":""lab-api"",""cpu"":""0.01%"",""mem"":""155.3MiB / 122.8GiB""},{""name"":""lab-allegro-stub"",""cpu"":""0.13%"",""mem"":""20.32MiB / 122.8GiB""},{""name"":""lab-erli-stub"",""cpu"":""0.00%"",""mem"":""18.04MiB / 122.8GiB""},{""name"":""lab-eparagony-stub"",""cpu"":""0.01%"",""mem"":""20.36MiB / 122.8GiB""},{""name"":""lab-invoicing-stub"",""cpu"":""0.00%"",""mem"":""16.59MiB / 122.8GiB""},{""name"":""lab-shipping-stub"",""cpu"":""0.00%"",""mem"":""16.56MiB / 122.8GiB""},{""name"":""lab-eparagony-stub-tls"",""cpu"":""0.00%"",""mem"":""23.3MiB / 122.8GiB""},{""name"":""lab-erli-stub-tls"",""cpu"":""0.00%"",""mem"":""22.67MiB / 122.8GiB""},{""name"":""lab-wc-tls"",""cpu"":""0.06%"",""mem"":""27.39MiB / 122.8GiB""},{""name"":""lab-prestashop"",""cpu"":""0.01%"",""mem"":""135.6MiB / 122.8GiB""},{""name"":""lab-woocommerce"",""cpu"":""6.24%"",""mem"":""290.9MiB / 122.8GiB""},{""name"":""lab-redis"",""cpu"":""0.37%"",""mem"":""77.8MiB / 122.8GiB""},{""name"":""lab-postgres"",""cpu"":""2.83%"",""mem"":""250.9MiB / 122.8GiB""},{""name"":""lab-mysql"",""cpu"":""0.64%"",""mem"":""719.4MiB / 122.8GiB""},{""name"":""lab-woocommerce-mysql"",""cpu"":""7.07%"",""mem"":""509.3MiB / 122.8GiB""}]"
2026-09-10T13:11:00Z,4,87,2,47,0,2668017331,"[{""name"":""lab-worker-1"",""cpu"":""5.97%"",""mem"":""126.9MiB / 122.8GiB""},{""name"":""lab-api"",""cpu"":""0.00%"",""mem"":""155.3MiB / 122.8GiB""},{""name"":""lab-allegro-stub"",""cpu"":""0.02%"",""mem"":""20.31MiB / 122.8GiB""},{""name"":""lab-erli-stub"",""cpu"":""0.00%"",""mem"":""18.04MiB / 122.8GiB""},{""name"":""lab-eparagony-stub"",""cpu"":""0.00%"",""mem"":""20.36MiB / 122.8GiB""},{""name"":""lab-invoicing-stub"",""cpu"":""0.01%"",""mem"":""16.59MiB / 122.8GiB""},{""name"":""lab-shipping-stub"",""cpu"":""0.00%"",""mem"":""16.56MiB / 122.8GiB""},{""name"":""lab-eparagony-stub-tls"",""cpu"":""0.00%"",""mem"":""23.3MiB / 122.8GiB""},{""name"":""lab-erli-stub-tls"",""cpu"":""0.00%"",""mem"":""22.67MiB / 122.8GiB""},{""name"":""lab-wc-tls"",""cpu"":""0.09%"",""mem"":""27.39MiB / 122.8GiB""},{""name"":""lab-prestashop"",""cpu"":""1.14%"",""mem"":""135.6MiB / 122.8GiB""},{""name"":""lab-woocommerce"",""cpu"":""24.25%"",""mem"":""292.9MiB / 122.8GiB""},{""name"":""lab-redis"",""cpu"":""0.46%"",""mem"":""77.81MiB / 122.8GiB""},{""name"":""lab-postgres"",""cpu"":""5.85%"",""mem"":""254MiB / 122.8GiB""},{""name"":""lab-mysql"",""cpu"":""1.36%"",""mem"":""719.4MiB / 122.8GiB""},{""name"":""lab-woocommerce-mysql"",""cpu"":""18.83%"",""mem"":""509.3MiB / 122.8GiB""}]"
2026-09-10T13:11:00Z,4,87,2,47,0,2668017331,"[{""name"":""lab-worker-1"",""cpu"":""5.97%"",""mem"":""126.9MiB / 122.8GiB""},{""name"":""lab-api"",""cpu"":""0.00%"",""mem"":""155.3MiB / 122.8GiB""},{""name"":""lab-allegro-stub"",""cpu"":""0.02%"",""mem"":""20.31MiB / 122.8GiB""},{""name"":""lab-erli-stub"",""cpu"":""0.00%"",""mem"":""18.04MiB / 122.8GiB""},{""name"":""lab-eparagony-stub"",""cpu"":""0.00%"",""mem"":""20.36MiB / 122.8GiB""},{""name"":""lab-invoicing-stub"",""cpu"":""0.01%"",""mem"":""16.59MiB / 122.8GiB""},{""name"":""lab-shipping-stub"",""cpu"":""0.00%"",""mem"":""16.56MiB / 122.8GiB""},{""name"":""lab-eparagony-stub-tls"",""cpu"":""0.00%"",""mem"":""23.3MiB / 122.8GiB""},{""name"":""lab-erli-stub-tls"",""cpu"":""0.00%"",""mem"":""22.67MiB / 122.8GiB""},{""name"":""lab-wc-tls"",""cpu"":""0.09%"",""mem"":""27.39MiB / 122.8GiB""},{""name"":""lab-prestashop"",""cpu"":""1.14%"",""mem"":""135.6MiB / 122.8GiB""},{""name"":""lab-woocommerce"",""cpu"":""24.25%"",""mem"":""292.9MiB / 122.8GiB""},{""name"":""lab-redis"",""cpu"":""0.46%"",""mem"":""77.81MiB / 122.8GiB""},{""name"":""lab-postgres"",""cpu"":""5.85%"",""mem"":""254MiB / 122.8GiB""},{""name"":""lab-mysql"",""cpu"":""1.36%"",""mem"":""719.4MiB / 122.8GiB""},{""name"":""lab-woocommerce-mysql"",""cpu"":""18.83%"",""mem"":""509.3MiB / 122.8GiB""}]"
2026-09-10T13:11:04Z,3,85,2,47,0,2668017331,"[{""name"":""lab-worker-1"",""cpu"":""7.39%"",""mem"":""127.1MiB / 122.8GiB""},{""name"":""lab-api"",""cpu"":""0.00%"",""mem"":""155.3MiB / 122.8GiB""},{""name"":""lab-allegro-stub"",""cpu"":""3.93%"",""mem"":""20.33MiB / 122.8GiB""},{""name"":""lab-erli-stub"",""cpu"":""0.01%"",""mem"":""18.04MiB / 122.8GiB""},{""name"":""lab-eparagony-stub"",""cpu"":""0.00%"",""mem"":""20.36MiB / 122.8GiB""},{""name"":""lab-invoicing-stub"",""cpu"":""4.12%"",""mem"":""16.61MiB / 122.8GiB""},{""name"":""lab-shipping-stub"",""cpu"":""3.96%"",""mem"":""16.57MiB / 122.8GiB""},{""name"":""lab-eparagony-stub-tls"",""cpu"":""0.00%"",""mem"":""23.3MiB / 122.8GiB""},{""name"":""lab-erli-stub-tls"",""cpu"":""0.00%"",""mem"":""22.67MiB / 122.8GiB""},{""name"":""lab-wc-tls"",""cpu"":""0.04%"",""mem"":""27.39MiB / 122.8GiB""},{""name"":""lab-prestashop"",""cpu"":""1.10%"",""mem"":""135.6MiB / 122.8GiB""},{""name"":""lab-woocommerce"",""cpu"":""9.91%"",""mem"":""292.9MiB / 122.8GiB""},{""name"":""lab-redis"",""cpu"":""0.39%"",""mem"":""77.8MiB / 122.8GiB""},{""name"":""lab-postgres"",""cpu"":""4.95%"",""mem"":""254.3MiB / 122.8GiB""},{""name"":""lab-mysql"",""cpu"":""6.00%"",""mem"":""719.4MiB / 122.8GiB""},{""name"":""lab-woocommerce-mysql"",""cpu"":""22.33%"",""mem"":""509.3MiB / 122.8GiB""}]"
2026-09-10T13:11:04Z,3,85,2,47,0,2668017331,"[{""name"":""lab-worker-1"",""cpu"":""7.39%"",""mem"":""127.1MiB / 122.8GiB""},{""name"":""lab-api"",""cpu"":""0.00%"",""mem"":""155.3MiB / 122.8GiB""},{""name"":""lab-allegro-stub"",""cpu"":""3.93%"",""mem"":""20.33MiB / 122.8GiB""},{""name"":""lab-erli-stub"",""cpu"":""0.01%"",""mem"":""18.04MiB / 122.8GiB""},{""name"":""lab-eparagony-stub"",""cpu"":""0.00%"",""mem"":""20.36MiB / 122.8GiB""},{""name"":""lab-invoicing-stub"",""cpu"":""4.12%"",""mem"":""16.61MiB / 122.8GiB""},{""name"":""lab-shipping-stub"",""cpu"":""3.96%"",""mem"":""16.57MiB / 122.8GiB""},{""name"":""lab-eparagony-stub-tls"",""cpu"":""0.00%"",""mem"":""23.3MiB / 122.8GiB""},{""name"":""lab-erli-stub-tls"",""cpu"":""0.00%"",""mem"":""22.67MiB / 122.8GiB""},{""name"":""lab-wc-tls"",""cpu"":""0.04%"",""mem"":""27.39MiB / 122.8GiB""},{""name"":""lab-prestashop"",""cpu"":""1.10%"",""mem"":""135.6MiB / 122.8GiB""},{""name"":""lab-woocommerce"",""cpu"":""9.91%"",""mem"":""292.9MiB / 122.8GiB""},{""name"":""lab-redis"",""cpu"":""0.39%"",""mem"":""77.8MiB / 122.8GiB""},{""name"":""lab-postgres"",""cpu"":""4.95%"",""mem"":""254.3MiB / 122.8GiB""},{""name"":""lab-mysql"",""cpu"":""6.00%"",""mem"":""719.4MiB / 122.8GiB""},{""name"":""lab-woocommerce-mysql"",""cpu"":""6.19%"",""mem"":""509.4MiB / 122.8GiB""}]"
2026-09-10T13:11:08Z,4,83,2,47,0,2668017331,"[{""name"":""lab-worker-1"",""cpu"":""3.60%"",""mem"":""127.2MiB / 122.8GiB""},{""name"":""lab-api"",""cpu"":""0.01%"",""mem"":""155.3MiB / 122.8GiB""},{""name"":""lab-allegro-stub"",""cpu"":""0.06%"",""mem"":""20.32MiB / 122.8GiB""},{""name"":""lab-erli-stub"",""cpu"":""0.00%"",""mem"":""18.04MiB / 122.8GiB""},{""name"":""lab-eparagony-stub"",""cpu"":""4.00%"",""mem"":""20.4MiB / 122.8GiB""},{""name"":""lab-invoicing-stub"",""cpu"":""0.00%"",""mem"":""16.59MiB / 122.8GiB""},{""name"":""lab-shipping-stub"",""cpu"":""0.00%"",""mem"":""16.56MiB / 122.8GiB""},{""name"":""lab-eparagony-stub-tls"",""cpu"":""0.00%"",""mem"":""23.3MiB / 122.8GiB""},{""name"":""lab-erli-stub-tls"",""cpu"":""0.00%"",""mem"":""22.67MiB / 122.8GiB""},{""name"":""lab-wc-tls"",""cpu"":""0.03%"",""mem"":""27.39MiB / 122.8GiB""},{""name"":""lab-prestashop"",""cpu"":""0.01%"",""mem"":""133.6MiB / 122.8GiB""},{""name"":""lab-woocommerce"",""cpu"":""8.69%"",""mem"":""292.9MiB / 122.8GiB""},{""name"":""lab-redis"",""cpu"":""0.32%"",""mem"":""77.8MiB / 122.8GiB""},{""name"":""lab-postgres"",""cpu"":""2.86%"",""mem"":""254.6MiB / 122.8GiB""},{""name"":""lab-mysql"",""cpu"":""0.65%"",""mem"":""719.4MiB / 122.8GiB""},{""name"":""lab-woocommerce-mysql"",""cpu"":""15.55%"",""mem"":""509.4MiB / 122.8GiB""}]"
2026-09-10T13:11:08Z,4,83,2,47,0,2668017331,"[{""name"":""lab-worker-1"",""cpu"":""3.60%"",""mem"":""127.2MiB / 122.8GiB""},{""name"":""lab-api"",""cpu"":""0.01%"",""mem"":""155.3MiB / 122.8GiB""},{""name"":""lab-allegro-stub"",""cpu"":""0.06%"",""mem"":""20.32MiB / 122.8GiB""},{""name"":""lab-erli-stub"",""cpu"":""0.00%"",""mem"":""18.04MiB / 122.8GiB""},{""name"":""lab-eparagony-stub"",""cpu"":""4.00%"",""mem"":""20.4MiB / 122.8GiB""},{""name"":""lab-invoicing-stub"",""cpu"":""0.00%"",""mem"":""16.59MiB / 122.8GiB""},{""name"":""lab-shipping-stub"",""cpu"":""0.00%"",""mem"":""16.56MiB / 122.8GiB""},{""name"":""lab-eparagony-stub-tls"",""cpu"":""0.00%"",""mem"":""23.3MiB / 122.8GiB""},{""name"":""lab-erli-stub-tls"",""cpu"":""0.00%"",""mem"":""22.67MiB / 122.8GiB""},{""name"":""lab-wc-tls"",""cpu"":""0.03%"",""mem"":""27.39MiB / 122.8GiB""},{""name"":""lab-prestashop"",""cpu"":""0.01%"",""mem"":""133.6MiB / 122.8GiB""},{""name"":""lab-woocommerce"",""cpu"":""8.69%"",""mem"":""292.9MiB / 122.8GiB""},{""name"":""lab-redis"",""cpu"":""0.32%"",""mem"":""77.8MiB / 122.8GiB""},{""name"":""lab-postgres"",""cpu"":""2.86%"",""mem"":""254.6MiB / 122.8GiB""},{""name"":""lab-mysql"",""cpu"":""0.65%"",""mem"":""719.4MiB / 122.8GiB""},{""name"":""lab-woocommerce-mysql"",""cpu"":""13.51%"",""mem"":""509.4MiB / 122.8GiB""}]"
2026-09-10T13:11:11Z,4,81,1,47,0,2668017331,"[{""name"":""lab-worker-1"",""cpu"":""3.54%"",""mem"":""127.3MiB / 122.8GiB""},{""name"":""lab-api"",""cpu"":""0.00%"",""mem"":""155.3MiB / 122.8GiB""},{""name"":""lab-allegro-stub"",""cpu"":""0.05%"",""mem"":""20.32MiB / 122.8GiB""},{""name"":""lab-erli-stub"",""cpu"":""0.00%"",""mem"":""18.04MiB / 122.8GiB""},{""name"":""lab-eparagony-stub"",""cpu"":""0.00%"",""mem"":""20.36MiB / 122.8GiB""},{""name"":""lab-invoicing-stub"",""cpu"":""0.00%"",""mem"":""16.59MiB / 122.8GiB""},{""name"":""lab-shipping-stub"",""cpu"":""0.00%"",""mem"":""16.56MiB / 122.8GiB""},{""name"":""lab-eparagony-stub-tls"",""cpu"":""0.00%"",""mem"":""23.3MiB / 122.8GiB""},{""name"":""lab-erli-stub-tls"",""cpu"":""0.00%"",""mem"":""22.67MiB / 122.8GiB""},{""name"":""lab-wc-tls"",""cpu"":""0.05%"",""mem"":""27.39MiB / 122.8GiB""},{""name"":""lab-prestashop"",""cpu"":""0.01%"",""mem"":""135.6MiB / 122.8GiB""},{""name"":""lab-woocommerce"",""cpu"":""5.33%"",""mem"":""290.9MiB / 122.8GiB""},{""name"":""lab-redis"",""cpu"":""0.38%"",""mem"":""77.8MiB / 122.8GiB""},{""name"":""lab-postgres"",""cpu"":""2.61%"",""mem"":""250.9MiB / 122.8GiB""},{""name"":""lab-mysql"",""cpu"":""0.65%"",""mem"":""719.4MiB / 122.8GiB""},{""name"":""lab-woocommerce-mysql"",""cpu"":""2.48%"",""mem"":""509.4MiB / 122.8GiB""}]"
2026-09-10T13:11:11Z,4,81,1,47,0,2668017331,"[{""name"":""lab-worker-1"",""cpu"":""3.54%"",""mem"":""127.3MiB / 122.8GiB""},{""name"":""lab-api"",""cpu"":""0.00%"",""mem"":""155.3MiB / 122.8GiB""},{""name"":""lab-allegro-stub"",""cpu"":""0.05%"",""mem"":""20.32MiB / 122.8GiB""},{""name"":""lab-erli-stub"",""cpu"":""0.00%"",""mem"":""18.04MiB / 122.8GiB""},{""name"":""lab-eparagony-stub"",""cpu"":""0.00%"",""mem"":""20.36MiB / 122.8GiB""},{""name"":""lab-invoicing-stub"",""cpu"":""0.00%"",""mem"":""16.59MiB / 122.8GiB""},{""name"":""lab-shipping-stub"",""cpu"":""0.00%"",""mem"":""16.56MiB / 122.8GiB""},{""name"":""lab-eparagony-stub-tls"",""cpu"":""0.00%"",""mem"":""23.3MiB / 122.8GiB""},{""name"":""lab-erli-stub-tls"",""cpu"":""0.00%"",""mem"":""22.67MiB / 122.8GiB""},{""name"":""lab-wc-tls"",""cpu"":""0.05%"",""mem"":""27.39MiB / 122.8GiB""},{""name"":""lab-prestashop"",""cpu"":""0.01%"",""mem"":""135.6MiB / 122.8GiB""},{""name"":""lab-woocommerce"",""cpu"":""5.33%"",""mem"":""290.9MiB / 122.8GiB""},{""name"":""lab-redis"",""cpu"":""0.38%"",""mem"":""77.8MiB / 122.8GiB""},{""name"":""lab-postgres"",""cpu"":""2.61%"",""mem"":""250.9MiB / 122.8GiB""},{""name"":""lab-mysql"",""cpu"":""0.65%"",""mem"":""719.4MiB / 122.8GiB""},{""name"":""lab-woocommerce-mysql"",""cpu"":""2.48%"",""mem"":""509.4MiB / 122.8GiB""}]"
2026-09-10T13:11:15Z,3,80,2,47,0,2668017331,"[{""name"":""lab-worker-1"",""cpu"":""0.69%"",""mem"":""127.3MiB / 122.8GiB""},{""name"":""lab-api"",""cpu"":""0.00%"",""mem"":""155.3MiB / 122.8GiB""},{""name"":""lab-allegro-stub"",""cpu"":""4.13%"",""mem"":""20.32MiB / 122.8GiB""},{""name"":""lab-erli-stub"",""cpu"":""0.00%"",""mem"":""18.04MiB / 122.8GiB""},{""name"":""lab-eparagony-stub"",""cpu"":""0.00%"",""mem"":""20.36MiB / 122.8GiB""},{""name"":""lab-invoicing-stub"",""cpu"":""3.67%"",""mem"":""16.59MiB / 122.8GiB""},{""name"":""lab-shipping-stub"",""cpu"":""3.71%"",""mem"":""16.57MiB / 122.8GiB""},{""name"":""lab-eparagony-stub-tls"",""cpu"":""0.00%"",""mem"":""23.3MiB / 122.8GiB""},{""name"":""lab-erli-stub-tls"",""cpu"":""0.00%"",""mem"":""22.67MiB / 122.8GiB""},{""name"":""lab-wc-tls"",""cpu"":""0.03%"",""mem"":""27.39MiB / 122.8GiB""},{""name"":""lab-prestashop"",""cpu"":""0.01%"",""mem"":""135.6MiB / 122.8GiB""},{""name"":""lab-woocommerce"",""cpu"":""14.54%"",""mem"":""290.9MiB / 122.8GiB""},{""name"":""lab-redis"",""cpu"":""0.38%"",""mem"":""77.81MiB / 122.8GiB""},{""name"":""lab-postgres"",""cpu"":""0.38%"",""mem"":""250.9MiB / 122.8GiB""},{""name"":""lab-mysql"",""cpu"":""0.65%"",""mem"":""719.4MiB / 122.8GiB""},{""name"":""lab-woocommerce-mysql"",""cpu"":""5.04%"",""mem"":""509.4MiB / 122.8GiB""}]"
2026-09-10T13:11:15Z,3,80,2,47,0,2668017331,"[{""name"":""lab-worker-1"",""cpu"":""0.69%"",""mem"":""127.3MiB / 122.8GiB""},{""name"":""lab-api"",""cpu"":""0.00%"",""mem"":""155.3MiB / 122.8GiB""},{""name"":""lab-allegro-stub"",""cpu"":""4.13%"",""mem"":""20.32MiB / 122.8GiB""},{""name"":""lab-erli-stub"",""cpu"":""0.00%"",""mem"":""18.04MiB / 122.8GiB""},{""name"":""lab-eparagony-stub"",""cpu"":""0.00%"",""mem"":""20.36MiB / 122.8GiB""},{""name"":""lab-invoicing-stub"",""cpu"":""3.67%"",""mem"":""16.59MiB / 122.8GiB""},{""name"":""lab-shipping-stub"",""cpu"":""3.71%"",""mem"":""16.57MiB / 122.8GiB""},{""name"":""lab-eparagony-stub-tls"",""cpu"":""0.00%"",""mem"":""23.3MiB / 122.8GiB""},{""name"":""lab-erli-stub-tls"",""cpu"":""0.00%"",""mem"":""22.67MiB / 122.8GiB""},{""name"":""lab-wc-tls"",""cpu"":""0.03%"",""mem"":""27.39MiB / 122.8GiB""},{""name"":""lab-prestashop"",""cpu"":""0.01%"",""mem"":""135.6MiB / 122.8GiB""},{""name"":""lab-woocommerce"",""cpu"":""14.54%"",""mem"":""290.9MiB / 122.8GiB""},{""name"":""lab-redis"",""cpu"":""0.38%"",""mem"":""77.81MiB / 122.8GiB""},{""name"":""lab-postgres"",""cpu"":""0.38%"",""mem"":""250.9MiB / 122.8GiB""},{""name"":""lab-mysql"",""cpu"":""0.65%"",""mem"":""719.4MiB / 122.8GiB""},{""name"":""lab-woocommerce-mysql"",""cpu"":""22.22%"",""mem"":""509.4MiB / 122.8GiB""}]"
2026-09-10T13:11:18Z,4,80,2,47,0,2668025523,"[{""name"":""lab-worker-1"",""cpu"":""4.57%"",""mem"":""127.7MiB / 122.8GiB""},{""name"":""lab-api"",""cpu"":""0.00%"",""mem"":""155.3MiB / 122.8GiB""},{""name"":""lab-allegro-stub"",""cpu"":""0.02%"",""mem"":""20.32MiB / 122.8GiB""},{""name"":""lab-erli-stub"",""cpu"":""3.94%"",""mem"":""18.05MiB / 122.8GiB""},{""name"":""lab-eparagony-stub"",""cpu"":""4.19%"",""mem"":""20.37MiB / 122.8GiB""},{""name"":""lab-invoicing-stub"",""cpu"":""0.00%"",""mem"":""16.59MiB / 122.8GiB""},{""name"":""lab-shipping-stub"",""cpu"":""0.00%"",""mem"":""16.56MiB / 122.8GiB""},{""name"":""lab-eparagony-stub-tls"",""cpu"":""0.00%"",""mem"":""23.3MiB / 122.8GiB""},{""name"":""lab-erli-stub-tls"",""cpu"":""0.00%"",""mem"":""22.67MiB / 122.8GiB""},{""name"":""lab-wc-tls"",""cpu"":""0.07%"",""mem"":""27.39MiB / 122.8GiB""},{""name"":""lab-prestashop"",""cpu"":""1.60%"",""mem"":""135.6MiB / 122.8GiB""},{""name"":""lab-woocommerce"",""cpu"":""16.82%"",""mem"":""290.9MiB / 122.8GiB""},{""name"":""lab-redis"",""cpu"":""0.45%"",""mem"":""78.06MiB / 122.8GiB""},{""name"":""lab-postgres"",""cpu"":""4.96%"",""mem"":""254.3MiB / 122.8GiB""},{""name"":""lab-mysql"",""cpu"":""1.82%"",""mem"":""719.4MiB / 122.8GiB""},{""name"":""lab-woocommerce-mysql"",""cpu"":""20.34%"",""mem"":""509.4MiB / 122.8GiB""}]"
2026-09-10T13:11:18Z,4,80,2,47,0,2668025523,"[{""name"":""lab-worker-1"",""cpu"":""4.57%"",""mem"":""127.7MiB / 122.8GiB""},{""name"":""lab-api"",""cpu"":""0.00%"",""mem"":""155.3MiB / 122.8GiB""},{""name"":""lab-allegro-stub"",""cpu"":""0.02%"",""mem"":""20.32MiB / 122.8GiB""},{""name"":""lab-erli-stub"",""cpu"":""3.94%"",""mem"":""18.05MiB / 122.8GiB""},{""name"":""lab-eparagony-stub"",""cpu"":""4.19%"",""mem"":""20.37MiB / 122.8GiB""},{""name"":""lab-invoicing-stub"",""cpu"":""0.00%"",""mem"":""16.59MiB / 122.8GiB""},{""name"":""lab-shipping-stub"",""cpu"":""0.00%"",""mem"":""16.56MiB / 122.8GiB""},{""name"":""lab-eparagony-stub-tls"",""cpu"":""0.00%"",""mem"":""23.3MiB / 122.8GiB""},{""name"":""lab-erli-stub-tls"",""cpu"":""0.00%"",""mem"":""22.67MiB / 122.8GiB""},{""name"":""lab-wc-tls"",""cpu"":""0.07%"",""mem"":""27.39MiB / 122.8GiB""},{""name"":""lab-prestashop"",""cpu"":""1.60%"",""mem"":""135.6MiB / 122.8GiB""},{""name"":""lab-woocommerce"",""cpu"":""16.82%"",""mem"":""290.9MiB / 122.8GiB""},{""name"":""lab-redis"",""cpu"":""0.45%"",""mem"":""78.06MiB / 122.8GiB""},{""name"":""lab-postgres"",""cpu"":""4.96%"",""mem"":""254.3MiB / 122.8GiB""},{""name"":""lab-mysql"",""cpu"":""1.82%"",""mem"":""719.4MiB / 122.8GiB""},{""name"":""lab-woocommerce-mysql"",""cpu"":""20.34%"",""mem"":""509.4MiB / 122.8GiB""}]"
2026-09-10T13:11:22Z,3,77,2,47,0,2668025523,"[{""name"":""lab-worker-1"",""cpu"":""5.41%"",""mem"":""128MiB / 122.8GiB""},{""name"":""lab-api"",""cpu"":""0.01%"",""mem"":""155.3MiB / 122.8GiB""},{""name"":""lab-allegro-stub"",""cpu"":""0.03%"",""mem"":""20.32MiB / 122.8GiB""},{""name"":""lab-erli-stub"",""cpu"":""0.00%"",""mem"":""18.04MiB / 122.8GiB""},{""name"":""lab-eparagony-stub"",""cpu"":""3.19%"",""mem"":""20.5MiB / 122.8GiB""},{""name"":""lab-invoicing-stub"",""cpu"":""0.00%"",""mem"":""16.59MiB / 122.8GiB""},{""name"":""lab-shipping-stub"",""cpu"":""0.00%"",""mem"":""16.56MiB / 122.8GiB""},{""name"":""lab-eparagony-stub-tls"",""cpu"":""0.00%"",""mem"":""23.3MiB / 122.8GiB""},{""name"":""lab-erli-stub-tls"",""cpu"":""0.00%"",""mem"":""22.67MiB / 122.8GiB""},{""name"":""lab-wc-tls"",""cpu"":""0.04%"",""mem"":""27.39MiB / 122.8GiB""},{""name"":""lab-prestashop"",""cpu"":""1.20%"",""mem"":""135.6MiB / 122.8GiB""},{""name"":""lab-woocommerce"",""cpu"":""7.48%"",""mem"":""288.9MiB / 122.8GiB""},{""name"":""lab-redis"",""cpu"":""0.32%"",""mem"":""77.81MiB / 122.8GiB""},{""name"":""lab-postgres"",""cpu"":""2.20%"",""mem"":""254.2MiB / 122.8GiB""},{""name"":""lab-mysql"",""cpu"":""1.58%"",""mem"":""719.4MiB / 122.8GiB""},{""name"":""lab-woocommerce-mysql"",""cpu"":""4.23%"",""mem"":""509.4MiB / 122.8GiB""}]"
2026-09-10T13:11:22Z,3,77,2,47,0,2668025523,"[{""name"":""lab-worker-1"",""cpu"":""5.41%"",""mem"":""128MiB / 122.8GiB""},{""name"":""lab-api"",""cpu"":""0.01%"",""mem"":""155.3MiB / 122.8GiB""},{""name"":""lab-allegro-stub"",""cpu"":""0.03%"",""mem"":""20.32MiB / 122.8GiB""},{""name"":""lab-erli-stub"",""cpu"":""0.00%"",""mem"":""18.04MiB / 122.8GiB""},{""name"":""lab-eparagony-stub"",""cpu"":""3.19%"",""mem"":""20.5MiB / 122.8GiB""},{""name"":""lab-invoicing-stub"",""cpu"":""0.00%"",""mem"":""16.59MiB / 122.8GiB""},{""name"":""lab-shipping-stub"",""cpu"":""0.00%"",""mem"":""16.56MiB / 122.8GiB""},{""name"":""lab-eparagony-stub-tls"",""cpu"":""0.00%"",""mem"":""23.3MiB / 122.8GiB""},{""name"":""lab-erli-stub-tls"",""cpu"":""0.00%"",""mem"":""22.67MiB / 122.8GiB""},{""name"":""lab-wc-tls"",""cpu"":""0.04%"",""mem"":""27.39MiB / 122.8GiB""},{""name"":""lab-prestashop"",""cpu"":""1.20%"",""mem"":""135.6MiB / 122.8GiB""},{""name"":""lab-woocommerce"",""cpu"":""7.48%"",""mem"":""288.9MiB / 122.8GiB""},{""name"":""lab-redis"",""cpu"":""0.32%"",""mem"":""77.81MiB / 122.8GiB""},{""name"":""lab-postgres"",""cpu"":""2.20%"",""mem"":""254.2MiB / 122.8GiB""},{""name"":""lab-mysql"",""cpu"":""1.58%"",""mem"":""719.4MiB / 122.8GiB""},{""name"":""lab-woocommerce-mysql"",""cpu"":""4.23%"",""mem"":""509.4MiB / 122.8GiB""}]"
2026-09-10T13:11:26Z,4,75,2,47,0,2668025523,"[{""name"":""lab-worker-1"",""cpu"":""8.22%"",""mem"":""128.2MiB / 122.8GiB""},{""name"":""lab-api"",""cpu"":""0.56%"",""mem"":""155.5MiB / 122.8GiB""},{""name"":""lab-allegro-stub"",""cpu"":""0.07%"",""mem"":""20.32MiB / 122.8GiB""},{""name"":""lab-erli-stub"",""cpu"":""0.00%"",""mem"":""18.04MiB / 122.8GiB""},{""name"":""lab-eparagony-stub"",""cpu"":""0.00%"",""mem"":""20.36MiB / 122.8GiB""},{""name"":""lab-invoicing-stub"",""cpu"":""0.01%"",""mem"":""16.59MiB / 122.8GiB""},{""name"":""lab-shipping-stub"",""cpu"":""0.01%"",""mem"":""16.56MiB / 122.8GiB""},{""name"":""lab-eparagony-stub-tls"",""cpu"":""0.00%"",""mem"":""23.3MiB / 122.8GiB""},{""name"":""lab-erli-stub-tls"",""cpu"":""0.00%"",""mem"":""22.67MiB / 122.8GiB""},{""name"":""lab-wc-tls"",""cpu"":""0.05%"",""mem"":""27.39MiB / 122.8GiB""},{""name"":""lab-prestashop"",""cpu"":""1.16%"",""mem"":""135.6MiB / 122.8GiB""},{""name"":""lab-woocommerce"",""cpu"":""10.58%"",""mem"":""292.9MiB / 122.8GiB""},{""name"":""lab-redis"",""cpu"":""0.56%"",""mem"":""77.81MiB / 122.8GiB""},{""name"":""lab-postgres"",""cpu"":""7.49%"",""mem"":""254.3MiB / 122.8GiB""},{""name"":""lab-mysql"",""cpu"":""1.89%"",""mem"":""719.4MiB / 122.8GiB""},{""name"":""lab-woocommerce-mysql"",""cpu"":""9.64%"",""mem"":""509.5MiB / 122.8GiB""}]"
2026-09-10T13:11:26Z,4,75,2,47,0,2668025523,"[{""name"":""lab-worker-1"",""cpu"":""8.22%"",""mem"":""128.2MiB / 122.8GiB""},{""name"":""lab-api"",""cpu"":""0.56%"",""mem"":""155.5MiB / 122.8GiB""},{""name"":""lab-allegro-stub"",""cpu"":""0.07%"",""mem"":""20.32MiB / 122.8GiB""},{""name"":""lab-erli-stub"",""cpu"":""0.00%"",""mem"":""18.04MiB / 122.8GiB""},{""name"":""lab-eparagony-stub"",""cpu"":""0.00%"",""mem"":""20.36MiB / 122.8GiB""},{""name"":""lab-invoicing-stub"",""cpu"":""0.01%"",""mem"":""16.59MiB / 122.8GiB""},{""name"":""lab-shipping-stub"",""cpu"":""0.01%"",""mem"":""16.56MiB / 122.8GiB""},{""name"":""lab-eparagony-stub-tls"",""cpu"":""0.00%"",""mem"":""23.3MiB / 122.8GiB""},{""name"":""lab-erli-stub-tls"",""cpu"":""0.00%"",""mem"":""22.67MiB / 122.8GiB""},{""name"":""lab-wc-tls"",""cpu"":""0.05%"",""mem"":""27.39MiB / 122.8GiB""},{""name"":""lab-prestashop"",""cpu"":""1.16%"",""mem"":""135.6MiB / 122.8GiB""},{""name"":""lab-woocommerce"",""cpu"":""10.58%"",""mem"":""292.9MiB / 122.8GiB""},{""name"":""lab-redis"",""cpu"":""0.56%"",""mem"":""77.81MiB / 122.8GiB""},{""name"":""lab-postgres"",""cpu"":""7.49%"",""mem"":""254.3MiB / 122.8GiB""},{""name"":""lab-mysql"",""cpu"":""1.89%"",""mem"":""719.4MiB / 122.8GiB""},{""name"":""lab-woocommerce-mysql"",""cpu"":""9.64%"",""mem"":""509.5MiB / 122.8GiB""}]"
2026-09-10T13:11:30Z,4,74,2,47,0,2668033715,"[{""name"":""lab-worker-1"",""cpu"":""2.08%"",""mem"":""128.4MiB / 122.8GiB""},{""name"":""lab-api"",""cpu"":""0.00%"",""mem"":""155.5MiB / 122.8GiB""},{""name"":""lab-allegro-stub"",""cpu"":""3.12%"",""mem"":""20.32MiB / 122.8GiB""},{""name"":""lab-erli-stub"",""cpu"":""0.00%"",""mem"":""18.04MiB / 122.8GiB""},{""name"":""lab-eparagony-stub"",""cpu"":""0.00%"",""mem"":""20.36MiB / 122.8GiB""},{""name"":""lab-invoicing-stub"",""cpu"":""3.06%"",""mem"":""16.59MiB / 122.8GiB""},{""name"":""lab-shipping-stub"",""cpu"":""2.88%"",""mem"":""16.56MiB / 122.8GiB""},{""name"":""lab-eparagony-stub-tls"",""cpu"":""0.00%"",""mem"":""23.3MiB / 122.8GiB""},{""name"":""lab-erli-stub-tls"",""cpu"":""0.00%"",""mem"":""22.67MiB / 122.8GiB""},{""name"":""lab-wc-tls"",""cpu"":""0.19%"",""mem"":""27.82MiB / 122.8GiB""},{""name"":""lab-prestashop"",""cpu"":""0.00%"",""mem"":""135.6MiB / 122.8GiB""},{""name"":""lab-woocommerce"",""cpu"":""38.62%"",""mem"":""291.1MiB / 122.8GiB""},{""name"":""lab-redis"",""cpu"":""0.33%"",""mem"":""77.82MiB / 122.8GiB""},{""name"":""lab-postgres"",""cpu"":""1.13%"",""mem"":""254.3MiB / 122.8GiB""},{""name"":""lab-mysql"",""cpu"":""0.57%"",""mem"":""719.4MiB / 122.8GiB""},{""name"":""lab-woocommerce-mysql"",""cpu"":""49.72%"",""mem"":""509.5MiB / 122.8GiB""}]"
2026-09-10T13:11:30Z,4,74,2,47,0,2668033715,"[{""name"":""lab-worker-1"",""cpu"":""2.08%"",""mem"":""128.4MiB / 122.8GiB""},{""name"":""lab-api"",""cpu"":""0.00%"",""mem"":""155.5MiB / 122.8GiB""},{""name"":""lab-allegro-stub"",""cpu"":""3.12%"",""mem"":""20.32MiB / 122.8GiB""},{""name"":""lab-erli-stub"",""cpu"":""0.00%"",""mem"":""18.04MiB / 122.8GiB""},{""name"":""lab-eparagony-stub"",""cpu"":""0.00%"",""mem"":""20.36MiB / 122.8GiB""},{""name"":""lab-invoicing-stub"",""cpu"":""3.06%"",""mem"":""16.59MiB / 122.8GiB""},{""name"":""lab-shipping-stub"",""cpu"":""2.88%"",""mem"":""16.56MiB / 122.8GiB""},{""name"":""lab-eparagony-stub-tls"",""cpu"":""0.00%"",""mem"":""23.3MiB / 122.8GiB""},{""name"":""lab-erli-stub-tls"",""cpu"":""0.00%"",""mem"":""22.67MiB / 122.8GiB""},{""name"":""lab-wc-tls"",""cpu"":""0.19%"",""mem"":""27.82MiB / 122.8GiB""},{""name"":""lab-prestashop"",""cpu"":""0.00%"",""mem"":""135.6MiB / 122.8GiB""},{""name"":""lab-woocommerce"",""cpu"":""38.62%"",""mem"":""291.1MiB / 122.8GiB""},{""name"":""lab-redis"",""cpu"":""0.33%"",""mem"":""77.82MiB / 122.8GiB""},{""name"":""lab-postgres"",""cpu"":""1.13%"",""mem"":""254.3MiB / 122.8GiB""},{""name"":""lab-mysql"",""cpu"":""0.57%"",""mem"":""719.4MiB / 122.8GiB""},{""name"":""lab-woocommerce-mysql"",""cpu"":""7.75%"",""mem"":""509.5MiB / 122.8GiB""}]"
2026-09-10T13:11:33Z,4,72,2,47,0,2668033715,"[{""name"":""lab-worker-1"",""cpu"":""7.33%"",""mem"":""129.1MiB / 122.8GiB""},{""name"":""lab-api"",""cpu"":""0.00%"",""mem"":""155.5MiB / 122.8GiB""},{""name"":""lab-allegro-stub"",""cpu"":""0.04%"",""mem"":""20.32MiB / 122.8GiB""},{""name"":""lab-erli-stub"",""cpu"":""2.86%"",""mem"":""18.04MiB / 122.8GiB""},{""name"":""lab-eparagony-stub"",""cpu"":""2.72%"",""mem"":""20.36MiB / 122.8GiB""},{""name"":""lab-invoicing-stub"",""cpu"":""0.00%"",""mem"":""16.59MiB / 122.8GiB""},{""name"":""lab-shipping-stub"",""cpu"":""0.00%"",""mem"":""16.56MiB / 122.8GiB""},{""name"":""lab-eparagony-stub-tls"",""cpu"":""0.00%"",""mem"":""23.3MiB / 122.8GiB""},{""name"":""lab-erli-stub-tls"",""cpu"":""0.00%"",""mem"":""22.67MiB / 122.8GiB""},{""name"":""lab-wc-tls"",""cpu"":""0.06%"",""mem"":""27.83MiB / 122.8GiB""},{""name"":""lab-prestashop"",""cpu"":""1.33%"",""mem"":""137.6MiB / 122.8GiB""},{""name"":""lab-woocommerce"",""cpu"":""18.60%"",""mem"":""293.1MiB / 122.8GiB""},{""name"":""lab-redis"",""cpu"":""0.37%"",""mem"":""77.82MiB / 122.8GiB""},{""name"":""lab-postgres"",""cpu"":""7.46%"",""mem"":""254.3MiB / 122.8GiB""},{""name"":""lab-mysql"",""cpu"":""5.56%"",""mem"":""719.4MiB / 122.8GiB""},{""name"":""lab-woocommerce-mysql"",""cpu"":""15.59%"",""mem"":""509.5MiB / 122.8GiB""}]"
2026-09-10T13:11:33Z,4,72,2,47,0,2668033715,"[{""name"":""lab-worker-1"",""cpu"":""7.33%"",""mem"":""129.1MiB / 122.8GiB""},{""name"":""lab-api"",""cpu"":""0.00%"",""mem"":""155.5MiB / 122.8GiB""},{""name"":""lab-allegro-stub"",""cpu"":""0.04%"",""mem"":""20.32MiB / 122.8GiB""},{""name"":""lab-erli-stub"",""cpu"":""2.86%"",""mem"":""18.04MiB / 122.8GiB""},{""name"":""lab-eparagony-stub"",""cpu"":""2.72%"",""mem"":""20.36MiB / 122.8GiB""},{""name"":""lab-invoicing-stub"",""cpu"":""0.00%"",""mem"":""16.59MiB / 122.8GiB""},{""name"":""lab-shipping-stub"",""cpu"":""0.00%"",""mem"":""16.56MiB / 122.8GiB""},{""name"":""lab-eparagony-stub-tls"",""cpu"":""0.00%"",""mem"":""23.3MiB / 122.8GiB""},{""name"":""lab-erli-stub-tls"",""cpu"":""0.00%"",""mem"":""22.67MiB / 122.8GiB""},{""name"":""lab-wc-tls"",""cpu"":""0.06%"",""mem"":""27.83MiB / 122.8GiB""},{""name"":""lab-prestashop"",""cpu"":""1.33%"",""mem"":""137.6MiB / 122.8GiB""},{""name"":""lab-woocommerce"",""cpu"":""18.60%"",""mem"":""293.1MiB / 122.8GiB""},{""name"":""lab-redis"",""cpu"":""0.37%"",""mem"":""77.82MiB / 122.8GiB""},{""name"":""lab-postgres"",""cpu"":""7.46%"",""mem"":""254.3MiB / 122.8GiB""},{""name"":""lab-mysql"",""cpu"":""5.56%"",""mem"":""719.4MiB / 122.8GiB""},{""name"":""lab-woocommerce-mysql"",""cpu"":""15.59%"",""mem"":""509.5MiB / 122.8GiB""}]"
2026-09-10T13:11:37Z,3,70,2,47,0,2668033715,"[{""name"":""lab-worker-1"",""cpu"":""5.13%"",""mem"":""128.9MiB / 122.8GiB""},{""name"":""lab-api"",""cpu"":""0.29%"",""mem"":""155.6MiB / 122.8GiB""},{""name"":""lab-allegro-stub"",""cpu"":""0.09%"",""mem"":""20.32MiB / 122.8GiB""},{""name"":""lab-erli-stub"",""cpu"":""0.00%"",""mem"":""18.04MiB / 122.8GiB""},{""name"":""lab-eparagony-stub"",""cpu"":""0.00%"",""mem"":""20.36MiB / 122.8GiB""},{""name"":""lab-invoicing-stub"",""cpu"":""0.00%"",""mem"":""16.59MiB / 122.8GiB""},{""name"":""lab-shipping-stub"",""cpu"":""0.00%"",""mem"":""16.56MiB / 122.8GiB""},{""name"":""lab-eparagony-stub-tls"",""cpu"":""0.00%"",""mem"":""23.3MiB / 122.8GiB""},{""name"":""lab-erli-stub-tls"",""cpu"":""0.00%"",""mem"":""22.67MiB / 122.8GiB""},{""name"":""lab-wc-tls"",""cpu"":""0.07%"",""mem"":""27.8MiB / 122.8GiB""},{""name"":""lab-prestashop"",""cpu"":""5.45%"",""mem"":""137.6MiB / 122.8GiB""},{""name"":""lab-woocommerce"",""cpu"":""14.29%"",""mem"":""293.1MiB / 122.8GiB""},{""name"":""lab-redis"",""cpu"":""0.41%"",""mem"":""77.82MiB / 122.8GiB""},{""name"":""lab-postgres"",""cpu"":""2.98%"",""mem"":""254.3MiB / 122.8GiB""},{""name"":""lab-mysql"",""cpu"":""1.77%"",""mem"":""719.4MiB / 122.8GiB""},{""name"":""lab-woocommerce-mysql"",""cpu"":""6.16%"",""mem"":""509.5MiB / 122.8GiB""}]"
2026-09-10T13:11:37Z,3,70,2,47,0,2668033715,"[{""name"":""lab-worker-1"",""cpu"":""5.13%"",""mem"":""128.9MiB / 122.8GiB""},{""name"":""lab-api"",""cpu"":""0.29%"",""mem"":""155.6MiB / 122.8GiB""},{""name"":""lab-allegro-stub"",""cpu"":""0.09%"",""mem"":""20.32MiB / 122.8GiB""},{""name"":""lab-erli-stub"",""cpu"":""0.00%"",""mem"":""18.04MiB / 122.8GiB""},{""name"":""lab-eparagony-stub"",""cpu"":""0.00%"",""mem"":""20.36MiB / 122.8GiB""},{""name"":""lab-invoicing-stub"",""cpu"":""0.00%"",""mem"":""16.59MiB / 122.8GiB""},{""name"":""lab-shipping-stub"",""cpu"":""0.00%"",""mem"":""16.56MiB / 122.8GiB""},{""name"":""lab-eparagony-stub-tls"",""cpu"":""0.00%"",""mem"":""23.3MiB / 122.8GiB""},{""name"":""lab-erli-stub-tls"",""cpu"":""0.00%"",""mem"":""22.67MiB / 122.8GiB""},{""name"":""lab-wc-tls"",""cpu"":""0.07%"",""mem"":""27.8MiB / 122.8GiB""},{""name"":""lab-prestashop"",""cpu"":""5.45%"",""mem"":""137.6MiB / 122.8GiB""},{""name"":""lab-woocommerce"",""cpu"":""14.29%"",""mem"":""293.1MiB / 122.8GiB""},{""name"":""lab-redis"",""cpu"":""0.41%"",""mem"":""77.82MiB / 122.8GiB""},{""name"":""lab-postgres"",""cpu"":""2.98%"",""mem"":""254.3MiB / 122.8GiB""},{""name"":""lab-mysql"",""cpu"":""1.77%"",""mem"":""719.4MiB / 122.8GiB""},{""name"":""lab-woocommerce-mysql"",""cpu"":""18.90%"",""mem"":""509.6MiB / 122.8GiB""}]"
2026-09-10T13:11:41Z,4,69,1,47,0,2668041907,"[{""name"":""lab-worker-1"",""cpu"":""9.93%"",""mem"":""129.2MiB / 122.8GiB""},{""name"":""lab-api"",""cpu"":""0.00%"",""mem"":""155.6MiB / 122.8GiB""},{""name"":""lab-allegro-stub"",""cpu"":""0.07%"",""mem"":""20.32MiB / 122.8GiB""},{""name"":""lab-erli-stub"",""cpu"":""0.00%"",""mem"":""18.04MiB / 122.8GiB""},{""name"":""lab-eparagony-stub"",""cpu"":""0.00%"",""mem"":""20.36MiB / 122.8GiB""},{""name"":""lab-invoicing-stub"",""cpu"":""0.00%"",""mem"":""16.59MiB / 122.8GiB""},{""name"":""lab-shipping-stub"",""cpu"":""0.00%"",""mem"":""16.57MiB / 122.8GiB""},{""name"":""lab-eparagony-stub-tls"",""cpu"":""0.00%"",""mem"":""23.3MiB / 122.8GiB""},{""name"":""lab-erli-stub-tls"",""cpu"":""0.00%"",""mem"":""22.67MiB / 122.8GiB""},{""name"":""lab-wc-tls"",""cpu"":""0.10%"",""mem"":""27.8MiB / 122.8GiB""},{""name"":""lab-prestashop"",""cpu"":""0.78%"",""mem"":""137.6MiB / 122.8GiB""},{""name"":""lab-woocommerce"",""cpu"":""16.44%"",""mem"":""293.1MiB / 122.8GiB""},{""name"":""lab-redis"",""cpu"":""0.50%"",""mem"":""77.82MiB / 122.8GiB""},{""name"":""lab-postgres"",""cpu"":""5.49%"",""mem"":""254.4MiB / 122.8GiB""},{""name"":""lab-mysql"",""cpu"":""1.27%"",""mem"":""719.4MiB / 122.8GiB""},{""name"":""lab-woocommerce-mysql"",""cpu"":""10.50%"",""mem"":""509.5MiB / 122.8GiB""}]"
2026-09-10T13:11:41Z,4,69,1,47,0,2668041907,"[{""name"":""lab-worker-1"",""cpu"":""9.93%"",""mem"":""129.2MiB / 122.8GiB""},{""name"":""lab-api"",""cpu"":""0.00%"",""mem"":""155.6MiB / 122.8GiB""},{""name"":""lab-allegro-stub"",""cpu"":""0.07%"",""mem"":""20.32MiB / 122.8GiB""},{""name"":""lab-erli-stub"",""cpu"":""0.00%"",""mem"":""18.04MiB / 122.8GiB""},{""name"":""lab-eparagony-stub"",""cpu"":""0.00%"",""mem"":""20.36MiB / 122.8GiB""},{""name"":""lab-invoicing-stub"",""cpu"":""0.00%"",""mem"":""16.59MiB / 122.8GiB""},{""name"":""lab-shipping-stub"",""cpu"":""0.00%"",""mem"":""16.57MiB / 122.8GiB""},{""name"":""lab-eparagony-stub-tls"",""cpu"":""0.00%"",""mem"":""23.3MiB / 122.8GiB""},{""name"":""lab-erli-stub-tls"",""cpu"":""0.00%"",""mem"":""22.67MiB / 122.8GiB""},{""name"":""lab-wc-tls"",""cpu"":""0.10%"",""mem"":""27.8MiB / 122.8GiB""},{""name"":""lab-prestashop"",""cpu"":""0.78%"",""mem"":""137.6MiB / 122.8GiB""},{""name"":""lab-woocommerce"",""cpu"":""16.44%"",""mem"":""293.1MiB / 122.8GiB""},{""name"":""lab-redis"",""cpu"":""0.50%"",""mem"":""77.82MiB / 122.8GiB""},{""name"":""lab-postgres"",""cpu"":""5.49%"",""mem"":""254.4MiB / 122.8GiB""},{""name"":""lab-mysql"",""cpu"":""1.27%"",""mem"":""719.4MiB / 122.8GiB""},{""name"":""lab-woocommerce-mysql"",""cpu"":""10.50%"",""mem"":""509.5MiB / 122.8GiB""}]"
2026-09-10T13:11:45Z,4,66,2,47,0,2668041907,"[{""name"":""lab-worker-1"",""cpu"":""5.65%"",""mem"":""129.2MiB / 122.8GiB""},{""name"":""lab-api"",""cpu"":""0.00%"",""mem"":""155.5MiB / 122.8GiB""},{""name"":""lab-allegro-stub"",""cpu"":""3.67%"",""mem"":""20.32MiB / 122.8GiB""},{""name"":""lab-erli-stub"",""cpu"":""0.00%"",""mem"":""18.04MiB / 122.8GiB""},{""name"":""lab-eparagony-stub"",""cpu"":""0.00%"",""mem"":""20.36MiB / 122.8GiB""},{""name"":""lab-invoicing-stub"",""cpu"":""3.62%"",""mem"":""16.6MiB / 122.8GiB""},{""name"":""lab-shipping-stub"",""cpu"":""3.97%"",""mem"":""16.57MiB / 122.8GiB""},{""name"":""lab-eparagony-stub-tls"",""cpu"":""0.00%"",""mem"":""23.3MiB / 122.8GiB""},{""name"":""lab-erli-stub-tls"",""cpu"":""0.00%"",""mem"":""22.67MiB / 122.8GiB""},{""name"":""lab-wc-tls"",""cpu"":""0.06%"",""mem"":""27.8MiB / 122.8GiB""},{""name"":""lab-prestashop"",""cpu"":""0.92%"",""mem"":""137.6MiB / 122.8GiB""},{""name"":""lab-woocommerce"",""cpu"":""7.03%"",""mem"":""293.1MiB / 122.8GiB""},{""name"":""lab-redis"",""cpu"":""0.33%"",""mem"":""78.07MiB / 122.8GiB""},{""name"":""lab-postgres"",""cpu"":""2.70%"",""mem"":""251MiB / 122.8GiB""},{""name"":""lab-mysql"",""cpu"":""1.84%"",""mem"":""719.4MiB / 122.8GiB""},{""name"":""lab-woocommerce-mysql"",""cpu"":""4.99%"",""mem"":""509.5MiB / 122.8GiB""}]"
2026-09-10T13:11:45Z,4,66,2,47,0,2668041907,"[{""name"":""lab-worker-1"",""cpu"":""5.65%"",""mem"":""129.2MiB / 122.8GiB""},{""name"":""lab-api"",""cpu"":""0.00%"",""mem"":""155.5MiB / 122.8GiB""},{""name"":""lab-allegro-stub"",""cpu"":""3.67%"",""mem"":""20.32MiB / 122.8GiB""},{""name"":""lab-erli-stub"",""cpu"":""0.00%"",""mem"":""18.04MiB / 122.8GiB""},{""name"":""lab-eparagony-stub"",""cpu"":""0.00%"",""mem"":""20.36MiB / 122.8GiB""},{""name"":""lab-invoicing-stub"",""cpu"":""3.62%"",""mem"":""16.6MiB / 122.8GiB""},{""name"":""lab-shipping-stub"",""cpu"":""3.97%"",""mem"":""16.57MiB / 122.8GiB""},{""name"":""lab-eparagony-stub-tls"",""cpu"":""0.00%"",""mem"":""23.3MiB / 122.8GiB""},{""name"":""lab-erli-stub-tls"",""cpu"":""0.00%"",""mem"":""22.67MiB / 122.8GiB""},{""name"":""lab-wc-tls"",""cpu"":""0.06%"",""mem"":""27.8MiB / 122.8GiB""},{""name"":""lab-prestashop"",""cpu"":""0.92%"",""mem"":""137.6MiB / 122.8GiB""},{""name"":""lab-woocommerce"",""cpu"":""7.03%"",""mem"":""293.1MiB / 122.8GiB""},{""name"":""lab-redis"",""cpu"":""0.33%"",""mem"":""78.07MiB / 122.8GiB""},{""name"":""lab-postgres"",""cpu"":""2.70%"",""mem"":""251MiB / 122.8GiB""},{""name"":""lab-mysql"",""cpu"":""1.84%"",""mem"":""719.4MiB / 122.8GiB""},{""name"":""lab-woocommerce-mysql"",""cpu"":""4.99%"",""mem"":""509.5MiB / 122.8GiB""}]"
2026-09-10T13:11:48Z,4,64,3,47,0,2668050099,"[{""name"":""lab-worker-1"",""cpu"":""0.88%"",""mem"":""129.2MiB / 122.8GiB""},{""name"":""lab-api"",""cpu"":""0.01%"",""mem"":""155.5MiB / 122.8GiB""},{""name"":""lab-allegro-stub"",""cpu"":""0.01%"",""mem"":""20.32MiB / 122.8GiB""},{""name"":""lab-erli-stub"",""cpu"":""3.09%"",""mem"":""18.04MiB / 122.8GiB""},{""name"":""lab-eparagony-stub"",""cpu"":""3.01%"",""mem"":""20.36MiB / 122.8GiB""},{""name"":""lab-invoicing-stub"",""cpu"":""0.00%"",""mem"":""16.59MiB / 122.8GiB""},{""name"":""lab-shipping-stub"",""cpu"":""0.00%"",""mem"":""16.56MiB / 122.8GiB""},{""name"":""lab-eparagony-stub-tls"",""cpu"":""0.00%"",""mem"":""23.3MiB / 122.8GiB""},{""name"":""lab-erli-stub-tls"",""cpu"":""0.00%"",""mem"":""22.67MiB / 122.8GiB""},{""name"":""lab-wc-tls"",""cpu"":""0.05%"",""mem"":""27.8MiB / 122.8GiB""},{""name"":""lab-prestashop"",""cpu"":""0.00%"",""mem"":""137.6MiB / 122.8GiB""},{""name"":""lab-woocommerce"",""cpu"":""7.57%"",""mem"":""293.1MiB / 122.8GiB""},{""name"":""lab-redis"",""cpu"":""0.28%"",""mem"":""77.82MiB / 122.8GiB""},{""name"":""lab-postgres"",""cpu"":""0.41%"",""mem"":""251MiB / 122.8GiB""},{""name"":""lab-mysql"",""cpu"":""0.74%"",""mem"":""719.4MiB / 122.8GiB""},{""name"":""lab-woocommerce-mysql"",""cpu"":""4.02%"",""mem"":""509.5MiB / 122.8GiB""}]"
2026-09-10T13:11:48Z,4,64,3,47,0,2668050099,"[{""name"":""lab-worker-1"",""cpu"":""0.88%"",""mem"":""129.2MiB / 122.8GiB""},{""name"":""lab-api"",""cpu"":""0.00%"",""mem"":""155.5MiB / 122.8GiB""},{""name"":""lab-allegro-stub"",""cpu"":""0.01%"",""mem"":""20.32MiB / 122.8GiB""},{""name"":""lab-erli-stub"",""cpu"":""3.09%"",""mem"":""18.04MiB / 122.8GiB""},{""name"":""lab-eparagony-stub"",""cpu"":""3.01%"",""mem"":""20.36MiB / 122.8GiB""},{""name"":""lab-invoicing-stub"",""cpu"":""0.00%"",""mem"":""16.59MiB / 122.8GiB""},{""name"":""lab-shipping-stub"",""cpu"":""0.00%"",""mem"":""16.56MiB / 122.8GiB""},{""name"":""lab-eparagony-stub-tls"",""cpu"":""0.00%"",""mem"":""23.3MiB / 122.8GiB""},{""name"":""lab-erli-stub-tls"",""cpu"":""0.00%"",""mem"":""22.67MiB / 122.8GiB""},{""name"":""lab-wc-tls"",""cpu"":""0.05%"",""mem"":""27.8MiB / 122.8GiB""},{""name"":""lab-prestashop"",""cpu"":""0.00%"",""mem"":""137.6MiB / 122.8GiB""},{""name"":""lab-woocommerce"",""cpu"":""7.57%"",""mem"":""293.1MiB / 122.8GiB""},{""name"":""lab-redis"",""cpu"":""0.28%"",""mem"":""77.82MiB / 122.8GiB""},{""name"":""lab-postgres"",""cpu"":""0.41%"",""mem"":""251MiB / 122.8GiB""},{""name"":""lab-mysql"",""cpu"":""0.74%"",""mem"":""719.4MiB / 122.8GiB""},{""name"":""lab-woocommerce-mysql"",""cpu"":""4.02%"",""mem"":""509.5MiB / 122.8GiB""}]"
2026-09-10T13:11:52Z,3,64,1,47,0,2668058291,"[{""name"":""lab-worker-1"",""cpu"":""7.67%"",""mem"":""129.5MiB / 122.8GiB""},{""name"":""lab-api"",""cpu"":""0.01%"",""mem"":""155.5MiB / 122.8GiB""},{""name"":""lab-allegro-stub"",""cpu"":""0.08%"",""mem"":""20.33MiB / 122.8GiB""},{""name"":""lab-erli-stub"",""cpu"":""0.00%"",""mem"":""18.04MiB / 122.8GiB""},{""name"":""lab-eparagony-stub"",""cpu"":""0.00%"",""mem"":""20.36MiB / 122.8GiB""},{""name"":""lab-invoicing-stub"",""cpu"":""0.00%"",""mem"":""16.59MiB / 122.8GiB""},{""name"":""lab-shipping-stub"",""cpu"":""0.00%"",""mem"":""16.56MiB / 122.8GiB""},{""name"":""lab-eparagony-stub-tls"",""cpu"":""0.00%"",""mem"":""23.3MiB / 122.8GiB""},{""name"":""lab-erli-stub-tls"",""cpu"":""0.00%"",""mem"":""22.67MiB / 122.8GiB""},{""name"":""lab-wc-tls"",""cpu"":""0.06%"",""mem"":""27.8MiB / 122.8GiB""},{""name"":""lab-prestashop"",""cpu"":""1.13%"",""mem"":""137.6MiB / 122.8GiB""},{""name"":""lab-woocommerce"",""cpu"":""15.39%"",""mem"":""293.1MiB / 122.8GiB""},{""name"":""lab-redis"",""cpu"":""3.63%"",""mem"":""77.84MiB / 122.8GiB""},{""name"":""lab-postgres"",""cpu"":""5.54%"",""mem"":""251MiB / 122.8GiB""},{""name"":""lab-mysql"",""cpu"":""1.81%"",""mem"":""719.4MiB / 122.8GiB""},{""name"":""lab-woocommerce-mysql"",""cpu"":""21.76%"",""mem"":""509.5MiB / 122.8GiB""}]"
2026-09-10T13:11:52Z,3,64,1,47,0,2668058291,"[{""name"":""lab-worker-1"",""cpu"":""7.67%"",""mem"":""129.5MiB / 122.8GiB""},{""name"":""lab-api"",""cpu"":""0.01%"",""mem"":""155.5MiB / 122.8GiB""},{""name"":""lab-allegro-stub"",""cpu"":""0.08%"",""mem"":""20.33MiB / 122.8GiB""},{""name"":""lab-erli-stub"",""cpu"":""0.00%"",""mem"":""18.04MiB / 122.8GiB""},{""name"":""lab-eparagony-stub"",""cpu"":""0.00%"",""mem"":""20.36MiB / 122.8GiB""},{""name"":""lab-invoicing-stub"",""cpu"":""0.00%"",""mem"":""16.59MiB / 122.8GiB""},{""name"":""lab-shipping-stub"",""cpu"":""0.00%"",""mem"":""16.56MiB / 122.8GiB""},{""name"":""lab-eparagony-stub-tls"",""cpu"":""0.00%"",""mem"":""23.3MiB / 122.8GiB""},{""name"":""lab-erli-stub-tls"",""cpu"":""0.00%"",""mem"":""22.67MiB / 122.8GiB""},{""name"":""lab-wc-tls"",""cpu"":""0.06%"",""mem"":""27.8MiB / 122.8GiB""},{""name"":""lab-prestashop"",""cpu"":""1.13%"",""mem"":""137.6MiB / 122.8GiB""},{""name"":""lab-woocommerce"",""cpu"":""15.39%"",""mem"":""293.1MiB / 122.8GiB""},{""name"":""lab-redis"",""cpu"":""3.63%"",""mem"":""77.84MiB / 122.8GiB""},{""name"":""lab-postgres"",""cpu"":""5.54%"",""mem"":""251MiB / 122.8GiB""},{""name"":""lab-mysql"",""cpu"":""1.81%"",""mem"":""719.4MiB / 122.8GiB""},{""name"":""lab-woocommerce-mysql"",""cpu"":""21.76%"",""mem"":""509.5MiB / 122.8GiB""}]"
2026-09-10T13:11:56Z,4,60,2,47,0,2668074675,"[{""name"":""lab-worker-1"",""cpu"":""3.72%"",""mem"":""129.4MiB / 122.8GiB""},{""name"":""lab-api"",""cpu"":""0.00%"",""mem"":""155.5MiB / 122.8GiB""},{""name"":""lab-allegro-stub"",""cpu"":""0.07%"",""mem"":""20.33MiB / 122.8GiB""},{""name"":""lab-erli-stub"",""cpu"":""0.00%"",""mem"":""18.04MiB / 122.8GiB""},{""name"":""lab-eparagony-stub"",""cpu"":""0.00%"",""mem"":""20.36MiB / 122.8GiB""},{""name"":""lab-invoicing-stub"",""cpu"":""0.00%"",""mem"":""16.59MiB / 122.8GiB""},{""name"":""lab-shipping-stub"",""cpu"":""0.01%"",""mem"":""16.56MiB / 122.8GiB""},{""name"":""lab-eparagony-stub-tls"",""cpu"":""0.00%"",""mem"":""23.3MiB / 122.8GiB""},{""name"":""lab-erli-stub-tls"",""cpu"":""0.00%"",""mem"":""22.67MiB / 122.8GiB""},{""name"":""lab-wc-tls"",""cpu"":""0.06%"",""mem"":""27.8MiB / 122.8GiB""},{""name"":""lab-prestashop"",""cpu"":""0.00%"",""mem"":""137.6MiB / 122.8GiB""},{""name"":""lab-woocommerce"",""cpu"":""6.91%"",""mem"":""293.1MiB / 122.8GiB""},{""name"":""lab-redis"",""cpu"":""0.31%"",""mem"":""77.84MiB / 122.8GiB""},{""name"":""lab-postgres"",""cpu"":""3.04%"",""mem"":""251MiB / 122.8GiB""},{""name"":""lab-mysql"",""cpu"":""0.67%"",""mem"":""719.4MiB / 122.8GiB""},{""name"":""lab-woocommerce-mysql"",""cpu"":""3.04%"",""mem"":""509.5MiB / 122.8GiB""}]"
2026-09-10T13:11:56Z,4,60,2,47,0,2668074675,"[{""name"":""lab-worker-1"",""cpu"":""3.72%"",""mem"":""129.4MiB / 122.8GiB""},{""name"":""lab-api"",""cpu"":""0.00%"",""mem"":""155.5MiB / 122.8GiB""},{""name"":""lab-allegro-stub"",""cpu"":""0.07%"",""mem"":""20.33MiB / 122.8GiB""},{""name"":""lab-erli-stub"",""cpu"":""0.00%"",""mem"":""18.04MiB / 122.8GiB""},{""name"":""lab-eparagony-stub"",""cpu"":""0.00%"",""mem"":""20.36MiB / 122.8GiB""},{""name"":""lab-invoicing-stub"",""cpu"":""0.00%"",""mem"":""16.59MiB / 122.8GiB""},{""name"":""lab-shipping-stub"",""cpu"":""0.01%"",""mem"":""16.56MiB / 122.8GiB""},{""name"":""lab-eparagony-stub-tls"",""cpu"":""0.00%"",""mem"":""23.3MiB / 122.8GiB""},{""name"":""lab-erli-stub-tls"",""cpu"":""0.00%"",""mem"":""22.67MiB / 122.8GiB""},{""name"":""lab-wc-tls"",""cpu"":""0.06%"",""mem"":""27.8MiB / 122.8GiB""},{""name"":""lab-prestashop"",""cpu"":""0.00%"",""mem"":""137.6MiB / 122.8GiB""},{""name"":""lab-woocommerce"",""cpu"":""6.91%"",""mem"":""293.1MiB / 122.8GiB""},{""name"":""lab-redis"",""cpu"":""0.31%"",""mem"":""77.84MiB / 122.8GiB""},{""name"":""lab-postgres"",""cpu"":""3.04%"",""mem"":""251MiB / 122.8GiB""},{""name"":""lab-mysql"",""cpu"":""0.67%"",""mem"":""719.4MiB / 122.8GiB""},{""name"":""lab-woocommerce-mysql"",""cpu"":""3.04%"",""mem"":""509.5MiB / 122.8GiB""}]"
2026-09-10T13:11:59Z,4,59,1,47,1,2668082867,"[{""name"":""lab-worker-1"",""cpu"":""5.47%"",""mem"":""129.4MiB / 122.8GiB""},{""name"":""lab-api"",""cpu"":""0.00%"",""mem"":""155.5MiB / 122.8GiB""},{""name"":""lab-allegro-stub"",""cpu"":""0.02%"",""mem"":""20.32MiB / 122.8GiB""},{""name"":""lab-erli-stub"",""cpu"":""0.01%"",""mem"":""18.04MiB / 122.8GiB""},{""name"":""lab-eparagony-stub"",""cpu"":""0.00%"",""mem"":""20.36MiB / 122.8GiB""},{""name"":""lab-invoicing-stub"",""cpu"":""0.00%"",""mem"":""16.59MiB / 122.8GiB""},{""name"":""lab-shipping-stub"",""cpu"":""0.00%"",""mem"":""16.56MiB / 122.8GiB""},{""name"":""lab-eparagony-stub-tls"",""cpu"":""0.00%"",""mem"":""23.3MiB / 122.8GiB""},{""name"":""lab-erli-stub-tls"",""cpu"":""0.00%"",""mem"":""22.67MiB / 122.8GiB""},{""name"":""lab-wc-tls"",""cpu"":""0.06%"",""mem"":""27.8MiB / 122.8GiB""},{""name"":""lab-prestashop"",""cpu"":""1.67%"",""mem"":""137.6MiB / 122.8GiB""},{""name"":""lab-woocommerce"",""cpu"":""22.55%"",""mem"":""293.1MiB / 122.8GiB""},{""name"":""lab-redis"",""cpu"":""0.41%"",""mem"":""77.84MiB / 122.8GiB""},{""name"":""lab-postgres"",""cpu"":""3.89%"",""mem"":""251MiB / 122.8GiB""},{""name"":""lab-mysql"",""cpu"":""2.10%"",""mem"":""719.4MiB / 122.8GiB""},{""name"":""lab-woocommerce-mysql"",""cpu"":""22.21%"",""mem"":""509.5MiB / 122.8GiB""}]"
2026-09-10T13:11:59Z,4,59,1,47,0,2668082867,"[{""name"":""lab-worker-1"",""cpu"":""5.47%"",""mem"":""129.4MiB / 122.8GiB""},{""name"":""lab-api"",""cpu"":""0.00%"",""mem"":""155.5MiB / 122.8GiB""},{""name"":""lab-allegro-stub"",""cpu"":""0.02%"",""mem"":""20.32MiB / 122.8GiB""},{""name"":""lab-erli-stub"",""cpu"":""0.01%"",""mem"":""18.04MiB / 122.8GiB""},{""name"":""lab-eparagony-stub"",""cpu"":""0.00%"",""mem"":""20.36MiB / 122.8GiB""},{""name"":""lab-invoicing-stub"",""cpu"":""0.00%"",""mem"":""16.59MiB / 122.8GiB""},{""name"":""lab-shipping-stub"",""cpu"":""0.00%"",""mem"":""16.56MiB / 122.8GiB""},{""name"":""lab-eparagony-stub-tls"",""cpu"":""0.00%"",""mem"":""23.3MiB / 122.8GiB""},{""name"":""lab-erli-stub-tls"",""cpu"":""0.00%"",""mem"":""22.67MiB / 122.8GiB""},{""name"":""lab-wc-tls"",""cpu"":""0.06%"",""mem"":""27.8MiB / 122.8GiB""},{""name"":""lab-prestashop"",""cpu"":""1.67%"",""mem"":""137.6MiB / 122.8GiB""},{""name"":""lab-woocommerce"",""cpu"":""22.55%"",""mem"":""293.1MiB / 122.8GiB""},{""name"":""lab-redis"",""cpu"":""0.41%"",""mem"":""77.84MiB / 122.8GiB""},{""name"":""lab-postgres"",""cpu"":""3.89%"",""mem"":""251MiB / 122.8GiB""},{""name"":""lab-mysql"",""cpu"":""2.10%"",""mem"":""719.4MiB / 122.8GiB""},{""name"":""lab-woocommerce-mysql"",""cpu"":""22.21%"",""mem"":""509.5MiB / 122.8GiB""}]"
2026-09-10T13:12:03Z,3,56,2,47,0,2668091059,"[{""name"":""lab-worker-1"",""cpu"":""10.21%"",""mem"":""129.5MiB / 122.8GiB""},{""name"":""lab-api"",""cpu"":""0.01%"",""mem"":""155.5MiB / 122.8GiB""},{""name"":""lab-allegro-stub"",""cpu"":""0.08%"",""mem"":""20.33MiB / 122.8GiB""},{""name"":""lab-erli-stub"",""cpu"":""0.00%"",""mem"":""18.04MiB / 122.8GiB""},{""name"":""lab-eparagony-stub"",""cpu"":""3.92%"",""mem"":""20.37MiB / 122.8GiB""},{""name"":""lab-invoicing-stub"",""cpu"":""0.00%"",""mem"":""16.59MiB / 122.8GiB""},{""name"":""lab-shipping-stub"",""cpu"":""0.00%"",""mem"":""16.57MiB / 122.8GiB""},{""name"":""lab-eparagony-stub-tls"",""cpu"":""0.00%"",""mem"":""23.3MiB / 122.8GiB""},{""name"":""lab-erli-stub-tls"",""cpu"":""0.00%"",""mem"":""22.67MiB / 122.8GiB""},{""name"":""lab-wc-tls"",""cpu"":""0.07%"",""mem"":""27.8MiB / 122.8GiB""},{""name"":""lab-prestashop"",""cpu"":""1.30%"",""mem"":""137.6MiB / 122.8GiB""},{""name"":""lab-woocommerce"",""cpu"":""15.31%"",""mem"":""293.1MiB / 122.8GiB""},{""name"":""lab-redis"",""cpu"":""0.37%"",""mem"":""77.84MiB / 122.8GiB""},{""name"":""lab-postgres"",""cpu"":""12.94%"",""mem"":""254.3MiB / 122.8GiB""},{""name"":""lab-mysql"",""cpu"":""1.19%"",""mem"":""719.4MiB / 122.8GiB""},{""name"":""lab-woocommerce-mysql"",""cpu"":""14.36%"",""mem"":""509.5MiB / 122.8GiB""}]"
2026-09-10T13:12:03Z,3,56,2,47,0,2668091059,"[{""name"":""lab-worker-1"",""cpu"":""10.21%"",""mem"":""129.5MiB / 122.8GiB""},{""name"":""lab-api"",""cpu"":""0.01%"",""mem"":""155.5MiB / 122.8GiB""},{""name"":""lab-allegro-stub"",""cpu"":""0.08%"",""mem"":""20.33MiB / 122.8GiB""},{""name"":""lab-erli-stub"",""cpu"":""0.00%"",""mem"":""18.04MiB / 122.8GiB""},{""name"":""lab-eparagony-stub"",""cpu"":""3.92%"",""mem"":""20.37MiB / 122.8GiB""},{""name"":""lab-invoicing-stub"",""cpu"":""0.00%"",""mem"":""16.59MiB / 122.8GiB""},{""name"":""lab-shipping-stub"",""cpu"":""0.00%"",""mem"":""16.57MiB / 122.8GiB""},{""name"":""lab-eparagony-stub-tls"",""cpu"":""0.00%"",""mem"":""23.3MiB / 122.8GiB""},{""name"":""lab-erli-stub-tls"",""cpu"":""0.00%"",""mem"":""22.67MiB / 122.8GiB""},{""name"":""lab-wc-tls"",""cpu"":""0.07%"",""mem"":""27.8MiB / 122.8GiB""},{""name"":""lab-prestashop"",""cpu"":""1.30%"",""mem"":""137.6MiB / 122.8GiB""},{""name"":""lab-woocommerce"",""cpu"":""15.31%"",""mem"":""293.1MiB / 122.8GiB""},{""name"":""lab-redis"",""cpu"":""0.37%"",""mem"":""77.84MiB / 122.8GiB""},{""name"":""lab-postgres"",""cpu"":""12.94%"",""mem"":""254.3MiB / 122.8GiB""},{""name"":""lab-mysql"",""cpu"":""1.19%"",""mem"":""719.4MiB / 122.8GiB""},{""name"":""lab-woocommerce-mysql"",""cpu"":""14.36%"",""mem"":""509.5MiB / 122.8GiB""}]"
2026-09-10T13:12:06Z,4,53,1,47,0,2668115635,"[{""name"":""lab-worker-1"",""cpu"":""5.87%"",""mem"":""129.5MiB / 122.8GiB""},{""name"":""lab-api"",""cpu"":""0.55%"",""mem"":""155.5MiB / 122.8GiB""},{""name"":""lab-allegro-stub"",""cpu"":""0.08%"",""mem"":""20.33MiB / 122.8GiB""},{""name"":""lab-erli-stub"",""cpu"":""0.00%"",""mem"":""18.04MiB / 122.8GiB""},{""name"":""lab-eparagony-stub"",""cpu"":""0.00%"",""mem"":""20.36MiB / 122.8GiB""},{""name"":""lab-invoicing-stub"",""cpu"":""0.00%"",""mem"":""16.59MiB / 122.8GiB""},{""name"":""lab-shipping-stub"",""cpu"":""0.00%"",""mem"":""16.56MiB / 122.8GiB""},{""name"":""lab-eparagony-stub-tls"",""cpu"":""0.00%"",""mem"":""23.3MiB / 122.8GiB""},{""name"":""lab-erli-stub-tls"",""cpu"":""0.00%"",""mem"":""22.67MiB / 122.8GiB""},{""name"":""lab-wc-tls"",""cpu"":""0.09%"",""mem"":""27.8MiB / 122.8GiB""},{""name"":""lab-prestashop"",""cpu"":""3.96%"",""mem"":""137.8MiB / 122.8GiB""},{""name"":""lab-woocommerce"",""cpu"":""12.56%"",""mem"":""293.1MiB / 122.8GiB""},{""name"":""lab-redis"",""cpu"":""0.52%"",""mem"":""77.84MiB / 122.8GiB""},{""name"":""lab-postgres"",""cpu"":""4.17%"",""mem"":""254.3MiB / 122.8GiB""},{""name"":""lab-mysql"",""cpu"":""1.25%"",""mem"":""719.4MiB / 122.8GiB""},{""name"":""lab-woocommerce-mysql"",""cpu"":""16.13%"",""mem"":""509.5MiB / 122.8GiB""}]"
2026-09-10T13:12:06Z,4,53,1,47,0,2668115635,"[{""name"":""lab-worker-1"",""cpu"":""5.87%"",""mem"":""129.5MiB / 122.8GiB""},{""name"":""lab-api"",""cpu"":""0.55%"",""mem"":""155.5MiB / 122.8GiB""},{""name"":""lab-allegro-stub"",""cpu"":""0.08%"",""mem"":""20.33MiB / 122.8GiB""},{""name"":""lab-erli-stub"",""cpu"":""0.00%"",""mem"":""18.04MiB / 122.8GiB""},{""name"":""lab-eparagony-stub"",""cpu"":""0.00%"",""mem"":""20.36MiB / 122.8GiB""},{""name"":""lab-invoicing-stub"",""cpu"":""0.00%"",""mem"":""16.59MiB / 122.8GiB""},{""name"":""lab-shipping-stub"",""cpu"":""0.00%"",""mem"":""16.56MiB / 122.8GiB""},{""name"":""lab-eparagony-stub-tls"",""cpu"":""0.00%"",""mem"":""23.3MiB / 122.8GiB""},{""name"":""lab-erli-stub-tls"",""cpu"":""0.00%"",""mem"":""22.67MiB / 122.8GiB""},{""name"":""lab-wc-tls"",""cpu"":""0.09%"",""mem"":""27.8MiB / 122.8GiB""},{""name"":""lab-prestashop"",""cpu"":""3.96%"",""mem"":""137.8MiB / 122.8GiB""},{""name"":""lab-woocommerce"",""cpu"":""12.56%"",""mem"":""293.1MiB / 122.8GiB""},{""name"":""lab-redis"",""cpu"":""0.52%"",""mem"":""77.84MiB / 122.8GiB""},{""name"":""lab-postgres"",""cpu"":""4.17%"",""mem"":""254.3MiB / 122.8GiB""},{""name"":""lab-mysql"",""cpu"":""1.25%"",""mem"":""719.4MiB / 122.8GiB""},{""name"":""lab-woocommerce-mysql"",""cpu"":""16.13%"",""mem"":""509.5MiB / 122.8GiB""}]"
2026-09-10T13:12:10Z,3,51,2,47,0,2668115635,"[{""name"":""lab-worker-1"",""cpu"":""4.71%"",""mem"":""129.7MiB / 122.8GiB""},{""name"":""lab-api"",""cpu"":""0.00%"",""mem"":""155.5MiB / 122.8GiB""},{""name"":""lab-allegro-stub"",""cpu"":""4.00%"",""mem"":""20.34MiB / 122.8GiB""},{""name"":""lab-erli-stub"",""cpu"":""0.00%"",""mem"":""18.04MiB / 122.8GiB""},{""name"":""lab-eparagony-stub"",""cpu"":""0.00%"",""mem"":""20.36MiB / 122.8GiB""},{""name"":""lab-invoicing-stub"",""cpu"":""4.20%"",""mem"":""16.61MiB / 122.8GiB""},{""name"":""lab-shipping-stub"",""cpu"":""4.38%"",""mem"":""16.57MiB / 122.8GiB""},{""name"":""lab-eparagony-stub-tls"",""cpu"":""0.00%"",""mem"":""23.3MiB / 122.8GiB""},{""name"":""lab-erli-stub-tls"",""cpu"":""0.00%"",""mem"":""22.67MiB / 122.8GiB""},{""name"":""lab-wc-tls"",""cpu"":""0.08%"",""mem"":""27.8MiB / 122.8GiB""},{""name"":""lab-prestashop"",""cpu"":""0.00%"",""mem"":""137.6MiB / 122.8GiB""},{""name"":""lab-woocommerce"",""cpu"":""17.23%"",""mem"":""297.1MiB / 122.8GiB""},{""name"":""lab-redis"",""cpu"":""0.40%"",""mem"":""77.84MiB / 122.8GiB""},{""name"":""lab-postgres"",""cpu"":""3.68%"",""mem"":""254.3MiB / 122.8GiB""},{""name"":""lab-mysql"",""cpu"":""0.70%"",""mem"":""719.4MiB / 122.8GiB""},{""name"":""lab-woocommerce-mysql"",""cpu"":""19.08%"",""mem"":""509.5MiB / 122.8GiB""}]"
2026-09-10T13:12:10Z,3,51,2,47,0,2668115635,"[{""name"":""lab-worker-1"",""cpu"":""4.71%"",""mem"":""129.7MiB / 122.8GiB""},{""name"":""lab-api"",""cpu"":""0.00%"",""mem"":""155.5MiB / 122.8GiB""},{""name"":""lab-allegro-stub"",""cpu"":""4.00%"",""mem"":""20.34MiB / 122.8GiB""},{""name"":""lab-erli-stub"",""cpu"":""0.00%"",""mem"":""18.04MiB / 122.8GiB""},{""name"":""lab-eparagony-stub"",""cpu"":""0.00%"",""mem"":""20.36MiB / 122.8GiB""},{""name"":""lab-invoicing-stub"",""cpu"":""4.20%"",""mem"":""16.61MiB / 122.8GiB""},{""name"":""lab-shipping-stub"",""cpu"":""4.38%"",""mem"":""16.57MiB / 122.8GiB""},{""name"":""lab-eparagony-stub-tls"",""cpu"":""0.00%"",""mem"":""23.3MiB / 122.8GiB""},{""name"":""lab-erli-stub-tls"",""cpu"":""0.00%"",""mem"":""22.67MiB / 122.8GiB""},{""name"":""lab-wc-tls"",""cpu"":""0.08%"",""mem"":""27.8MiB / 122.8GiB""},{""name"":""lab-prestashop"",""cpu"":""0.00%"",""mem"":""137.6MiB / 122.8GiB""},{""name"":""lab-woocommerce"",""cpu"":""17.23%"",""mem"":""297.1MiB / 122.8GiB""},{""name"":""lab-redis"",""cpu"":""0.40%"",""mem"":""77.84MiB / 122.8GiB""},{""name"":""lab-postgres"",""cpu"":""3.68%"",""mem"":""254.3MiB / 122.8GiB""},{""name"":""lab-mysql"",""cpu"":""0.70%"",""mem"":""719.4MiB / 122.8GiB""},{""name"":""lab-woocommerce-mysql"",""cpu"":""5.62%"",""mem"":""509.5MiB / 122.8GiB""}]"
2026-09-10T13:12:14Z,4,49,1,47,0,2668115635,"[{""name"":""lab-worker-1"",""cpu"":""8.39%"",""mem"":""129.4MiB / 122.8GiB""},{""name"":""lab-api"",""cpu"":""0.00%"",""mem"":""155.5MiB / 122.8GiB""},{""name"":""lab-allegro-stub"",""cpu"":""0.10%"",""mem"":""20.33MiB / 122.8GiB""},{""name"":""lab-erli-stub"",""cpu"":""4.04%"",""mem"":""18.04MiB / 122.8GiB""},{""name"":""lab-eparagony-stub"",""cpu"":""3.60%"",""mem"":""20.37MiB / 122.8GiB""},{""name"":""lab-invoicing-stub"",""cpu"":""0.00%"",""mem"":""16.59MiB / 122.8GiB""},{""name"":""lab-shipping-stub"",""cpu"":""0.00%"",""mem"":""16.56MiB / 122.8GiB""},{""name"":""lab-eparagony-stub-tls"",""cpu"":""0.00%"",""mem"":""23.3MiB / 122.8GiB""},{""name"":""lab-erli-stub-tls"",""cpu"":""0.00%"",""mem"":""22.67MiB / 122.8GiB""},{""name"":""lab-wc-tls"",""cpu"":""0.06%"",""mem"":""27.8MiB / 122.8GiB""},{""name"":""lab-prestashop"",""cpu"":""1.55%"",""mem"":""137.6MiB / 122.8GiB""},{""name"":""lab-woocommerce"",""cpu"":""17.03%"",""mem"":""297.1MiB / 122.8GiB""},{""name"":""lab-redis"",""cpu"":""0.40%"",""mem"":""77.84MiB / 122.8GiB""},{""name"":""lab-postgres"",""cpu"":""6.19%"",""mem"":""254.4MiB / 122.8GiB""},{""name"":""lab-mysql"",""cpu"":""6.35%"",""mem"":""719.4MiB / 122.8GiB""},{""name"":""lab-woocommerce-mysql"",""cpu"":""17.20%"",""mem"":""509.5MiB / 122.8GiB""}]"
2026-09-10T13:12:14Z,4,49,2,47,0,2668115635,"[{""name"":""lab-worker-1"",""cpu"":""8.39%"",""mem"":""129.4MiB / 122.8GiB""},{""name"":""lab-api"",""cpu"":""0.00%"",""mem"":""155.5MiB / 122.8GiB""},{""name"":""lab-allegro-stub"",""cpu"":""0.10%"",""mem"":""20.33MiB / 122.8GiB""},{""name"":""lab-erli-stub"",""cpu"":""4.04%"",""mem"":""18.04MiB / 122.8GiB""},{""name"":""lab-eparagony-stub"",""cpu"":""3.60%"",""mem"":""20.37MiB / 122.8GiB""},{""name"":""lab-invoicing-stub"",""cpu"":""0.00%"",""mem"":""16.59MiB / 122.8GiB""},{""name"":""lab-shipping-stub"",""cpu"":""0.00%"",""mem"":""16.56MiB / 122.8GiB""},{""name"":""lab-eparagony-stub-tls"",""cpu"":""0.00%"",""mem"":""23.3MiB / 122.8GiB""},{""name"":""lab-erli-stub-tls"",""cpu"":""0.00%"",""mem"":""22.67MiB / 122.8GiB""},{""name"":""lab-wc-tls"",""cpu"":""0.06%"",""mem"":""27.8MiB / 122.8GiB""},{""name"":""lab-prestashop"",""cpu"":""1.55%"",""mem"":""137.6MiB / 122.8GiB""},{""name"":""lab-woocommerce"",""cpu"":""17.03%"",""mem"":""297.1MiB / 122.8GiB""},{""name"":""lab-redis"",""cpu"":""0.40%"",""mem"":""77.84MiB / 122.8GiB""},{""name"":""lab-postgres"",""cpu"":""6.19%"",""mem"":""254.4MiB / 122.8GiB""},{""name"":""lab-mysql"",""cpu"":""6.35%"",""mem"":""719.4MiB / 122.8GiB""},{""name"":""lab-woocommerce-mysql"",""cpu"":""17.20%"",""mem"":""509.5MiB / 122.8GiB""}]"
2026-09-10T13:12:17Z,4,45,2,47,0,2668140211,"[{""name"":""lab-worker-1"",""cpu"":""7.99%"",""mem"":""129.5MiB / 122.8GiB""},{""name"":""lab-api"",""cpu"":""0.01%"",""mem"":""155.5MiB / 122.8GiB""},{""name"":""lab-allegro-stub"",""cpu"":""0.16%"",""mem"":""20.34MiB / 122.8GiB""},{""name"":""lab-erli-stub"",""cpu"":""0.00%"",""mem"":""18.04MiB / 122.8GiB""},{""name"":""lab-eparagony-stub"",""cpu"":""0.00%"",""mem"":""20.36MiB / 122.8GiB""},{""name"":""lab-invoicing-stub"",""cpu"":""0.00%"",""mem"":""16.59MiB / 122.8GiB""},{""name"":""lab-shipping-stub"",""cpu"":""0.00%"",""mem"":""16.57MiB / 122.8GiB""},{""name"":""lab-eparagony-stub-tls"",""cpu"":""0.00%"",""mem"":""23.3MiB / 122.8GiB""},{""name"":""lab-erli-stub-tls"",""cpu"":""0.00%"",""mem"":""22.67MiB / 122.8GiB""},{""name"":""lab-wc-tls"",""cpu"":""0.06%"",""mem"":""27.8MiB / 122.8GiB""},{""name"":""lab-prestashop"",""cpu"":""1.08%"",""mem"":""137.6MiB / 122.8GiB""},{""name"":""lab-woocommerce"",""cpu"":""17.84%"",""mem"":""297.1MiB / 122.8GiB""},{""name"":""lab-redis"",""cpu"":""0.46%"",""mem"":""77.84MiB / 122.8GiB""},{""name"":""lab-postgres"",""cpu"":""5.61%"",""mem"":""254.5MiB / 122.8GiB""},{""name"":""lab-mysql"",""cpu"":""1.89%"",""mem"":""719.4MiB / 122.8GiB""},{""name"":""lab-woocommerce-mysql"",""cpu"":""23.55%"",""mem"":""509.5MiB / 122.8GiB""}]"
2026-09-10T13:12:17Z,4,45,2,47,0,2668140211,"[{""name"":""lab-worker-1"",""cpu"":""7.99%"",""mem"":""129.5MiB / 122.8GiB""},{""name"":""lab-api"",""cpu"":""0.01%"",""mem"":""155.5MiB / 122.8GiB""},{""name"":""lab-allegro-stub"",""cpu"":""0.16%"",""mem"":""20.34MiB / 122.8GiB""},{""name"":""lab-erli-stub"",""cpu"":""0.00%"",""mem"":""18.04MiB / 122.8GiB""},{""name"":""lab-eparagony-stub"",""cpu"":""0.00%"",""mem"":""20.36MiB / 122.8GiB""},{""name"":""lab-invoicing-stub"",""cpu"":""0.00%"",""mem"":""16.59MiB / 122.8GiB""},{""name"":""lab-shipping-stub"",""cpu"":""0.00%"",""mem"":""16.57MiB / 122.8GiB""},{""name"":""lab-eparagony-stub-tls"",""cpu"":""0.00%"",""mem"":""23.3MiB / 122.8GiB""},{""name"":""lab-erli-stub-tls"",""cpu"":""0.00%"",""mem"":""22.67MiB / 122.8GiB""},{""name"":""lab-wc-tls"",""cpu"":""0.06%"",""mem"":""27.8MiB / 122.8GiB""},{""name"":""lab-prestashop"",""cpu"":""1.08%"",""mem"":""137.6MiB / 122.8GiB""},{""name"":""lab-woocommerce"",""cpu"":""17.84%"",""mem"":""297.1MiB / 122.8GiB""},{""name"":""lab-redis"",""cpu"":""0.46%"",""mem"":""77.84MiB / 122.8GiB""},{""name"":""lab-postgres"",""cpu"":""5.61%"",""mem"":""254.5MiB / 122.8GiB""},{""name"":""lab-mysql"",""cpu"":""1.89%"",""mem"":""719.4MiB / 122.8GiB""},{""name"":""lab-woocommerce-mysql"",""cpu"":""23.55%"",""mem"":""509.5MiB / 122.8GiB""}]"
2026-09-10T13:12:21Z,3,42,1,47,0,2668140211,"[{""name"":""lab-worker-1"",""cpu"":""9.20%"",""mem"":""129.5MiB / 122.8GiB""},{""name"":""lab-api"",""cpu"":""0.00%"",""mem"":""155.5MiB / 122.8GiB""},{""name"":""lab-allegro-stub"",""cpu"":""0.18%"",""mem"":""20.34MiB / 122.8GiB""},{""name"":""lab-erli-stub"",""cpu"":""0.00%"",""mem"":""18.04MiB / 122.8GiB""},{""name"":""lab-eparagony-stub"",""cpu"":""0.00%"",""mem"":""20.36MiB / 122.8GiB""},{""name"":""lab-invoicing-stub"",""cpu"":""0.00%"",""mem"":""16.6MiB / 122.8GiB""},{""name"":""lab-shipping-stub"",""cpu"":""0.00%"",""mem"":""16.57MiB / 122.8GiB""},{""name"":""lab-eparagony-stub-tls"",""cpu"":""0.00%"",""mem"":""23.3MiB / 122.8GiB""},{""name"":""lab-erli-stub-tls"",""cpu"":""0.00%"",""mem"":""22.67MiB / 122.8GiB""},{""name"":""lab-wc-tls"",""cpu"":""0.06%"",""mem"":""27.8MiB / 122.8GiB""},{""name"":""lab-prestashop"",""cpu"":""1.58%"",""mem"":""137.6MiB / 122.8GiB""},{""name"":""lab-woocommerce"",""cpu"":""18.95%"",""mem"":""299.2MiB / 122.8GiB""},{""name"":""lab-redis"",""cpu"":""0.46%"",""mem"":""77.84MiB / 122.8GiB""},{""name"":""lab-postgres"",""cpu"":""6.34%"",""mem"":""254.5MiB / 122.8GiB""},{""name"":""lab-mysql"",""cpu"":""2.14%"",""mem"":""719.4MiB / 122.8GiB""},{""name"":""lab-woocommerce-mysql"",""cpu"":""21.19%"",""mem"":""509.5MiB / 122.8GiB""}]"
2026-09-10T13:12:21Z,3,42,1,47,0,2668140211,"[{""name"":""lab-worker-1"",""cpu"":""9.20%"",""mem"":""129.5MiB / 122.8GiB""},{""name"":""lab-api"",""cpu"":""0.00%"",""mem"":""155.5MiB / 122.8GiB""},{""name"":""lab-allegro-stub"",""cpu"":""0.18%"",""mem"":""20.34MiB / 122.8GiB""},{""name"":""lab-erli-stub"",""cpu"":""0.00%"",""mem"":""18.04MiB / 122.8GiB""},{""name"":""lab-eparagony-stub"",""cpu"":""0.00%"",""mem"":""20.36MiB / 122.8GiB""},{""name"":""lab-invoicing-stub"",""cpu"":""0.00%"",""mem"":""16.6MiB / 122.8GiB""},{""name"":""lab-shipping-stub"",""cpu"":""0.00%"",""mem"":""16.57MiB / 122.8GiB""},{""name"":""lab-eparagony-stub-tls"",""cpu"":""0.00%"",""mem"":""23.3MiB / 122.8GiB""},{""name"":""lab-erli-stub-tls"",""cpu"":""0.00%"",""mem"":""22.67MiB / 122.8GiB""},{""name"":""lab-wc-tls"",""cpu"":""0.06%"",""mem"":""27.8MiB / 122.8GiB""},{""name"":""lab-prestashop"",""cpu"":""1.58%"",""mem"":""137.6MiB / 122.8GiB""},{""name"":""lab-woocommerce"",""cpu"":""18.95%"",""mem"":""299.2MiB / 122.8GiB""},{""name"":""lab-redis"",""cpu"":""0.46%"",""mem"":""77.84MiB / 122.8GiB""},{""name"":""lab-postgres"",""cpu"":""6.34%"",""mem"":""254.5MiB / 122.8GiB""},{""name"":""lab-mysql"",""cpu"":""2.14%"",""mem"":""719.4MiB / 122.8GiB""},{""name"":""lab-woocommerce-mysql"",""cpu"":""21.05%"",""mem"":""510MiB / 122.8GiB""}]"
2026-09-10T13:12:24Z,4,39,2,47,0,2668164787,"[{""name"":""lab-worker-1"",""cpu"":""6.84%"",""mem"":""129.6MiB / 122.8GiB""},{""name"":""lab-api"",""cpu"":""0.00%"",""mem"":""155.5MiB / 122.8GiB""},{""name"":""lab-allegro-stub"",""cpu"":""0.10%"",""mem"":""20.34MiB / 122.8GiB""},{""name"":""lab-erli-stub"",""cpu"":""0.01%"",""mem"":""18.04MiB / 122.8GiB""},{""name"":""lab-eparagony-stub"",""cpu"":""0.01%"",""mem"":""20.36MiB / 122.8GiB""},{""name"":""lab-invoicing-stub"",""cpu"":""0.00%"",""mem"":""16.59MiB / 122.8GiB""},{""name"":""lab-shipping-stub"",""cpu"":""0.00%"",""mem"":""16.56MiB / 122.8GiB""},{""name"":""lab-eparagony-stub-tls"",""cpu"":""0.00%"",""mem"":""23.3MiB / 122.8GiB""},{""name"":""lab-erli-stub-tls"",""cpu"":""0.00%"",""mem"":""22.67MiB / 122.8GiB""},{""name"":""lab-wc-tls"",""cpu"":""0.05%"",""mem"":""27.8MiB / 122.8GiB""},{""name"":""lab-prestashop"",""cpu"":""1.62%"",""mem"":""137.6MiB / 122.8GiB""},{""name"":""lab-woocommerce"",""cpu"":""17.25%"",""mem"":""299.1MiB / 122.8GiB""},{""name"":""lab-redis"",""cpu"":""0.37%"",""mem"":""77.84MiB / 122.8GiB""},{""name"":""lab-postgres"",""cpu"":""5.30%"",""mem"":""254.5MiB / 122.8GiB""},{""name"":""lab-mysql"",""cpu"":""3.29%"",""mem"":""719.4MiB / 122.8GiB""},{""name"":""lab-woocommerce-mysql"",""cpu"":""21.52%"",""mem"":""509.5MiB / 122.8GiB""}]"
2026-09-10T13:12:24Z,4,39,2,47,0,2668164787,"[{""name"":""lab-worker-1"",""cpu"":""6.84%"",""mem"":""129.6MiB / 122.8GiB""},{""name"":""lab-api"",""cpu"":""0.00%"",""mem"":""155.5MiB / 122.8GiB""},{""name"":""lab-allegro-stub"",""cpu"":""0.10%"",""mem"":""20.34MiB / 122.8GiB""},{""name"":""lab-erli-stub"",""cpu"":""0.01%"",""mem"":""18.04MiB / 122.8GiB""},{""name"":""lab-eparagony-stub"",""cpu"":""0.01%"",""mem"":""20.36MiB / 122.8GiB""},{""name"":""lab-invoicing-stub"",""cpu"":""0.00%"",""mem"":""16.59MiB / 122.8GiB""},{""name"":""lab-shipping-stub"",""cpu"":""0.00%"",""mem"":""16.56MiB / 122.8GiB""},{""name"":""lab-eparagony-stub-tls"",""cpu"":""0.00%"",""mem"":""23.3MiB / 122.8GiB""},{""name"":""lab-erli-stub-tls"",""cpu"":""0.00%"",""mem"":""22.67MiB / 122.8GiB""},{""name"":""lab-wc-tls"",""cpu"":""0.05%"",""mem"":""27.8MiB / 122.8GiB""},{""name"":""lab-prestashop"",""cpu"":""1.62%"",""mem"":""137.6MiB / 122.8GiB""},{""name"":""lab-woocommerce"",""cpu"":""17.25%"",""mem"":""299.1MiB / 122.8GiB""},{""name"":""lab-redis"",""cpu"":""0.37%"",""mem"":""77.84MiB / 122.8GiB""},{""name"":""lab-postgres"",""cpu"":""5.30%"",""mem"":""254.5MiB / 122.8GiB""},{""name"":""lab-mysql"",""cpu"":""3.29%"",""mem"":""719.4MiB / 122.8GiB""},{""name"":""lab-woocommerce-mysql"",""cpu"":""19.08%"",""mem"":""509.5MiB / 122.8GiB""}]"
2026-09-10T13:12:28Z,3,36,1,47,0,2668164787,"[{""name"":""lab-worker-1"",""cpu"":""7.93%"",""mem"":""129.5MiB / 122.8GiB""},{""name"":""lab-api"",""cpu"":""0.00%"",""mem"":""155.5MiB / 122.8GiB""},{""name"":""lab-allegro-stub"",""cpu"":""0.13%"",""mem"":""20.34MiB / 122.8GiB""},{""name"":""lab-erli-stub"",""cpu"":""0.00%"",""mem"":""18.04MiB / 122.8GiB""},{""name"":""lab-eparagony-stub"",""cpu"":""2.42%"",""mem"":""27.54MiB / 122.8GiB""},{""name"":""lab-invoicing-stub"",""cpu"":""0.00%"",""mem"":""16.59MiB / 122.8GiB""},{""name"":""lab-shipping-stub"",""cpu"":""0.00%"",""mem"":""16.56MiB / 122.8GiB""},{""name"":""lab-eparagony-stub-tls"",""cpu"":""0.00%"",""mem"":""23.3MiB / 122.8GiB""},{""name"":""lab-erli-stub-tls"",""cpu"":""0.00%"",""mem"":""22.67MiB / 122.8GiB""},{""name"":""lab-wc-tls"",""cpu"":""0.10%"",""mem"":""27.8MiB / 122.8GiB""},{""name"":""lab-prestashop"",""cpu"":""0.94%"",""mem"":""137.6MiB / 122.8GiB""},{""name"":""lab-woocommerce"",""cpu"":""25.18%"",""mem"":""306.6MiB / 122.8GiB""},{""name"":""lab-redis"",""cpu"":""0.39%"",""mem"":""77.85MiB / 122.8GiB""},{""name"":""lab-postgres"",""cpu"":""6.64%"",""mem"":""254.5MiB / 122.8GiB""},{""name"":""lab-mysql"",""cpu"":""1.49%"",""mem"":""719.4MiB / 122.8GiB""},{""name"":""lab-woocommerce-mysql"",""cpu"":""19.10%"",""mem"":""509.6MiB / 122.8GiB""}]"
2026-09-10T13:12:28Z,3,36,1,47,2,2668164787,"[{""name"":""lab-worker-1"",""cpu"":""7.93%"",""mem"":""129.5MiB / 122.8GiB""},{""name"":""lab-api"",""cpu"":""0.00%"",""mem"":""155.5MiB / 122.8GiB""},{""name"":""lab-allegro-stub"",""cpu"":""0.13%"",""mem"":""20.34MiB / 122.8GiB""},{""name"":""lab-erli-stub"",""cpu"":""0.00%"",""mem"":""18.04MiB / 122.8GiB""},{""name"":""lab-eparagony-stub"",""cpu"":""2.42%"",""mem"":""27.54MiB / 122.8GiB""},{""name"":""lab-invoicing-stub"",""cpu"":""0.00%"",""mem"":""16.59MiB / 122.8GiB""},{""name"":""lab-shipping-stub"",""cpu"":""0.00%"",""mem"":""16.56MiB / 122.8GiB""},{""name"":""lab-eparagony-stub-tls"",""cpu"":""0.00%"",""mem"":""23.3MiB / 122.8GiB""},{""name"":""lab-erli-stub-tls"",""cpu"":""0.00%"",""mem"":""22.67MiB / 122.8GiB""},{""name"":""lab-wc-tls"",""cpu"":""0.10%"",""mem"":""27.8MiB / 122.8GiB""},{""name"":""lab-prestashop"",""cpu"":""0.94%"",""mem"":""137.6MiB / 122.8GiB""},{""name"":""lab-woocommerce"",""cpu"":""25.18%"",""mem"":""306.6MiB / 122.8GiB""},{""name"":""lab-redis"",""cpu"":""0.39%"",""mem"":""77.85MiB / 122.8GiB""},{""name"":""lab-postgres"",""cpu"":""6.64%"",""mem"":""254.5MiB / 122.8GiB""},{""name"":""lab-mysql"",""cpu"":""1.49%"",""mem"":""719.4MiB / 122.8GiB""},{""name"":""lab-woocommerce-mysql"",""cpu"":""19.10%"",""mem"":""509.6MiB / 122.8GiB""}]"
2026-09-10T13:12:31Z,4,32,2,47,0,2668164787,"[{""name"":""lab-worker-1"",""cpu"":""13.29%"",""mem"":""129.6MiB / 122.8GiB""},{""name"":""lab-api"",""cpu"":""0.00%"",""mem"":""155.5MiB / 122.8GiB""},{""name"":""lab-allegro-stub"",""cpu"":""0.04%"",""mem"":""20.34MiB / 122.8GiB""},{""name"":""lab-erli-stub"",""cpu"":""0.00%"",""mem"":""18.04MiB / 122.8GiB""},{""name"":""lab-eparagony-stub"",""cpu"":""0.00%"",""mem"":""20.36MiB / 122.8GiB""},{""name"":""lab-invoicing-stub"",""cpu"":""0.01%"",""mem"":""16.59MiB / 122.8GiB""},{""name"":""lab-shipping-stub"",""cpu"":""0.01%"",""mem"":""16.57MiB / 122.8GiB""},{""name"":""lab-eparagony-stub-tls"",""cpu"":""0.00%"",""mem"":""23.3MiB / 122.8GiB""},{""name"":""lab-erli-stub-tls"",""cpu"":""0.00%"",""mem"":""22.67MiB / 122.8GiB""},{""name"":""lab-wc-tls"",""cpu"":""0.05%"",""mem"":""28.25MiB / 122.8GiB""},{""name"":""lab-prestashop"",""cpu"":""2.75%"",""mem"":""137.6MiB / 122.8GiB""},{""name"":""lab-woocommerce"",""cpu"":""7.63%"",""mem"":""301.1MiB / 122.8GiB""},{""name"":""lab-redis"",""cpu"":""0.55%"",""mem"":""77.85MiB / 122.8GiB""},{""name"":""lab-postgres"",""cpu"":""6.97%"",""mem"":""254.5MiB / 122.8GiB""},{""name"":""lab-mysql"",""cpu"":""3.02%"",""mem"":""719.4MiB / 122.8GiB""},{""name"":""lab-woocommerce-mysql"",""cpu"":""3.27%"",""mem"":""509.5MiB / 122.8GiB""}]"
2026-09-10T13:12:31Z,4,32,2,47,0,2668164787,"[{""name"":""lab-worker-1"",""cpu"":""13.29%"",""mem"":""129.6MiB / 122.8GiB""},{""name"":""lab-api"",""cpu"":""0.00%"",""mem"":""155.5MiB / 122.8GiB""},{""name"":""lab-allegro-stub"",""cpu"":""0.04%"",""mem"":""20.34MiB / 122.8GiB""},{""name"":""lab-erli-stub"",""cpu"":""0.00%"",""mem"":""18.04MiB / 122.8GiB""},{""name"":""lab-eparagony-stub"",""cpu"":""0.00%"",""mem"":""20.36MiB / 122.8GiB""},{""name"":""lab-invoicing-stub"",""cpu"":""0.01%"",""mem"":""16.59MiB / 122.8GiB""},{""name"":""lab-shipping-stub"",""cpu"":""0.01%"",""mem"":""16.57MiB / 122.8GiB""},{""name"":""lab-eparagony-stub-tls"",""cpu"":""0.00%"",""mem"":""23.3MiB / 122.8GiB""},{""name"":""lab-erli-stub-tls"",""cpu"":""0.00%"",""mem"":""22.67MiB / 122.8GiB""},{""name"":""lab-wc-tls"",""cpu"":""0.05%"",""mem"":""28.25MiB / 122.8GiB""},{""name"":""lab-prestashop"",""cpu"":""2.75%"",""mem"":""137.6MiB / 122.8GiB""},{""name"":""lab-woocommerce"",""cpu"":""7.63%"",""mem"":""301.1MiB / 122.8GiB""},{""name"":""lab-redis"",""cpu"":""0.55%"",""mem"":""77.85MiB / 122.8GiB""},{""name"":""lab-postgres"",""cpu"":""6.97%"",""mem"":""254.5MiB / 122.8GiB""},{""name"":""lab-mysql"",""cpu"":""3.02%"",""mem"":""719.4MiB / 122.8GiB""},{""name"":""lab-woocommerce-mysql"",""cpu"":""3.27%"",""mem"":""509.5MiB / 122.8GiB""}]"
2026-09-10T13:12:35Z,3,30,1,47,0,2668181171,"[{""name"":""lab-worker-1"",""cpu"":""8.53%"",""mem"":""129.9MiB / 122.8GiB""},{""name"":""lab-api"",""cpu"":""0.00%"",""mem"":""155.5MiB / 122.8GiB""},{""name"":""lab-allegro-stub"",""cpu"":""2.48%"",""mem"":""20.34MiB / 122.8GiB""},{""name"":""lab-erli-stub"",""cpu"":""0.00%"",""mem"":""18.04MiB / 122.8GiB""},{""name"":""lab-eparagony-stub"",""cpu"":""0.00%"",""mem"":""20.36MiB / 122.8GiB""},{""name"":""lab-invoicing-stub"",""cpu"":""2.44%"",""mem"":""16.6MiB / 122.8GiB""},{""name"":""lab-shipping-stub"",""cpu"":""2.48%"",""mem"":""16.57MiB / 122.8GiB""},{""name"":""lab-eparagony-stub-tls"",""cpu"":""0.00%"",""mem"":""23.3MiB / 122.8GiB""},{""name"":""lab-erli-stub-tls"",""cpu"":""0.00%"",""mem"":""22.67MiB / 122.8GiB""},{""name"":""lab-wc-tls"",""cpu"":""0.08%"",""mem"":""28.21MiB / 122.8GiB""},{""name"":""lab-prestashop"",""cpu"":""1.10%"",""mem"":""137.6MiB / 122.8GiB""},{""name"":""lab-woocommerce"",""cpu"":""17.38%"",""mem"":""301.1MiB / 122.8GiB""},{""name"":""lab-redis"",""cpu"":""0.37%"",""mem"":""77.85MiB / 122.8GiB""},{""name"":""lab-postgres"",""cpu"":""4.81%"",""mem"":""254.6MiB / 122.8GiB""},{""name"":""lab-mysql"",""cpu"":""1.86%"",""mem"":""719.4MiB / 122.8GiB""},{""name"":""lab-woocommerce-mysql"",""cpu"":""19.47%"",""mem"":""509.5MiB / 122.8GiB""}]"
2026-09-10T13:12:35Z,3,30,1,47,0,2668181171,"[{""name"":""lab-worker-1"",""cpu"":""8.53%"",""mem"":""129.9MiB / 122.8GiB""},{""name"":""lab-api"",""cpu"":""0.00%"",""mem"":""155.5MiB / 122.8GiB""},{""name"":""lab-allegro-stub"",""cpu"":""2.48%"",""mem"":""20.34MiB / 122.8GiB""},{""name"":""lab-erli-stub"",""cpu"":""0.00%"",""mem"":""18.04MiB / 122.8GiB""},{""name"":""lab-eparagony-stub"",""cpu"":""0.00%"",""mem"":""20.36MiB / 122.8GiB""},{""name"":""lab-invoicing-stub"",""cpu"":""2.44%"",""mem"":""16.6MiB / 122.8GiB""},{""name"":""lab-shipping-stub"",""cpu"":""2.48%"",""mem"":""16.57MiB / 122.8GiB""},{""name"":""lab-eparagony-stub-tls"",""cpu"":""0.00%"",""mem"":""23.3MiB / 122.8GiB""},{""name"":""lab-erli-stub-tls"",""cpu"":""0.00%"",""mem"":""22.67MiB / 122.8GiB""},{""name"":""lab-wc-tls"",""cpu"":""0.08%"",""mem"":""28.21MiB / 122.8GiB""},{""name"":""lab-prestashop"",""cpu"":""1.10%"",""mem"":""137.6MiB / 122.8GiB""},{""name"":""lab-woocommerce"",""cpu"":""17.38%"",""mem"":""301.1MiB / 122.8GiB""},{""name"":""lab-redis"",""cpu"":""0.37%"",""mem"":""77.85MiB / 122.8GiB""},{""name"":""lab-postgres"",""cpu"":""4.81%"",""mem"":""254.6MiB / 122.8GiB""},{""name"":""lab-mysql"",""cpu"":""1.86%"",""mem"":""719.4MiB / 122.8GiB""},{""name"":""lab-woocommerce-mysql"",""cpu"":""20.05%"",""mem"":""509.5MiB / 122.8GiB""}]"
2026-09-10T13:12:39Z,4,26,3,47,0,2668181171,"[{""name"":""lab-worker-1"",""cpu"":""9.02%"",""mem"":""129.7MiB / 122.8GiB""},{""name"":""lab-api"",""cpu"":""0.00%"",""mem"":""155.5MiB / 122.8GiB""},{""name"":""lab-allegro-stub"",""cpu"":""0.09%"",""mem"":""20.34MiB / 122.8GiB""},{""name"":""lab-erli-stub"",""cpu"":""3.08%"",""mem"":""18.04MiB / 122.8GiB""},{""name"":""lab-eparagony-stub"",""cpu"":""2.68%"",""mem"":""20.37MiB / 122.8GiB""},{""name"":""lab-invoicing-stub"",""cpu"":""0.00%"",""mem"":""16.59MiB / 122.8GiB""},{""name"":""lab-shipping-stub"",""cpu"":""0.00%"",""mem"":""16.57MiB / 122.8GiB""},{""name"":""lab-eparagony-stub-tls"",""cpu"":""0.00%"",""mem"":""23.3MiB / 122.8GiB""},{""name"":""lab-erli-stub-tls"",""cpu"":""0.00%"",""mem"":""22.67MiB / 122.8GiB""},{""name"":""lab-wc-tls"",""cpu"":""0.05%"",""mem"":""28.22MiB / 122.8GiB""},{""name"":""lab-prestashop"",""cpu"":""1.62%"",""mem"":""135.6MiB / 122.8GiB""},{""name"":""lab-woocommerce"",""cpu"":""18.28%"",""mem"":""301.2MiB / 122.8GiB""},{""name"":""lab-redis"",""cpu"":""0.39%"",""mem"":""77.85MiB / 122.8GiB""},{""name"":""lab-postgres"",""cpu"":""5.94%"",""mem"":""254.5MiB / 122.8GiB""},{""name"":""lab-mysql"",""cpu"":""1.53%"",""mem"":""719.4MiB / 122.8GiB""},{""name"":""lab-woocommerce-mysql"",""cpu"":""17.75%"",""mem"":""510.1MiB / 122.8GiB""}]"
2026-09-10T13:12:39Z,4,26,3,47,0,2668181171,"[{""name"":""lab-worker-1"",""cpu"":""9.02%"",""mem"":""129.7MiB / 122.8GiB""},{""name"":""lab-api"",""cpu"":""0.00%"",""mem"":""155.5MiB / 122.8GiB""},{""name"":""lab-allegro-stub"",""cpu"":""0.09%"",""mem"":""20.34MiB / 122.8GiB""},{""name"":""lab-erli-stub"",""cpu"":""3.08%"",""mem"":""18.04MiB / 122.8GiB""},{""name"":""lab-eparagony-stub"",""cpu"":""2.68%"",""mem"":""20.37MiB / 122.8GiB""},{""name"":""lab-invoicing-stub"",""cpu"":""0.00%"",""mem"":""16.59MiB / 122.8GiB""},{""name"":""lab-shipping-stub"",""cpu"":""0.00%"",""mem"":""16.57MiB / 122.8GiB""},{""name"":""lab-eparagony-stub-tls"",""cpu"":""0.00%"",""mem"":""23.3MiB / 122.8GiB""},{""name"":""lab-erli-stub-tls"",""cpu"":""0.00%"",""mem"":""22.67MiB / 122.8GiB""},{""name"":""lab-wc-tls"",""cpu"":""0.05%"",""mem"":""28.22MiB / 122.8GiB""},{""name"":""lab-prestashop"",""cpu"":""1.62%"",""mem"":""135.6MiB / 122.8GiB""},{""name"":""lab-woocommerce"",""cpu"":""18.28%"",""mem"":""301.2MiB / 122.8GiB""},{""name"":""lab-redis"",""cpu"":""0.39%"",""mem"":""77.85MiB / 122.8GiB""},{""name"":""lab-postgres"",""cpu"":""5.94%"",""mem"":""254.5MiB / 122.8GiB""},{""name"":""lab-mysql"",""cpu"":""1.53%"",""mem"":""719.4MiB / 122.8GiB""},{""name"":""lab-woocommerce-mysql"",""cpu"":""17.75%"",""mem"":""510.1MiB / 122.8GiB""}]"
2026-09-10T13:12:42Z,4,23,1,47,0,2668189363,"[{""name"":""lab-worker-1"",""cpu"":""7.64%"",""mem"":""129.7MiB / 122.8GiB""},{""name"":""lab-api"",""cpu"":""0.01%"",""mem"":""155.5MiB / 122.8GiB""},{""name"":""lab-allegro-stub"",""cpu"":""0.08%"",""mem"":""20.34MiB / 122.8GiB""},{""name"":""lab-erli-stub"",""cpu"":""0.01%"",""mem"":""18.04MiB / 122.8GiB""},{""name"":""lab-eparagony-stub"",""cpu"":""0.00%"",""mem"":""20.36MiB / 122.8GiB""},{""name"":""lab-invoicing-stub"",""cpu"":""0.00%"",""mem"":""16.59MiB / 122.8GiB""},{""name"":""lab-shipping-stub"",""cpu"":""0.00%"",""mem"":""16.57MiB / 122.8GiB""},{""name"":""lab-eparagony-stub-tls"",""cpu"":""0.00%"",""mem"":""23.3MiB / 122.8GiB""},{""name"":""lab-erli-stub-tls"",""cpu"":""0.00%"",""mem"":""22.67MiB / 122.8GiB""},{""name"":""lab-wc-tls"",""cpu"":""0.04%"",""mem"":""28.21MiB / 122.8GiB""},{""name"":""lab-prestashop"",""cpu"":""1.21%"",""mem"":""135.6MiB / 122.8GiB""},{""name"":""lab-woocommerce"",""cpu"":""17.21%"",""mem"":""301.1MiB / 122.8GiB""},{""name"":""lab-redis"",""cpu"":""3.74%"",""mem"":""78.1MiB / 122.8GiB""},{""name"":""lab-postgres"",""cpu"":""6.50%"",""mem"":""254.5MiB / 122.8GiB""},{""name"":""lab-mysql"",""cpu"":""1.51%"",""mem"":""719.4MiB / 122.8GiB""},{""name"":""lab-woocommerce-mysql"",""cpu"":""17.97%"",""mem"":""509.6MiB / 122.8GiB""}]"
2026-09-10T13:12:42Z,4,23,1,47,0,2668189363,"[{""name"":""lab-worker-1"",""cpu"":""7.64%"",""mem"":""129.7MiB / 122.8GiB""},{""name"":""lab-api"",""cpu"":""0.01%"",""mem"":""155.5MiB / 122.8GiB""},{""name"":""lab-allegro-stub"",""cpu"":""0.08%"",""mem"":""20.34MiB / 122.8GiB""},{""name"":""lab-erli-stub"",""cpu"":""0.01%"",""mem"":""18.04MiB / 122.8GiB""},{""name"":""lab-eparagony-stub"",""cpu"":""0.00%"",""mem"":""20.36MiB / 122.8GiB""},{""name"":""lab-invoicing-stub"",""cpu"":""0.00%"",""mem"":""16.59MiB / 122.8GiB""},{""name"":""lab-shipping-stub"",""cpu"":""0.00%"",""mem"":""16.57MiB / 122.8GiB""},{""name"":""lab-eparagony-stub-tls"",""cpu"":""0.00%"",""mem"":""23.3MiB / 122.8GiB""},{""name"":""lab-erli-stub-tls"",""cpu"":""0.00%"",""mem"":""22.67MiB / 122.8GiB""},{""name"":""lab-wc-tls"",""cpu"":""0.04%"",""mem"":""28.21MiB / 122.8GiB""},{""name"":""lab-prestashop"",""cpu"":""1.21%"",""mem"":""135.6MiB / 122.8GiB""},{""name"":""lab-woocommerce"",""cpu"":""17.21%"",""mem"":""301.1MiB / 122.8GiB""},{""name"":""lab-redis"",""cpu"":""3.74%"",""mem"":""78.1MiB / 122.8GiB""},{""name"":""lab-postgres"",""cpu"":""6.50%"",""mem"":""254.5MiB / 122.8GiB""},{""name"":""lab-mysql"",""cpu"":""1.51%"",""mem"":""719.4MiB / 122.8GiB""},{""name"":""lab-woocommerce-mysql"",""cpu"":""17.64%"",""mem"":""509.6MiB / 122.8GiB""}]"
2026-09-10T13:12:46Z,3,20,2,47,0,2668189363,"[{""name"":""lab-worker-1"",""cpu"":""6.24%"",""mem"":""129.6MiB / 122.8GiB""},{""name"":""lab-api"",""cpu"":""0.00%"",""mem"":""155.5MiB / 122.8GiB""},{""name"":""lab-allegro-stub"",""cpu"":""3.12%"",""mem"":""20.35MiB / 122.8GiB""},{""name"":""lab-erli-stub"",""cpu"":""0.00%"",""mem"":""18.04MiB / 122.8GiB""},{""name"":""lab-eparagony-stub"",""cpu"":""0.00%"",""mem"":""20.36MiB / 122.8GiB""},{""name"":""lab-invoicing-stub"",""cpu"":""2.85%"",""mem"":""16.6MiB / 122.8GiB""},{""name"":""lab-shipping-stub"",""cpu"":""2.73%"",""mem"":""16.57MiB / 122.8GiB""},{""name"":""lab-eparagony-stub-tls"",""cpu"":""0.00%"",""mem"":""23.3MiB / 122.8GiB""},{""name"":""lab-erli-stub-tls"",""cpu"":""0.00%"",""mem"":""22.67MiB / 122.8GiB""},{""name"":""lab-wc-tls"",""cpu"":""0.04%"",""mem"":""28.22MiB / 122.8GiB""},{""name"":""lab-prestashop"",""cpu"":""1.59%"",""mem"":""135.6MiB / 122.8GiB""},{""name"":""lab-woocommerce"",""cpu"":""15.81%"",""mem"":""301.2MiB / 122.8GiB""},{""name"":""lab-redis"",""cpu"":""0.47%"",""mem"":""77.86MiB / 122.8GiB""},{""name"":""lab-postgres"",""cpu"":""4.17%"",""mem"":""254.5MiB / 122.8GiB""},{""name"":""lab-mysql"",""cpu"":""1.49%"",""mem"":""719.4MiB / 122.8GiB""},{""name"":""lab-woocommerce-mysql"",""cpu"":""18.79%"",""mem"":""509.6MiB / 122.8GiB""}]"
2026-09-10T13:12:46Z,3,20,1,47,0,2668189363,"[{""name"":""lab-worker-1"",""cpu"":""7.34%"",""mem"":""129.7MiB / 122.8GiB""},{""name"":""lab-api"",""cpu"":""0.00%"",""mem"":""155.5MiB / 122.8GiB""},{""name"":""lab-allegro-stub"",""cpu"":""3.12%"",""mem"":""20.35MiB / 122.8GiB""},{""name"":""lab-erli-stub"",""cpu"":""0.00%"",""mem"":""18.04MiB / 122.8GiB""},{""name"":""lab-eparagony-stub"",""cpu"":""0.00%"",""mem"":""20.36MiB / 122.8GiB""},{""name"":""lab-invoicing-stub"",""cpu"":""2.85%"",""mem"":""16.6MiB / 122.8GiB""},{""name"":""lab-shipping-stub"",""cpu"":""2.73%"",""mem"":""16.57MiB / 122.8GiB""},{""name"":""lab-eparagony-stub-tls"",""cpu"":""0.00%"",""mem"":""23.3MiB / 122.8GiB""},{""name"":""lab-erli-stub-tls"",""cpu"":""0.00%"",""mem"":""22.67MiB / 122.8GiB""},{""name"":""lab-wc-tls"",""cpu"":""0.04%"",""mem"":""28.22MiB / 122.8GiB""},{""name"":""lab-prestashop"",""cpu"":""1.59%"",""mem"":""135.6MiB / 122.8GiB""},{""name"":""lab-woocommerce"",""cpu"":""15.81%"",""mem"":""301.2MiB / 122.8GiB""},{""name"":""lab-redis"",""cpu"":""0.47%"",""mem"":""77.86MiB / 122.8GiB""},{""name"":""lab-postgres"",""cpu"":""4.17%"",""mem"":""254.5MiB / 122.8GiB""},{""name"":""lab-mysql"",""cpu"":""1.49%"",""mem"":""719.4MiB / 122.8GiB""},{""name"":""lab-woocommerce-mysql"",""cpu"":""18.79%"",""mem"":""509.6MiB / 122.8GiB""}]"
2026-09-10T13:12:49Z,4,15,2,47,0,2668197555,"[{""name"":""lab-worker-1"",""cpu"":""4.98%"",""mem"":""129.9MiB / 122.8GiB""},{""name"":""lab-api"",""cpu"":""0.01%"",""mem"":""155.7MiB / 122.8GiB""},{""name"":""lab-allegro-stub"",""cpu"":""0.03%"",""mem"":""20.35MiB / 122.8GiB""},{""name"":""lab-erli-stub"",""cpu"":""3.78%"",""mem"":""18.04MiB / 122.8GiB""},{""name"":""lab-eparagony-stub"",""cpu"":""2.68%"",""mem"":""20.36MiB / 122.8GiB""},{""name"":""lab-invoicing-stub"",""cpu"":""0.00%"",""mem"":""16.59MiB / 122.8GiB""},{""name"":""lab-shipping-stub"",""cpu"":""0.00%"",""mem"":""16.57MiB / 122.8GiB""},{""name"":""lab-eparagony-stub-tls"",""cpu"":""0.00%"",""mem"":""23.3MiB / 122.8GiB""},{""name"":""lab-erli-stub-tls"",""cpu"":""0.00%"",""mem"":""22.67MiB / 122.8GiB""},{""name"":""lab-wc-tls"",""cpu"":""0.05%"",""mem"":""28.21MiB / 122.8GiB""},{""name"":""lab-prestashop"",""cpu"":""1.01%"",""mem"":""135.6MiB / 122.8GiB""},{""name"":""lab-woocommerce"",""cpu"":""15.81%"",""mem"":""301.1MiB / 122.8GiB""},{""name"":""lab-redis"",""cpu"":""0.35%"",""mem"":""77.86MiB / 122.8GiB""},{""name"":""lab-postgres"",""cpu"":""2.95%"",""mem"":""254.8MiB / 122.8GiB""},{""name"":""lab-mysql"",""cpu"":""1.60%"",""mem"":""719.4MiB / 122.8GiB""},{""name"":""lab-woocommerce-mysql"",""cpu"":""16.11%"",""mem"":""509.6MiB / 122.8GiB""}]"
2026-09-10T13:12:49Z,4,15,2,47,0,2668197555,"[{""name"":""lab-worker-1"",""cpu"":""5.37%"",""mem"":""129.7MiB / 122.8GiB""},{""name"":""lab-api"",""cpu"":""0.01%"",""mem"":""155.7MiB / 122.8GiB""},{""name"":""lab-allegro-stub"",""cpu"":""0.03%"",""mem"":""20.35MiB / 122.8GiB""},{""name"":""lab-erli-stub"",""cpu"":""3.78%"",""mem"":""18.04MiB / 122.8GiB""},{""name"":""lab-eparagony-stub"",""cpu"":""2.68%"",""mem"":""20.36MiB / 122.8GiB""},{""name"":""lab-invoicing-stub"",""cpu"":""0.00%"",""mem"":""16.59MiB / 122.8GiB""},{""name"":""lab-shipping-stub"",""cpu"":""0.00%"",""mem"":""16.57MiB / 122.8GiB""},{""name"":""lab-eparagony-stub-tls"",""cpu"":""0.00%"",""mem"":""23.3MiB / 122.8GiB""},{""name"":""lab-erli-stub-tls"",""cpu"":""0.00%"",""mem"":""22.67MiB / 122.8GiB""},{""name"":""lab-wc-tls"",""cpu"":""0.05%"",""mem"":""28.21MiB / 122.8GiB""},{""name"":""lab-prestashop"",""cpu"":""1.01%"",""mem"":""135.6MiB / 122.8GiB""},{""name"":""lab-woocommerce"",""cpu"":""15.81%"",""mem"":""301.1MiB / 122.8GiB""},{""name"":""lab-redis"",""cpu"":""0.35%"",""mem"":""77.86MiB / 122.8GiB""},{""name"":""lab-postgres"",""cpu"":""2.95%"",""mem"":""254.8MiB / 122.8GiB""},{""name"":""lab-mysql"",""cpu"":""1.60%"",""mem"":""719.4MiB / 122.8GiB""},{""name"":""lab-woocommerce-mysql"",""cpu"":""16.11%"",""mem"":""509.6MiB / 122.8GiB""}]"
2026-09-10T13:12:53Z,3,13,1,47,0,2668213939,"[{""name"":""lab-worker-1"",""cpu"":""6.51%"",""mem"":""129.8MiB / 122.8GiB""},{""name"":""lab-api"",""cpu"":""0.01%"",""mem"":""155.7MiB / 122.8GiB""},{""name"":""lab-allegro-stub"",""cpu"":""0.09%"",""mem"":""20.34MiB / 122.8GiB""},{""name"":""lab-erli-stub"",""cpu"":""0.00%"",""mem"":""18.04MiB / 122.8GiB""},{""name"":""lab-eparagony-stub"",""cpu"":""0.00%"",""mem"":""20.36MiB / 122.8GiB""},{""name"":""lab-invoicing-stub"",""cpu"":""0.00%"",""mem"":""16.59MiB / 122.8GiB""},{""name"":""lab-shipping-stub"",""cpu"":""0.00%"",""mem"":""16.57MiB / 122.8GiB""},{""name"":""lab-eparagony-stub-tls"",""cpu"":""0.00%"",""mem"":""23.3MiB / 122.8GiB""},{""name"":""lab-erli-stub-tls"",""cpu"":""0.00%"",""mem"":""22.67MiB / 122.8GiB""},{""name"":""lab-wc-tls"",""cpu"":""0.07%"",""mem"":""28.22MiB / 122.8GiB""},{""name"":""lab-prestashop"",""cpu"":""0.92%"",""mem"":""135.6MiB / 122.8GiB""},{""name"":""lab-woocommerce"",""cpu"":""18.57%"",""mem"":""301.2MiB / 122.8GiB""},{""name"":""lab-redis"",""cpu"":""3.92%"",""mem"":""77.86MiB / 122.8GiB""},{""name"":""lab-postgres"",""cpu"":""6.86%"",""mem"":""254.6MiB / 122.8GiB""},{""name"":""lab-mysql"",""cpu"":""1.50%"",""mem"":""719.4MiB / 122.8GiB""},{""name"":""lab-woocommerce-mysql"",""cpu"":""21.01%"",""mem"":""509.6MiB / 122.8GiB""}]"
2026-09-10T13:12:53Z,3,13,1,47,0,2668213939,"[{""name"":""lab-worker-1"",""cpu"":""6.51%"",""mem"":""129.8MiB / 122.8GiB""},{""name"":""lab-api"",""cpu"":""0.01%"",""mem"":""155.7MiB / 122.8GiB""},{""name"":""lab-allegro-stub"",""cpu"":""0.09%"",""mem"":""20.34MiB / 122.8GiB""},{""name"":""lab-erli-stub"",""cpu"":""0.00%"",""mem"":""18.04MiB / 122.8GiB""},{""name"":""lab-eparagony-stub"",""cpu"":""0.00%"",""mem"":""20.36MiB / 122.8GiB""},{""name"":""lab-invoicing-stub"",""cpu"":""0.00%"",""mem"":""16.59MiB / 122.8GiB""},{""name"":""lab-shipping-stub"",""cpu"":""0.00%"",""mem"":""16.57MiB / 122.8GiB""},{""name"":""lab-eparagony-stub-tls"",""cpu"":""0.00%"",""mem"":""23.3MiB / 122.8GiB""},{""name"":""lab-erli-stub-tls"",""cpu"":""0.00%"",""mem"":""22.67MiB / 122.8GiB""},{""name"":""lab-wc-tls"",""cpu"":""0.07%"",""mem"":""28.22MiB / 122.8GiB""},{""name"":""lab-prestashop"",""cpu"":""0.92%"",""mem"":""135.6MiB / 122.8GiB""},{""name"":""lab-woocommerce"",""cpu"":""18.57%"",""mem"":""301.2MiB / 122.8GiB""},{""name"":""lab-redis"",""cpu"":""3.92%"",""mem"":""77.86MiB / 122.8GiB""},{""name"":""lab-postgres"",""cpu"":""6.86%"",""mem"":""254.6MiB / 122.8GiB""},{""name"":""lab-mysql"",""cpu"":""1.50%"",""mem"":""719.4MiB / 122.8GiB""},{""name"":""lab-woocommerce-mysql"",""cpu"":""19.36%"",""mem"":""509.6MiB / 122.8GiB""}]"
2026-09-10T13:12:56Z,4,9,2,47,0,2668213939,"[{""name"":""lab-worker-1"",""cpu"":""8.49%"",""mem"":""129.7MiB / 122.8GiB""},{""name"":""lab-api"",""cpu"":""0.00%"",""mem"":""155.7MiB / 122.8GiB""},{""name"":""lab-allegro-stub"",""cpu"":""0.08%"",""mem"":""20.35MiB / 122.8GiB""},{""name"":""lab-erli-stub"",""cpu"":""0.00%"",""mem"":""18.04MiB / 122.8GiB""},{""name"":""lab-eparagony-stub"",""cpu"":""0.00%"",""mem"":""20.36MiB / 122.8GiB""},{""name"":""lab-invoicing-stub"",""cpu"":""0.01%"",""mem"":""16.6MiB / 122.8GiB""},{""name"":""lab-shipping-stub"",""cpu"":""0.02%"",""mem"":""16.57MiB / 122.8GiB""},{""name"":""lab-eparagony-stub-tls"",""cpu"":""0.00%"",""mem"":""23.3MiB / 122.8GiB""},{""name"":""lab-erli-stub-tls"",""cpu"":""0.00%"",""mem"":""22.67MiB / 122.8GiB""},{""name"":""lab-wc-tls"",""cpu"":""0.07%"",""mem"":""28.21MiB / 122.8GiB""},{""name"":""lab-prestashop"",""cpu"":""1.59%"",""mem"":""135.6MiB / 122.8GiB""},{""name"":""lab-woocommerce"",""cpu"":""17.63%"",""mem"":""301.1MiB / 122.8GiB""},{""name"":""lab-redis"",""cpu"":""0.41%"",""mem"":""77.86MiB / 122.8GiB""},{""name"":""lab-postgres"",""cpu"":""22.72%"",""mem"":""254.7MiB / 122.8GiB""},{""name"":""lab-mysql"",""cpu"":""1.56%"",""mem"":""719.4MiB / 122.8GiB""},{""name"":""lab-woocommerce-mysql"",""cpu"":""17.40%"",""mem"":""509.6MiB / 122.8GiB""}]"
2026-09-10T13:13:00Z,3,6,1,47,0,2667714227,"[{""name"":""lab-worker-1"",""cpu"":""5.26%"",""mem"":""129.7MiB / 122.8GiB""},{""name"":""lab-api"",""cpu"":""0.00%"",""mem"":""155.7MiB / 122.8GiB""},{""name"":""lab-allegro-stub"",""cpu"":""4.40%"",""mem"":""20.44MiB / 122.8GiB""},{""name"":""lab-erli-stub"",""cpu"":""0.01%"",""mem"":""18.04MiB / 122.8GiB""},{""name"":""lab-eparagony-stub"",""cpu"":""0.00%"",""mem"":""20.36MiB / 122.8GiB""},{""name"":""lab-invoicing-stub"",""cpu"":""1.95%"",""mem"":""21.64MiB / 122.8GiB""},{""name"":""lab-shipping-stub"",""cpu"":""4.20%"",""mem"":""16.89MiB / 122.8GiB""},{""name"":""lab-eparagony-stub-tls"",""cpu"":""0.00%"",""mem"":""23.3MiB / 122.8GiB""},{""name"":""lab-erli-stub-tls"",""cpu"":""0.00%"",""mem"":""22.67MiB / 122.8GiB""},{""name"":""lab-wc-tls"",""cpu"":""0.02%"",""mem"":""28.21MiB / 122.8GiB""},{""name"":""lab-prestashop"",""cpu"":""0.87%"",""mem"":""135.6MiB / 122.8GiB""},{""name"":""lab-woocommerce"",""cpu"":""15.80%"",""mem"":""303.1MiB / 122.8GiB""},{""name"":""lab-redis"",""cpu"":""45.05%"",""mem"":""83.95MiB / 122.8GiB""},{""name"":""lab-postgres"",""cpu"":""3.92%"",""mem"":""254.6MiB / 122.8GiB""},{""name"":""lab-mysql"",""cpu"":""1.20%"",""mem"":""719.4MiB / 122.8GiB""},{""name"":""lab-woocommerce-mysql"",""cpu"":""19.97%"",""mem"":""509.6MiB / 122.8GiB""}]"
2026-09-10T13:13:03Z,4,2,2,47,0,2667730611,"[{""name"":""lab-worker-1"",""cpu"":""7.74%"",""mem"":""129.8MiB / 122.8GiB""},{""name"":""lab-api"",""cpu"":""0.00%"",""mem"":""155.7MiB / 122.8GiB""},{""name"":""lab-allegro-stub"",""cpu"":""0.08%"",""mem"":""20.36MiB / 122.8GiB""},{""name"":""lab-erli-stub"",""cpu"":""0.00%"",""mem"":""18.04MiB / 122.8GiB""},{""name"":""lab-eparagony-stub"",""cpu"":""3.93%"",""mem"":""20.38MiB / 122.8GiB""},{""name"":""lab-invoicing-stub"",""cpu"":""0.00%"",""mem"":""16.59MiB / 122.8GiB""},{""name"":""lab-shipping-stub"",""cpu"":""0.00%"",""mem"":""16.57MiB / 122.8GiB""},{""name"":""lab-eparagony-stub-tls"",""cpu"":""0.00%"",""mem"":""23.3MiB / 122.8GiB""},{""name"":""lab-erli-stub-tls"",""cpu"":""0.00%"",""mem"":""22.67MiB / 122.8GiB""},{""name"":""lab-wc-tls"",""cpu"":""0.07%"",""mem"":""28.21MiB / 122.8GiB""},{""name"":""lab-prestashop"",""cpu"":""1.61%"",""mem"":""135.6MiB / 122.8GiB""},{""name"":""lab-woocommerce"",""cpu"":""18.80%"",""mem"":""303.1MiB / 122.8GiB""},{""name"":""lab-redis"",""cpu"":""42.95%"",""mem"":""83.49MiB / 122.8GiB""},{""name"":""lab-postgres"",""cpu"":""9.11%"",""mem"":""254.6MiB / 122.8GiB""},{""name"":""lab-mysql"",""cpu"":""1.86%"",""mem"":""719.4MiB / 122.8GiB""},{""name"":""lab-woocommerce-mysql"",""cpu"":""19.97%"",""mem"":""509.6MiB / 122.8GiB""}]"
2026-09-10T13:13:07Z,3,0,0,47,0,2667730611,"[{""name"":""lab-worker-1"",""cpu"":""0.48%"",""mem"":""129.8MiB / 122.8GiB""},{""name"":""lab-api"",""cpu"":""0.00%"",""mem"":""155.7MiB / 122.8GiB""},{""name"":""lab-allegro-stub"",""cpu"":""0.03%"",""mem"":""20.35MiB / 122.8GiB""},{""name"":""lab-erli-stub"",""cpu"":""0.00%"",""mem"":""18.04MiB / 122.8GiB""},{""name"":""lab-eparagony-stub"",""cpu"":""0.00%"",""mem"":""20.36MiB / 122.8GiB""},{""name"":""lab-invoicing-stub"",""cpu"":""0.00%"",""mem"":""16.59MiB / 122.8GiB""},{""name"":""lab-shipping-stub"",""cpu"":""0.00%"",""mem"":""16.57MiB / 122.8GiB""},{""name"":""lab-eparagony-stub-tls"",""cpu"":""0.00%"",""mem"":""23.3MiB / 122.8GiB""},{""name"":""lab-erli-stub-tls"",""cpu"":""0.00%"",""mem"":""22.67MiB / 122.8GiB""},{""name"":""lab-wc-tls"",""cpu"":""0.00%"",""mem"":""28.21MiB / 122.8GiB""},{""name"":""lab-prestashop"",""cpu"":""5.77%"",""mem"":""133.6MiB / 122.8GiB""},{""name"":""lab-woocommerce"",""cpu"":""0.01%"",""mem"":""303.1MiB / 122.8GiB""},{""name"":""lab-redis"",""cpu"":""43.08%"",""mem"":""77.98MiB / 122.8GiB""},{""name"":""lab-postgres"",""cpu"":""0.36%"",""mem"":""254.6MiB / 122.8GiB""},{""name"":""lab-mysql"",""cpu"":""1.05%"",""mem"":""719.4MiB / 122.8GiB""},{""name"":""lab-woocommerce-mysql"",""cpu"":""5.74%"",""mem"":""509.6MiB / 122.8GiB""}]"
2026-09-10T13:13:11Z,4,0,0,47,0,2667730611,"[{""name"":""lab-worker-1"",""cpu"":""0.34%"",""mem"":""129.8MiB / 122.8GiB""},{""name"":""lab-api"",""cpu"":""0.00%"",""mem"":""155.7MiB / 122.8GiB""},{""name"":""lab-allegro-stub"",""cpu"":""3.88%"",""mem"":""20.35MiB / 122.8GiB""},{""name"":""lab-erli-stub"",""cpu"":""0.00%"",""mem"":""18.04MiB / 122.8GiB""},{""name"":""lab-eparagony-stub"",""cpu"":""0.00%"",""mem"":""20.36MiB / 122.8GiB""},{""name"":""lab-invoicing-stub"",""cpu"":""2.88%"",""mem"":""16.6MiB / 122.8GiB""},{""name"":""lab-shipping-stub"",""cpu"":""4.09%"",""mem"":""16.57MiB / 122.8GiB""},{""name"":""lab-eparagony-stub-tls"",""cpu"":""0.00%"",""mem"":""23.3MiB / 122.8GiB""},{""name"":""lab-erli-stub-tls"",""cpu"":""0.00%"",""mem"":""22.67MiB / 122.8GiB""},{""name"":""lab-wc-tls"",""cpu"":""0.00%"",""mem"":""28.21MiB / 122.8GiB""},{""name"":""lab-prestashop"",""cpu"":""0.01%"",""mem"":""133.6MiB / 122.8GiB""},{""name"":""lab-woocommerce"",""cpu"":""0.00%"",""mem"":""303.1MiB / 122.8GiB""},{""name"":""lab-redis"",""cpu"":""43.38%"",""mem"":""78.04MiB / 122.8GiB""},{""name"":""lab-postgres"",""cpu"":""0.34%"",""mem"":""254.6MiB / 122.8GiB""},{""name"":""lab-mysql"",""cpu"":""0.68%"",""mem"":""719.4MiB / 122.8GiB""},{""name"":""lab-woocommerce-mysql"",""cpu"":""0.64%"",""mem"":""509.6MiB / 122.8GiB""}]"
2026-09-10T13:13:14Z,4,0,0,47,0,2667730611,"[{""name"":""lab-worker-1"",""cpu"":""0.44%"",""mem"":""129.8MiB / 122.8GiB""},{""name"":""lab-api"",""cpu"":""0.00%"",""mem"":""155.7MiB / 122.8GiB""},{""name"":""lab-allegro-stub"",""cpu"":""0.00%"",""mem"":""20.35MiB / 122.8GiB""},{""name"":""lab-erli-stub"",""cpu"":""0.00%"",""mem"":""18.04MiB / 122.8GiB""},{""name"":""lab-eparagony-stub"",""cpu"":""3.94%"",""mem"":""20.36MiB / 122.8GiB""},{""name"":""lab-invoicing-stub"",""cpu"":""0.00%"",""mem"":""16.59MiB / 122.8GiB""},{""name"":""lab-shipping-stub"",""cpu"":""0.00%"",""mem"":""16.57MiB / 122.8GiB""},{""name"":""lab-eparagony-stub-tls"",""cpu"":""0.00%"",""mem"":""23.3MiB / 122.8GiB""},{""name"":""lab-erli-stub-tls"",""cpu"":""0.00%"",""mem"":""22.67MiB / 122.8GiB""},{""name"":""lab-wc-tls"",""cpu"":""0.00%"",""mem"":""28.21MiB / 122.8GiB""},{""name"":""lab-prestashop"",""cpu"":""0.01%"",""mem"":""133.6MiB / 122.8GiB""},{""name"":""lab-woocommerce"",""cpu"":""0.01%"",""mem"":""303.1MiB / 122.8GiB""},{""name"":""lab-redis"",""cpu"":""41.49%"",""mem"":""78.01MiB / 122.8GiB""},{""name"":""lab-postgres"",""cpu"":""0.44%"",""mem"":""251.1MiB / 122.8GiB""},{""name"":""lab-mysql"",""cpu"":""5.40%"",""mem"":""719.4MiB / 122.8GiB""},{""name"":""lab-woocommerce-mysql"",""cpu"":""0.63%"",""mem"":""509.6MiB / 122.8GiB""}]"
2026-09-10T13:13:18Z,3,0,0,47,0,2667730611,"[{""name"":""lab-worker-1"",""cpu"":""0.42%"",""mem"":""129.7MiB / 122.8GiB""},{""name"":""lab-api"",""cpu"":""0.00%"",""mem"":""155.7MiB / 122.8GiB""},{""name"":""lab-allegro-stub"",""cpu"":""0.00%"",""mem"":""20.35MiB / 122.8GiB""},{""name"":""lab-erli-stub"",""cpu"":""0.00%"",""mem"":""18.04MiB / 122.8GiB""},{""name"":""lab-eparagony-stub"",""cpu"":""0.00%"",""mem"":""20.36MiB / 122.8GiB""},{""name"":""lab-invoicing-stub"",""cpu"":""0.00%"",""mem"":""16.59MiB / 122.8GiB""},{""name"":""lab-shipping-stub"",""cpu"":""0.00%"",""mem"":""16.57MiB / 122.8GiB""},{""name"":""lab-eparagony-stub-tls"",""cpu"":""0.00%"",""mem"":""23.3MiB / 122.8GiB""},{""name"":""lab-erli-stub-tls"",""cpu"":""0.00%"",""mem"":""22.67MiB / 122.8GiB""},{""name"":""lab-wc-tls"",""cpu"":""0.00%"",""mem"":""28.21MiB / 122.8GiB""},{""name"":""lab-prestashop"",""cpu"":""0.01%"",""mem"":""133.6MiB / 122.8GiB""},{""name"":""lab-woocommerce"",""cpu"":""0.00%"",""mem"":""303.1MiB / 122.8GiB""},{""name"":""lab-redis"",""cpu"":""40.42%"",""mem"":""77.95MiB / 122.8GiB""},{""name"":""lab-postgres"",""cpu"":""0.34%"",""mem"":""237.2MiB / 122.8GiB""},{""name"":""lab-mysql"",""cpu"":""0.62%"",""mem"":""719.4MiB / 122.8GiB""},{""name"":""lab-woocommerce-mysql"",""cpu"":""0.59%"",""mem"":""509.6MiB / 122.8GiB""}]"
2026-09-10T13:13:22Z,4,0,0,47,0,2667730611,"[{""name"":""lab-worker-1"",""cpu"":""0.42%"",""mem"":""129.8MiB / 122.8GiB""},{""name"":""lab-api"",""cpu"":""0.00%"",""mem"":""155.7MiB / 122.8GiB""},{""name"":""lab-allegro-stub"",""cpu"":""0.00%"",""mem"":""20.35MiB / 122.8GiB""},{""name"":""lab-erli-stub"",""cpu"":""0.00%"",""mem"":""18.04MiB / 122.8GiB""},{""name"":""lab-eparagony-stub"",""cpu"":""0.00%"",""mem"":""20.36MiB / 122.8GiB""},{""name"":""lab-invoicing-stub"",""cpu"":""0.00%"",""mem"":""16.59MiB / 122.8GiB""},{""name"":""lab-shipping-stub"",""cpu"":""0.00%"",""mem"":""16.57MiB / 122.8GiB""},{""name"":""lab-eparagony-stub-tls"",""cpu"":""0.00%"",""mem"":""23.3MiB / 122.8GiB""},{""name"":""lab-erli-stub-tls"",""cpu"":""0.00%"",""mem"":""22.67MiB / 122.8GiB""},{""name"":""lab-wc-tls"",""cpu"":""0.00%"",""mem"":""28.21MiB / 122.8GiB""},{""name"":""lab-prestashop"",""cpu"":""0.00%"",""mem"":""133.6MiB / 122.8GiB""},{""name"":""lab-woocommerce"",""cpu"":""0.00%"",""mem"":""303.1MiB / 122.8GiB""},{""name"":""lab-redis"",""cpu"":""41.56%"",""mem"":""77.99MiB / 122.8GiB""},{""name"":""lab-postgres"",""cpu"":""0.42%"",""mem"":""237.2MiB / 122.8GiB""},{""name"":""lab-mysql"",""cpu"":""0.58%"",""mem"":""719.4MiB / 122.8GiB""},{""name"":""lab-woocommerce-mysql"",""cpu"":""1.30%"",""mem"":""509.6MiB / 122.8GiB""}]"
2026-09-10T13:13:25Z,4,0,0,47,0,2667730611,"[{""name"":""lab-worker-1"",""cpu"":""0.44%"",""mem"":""129.8MiB / 122.8GiB""},{""name"":""lab-api"",""cpu"":""0.00%"",""mem"":""155.7MiB / 122.8GiB""},{""name"":""lab-allegro-stub"",""cpu"":""3.89%"",""mem"":""20.35MiB / 122.8GiB""},{""name"":""lab-erli-stub"",""cpu"":""0.01%"",""mem"":""18.04MiB / 122.8GiB""},{""name"":""lab-eparagony-stub"",""cpu"":""0.00%"",""mem"":""20.36MiB / 122.8GiB""},{""name"":""lab-invoicing-stub"",""cpu"":""4.19%"",""mem"":""16.59MiB / 122.8GiB""},{""name"":""lab-shipping-stub"",""cpu"":""2.56%"",""mem"":""16.57MiB / 122.8GiB""},{""name"":""lab-eparagony-stub-tls"",""cpu"":""0.00%"",""mem"":""23.3MiB / 122.8GiB""},{""name"":""lab-erli-stub-tls"",""cpu"":""0.00%"",""mem"":""22.67MiB / 122.8GiB""},{""name"":""lab-wc-tls"",""cpu"":""0.00%"",""mem"":""28.21MiB / 122.8GiB""},{""name"":""lab-prestashop"",""cpu"":""0.00%"",""mem"":""133.6MiB / 122.8GiB""},{""name"":""lab-woocommerce"",""cpu"":""0.00%"",""mem"":""303.1MiB / 122.8GiB""},{""name"":""lab-redis"",""cpu"":""42.62%"",""mem"":""77.98MiB / 122.8GiB""},{""name"":""lab-postgres"",""cpu"":""0.32%"",""mem"":""237.2MiB / 122.8GiB""},{""name"":""lab-mysql"",""cpu"":""0.54%"",""mem"":""719.4MiB / 122.8GiB""},{""name"":""lab-woocommerce-mysql"",""cpu"":""0.59%"",""mem"":""509.6MiB / 122.8GiB""}]"
2026-09-10T13:13:29Z,3,0,0,47,0,2667730611,"[{""name"":""lab-worker-1"",""cpu"":""0.37%"",""mem"":""129.8MiB / 122.8GiB""},{""name"":""lab-api"",""cpu"":""0.00%"",""mem"":""155.7MiB / 122.8GiB""},{""name"":""lab-allegro-stub"",""cpu"":""0.00%"",""mem"":""20.35MiB / 122.8GiB""},{""name"":""lab-erli-stub"",""cpu"":""4.18%"",""mem"":""18.04MiB / 122.8GiB""},{""name"":""lab-eparagony-stub"",""cpu"":""4.18%"",""mem"":""20.36MiB / 122.8GiB""},{""name"":""lab-invoicing-stub"",""cpu"":""0.00%"",""mem"":""16.59MiB / 122.8GiB""},{""name"":""lab-shipping-stub"",""cpu"":""0.00%"",""mem"":""16.57MiB / 122.8GiB""},{""name"":""lab-eparagony-stub-tls"",""cpu"":""0.00%"",""mem"":""23.3MiB / 122.8GiB""},{""name"":""lab-erli-stub-tls"",""cpu"":""0.00%"",""mem"":""22.67MiB / 122.8GiB""},{""name"":""lab-wc-tls"",""cpu"":""0.00%"",""mem"":""28.21MiB / 122.8GiB""},{""name"":""lab-prestashop"",""cpu"":""0.00%"",""mem"":""133.6MiB / 122.8GiB""},{""name"":""lab-woocommerce"",""cpu"":""14.16%"",""mem"":""303.1MiB / 122.8GiB""},{""name"":""lab-redis"",""cpu"":""44.03%"",""mem"":""77.98MiB / 122.8GiB""},{""name"":""lab-postgres"",""cpu"":""0.42%"",""mem"":""237.2MiB / 122.8GiB""},{""name"":""lab-mysql"",""cpu"":""0.60%"",""mem"":""719.4MiB / 122.8GiB""},{""name"":""lab-woocommerce-mysql"",""cpu"":""1.52%"",""mem"":""509.6MiB / 122.8GiB""}]"
2026-09-10T13:13:33Z,4,0,0,47,0,2667730611,"[{""name"":""lab-worker-1"",""cpu"":""0.24%"",""mem"":""129.8MiB / 122.8GiB""},{""name"":""lab-api"",""cpu"":""0.00%"",""mem"":""155.7MiB / 122.8GiB""},{""name"":""lab-allegro-stub"",""cpu"":""0.00%"",""mem"":""20.35MiB / 122.8GiB""},{""name"":""lab-erli-stub"",""cpu"":""0.00%"",""mem"":""18.04MiB / 122.8GiB""},{""name"":""lab-eparagony-stub"",""cpu"":""0.00%"",""mem"":""20.36MiB / 122.8GiB""},{""name"":""lab-invoicing-stub"",""cpu"":""0.00%"",""mem"":""16.59MiB / 122.8GiB""},{""name"":""lab-shipping-stub"",""cpu"":""0.00%"",""mem"":""16.57MiB / 122.8GiB""},{""name"":""lab-eparagony-stub-tls"",""cpu"":""0.00%"",""mem"":""23.3MiB / 122.8GiB""},{""name"":""lab-erli-stub-tls"",""cpu"":""0.00%"",""mem"":""22.67MiB / 122.8GiB""},{""name"":""lab-wc-tls"",""cpu"":""0.00%"",""mem"":""28.21MiB / 122.8GiB""},{""name"":""lab-prestashop"",""cpu"":""0.00%"",""mem"":""133.6MiB / 122.8GiB""},{""name"":""lab-woocommerce"",""cpu"":""0.00%"",""mem"":""303.1MiB / 122.8GiB""},{""name"":""lab-redis"",""cpu"":""47.70%"",""mem"":""85.67MiB / 122.8GiB""},{""name"":""lab-postgres"",""cpu"":""0.25%"",""mem"":""237.2MiB / 122.8GiB""},{""name"":""lab-mysql"",""cpu"":""0.62%"",""mem"":""719.4MiB / 122.8GiB""},{""name"":""lab-woocommerce-mysql"",""cpu"":""0.65%"",""mem"":""509.6MiB / 122.8GiB""}]"
2026-09-10T13:13:36Z,4,0,0,47,0,2667730611,"[{""name"":""lab-worker-1"",""cpu"":""0.45%"",""mem"":""130MiB / 122.8GiB""},{""name"":""lab-api"",""cpu"":""0.00%"",""mem"":""155.7MiB / 122.8GiB""},{""name"":""lab-allegro-stub"",""cpu"":""0.01%"",""mem"":""20.35MiB / 122.8GiB""},{""name"":""lab-erli-stub"",""cpu"":""0.00%"",""mem"":""18.04MiB / 122.8GiB""},{""name"":""lab-eparagony-stub"",""cpu"":""0.00%"",""mem"":""20.36MiB / 122.8GiB""},{""name"":""lab-invoicing-stub"",""cpu"":""0.01%"",""mem"":""16.59MiB / 122.8GiB""},{""name"":""lab-shipping-stub"",""cpu"":""0.01%"",""mem"":""16.57MiB / 122.8GiB""},{""name"":""lab-eparagony-stub-tls"",""cpu"":""0.00%"",""mem"":""23.3MiB / 122.8GiB""},{""name"":""lab-erli-stub-tls"",""cpu"":""0.00%"",""mem"":""22.67MiB / 122.8GiB""},{""name"":""lab-wc-tls"",""cpu"":""0.00%"",""mem"":""28.21MiB / 122.8GiB""},{""name"":""lab-prestashop"",""cpu"":""0.00%"",""mem"":""133.6MiB / 122.8GiB""},{""name"":""lab-woocommerce"",""cpu"":""0.00%"",""mem"":""303.1MiB / 122.8GiB""},{""name"":""lab-redis"",""cpu"":""41.98%"",""mem"":""85.55MiB / 122.8GiB""},{""name"":""lab-postgres"",""cpu"":""0.44%"",""mem"":""237.2MiB / 122.8GiB""},{""name"":""lab-mysql"",""cpu"":""0.61%"",""mem"":""719.4MiB / 122.8GiB""},{""name"":""lab-woocommerce-mysql"",""cpu"":""0.63%"",""mem"":""509.6MiB / 122.8GiB""}]"
2026-09-10T13:13:40Z,3,0,0,47,0,2667730611,"[{""name"":""lab-worker-1"",""cpu"":""0.75%"",""mem"":""129.8MiB / 122.8GiB""},{""name"":""lab-api"",""cpu"":""4.70%"",""mem"":""155.7MiB / 122.8GiB""},{""name"":""lab-allegro-stub"",""cpu"":""0.00%"",""mem"":""20.35MiB / 122.8GiB""},{""name"":""lab-erli-stub"",""cpu"":""3.28%"",""mem"":""18.04MiB / 122.8GiB""},{""name"":""lab-eparagony-stub"",""cpu"":""0.01%"",""mem"":""20.36MiB / 122.8GiB""},{""name"":""lab-invoicing-stub"",""cpu"":""0.00%"",""mem"":""16.59MiB / 122.8GiB""},{""name"":""lab-shipping-stub"",""cpu"":""0.00%"",""mem"":""16.57MiB / 122.8GiB""},{""name"":""lab-eparagony-stub-tls"",""cpu"":""0.00%"",""mem"":""23.3MiB / 122.8GiB""},{""name"":""lab-erli-stub-tls"",""cpu"":""0.00%"",""mem"":""22.67MiB / 122.8GiB""},{""name"":""lab-wc-tls"",""cpu"":""0.00%"",""mem"":""28.21MiB / 122.8GiB""},{""name"":""lab-prestashop"",""cpu"":""0.00%"",""mem"":""133.6MiB / 122.8GiB""},{""name"":""lab-woocommerce"",""cpu"":""0.00%"",""mem"":""303.1MiB / 122.8GiB""},{""name"":""lab-redis"",""cpu"":""4.44%"",""mem"":""78.25MiB / 122.8GiB""},{""name"":""lab-postgres"",""cpu"":""37.53%"",""mem"":""237.2MiB / 122.8GiB""},{""name"":""lab-mysql"",""cpu"":""0.61%"",""mem"":""719.4MiB / 122.8GiB""},{""name"":""lab-woocommerce-mysql"",""cpu"":""0.64%"",""mem"":""509.6MiB / 122.8GiB""}]"
2026-09-10T13:13:44Z,4,0,0,47,0,2667730611,"[{""name"":""lab-worker-1"",""cpu"":""0.23%"",""mem"":""129.9MiB / 122.8GiB""},{""name"":""lab-api"",""cpu"":""0.00%"",""mem"":""155.7MiB / 122.8GiB""},{""name"":""lab-allegro-stub"",""cpu"":""0.00%"",""mem"":""20.35MiB / 122.8GiB""},{""name"":""lab-erli-stub"",""cpu"":""0.00%"",""mem"":""18.04MiB / 122.8GiB""},{""name"":""lab-eparagony-stub"",""cpu"":""0.00%"",""mem"":""20.36MiB / 122.8GiB""},{""name"":""lab-invoicing-stub"",""cpu"":""0.00%"",""mem"":""16.59MiB / 122.8GiB""},{""name"":""lab-shipping-stub"",""cpu"":""0.00%"",""mem"":""16.57MiB / 122.8GiB""},{""name"":""lab-eparagony-stub-tls"",""cpu"":""0.00%"",""mem"":""23.3MiB / 122.8GiB""},{""name"":""lab-erli-stub-tls"",""cpu"":""0.00%"",""mem"":""22.67MiB / 122.8GiB""},{""name"":""lab-wc-tls"",""cpu"":""0.00%"",""mem"":""28.21MiB / 122.8GiB""},{""name"":""lab-prestashop"",""cpu"":""0.00%"",""mem"":""133.6MiB / 122.8GiB""},{""name"":""lab-woocommerce"",""cpu"":""0.01%"",""mem"":""303.1MiB / 122.8GiB""},{""name"":""lab-redis"",""cpu"":""0.24%"",""mem"":""77.97MiB / 122.8GiB""},{""name"":""lab-postgres"",""cpu"":""4.38%"",""mem"":""237.2MiB / 122.8GiB""},{""name"":""lab-mysql"",""cpu"":""0.62%"",""mem"":""719.4MiB / 122.8GiB""},{""name"":""lab-woocommerce-mysql"",""cpu"":""0.62%"",""mem"":""509.6MiB / 122.8GiB""}]"
2026-09-10T13:13:47Z,4,0,0,47,0,2667730611,"[{""name"":""lab-worker-1"",""cpu"":""0.40%"",""mem"":""129.9MiB / 122.8GiB""},{""name"":""lab-api"",""cpu"":""0.00%"",""mem"":""155.7MiB / 122.8GiB""},{""name"":""lab-allegro-stub"",""cpu"":""0.00%"",""mem"":""20.35MiB / 122.8GiB""},{""name"":""lab-erli-stub"",""cpu"":""0.00%"",""mem"":""18.04MiB / 122.8GiB""},{""name"":""lab-eparagony-stub"",""cpu"":""0.00%"",""mem"":""20.36MiB / 122.8GiB""},{""name"":""lab-invoicing-stub"",""cpu"":""0.00%"",""mem"":""16.59MiB / 122.8GiB""},{""name"":""lab-shipping-stub"",""cpu"":""0.00%"",""mem"":""16.57MiB / 122.8GiB""},{""name"":""lab-eparagony-stub-tls"",""cpu"":""0.00%"",""mem"":""23.3MiB / 122.8GiB""},{""name"":""lab-erli-stub-tls"",""cpu"":""0.00%"",""mem"":""22.67MiB / 122.8GiB""},{""name"":""lab-wc-tls"",""cpu"":""0.00%"",""mem"":""28.21MiB / 122.8GiB""},{""name"":""lab-prestashop"",""cpu"":""0.01%"",""mem"":""133.6MiB / 122.8GiB""},{""name"":""lab-woocommerce"",""cpu"":""0.00%"",""mem"":""303.1MiB / 122.8GiB""},{""name"":""lab-redis"",""cpu"":""0.28%"",""mem"":""77.96MiB / 122.8GiB""},{""name"":""lab-postgres"",""cpu"":""0.40%"",""mem"":""237.3MiB / 122.8GiB""},{""name"":""lab-mysql"",""cpu"":""0.68%"",""mem"":""719.4MiB / 122.8GiB""},{""name"":""lab-woocommerce-mysql"",""cpu"":""0.61%"",""mem"":""509.6MiB / 122.8GiB""}]"
2026-09-10T13:13:51Z,3,0,0,47,0,2667730611,"[{""name"":""lab-worker-1"",""cpu"":""0.23%"",""mem"":""130MiB / 122.8GiB""},{""name"":""lab-api"",""cpu"":""0.00%"",""mem"":""155.7MiB / 122.8GiB""},{""name"":""lab-allegro-stub"",""cpu"":""2.74%"",""mem"":""20.37MiB / 122.8GiB""},{""name"":""lab-erli-stub"",""cpu"":""0.00%"",""mem"":""18.04MiB / 122.8GiB""},{""name"":""lab-eparagony-stub"",""cpu"":""0.00%"",""mem"":""20.36MiB / 122.8GiB""},{""name"":""lab-invoicing-stub"",""cpu"":""2.81%"",""mem"":""16.61MiB / 122.8GiB""},{""name"":""lab-shipping-stub"",""cpu"":""4.55%"",""mem"":""16.59MiB / 122.8GiB""},{""name"":""lab-eparagony-stub-tls"",""cpu"":""0.00%"",""mem"":""23.3MiB / 122.8GiB""},{""name"":""lab-erli-stub-tls"",""cpu"":""0.00%"",""mem"":""22.67MiB / 122.8GiB""},{""name"":""lab-wc-tls"",""cpu"":""0.00%"",""mem"":""28.21MiB / 122.8GiB""},{""name"":""lab-prestashop"",""cpu"":""0.00%"",""mem"":""133.6MiB / 122.8GiB""},{""name"":""lab-woocommerce"",""cpu"":""0.00%"",""mem"":""303.1MiB / 122.8GiB""},{""name"":""lab-redis"",""cpu"":""0.23%"",""mem"":""77.96MiB / 122.8GiB""},{""name"":""lab-postgres"",""cpu"":""0.40%"",""mem"":""237.2MiB / 122.8GiB""},{""name"":""lab-mysql"",""cpu"":""0.70%"",""mem"":""719.4MiB / 122.8GiB""},{""name"":""lab-woocommerce-mysql"",""cpu"":""0.74%"",""mem"":""509.6MiB / 122.8GiB""}]"
2026-09-10T13:13:54Z,4,0,0,47,0,2667730611,"[{""name"":""lab-worker-1"",""cpu"":""0.27%"",""mem"":""130MiB / 122.8GiB""},{""name"":""lab-api"",""cpu"":""0.00%"",""mem"":""155.7MiB / 122.8GiB""},{""name"":""lab-allegro-stub"",""cpu"":""0.00%"",""mem"":""20.35MiB / 122.8GiB""},{""name"":""lab-erli-stub"",""cpu"":""2.84%"",""mem"":""18.04MiB / 122.8GiB""},{""name"":""lab-eparagony-stub"",""cpu"":""2.93%"",""mem"":""20.36MiB / 122.8GiB""},{""name"":""lab-invoicing-stub"",""cpu"":""0.00%"",""mem"":""16.59MiB / 122.8GiB""},{""name"":""lab-shipping-stub"",""cpu"":""0.00%"",""mem"":""16.57MiB / 122.8GiB""},{""name"":""lab-eparagony-stub-tls"",""cpu"":""0.00%"",""mem"":""23.3MiB / 122.8GiB""},{""name"":""lab-erli-stub-tls"",""cpu"":""0.00%"",""mem"":""22.67MiB / 122.8GiB""},{""name"":""lab-wc-tls"",""cpu"":""0.00%"",""mem"":""28.21MiB / 122.8GiB""},{""name"":""lab-prestashop"",""cpu"":""0.00%"",""mem"":""133.6MiB / 122.8GiB""},{""name"":""lab-woocommerce"",""cpu"":""0.00%"",""mem"":""303.1MiB / 122.8GiB""},{""name"":""lab-redis"",""cpu"":""0.18%"",""mem"":""77.96MiB / 122.8GiB""},{""name"":""lab-postgres"",""cpu"":""1.18%"",""mem"":""237.2MiB / 122.8GiB""},{""name"":""lab-mysql"",""cpu"":""4.15%"",""mem"":""719.4MiB / 122.8GiB""},{""name"":""lab-woocommerce-mysql"",""cpu"":""0.73%"",""mem"":""509.6MiB / 122.8GiB""}]"
2026-09-10T13:13:58Z,3,0,0,47,0,2667706035,"[{""name"":""lab-worker-1"",""cpu"":""0.33%"",""mem"":""130.1MiB / 122.8GiB""},{""name"":""lab-api"",""cpu"":""0.00%"",""mem"":""155.7MiB / 122.8GiB""},{""name"":""lab-allegro-stub"",""cpu"":""0.00%"",""mem"":""20.35MiB / 122.8GiB""},{""name"":""lab-erli-stub"",""cpu"":""0.00%"",""mem"":""18.04MiB / 122.8GiB""},{""name"":""lab-eparagony-stub"",""cpu"":""0.00%"",""mem"":""20.36MiB / 122.8GiB""},{""name"":""lab-invoicing-stub"",""cpu"":""0.00%"",""mem"":""16.59MiB / 122.8GiB""},{""name"":""lab-shipping-stub"",""cpu"":""0.00%"",""mem"":""16.57MiB / 122.8GiB""},{""name"":""lab-eparagony-stub-tls"",""cpu"":""0.00%"",""mem"":""23.3MiB / 122.8GiB""},{""name"":""lab-erli-stub-tls"",""cpu"":""0.00%"",""mem"":""22.67MiB / 122.8GiB""},{""name"":""lab-wc-tls"",""cpu"":""0.00%"",""mem"":""28.21MiB / 122.8GiB""},{""name"":""lab-prestashop"",""cpu"":""0.00%"",""mem"":""133.6MiB / 122.8GiB""},{""name"":""lab-woocommerce"",""cpu"":""0.00%"",""mem"":""303.1MiB / 122.8GiB""},{""name"":""lab-redis"",""cpu"":""0.20%"",""mem"":""77.96MiB / 122.8GiB""},{""name"":""lab-postgres"",""cpu"":""0.24%"",""mem"":""237.2MiB / 122.8GiB""},{""name"":""lab-mysql"",""cpu"":""0.63%"",""mem"":""719.4MiB / 122.8GiB""},{""name"":""lab-woocommerce-mysql"",""cpu"":""4.15%"",""mem"":""509.6MiB / 122.8GiB""}]"
2026-09-10T13:14:02Z,4,0,0,47,0,2667706035,"[{""name"":""lab-worker-1"",""cpu"":""0.26%"",""mem"":""130.1MiB / 122.8GiB""},{""name"":""lab-api"",""cpu"":""0.00%"",""mem"":""155.7MiB / 122.8GiB""},{""name"":""lab-allegro-stub"",""cpu"":""0.00%"",""mem"":""20.35MiB / 122.8GiB""},{""name"":""lab-erli-stub"",""cpu"":""0.00%"",""mem"":""18.04MiB / 122.8GiB""},{""name"":""lab-eparagony-stub"",""cpu"":""0.00%"",""mem"":""20.36MiB / 122.8GiB""},{""name"":""lab-invoicing-stub"",""cpu"":""0.00%"",""mem"":""16.59MiB / 122.8GiB""},{""name"":""lab-shipping-stub"",""cpu"":""0.00%"",""mem"":""16.57MiB / 122.8GiB""},{""name"":""lab-eparagony-stub-tls"",""cpu"":""0.00%"",""mem"":""23.3MiB / 122.8GiB""},{""name"":""lab-erli-stub-tls"",""cpu"":""0.00%"",""mem"":""22.67MiB / 122.8GiB""},{""name"":""lab-wc-tls"",""cpu"":""0.00%"",""mem"":""28.21MiB / 122.8GiB""},{""name"":""lab-prestashop"",""cpu"":""0.00%"",""mem"":""133.6MiB / 122.8GiB""},{""name"":""lab-woocommerce"",""cpu"":""0.00%"",""mem"":""301.1MiB / 122.8GiB""},{""name"":""lab-redis"",""cpu"":""0.21%"",""mem"":""77.96MiB / 122.8GiB""},{""name"":""lab-postgres"",""cpu"":""0.25%"",""mem"":""237.2MiB / 122.8GiB""},{""name"":""lab-mysql"",""cpu"":""0.63%"",""mem"":""719.4MiB / 122.8GiB""},{""name"":""lab-woocommerce-mysql"",""cpu"":""0.76%"",""mem"":""509.6MiB / 122.8GiB""}]"
2026-09-10T13:14:06Z,4,0,0,47,0,2667706035,"[{""name"":""lab-worker-1"",""cpu"":""0.29%"",""mem"":""130.2MiB / 122.8GiB""},{""name"":""lab-api"",""cpu"":""0.00%"",""mem"":""155.7MiB / 122.8GiB""},{""name"":""lab-allegro-stub"",""cpu"":""3.23%"",""mem"":""20.35MiB / 122.8GiB""},{""name"":""lab-erli-stub"",""cpu"":""0.00%"",""mem"":""18.04MiB / 122.8GiB""},{""name"":""lab-eparagony-stub"",""cpu"":""0.00%"",""mem"":""20.36MiB / 122.8GiB""},{""name"":""lab-invoicing-stub"",""cpu"":""3.15%"",""mem"":""16.59MiB / 122.8GiB""},{""name"":""lab-shipping-stub"",""cpu"":""3.01%"",""mem"":""16.57MiB / 122.8GiB""},{""name"":""lab-eparagony-stub-tls"",""cpu"":""0.00%"",""mem"":""23.3MiB / 122.8GiB""},{""name"":""lab-erli-stub-tls"",""cpu"":""0.00%"",""mem"":""22.67MiB / 122.8GiB""},{""name"":""lab-wc-tls"",""cpu"":""0.00%"",""mem"":""28.21MiB / 122.8GiB""},{""name"":""lab-prestashop"",""cpu"":""0.00%"",""mem"":""133.6MiB / 122.8GiB""},{""name"":""lab-woocommerce"",""cpu"":""0.00%"",""mem"":""301.1MiB / 122.8GiB""},{""name"":""lab-redis"",""cpu"":""0.22%"",""mem"":""77.95MiB / 122.8GiB""},{""name"":""lab-postgres"",""cpu"":""0.25%"",""mem"":""237.2MiB / 122.8GiB""},{""name"":""lab-mysql"",""cpu"":""0.66%"",""mem"":""719.4MiB / 122.8GiB""},{""name"":""lab-woocommerce-mysql"",""cpu"":""0.68%"",""mem"":""509.6MiB / 122.8GiB""}]"
2026-09-10T13:14:09Z,4,0,0,47,0,2667706035,"[{""name"":""lab-worker-1"",""cpu"":""0.27%"",""mem"":""129.7MiB / 122.8GiB""},{""name"":""lab-api"",""cpu"":""0.00%"",""mem"":""155.7MiB / 122.8GiB""},{""name"":""lab-allegro-stub"",""cpu"":""0.00%"",""mem"":""20.35MiB / 122.8GiB""},{""name"":""lab-erli-stub"",""cpu"":""3.01%"",""mem"":""18.04MiB / 122.8GiB""},{""name"":""lab-eparagony-stub"",""cpu"":""2.83%"",""mem"":""20.36MiB / 122.8GiB""},{""name"":""lab-invoicing-stub"",""cpu"":""0.00%"",""mem"":""16.59MiB / 122.8GiB""},{""name"":""lab-shipping-stub"",""cpu"":""0.00%"",""mem"":""16.57MiB / 122.8GiB""},{""name"":""lab-eparagony-stub-tls"",""cpu"":""0.00%"",""mem"":""23.3MiB / 122.8GiB""},{""name"":""lab-erli-stub-tls"",""cpu"":""0.00%"",""mem"":""22.67MiB / 122.8GiB""},{""name"":""lab-wc-tls"",""cpu"":""0.00%"",""mem"":""28.21MiB / 122.8GiB""},{""name"":""lab-prestashop"",""cpu"":""0.00%"",""mem"":""131.6MiB / 122.8GiB""},{""name"":""lab-woocommerce"",""cpu"":""0.01%"",""mem"":""301.1MiB / 122.8GiB""},{""name"":""lab-redis"",""cpu"":""0.17%"",""mem"":""77.93MiB / 122.8GiB""},{""name"":""lab-postgres"",""cpu"":""0.24%"",""mem"":""237.2MiB / 122.8GiB""},{""name"":""lab-mysql"",""cpu"":""0.61%"",""mem"":""719.4MiB / 122.8GiB""},{""name"":""lab-woocommerce-mysql"",""cpu"":""1.07%"",""mem"":""509.6MiB / 122.8GiB""}]"
2026-09-10T13:14:13Z,3,0,0,47,0,2667706035,"[{""name"":""lab-worker-1"",""cpu"":""0.70%"",""mem"":""129.7MiB / 122.8GiB""},{""name"":""lab-api"",""cpu"":""0.00%"",""mem"":""155.7MiB / 122.8GiB""},{""name"":""lab-allegro-stub"",""cpu"":""0.00%"",""mem"":""20.35MiB / 122.8GiB""},{""name"":""lab-erli-stub"",""cpu"":""0.00%"",""mem"":""18.04MiB / 122.8GiB""},{""name"":""lab-eparagony-stub"",""cpu"":""0.00%"",""mem"":""20.36MiB / 122.8GiB""},{""name"":""lab-invoicing-stub"",""cpu"":""0.00%"",""mem"":""16.59MiB / 122.8GiB""},{""name"":""lab-shipping-stub"",""cpu"":""0.00%"",""mem"":""16.57MiB / 122.8GiB""},{""name"":""lab-eparagony-stub-tls"",""cpu"":""0.00%"",""mem"":""23.3MiB / 122.8GiB""},{""name"":""lab-erli-stub-tls"",""cpu"":""0.00%"",""mem"":""22.67MiB / 122.8GiB""},{""name"":""lab-wc-tls"",""cpu"":""0.00%"",""mem"":""28.21MiB / 122.8GiB""},{""name"":""lab-prestashop"",""cpu"":""0.00%"",""mem"":""131.6MiB / 122.8GiB""},{""name"":""lab-woocommerce"",""cpu"":""0.00%"",""mem"":""301.1MiB / 122.8GiB""},{""name"":""lab-redis"",""cpu"":""0.20%"",""mem"":""77.93MiB / 122.8GiB""},{""name"":""lab-postgres"",""cpu"":""0.55%"",""mem"":""237.2MiB / 122.8GiB""},{""name"":""lab-mysql"",""cpu"":""0.62%"",""mem"":""719.4MiB / 122.8GiB""},{""name"":""lab-woocommerce-mysql"",""cpu"":""0.66%"",""mem"":""509.6MiB / 122.8GiB""}]"
2026-09-10T13:14:17Z,4,0,0,47,0,2667706035,"[{""name"":""lab-worker-1"",""cpu"":""0.27%"",""mem"":""129.7MiB / 122.8GiB""},{""name"":""lab-api"",""cpu"":""0.00%"",""mem"":""155.7MiB / 122.8GiB""},{""name"":""lab-allegro-stub"",""cpu"":""0.01%"",""mem"":""20.35MiB / 122.8GiB""},{""name"":""lab-erli-stub"",""cpu"":""0.00%"",""mem"":""18.04MiB / 122.8GiB""},{""name"":""lab-eparagony-stub"",""cpu"":""0.00%"",""mem"":""20.36MiB / 122.8GiB""},{""name"":""lab-invoicing-stub"",""cpu"":""0.00%"",""mem"":""16.59MiB / 122.8GiB""},{""name"":""lab-shipping-stub"",""cpu"":""0.01%"",""mem"":""16.57MiB / 122.8GiB""},{""name"":""lab-eparagony-stub-tls"",""cpu"":""0.00%"",""mem"":""23.3MiB / 122.8GiB""},{""name"":""lab-erli-stub-tls"",""cpu"":""0.00%"",""mem"":""22.67MiB / 122.8GiB""},{""name"":""lab-wc-tls"",""cpu"":""0.00%"",""mem"":""28.21MiB / 122.8GiB""},{""name"":""lab-prestashop"",""cpu"":""0.00%"",""mem"":""131.6MiB / 122.8GiB""},{""name"":""lab-woocommerce"",""cpu"":""0.00%"",""mem"":""301.1MiB / 122.8GiB""},{""name"":""lab-redis"",""cpu"":""0.19%"",""mem"":""77.91MiB / 122.8GiB""},{""name"":""lab-postgres"",""cpu"":""0.31%"",""mem"":""237.2MiB / 122.8GiB""},{""name"":""lab-mysql"",""cpu"":""0.64%"",""mem"":""719.4MiB / 122.8GiB""},{""name"":""lab-woocommerce-mysql"",""cpu"":""0.68%"",""mem"":""509.6MiB / 122.8GiB""}]"
2026-09-10T13:14:21Z,4,0,0,47,0,2667706035,"[{""name"":""lab-worker-1"",""cpu"":""0.33%"",""mem"":""129.7MiB / 122.8GiB""},{""name"":""lab-api"",""cpu"":""0.00%"",""mem"":""155.7MiB / 122.8GiB""},{""name"":""lab-allegro-stub"",""cpu"":""2.82%"",""mem"":""20.35MiB / 122.8GiB""},{""name"":""lab-erli-stub"",""cpu"":""0.00%"",""mem"":""18.04MiB / 122.8GiB""},{""name"":""lab-eparagony-stub"",""cpu"":""0.00%"",""mem"":""20.36MiB / 122.8GiB""},{""name"":""lab-invoicing-stub"",""cpu"":""2.87%"",""mem"":""16.6MiB / 122.8GiB""},{""name"":""lab-shipping-stub"",""cpu"":""3.12%"",""mem"":""16.63MiB / 122.8GiB""},{""name"":""lab-eparagony-stub-tls"",""cpu"":""0.00%"",""mem"":""23.3MiB / 122.8GiB""},{""name"":""lab-erli-stub-tls"",""cpu"":""0.00%"",""mem"":""22.67MiB / 122.8GiB""},{""name"":""lab-wc-tls"",""cpu"":""0.00%"",""mem"":""28.21MiB / 122.8GiB""},{""name"":""lab-prestashop"",""cpu"":""0.00%"",""mem"":""131.6MiB / 122.8GiB""},{""name"":""lab-woocommerce"",""cpu"":""0.00%"",""mem"":""301.1MiB / 122.8GiB""},{""name"":""lab-redis"",""cpu"":""0.20%"",""mem"":""77.9MiB / 122.8GiB""},{""name"":""lab-postgres"",""cpu"":""0.27%"",""mem"":""237.2MiB / 122.8GiB""},{""name"":""lab-mysql"",""cpu"":""0.65%"",""mem"":""719.4MiB / 122.8GiB""},{""name"":""lab-woocommerce-mysql"",""cpu"":""0.73%"",""mem"":""509.6MiB / 122.8GiB""}]"
2026-09-10T13:14:24Z,4,0,0,47,0,2667706035,"[{""name"":""lab-worker-1"",""cpu"":""0.35%"",""mem"":""129.7MiB / 122.8GiB""},{""name"":""lab-api"",""cpu"":""0.00%"",""mem"":""155.7MiB / 122.8GiB""},{""name"":""lab-allegro-stub"",""cpu"":""0.00%"",""mem"":""20.35MiB / 122.8GiB""},{""name"":""lab-erli-stub"",""cpu"":""0.00%"",""mem"":""18.04MiB / 122.8GiB""},{""name"":""lab-eparagony-stub"",""cpu"":""4.03%"",""mem"":""20.42MiB / 122.8GiB""},{""name"":""lab-invoicing-stub"",""cpu"":""0.00%"",""mem"":""16.59MiB / 122.8GiB""},{""name"":""lab-shipping-stub"",""cpu"":""0.00%"",""mem"":""16.57MiB / 122.8GiB""},{""name"":""lab-eparagony-stub-tls"",""cpu"":""0.00%"",""mem"":""23.3MiB / 122.8GiB""},{""name"":""lab-erli-stub-tls"",""cpu"":""0.00%"",""mem"":""22.67MiB / 122.8GiB""},{""name"":""lab-wc-tls"",""cpu"":""0.00%"",""mem"":""28.21MiB / 122.8GiB""},{""name"":""lab-prestashop"",""cpu"":""0.00%"",""mem"":""131.6MiB / 122.8GiB""},{""name"":""lab-woocommerce"",""cpu"":""0.00%"",""mem"":""301.1MiB / 122.8GiB""},{""name"":""lab-redis"",""cpu"":""0.26%"",""mem"":""77.9MiB / 122.8GiB""},{""name"":""lab-postgres"",""cpu"":""6.31%"",""mem"":""237.2MiB / 122.8GiB""},{""name"":""lab-mysql"",""cpu"":""3.93%"",""mem"":""719.4MiB / 122.8GiB""},{""name"":""lab-woocommerce-mysql"",""cpu"":""0.76%"",""mem"":""509.6MiB / 122.8GiB""}]"
2026-09-10T13:14:28Z,3,0,0,47,0,2667706035,"[{""name"":""lab-worker-1"",""cpu"":""0.46%"",""mem"":""129.7MiB / 122.8GiB""},{""name"":""lab-api"",""cpu"":""0.00%"",""mem"":""155.7MiB / 122.8GiB""},{""name"":""lab-allegro-stub"",""cpu"":""0.00%"",""mem"":""20.35MiB / 122.8GiB""},{""name"":""lab-erli-stub"",""cpu"":""0.00%"",""mem"":""18.04MiB / 122.8GiB""},{""name"":""lab-eparagony-stub"",""cpu"":""0.00%"",""mem"":""20.36MiB / 122.8GiB""},{""name"":""lab-invoicing-stub"",""cpu"":""0.00%"",""mem"":""16.59MiB / 122.8GiB""},{""name"":""lab-shipping-stub"",""cpu"":""0.00%"",""mem"":""16.57MiB / 122.8GiB""},{""name"":""lab-eparagony-stub-tls"",""cpu"":""0.00%"",""mem"":""23.3MiB / 122.8GiB""},{""name"":""lab-erli-stub-tls"",""cpu"":""0.00%"",""mem"":""22.67MiB / 122.8GiB""},{""name"":""lab-wc-tls"",""cpu"":""0.00%"",""mem"":""28.21MiB / 122.8GiB""},{""name"":""lab-prestashop"",""cpu"":""0.00%"",""mem"":""131.6MiB / 122.8GiB""},{""name"":""lab-woocommerce"",""cpu"":""0.00%"",""mem"":""301.1MiB / 122.8GiB""},{""name"":""lab-redis"",""cpu"":""0.27%"",""mem"":""78.14MiB / 122.8GiB""},{""name"":""lab-postgres"",""cpu"":""0.40%"",""mem"":""237.2MiB / 122.8GiB""},{""name"":""lab-mysql"",""cpu"":""0.72%"",""mem"":""719.4MiB / 122.8GiB""},{""name"":""lab-woocommerce-mysql"",""cpu"":""1.69%"",""mem"":""516.8MiB / 122.8GiB""}]"
2026-09-10T13:14:32Z,4,0,0,47,0,2667706035,"[{""name"":""lab-worker-1"",""cpu"":""0.46%"",""mem"":""129.7MiB / 122.8GiB""},{""name"":""lab-api"",""cpu"":""0.00%"",""mem"":""155.7MiB / 122.8GiB""},{""name"":""lab-allegro-stub"",""cpu"":""3.92%"",""mem"":""20.39MiB / 122.8GiB""},{""name"":""lab-erli-stub"",""cpu"":""0.00%"",""mem"":""18.04MiB / 122.8GiB""},{""name"":""lab-eparagony-stub"",""cpu"":""0.00%"",""mem"":""20.36MiB / 122.8GiB""},{""name"":""lab-invoicing-stub"",""cpu"":""0.51%"",""mem"":""16.7MiB / 122.8GiB""},{""name"":""lab-shipping-stub"",""cpu"":""3.72%"",""mem"":""16.59MiB / 122.8GiB""},{""name"":""lab-eparagony-stub-tls"",""cpu"":""0.00%"",""mem"":""23.3MiB / 122.8GiB""},{""name"":""lab-erli-stub-tls"",""cpu"":""0.00%"",""mem"":""22.67MiB / 122.8GiB""},{""name"":""lab-wc-tls"",""cpu"":""0.00%"",""mem"":""28.21MiB / 122.8GiB""},{""name"":""lab-prestashop"",""cpu"":""0.00%"",""mem"":""131.6MiB / 122.8GiB""},{""name"":""lab-woocommerce"",""cpu"":""0.00%"",""mem"":""299.1MiB / 122.8GiB""},{""name"":""lab-redis"",""cpu"":""0.24%"",""mem"":""77.88MiB / 122.8GiB""},{""name"":""lab-postgres"",""cpu"":""0.38%"",""mem"":""237.2MiB / 122.8GiB""},{""name"":""lab-mysql"",""cpu"":""0.73%"",""mem"":""719.4MiB / 122.8GiB""},{""name"":""lab-woocommerce-mysql"",""cpu"":""1.18%"",""mem"":""509.6MiB / 122.8GiB""}]"
2026-09-10T13:14:35Z,4,0,0,47,0,2667706035,"[{""name"":""lab-worker-1"",""cpu"":""0.47%"",""mem"":""129.7MiB / 122.8GiB""},{""name"":""lab-api"",""cpu"":""0.00%"",""mem"":""155.7MiB / 122.8GiB""},{""name"":""lab-allegro-stub"",""cpu"":""0.00%"",""mem"":""20.35MiB / 122.8GiB""},{""name"":""lab-erli-stub"",""cpu"":""4.18%"",""mem"":""18.06MiB / 122.8GiB""},{""name"":""lab-eparagony-stub"",""cpu"":""0.01%"",""mem"":""20.39MiB / 122.8GiB""},{""name"":""lab-invoicing-stub"",""cpu"":""0.00%"",""mem"":""16.59MiB / 122.8GiB""},{""name"":""lab-shipping-stub"",""cpu"":""0.00%"",""mem"":""16.57MiB / 122.8GiB""},{""name"":""lab-eparagony-stub-tls"",""cpu"":""0.00%"",""mem"":""23.3MiB / 122.8GiB""},{""name"":""lab-erli-stub-tls"",""cpu"":""0.00%"",""mem"":""22.67MiB / 122.8GiB""},{""name"":""lab-wc-tls"",""cpu"":""0.00%"",""mem"":""28.21MiB / 122.8GiB""},{""name"":""lab-prestashop"",""cpu"":""0.01%"",""mem"":""131.6MiB / 122.8GiB""},{""name"":""lab-woocommerce"",""cpu"":""0.00%"",""mem"":""299.1MiB / 122.8GiB""},{""name"":""lab-redis"",""cpu"":""0.25%"",""mem"":""78.12MiB / 122.8GiB""},{""name"":""lab-postgres"",""cpu"":""0.38%"",""mem"":""237.2MiB / 122.8GiB""},{""name"":""lab-mysql"",""cpu"":""0.81%"",""mem"":""719.4MiB / 122.8GiB""},{""name"":""lab-woocommerce-mysql"",""cpu"":""0.78%"",""mem"":""509.6MiB / 122.8GiB""}]"
2026-09-10T13:14:39Z,3,0,0,47,0,2667706035,"[{""name"":""lab-worker-1"",""cpu"":""0.34%"",""mem"":""129.7MiB / 122.8GiB""},{""name"":""lab-api"",""cpu"":""0.00%"",""mem"":""155.7MiB / 122.8GiB""},{""name"":""lab-allegro-stub"",""cpu"":""0.00%"",""mem"":""20.35MiB / 122.8GiB""},{""name"":""lab-erli-stub"",""cpu"":""0.00%"",""mem"":""18.04MiB / 122.8GiB""},{""name"":""lab-eparagony-stub"",""cpu"":""0.00%"",""mem"":""20.36MiB / 122.8GiB""},{""name"":""lab-invoicing-stub"",""cpu"":""0.00%"",""mem"":""16.59MiB / 122.8GiB""},{""name"":""lab-shipping-stub"",""cpu"":""0.00%"",""mem"":""16.57MiB / 122.8GiB""},{""name"":""lab-eparagony-stub-tls"",""cpu"":""0.00%"",""mem"":""23.3MiB / 122.8GiB""},{""name"":""lab-erli-stub-tls"",""cpu"":""0.00%"",""mem"":""22.67MiB / 122.8GiB""},{""name"":""lab-wc-tls"",""cpu"":""0.00%"",""mem"":""28.21MiB / 122.8GiB""},{""name"":""lab-prestashop"",""cpu"":""0.01%"",""mem"":""129.6MiB / 122.8GiB""},{""name"":""lab-woocommerce"",""cpu"":""0.01%"",""mem"":""299.1MiB / 122.8GiB""},{""name"":""lab-redis"",""cpu"":""0.26%"",""mem"":""78.11MiB / 122.8GiB""},{""name"":""lab-postgres"",""cpu"":""0.39%"",""mem"":""237.4MiB / 122.8GiB""},{""name"":""lab-mysql"",""cpu"":""0.68%"",""mem"":""719.4MiB / 122.8GiB""},{""name"":""lab-woocommerce-mysql"",""cpu"":""4.99%"",""mem"":""509.7MiB / 122.8GiB""}]"
2026-09-10T13:14:43Z,4,0,0,47,0,2667706035,"[{""name"":""lab-worker-1"",""cpu"":""0.33%"",""mem"":""129.7MiB / 122.8GiB""},{""name"":""lab-api"",""cpu"":""0.00%"",""mem"":""155.7MiB / 122.8GiB""},{""name"":""lab-allegro-stub"",""cpu"":""0.00%"",""mem"":""20.35MiB / 122.8GiB""},{""name"":""lab-erli-stub"",""cpu"":""0.01%"",""mem"":""18.04MiB / 122.8GiB""},{""name"":""lab-eparagony-stub"",""cpu"":""0.00%"",""mem"":""20.36MiB / 122.8GiB""},{""name"":""lab-invoicing-stub"",""cpu"":""0.00%"",""mem"":""16.59MiB / 122.8GiB""},{""name"":""lab-shipping-stub"",""cpu"":""0.00%"",""mem"":""16.57MiB / 122.8GiB""},{""name"":""lab-eparagony-stub-tls"",""cpu"":""0.00%"",""mem"":""23.3MiB / 122.8GiB""},{""name"":""lab-erli-stub-tls"",""cpu"":""0.00%"",""mem"":""22.67MiB / 122.8GiB""},{""name"":""lab-wc-tls"",""cpu"":""0.00%"",""mem"":""28.21MiB / 122.8GiB""},{""name"":""lab-prestashop"",""cpu"":""40.55%"",""mem"":""155.8MiB / 122.8GiB""},{""name"":""lab-woocommerce"",""cpu"":""0.01%"",""mem"":""299.1MiB / 122.8GiB""},{""name"":""lab-redis"",""cpu"":""4.37%"",""mem"":""77.88MiB / 122.8GiB""},{""name"":""lab-postgres"",""cpu"":""1.23%"",""mem"":""237.2MiB / 122.8GiB""},{""name"":""lab-mysql"",""cpu"":""39.99%"",""mem"":""719.4MiB / 122.8GiB""},{""name"":""lab-woocommerce-mysql"",""cpu"":""0.71%"",""mem"":""509.6MiB / 122.8GiB""}]"
2026-09-10T13:14:46Z,4,0,0,47,0,2667706035,"[{""name"":""lab-worker-1"",""cpu"":""0.36%"",""mem"":""129.7MiB / 122.8GiB""},{""name"":""lab-api"",""cpu"":""0.00%"",""mem"":""155.7MiB / 122.8GiB""},{""name"":""lab-allegro-stub"",""cpu"":""3.91%"",""mem"":""20.35MiB / 122.8GiB""},{""name"":""lab-erli-stub"",""cpu"":""0.01%"",""mem"":""18.04MiB / 122.8GiB""},{""name"":""lab-eparagony-stub"",""cpu"":""0.00%"",""mem"":""20.36MiB / 122.8GiB""},{""name"":""lab-invoicing-stub"",""cpu"":""4.04%"",""mem"":""16.6MiB / 122.8GiB""},{""name"":""lab-shipping-stub"",""cpu"":""4.21%"",""mem"":""16.57MiB / 122.8GiB""},{""name"":""lab-eparagony-stub-tls"",""cpu"":""0.00%"",""mem"":""23.3MiB / 122.8GiB""},{""name"":""lab-erli-stub-tls"",""cpu"":""0.00%"",""mem"":""22.67MiB / 122.8GiB""},{""name"":""lab-wc-tls"",""cpu"":""0.00%"",""mem"":""28.21MiB / 122.8GiB""},{""name"":""lab-prestashop"",""cpu"":""36.52%"",""mem"":""163.9MiB / 122.8GiB""},{""name"":""lab-woocommerce"",""cpu"":""0.00%"",""mem"":""299.1MiB / 122.8GiB""},{""name"":""lab-redis"",""cpu"":""0.27%"",""mem"":""78.1MiB / 122.8GiB""},{""name"":""lab-postgres"",""cpu"":""0.26%"",""mem"":""237.2MiB / 122.8GiB""},{""name"":""lab-mysql"",""cpu"":""43.63%"",""mem"":""719.5MiB / 122.8GiB""},{""name"":""lab-woocommerce-mysql"",""cpu"":""0.63%"",""mem"":""509.6MiB / 122.8GiB""}]"
2026-09-10T13:14:50Z,3,0,0,47,0,2667706035,"[{""name"":""lab-worker-1"",""cpu"":""0.25%"",""mem"":""129.7MiB / 122.8GiB""},{""name"":""lab-api"",""cpu"":""0.01%"",""mem"":""155.7MiB / 122.8GiB""},{""name"":""lab-allegro-stub"",""cpu"":""0.00%"",""mem"":""20.35MiB / 122.8GiB""},{""name"":""lab-erli-stub"",""cpu"":""2.81%"",""mem"":""18.04MiB / 122.8GiB""},{""name"":""lab-eparagony-stub"",""cpu"":""3.51%"",""mem"":""20.36MiB / 122.8GiB""},{""name"":""lab-invoicing-stub"",""cpu"":""0.00%"",""mem"":""16.59MiB / 122.8GiB""},{""name"":""lab-shipping-stub"",""cpu"":""0.00%"",""mem"":""16.57MiB / 122.8GiB""},{""name"":""lab-eparagony-stub-tls"",""cpu"":""0.00%"",""mem"":""23.3MiB / 122.8GiB""},{""name"":""lab-erli-stub-tls"",""cpu"":""0.00%"",""mem"":""22.67MiB / 122.8GiB""},{""name"":""lab-wc-tls"",""cpu"":""0.00%"",""mem"":""28.21MiB / 122.8GiB""},{""name"":""lab-prestashop"",""cpu"":""36.37%"",""mem"":""172MiB / 122.8GiB""},{""name"":""lab-woocommerce"",""cpu"":""0.00%"",""mem"":""299.1MiB / 122.8GiB""},{""name"":""lab-redis"",""cpu"":""0.18%"",""mem"":""77.85MiB / 122.8GiB""},{""name"":""lab-postgres"",""cpu"":""0.35%"",""mem"":""237.2MiB / 122.8GiB""},{""name"":""lab-mysql"",""cpu"":""41.63%"",""mem"":""719.8MiB / 122.8GiB""},{""name"":""lab-woocommerce-mysql"",""cpu"":""0.59%"",""mem"":""509.6MiB / 122.8GiB""}]"
2026-09-10T13:14:53Z,4,0,0,47,0,2667706035,"[{""name"":""lab-worker-1"",""cpu"":""0.20%"",""mem"":""129.7MiB / 122.8GiB""},{""name"":""lab-api"",""cpu"":""0.00%"",""mem"":""155.7MiB / 122.8GiB""},{""name"":""lab-allegro-stub"",""cpu"":""0.00%"",""mem"":""20.35MiB / 122.8GiB""},{""name"":""lab-erli-stub"",""cpu"":""0.00%"",""mem"":""18.04MiB / 122.8GiB""},{""name"":""lab-eparagony-stub"",""cpu"":""0.00%"",""mem"":""20.36MiB / 122.8GiB""},{""name"":""lab-invoicing-stub"",""cpu"":""0.00%"",""mem"":""16.59MiB / 122.8GiB""},{""name"":""lab-shipping-stub"",""cpu"":""0.00%"",""mem"":""16.57MiB / 122.8GiB""},{""name"":""lab-eparagony-stub-tls"",""cpu"":""0.00%"",""mem"":""23.3MiB / 122.8GiB""},{""name"":""lab-erli-stub-tls"",""cpu"":""0.00%"",""mem"":""22.67MiB / 122.8GiB""},{""name"":""lab-wc-tls"",""cpu"":""0.00%"",""mem"":""28.21MiB / 122.8GiB""},{""name"":""lab-prestashop"",""cpu"":""34.76%"",""mem"":""178MiB / 122.8GiB""},{""name"":""lab-woocommerce"",""cpu"":""0.00%"",""mem"":""299.1MiB / 122.8GiB""},{""name"":""lab-redis"",""cpu"":""0.24%"",""mem"":""77.86MiB / 122.8GiB""},{""name"":""lab-postgres"",""cpu"":""0.54%"",""mem"":""237.2MiB / 122.8GiB""},{""name"":""lab-mysql"",""cpu"":""41.02%"",""mem"":""719.5MiB / 122.8GiB""},{""name"":""lab-woocommerce-mysql"",""cpu"":""0.63%"",""mem"":""509.6MiB / 122.8GiB""}]"
2026-09-10T13:14:57Z,3,0,0,47,0,2667706035,"[{""name"":""lab-worker-1"",""cpu"":""0.31%"",""mem"":""129.7MiB / 122.8GiB""},{""name"":""lab-api"",""cpu"":""0.00%"",""mem"":""155.7MiB / 122.8GiB""},{""name"":""lab-allegro-stub"",""cpu"":""0.01%"",""mem"":""20.35MiB / 122.8GiB""},{""name"":""lab-erli-stub"",""cpu"":""0.00%"",""mem"":""18.04MiB / 122.8GiB""},{""name"":""lab-eparagony-stub"",""cpu"":""0.00%"",""mem"":""20.36MiB / 122.8GiB""},{""name"":""lab-invoicing-stub"",""cpu"":""0.01%"",""mem"":""16.6MiB / 122.8GiB""},{""name"":""lab-shipping-stub"",""cpu"":""0.01%"",""mem"":""16.57MiB / 122.8GiB""},{""name"":""lab-eparagony-stub-tls"",""cpu"":""0.00%"",""mem"":""23.3MiB / 122.8GiB""},{""name"":""lab-erli-stub-tls"",""cpu"":""0.00%"",""mem"":""22.67MiB / 122.8GiB""},{""name"":""lab-wc-tls"",""cpu"":""0.00%"",""mem"":""28.21MiB / 122.8GiB""},{""name"":""lab-prestashop"",""cpu"":""35.12%"",""mem"":""182MiB / 122.8GiB""},{""name"":""lab-woocommerce"",""cpu"":""0.00%"",""mem"":""299.1MiB / 122.8GiB""},{""name"":""lab-redis"",""cpu"":""0.20%"",""mem"":""77.85MiB / 122.8GiB""},{""name"":""lab-postgres"",""cpu"":""0.26%"",""mem"":""237.2MiB / 122.8GiB""},{""name"":""lab-mysql"",""cpu"":""41.44%"",""mem"":""719.5MiB / 122.8GiB""},{""name"":""lab-woocommerce-mysql"",""cpu"":""4.01%"",""mem"":""509.6MiB / 122.8GiB""}]"
2026-09-10T13:15:01Z,4,0,0,47,0,2667706035,"[{""name"":""lab-worker-1"",""cpu"":""0.40%"",""mem"":""129.7MiB / 122.8GiB""},{""name"":""lab-api"",""cpu"":""0.00%"",""mem"":""155.7MiB / 122.8GiB""},{""name"":""lab-allegro-stub"",""cpu"":""3.22%"",""mem"":""20.35MiB / 122.8GiB""},{""name"":""lab-erli-stub"",""cpu"":""0.01%"",""mem"":""18.04MiB / 122.8GiB""},{""name"":""lab-eparagony-stub"",""cpu"":""0.00%"",""mem"":""20.36MiB / 122.8GiB""},{""name"":""lab-invoicing-stub"",""cpu"":""4.06%"",""mem"":""16.6MiB / 122.8GiB""},{""name"":""lab-shipping-stub"",""cpu"":""2.80%"",""mem"":""16.57MiB / 122.8GiB""},{""name"":""lab-eparagony-stub-tls"",""cpu"":""0.00%"",""mem"":""23.3MiB / 122.8GiB""},{""name"":""lab-erli-stub-tls"",""cpu"":""0.00%"",""mem"":""22.67MiB / 122.8GiB""},{""name"":""lab-wc-tls"",""cpu"":""0.00%"",""mem"":""28.21MiB / 122.8GiB""},{""name"":""lab-prestashop"",""cpu"":""36.60%"",""mem"":""182.1MiB / 122.8GiB""},{""name"":""lab-woocommerce"",""cpu"":""0.00%"",""mem"":""299.1MiB / 122.8GiB""},{""name"":""lab-redis"",""cpu"":""0.21%"",""mem"":""77.85MiB / 122.8GiB""},{""name"":""lab-postgres"",""cpu"":""0.28%"",""mem"":""237.2MiB / 122.8GiB""},{""name"":""lab-mysql"",""cpu"":""43.33%"",""mem"":""719.5MiB / 122.8GiB""},{""name"":""lab-woocommerce-mysql"",""cpu"":""0.88%"",""mem"":""509.6MiB / 122.8GiB""}]"
2026-09-10T13:15:05Z,4,0,0,47,0,2667706035,"[{""name"":""lab-worker-1"",""cpu"":""0.28%"",""mem"":""129.7MiB / 122.8GiB""},{""name"":""lab-api"",""cpu"":""0.00%"",""mem"":""155.7MiB / 122.8GiB""},{""name"":""lab-allegro-stub"",""cpu"":""0.00%"",""mem"":""20.35MiB / 122.8GiB""},{""name"":""lab-erli-stub"",""cpu"":""3.17%"",""mem"":""18.04MiB / 122.8GiB""},{""name"":""lab-eparagony-stub"",""cpu"":""3.12%"",""mem"":""20.36MiB / 122.8GiB""},{""name"":""lab-invoicing-stub"",""cpu"":""0.00%"",""mem"":""16.6MiB / 122.8GiB""},{""name"":""lab-shipping-stub"",""cpu"":""0.00%"",""mem"":""16.57MiB / 122.8GiB""},{""name"":""lab-eparagony-stub-tls"",""cpu"":""0.00%"",""mem"":""23.3MiB / 122.8GiB""},{""name"":""lab-erli-stub-tls"",""cpu"":""0.00%"",""mem"":""22.67MiB / 122.8GiB""},{""name"":""lab-wc-tls"",""cpu"":""0.00%"",""mem"":""28.21MiB / 122.8GiB""},{""name"":""lab-prestashop"",""cpu"":""36.29%"",""mem"":""182.1MiB / 122.8GiB""},{""name"":""lab-woocommerce"",""cpu"":""0.00%"",""mem"":""299.1MiB / 122.8GiB""},{""name"":""lab-redis"",""cpu"":""0.22%"",""mem"":""77.85MiB / 122.8GiB""},{""name"":""lab-postgres"",""cpu"":""0.27%"",""mem"":""237.2MiB / 122.8GiB""},{""name"":""lab-mysql"",""cpu"":""42.48%"",""mem"":""719.5MiB / 122.8GiB""},{""name"":""lab-woocommerce-mysql"",""cpu"":""0.67%"",""mem"":""509.6MiB / 122.8GiB""}]"
2026-09-10T13:15:09Z,4,0,0,47,0,2667706035,"[{""name"":""lab-worker-1"",""cpu"":""1.14%"",""mem"":""129.8MiB / 122.8GiB""},{""name"":""lab-api"",""cpu"":""0.00%"",""mem"":""155.7MiB / 122.8GiB""},{""name"":""lab-allegro-stub"",""cpu"":""0.00%"",""mem"":""20.35MiB / 122.8GiB""},{""name"":""lab-erli-stub"",""cpu"":""0.00%"",""mem"":""18.04MiB / 122.8GiB""},{""name"":""lab-eparagony-stub"",""cpu"":""0.00%"",""mem"":""20.36MiB / 122.8GiB""},{""name"":""lab-invoicing-stub"",""cpu"":""0.00%"",""mem"":""16.6MiB / 122.8GiB""},{""name"":""lab-shipping-stub"",""cpu"":""0.00%"",""mem"":""16.57MiB / 122.8GiB""},{""name"":""lab-eparagony-stub-tls"",""cpu"":""0.00%"",""mem"":""23.3MiB / 122.8GiB""},{""name"":""lab-erli-stub-tls"",""cpu"":""0.00%"",""mem"":""22.67MiB / 122.8GiB""},{""name"":""lab-wc-tls"",""cpu"":""0.00%"",""mem"":""28.21MiB / 122.8GiB""},{""name"":""lab-prestashop"",""cpu"":""38.41%"",""mem"":""180.1MiB / 122.8GiB""},{""name"":""lab-woocommerce"",""cpu"":""0.00%"",""mem"":""299.1MiB / 122.8GiB""},{""name"":""lab-redis"",""cpu"":""0.24%"",""mem"":""77.85MiB / 122.8GiB""},{""name"":""lab-postgres"",""cpu"":""0.38%"",""mem"":""237.2MiB / 122.8GiB""},{""name"":""lab-mysql"",""cpu"":""41.61%"",""mem"":""719.5MiB / 122.8GiB""},{""name"":""lab-woocommerce-mysql"",""cpu"":""0.64%"",""mem"":""509.6MiB / 122.8GiB""}]"
2026-09-10T13:15:13Z,4,0,0,47,0,2667706035,"[{""name"":""lab-worker-1"",""cpu"":""0.36%"",""mem"":""129.7MiB / 122.8GiB""},{""name"":""lab-api"",""cpu"":""0.00%"",""mem"":""155.7MiB / 122.8GiB""},{""name"":""lab-allegro-stub"",""cpu"":""0.00%"",""mem"":""20.35MiB / 122.8GiB""},{""name"":""lab-erli-stub"",""cpu"":""0.01%"",""mem"":""18.04MiB / 122.8GiB""},{""name"":""lab-eparagony-stub"",""cpu"":""0.00%"",""mem"":""20.36MiB / 122.8GiB""},{""name"":""lab-invoicing-stub"",""cpu"":""0.00%"",""mem"":""16.59MiB / 122.8GiB""},{""name"":""lab-shipping-stub"",""cpu"":""0.00%"",""mem"":""16.57MiB / 122.8GiB""},{""name"":""lab-eparagony-stub-tls"",""cpu"":""0.00%"",""mem"":""23.3MiB / 122.8GiB""},{""name"":""lab-erli-stub-tls"",""cpu"":""0.00%"",""mem"":""22.67MiB / 122.8GiB""},{""name"":""lab-wc-tls"",""cpu"":""0.00%"",""mem"":""28.21MiB / 122.8GiB""},{""name"":""lab-prestashop"",""cpu"":""37.92%"",""mem"":""174.2MiB / 122.8GiB""},{""name"":""lab-woocommerce"",""cpu"":""0.00%"",""mem"":""299.1MiB / 122.8GiB""},{""name"":""lab-redis"",""cpu"":""4.55%"",""mem"":""77.86MiB / 122.8GiB""},{""name"":""lab-postgres"",""cpu"":""0.47%"",""mem"":""237.2MiB / 122.8GiB""},{""name"":""lab-mysql"",""cpu"":""43.31%"",""mem"":""719.5MiB / 122.8GiB""},{""name"":""lab-woocommerce-mysql"",""cpu"":""0.67%"",""mem"":""509.6MiB / 122.8GiB""}]"
2026-09-10T13:15:16Z,4,0,0,47,0,2667706035,"[{""name"":""lab-worker-1"",""cpu"":""0.40%"",""mem"":""129.7MiB / 122.8GiB""},{""name"":""lab-api"",""cpu"":""0.00%"",""mem"":""155.7MiB / 122.8GiB""},{""name"":""lab-allegro-stub"",""cpu"":""2.69%"",""mem"":""20.35MiB / 122.8GiB""},{""name"":""lab-erli-stub"",""cpu"":""0.01%"",""mem"":""18.04MiB / 122.8GiB""},{""name"":""lab-eparagony-stub"",""cpu"":""0.00%"",""mem"":""20.36MiB / 122.8GiB""},{""name"":""lab-invoicing-stub"",""cpu"":""2.81%"",""mem"":""16.6MiB / 122.8GiB""},{""name"":""lab-shipping-stub"",""cpu"":""3.12%"",""mem"":""16.57MiB / 122.8GiB""},{""name"":""lab-eparagony-stub-tls"",""cpu"":""0.00%"",""mem"":""23.3MiB / 122.8GiB""},{""name"":""lab-erli-stub-tls"",""cpu"":""0.00%"",""mem"":""22.67MiB / 122.8GiB""},{""name"":""lab-wc-tls"",""cpu"":""0.00%"",""mem"":""28.21MiB / 122.8GiB""},{""name"":""lab-prestashop"",""cpu"":""38.04%"",""mem"":""172.2MiB / 122.8GiB""},{""name"":""lab-woocommerce"",""cpu"":""0.00%"",""mem"":""299.1MiB / 122.8GiB""},{""name"":""lab-redis"",""cpu"":""0.19%"",""mem"":""77.85MiB / 122.8GiB""},{""name"":""lab-postgres"",""cpu"":""0.38%"",""mem"":""237.2MiB / 122.8GiB""},{""name"":""lab-mysql"",""cpu"":""47.36%"",""mem"":""719.6MiB / 122.8GiB""},{""name"":""lab-woocommerce-mysql"",""cpu"":""0.56%"",""mem"":""509.6MiB / 122.8GiB""}]"
2026-09-10T13:15:20Z,3,0,0,47,0,2667706035,"[{""name"":""lab-worker-1"",""cpu"":""0.26%"",""mem"":""129.7MiB / 122.8GiB""},{""name"":""lab-api"",""cpu"":""0.01%"",""mem"":""155.7MiB / 122.8GiB""},{""name"":""lab-allegro-stub"",""cpu"":""0.00%"",""mem"":""20.35MiB / 122.8GiB""},{""name"":""lab-erli-stub"",""cpu"":""0.00%"",""mem"":""18.04MiB / 122.8GiB""},{""name"":""lab-eparagony-stub"",""cpu"":""3.05%"",""mem"":""20.36MiB / 122.8GiB""},{""name"":""lab-invoicing-stub"",""cpu"":""0.00%"",""mem"":""16.59MiB / 122.8GiB""},{""name"":""lab-shipping-stub"",""cpu"":""0.00%"",""mem"":""16.57MiB / 122.8GiB""},{""name"":""lab-eparagony-stub-tls"",""cpu"":""0.00%"",""mem"":""23.3MiB / 122.8GiB""},{""name"":""lab-erli-stub-tls"",""cpu"":""0.00%"",""mem"":""22.67MiB / 122.8GiB""},{""name"":""lab-wc-tls"",""cpu"":""0.00%"",""mem"":""28.21MiB / 122.8GiB""},{""name"":""lab-prestashop"",""cpu"":""34.93%"",""mem"":""178.4MiB / 122.8GiB""},{""name"":""lab-woocommerce"",""cpu"":""0.01%"",""mem"":""299.1MiB / 122.8GiB""},{""name"":""lab-redis"",""cpu"":""0.19%"",""mem"":""77.85MiB / 122.8GiB""},{""name"":""lab-postgres"",""cpu"":""0.28%"",""mem"":""237.2MiB / 122.8GiB""},{""name"":""lab-mysql"",""cpu"":""44.17%"",""mem"":""719.6MiB / 122.8GiB""},{""name"":""lab-woocommerce-mysql"",""cpu"":""0.66%"",""mem"":""509.6MiB / 122.8GiB""}]"
2026-09-10T13:15:23Z,4,0,0,47,0,2667706035,"[{""name"":""lab-worker-1"",""cpu"":""0.43%"",""mem"":""129.7MiB / 122.8GiB""},{""name"":""lab-api"",""cpu"":""0.00%"",""mem"":""155.7MiB / 122.8GiB""},{""name"":""lab-allegro-stub"",""cpu"":""0.00%"",""mem"":""20.35MiB / 122.8GiB""},{""name"":""lab-erli-stub"",""cpu"":""0.00%"",""mem"":""18.04MiB / 122.8GiB""},{""name"":""lab-eparagony-stub"",""cpu"":""0.00%"",""mem"":""20.36MiB / 122.8GiB""},{""name"":""lab-invoicing-stub"",""cpu"":""0.00%"",""mem"":""16.6MiB / 122.8GiB""},{""name"":""lab-shipping-stub"",""cpu"":""0.00%"",""mem"":""16.57MiB / 122.8GiB""},{""name"":""lab-eparagony-stub-tls"",""cpu"":""0.00%"",""mem"":""23.3MiB / 122.8GiB""},{""name"":""lab-erli-stub-tls"",""cpu"":""0.00%"",""mem"":""22.67MiB / 122.8GiB""},{""name"":""lab-wc-tls"",""cpu"":""0.00%"",""mem"":""28.21MiB / 122.8GiB""},{""name"":""lab-prestashop"",""cpu"":""37.47%"",""mem"":""182.2MiB / 122.8GiB""},{""name"":""lab-woocommerce"",""cpu"":""0.01%"",""mem"":""299.1MiB / 122.8GiB""},{""name"":""lab-redis"",""cpu"":""3.82%"",""mem"":""77.86MiB / 122.8GiB""},{""name"":""lab-postgres"",""cpu"":""1.20%"",""mem"":""237.2MiB / 122.8GiB""},{""name"":""lab-mysql"",""cpu"":""44.37%"",""mem"":""719.8MiB / 122.8GiB""},{""name"":""lab-woocommerce-mysql"",""cpu"":""0.73%"",""mem"":""509.6MiB / 122.8GiB""}]"
2026-09-10T13:15:27Z,3,0,0,47,0,2667706035,"[{""name"":""lab-worker-1"",""cpu"":""0.51%"",""mem"":""129.7MiB / 122.8GiB""},{""name"":""lab-api"",""cpu"":""0.00%"",""mem"":""155.7MiB / 122.8GiB""},{""name"":""lab-allegro-stub"",""cpu"":""3.04%"",""mem"":""20.35MiB / 122.8GiB""},{""name"":""lab-erli-stub"",""cpu"":""0.00%"",""mem"":""18.04MiB / 122.8GiB""},{""name"":""lab-eparagony-stub"",""cpu"":""0.01%"",""mem"":""20.36MiB / 122.8GiB""},{""name"":""lab-invoicing-stub"",""cpu"":""3.98%"",""mem"":""16.6MiB / 122.8GiB""},{""name"":""lab-shipping-stub"",""cpu"":""3.65%"",""mem"":""16.58MiB / 122.8GiB""},{""name"":""lab-eparagony-stub-tls"",""cpu"":""0.00%"",""mem"":""23.3MiB / 122.8GiB""},{""name"":""lab-erli-stub-tls"",""cpu"":""0.00%"",""mem"":""22.67MiB / 122.8GiB""},{""name"":""lab-wc-tls"",""cpu"":""0.00%"",""mem"":""28.21MiB / 122.8GiB""},{""name"":""lab-prestashop"",""cpu"":""36.50%"",""mem"":""182.3MiB / 122.8GiB""},{""name"":""lab-woocommerce"",""cpu"":""0.00%"",""mem"":""299.1MiB / 122.8GiB""},{""name"":""lab-redis"",""cpu"":""0.28%"",""mem"":""77.85MiB / 122.8GiB""},{""name"":""lab-postgres"",""cpu"":""0.43%"",""mem"":""237.2MiB / 122.8GiB""},{""name"":""lab-mysql"",""cpu"":""40.02%"",""mem"":""720.2MiB / 122.8GiB""},{""name"":""lab-woocommerce-mysql"",""cpu"":""0.68%"",""mem"":""509.6MiB / 122.8GiB""}]"
2026-09-10T13:15:31Z,4,0,0,47,0,2667706035,"[{""name"":""lab-worker-1"",""cpu"":""0.46%"",""mem"":""129.7MiB / 122.8GiB""},{""name"":""lab-api"",""cpu"":""0.00%"",""mem"":""155.7MiB / 122.8GiB""},{""name"":""lab-allegro-stub"",""cpu"":""0.00%"",""mem"":""20.35MiB / 122.8GiB""},{""name"":""lab-erli-stub"",""cpu"":""3.85%"",""mem"":""18.05MiB / 122.8GiB""},{""name"":""lab-eparagony-stub"",""cpu"":""3.91%"",""mem"":""20.36MiB / 122.8GiB""},{""name"":""lab-invoicing-stub"",""cpu"":""0.00%"",""mem"":""16.59MiB / 122.8GiB""},{""name"":""lab-shipping-stub"",""cpu"":""0.00%"",""mem"":""16.57MiB / 122.8GiB""},{""name"":""lab-eparagony-stub-tls"",""cpu"":""0.00%"",""mem"":""23.3MiB / 122.8GiB""},{""name"":""lab-erli-stub-tls"",""cpu"":""0.00%"",""mem"":""22.67MiB / 122.8GiB""},{""name"":""lab-wc-tls"",""cpu"":""0.00%"",""mem"":""28.21MiB / 122.8GiB""},{""name"":""lab-prestashop"",""cpu"":""41.02%"",""mem"":""182.3MiB / 122.8GiB""},{""name"":""lab-woocommerce"",""cpu"":""19.00%"",""mem"":""297.1MiB / 122.8GiB""},{""name"":""lab-redis"",""cpu"":""0.28%"",""mem"":""77.85MiB / 122.8GiB""},{""name"":""lab-postgres"",""cpu"":""0.43%"",""mem"":""237.2MiB / 122.8GiB""},{""name"":""lab-mysql"",""cpu"":""39.93%"",""mem"":""720.2MiB / 122.8GiB""},{""name"":""lab-woocommerce-mysql"",""cpu"":""5.05%"",""mem"":""509.6MiB / 122.8GiB""}]"
2026-09-10T13:15:34Z,4,0,0,47,0,2667706035,"[{""name"":""lab-worker-1"",""cpu"":""0.36%"",""mem"":""129.7MiB / 122.8GiB""},{""name"":""lab-api"",""cpu"":""0.00%"",""mem"":""155.7MiB / 122.8GiB""},{""name"":""lab-allegro-stub"",""cpu"":""0.00%"",""mem"":""20.35MiB / 122.8GiB""},{""name"":""lab-erli-stub"",""cpu"":""0.00%"",""mem"":""18.04MiB / 122.8GiB""},{""name"":""lab-eparagony-stub"",""cpu"":""0.00%"",""mem"":""20.36MiB / 122.8GiB""},{""name"":""lab-invoicing-stub"",""cpu"":""0.00%"",""mem"":""16.59MiB / 122.8GiB""},{""name"":""lab-shipping-stub"",""cpu"":""0.00%"",""mem"":""16.57MiB / 122.8GiB""},{""name"":""lab-eparagony-stub-tls"",""cpu"":""0.00%"",""mem"":""23.3MiB / 122.8GiB""},{""name"":""lab-erli-stub-tls"",""cpu"":""0.00%"",""mem"":""22.67MiB / 122.8GiB""},{""name"":""lab-wc-tls"",""cpu"":""0.00%"",""mem"":""28.21MiB / 122.8GiB""},{""name"":""lab-prestashop"",""cpu"":""40.57%"",""mem"":""182.3MiB / 122.8GiB""},{""name"":""lab-woocommerce"",""cpu"":""0.00%"",""mem"":""297.1MiB / 122.8GiB""},{""name"":""lab-redis"",""cpu"":""0.28%"",""mem"":""77.86MiB / 122.8GiB""},{""name"":""lab-postgres"",""cpu"":""5.76%"",""mem"":""237.2MiB / 122.8GiB""},{""name"":""lab-mysql"",""cpu"":""40.19%"",""mem"":""720.4MiB / 122.8GiB""},{""name"":""lab-woocommerce-mysql"",""cpu"":""0.65%"",""mem"":""509.6MiB / 122.8GiB""}]"
2026-09-10T13:15:38Z,3,0,0,47,0,2667706035,"[{""name"":""lab-worker-1"",""cpu"":""0.28%"",""mem"":""129.7MiB / 122.8GiB""},{""name"":""lab-api"",""cpu"":""0.00%"",""mem"":""155.7MiB / 122.8GiB""},{""name"":""lab-allegro-stub"",""cpu"":""0.00%"",""mem"":""20.36MiB / 122.8GiB""},{""name"":""lab-erli-stub"",""cpu"":""0.00%"",""mem"":""18.04MiB / 122.8GiB""},{""name"":""lab-eparagony-stub"",""cpu"":""0.00%"",""mem"":""20.36MiB / 122.8GiB""},{""name"":""lab-invoicing-stub"",""cpu"":""0.00%"",""mem"":""16.59MiB / 122.8GiB""},{""name"":""lab-shipping-stub"",""cpu"":""0.00%"",""mem"":""16.58MiB / 122.8GiB""},{""name"":""lab-eparagony-stub-tls"",""cpu"":""0.00%"",""mem"":""23.3MiB / 122.8GiB""},{""name"":""lab-erli-stub-tls"",""cpu"":""0.00%"",""mem"":""22.67MiB / 122.8GiB""},{""name"":""lab-wc-tls"",""cpu"":""0.00%"",""mem"":""28.21MiB / 122.8GiB""},{""name"":""lab-prestashop"",""cpu"":""39.08%"",""mem"":""180.3MiB / 122.8GiB""},{""name"":""lab-woocommerce"",""cpu"":""0.00%"",""mem"":""297.1MiB / 122.8GiB""},{""name"":""lab-redis"",""cpu"":""0.33%"",""mem"":""78.1MiB / 122.8GiB""},{""name"":""lab-postgres"",""cpu"":""0.40%"",""mem"":""237.2MiB / 122.8GiB""},{""name"":""lab-mysql"",""cpu"":""43.13%"",""mem"":""720.2MiB / 122.8GiB""},{""name"":""lab-woocommerce-mysql"",""cpu"":""5.62%"",""mem"":""509.6MiB / 122.8GiB""}]"
2026-09-10T13:15:42Z,4,0,0,47,0,2667706035,"[{""name"":""lab-worker-1"",""cpu"":""0.36%"",""mem"":""129.7MiB / 122.8GiB""},{""name"":""lab-api"",""cpu"":""0.00%"",""mem"":""155.7MiB / 122.8GiB""},{""name"":""lab-allegro-stub"",""cpu"":""3.50%"",""mem"":""20.38MiB / 122.8GiB""},{""name"":""lab-erli-stub"",""cpu"":""0.01%"",""mem"":""18.05MiB / 122.8GiB""},{""name"":""lab-eparagony-stub"",""cpu"":""0.00%"",""mem"":""20.36MiB / 122.8GiB""},{""name"":""lab-invoicing-stub"",""cpu"":""4.73%"",""mem"":""16.62MiB / 122.8GiB""},{""name"":""lab-shipping-stub"",""cpu"":""3.65%"",""mem"":""16.58MiB / 122.8GiB""},{""name"":""lab-eparagony-stub-tls"",""cpu"":""0.00%"",""mem"":""23.3MiB / 122.8GiB""},{""name"":""lab-erli-stub-tls"",""cpu"":""0.00%"",""mem"":""22.67MiB / 122.8GiB""},{""name"":""lab-wc-tls"",""cpu"":""0.00%"",""mem"":""28.21MiB / 122.8GiB""},{""name"":""lab-prestashop"",""cpu"":""36.86%"",""mem"":""180.4MiB / 122.8GiB""},{""name"":""lab-woocommerce"",""cpu"":""0.00%"",""mem"":""297.1MiB / 122.8GiB""},{""name"":""lab-redis"",""cpu"":""0.25%"",""mem"":""77.85MiB / 122.8GiB""},{""name"":""lab-postgres"",""cpu"":""0.39%"",""mem"":""237.2MiB / 122.8GiB""},{""name"":""lab-mysql"",""cpu"":""42.89%"",""mem"":""720.2MiB / 122.8GiB""},{""name"":""lab-woocommerce-mysql"",""cpu"":""0.65%"",""mem"":""509.6MiB / 122.8GiB""}]"
2026-09-10T13:15:45Z,4,0,0,47,0,2667706035,"[{""name"":""lab-worker-1"",""cpu"":""0.33%"",""mem"":""129.7MiB / 122.8GiB""},{""name"":""lab-api"",""cpu"":""0.00%"",""mem"":""155.7MiB / 122.8GiB""},{""name"":""lab-allegro-stub"",""cpu"":""0.00%"",""mem"":""20.35MiB / 122.8GiB""},{""name"":""lab-erli-stub"",""cpu"":""0.00%"",""mem"":""18.04MiB / 122.8GiB""},{""name"":""lab-eparagony-stub"",""cpu"":""4.08%"",""mem"":""20.39MiB / 122.8GiB""},{""name"":""lab-invoicing-stub"",""cpu"":""0.00%"",""mem"":""16.59MiB / 122.8GiB""},{""name"":""lab-shipping-stub"",""cpu"":""0.00%"",""mem"":""16.57MiB / 122.8GiB""},{""name"":""lab-eparagony-stub-tls"",""cpu"":""0.00%"",""mem"":""23.3MiB / 122.8GiB""},{""name"":""lab-erli-stub-tls"",""cpu"":""0.00%"",""mem"":""22.67MiB / 122.8GiB""},{""name"":""lab-wc-tls"",""cpu"":""0.00%"",""mem"":""28.21MiB / 122.8GiB""},{""name"":""lab-prestashop"",""cpu"":""39.45%"",""mem"":""176.6MiB / 122.8GiB""},{""name"":""lab-woocommerce"",""cpu"":""0.01%"",""mem"":""297.1MiB / 122.8GiB""},{""name"":""lab-redis"",""cpu"":""0.23%"",""mem"":""77.86MiB / 122.8GiB""},{""name"":""lab-postgres"",""cpu"":""0.37%"",""mem"":""237.2MiB / 122.8GiB""},{""name"":""lab-mysql"",""cpu"":""47.18%"",""mem"":""720.2MiB / 122.8GiB""},{""name"":""lab-woocommerce-mysql"",""cpu"":""0.64%"",""mem"":""509.6MiB / 122.8GiB""}]"
2026-09-10T13:15:49Z,3,0,0,47,0,2667706035,"[{""name"":""lab-worker-1"",""cpu"":""0.33%"",""mem"":""129.7MiB / 122.8GiB""},{""name"":""lab-api"",""cpu"":""0.00%"",""mem"":""155.7MiB / 122.8GiB""},{""name"":""lab-allegro-stub"",""cpu"":""0.00%"",""mem"":""20.35MiB / 122.8GiB""},{""name"":""lab-erli-stub"",""cpu"":""0.00%"",""mem"":""18.04MiB / 122.8GiB""},{""name"":""lab-eparagony-stub"",""cpu"":""0.00%"",""mem"":""20.36MiB / 122.8GiB""},{""name"":""lab-invoicing-stub"",""cpu"":""0.00%"",""mem"":""16.59MiB / 122.8GiB""},{""name"":""lab-shipping-stub"",""cpu"":""0.00%"",""mem"":""16.57MiB / 122.8GiB""},{""name"":""lab-eparagony-stub-tls"",""cpu"":""0.00%"",""mem"":""23.3MiB / 122.8GiB""},{""name"":""lab-erli-stub-tls"",""cpu"":""0.00%"",""mem"":""22.67MiB / 122.8GiB""},{""name"":""lab-wc-tls"",""cpu"":""0.00%"",""mem"":""28.21MiB / 122.8GiB""},{""name"":""lab-prestashop"",""cpu"":""37.12%"",""mem"":""174.4MiB / 122.8GiB""},{""name"":""lab-woocommerce"",""cpu"":""0.00%"",""mem"":""297.1MiB / 122.8GiB""},{""name"":""lab-redis"",""cpu"":""0.23%"",""mem"":""77.85MiB / 122.8GiB""},{""name"":""lab-postgres"",""cpu"":""0.25%"",""mem"":""237.2MiB / 122.8GiB""},{""name"":""lab-mysql"",""cpu"":""41.93%"",""mem"":""720.5MiB / 122.8GiB""},{""name"":""lab-woocommerce-mysql"",""cpu"":""0.68%"",""mem"":""509.6MiB / 122.8GiB""}]"
2026-09-10T13:15:52Z,4,0,0,47,0,2667706035,"[{""name"":""lab-worker-1"",""cpu"":""0.42%"",""mem"":""129.7MiB / 122.8GiB""},{""name"":""lab-api"",""cpu"":""0.00%"",""mem"":""155.7MiB / 122.8GiB""},{""name"":""lab-allegro-stub"",""cpu"":""4.01%"",""mem"":""20.36MiB / 122.8GiB""},{""name"":""lab-erli-stub"",""cpu"":""0.00%"",""mem"":""18.04MiB / 122.8GiB""},{""name"":""lab-eparagony-stub"",""cpu"":""0.00%"",""mem"":""20.36MiB / 122.8GiB""},{""name"":""lab-invoicing-stub"",""cpu"":""3.87%"",""mem"":""16.59MiB / 122.8GiB""},{""name"":""lab-shipping-stub"",""cpu"":""4.08%"",""mem"":""16.58MiB / 122.8GiB""},{""name"":""lab-eparagony-stub-tls"",""cpu"":""0.00%"",""mem"":""23.3MiB / 122.8GiB""},{""name"":""lab-erli-stub-tls"",""cpu"":""0.00%"",""mem"":""22.67MiB / 122.8GiB""},{""name"":""lab-wc-tls"",""cpu"":""0.00%"",""mem"":""28.21MiB / 122.8GiB""},{""name"":""lab-prestashop"",""cpu"":""0.01%"",""mem"":""180.4MiB / 122.8GiB""},{""name"":""lab-woocommerce"",""cpu"":""0.01%"",""mem"":""297.1MiB / 122.8GiB""},{""name"":""lab-redis"",""cpu"":""0.26%"",""mem"":""77.86MiB / 122.8GiB""},{""name"":""lab-postgres"",""cpu"":""0.85%"",""mem"":""239.3MiB / 122.8GiB""},{""name"":""lab-mysql"",""cpu"":""0.98%"",""mem"":""720.2MiB / 122.8GiB""},{""name"":""lab-woocommerce-mysql"",""cpu"":""0.76%"",""mem"":""509.6MiB / 122.8GiB""}]"
2026-09-10T13:15:56Z,3,0,0,47,1,2667706035,"[{""name"":""lab-worker-1"",""cpu"":""0.41%"",""mem"":""129.7MiB / 122.8GiB""},{""name"":""lab-api"",""cpu"":""0.00%"",""mem"":""155.7MiB / 122.8GiB""},{""name"":""lab-allegro-stub"",""cpu"":""0.00%"",""mem"":""20.35MiB / 122.8GiB""},{""name"":""lab-erli-stub"",""cpu"":""4.33%"",""mem"":""18.05MiB / 122.8GiB""},{""name"":""lab-eparagony-stub"",""cpu"":""4.00%"",""mem"":""20.37MiB / 122.8GiB""},{""name"":""lab-invoicing-stub"",""cpu"":""0.01%"",""mem"":""16.59MiB / 122.8GiB""},{""name"":""lab-shipping-stub"",""cpu"":""0.01%"",""mem"":""16.57MiB / 122.8GiB""},{""name"":""lab-eparagony-stub-tls"",""cpu"":""0.00%"",""mem"":""23.3MiB / 122.8GiB""},{""name"":""lab-erli-stub-tls"",""cpu"":""0.00%"",""mem"":""22.67MiB / 122.8GiB""},{""name"":""lab-wc-tls"",""cpu"":""0.00%"",""mem"":""28.21MiB / 122.8GiB""},{""name"":""lab-prestashop"",""cpu"":""0.00%"",""mem"":""180.4MiB / 122.8GiB""},{""name"":""lab-woocommerce"",""cpu"":""0.00%"",""mem"":""297.1MiB / 122.8GiB""},{""name"":""lab-redis"",""cpu"":""0.26%"",""mem"":""77.86MiB / 122.8GiB""},{""name"":""lab-postgres"",""cpu"":""0.50%"",""mem"":""239.3MiB / 122.8GiB""},{""name"":""lab-mysql"",""cpu"":""0.72%"",""mem"":""720.2MiB / 122.8GiB""},{""name"":""lab-woocommerce-mysql"",""cpu"":""0.80%"",""mem"":""509.6MiB / 122.8GiB""}]"
2026-09-10T13:16:00Z,4,0,0,47,1,2667706035,"[{""name"":""lab-worker-1"",""cpu"":""0.42%"",""mem"":""129.7MiB / 122.8GiB""},{""name"":""lab-api"",""cpu"":""0.00%"",""mem"":""155.7MiB / 122.8GiB""},{""name"":""lab-allegro-stub"",""cpu"":""0.00%"",""mem"":""20.36MiB / 122.8GiB""},{""name"":""lab-erli-stub"",""cpu"":""0.00%"",""mem"":""18.04MiB / 122.8GiB""},{""name"":""lab-eparagony-stub"",""cpu"":""0.00%"",""mem"":""20.36MiB / 122.8GiB""},{""name"":""lab-invoicing-stub"",""cpu"":""0.00%"",""mem"":""16.59MiB / 122.8GiB""},{""name"":""lab-shipping-stub"",""cpu"":""0.00%"",""mem"":""16.57MiB / 122.8GiB""},{""name"":""lab-eparagony-stub-tls"",""cpu"":""0.00%"",""mem"":""23.3MiB / 122.8GiB""},{""name"":""lab-erli-stub-tls"",""cpu"":""0.00%"",""mem"":""22.67MiB / 122.8GiB""},{""name"":""lab-wc-tls"",""cpu"":""0.00%"",""mem"":""28.21MiB / 122.8GiB""},{""name"":""lab-prestashop"",""cpu"":""0.00%"",""mem"":""180.4MiB / 122.8GiB""},{""name"":""lab-woocommerce"",""cpu"":""0.01%"",""mem"":""297.1MiB / 122.8GiB""},{""name"":""lab-redis"",""cpu"":""0.23%"",""mem"":""77.86MiB / 122.8GiB""},{""name"":""lab-postgres"",""cpu"":""0.41%"",""mem"":""239.3MiB / 122.8GiB""},{""name"":""lab-mysql"",""cpu"":""1.59%"",""mem"":""720.2MiB / 122.8GiB""},{""name"":""lab-woocommerce-mysql"",""cpu"":""0.82%"",""mem"":""509.6MiB / 122.8GiB""}]"
2026-09-10T13:16:03Z,4,1,0,47,2,2667706035,"[{""name"":""lab-worker-1"",""cpu"":""0.36%"",""mem"":""129.7MiB / 122.8GiB""},{""name"":""lab-api"",""cpu"":""0.00%"",""mem"":""155.7MiB / 122.8GiB""},{""name"":""lab-allegro-stub"",""cpu"":""0.01%"",""mem"":""20.35MiB / 122.8GiB""},{""name"":""lab-erli-stub"",""cpu"":""0.00%"",""mem"":""18.04MiB / 122.8GiB""},{""name"":""lab-eparagony-stub"",""cpu"":""0.00%"",""mem"":""20.36MiB / 122.8GiB""},{""name"":""lab-invoicing-stub"",""cpu"":""0.01%"",""mem"":""16.59MiB / 122.8GiB""},{""name"":""lab-shipping-stub"",""cpu"":""0.01%"",""mem"":""16.57MiB / 122.8GiB""},{""name"":""lab-eparagony-stub-tls"",""cpu"":""0.00%"",""mem"":""23.3MiB / 122.8GiB""},{""name"":""lab-erli-stub-tls"",""cpu"":""0.00%"",""mem"":""22.67MiB / 122.8GiB""},{""name"":""lab-wc-tls"",""cpu"":""0.00%"",""mem"":""28.21MiB / 122.8GiB""},{""name"":""lab-prestashop"",""cpu"":""0.01%"",""mem"":""180.4MiB / 122.8GiB""},{""name"":""lab-woocommerce"",""cpu"":""0.01%"",""mem"":""297.1MiB / 122.8GiB""},{""name"":""lab-redis"",""cpu"":""4.49%"",""mem"":""77.88MiB / 122.8GiB""},{""name"":""lab-postgres"",""cpu"":""0.45%"",""mem"":""238MiB / 122.8GiB""},{""name"":""lab-mysql"",""cpu"":""0.85%"",""mem"":""720.2MiB / 122.8GiB""},{""name"":""lab-woocommerce-mysql"",""cpu"":""0.72%"",""mem"":""509.6MiB / 122.8GiB""}]"
2026-09-10T13:16:07Z,3,0,0,47,2,2667706035,"[{""name"":""lab-worker-1"",""cpu"":""0.45%"",""mem"":""129.7MiB / 122.8GiB""},{""name"":""lab-api"",""cpu"":""0.01%"",""mem"":""155.7MiB / 122.8GiB""},{""name"":""lab-allegro-stub"",""cpu"":""2.87%"",""mem"":""20.37MiB / 122.8GiB""},{""name"":""lab-erli-stub"",""cpu"":""0.00%"",""mem"":""18.05MiB / 122.8GiB""},{""name"":""lab-eparagony-stub"",""cpu"":""0.00%"",""mem"":""20.36MiB / 122.8GiB""},{""name"":""lab-invoicing-stub"",""cpu"":""3.37%"",""mem"":""16.64MiB / 122.8GiB""},{""name"":""lab-shipping-stub"",""cpu"":""4.15%"",""mem"":""16.6MiB / 122.8GiB""},{""name"":""lab-eparagony-stub-tls"",""cpu"":""0.00%"",""mem"":""23.3MiB / 122.8GiB""},{""name"":""lab-erli-stub-tls"",""cpu"":""0.00%"",""mem"":""22.67MiB / 122.8GiB""},{""name"":""lab-wc-tls"",""cpu"":""0.00%"",""mem"":""28.21MiB / 122.8GiB""},{""name"":""lab-prestashop"",""cpu"":""0.00%"",""mem"":""180.4MiB / 122.8GiB""},{""name"":""lab-woocommerce"",""cpu"":""0.01%"",""mem"":""297.1MiB / 122.8GiB""},{""name"":""lab-redis"",""cpu"":""0.25%"",""mem"":""77.86MiB / 122.8GiB""},{""name"":""lab-postgres"",""cpu"":""0.44%"",""mem"":""238MiB / 122.8GiB""},{""name"":""lab-mysql"",""cpu"":""0.74%"",""mem"":""720.2MiB / 122.8GiB""},{""name"":""lab-woocommerce-mysql"",""cpu"":""0.82%"",""mem"":""509.6MiB / 122.8GiB""}]"
2026-09-10T13:16:10Z,4,0,0,47,2,2667706035,"[{""name"":""lab-worker-1"",""cpu"":""0.39%"",""mem"":""129.7MiB / 122.8GiB""},{""name"":""lab-api"",""cpu"":""0.00%"",""mem"":""155.7MiB / 122.8GiB""},{""name"":""lab-allegro-stub"",""cpu"":""0.00%"",""mem"":""20.35MiB / 122.8GiB""},{""name"":""lab-erli-stub"",""cpu"":""0.00%"",""mem"":""18.05MiB / 122.8GiB""},{""name"":""lab-eparagony-stub"",""cpu"":""3.47%"",""mem"":""20.36MiB / 122.8GiB""},{""name"":""lab-invoicing-stub"",""cpu"":""0.00%"",""mem"":""16.59MiB / 122.8GiB""},{""name"":""lab-shipping-stub"",""cpu"":""0.00%"",""mem"":""16.57MiB / 122.8GiB""},{""name"":""lab-eparagony-stub-tls"",""cpu"":""0.00%"",""mem"":""23.3MiB / 122.8GiB""},{""name"":""lab-erli-stub-tls"",""cpu"":""0.00%"",""mem"":""22.67MiB / 122.8GiB""},{""name"":""lab-wc-tls"",""cpu"":""0.00%"",""mem"":""28.21MiB / 122.8GiB""},{""name"":""lab-prestashop"",""cpu"":""0.00%"",""mem"":""178.4MiB / 122.8GiB""},{""name"":""lab-woocommerce"",""cpu"":""0.01%"",""mem"":""297.1MiB / 122.8GiB""},{""name"":""lab-redis"",""cpu"":""0.23%"",""mem"":""77.86MiB / 122.8GiB""},{""name"":""lab-postgres"",""cpu"":""0.35%"",""mem"":""238MiB / 122.8GiB""},{""name"":""lab-mysql"",""cpu"":""1.14%"",""mem"":""720.2MiB / 122.8GiB""},{""name"":""lab-woocommerce-mysql"",""cpu"":""0.59%"",""mem"":""509.6MiB / 122.8GiB""}]"
2026-09-10T13:16:14Z,3,0,0,47,3,2667706035,"[{""name"":""lab-worker-1"",""cpu"":""0.30%"",""mem"":""129.7MiB / 122.8GiB""},{""name"":""lab-api"",""cpu"":""0.00%"",""mem"":""155.7MiB / 122.8GiB""},{""name"":""lab-allegro-stub"",""cpu"":""0.00%"",""mem"":""20.35MiB / 122.8GiB""},{""name"":""lab-erli-stub"",""cpu"":""0.00%"",""mem"":""18.04MiB / 122.8GiB""},{""name"":""lab-eparagony-stub"",""cpu"":""0.00%"",""mem"":""20.36MiB / 122.8GiB""},{""name"":""lab-invoicing-stub"",""cpu"":""0.00%"",""mem"":""16.59MiB / 122.8GiB""},{""name"":""lab-shipping-stub"",""cpu"":""0.00%"",""mem"":""16.57MiB / 122.8GiB""},{""name"":""lab-eparagony-stub-tls"",""cpu"":""0.00%"",""mem"":""23.3MiB / 122.8GiB""},{""name"":""lab-erli-stub-tls"",""cpu"":""0.00%"",""mem"":""22.67MiB / 122.8GiB""},{""name"":""lab-wc-tls"",""cpu"":""0.00%"",""mem"":""28.21MiB / 122.8GiB""},{""name"":""lab-prestashop"",""cpu"":""0.00%"",""mem"":""178.4MiB / 122.8GiB""},{""name"":""lab-woocommerce"",""cpu"":""0.00%"",""mem"":""297.1MiB / 122.8GiB""},{""name"":""lab-redis"",""cpu"":""0.24%"",""mem"":""77.86MiB / 122.8GiB""},{""name"":""lab-postgres"",""cpu"":""0.77%"",""mem"":""238.2MiB / 122.8GiB""},{""name"":""lab-mysql"",""cpu"":""0.64%"",""mem"":""720.2MiB / 122.8GiB""},{""name"":""lab-woocommerce-mysql"",""cpu"":""0.69%"",""mem"":""509.6MiB / 122.8GiB""}]"
2026-09-10T13:16:17Z,4,0,0,47,3,2667706035,"[{""name"":""lab-worker-1"",""cpu"":""0.50%"",""mem"":""129.7MiB / 122.8GiB""},{""name"":""lab-api"",""cpu"":""0.00%"",""mem"":""155.7MiB / 122.8GiB""},{""name"":""lab-allegro-stub"",""cpu"":""2.82%"",""mem"":""20.4MiB / 122.8GiB""},{""name"":""lab-erli-stub"",""cpu"":""0.01%"",""mem"":""18.05MiB / 122.8GiB""},{""name"":""lab-eparagony-stub"",""cpu"":""0.00%"",""mem"":""20.36MiB / 122.8GiB""},{""name"":""lab-invoicing-stub"",""cpu"":""3.57%"",""mem"":""16.59MiB / 122.8GiB""},{""name"":""lab-shipping-stub"",""cpu"":""4.08%"",""mem"":""16.59MiB / 122.8GiB""},{""name"":""lab-eparagony-stub-tls"",""cpu"":""0.00%"",""mem"":""23.3MiB / 122.8GiB""},{""name"":""lab-erli-stub-tls"",""cpu"":""0.00%"",""mem"":""22.67MiB / 122.8GiB""},{""name"":""lab-wc-tls"",""cpu"":""0.00%"",""mem"":""28.21MiB / 122.8GiB""},{""name"":""lab-prestashop"",""cpu"":""0.01%"",""mem"":""178.4MiB / 122.8GiB""},{""name"":""lab-woocommerce"",""cpu"":""0.01%"",""mem"":""297.1MiB / 122.8GiB""},{""name"":""lab-redis"",""cpu"":""0.30%"",""mem"":""77.86MiB / 122.8GiB""},{""name"":""lab-postgres"",""cpu"":""0.42%"",""mem"":""238MiB / 122.8GiB""},{""name"":""lab-mysql"",""cpu"":""0.68%"",""mem"":""720.2MiB / 122.8GiB""},{""name"":""lab-woocommerce-mysql"",""cpu"":""0.68%"",""mem"":""509.6MiB / 122.8GiB""}]"
2026-09-10T13:16:21Z,3,0,0,47,3,2667706035,"[{""name"":""lab-worker-1"",""cpu"":""1.77%"",""mem"":""129.7MiB / 122.8GiB""},{""name"":""lab-api"",""cpu"":""0.39%"",""mem"":""155.8MiB / 122.8GiB""},{""name"":""lab-allegro-stub"",""cpu"":""0.00%"",""mem"":""20.35MiB / 122.8GiB""},{""name"":""lab-erli-stub"",""cpu"":""4.10%"",""mem"":""18.06MiB / 122.8GiB""},{""name"":""lab-eparagony-stub"",""cpu"":""4.20%"",""mem"":""20.36MiB / 122.8GiB""},{""name"":""lab-invoicing-stub"",""cpu"":""0.00%"",""mem"":""16.59MiB / 122.8GiB""},{""name"":""lab-shipping-stub"",""cpu"":""0.00%"",""mem"":""16.57MiB / 122.8GiB""},{""name"":""lab-eparagony-stub-tls"",""cpu"":""0.00%"",""mem"":""23.3MiB / 122.8GiB""},{""name"":""lab-erli-stub-tls"",""cpu"":""0.00%"",""mem"":""22.67MiB / 122.8GiB""},{""name"":""lab-wc-tls"",""cpu"":""0.00%"",""mem"":""28.21MiB / 122.8GiB""},{""name"":""lab-prestashop"",""cpu"":""0.00%"",""mem"":""178.4MiB / 122.8GiB""},{""name"":""lab-woocommerce"",""cpu"":""0.01%"",""mem"":""297.1MiB / 122.8GiB""},{""name"":""lab-redis"",""cpu"":""0.33%"",""mem"":""77.86MiB / 122.8GiB""},{""name"":""lab-postgres"",""cpu"":""2.68%"",""mem"":""237.9MiB / 122.8GiB""},{""name"":""lab-mysql"",""cpu"":""0.69%"",""mem"":""720.2MiB / 122.8GiB""},{""name"":""lab-woocommerce-mysql"",""cpu"":""0.64%"",""mem"":""509.6MiB / 122.8GiB""}]"
2026-09-10T13:16:25Z,4,0,0,47,4,2667706035,"[{""name"":""lab-worker-1"",""cpu"":""0.43%"",""mem"":""129.7MiB / 122.8GiB""},{""name"":""lab-api"",""cpu"":""0.00%"",""mem"":""155.8MiB / 122.8GiB""},{""name"":""lab-allegro-stub"",""cpu"":""0.00%"",""mem"":""20.36MiB / 122.8GiB""},{""name"":""lab-erli-stub"",""cpu"":""0.00%"",""mem"":""18.04MiB / 122.8GiB""},{""name"":""lab-eparagony-stub"",""cpu"":""0.00%"",""mem"":""20.36MiB / 122.8GiB""},{""name"":""lab-invoicing-stub"",""cpu"":""0.00%"",""mem"":""16.59MiB / 122.8GiB""},{""name"":""lab-shipping-stub"",""cpu"":""0.00%"",""mem"":""16.57MiB / 122.8GiB""},{""name"":""lab-eparagony-stub-tls"",""cpu"":""0.00%"",""mem"":""23.3MiB / 122.8GiB""},{""name"":""lab-erli-stub-tls"",""cpu"":""0.00%"",""mem"":""22.67MiB / 122.8GiB""},{""name"":""lab-wc-tls"",""cpu"":""0.00%"",""mem"":""28.21MiB / 122.8GiB""},{""name"":""lab-prestashop"",""cpu"":""0.00%"",""mem"":""178.3MiB / 122.8GiB""},{""name"":""lab-woocommerce"",""cpu"":""0.00%"",""mem"":""297.1MiB / 122.8GiB""},{""name"":""lab-redis"",""cpu"":""0.24%"",""mem"":""77.86MiB / 122.8GiB""},{""name"":""lab-postgres"",""cpu"":""6.05%"",""mem"":""238MiB / 122.8GiB""},{""name"":""lab-mysql"",""cpu"":""0.78%"",""mem"":""720.2MiB / 122.8GiB""},{""name"":""lab-woocommerce-mysql"",""cpu"":""0.76%"",""mem"":""509.6MiB / 122.8GiB""}]"
2026-09-10T13:16:28Z,4,0,0,47,4,2667706035,"[{""name"":""lab-worker-1"",""cpu"":""0.40%"",""mem"":""129.7MiB / 122.8GiB""},{""name"":""lab-api"",""cpu"":""0.00%"",""mem"":""155.8MiB / 122.8GiB""},{""name"":""lab-allegro-stub"",""cpu"":""0.01%"",""mem"":""20.45MiB / 122.8GiB""},{""name"":""lab-erli-stub"",""cpu"":""0.00%"",""mem"":""18.04MiB / 122.8GiB""},{""name"":""lab-eparagony-stub"",""cpu"":""0.00%"",""mem"":""20.37MiB / 122.8GiB""},{""name"":""lab-invoicing-stub"",""cpu"":""0.01%"",""mem"":""16.61MiB / 122.8GiB""},{""name"":""lab-shipping-stub"",""cpu"":""0.01%"",""mem"":""16.57MiB / 122.8GiB""},{""name"":""lab-eparagony-stub-tls"",""cpu"":""0.00%"",""mem"":""23.3MiB / 122.8GiB""},{""name"":""lab-erli-stub-tls"",""cpu"":""0.00%"",""mem"":""22.67MiB / 122.8GiB""},{""name"":""lab-wc-tls"",""cpu"":""0.00%"",""mem"":""28.21MiB / 122.8GiB""},{""name"":""lab-prestashop"",""cpu"":""0.01%"",""mem"":""178.3MiB / 122.8GiB""},{""name"":""lab-woocommerce"",""cpu"":""0.00%"",""mem"":""297.1MiB / 122.8GiB""},{""name"":""lab-redis"",""cpu"":""0.28%"",""mem"":""77.86MiB / 122.8GiB""},{""name"":""lab-postgres"",""cpu"":""0.43%"",""mem"":""238MiB / 122.8GiB""},{""name"":""lab-mysql"",""cpu"":""0.84%"",""mem"":""720.2MiB / 122.8GiB""},{""name"":""lab-woocommerce-mysql"",""cpu"":""5.50%"",""mem"":""509.7MiB / 122.8GiB""}]"
2026-09-10T13:16:32Z,3,0,0,47,4,2667706035,"[{""name"":""lab-worker-1"",""cpu"":""1.64%"",""mem"":""129.7MiB / 122.8GiB""},{""name"":""lab-api"",""cpu"":""0.00%"",""mem"":""155.8MiB / 122.8GiB""},{""name"":""lab-allegro-stub"",""cpu"":""0.87%"",""mem"":""27.07MiB / 122.8GiB""},{""name"":""lab-erli-stub"",""cpu"":""0.01%"",""mem"":""18.04MiB / 122.8GiB""},{""name"":""lab-eparagony-stub"",""cpu"":""0.00%"",""mem"":""20.36MiB / 122.8GiB""},{""name"":""lab-invoicing-stub"",""cpu"":""0.00%"",""mem"":""16.59MiB / 122.8GiB""},{""name"":""lab-shipping-stub"",""cpu"":""0.03%"",""mem"":""17.06MiB / 122.8GiB""},{""name"":""lab-eparagony-stub-tls"",""cpu"":""0.00%"",""mem"":""23.3MiB / 122.8GiB""},{""name"":""lab-erli-stub-tls"",""cpu"":""0.00%"",""mem"":""22.67MiB / 122.8GiB""},{""name"":""lab-wc-tls"",""cpu"":""0.00%"",""mem"":""28.21MiB / 122.8GiB""},{""name"":""lab-prestashop"",""cpu"":""0.01%"",""mem"":""178.3MiB / 122.8GiB""},{""name"":""lab-woocommerce"",""cpu"":""0.00%"",""mem"":""295.1MiB / 122.8GiB""},{""name"":""lab-redis"",""cpu"":""0.29%"",""mem"":""77.86MiB / 122.8GiB""},{""name"":""lab-postgres"",""cpu"":""3.15%"",""mem"":""237.9MiB / 122.8GiB""},{""name"":""lab-mysql"",""cpu"":""0.78%"",""mem"":""720.2MiB / 122.8GiB""},{""name"":""lab-woocommerce-mysql"",""cpu"":""0.99%"",""mem"":""509.6MiB / 122.8GiB""}]"
2026-09-10T13:16:36Z,4,0,0,47,5,2667706035,"[{""name"":""lab-worker-1"",""cpu"":""0.43%"",""mem"":""129.7MiB / 122.8GiB""},{""name"":""lab-api"",""cpu"":""0.00%"",""mem"":""155.8MiB / 122.8GiB""},{""name"":""lab-allegro-stub"",""cpu"":""0.00%"",""mem"":""20.35MiB / 122.8GiB""},{""name"":""lab-erli-stub"",""cpu"":""0.00%"",""mem"":""18.04MiB / 122.8GiB""},{""name"":""lab-eparagony-stub"",""cpu"":""3.90%"",""mem"":""20.38MiB / 122.8GiB""},{""name"":""lab-invoicing-stub"",""cpu"":""0.00%"",""mem"":""16.59MiB / 122.8GiB""},{""name"":""lab-shipping-stub"",""cpu"":""0.00%"",""mem"":""16.57MiB / 122.8GiB""},{""name"":""lab-eparagony-stub-tls"",""cpu"":""0.00%"",""mem"":""23.3MiB / 122.8GiB""},{""name"":""lab-erli-stub-tls"",""cpu"":""0.00%"",""mem"":""22.67MiB / 122.8GiB""},{""name"":""lab-wc-tls"",""cpu"":""0.00%"",""mem"":""28.21MiB / 122.8GiB""},{""name"":""lab-prestashop"",""cpu"":""0.01%"",""mem"":""178.3MiB / 122.8GiB""},{""name"":""lab-woocommerce"",""cpu"":""0.01%"",""mem"":""295.1MiB / 122.8GiB""},{""name"":""lab-redis"",""cpu"":""0.31%"",""mem"":""77.86MiB / 122.8GiB""},{""name"":""lab-postgres"",""cpu"":""0.47%"",""mem"":""238MiB / 122.8GiB""},{""name"":""lab-mysql"",""cpu"":""5.43%"",""mem"":""720.2MiB / 122.8GiB""},{""name"":""lab-woocommerce-mysql"",""cpu"":""0.88%"",""mem"":""509.6MiB / 122.8GiB""}]"
2026-09-10T13:16:39Z,4,0,0,47,5,2667706035,"[{""name"":""lab-worker-1"",""cpu"":""0.35%"",""mem"":""129.9MiB / 122.8GiB""},{""name"":""lab-api"",""cpu"":""0.00%"",""mem"":""155.8MiB / 122.8GiB""},{""name"":""lab-allegro-stub"",""cpu"":""0.00%"",""mem"":""20.35MiB / 122.8GiB""},{""name"":""lab-erli-stub"",""cpu"":""0.00%"",""mem"":""18.04MiB / 122.8GiB""},{""name"":""lab-eparagony-stub"",""cpu"":""0.00%"",""mem"":""20.36MiB / 122.8GiB""},{""name"":""lab-invoicing-stub"",""cpu"":""0.00%"",""mem"":""16.59MiB / 122.8GiB""},{""name"":""lab-shipping-stub"",""cpu"":""0.00%"",""mem"":""16.57MiB / 122.8GiB""},{""name"":""lab-eparagony-stub-tls"",""cpu"":""0.00%"",""mem"":""23.3MiB / 122.8GiB""},{""name"":""lab-erli-stub-tls"",""cpu"":""0.00%"",""mem"":""22.67MiB / 122.8GiB""},{""name"":""lab-wc-tls"",""cpu"":""0.00%"",""mem"":""28.21MiB / 122.8GiB""},{""name"":""lab-prestashop"",""cpu"":""0.01%"",""mem"":""174.3MiB / 122.8GiB""},{""name"":""lab-woocommerce"",""cpu"":""0.01%"",""mem"":""295.1MiB / 122.8GiB""},{""name"":""lab-redis"",""cpu"":""0.25%"",""mem"":""77.86MiB / 122.8GiB""},{""name"":""lab-postgres"",""cpu"":""0.48%"",""mem"":""238MiB / 122.8GiB""},{""name"":""lab-mysql"",""cpu"":""0.85%"",""mem"":""720.2MiB / 122.8GiB""},{""name"":""lab-woocommerce-mysql"",""cpu"":""0.93%"",""mem"":""509.6MiB / 122.8GiB""}]"
2026-09-10T13:16:43Z,3,0,0,47,5,2667706035,"[{""name"":""lab-worker-1"",""cpu"":""0.42%"",""mem"":""129.9MiB / 122.8GiB""},{""name"":""lab-api"",""cpu"":""0.00%"",""mem"":""155.9MiB / 122.8GiB""},{""name"":""lab-allegro-stub"",""cpu"":""4.15%"",""mem"":""20.36MiB / 122.8GiB""},{""name"":""lab-erli-stub"",""cpu"":""0.01%"",""mem"":""18.04MiB / 122.8GiB""},{""name"":""lab-eparagony-stub"",""cpu"":""0.00%"",""mem"":""20.36MiB / 122.8GiB""},{""name"":""lab-invoicing-stub"",""cpu"":""3.58%"",""mem"":""16.6MiB / 122.8GiB""},{""name"":""lab-shipping-stub"",""cpu"":""3.92%"",""mem"":""16.59MiB / 122.8GiB""},{""name"":""lab-eparagony-stub-tls"",""cpu"":""0.00%"",""mem"":""23.3MiB / 122.8GiB""},{""name"":""lab-erli-stub-tls"",""cpu"":""0.00%"",""mem"":""22.67MiB / 122.8GiB""},{""name"":""lab-wc-tls"",""cpu"":""0.00%"",""mem"":""28.21MiB / 122.8GiB""},{""name"":""lab-prestashop"",""cpu"":""0.01%"",""mem"":""174.3MiB / 122.8GiB""},{""name"":""lab-woocommerce"",""cpu"":""0.01%"",""mem"":""295.1MiB / 122.8GiB""},{""name"":""lab-redis"",""cpu"":""4.27%"",""mem"":""77.91MiB / 122.8GiB""},{""name"":""lab-postgres"",""cpu"":""0.72%"",""mem"":""238MiB / 122.8GiB""},{""name"":""lab-mysql"",""cpu"":""0.92%"",""mem"":""720.2MiB / 122.8GiB""},{""name"":""lab-woocommerce-mysql"",""cpu"":""0.73%"",""mem"":""509.6MiB / 122.8GiB""}]"
2026-09-10T13:16:47Z,4,0,0,47,6,2667706035,"[{""name"":""lab-worker-1"",""cpu"":""0.43%"",""mem"":""129.9MiB / 122.8GiB""},{""name"":""lab-api"",""cpu"":""0.01%"",""mem"":""155.9MiB / 122.8GiB""},{""name"":""lab-allegro-stub"",""cpu"":""0.00%"",""mem"":""20.35MiB / 122.8GiB""},{""name"":""lab-erli-stub"",""cpu"":""4.01%"",""mem"":""18.12MiB / 122.8GiB""},{""name"":""lab-eparagony-stub"",""cpu"":""0.01%"",""mem"":""20.39MiB / 122.8GiB""},{""name"":""lab-invoicing-stub"",""cpu"":""0.00%"",""mem"":""16.59MiB / 122.8GiB""},{""name"":""lab-shipping-stub"",""cpu"":""0.00%"",""mem"":""16.57MiB / 122.8GiB""},{""name"":""lab-eparagony-stub-tls"",""cpu"":""0.00%"",""mem"":""23.3MiB / 122.8GiB""},{""name"":""lab-erli-stub-tls"",""cpu"":""0.00%"",""mem"":""22.67MiB / 122.8GiB""},{""name"":""lab-wc-tls"",""cpu"":""0.00%"",""mem"":""28.21MiB / 122.8GiB""},{""name"":""lab-prestashop"",""cpu"":""0.01%"",""mem"":""174.3MiB / 122.8GiB""},{""name"":""lab-woocommerce"",""cpu"":""0.01%"",""mem"":""295.1MiB / 122.8GiB""},{""name"":""lab-redis"",""cpu"":""0.29%"",""mem"":""77.86MiB / 122.8GiB""},{""name"":""lab-postgres"",""cpu"":""0.49%"",""mem"":""238MiB / 122.8GiB""},{""name"":""lab-mysql"",""cpu"":""0.97%"",""mem"":""720.2MiB / 122.8GiB""},{""name"":""lab-woocommerce-mysql"",""cpu"":""1.01%"",""mem"":""509.6MiB / 122.8GiB""}]"
2026-09-10T13:16:50Z,4,0,0,47,6,2667706035,"[{""name"":""lab-worker-1"",""cpu"":""0.40%"",""mem"":""129.7MiB / 122.8GiB""},{""name"":""lab-api"",""cpu"":""0.01%"",""mem"":""155.9MiB / 122.8GiB""},{""name"":""lab-allegro-stub"",""cpu"":""0.00%"",""mem"":""20.35MiB / 122.8GiB""},{""name"":""lab-erli-stub"",""cpu"":""0.00%"",""mem"":""18.06MiB / 122.8GiB""},{""name"":""lab-eparagony-stub"",""cpu"":""0.00%"",""mem"":""20.35MiB / 122.8GiB""},{""name"":""lab-invoicing-stub"",""cpu"":""0.00%"",""mem"":""16.59MiB / 122.8GiB""},{""name"":""lab-shipping-stub"",""cpu"":""0.00%"",""mem"":""16.57MiB / 122.8GiB""},{""name"":""lab-eparagony-stub-tls"",""cpu"":""0.00%"",""mem"":""23.3MiB / 122.8GiB""},{""name"":""lab-erli-stub-tls"",""cpu"":""0.00%"",""mem"":""22.67MiB / 122.8GiB""},{""name"":""lab-wc-tls"",""cpu"":""0.00%"",""mem"":""28.21MiB / 122.8GiB""},{""name"":""lab-prestashop"",""cpu"":""0.01%"",""mem"":""174.3MiB / 122.8GiB""},{""name"":""lab-woocommerce"",""cpu"":""0.01%"",""mem"":""295.1MiB / 122.8GiB""},{""name"":""lab-redis"",""cpu"":""0.25%"",""mem"":""78.11MiB / 122.8GiB""},{""name"":""lab-postgres"",""cpu"":""0.63%"",""mem"":""237.9MiB / 122.8GiB""},{""name"":""lab-mysql"",""cpu"":""0.94%"",""mem"":""720.2MiB / 122.8GiB""},{""name"":""lab-woocommerce-mysql"",""cpu"":""0.96%"",""mem"":""509.6MiB / 122.8GiB""}]"
2026-09-10T13:16:54Z,3,0,0,47,7,2667706035,"[{""name"":""lab-worker-1"",""cpu"":""0.49%"",""mem"":""129.7MiB / 122.8GiB""},{""name"":""lab-api"",""cpu"":""0.00%"",""mem"":""155.9MiB / 122.8GiB""},{""name"":""lab-allegro-stub"",""cpu"":""0.00%"",""mem"":""20.35MiB / 122.8GiB""},{""name"":""lab-erli-stub"",""cpu"":""0.00%"",""mem"":""18.04MiB / 122.8GiB""},{""name"":""lab-eparagony-stub"",""cpu"":""0.00%"",""mem"":""20.35MiB / 122.8GiB""},{""name"":""lab-invoicing-stub"",""cpu"":""0.00%"",""mem"":""16.59MiB / 122.8GiB""},{""name"":""lab-shipping-stub"",""cpu"":""0.00%"",""mem"":""16.57MiB / 122.8GiB""},{""name"":""lab-eparagony-stub-tls"",""cpu"":""0.00%"",""mem"":""23.3MiB / 122.8GiB""},{""name"":""lab-erli-stub-tls"",""cpu"":""0.00%"",""mem"":""22.67MiB / 122.8GiB""},{""name"":""lab-wc-tls"",""cpu"":""0.00%"",""mem"":""28.21MiB / 122.8GiB""},{""name"":""lab-prestashop"",""cpu"":""0.01%"",""mem"":""174.3MiB / 122.8GiB""},{""name"":""lab-woocommerce"",""cpu"":""0.01%"",""mem"":""295.1MiB / 122.8GiB""},{""name"":""lab-redis"",""cpu"":""0.77%"",""mem"":""77.91MiB / 122.8GiB""},{""name"":""lab-postgres"",""cpu"":""1.45%"",""mem"":""238MiB / 122.8GiB""},{""name"":""lab-mysql"",""cpu"":""0.98%"",""mem"":""720.2MiB / 122.8GiB""},{""name"":""lab-woocommerce-mysql"",""cpu"":""1.04%"",""mem"":""509.6MiB / 122.8GiB""}]"
2026-09-10T13:16:58Z,4,0,0,47,7,2667706035,"[{""name"":""lab-worker-1"",""cpu"":""0.56%"",""mem"":""129.7MiB / 122.8GiB""},{""name"":""lab-api"",""cpu"":""0.00%"",""mem"":""155.9MiB / 122.8GiB""},{""name"":""lab-allegro-stub"",""cpu"":""4.36%"",""mem"":""20.39MiB / 122.8GiB""},{""name"":""lab-erli-stub"",""cpu"":""0.00%"",""mem"":""18.04MiB / 122.8GiB""},{""name"":""lab-eparagony-stub"",""cpu"":""0.00%"",""mem"":""20.4MiB / 122.8GiB""},{""name"":""lab-invoicing-stub"",""cpu"":""4.41%"",""mem"":""16.59MiB / 122.8GiB""},{""name"":""lab-shipping-stub"",""cpu"":""3.41%"",""mem"":""16.57MiB / 122.8GiB""},{""name"":""lab-eparagony-stub-tls"",""cpu"":""0.00%"",""mem"":""23.3MiB / 122.8GiB""},{""name"":""lab-erli-stub-tls"",""cpu"":""0.00%"",""mem"":""22.67MiB / 122.8GiB""},{""name"":""lab-wc-tls"",""cpu"":""0.00%"",""mem"":""28.21MiB / 122.8GiB""},{""name"":""lab-prestashop"",""cpu"":""0.00%"",""mem"":""174.3MiB / 122.8GiB""},{""name"":""lab-woocommerce"",""cpu"":""0.00%"",""mem"":""295.1MiB / 122.8GiB""},{""name"":""lab-redis"",""cpu"":""0.31%"",""mem"":""77.86MiB / 122.8GiB""},{""name"":""lab-postgres"",""cpu"":""0.36%"",""mem"":""238MiB / 122.8GiB""},{""name"":""lab-mysql"",""cpu"":""0.94%"",""mem"":""720.2MiB / 122.8GiB""},{""name"":""lab-woocommerce-mysql"",""cpu"":""0.97%"",""mem"":""509.6MiB / 122.8GiB""}]"
2026-09-10T13:17:01Z,4,0,0,47,7,2667706035,"[{""name"":""lab-worker-1"",""cpu"":""0.78%"",""mem"":""129.7MiB / 122.8GiB""},{""name"":""lab-api"",""cpu"":""0.56%"",""mem"":""156MiB / 122.8GiB""},{""name"":""lab-allegro-stub"",""cpu"":""0.00%"",""mem"":""20.35MiB / 122.8GiB""},{""name"":""lab-erli-stub"",""cpu"":""3.86%"",""mem"":""18.08MiB / 122.8GiB""},{""name"":""lab-eparagony-stub"",""cpu"":""4.26%"",""mem"":""20.37MiB / 122.8GiB""},{""name"":""lab-invoicing-stub"",""cpu"":""0.00%"",""mem"":""16.59MiB / 122.8GiB""},{""name"":""lab-shipping-stub"",""cpu"":""0.00%"",""mem"":""16.57MiB / 122.8GiB""},{""name"":""lab-eparagony-stub-tls"",""cpu"":""0.00%"",""mem"":""23.3MiB / 122.8GiB""},{""name"":""lab-erli-stub-tls"",""cpu"":""0.00%"",""mem"":""22.67MiB / 122.8GiB""},{""name"":""lab-wc-tls"",""cpu"":""0.00%"",""mem"":""28.21MiB / 122.8GiB""},{""name"":""lab-prestashop"",""cpu"":""0.01%"",""mem"":""174.3MiB / 122.8GiB""},{""name"":""lab-woocommerce"",""cpu"":""14.02%"",""mem"":""295.1MiB / 122.8GiB""},{""name"":""lab-redis"",""cpu"":""0.29%"",""mem"":""77.86MiB / 122.8GiB""},{""name"":""lab-postgres"",""cpu"":""1.11%"",""mem"":""236.1MiB / 122.8GiB""},{""name"":""lab-mysql"",""cpu"":""0.91%"",""mem"":""720.2MiB / 122.8GiB""},{""name"":""lab-woocommerce-mysql"",""cpu"":""2.09%"",""mem"":""509.6MiB / 122.8GiB""}]"
2026-09-10T13:17:05Z,3,0,0,47,8,2667706035,"[{""name"":""lab-worker-1"",""cpu"":""0.39%"",""mem"":""129.7MiB / 122.8GiB""},{""name"":""lab-api"",""cpu"":""0.00%"",""mem"":""156MiB / 122.8GiB""},{""name"":""lab-allegro-stub"",""cpu"":""0.00%"",""mem"":""20.35MiB / 122.8GiB""},{""name"":""lab-erli-stub"",""cpu"":""0.00%"",""mem"":""18.04MiB / 122.8GiB""},{""name"":""lab-eparagony-stub"",""cpu"":""0.00%"",""mem"":""20.35MiB / 122.8GiB""},{""name"":""lab-invoicing-stub"",""cpu"":""0.00%"",""mem"":""16.59MiB / 122.8GiB""},{""name"":""lab-shipping-stub"",""cpu"":""0.00%"",""mem"":""16.58MiB / 122.8GiB""},{""name"":""lab-eparagony-stub-tls"",""cpu"":""0.00%"",""mem"":""23.3MiB / 122.8GiB""},{""name"":""lab-erli-stub-tls"",""cpu"":""0.00%"",""mem"":""22.67MiB / 122.8GiB""},{""name"":""lab-wc-tls"",""cpu"":""0.00%"",""mem"":""28.21MiB / 122.8GiB""},{""name"":""lab-prestashop"",""cpu"":""0.01%"",""mem"":""174.3MiB / 122.8GiB""},{""name"":""lab-woocommerce"",""cpu"":""0.01%"",""mem"":""295.1MiB / 122.8GiB""},{""name"":""lab-redis"",""cpu"":""0.30%"",""mem"":""77.87MiB / 122.8GiB""},{""name"":""lab-postgres"",""cpu"":""5.92%"",""mem"":""238MiB / 122.8GiB""},{""name"":""lab-mysql"",""cpu"":""5.72%"",""mem"":""720.4MiB / 122.8GiB""},{""name"":""lab-woocommerce-mysql"",""cpu"":""0.92%"",""mem"":""509.6MiB / 122.8GiB""}]"
2026-09-10T13:17:09Z,4,0,0,47,8,2667706035,"[{""name"":""lab-worker-1"",""cpu"":""0.34%"",""mem"":""129.7MiB / 122.8GiB""},{""name"":""lab-api"",""cpu"":""0.00%"",""mem"":""156MiB / 122.8GiB""},{""name"":""lab-allegro-stub"",""cpu"":""0.00%"",""mem"":""20.36MiB / 122.8GiB""},{""name"":""lab-erli-stub"",""cpu"":""0.00%"",""mem"":""18.04MiB / 122.8GiB""},{""name"":""lab-eparagony-stub"",""cpu"":""0.00%"",""mem"":""20.35MiB / 122.8GiB""},{""name"":""lab-invoicing-stub"",""cpu"":""0.00%"",""mem"":""16.67MiB / 122.8GiB""},{""name"":""lab-shipping-stub"",""cpu"":""0.00%"",""mem"":""16.57MiB / 122.8GiB""},{""name"":""lab-eparagony-stub-tls"",""cpu"":""0.00%"",""mem"":""23.3MiB / 122.8GiB""},{""name"":""lab-erli-stub-tls"",""cpu"":""0.00%"",""mem"":""22.67MiB / 122.8GiB""},{""name"":""lab-wc-tls"",""cpu"":""0.00%"",""mem"":""28.21MiB / 122.8GiB""},{""name"":""lab-prestashop"",""cpu"":""0.01%"",""mem"":""172.3MiB / 122.8GiB""},{""name"":""lab-woocommerce"",""cpu"":""0.01%"",""mem"":""295.1MiB / 122.8GiB""},{""name"":""lab-redis"",""cpu"":""0.31%"",""mem"":""78.11MiB / 122.8GiB""},{""name"":""lab-postgres"",""cpu"":""0.35%"",""mem"":""238MiB / 122.8GiB""},{""name"":""lab-mysql"",""cpu"":""0.94%"",""mem"":""720.2MiB / 122.8GiB""},{""name"":""lab-woocommerce-mysql"",""cpu"":""5.39%"",""mem"":""509.7MiB / 122.8GiB""}]"
2026-09-10T13:17:12Z,4,0,0,47,8,2667706035,"[{""name"":""lab-worker-1"",""cpu"":""1.98%"",""mem"":""129.9MiB / 122.8GiB""},{""name"":""lab-api"",""cpu"":""0.01%"",""mem"":""156MiB / 122.8GiB""},{""name"":""lab-allegro-stub"",""cpu"":""4.06%"",""mem"":""20.38MiB / 122.8GiB""},{""name"":""lab-erli-stub"",""cpu"":""0.02%"",""mem"":""18.07MiB / 122.8GiB""},{""name"":""lab-eparagony-stub"",""cpu"":""0.01%"",""mem"":""20.35MiB / 122.8GiB""},{""name"":""lab-invoicing-stub"",""cpu"":""4.08%"",""mem"":""16.6MiB / 122.8GiB""},{""name"":""lab-shipping-stub"",""cpu"":""3.18%"",""mem"":""16.59MiB / 122.8GiB""},{""name"":""lab-eparagony-stub-tls"",""cpu"":""0.00%"",""mem"":""23.3MiB / 122.8GiB""},{""name"":""lab-erli-stub-tls"",""cpu"":""0.00%"",""mem"":""22.67MiB / 122.8GiB""},{""name"":""lab-wc-tls"",""cpu"":""0.00%"",""mem"":""28.21MiB / 122.8GiB""},{""name"":""lab-prestashop"",""cpu"":""0.01%"",""mem"":""172.3MiB / 122.8GiB""},{""name"":""lab-woocommerce"",""cpu"":""0.01%"",""mem"":""295.1MiB / 122.8GiB""},{""name"":""lab-redis"",""cpu"":""0.32%"",""mem"":""77.86MiB / 122.8GiB""},{""name"":""lab-postgres"",""cpu"":""3.53%"",""mem"":""238MiB / 122.8GiB""},{""name"":""lab-mysql"",""cpu"":""0.95%"",""mem"":""720.2MiB / 122.8GiB""},{""name"":""lab-woocommerce-mysql"",""cpu"":""0.95%"",""mem"":""509.6MiB / 122.8GiB""}]"
2026-09-10T13:17:16Z,3,0,0,47,9,2667706035,"[{""name"":""lab-worker-1"",""cpu"":""0.42%"",""mem"":""129.7MiB / 122.8GiB""},{""name"":""lab-api"",""cpu"":""0.00%"",""mem"":""156MiB / 122.8GiB""},{""name"":""lab-allegro-stub"",""cpu"":""0.00%"",""mem"":""20.35MiB / 122.8GiB""},{""name"":""lab-erli-stub"",""cpu"":""0.00%"",""mem"":""18.04MiB / 122.8GiB""},{""name"":""lab-eparagony-stub"",""cpu"":""3.92%"",""mem"":""20.38MiB / 122.8GiB""},{""name"":""lab-invoicing-stub"",""cpu"":""0.00%"",""mem"":""16.59MiB / 122.8GiB""},{""name"":""lab-shipping-stub"",""cpu"":""0.00%"",""mem"":""16.57MiB / 122.8GiB""},{""name"":""lab-eparagony-stub-tls"",""cpu"":""0.00%"",""mem"":""23.3MiB / 122.8GiB""},{""name"":""lab-erli-stub-tls"",""cpu"":""0.00%"",""mem"":""22.67MiB / 122.8GiB""},{""name"":""lab-wc-tls"",""cpu"":""0.00%"",""mem"":""28.21MiB / 122.8GiB""},{""name"":""lab-prestashop"",""cpu"":""0.01%"",""mem"":""172.3MiB / 122.8GiB""},{""name"":""lab-woocommerce"",""cpu"":""0.01%"",""mem"":""295.1MiB / 122.8GiB""},{""name"":""lab-redis"",""cpu"":""0.28%"",""mem"":""78.11MiB / 122.8GiB""},{""name"":""lab-postgres"",""cpu"":""0.37%"",""mem"":""238MiB / 122.8GiB""},{""name"":""lab-mysql"",""cpu"":""0.76%"",""mem"":""720.2MiB / 122.8GiB""},{""name"":""lab-woocommerce-mysql"",""cpu"":""0.77%"",""mem"":""509.6MiB / 122.8GiB""}]"
2026-09-10T13:17:20Z,4,0,0,47,9,2667706035,"[{""name"":""lab-worker-1"",""cpu"":""0.37%"",""mem"":""129.7MiB / 122.8GiB""},{""name"":""lab-api"",""cpu"":""0.01%"",""mem"":""156MiB / 122.8GiB""},{""name"":""lab-allegro-stub"",""cpu"":""0.00%"",""mem"":""20.35MiB / 122.8GiB""},{""name"":""lab-erli-stub"",""cpu"":""0.00%"",""mem"":""18.05MiB / 122.8GiB""},{""name"":""lab-eparagony-stub"",""cpu"":""0.00%"",""mem"":""20.35MiB / 122.8GiB""},{""name"":""lab-invoicing-stub"",""cpu"":""0.00%"",""mem"":""16.59MiB / 122.8GiB""},{""name"":""lab-shipping-stub"",""cpu"":""0.00%"",""mem"":""16.57MiB / 122.8GiB""},{""name"":""lab-eparagony-stub-tls"",""cpu"":""0.00%"",""mem"":""23.3MiB / 122.8GiB""},{""name"":""lab-erli-stub-tls"",""cpu"":""0.00%"",""mem"":""22.67MiB / 122.8GiB""},{""name"":""lab-wc-tls"",""cpu"":""0.00%"",""mem"":""28.21MiB / 122.8GiB""},{""name"":""lab-prestashop"",""cpu"":""0.01%"",""mem"":""172.3MiB / 122.8GiB""},{""name"":""lab-woocommerce"",""cpu"":""0.00%"",""mem"":""295.1MiB / 122.8GiB""},{""name"":""lab-redis"",""cpu"":""0.31%"",""mem"":""77.86MiB / 122.8GiB""},{""name"":""lab-postgres"",""cpu"":""0.37%"",""mem"":""238MiB / 122.8GiB""},{""name"":""lab-mysql"",""cpu"":""0.90%"",""mem"":""720.2MiB / 122.8GiB""},{""name"":""lab-woocommerce-mysql"",""cpu"":""1.01%"",""mem"":""509.6MiB / 122.8GiB""}]"
2026-09-10T13:17:23Z,4,1,0,47,9,2667706035,"[{""name"":""lab-worker-1"",""cpu"":""0.38%"",""mem"":""129.7MiB / 122.8GiB""},{""name"":""lab-api"",""cpu"":""0.00%"",""mem"":""156MiB / 122.8GiB""},{""name"":""lab-allegro-stub"",""cpu"":""3.65%"",""mem"":""20.36MiB / 122.8GiB""},{""name"":""lab-erli-stub"",""cpu"":""0.00%"",""mem"":""18.04MiB / 122.8GiB""},{""name"":""lab-eparagony-stub"",""cpu"":""0.00%"",""mem"":""20.35MiB / 122.8GiB""},{""name"":""lab-invoicing-stub"",""cpu"":""4.24%"",""mem"":""16.59MiB / 122.8GiB""},{""name"":""lab-shipping-stub"",""cpu"":""4.36%"",""mem"":""16.58MiB / 122.8GiB""},{""name"":""lab-eparagony-stub-tls"",""cpu"":""0.00%"",""mem"":""23.3MiB / 122.8GiB""},{""name"":""lab-erli-stub-tls"",""cpu"":""0.00%"",""mem"":""22.67MiB / 122.8GiB""},{""name"":""lab-wc-tls"",""cpu"":""0.00%"",""mem"":""28.21MiB / 122.8GiB""},{""name"":""lab-prestashop"",""cpu"":""0.01%"",""mem"":""172.3MiB / 122.8GiB""},{""name"":""lab-woocommerce"",""cpu"":""0.01%"",""mem"":""295.1MiB / 122.8GiB""},{""name"":""lab-redis"",""cpu"":""3.90%"",""mem"":""77.9MiB / 122.8GiB""},{""name"":""lab-postgres"",""cpu"":""1.79%"",""mem"":""238MiB / 122.8GiB""},{""name"":""lab-mysql"",""cpu"":""0.80%"",""mem"":""720.2MiB / 122.8GiB""},{""name"":""lab-woocommerce-mysql"",""cpu"":""0.88%"",""mem"":""509.6MiB / 122.8GiB""}]"
2026-09-10T13:17:27Z,3,0,0,47,10,2667706035,"[{""name"":""lab-worker-1"",""cpu"":""0.36%"",""mem"":""129.7MiB / 122.8GiB""},{""name"":""lab-api"",""cpu"":""0.01%"",""mem"":""156MiB / 122.8GiB""},{""name"":""lab-allegro-stub"",""cpu"":""0.00%"",""mem"":""20.35MiB / 122.8GiB""},{""name"":""lab-erli-stub"",""cpu"":""4.17%"",""mem"":""18.07MiB / 122.8GiB""},{""name"":""lab-eparagony-stub"",""cpu"":""0.02%"",""mem"":""20.36MiB / 122.8GiB""},{""name"":""lab-invoicing-stub"",""cpu"":""0.00%"",""mem"":""16.59MiB / 122.8GiB""},{""name"":""lab-shipping-stub"",""cpu"":""0.00%"",""mem"":""16.57MiB / 122.8GiB""},{""name"":""lab-eparagony-stub-tls"",""cpu"":""0.00%"",""mem"":""23.3MiB / 122.8GiB""},{""name"":""lab-erli-stub-tls"",""cpu"":""0.00%"",""mem"":""22.67MiB / 122.8GiB""},{""name"":""lab-wc-tls"",""cpu"":""0.00%"",""mem"":""28.21MiB / 122.8GiB""},{""name"":""lab-prestashop"",""cpu"":""0.01%"",""mem"":""172.3MiB / 122.8GiB""},{""name"":""lab-woocommerce"",""cpu"":""0.02%"",""mem"":""295.1MiB / 122.8GiB""},{""name"":""lab-redis"",""cpu"":""0.27%"",""mem"":""77.86MiB / 122.8GiB""},{""name"":""lab-postgres"",""cpu"":""0.33%"",""mem"":""238MiB / 122.8GiB""},{""name"":""lab-mysql"",""cpu"":""0.85%"",""mem"":""720.2MiB / 122.8GiB""},{""name"":""lab-woocommerce-mysql"",""cpu"":""0.95%"",""mem"":""509.6MiB / 122.8GiB""}]"
2026-09-10T13:17:31Z,4,0,0,47,10,2667706035,"[{""name"":""lab-worker-1"",""cpu"":""0.82%"",""mem"":""129.7MiB / 122.8GiB""},{""name"":""lab-api"",""cpu"":""20.17%"",""mem"":""140.2MiB / 122.8GiB""},{""name"":""lab-allegro-stub"",""cpu"":""0.00%"",""mem"":""20.35MiB / 122.8GiB""},{""name"":""lab-erli-stub"",""cpu"":""0.00%"",""mem"":""18.04MiB / 122.8GiB""},{""name"":""lab-eparagony-stub"",""cpu"":""0.00%"",""mem"":""20.35MiB / 122.8GiB""},{""name"":""lab-invoicing-stub"",""cpu"":""0.00%"",""mem"":""16.59MiB / 122.8GiB""},{""name"":""lab-shipping-stub"",""cpu"":""0.00%"",""mem"":""16.58MiB / 122.8GiB""},{""name"":""lab-eparagony-stub-tls"",""cpu"":""0.00%"",""mem"":""23.3MiB / 122.8GiB""},{""name"":""lab-erli-stub-tls"",""cpu"":""0.00%"",""mem"":""22.67MiB / 122.8GiB""},{""name"":""lab-wc-tls"",""cpu"":""0.00%"",""mem"":""28.21MiB / 122.8GiB""},{""name"":""lab-prestashop"",""cpu"":""0.01%"",""mem"":""172.3MiB / 122.8GiB""},{""name"":""lab-woocommerce"",""cpu"":""0.01%"",""mem"":""295.1MiB / 122.8GiB""},{""name"":""lab-redis"",""cpu"":""0.34%"",""mem"":""77.86MiB / 122.8GiB""},{""name"":""lab-postgres"",""cpu"":""0.68%"",""mem"":""238MiB / 122.8GiB""},{""name"":""lab-mysql"",""cpu"":""0.87%"",""mem"":""720.2MiB / 122.8GiB""},{""name"":""lab-woocommerce-mysql"",""cpu"":""1.03%"",""mem"":""509.6MiB / 122.8GiB""}]"
2026-09-10T13:17:35Z,4,0,0,47,11,2667706035,"[{""name"":""lab-worker-1"",""cpu"":""0.48%"",""mem"":""129.7MiB / 122.8GiB""},{""name"":""lab-api"",""cpu"":""0.00%"",""mem"":""140.2MiB / 122.8GiB""},{""name"":""lab-allegro-stub"",""cpu"":""0.01%"",""mem"":""20.35MiB / 122.8GiB""},{""name"":""lab-erli-stub"",""cpu"":""0.00%"",""mem"":""18.04MiB / 122.8GiB""},{""name"":""lab-eparagony-stub"",""cpu"":""0.00%"",""mem"":""20.35MiB / 122.8GiB""},{""name"":""lab-invoicing-stub"",""cpu"":""0.01%"",""mem"":""16.61MiB / 122.8GiB""},{""name"":""lab-shipping-stub"",""cpu"":""0.01%"",""mem"":""16.57MiB / 122.8GiB""},{""name"":""lab-eparagony-stub-tls"",""cpu"":""0.00%"",""mem"":""23.3MiB / 122.8GiB""},{""name"":""lab-erli-stub-tls"",""cpu"":""0.00%"",""mem"":""22.67MiB / 122.8GiB""},{""name"":""lab-wc-tls"",""cpu"":""0.00%"",""mem"":""28.21MiB / 122.8GiB""},{""name"":""lab-prestashop"",""cpu"":""0.01%"",""mem"":""172.3MiB / 122.8GiB""},{""name"":""lab-woocommerce"",""cpu"":""0.01%"",""mem"":""293.1MiB / 122.8GiB""},{""name"":""lab-redis"",""cpu"":""0.32%"",""mem"":""77.87MiB / 122.8GiB""},{""name"":""lab-postgres"",""cpu"":""4.23%"",""mem"":""238.6MiB / 122.8GiB""},{""name"":""lab-mysql"",""cpu"":""1.02%"",""mem"":""720.2MiB / 122.8GiB""},{""name"":""lab-woocommerce-mysql"",""cpu"":""1.01%"",""mem"":""509.6MiB / 122.8GiB""}]"
2026-09-10T13:17:38Z,4,0,0,47,11,2667706035,"[{""name"":""lab-worker-1"",""cpu"":""0.54%"",""mem"":""129.7MiB / 122.8GiB""},{""name"":""lab-api"",""cpu"":""0.00%"",""mem"":""140.2MiB / 122.8GiB""},{""name"":""lab-allegro-stub"",""cpu"":""4.01%"",""mem"":""20.36MiB / 122.8GiB""},{""name"":""lab-erli-stub"",""cpu"":""0.00%"",""mem"":""18.05MiB / 122.8GiB""},{""name"":""lab-eparagony-stub"",""cpu"":""0.00%"",""mem"":""20.35MiB / 122.8GiB""},{""name"":""lab-invoicing-stub"",""cpu"":""3.38%"",""mem"":""16.6MiB / 122.8GiB""},{""name"":""lab-shipping-stub"",""cpu"":""4.16%"",""mem"":""16.62MiB / 122.8GiB""},{""name"":""lab-eparagony-stub-tls"",""cpu"":""0.00%"",""mem"":""23.3MiB / 122.8GiB""},{""name"":""lab-erli-stub-tls"",""cpu"":""0.00%"",""mem"":""22.67MiB / 122.8GiB""},{""name"":""lab-wc-tls"",""cpu"":""0.00%"",""mem"":""28.21MiB / 122.8GiB""},{""name"":""lab-prestashop"",""cpu"":""0.01%"",""mem"":""166.3MiB / 122.8GiB""},{""name"":""lab-woocommerce"",""cpu"":""0.01%"",""mem"":""293.1MiB / 122.8GiB""},{""name"":""lab-redis"",""cpu"":""0.31%"",""mem"":""77.86MiB / 122.8GiB""},{""name"":""lab-postgres"",""cpu"":""0.20%"",""mem"":""238MiB / 122.8GiB""},{""name"":""lab-mysql"",""cpu"":""0.92%"",""mem"":""720.2MiB / 122.8GiB""},{""name"":""lab-woocommerce-mysql"",""cpu"":""5.20%"",""mem"":""509.7MiB / 122.8GiB""}]"
2026-09-10T13:17:42Z,3,0,0,47,11,2667706035,"[{""name"":""lab-worker-1"",""cpu"":""1.63%"",""mem"":""129.7MiB / 122.8GiB""},{""name"":""lab-api"",""cpu"":""0.01%"",""mem"":""140.3MiB / 122.8GiB""},{""name"":""lab-allegro-stub"",""cpu"":""0.00%"",""mem"":""20.35MiB / 122.8GiB""},{""name"":""lab-erli-stub"",""cpu"":""4.07%"",""mem"":""18.08MiB / 122.8GiB""},{""name"":""lab-eparagony-stub"",""cpu"":""3.87%"",""mem"":""20.37MiB / 122.8GiB""},{""name"":""lab-invoicing-stub"",""cpu"":""0.00%"",""mem"":""16.59MiB / 122.8GiB""},{""name"":""lab-shipping-stub"",""cpu"":""0.00%"",""mem"":""16.57MiB / 122.8GiB""},{""name"":""lab-eparagony-stub-tls"",""cpu"":""0.00%"",""mem"":""23.3MiB / 122.8GiB""},{""name"":""lab-erli-stub-tls"",""cpu"":""0.00%"",""mem"":""22.67MiB / 122.8GiB""},{""name"":""lab-wc-tls"",""cpu"":""0.00%"",""mem"":""28.21MiB / 122.8GiB""},{""name"":""lab-prestashop"",""cpu"":""0.01%"",""mem"":""166.3MiB / 122.8GiB""},{""name"":""lab-woocommerce"",""cpu"":""0.01%"",""mem"":""293.1MiB / 122.8GiB""},{""name"":""lab-redis"",""cpu"":""0.30%"",""mem"":""77.86MiB / 122.8GiB""},{""name"":""lab-postgres"",""cpu"":""4.25%"",""mem"":""238.4MiB / 122.8GiB""},{""name"":""lab-mysql"",""cpu"":""0.93%"",""mem"":""720.2MiB / 122.8GiB""},{""name"":""lab-woocommerce-mysql"",""cpu"":""0.86%"",""mem"":""509.6MiB / 122.8GiB""}]"
2026-09-10T13:17:46Z,4,0,0,47,12,2667706035,"[{""name"":""lab-worker-1"",""cpu"":""0.40%"",""mem"":""129.7MiB / 122.8GiB""},{""name"":""lab-api"",""cpu"":""0.00%"",""mem"":""140.3MiB / 122.8GiB""},{""name"":""lab-allegro-stub"",""cpu"":""0.00%"",""mem"":""20.35MiB / 122.8GiB""},{""name"":""lab-erli-stub"",""cpu"":""0.00%"",""mem"":""18.04MiB / 122.8GiB""},{""name"":""lab-eparagony-stub"",""cpu"":""0.00%"",""mem"":""20.35MiB / 122.8GiB""},{""name"":""lab-invoicing-stub"",""cpu"":""0.00%"",""mem"":""16.59MiB / 122.8GiB""},{""name"":""lab-shipping-stub"",""cpu"":""0.00%"",""mem"":""16.57MiB / 122.8GiB""},{""name"":""lab-eparagony-stub-tls"",""cpu"":""0.00%"",""mem"":""23.3MiB / 122.8GiB""},{""name"":""lab-erli-stub-tls"",""cpu"":""0.00%"",""mem"":""22.67MiB / 122.8GiB""},{""name"":""lab-wc-tls"",""cpu"":""0.00%"",""mem"":""28.21MiB / 122.8GiB""},{""name"":""lab-prestashop"",""cpu"":""0.01%"",""mem"":""166.3MiB / 122.8GiB""},{""name"":""lab-woocommerce"",""cpu"":""0.01%"",""mem"":""293.1MiB / 122.8GiB""},{""name"":""lab-redis"",""cpu"":""0.28%"",""mem"":""77.87MiB / 122.8GiB""},{""name"":""lab-postgres"",""cpu"":""5.32%"",""mem"":""238MiB / 122.8GiB""},{""name"":""lab-mysql"",""cpu"":""5.35%"",""mem"":""720.2MiB / 122.8GiB""},{""name"":""lab-woocommerce-mysql"",""cpu"":""0.94%"",""mem"":""509.6MiB / 122.8GiB""}]"
2026-09-10T13:17:49Z,4,0,0,47,12,2667706035,"[{""name"":""lab-worker-1"",""cpu"":""0.38%"",""mem"":""129.7MiB / 122.8GiB""},{""name"":""lab-api"",""cpu"":""0.02%"",""mem"":""140.3MiB / 122.8GiB""},{""name"":""lab-allegro-stub"",""cpu"":""0.02%"",""mem"":""20.45MiB / 122.8GiB""},{""name"":""lab-erli-stub"",""cpu"":""0.00%"",""mem"":""18.04MiB / 122.8GiB""},{""name"":""lab-eparagony-stub"",""cpu"":""0.00%"",""mem"":""20.36MiB / 122.8GiB""},{""name"":""lab-invoicing-stub"",""cpu"":""0.01%"",""mem"":""16.59MiB / 122.8GiB""},{""name"":""lab-shipping-stub"",""cpu"":""0.01%"",""mem"":""16.59MiB / 122.8GiB""},{""name"":""lab-eparagony-stub-tls"",""cpu"":""0.00%"",""mem"":""23.3MiB / 122.8GiB""},{""name"":""lab-erli-stub-tls"",""cpu"":""0.00%"",""mem"":""22.67MiB / 122.8GiB""},{""name"":""lab-wc-tls"",""cpu"":""0.00%"",""mem"":""28.21MiB / 122.8GiB""},{""name"":""lab-prestashop"",""cpu"":""0.01%"",""mem"":""166.3MiB / 122.8GiB""},{""name"":""lab-woocommerce"",""cpu"":""0.01%"",""mem"":""293.1MiB / 122.8GiB""},{""name"":""lab-redis"",""cpu"":""0.29%"",""mem"":""77.86MiB / 122.8GiB""},{""name"":""lab-postgres"",""cpu"":""0.34%"",""mem"":""237.9MiB / 122.8GiB""},{""name"":""lab-mysql"",""cpu"":""0.90%"",""mem"":""720.2MiB / 122.8GiB""},{""name"":""lab-woocommerce-mysql"",""cpu"":""1.05%"",""mem"":""509.6MiB / 122.8GiB""}]"
2026-09-10T13:17:53Z,3,0,0,47,12,2667706035,"[{""name"":""lab-worker-1"",""cpu"":""0.53%"",""mem"":""129.7MiB / 122.8GiB""},{""name"":""lab-api"",""cpu"":""0.00%"",""mem"":""140.5MiB / 122.8GiB""},{""name"":""lab-allegro-stub"",""cpu"":""4.00%"",""mem"":""20.4MiB / 122.8GiB""},{""name"":""lab-erli-stub"",""cpu"":""0.01%"",""mem"":""18.05MiB / 122.8GiB""},{""name"":""lab-eparagony-stub"",""cpu"":""0.00%"",""mem"":""20.36MiB / 122.8GiB""},{""name"":""lab-invoicing-stub"",""cpu"":""3.43%"",""mem"":""16.6MiB / 122.8GiB""},{""name"":""lab-shipping-stub"",""cpu"":""3.63%"",""mem"":""16.61MiB / 122.8GiB""},{""name"":""lab-eparagony-stub-tls"",""cpu"":""0.00%"",""mem"":""23.3MiB / 122.8GiB""},{""name"":""lab-erli-stub-tls"",""cpu"":""0.00%"",""mem"":""22.67MiB / 122.8GiB""},{""name"":""lab-wc-tls"",""cpu"":""0.00%"",""mem"":""28.21MiB / 122.8GiB""},{""name"":""lab-prestashop"",""cpu"":""0.01%"",""mem"":""166.3MiB / 122.8GiB""},{""name"":""lab-woocommerce"",""cpu"":""0.01%"",""mem"":""293.1MiB / 122.8GiB""},{""name"":""lab-redis"",""cpu"":""0.28%"",""mem"":""77.86MiB / 122.8GiB""},{""name"":""lab-postgres"",""cpu"":""0.92%"",""mem"":""238MiB / 122.8GiB""},{""name"":""lab-mysql"",""cpu"":""0.94%"",""mem"":""720.2MiB / 122.8GiB""},{""name"":""lab-woocommerce-mysql"",""cpu"":""0.93%"",""mem"":""509.6MiB / 122.8GiB""}]"
2026-09-10T13:17:57Z,4,0,0,47,13,2667706035,"[{""name"":""lab-worker-1"",""cpu"":""0.40%"",""mem"":""129.7MiB / 122.8GiB""},{""name"":""lab-api"",""cpu"":""0.00%"",""mem"":""140.5MiB / 122.8GiB""},{""name"":""lab-allegro-stub"",""cpu"":""0.01%"",""mem"":""20.35MiB / 122.8GiB""},{""name"":""lab-erli-stub"",""cpu"":""2.43%"",""mem"":""25.12MiB / 122.8GiB""},{""name"":""lab-eparagony-stub"",""cpu"":""4.22%"",""mem"":""20.38MiB / 122.8GiB""},{""name"":""lab-invoicing-stub"",""cpu"":""0.01%"",""mem"":""16.59MiB / 122.8GiB""},{""name"":""lab-shipping-stub"",""cpu"":""0.00%"",""mem"":""16.57MiB / 122.8GiB""},{""name"":""lab-eparagony-stub-tls"",""cpu"":""0.00%"",""mem"":""23.3MiB / 122.8GiB""},{""name"":""lab-erli-stub-tls"",""cpu"":""0.00%"",""mem"":""22.67MiB / 122.8GiB""},{""name"":""lab-wc-tls"",""cpu"":""0.00%"",""mem"":""28.21MiB / 122.8GiB""},{""name"":""lab-prestashop"",""cpu"":""0.01%"",""mem"":""166.3MiB / 122.8GiB""},{""name"":""lab-woocommerce"",""cpu"":""0.00%"",""mem"":""293.1MiB / 122.8GiB""},{""name"":""lab-redis"",""cpu"":""0.27%"",""mem"":""77.86MiB / 122.8GiB""},{""name"":""lab-postgres"",""cpu"":""0.35%"",""mem"":""238MiB / 122.8GiB""},{""name"":""lab-mysql"",""cpu"":""0.89%"",""mem"":""720.2MiB / 122.8GiB""},{""name"":""lab-woocommerce-mysql"",""cpu"":""1.00%"",""mem"":""509.6MiB / 122.8GiB""}]"
2026-09-10T13:18:00Z,4,0,0,47,13,2667706035,"[{""name"":""lab-worker-1"",""cpu"":""0.34%"",""mem"":""129.9MiB / 122.8GiB""},{""name"":""lab-api"",""cpu"":""0.00%"",""mem"":""140.5MiB / 122.8GiB""},{""name"":""lab-allegro-stub"",""cpu"":""0.00%"",""mem"":""20.35MiB / 122.8GiB""},{""name"":""lab-erli-stub"",""cpu"":""0.00%"",""mem"":""18.04MiB / 122.8GiB""},{""name"":""lab-eparagony-stub"",""cpu"":""0.00%"",""mem"":""20.36MiB / 122.8GiB""},{""name"":""lab-invoicing-stub"",""cpu"":""0.00%"",""mem"":""16.59MiB / 122.8GiB""},{""name"":""lab-shipping-stub"",""cpu"":""0.00%"",""mem"":""16.57MiB / 122.8GiB""},{""name"":""lab-eparagony-stub-tls"",""cpu"":""0.00%"",""mem"":""23.3MiB / 122.8GiB""},{""name"":""lab-erli-stub-tls"",""cpu"":""0.00%"",""mem"":""22.67MiB / 122.8GiB""},{""name"":""lab-wc-tls"",""cpu"":""0.00%"",""mem"":""28.21MiB / 122.8GiB""},{""name"":""lab-prestashop"",""cpu"":""0.01%"",""mem"":""166.3MiB / 122.8GiB""},{""name"":""lab-woocommerce"",""cpu"":""0.00%"",""mem"":""293.1MiB / 122.8GiB""},{""name"":""lab-redis"",""cpu"":""0.26%"",""mem"":""77.87MiB / 122.8GiB""},{""name"":""lab-postgres"",""cpu"":""0.22%"",""mem"":""237.9MiB / 122.8GiB""},{""name"":""lab-mysql"",""cpu"":""1.00%"",""mem"":""720.2MiB / 122.8GiB""},{""name"":""lab-woocommerce-mysql"",""cpu"":""0.96%"",""mem"":""509.6MiB / 122.8GiB""}]"
2026-09-10T13:18:04Z,3,0,0,47,14,2667706035,"[{""name"":""lab-worker-1"",""cpu"":""0.36%"",""mem"":""129.7MiB / 122.8GiB""},{""name"":""lab-api"",""cpu"":""0.00%"",""mem"":""140.9MiB / 122.8GiB""},{""name"":""lab-allegro-stub"",""cpu"":""0.01%"",""mem"":""20.36MiB / 122.8GiB""},{""name"":""lab-erli-stub"",""cpu"":""0.00%"",""mem"":""18.04MiB / 122.8GiB""},{""name"":""lab-eparagony-stub"",""cpu"":""0.00%"",""mem"":""20.35MiB / 122.8GiB""},{""name"":""lab-invoicing-stub"",""cpu"":""0.01%"",""mem"":""16.59MiB / 122.8GiB""},{""name"":""lab-shipping-stub"",""cpu"":""0.01%"",""mem"":""16.6MiB / 122.8GiB""},{""name"":""lab-eparagony-stub-tls"",""cpu"":""0.00%"",""mem"":""23.3MiB / 122.8GiB""},{""name"":""lab-erli-stub-tls"",""cpu"":""0.00%"",""mem"":""22.67MiB / 122.8GiB""},{""name"":""lab-wc-tls"",""cpu"":""0.00%"",""mem"":""28.21MiB / 122.8GiB""},{""name"":""lab-prestashop"",""cpu"":""0.00%"",""mem"":""166.3MiB / 122.8GiB""},{""name"":""lab-woocommerce"",""cpu"":""0.00%"",""mem"":""293.1MiB / 122.8GiB""},{""name"":""lab-redis"",""cpu"":""4.53%"",""mem"":""77.93MiB / 122.8GiB""},{""name"":""lab-postgres"",""cpu"":""0.34%"",""mem"":""238.1MiB / 122.8GiB""},{""name"":""lab-mysql"",""cpu"":""0.77%"",""mem"":""720.2MiB / 122.8GiB""},{""name"":""lab-woocommerce-mysql"",""cpu"":""0.94%"",""mem"":""509.6MiB / 122.8GiB""}]"
2026-09-10T13:18:08Z,4,0,0,47,14,2667706035,"[{""name"":""lab-worker-1"",""cpu"":""0.56%"",""mem"":""129.7MiB / 122.8GiB""},{""name"":""lab-api"",""cpu"":""0.01%"",""mem"":""140.9MiB / 122.8GiB""},{""name"":""lab-allegro-stub"",""cpu"":""0.00%"",""mem"":""20.35MiB / 122.8GiB""},{""name"":""lab-erli-stub"",""cpu"":""3.96%"",""mem"":""18.3MiB / 122.8GiB""},{""name"":""lab-eparagony-stub"",""cpu"":""0.00%"",""mem"":""20.36MiB / 122.8GiB""},{""name"":""lab-invoicing-stub"",""cpu"":""0.00%"",""mem"":""16.59MiB / 122.8GiB""},{""name"":""lab-shipping-stub"",""cpu"":""0.00%"",""mem"":""16.57MiB / 122.8GiB""},{""name"":""lab-eparagony-stub-tls"",""cpu"":""0.00%"",""mem"":""23.3MiB / 122.8GiB""},{""name"":""lab-erli-stub-tls"",""cpu"":""0.00%"",""mem"":""22.67MiB / 122.8GiB""},{""name"":""lab-wc-tls"",""cpu"":""0.00%"",""mem"":""28.21MiB / 122.8GiB""},{""name"":""lab-prestashop"",""cpu"":""5.15%"",""mem"":""164.3MiB / 122.8GiB""},{""name"":""lab-woocommerce"",""cpu"":""0.01%"",""mem"":""293.1MiB / 122.8GiB""},{""name"":""lab-redis"",""cpu"":""0.30%"",""mem"":""77.87MiB / 122.8GiB""},{""name"":""lab-postgres"",""cpu"":""0.33%"",""mem"":""238MiB / 122.8GiB""},{""name"":""lab-mysql"",""cpu"":""1.39%"",""mem"":""720.2MiB / 122.8GiB""},{""name"":""lab-woocommerce-mysql"",""cpu"":""0.94%"",""mem"":""509.6MiB / 122.8GiB""}]"
2026-09-10T13:18:11Z,4,0,0,47,14,2667706035,"[{""name"":""lab-worker-1"",""cpu"":""2.41%"",""mem"":""129.9MiB / 122.8GiB""},{""name"":""lab-api"",""cpu"":""0.65%"",""mem"":""141.1MiB / 122.8GiB""},{""name"":""lab-allegro-stub"",""cpu"":""0.00%"",""mem"":""20.35MiB / 122.8GiB""},{""name"":""lab-erli-stub"",""cpu"":""0.00%"",""mem"":""18.04MiB / 122.8GiB""},{""name"":""lab-eparagony-stub"",""cpu"":""0.00%"",""mem"":""20.35MiB / 122.8GiB""},{""name"":""lab-invoicing-stub"",""cpu"":""0.00%"",""mem"":""16.6MiB / 122.8GiB""},{""name"":""lab-shipping-stub"",""cpu"":""0.00%"",""mem"":""16.58MiB / 122.8GiB""},{""name"":""lab-eparagony-stub-tls"",""cpu"":""0.00%"",""mem"":""23.3MiB / 122.8GiB""},{""name"":""lab-erli-stub-tls"",""cpu"":""0.00%"",""mem"":""22.67MiB / 122.8GiB""},{""name"":""lab-wc-tls"",""cpu"":""0.00%"",""mem"":""28.21MiB / 122.8GiB""},{""name"":""lab-prestashop"",""cpu"":""0.01%"",""mem"":""164.3MiB / 122.8GiB""},{""name"":""lab-woocommerce"",""cpu"":""0.01%"",""mem"":""293.1MiB / 122.8GiB""},{""name"":""lab-redis"",""cpu"":""0.38%"",""mem"":""78.11MiB / 122.8GiB""},{""name"":""lab-postgres"",""cpu"":""3.38%"",""mem"":""237.9MiB / 122.8GiB""},{""name"":""lab-mysql"",""cpu"":""1.01%"",""mem"":""720.2MiB / 122.8GiB""},{""name"":""lab-woocommerce-mysql"",""cpu"":""1.04%"",""mem"":""509.6MiB / 122.8GiB""}]"
2026-09-10T13:18:15Z,3,0,0,47,15,2667706035,"[{""name"":""lab-worker-1"",""cpu"":""0.46%"",""mem"":""129.7MiB / 122.8GiB""},{""name"":""lab-api"",""cpu"":""0.00%"",""mem"":""141.1MiB / 122.8GiB""},{""name"":""lab-allegro-stub"",""cpu"":""0.00%"",""mem"":""20.35MiB / 122.8GiB""},{""name"":""lab-erli-stub"",""cpu"":""0.00%"",""mem"":""18.06MiB / 122.8GiB""},{""name"":""lab-eparagony-stub"",""cpu"":""0.00%"",""mem"":""20.35MiB / 122.8GiB""},{""name"":""lab-invoicing-stub"",""cpu"":""0.00%"",""mem"":""16.59MiB / 122.8GiB""},{""name"":""lab-shipping-stub"",""cpu"":""0.00%"",""mem"":""16.57MiB / 122.8GiB""},{""name"":""lab-eparagony-stub-tls"",""cpu"":""0.00%"",""mem"":""23.3MiB / 122.8GiB""},{""name"":""lab-erli-stub-tls"",""cpu"":""0.00%"",""mem"":""22.67MiB / 122.8GiB""},{""name"":""lab-wc-tls"",""cpu"":""0.00%"",""mem"":""28.21MiB / 122.8GiB""},{""name"":""lab-prestashop"",""cpu"":""0.01%"",""mem"":""164.3MiB / 122.8GiB""},{""name"":""lab-woocommerce"",""cpu"":""0.01%"",""mem"":""293.1MiB / 122.8GiB""},{""name"":""lab-redis"",""cpu"":""0.28%"",""mem"":""77.87MiB / 122.8GiB""},{""name"":""lab-postgres"",""cpu"":""5.36%"",""mem"":""238MiB / 122.8GiB""},{""name"":""lab-mysql"",""cpu"":""0.88%"",""mem"":""720.2MiB / 122.8GiB""},{""name"":""lab-woocommerce-mysql"",""cpu"":""0.99%"",""mem"":""509.6MiB / 122.8GiB""}]"
2026-09-10T13:18:19Z,4,0,0,47,15,2667706035,"[{""name"":""lab-worker-1"",""cpu"":""0.37%"",""mem"":""129.7MiB / 122.8GiB""},{""name"":""lab-api"",""cpu"":""0.00%"",""mem"":""141.1MiB / 122.8GiB""},{""name"":""lab-allegro-stub"",""cpu"":""4.07%"",""mem"":""20.36MiB / 122.8GiB""},{""name"":""lab-erli-stub"",""cpu"":""0.00%"",""mem"":""18.05MiB / 122.8GiB""},{""name"":""lab-eparagony-stub"",""cpu"":""0.00%"",""mem"":""20.35MiB / 122.8GiB""},{""name"":""lab-invoicing-stub"",""cpu"":""3.87%"",""mem"":""16.59MiB / 122.8GiB""},{""name"":""lab-shipping-stub"",""cpu"":""4.18%"",""mem"":""16.6MiB / 122.8GiB""},{""name"":""lab-eparagony-stub-tls"",""cpu"":""0.00%"",""mem"":""23.3MiB / 122.8GiB""},{""name"":""lab-erli-stub-tls"",""cpu"":""0.00%"",""mem"":""22.67MiB / 122.8GiB""},{""name"":""lab-wc-tls"",""cpu"":""0.00%"",""mem"":""28.21MiB / 122.8GiB""},{""name"":""lab-prestashop"",""cpu"":""0.01%"",""mem"":""164.3MiB / 122.8GiB""},{""name"":""lab-woocommerce"",""cpu"":""0.01%"",""mem"":""293.1MiB / 122.8GiB""},{""name"":""lab-redis"",""cpu"":""0.30%"",""mem"":""77.86MiB / 122.8GiB""},{""name"":""lab-postgres"",""cpu"":""0.36%"",""mem"":""237.9MiB / 122.8GiB""},{""name"":""lab-mysql"",""cpu"":""0.86%"",""mem"":""720.2MiB / 122.8GiB""},{""name"":""lab-woocommerce-mysql"",""cpu"":""5.08%"",""mem"":""509.7MiB / 122.8GiB""}]"
2026-09-10T13:18:22Z,4,0,0,47,15,2667706035,"[{""name"":""lab-worker-1"",""cpu"":""0.39%"",""mem"":""129.7MiB / 122.8GiB""},{""name"":""lab-api"",""cpu"":""0.05%"",""mem"":""141.2MiB / 122.8GiB""},{""name"":""lab-allegro-stub"",""cpu"":""0.00%"",""mem"":""20.35MiB / 122.8GiB""},{""name"":""lab-erli-stub"",""cpu"":""3.91%"",""mem"":""18.09MiB / 122.8GiB""},{""name"":""lab-eparagony-stub"",""cpu"":""3.89%"",""mem"":""20.36MiB / 122.8GiB""},{""name"":""lab-invoicing-stub"",""cpu"":""0.00%"",""mem"":""16.59MiB / 122.8GiB""},{""name"":""lab-shipping-stub"",""cpu"":""0.00%"",""mem"":""16.57MiB / 122.8GiB""},{""name"":""lab-eparagony-stub-tls"",""cpu"":""0.00%"",""mem"":""23.3MiB / 122.8GiB""},{""name"":""lab-erli-stub-tls"",""cpu"":""0.00%"",""mem"":""22.67MiB / 122.8GiB""},{""name"":""lab-wc-tls"",""cpu"":""0.00%"",""mem"":""28.21MiB / 122.8GiB""},{""name"":""lab-prestashop"",""cpu"":""0.01%"",""mem"":""164.3MiB / 122.8GiB""},{""name"":""lab-woocommerce"",""cpu"":""0.01%"",""mem"":""293.1MiB / 122.8GiB""},{""name"":""lab-redis"",""cpu"":""0.31%"",""mem"":""77.86MiB / 122.8GiB""},{""name"":""lab-postgres"",""cpu"":""0.99%"",""mem"":""238MiB / 122.8GiB""},{""name"":""lab-mysql"",""cpu"":""0.89%"",""mem"":""720.2MiB / 122.8GiB""},{""name"":""lab-woocommerce-mysql"",""cpu"":""0.87%"",""mem"":""509.6MiB / 122.8GiB""}]"
2026-09-10T13:18:26Z,3,0,0,47,16,2667706035,"[{""name"":""lab-worker-1"",""cpu"":""0.46%"",""mem"":""129.7MiB / 122.8GiB""},{""name"":""lab-api"",""cpu"":""0.00%"",""mem"":""141.2MiB / 122.8GiB""},{""name"":""lab-allegro-stub"",""cpu"":""0.01%"",""mem"":""20.35MiB / 122.8GiB""},{""name"":""lab-erli-stub"",""cpu"":""0.00%"",""mem"":""18.04MiB / 122.8GiB""},{""name"":""lab-eparagony-stub"",""cpu"":""0.00%"",""mem"":""20.35MiB / 122.8GiB""},{""name"":""lab-invoicing-stub"",""cpu"":""0.02%"",""mem"":""16.59MiB / 122.8GiB""},{""name"":""lab-shipping-stub"",""cpu"":""0.01%"",""mem"":""16.57MiB / 122.8GiB""},{""name"":""lab-eparagony-stub-tls"",""cpu"":""0.00%"",""mem"":""23.3MiB / 122.8GiB""},{""name"":""lab-erli-stub-tls"",""cpu"":""0.00%"",""mem"":""22.67MiB / 122.8GiB""},{""name"":""lab-wc-tls"",""cpu"":""0.00%"",""mem"":""28.21MiB / 122.8GiB""},{""name"":""lab-prestashop"",""cpu"":""0.01%"",""mem"":""164.3MiB / 122.8GiB""},{""name"":""lab-woocommerce"",""cpu"":""0.01%"",""mem"":""293.1MiB / 122.8GiB""},{""name"":""lab-redis"",""cpu"":""0.32%"",""mem"":""77.87MiB / 122.8GiB""},{""name"":""lab-postgres"",""cpu"":""0.53%"",""mem"":""238MiB / 122.8GiB""},{""name"":""lab-mysql"",""cpu"":""6.16%"",""mem"":""720.3MiB / 122.8GiB""},{""name"":""lab-woocommerce-mysql"",""cpu"":""0.82%"",""mem"":""509.8MiB / 122.8GiB""}]"
2026-09-10T13:18:30Z,4,0,0,47,16,2667706035,"[{""name"":""lab-worker-1"",""cpu"":""0.33%"",""mem"":""129.7MiB / 122.8GiB""},{""name"":""lab-api"",""cpu"":""0.00%"",""mem"":""141.2MiB / 122.8GiB""},{""name"":""lab-allegro-stub"",""cpu"":""0.00%"",""mem"":""20.36MiB / 122.8GiB""},{""name"":""lab-erli-stub"",""cpu"":""0.00%"",""mem"":""18.04MiB / 122.8GiB""},{""name"":""lab-eparagony-stub"",""cpu"":""0.00%"",""mem"":""20.36MiB / 122.8GiB""},{""name"":""lab-invoicing-stub"",""cpu"":""0.00%"",""mem"":""16.59MiB / 122.8GiB""},{""name"":""lab-shipping-stub"",""cpu"":""0.00%"",""mem"":""16.57MiB / 122.8GiB""},{""name"":""lab-eparagony-stub-tls"",""cpu"":""0.00%"",""mem"":""23.3MiB / 122.8GiB""},{""name"":""lab-erli-stub-tls"",""cpu"":""0.00%"",""mem"":""22.67MiB / 122.8GiB""},{""name"":""lab-wc-tls"",""cpu"":""0.00%"",""mem"":""28.21MiB / 122.8GiB""},{""name"":""lab-prestashop"",""cpu"":""0.01%"",""mem"":""164.3MiB / 122.8GiB""},{""name"":""lab-woocommerce"",""cpu"":""0.01%"",""mem"":""293.1MiB / 122.8GiB""},{""name"":""lab-redis"",""cpu"":""0.27%"",""mem"":""77.86MiB / 122.8GiB""},{""name"":""lab-postgres"",""cpu"":""0.35%"",""mem"":""237.9MiB / 122.8GiB""},{""name"":""lab-mysql"",""cpu"":""0.92%"",""mem"":""720.2MiB / 122.8GiB""},{""name"":""lab-woocommerce-mysql"",""cpu"":""1.01%"",""mem"":""509.6MiB / 122.8GiB""}]"
2026-09-10T13:18:33Z,4,1,0,47,17,2667706035,"[{""name"":""lab-worker-1"",""cpu"":""0.46%"",""mem"":""129.7MiB / 122.8GiB""},{""name"":""lab-api"",""cpu"":""0.00%"",""mem"":""141.4MiB / 122.8GiB""},{""name"":""lab-allegro-stub"",""cpu"":""4.04%"",""mem"":""20.36MiB / 122.8GiB""},{""name"":""lab-erli-stub"",""cpu"":""0.01%"",""mem"":""18.05MiB / 122.8GiB""},{""name"":""lab-eparagony-stub"",""cpu"":""0.01%"",""mem"":""20.35MiB / 122.8GiB""},{""name"":""lab-invoicing-stub"",""cpu"":""3.88%"",""mem"":""16.6MiB / 122.8GiB""},{""name"":""lab-shipping-stub"",""cpu"":""3.56%"",""mem"":""16.58MiB / 122.8GiB""},{""name"":""lab-eparagony-stub-tls"",""cpu"":""0.00%"",""mem"":""23.3MiB / 122.8GiB""},{""name"":""lab-erli-stub-tls"",""cpu"":""0.00%"",""mem"":""22.67MiB / 122.8GiB""},{""name"":""lab-wc-tls"",""cpu"":""0.00%"",""mem"":""28.21MiB / 122.8GiB""},{""name"":""lab-prestashop"",""cpu"":""0.01%"",""mem"":""164.3MiB / 122.8GiB""},{""name"":""lab-woocommerce"",""cpu"":""0.01%"",""mem"":""293.1MiB / 122.8GiB""},{""name"":""lab-redis"",""cpu"":""0.50%"",""mem"":""79.35MiB / 122.8GiB""},{""name"":""lab-postgres"",""cpu"":""0.42%"",""mem"":""238MiB / 122.8GiB""},{""name"":""lab-mysql"",""cpu"":""0.81%"",""mem"":""720.2MiB / 122.8GiB""},{""name"":""lab-woocommerce-mysql"",""cpu"":""1.20%"",""mem"":""509.6MiB / 122.8GiB""}]"
2026-09-10T13:18:37Z,3,0,0,47,17,2667706035,"[{""name"":""lab-worker-1"",""cpu"":""0.35%"",""mem"":""129.7MiB / 122.8GiB""},{""name"":""lab-api"",""cpu"":""0.01%"",""mem"":""141.4MiB / 122.8GiB""},{""name"":""lab-allegro-stub"",""cpu"":""0.00%"",""mem"":""20.35MiB / 122.8GiB""},{""name"":""lab-erli-stub"",""cpu"":""0.81%"",""mem"":""25.04MiB / 122.8GiB""},{""name"":""lab-eparagony-stub"",""cpu"":""3.93%"",""mem"":""20.36MiB / 122.8GiB""},{""name"":""lab-invoicing-stub"",""cpu"":""0.00%"",""mem"":""16.59MiB / 122.8GiB""},{""name"":""lab-shipping-stub"",""cpu"":""0.00%"",""mem"":""16.57MiB / 122.8GiB""},{""name"":""lab-eparagony-stub-tls"",""cpu"":""0.00%"",""mem"":""23.3MiB / 122.8GiB""},{""name"":""lab-erli-stub-tls"",""cpu"":""0.00%"",""mem"":""22.67MiB / 122.8GiB""},{""name"":""lab-wc-tls"",""cpu"":""0.00%"",""mem"":""28.21MiB / 122.8GiB""},{""name"":""lab-prestashop"",""cpu"":""0.01%"",""mem"":""164.3MiB / 122.8GiB""},{""name"":""lab-woocommerce"",""cpu"":""0.01%"",""mem"":""293.1MiB / 122.8GiB""},{""name"":""lab-redis"",""cpu"":""0.25%"",""mem"":""77.86MiB / 122.8GiB""},{""name"":""lab-postgres"",""cpu"":""0.34%"",""mem"":""238MiB / 122.8GiB""},{""name"":""lab-mysql"",""cpu"":""0.83%"",""mem"":""720.2MiB / 122.8GiB""},{""name"":""lab-woocommerce-mysql"",""cpu"":""0.79%"",""mem"":""509.6MiB / 122.8GiB""}]"
2026-09-10T13:18:41Z,4,0,0,47,17,2667706035,"[{""name"":""lab-worker-1"",""cpu"":""0.23%"",""mem"":""129.7MiB / 122.8GiB""},{""name"":""lab-api"",""cpu"":""0.00%"",""mem"":""141.4MiB / 122.8GiB""},{""name"":""lab-allegro-stub"",""cpu"":""0.00%"",""mem"":""20.35MiB / 122.8GiB""},{""name"":""lab-erli-stub"",""cpu"":""0.00%"",""mem"":""18.04MiB / 122.8GiB""},{""name"":""lab-eparagony-stub"",""cpu"":""0.00%"",""mem"":""20.35MiB / 122.8GiB""},{""name"":""lab-invoicing-stub"",""cpu"":""0.00%"",""mem"":""16.59MiB / 122.8GiB""},{""name"":""lab-shipping-stub"",""cpu"":""0.00%"",""mem"":""16.57MiB / 122.8GiB""},{""name"":""lab-eparagony-stub-tls"",""cpu"":""0.00%"",""mem"":""23.3MiB / 122.8GiB""},{""name"":""lab-erli-stub-tls"",""cpu"":""0.00%"",""mem"":""22.67MiB / 122.8GiB""},{""name"":""lab-wc-tls"",""cpu"":""0.00%"",""mem"":""28.21MiB / 122.8GiB""},{""name"":""lab-prestashop"",""cpu"":""0.00%"",""mem"":""158.3MiB / 122.8GiB""},{""name"":""lab-woocommerce"",""cpu"":""0.00%"",""mem"":""293.1MiB / 122.8GiB""},{""name"":""lab-redis"",""cpu"":""0.29%"",""mem"":""77.86MiB / 122.8GiB""},{""name"":""lab-postgres"",""cpu"":""0.36%"",""mem"":""238MiB / 122.8GiB""},{""name"":""lab-mysql"",""cpu"":""0.79%"",""mem"":""720.2MiB / 122.8GiB""},{""name"":""lab-woocommerce-mysql"",""cpu"":""0.90%"",""mem"":""509.6MiB / 122.8GiB""}]"
2026-09-10T13:18:44Z,4,0,0,47,18,2667706035,"[{""name"":""lab-worker-1"",""cpu"":""0.40%"",""mem"":""129.7MiB / 122.8GiB""},{""name"":""lab-api"",""cpu"":""0.00%"",""mem"":""141.7MiB / 122.8GiB""},{""name"":""lab-allegro-stub"",""cpu"":""0.01%"",""mem"":""20.37MiB / 122.8GiB""},{""name"":""lab-erli-stub"",""cpu"":""0.00%"",""mem"":""18.04MiB / 122.8GiB""},{""name"":""lab-eparagony-stub"",""cpu"":""0.00%"",""mem"":""20.35MiB / 122.8GiB""},{""name"":""lab-invoicing-stub"",""cpu"":""0.01%"",""mem"":""16.6MiB / 122.8GiB""},{""name"":""lab-shipping-stub"",""cpu"":""0.01%"",""mem"":""16.57MiB / 122.8GiB""},{""name"":""lab-eparagony-stub-tls"",""cpu"":""0.00%"",""mem"":""23.3MiB / 122.8GiB""},{""name"":""lab-erli-stub-tls"",""cpu"":""0.00%"",""mem"":""22.67MiB / 122.8GiB""},{""name"":""lab-wc-tls"",""cpu"":""0.00%"",""mem"":""28.21MiB / 122.8GiB""},{""name"":""lab-prestashop"",""cpu"":""0.01%"",""mem"":""158.3MiB / 122.8GiB""},{""name"":""lab-woocommerce"",""cpu"":""0.00%"",""mem"":""293.1MiB / 122.8GiB""},{""name"":""lab-redis"",""cpu"":""4.42%"",""mem"":""78.19MiB / 122.8GiB""},{""name"":""lab-postgres"",""cpu"":""0.39%"",""mem"":""238MiB / 122.8GiB""},{""name"":""lab-mysql"",""cpu"":""0.95%"",""mem"":""720.2MiB / 122.8GiB""},{""name"":""lab-woocommerce-mysql"",""cpu"":""0.90%"",""mem"":""509.6MiB / 122.8GiB""}]"
2026-09-10T13:18:48Z,3,0,0,47,18,2667706035,"[{""name"":""lab-worker-1"",""cpu"":""0.55%"",""mem"":""130MiB / 122.8GiB""},{""name"":""lab-api"",""cpu"":""0.00%"",""mem"":""141.7MiB / 122.8GiB""},{""name"":""lab-allegro-stub"",""cpu"":""0.00%"",""mem"":""20.35MiB / 122.8GiB""},{""name"":""lab-erli-stub"",""cpu"":""3.92%"",""mem"":""18.09MiB / 122.8GiB""},{""name"":""lab-eparagony-stub"",""cpu"":""0.01%"",""mem"":""20.47MiB / 122.8GiB""},{""name"":""lab-invoicing-stub"",""cpu"":""0.00%"",""mem"":""16.59MiB / 122.8GiB""},{""name"":""lab-shipping-stub"",""cpu"":""0.00%"",""mem"":""16.57MiB / 122.8GiB""},{""name"":""lab-eparagony-stub-tls"",""cpu"":""0.00%"",""mem"":""23.3MiB / 122.8GiB""},{""name"":""lab-erli-stub-tls"",""cpu"":""0.00%"",""mem"":""22.67MiB / 122.8GiB""},{""name"":""lab-wc-tls"",""cpu"":""0.00%"",""mem"":""28.21MiB / 122.8GiB""},{""name"":""lab-prestashop"",""cpu"":""0.01%"",""mem"":""158.3MiB / 122.8GiB""},{""name"":""lab-woocommerce"",""cpu"":""0.00%"",""mem"":""293.1MiB / 122.8GiB""},{""name"":""lab-redis"",""cpu"":""0.30%"",""mem"":""77.87MiB / 122.8GiB""},{""name"":""lab-postgres"",""cpu"":""0.34%"",""mem"":""238MiB / 122.8GiB""},{""name"":""lab-mysql"",""cpu"":""0.95%"",""mem"":""720.2MiB / 122.8GiB""},{""name"":""lab-woocommerce-mysql"",""cpu"":""0.96%"",""mem"":""509.6MiB / 122.8GiB""}]"
2026-09-10T13:18:52Z,4,0,0,47,18,2667706035,"[{""name"":""lab-worker-1"",""cpu"":""2.03%"",""mem"":""129.7MiB / 122.8GiB""},{""name"":""lab-api"",""cpu"":""0.26%"",""mem"":""141.7MiB / 122.8GiB""},{""name"":""lab-allegro-stub"",""cpu"":""0.00%"",""mem"":""20.35MiB / 122.8GiB""},{""name"":""lab-erli-stub"",""cpu"":""0.00%"",""mem"":""18.04MiB / 122.8GiB""},{""name"":""lab-eparagony-stub"",""cpu"":""0.00%"",""mem"":""20.35MiB / 122.8GiB""},{""name"":""lab-invoicing-stub"",""cpu"":""0.00%"",""mem"":""16.59MiB / 122.8GiB""},{""name"":""lab-shipping-stub"",""cpu"":""0.00%"",""mem"":""16.57MiB / 122.8GiB""},{""name"":""lab-eparagony-stub-tls"",""cpu"":""0.00%"",""mem"":""23.3MiB / 122.8GiB""},{""name"":""lab-erli-stub-tls"",""cpu"":""0.00%"",""mem"":""22.67MiB / 122.8GiB""},{""name"":""lab-wc-tls"",""cpu"":""0.00%"",""mem"":""28.21MiB / 122.8GiB""},{""name"":""lab-prestashop"",""cpu"":""0.01%"",""mem"":""158.3MiB / 122.8GiB""},{""name"":""lab-woocommerce"",""cpu"":""0.01%"",""mem"":""293.1MiB / 122.8GiB""},{""name"":""lab-redis"",""cpu"":""0.31%"",""mem"":""77.87MiB / 122.8GiB""},{""name"":""lab-postgres"",""cpu"":""2.96%"",""mem"":""237.8MiB / 122.8GiB""},{""name"":""lab-mysql"",""cpu"":""0.99%"",""mem"":""720.2MiB / 122.8GiB""},{""name"":""lab-woocommerce-mysql"",""cpu"":""1.03%"",""mem"":""509.6MiB / 122.8GiB""}]"
2026-09-10T13:18:56Z,4,0,0,47,19,2667706035,"[{""name"":""lab-worker-1"",""cpu"":""0.47%"",""mem"":""129.7MiB / 122.8GiB""},{""name"":""lab-api"",""cpu"":""0.00%"",""mem"":""141.7MiB / 122.8GiB""},{""name"":""lab-allegro-stub"",""cpu"":""0.00%"",""mem"":""20.35MiB / 122.8GiB""},{""name"":""lab-erli-stub"",""cpu"":""0.00%"",""mem"":""18.04MiB / 122.8GiB""},{""name"":""lab-eparagony-stub"",""cpu"":""0.00%"",""mem"":""20.35MiB / 122.8GiB""},{""name"":""lab-invoicing-stub"",""cpu"":""0.00%"",""mem"":""16.59MiB / 122.8GiB""},{""name"":""lab-shipping-stub"",""cpu"":""0.01%"",""mem"":""16.57MiB / 122.8GiB""},{""name"":""lab-eparagony-stub-tls"",""cpu"":""0.00%"",""mem"":""23.3MiB / 122.8GiB""},{""name"":""lab-erli-stub-tls"",""cpu"":""0.00%"",""mem"":""22.67MiB / 122.8GiB""},{""name"":""lab-wc-tls"",""cpu"":""0.00%"",""mem"":""28.21MiB / 122.8GiB""},{""name"":""lab-prestashop"",""cpu"":""0.01%"",""mem"":""158.3MiB / 122.8GiB""},{""name"":""lab-woocommerce"",""cpu"":""0.01%"",""mem"":""292.7MiB / 122.8GiB""},{""name"":""lab-redis"",""cpu"":""0.30%"",""mem"":""77.87MiB / 122.8GiB""},{""name"":""lab-postgres"",""cpu"":""5.41%"",""mem"":""238MiB / 122.8GiB""},{""name"":""lab-mysql"",""cpu"":""0.96%"",""mem"":""720.2MiB / 122.8GiB""},{""name"":""lab-woocommerce-mysql"",""cpu"":""0.97%"",""mem"":""509.6MiB / 122.8GiB""}]"
2026-09-10T13:18:59Z,4,0,0,47,19,2667706035,"[{""name"":""lab-worker-1"",""cpu"":""0.37%"",""mem"":""129.7MiB / 122.8GiB""},{""name"":""lab-api"",""cpu"":""0.00%"",""mem"":""141.7MiB / 122.8GiB""},{""name"":""lab-allegro-stub"",""cpu"":""4.37%"",""mem"":""20.36MiB / 122.8GiB""},{""name"":""lab-erli-stub"",""cpu"":""0.00%"",""mem"":""18.05MiB / 122.8GiB""},{""name"":""lab-eparagony-stub"",""cpu"":""0.00%"",""mem"":""20.35MiB / 122.8GiB""},{""name"":""lab-invoicing-stub"",""cpu"":""3.30%"",""mem"":""16.59MiB / 122.8GiB""},{""name"":""lab-shipping-stub"",""cpu"":""3.86%"",""mem"":""16.63MiB / 122.8GiB""},{""name"":""lab-eparagony-stub-tls"",""cpu"":""0.00%"",""mem"":""23.3MiB / 122.8GiB""},{""name"":""lab-erli-stub-tls"",""cpu"":""0.00%"",""mem"":""22.67MiB / 122.8GiB""},{""name"":""lab-wc-tls"",""cpu"":""0.00%"",""mem"":""28.21MiB / 122.8GiB""},{""name"":""lab-prestashop"",""cpu"":""0.01%"",""mem"":""158.3MiB / 122.8GiB""},{""name"":""lab-woocommerce"",""cpu"":""0.01%"",""mem"":""292.7MiB / 122.8GiB""},{""name"":""lab-redis"",""cpu"":""0.30%"",""mem"":""77.86MiB / 122.8GiB""},{""name"":""lab-postgres"",""cpu"":""0.37%"",""mem"":""237.9MiB / 122.8GiB""},{""name"":""lab-mysql"",""cpu"":""0.83%"",""mem"":""720.2MiB / 122.8GiB""},{""name"":""lab-woocommerce-mysql"",""cpu"":""5.47%"",""mem"":""509.9MiB / 122.8GiB""}]"
2026-09-10T13:19:03Z,3,0,0,47,19,2667706035,"[{""name"":""lab-worker-1"",""cpu"":""0.45%"",""mem"":""129.7MiB / 122.8GiB""},{""name"":""lab-api"",""cpu"":""0.00%"",""mem"":""141.7MiB / 122.8GiB""},{""name"":""lab-allegro-stub"",""cpu"":""0.00%"",""mem"":""20.35MiB / 122.8GiB""},{""name"":""lab-erli-stub"",""cpu"":""4.04%"",""mem"":""18.06MiB / 122.8GiB""},{""name"":""lab-eparagony-stub"",""cpu"":""4.42%"",""mem"":""20.36MiB / 122.8GiB""},{""name"":""lab-invoicing-stub"",""cpu"":""0.00%"",""mem"":""16.59MiB / 122.8GiB""},{""name"":""lab-shipping-stub"",""cpu"":""0.00%"",""mem"":""16.57MiB / 122.8GiB""},{""name"":""lab-eparagony-stub-tls"",""cpu"":""0.00%"",""mem"":""23.3MiB / 122.8GiB""},{""name"":""lab-erli-stub-tls"",""cpu"":""0.00%"",""mem"":""22.67MiB / 122.8GiB""},{""name"":""lab-wc-tls"",""cpu"":""0.00%"",""mem"":""28.21MiB / 122.8GiB""},{""name"":""lab-prestashop"",""cpu"":""0.00%"",""mem"":""158.3MiB / 122.8GiB""},{""name"":""lab-woocommerce"",""cpu"":""0.00%"",""mem"":""292.7MiB / 122.8GiB""},{""name"":""lab-redis"",""cpu"":""0.33%"",""mem"":""77.86MiB / 122.8GiB""},{""name"":""lab-postgres"",""cpu"":""0.79%"",""mem"":""238MiB / 122.8GiB""},{""name"":""lab-mysql"",""cpu"":""0.97%"",""mem"":""720.2MiB / 122.8GiB""},{""name"":""lab-woocommerce-mysql"",""cpu"":""0.95%"",""mem"":""509.6MiB / 122.8GiB""}]"
2026-09-10T13:19:06Z,4,0,0,47,20,2667706035,"[{""name"":""lab-worker-1"",""cpu"":""0.42%"",""mem"":""129.7MiB / 122.8GiB""},{""name"":""lab-api"",""cpu"":""0.00%"",""mem"":""141.7MiB / 122.8GiB""},{""name"":""lab-allegro-stub"",""cpu"":""0.00%"",""mem"":""20.35MiB / 122.8GiB""},{""name"":""lab-erli-stub"",""cpu"":""0.00%"",""mem"":""18.05MiB / 122.8GiB""},{""name"":""lab-eparagony-stub"",""cpu"":""0.00%"",""mem"":""20.35MiB / 122.8GiB""},{""name"":""lab-invoicing-stub"",""cpu"":""0.00%"",""mem"":""16.59MiB / 122.8GiB""},{""name"":""lab-shipping-stub"",""cpu"":""0.00%"",""mem"":""16.57MiB / 122.8GiB""},{""name"":""lab-eparagony-stub-tls"",""cpu"":""0.00%"",""mem"":""23.3MiB / 122.8GiB""},{""name"":""lab-erli-stub-tls"",""cpu"":""0.00%"",""mem"":""22.67MiB / 122.8GiB""},{""name"":""lab-wc-tls"",""cpu"":""0.00%"",""mem"":""28.21MiB / 122.8GiB""},{""name"":""lab-prestashop"",""cpu"":""0.01%"",""mem"":""158.3MiB / 122.8GiB""},{""name"":""lab-woocommerce"",""cpu"":""0.01%"",""mem"":""292.7MiB / 122.8GiB""},{""name"":""lab-redis"",""cpu"":""0.28%"",""mem"":""77.87MiB / 122.8GiB""},{""name"":""lab-postgres"",""cpu"":""0.34%"",""mem"":""238MiB / 122.8GiB""},{""name"":""lab-mysql"",""cpu"":""5.66%"",""mem"":""720.2MiB / 122.8GiB""},{""name"":""lab-woocommerce-mysql"",""cpu"":""0.97%"",""mem"":""509.6MiB / 122.8GiB""}]"
2026-09-10T13:19:10Z,4,0,0,47,20,2667706035,"[{""name"":""lab-worker-1"",""cpu"":""0.37%"",""mem"":""129.7MiB / 122.8GiB""},{""name"":""lab-api"",""cpu"":""0.00%"",""mem"":""141.7MiB / 122.8GiB""},{""name"":""lab-allegro-stub"",""cpu"":""0.01%"",""mem"":""20.35MiB / 122.8GiB""},{""name"":""lab-erli-stub"",""cpu"":""0.00%"",""mem"":""18.05MiB / 122.8GiB""},{""name"":""lab-eparagony-stub"",""cpu"":""0.00%"",""mem"":""20.36MiB / 122.8GiB""},{""name"":""lab-invoicing-stub"",""cpu"":""0.01%"",""mem"":""16.62MiB / 122.8GiB""},{""name"":""lab-shipping-stub"",""cpu"":""0.01%"",""mem"":""16.59MiB / 122.8GiB""},{""name"":""lab-eparagony-stub-tls"",""cpu"":""0.00%"",""mem"":""23.3MiB / 122.8GiB""},{""name"":""lab-erli-stub-tls"",""cpu"":""0.00%"",""mem"":""22.67MiB / 122.8GiB""},{""name"":""lab-wc-tls"",""cpu"":""0.00%"",""mem"":""28.21MiB / 122.8GiB""},{""name"":""lab-prestashop"",""cpu"":""0.01%"",""mem"":""156.3MiB / 122.8GiB""},{""name"":""lab-woocommerce"",""cpu"":""0.01%"",""mem"":""292.7MiB / 122.8GiB""},{""name"":""lab-redis"",""cpu"":""0.29%"",""mem"":""78.11MiB / 122.8GiB""},{""name"":""lab-postgres"",""cpu"":""0.35%"",""mem"":""238MiB / 122.8GiB""},{""name"":""lab-mysql"",""cpu"":""0.96%"",""mem"":""720.2MiB / 122.8GiB""},{""name"":""lab-woocommerce-mysql"",""cpu"":""0.83%"",""mem"":""509.6MiB / 122.8GiB""}]"
2026-09-10T13:19:14Z,3,1,0,47,21,2667706035,"[{""name"":""lab-worker-1"",""cpu"":""0.43%"",""mem"":""129.7MiB / 122.8GiB""},{""name"":""lab-api"",""cpu"":""0.00%"",""mem"":""141.7MiB / 122.8GiB""},{""name"":""lab-allegro-stub"",""cpu"":""3.96%"",""mem"":""20.36MiB / 122.8GiB""},{""name"":""lab-erli-stub"",""cpu"":""0.00%"",""mem"":""18.05MiB / 122.8GiB""},{""name"":""lab-eparagony-stub"",""cpu"":""0.00%"",""mem"":""20.35MiB / 122.8GiB""},{""name"":""lab-invoicing-stub"",""cpu"":""3.87%"",""mem"":""16.61MiB / 122.8GiB""},{""name"":""lab-shipping-stub"",""cpu"":""4.01%"",""mem"":""16.59MiB / 122.8GiB""},{""name"":""lab-eparagony-stub-tls"",""cpu"":""0.00%"",""mem"":""23.3MiB / 122.8GiB""},{""name"":""lab-erli-stub-tls"",""cpu"":""0.00%"",""mem"":""22.67MiB / 122.8GiB""},{""name"":""lab-wc-tls"",""cpu"":""0.00%"",""mem"":""28.21MiB / 122.8GiB""},{""name"":""lab-prestashop"",""cpu"":""0.01%"",""mem"":""156.3MiB / 122.8GiB""},{""name"":""lab-woocommerce"",""cpu"":""0.01%"",""mem"":""292.4MiB / 122.8GiB""},{""name"":""lab-redis"",""cpu"":""4.35%"",""mem"":""77.9MiB / 122.8GiB""},{""name"":""lab-postgres"",""cpu"":""0.33%"",""mem"":""237.9MiB / 122.8GiB""},{""name"":""lab-mysql"",""cpu"":""0.92%"",""mem"":""720.2MiB / 122.8GiB""},{""name"":""lab-woocommerce-mysql"",""cpu"":""0.83%"",""mem"":""509.6MiB / 122.8GiB""}]"
2026-09-10T13:19:18Z,4,0,0,47,21,2667706035,"[{""name"":""lab-worker-1"",""cpu"":""0.44%"",""mem"":""129.7MiB / 122.8GiB""},{""name"":""lab-api"",""cpu"":""0.01%"",""mem"":""141.7MiB / 122.8GiB""},{""name"":""lab-allegro-stub"",""cpu"":""0.00%"",""mem"":""20.35MiB / 122.8GiB""},{""name"":""lab-erli-stub"",""cpu"":""4.18%"",""mem"":""18.54MiB / 122.8GiB""},{""name"":""lab-eparagony-stub"",""cpu"":""4.07%"",""mem"":""20.38MiB / 122.8GiB""},{""name"":""lab-invoicing-stub"",""cpu"":""0.00%"",""mem"":""16.59MiB / 122.8GiB""},{""name"":""lab-shipping-stub"",""cpu"":""0.00%"",""mem"":""16.57MiB / 122.8GiB""},{""name"":""lab-eparagony-stub-tls"",""cpu"":""0.00%"",""mem"":""23.3MiB / 122.8GiB""},{""name"":""lab-erli-stub-tls"",""cpu"":""0.00%"",""mem"":""22.67MiB / 122.8GiB""},{""name"":""lab-wc-tls"",""cpu"":""0.00%"",""mem"":""28.21MiB / 122.8GiB""},{""name"":""lab-prestashop"",""cpu"":""0.01%"",""mem"":""156.3MiB / 122.8GiB""},{""name"":""lab-woocommerce"",""cpu"":""0.00%"",""mem"":""292.4MiB / 122.8GiB""},{""name"":""lab-redis"",""cpu"":""0.28%"",""mem"":""77.87MiB / 122.8GiB""},{""name"":""lab-postgres"",""cpu"":""0.36%"",""mem"":""238MiB / 122.8GiB""},{""name"":""lab-mysql"",""cpu"":""0.86%"",""mem"":""720.2MiB / 122.8GiB""},{""name"":""lab-woocommerce-mysql"",""cpu"":""0.99%"",""mem"":""509.6MiB / 122.8GiB""}]"
2026-09-10T13:19:21Z,4,0,0,47,21,2667706035,"[{""name"":""lab-worker-1"",""cpu"":""0.72%"",""mem"":""129.7MiB / 122.8GiB""},{""name"":""lab-api"",""cpu"":""0.64%"",""mem"":""141.8MiB / 122.8GiB""},{""name"":""lab-allegro-stub"",""cpu"":""0.00%"",""mem"":""20.35MiB / 122.8GiB""},{""name"":""lab-erli-stub"",""cpu"":""0.00%"",""mem"":""18.05MiB / 122.8GiB""},{""name"":""lab-eparagony-stub"",""cpu"":""0.00%"",""mem"":""20.35MiB / 122.8GiB""},{""name"":""lab-invoicing-stub"",""cpu"":""0.00%"",""mem"":""16.59MiB / 122.8GiB""},{""name"":""lab-shipping-stub"",""cpu"":""0.00%"",""mem"":""16.57MiB / 122.8GiB""},{""name"":""lab-eparagony-stub-tls"",""cpu"":""0.00%"",""mem"":""23.3MiB / 122.8GiB""},{""name"":""lab-erli-stub-tls"",""cpu"":""0.00%"",""mem"":""22.67MiB / 122.8GiB""},{""name"":""lab-wc-tls"",""cpu"":""0.00%"",""mem"":""28.21MiB / 122.8GiB""},{""name"":""lab-prestashop"",""cpu"":""0.01%"",""mem"":""156.3MiB / 122.8GiB""},{""name"":""lab-woocommerce"",""cpu"":""0.01%"",""mem"":""292.4MiB / 122.8GiB""},{""name"":""lab-redis"",""cpu"":""0.33%"",""mem"":""77.86MiB / 122.8GiB""},{""name"":""lab-postgres"",""cpu"":""0.58%"",""mem"":""238.2MiB / 122.8GiB""},{""name"":""lab-mysql"",""cpu"":""1.01%"",""mem"":""720.2MiB / 122.8GiB""},{""name"":""lab-woocommerce-mysql"",""cpu"":""1.06%"",""mem"":""509.6MiB / 122.8GiB""}]"
2026-09-10T13:19:25Z,3,0,0,47,22,2667706035,"[{""name"":""lab-worker-1"",""cpu"":""0.40%"",""mem"":""129.7MiB / 122.8GiB""},{""name"":""lab-api"",""cpu"":""0.00%"",""mem"":""141.8MiB / 122.8GiB""},{""name"":""lab-allegro-stub"",""cpu"":""0.04%"",""mem"":""20.38MiB / 122.8GiB""},{""name"":""lab-erli-stub"",""cpu"":""0.00%"",""mem"":""18.05MiB / 122.8GiB""},{""name"":""lab-eparagony-stub"",""cpu"":""0.00%"",""mem"":""20.35MiB / 122.8GiB""},{""name"":""lab-invoicing-stub"",""cpu"":""0.03%"",""mem"":""16.59MiB / 122.8GiB""},{""name"":""lab-shipping-stub"",""cpu"":""0.03%"",""mem"":""16.61MiB / 122.8GiB""},{""name"":""lab-eparagony-stub-tls"",""cpu"":""0.00%"",""mem"":""23.3MiB / 122.8GiB""},{""name"":""lab-erli-stub-tls"",""cpu"":""0.00%"",""mem"":""22.67MiB / 122.8GiB""},{""name"":""lab-wc-tls"",""cpu"":""0.00%"",""mem"":""28.21MiB / 122.8GiB""},{""name"":""lab-prestashop"",""cpu"":""0.01%"",""mem"":""156.3MiB / 122.8GiB""},{""name"":""lab-woocommerce"",""cpu"":""0.01%"",""mem"":""292.4MiB / 122.8GiB""},{""name"":""lab-redis"",""cpu"":""0.30%"",""mem"":""77.89MiB / 122.8GiB""},{""name"":""lab-postgres"",""cpu"":""0.37%"",""mem"":""237.9MiB / 122.8GiB""},{""name"":""lab-mysql"",""cpu"":""0.98%"",""mem"":""720.2MiB / 122.8GiB""},{""name"":""lab-woocommerce-mysql"",""cpu"":""1.01%"",""mem"":""509.6MiB / 122.8GiB""}]"
2026-09-10T13:19:29Z,4,0,0,47,22,2667706035,"[{""name"":""lab-worker-1"",""cpu"":""0.43%"",""mem"":""129.7MiB / 122.8GiB""},{""name"":""lab-api"",""cpu"":""0.00%"",""mem"":""141.8MiB / 122.8GiB""},{""name"":""lab-allegro-stub"",""cpu"":""0.00%"",""mem"":""20.36MiB / 122.8GiB""},{""name"":""lab-erli-stub"",""cpu"":""4.03%"",""mem"":""18.07MiB / 122.8GiB""},{""name"":""lab-eparagony-stub"",""cpu"":""0.00%"",""mem"":""20.35MiB / 122.8GiB""},{""name"":""lab-invoicing-stub"",""cpu"":""0.00%"",""mem"":""16.59MiB / 122.8GiB""},{""name"":""lab-shipping-stub"",""cpu"":""0.00%"",""mem"":""16.58MiB / 122.8GiB""},{""name"":""lab-eparagony-stub-tls"",""cpu"":""0.00%"",""mem"":""23.3MiB / 122.8GiB""},{""name"":""lab-erli-stub-tls"",""cpu"":""0.00%"",""mem"":""22.67MiB / 122.8GiB""},{""name"":""lab-wc-tls"",""cpu"":""0.00%"",""mem"":""28.21MiB / 122.8GiB""},{""name"":""lab-prestashop"",""cpu"":""0.01%"",""mem"":""156.3MiB / 122.8GiB""},{""name"":""lab-woocommerce"",""cpu"":""0.01%"",""mem"":""292.4MiB / 122.8GiB""},{""name"":""lab-redis"",""cpu"":""0.29%"",""mem"":""77.86MiB / 122.8GiB""},{""name"":""lab-postgres"",""cpu"":""0.36%"",""mem"":""237.9MiB / 122.8GiB""},{""name"":""lab-mysql"",""cpu"":""0.94%"",""mem"":""720.2MiB / 122.8GiB""},{""name"":""lab-woocommerce-mysql"",""cpu"":""0.98%"",""mem"":""509.6MiB / 122.8GiB""}]"
2026-09-10T13:19:32Z,4,0,0,47,22,2667706035,"[{""name"":""lab-worker-1"",""cpu"":""1.80%"",""mem"":""129.7MiB / 122.8GiB""},{""name"":""lab-api"",""cpu"":""0.02%"",""mem"":""141.8MiB / 122.8GiB""},{""name"":""lab-allegro-stub"",""cpu"":""0.00%"",""mem"":""20.36MiB / 122.8GiB""},{""name"":""lab-erli-stub"",""cpu"":""0.00%"",""mem"":""18.05MiB / 122.8GiB""},{""name"":""lab-eparagony-stub"",""cpu"":""0.00%"",""mem"":""20.35MiB / 122.8GiB""},{""name"":""lab-invoicing-stub"",""cpu"":""0.00%"",""mem"":""16.59MiB / 122.8GiB""},{""name"":""lab-shipping-stub"",""cpu"":""0.00%"",""mem"":""16.58MiB / 122.8GiB""},{""name"":""lab-eparagony-stub-tls"",""cpu"":""0.00%"",""mem"":""23.3MiB / 122.8GiB""},{""name"":""lab-erli-stub-tls"",""cpu"":""0.00%"",""mem"":""22.67MiB / 122.8GiB""},{""name"":""lab-wc-tls"",""cpu"":""0.00%"",""mem"":""28.21MiB / 122.8GiB""},{""name"":""lab-prestashop"",""cpu"":""0.00%"",""mem"":""156.3MiB / 122.8GiB""},{""name"":""lab-woocommerce"",""cpu"":""19.28%"",""mem"":""292.5MiB / 122.8GiB""},{""name"":""lab-redis"",""cpu"":""0.35%"",""mem"":""77.86MiB / 122.8GiB""},{""name"":""lab-postgres"",""cpu"":""2.95%"",""mem"":""237.8MiB / 122.8GiB""},{""name"":""lab-mysql"",""cpu"":""0.81%"",""mem"":""720.2MiB / 122.8GiB""},{""name"":""lab-woocommerce-mysql"",""cpu"":""7.89%"",""mem"":""509.6MiB / 122.8GiB""}]"
2026-09-10T13:19:36Z,3,0,0,47,23,2667706035,"[{""name"":""lab-worker-1"",""cpu"":""0.44%"",""mem"":""129.7MiB / 122.8GiB""},{""name"":""lab-api"",""cpu"":""0.00%"",""mem"":""141.8MiB / 122.8GiB""},{""name"":""lab-allegro-stub"",""cpu"":""0.00%"",""mem"":""20.36MiB / 122.8GiB""},{""name"":""lab-erli-stub"",""cpu"":""0.00%"",""mem"":""18.04MiB / 122.8GiB""},{""name"":""lab-eparagony-stub"",""cpu"":""0.00%"",""mem"":""20.35MiB / 122.8GiB""},{""name"":""lab-invoicing-stub"",""cpu"":""0.00%"",""mem"":""16.59MiB / 122.8GiB""},{""name"":""lab-shipping-stub"",""cpu"":""0.00%"",""mem"":""16.58MiB / 122.8GiB""},{""name"":""lab-eparagony-stub-tls"",""cpu"":""0.00%"",""mem"":""23.3MiB / 122.8GiB""},{""name"":""lab-erli-stub-tls"",""cpu"":""0.00%"",""mem"":""22.67MiB / 122.8GiB""},{""name"":""lab-wc-tls"",""cpu"":""0.00%"",""mem"":""28.21MiB / 122.8GiB""},{""name"":""lab-prestashop"",""cpu"":""0.01%"",""mem"":""156.3MiB / 122.8GiB""},{""name"":""lab-woocommerce"",""cpu"":""0.01%"",""mem"":""292.4MiB / 122.8GiB""},{""name"":""lab-redis"",""cpu"":""0.27%"",""mem"":""77.87MiB / 122.8GiB""},{""name"":""lab-postgres"",""cpu"":""5.05%"",""mem"":""238MiB / 122.8GiB""},{""name"":""lab-mysql"",""cpu"":""5.23%"",""mem"":""720.4MiB / 122.8GiB""},{""name"":""lab-woocommerce-mysql"",""cpu"":""0.99%"",""mem"":""509.6MiB / 122.8GiB""}]"
2026-09-10T13:19:40Z,4,0,0,47,23,2667706035,"[{""name"":""lab-worker-1"",""cpu"":""0.39%"",""mem"":""129.7MiB / 122.8GiB""},{""name"":""lab-api"",""cpu"":""0.00%"",""mem"":""141.8MiB / 122.8GiB""},{""name"":""lab-allegro-stub"",""cpu"":""3.42%"",""mem"":""20.38MiB / 122.8GiB""},{""name"":""lab-erli-stub"",""cpu"":""0.00%"",""mem"":""18.04MiB / 122.8GiB""},{""name"":""lab-eparagony-stub"",""cpu"":""0.00%"",""mem"":""20.35MiB / 122.8GiB""},{""name"":""lab-invoicing-stub"",""cpu"":""0.00%"",""mem"":""16.59MiB / 122.8GiB""},{""name"":""lab-shipping-stub"",""cpu"":""4.29%"",""mem"":""16.59MiB / 122.8GiB""},{""name"":""lab-eparagony-stub-tls"",""cpu"":""0.00%"",""mem"":""23.3MiB / 122.8GiB""},{""name"":""lab-erli-stub-tls"",""cpu"":""0.00%"",""mem"":""22.67MiB / 122.8GiB""},{""name"":""lab-wc-tls"",""cpu"":""0.00%"",""mem"":""28.21MiB / 122.8GiB""},{""name"":""lab-prestashop"",""cpu"":""0.01%"",""mem"":""150.2MiB / 122.8GiB""},{""name"":""lab-woocommerce"",""cpu"":""0.01%"",""mem"":""292.4MiB / 122.8GiB""},{""name"":""lab-redis"",""cpu"":""0.30%"",""mem"":""77.86MiB / 122.8GiB""},{""name"":""lab-postgres"",""cpu"":""0.36%"",""mem"":""238MiB / 122.8GiB""},{""name"":""lab-mysql"",""cpu"":""0.96%"",""mem"":""720.2MiB / 122.8GiB""},{""name"":""lab-woocommerce-mysql"",""cpu"":""5.31%"",""mem"":""509.6MiB / 122.8GiB""}]"
2026-09-10T13:19:43Z,4,0,0,47,23,2667706035,"[{""name"":""lab-worker-1"",""cpu"":""0.45%"",""mem"":""129.7MiB / 122.8GiB""},{""name"":""lab-api"",""cpu"":""0.00%"",""mem"":""141.9MiB / 122.8GiB""},{""name"":""lab-allegro-stub"",""cpu"":""0.00%"",""mem"":""20.36MiB / 122.8GiB""},{""name"":""lab-erli-stub"",""cpu"":""4.20%"",""mem"":""18.16MiB / 122.8GiB""},{""name"":""lab-eparagony-stub"",""cpu"":""4.17%"",""mem"":""20.38MiB / 122.8GiB""},{""name"":""lab-invoicing-stub"",""cpu"":""0.00%"",""mem"":""16.59MiB / 122.8GiB""},{""name"":""lab-shipping-stub"",""cpu"":""0.00%"",""mem"":""16.58MiB / 122.8GiB""},{""name"":""lab-eparagony-stub-tls"",""cpu"":""0.00%"",""mem"":""23.3MiB / 122.8GiB""},{""name"":""lab-erli-stub-tls"",""cpu"":""0.00%"",""mem"":""22.67MiB / 122.8GiB""},{""name"":""lab-wc-tls"",""cpu"":""0.00%"",""mem"":""28.21MiB / 122.8GiB""},{""name"":""lab-prestashop"",""cpu"":""0.00%"",""mem"":""150.2MiB / 122.8GiB""},{""name"":""lab-woocommerce"",""cpu"":""0.01%"",""mem"":""292.4MiB / 122.8GiB""},{""name"":""lab-redis"",""cpu"":""0.28%"",""mem"":""77.87MiB / 122.8GiB""},{""name"":""lab-postgres"",""cpu"":""0.81%"",""mem"":""238MiB / 122.8GiB""},{""name"":""lab-mysql"",""cpu"":""0.92%"",""mem"":""720.2MiB / 122.8GiB""},{""name"":""lab-woocommerce-mysql"",""cpu"":""0.91%"",""mem"":""509.6MiB / 122.8GiB""}]"
2026-09-10T13:19:47Z,3,0,0,47,24,2667706035,"[{""name"":""lab-worker-1"",""cpu"":""0.45%"",""mem"":""129.9MiB / 122.8GiB""},{""name"":""lab-api"",""cpu"":""0.00%"",""mem"":""141.9MiB / 122.8GiB""},{""name"":""lab-allegro-stub"",""cpu"":""0.00%"",""mem"":""20.37MiB / 122.8GiB""},{""name"":""lab-erli-stub"",""cpu"":""0.00%"",""mem"":""18.04MiB / 122.8GiB""},{""name"":""lab-eparagony-stub"",""cpu"":""0.00%"",""mem"":""20.35MiB / 122.8GiB""},{""name"":""lab-invoicing-stub"",""cpu"":""0.00%"",""mem"":""16.6MiB / 122.8GiB""},{""name"":""lab-shipping-stub"",""cpu"":""0.00%"",""mem"":""16.58MiB / 122.8GiB""},{""name"":""lab-eparagony-stub-tls"",""cpu"":""0.00%"",""mem"":""23.3MiB / 122.8GiB""},{""name"":""lab-erli-stub-tls"",""cpu"":""0.00%"",""mem"":""22.67MiB / 122.8GiB""},{""name"":""lab-wc-tls"",""cpu"":""0.00%"",""mem"":""28.21MiB / 122.8GiB""},{""name"":""lab-prestashop"",""cpu"":""0.01%"",""mem"":""150.2MiB / 122.8GiB""},{""name"":""lab-woocommerce"",""cpu"":""0.01%"",""mem"":""292.4MiB / 122.8GiB""},{""name"":""lab-redis"",""cpu"":""0.29%"",""mem"":""78.12MiB / 122.8GiB""},{""name"":""lab-postgres"",""cpu"":""0.36%"",""mem"":""238MiB / 122.8GiB""},{""name"":""lab-mysql"",""cpu"":""0.92%"",""mem"":""720.2MiB / 122.8GiB""},{""name"":""lab-woocommerce-mysql"",""cpu"":""1.04%"",""mem"":""509.6MiB / 122.8GiB""}]"
2026-09-10T13:19:51Z,4,0,0,47,24,2667706035,"[{""name"":""lab-worker-1"",""cpu"":""0.37%"",""mem"":""129.7MiB / 122.8GiB""},{""name"":""lab-api"",""cpu"":""0.00%"",""mem"":""141.9MiB / 122.8GiB""},{""name"":""lab-allegro-stub"",""cpu"":""0.00%"",""mem"":""20.38MiB / 122.8GiB""},{""name"":""lab-erli-stub"",""cpu"":""0.00%"",""mem"":""18.05MiB / 122.8GiB""},{""name"":""lab-eparagony-stub"",""cpu"":""0.00%"",""mem"":""20.35MiB / 122.8GiB""},{""name"":""lab-invoicing-stub"",""cpu"":""0.00%"",""mem"":""16.59MiB / 122.8GiB""},{""name"":""lab-shipping-stub"",""cpu"":""0.00%"",""mem"":""16.61MiB / 122.8GiB""},{""name"":""lab-eparagony-stub-tls"",""cpu"":""0.00%"",""mem"":""23.3MiB / 122.8GiB""},{""name"":""lab-erli-stub-tls"",""cpu"":""0.00%"",""mem"":""22.67MiB / 122.8GiB""},{""name"":""lab-wc-tls"",""cpu"":""0.00%"",""mem"":""28.21MiB / 122.8GiB""},{""name"":""lab-prestashop"",""cpu"":""0.01%"",""mem"":""150.2MiB / 122.8GiB""},{""name"":""lab-woocommerce"",""cpu"":""0.01%"",""mem"":""292.4MiB / 122.8GiB""},{""name"":""lab-redis"",""cpu"":""0.30%"",""mem"":""77.87MiB / 122.8GiB""},{""name"":""lab-postgres"",""cpu"":""0.33%"",""mem"":""238.1MiB / 122.8GiB""},{""name"":""lab-mysql"",""cpu"":""0.94%"",""mem"":""720.2MiB / 122.8GiB""},{""name"":""lab-woocommerce-mysql"",""cpu"":""0.97%"",""mem"":""509.6MiB / 122.8GiB""}]"
2026-09-10T13:19:54Z,4,0,0,47,25,2667706035,"[{""name"":""lab-worker-1"",""cpu"":""0.51%"",""mem"":""129.7MiB / 122.8GiB""},{""name"":""lab-api"",""cpu"":""0.00%"",""mem"":""141.9MiB / 122.8GiB""},{""name"":""lab-allegro-stub"",""cpu"":""4.15%"",""mem"":""20.42MiB / 122.8GiB""},{""name"":""lab-erli-stub"",""cpu"":""0.01%"",""mem"":""18.06MiB / 122.8GiB""},{""name"":""lab-eparagony-stub"",""cpu"":""0.01%"",""mem"":""20.37MiB / 122.8GiB""},{""name"":""lab-invoicing-stub"",""cpu"":""3.55%"",""mem"":""16.61MiB / 122.8GiB""},{""name"":""lab-shipping-stub"",""cpu"":""4.00%"",""mem"":""16.61MiB / 122.8GiB""},{""name"":""lab-eparagony-stub-tls"",""cpu"":""0.00%"",""mem"":""23.3MiB / 122.8GiB""},{""name"":""lab-erli-stub-tls"",""cpu"":""0.00%"",""mem"":""22.67MiB / 122.8GiB""},{""name"":""lab-wc-tls"",""cpu"":""0.00%"",""mem"":""28.21MiB / 122.8GiB""},{""name"":""lab-prestashop"",""cpu"":""0.01%"",""mem"":""150.2MiB / 122.8GiB""},{""name"":""lab-woocommerce"",""cpu"":""0.01%"",""mem"":""292.4MiB / 122.8GiB""},{""name"":""lab-redis"",""cpu"":""4.27%"",""mem"":""77.87MiB / 122.8GiB""},{""name"":""lab-postgres"",""cpu"":""1.37%"",""mem"":""237.9MiB / 122.8GiB""},{""name"":""lab-mysql"",""cpu"":""0.74%"",""mem"":""720.2MiB / 122.8GiB""},{""name"":""lab-woocommerce-mysql"",""cpu"":""0.80%"",""mem"":""509.6MiB / 122.8GiB""}]"
2026-09-10T13:19:58Z,3,0,0,47,25,2667706035,"[{""name"":""lab-worker-1"",""cpu"":""0.40%"",""mem"":""129.7MiB / 122.8GiB""},{""name"":""lab-api"",""cpu"":""0.01%"",""mem"":""141.9MiB / 122.8GiB""},{""name"":""lab-allegro-stub"",""cpu"":""0.00%"",""mem"":""20.36MiB / 122.8GiB""},{""name"":""lab-erli-stub"",""cpu"":""4.13%"",""mem"":""18.45MiB / 122.8GiB""},{""name"":""lab-eparagony-stub"",""cpu"":""3.78%"",""mem"":""20.37MiB / 122.8GiB""},{""name"":""lab-invoicing-stub"",""cpu"":""0.00%"",""mem"":""16.59MiB / 122.8GiB""},{""name"":""lab-shipping-stub"",""cpu"":""0.00%"",""mem"":""16.58MiB / 122.8GiB""},{""name"":""lab-eparagony-stub-tls"",""cpu"":""0.00%"",""mem"":""23.3MiB / 122.8GiB""},{""name"":""lab-erli-stub-tls"",""cpu"":""0.00%"",""mem"":""22.67MiB / 122.8GiB""},{""name"":""lab-wc-tls"",""cpu"":""0.00%"",""mem"":""28.21MiB / 122.8GiB""},{""name"":""lab-prestashop"",""cpu"":""0.01%"",""mem"":""150.2MiB / 122.8GiB""},{""name"":""lab-woocommerce"",""cpu"":""0.01%"",""mem"":""292.4MiB / 122.8GiB""},{""name"":""lab-redis"",""cpu"":""0.30%"",""mem"":""77.87MiB / 122.8GiB""},{""name"":""lab-postgres"",""cpu"":""0.16%"",""mem"":""237.9MiB / 122.8GiB""},{""name"":""lab-mysql"",""cpu"":""0.88%"",""mem"":""720.2MiB / 122.8GiB""},{""name"":""lab-woocommerce-mysql"",""cpu"":""0.93%"",""mem"":""509.6MiB / 122.8GiB""}]"
2026-09-10T13:20:02Z,4,0,0,47,25,2667706035,"[{""name"":""lab-worker-1"",""cpu"":""0.68%"",""mem"":""129.7MiB / 122.8GiB""},{""name"":""lab-api"",""cpu"":""0.64%"",""mem"":""141.9MiB / 122.8GiB""},{""name"":""lab-allegro-stub"",""cpu"":""0.00%"",""mem"":""20.36MiB / 122.8GiB""},{""name"":""lab-erli-stub"",""cpu"":""0.00%"",""mem"":""18.05MiB / 122.8GiB""},{""name"":""lab-eparagony-stub"",""cpu"":""0.00%"",""mem"":""20.35MiB / 122.8GiB""},{""name"":""lab-invoicing-stub"",""cpu"":""0.00%"",""mem"":""16.59MiB / 122.8GiB""},{""name"":""lab-shipping-stub"",""cpu"":""0.00%"",""mem"":""16.58MiB / 122.8GiB""},{""name"":""lab-eparagony-stub-tls"",""cpu"":""0.00%"",""mem"":""23.3MiB / 122.8GiB""},{""name"":""lab-erli-stub-tls"",""cpu"":""0.00%"",""mem"":""22.67MiB / 122.8GiB""},{""name"":""lab-wc-tls"",""cpu"":""0.00%"",""mem"":""28.21MiB / 122.8GiB""},{""name"":""lab-prestashop"",""cpu"":""0.01%"",""mem"":""150.2MiB / 122.8GiB""},{""name"":""lab-woocommerce"",""cpu"":""0.01%"",""mem"":""292.4MiB / 122.8GiB""},{""name"":""lab-redis"",""cpu"":""0.33%"",""mem"":""77.87MiB / 122.8GiB""},{""name"":""lab-postgres"",""cpu"":""0.54%"",""mem"":""238MiB / 122.8GiB""},{""name"":""lab-mysql"",""cpu"":""0.88%"",""mem"":""720.2MiB / 122.8GiB""},{""name"":""lab-woocommerce-mysql"",""cpu"":""0.89%"",""mem"":""509.6MiB / 122.8GiB""}]"
2026-09-10T13:20:05Z,4,0,0,47,26,2667706035,"[{""name"":""lab-worker-1"",""cpu"":""0.38%"",""mem"":""129.7MiB / 122.8GiB""},{""name"":""lab-api"",""cpu"":""0.00%"",""mem"":""141.9MiB / 122.8GiB""},{""name"":""lab-allegro-stub"",""cpu"":""0.01%"",""mem"":""20.48MiB / 122.8GiB""},{""name"":""lab-erli-stub"",""cpu"":""0.00%"",""mem"":""18.05MiB / 122.8GiB""},{""name"":""lab-eparagony-stub"",""cpu"":""0.00%"",""mem"":""20.36MiB / 122.8GiB""},{""name"":""lab-invoicing-stub"",""cpu"":""0.01%"",""mem"":""16.61MiB / 122.8GiB""},{""name"":""lab-shipping-stub"",""cpu"":""0.01%"",""mem"":""16.59MiB / 122.8GiB""},{""name"":""lab-eparagony-stub-tls"",""cpu"":""0.00%"",""mem"":""23.3MiB / 122.8GiB""},{""name"":""lab-erli-stub-tls"",""cpu"":""0.00%"",""mem"":""22.67MiB / 122.8GiB""},{""name"":""lab-wc-tls"",""cpu"":""0.00%"",""mem"":""28.21MiB / 122.8GiB""},{""name"":""lab-prestashop"",""cpu"":""0.01%"",""mem"":""150.2MiB / 122.8GiB""},{""name"":""lab-woocommerce"",""cpu"":""0.01%"",""mem"":""292.4MiB / 122.8GiB""},{""name"":""lab-redis"",""cpu"":""0.27%"",""mem"":""77.87MiB / 122.8GiB""},{""name"":""lab-postgres"",""cpu"":""0.36%"",""mem"":""237.9MiB / 122.8GiB""},{""name"":""lab-mysql"",""cpu"":""0.98%"",""mem"":""720.2MiB / 122.8GiB""},{""name"":""lab-woocommerce-mysql"",""cpu"":""0.83%"",""mem"":""509.6MiB / 122.8GiB""}]"
2026-09-10T13:20:09Z,3,0,0,47,26,2667706035,"[{""name"":""lab-worker-1"",""cpu"":""0.42%"",""mem"":""129.7MiB / 122.8GiB""},{""name"":""lab-api"",""cpu"":""0.00%"",""mem"":""141.9MiB / 122.8GiB""},{""name"":""lab-allegro-stub"",""cpu"":""0.00%"",""mem"":""20.36MiB / 122.8GiB""},{""name"":""lab-erli-stub"",""cpu"":""3.85%"",""mem"":""18.06MiB / 122.8GiB""},{""name"":""lab-eparagony-stub"",""cpu"":""0.01%"",""mem"":""20.36MiB / 122.8GiB""},{""name"":""lab-invoicing-stub"",""cpu"":""0.00%"",""mem"":""16.59MiB / 122.8GiB""},{""name"":""lab-shipping-stub"",""cpu"":""0.00%"",""mem"":""16.58MiB / 122.8GiB""},{""name"":""lab-eparagony-stub-tls"",""cpu"":""0.00%"",""mem"":""23.3MiB / 122.8GiB""},{""name"":""lab-erli-stub-tls"",""cpu"":""0.00%"",""mem"":""22.67MiB / 122.8GiB""},{""name"":""lab-wc-tls"",""cpu"":""0.00%"",""mem"":""28.21MiB / 122.8GiB""},{""name"":""lab-prestashop"",""cpu"":""0.01%"",""mem"":""148.3MiB / 122.8GiB""},{""name"":""lab-woocommerce"",""cpu"":""0.01%"",""mem"":""292.4MiB / 122.8GiB""},{""name"":""lab-redis"",""cpu"":""0.30%"",""mem"":""77.87MiB / 122.8GiB""},{""name"":""lab-postgres"",""cpu"":""0.33%"",""mem"":""237.9MiB / 122.8GiB""},{""name"":""lab-mysql"",""cpu"":""0.93%"",""mem"":""720.2MiB / 122.8GiB""},{""name"":""lab-woocommerce-mysql"",""cpu"":""0.98%"",""mem"":""509.6MiB / 122.8GiB""}]"
2026-09-10T13:20:13Z,4,0,0,47,26,2667706035,"[{""name"":""lab-worker-1"",""cpu"":""2.87%"",""mem"":""129.7MiB / 122.8GiB""},{""name"":""lab-api"",""cpu"":""0.00%"",""mem"":""141.9MiB / 122.8GiB""},{""name"":""lab-allegro-stub"",""cpu"":""0.00%"",""mem"":""20.36MiB / 122.8GiB""},{""name"":""lab-erli-stub"",""cpu"":""0.01%"",""mem"":""18.05MiB / 122.8GiB""},{""name"":""lab-eparagony-stub"",""cpu"":""3.17%"",""mem"":""27.6MiB / 122.8GiB""},{""name"":""lab-invoicing-stub"",""cpu"":""0.00%"",""mem"":""16.6MiB / 122.8GiB""},{""name"":""lab-shipping-stub"",""cpu"":""0.00%"",""mem"":""16.58MiB / 122.8GiB""},{""name"":""lab-eparagony-stub-tls"",""cpu"":""0.00%"",""mem"":""23.3MiB / 122.8GiB""},{""name"":""lab-erli-stub-tls"",""cpu"":""0.00%"",""mem"":""22.67MiB / 122.8GiB""},{""name"":""lab-wc-tls"",""cpu"":""0.00%"",""mem"":""28.21MiB / 122.8GiB""},{""name"":""lab-prestashop"",""cpu"":""0.01%"",""mem"":""148.2MiB / 122.8GiB""},{""name"":""lab-woocommerce"",""cpu"":""0.01%"",""mem"":""292.4MiB / 122.8GiB""},{""name"":""lab-redis"",""cpu"":""0.32%"",""mem"":""77.87MiB / 122.8GiB""},{""name"":""lab-postgres"",""cpu"":""3.03%"",""mem"":""237.8MiB / 122.8GiB""},{""name"":""lab-mysql"",""cpu"":""1.04%"",""mem"":""720.2MiB / 122.8GiB""},{""name"":""lab-woocommerce-mysql"",""cpu"":""1.11%"",""mem"":""509.6MiB / 122.8GiB""}]"
2026-09-10T13:20:16Z,4,0,0,47,27,2667706035,"[{""name"":""lab-worker-1"",""cpu"":""0.51%"",""mem"":""129.7MiB / 122.8GiB""},{""name"":""lab-api"",""cpu"":""0.00%"",""mem"":""141.9MiB / 122.8GiB""},{""name"":""lab-allegro-stub"",""cpu"":""0.00%"",""mem"":""20.36MiB / 122.8GiB""},{""name"":""lab-erli-stub"",""cpu"":""0.00%"",""mem"":""18.05MiB / 122.8GiB""},{""name"":""lab-eparagony-stub"",""cpu"":""0.00%"",""mem"":""20.36MiB / 122.8GiB""},{""name"":""lab-invoicing-stub"",""cpu"":""0.00%"",""mem"":""16.59MiB / 122.8GiB""},{""name"":""lab-shipping-stub"",""cpu"":""0.00%"",""mem"":""16.58MiB / 122.8GiB""},{""name"":""lab-eparagony-stub-tls"",""cpu"":""0.00%"",""mem"":""23.3MiB / 122.8GiB""},{""name"":""lab-erli-stub-tls"",""cpu"":""0.00%"",""mem"":""22.67MiB / 122.8GiB""},{""name"":""lab-wc-tls"",""cpu"":""0.00%"",""mem"":""28.21MiB / 122.8GiB""},{""name"":""lab-prestashop"",""cpu"":""0.01%"",""mem"":""148.2MiB / 122.8GiB""},{""name"":""lab-woocommerce"",""cpu"":""0.01%"",""mem"":""292.4MiB / 122.8GiB""},{""name"":""lab-redis"",""cpu"":""0.30%"",""mem"":""77.87MiB / 122.8GiB""},{""name"":""lab-postgres"",""cpu"":""5.72%"",""mem"":""238.2MiB / 122.8GiB""},{""name"":""lab-mysql"",""cpu"":""5.29%"",""mem"":""720.2MiB / 122.8GiB""},{""name"":""lab-woocommerce-mysql"",""cpu"":""0.88%"",""mem"":""509.6MiB / 122.8GiB""}]"
2026-09-10T13:20:20Z,3,0,0,47,27,2667706035,"[{""name"":""lab-worker-1"",""cpu"":""0.44%"",""mem"":""129.9MiB / 122.8GiB""},{""name"":""lab-api"",""cpu"":""0.01%"",""mem"":""141.9MiB / 122.8GiB""},{""name"":""lab-allegro-stub"",""cpu"":""4.53%"",""mem"":""20.4MiB / 122.8GiB""},{""name"":""lab-erli-stub"",""cpu"":""0.00%"",""mem"":""18.07MiB / 122.8GiB""},{""name"":""lab-eparagony-stub"",""cpu"":""0.00%"",""mem"":""20.35MiB / 122.8GiB""},{""name"":""lab-invoicing-stub"",""cpu"":""4.38%"",""mem"":""16.61MiB / 122.8GiB""},{""name"":""lab-shipping-stub"",""cpu"":""4.07%"",""mem"":""16.62MiB / 122.8GiB""},{""name"":""lab-eparagony-stub-tls"",""cpu"":""0.00%"",""mem"":""23.3MiB / 122.8GiB""},{""name"":""lab-erli-stub-tls"",""cpu"":""0.00%"",""mem"":""22.67MiB / 122.8GiB""},{""name"":""lab-wc-tls"",""cpu"":""0.00%"",""mem"":""28.21MiB / 122.8GiB""},{""name"":""lab-prestashop"",""cpu"":""0.01%"",""mem"":""148.2MiB / 122.8GiB""},{""name"":""lab-woocommerce"",""cpu"":""0.01%"",""mem"":""292.4MiB / 122.8GiB""},{""name"":""lab-redis"",""cpu"":""0.26%"",""mem"":""77.87MiB / 122.8GiB""},{""name"":""lab-postgres"",""cpu"":""0.36%"",""mem"":""238MiB / 122.8GiB""},{""name"":""lab-mysql"",""cpu"":""0.84%"",""mem"":""720.2MiB / 122.8GiB""},{""name"":""lab-woocommerce-mysql"",""cpu"":""0.76%"",""mem"":""509.6MiB / 122.8GiB""}]"
2026-09-10T13:20:24Z,4,1,0,47,27,2667706035,"[{""name"":""lab-worker-1"",""cpu"":""0.26%"",""mem"":""129.7MiB / 122.8GiB""},{""name"":""lab-api"",""cpu"":""0.00%"",""mem"":""141.9MiB / 122.8GiB""},{""name"":""lab-allegro-stub"",""cpu"":""0.00%"",""mem"":""20.36MiB / 122.8GiB""},{""name"":""lab-erli-stub"",""cpu"":""4.06%"",""mem"":""18.12MiB / 122.8GiB""},{""name"":""lab-eparagony-stub"",""cpu"":""3.66%"",""mem"":""20.38MiB / 122.8GiB""},{""name"":""lab-invoicing-stub"",""cpu"":""0.00%"",""mem"":""16.6MiB / 122.8GiB""},{""name"":""lab-shipping-stub"",""cpu"":""0.00%"",""mem"":""16.58MiB / 122.8GiB""},{""name"":""lab-eparagony-stub-tls"",""cpu"":""0.00%"",""mem"":""23.3MiB / 122.8GiB""},{""name"":""lab-erli-stub-tls"",""cpu"":""0.00%"",""mem"":""22.67MiB / 122.8GiB""},{""name"":""lab-wc-tls"",""cpu"":""0.00%"",""mem"":""28.21MiB / 122.8GiB""},{""name"":""lab-prestashop"",""cpu"":""0.01%"",""mem"":""148.2MiB / 122.8GiB""},{""name"":""lab-woocommerce"",""cpu"":""0.01%"",""mem"":""292.4MiB / 122.8GiB""},{""name"":""lab-redis"",""cpu"":""0.26%"",""mem"":""77.87MiB / 122.8GiB""},{""name"":""lab-postgres"",""cpu"":""1.88%"",""mem"":""238.2MiB / 122.8GiB""},{""name"":""lab-mysql"",""cpu"":""0.92%"",""mem"":""720.2MiB / 122.8GiB""},{""name"":""lab-woocommerce-mysql"",""cpu"":""0.81%"",""mem"":""509.6MiB / 122.8GiB""}]"
2026-09-10T13:20:28Z,4,0,0,47,28,2667706035,"[{""name"":""lab-worker-1"",""cpu"":""0.43%"",""mem"":""129.7MiB / 122.8GiB""},{""name"":""lab-api"",""cpu"":""0.01%"",""mem"":""141.9MiB / 122.8GiB""},{""name"":""lab-allegro-stub"",""cpu"":""0.00%"",""mem"":""20.36MiB / 122.8GiB""},{""name"":""lab-erli-stub"",""cpu"":""0.00%"",""mem"":""18.05MiB / 122.8GiB""},{""name"":""lab-eparagony-stub"",""cpu"":""0.00%"",""mem"":""20.35MiB / 122.8GiB""},{""name"":""lab-invoicing-stub"",""cpu"":""0.00%"",""mem"":""16.59MiB / 122.8GiB""},{""name"":""lab-shipping-stub"",""cpu"":""0.00%"",""mem"":""16.58MiB / 122.8GiB""},{""name"":""lab-eparagony-stub-tls"",""cpu"":""0.00%"",""mem"":""23.3MiB / 122.8GiB""},{""name"":""lab-erli-stub-tls"",""cpu"":""0.00%"",""mem"":""22.67MiB / 122.8GiB""},{""name"":""lab-wc-tls"",""cpu"":""0.00%"",""mem"":""28.21MiB / 122.8GiB""},{""name"":""lab-prestashop"",""cpu"":""0.01%"",""mem"":""148.2MiB / 122.8GiB""},{""name"":""lab-woocommerce"",""cpu"":""0.01%"",""mem"":""292.4MiB / 122.8GiB""},{""name"":""lab-redis"",""cpu"":""0.31%"",""mem"":""77.87MiB / 122.8GiB""},{""name"":""lab-postgres"",""cpu"":""0.28%"",""mem"":""238MiB / 122.8GiB""},{""name"":""lab-mysql"",""cpu"":""1.02%"",""mem"":""720.2MiB / 122.8GiB""},{""name"":""lab-woocommerce-mysql"",""cpu"":""0.92%"",""mem"":""509.6MiB / 122.8GiB""}]"
2026-09-10T13:20:31Z,4,0,0,47,28,2667706035,"[{""name"":""lab-worker-1"",""cpu"":""0.40%"",""mem"":""129.7MiB / 122.8GiB""},{""name"":""lab-api"",""cpu"":""0.00%"",""mem"":""141.9MiB / 122.8GiB""},{""name"":""lab-allegro-stub"",""cpu"":""0.00%"",""mem"":""20.39MiB / 122.8GiB""},{""name"":""lab-erli-stub"",""cpu"":""0.00%"",""mem"":""18.05MiB / 122.8GiB""},{""name"":""lab-eparagony-stub"",""cpu"":""0.00%"",""mem"":""20.35MiB / 122.8GiB""},{""name"":""lab-invoicing-stub"",""cpu"":""0.00%"",""mem"":""16.61MiB / 122.8GiB""},{""name"":""lab-shipping-stub"",""cpu"":""0.00%"",""mem"":""16.58MiB / 122.8GiB""},{""name"":""lab-eparagony-stub-tls"",""cpu"":""0.00%"",""mem"":""23.3MiB / 122.8GiB""},{""name"":""lab-erli-stub-tls"",""cpu"":""0.00%"",""mem"":""22.67MiB / 122.8GiB""},{""name"":""lab-wc-tls"",""cpu"":""0.00%"",""mem"":""28.21MiB / 122.8GiB""},{""name"":""lab-prestashop"",""cpu"":""0.01%"",""mem"":""148.2MiB / 122.8GiB""},{""name"":""lab-woocommerce"",""cpu"":""0.01%"",""mem"":""292.4MiB / 122.8GiB""},{""name"":""lab-redis"",""cpu"":""0.29%"",""mem"":""77.87MiB / 122.8GiB""},{""name"":""lab-postgres"",""cpu"":""0.40%"",""mem"":""238MiB / 122.8GiB""},{""name"":""lab-mysql"",""cpu"":""1.01%"",""mem"":""720.2MiB / 122.8GiB""},{""name"":""lab-woocommerce-mysql"",""cpu"":""0.91%"",""mem"":""509.6MiB / 122.8GiB""}]"
2026-09-10T13:20:35Z,3,0,0,47,29,2667706035,"[{""name"":""lab-worker-1"",""cpu"":""0.39%"",""mem"":""129.7MiB / 122.8GiB""},{""name"":""lab-api"",""cpu"":""0.00%"",""mem"":""141.9MiB / 122.8GiB""},{""name"":""lab-allegro-stub"",""cpu"":""4.04%"",""mem"":""20.36MiB / 122.8GiB""},{""name"":""lab-erli-stub"",""cpu"":""0.00%"",""mem"":""18.06MiB / 122.8GiB""},{""name"":""lab-eparagony-stub"",""cpu"":""0.00%"",""mem"":""20.36MiB / 122.8GiB""},{""name"":""lab-invoicing-stub"",""cpu"":""4.09%"",""mem"":""16.6MiB / 122.8GiB""},{""name"":""lab-shipping-stub"",""cpu"":""3.08%"",""mem"":""16.58MiB / 122.8GiB""},{""name"":""lab-eparagony-stub-tls"",""cpu"":""0.00%"",""mem"":""23.3MiB / 122.8GiB""},{""name"":""lab-erli-stub-tls"",""cpu"":""0.00%"",""mem"":""22.67MiB / 122.8GiB""},{""name"":""lab-wc-tls"",""cpu"":""0.00%"",""mem"":""28.21MiB / 122.8GiB""},{""name"":""lab-prestashop"",""cpu"":""0.00%"",""mem"":""148.2MiB / 122.8GiB""},{""name"":""lab-woocommerce"",""cpu"":""0.00%"",""mem"":""292.4MiB / 122.8GiB""},{""name"":""lab-redis"",""cpu"":""4.69%"",""mem"":""77.87MiB / 122.8GiB""},{""name"":""lab-postgres"",""cpu"":""0.34%"",""mem"":""238MiB / 122.8GiB""},{""name"":""lab-mysql"",""cpu"":""0.89%"",""mem"":""720.2MiB / 122.8GiB""},{""name"":""lab-woocommerce-mysql"",""cpu"":""1.07%"",""mem"":""509.6MiB / 122.8GiB""}]"
2026-09-10T13:20:39Z,4,0,0,47,29,2667706035,"[{""name"":""lab-worker-1"",""cpu"":""0.42%"",""mem"":""129.7MiB / 122.8GiB""},{""name"":""lab-api"",""cpu"":""0.00%"",""mem"":""141.9MiB / 122.8GiB""},{""name"":""lab-allegro-stub"",""cpu"":""0.00%"",""mem"":""20.36MiB / 122.8GiB""},{""name"":""lab-erli-stub"",""cpu"":""3.79%"",""mem"":""18.29MiB / 122.8GiB""},{""name"":""lab-eparagony-stub"",""cpu"":""3.99%"",""mem"":""20.36MiB / 122.8GiB""},{""name"":""lab-invoicing-stub"",""cpu"":""0.00%"",""mem"":""16.59MiB / 122.8GiB""},{""name"":""lab-shipping-stub"",""cpu"":""0.00%"",""mem"":""16.58MiB / 122.8GiB""},{""name"":""lab-eparagony-stub-tls"",""cpu"":""0.00%"",""mem"":""23.3MiB / 122.8GiB""},{""name"":""lab-erli-stub-tls"",""cpu"":""0.00%"",""mem"":""22.67MiB / 122.8GiB""},{""name"":""lab-wc-tls"",""cpu"":""0.00%"",""mem"":""28.21MiB / 122.8GiB""},{""name"":""lab-prestashop"",""cpu"":""0.01%"",""mem"":""142.2MiB / 122.8GiB""},{""name"":""lab-woocommerce"",""cpu"":""0.00%"",""mem"":""292.4MiB / 122.8GiB""},{""name"":""lab-redis"",""cpu"":""0.29%"",""mem"":""77.87MiB / 122.8GiB""},{""name"":""lab-postgres"",""cpu"":""0.38%"",""mem"":""238MiB / 122.8GiB""},{""name"":""lab-mysql"",""cpu"":""0.90%"",""mem"":""720.2MiB / 122.8GiB""},{""name"":""lab-woocommerce-mysql"",""cpu"":""0.92%"",""mem"":""509.6MiB / 122.8GiB""}]"
2026-09-10T13:20:42Z,4,0,0,47,29,2667706035,"[{""name"":""lab-worker-1"",""cpu"":""1.98%"",""mem"":""129.7MiB / 122.8GiB""},{""name"":""lab-api"",""cpu"":""0.65%"",""mem"":""141.9MiB / 122.8GiB""},{""name"":""lab-allegro-stub"",""cpu"":""0.00%"",""mem"":""20.37MiB / 122.8GiB""},{""name"":""lab-erli-stub"",""cpu"":""0.01%"",""mem"":""18.05MiB / 122.8GiB""},{""name"":""lab-eparagony-stub"",""cpu"":""0.00%"",""mem"":""20.35MiB / 122.8GiB""},{""name"":""lab-invoicing-stub"",""cpu"":""0.00%"",""mem"":""16.59MiB / 122.8GiB""},{""name"":""lab-shipping-stub"",""cpu"":""0.00%"",""mem"":""16.59MiB / 122.8GiB""},{""name"":""lab-eparagony-stub-tls"",""cpu"":""0.00%"",""mem"":""23.3MiB / 122.8GiB""},{""name"":""lab-erli-stub-tls"",""cpu"":""0.00%"",""mem"":""22.67MiB / 122.8GiB""},{""name"":""lab-wc-tls"",""cpu"":""0.00%"",""mem"":""28.21MiB / 122.8GiB""},{""name"":""lab-prestashop"",""cpu"":""0.01%"",""mem"":""142.2MiB / 122.8GiB""},{""name"":""lab-woocommerce"",""cpu"":""0.01%"",""mem"":""292.4MiB / 122.8GiB""},{""name"":""lab-redis"",""cpu"":""0.39%"",""mem"":""77.87MiB / 122.8GiB""},{""name"":""lab-postgres"",""cpu"":""4.35%"",""mem"":""238MiB / 122.8GiB""},{""name"":""lab-mysql"",""cpu"":""0.92%"",""mem"":""720.2MiB / 122.8GiB""},{""name"":""lab-woocommerce-mysql"",""cpu"":""1.03%"",""mem"":""509.6MiB / 122.8GiB""}]"
2026-09-10T13:20:46Z,3,0,0,47,30,2667706035,"[{""name"":""lab-worker-1"",""cpu"":""0.47%"",""mem"":""129.7MiB / 122.8GiB""},{""name"":""lab-api"",""cpu"":""0.00%"",""mem"":""141.9MiB / 122.8GiB""},{""name"":""lab-allegro-stub"",""cpu"":""0.01%"",""mem"":""20.37MiB / 122.8GiB""},{""name"":""lab-erli-stub"",""cpu"":""0.00%"",""mem"":""18.05MiB / 122.8GiB""},{""name"":""lab-eparagony-stub"",""cpu"":""0.00%"",""mem"":""20.35MiB / 122.8GiB""},{""name"":""lab-invoicing-stub"",""cpu"":""0.01%"",""mem"":""16.59MiB / 122.8GiB""},{""name"":""lab-shipping-stub"",""cpu"":""0.01%"",""mem"":""16.59MiB / 122.8GiB""},{""name"":""lab-eparagony-stub-tls"",""cpu"":""0.00%"",""mem"":""23.3MiB / 122.8GiB""},{""name"":""lab-erli-stub-tls"",""cpu"":""0.00%"",""mem"":""22.67MiB / 122.8GiB""},{""name"":""lab-wc-tls"",""cpu"":""0.00%"",""mem"":""28.21MiB / 122.8GiB""},{""name"":""lab-prestashop"",""cpu"":""0.01%"",""mem"":""142.2MiB / 122.8GiB""},{""name"":""lab-woocommerce"",""cpu"":""0.00%"",""mem"":""292.4MiB / 122.8GiB""},{""name"":""lab-redis"",""cpu"":""0.30%"",""mem"":""77.87MiB / 122.8GiB""},{""name"":""lab-postgres"",""cpu"":""5.83%"",""mem"":""238MiB / 122.8GiB""},{""name"":""lab-mysql"",""cpu"":""0.95%"",""mem"":""720.2MiB / 122.8GiB""},{""name"":""lab-woocommerce-mysql"",""cpu"":""1.02%"",""mem"":""509.6MiB / 122.8GiB""}]"
2026-09-10T13:20:50Z,4,0,0,47,30,2667706035,"[{""name"":""lab-worker-1"",""cpu"":""0.35%"",""mem"":""129.7MiB / 122.8GiB""},{""name"":""lab-api"",""cpu"":""0.02%"",""mem"":""141.9MiB / 122.8GiB""},{""name"":""lab-allegro-stub"",""cpu"":""4.37%"",""mem"":""20.37MiB / 122.8GiB""},{""name"":""lab-erli-stub"",""cpu"":""0.00%"",""mem"":""18.05MiB / 122.8GiB""},{""name"":""lab-eparagony-stub"",""cpu"":""0.00%"",""mem"":""20.36MiB / 122.8GiB""},{""name"":""lab-invoicing-stub"",""cpu"":""4.17%"",""mem"":""16.61MiB / 122.8GiB""},{""name"":""lab-shipping-stub"",""cpu"":""4.26%"",""mem"":""16.62MiB / 122.8GiB""},{""name"":""lab-eparagony-stub-tls"",""cpu"":""0.00%"",""mem"":""23.3MiB / 122.8GiB""},{""name"":""lab-erli-stub-tls"",""cpu"":""0.00%"",""mem"":""22.67MiB / 122.8GiB""},{""name"":""lab-wc-tls"",""cpu"":""0.00%"",""mem"":""28.21MiB / 122.8GiB""},{""name"":""lab-prestashop"",""cpu"":""0.00%"",""mem"":""142.2MiB / 122.8GiB""},{""name"":""lab-woocommerce"",""cpu"":""0.01%"",""mem"":""292.4MiB / 122.8GiB""},{""name"":""lab-redis"",""cpu"":""0.28%"",""mem"":""77.87MiB / 122.8GiB""},{""name"":""lab-postgres"",""cpu"":""0.38%"",""mem"":""238MiB / 122.8GiB""},{""name"":""lab-mysql"",""cpu"":""0.91%"",""mem"":""720.2MiB / 122.8GiB""},{""name"":""lab-woocommerce-mysql"",""cpu"":""5.60%"",""mem"":""509.6MiB / 122.8GiB""}]"
2026-09-10T13:20:53Z,4,1,0,47,29,2667706035,"[{""name"":""lab-worker-1"",""cpu"":""0.44%"",""mem"":""129.9MiB / 122.8GiB""},{""name"":""lab-api"",""cpu"":""0.00%"",""mem"":""141.9MiB / 122.8GiB""},{""name"":""lab-allegro-stub"",""cpu"":""0.00%"",""mem"":""20.36MiB / 122.8GiB""},{""name"":""lab-erli-stub"",""cpu"":""0.00%"",""mem"":""18.05MiB / 122.8GiB""},{""name"":""lab-eparagony-stub"",""cpu"":""4.13%"",""mem"":""20.36MiB / 122.8GiB""},{""name"":""lab-invoicing-stub"",""cpu"":""0.00%"",""mem"":""16.59MiB / 122.8GiB""},{""name"":""lab-shipping-stub"",""cpu"":""0.00%"",""mem"":""16.58MiB / 122.8GiB""},{""name"":""lab-eparagony-stub-tls"",""cpu"":""0.00%"",""mem"":""23.3MiB / 122.8GiB""},{""name"":""lab-erli-stub-tls"",""cpu"":""0.00%"",""mem"":""22.67MiB / 122.8GiB""},{""name"":""lab-wc-tls"",""cpu"":""0.00%"",""mem"":""28.21MiB / 122.8GiB""},{""name"":""lab-prestashop"",""cpu"":""0.00%"",""mem"":""142.2MiB / 122.8GiB""},{""name"":""lab-woocommerce"",""cpu"":""0.01%"",""mem"":""292.4MiB / 122.8GiB""},{""name"":""lab-redis"",""cpu"":""25.43%"",""mem"":""78.96MiB / 122.8GiB""},{""name"":""lab-postgres"",""cpu"":""6.21%"",""mem"":""238MiB / 122.8GiB""},{""name"":""lab-mysql"",""cpu"":""0.60%"",""mem"":""720.2MiB / 122.8GiB""},{""name"":""lab-woocommerce-mysql"",""cpu"":""0.66%"",""mem"":""509.6MiB / 122.8GiB""}]"
2026-09-10T13:20:57Z,3,0,0,47,30,2667706035,"[{""name"":""lab-worker-1"",""cpu"":""0.45%"",""mem"":""129.7MiB / 122.8GiB""},{""name"":""lab-api"",""cpu"":""0.00%"",""mem"":""141.9MiB / 122.8GiB""},{""name"":""lab-allegro-stub"",""cpu"":""0.01%"",""mem"":""20.36MiB / 122.8GiB""},{""name"":""lab-erli-stub"",""cpu"":""0.00%"",""mem"":""18.05MiB / 122.8GiB""},{""name"":""lab-eparagony-stub"",""cpu"":""0.01%"",""mem"":""20.35MiB / 122.8GiB""},{""name"":""lab-invoicing-stub"",""cpu"":""0.00%"",""mem"":""16.59MiB / 122.8GiB""},{""name"":""lab-shipping-stub"",""cpu"":""0.00%"",""mem"":""16.58MiB / 122.8GiB""},{""name"":""lab-eparagony-stub-tls"",""cpu"":""0.00%"",""mem"":""23.3MiB / 122.8GiB""},{""name"":""lab-erli-stub-tls"",""cpu"":""0.00%"",""mem"":""22.67MiB / 122.8GiB""},{""name"":""lab-wc-tls"",""cpu"":""0.00%"",""mem"":""28.21MiB / 122.8GiB""},{""name"":""lab-prestashop"",""cpu"":""0.00%"",""mem"":""142.2MiB / 122.8GiB""},{""name"":""lab-woocommerce"",""cpu"":""0.00%"",""mem"":""292.4MiB / 122.8GiB""},{""name"":""lab-redis"",""cpu"":""43.17%"",""mem"":""79.15MiB / 122.8GiB""},{""name"":""lab-postgres"",""cpu"":""0.19%"",""mem"":""238MiB / 122.8GiB""},{""name"":""lab-mysql"",""cpu"":""5.18%"",""mem"":""720.2MiB / 122.8GiB""},{""name"":""lab-woocommerce-mysql"",""cpu"":""0.64%"",""mem"":""509.6MiB / 122.8GiB""}]"
2026-09-10T13:21:01Z,4,0,0,47,30,2667706035,"[{""name"":""lab-worker-1"",""cpu"":""0.37%"",""mem"":""129.7MiB / 122.8GiB""},{""name"":""lab-api"",""cpu"":""0.00%"",""mem"":""141.9MiB / 122.8GiB""},{""name"":""lab-allegro-stub"",""cpu"":""4.27%"",""mem"":""20.36MiB / 122.8GiB""},{""name"":""lab-erli-stub"",""cpu"":""0.00%"",""mem"":""18.05MiB / 122.8GiB""},{""name"":""lab-eparagony-stub"",""cpu"":""0.00%"",""mem"":""20.35MiB / 122.8GiB""},{""name"":""lab-invoicing-stub"",""cpu"":""3.78%"",""mem"":""16.6MiB / 122.8GiB""},{""name"":""lab-shipping-stub"",""cpu"":""2.81%"",""mem"":""16.58MiB / 122.8GiB""},{""name"":""lab-eparagony-stub-tls"",""cpu"":""0.00%"",""mem"":""23.3MiB / 122.8GiB""},{""name"":""lab-erli-stub-tls"",""cpu"":""0.00%"",""mem"":""22.67MiB / 122.8GiB""},{""name"":""lab-wc-tls"",""cpu"":""0.00%"",""mem"":""28.21MiB / 122.8GiB""},{""name"":""lab-prestashop"",""cpu"":""0.00%"",""mem"":""142.2MiB / 122.8GiB""},{""name"":""lab-woocommerce"",""cpu"":""0.00%"",""mem"":""292.4MiB / 122.8GiB""},{""name"":""lab-redis"",""cpu"":""44.07%"",""mem"":""77.96MiB / 122.8GiB""},{""name"":""lab-postgres"",""cpu"":""0.34%"",""mem"":""238MiB / 122.8GiB""},{""name"":""lab-mysql"",""cpu"":""0.62%"",""mem"":""720.2MiB / 122.8GiB""},{""name"":""lab-woocommerce-mysql"",""cpu"":""5.76%"",""mem"":""509.6MiB / 122.8GiB""}]"
2026-09-10T13:21:04Z,4,0,0,47,30,2667706035,"[{""name"":""lab-worker-1"",""cpu"":""0.45%"",""mem"":""129.7MiB / 122.8GiB""},{""name"":""lab-api"",""cpu"":""0.00%"",""mem"":""141.9MiB / 122.8GiB""},{""name"":""lab-allegro-stub"",""cpu"":""0.00%"",""mem"":""20.36MiB / 122.8GiB""},{""name"":""lab-erli-stub"",""cpu"":""4.23%"",""mem"":""18.05MiB / 122.8GiB""},{""name"":""lab-eparagony-stub"",""cpu"":""0.01%"",""mem"":""20.35MiB / 122.8GiB""},{""name"":""lab-invoicing-stub"",""cpu"":""0.00%"",""mem"":""16.6MiB / 122.8GiB""},{""name"":""lab-shipping-stub"",""cpu"":""0.00%"",""mem"":""16.58MiB / 122.8GiB""},{""name"":""lab-eparagony-stub-tls"",""cpu"":""0.00%"",""mem"":""23.3MiB / 122.8GiB""},{""name"":""lab-erli-stub-tls"",""cpu"":""0.00%"",""mem"":""22.67MiB / 122.8GiB""},{""name"":""lab-wc-tls"",""cpu"":""0.00%"",""mem"":""28.21MiB / 122.8GiB""},{""name"":""lab-prestashop"",""cpu"":""0.00%"",""mem"":""142.2MiB / 122.8GiB""},{""name"":""lab-woocommerce"",""cpu"":""0.00%"",""mem"":""292.4MiB / 122.8GiB""},{""name"":""lab-redis"",""cpu"":""47.15%"",""mem"":""82.46MiB / 122.8GiB""},{""name"":""lab-postgres"",""cpu"":""0.36%"",""mem"":""237.9MiB / 122.8GiB""},{""name"":""lab-mysql"",""cpu"":""0.63%"",""mem"":""720.2MiB / 122.8GiB""},{""name"":""lab-woocommerce-mysql"",""cpu"":""0.61%"",""mem"":""509.6MiB / 122.8GiB""}]"
2026-09-10T13:21:08Z,3,0,0,47,30,2667706035,"[{""name"":""lab-worker-1"",""cpu"":""0.52%"",""mem"":""129.7MiB / 122.8GiB""},{""name"":""lab-api"",""cpu"":""0.00%"",""mem"":""141.9MiB / 122.8GiB""},{""name"":""lab-allegro-stub"",""cpu"":""0.00%"",""mem"":""20.36MiB / 122.8GiB""},{""name"":""lab-erli-stub"",""cpu"":""0.00%"",""mem"":""18.05MiB / 122.8GiB""},{""name"":""lab-eparagony-stub"",""cpu"":""0.00%"",""mem"":""20.35MiB / 122.8GiB""},{""name"":""lab-invoicing-stub"",""cpu"":""0.00%"",""mem"":""16.6MiB / 122.8GiB""},{""name"":""lab-shipping-stub"",""cpu"":""0.00%"",""mem"":""16.58MiB / 122.8GiB""},{""name"":""lab-eparagony-stub-tls"",""cpu"":""0.00%"",""mem"":""23.3MiB / 122.8GiB""},{""name"":""lab-erli-stub-tls"",""cpu"":""0.00%"",""mem"":""22.67MiB / 122.8GiB""},{""name"":""lab-wc-tls"",""cpu"":""0.00%"",""mem"":""28.21MiB / 122.8GiB""},{""name"":""lab-prestashop"",""cpu"":""5.91%"",""mem"":""142.4MiB / 122.8GiB""},{""name"":""lab-woocommerce"",""cpu"":""0.00%"",""mem"":""292.4MiB / 122.8GiB""},{""name"":""lab-redis"",""cpu"":""42.21%"",""mem"":""78.27MiB / 122.8GiB""},{""name"":""lab-postgres"",""cpu"":""0.38%"",""mem"":""237.9MiB / 122.8GiB""},{""name"":""lab-mysql"",""cpu"":""1.08%"",""mem"":""720.2MiB / 122.8GiB""},{""name"":""lab-woocommerce-mysql"",""cpu"":""0.61%"",""mem"":""509.6MiB / 122.8GiB""}]"
2026-09-10T13:21:12Z,4,0,0,47,30,2667706035,"[{""name"":""lab-worker-1"",""cpu"":""1.64%"",""mem"":""129.7MiB / 122.8GiB""},{""name"":""lab-api"",""cpu"":""0.00%"",""mem"":""141.9MiB / 122.8GiB""},{""name"":""lab-allegro-stub"",""cpu"":""0.00%"",""mem"":""20.36MiB / 122.8GiB""},{""name"":""lab-erli-stub"",""cpu"":""0.00%"",""mem"":""18.05MiB / 122.8GiB""},{""name"":""lab-eparagony-stub"",""cpu"":""0.00%"",""mem"":""20.35MiB / 122.8GiB""},{""name"":""lab-invoicing-stub"",""cpu"":""0.00%"",""mem"":""16.6MiB / 122.8GiB""},{""name"":""lab-shipping-stub"",""cpu"":""0.00%"",""mem"":""16.58MiB / 122.8GiB""},{""name"":""lab-eparagony-stub-tls"",""cpu"":""0.00%"",""mem"":""23.3MiB / 122.8GiB""},{""name"":""lab-erli-stub-tls"",""cpu"":""0.00%"",""mem"":""22.67MiB / 122.8GiB""},{""name"":""lab-wc-tls"",""cpu"":""0.00%"",""mem"":""28.21MiB / 122.8GiB""},{""name"":""lab-prestashop"",""cpu"":""0.01%"",""mem"":""142.4MiB / 122.8GiB""},{""name"":""lab-woocommerce"",""cpu"":""0.01%"",""mem"":""292.4MiB / 122.8GiB""},{""name"":""lab-redis"",""cpu"":""44.11%"",""mem"":""78.23MiB / 122.8GiB""},{""name"":""lab-postgres"",""cpu"":""3.19%"",""mem"":""237.8MiB / 122.8GiB""},{""name"":""lab-mysql"",""cpu"":""0.61%"",""mem"":""720.2MiB / 122.8GiB""},{""name"":""lab-woocommerce-mysql"",""cpu"":""0.63%"",""mem"":""509.6MiB / 122.8GiB""}]"
2026-09-10T13:21:15Z,4,0,0,47,30,2667706035,"[{""name"":""lab-worker-1"",""cpu"":""0.35%"",""mem"":""129.7MiB / 122.8GiB""},{""name"":""lab-api"",""cpu"":""0.00%"",""mem"":""141.9MiB / 122.8GiB""},{""name"":""lab-allegro-stub"",""cpu"":""4.07%"",""mem"":""20.37MiB / 122.8GiB""},{""name"":""lab-erli-stub"",""cpu"":""0.01%"",""mem"":""18.05MiB / 122.8GiB""},{""name"":""lab-eparagony-stub"",""cpu"":""0.00%"",""mem"":""20.35MiB / 122.8GiB""},{""name"":""lab-invoicing-stub"",""cpu"":""3.53%"",""mem"":""16.6MiB / 122.8GiB""},{""name"":""lab-shipping-stub"",""cpu"":""4.23%"",""mem"":""16.59MiB / 122.8GiB""},{""name"":""lab-eparagony-stub-tls"",""cpu"":""0.00%"",""mem"":""23.3MiB / 122.8GiB""},{""name"":""lab-erli-stub-tls"",""cpu"":""0.00%"",""mem"":""22.67MiB / 122.8GiB""},{""name"":""lab-wc-tls"",""cpu"":""0.00%"",""mem"":""28.21MiB / 122.8GiB""},{""name"":""lab-prestashop"",""cpu"":""0.01%"",""mem"":""142.4MiB / 122.8GiB""},{""name"":""lab-woocommerce"",""cpu"":""0.01%"",""mem"":""292.4MiB / 122.8GiB""},{""name"":""lab-redis"",""cpu"":""44.01%"",""mem"":""85.39MiB / 122.8GiB""},{""name"":""lab-postgres"",""cpu"":""0.34%"",""mem"":""237.9MiB / 122.8GiB""},{""name"":""lab-mysql"",""cpu"":""0.63%"",""mem"":""720.2MiB / 122.8GiB""},{""name"":""lab-woocommerce-mysql"",""cpu"":""0.63%"",""mem"":""509.6MiB / 122.8GiB""}]"
2026-09-10T13:21:19Z,3,0,0,47,30,2667706035,"[{""name"":""lab-worker-1"",""cpu"":""0.42%"",""mem"":""129.7MiB / 122.8GiB""},{""name"":""lab-api"",""cpu"":""0.00%"",""mem"":""141.9MiB / 122.8GiB""},{""name"":""lab-allegro-stub"",""cpu"":""0.00%"",""mem"":""20.36MiB / 122.8GiB""},{""name"":""lab-erli-stub"",""cpu"":""4.01%"",""mem"":""18.05MiB / 122.8GiB""},{""name"":""lab-eparagony-stub"",""cpu"":""4.19%"",""mem"":""20.36MiB / 122.8GiB""},{""name"":""lab-invoicing-stub"",""cpu"":""0.00%"",""mem"":""16.6MiB / 122.8GiB""},{""name"":""lab-shipping-stub"",""cpu"":""0.00%"",""mem"":""16.58MiB / 122.8GiB""},{""name"":""lab-eparagony-stub-tls"",""cpu"":""0.00%"",""mem"":""23.3MiB / 122.8GiB""},{""name"":""lab-erli-stub-tls"",""cpu"":""0.00%"",""mem"":""22.67MiB / 122.8GiB""},{""name"":""lab-wc-tls"",""cpu"":""0.00%"",""mem"":""28.21MiB / 122.8GiB""},{""name"":""lab-prestashop"",""cpu"":""0.00%"",""mem"":""142.4MiB / 122.8GiB""},{""name"":""lab-woocommerce"",""cpu"":""0.00%"",""mem"":""292.4MiB / 122.8GiB""},{""name"":""lab-redis"",""cpu"":""42.70%"",""mem"":""85.01MiB / 122.8GiB""},{""name"":""lab-postgres"",""cpu"":""0.32%"",""mem"":""237.9MiB / 122.8GiB""},{""name"":""lab-mysql"",""cpu"":""0.59%"",""mem"":""720.2MiB / 122.8GiB""},{""name"":""lab-woocommerce-mysql"",""cpu"":""0.62%"",""mem"":""509.6MiB / 122.8GiB""}]"
2026-09-10T13:21:23Z,4,0,0,47,30,2667706035,"[{""name"":""lab-worker-1"",""cpu"":""0.45%"",""mem"":""129.7MiB / 122.8GiB""},{""name"":""lab-api"",""cpu"":""0.00%"",""mem"":""141.9MiB / 122.8GiB""},{""name"":""lab-allegro-stub"",""cpu"":""0.00%"",""mem"":""20.36MiB / 122.8GiB""},{""name"":""lab-erli-stub"",""cpu"":""0.00%"",""mem"":""18.05MiB / 122.8GiB""},{""name"":""lab-eparagony-stub"",""cpu"":""0.00%"",""mem"":""20.35MiB / 122.8GiB""},{""name"":""lab-invoicing-stub"",""cpu"":""0.00%"",""mem"":""16.6MiB / 122.8GiB""},{""name"":""lab-shipping-stub"",""cpu"":""0.00%"",""mem"":""16.58MiB / 122.8GiB""},{""name"":""lab-eparagony-stub-tls"",""cpu"":""0.00%"",""mem"":""23.3MiB / 122.8GiB""},{""name"":""lab-erli-stub-tls"",""cpu"":""0.00%"",""mem"":""22.67MiB / 122.8GiB""},{""name"":""lab-wc-tls"",""cpu"":""0.00%"",""mem"":""28.21MiB / 122.8GiB""},{""name"":""lab-prestashop"",""cpu"":""0.00%"",""mem"":""142.4MiB / 122.8GiB""},{""name"":""lab-woocommerce"",""cpu"":""0.01%"",""mem"":""292.4MiB / 122.8GiB""},{""name"":""lab-redis"",""cpu"":""45.60%"",""mem"":""86.3MiB / 122.8GiB""},{""name"":""lab-postgres"",""cpu"":""0.86%"",""mem"":""237.9MiB / 122.8GiB""},{""name"":""lab-mysql"",""cpu"":""0.57%"",""mem"":""720.2MiB / 122.8GiB""},{""name"":""lab-woocommerce-mysql"",""cpu"":""0.63%"",""mem"":""509.6MiB / 122.8GiB""}]"
2026-09-10T13:21:26Z,4,0,0,47,30,2667706035,"[{""name"":""lab-worker-1"",""cpu"":""0.30%"",""mem"":""129.7MiB / 122.8GiB""},{""name"":""lab-api"",""cpu"":""0.00%"",""mem"":""141.9MiB / 122.8GiB""},{""name"":""lab-allegro-stub"",""cpu"":""0.40%"",""mem"":""20.36MiB / 122.8GiB""},{""name"":""lab-erli-stub"",""cpu"":""0.00%"",""mem"":""18.05MiB / 122.8GiB""},{""name"":""lab-eparagony-stub"",""cpu"":""0.01%"",""mem"":""20.36MiB / 122.8GiB""},{""name"":""lab-invoicing-stub"",""cpu"":""0.02%"",""mem"":""16.61MiB / 122.8GiB""},{""name"":""lab-shipping-stub"",""cpu"":""0.02%"",""mem"":""16.58MiB / 122.8GiB""},{""name"":""lab-eparagony-stub-tls"",""cpu"":""0.00%"",""mem"":""23.3MiB / 122.8GiB""},{""name"":""lab-erli-stub-tls"",""cpu"":""0.00%"",""mem"":""22.67MiB / 122.8GiB""},{""name"":""lab-wc-tls"",""cpu"":""0.00%"",""mem"":""28.21MiB / 122.8GiB""},{""name"":""lab-prestashop"",""cpu"":""20.94%"",""mem"":""144.4MiB / 122.8GiB""},{""name"":""lab-woocommerce"",""cpu"":""0.01%"",""mem"":""292.4MiB / 122.8GiB""},{""name"":""lab-redis"",""cpu"":""17.11%"",""mem"":""77.96MiB / 122.8GiB""},{""name"":""lab-postgres"",""cpu"":""5.67%"",""mem"":""237.9MiB / 122.8GiB""},{""name"":""lab-mysql"",""cpu"":""27.04%"",""mem"":""720.6MiB / 122.8GiB""},{""name"":""lab-woocommerce-mysql"",""cpu"":""0.69%"",""mem"":""509.6MiB / 122.8GiB""}]"
2026-09-10T13:21:30Z,3,0,0,47,30,2667706035,"[{""name"":""lab-worker-1"",""cpu"":""0.41%"",""mem"":""129.7MiB / 122.8GiB""},{""name"":""lab-api"",""cpu"":""0.00%"",""mem"":""141.9MiB / 122.8GiB""},{""name"":""lab-allegro-stub"",""cpu"":""4.21%"",""mem"":""20.38MiB / 122.8GiB""},{""name"":""lab-erli-stub"",""cpu"":""0.01%"",""mem"":""18.06MiB / 122.8GiB""},{""name"":""lab-eparagony-stub"",""cpu"":""0.01%"",""mem"":""20.36MiB / 122.8GiB""},{""name"":""lab-invoicing-stub"",""cpu"":""4.40%"",""mem"":""16.62MiB / 122.8GiB""},{""name"":""lab-shipping-stub"",""cpu"":""4.06%"",""mem"":""16.59MiB / 122.8GiB""},{""name"":""lab-eparagony-stub-tls"",""cpu"":""0.00%"",""mem"":""23.3MiB / 122.8GiB""},{""name"":""lab-erli-stub-tls"",""cpu"":""0.00%"",""mem"":""22.67MiB / 122.8GiB""},{""name"":""lab-wc-tls"",""cpu"":""0.00%"",""mem"":""28.21MiB / 122.8GiB""},{""name"":""lab-prestashop"",""cpu"":""36.73%"",""mem"":""160.5MiB / 122.8GiB""},{""name"":""lab-woocommerce"",""cpu"":""0.01%"",""mem"":""292.4MiB / 122.8GiB""},{""name"":""lab-redis"",""cpu"":""0.25%"",""mem"":""77.95MiB / 122.8GiB""},{""name"":""lab-postgres"",""cpu"":""0.35%"",""mem"":""237.9MiB / 122.8GiB""},{""name"":""lab-mysql"",""cpu"":""43.13%"",""mem"":""720.4MiB / 122.8GiB""},{""name"":""lab-woocommerce-mysql"",""cpu"":""4.91%"",""mem"":""509.6MiB / 122.8GiB""}]"
2026-09-10T13:21:34Z,4,1,0,47,29,2667706035,"[{""name"":""lab-worker-1"",""cpu"":""0.49%"",""mem"":""129.7MiB / 122.8GiB""},{""name"":""lab-api"",""cpu"":""0.00%"",""mem"":""141.9MiB / 122.8GiB""},{""name"":""lab-allegro-stub"",""cpu"":""0.00%"",""mem"":""20.36MiB / 122.8GiB""},{""name"":""lab-erli-stub"",""cpu"":""0.00%"",""mem"":""18.05MiB / 122.8GiB""},{""name"":""lab-eparagony-stub"",""cpu"":""3.98%"",""mem"":""20.37MiB / 122.8GiB""},{""name"":""lab-invoicing-stub"",""cpu"":""0.00%"",""mem"":""16.6MiB / 122.8GiB""},{""name"":""lab-shipping-stub"",""cpu"":""0.00%"",""mem"":""16.58MiB / 122.8GiB""},{""name"":""lab-eparagony-stub-tls"",""cpu"":""0.00%"",""mem"":""23.3MiB / 122.8GiB""},{""name"":""lab-erli-stub-tls"",""cpu"":""0.00%"",""mem"":""22.67MiB / 122.8GiB""},{""name"":""lab-wc-tls"",""cpu"":""0.00%"",""mem"":""28.21MiB / 122.8GiB""},{""name"":""lab-prestashop"",""cpu"":""34.24%"",""mem"":""172.7MiB / 122.8GiB""},{""name"":""lab-woocommerce"",""cpu"":""0.01%"",""mem"":""292.4MiB / 122.8GiB""},{""name"":""lab-redis"",""cpu"":""0.29%"",""mem"":""77.95MiB / 122.8GiB""},{""name"":""lab-postgres"",""cpu"":""0.41%"",""mem"":""237.9MiB / 122.8GiB""},{""name"":""lab-mysql"",""cpu"":""41.27%"",""mem"":""720.2MiB / 122.8GiB""},{""name"":""lab-woocommerce-mysql"",""cpu"":""1.21%"",""mem"":""509.6MiB / 122.8GiB""}]"
2026-09-10T13:21:38Z,4,0,0,47,30,2667706035,"[{""name"":""lab-worker-1"",""cpu"":""0.45%"",""mem"":""129.7MiB / 122.8GiB""},{""name"":""lab-api"",""cpu"":""0.00%"",""mem"":""141.9MiB / 122.8GiB""},{""name"":""lab-allegro-stub"",""cpu"":""0.00%"",""mem"":""20.36MiB / 122.8GiB""},{""name"":""lab-erli-stub"",""cpu"":""0.00%"",""mem"":""18.05MiB / 122.8GiB""},{""name"":""lab-eparagony-stub"",""cpu"":""0.00%"",""mem"":""20.35MiB / 122.8GiB""},{""name"":""lab-invoicing-stub"",""cpu"":""0.00%"",""mem"":""16.6MiB / 122.8GiB""},{""name"":""lab-shipping-stub"",""cpu"":""0.00%"",""mem"":""16.58MiB / 122.8GiB""},{""name"":""lab-eparagony-stub-tls"",""cpu"":""0.00%"",""mem"":""23.3MiB / 122.8GiB""},{""name"":""lab-erli-stub-tls"",""cpu"":""0.00%"",""mem"":""22.67MiB / 122.8GiB""},{""name"":""lab-wc-tls"",""cpu"":""0.00%"",""mem"":""28.21MiB / 122.8GiB""},{""name"":""lab-prestashop"",""cpu"":""36.78%"",""mem"":""172.5MiB / 122.8GiB""},{""name"":""lab-woocommerce"",""cpu"":""0.00%"",""mem"":""292.4MiB / 122.8GiB""},{""name"":""lab-redis"",""cpu"":""0.28%"",""mem"":""78.2MiB / 122.8GiB""},{""name"":""lab-postgres"",""cpu"":""0.33%"",""mem"":""237.9MiB / 122.8GiB""},{""name"":""lab-mysql"",""cpu"":""43.63%"",""mem"":""720.5MiB / 122.8GiB""},{""name"":""lab-woocommerce-mysql"",""cpu"":""0.80%"",""mem"":""509.6MiB / 122.8GiB""}]"
2026-09-10T13:21:41Z,4,0,0,47,30,2667706035,"[{""name"":""lab-worker-1"",""cpu"":""0.33%"",""mem"":""129.7MiB / 122.8GiB""},{""name"":""lab-api"",""cpu"":""0.00%"",""mem"":""141.9MiB / 122.8GiB""},{""name"":""lab-allegro-stub"",""cpu"":""0.01%"",""mem"":""20.36MiB / 122.8GiB""},{""name"":""lab-erli-stub"",""cpu"":""0.00%"",""mem"":""18.05MiB / 122.8GiB""},{""name"":""lab-eparagony-stub"",""cpu"":""0.00%"",""mem"":""20.36MiB / 122.8GiB""},{""name"":""lab-invoicing-stub"",""cpu"":""0.01%"",""mem"":""16.6MiB / 122.8GiB""},{""name"":""lab-shipping-stub"",""cpu"":""3.63%"",""mem"":""16.64MiB / 122.8GiB""},{""name"":""lab-eparagony-stub-tls"",""cpu"":""0.00%"",""mem"":""23.3MiB / 122.8GiB""},{""name"":""lab-erli-stub-tls"",""cpu"":""0.00%"",""mem"":""22.67MiB / 122.8GiB""},{""name"":""lab-wc-tls"",""cpu"":""0.00%"",""mem"":""28.21MiB / 122.8GiB""},{""name"":""lab-prestashop"",""cpu"":""36.53%"",""mem"":""178.7MiB / 122.8GiB""},{""name"":""lab-woocommerce"",""cpu"":""0.01%"",""mem"":""292.4MiB / 122.8GiB""},{""name"":""lab-redis"",""cpu"":""0.26%"",""mem"":""77.95MiB / 122.8GiB""},{""name"":""lab-postgres"",""cpu"":""0.18%"",""mem"":""237.9MiB / 122.8GiB""},{""name"":""lab-mysql"",""cpu"":""41.95%"",""mem"":""720.2MiB / 122.8GiB""},{""name"":""lab-woocommerce-mysql"",""cpu"":""0.89%"",""mem"":""509.6MiB / 122.8GiB""}]"
2026-09-10T13:21:45Z,3,0,0,47,30,2667706035,"[{""name"":""lab-worker-1"",""cpu"":""0.34%"",""mem"":""129.7MiB / 122.8GiB""},{""name"":""lab-api"",""cpu"":""0.00%"",""mem"":""141.9MiB / 122.8GiB""},{""name"":""lab-allegro-stub"",""cpu"":""0.00%"",""mem"":""20.36MiB / 122.8GiB""},{""name"":""lab-erli-stub"",""cpu"":""4.35%"",""mem"":""18.08MiB / 122.8GiB""},{""name"":""lab-eparagony-stub"",""cpu"":""0.01%"",""mem"":""20.36MiB / 122.8GiB""},{""name"":""lab-invoicing-stub"",""cpu"":""0.00%"",""mem"":""16.6MiB / 122.8GiB""},{""name"":""lab-shipping-stub"",""cpu"":""0.00%"",""mem"":""16.58MiB / 122.8GiB""},{""name"":""lab-eparagony-stub-tls"",""cpu"":""0.00%"",""mem"":""23.3MiB / 122.8GiB""},{""name"":""lab-erli-stub-tls"",""cpu"":""0.00%"",""mem"":""22.67MiB / 122.8GiB""},{""name"":""lab-wc-tls"",""cpu"":""0.00%"",""mem"":""28.21MiB / 122.8GiB""},{""name"":""lab-prestashop"",""cpu"":""36.69%"",""mem"":""172.5MiB / 122.8GiB""},{""name"":""lab-woocommerce"",""cpu"":""0.01%"",""mem"":""292.4MiB / 122.8GiB""},{""name"":""lab-redis"",""cpu"":""4.42%"",""mem"":""77.95MiB / 122.8GiB""},{""name"":""lab-postgres"",""cpu"":""6.28%"",""mem"":""237.9MiB / 122.8GiB""},{""name"":""lab-mysql"",""cpu"":""42.73%"",""mem"":""720.2MiB / 122.8GiB""},{""name"":""lab-woocommerce-mysql"",""cpu"":""0.69%"",""mem"":""509.6MiB / 122.8GiB""}]"
2026-09-10T13:21:49Z,4,0,0,47,30,2667706035,"[{""name"":""lab-worker-1"",""cpu"":""0.37%"",""mem"":""129.7MiB / 122.8GiB""},{""name"":""lab-api"",""cpu"":""0.00%"",""mem"":""141.9MiB / 122.8GiB""},{""name"":""lab-allegro-stub"",""cpu"":""0.00%"",""mem"":""20.37MiB / 122.8GiB""},{""name"":""lab-erli-stub"",""cpu"":""0.00%"",""mem"":""18.05MiB / 122.8GiB""},{""name"":""lab-eparagony-stub"",""cpu"":""0.00%"",""mem"":""20.35MiB / 122.8GiB""},{""name"":""lab-invoicing-stub"",""cpu"":""0.00%"",""mem"":""16.61MiB / 122.8GiB""},{""name"":""lab-shipping-stub"",""cpu"":""0.00%"",""mem"":""16.58MiB / 122.8GiB""},{""name"":""lab-eparagony-stub-tls"",""cpu"":""0.00%"",""mem"":""23.3MiB / 122.8GiB""},{""name"":""lab-erli-stub-tls"",""cpu"":""0.00%"",""mem"":""22.67MiB / 122.8GiB""},{""name"":""lab-wc-tls"",""cpu"":""0.00%"",""mem"":""28.21MiB / 122.8GiB""},{""name"":""lab-prestashop"",""cpu"":""36.09%"",""mem"":""172.6MiB / 122.8GiB""},{""name"":""lab-woocommerce"",""cpu"":""0.01%"",""mem"":""292.4MiB / 122.8GiB""},{""name"":""lab-redis"",""cpu"":""0.27%"",""mem"":""78.2MiB / 122.8GiB""},{""name"":""lab-postgres"",""cpu"":""0.35%"",""mem"":""237.9MiB / 122.8GiB""},{""name"":""lab-mysql"",""cpu"":""45.63%"",""mem"":""722.2MiB / 122.8GiB""},{""name"":""lab-woocommerce-mysql"",""cpu"":""0.89%"",""mem"":""509.6MiB / 122.8GiB""}]"
2026-09-10T13:21:52Z,4,0,0,47,30,2667706035,"[{""name"":""lab-worker-1"",""cpu"":""1.66%"",""mem"":""130MiB / 122.8GiB""},{""name"":""lab-api"",""cpu"":""0.00%"",""mem"":""141.9MiB / 122.8GiB""},{""name"":""lab-allegro-stub"",""cpu"":""0.00%"",""mem"":""20.36MiB / 122.8GiB""},{""name"":""lab-erli-stub"",""cpu"":""0.00%"",""mem"":""18.05MiB / 122.8GiB""},{""name"":""lab-eparagony-stub"",""cpu"":""0.00%"",""mem"":""20.35MiB / 122.8GiB""},{""name"":""lab-invoicing-stub"",""cpu"":""0.00%"",""mem"":""16.6MiB / 122.8GiB""},{""name"":""lab-shipping-stub"",""cpu"":""0.00%"",""mem"":""16.58MiB / 122.8GiB""},{""name"":""lab-eparagony-stub-tls"",""cpu"":""0.00%"",""mem"":""23.3MiB / 122.8GiB""},{""name"":""lab-erli-stub-tls"",""cpu"":""0.00%"",""mem"":""22.67MiB / 122.8GiB""},{""name"":""lab-wc-tls"",""cpu"":""0.00%"",""mem"":""28.21MiB / 122.8GiB""},{""name"":""lab-prestashop"",""cpu"":""37.37%"",""mem"":""182.8MiB / 122.8GiB""},{""name"":""lab-woocommerce"",""cpu"":""0.01%"",""mem"":""292.4MiB / 122.8GiB""},{""name"":""lab-redis"",""cpu"":""0.31%"",""mem"":""77.95MiB / 122.8GiB""},{""name"":""lab-postgres"",""cpu"":""3.24%"",""mem"":""237.9MiB / 122.8GiB""},{""name"":""lab-mysql"",""cpu"":""42.44%"",""mem"":""722.2MiB / 122.8GiB""},{""name"":""lab-woocommerce-mysql"",""cpu"":""0.80%"",""mem"":""509.6MiB / 122.8GiB""}]"
2026-09-10T13:21:56Z,3,0,0,47,30,2667706035,"[{""name"":""lab-worker-1"",""cpu"":""0.55%"",""mem"":""129.7MiB / 122.8GiB""},{""name"":""lab-api"",""cpu"":""0.00%"",""mem"":""141.9MiB / 122.8GiB""},{""name"":""lab-allegro-stub"",""cpu"":""4.51%"",""mem"":""20.37MiB / 122.8GiB""},{""name"":""lab-erli-stub"",""cpu"":""0.00%"",""mem"":""18.05MiB / 122.8GiB""},{""name"":""lab-eparagony-stub"",""cpu"":""0.00%"",""mem"":""20.36MiB / 122.8GiB""},{""name"":""lab-invoicing-stub"",""cpu"":""4.14%"",""mem"":""16.61MiB / 122.8GiB""},{""name"":""lab-shipping-stub"",""cpu"":""3.97%"",""mem"":""16.58MiB / 122.8GiB""},{""name"":""lab-eparagony-stub-tls"",""cpu"":""0.00%"",""mem"":""23.3MiB / 122.8GiB""},{""name"":""lab-erli-stub-tls"",""cpu"":""0.00%"",""mem"":""22.67MiB / 122.8GiB""},{""name"":""lab-wc-tls"",""cpu"":""0.00%"",""mem"":""28.21MiB / 122.8GiB""},{""name"":""lab-prestashop"",""cpu"":""35.93%"",""mem"":""182.7MiB / 122.8GiB""},{""name"":""lab-woocommerce"",""cpu"":""0.01%"",""mem"":""292.4MiB / 122.8GiB""},{""name"":""lab-redis"",""cpu"":""0.24%"",""mem"":""77.94MiB / 122.8GiB""},{""name"":""lab-postgres"",""cpu"":""0.40%"",""mem"":""237.9MiB / 122.8GiB""},{""name"":""lab-mysql"",""cpu"":""45.18%"",""mem"":""722.2MiB / 122.8GiB""},{""name"":""lab-woocommerce-mysql"",""cpu"":""0.72%"",""mem"":""509.6MiB / 122.8GiB""}]"
2026-09-10T13:22:00Z,4,0,0,47,30,2667706035,"[{""name"":""lab-worker-1"",""cpu"":""0.52%"",""mem"":""129.7MiB / 122.8GiB""},{""name"":""lab-api"",""cpu"":""0.00%"",""mem"":""141.9MiB / 122.8GiB""},{""name"":""lab-allegro-stub"",""cpu"":""0.00%"",""mem"":""20.36MiB / 122.8GiB""},{""name"":""lab-erli-stub"",""cpu"":""3.63%"",""mem"":""18.05MiB / 122.8GiB""},{""name"":""lab-eparagony-stub"",""cpu"":""4.06%"",""mem"":""20.36MiB / 122.8GiB""},{""name"":""lab-invoicing-stub"",""cpu"":""0.00%"",""mem"":""16.6MiB / 122.8GiB""},{""name"":""lab-shipping-stub"",""cpu"":""0.00%"",""mem"":""16.58MiB / 122.8GiB""},{""name"":""lab-eparagony-stub-tls"",""cpu"":""0.00%"",""mem"":""23.3MiB / 122.8GiB""},{""name"":""lab-erli-stub-tls"",""cpu"":""0.00%"",""mem"":""22.67MiB / 122.8GiB""},{""name"":""lab-wc-tls"",""cpu"":""0.00%"",""mem"":""28.21MiB / 122.8GiB""},{""name"":""lab-prestashop"",""cpu"":""37.59%"",""mem"":""182.7MiB / 122.8GiB""},{""name"":""lab-woocommerce"",""cpu"":""0.01%"",""mem"":""292.4MiB / 122.8GiB""},{""name"":""lab-redis"",""cpu"":""0.28%"",""mem"":""77.93MiB / 122.8GiB""},{""name"":""lab-postgres"",""cpu"":""0.43%"",""mem"":""237.9MiB / 122.8GiB""},{""name"":""lab-mysql"",""cpu"":""42.01%"",""mem"":""722.2MiB / 122.8GiB""},{""name"":""lab-woocommerce-mysql"",""cpu"":""5.35%"",""mem"":""509.7MiB / 122.8GiB""}]"
2026-09-10T13:22:03Z,4,0,0,47,30,2667706035,"[{""name"":""lab-worker-1"",""cpu"":""0.37%"",""mem"":""130MiB / 122.8GiB""},{""name"":""lab-api"",""cpu"":""0.00%"",""mem"":""141.9MiB / 122.8GiB""},{""name"":""lab-allegro-stub"",""cpu"":""0.00%"",""mem"":""20.36MiB / 122.8GiB""},{""name"":""lab-erli-stub"",""cpu"":""0.00%"",""mem"":""18.05MiB / 122.8GiB""},{""name"":""lab-eparagony-stub"",""cpu"":""0.00%"",""mem"":""20.35MiB / 122.8GiB""},{""name"":""lab-invoicing-stub"",""cpu"":""0.00%"",""mem"":""16.6MiB / 122.8GiB""},{""name"":""lab-shipping-stub"",""cpu"":""0.00%"",""mem"":""16.58MiB / 122.8GiB""},{""name"":""lab-eparagony-stub-tls"",""cpu"":""0.00%"",""mem"":""23.3MiB / 122.8GiB""},{""name"":""lab-erli-stub-tls"",""cpu"":""0.00%"",""mem"":""22.67MiB / 122.8GiB""},{""name"":""lab-wc-tls"",""cpu"":""0.00%"",""mem"":""28.21MiB / 122.8GiB""},{""name"":""lab-prestashop"",""cpu"":""35.89%"",""mem"":""182.7MiB / 122.8GiB""},{""name"":""lab-woocommerce"",""cpu"":""13.14%"",""mem"":""292.7MiB / 122.8GiB""},{""name"":""lab-redis"",""cpu"":""0.29%"",""mem"":""77.92MiB / 122.8GiB""},{""name"":""lab-postgres"",""cpu"":""0.80%"",""mem"":""237.9MiB / 122.8GiB""},{""name"":""lab-mysql"",""cpu"":""41.98%"",""mem"":""722.2MiB / 122.8GiB""},{""name"":""lab-woocommerce-mysql"",""cpu"":""2.09%"",""mem"":""509.9MiB / 122.8GiB""}]"
2026-09-10T13:22:07Z,3,0,0,47,30,2667706035,"[{""name"":""lab-worker-1"",""cpu"":""0.41%"",""mem"":""130MiB / 122.8GiB""},{""name"":""lab-api"",""cpu"":""0.00%"",""mem"":""141.9MiB / 122.8GiB""},{""name"":""lab-allegro-stub"",""cpu"":""0.00%"",""mem"":""20.37MiB / 122.8GiB""},{""name"":""lab-erli-stub"",""cpu"":""0.00%"",""mem"":""18.05MiB / 122.8GiB""},{""name"":""lab-eparagony-stub"",""cpu"":""0.00%"",""mem"":""20.35MiB / 122.8GiB""},{""name"":""lab-invoicing-stub"",""cpu"":""0.00%"",""mem"":""16.61MiB / 122.8GiB""},{""name"":""lab-shipping-stub"",""cpu"":""0.00%"",""mem"":""16.58MiB / 122.8GiB""},{""name"":""lab-eparagony-stub-tls"",""cpu"":""0.00%"",""mem"":""23.3MiB / 122.8GiB""},{""name"":""lab-erli-stub-tls"",""cpu"":""0.00%"",""mem"":""22.67MiB / 122.8GiB""},{""name"":""lab-wc-tls"",""cpu"":""0.00%"",""mem"":""28.21MiB / 122.8GiB""},{""name"":""lab-prestashop"",""cpu"":""36.51%"",""mem"":""183MiB / 122.8GiB""},{""name"":""lab-woocommerce"",""cpu"":""0.01%"",""mem"":""292.4MiB / 122.8GiB""},{""name"":""lab-redis"",""cpu"":""0.30%"",""mem"":""77.91MiB / 122.8GiB""},{""name"":""lab-postgres"",""cpu"":""5.78%"",""mem"":""237.9MiB / 122.8GiB""},{""name"":""lab-mysql"",""cpu"":""49.14%"",""mem"":""722.2MiB / 122.8GiB""},{""name"":""lab-woocommerce-mysql"",""cpu"":""0.78%"",""mem"":""509.6MiB / 122.8GiB""}]"
2026-09-10T13:22:11Z,4,0,0,47,30,2667706035,"[{""name"":""lab-worker-1"",""cpu"":""0.43%"",""mem"":""129.7MiB / 122.8GiB""},{""name"":""lab-api"",""cpu"":""0.00%"",""mem"":""141.9MiB / 122.8GiB""},{""name"":""lab-allegro-stub"",""cpu"":""5.00%"",""mem"":""20.37MiB / 122.8GiB""},{""name"":""lab-erli-stub"",""cpu"":""0.00%"",""mem"":""18.05MiB / 122.8GiB""},{""name"":""lab-eparagony-stub"",""cpu"":""0.00%"",""mem"":""20.36MiB / 122.8GiB""},{""name"":""lab-invoicing-stub"",""cpu"":""3.92%"",""mem"":""16.6MiB / 122.8GiB""},{""name"":""lab-shipping-stub"",""cpu"":""3.66%"",""mem"":""16.6MiB / 122.8GiB""},{""name"":""lab-eparagony-stub-tls"",""cpu"":""0.00%"",""mem"":""23.3MiB / 122.8GiB""},{""name"":""lab-erli-stub-tls"",""cpu"":""0.00%"",""mem"":""22.67MiB / 122.8GiB""},{""name"":""lab-wc-tls"",""cpu"":""0.00%"",""mem"":""28.21MiB / 122.8GiB""},{""name"":""lab-prestashop"",""cpu"":""35.60%"",""mem"":""180.8MiB / 122.8GiB""},{""name"":""lab-woocommerce"",""cpu"":""0.01%"",""mem"":""292.4MiB / 122.8GiB""},{""name"":""lab-redis"",""cpu"":""0.27%"",""mem"":""78.15MiB / 122.8GiB""},{""name"":""lab-postgres"",""cpu"":""0.30%"",""mem"":""237.9MiB / 122.8GiB""},{""name"":""lab-mysql"",""cpu"":""44.28%"",""mem"":""722.3MiB / 122.8GiB""},{""name"":""lab-woocommerce-mysql"",""cpu"":""0.83%"",""mem"":""509.6MiB / 122.8GiB""}]"
2026-09-10T13:22:14Z,4,1,1,47,30,2667706035,"[{""name"":""lab-worker-1"",""cpu"":""0.41%"",""mem"":""129.7MiB / 122.8GiB""},{""name"":""lab-api"",""cpu"":""0.00%"",""mem"":""141.9MiB / 122.8GiB""},{""name"":""lab-allegro-stub"",""cpu"":""0.00%"",""mem"":""20.36MiB / 122.8GiB""},{""name"":""lab-erli-stub"",""cpu"":""0.00%"",""mem"":""18.05MiB / 122.8GiB""},{""name"":""lab-eparagony-stub"",""cpu"":""3.82%"",""mem"":""20.39MiB / 122.8GiB""},{""name"":""lab-invoicing-stub"",""cpu"":""0.00%"",""mem"":""16.6MiB / 122.8GiB""},{""name"":""lab-shipping-stub"",""cpu"":""0.00%"",""mem"":""16.58MiB / 122.8GiB""},{""name"":""lab-eparagony-stub-tls"",""cpu"":""0.00%"",""mem"":""23.3MiB / 122.8GiB""},{""name"":""lab-erli-stub-tls"",""cpu"":""0.00%"",""mem"":""22.67MiB / 122.8GiB""},{""name"":""lab-wc-tls"",""cpu"":""0.00%"",""mem"":""28.21MiB / 122.8GiB""},{""name"":""lab-prestashop"",""cpu"":""41.52%"",""mem"":""177.1MiB / 122.8GiB""},{""name"":""lab-woocommerce"",""cpu"":""0.01%"",""mem"":""292.4MiB / 122.8GiB""},{""name"":""lab-redis"",""cpu"":""0.30%"",""mem"":""77.89MiB / 122.8GiB""},{""name"":""lab-postgres"",""cpu"":""0.31%"",""mem"":""237.9MiB / 122.8GiB""},{""name"":""lab-mysql"",""cpu"":""41.42%"",""mem"":""722.3MiB / 122.8GiB""},{""name"":""lab-woocommerce-mysql"",""cpu"":""0.82%"",""mem"":""509.6MiB / 122.8GiB""}]"
2026-09-10T13:22:18Z,3,0,0,47,30,2667706035,"[{""name"":""lab-worker-1"",""cpu"":""0.43%"",""mem"":""129.7MiB / 122.8GiB""},{""name"":""lab-api"",""cpu"":""0.00%"",""mem"":""141.9MiB / 122.8GiB""},{""name"":""lab-allegro-stub"",""cpu"":""0.00%"",""mem"":""20.36MiB / 122.8GiB""},{""name"":""lab-erli-stub"",""cpu"":""0.00%"",""mem"":""18.05MiB / 122.8GiB""},{""name"":""lab-eparagony-stub"",""cpu"":""0.00%"",""mem"":""20.35MiB / 122.8GiB""},{""name"":""lab-invoicing-stub"",""cpu"":""0.00%"",""mem"":""16.6MiB / 122.8GiB""},{""name"":""lab-shipping-stub"",""cpu"":""0.00%"",""mem"":""16.58MiB / 122.8GiB""},{""name"":""lab-eparagony-stub-tls"",""cpu"":""0.00%"",""mem"":""23.3MiB / 122.8GiB""},{""name"":""lab-erli-stub-tls"",""cpu"":""0.00%"",""mem"":""22.67MiB / 122.8GiB""},{""name"":""lab-wc-tls"",""cpu"":""0.00%"",""mem"":""28.21MiB / 122.8GiB""},{""name"":""lab-prestashop"",""cpu"":""36.73%"",""mem"":""172.8MiB / 122.8GiB""},{""name"":""lab-woocommerce"",""cpu"":""0.00%"",""mem"":""292.4MiB / 122.8GiB""},{""name"":""lab-redis"",""cpu"":""0.27%"",""mem"":""77.89MiB / 122.8GiB""},{""name"":""lab-postgres"",""cpu"":""0.32%"",""mem"":""237.9MiB / 122.8GiB""},{""name"":""lab-mysql"",""cpu"":""41.66%"",""mem"":""722.5MiB / 122.8GiB""},{""name"":""lab-woocommerce-mysql"",""cpu"":""0.67%"",""mem"":""509.6MiB / 122.8GiB""}]"
2026-09-10T13:22:22Z,4,0,0,47,30,2667706035,"[{""name"":""lab-worker-1"",""cpu"":""0.42%"",""mem"":""129.7MiB / 122.8GiB""},{""name"":""lab-api"",""cpu"":""0.00%"",""mem"":""141.9MiB / 122.8GiB""},{""name"":""lab-allegro-stub"",""cpu"":""0.01%"",""mem"":""20.37MiB / 122.8GiB""},{""name"":""lab-erli-stub"",""cpu"":""0.00%"",""mem"":""18.05MiB / 122.8GiB""},{""name"":""lab-eparagony-stub"",""cpu"":""0.00%"",""mem"":""20.36MiB / 122.8GiB""},{""name"":""lab-invoicing-stub"",""cpu"":""0.01%"",""mem"":""16.61MiB / 122.8GiB""},{""name"":""lab-shipping-stub"",""cpu"":""0.01%"",""mem"":""16.58MiB / 122.8GiB""},{""name"":""lab-eparagony-stub-tls"",""cpu"":""0.00%"",""mem"":""23.3MiB / 122.8GiB""},{""name"":""lab-erli-stub-tls"",""cpu"":""0.00%"",""mem"":""22.67MiB / 122.8GiB""},{""name"":""lab-wc-tls"",""cpu"":""0.00%"",""mem"":""28.21MiB / 122.8GiB""},{""name"":""lab-prestashop"",""cpu"":""39.97%"",""mem"":""182.9MiB / 122.8GiB""},{""name"":""lab-woocommerce"",""cpu"":""0.01%"",""mem"":""292.4MiB / 122.8GiB""},{""name"":""lab-redis"",""cpu"":""0.28%"",""mem"":""77.88MiB / 122.8GiB""},{""name"":""lab-postgres"",""cpu"":""0.40%"",""mem"":""237.9MiB / 122.8GiB""},{""name"":""lab-mysql"",""cpu"":""42.31%"",""mem"":""722.3MiB / 122.8GiB""},{""name"":""lab-woocommerce-mysql"",""cpu"":""0.98%"",""mem"":""509.6MiB / 122.8GiB""}]"
2026-09-10T13:22:25Z,4,0,0,47,30,2667706035,"[{""name"":""lab-worker-1"",""cpu"":""0.38%"",""mem"":""129.7MiB / 122.8GiB""},{""name"":""lab-api"",""cpu"":""0.00%"",""mem"":""141.9MiB / 122.8GiB""},{""name"":""lab-allegro-stub"",""cpu"":""0.00%"",""mem"":""20.36MiB / 122.8GiB""},{""name"":""lab-erli-stub"",""cpu"":""4.51%"",""mem"":""18.07MiB / 122.8GiB""},{""name"":""lab-eparagony-stub"",""cpu"":""0.01%"",""mem"":""20.37MiB / 122.8GiB""},{""name"":""lab-invoicing-stub"",""cpu"":""0.00%"",""mem"":""16.6MiB / 122.8GiB""},{""name"":""lab-shipping-stub"",""cpu"":""0.00%"",""mem"":""16.58MiB / 122.8GiB""},{""name"":""lab-eparagony-stub-tls"",""cpu"":""0.00%"",""mem"":""23.3MiB / 122.8GiB""},{""name"":""lab-erli-stub-tls"",""cpu"":""0.00%"",""mem"":""22.67MiB / 122.8GiB""},{""name"":""lab-wc-tls"",""cpu"":""0.00%"",""mem"":""28.21MiB / 122.8GiB""},{""name"":""lab-prestashop"",""cpu"":""36.37%"",""mem"":""182.9MiB / 122.8GiB""},{""name"":""lab-woocommerce"",""cpu"":""0.00%"",""mem"":""292.4MiB / 122.8GiB""},{""name"":""lab-redis"",""cpu"":""4.78%"",""mem"":""77.89MiB / 122.8GiB""},{""name"":""lab-postgres"",""cpu"":""0.39%"",""mem"":""237.9MiB / 122.8GiB""},{""name"":""lab-mysql"",""cpu"":""44.95%"",""mem"":""722.5MiB / 122.8GiB""},{""name"":""lab-woocommerce-mysql"",""cpu"":""0.65%"",""mem"":""509.6MiB / 122.8GiB""}]"
2026-09-10T13:22:29Z,3,0,0,47,30,2667706035,"[{""name"":""lab-worker-1"",""cpu"":""0.77%"",""mem"":""129.7MiB / 122.8GiB""},{""name"":""lab-api"",""cpu"":""0.00%"",""mem"":""141.9MiB / 122.8GiB""},{""name"":""lab-allegro-stub"",""cpu"":""0.00%"",""mem"":""20.37MiB / 122.8GiB""},{""name"":""lab-erli-stub"",""cpu"":""0.00%"",""mem"":""18.05MiB / 122.8GiB""},{""name"":""lab-eparagony-stub"",""cpu"":""0.00%"",""mem"":""20.36MiB / 122.8GiB""},{""name"":""lab-invoicing-stub"",""cpu"":""0.00%"",""mem"":""16.6MiB / 122.8GiB""},{""name"":""lab-shipping-stub"",""cpu"":""0.00%"",""mem"":""16.58MiB / 122.8GiB""},{""name"":""lab-eparagony-stub-tls"",""cpu"":""0.00%"",""mem"":""23.3MiB / 122.8GiB""},{""name"":""lab-erli-stub-tls"",""cpu"":""0.00%"",""mem"":""22.67MiB / 122.8GiB""},{""name"":""lab-wc-tls"",""cpu"":""0.00%"",""mem"":""28.21MiB / 122.8GiB""},{""name"":""lab-prestashop"",""cpu"":""40.07%"",""mem"":""183.1MiB / 122.8GiB""},{""name"":""lab-woocommerce"",""cpu"":""0.01%"",""mem"":""292.4MiB / 122.8GiB""},{""name"":""lab-redis"",""cpu"":""0.26%"",""mem"":""77.86MiB / 122.8GiB""},{""name"":""lab-postgres"",""cpu"":""0.57%"",""mem"":""237.9MiB / 122.8GiB""},{""name"":""lab-mysql"",""cpu"":""40.79%"",""mem"":""722.5MiB / 122.8GiB""},{""name"":""lab-woocommerce-mysql"",""cpu"":""0.87%"",""mem"":""509.6MiB / 122.8GiB""}]"
2026-09-10T13:22:33Z,4,0,0,47,30,2667706035,"[{""name"":""lab-worker-1"",""cpu"":""1.78%"",""mem"":""129.7MiB / 122.8GiB""},{""name"":""lab-api"",""cpu"":""0.00%"",""mem"":""141.9MiB / 122.8GiB""},{""name"":""lab-allegro-stub"",""cpu"":""0.00%"",""mem"":""20.36MiB / 122.8GiB""},{""name"":""lab-erli-stub"",""cpu"":""0.00%"",""mem"":""18.05MiB / 122.8GiB""},{""name"":""lab-eparagony-stub"",""cpu"":""0.00%"",""mem"":""20.36MiB / 122.8GiB""},{""name"":""lab-invoicing-stub"",""cpu"":""0.00%"",""mem"":""16.6MiB / 122.8GiB""},{""name"":""lab-shipping-stub"",""cpu"":""0.00%"",""mem"":""16.58MiB / 122.8GiB""},{""name"":""lab-eparagony-stub-tls"",""cpu"":""0.00%"",""mem"":""23.3MiB / 122.8GiB""},{""name"":""lab-erli-stub-tls"",""cpu"":""0.00%"",""mem"":""22.67MiB / 122.8GiB""},{""name"":""lab-wc-tls"",""cpu"":""0.00%"",""mem"":""28.21MiB / 122.8GiB""},{""name"":""lab-prestashop"",""cpu"":""37.85%"",""mem"":""182.9MiB / 122.8GiB""},{""name"":""lab-woocommerce"",""cpu"":""0.01%"",""mem"":""292.4MiB / 122.8GiB""},{""name"":""lab-redis"",""cpu"":""0.29%"",""mem"":""78.11MiB / 122.8GiB""},{""name"":""lab-postgres"",""cpu"":""3.04%"",""mem"":""237.8MiB / 122.8GiB""},{""name"":""lab-mysql"",""cpu"":""41.84%"",""mem"":""722.6MiB / 122.8GiB""},{""name"":""lab-woocommerce-mysql"",""cpu"":""0.76%"",""mem"":""509.6MiB / 122.8GiB""}]"
2026-09-10T13:22:37Z,4,0,0,47,30,2667706035,"[{""name"":""lab-worker-1"",""cpu"":""0.35%"",""mem"":""129.7MiB / 122.8GiB""},{""name"":""lab-api"",""cpu"":""0.00%"",""mem"":""141.9MiB / 122.8GiB""},{""name"":""lab-allegro-stub"",""cpu"":""4.00%"",""mem"":""20.37MiB / 122.8GiB""},{""name"":""lab-erli-stub"",""cpu"":""0.02%"",""mem"":""18.05MiB / 122.8GiB""},{""name"":""lab-eparagony-stub"",""cpu"":""0.00%"",""mem"":""20.36MiB / 122.8GiB""},{""name"":""lab-invoicing-stub"",""cpu"":""3.93%"",""mem"":""16.6MiB / 122.8GiB""},{""name"":""lab-shipping-stub"",""cpu"":""3.88%"",""mem"":""16.59MiB / 122.8GiB""},{""name"":""lab-eparagony-stub-tls"",""cpu"":""0.00%"",""mem"":""23.3MiB / 122.8GiB""},{""name"":""lab-erli-stub-tls"",""cpu"":""0.00%"",""mem"":""22.67MiB / 122.8GiB""},{""name"":""lab-wc-tls"",""cpu"":""0.00%"",""mem"":""28.21MiB / 122.8GiB""},{""name"":""lab-prestashop"",""cpu"":""36.61%"",""mem"":""182.9MiB / 122.8GiB""},{""name"":""lab-woocommerce"",""cpu"":""0.01%"",""mem"":""292.4MiB / 122.8GiB""},{""name"":""lab-redis"",""cpu"":""0.27%"",""mem"":""77.86MiB / 122.8GiB""},{""name"":""lab-postgres"",""cpu"":""5.07%"",""mem"":""237.9MiB / 122.8GiB""},{""name"":""lab-mysql"",""cpu"":""42.82%"",""mem"":""722.3MiB / 122.8GiB""},{""name"":""lab-woocommerce-mysql"",""cpu"":""0.78%"",""mem"":""509.6MiB / 122.8GiB""}]"
2026-09-10T13:22:40Z,4,0,0,47,30,2667706035,"[{""name"":""lab-worker-1"",""cpu"":""0.91%"",""mem"":""129.7MiB / 122.8GiB""},{""name"":""lab-api"",""cpu"":""0.02%"",""mem"":""142MiB / 122.8GiB""},{""name"":""lab-allegro-stub"",""cpu"":""0.00%"",""mem"":""20.36MiB / 122.8GiB""},{""name"":""lab-erli-stub"",""cpu"":""4.29%"",""mem"":""18.07MiB / 122.8GiB""},{""name"":""lab-eparagony-stub"",""cpu"":""3.98%"",""mem"":""20.36MiB / 122.8GiB""},{""name"":""lab-invoicing-stub"",""cpu"":""0.00%"",""mem"":""16.6MiB / 122.8GiB""},{""name"":""lab-shipping-stub"",""cpu"":""0.00%"",""mem"":""16.58MiB / 122.8GiB""},{""name"":""lab-eparagony-stub-tls"",""cpu"":""0.00%"",""mem"":""23.3MiB / 122.8GiB""},{""name"":""lab-erli-stub-tls"",""cpu"":""0.00%"",""mem"":""22.67MiB / 122.8GiB""},{""name"":""lab-wc-tls"",""cpu"":""0.00%"",""mem"":""28.21MiB / 122.8GiB""},{""name"":""lab-prestashop"",""cpu"":""0.01%"",""mem"":""180.9MiB / 122.8GiB""},{""name"":""lab-woocommerce"",""cpu"":""0.01%"",""mem"":""292.4MiB / 122.8GiB""},{""name"":""lab-redis"",""cpu"":""4.80%"",""mem"":""77.86MiB / 122.8GiB""},{""name"":""lab-postgres"",""cpu"":""0.64%"",""mem"":""240.2MiB / 122.8GiB""},{""name"":""lab-mysql"",""cpu"":""0.99%"",""mem"":""722.3MiB / 122.8GiB""},{""name"":""lab-woocommerce-mysql"",""cpu"":""5.81%"",""mem"":""509.7MiB / 122.8GiB""}]"
2026-09-10T13:22:44Z,3,0,0,47,30,2667706035,"[{""name"":""lab-worker-1"",""cpu"":""0.42%"",""mem"":""129.7MiB / 122.8GiB""},{""name"":""lab-api"",""cpu"":""0.00%"",""mem"":""142MiB / 122.8GiB""},{""name"":""lab-allegro-stub"",""cpu"":""0.00%"",""mem"":""20.36MiB / 122.8GiB""},{""name"":""lab-erli-stub"",""cpu"":""0.00%"",""mem"":""18.05MiB / 122.8GiB""},{""name"":""lab-eparagony-stub"",""cpu"":""0.00%"",""mem"":""20.36MiB / 122.8GiB""},{""name"":""lab-invoicing-stub"",""cpu"":""0.00%"",""mem"":""16.6MiB / 122.8GiB""},{""name"":""lab-shipping-stub"",""cpu"":""0.00%"",""mem"":""16.58MiB / 122.8GiB""},{""name"":""lab-eparagony-stub-tls"",""cpu"":""0.00%"",""mem"":""23.3MiB / 122.8GiB""},{""name"":""lab-erli-stub-tls"",""cpu"":""0.00%"",""mem"":""22.67MiB / 122.8GiB""},{""name"":""lab-wc-tls"",""cpu"":""0.00%"",""mem"":""28.21MiB / 122.8GiB""},{""name"":""lab-prestashop"",""cpu"":""0.01%"",""mem"":""180.9MiB / 122.8GiB""},{""name"":""lab-woocommerce"",""cpu"":""0.01%"",""mem"":""292.4MiB / 122.8GiB""},{""name"":""lab-redis"",""cpu"":""0.31%"",""mem"":""77.86MiB / 122.8GiB""},{""name"":""lab-postgres"",""cpu"":""0.80%"",""mem"":""240.2MiB / 122.8GiB""},{""name"":""lab-mysql"",""cpu"":""1.05%"",""mem"":""722.3MiB / 122.8GiB""},{""name"":""lab-woocommerce-mysql"",""cpu"":""0.98%"",""mem"":""509.6MiB / 122.8GiB""}]"
2026-09-10T13:22:48Z,4,0,0,47,30,2667706035,"[{""name"":""lab-worker-1"",""cpu"":""0.46%"",""mem"":""129.7MiB / 122.8GiB""},{""name"":""lab-api"",""cpu"":""0.00%"",""mem"":""142MiB / 122.8GiB""},{""name"":""lab-allegro-stub"",""cpu"":""0.00%"",""mem"":""20.36MiB / 122.8GiB""},{""name"":""lab-erli-stub"",""cpu"":""0.00%"",""mem"":""18.05MiB / 122.8GiB""},{""name"":""lab-eparagony-stub"",""cpu"":""0.00%"",""mem"":""20.36MiB / 122.8GiB""},{""name"":""lab-invoicing-stub"",""cpu"":""0.00%"",""mem"":""16.6MiB / 122.8GiB""},{""name"":""lab-shipping-stub"",""cpu"":""0.00%"",""mem"":""16.58MiB / 122.8GiB""},{""name"":""lab-eparagony-stub-tls"",""cpu"":""0.00%"",""mem"":""23.3MiB / 122.8GiB""},{""name"":""lab-erli-stub-tls"",""cpu"":""0.00%"",""mem"":""22.67MiB / 122.8GiB""},{""name"":""lab-wc-tls"",""cpu"":""0.00%"",""mem"":""28.21MiB / 122.8GiB""},{""name"":""lab-prestashop"",""cpu"":""0.01%"",""mem"":""180.9MiB / 122.8GiB""},{""name"":""lab-woocommerce"",""cpu"":""0.01%"",""mem"":""292.4MiB / 122.8GiB""},{""name"":""lab-redis"",""cpu"":""0.32%"",""mem"":""77.86MiB / 122.8GiB""},{""name"":""lab-postgres"",""cpu"":""0.35%"",""mem"":""240.1MiB / 122.8GiB""},{""name"":""lab-mysql"",""cpu"":""5.55%"",""mem"":""722.3MiB / 122.8GiB""},{""name"":""lab-woocommerce-mysql"",""cpu"":""0.94%"",""mem"":""509.6MiB / 122.8GiB""}]"
2026-09-10T13:22:51Z,4,0,0,47,30,2667706035,"[{""name"":""lab-worker-1"",""cpu"":""0.40%"",""mem"":""129.7MiB / 122.8GiB""},{""name"":""lab-api"",""cpu"":""0.00%"",""mem"":""142MiB / 122.8GiB""},{""name"":""lab-allegro-stub"",""cpu"":""4.14%"",""mem"":""20.38MiB / 122.8GiB""},{""name"":""lab-erli-stub"",""cpu"":""0.01%"",""mem"":""18.05MiB / 122.8GiB""},{""name"":""lab-eparagony-stub"",""cpu"":""0.00%"",""mem"":""20.36MiB / 122.8GiB""},{""name"":""lab-invoicing-stub"",""cpu"":""4.95%"",""mem"":""16.66MiB / 122.8GiB""},{""name"":""lab-shipping-stub"",""cpu"":""3.85%"",""mem"":""16.61MiB / 122.8GiB""},{""name"":""lab-eparagony-stub-tls"",""cpu"":""0.00%"",""mem"":""23.3MiB / 122.8GiB""},{""name"":""lab-erli-stub-tls"",""cpu"":""0.00%"",""mem"":""22.67MiB / 122.8GiB""},{""name"":""lab-wc-tls"",""cpu"":""0.00%"",""mem"":""28.21MiB / 122.8GiB""},{""name"":""lab-prestashop"",""cpu"":""0.01%"",""mem"":""180.9MiB / 122.8GiB""},{""name"":""lab-woocommerce"",""cpu"":""0.01%"",""mem"":""292.4MiB / 122.8GiB""},{""name"":""lab-redis"",""cpu"":""0.27%"",""mem"":""77.86MiB / 122.8GiB""},{""name"":""lab-postgres"",""cpu"":""0.39%"",""mem"":""237.9MiB / 122.8GiB""},{""name"":""lab-mysql"",""cpu"":""0.97%"",""mem"":""722.3MiB / 122.8GiB""},{""name"":""lab-woocommerce-mysql"",""cpu"":""0.93%"",""mem"":""509.6MiB / 122.8GiB""}]"
2026-09-10T13:22:55Z,3,0,0,47,30,2667706035,"[{""name"":""lab-worker-1"",""cpu"":""0.40%"",""mem"":""129.7MiB / 122.8GiB""},{""name"":""lab-api"",""cpu"":""11.88%"",""mem"":""142.1MiB / 122.8GiB""},{""name"":""lab-allegro-stub"",""cpu"":""0.00%"",""mem"":""20.36MiB / 122.8GiB""},{""name"":""lab-erli-stub"",""cpu"":""4.06%"",""mem"":""18.06MiB / 122.8GiB""},{""name"":""lab-eparagony-stub"",""cpu"":""3.98%"",""mem"":""20.37MiB / 122.8GiB""},{""name"":""lab-invoicing-stub"",""cpu"":""0.00%"",""mem"":""16.6MiB / 122.8GiB""},{""name"":""lab-shipping-stub"",""cpu"":""0.00%"",""mem"":""16.58MiB / 122.8GiB""},{""name"":""lab-eparagony-stub-tls"",""cpu"":""0.00%"",""mem"":""23.3MiB / 122.8GiB""},{""name"":""lab-erli-stub-tls"",""cpu"":""0.00%"",""mem"":""22.67MiB / 122.8GiB""},{""name"":""lab-wc-tls"",""cpu"":""0.00%"",""mem"":""28.21MiB / 122.8GiB""},{""name"":""lab-prestashop"",""cpu"":""0.01%"",""mem"":""180.9MiB / 122.8GiB""},{""name"":""lab-woocommerce"",""cpu"":""0.01%"",""mem"":""292.4MiB / 122.8GiB""},{""name"":""lab-redis"",""cpu"":""3.80%"",""mem"":""77.89MiB / 122.8GiB""},{""name"":""lab-postgres"",""cpu"":""8.55%"",""mem"":""240.1MiB / 122.8GiB""},{""name"":""lab-mysql"",""cpu"":""0.88%"",""mem"":""722.3MiB / 122.8GiB""},{""name"":""lab-woocommerce-mysql"",""cpu"":""0.85%"",""mem"":""509.6MiB / 122.8GiB""}]"
2026-09-10T13:22:59Z,4,0,0,47,30,2667706035,"[{""name"":""lab-worker-1"",""cpu"":""0.35%"",""mem"":""129.7MiB / 122.8GiB""},{""name"":""lab-api"",""cpu"":""0.00%"",""mem"":""142MiB / 122.8GiB""},{""name"":""lab-allegro-stub"",""cpu"":""0.00%"",""mem"":""20.36MiB / 122.8GiB""},{""name"":""lab-erli-stub"",""cpu"":""0.00%"",""mem"":""18.05MiB / 122.8GiB""},{""name"":""lab-eparagony-stub"",""cpu"":""0.00%"",""mem"":""20.36MiB / 122.8GiB""},{""name"":""lab-invoicing-stub"",""cpu"":""0.00%"",""mem"":""16.6MiB / 122.8GiB""},{""name"":""lab-shipping-stub"",""cpu"":""0.00%"",""mem"":""16.58MiB / 122.8GiB""},{""name"":""lab-eparagony-stub-tls"",""cpu"":""0.00%"",""mem"":""23.3MiB / 122.8GiB""},{""name"":""lab-erli-stub-tls"",""cpu"":""0.00%"",""mem"":""22.67MiB / 122.8GiB""},{""name"":""lab-wc-tls"",""cpu"":""0.00%"",""mem"":""28.21MiB / 122.8GiB""},{""name"":""lab-prestashop"",""cpu"":""0.01%"",""mem"":""180.9MiB / 122.8GiB""},{""name"":""lab-woocommerce"",""cpu"":""0.01%"",""mem"":""292.4MiB / 122.8GiB""},{""name"":""lab-redis"",""cpu"":""0.29%"",""mem"":""77.86MiB / 122.8GiB""},{""name"":""lab-postgres"",""cpu"":""0.32%"",""mem"":""240.3MiB / 122.8GiB""},{""name"":""lab-mysql"",""cpu"":""0.89%"",""mem"":""722.3MiB / 122.8GiB""},{""name"":""lab-woocommerce-mysql"",""cpu"":""0.96%"",""mem"":""509.6MiB / 122.8GiB""}]"
2026-09-10T13:23:02Z,4,0,0,47,30,2667706035,"[{""name"":""lab-worker-1"",""cpu"":""2.00%"",""mem"":""129.8MiB / 122.8GiB""},{""name"":""lab-api"",""cpu"":""0.00%"",""mem"":""142MiB / 122.8GiB""},{""name"":""lab-allegro-stub"",""cpu"":""0.01%"",""mem"":""20.36MiB / 122.8GiB""},{""name"":""lab-erli-stub"",""cpu"":""0.00%"",""mem"":""18.05MiB / 122.8GiB""},{""name"":""lab-eparagony-stub"",""cpu"":""0.00%"",""mem"":""20.36MiB / 122.8GiB""},{""name"":""lab-invoicing-stub"",""cpu"":""0.01%"",""mem"":""16.62MiB / 122.8GiB""},{""name"":""lab-shipping-stub"",""cpu"":""0.01%"",""mem"":""16.59MiB / 122.8GiB""},{""name"":""lab-eparagony-stub-tls"",""cpu"":""0.00%"",""mem"":""23.3MiB / 122.8GiB""},{""name"":""lab-erli-stub-tls"",""cpu"":""0.00%"",""mem"":""22.67MiB / 122.8GiB""},{""name"":""lab-wc-tls"",""cpu"":""0.00%"",""mem"":""28.21MiB / 122.8GiB""},{""name"":""lab-prestashop"",""cpu"":""28.60%"",""mem"":""194.9MiB / 122.8GiB""},{""name"":""lab-woocommerce"",""cpu"":""0.01%"",""mem"":""292.4MiB / 122.8GiB""},{""name"":""lab-redis"",""cpu"":""0.48%"",""mem"":""77.87MiB / 122.8GiB""},{""name"":""lab-postgres"",""cpu"":""0.36%"",""mem"":""240.1MiB / 122.8GiB""},{""name"":""lab-mysql"",""cpu"":""27.85%"",""mem"":""722.5MiB / 122.8GiB""},{""name"":""lab-woocommerce-mysql"",""cpu"":""1.00%"",""mem"":""509.6MiB / 122.8GiB""}]"
2026-09-10T13:23:06Z,3,0,1,47,29,2667706035,"[{""name"":""lab-worker-1"",""cpu"":""0.65%"",""mem"":""129.8MiB / 122.8GiB""},{""name"":""lab-api"",""cpu"":""0.00%"",""mem"":""142.1MiB / 122.8GiB""},{""name"":""lab-allegro-stub"",""cpu"":""2.81%"",""mem"":""20.39MiB / 122.8GiB""},{""name"":""lab-erli-stub"",""cpu"":""0.01%"",""mem"":""18.05MiB / 122.8GiB""},{""name"":""lab-eparagony-stub"",""cpu"":""0.01%"",""mem"":""20.37MiB / 122.8GiB""},{""name"":""lab-invoicing-stub"",""cpu"":""3.47%"",""mem"":""16.62MiB / 122.8GiB""},{""name"":""lab-shipping-stub"",""cpu"":""2.80%"",""mem"":""16.62MiB / 122.8GiB""},{""name"":""lab-eparagony-stub-tls"",""cpu"":""0.00%"",""mem"":""23.3MiB / 122.8GiB""},{""name"":""lab-erli-stub-tls"",""cpu"":""0.00%"",""mem"":""22.67MiB / 122.8GiB""},{""name"":""lab-wc-tls"",""cpu"":""0.00%"",""mem"":""28.21MiB / 122.8GiB""},{""name"":""lab-prestashop"",""cpu"":""16.14%"",""mem"":""221MiB / 122.8GiB""},{""name"":""lab-woocommerce"",""cpu"":""0.01%"",""mem"":""292.4MiB / 122.8GiB""},{""name"":""lab-redis"",""cpu"":""0.28%"",""mem"":""77.88MiB / 122.8GiB""},{""name"":""lab-postgres"",""cpu"":""0.36%"",""mem"":""237.9MiB / 122.8GiB""},{""name"":""lab-mysql"",""cpu"":""12.98%"",""mem"":""722.3MiB / 122.8GiB""},{""name"":""lab-woocommerce-mysql"",""cpu"":""0.94%"",""mem"":""509.6MiB / 122.8GiB""}]"
2026-09-10T13:23:10Z,4,0,1,47,29,2667706035,"[{""name"":""lab-worker-1"",""cpu"":""0.81%"",""mem"":""129.8MiB / 122.8GiB""},{""name"":""lab-api"",""cpu"":""0.00%"",""mem"":""142.1MiB / 122.8GiB""},{""name"":""lab-allegro-stub"",""cpu"":""0.00%"",""mem"":""20.36MiB / 122.8GiB""},{""name"":""lab-erli-stub"",""cpu"":""0.00%"",""mem"":""18.05MiB / 122.8GiB""},{""name"":""lab-eparagony-stub"",""cpu"":""4.25%"",""mem"":""20.42MiB / 122.8GiB""},{""name"":""lab-invoicing-stub"",""cpu"":""0.00%"",""mem"":""16.6MiB / 122.8GiB""},{""name"":""lab-shipping-stub"",""cpu"":""0.00%"",""mem"":""16.58MiB / 122.8GiB""},{""name"":""lab-eparagony-stub-tls"",""cpu"":""0.00%"",""mem"":""23.3MiB / 122.8GiB""},{""name"":""lab-erli-stub-tls"",""cpu"":""0.00%"",""mem"":""22.67MiB / 122.8GiB""},{""name"":""lab-wc-tls"",""cpu"":""0.00%"",""mem"":""28.21MiB / 122.8GiB""},{""name"":""lab-prestashop"",""cpu"":""14.37%"",""mem"":""239.1MiB / 122.8GiB""},{""name"":""lab-woocommerce"",""cpu"":""0.00%"",""mem"":""292.4MiB / 122.8GiB""},{""name"":""lab-redis"",""cpu"":""0.37%"",""mem"":""77.87MiB / 122.8GiB""},{""name"":""lab-postgres"",""cpu"":""0.29%"",""mem"":""238MiB / 122.8GiB""},{""name"":""lab-mysql"",""cpu"":""18.54%"",""mem"":""722.3MiB / 122.8GiB""},{""name"":""lab-woocommerce-mysql"",""cpu"":""0.97%"",""mem"":""509.6MiB / 122.8GiB""}]"
2026-09-10T13:23:14Z,4,1,1,47,28,2667706035,"[{""name"":""lab-worker-1"",""cpu"":""0.65%"",""mem"":""129.8MiB / 122.8GiB""},{""name"":""lab-api"",""cpu"":""0.00%"",""mem"":""142.1MiB / 122.8GiB""},{""name"":""lab-allegro-stub"",""cpu"":""0.00%"",""mem"":""20.36MiB / 122.8GiB""},{""name"":""lab-erli-stub"",""cpu"":""0.00%"",""mem"":""18.05MiB / 122.8GiB""},{""name"":""lab-eparagony-stub"",""cpu"":""0.00%"",""mem"":""20.36MiB / 122.8GiB""},{""name"":""lab-invoicing-stub"",""cpu"":""0.00%"",""mem"":""16.6MiB / 122.8GiB""},{""name"":""lab-shipping-stub"",""cpu"":""0.00%"",""mem"":""16.58MiB / 122.8GiB""},{""name"":""lab-eparagony-stub-tls"",""cpu"":""0.00%"",""mem"":""23.3MiB / 122.8GiB""},{""name"":""lab-erli-stub-tls"",""cpu"":""0.00%"",""mem"":""22.67MiB / 122.8GiB""},{""name"":""lab-wc-tls"",""cpu"":""0.00%"",""mem"":""28.21MiB / 122.8GiB""},{""name"":""lab-prestashop"",""cpu"":""19.55%"",""mem"":""259.4MiB / 122.8GiB""},{""name"":""lab-woocommerce"",""cpu"":""0.02%"",""mem"":""292.4MiB / 122.8GiB""},{""name"":""lab-redis"",""cpu"":""0.32%"",""mem"":""78.11MiB / 122.8GiB""},{""name"":""lab-postgres"",""cpu"":""0.36%"",""mem"":""237.9MiB / 122.8GiB""},{""name"":""lab-mysql"",""cpu"":""22.52%"",""mem"":""722.5MiB / 122.8GiB""},{""name"":""lab-woocommerce-mysql"",""cpu"":""1.01%"",""mem"":""509.6MiB / 122.8GiB""}]"
2026-09-10T13:23:17Z,4,94,2,47,28,2667706035,"[{""name"":""lab-worker-1"",""cpu"":""4.72%"",""mem"":""130.4MiB / 122.8GiB""},{""name"":""lab-api"",""cpu"":""0.00%"",""mem"":""142.1MiB / 122.8GiB""},{""name"":""lab-allegro-stub"",""cpu"":""0.02%"",""mem"":""20.36MiB / 122.8GiB""},{""name"":""lab-erli-stub"",""cpu"":""0.00%"",""mem"":""18.05MiB / 122.8GiB""},{""name"":""lab-eparagony-stub"",""cpu"":""0.00%"",""mem"":""20.36MiB / 122.8GiB""},{""name"":""lab-invoicing-stub"",""cpu"":""0.01%"",""mem"":""16.61MiB / 122.8GiB""},{""name"":""lab-shipping-stub"",""cpu"":""0.01%"",""mem"":""16.58MiB / 122.8GiB""},{""name"":""lab-eparagony-stub-tls"",""cpu"":""0.00%"",""mem"":""23.3MiB / 122.8GiB""},{""name"":""lab-erli-stub-tls"",""cpu"":""0.00%"",""mem"":""22.67MiB / 122.8GiB""},{""name"":""lab-wc-tls"",""cpu"":""0.00%"",""mem"":""28.21MiB / 122.8GiB""},{""name"":""lab-prestashop"",""cpu"":""7.50%"",""mem"":""257.2MiB / 122.8GiB""},{""name"":""lab-woocommerce"",""cpu"":""0.00%"",""mem"":""292.4MiB / 122.8GiB""},{""name"":""lab-redis"",""cpu"":""0.65%"",""mem"":""77.91MiB / 122.8GiB""},{""name"":""lab-postgres"",""cpu"":""8.18%"",""mem"":""242.6MiB / 122.8GiB""},{""name"":""lab-mysql"",""cpu"":""12.14%"",""mem"":""722.3MiB / 122.8GiB""},{""name"":""lab-woocommerce-mysql"",""cpu"":""0.86%"",""mem"":""509.6MiB / 122.8GiB""}]"
2026-09-10T13:23:21Z,3,96,2,47,30,2667706035,"[{""name"":""lab-worker-1"",""cpu"":""7.03%"",""mem"":""130.2MiB / 122.8GiB""},{""name"":""lab-api"",""cpu"":""0.00%"",""mem"":""142.1MiB / 122.8GiB""},{""name"":""lab-allegro-stub"",""cpu"":""0.00%"",""mem"":""20.36MiB / 122.8GiB""},{""name"":""lab-erli-stub"",""cpu"":""4.16%"",""mem"":""18.09MiB / 122.8GiB""},{""name"":""lab-eparagony-stub"",""cpu"":""0.01%"",""mem"":""20.37MiB / 122.8GiB""},{""name"":""lab-invoicing-stub"",""cpu"":""0.00%"",""mem"":""16.6MiB / 122.8GiB""},{""name"":""lab-shipping-stub"",""cpu"":""0.00%"",""mem"":""16.58MiB / 122.8GiB""},{""name"":""lab-eparagony-stub-tls"",""cpu"":""0.00%"",""mem"":""23.3MiB / 122.8GiB""},{""name"":""lab-erli-stub-tls"",""cpu"":""0.00%"",""mem"":""22.67MiB / 122.8GiB""},{""name"":""lab-wc-tls"",""cpu"":""0.00%"",""mem"":""28.21MiB / 122.8GiB""},{""name"":""lab-prestashop"",""cpu"":""7.98%"",""mem"":""257.2MiB / 122.8GiB""},{""name"":""lab-woocommerce"",""cpu"":""0.00%"",""mem"":""292.4MiB / 122.8GiB""},{""name"":""lab-redis"",""cpu"":""0.79%"",""mem"":""78.16MiB / 122.8GiB""},{""name"":""lab-postgres"",""cpu"":""2.72%"",""mem"":""243.4MiB / 122.8GiB""},{""name"":""lab-mysql"",""cpu"":""7.77%"",""mem"":""722.5MiB / 122.8GiB""},{""name"":""lab-woocommerce-mysql"",""cpu"":""5.37%"",""mem"":""509.6MiB / 122.8GiB""}]"
2026-09-10T13:23:25Z,4,94,3,47,31,2667722419,"[{""name"":""lab-worker-1"",""cpu"":""20.00%"",""mem"":""130.9MiB / 122.8GiB""},{""name"":""lab-api"",""cpu"":""0.00%"",""mem"":""142.1MiB / 122.8GiB""},{""name"":""lab-allegro-stub"",""cpu"":""0.00%"",""mem"":""20.36MiB / 122.8GiB""},{""name"":""lab-erli-stub"",""cpu"":""0.00%"",""mem"":""18.05MiB / 122.8GiB""},{""name"":""lab-eparagony-stub"",""cpu"":""0.00%"",""mem"":""20.36MiB / 122.8GiB""},{""name"":""lab-invoicing-stub"",""cpu"":""0.00%"",""mem"":""16.61MiB / 122.8GiB""},{""name"":""lab-shipping-stub"",""cpu"":""0.00%"",""mem"":""16.58MiB / 122.8GiB""},{""name"":""lab-eparagony-stub-tls"",""cpu"":""0.00%"",""mem"":""23.3MiB / 122.8GiB""},{""name"":""lab-erli-stub-tls"",""cpu"":""0.00%"",""mem"":""22.67MiB / 122.8GiB""},{""name"":""lab-wc-tls"",""cpu"":""0.00%"",""mem"":""28.21MiB / 122.8GiB""},{""name"":""lab-prestashop"",""cpu"":""13.39%"",""mem"":""257.2MiB / 122.8GiB""},{""name"":""lab-woocommerce"",""cpu"":""0.01%"",""mem"":""292.4MiB / 122.8GiB""},{""name"":""lab-redis"",""cpu"":""3.14%"",""mem"":""77.95MiB / 122.8GiB""},{""name"":""lab-postgres"",""cpu"":""13.89%"",""mem"":""241.2MiB / 122.8GiB""},{""name"":""lab-mysql"",""cpu"":""15.79%"",""mem"":""722.3MiB / 122.8GiB""},{""name"":""lab-woocommerce-mysql"",""cpu"":""0.88%"",""mem"":""509.6MiB / 122.8GiB""}]"
2026-09-10T13:23:28Z,4,192,1,47,34,2667722419,"[{""name"":""lab-worker-1"",""cpu"":""18.74%"",""mem"":""129.7MiB / 122.8GiB""},{""name"":""lab-api"",""cpu"":""0.00%"",""mem"":""142.1MiB / 122.8GiB""},{""name"":""lab-allegro-stub"",""cpu"":""0.00%"",""mem"":""20.36MiB / 122.8GiB""},{""name"":""lab-erli-stub"",""cpu"":""0.00%"",""mem"":""18.05MiB / 122.8GiB""},{""name"":""lab-eparagony-stub"",""cpu"":""0.00%"",""mem"":""20.36MiB / 122.8GiB""},{""name"":""lab-invoicing-stub"",""cpu"":""0.00%"",""mem"":""16.6MiB / 122.8GiB""},{""name"":""lab-shipping-stub"",""cpu"":""0.00%"",""mem"":""16.58MiB / 122.8GiB""},{""name"":""lab-eparagony-stub-tls"",""cpu"":""0.00%"",""mem"":""23.3MiB / 122.8GiB""},{""name"":""lab-erli-stub-tls"",""cpu"":""0.00%"",""mem"":""22.67MiB / 122.8GiB""},{""name"":""lab-wc-tls"",""cpu"":""0.00%"",""mem"":""28.21MiB / 122.8GiB""},{""name"":""lab-prestashop"",""cpu"":""7.04%"",""mem"":""257.2MiB / 122.8GiB""},{""name"":""lab-woocommerce"",""cpu"":""0.01%"",""mem"":""292.4MiB / 122.8GiB""},{""name"":""lab-redis"",""cpu"":""4.82%"",""mem"":""77.95MiB / 122.8GiB""},{""name"":""lab-postgres"",""cpu"":""6.28%"",""mem"":""241.6MiB / 122.8GiB""},{""name"":""lab-mysql"",""cpu"":""7.88%"",""mem"":""722.3MiB / 122.8GiB""},{""name"":""lab-woocommerce-mysql"",""cpu"":""0.78%"",""mem"":""509.6MiB / 122.8GiB""}]"
2026-09-10T13:23:32Z,3,190,0,47,37,2667722419,"[{""name"":""lab-worker-1"",""cpu"":""3.85%"",""mem"":""129.9MiB / 122.8GiB""},{""name"":""lab-api"",""cpu"":""0.00%"",""mem"":""142.1MiB / 122.8GiB""},{""name"":""lab-allegro-stub"",""cpu"":""4.00%"",""mem"":""20.39MiB / 122.8GiB""},{""name"":""lab-erli-stub"",""cpu"":""0.00%"",""mem"":""18.05MiB / 122.8GiB""},{""name"":""lab-eparagony-stub"",""cpu"":""0.00%"",""mem"":""20.36MiB / 122.8GiB""},{""name"":""lab-invoicing-stub"",""cpu"":""4.53%"",""mem"":""16.64MiB / 122.8GiB""},{""name"":""lab-shipping-stub"",""cpu"":""4.41%"",""mem"":""16.59MiB / 122.8GiB""},{""name"":""lab-eparagony-stub-tls"",""cpu"":""0.00%"",""mem"":""23.3MiB / 122.8GiB""},{""name"":""lab-erli-stub-tls"",""cpu"":""0.00%"",""mem"":""22.67MiB / 122.8GiB""},{""name"":""lab-wc-tls"",""cpu"":""0.00%"",""mem"":""28.21MiB / 122.8GiB""},{""name"":""lab-prestashop"",""cpu"":""8.07%"",""mem"":""257.2MiB / 122.8GiB""},{""name"":""lab-woocommerce"",""cpu"":""0.01%"",""mem"":""292.4MiB / 122.8GiB""},{""name"":""lab-redis"",""cpu"":""0.82%"",""mem"":""77.95MiB / 122.8GiB""},{""name"":""lab-postgres"",""cpu"":""1.12%"",""mem"":""241.6MiB / 122.8GiB""},{""name"":""lab-mysql"",""cpu"":""8.00%"",""mem"":""722.3MiB / 122.8GiB""},{""name"":""lab-woocommerce-mysql"",""cpu"":""0.92%"",""mem"":""509.6MiB / 122.8GiB""}]"
2026-09-10T13:23:36Z,4,287,1,47,38,2667722419,"[{""name"":""lab-worker-1"",""cpu"":""3.95%"",""mem"":""132.2MiB / 122.8GiB""},{""name"":""lab-api"",""cpu"":""0.00%"",""mem"":""142.1MiB / 122.8GiB""},{""name"":""lab-allegro-stub"",""cpu"":""0.00%"",""mem"":""20.36MiB / 122.8GiB""},{""name"":""lab-erli-stub"",""cpu"":""4.36%"",""mem"":""18.09MiB / 122.8GiB""},{""name"":""lab-eparagony-stub"",""cpu"":""3.90%"",""mem"":""20.38MiB / 122.8GiB""},{""name"":""lab-invoicing-stub"",""cpu"":""0.00%"",""mem"":""16.6MiB / 122.8GiB""},{""name"":""lab-shipping-stub"",""cpu"":""0.00%"",""mem"":""16.58MiB / 122.8GiB""},{""name"":""lab-eparagony-stub-tls"",""cpu"":""0.00%"",""mem"":""23.3MiB / 122.8GiB""},{""name"":""lab-erli-stub-tls"",""cpu"":""0.00%"",""mem"":""22.67MiB / 122.8GiB""},{""name"":""lab-wc-tls"",""cpu"":""0.00%"",""mem"":""28.21MiB / 122.8GiB""},{""name"":""lab-prestashop"",""cpu"":""9.24%"",""mem"":""253.2MiB / 122.8GiB""},{""name"":""lab-woocommerce"",""cpu"":""0.01%"",""mem"":""292.4MiB / 122.8GiB""},{""name"":""lab-redis"",""cpu"":""5.16%"",""mem"":""78.01MiB / 122.8GiB""},{""name"":""lab-postgres"",""cpu"":""1.20%"",""mem"":""241.6MiB / 122.8GiB""},{""name"":""lab-mysql"",""cpu"":""8.44%"",""mem"":""722.3MiB / 122.8GiB""},{""name"":""lab-woocommerce-mysql"",""cpu"":""1.14%"",""mem"":""509.6MiB / 122.8GiB""}]"
2026-09-10T13:23:40Z,4,284,2,47,40,2667722419,"[{""name"":""lab-worker-1"",""cpu"":""3.76%"",""mem"":""132.2MiB / 122.8GiB""},{""name"":""lab-api"",""cpu"":""0.00%"",""mem"":""142.1MiB / 122.8GiB""},{""name"":""lab-allegro-stub"",""cpu"":""0.00%"",""mem"":""20.36MiB / 122.8GiB""},{""name"":""lab-erli-stub"",""cpu"":""0.00%"",""mem"":""18.05MiB / 122.8GiB""},{""name"":""lab-eparagony-stub"",""cpu"":""0.00%"",""mem"":""20.36MiB / 122.8GiB""},{""name"":""lab-invoicing-stub"",""cpu"":""0.00%"",""mem"":""16.6MiB / 122.8GiB""},{""name"":""lab-shipping-stub"",""cpu"":""0.00%"",""mem"":""16.58MiB / 122.8GiB""},{""name"":""lab-eparagony-stub-tls"",""cpu"":""0.00%"",""mem"":""23.3MiB / 122.8GiB""},{""name"":""lab-erli-stub-tls"",""cpu"":""0.00%"",""mem"":""22.67MiB / 122.8GiB""},{""name"":""lab-wc-tls"",""cpu"":""0.00%"",""mem"":""28.21MiB / 122.8GiB""},{""name"":""lab-prestashop"",""cpu"":""8.02%"",""mem"":""249.2MiB / 122.8GiB""},{""name"":""lab-woocommerce"",""cpu"":""0.01%"",""mem"":""292.4MiB / 122.8GiB""},{""name"":""lab-redis"",""cpu"":""0.71%"",""mem"":""78.01MiB / 122.8GiB""},{""name"":""lab-postgres"",""cpu"":""1.50%"",""mem"":""241.6MiB / 122.8GiB""},{""name"":""lab-mysql"",""cpu"":""7.51%"",""mem"":""722.3MiB / 122.8GiB""},{""name"":""lab-woocommerce-mysql"",""cpu"":""0.95%"",""mem"":""509.6MiB / 122.8GiB""}]"
2026-09-10T13:23:43Z,4,281,2,47,43,2667722419,"[{""name"":""lab-worker-1"",""cpu"":""22.22%"",""mem"":""133MiB / 122.8GiB""},{""name"":""lab-api"",""cpu"":""0.00%"",""mem"":""142.1MiB / 122.8GiB""},{""name"":""lab-allegro-stub"",""cpu"":""0.00%"",""mem"":""20.38MiB / 122.8GiB""},{""name"":""lab-erli-stub"",""cpu"":""0.00%"",""mem"":""18.05MiB / 122.8GiB""},{""name"":""lab-eparagony-stub"",""cpu"":""0.00%"",""mem"":""20.36MiB / 122.8GiB""},{""name"":""lab-invoicing-stub"",""cpu"":""0.00%"",""mem"":""16.64MiB / 122.8GiB""},{""name"":""lab-shipping-stub"",""cpu"":""0.00%"",""mem"":""16.58MiB / 122.8GiB""},{""name"":""lab-eparagony-stub-tls"",""cpu"":""0.00%"",""mem"":""23.3MiB / 122.8GiB""},{""name"":""lab-erli-stub-tls"",""cpu"":""0.00%"",""mem"":""22.67MiB / 122.8GiB""},{""name"":""lab-wc-tls"",""cpu"":""0.00%"",""mem"":""28.21MiB / 122.8GiB""},{""name"":""lab-prestashop"",""cpu"":""10.43%"",""mem"":""251.2MiB / 122.8GiB""},{""name"":""lab-woocommerce"",""cpu"":""0.01%"",""mem"":""292.4MiB / 122.8GiB""},{""name"":""lab-redis"",""cpu"":""0.76%"",""mem"":""78MiB / 122.8GiB""},{""name"":""lab-postgres"",""cpu"":""3.33%"",""mem"":""241MiB / 122.8GiB""},{""name"":""lab-mysql"",""cpu"":""11.98%"",""mem"":""722.3MiB / 122.8GiB""},{""name"":""lab-woocommerce-mysql"",""cpu"":""0.94%"",""mem"":""509.6MiB / 122.8GiB""}]"
2026-09-10T13:23:47Z,3,379,2,47,44,2667730611,"[{""name"":""lab-worker-1"",""cpu"":""6.30%"",""mem"":""132.5MiB / 122.8GiB""},{""name"":""lab-api"",""cpu"":""0.00%"",""mem"":""142.1MiB / 122.8GiB""},{""name"":""lab-allegro-stub"",""cpu"":""4.00%"",""mem"":""20.36MiB / 122.8GiB""},{""name"":""lab-erli-stub"",""cpu"":""0.00%"",""mem"":""18.05MiB / 122.8GiB""},{""name"":""lab-eparagony-stub"",""cpu"":""0.00%"",""mem"":""20.36MiB / 122.8GiB""},{""name"":""lab-invoicing-stub"",""cpu"":""4.15%"",""mem"":""16.61MiB / 122.8GiB""},{""name"":""lab-shipping-stub"",""cpu"":""4.04%"",""mem"":""16.58MiB / 122.8GiB""},{""name"":""lab-eparagony-stub-tls"",""cpu"":""0.00%"",""mem"":""23.3MiB / 122.8GiB""},{""name"":""lab-erli-stub-tls"",""cpu"":""0.00%"",""mem"":""22.67MiB / 122.8GiB""},{""name"":""lab-wc-tls"",""cpu"":""0.00%"",""mem"":""28.21MiB / 122.8GiB""},{""name"":""lab-prestashop"",""cpu"":""8.21%"",""mem"":""249.2MiB / 122.8GiB""},{""name"":""lab-woocommerce"",""cpu"":""0.01%"",""mem"":""292.4MiB / 122.8GiB""},{""name"":""lab-redis"",""cpu"":""0.92%"",""mem"":""78.06MiB / 122.8GiB""},{""name"":""lab-postgres"",""cpu"":""7.30%"",""mem"":""241.9MiB / 122.8GiB""},{""name"":""lab-mysql"",""cpu"":""8.17%"",""mem"":""722.3MiB / 122.8GiB""},{""name"":""lab-woocommerce-mysql"",""cpu"":""0.88%"",""mem"":""509.6MiB / 122.8GiB""}]"
2026-09-10T13:23:51Z,4,379,2,47,44,2667730611,"[{""name"":""lab-worker-1"",""cpu"":""3.16%"",""mem"":""132.5MiB / 122.8GiB""},{""name"":""lab-api"",""cpu"":""0.00%"",""mem"":""142.1MiB / 122.8GiB""},{""name"":""lab-allegro-stub"",""cpu"":""0.00%"",""mem"":""20.36MiB / 122.8GiB""},{""name"":""lab-erli-stub"",""cpu"":""3.98%"",""mem"":""18.09MiB / 122.8GiB""},{""name"":""lab-eparagony-stub"",""cpu"":""3.88%"",""mem"":""20.4MiB / 122.8GiB""},{""name"":""lab-invoicing-stub"",""cpu"":""0.00%"",""mem"":""16.6MiB / 122.8GiB""},{""name"":""lab-shipping-stub"",""cpu"":""0.00%"",""mem"":""16.58MiB / 122.8GiB""},{""name"":""lab-eparagony-stub-tls"",""cpu"":""0.00%"",""mem"":""23.3MiB / 122.8GiB""},{""name"":""lab-erli-stub-tls"",""cpu"":""0.00%"",""mem"":""22.67MiB / 122.8GiB""},{""name"":""lab-wc-tls"",""cpu"":""0.00%"",""mem"":""28.21MiB / 122.8GiB""},{""name"":""lab-prestashop"",""cpu"":""7.44%"",""mem"":""249.2MiB / 122.8GiB""},{""name"":""lab-woocommerce"",""cpu"":""0.01%"",""mem"":""292.4MiB / 122.8GiB""},{""name"":""lab-redis"",""cpu"":""0.87%"",""mem"":""78.05MiB / 122.8GiB""},{""name"":""lab-postgres"",""cpu"":""0.39%"",""mem"":""241.7MiB / 122.8GiB""},{""name"":""lab-mysql"",""cpu"":""8.28%"",""mem"":""722.3MiB / 122.8GiB""},{""name"":""lab-woocommerce-mysql"",""cpu"":""5.44%"",""mem"":""509.6MiB / 122.8GiB""}]"
2026-09-10T13:23:54Z,4,380,0,47,47,2667730611,"[{""name"":""lab-worker-1"",""cpu"":""32.53%"",""mem"":""132.8MiB / 122.8GiB""},{""name"":""lab-api"",""cpu"":""0.00%"",""mem"":""142.1MiB / 122.8GiB""},{""name"":""lab-allegro-stub"",""cpu"":""0.00%"",""mem"":""20.36MiB / 122.8GiB""},{""name"":""lab-erli-stub"",""cpu"":""0.00%"",""mem"":""18.05MiB / 122.8GiB""},{""name"":""lab-eparagony-stub"",""cpu"":""0.00%"",""mem"":""20.38MiB / 122.8GiB""},{""name"":""lab-invoicing-stub"",""cpu"":""0.00%"",""mem"":""16.6MiB / 122.8GiB""},{""name"":""lab-shipping-stub"",""cpu"":""0.00%"",""mem"":""16.58MiB / 122.8GiB""},{""name"":""lab-eparagony-stub-tls"",""cpu"":""0.00%"",""mem"":""23.3MiB / 122.8GiB""},{""name"":""lab-erli-stub-tls"",""cpu"":""0.00%"",""mem"":""22.67MiB / 122.8GiB""},{""name"":""lab-wc-tls"",""cpu"":""0.00%"",""mem"":""28.21MiB / 122.8GiB""},{""name"":""lab-prestashop"",""cpu"":""12.98%"",""mem"":""249.5MiB / 122.8GiB""},{""name"":""lab-woocommerce"",""cpu"":""0.01%"",""mem"":""292.4MiB / 122.8GiB""},{""name"":""lab-redis"",""cpu"":""2.82%"",""mem"":""78.11MiB / 122.8GiB""},{""name"":""lab-postgres"",""cpu"":""12.49%"",""mem"":""241.9MiB / 122.8GiB""},{""name"":""lab-mysql"",""cpu"":""16.81%"",""mem"":""722.3MiB / 122.8GiB""},{""name"":""lab-woocommerce-mysql"",""cpu"":""0.98%"",""mem"":""509.6MiB / 122.8GiB""}]"
2026-09-10T13:23:58Z,3,478,1,47,44,2667730611,"[{""name"":""lab-worker-1"",""cpu"":""5.34%"",""mem"":""133MiB / 122.8GiB""},{""name"":""lab-api"",""cpu"":""0.00%"",""mem"":""142.1MiB / 122.8GiB""},{""name"":""lab-allegro-stub"",""cpu"":""0.01%"",""mem"":""20.53MiB / 122.8GiB""},{""name"":""lab-erli-stub"",""cpu"":""0.00%"",""mem"":""18.05MiB / 122.8GiB""},{""name"":""lab-eparagony-stub"",""cpu"":""0.00%"",""mem"":""20.36MiB / 122.8GiB""},{""name"":""lab-invoicing-stub"",""cpu"":""0.01%"",""mem"":""16.61MiB / 122.8GiB""},{""name"":""lab-shipping-stub"",""cpu"":""0.00%"",""mem"":""16.58MiB / 122.8GiB""},{""name"":""lab-eparagony-stub-tls"",""cpu"":""0.00%"",""mem"":""23.3MiB / 122.8GiB""},{""name"":""lab-erli-stub-tls"",""cpu"":""0.00%"",""mem"":""22.67MiB / 122.8GiB""},{""name"":""lab-wc-tls"",""cpu"":""0.00%"",""mem"":""28.21MiB / 122.8GiB""},{""name"":""lab-prestashop"",""cpu"":""7.98%"",""mem"":""245.2MiB / 122.8GiB""},{""name"":""lab-woocommerce"",""cpu"":""0.00%"",""mem"":""292.4MiB / 122.8GiB""},{""name"":""lab-redis"",""cpu"":""0.64%"",""mem"":""78.37MiB / 122.8GiB""},{""name"":""lab-postgres"",""cpu"":""2.40%"",""mem"":""241.7MiB / 122.8GiB""},{""name"":""lab-mysql"",""cpu"":""11.97%"",""mem"":""722.3MiB / 122.8GiB""},{""name"":""lab-woocommerce-mysql"",""cpu"":""0.79%"",""mem"":""509.6MiB / 122.8GiB""}]"
2026-09-10T13:24:02Z,4,478,2,47,43,2667730611,"[{""name"":""lab-worker-1"",""cpu"":""4.34%"",""mem"":""133MiB / 122.8GiB""},{""name"":""lab-api"",""cpu"":""0.00%"",""mem"":""142.1MiB / 122.8GiB""},{""name"":""lab-allegro-stub"",""cpu"":""3.93%"",""mem"":""20.53MiB / 122.8GiB""},{""name"":""lab-erli-stub"",""cpu"":""0.01%"",""mem"":""18.05MiB / 122.8GiB""},{""name"":""lab-eparagony-stub"",""cpu"":""0.00%"",""mem"":""20.36MiB / 122.8GiB""},{""name"":""lab-invoicing-stub"",""cpu"":""4.04%"",""mem"":""16.65MiB / 122.8GiB""},{""name"":""lab-shipping-stub"",""cpu"":""3.84%"",""mem"":""16.6MiB / 122.8GiB""},{""name"":""lab-eparagony-stub-tls"",""cpu"":""0.00%"",""mem"":""23.3MiB / 122.8GiB""},{""name"":""lab-erli-stub-tls"",""cpu"":""0.00%"",""mem"":""22.67MiB / 122.8GiB""},{""name"":""lab-wc-tls"",""cpu"":""0.00%"",""mem"":""28.21MiB / 122.8GiB""},{""name"":""lab-prestashop"",""cpu"":""7.81%"",""mem"":""245.2MiB / 122.8GiB""},{""name"":""lab-woocommerce"",""cpu"":""0.00%"",""mem"":""292.4MiB / 122.8GiB""},{""name"":""lab-redis"",""cpu"":""0.67%"",""mem"":""78.11MiB / 122.8GiB""},{""name"":""lab-postgres"",""cpu"":""1.39%"",""mem"":""241.7MiB / 122.8GiB""},{""name"":""lab-mysql"",""cpu"":""7.97%"",""mem"":""722.3MiB / 122.8GiB""},{""name"":""lab-woocommerce-mysql"",""cpu"":""0.88%"",""mem"":""509.6MiB / 122.8GiB""}]"
2026-09-10T13:24:05Z,4,479,2,47,43,2667730611,"[{""name"":""lab-worker-1"",""cpu"":""4.27%"",""mem"":""133.4MiB / 122.8GiB""},{""name"":""lab-api"",""cpu"":""0.00%"",""mem"":""142.1MiB / 122.8GiB""},{""name"":""lab-allegro-stub"",""cpu"":""0.00%"",""mem"":""20.51MiB / 122.8GiB""},{""name"":""lab-erli-stub"",""cpu"":""0.00%"",""mem"":""18.05MiB / 122.8GiB""},{""name"":""lab-eparagony-stub"",""cpu"":""4.38%"",""mem"":""20.36MiB / 122.8GiB""},{""name"":""lab-invoicing-stub"",""cpu"":""0.00%"",""mem"":""16.6MiB / 122.8GiB""},{""name"":""lab-shipping-stub"",""cpu"":""0.00%"",""mem"":""16.58MiB / 122.8GiB""},{""name"":""lab-eparagony-stub-tls"",""cpu"":""0.00%"",""mem"":""23.3MiB / 122.8GiB""},{""name"":""lab-erli-stub-tls"",""cpu"":""0.00%"",""mem"":""22.67MiB / 122.8GiB""},{""name"":""lab-wc-tls"",""cpu"":""0.00%"",""mem"":""28.21MiB / 122.8GiB""},{""name"":""lab-prestashop"",""cpu"":""7.39%"",""mem"":""245.2MiB / 122.8GiB""},{""name"":""lab-woocommerce"",""cpu"":""0.01%"",""mem"":""294.4MiB / 122.8GiB""},{""name"":""lab-redis"",""cpu"":""4.74%"",""mem"":""78.24MiB / 122.8GiB""},{""name"":""lab-postgres"",""cpu"":""1.94%"",""mem"":""241.7MiB / 122.8GiB""},{""name"":""lab-mysql"",""cpu"":""7.50%"",""mem"":""722.5MiB / 122.8GiB""},{""name"":""lab-woocommerce-mysql"",""cpu"":""0.82%"",""mem"":""509.6MiB / 122.8GiB""}]"
2026-09-10T13:24:09Z,3,578,2,47,43,2667730611,"[{""name"":""lab-worker-1"",""cpu"":""4.24%"",""mem"":""132.9MiB / 122.8GiB""},{""name"":""lab-api"",""cpu"":""0.00%"",""mem"":""142.1MiB / 122.8GiB""},{""name"":""lab-allegro-stub"",""cpu"":""0.00%"",""mem"":""20.51MiB / 122.8GiB""},{""name"":""lab-erli-stub"",""cpu"":""0.00%"",""mem"":""18.05MiB / 122.8GiB""},{""name"":""lab-eparagony-stub"",""cpu"":""0.00%"",""mem"":""20.36MiB / 122.8GiB""},{""name"":""lab-invoicing-stub"",""cpu"":""0.00%"",""mem"":""16.6MiB / 122.8GiB""},{""name"":""lab-shipping-stub"",""cpu"":""0.00%"",""mem"":""16.58MiB / 122.8GiB""},{""name"":""lab-eparagony-stub-tls"",""cpu"":""0.00%"",""mem"":""23.3MiB / 122.8GiB""},{""name"":""lab-erli-stub-tls"",""cpu"":""0.00%"",""mem"":""22.67MiB / 122.8GiB""},{""name"":""lab-wc-tls"",""cpu"":""0.00%"",""mem"":""28.21MiB / 122.8GiB""},{""name"":""lab-prestashop"",""cpu"":""7.62%"",""mem"":""241.2MiB / 122.8GiB""},{""name"":""lab-woocommerce"",""cpu"":""0.01%"",""mem"":""294.4MiB / 122.8GiB""},{""name"":""lab-redis"",""cpu"":""0.63%"",""mem"":""78.16MiB / 122.8GiB""},{""name"":""lab-postgres"",""cpu"":""2.07%"",""mem"":""241.7MiB / 122.8GiB""},{""name"":""lab-mysql"",""cpu"":""6.78%"",""mem"":""722.3MiB / 122.8GiB""},{""name"":""lab-woocommerce-mysql"",""cpu"":""0.86%"",""mem"":""509.6MiB / 122.8GiB""}]"
2026-09-10T13:24:13Z,4,579,2,47,43,2667730611,"[{""name"":""lab-worker-1"",""cpu"":""23.29%"",""mem"":""133.9MiB / 122.8GiB""},{""name"":""lab-api"",""cpu"":""0.00%"",""mem"":""142.1MiB / 122.8GiB""},{""name"":""lab-allegro-stub"",""cpu"":""0.01%"",""mem"":""20.52MiB / 122.8GiB""},{""name"":""lab-erli-stub"",""cpu"":""0.01%"",""mem"":""18.05MiB / 122.8GiB""},{""name"":""lab-eparagony-stub"",""cpu"":""0.00%"",""mem"":""20.36MiB / 122.8GiB""},{""name"":""lab-invoicing-stub"",""cpu"":""0.01%"",""mem"":""16.62MiB / 122.8GiB""},{""name"":""lab-shipping-stub"",""cpu"":""0.01%"",""mem"":""16.58MiB / 122.8GiB""},{""name"":""lab-eparagony-stub-tls"",""cpu"":""0.00%"",""mem"":""23.3MiB / 122.8GiB""},{""name"":""lab-erli-stub-tls"",""cpu"":""0.00%"",""mem"":""22.67MiB / 122.8GiB""},{""name"":""lab-wc-tls"",""cpu"":""0.00%"",""mem"":""28.21MiB / 122.8GiB""},{""name"":""lab-prestashop"",""cpu"":""11.06%"",""mem"":""241.2MiB / 122.8GiB""},{""name"":""lab-woocommerce"",""cpu"":""0.00%"",""mem"":""294.4MiB / 122.8GiB""},{""name"":""lab-redis"",""cpu"":""3.67%"",""mem"":""78.21MiB / 122.8GiB""},{""name"":""lab-postgres"",""cpu"":""10.93%"",""mem"":""241.7MiB / 122.8GiB""},{""name"":""lab-mysql"",""cpu"":""12.29%"",""mem"":""722.3MiB / 122.8GiB""},{""name"":""lab-woocommerce-mysql"",""cpu"":""0.88%"",""mem"":""509.6MiB / 122.8GiB""}]"
2026-09-10T13:24:17Z,4,679,2,47,42,2667738803,"[{""name"":""lab-worker-1"",""cpu"":""4.01%"",""mem"":""133.3MiB / 122.8GiB""},{""name"":""lab-api"",""cpu"":""0.00%"",""mem"":""142.1MiB / 122.8GiB""},{""name"":""lab-allegro-stub"",""cpu"":""0.00%"",""mem"":""20.51MiB / 122.8GiB""},{""name"":""lab-erli-stub"",""cpu"":""4.21%"",""mem"":""18.12MiB / 122.8GiB""},{""name"":""lab-eparagony-stub"",""cpu"":""0.00%"",""mem"":""20.39MiB / 122.8GiB""},{""name"":""lab-invoicing-stub"",""cpu"":""0.00%"",""mem"":""16.6MiB / 122.8GiB""},{""name"":""lab-shipping-stub"",""cpu"":""0.00%"",""mem"":""16.58MiB / 122.8GiB""},{""name"":""lab-eparagony-stub-tls"",""cpu"":""0.00%"",""mem"":""23.3MiB / 122.8GiB""},{""name"":""lab-erli-stub-tls"",""cpu"":""0.00%"",""mem"":""22.67MiB / 122.8GiB""},{""name"":""lab-wc-tls"",""cpu"":""0.00%"",""mem"":""28.21MiB / 122.8GiB""},{""name"":""lab-prestashop"",""cpu"":""8.85%"",""mem"":""223.2MiB / 122.8GiB""},{""name"":""lab-woocommerce"",""cpu"":""0.00%"",""mem"":""294.4MiB / 122.8GiB""},{""name"":""lab-redis"",""cpu"":""0.79%"",""mem"":""78.23MiB / 122.8GiB""},{""name"":""lab-postgres"",""cpu"":""0.49%"",""mem"":""241.7MiB / 122.8GiB""},{""name"":""lab-mysql"",""cpu"":""7.56%"",""mem"":""722.3MiB / 122.8GiB""},{""name"":""lab-woocommerce-mysql"",""cpu"":""0.97%"",""mem"":""509.6MiB / 122.8GiB""}]"
2026-09-10T13:24:20Z,4,677,2,47,43,2667746995,"[{""name"":""lab-worker-1"",""cpu"":""7.21%"",""mem"":""133.3MiB / 122.8GiB""},{""name"":""lab-api"",""cpu"":""0.01%"",""mem"":""142.1MiB / 122.8GiB""},{""name"":""lab-allegro-stub"",""cpu"":""0.00%"",""mem"":""20.51MiB / 122.8GiB""},{""name"":""lab-erli-stub"",""cpu"":""0.00%"",""mem"":""18.1MiB / 122.8GiB""},{""name"":""lab-eparagony-stub"",""cpu"":""0.00%"",""mem"":""20.37MiB / 122.8GiB""},{""name"":""lab-invoicing-stub"",""cpu"":""0.00%"",""mem"":""16.6MiB / 122.8GiB""},{""name"":""lab-shipping-stub"",""cpu"":""0.00%"",""mem"":""16.58MiB / 122.8GiB""},{""name"":""lab-eparagony-stub-tls"",""cpu"":""0.00%"",""mem"":""23.3MiB / 122.8GiB""},{""name"":""lab-erli-stub-tls"",""cpu"":""0.00%"",""mem"":""22.67MiB / 122.8GiB""},{""name"":""lab-wc-tls"",""cpu"":""0.00%"",""mem"":""28.21MiB / 122.8GiB""},{""name"":""lab-prestashop"",""cpu"":""6.17%"",""mem"":""217.2MiB / 122.8GiB""},{""name"":""lab-woocommerce"",""cpu"":""0.01%"",""mem"":""294.4MiB / 122.8GiB""},{""name"":""lab-redis"",""cpu"":""0.60%"",""mem"":""78.22MiB / 122.8GiB""},{""name"":""lab-postgres"",""cpu"":""1.67%"",""mem"":""241.7MiB / 122.8GiB""},{""name"":""lab-mysql"",""cpu"":""4.83%"",""mem"":""722.3MiB / 122.8GiB""},{""name"":""lab-woocommerce-mysql"",""cpu"":""0.60%"",""mem"":""509.6MiB / 122.8GiB""}]"
2026-09-10T13:24:24Z,3,678,2,47,41,2667746995,"[{""name"":""lab-worker-1"",""cpu"":""5.46%"",""mem"":""133.4MiB / 122.8GiB""},{""name"":""lab-api"",""cpu"":""0.00%"",""mem"":""142.1MiB / 122.8GiB""},{""name"":""lab-allegro-stub"",""cpu"":""0.00%"",""mem"":""20.51MiB / 122.8GiB""},{""name"":""lab-erli-stub"",""cpu"":""0.00%"",""mem"":""18.05MiB / 122.8GiB""},{""name"":""lab-eparagony-stub"",""cpu"":""0.00%"",""mem"":""20.36MiB / 122.8GiB""},{""name"":""lab-invoicing-stub"",""cpu"":""0.00%"",""mem"":""16.6MiB / 122.8GiB""},{""name"":""lab-shipping-stub"",""cpu"":""0.00%"",""mem"":""16.58MiB / 122.8GiB""},{""name"":""lab-eparagony-stub-tls"",""cpu"":""0.00%"",""mem"":""23.3MiB / 122.8GiB""},{""name"":""lab-erli-stub-tls"",""cpu"":""0.00%"",""mem"":""22.67MiB / 122.8GiB""},{""name"":""lab-wc-tls"",""cpu"":""0.00%"",""mem"":""28.21MiB / 122.8GiB""},{""name"":""lab-prestashop"",""cpu"":""6.82%"",""mem"":""217.2MiB / 122.8GiB""},{""name"":""lab-woocommerce"",""cpu"":""0.01%"",""mem"":""294.4MiB / 122.8GiB""},{""name"":""lab-redis"",""cpu"":""0.53%"",""mem"":""78.28MiB / 122.8GiB""},{""name"":""lab-postgres"",""cpu"":""3.02%"",""mem"":""241.7MiB / 122.8GiB""},{""name"":""lab-mysql"",""cpu"":""6.02%"",""mem"":""722.3MiB / 122.8GiB""},{""name"":""lab-woocommerce-mysql"",""cpu"":""0.88%"",""mem"":""509.6MiB / 122.8GiB""}]"
2026-09-10T13:24:27Z,4,778,2,47,41,2667746995,"[{""name"":""lab-worker-1"",""cpu"":""4.70%"",""mem"":""133.8MiB / 122.8GiB""},{""name"":""lab-api"",""cpu"":""0.00%"",""mem"":""142.1MiB / 122.8GiB""},{""name"":""lab-allegro-stub"",""cpu"":""3.95%"",""mem"":""20.51MiB / 122.8GiB""},{""name"":""lab-erli-stub"",""cpu"":""0.01%"",""mem"":""18.05MiB / 122.8GiB""},{""name"":""lab-eparagony-stub"",""cpu"":""0.00%"",""mem"":""20.36MiB / 122.8GiB""},{""name"":""lab-invoicing-stub"",""cpu"":""3.42%"",""mem"":""16.6MiB / 122.8GiB""},{""name"":""lab-shipping-stub"",""cpu"":""4.05%"",""mem"":""16.58MiB / 122.8GiB""},{""name"":""lab-eparagony-stub-tls"",""cpu"":""0.00%"",""mem"":""23.3MiB / 122.8GiB""},{""name"":""lab-erli-stub-tls"",""cpu"":""0.00%"",""mem"":""22.67MiB / 122.8GiB""},{""name"":""lab-wc-tls"",""cpu"":""0.00%"",""mem"":""28.21MiB / 122.8GiB""},{""name"":""lab-prestashop"",""cpu"":""7.90%"",""mem"":""217.2MiB / 122.8GiB""},{""name"":""lab-woocommerce"",""cpu"":""0.00%"",""mem"":""294.4MiB / 122.8GiB""},{""name"":""lab-redis"",""cpu"":""0.64%"",""mem"":""78.29MiB / 122.8GiB""},{""name"":""lab-postgres"",""cpu"":""6.80%"",""mem"":""241.7MiB / 122.8GiB""},{""name"":""lab-mysql"",""cpu"":""7.48%"",""mem"":""729MiB / 122.8GiB""},{""name"":""lab-woocommerce-mysql"",""cpu"":""0.76%"",""mem"":""509.6MiB / 122.8GiB""}]"
2026-09-10T13:24:31Z,3,779,2,47,40,2667746995,"[{""name"":""lab-worker-1"",""cpu"":""3.56%"",""mem"":""133.7MiB / 122.8GiB""},{""name"":""lab-api"",""cpu"":""0.00%"",""mem"":""142.1MiB / 122.8GiB""},{""name"":""lab-allegro-stub"",""cpu"":""0.00%"",""mem"":""20.51MiB / 122.8GiB""},{""name"":""lab-erli-stub"",""cpu"":""3.87%"",""mem"":""18.09MiB / 122.8GiB""},{""name"":""lab-eparagony-stub"",""cpu"":""3.73%"",""mem"":""20.36MiB / 122.8GiB""},{""name"":""lab-invoicing-stub"",""cpu"":""0.00%"",""mem"":""16.6MiB / 122.8GiB""},{""name"":""lab-shipping-stub"",""cpu"":""0.00%"",""mem"":""16.58MiB / 122.8GiB""},{""name"":""lab-eparagony-stub-tls"",""cpu"":""0.00%"",""mem"":""23.3MiB / 122.8GiB""},{""name"":""lab-erli-stub-tls"",""cpu"":""0.00%"",""mem"":""22.67MiB / 122.8GiB""},{""name"":""lab-wc-tls"",""cpu"":""0.00%"",""mem"":""28.21MiB / 122.8GiB""},{""name"":""lab-prestashop"",""cpu"":""8.23%"",""mem"":""217.2MiB / 122.8GiB""},{""name"":""lab-woocommerce"",""cpu"":""0.01%"",""mem"":""294.4MiB / 122.8GiB""},{""name"":""lab-redis"",""cpu"":""0.76%"",""mem"":""78.53MiB / 122.8GiB""},{""name"":""lab-postgres"",""cpu"":""0.39%"",""mem"":""241.7MiB / 122.8GiB""},{""name"":""lab-mysql"",""cpu"":""8.39%"",""mem"":""722.3MiB / 122.8GiB""},{""name"":""lab-woocommerce-mysql"",""cpu"":""5.23%"",""mem"":""509.6MiB / 122.8GiB""}]"
2026-09-10T13:24:35Z,4,779,3,47,39,2667755187,"[{""name"":""lab-worker-1"",""cpu"":""5.20%"",""mem"":""133.6MiB / 122.8GiB""},{""name"":""lab-api"",""cpu"":""0.00%"",""mem"":""142.1MiB / 122.8GiB""},{""name"":""lab-allegro-stub"",""cpu"":""0.00%"",""mem"":""20.51MiB / 122.8GiB""},{""name"":""lab-erli-stub"",""cpu"":""0.00%"",""mem"":""18.05MiB / 122.8GiB""},{""name"":""lab-eparagony-stub"",""cpu"":""0.00%"",""mem"":""20.36MiB / 122.8GiB""},{""name"":""lab-invoicing-stub"",""cpu"":""0.00%"",""mem"":""16.6MiB / 122.8GiB""},{""name"":""lab-shipping-stub"",""cpu"":""0.00%"",""mem"":""16.58MiB / 122.8GiB""},{""name"":""lab-eparagony-stub-tls"",""cpu"":""0.00%"",""mem"":""23.3MiB / 122.8GiB""},{""name"":""lab-erli-stub-tls"",""cpu"":""0.00%"",""mem"":""22.67MiB / 122.8GiB""},{""name"":""lab-wc-tls"",""cpu"":""0.00%"",""mem"":""28.21MiB / 122.8GiB""},{""name"":""lab-prestashop"",""cpu"":""7.92%"",""mem"":""217.4MiB / 122.8GiB""},{""name"":""lab-woocommerce"",""cpu"":""20.09%"",""mem"":""294.7MiB / 122.8GiB""},{""name"":""lab-redis"",""cpu"":""0.69%"",""mem"":""78.58MiB / 122.8GiB""},{""name"":""lab-postgres"",""cpu"":""1.94%"",""mem"":""242MiB / 122.8GiB""},{""name"":""lab-mysql"",""cpu"":""7.26%"",""mem"":""722.5MiB / 122.8GiB""},{""name"":""lab-woocommerce-mysql"",""cpu"":""5.30%"",""mem"":""509.6MiB / 122.8GiB""}]"
2026-09-10T13:24:38Z,4,878,2,47,39,2667755187,"[{""name"":""lab-worker-1"",""cpu"":""3.83%"",""mem"":""133.5MiB / 122.8GiB""},{""name"":""lab-api"",""cpu"":""0.00%"",""mem"":""142.1MiB / 122.8GiB""},{""name"":""lab-allegro-stub"",""cpu"":""0.01%"",""mem"":""20.51MiB / 122.8GiB""},{""name"":""lab-erli-stub"",""cpu"":""0.00%"",""mem"":""18.05MiB / 122.8GiB""},{""name"":""lab-eparagony-stub"",""cpu"":""0.00%"",""mem"":""20.36MiB / 122.8GiB""},{""name"":""lab-invoicing-stub"",""cpu"":""0.01%"",""mem"":""16.6MiB / 122.8GiB""},{""name"":""lab-shipping-stub"",""cpu"":""0.01%"",""mem"":""16.59MiB / 122.8GiB""},{""name"":""lab-eparagony-stub-tls"",""cpu"":""0.00%"",""mem"":""23.3MiB / 122.8GiB""},{""name"":""lab-erli-stub-tls"",""cpu"":""0.00%"",""mem"":""22.67MiB / 122.8GiB""},{""name"":""lab-wc-tls"",""cpu"":""0.00%"",""mem"":""28.21MiB / 122.8GiB""},{""name"":""lab-prestashop"",""cpu"":""14.02%"",""mem"":""193.2MiB / 122.8GiB""},{""name"":""lab-woocommerce"",""cpu"":""0.01%"",""mem"":""294.4MiB / 122.8GiB""},{""name"":""lab-redis"",""cpu"":""0.58%"",""mem"":""78.6MiB / 122.8GiB""},{""name"":""lab-postgres"",""cpu"":""1.13%"",""mem"":""242MiB / 122.8GiB""},{""name"":""lab-mysql"",""cpu"":""12.67%"",""mem"":""722.5MiB / 122.8GiB""},{""name"":""lab-woocommerce-mysql"",""cpu"":""0.79%"",""mem"":""509.6MiB / 122.8GiB""}]"
2026-09-10T13:24:42Z,3,879,1,47,40,2667755187,"[{""name"":""lab-worker-1"",""cpu"":""3.45%"",""mem"":""133.6MiB / 122.8GiB""},{""name"":""lab-api"",""cpu"":""0.00%"",""mem"":""142.1MiB / 122.8GiB""},{""name"":""lab-allegro-stub"",""cpu"":""3.53%"",""mem"":""20.53MiB / 122.8GiB""},{""name"":""lab-erli-stub"",""cpu"":""0.02%"",""mem"":""18.06MiB / 122.8GiB""},{""name"":""lab-eparagony-stub"",""cpu"":""0.01%"",""mem"":""20.36MiB / 122.8GiB""},{""name"":""lab-invoicing-stub"",""cpu"":""4.08%"",""mem"":""16.62MiB / 122.8GiB""},{""name"":""lab-shipping-stub"",""cpu"":""3.97%"",""mem"":""16.61MiB / 122.8GiB""},{""name"":""lab-eparagony-stub-tls"",""cpu"":""0.00%"",""mem"":""23.3MiB / 122.8GiB""},{""name"":""lab-erli-stub-tls"",""cpu"":""0.00%"",""mem"":""22.67MiB / 122.8GiB""},{""name"":""lab-wc-tls"",""cpu"":""0.00%"",""mem"":""28.21MiB / 122.8GiB""},{""name"":""lab-prestashop"",""cpu"":""8.21%"",""mem"":""193.1MiB / 122.8GiB""},{""name"":""lab-woocommerce"",""cpu"":""0.01%"",""mem"":""294.4MiB / 122.8GiB""},{""name"":""lab-redis"",""cpu"":""0.58%"",""mem"":""78.34MiB / 122.8GiB""},{""name"":""lab-postgres"",""cpu"":""1.92%"",""mem"":""241.1MiB / 122.8GiB""},{""name"":""lab-mysql"",""cpu"":""7.17%"",""mem"":""722.3MiB / 122.8GiB""},{""name"":""lab-woocommerce-mysql"",""cpu"":""0.83%"",""mem"":""509.6MiB / 122.8GiB""}]"
2026-09-10T13:24:46Z,4,914,2,47,40,2667755187,"[{""name"":""lab-worker-1"",""cpu"":""4.40%"",""mem"":""133.6MiB / 122.8GiB""},{""name"":""lab-api"",""cpu"":""0.00%"",""mem"":""142.1MiB / 122.8GiB""},{""name"":""lab-allegro-stub"",""cpu"":""0.00%"",""mem"":""20.51MiB / 122.8GiB""},{""name"":""lab-erli-stub"",""cpu"":""0.00%"",""mem"":""18.05MiB / 122.8GiB""},{""name"":""lab-eparagony-stub"",""cpu"":""4.24%"",""mem"":""20.43MiB / 122.8GiB""},{""name"":""lab-invoicing-stub"",""cpu"":""0.00%"",""mem"":""16.6MiB / 122.8GiB""},{""name"":""lab-shipping-stub"",""cpu"":""0.00%"",""mem"":""16.58MiB / 122.8GiB""},{""name"":""lab-eparagony-stub-tls"",""cpu"":""0.00%"",""mem"":""23.3MiB / 122.8GiB""},{""name"":""lab-erli-stub-tls"",""cpu"":""0.00%"",""mem"":""22.67MiB / 122.8GiB""},{""name"":""lab-wc-tls"",""cpu"":""0.00%"",""mem"":""28.21MiB / 122.8GiB""},{""name"":""lab-prestashop"",""cpu"":""6.97%"",""mem"":""193.1MiB / 122.8GiB""},{""name"":""lab-woocommerce"",""cpu"":""0.00%"",""mem"":""294.4MiB / 122.8GiB""},{""name"":""lab-redis"",""cpu"":""5.01%"",""mem"":""78.43MiB / 122.8GiB""},{""name"":""lab-postgres"",""cpu"":""1.40%"",""mem"":""241.7MiB / 122.8GiB""},{""name"":""lab-mysql"",""cpu"":""7.26%"",""mem"":""722.3MiB / 122.8GiB""},{""name"":""lab-woocommerce-mysql"",""cpu"":""0.76%"",""mem"":""509.6MiB / 122.8GiB""}]"
2026-09-10T13:24:49Z,4,978,2,47,39,2667755187,"[{""name"":""lab-worker-1"",""cpu"":""4.60%"",""mem"":""133.7MiB / 122.8GiB""},{""name"":""lab-api"",""cpu"":""0.01%"",""mem"":""142.1MiB / 122.8GiB""},{""name"":""lab-allegro-stub"",""cpu"":""0.00%"",""mem"":""20.51MiB / 122.8GiB""},{""name"":""lab-erli-stub"",""cpu"":""0.00%"",""mem"":""18.05MiB / 122.8GiB""},{""name"":""lab-eparagony-stub"",""cpu"":""0.00%"",""mem"":""20.36MiB / 122.8GiB""},{""name"":""lab-invoicing-stub"",""cpu"":""0.00%"",""mem"":""16.6MiB / 122.8GiB""},{""name"":""lab-shipping-stub"",""cpu"":""0.00%"",""mem"":""16.58MiB / 122.8GiB""},{""name"":""lab-eparagony-stub-tls"",""cpu"":""0.00%"",""mem"":""23.3MiB / 122.8GiB""},{""name"":""lab-erli-stub-tls"",""cpu"":""0.00%"",""mem"":""22.67MiB / 122.8GiB""},{""name"":""lab-wc-tls"",""cpu"":""0.00%"",""mem"":""28.21MiB / 122.8GiB""},{""name"":""lab-prestashop"",""cpu"":""7.84%"",""mem"":""193.1MiB / 122.8GiB""},{""name"":""lab-woocommerce"",""cpu"":""0.01%"",""mem"":""294.4MiB / 122.8GiB""},{""name"":""lab-redis"",""cpu"":""0.71%"",""mem"":""78.39MiB / 122.8GiB""},{""name"":""lab-postgres"",""cpu"":""2.12%"",""mem"":""241.7MiB / 122.8GiB""},{""name"":""lab-mysql"",""cpu"":""7.50%"",""mem"":""722.5MiB / 122.8GiB""},{""name"":""lab-woocommerce-mysql"",""cpu"":""0.87%"",""mem"":""509.6MiB / 122.8GiB""}]"
2026-09-10T13:24:53Z,3,979,2,47,38,2667755187,"[{""name"":""lab-worker-1"",""cpu"":""4.16%"",""mem"":""134.3MiB / 122.8GiB""},{""name"":""lab-api"",""cpu"":""0.00%"",""mem"":""142.1MiB / 122.8GiB""},{""name"":""lab-allegro-stub"",""cpu"":""1.70%"",""mem"":""20.58MiB / 122.8GiB""},{""name"":""lab-erli-stub"",""cpu"":""0.00%"",""mem"":""18.06MiB / 122.8GiB""},{""name"":""lab-eparagony-stub"",""cpu"":""0.00%"",""mem"":""20.36MiB / 122.8GiB""},{""name"":""lab-invoicing-stub"",""cpu"":""2.73%"",""mem"":""16.64MiB / 122.8GiB""},{""name"":""lab-shipping-stub"",""cpu"":""4.53%"",""mem"":""16.65MiB / 122.8GiB""},{""name"":""lab-eparagony-stub-tls"",""cpu"":""0.00%"",""mem"":""23.3MiB / 122.8GiB""},{""name"":""lab-erli-stub-tls"",""cpu"":""0.00%"",""mem"":""22.67MiB / 122.8GiB""},{""name"":""lab-wc-tls"",""cpu"":""0.00%"",""mem"":""28.21MiB / 122.8GiB""},{""name"":""lab-prestashop"",""cpu"":""8.25%"",""mem"":""193.1MiB / 122.8GiB""},{""name"":""lab-woocommerce"",""cpu"":""0.01%"",""mem"":""294.4MiB / 122.8GiB""},{""name"":""lab-redis"",""cpu"":""0.72%"",""mem"":""78.39MiB / 122.8GiB""},{""name"":""lab-postgres"",""cpu"":""1.47%"",""mem"":""241.7MiB / 122.8GiB""},{""name"":""lab-mysql"",""cpu"":""8.26%"",""mem"":""722.5MiB / 122.8GiB""},{""name"":""lab-woocommerce-mysql"",""cpu"":""0.82%"",""mem"":""509.6MiB / 122.8GiB""}]"
2026-09-10T13:24:57Z,4,979,2,47,38,2667755187,"[{""name"":""lab-worker-1"",""cpu"":""3.45%"",""mem"":""134.2MiB / 122.8GiB""},{""name"":""lab-api"",""cpu"":""0.00%"",""mem"":""142.1MiB / 122.8GiB""},{""name"":""lab-allegro-stub"",""cpu"":""0.01%"",""mem"":""20.51MiB / 122.8GiB""},{""name"":""lab-erli-stub"",""cpu"":""3.88%"",""mem"":""18.08MiB / 122.8GiB""},{""name"":""lab-eparagony-stub"",""cpu"":""0.02%"",""mem"":""20.36MiB / 122.8GiB""},{""name"":""lab-invoicing-stub"",""cpu"":""0.00%"",""mem"":""16.6MiB / 122.8GiB""},{""name"":""lab-shipping-stub"",""cpu"":""0.00%"",""mem"":""16.58MiB / 122.8GiB""},{""name"":""lab-eparagony-stub-tls"",""cpu"":""0.00%"",""mem"":""23.3MiB / 122.8GiB""},{""name"":""lab-erli-stub-tls"",""cpu"":""0.00%"",""mem"":""22.67MiB / 122.8GiB""},{""name"":""lab-wc-tls"",""cpu"":""0.00%"",""mem"":""28.21MiB / 122.8GiB""},{""name"":""lab-prestashop"",""cpu"":""7.75%"",""mem"":""193.1MiB / 122.8GiB""},{""name"":""lab-woocommerce"",""cpu"":""0.00%"",""mem"":""294.4MiB / 122.8GiB""},{""name"":""lab-redis"",""cpu"":""0.69%"",""mem"":""78.45MiB / 122.8GiB""},{""name"":""lab-postgres"",""cpu"":""1.24%"",""mem"":""241.7MiB / 122.8GiB""},{""name"":""lab-mysql"",""cpu"":""6.49%"",""mem"":""722.3MiB / 122.8GiB""},{""name"":""lab-woocommerce-mysql"",""cpu"":""0.70%"",""mem"":""509.6MiB / 122.8GiB""}]"
2026-09-10T13:25:00Z,4,1078,2,47,38,2667755187,"[{""name"":""lab-worker-1"",""cpu"":""3.60%"",""mem"":""134.2MiB / 122.8GiB""},{""name"":""lab-api"",""cpu"":""0.00%"",""mem"":""142.1MiB / 122.8GiB""},{""name"":""lab-allegro-stub"",""cpu"":""0.00%"",""mem"":""20.51MiB / 122.8GiB""},{""name"":""lab-erli-stub"",""cpu"":""0.00%"",""mem"":""18.05MiB / 122.8GiB""},{""name"":""lab-eparagony-stub"",""cpu"":""0.00%"",""mem"":""20.36MiB / 122.8GiB""},{""name"":""lab-invoicing-stub"",""cpu"":""0.00%"",""mem"":""16.6MiB / 122.8GiB""},{""name"":""lab-shipping-stub"",""cpu"":""0.00%"",""mem"":""16.58MiB / 122.8GiB""},{""name"":""lab-eparagony-stub-tls"",""cpu"":""0.00%"",""mem"":""23.3MiB / 122.8GiB""},{""name"":""lab-erli-stub-tls"",""cpu"":""0.00%"",""mem"":""22.67MiB / 122.8GiB""},{""name"":""lab-wc-tls"",""cpu"":""0.00%"",""mem"":""28.21MiB / 122.8GiB""},{""name"":""lab-prestashop"",""cpu"":""7.23%"",""mem"":""165.1MiB / 122.8GiB""},{""name"":""lab-woocommerce"",""cpu"":""0.00%"",""mem"":""294.4MiB / 122.8GiB""},{""name"":""lab-redis"",""cpu"":""0.72%"",""mem"":""78.44MiB / 122.8GiB""},{""name"":""lab-postgres"",""cpu"":""1.33%"",""mem"":""241.7MiB / 122.8GiB""},{""name"":""lab-mysql"",""cpu"":""7.86%"",""mem"":""722.3MiB / 122.8GiB""},{""name"":""lab-woocommerce-mysql"",""cpu"":""0.85%"",""mem"":""509.6MiB / 122.8GiB""}]"
2026-09-10T13:25:04Z,3,1078,1,47,38,2667755187,"[{""name"":""lab-worker-1"",""cpu"":""4.64%"",""mem"":""134.3MiB / 122.8GiB""},{""name"":""lab-api"",""cpu"":""0.00%"",""mem"":""142.1MiB / 122.8GiB""},{""name"":""lab-allegro-stub"",""cpu"":""0.00%"",""mem"":""20.51MiB / 122.8GiB""},{""name"":""lab-erli-stub"",""cpu"":""0.00%"",""mem"":""18.05MiB / 122.8GiB""},{""name"":""lab-eparagony-stub"",""cpu"":""0.00%"",""mem"":""20.36MiB / 122.8GiB""},{""name"":""lab-invoicing-stub"",""cpu"":""0.00%"",""mem"":""16.6MiB / 122.8GiB""},{""name"":""lab-shipping-stub"",""cpu"":""0.00%"",""mem"":""16.58MiB / 122.8GiB""},{""name"":""lab-eparagony-stub-tls"",""cpu"":""0.00%"",""mem"":""23.3MiB / 122.8GiB""},{""name"":""lab-erli-stub-tls"",""cpu"":""0.00%"",""mem"":""22.67MiB / 122.8GiB""},{""name"":""lab-wc-tls"",""cpu"":""0.00%"",""mem"":""28.21MiB / 122.8GiB""},{""name"":""lab-prestashop"",""cpu"":""7.92%"",""mem"":""165.1MiB / 122.8GiB""},{""name"":""lab-woocommerce"",""cpu"":""2.94%"",""mem"":""303.7MiB / 122.8GiB""},{""name"":""lab-redis"",""cpu"":""0.78%"",""mem"":""78.44MiB / 122.8GiB""},{""name"":""lab-postgres"",""cpu"":""0.51%"",""mem"":""241MiB / 122.8GiB""},{""name"":""lab-mysql"",""cpu"":""6.62%"",""mem"":""722.3MiB / 122.8GiB""},{""name"":""lab-woocommerce-mysql"",""cpu"":""0.85%"",""mem"":""509.6MiB / 122.8GiB""}]"
2026-09-10T13:25:08Z,4,1127,2,47,38,2667763379,"[{""name"":""lab-worker-1"",""cpu"":""4.67%"",""mem"":""135.4MiB / 122.8GiB""},{""name"":""lab-api"",""cpu"":""0.00%"",""mem"":""142.1MiB / 122.8GiB""},{""name"":""lab-allegro-stub"",""cpu"":""3.78%"",""mem"":""20.51MiB / 122.8GiB""},{""name"":""lab-erli-stub"",""cpu"":""0.00%"",""mem"":""18.05MiB / 122.8GiB""},{""name"":""lab-eparagony-stub"",""cpu"":""0.00%"",""mem"":""20.36MiB / 122.8GiB""},{""name"":""lab-invoicing-stub"",""cpu"":""4.03%"",""mem"":""16.6MiB / 122.8GiB""},{""name"":""lab-shipping-stub"",""cpu"":""3.99%"",""mem"":""16.58MiB / 122.8GiB""},{""name"":""lab-eparagony-stub-tls"",""cpu"":""0.00%"",""mem"":""23.3MiB / 122.8GiB""},{""name"":""lab-erli-stub-tls"",""cpu"":""0.00%"",""mem"":""22.67MiB / 122.8GiB""},{""name"":""lab-wc-tls"",""cpu"":""0.00%"",""mem"":""28.21MiB / 122.8GiB""},{""name"":""lab-prestashop"",""cpu"":""7.83%"",""mem"":""165.1MiB / 122.8GiB""},{""name"":""lab-woocommerce"",""cpu"":""0.00%"",""mem"":""294.4MiB / 122.8GiB""},{""name"":""lab-redis"",""cpu"":""0.80%"",""mem"":""78.5MiB / 122.8GiB""},{""name"":""lab-postgres"",""cpu"":""8.70%"",""mem"":""241.7MiB / 122.8GiB""},{""name"":""lab-mysql"",""cpu"":""11.34%"",""mem"":""722.3MiB / 122.8GiB""},{""name"":""lab-woocommerce-mysql"",""cpu"":""0.75%"",""mem"":""509.6MiB / 122.8GiB""}]"
2026-09-10T13:25:11Z,4,1178,2,47,37,2667763379,"[{""name"":""lab-worker-1"",""cpu"":""3.67%"",""mem"":""135.4MiB / 122.8GiB""},{""name"":""lab-api"",""cpu"":""0.00%"",""mem"":""142.1MiB / 122.8GiB""},{""name"":""lab-allegro-stub"",""cpu"":""0.00%"",""mem"":""20.51MiB / 122.8GiB""},{""name"":""lab-erli-stub"",""cpu"":""3.94%"",""mem"":""18.1MiB / 122.8GiB""},{""name"":""lab-eparagony-stub"",""cpu"":""4.08%"",""mem"":""20.37MiB / 122.8GiB""},{""name"":""lab-invoicing-stub"",""cpu"":""0.00%"",""mem"":""16.6MiB / 122.8GiB""},{""name"":""lab-shipping-stub"",""cpu"":""0.00%"",""mem"":""16.58MiB / 122.8GiB""},{""name"":""lab-eparagony-stub-tls"",""cpu"":""0.00%"",""mem"":""23.3MiB / 122.8GiB""},{""name"":""lab-erli-stub-tls"",""cpu"":""0.00%"",""mem"":""22.67MiB / 122.8GiB""},{""name"":""lab-wc-tls"",""cpu"":""0.00%"",""mem"":""28.21MiB / 122.8GiB""},{""name"":""lab-prestashop"",""cpu"":""7.87%"",""mem"":""151MiB / 122.8GiB""},{""name"":""lab-woocommerce"",""cpu"":""0.00%"",""mem"":""294.4MiB / 122.8GiB""},{""name"":""lab-redis"",""cpu"":""0.74%"",""mem"":""78.5MiB / 122.8GiB""},{""name"":""lab-postgres"",""cpu"":""0.53%"",""mem"":""241.7MiB / 122.8GiB""},{""name"":""lab-mysql"",""cpu"":""7.73%"",""mem"":""722.3MiB / 122.8GiB""},{""name"":""lab-woocommerce-mysql"",""cpu"":""5.21%"",""mem"":""509.6MiB / 122.8GiB""}]"
2026-09-10T13:25:15Z,3,1179,3,47,35,2667779763,"[{""name"":""lab-worker-1"",""cpu"":""2.76%"",""mem"":""136.3MiB / 122.8GiB""},{""name"":""lab-api"",""cpu"":""0.00%"",""mem"":""142.1MiB / 122.8GiB""},{""name"":""lab-allegro-stub"",""cpu"":""0.00%"",""mem"":""20.51MiB / 122.8GiB""},{""name"":""lab-erli-stub"",""cpu"":""0.00%"",""mem"":""18.05MiB / 122.8GiB""},{""name"":""lab-eparagony-stub"",""cpu"":""0.00%"",""mem"":""20.36MiB / 122.8GiB""},{""name"":""lab-invoicing-stub"",""cpu"":""0.00%"",""mem"":""16.6MiB / 122.8GiB""},{""name"":""lab-shipping-stub"",""cpu"":""0.00%"",""mem"":""16.58MiB / 122.8GiB""},{""name"":""lab-eparagony-stub-tls"",""cpu"":""0.00%"",""mem"":""23.3MiB / 122.8GiB""},{""name"":""lab-erli-stub-tls"",""cpu"":""0.00%"",""mem"":""22.67MiB / 122.8GiB""},{""name"":""lab-wc-tls"",""cpu"":""0.00%"",""mem"":""28.21MiB / 122.8GiB""},{""name"":""lab-prestashop"",""cpu"":""7.61%"",""mem"":""151MiB / 122.8GiB""},{""name"":""lab-woocommerce"",""cpu"":""0.01%"",""mem"":""294.4MiB / 122.8GiB""},{""name"":""lab-redis"",""cpu"":""0.77%"",""mem"":""78.55MiB / 122.8GiB""},{""name"":""lab-postgres"",""cpu"":""0.56%"",""mem"":""241.7MiB / 122.8GiB""},{""name"":""lab-mysql"",""cpu"":""8.11%"",""mem"":""722.3MiB / 122.8GiB""},{""name"":""lab-woocommerce-mysql"",""cpu"":""0.91%"",""mem"":""509.6MiB / 122.8GiB""}]"
2026-09-10T13:25:19Z,4,1280,0,47,36,2667779763,"[{""name"":""lab-worker-1"",""cpu"":""3.23%"",""mem"":""136.4MiB / 122.8GiB""},{""name"":""lab-api"",""cpu"":""0.00%"",""mem"":""142.1MiB / 122.8GiB""},{""name"":""lab-allegro-stub"",""cpu"":""0.00%"",""mem"":""20.52MiB / 122.8GiB""},{""name"":""lab-erli-stub"",""cpu"":""0.00%"",""mem"":""18.05MiB / 122.8GiB""},{""name"":""lab-eparagony-stub"",""cpu"":""0.00%"",""mem"":""20.36MiB / 122.8GiB""},{""name"":""lab-invoicing-stub"",""cpu"":""0.00%"",""mem"":""16.6MiB / 122.8GiB""},{""name"":""lab-shipping-stub"",""cpu"":""0.00%"",""mem"":""16.58MiB / 122.8GiB""},{""name"":""lab-eparagony-stub-tls"",""cpu"":""0.00%"",""mem"":""23.3MiB / 122.8GiB""},{""name"":""lab-erli-stub-tls"",""cpu"":""0.00%"",""mem"":""22.67MiB / 122.8GiB""},{""name"":""lab-wc-tls"",""cpu"":""0.00%"",""mem"":""28.21MiB / 122.8GiB""},{""name"":""lab-prestashop"",""cpu"":""7.62%"",""mem"":""151MiB / 122.8GiB""},{""name"":""lab-woocommerce"",""cpu"":""0.00%"",""mem"":""294.4MiB / 122.8GiB""},{""name"":""lab-redis"",""cpu"":""0.79%"",""mem"":""78.55MiB / 122.8GiB""},{""name"":""lab-postgres"",""cpu"":""1.52%"",""mem"":""241.7MiB / 122.8GiB""},{""name"":""lab-mysql"",""cpu"":""6.60%"",""mem"":""722.3MiB / 122.8GiB""},{""name"":""lab-woocommerce-mysql"",""cpu"":""0.87%"",""mem"":""509.6MiB / 122.8GiB""}]"
2026-09-10T13:25:23Z,4,1278,2,47,36,2667779763,"[{""name"":""lab-worker-1"",""cpu"":""4.27%"",""mem"":""136.4MiB / 122.8GiB""},{""name"":""lab-api"",""cpu"":""0.00%"",""mem"":""142.1MiB / 122.8GiB""},{""name"":""lab-allegro-stub"",""cpu"":""4.28%"",""mem"":""20.52MiB / 122.8GiB""},{""name"":""lab-erli-stub"",""cpu"":""0.01%"",""mem"":""18.05MiB / 122.8GiB""},{""name"":""lab-eparagony-stub"",""cpu"":""0.01%"",""mem"":""20.36MiB / 122.8GiB""},{""name"":""lab-invoicing-stub"",""cpu"":""4.11%"",""mem"":""16.66MiB / 122.8GiB""},{""name"":""lab-shipping-stub"",""cpu"":""3.67%"",""mem"":""16.59MiB / 122.8GiB""},{""name"":""lab-eparagony-stub-tls"",""cpu"":""0.00%"",""mem"":""23.3MiB / 122.8GiB""},{""name"":""lab-erli-stub-tls"",""cpu"":""0.00%"",""mem"":""22.67MiB / 122.8GiB""},{""name"":""lab-wc-tls"",""cpu"":""0.00%"",""mem"":""28.21MiB / 122.8GiB""},{""name"":""lab-prestashop"",""cpu"":""7.23%"",""mem"":""151.1MiB / 122.8GiB""},{""name"":""lab-woocommerce"",""cpu"":""0.00%"",""mem"":""294.4MiB / 122.8GiB""},{""name"":""lab-redis"",""cpu"":""0.56%"",""mem"":""78.56MiB / 122.8GiB""},{""name"":""lab-postgres"",""cpu"":""3.71%"",""mem"":""242MiB / 122.8GiB""},{""name"":""lab-mysql"",""cpu"":""6.18%"",""mem"":""722.3MiB / 122.8GiB""},{""name"":""lab-woocommerce-mysql"",""cpu"":""0.73%"",""mem"":""509.6MiB / 122.8GiB""}]"
2026-09-10T13:25:26Z,4,1278,3,47,35,2667779763,"[{""name"":""lab-worker-1"",""cpu"":""23.79%"",""mem"":""136.5MiB / 122.8GiB""},{""name"":""lab-api"",""cpu"":""0.00%"",""mem"":""142.1MiB / 122.8GiB""},{""name"":""lab-allegro-stub"",""cpu"":""0.01%"",""mem"":""20.51MiB / 122.8GiB""},{""name"":""lab-erli-stub"",""cpu"":""0.00%"",""mem"":""18.05MiB / 122.8GiB""},{""name"":""lab-eparagony-stub"",""cpu"":""4.11%"",""mem"":""20.37MiB / 122.8GiB""},{""name"":""lab-invoicing-stub"",""cpu"":""0.01%"",""mem"":""16.6MiB / 122.8GiB""},{""name"":""lab-shipping-stub"",""cpu"":""0.01%"",""mem"":""16.58MiB / 122.8GiB""},{""name"":""lab-eparagony-stub-tls"",""cpu"":""0.00%"",""mem"":""23.3MiB / 122.8GiB""},{""name"":""lab-erli-stub-tls"",""cpu"":""0.00%"",""mem"":""22.67MiB / 122.8GiB""},{""name"":""lab-wc-tls"",""cpu"":""0.00%"",""mem"":""28.21MiB / 122.8GiB""},{""name"":""lab-prestashop"",""cpu"":""7.83%"",""mem"":""151MiB / 122.8GiB""},{""name"":""lab-woocommerce"",""cpu"":""0.00%"",""mem"":""294.4MiB / 122.8GiB""},{""name"":""lab-redis"",""cpu"":""4.81%"",""mem"":""78.88MiB / 122.8GiB""},{""name"":""lab-postgres"",""cpu"":""3.44%"",""mem"":""241.7MiB / 122.8GiB""},{""name"":""lab-mysql"",""cpu"":""6.47%"",""mem"":""722.3MiB / 122.8GiB""},{""name"":""lab-woocommerce-mysql"",""cpu"":""0.73%"",""mem"":""509.6MiB / 122.8GiB""}]"
2026-09-10T13:25:30Z,3,1379,2,47,34,2667779763,"[{""name"":""lab-worker-1"",""cpu"":""2.62%"",""mem"":""136.2MiB / 122.8GiB""},{""name"":""lab-api"",""cpu"":""0.00%"",""mem"":""142.1MiB / 122.8GiB""},{""name"":""lab-allegro-stub"",""cpu"":""0.00%"",""mem"":""20.51MiB / 122.8GiB""},{""name"":""lab-erli-stub"",""cpu"":""0.00%"",""mem"":""18.05MiB / 122.8GiB""},{""name"":""lab-eparagony-stub"",""cpu"":""0.00%"",""mem"":""20.37MiB / 122.8GiB""},{""name"":""lab-invoicing-stub"",""cpu"":""0.00%"",""mem"":""16.6MiB / 122.8GiB""},{""name"":""lab-shipping-stub"",""cpu"":""0.00%"",""mem"":""16.58MiB / 122.8GiB""},{""name"":""lab-eparagony-stub-tls"",""cpu"":""0.00%"",""mem"":""23.3MiB / 122.8GiB""},{""name"":""lab-erli-stub-tls"",""cpu"":""0.00%"",""mem"":""22.67MiB / 122.8GiB""},{""name"":""lab-wc-tls"",""cpu"":""0.00%"",""mem"":""28.21MiB / 122.8GiB""},{""name"":""lab-prestashop"",""cpu"":""6.85%"",""mem"":""151MiB / 122.8GiB""},{""name"":""lab-woocommerce"",""cpu"":""0.01%"",""mem"":""294.4MiB / 122.8GiB""},{""name"":""lab-redis"",""cpu"":""0.99%"",""mem"":""78.62MiB / 122.8GiB""},{""name"":""lab-postgres"",""cpu"":""0.59%"",""mem"":""241.7MiB / 122.8GiB""},{""name"":""lab-mysql"",""cpu"":""8.30%"",""mem"":""722.3MiB / 122.8GiB""},{""name"":""lab-woocommerce-mysql"",""cpu"":""0.79%"",""mem"":""509.6MiB / 122.8GiB""}]"
2026-09-10T13:25:33Z,4,1379,1,47,35,2667779763,"[{""name"":""lab-worker-1"",""cpu"":""7.68%"",""mem"":""136.5MiB / 122.8GiB""},{""name"":""lab-api"",""cpu"":""0.00%"",""mem"":""142.1MiB / 122.8GiB""},{""name"":""lab-allegro-stub"",""cpu"":""3.93%"",""mem"":""20.51MiB / 122.8GiB""},{""name"":""lab-erli-stub"",""cpu"":""0.00%"",""mem"":""18.05MiB / 122.8GiB""},{""name"":""lab-eparagony-stub"",""cpu"":""0.00%"",""mem"":""20.36MiB / 122.8GiB""},{""name"":""lab-invoicing-stub"",""cpu"":""3.87%"",""mem"":""16.61MiB / 122.8GiB""},{""name"":""lab-shipping-stub"",""cpu"":""3.18%"",""mem"":""16.58MiB / 122.8GiB""},{""name"":""lab-eparagony-stub-tls"",""cpu"":""0.00%"",""mem"":""23.3MiB / 122.8GiB""},{""name"":""lab-erli-stub-tls"",""cpu"":""0.00%"",""mem"":""22.67MiB / 122.8GiB""},{""name"":""lab-wc-tls"",""cpu"":""0.00%"",""mem"":""28.21MiB / 122.8GiB""},{""name"":""lab-prestashop"",""cpu"":""6.63%"",""mem"":""151MiB / 122.8GiB""},{""name"":""lab-woocommerce"",""cpu"":""0.01%"",""mem"":""294.4MiB / 122.8GiB""},{""name"":""lab-redis"",""cpu"":""0.74%"",""mem"":""78.62MiB / 122.8GiB""},{""name"":""lab-postgres"",""cpu"":""0.97%"",""mem"":""241.7MiB / 122.8GiB""},{""name"":""lab-mysql"",""cpu"":""5.64%"",""mem"":""722.3MiB / 122.8GiB""},{""name"":""lab-woocommerce-mysql"",""cpu"":""0.67%"",""mem"":""509.6MiB / 122.8GiB""}]"
