ts,dt,queued,running,dead,deferred,pg_database_size_bytes,docker_stats_json
2026-09-09T07:55:02Z,0,0,0,53,0,2665887411,"[{""name"":""lab-worker-1"",""cpu"":""1.51%"",""mem"":""96.36MiB / 122.8GiB""},{""name"":""lab-api"",""cpu"":""0.00%"",""mem"":""142MiB / 122.8GiB""},{""name"":""lab-wc-tls"",""cpu"":""0.00%"",""mem"":""30.18MiB / 122.8GiB""},{""name"":""lab-prestashop"",""cpu"":""5.00%"",""mem"":""109MiB / 122.8GiB""},{""name"":""lab-woocommerce"",""cpu"":""0.01%"",""mem"":""198.1MiB / 122.8GiB""},{""name"":""lab-redis"",""cpu"":""0.25%"",""mem"":""75.34MiB / 122.8GiB""},{""name"":""lab-postgres"",""cpu"":""17.60%"",""mem"":""242.6MiB / 122.8GiB""},{""name"":""lab-mysql"",""cpu"":""1.42%"",""mem"":""713.3MiB / 122.8GiB""},{""name"":""lab-woocommerce-mysql"",""cpu"":""5.38%"",""mem"":""485.5MiB / 122.8GiB""},{""name"":""lab-allegro-stub"",""cpu"":""0.00%"",""mem"":""30.19MiB / 122.8GiB""}]"
2026-09-09T07:55:06Z,4,0,3,53,0,2665887411,"[{""name"":""lab-worker-1"",""cpu"":""1.16%"",""mem"":""97.87MiB / 122.8GiB""},{""name"":""lab-api"",""cpu"":""0.64%"",""mem"":""142MiB / 122.8GiB""},{""name"":""lab-wc-tls"",""cpu"":""0.00%"",""mem"":""30.18MiB / 122.8GiB""},{""name"":""lab-prestashop"",""cpu"":""0.01%"",""mem"":""109MiB / 122.8GiB""},{""name"":""lab-woocommerce"",""cpu"":""0.01%"",""mem"":""198.1MiB / 122.8GiB""},{""name"":""lab-redis"",""cpu"":""0.33%"",""mem"":""75.42MiB / 122.8GiB""},{""name"":""lab-postgres"",""cpu"":""19.07%"",""mem"":""242.5MiB / 122.8GiB""},{""name"":""lab-mysql"",""cpu"":""0.95%"",""mem"":""713.3MiB / 122.8GiB""},{""name"":""lab-woocommerce-mysql"",""cpu"":""0.92%"",""mem"":""485.5MiB / 122.8GiB""},{""name"":""lab-allegro-stub"",""cpu"":""0.01%"",""mem"":""30.19MiB / 122.8GiB""}]"
2026-09-09T07:55:09Z,4,0,4,53,0,2665887411,"[{""name"":""lab-worker-1"",""cpu"":""12.03%"",""mem"":""99.96MiB / 122.8GiB""},{""name"":""lab-api"",""cpu"":""1.03%"",""mem"":""142.2MiB / 122.8GiB""},{""name"":""lab-wc-tls"",""cpu"":""0.00%"",""mem"":""30.18MiB / 122.8GiB""},{""name"":""lab-prestashop"",""cpu"":""0.01%"",""mem"":""109MiB / 122.8GiB""},{""name"":""lab-woocommerce"",""cpu"":""0.01%"",""mem"":""198.1MiB / 122.8GiB""},{""name"":""lab-redis"",""cpu"":""0.47%"",""mem"":""75.71MiB / 122.8GiB""},{""name"":""lab-postgres"",""cpu"":""19.93%"",""mem"":""243MiB / 122.8GiB""},{""name"":""lab-mysql"",""cpu"":""0.88%"",""mem"":""713.3MiB / 122.8GiB""},{""name"":""lab-woocommerce-mysql"",""cpu"":""0.89%"",""mem"":""485.5MiB / 122.8GiB""},{""name"":""lab-allegro-stub"",""cpu"":""4.30%"",""mem"":""30.27MiB / 122.8GiB""}]"
2026-09-09T07:55:13Z,3,0,5,53,0,2665887411,"[{""name"":""lab-worker-1"",""cpu"":""1.78%"",""mem"":""100.4MiB / 122.8GiB""},{""name"":""lab-api"",""cpu"":""0.01%"",""mem"":""142.2MiB / 122.8GiB""},{""name"":""lab-wc-tls"",""cpu"":""0.00%"",""mem"":""30.18MiB / 122.8GiB""},{""name"":""lab-prestashop"",""cpu"":""0.01%"",""mem"":""109MiB / 122.8GiB""},{""name"":""lab-woocommerce"",""cpu"":""0.01%"",""mem"":""198.1MiB / 122.8GiB""},{""name"":""lab-redis"",""cpu"":""0.35%"",""mem"":""75.48MiB / 122.8GiB""},{""name"":""lab-postgres"",""cpu"":""18.28%"",""mem"":""242.8MiB / 122.8GiB""},{""name"":""lab-mysql"",""cpu"":""0.90%"",""mem"":""713.3MiB / 122.8GiB""},{""name"":""lab-woocommerce-mysql"",""cpu"":""0.97%"",""mem"":""485.5MiB / 122.8GiB""},{""name"":""lab-allegro-stub"",""cpu"":""0.00%"",""mem"":""30.19MiB / 122.8GiB""}]"
2026-09-09T07:55:17Z,4,0,5,53,1,2665887411,"[{""name"":""lab-worker-1"",""cpu"":""2.95%"",""mem"":""100.4MiB / 122.8GiB""},{""name"":""lab-api"",""cpu"":""0.00%"",""mem"":""142.5MiB / 122.8GiB""},{""name"":""lab-wc-tls"",""cpu"":""0.00%"",""mem"":""30.18MiB / 122.8GiB""},{""name"":""lab-prestashop"",""cpu"":""0.01%"",""mem"":""109MiB / 122.8GiB""},{""name"":""lab-woocommerce"",""cpu"":""0.01%"",""mem"":""198.1MiB / 122.8GiB""},{""name"":""lab-redis"",""cpu"":""0.57%"",""mem"":""75.48MiB / 122.8GiB""},{""name"":""lab-postgres"",""cpu"":""18.92%"",""mem"":""245.3MiB / 122.8GiB""},{""name"":""lab-mysql"",""cpu"":""0.92%"",""mem"":""713.3MiB / 122.8GiB""},{""name"":""lab-woocommerce-mysql"",""cpu"":""0.93%"",""mem"":""485.5MiB / 122.8GiB""},{""name"":""lab-allegro-stub"",""cpu"":""0.00%"",""mem"":""30.19MiB / 122.8GiB""}]"
2026-09-09T07:55:20Z,4,1,4,53,4,2665887411,"[{""name"":""lab-worker-1"",""cpu"":""0.59%"",""mem"":""101.6MiB / 122.8GiB""},{""name"":""lab-api"",""cpu"":""0.00%"",""mem"":""142.5MiB / 122.8GiB""},{""name"":""lab-wc-tls"",""cpu"":""0.00%"",""mem"":""30.18MiB / 122.8GiB""},{""name"":""lab-prestashop"",""cpu"":""0.01%"",""mem"":""109MiB / 122.8GiB""},{""name"":""lab-woocommerce"",""cpu"":""0.01%"",""mem"":""198.1MiB / 122.8GiB""},{""name"":""lab-redis"",""cpu"":""0.27%"",""mem"":""75.49MiB / 122.8GiB""},{""name"":""lab-postgres"",""cpu"":""24.05%"",""mem"":""245MiB / 122.8GiB""},{""name"":""lab-mysql"",""cpu"":""0.91%"",""mem"":""713.3MiB / 122.8GiB""},{""name"":""lab-woocommerce-mysql"",""cpu"":""0.91%"",""mem"":""485.5MiB / 122.8GiB""},{""name"":""lab-allegro-stub"",""cpu"":""0.01%"",""mem"":""30.19MiB / 122.8GiB""}]"
2026-09-09T07:55:24Z,3,0,4,53,6,2665887411,"[{""name"":""lab-worker-1"",""cpu"":""4.71%"",""mem"":""103.7MiB / 122.8GiB""},{""name"":""lab-api"",""cpu"":""0.55%"",""mem"":""142.6MiB / 122.8GiB""},{""name"":""lab-wc-tls"",""cpu"":""0.00%"",""mem"":""30.18MiB / 122.8GiB""},{""name"":""lab-prestashop"",""cpu"":""0.00%"",""mem"":""109MiB / 122.8GiB""},{""name"":""lab-woocommerce"",""cpu"":""0.01%"",""mem"":""198.1MiB / 122.8GiB""},{""name"":""lab-redis"",""cpu"":""0.35%"",""mem"":""75.49MiB / 122.8GiB""},{""name"":""lab-postgres"",""cpu"":""18.24%"",""mem"":""245.5MiB / 122.8GiB""},{""name"":""lab-mysql"",""cpu"":""0.83%"",""mem"":""713.3MiB / 122.8GiB""},{""name"":""lab-woocommerce-mysql"",""cpu"":""0.81%"",""mem"":""485.5MiB / 122.8GiB""},{""name"":""lab-allegro-stub"",""cpu"":""4.15%"",""mem"":""30.2MiB / 122.8GiB""}]"
2026-09-09T07:55:28Z,4,0,2,53,9,2665887411,"[{""name"":""lab-worker-1"",""cpu"":""2.58%"",""mem"":""103.8MiB / 122.8GiB""},{""name"":""lab-api"",""cpu"":""0.05%"",""mem"":""142.8MiB / 122.8GiB""},{""name"":""lab-wc-tls"",""cpu"":""0.00%"",""mem"":""30.18MiB / 122.8GiB""},{""name"":""lab-prestashop"",""cpu"":""0.00%"",""mem"":""109MiB / 122.8GiB""},{""name"":""lab-woocommerce"",""cpu"":""0.00%"",""mem"":""198.1MiB / 122.8GiB""},{""name"":""lab-redis"",""cpu"":""4.54%"",""mem"":""75.49MiB / 122.8GiB""},{""name"":""lab-postgres"",""cpu"":""19.94%"",""mem"":""242.9MiB / 122.8GiB""},{""name"":""lab-mysql"",""cpu"":""5.34%"",""mem"":""713.5MiB / 122.8GiB""},{""name"":""lab-woocommerce-mysql"",""cpu"":""0.91%"",""mem"":""485.5MiB / 122.8GiB""},{""name"":""lab-allegro-stub"",""cpu"":""0.00%"",""mem"":""30.2MiB / 122.8GiB""}]"
2026-09-09T07:55:31Z,4,0,2,53,10,2665887411,"[{""name"":""lab-worker-1"",""cpu"":""1.94%"",""mem"":""103.9MiB / 122.8GiB""},{""name"":""lab-api"",""cpu"":""0.02%"",""mem"":""142.7MiB / 122.8GiB""},{""name"":""lab-wc-tls"",""cpu"":""0.00%"",""mem"":""30.18MiB / 122.8GiB""},{""name"":""lab-prestashop"",""cpu"":""0.00%"",""mem"":""109MiB / 122.8GiB""},{""name"":""lab-woocommerce"",""cpu"":""0.01%"",""mem"":""198.1MiB / 122.8GiB""},{""name"":""lab-redis"",""cpu"":""0.36%"",""mem"":""75.45MiB / 122.8GiB""},{""name"":""lab-postgres"",""cpu"":""18.88%"",""mem"":""245.3MiB / 122.8GiB""},{""name"":""lab-mysql"",""cpu"":""0.91%"",""mem"":""713.3MiB / 122.8GiB""},{""name"":""lab-woocommerce-mysql"",""cpu"":""5.91%"",""mem"":""485.5MiB / 122.8GiB""},{""name"":""lab-allegro-stub"",""cpu"":""0.00%"",""mem"":""30.19MiB / 122.8GiB""}]"
2026-09-09T07:55:35Z,3,0,3,53,11,2665887411,"[{""name"":""lab-worker-1"",""cpu"":""0.94%"",""mem"":""103.9MiB / 122.8GiB""},{""name"":""lab-api"",""cpu"":""0.02%"",""mem"":""142.8MiB / 122.8GiB""},{""name"":""lab-wc-tls"",""cpu"":""0.00%"",""mem"":""30.18MiB / 122.8GiB""},{""name"":""lab-prestashop"",""cpu"":""0.01%"",""mem"":""109MiB / 122.8GiB""},{""name"":""lab-woocommerce"",""cpu"":""0.01%"",""mem"":""198.1MiB / 122.8GiB""},{""name"":""lab-redis"",""cpu"":""0.37%"",""mem"":""75.45MiB / 122.8GiB""},{""name"":""lab-postgres"",""cpu"":""12.45%"",""mem"":""245MiB / 122.8GiB""},{""name"":""lab-mysql"",""cpu"":""0.90%"",""mem"":""713.3MiB / 122.8GiB""},{""name"":""lab-woocommerce-mysql"",""cpu"":""1.00%"",""mem"":""485.5MiB / 122.8GiB""},{""name"":""lab-allegro-stub"",""cpu"":""3.95%"",""mem"":""30.2MiB / 122.8GiB""}]"
2026-09-09T07:55:39Z,4,0,4,53,12,2665887411,"[{""name"":""lab-worker-1"",""cpu"":""0.50%"",""mem"":""103.9MiB / 122.8GiB""},{""name"":""lab-api"",""cpu"":""0.00%"",""mem"":""142.8MiB / 122.8GiB""},{""name"":""lab-wc-tls"",""cpu"":""0.00%"",""mem"":""30.18MiB / 122.8GiB""},{""name"":""lab-prestashop"",""cpu"":""0.00%"",""mem"":""109MiB / 122.8GiB""},{""name"":""lab-woocommerce"",""cpu"":""0.01%"",""mem"":""198.1MiB / 122.8GiB""},{""name"":""lab-redis"",""cpu"":""0.28%"",""mem"":""75.7MiB / 122.8GiB""},{""name"":""lab-postgres"",""cpu"":""19.13%"",""mem"":""245.1MiB / 122.8GiB""},{""name"":""lab-mysql"",""cpu"":""0.93%"",""mem"":""713.3MiB / 122.8GiB""},{""name"":""lab-woocommerce-mysql"",""cpu"":""0.89%"",""mem"":""485.5MiB / 122.8GiB""},{""name"":""lab-allegro-stub"",""cpu"":""0.00%"",""mem"":""30.19MiB / 122.8GiB""}]"
2026-09-09T07:55:43Z,4,0,3,53,14,2665887411,"[{""name"":""lab-worker-1"",""cpu"":""2.64%"",""mem"":""104.2MiB / 122.8GiB""},{""name"":""lab-api"",""cpu"":""0.61%"",""mem"":""142.9MiB / 122.8GiB""},{""name"":""lab-wc-tls"",""cpu"":""0.00%"",""mem"":""30.18MiB / 122.8GiB""},{""name"":""lab-prestashop"",""cpu"":""0.01%"",""mem"":""109MiB / 122.8GiB""},{""name"":""lab-woocommerce"",""cpu"":""0.00%"",""mem"":""198.1MiB / 122.8GiB""},{""name"":""lab-redis"",""cpu"":""0.36%"",""mem"":""75.45MiB / 122.8GiB""},{""name"":""lab-postgres"",""cpu"":""20.18%"",""mem"":""243MiB / 122.8GiB""},{""name"":""lab-mysql"",""cpu"":""0.91%"",""mem"":""713.3MiB / 122.8GiB""},{""name"":""lab-woocommerce-mysql"",""cpu"":""0.90%"",""mem"":""485.5MiB / 122.8GiB""},{""name"":""lab-allegro-stub"",""cpu"":""0.00%"",""mem"":""30.19MiB / 122.8GiB""}]"
2026-09-09T07:55:46Z,4,0,2,53,15,2665887411,"[{""name"":""lab-worker-1"",""cpu"":""6.55%"",""mem"":""104.3MiB / 122.8GiB""},{""name"":""lab-api"",""cpu"":""0.05%"",""mem"":""143.1MiB / 122.8GiB""},{""name"":""lab-wc-tls"",""cpu"":""0.00%"",""mem"":""30.18MiB / 122.8GiB""},{""name"":""lab-prestashop"",""cpu"":""0.01%"",""mem"":""109MiB / 122.8GiB""},{""name"":""lab-woocommerce"",""cpu"":""0.01%"",""mem"":""198.1MiB / 122.8GiB""},{""name"":""lab-redis"",""cpu"":""0.75%"",""mem"":""75.46MiB / 122.8GiB""},{""name"":""lab-postgres"",""cpu"":""6.33%"",""mem"":""247MiB / 122.8GiB""},{""name"":""lab-mysql"",""cpu"":""0.98%"",""mem"":""713.3MiB / 122.8GiB""},{""name"":""lab-woocommerce-mysql"",""cpu"":""0.91%"",""mem"":""485.5MiB / 122.8GiB""},{""name"":""lab-allegro-stub"",""cpu"":""0.00%"",""mem"":""30.2MiB / 122.8GiB""}]"
2026-09-09T07:55:50Z,3,0,6,53,13,2665895603,"[{""name"":""lab-worker-1"",""cpu"":""3.71%"",""mem"":""104.9MiB / 122.8GiB""},{""name"":""lab-api"",""cpu"":""0.00%"",""mem"":""143MiB / 122.8GiB""},{""name"":""lab-wc-tls"",""cpu"":""0.00%"",""mem"":""30.18MiB / 122.8GiB""},{""name"":""lab-prestashop"",""cpu"":""0.01%"",""mem"":""109MiB / 122.8GiB""},{""name"":""lab-woocommerce"",""cpu"":""0.01%"",""mem"":""198.1MiB / 122.8GiB""},{""name"":""lab-redis"",""cpu"":""0.81%"",""mem"":""75.46MiB / 122.8GiB""},{""name"":""lab-postgres"",""cpu"":""20.88%"",""mem"":""247.4MiB / 122.8GiB""},{""name"":""lab-mysql"",""cpu"":""0.87%"",""mem"":""713.3MiB / 122.8GiB""},{""name"":""lab-woocommerce-mysql"",""cpu"":""0.90%"",""mem"":""485.5MiB / 122.8GiB""},{""name"":""lab-allegro-stub"",""cpu"":""0.00%"",""mem"":""30.19MiB / 122.8GiB""}]"
2026-09-09T07:55:54Z,4,1,9,53,13,2665895603,"[{""name"":""lab-worker-1"",""cpu"":""9.17%"",""mem"":""105.2MiB / 122.8GiB""},{""name"":""lab-api"",""cpu"":""0.00%"",""mem"":""143MiB / 122.8GiB""},{""name"":""lab-wc-tls"",""cpu"":""0.00%"",""mem"":""30.18MiB / 122.8GiB""},{""name"":""lab-prestashop"",""cpu"":""0.01%"",""mem"":""109MiB / 122.8GiB""},{""name"":""lab-woocommerce"",""cpu"":""0.01%"",""mem"":""198.1MiB / 122.8GiB""},{""name"":""lab-redis"",""cpu"":""0.87%"",""mem"":""75.46MiB / 122.8GiB""},{""name"":""lab-postgres"",""cpu"":""19.78%"",""mem"":""247.4MiB / 122.8GiB""},{""name"":""lab-mysql"",""cpu"":""0.75%"",""mem"":""713.3MiB / 122.8GiB""},{""name"":""lab-woocommerce-mysql"",""cpu"":""0.80%"",""mem"":""485.5MiB / 122.8GiB""},{""name"":""lab-allegro-stub"",""cpu"":""0.00%"",""mem"":""30.19MiB / 122.8GiB""}]"
2026-09-09T07:55:57Z,4,0,8,53,14,2665895603,"[{""name"":""lab-worker-1"",""cpu"":""2.63%"",""mem"":""106.6MiB / 122.8GiB""},{""name"":""lab-api"",""cpu"":""0.54%"",""mem"":""143.1MiB / 122.8GiB""},{""name"":""lab-wc-tls"",""cpu"":""0.00%"",""mem"":""30.18MiB / 122.8GiB""},{""name"":""lab-prestashop"",""cpu"":""0.01%"",""mem"":""109MiB / 122.8GiB""},{""name"":""lab-woocommerce"",""cpu"":""0.01%"",""mem"":""198.1MiB / 122.8GiB""},{""name"":""lab-redis"",""cpu"":""0.57%"",""mem"":""75.45MiB / 122.8GiB""},{""name"":""lab-postgres"",""cpu"":""13.22%"",""mem"":""245.2MiB / 122.8GiB""},{""name"":""lab-mysql"",""cpu"":""1.96%"",""mem"":""720MiB / 122.8GiB""},{""name"":""lab-woocommerce-mysql"",""cpu"":""0.90%"",""mem"":""485.5MiB / 122.8GiB""},{""name"":""lab-allegro-stub"",""cpu"":""0.00%"",""mem"":""30.19MiB / 122.8GiB""}]"
2026-09-09T07:56:01Z,3,1,6,53,17,2665895603,"[{""name"":""lab-worker-1"",""cpu"":""21.03%"",""mem"":""107.5MiB / 122.8GiB""},{""name"":""lab-api"",""cpu"":""0.04%"",""mem"":""143.2MiB / 122.8GiB""},{""name"":""lab-wc-tls"",""cpu"":""0.00%"",""mem"":""30.18MiB / 122.8GiB""},{""name"":""lab-prestashop"",""cpu"":""0.00%"",""mem"":""109MiB / 122.8GiB""},{""name"":""lab-woocommerce"",""cpu"":""0.01%"",""mem"":""198.1MiB / 122.8GiB""},{""name"":""lab-redis"",""cpu"":""0.50%"",""mem"":""75.46MiB / 122.8GiB""},{""name"":""lab-postgres"",""cpu"":""26.28%"",""mem"":""244.9MiB / 122.8GiB""},{""name"":""lab-mysql"",""cpu"":""0.80%"",""mem"":""713.3MiB / 122.8GiB""},{""name"":""lab-woocommerce-mysql"",""cpu"":""0.88%"",""mem"":""485.5MiB / 122.8GiB""},{""name"":""lab-allegro-stub"",""cpu"":""0.00%"",""mem"":""30.19MiB / 122.8GiB""}]"
2026-09-09T07:56:05Z,4,0,7,53,19,2665895603,"[{""name"":""lab-worker-1"",""cpu"":""6.32%"",""mem"":""108.2MiB / 122.8GiB""},{""name"":""lab-api"",""cpu"":""0.02%"",""mem"":""143.3MiB / 122.8GiB""},{""name"":""lab-wc-tls"",""cpu"":""0.00%"",""mem"":""30.18MiB / 122.8GiB""},{""name"":""lab-prestashop"",""cpu"":""0.01%"",""mem"":""109MiB / 122.8GiB""},{""name"":""lab-woocommerce"",""cpu"":""0.01%"",""mem"":""198.1MiB / 122.8GiB""},{""name"":""lab-redis"",""cpu"":""0.61%"",""mem"":""75.46MiB / 122.8GiB""},{""name"":""lab-postgres"",""cpu"":""19.95%"",""mem"":""245.7MiB / 122.8GiB""},{""name"":""lab-mysql"",""cpu"":""0.93%"",""mem"":""713.3MiB / 122.8GiB""},{""name"":""lab-woocommerce-mysql"",""cpu"":""0.95%"",""mem"":""485.5MiB / 122.8GiB""},{""name"":""lab-allegro-stub"",""cpu"":""4.19%"",""mem"":""30.21MiB / 122.8GiB""}]"
2026-09-09T07:56:09Z,4,0,6,53,22,2665895603,"[{""name"":""lab-worker-1"",""cpu"":""8.06%"",""mem"":""108.8MiB / 122.8GiB""},{""name"":""lab-api"",""cpu"":""0.00%"",""mem"":""143.3MiB / 122.8GiB""},{""name"":""lab-wc-tls"",""cpu"":""0.00%"",""mem"":""30.18MiB / 122.8GiB""},{""name"":""lab-prestashop"",""cpu"":""0.01%"",""mem"":""109MiB / 122.8GiB""},{""name"":""lab-woocommerce"",""cpu"":""0.00%"",""mem"":""198.1MiB / 122.8GiB""},{""name"":""lab-redis"",""cpu"":""4.59%"",""mem"":""75.47MiB / 122.8GiB""},{""name"":""lab-postgres"",""cpu"":""19.22%"",""mem"":""245.1MiB / 122.8GiB""},{""name"":""lab-mysql"",""cpu"":""0.96%"",""mem"":""713.3MiB / 122.8GiB""},{""name"":""lab-woocommerce-mysql"",""cpu"":""0.90%"",""mem"":""485.5MiB / 122.8GiB""},{""name"":""lab-allegro-stub"",""cpu"":""0.00%"",""mem"":""30.19MiB / 122.8GiB""}]"
2026-09-09T07:56:12Z,4,1,5,53,23,2665895603,"[{""name"":""lab-worker-1"",""cpu"":""7.20%"",""mem"":""109MiB / 122.8GiB""},{""name"":""lab-api"",""cpu"":""0.54%"",""mem"":""143.4MiB / 122.8GiB""},{""name"":""lab-wc-tls"",""cpu"":""0.00%"",""mem"":""30.18MiB / 122.8GiB""},{""name"":""lab-prestashop"",""cpu"":""0.00%"",""mem"":""109MiB / 122.8GiB""},{""name"":""lab-woocommerce"",""cpu"":""0.01%"",""mem"":""198.1MiB / 122.8GiB""},{""name"":""lab-redis"",""cpu"":""0.65%"",""mem"":""75.47MiB / 122.8GiB""},{""name"":""lab-postgres"",""cpu"":""18.94%"",""mem"":""245.3MiB / 122.8GiB""},{""name"":""lab-mysql"",""cpu"":""0.89%"",""mem"":""713.3MiB / 122.8GiB""},{""name"":""lab-woocommerce-mysql"",""cpu"":""5.29%"",""mem"":""485.5MiB / 122.8GiB""},{""name"":""lab-allegro-stub"",""cpu"":""0.00%"",""mem"":""30.19MiB / 122.8GiB""}]"
2026-09-09T07:56:16Z,3,1,6,53,23,2665895603,"[{""name"":""lab-worker-1"",""cpu"":""3.75%"",""mem"":""110.5MiB / 122.8GiB""},{""name"":""lab-api"",""cpu"":""2.02%"",""mem"":""143.7MiB / 122.8GiB""},{""name"":""lab-wc-tls"",""cpu"":""0.00%"",""mem"":""30.18MiB / 122.8GiB""},{""name"":""lab-prestashop"",""cpu"":""0.00%"",""mem"":""109MiB / 122.8GiB""},{""name"":""lab-woocommerce"",""cpu"":""0.01%"",""mem"":""198.1MiB / 122.8GiB""},{""name"":""lab-redis"",""cpu"":""0.54%"",""mem"":""75.47MiB / 122.8GiB""},{""name"":""lab-postgres"",""cpu"":""20.55%"",""mem"":""245.2MiB / 122.8GiB""},{""name"":""lab-mysql"",""cpu"":""0.89%"",""mem"":""713.3MiB / 122.8GiB""},{""name"":""lab-woocommerce-mysql"",""cpu"":""0.94%"",""mem"":""485.5MiB / 122.8GiB""},{""name"":""lab-allegro-stub"",""cpu"":""0.01%"",""mem"":""30.19MiB / 122.8GiB""}]"
2026-09-09T07:56:20Z,4,0,7,53,25,2665895603,"[{""name"":""lab-worker-1"",""cpu"":""7.20%"",""mem"":""111.7MiB / 122.8GiB""},{""name"":""lab-api"",""cpu"":""0.50%"",""mem"":""143.6MiB / 122.8GiB""},{""name"":""lab-wc-tls"",""cpu"":""0.00%"",""mem"":""30.18MiB / 122.8GiB""},{""name"":""lab-prestashop"",""cpu"":""0.01%"",""mem"":""109MiB / 122.8GiB""},{""name"":""lab-woocommerce"",""cpu"":""0.01%"",""mem"":""198.1MiB / 122.8GiB""},{""name"":""lab-redis"",""cpu"":""0.38%"",""mem"":""75.73MiB / 122.8GiB""},{""name"":""lab-postgres"",""cpu"":""7.05%"",""mem"":""242.9MiB / 122.8GiB""},{""name"":""lab-mysql"",""cpu"":""0.89%"",""mem"":""713.3MiB / 122.8GiB""},{""name"":""lab-woocommerce-mysql"",""cpu"":""0.96%"",""mem"":""485.5MiB / 122.8GiB""},{""name"":""lab-allegro-stub"",""cpu"":""4.28%"",""mem"":""30.21MiB / 122.8GiB""}]"
2026-09-09T07:56:23Z,4,0,6,53,27,2665895603,"[{""name"":""lab-worker-1"",""cpu"":""2.42%"",""mem"":""114.3MiB / 122.8GiB""},{""name"":""lab-api"",""cpu"":""0.00%"",""mem"":""143.6MiB / 122.8GiB""},{""name"":""lab-wc-tls"",""cpu"":""0.00%"",""mem"":""30.18MiB / 122.8GiB""},{""name"":""lab-prestashop"",""cpu"":""0.01%"",""mem"":""109MiB / 122.8GiB""},{""name"":""lab-woocommerce"",""cpu"":""0.01%"",""mem"":""198.1MiB / 122.8GiB""},{""name"":""lab-redis"",""cpu"":""0.58%"",""mem"":""75.71MiB / 122.8GiB""},{""name"":""lab-postgres"",""cpu"":""18.72%"",""mem"":""243.1MiB / 122.8GiB""},{""name"":""lab-mysql"",""cpu"":""0.94%"",""mem"":""713.3MiB / 122.8GiB""},{""name"":""lab-woocommerce-mysql"",""cpu"":""0.99%"",""mem"":""485.5MiB / 122.8GiB""},{""name"":""lab-allegro-stub"",""cpu"":""0.00%"",""mem"":""30.19MiB / 122.8GiB""}]"
2026-09-09T07:56:27Z,3,1,9,53,25,2665895603,"[{""name"":""lab-worker-1"",""cpu"":""3.73%"",""mem"":""114.8MiB / 122.8GiB""},{""name"":""lab-api"",""cpu"":""0.00%"",""mem"":""143.6MiB / 122.8GiB""},{""name"":""lab-wc-tls"",""cpu"":""0.00%"",""mem"":""30.18MiB / 122.8GiB""},{""name"":""lab-prestashop"",""cpu"":""0.01%"",""mem"":""109MiB / 122.8GiB""},{""name"":""lab-woocommerce"",""cpu"":""0.01%"",""mem"":""198.1MiB / 122.8GiB""},{""name"":""lab-redis"",""cpu"":""0.79%"",""mem"":""75.46MiB / 122.8GiB""},{""name"":""lab-postgres"",""cpu"":""18.74%"",""mem"":""245.2MiB / 122.8GiB""},{""name"":""lab-mysql"",""cpu"":""0.87%"",""mem"":""713.3MiB / 122.8GiB""},{""name"":""lab-woocommerce-mysql"",""cpu"":""0.89%"",""mem"":""485.5MiB / 122.8GiB""},{""name"":""lab-allegro-stub"",""cpu"":""0.00%"",""mem"":""30.19MiB / 122.8GiB""}]"
2026-09-09T07:56:31Z,4,2,10,53,24,2665895603,"[{""name"":""lab-worker-1"",""cpu"":""3.32%"",""mem"":""114.4MiB / 122.8GiB""},{""name"":""lab-api"",""cpu"":""1.35%"",""mem"":""143.8MiB / 122.8GiB""},{""name"":""lab-wc-tls"",""cpu"":""0.00%"",""mem"":""30.18MiB / 122.8GiB""},{""name"":""lab-prestashop"",""cpu"":""0.01%"",""mem"":""109MiB / 122.8GiB""},{""name"":""lab-woocommerce"",""cpu"":""19.17%"",""mem"":""200.4MiB / 122.8GiB""},{""name"":""lab-redis"",""cpu"":""0.63%"",""mem"":""75.47MiB / 122.8GiB""},{""name"":""lab-postgres"",""cpu"":""24.19%"",""mem"":""245.3MiB / 122.8GiB""},{""name"":""lab-mysql"",""cpu"":""0.82%"",""mem"":""713.3MiB / 122.8GiB""},{""name"":""lab-woocommerce-mysql"",""cpu"":""5.42%"",""mem"":""485.5MiB / 122.8GiB""},{""name"":""lab-allegro-stub"",""cpu"":""3.91%"",""mem"":""30.19MiB / 122.8GiB""}]"
2026-09-09T07:56:34Z,4,2,9,53,28,2665903795,"[{""name"":""lab-worker-1"",""cpu"":""8.24%"",""mem"":""114.6MiB / 122.8GiB""},{""name"":""lab-api"",""cpu"":""0.00%"",""mem"":""143.8MiB / 122.8GiB""},{""name"":""lab-wc-tls"",""cpu"":""0.00%"",""mem"":""30.18MiB / 122.8GiB""},{""name"":""lab-prestashop"",""cpu"":""0.01%"",""mem"":""109MiB / 122.8GiB""},{""name"":""lab-woocommerce"",""cpu"":""0.00%"",""mem"":""200.2MiB / 122.8GiB""},{""name"":""lab-redis"",""cpu"":""0.73%"",""mem"":""75.47MiB / 122.8GiB""},{""name"":""lab-postgres"",""cpu"":""20.21%"",""mem"":""245.4MiB / 122.8GiB""},{""name"":""lab-mysql"",""cpu"":""0.86%"",""mem"":""713.3MiB / 122.8GiB""},{""name"":""lab-woocommerce-mysql"",""cpu"":""0.88%"",""mem"":""485.5MiB / 122.8GiB""},{""name"":""lab-allegro-stub"",""cpu"":""4.02%"",""mem"":""30.23MiB / 122.8GiB""}]"
2026-09-09T07:56:38Z,3,0,8,53,31,2665903795,"[{""name"":""lab-worker-1"",""cpu"":""7.99%"",""mem"":""115.6MiB / 122.8GiB""},{""name"":""lab-api"",""cpu"":""0.00%"",""mem"":""143.9MiB / 122.8GiB""},{""name"":""lab-wc-tls"",""cpu"":""0.00%"",""mem"":""30.18MiB / 122.8GiB""},{""name"":""lab-prestashop"",""cpu"":""0.01%"",""mem"":""109MiB / 122.8GiB""},{""name"":""lab-woocommerce"",""cpu"":""0.01%"",""mem"":""200.1MiB / 122.8GiB""},{""name"":""lab-redis"",""cpu"":""3.88%"",""mem"":""75.5MiB / 122.8GiB""},{""name"":""lab-postgres"",""cpu"":""7.21%"",""mem"":""245.2MiB / 122.8GiB""},{""name"":""lab-mysql"",""cpu"":""5.71%"",""mem"":""713.3MiB / 122.8GiB""},{""name"":""lab-woocommerce-mysql"",""cpu"":""0.93%"",""mem"":""485.5MiB / 122.8GiB""},{""name"":""lab-allegro-stub"",""cpu"":""0.00%"",""mem"":""30.19MiB / 122.8GiB""}]"
2026-09-09T07:56:42Z,4,1,7,53,32,2665903795,"[{""name"":""lab-worker-1"",""cpu"":""2.82%"",""mem"":""113.6MiB / 122.8GiB""},{""name"":""lab-api"",""cpu"":""0.00%"",""mem"":""143.9MiB / 122.8GiB""},{""name"":""lab-wc-tls"",""cpu"":""0.00%"",""mem"":""30.18MiB / 122.8GiB""},{""name"":""lab-prestashop"",""cpu"":""0.01%"",""mem"":""109MiB / 122.8GiB""},{""name"":""lab-woocommerce"",""cpu"":""0.01%"",""mem"":""200.1MiB / 122.8GiB""},{""name"":""lab-redis"",""cpu"":""0.56%"",""mem"":""75.47MiB / 122.8GiB""},{""name"":""lab-postgres"",""cpu"":""18.93%"",""mem"":""245.2MiB / 122.8GiB""},{""name"":""lab-mysql"",""cpu"":""0.83%"",""mem"":""713.3MiB / 122.8GiB""},{""name"":""lab-woocommerce-mysql"",""cpu"":""5.42%"",""mem"":""485.5MiB / 122.8GiB""},{""name"":""lab-allegro-stub"",""cpu"":""0.00%"",""mem"":""30.2MiB / 122.8GiB""}]"
2026-09-09T07:56:46Z,4,0,7,53,35,2665903795,"[{""name"":""lab-worker-1"",""cpu"":""3.68%"",""mem"":""113.6MiB / 122.8GiB""},{""name"":""lab-api"",""cpu"":""1.65%"",""mem"":""144.5MiB / 122.8GiB""},{""name"":""lab-wc-tls"",""cpu"":""0.00%"",""mem"":""30.18MiB / 122.8GiB""},{""name"":""lab-prestashop"",""cpu"":""0.01%"",""mem"":""109MiB / 122.8GiB""},{""name"":""lab-woocommerce"",""cpu"":""0.01%"",""mem"":""200.1MiB / 122.8GiB""},{""name"":""lab-redis"",""cpu"":""0.55%"",""mem"":""75.48MiB / 122.8GiB""},{""name"":""lab-postgres"",""cpu"":""20.79%"",""mem"":""242.9MiB / 122.8GiB""},{""name"":""lab-mysql"",""cpu"":""0.85%"",""mem"":""713.3MiB / 122.8GiB""},{""name"":""lab-woocommerce-mysql"",""cpu"":""0.89%"",""mem"":""485.5MiB / 122.8GiB""},{""name"":""lab-allegro-stub"",""cpu"":""3.98%"",""mem"":""30.19MiB / 122.8GiB""}]"
2026-09-09T07:56:49Z,4,0,7,53,38,2665903795,"[{""name"":""lab-worker-1"",""cpu"":""3.77%"",""mem"":""113.7MiB / 122.8GiB""},{""name"":""lab-api"",""cpu"":""0.57%"",""mem"":""144.1MiB / 122.8GiB""},{""name"":""lab-wc-tls"",""cpu"":""0.00%"",""mem"":""30.18MiB / 122.8GiB""},{""name"":""lab-prestashop"",""cpu"":""0.01%"",""mem"":""109MiB / 122.8GiB""},{""name"":""lab-woocommerce"",""cpu"":""0.01%"",""mem"":""200.1MiB / 122.8GiB""},{""name"":""lab-redis"",""cpu"":""0.53%"",""mem"":""75.73MiB / 122.8GiB""},{""name"":""lab-postgres"",""cpu"":""19.33%"",""mem"":""245MiB / 122.8GiB""},{""name"":""lab-mysql"",""cpu"":""0.91%"",""mem"":""713.3MiB / 122.8GiB""},{""name"":""lab-woocommerce-mysql"",""cpu"":""0.86%"",""mem"":""485.5MiB / 122.8GiB""},{""name"":""lab-allegro-stub"",""cpu"":""0.00%"",""mem"":""30.19MiB / 122.8GiB""}]"
2026-09-09T07:56:53Z,3,0,5,53,39,2665903795,"[{""name"":""lab-worker-1"",""cpu"":""2.13%"",""mem"":""113.4MiB / 122.8GiB""},{""name"":""lab-api"",""cpu"":""0.05%"",""mem"":""144.2MiB / 122.8GiB""},{""name"":""lab-wc-tls"",""cpu"":""0.00%"",""mem"":""30.18MiB / 122.8GiB""},{""name"":""lab-prestashop"",""cpu"":""0.01%"",""mem"":""109MiB / 122.8GiB""},{""name"":""lab-woocommerce"",""cpu"":""0.01%"",""mem"":""200.1MiB / 122.8GiB""},{""name"":""lab-redis"",""cpu"":""0.58%"",""mem"":""75.48MiB / 122.8GiB""},{""name"":""lab-postgres"",""cpu"":""19.09%"",""mem"":""245.3MiB / 122.8GiB""},{""name"":""lab-mysql"",""cpu"":""0.94%"",""mem"":""713.3MiB / 122.8GiB""},{""name"":""lab-woocommerce-mysql"",""cpu"":""0.97%"",""mem"":""485.5MiB / 122.8GiB""},{""name"":""lab-allegro-stub"",""cpu"":""0.00%"",""mem"":""30.19MiB / 122.8GiB""}]"
2026-09-09T07:56:57Z,4,0,6,53,39,2665903795,"[{""name"":""lab-worker-1"",""cpu"":""2.40%"",""mem"":""113MiB / 122.8GiB""},{""name"":""lab-api"",""cpu"":""0.00%"",""mem"":""144.2MiB / 122.8GiB""},{""name"":""lab-wc-tls"",""cpu"":""0.00%"",""mem"":""30.18MiB / 122.8GiB""},{""name"":""lab-prestashop"",""cpu"":""0.01%"",""mem"":""109MiB / 122.8GiB""},{""name"":""lab-woocommerce"",""cpu"":""0.01%"",""mem"":""200.1MiB / 122.8GiB""},{""name"":""lab-redis"",""cpu"":""0.42%"",""mem"":""75.47MiB / 122.8GiB""},{""name"":""lab-postgres"",""cpu"":""6.99%"",""mem"":""245.6MiB / 122.8GiB""},{""name"":""lab-mysql"",""cpu"":""1.00%"",""mem"":""713.3MiB / 122.8GiB""},{""name"":""lab-woocommerce-mysql"",""cpu"":""0.99%"",""mem"":""485.5MiB / 122.8GiB""},{""name"":""lab-allegro-stub"",""cpu"":""0.00%"",""mem"":""30.19MiB / 122.8GiB""}]"
2026-09-09T07:57:00Z,4,1,9,53,40,2665903795,"[{""name"":""lab-worker-1"",""cpu"":""4.92%"",""mem"":""117MiB / 122.8GiB""},{""name"":""lab-api"",""cpu"":""1.03%"",""mem"":""144.6MiB / 122.8GiB""},{""name"":""lab-wc-tls"",""cpu"":""0.00%"",""mem"":""30.18MiB / 122.8GiB""},{""name"":""lab-prestashop"",""cpu"":""0.01%"",""mem"":""109MiB / 122.8GiB""},{""name"":""lab-woocommerce"",""cpu"":""6.83%"",""mem"":""210.6MiB / 122.8GiB""},{""name"":""lab-redis"",""cpu"":""0.68%"",""mem"":""75.47MiB / 122.8GiB""},{""name"":""lab-postgres"",""cpu"":""20.17%"",""mem"":""245.1MiB / 122.8GiB""},{""name"":""lab-mysql"",""cpu"":""0.83%"",""mem"":""713.3MiB / 122.8GiB""},{""name"":""lab-woocommerce-mysql"",""cpu"":""0.86%"",""mem"":""486MiB / 122.8GiB""},{""name"":""lab-allegro-stub"",""cpu"":""2.77%"",""mem"":""30.22MiB / 122.8GiB""}]"
2026-09-09T07:57:04Z,3,3,9,53,38,2665903795,"[{""name"":""lab-worker-1"",""cpu"":""2.20%"",""mem"":""118.8MiB / 122.8GiB""},{""name"":""lab-api"",""cpu"":""0.39%"",""mem"":""144.4MiB / 122.8GiB""},{""name"":""lab-wc-tls"",""cpu"":""0.00%"",""mem"":""30.18MiB / 122.8GiB""},{""name"":""lab-prestashop"",""cpu"":""0.01%"",""mem"":""109MiB / 122.8GiB""},{""name"":""lab-woocommerce"",""cpu"":""0.01%"",""mem"":""200.1MiB / 122.8GiB""},{""name"":""lab-redis"",""cpu"":""0.59%"",""mem"":""75.47MiB / 122.8GiB""},{""name"":""lab-postgres"",""cpu"":""19.04%"",""mem"":""247.6MiB / 122.8GiB""},{""name"":""lab-mysql"",""cpu"":""0.94%"",""mem"":""713.3MiB / 122.8GiB""},{""name"":""lab-woocommerce-mysql"",""cpu"":""0.92%"",""mem"":""485.5MiB / 122.8GiB""},{""name"":""lab-allegro-stub"",""cpu"":""0.00%"",""mem"":""30.19MiB / 122.8GiB""}]"
2026-09-09T07:57:08Z,4,3,10,53,39,2665903795,"[{""name"":""lab-worker-1"",""cpu"":""3.19%"",""mem"":""125MiB / 122.8GiB""},{""name"":""lab-api"",""cpu"":""0.46%"",""mem"":""144.4MiB / 122.8GiB""},{""name"":""lab-wc-tls"",""cpu"":""0.00%"",""mem"":""30.18MiB / 122.8GiB""},{""name"":""lab-prestashop"",""cpu"":""0.01%"",""mem"":""109MiB / 122.8GiB""},{""name"":""lab-woocommerce"",""cpu"":""0.01%"",""mem"":""200.1MiB / 122.8GiB""},{""name"":""lab-redis"",""cpu"":""0.65%"",""mem"":""75.47MiB / 122.8GiB""},{""name"":""lab-postgres"",""cpu"":""15.75%"",""mem"":""255MiB / 122.8GiB""},{""name"":""lab-mysql"",""cpu"":""3.10%"",""mem"":""718.6MiB / 122.8GiB""},{""name"":""lab-woocommerce-mysql"",""cpu"":""0.97%"",""mem"":""485.5MiB / 122.8GiB""},{""name"":""lab-allegro-stub"",""cpu"":""0.00%"",""mem"":""30.19MiB / 122.8GiB""}]"
2026-09-09T07:57:12Z,4,4,9,53,39,2665903795,"[{""name"":""lab-worker-1"",""cpu"":""4.71%"",""mem"":""124.8MiB / 122.8GiB""},{""name"":""lab-api"",""cpu"":""0.01%"",""mem"":""144.5MiB / 122.8GiB""},{""name"":""lab-wc-tls"",""cpu"":""0.00%"",""mem"":""30.18MiB / 122.8GiB""},{""name"":""lab-prestashop"",""cpu"":""0.01%"",""mem"":""109MiB / 122.8GiB""},{""name"":""lab-woocommerce"",""cpu"":""0.01%"",""mem"":""200.1MiB / 122.8GiB""},{""name"":""lab-redis"",""cpu"":""0.78%"",""mem"":""75.73MiB / 122.8GiB""},{""name"":""lab-postgres"",""cpu"":""27.30%"",""mem"":""245.1MiB / 122.8GiB""},{""name"":""lab-mysql"",""cpu"":""0.84%"",""mem"":""713.3MiB / 122.8GiB""},{""name"":""lab-woocommerce-mysql"",""cpu"":""0.86%"",""mem"":""485.5MiB / 122.8GiB""},{""name"":""lab-allegro-stub"",""cpu"":""0.01%"",""mem"":""30.19MiB / 122.8GiB""}]"
2026-09-09T07:57:15Z,4,3,10,53,41,2665911987,"[{""name"":""lab-worker-1"",""cpu"":""4.40%"",""mem"":""125.1MiB / 122.8GiB""},{""name"":""lab-api"",""cpu"":""0.92%"",""mem"":""144.5MiB / 122.8GiB""},{""name"":""lab-wc-tls"",""cpu"":""0.00%"",""mem"":""30.18MiB / 122.8GiB""},{""name"":""lab-prestashop"",""cpu"":""0.01%"",""mem"":""109MiB / 122.8GiB""},{""name"":""lab-woocommerce"",""cpu"":""0.01%"",""mem"":""200.1MiB / 122.8GiB""},{""name"":""lab-redis"",""cpu"":""0.84%"",""mem"":""75.49MiB / 122.8GiB""},{""name"":""lab-postgres"",""cpu"":""18.76%"",""mem"":""245.1MiB / 122.8GiB""},{""name"":""lab-mysql"",""cpu"":""0.84%"",""mem"":""713.3MiB / 122.8GiB""},{""name"":""lab-woocommerce-mysql"",""cpu"":""0.91%"",""mem"":""485.5MiB / 122.8GiB""},{""name"":""lab-allegro-stub"",""cpu"":""0.00%"",""mem"":""30.19MiB / 122.8GiB""}]"
2026-09-09T07:57:19Z,3,5,10,53,41,2665911987,"[{""name"":""lab-worker-1"",""cpu"":""5.84%"",""mem"":""125MiB / 122.8GiB""},{""name"":""lab-api"",""cpu"":""0.01%"",""mem"":""144.9MiB / 122.8GiB""},{""name"":""lab-wc-tls"",""cpu"":""0.00%"",""mem"":""30.18MiB / 122.8GiB""},{""name"":""lab-prestashop"",""cpu"":""0.01%"",""mem"":""109MiB / 122.8GiB""},{""name"":""lab-woocommerce"",""cpu"":""0.01%"",""mem"":""200.1MiB / 122.8GiB""},{""name"":""lab-redis"",""cpu"":""2.14%"",""mem"":""75.48MiB / 122.8GiB""},{""name"":""lab-postgres"",""cpu"":""13.94%"",""mem"":""251.9MiB / 122.8GiB""},{""name"":""lab-mysql"",""cpu"":""0.97%"",""mem"":""713.3MiB / 122.8GiB""},{""name"":""lab-woocommerce-mysql"",""cpu"":""1.00%"",""mem"":""485.5MiB / 122.8GiB""},{""name"":""lab-allegro-stub"",""cpu"":""0.00%"",""mem"":""30.19MiB / 122.8GiB""}]"
2026-09-09T07:57:23Z,4,5,9,53,43,2665920179,"[{""name"":""lab-worker-1"",""cpu"":""4.76%"",""mem"":""125.4MiB / 122.8GiB""},{""name"":""lab-api"",""cpu"":""0.47%"",""mem"":""144.7MiB / 122.8GiB""},{""name"":""lab-wc-tls"",""cpu"":""0.00%"",""mem"":""30.18MiB / 122.8GiB""},{""name"":""lab-prestashop"",""cpu"":""0.01%"",""mem"":""109MiB / 122.8GiB""},{""name"":""lab-woocommerce"",""cpu"":""0.01%"",""mem"":""200.1MiB / 122.8GiB""},{""name"":""lab-redis"",""cpu"":""0.84%"",""mem"":""75.48MiB / 122.8GiB""},{""name"":""lab-postgres"",""cpu"":""20.56%"",""mem"":""245.3MiB / 122.8GiB""},{""name"":""lab-mysql"",""cpu"":""0.87%"",""mem"":""713.3MiB / 122.8GiB""},{""name"":""lab-woocommerce-mysql"",""cpu"":""5.74%"",""mem"":""485.5MiB / 122.8GiB""},{""name"":""lab-allegro-stub"",""cpu"":""0.00%"",""mem"":""30.19MiB / 122.8GiB""}]"
2026-09-09T07:57:26Z,4,4,10,53,45,2665920179,"[{""name"":""lab-worker-1"",""cpu"":""3.76%"",""mem"":""125.9MiB / 122.8GiB""},{""name"":""lab-api"",""cpu"":""0.03%"",""mem"":""144.7MiB / 122.8GiB""},{""name"":""lab-wc-tls"",""cpu"":""0.00%"",""mem"":""30.18MiB / 122.8GiB""},{""name"":""lab-prestashop"",""cpu"":""0.01%"",""mem"":""109MiB / 122.8GiB""},{""name"":""lab-woocommerce"",""cpu"":""0.01%"",""mem"":""200.1MiB / 122.8GiB""},{""name"":""lab-redis"",""cpu"":""0.59%"",""mem"":""75.72MiB / 122.8GiB""},{""name"":""lab-postgres"",""cpu"":""20.62%"",""mem"":""244.3MiB / 122.8GiB""},{""name"":""lab-mysql"",""cpu"":""0.92%"",""mem"":""713.3MiB / 122.8GiB""},{""name"":""lab-woocommerce-mysql"",""cpu"":""0.93%"",""mem"":""485.5MiB / 122.8GiB""},{""name"":""lab-allegro-stub"",""cpu"":""4.18%"",""mem"":""30.2MiB / 122.8GiB""}]"
2026-09-09T07:57:30Z,3,3,9,53,49,2665920179,"[{""name"":""lab-worker-1"",""cpu"":""5.14%"",""mem"":""125.2MiB / 122.8GiB""},{""name"":""lab-api"",""cpu"":""0.00%"",""mem"":""144.8MiB / 122.8GiB""},{""name"":""lab-wc-tls"",""cpu"":""0.00%"",""mem"":""30.18MiB / 122.8GiB""},{""name"":""lab-prestashop"",""cpu"":""0.00%"",""mem"":""109MiB / 122.8GiB""},{""name"":""lab-woocommerce"",""cpu"":""0.01%"",""mem"":""200.1MiB / 122.8GiB""},{""name"":""lab-redis"",""cpu"":""0.88%"",""mem"":""75.74MiB / 122.8GiB""},{""name"":""lab-postgres"",""cpu"":""14.26%"",""mem"":""244.2MiB / 122.8GiB""},{""name"":""lab-mysql"",""cpu"":""0.88%"",""mem"":""713.3MiB / 122.8GiB""},{""name"":""lab-woocommerce-mysql"",""cpu"":""0.95%"",""mem"":""485.5MiB / 122.8GiB""},{""name"":""lab-allegro-stub"",""cpu"":""0.00%"",""mem"":""30.19MiB / 122.8GiB""}]"
2026-09-09T07:57:34Z,4,2,9,53,51,2665920179,"[{""name"":""lab-worker-1"",""cpu"":""4.02%"",""mem"":""124.9MiB / 122.8GiB""},{""name"":""lab-api"",""cpu"":""0.00%"",""mem"":""144.8MiB / 122.8GiB""},{""name"":""lab-wc-tls"",""cpu"":""0.00%"",""mem"":""30.18MiB / 122.8GiB""},{""name"":""lab-prestashop"",""cpu"":""0.00%"",""mem"":""109.1MiB / 122.8GiB""},{""name"":""lab-woocommerce"",""cpu"":""0.01%"",""mem"":""200.1MiB / 122.8GiB""},{""name"":""lab-redis"",""cpu"":""0.69%"",""mem"":""75.73MiB / 122.8GiB""},{""name"":""lab-postgres"",""cpu"":""19.41%"",""mem"":""244.3MiB / 122.8GiB""},{""name"":""lab-mysql"",""cpu"":""0.80%"",""mem"":""713.3MiB / 122.8GiB""},{""name"":""lab-woocommerce-mysql"",""cpu"":""0.96%"",""mem"":""485.5MiB / 122.8GiB""},{""name"":""lab-allegro-stub"",""cpu"":""0.01%"",""mem"":""30.19MiB / 122.8GiB""}]"
2026-09-09T07:57:38Z,4,3,10,53,50,2665920179,"[{""name"":""lab-worker-1"",""cpu"":""3.29%"",""mem"":""125.1MiB / 122.8GiB""},{""name"":""lab-api"",""cpu"":""0.47%"",""mem"":""145MiB / 122.8GiB""},{""name"":""lab-wc-tls"",""cpu"":""0.00%"",""mem"":""30.18MiB / 122.8GiB""},{""name"":""lab-prestashop"",""cpu"":""0.01%"",""mem"":""109.1MiB / 122.8GiB""},{""name"":""lab-woocommerce"",""cpu"":""0.01%"",""mem"":""200.1MiB / 122.8GiB""},{""name"":""lab-redis"",""cpu"":""0.82%"",""mem"":""75.74MiB / 122.8GiB""},{""name"":""lab-postgres"",""cpu"":""13.91%"",""mem"":""244.2MiB / 122.8GiB""},{""name"":""lab-mysql"",""cpu"":""0.87%"",""mem"":""713.3MiB / 122.8GiB""},{""name"":""lab-woocommerce-mysql"",""cpu"":""0.97%"",""mem"":""485.5MiB / 122.8GiB""},{""name"":""lab-allegro-stub"",""cpu"":""0.00%"",""mem"":""30.19MiB / 122.8GiB""}]"
2026-09-09T07:57:41Z,4,8,10,53,46,2665920179,"[{""name"":""lab-worker-1"",""cpu"":""3.09%"",""mem"":""124.9MiB / 122.8GiB""},{""name"":""lab-api"",""cpu"":""0.01%"",""mem"":""145MiB / 122.8GiB""},{""name"":""lab-wc-tls"",""cpu"":""0.00%"",""mem"":""30.18MiB / 122.8GiB""},{""name"":""lab-prestashop"",""cpu"":""0.01%"",""mem"":""109.1MiB / 122.8GiB""},{""name"":""lab-woocommerce"",""cpu"":""0.02%"",""mem"":""200.1MiB / 122.8GiB""},{""name"":""lab-redis"",""cpu"":""0.70%"",""mem"":""75.49MiB / 122.8GiB""},{""name"":""lab-postgres"",""cpu"":""18.03%"",""mem"":""242MiB / 122.8GiB""},{""name"":""lab-mysql"",""cpu"":""0.91%"",""mem"":""713.3MiB / 122.8GiB""},{""name"":""lab-woocommerce-mysql"",""cpu"":""0.96%"",""mem"":""485.5MiB / 122.8GiB""},{""name"":""lab-allegro-stub"",""cpu"":""4.21%"",""mem"":""30.19MiB / 122.8GiB""}]"
2026-09-09T07:57:45Z,3,12,10,53,43,2665920179,"[{""name"":""lab-worker-1"",""cpu"":""5.09%"",""mem"":""125.6MiB / 122.8GiB""},{""name"":""lab-api"",""cpu"":""0.00%"",""mem"":""145MiB / 122.8GiB""},{""name"":""lab-wc-tls"",""cpu"":""0.00%"",""mem"":""30.18MiB / 122.8GiB""},{""name"":""lab-prestashop"",""cpu"":""0.01%"",""mem"":""109.1MiB / 122.8GiB""},{""name"":""lab-woocommerce"",""cpu"":""0.01%"",""mem"":""200.1MiB / 122.8GiB""},{""name"":""lab-redis"",""cpu"":""0.72%"",""mem"":""75.49MiB / 122.8GiB""},{""name"":""lab-postgres"",""cpu"":""24.09%"",""mem"":""243.9MiB / 122.8GiB""},{""name"":""lab-mysql"",""cpu"":""0.86%"",""mem"":""713.3MiB / 122.8GiB""},{""name"":""lab-woocommerce-mysql"",""cpu"":""0.89%"",""mem"":""485.5MiB / 122.8GiB""},{""name"":""lab-allegro-stub"",""cpu"":""0.00%"",""mem"":""30.19MiB / 122.8GiB""}]"
2026-09-09T07:57:49Z,4,13,10,53,45,2665920179,"[{""name"":""lab-worker-1"",""cpu"":""12.50%"",""mem"":""125.3MiB / 122.8GiB""},{""name"":""lab-api"",""cpu"":""0.00%"",""mem"":""145.1MiB / 122.8GiB""},{""name"":""lab-wc-tls"",""cpu"":""0.00%"",""mem"":""30.18MiB / 122.8GiB""},{""name"":""lab-prestashop"",""cpu"":""0.01%"",""mem"":""109.1MiB / 122.8GiB""},{""name"":""lab-woocommerce"",""cpu"":""0.00%"",""mem"":""200.1MiB / 122.8GiB""},{""name"":""lab-redis"",""cpu"":""5.41%"",""mem"":""75.49MiB / 122.8GiB""},{""name"":""lab-postgres"",""cpu"":""20.16%"",""mem"":""244.2MiB / 122.8GiB""},{""name"":""lab-mysql"",""cpu"":""5.19%"",""mem"":""713.3MiB / 122.8GiB""},{""name"":""lab-woocommerce-mysql"",""cpu"":""0.90%"",""mem"":""485.5MiB / 122.8GiB""},{""name"":""lab-allegro-stub"",""cpu"":""0.00%"",""mem"":""30.19MiB / 122.8GiB""}]"
2026-09-09T07:57:52Z,4,13,9,53,47,2665928371,"[{""name"":""lab-worker-1"",""cpu"":""2.35%"",""mem"":""125.5MiB / 122.8GiB""},{""name"":""lab-api"",""cpu"":""0.62%"",""mem"":""145.5MiB / 122.8GiB""},{""name"":""lab-wc-tls"",""cpu"":""0.00%"",""mem"":""30.18MiB / 122.8GiB""},{""name"":""lab-prestashop"",""cpu"":""0.01%"",""mem"":""109.1MiB / 122.8GiB""},{""name"":""lab-woocommerce"",""cpu"":""0.01%"",""mem"":""200.1MiB / 122.8GiB""},{""name"":""lab-redis"",""cpu"":""0.58%"",""mem"":""75.5MiB / 122.8GiB""},{""name"":""lab-postgres"",""cpu"":""15.11%"",""mem"":""244.3MiB / 122.8GiB""},{""name"":""lab-mysql"",""cpu"":""0.87%"",""mem"":""713.3MiB / 122.8GiB""},{""name"":""lab-woocommerce-mysql"",""cpu"":""5.53%"",""mem"":""485.5MiB / 122.8GiB""},{""name"":""lab-allegro-stub"",""cpu"":""0.01%"",""mem"":""30.19MiB / 122.8GiB""}]"
2026-09-09T07:57:56Z,3,13,9,53,48,2665936563,"[{""name"":""lab-worker-1"",""cpu"":""3.25%"",""mem"":""126.4MiB / 122.8GiB""},{""name"":""lab-api"",""cpu"":""0.45%"",""mem"":""145.2MiB / 122.8GiB""},{""name"":""lab-wc-tls"",""cpu"":""0.00%"",""mem"":""30.18MiB / 122.8GiB""},{""name"":""lab-prestashop"",""cpu"":""0.01%"",""mem"":""109.1MiB / 122.8GiB""},{""name"":""lab-woocommerce"",""cpu"":""0.01%"",""mem"":""200.1MiB / 122.8GiB""},{""name"":""lab-redis"",""cpu"":""0.64%"",""mem"":""75.49MiB / 122.8GiB""},{""name"":""lab-postgres"",""cpu"":""20.11%"",""mem"":""244.3MiB / 122.8GiB""},{""name"":""lab-mysql"",""cpu"":""0.96%"",""mem"":""713.3MiB / 122.8GiB""},{""name"":""lab-woocommerce-mysql"",""cpu"":""0.97%"",""mem"":""485.5MiB / 122.8GiB""},{""name"":""lab-allegro-stub"",""cpu"":""0.01%"",""mem"":""30.19MiB / 122.8GiB""}]"
2026-09-09T07:58:00Z,4,12,10,53,49,2665936563,"[{""name"":""lab-worker-1"",""cpu"":""7.30%"",""mem"":""125.3MiB / 122.8GiB""},{""name"":""lab-api"",""cpu"":""0.00%"",""mem"":""145.2MiB / 122.8GiB""},{""name"":""lab-wc-tls"",""cpu"":""0.00%"",""mem"":""30.18MiB / 122.8GiB""},{""name"":""lab-prestashop"",""cpu"":""0.01%"",""mem"":""109.1MiB / 122.8GiB""},{""name"":""lab-woocommerce"",""cpu"":""0.01%"",""mem"":""200.1MiB / 122.8GiB""},{""name"":""lab-redis"",""cpu"":""0.75%"",""mem"":""75.49MiB / 122.8GiB""},{""name"":""lab-postgres"",""cpu"":""22.62%"",""mem"":""246.5MiB / 122.8GiB""},{""name"":""lab-mysql"",""cpu"":""1.01%"",""mem"":""713.3MiB / 122.8GiB""},{""name"":""lab-woocommerce-mysql"",""cpu"":""0.95%"",""mem"":""485.5MiB / 122.8GiB""},{""name"":""lab-allegro-stub"",""cpu"":""0.00%"",""mem"":""30.19MiB / 122.8GiB""}]"
2026-09-09T07:58:03Z,4,12,10,53,50,2665961139,"[{""name"":""lab-worker-1"",""cpu"":""3.95%"",""mem"":""125.2MiB / 122.8GiB""},{""name"":""lab-api"",""cpu"":""0.00%"",""mem"":""145.2MiB / 122.8GiB""},{""name"":""lab-wc-tls"",""cpu"":""0.00%"",""mem"":""30.18MiB / 122.8GiB""},{""name"":""lab-prestashop"",""cpu"":""0.01%"",""mem"":""109MiB / 122.8GiB""},{""name"":""lab-woocommerce"",""cpu"":""0.01%"",""mem"":""200.1MiB / 122.8GiB""},{""name"":""lab-redis"",""cpu"":""0.81%"",""mem"":""75.49MiB / 122.8GiB""},{""name"":""lab-postgres"",""cpu"":""1.67%"",""mem"":""246.6MiB / 122.8GiB""},{""name"":""lab-mysql"",""cpu"":""1.09%"",""mem"":""713.3MiB / 122.8GiB""},{""name"":""lab-woocommerce-mysql"",""cpu"":""1.04%"",""mem"":""485.5MiB / 122.8GiB""},{""name"":""lab-allegro-stub"",""cpu"":""0.00%"",""mem"":""30.19MiB / 122.8GiB""}]"
2026-09-09T07:58:07Z,3,8,10,53,54,2665961139,"[{""name"":""lab-worker-1"",""cpu"":""3.90%"",""mem"":""125.2MiB / 122.8GiB""},{""name"":""lab-api"",""cpu"":""0.00%"",""mem"":""145.2MiB / 122.8GiB""},{""name"":""lab-wc-tls"",""cpu"":""0.00%"",""mem"":""30.18MiB / 122.8GiB""},{""name"":""lab-prestashop"",""cpu"":""0.01%"",""mem"":""109MiB / 122.8GiB""},{""name"":""lab-woocommerce"",""cpu"":""0.01%"",""mem"":""200.1MiB / 122.8GiB""},{""name"":""lab-redis"",""cpu"":""0.70%"",""mem"":""75.49MiB / 122.8GiB""},{""name"":""lab-postgres"",""cpu"":""14.30%"",""mem"":""246.6MiB / 122.8GiB""},{""name"":""lab-mysql"",""cpu"":""0.98%"",""mem"":""713.3MiB / 122.8GiB""},{""name"":""lab-woocommerce-mysql"",""cpu"":""0.99%"",""mem"":""485.5MiB / 122.8GiB""},{""name"":""lab-allegro-stub"",""cpu"":""0.00%"",""mem"":""30.19MiB / 122.8GiB""}]"
2026-09-09T07:58:11Z,4,5,9,53,58,2665961139,"[{""name"":""lab-worker-1"",""cpu"":""3.02%"",""mem"":""125.6MiB / 122.8GiB""},{""name"":""lab-api"",""cpu"":""0.00%"",""mem"":""145.2MiB / 122.8GiB""},{""name"":""lab-wc-tls"",""cpu"":""0.00%"",""mem"":""30.18MiB / 122.8GiB""},{""name"":""lab-prestashop"",""cpu"":""0.01%"",""mem"":""109MiB / 122.8GiB""},{""name"":""lab-woocommerce"",""cpu"":""0.01%"",""mem"":""200.1MiB / 122.8GiB""},{""name"":""lab-redis"",""cpu"":""0.51%"",""mem"":""75.49MiB / 122.8GiB""},{""name"":""lab-postgres"",""cpu"":""25.88%"",""mem"":""244.8MiB / 122.8GiB""},{""name"":""lab-mysql"",""cpu"":""0.95%"",""mem"":""713.3MiB / 122.8GiB""},{""name"":""lab-woocommerce-mysql"",""cpu"":""0.84%"",""mem"":""485.5MiB / 122.8GiB""},{""name"":""lab-allegro-stub"",""cpu"":""0.00%"",""mem"":""30.19MiB / 122.8GiB""}]"
2026-09-09T07:58:15Z,4,4,8,54,60,2665961139,"[{""name"":""lab-worker-1"",""cpu"":""2.39%"",""mem"":""125.8MiB / 122.8GiB""},{""name"":""lab-api"",""cpu"":""0.00%"",""mem"":""145.2MiB / 122.8GiB""},{""name"":""lab-wc-tls"",""cpu"":""0.00%"",""mem"":""30.18MiB / 122.8GiB""},{""name"":""lab-prestashop"",""cpu"":""0.00%"",""mem"":""109MiB / 122.8GiB""},{""name"":""lab-woocommerce"",""cpu"":""0.00%"",""mem"":""200.1MiB / 122.8GiB""},{""name"":""lab-redis"",""cpu"":""0.70%"",""mem"":""75.74MiB / 122.8GiB""},{""name"":""lab-postgres"",""cpu"":""12.32%"",""mem"":""244.5MiB / 122.8GiB""},{""name"":""lab-mysql"",""cpu"":""0.99%"",""mem"":""713.3MiB / 122.8GiB""},{""name"":""lab-woocommerce-mysql"",""cpu"":""0.96%"",""mem"":""485.5MiB / 122.8GiB""},{""name"":""lab-allegro-stub"",""cpu"":""0.00%"",""mem"":""30.19MiB / 122.8GiB""}]"
2026-09-09T07:58:18Z,4,2,8,54,61,2665961139,"[{""name"":""lab-worker-1"",""cpu"":""2.50%"",""mem"":""125.4MiB / 122.8GiB""},{""name"":""lab-api"",""cpu"":""0.00%"",""mem"":""145.2MiB / 122.8GiB""},{""name"":""lab-wc-tls"",""cpu"":""0.00%"",""mem"":""30.18MiB / 122.8GiB""},{""name"":""lab-prestashop"",""cpu"":""0.01%"",""mem"":""109MiB / 122.8GiB""},{""name"":""lab-woocommerce"",""cpu"":""0.01%"",""mem"":""200.1MiB / 122.8GiB""},{""name"":""lab-redis"",""cpu"":""4.32%"",""mem"":""82.52MiB / 122.8GiB""},{""name"":""lab-postgres"",""cpu"":""13.22%"",""mem"":""244.3MiB / 122.8GiB""},{""name"":""lab-mysql"",""cpu"":""4.33%"",""mem"":""722.5MiB / 122.8GiB""},{""name"":""lab-woocommerce-mysql"",""cpu"":""0.92%"",""mem"":""485.5MiB / 122.8GiB""},{""name"":""lab-allegro-stub"",""cpu"":""0.00%"",""mem"":""30.19MiB / 122.8GiB""}]"
2026-09-09T07:58:22Z,3,4,10,54,58,2665961139,"[{""name"":""lab-worker-1"",""cpu"":""3.71%"",""mem"":""126.6MiB / 122.8GiB""},{""name"":""lab-api"",""cpu"":""0.00%"",""mem"":""145.2MiB / 122.8GiB""},{""name"":""lab-wc-tls"",""cpu"":""0.00%"",""mem"":""30.18MiB / 122.8GiB""},{""name"":""lab-prestashop"",""cpu"":""0.01%"",""mem"":""109MiB / 122.8GiB""},{""name"":""lab-woocommerce"",""cpu"":""0.01%"",""mem"":""200.1MiB / 122.8GiB""},{""name"":""lab-redis"",""cpu"":""0.67%"",""mem"":""75.74MiB / 122.8GiB""},{""name"":""lab-postgres"",""cpu"":""30.32%"",""mem"":""244.4MiB / 122.8GiB""},{""name"":""lab-mysql"",""cpu"":""0.89%"",""mem"":""713.3MiB / 122.8GiB""},{""name"":""lab-woocommerce-mysql"",""cpu"":""0.88%"",""mem"":""485.5MiB / 122.8GiB""},{""name"":""lab-allegro-stub"",""cpu"":""4.23%"",""mem"":""30.23MiB / 122.8GiB""}]"
2026-09-09T07:58:26Z,4,2,9,57,58,2665961139,"[{""name"":""lab-worker-1"",""cpu"":""9.28%"",""mem"":""126MiB / 122.8GiB""},{""name"":""lab-api"",""cpu"":""0.00%"",""mem"":""145.2MiB / 122.8GiB""},{""name"":""lab-wc-tls"",""cpu"":""0.00%"",""mem"":""30.18MiB / 122.8GiB""},{""name"":""lab-prestashop"",""cpu"":""0.01%"",""mem"":""109MiB / 122.8GiB""},{""name"":""lab-woocommerce"",""cpu"":""0.01%"",""mem"":""200.1MiB / 122.8GiB""},{""name"":""lab-redis"",""cpu"":""0.76%"",""mem"":""75.74MiB / 122.8GiB""},{""name"":""lab-postgres"",""cpu"":""1.28%"",""mem"":""244.3MiB / 122.8GiB""},{""name"":""lab-mysql"",""cpu"":""0.92%"",""mem"":""713.3MiB / 122.8GiB""},{""name"":""lab-woocommerce-mysql"",""cpu"":""0.99%"",""mem"":""485.5MiB / 122.8GiB""},{""name"":""lab-allegro-stub"",""cpu"":""0.00%"",""mem"":""30.19MiB / 122.8GiB""}]"
2026-09-09T07:58:29Z,4,0,7,59,59,2665961139,"[{""name"":""lab-worker-1"",""cpu"":""3.61%"",""mem"":""125.5MiB / 122.8GiB""},{""name"":""lab-api"",""cpu"":""0.00%"",""mem"":""145.2MiB / 122.8GiB""},{""name"":""lab-wc-tls"",""cpu"":""0.00%"",""mem"":""30.18MiB / 122.8GiB""},{""name"":""lab-prestashop"",""cpu"":""0.01%"",""mem"":""109MiB / 122.8GiB""},{""name"":""lab-woocommerce"",""cpu"":""0.01%"",""mem"":""200.1MiB / 122.8GiB""},{""name"":""lab-redis"",""cpu"":""0.66%"",""mem"":""75.49MiB / 122.8GiB""},{""name"":""lab-postgres"",""cpu"":""14.41%"",""mem"":""242.2MiB / 122.8GiB""},{""name"":""lab-mysql"",""cpu"":""1.02%"",""mem"":""713.3MiB / 122.8GiB""},{""name"":""lab-woocommerce-mysql"",""cpu"":""0.99%"",""mem"":""485.5MiB / 122.8GiB""},{""name"":""lab-allegro-stub"",""cpu"":""0.00%"",""mem"":""30.2MiB / 122.8GiB""}]"
2026-09-09T07:58:33Z,3,0,6,63,56,2665961139,"[{""name"":""lab-worker-1"",""cpu"":""6.05%"",""mem"":""124.3MiB / 122.8GiB""},{""name"":""lab-api"",""cpu"":""0.00%"",""mem"":""145.2MiB / 122.8GiB""},{""name"":""lab-wc-tls"",""cpu"":""0.00%"",""mem"":""30.18MiB / 122.8GiB""},{""name"":""lab-prestashop"",""cpu"":""5.14%"",""mem"":""109.1MiB / 122.8GiB""},{""name"":""lab-woocommerce"",""cpu"":""0.01%"",""mem"":""200.2MiB / 122.8GiB""},{""name"":""lab-redis"",""cpu"":""0.55%"",""mem"":""75.49MiB / 122.8GiB""},{""name"":""lab-postgres"",""cpu"":""13.39%"",""mem"":""244.4MiB / 122.8GiB""},{""name"":""lab-mysql"",""cpu"":""1.41%"",""mem"":""713.3MiB / 122.8GiB""},{""name"":""lab-woocommerce-mysql"",""cpu"":""5.55%"",""mem"":""485.5MiB / 122.8GiB""},{""name"":""lab-allegro-stub"",""cpu"":""0.00%"",""mem"":""30.19MiB / 122.8GiB""}]"
2026-09-09T07:58:37Z,4,1,7,64,52,2665961139,"[{""name"":""lab-worker-1"",""cpu"":""2.15%"",""mem"":""123.8MiB / 122.8GiB""},{""name"":""lab-api"",""cpu"":""0.00%"",""mem"":""145.2MiB / 122.8GiB""},{""name"":""lab-wc-tls"",""cpu"":""0.00%"",""mem"":""30.18MiB / 122.8GiB""},{""name"":""lab-prestashop"",""cpu"":""0.01%"",""mem"":""109MiB / 122.8GiB""},{""name"":""lab-woocommerce"",""cpu"":""0.01%"",""mem"":""200.1MiB / 122.8GiB""},{""name"":""lab-redis"",""cpu"":""0.59%"",""mem"":""75.49MiB / 122.8GiB""},{""name"":""lab-postgres"",""cpu"":""24.04%"",""mem"":""247.5MiB / 122.8GiB""},{""name"":""lab-mysql"",""cpu"":""0.90%"",""mem"":""713.3MiB / 122.8GiB""},{""name"":""lab-woocommerce-mysql"",""cpu"":""0.93%"",""mem"":""485.5MiB / 122.8GiB""},{""name"":""lab-allegro-stub"",""cpu"":""3.40%"",""mem"":""30.22MiB / 122.8GiB""}]"
2026-09-09T07:58:40Z,4,0,8,66,51,2665961139,"[{""name"":""lab-worker-1"",""cpu"":""1.45%"",""mem"":""124MiB / 122.8GiB""},{""name"":""lab-api"",""cpu"":""0.00%"",""mem"":""145.2MiB / 122.8GiB""},{""name"":""lab-wc-tls"",""cpu"":""0.00%"",""mem"":""30.18MiB / 122.8GiB""},{""name"":""lab-prestashop"",""cpu"":""0.01%"",""mem"":""109MiB / 122.8GiB""},{""name"":""lab-woocommerce"",""cpu"":""0.01%"",""mem"":""200.1MiB / 122.8GiB""},{""name"":""lab-redis"",""cpu"":""0.40%"",""mem"":""75.49MiB / 122.8GiB""},{""name"":""lab-postgres"",""cpu"":""13.23%"",""mem"":""244.2MiB / 122.8GiB""},{""name"":""lab-mysql"",""cpu"":""0.88%"",""mem"":""713.3MiB / 122.8GiB""},{""name"":""lab-woocommerce-mysql"",""cpu"":""0.97%"",""mem"":""485.5MiB / 122.8GiB""},{""name"":""lab-allegro-stub"",""cpu"":""0.00%"",""mem"":""30.19MiB / 122.8GiB""}]"
2026-09-09T07:58:44Z,4,0,6,69,51,2665961139,"[{""name"":""lab-worker-1"",""cpu"":""0.93%"",""mem"":""124.1MiB / 122.8GiB""},{""name"":""lab-api"",""cpu"":""0.00%"",""mem"":""145.2MiB / 122.8GiB""},{""name"":""lab-wc-tls"",""cpu"":""0.00%"",""mem"":""30.18MiB / 122.8GiB""},{""name"":""lab-prestashop"",""cpu"":""0.01%"",""mem"":""109MiB / 122.8GiB""},{""name"":""lab-woocommerce"",""cpu"":""0.01%"",""mem"":""200.1MiB / 122.8GiB""},{""name"":""lab-redis"",""cpu"":""0.32%"",""mem"":""75.74MiB / 122.8GiB""},{""name"":""lab-postgres"",""cpu"":""12.83%"",""mem"":""244.5MiB / 122.8GiB""},{""name"":""lab-mysql"",""cpu"":""0.94%"",""mem"":""713.3MiB / 122.8GiB""},{""name"":""lab-woocommerce-mysql"",""cpu"":""0.99%"",""mem"":""485.5MiB / 122.8GiB""},{""name"":""lab-allegro-stub"",""cpu"":""0.00%"",""mem"":""30.19MiB / 122.8GiB""}]"
2026-09-09T07:58:48Z,3,0,2,69,55,2665961139,"[{""name"":""lab-worker-1"",""cpu"":""1.44%"",""mem"":""123.9MiB / 122.8GiB""},{""name"":""lab-api"",""cpu"":""0.00%"",""mem"":""145.2MiB / 122.8GiB""},{""name"":""lab-wc-tls"",""cpu"":""0.00%"",""mem"":""30.18MiB / 122.8GiB""},{""name"":""lab-prestashop"",""cpu"":""0.01%"",""mem"":""109MiB / 122.8GiB""},{""name"":""lab-woocommerce"",""cpu"":""0.00%"",""mem"":""200.1MiB / 122.8GiB""},{""name"":""lab-redis"",""cpu"":""0.32%"",""mem"":""75.49MiB / 122.8GiB""},{""name"":""lab-postgres"",""cpu"":""26.50%"",""mem"":""242.3MiB / 122.8GiB""},{""name"":""lab-mysql"",""cpu"":""0.86%"",""mem"":""713.3MiB / 122.8GiB""},{""name"":""lab-woocommerce-mysql"",""cpu"":""0.88%"",""mem"":""485.5MiB / 122.8GiB""},{""name"":""lab-allegro-stub"",""cpu"":""0.00%"",""mem"":""30.19MiB / 122.8GiB""}]"
2026-09-09T07:58:52Z,4,1,3,69,52,2665961139,"[{""name"":""lab-worker-1"",""cpu"":""0.86%"",""mem"":""124.5MiB / 122.8GiB""},{""name"":""lab-api"",""cpu"":""0.00%"",""mem"":""145.2MiB / 122.8GiB""},{""name"":""lab-wc-tls"",""cpu"":""0.00%"",""mem"":""30.18MiB / 122.8GiB""},{""name"":""lab-prestashop"",""cpu"":""0.01%"",""mem"":""109MiB / 122.8GiB""},{""name"":""lab-woocommerce"",""cpu"":""0.01%"",""mem"":""200.1MiB / 122.8GiB""},{""name"":""lab-redis"",""cpu"":""0.40%"",""mem"":""75.49MiB / 122.8GiB""},{""name"":""lab-postgres"",""cpu"":""5.74%"",""mem"":""244.3MiB / 122.8GiB""},{""name"":""lab-mysql"",""cpu"":""0.93%"",""mem"":""713.3MiB / 122.8GiB""},{""name"":""lab-woocommerce-mysql"",""cpu"":""0.94%"",""mem"":""485.5MiB / 122.8GiB""},{""name"":""lab-allegro-stub"",""cpu"":""4.14%"",""mem"":""30.21MiB / 122.8GiB""}]"
2026-09-09T07:58:55Z,4,0,5,69,51,2665961139,"[{""name"":""lab-worker-1"",""cpu"":""0.95%"",""mem"":""124.5MiB / 122.8GiB""},{""name"":""lab-api"",""cpu"":""0.00%"",""mem"":""145.2MiB / 122.8GiB""},{""name"":""lab-wc-tls"",""cpu"":""0.00%"",""mem"":""30.18MiB / 122.8GiB""},{""name"":""lab-prestashop"",""cpu"":""0.01%"",""mem"":""109MiB / 122.8GiB""},{""name"":""lab-woocommerce"",""cpu"":""0.01%"",""mem"":""200.1MiB / 122.8GiB""},{""name"":""lab-redis"",""cpu"":""0.41%"",""mem"":""75.49MiB / 122.8GiB""},{""name"":""lab-postgres"",""cpu"":""12.41%"",""mem"":""244.6MiB / 122.8GiB""},{""name"":""lab-mysql"",""cpu"":""0.96%"",""mem"":""713.3MiB / 122.8GiB""},{""name"":""lab-woocommerce-mysql"",""cpu"":""0.85%"",""mem"":""485.5MiB / 122.8GiB""},{""name"":""lab-allegro-stub"",""cpu"":""0.00%"",""mem"":""30.19MiB / 122.8GiB""}]"
2026-09-09T07:58:59Z,3,1,6,69,49,2665961139,"[{""name"":""lab-worker-1"",""cpu"":""4.55%"",""mem"":""124.3MiB / 122.8GiB""},{""name"":""lab-api"",""cpu"":""0.00%"",""mem"":""145.2MiB / 122.8GiB""},{""name"":""lab-wc-tls"",""cpu"":""0.00%"",""mem"":""30.18MiB / 122.8GiB""},{""name"":""lab-prestashop"",""cpu"":""0.01%"",""mem"":""109MiB / 122.8GiB""},{""name"":""lab-woocommerce"",""cpu"":""0.01%"",""mem"":""200.1MiB / 122.8GiB""},{""name"":""lab-redis"",""cpu"":""4.67%"",""mem"":""75.77MiB / 122.8GiB""},{""name"":""lab-postgres"",""cpu"":""14.49%"",""mem"":""242MiB / 122.8GiB""},{""name"":""lab-mysql"",""cpu"":""5.34%"",""mem"":""713.3MiB / 122.8GiB""},{""name"":""lab-woocommerce-mysql"",""cpu"":""0.87%"",""mem"":""485.5MiB / 122.8GiB""},{""name"":""lab-allegro-stub"",""cpu"":""0.00%"",""mem"":""30.19MiB / 122.8GiB""}]"
2026-09-09T07:59:03Z,4,1,8,69,47,2665961139,"[{""name"":""lab-worker-1"",""cpu"":""4.43%"",""mem"":""124MiB / 122.8GiB""},{""name"":""lab-api"",""cpu"":""0.00%"",""mem"":""145.2MiB / 122.8GiB""},{""name"":""lab-wc-tls"",""cpu"":""0.00%"",""mem"":""30.18MiB / 122.8GiB""},{""name"":""lab-prestashop"",""cpu"":""5.22%"",""mem"":""109.1MiB / 122.8GiB""},{""name"":""lab-woocommerce"",""cpu"":""0.01%"",""mem"":""200.1MiB / 122.8GiB""},{""name"":""lab-redis"",""cpu"":""0.64%"",""mem"":""75.49MiB / 122.8GiB""},{""name"":""lab-postgres"",""cpu"":""16.54%"",""mem"":""245.8MiB / 122.8GiB""},{""name"":""lab-mysql"",""cpu"":""1.31%"",""mem"":""713.3MiB / 122.8GiB""},{""name"":""lab-woocommerce-mysql"",""cpu"":""4.00%"",""mem"":""485.5MiB / 122.8GiB""},{""name"":""lab-allegro-stub"",""cpu"":""0.00%"",""mem"":""30.19MiB / 122.8GiB""}]"
2026-09-09T07:59:06Z,4,0,8,72,45,2665961139,"[{""name"":""lab-worker-1"",""cpu"":""4.28%"",""mem"":""123.8MiB / 122.8GiB""},{""name"":""lab-api"",""cpu"":""0.00%"",""mem"":""145.2MiB / 122.8GiB""},{""name"":""lab-wc-tls"",""cpu"":""0.00%"",""mem"":""30.18MiB / 122.8GiB""},{""name"":""lab-prestashop"",""cpu"":""0.01%"",""mem"":""109MiB / 122.8GiB""},{""name"":""lab-woocommerce"",""cpu"":""0.01%"",""mem"":""200.1MiB / 122.8GiB""},{""name"":""lab-redis"",""cpu"":""0.70%"",""mem"":""75.5MiB / 122.8GiB""},{""name"":""lab-postgres"",""cpu"":""13.87%"",""mem"":""244.2MiB / 122.8GiB""},{""name"":""lab-mysql"",""cpu"":""0.88%"",""mem"":""713.3MiB / 122.8GiB""},{""name"":""lab-woocommerce-mysql"",""cpu"":""0.88%"",""mem"":""485.5MiB / 122.8GiB""},{""name"":""lab-allegro-stub"",""cpu"":""0.00%"",""mem"":""30.19MiB / 122.8GiB""}]"
2026-09-09T07:59:10Z,3,0,8,75,42,2665961139,"[{""name"":""lab-worker-1"",""cpu"":""1.96%"",""mem"":""124MiB / 122.8GiB""},{""name"":""lab-api"",""cpu"":""0.00%"",""mem"":""145.8MiB / 122.8GiB""},{""name"":""lab-wc-tls"",""cpu"":""0.00%"",""mem"":""30.18MiB / 122.8GiB""},{""name"":""lab-prestashop"",""cpu"":""0.01%"",""mem"":""109MiB / 122.8GiB""},{""name"":""lab-woocommerce"",""cpu"":""0.00%"",""mem"":""200.1MiB / 122.8GiB""},{""name"":""lab-redis"",""cpu"":""0.39%"",""mem"":""75.74MiB / 122.8GiB""},{""name"":""lab-postgres"",""cpu"":""12.45%"",""mem"":""244.2MiB / 122.8GiB""},{""name"":""lab-mysql"",""cpu"":""0.92%"",""mem"":""713.3MiB / 122.8GiB""},{""name"":""lab-woocommerce-mysql"",""cpu"":""0.91%"",""mem"":""485.5MiB / 122.8GiB""},{""name"":""lab-allegro-stub"",""cpu"":""0.00%"",""mem"":""30.19MiB / 122.8GiB""}]"
2026-09-09T07:59:14Z,4,1,8,76,40,2665961139,"[{""name"":""lab-worker-1"",""cpu"":""5.00%"",""mem"":""124.6MiB / 122.8GiB""},{""name"":""lab-api"",""cpu"":""0.00%"",""mem"":""145.8MiB / 122.8GiB""},{""name"":""lab-wc-tls"",""cpu"":""0.00%"",""mem"":""30.18MiB / 122.8GiB""},{""name"":""lab-prestashop"",""cpu"":""0.01%"",""mem"":""109MiB / 122.8GiB""},{""name"":""lab-woocommerce"",""cpu"":""0.00%"",""mem"":""200.1MiB / 122.8GiB""},{""name"":""lab-redis"",""cpu"":""0.75%"",""mem"":""75.75MiB / 122.8GiB""},{""name"":""lab-postgres"",""cpu"":""25.21%"",""mem"":""244.5MiB / 122.8GiB""},{""name"":""lab-mysql"",""cpu"":""0.86%"",""mem"":""713.3MiB / 122.8GiB""},{""name"":""lab-woocommerce-mysql"",""cpu"":""0.85%"",""mem"":""485.5MiB / 122.8GiB""},{""name"":""lab-allegro-stub"",""cpu"":""0.00%"",""mem"":""30.2MiB / 122.8GiB""}]"
2026-09-09T07:59:18Z,4,0,8,81,34,2665961139,"[{""name"":""lab-worker-1"",""cpu"":""3.73%"",""mem"":""124.5MiB / 122.8GiB""},{""name"":""lab-api"",""cpu"":""0.00%"",""mem"":""145.8MiB / 122.8GiB""},{""name"":""lab-wc-tls"",""cpu"":""0.00%"",""mem"":""30.18MiB / 122.8GiB""},{""name"":""lab-prestashop"",""cpu"":""0.01%"",""mem"":""109MiB / 122.8GiB""},{""name"":""lab-woocommerce"",""cpu"":""0.01%"",""mem"":""200.1MiB / 122.8GiB""},{""name"":""lab-redis"",""cpu"":""0.43%"",""mem"":""75.74MiB / 122.8GiB""},{""name"":""lab-postgres"",""cpu"":""13.05%"",""mem"":""244.6MiB / 122.8GiB""},{""name"":""lab-mysql"",""cpu"":""0.94%"",""mem"":""713.3MiB / 122.8GiB""},{""name"":""lab-woocommerce-mysql"",""cpu"":""0.96%"",""mem"":""485.5MiB / 122.8GiB""},{""name"":""lab-allegro-stub"",""cpu"":""4.16%"",""mem"":""30.27MiB / 122.8GiB""}]"
2026-09-09T07:59:21Z,4,3,8,83,32,2665961139,"[{""name"":""lab-worker-1"",""cpu"":""3.32%"",""mem"":""124.5MiB / 122.8GiB""},{""name"":""lab-api"",""cpu"":""0.00%"",""mem"":""145.8MiB / 122.8GiB""},{""name"":""lab-wc-tls"",""cpu"":""0.00%"",""mem"":""30.18MiB / 122.8GiB""},{""name"":""lab-prestashop"",""cpu"":""0.01%"",""mem"":""109MiB / 122.8GiB""},{""name"":""lab-woocommerce"",""cpu"":""0.01%"",""mem"":""200.1MiB / 122.8GiB""},{""name"":""lab-redis"",""cpu"":""0.47%"",""mem"":""75.74MiB / 122.8GiB""},{""name"":""lab-postgres"",""cpu"":""6.85%"",""mem"":""244.2MiB / 122.8GiB""},{""name"":""lab-mysql"",""cpu"":""0.83%"",""mem"":""713.3MiB / 122.8GiB""},{""name"":""lab-woocommerce-mysql"",""cpu"":""0.84%"",""mem"":""485.5MiB / 122.8GiB""},{""name"":""lab-allegro-stub"",""cpu"":""0.00%"",""mem"":""30.19MiB / 122.8GiB""}]"
2026-09-09T07:59:25Z,3,0,5,89,30,2665961139,"[{""name"":""lab-worker-1"",""cpu"":""5.67%"",""mem"":""123.8MiB / 122.8GiB""},{""name"":""lab-api"",""cpu"":""0.00%"",""mem"":""145.8MiB / 122.8GiB""},{""name"":""lab-wc-tls"",""cpu"":""0.00%"",""mem"":""30.18MiB / 122.8GiB""},{""name"":""lab-prestashop"",""cpu"":""0.01%"",""mem"":""109MiB / 122.8GiB""},{""name"":""lab-woocommerce"",""cpu"":""0.01%"",""mem"":""200.1MiB / 122.8GiB""},{""name"":""lab-redis"",""cpu"":""0.44%"",""mem"":""75.49MiB / 122.8GiB""},{""name"":""lab-postgres"",""cpu"":""6.21%"",""mem"":""252.2MiB / 122.8GiB""},{""name"":""lab-mysql"",""cpu"":""0.94%"",""mem"":""713.3MiB / 122.8GiB""},{""name"":""lab-woocommerce-mysql"",""cpu"":""0.89%"",""mem"":""485.5MiB / 122.8GiB""},{""name"":""lab-allegro-stub"",""cpu"":""0.00%"",""mem"":""30.2MiB / 122.8GiB""}]"
2026-09-09T07:59:29Z,4,1,8,91,26,2665961139,"[{""name"":""lab-worker-1"",""cpu"":""2.60%"",""mem"":""124.3MiB / 122.8GiB""},{""name"":""lab-api"",""cpu"":""0.00%"",""mem"":""145.8MiB / 122.8GiB""},{""name"":""lab-wc-tls"",""cpu"":""0.00%"",""mem"":""30.18MiB / 122.8GiB""},{""name"":""lab-prestashop"",""cpu"":""0.01%"",""mem"":""109MiB / 122.8GiB""},{""name"":""lab-woocommerce"",""cpu"":""0.01%"",""mem"":""200.1MiB / 122.8GiB""},{""name"":""lab-redis"",""cpu"":""4.61%"",""mem"":""76.89MiB / 122.8GiB""},{""name"":""lab-postgres"",""cpu"":""13.05%"",""mem"":""244.4MiB / 122.8GiB""},{""name"":""lab-mysql"",""cpu"":""3.86%"",""mem"":""718.5MiB / 122.8GiB""},{""name"":""lab-woocommerce-mysql"",""cpu"":""0.93%"",""mem"":""485.5MiB / 122.8GiB""},{""name"":""lab-allegro-stub"",""cpu"":""0.00%"",""mem"":""30.19MiB / 122.8GiB""}]"
2026-09-09T07:59:32Z,4,0,6,94,25,2665961139,"[{""name"":""lab-worker-1"",""cpu"":""1.66%"",""mem"":""123.8MiB / 122.8GiB""},{""name"":""lab-api"",""cpu"":""0.00%"",""mem"":""145.8MiB / 122.8GiB""},{""name"":""lab-wc-tls"",""cpu"":""0.00%"",""mem"":""30.18MiB / 122.8GiB""},{""name"":""lab-prestashop"",""cpu"":""5.45%"",""mem"":""109.1MiB / 122.8GiB""},{""name"":""lab-woocommerce"",""cpu"":""19.95%"",""mem"":""200.4MiB / 122.8GiB""},{""name"":""lab-redis"",""cpu"":""0.39%"",""mem"":""75.49MiB / 122.8GiB""},{""name"":""lab-postgres"",""cpu"":""18.17%"",""mem"":""244.3MiB / 122.8GiB""},{""name"":""lab-mysql"",""cpu"":""1.23%"",""mem"":""713.3MiB / 122.8GiB""},{""name"":""lab-woocommerce-mysql"",""cpu"":""5.46%"",""mem"":""485.5MiB / 122.8GiB""},{""name"":""lab-allegro-stub"",""cpu"":""4.06%"",""mem"":""30.2MiB / 122.8GiB""}]"
2026-09-09T07:59:36Z,3,0,3,98,24,2665961139,"[{""name"":""lab-worker-1"",""cpu"":""1.33%"",""mem"":""123.8MiB / 122.8GiB""},{""name"":""lab-api"",""cpu"":""0.00%"",""mem"":""145.8MiB / 122.8GiB""},{""name"":""lab-wc-tls"",""cpu"":""0.00%"",""mem"":""30.18MiB / 122.8GiB""},{""name"":""lab-prestashop"",""cpu"":""0.01%"",""mem"":""109MiB / 122.8GiB""},{""name"":""lab-woocommerce"",""cpu"":""0.01%"",""mem"":""200.1MiB / 122.8GiB""},{""name"":""lab-redis"",""cpu"":""0.32%"",""mem"":""75.49MiB / 122.8GiB""},{""name"":""lab-postgres"",""cpu"":""12.97%"",""mem"":""244.7MiB / 122.8GiB""},{""name"":""lab-mysql"",""cpu"":""0.96%"",""mem"":""713.3MiB / 122.8GiB""},{""name"":""lab-woocommerce-mysql"",""cpu"":""0.99%"",""mem"":""485.5MiB / 122.8GiB""},{""name"":""lab-allegro-stub"",""cpu"":""4.08%"",""mem"":""30.23MiB / 122.8GiB""}]"
2026-09-09T07:59:40Z,4,0,2,100,23,2665961139,"[{""name"":""lab-worker-1"",""cpu"":""0.42%"",""mem"":""123.8MiB / 122.8GiB""},{""name"":""lab-api"",""cpu"":""0.00%"",""mem"":""145.8MiB / 122.8GiB""},{""name"":""lab-wc-tls"",""cpu"":""0.00%"",""mem"":""30.18MiB / 122.8GiB""},{""name"":""lab-prestashop"",""cpu"":""0.01%"",""mem"":""109MiB / 122.8GiB""},{""name"":""lab-woocommerce"",""cpu"":""0.01%"",""mem"":""200.1MiB / 122.8GiB""},{""name"":""lab-redis"",""cpu"":""0.30%"",""mem"":""75.74MiB / 122.8GiB""},{""name"":""lab-postgres"",""cpu"":""24.72%"",""mem"":""242MiB / 122.8GiB""},{""name"":""lab-mysql"",""cpu"":""0.96%"",""mem"":""713.3MiB / 122.8GiB""},{""name"":""lab-woocommerce-mysql"",""cpu"":""1.02%"",""mem"":""485.5MiB / 122.8GiB""},{""name"":""lab-allegro-stub"",""cpu"":""0.00%"",""mem"":""30.19MiB / 122.8GiB""}]"
2026-09-09T07:59:43Z,4,0,2,101,22,2665961139,"[{""name"":""lab-worker-1"",""cpu"":""2.00%"",""mem"":""124MiB / 122.8GiB""},{""name"":""lab-api"",""cpu"":""0.00%"",""mem"":""145.8MiB / 122.8GiB""},{""name"":""lab-wc-tls"",""cpu"":""0.00%"",""mem"":""30.18MiB / 122.8GiB""},{""name"":""lab-prestashop"",""cpu"":""0.01%"",""mem"":""109MiB / 122.8GiB""},{""name"":""lab-woocommerce"",""cpu"":""0.01%"",""mem"":""200.1MiB / 122.8GiB""},{""name"":""lab-redis"",""cpu"":""0.40%"",""mem"":""75.49MiB / 122.8GiB""},{""name"":""lab-postgres"",""cpu"":""13.79%"",""mem"":""242MiB / 122.8GiB""},{""name"":""lab-mysql"",""cpu"":""0.94%"",""mem"":""713.3MiB / 122.8GiB""},{""name"":""lab-woocommerce-mysql"",""cpu"":""5.35%"",""mem"":""485.5MiB / 122.8GiB""},{""name"":""lab-allegro-stub"",""cpu"":""0.01%"",""mem"":""30.19MiB / 122.8GiB""}]"
2026-09-09T07:59:47Z,3,0,3,102,20,2665961139,"[{""name"":""lab-worker-1"",""cpu"":""2.47%"",""mem"":""124.8MiB / 122.8GiB""},{""name"":""lab-api"",""cpu"":""0.00%"",""mem"":""145.8MiB / 122.8GiB""},{""name"":""lab-wc-tls"",""cpu"":""0.00%"",""mem"":""30.18MiB / 122.8GiB""},{""name"":""lab-prestashop"",""cpu"":""0.00%"",""mem"":""109MiB / 122.8GiB""},{""name"":""lab-woocommerce"",""cpu"":""0.01%"",""mem"":""200.1MiB / 122.8GiB""},{""name"":""lab-redis"",""cpu"":""0.51%"",""mem"":""75.5MiB / 122.8GiB""},{""name"":""lab-postgres"",""cpu"":""13.98%"",""mem"":""244.2MiB / 122.8GiB""},{""name"":""lab-mysql"",""cpu"":""0.94%"",""mem"":""713.3MiB / 122.8GiB""},{""name"":""lab-woocommerce-mysql"",""cpu"":""0.96%"",""mem"":""485.5MiB / 122.8GiB""},{""name"":""lab-allegro-stub"",""cpu"":""4.36%"",""mem"":""30.27MiB / 122.8GiB""}]"
2026-09-09T07:59:51Z,4,0,6,103,15,2665961139,"[{""name"":""lab-worker-1"",""cpu"":""3.35%"",""mem"":""124.1MiB / 122.8GiB""},{""name"":""lab-api"",""cpu"":""0.00%"",""mem"":""145.8MiB / 122.8GiB""},{""name"":""lab-wc-tls"",""cpu"":""0.00%"",""mem"":""30.18MiB / 122.8GiB""},{""name"":""lab-prestashop"",""cpu"":""0.01%"",""mem"":""109MiB / 122.8GiB""},{""name"":""lab-woocommerce"",""cpu"":""0.01%"",""mem"":""200.1MiB / 122.8GiB""},{""name"":""lab-redis"",""cpu"":""0.70%"",""mem"":""75.74MiB / 122.8GiB""},{""name"":""lab-postgres"",""cpu"":""17.90%"",""mem"":""244.4MiB / 122.8GiB""},{""name"":""lab-mysql"",""cpu"":""0.89%"",""mem"":""713.3MiB / 122.8GiB""},{""name"":""lab-woocommerce-mysql"",""cpu"":""0.91%"",""mem"":""485.5MiB / 122.8GiB""},{""name"":""lab-allegro-stub"",""cpu"":""0.00%"",""mem"":""30.19MiB / 122.8GiB""}]"
2026-09-09T07:59:55Z,4,0,7,105,12,2665961139,"[{""name"":""lab-worker-1"",""cpu"":""3.16%"",""mem"":""124.1MiB / 122.8GiB""},{""name"":""lab-api"",""cpu"":""0.00%"",""mem"":""145.8MiB / 122.8GiB""},{""name"":""lab-wc-tls"",""cpu"":""0.00%"",""mem"":""30.18MiB / 122.8GiB""},{""name"":""lab-prestashop"",""cpu"":""0.00%"",""mem"":""109MiB / 122.8GiB""},{""name"":""lab-woocommerce"",""cpu"":""0.00%"",""mem"":""200.1MiB / 122.8GiB""},{""name"":""lab-redis"",""cpu"":""0.70%"",""mem"":""75.49MiB / 122.8GiB""},{""name"":""lab-postgres"",""cpu"":""13.21%"",""mem"":""244.5MiB / 122.8GiB""},{""name"":""lab-mysql"",""cpu"":""0.99%"",""mem"":""713.3MiB / 122.8GiB""},{""name"":""lab-woocommerce-mysql"",""cpu"":""0.92%"",""mem"":""485.5MiB / 122.8GiB""},{""name"":""lab-allegro-stub"",""cpu"":""0.00%"",""mem"":""30.2MiB / 122.8GiB""}]"
2026-09-09T07:59:58Z,4,0,5,109,9,2665961139,"[{""name"":""lab-worker-1"",""cpu"":""1.39%"",""mem"":""124.3MiB / 122.8GiB""},{""name"":""lab-api"",""cpu"":""0.00%"",""mem"":""145.8MiB / 122.8GiB""},{""name"":""lab-wc-tls"",""cpu"":""0.00%"",""mem"":""30.18MiB / 122.8GiB""},{""name"":""lab-prestashop"",""cpu"":""0.01%"",""mem"":""109MiB / 122.8GiB""},{""name"":""lab-woocommerce"",""cpu"":""0.01%"",""mem"":""200.1MiB / 122.8GiB""},{""name"":""lab-redis"",""cpu"":""0.39%"",""mem"":""75.49MiB / 122.8GiB""},{""name"":""lab-postgres"",""cpu"":""12.85%"",""mem"":""244.2MiB / 122.8GiB""},{""name"":""lab-mysql"",""cpu"":""0.83%"",""mem"":""713.3MiB / 122.8GiB""},{""name"":""lab-woocommerce-mysql"",""cpu"":""0.90%"",""mem"":""485.5MiB / 122.8GiB""},{""name"":""lab-allegro-stub"",""cpu"":""0.01%"",""mem"":""30.19MiB / 122.8GiB""}]"
2026-09-09T08:00:02Z,3,0,6,112,7,2665961139,"[{""name"":""lab-worker-1"",""cpu"":""1.56%"",""mem"":""123.8MiB / 122.8GiB""},{""name"":""lab-api"",""cpu"":""0.00%"",""mem"":""145.8MiB / 122.8GiB""},{""name"":""lab-wc-tls"",""cpu"":""0.00%"",""mem"":""30.18MiB / 122.8GiB""},{""name"":""lab-prestashop"",""cpu"":""0.01%"",""mem"":""109MiB / 122.8GiB""},{""name"":""lab-woocommerce"",""cpu"":""13.40%"",""mem"":""200.3MiB / 122.8GiB""},{""name"":""lab-redis"",""cpu"":""0.35%"",""mem"":""75.5MiB / 122.8GiB""},{""name"":""lab-postgres"",""cpu"":""15.73%"",""mem"":""252MiB / 122.8GiB""},{""name"":""lab-mysql"",""cpu"":""0.85%"",""mem"":""713.3MiB / 122.8GiB""},{""name"":""lab-woocommerce-mysql"",""cpu"":""2.15%"",""mem"":""485.5MiB / 122.8GiB""},{""name"":""lab-allegro-stub"",""cpu"":""0.00%"",""mem"":""30.19MiB / 122.8GiB""}]"
2026-09-09T08:00:06Z,4,1,5,114,5,2665961139,"[{""name"":""lab-worker-1"",""cpu"":""1.40%"",""mem"":""124.3MiB / 122.8GiB""},{""name"":""lab-api"",""cpu"":""0.01%"",""mem"":""145.8MiB / 122.8GiB""},{""name"":""lab-wc-tls"",""cpu"":""0.00%"",""mem"":""30.18MiB / 122.8GiB""},{""name"":""lab-prestashop"",""cpu"":""0.00%"",""mem"":""109MiB / 122.8GiB""},{""name"":""lab-woocommerce"",""cpu"":""0.01%"",""mem"":""200.2MiB / 122.8GiB""},{""name"":""lab-redis"",""cpu"":""0.41%"",""mem"":""75.5MiB / 122.8GiB""},{""name"":""lab-postgres"",""cpu"":""23.20%"",""mem"":""244.3MiB / 122.8GiB""},{""name"":""lab-mysql"",""cpu"":""0.84%"",""mem"":""713.3MiB / 122.8GiB""},{""name"":""lab-woocommerce-mysql"",""cpu"":""0.89%"",""mem"":""485.5MiB / 122.8GiB""},{""name"":""lab-allegro-stub"",""cpu"":""0.00%"",""mem"":""30.19MiB / 122.8GiB""}]"
2026-09-09T08:00:09Z,4,0,6,117,1,2665961139,"[{""name"":""lab-worker-1"",""cpu"":""1.96%"",""mem"":""123.9MiB / 122.8GiB""},{""name"":""lab-api"",""cpu"":""0.00%"",""mem"":""145.8MiB / 122.8GiB""},{""name"":""lab-wc-tls"",""cpu"":""0.00%"",""mem"":""30.18MiB / 122.8GiB""},{""name"":""lab-prestashop"",""cpu"":""0.01%"",""mem"":""109MiB / 122.8GiB""},{""name"":""lab-woocommerce"",""cpu"":""0.00%"",""mem"":""200.1MiB / 122.8GiB""},{""name"":""lab-redis"",""cpu"":""4.29%"",""mem"":""75.5MiB / 122.8GiB""},{""name"":""lab-postgres"",""cpu"":""0.76%"",""mem"":""244.1MiB / 122.8GiB""},{""name"":""lab-mysql"",""cpu"":""5.46%"",""mem"":""713.5MiB / 122.8GiB""},{""name"":""lab-woocommerce-mysql"",""cpu"":""0.91%"",""mem"":""485.5MiB / 122.8GiB""},{""name"":""lab-allegro-stub"",""cpu"":""0.00%"",""mem"":""30.19MiB / 122.8GiB""}]"
2026-09-09T08:00:13Z,3,0,7,117,1,2665961139,"[{""name"":""lab-worker-1"",""cpu"":""3.21%"",""mem"":""124MiB / 122.8GiB""},{""name"":""lab-api"",""cpu"":""0.00%"",""mem"":""145.8MiB / 122.8GiB""},{""name"":""lab-wc-tls"",""cpu"":""0.00%"",""mem"":""30.18MiB / 122.8GiB""},{""name"":""lab-prestashop"",""cpu"":""0.01%"",""mem"":""109MiB / 122.8GiB""},{""name"":""lab-woocommerce"",""cpu"":""0.01%"",""mem"":""200.1MiB / 122.8GiB""},{""name"":""lab-redis"",""cpu"":""0.95%"",""mem"":""75.49MiB / 122.8GiB""},{""name"":""lab-postgres"",""cpu"":""2.51%"",""mem"":""250.7MiB / 122.8GiB""},{""name"":""lab-mysql"",""cpu"":""0.91%"",""mem"":""713.3MiB / 122.8GiB""},{""name"":""lab-woocommerce-mysql"",""cpu"":""5.51%"",""mem"":""485.5MiB / 122.8GiB""},{""name"":""lab-allegro-stub"",""cpu"":""4.33%"",""mem"":""30.23MiB / 122.8GiB""}]"
2026-09-09T08:00:17Z,4,0,8,118,0,2665961139,"[{""name"":""lab-worker-1"",""cpu"":""2.18%"",""mem"":""123.8MiB / 122.8GiB""},{""name"":""lab-api"",""cpu"":""0.00%"",""mem"":""145.8MiB / 122.8GiB""},{""name"":""lab-wc-tls"",""cpu"":""0.00%"",""mem"":""30.18MiB / 122.8GiB""},{""name"":""lab-prestashop"",""cpu"":""0.01%"",""mem"":""109MiB / 122.8GiB""},{""name"":""lab-woocommerce"",""cpu"":""0.01%"",""mem"":""200.1MiB / 122.8GiB""},{""name"":""lab-redis"",""cpu"":""0.26%"",""mem"":""75.49MiB / 122.8GiB""},{""name"":""lab-postgres"",""cpu"":""24.75%"",""mem"":""241.1MiB / 122.8GiB""},{""name"":""lab-mysql"",""cpu"":""0.78%"",""mem"":""713.3MiB / 122.8GiB""},{""name"":""lab-woocommerce-mysql"",""cpu"":""0.84%"",""mem"":""485.5MiB / 122.8GiB""},{""name"":""lab-allegro-stub"",""cpu"":""3.85%"",""mem"":""30.24MiB / 122.8GiB""}]"
2026-09-09T08:00:20Z,4,0,5,120,0,2665961139,"[{""name"":""lab-worker-1"",""cpu"":""0.82%"",""mem"":""124MiB / 122.8GiB""},{""name"":""lab-api"",""cpu"":""0.00%"",""mem"":""145.8MiB / 122.8GiB""},{""name"":""lab-wc-tls"",""cpu"":""0.00%"",""mem"":""30.18MiB / 122.8GiB""},{""name"":""lab-prestashop"",""cpu"":""0.01%"",""mem"":""109MiB / 122.8GiB""},{""name"":""lab-woocommerce"",""cpu"":""0.01%"",""mem"":""200.1MiB / 122.8GiB""},{""name"":""lab-redis"",""cpu"":""0.33%"",""mem"":""75.49MiB / 122.8GiB""},{""name"":""lab-postgres"",""cpu"":""12.75%"",""mem"":""240.9MiB / 122.8GiB""},{""name"":""lab-mysql"",""cpu"":""0.88%"",""mem"":""713.5MiB / 122.8GiB""},{""name"":""lab-woocommerce-mysql"",""cpu"":""0.98%"",""mem"":""485.5MiB / 122.8GiB""},{""name"":""lab-allegro-stub"",""cpu"":""0.00%"",""mem"":""30.2MiB / 122.8GiB""}]"
2026-09-09T08:00:24Z,4,0,0,125,0,2665961139,"[{""name"":""lab-worker-1"",""cpu"":""0.36%"",""mem"":""123.8MiB / 122.8GiB""},{""name"":""lab-api"",""cpu"":""0.00%"",""mem"":""145.8MiB / 122.8GiB""},{""name"":""lab-wc-tls"",""cpu"":""0.00%"",""mem"":""30.18MiB / 122.8GiB""},{""name"":""lab-prestashop"",""cpu"":""0.01%"",""mem"":""109MiB / 122.8GiB""},{""name"":""lab-woocommerce"",""cpu"":""0.01%"",""mem"":""200.1MiB / 122.8GiB""},{""name"":""lab-redis"",""cpu"":""0.27%"",""mem"":""75.49MiB / 122.8GiB""},{""name"":""lab-postgres"",""cpu"":""12.45%"",""mem"":""238.8MiB / 122.8GiB""},{""name"":""lab-mysql"",""cpu"":""0.85%"",""mem"":""713.3MiB / 122.8GiB""},{""name"":""lab-woocommerce-mysql"",""cpu"":""0.82%"",""mem"":""485.5MiB / 122.8GiB""},{""name"":""lab-allegro-stub"",""cpu"":""0.00%"",""mem"":""30.19MiB / 122.8GiB""}]"
2026-09-09T08:00:28Z,3,0,0,125,0,2665961139,"[{""name"":""lab-worker-1"",""cpu"":""0.41%"",""mem"":""124MiB / 122.8GiB""},{""name"":""lab-api"",""cpu"":""0.00%"",""mem"":""145.8MiB / 122.8GiB""},{""name"":""lab-wc-tls"",""cpu"":""0.00%"",""mem"":""30.18MiB / 122.8GiB""},{""name"":""lab-prestashop"",""cpu"":""0.00%"",""mem"":""109MiB / 122.8GiB""},{""name"":""lab-woocommerce"",""cpu"":""0.01%"",""mem"":""200.1MiB / 122.8GiB""},{""name"":""lab-redis"",""cpu"":""0.23%"",""mem"":""75.74MiB / 122.8GiB""},{""name"":""lab-postgres"",""cpu"":""12.52%"",""mem"":""238.8MiB / 122.8GiB""},{""name"":""lab-mysql"",""cpu"":""0.81%"",""mem"":""713.3MiB / 122.8GiB""},{""name"":""lab-woocommerce-mysql"",""cpu"":""0.86%"",""mem"":""485.5MiB / 122.8GiB""},{""name"":""lab-allegro-stub"",""cpu"":""4.07%"",""mem"":""30.19MiB / 122.8GiB""}]"
2026-09-09T08:00:32Z,4,0,0,125,0,2665961139,"[{""name"":""lab-worker-1"",""cpu"":""0.41%"",""mem"":""123.8MiB / 122.8GiB""},{""name"":""lab-api"",""cpu"":""0.00%"",""mem"":""145.8MiB / 122.8GiB""},{""name"":""lab-wc-tls"",""cpu"":""0.00%"",""mem"":""30.18MiB / 122.8GiB""},{""name"":""lab-prestashop"",""cpu"":""0.01%"",""mem"":""109MiB / 122.8GiB""},{""name"":""lab-woocommerce"",""cpu"":""0.01%"",""mem"":""200.1MiB / 122.8GiB""},{""name"":""lab-redis"",""cpu"":""0.25%"",""mem"":""75.49MiB / 122.8GiB""},{""name"":""lab-postgres"",""cpu"":""18.88%"",""mem"":""243.2MiB / 122.8GiB""},{""name"":""lab-mysql"",""cpu"":""0.83%"",""mem"":""713.3MiB / 122.8GiB""},{""name"":""lab-woocommerce-mysql"",""cpu"":""0.76%"",""mem"":""485.5MiB / 122.8GiB""},{""name"":""lab-allegro-stub"",""cpu"":""0.00%"",""mem"":""30.19MiB / 122.8GiB""}]"
2026-09-09T08:00:35Z,4,0,0,125,0,2665961139,"[{""name"":""lab-worker-1"",""cpu"":""0.52%"",""mem"":""123.8MiB / 122.8GiB""},{""name"":""lab-api"",""cpu"":""0.01%"",""mem"":""145.8MiB / 122.8GiB""},{""name"":""lab-wc-tls"",""cpu"":""0.00%"",""mem"":""30.18MiB / 122.8GiB""},{""name"":""lab-prestashop"",""cpu"":""0.01%"",""mem"":""109MiB / 122.8GiB""},{""name"":""lab-woocommerce"",""cpu"":""0.01%"",""mem"":""200.1MiB / 122.8GiB""},{""name"":""lab-redis"",""cpu"":""0.30%"",""mem"":""75.74MiB / 122.8GiB""},{""name"":""lab-postgres"",""cpu"":""13.59%"",""mem"":""238.7MiB / 122.8GiB""},{""name"":""lab-mysql"",""cpu"":""0.87%"",""mem"":""713.3MiB / 122.8GiB""},{""name"":""lab-woocommerce-mysql"",""cpu"":""0.93%"",""mem"":""485.5MiB / 122.8GiB""},{""name"":""lab-allegro-stub"",""cpu"":""0.01%"",""mem"":""30.19MiB / 122.8GiB""}]"
2026-09-09T08:00:39Z,3,0,0,125,0,2665961139,"[{""name"":""lab-worker-1"",""cpu"":""0.40%"",""mem"":""123.8MiB / 122.8GiB""},{""name"":""lab-api"",""cpu"":""0.00%"",""mem"":""145.8MiB / 122.8GiB""},{""name"":""lab-wc-tls"",""cpu"":""0.00%"",""mem"":""30.18MiB / 122.8GiB""},{""name"":""lab-prestashop"",""cpu"":""0.01%"",""mem"":""109MiB / 122.8GiB""},{""name"":""lab-woocommerce"",""cpu"":""0.01%"",""mem"":""200.1MiB / 122.8GiB""},{""name"":""lab-redis"",""cpu"":""1.75%"",""mem"":""82.53MiB / 122.8GiB""},{""name"":""lab-postgres"",""cpu"":""12.52%"",""mem"":""238.7MiB / 122.8GiB""},{""name"":""lab-mysql"",""cpu"":""0.95%"",""mem"":""713.3MiB / 122.8GiB""},{""name"":""lab-woocommerce-mysql"",""cpu"":""0.96%"",""mem"":""485.5MiB / 122.8GiB""},{""name"":""lab-allegro-stub"",""cpu"":""0.00%"",""mem"":""30.19MiB / 122.8GiB""}]"
2026-09-09T08:00:43Z,4,0,0,125,0,2665961139,"[{""name"":""lab-worker-1"",""cpu"":""0.36%"",""mem"":""123.8MiB / 122.8GiB""},{""name"":""lab-api"",""cpu"":""0.00%"",""mem"":""145.8MiB / 122.8GiB""},{""name"":""lab-wc-tls"",""cpu"":""0.00%"",""mem"":""30.18MiB / 122.8GiB""},{""name"":""lab-prestashop"",""cpu"":""0.01%"",""mem"":""109MiB / 122.8GiB""},{""name"":""lab-woocommerce"",""cpu"":""0.01%"",""mem"":""200.1MiB / 122.8GiB""},{""name"":""lab-redis"",""cpu"":""0.27%"",""mem"":""75.49MiB / 122.8GiB""},{""name"":""lab-postgres"",""cpu"":""30.98%"",""mem"":""238.8MiB / 122.8GiB""},{""name"":""lab-mysql"",""cpu"":""0.76%"",""mem"":""713.3MiB / 122.8GiB""},{""name"":""lab-woocommerce-mysql"",""cpu"":""0.94%"",""mem"":""485.5MiB / 122.8GiB""},{""name"":""lab-allegro-stub"",""cpu"":""4.19%"",""mem"":""30.25MiB / 122.8GiB""}]"
2026-09-09T08:00:46Z,4,0,0,125,0,2665961139,"[{""name"":""lab-worker-1"",""cpu"":""0.34%"",""mem"":""123.8MiB / 122.8GiB""},{""name"":""lab-api"",""cpu"":""0.00%"",""mem"":""145.8MiB / 122.8GiB""},{""name"":""lab-wc-tls"",""cpu"":""0.00%"",""mem"":""30.18MiB / 122.8GiB""},{""name"":""lab-prestashop"",""cpu"":""0.00%"",""mem"":""109MiB / 122.8GiB""},{""name"":""lab-woocommerce"",""cpu"":""0.01%"",""mem"":""200.1MiB / 122.8GiB""},{""name"":""lab-redis"",""cpu"":""0.28%"",""mem"":""75.74MiB / 122.8GiB""},{""name"":""lab-postgres"",""cpu"":""12.77%"",""mem"":""238.9MiB / 122.8GiB""},{""name"":""lab-mysql"",""cpu"":""0.92%"",""mem"":""713.3MiB / 122.8GiB""},{""name"":""lab-woocommerce-mysql"",""cpu"":""0.97%"",""mem"":""485.5MiB / 122.8GiB""},{""name"":""lab-allegro-stub"",""cpu"":""0.00%"",""mem"":""30.19MiB / 122.8GiB""}]"
2026-09-09T08:00:50Z,3,0,0,125,0,2665961139,"[{""name"":""lab-worker-1"",""cpu"":""0.39%"",""mem"":""123.8MiB / 122.8GiB""},{""name"":""lab-api"",""cpu"":""0.00%"",""mem"":""145.8MiB / 122.8GiB""},{""name"":""lab-wc-tls"",""cpu"":""0.00%"",""mem"":""30.18MiB / 122.8GiB""},{""name"":""lab-prestashop"",""cpu"":""0.01%"",""mem"":""109MiB / 122.8GiB""},{""name"":""lab-woocommerce"",""cpu"":""0.00%"",""mem"":""200.1MiB / 122.8GiB""},{""name"":""lab-redis"",""cpu"":""2.40%"",""mem"":""75.49MiB / 122.8GiB""},{""name"":""lab-postgres"",""cpu"":""13.64%"",""mem"":""238.7MiB / 122.8GiB""},{""name"":""lab-mysql"",""cpu"":""4.43%"",""mem"":""713.3MiB / 122.8GiB""},{""name"":""lab-woocommerce-mysql"",""cpu"":""0.95%"",""mem"":""485.5MiB / 122.8GiB""},{""name"":""lab-allegro-stub"",""cpu"":""0.00%"",""mem"":""30.19MiB / 122.8GiB""}]"
2026-09-09T08:00:54Z,4,0,0,125,0,2665961139,"[{""name"":""lab-worker-1"",""cpu"":""30.69%"",""mem"":""124MiB / 122.8GiB""},{""name"":""lab-api"",""cpu"":""19.24%"",""mem"":""148MiB / 122.8GiB""},{""name"":""lab-wc-tls"",""cpu"":""0.00%"",""mem"":""30.18MiB / 122.8GiB""},{""name"":""lab-prestashop"",""cpu"":""0.01%"",""mem"":""109MiB / 122.8GiB""},{""name"":""lab-woocommerce"",""cpu"":""0.00%"",""mem"":""200.1MiB / 122.8GiB""},{""name"":""lab-redis"",""cpu"":""2.54%"",""mem"":""75.77MiB / 122.8GiB""},{""name"":""lab-postgres"",""cpu"":""37.18%"",""mem"":""257.1MiB / 122.8GiB""},{""name"":""lab-mysql"",""cpu"":""0.69%"",""mem"":""713.3MiB / 122.8GiB""},{""name"":""lab-woocommerce-mysql"",""cpu"":""5.08%"",""mem"":""485.5MiB / 122.8GiB""},{""name"":""lab-allegro-stub"",""cpu"":""0.01%"",""mem"":""30.19MiB / 122.8GiB""}]"
2026-09-09T08:00:57Z,4,82,8,125,0,2665993907,"[{""name"":""lab-worker-1"",""cpu"":""15.64%"",""mem"":""124.2MiB / 122.8GiB""},{""name"":""lab-api"",""cpu"":""21.14%"",""mem"":""158.3MiB / 122.8GiB""},{""name"":""lab-wc-tls"",""cpu"":""0.00%"",""mem"":""30.18MiB / 122.8GiB""},{""name"":""lab-prestashop"",""cpu"":""0.01%"",""mem"":""109MiB / 122.8GiB""},{""name"":""lab-woocommerce"",""cpu"":""0.00%"",""mem"":""200.1MiB / 122.8GiB""},{""name"":""lab-redis"",""cpu"":""2.27%"",""mem"":""75.58MiB / 122.8GiB""},{""name"":""lab-postgres"",""cpu"":""18.70%"",""mem"":""257.4MiB / 122.8GiB""},{""name"":""lab-mysql"",""cpu"":""0.69%"",""mem"":""713.3MiB / 122.8GiB""},{""name"":""lab-woocommerce-mysql"",""cpu"":""0.78%"",""mem"":""485.5MiB / 122.8GiB""},{""name"":""lab-allegro-stub"",""cpu"":""0.00%"",""mem"":""30.19MiB / 122.8GiB""}]"
2026-09-09T08:01:01Z,4,222,8,125,1,2666026675,"[{""name"":""lab-worker-1"",""cpu"":""14.44%"",""mem"":""124.3MiB / 122.8GiB""},{""name"":""lab-api"",""cpu"":""39.43%"",""mem"":""162.7MiB / 122.8GiB""},{""name"":""lab-wc-tls"",""cpu"":""0.00%"",""mem"":""30.18MiB / 122.8GiB""},{""name"":""lab-prestashop"",""cpu"":""0.01%"",""mem"":""109MiB / 122.8GiB""},{""name"":""lab-woocommerce"",""cpu"":""0.00%"",""mem"":""200.1MiB / 122.8GiB""},{""name"":""lab-redis"",""cpu"":""1.88%"",""mem"":""75.63MiB / 122.8GiB""},{""name"":""lab-postgres"",""cpu"":""20.28%"",""mem"":""258MiB / 122.8GiB""},{""name"":""lab-mysql"",""cpu"":""0.73%"",""mem"":""713.3MiB / 122.8GiB""},{""name"":""lab-woocommerce-mysql"",""cpu"":""0.71%"",""mem"":""485.5MiB / 122.8GiB""},{""name"":""lab-allegro-stub"",""cpu"":""0.00%"",""mem"":""30.19MiB / 122.8GiB""}]"
2026-09-09T08:01:05Z,3,360,8,125,7,2666075827,"[{""name"":""lab-worker-1"",""cpu"":""14.62%"",""mem"":""124.4MiB / 122.8GiB""},{""name"":""lab-api"",""cpu"":""16.96%"",""mem"":""175.2MiB / 122.8GiB""},{""name"":""lab-wc-tls"",""cpu"":""0.00%"",""mem"":""30.18MiB / 122.8GiB""},{""name"":""lab-prestashop"",""cpu"":""0.01%"",""mem"":""109MiB / 122.8GiB""},{""name"":""lab-woocommerce"",""cpu"":""0.00%"",""mem"":""200.1MiB / 122.8GiB""},{""name"":""lab-redis"",""cpu"":""2.47%"",""mem"":""75.7MiB / 122.8GiB""},{""name"":""lab-postgres"",""cpu"":""6.89%"",""mem"":""248MiB / 122.8GiB""},{""name"":""lab-mysql"",""cpu"":""0.74%"",""mem"":""713.3MiB / 122.8GiB""},{""name"":""lab-woocommerce-mysql"",""cpu"":""0.82%"",""mem"":""485.5MiB / 122.8GiB""},{""name"":""lab-allegro-stub"",""cpu"":""0.01%"",""mem"":""30.19MiB / 122.8GiB""}]"
2026-09-09T08:01:08Z,4,499,8,125,8,2666116787,"[{""name"":""lab-worker-1"",""cpu"":""7.53%"",""mem"":""124.2MiB / 122.8GiB""},{""name"":""lab-api"",""cpu"":""12.51%"",""mem"":""176.2MiB / 122.8GiB""},{""name"":""lab-wc-tls"",""cpu"":""0.00%"",""mem"":""30.18MiB / 122.8GiB""},{""name"":""lab-prestashop"",""cpu"":""0.00%"",""mem"":""109MiB / 122.8GiB""},{""name"":""lab-woocommerce"",""cpu"":""0.00%"",""mem"":""200.1MiB / 122.8GiB""},{""name"":""lab-redis"",""cpu"":""1.46%"",""mem"":""75.73MiB / 122.8GiB""},{""name"":""lab-postgres"",""cpu"":""10.07%"",""mem"":""248MiB / 122.8GiB""},{""name"":""lab-mysql"",""cpu"":""0.69%"",""mem"":""713.3MiB / 122.8GiB""},{""name"":""lab-woocommerce-mysql"",""cpu"":""0.76%"",""mem"":""485.5MiB / 122.8GiB""},{""name"":""lab-allegro-stub"",""cpu"":""4.30%"",""mem"":""30.19MiB / 122.8GiB""}]"
2026-09-09T08:01:12Z,4,583,8,125,11,2666141363,"[{""name"":""lab-worker-1"",""cpu"":""4.94%"",""mem"":""124.3MiB / 122.8GiB""},{""name"":""lab-api"",""cpu"":""0.00%"",""mem"":""176.1MiB / 122.8GiB""},{""name"":""lab-wc-tls"",""cpu"":""0.00%"",""mem"":""30.18MiB / 122.8GiB""},{""name"":""lab-prestashop"",""cpu"":""0.01%"",""mem"":""109MiB / 122.8GiB""},{""name"":""lab-woocommerce"",""cpu"":""0.01%"",""mem"":""200.1MiB / 122.8GiB""},{""name"":""lab-redis"",""cpu"":""0.97%"",""mem"":""75.75MiB / 122.8GiB""},{""name"":""lab-postgres"",""cpu"":""11.78%"",""mem"":""251.8MiB / 122.8GiB""},{""name"":""lab-mysql"",""cpu"":""0.83%"",""mem"":""713.3MiB / 122.8GiB""},{""name"":""lab-woocommerce-mysql"",""cpu"":""0.85%"",""mem"":""485.5MiB / 122.8GiB""},{""name"":""lab-allegro-stub"",""cpu"":""0.00%"",""mem"":""30.19MiB / 122.8GiB""}]"
2026-09-09T08:01:16Z,3,576,9,125,16,2666141363,"[{""name"":""lab-worker-1"",""cpu"":""1.41%"",""mem"":""123.9MiB / 122.8GiB""},{""name"":""lab-api"",""cpu"":""0.00%"",""mem"":""176.1MiB / 122.8GiB""},{""name"":""lab-wc-tls"",""cpu"":""0.00%"",""mem"":""30.18MiB / 122.8GiB""},{""name"":""lab-prestashop"",""cpu"":""0.01%"",""mem"":""109MiB / 122.8GiB""},{""name"":""lab-woocommerce"",""cpu"":""0.01%"",""mem"":""200.1MiB / 122.8GiB""},{""name"":""lab-redis"",""cpu"":""0.46%"",""mem"":""75.74MiB / 122.8GiB""},{""name"":""lab-postgres"",""cpu"":""18.98%"",""mem"":""246MiB / 122.8GiB""},{""name"":""lab-mysql"",""cpu"":""0.90%"",""mem"":""713.3MiB / 122.8GiB""},{""name"":""lab-woocommerce-mysql"",""cpu"":""0.91%"",""mem"":""485.5MiB / 122.8GiB""},{""name"":""lab-allegro-stub"",""cpu"":""0.00%"",""mem"":""30.19MiB / 122.8GiB""}]"
2026-09-09T08:01:19Z,4,576,9,125,16,2666141363,"[{""name"":""lab-worker-1"",""cpu"":""3.16%"",""mem"":""123.9MiB / 122.8GiB""},{""name"":""lab-api"",""cpu"":""0.00%"",""mem"":""176.1MiB / 122.8GiB""},{""name"":""lab-wc-tls"",""cpu"":""0.00%"",""mem"":""30.18MiB / 122.8GiB""},{""name"":""lab-prestashop"",""cpu"":""0.01%"",""mem"":""109MiB / 122.8GiB""},{""name"":""lab-woocommerce"",""cpu"":""0.01%"",""mem"":""200.1MiB / 122.8GiB""},{""name"":""lab-redis"",""cpu"":""4.93%"",""mem"":""75.75MiB / 122.8GiB""},{""name"":""lab-postgres"",""cpu"":""19.36%"",""mem"":""246.3MiB / 122.8GiB""},{""name"":""lab-mysql"",""cpu"":""5.08%"",""mem"":""713.3MiB / 122.8GiB""},{""name"":""lab-woocommerce-mysql"",""cpu"":""0.81%"",""mem"":""485.5MiB / 122.8GiB""},{""name"":""lab-allegro-stub"",""cpu"":""0.01%"",""mem"":""30.19MiB / 122.8GiB""}]"
2026-09-09T08:01:23Z,4,571,7,125,24,2666141363,"[{""name"":""lab-worker-1"",""cpu"":""3.21%"",""mem"":""124.1MiB / 122.8GiB""},{""name"":""lab-api"",""cpu"":""0.00%"",""mem"":""176.1MiB / 122.8GiB""},{""name"":""lab-wc-tls"",""cpu"":""0.00%"",""mem"":""30.18MiB / 122.8GiB""},{""name"":""lab-prestashop"",""cpu"":""0.00%"",""mem"":""109MiB / 122.8GiB""},{""name"":""lab-woocommerce"",""cpu"":""0.01%"",""mem"":""200.1MiB / 122.8GiB""},{""name"":""lab-redis"",""cpu"":""0.64%"",""mem"":""75.74MiB / 122.8GiB""},{""name"":""lab-postgres"",""cpu"":""25.51%"",""mem"":""243.5MiB / 122.8GiB""},{""name"":""lab-mysql"",""cpu"":""0.83%"",""mem"":""713.3MiB / 122.8GiB""},{""name"":""lab-woocommerce-mysql"",""cpu"":""0.82%"",""mem"":""485.5MiB / 122.8GiB""},{""name"":""lab-allegro-stub"",""cpu"":""3.94%"",""mem"":""30.25MiB / 122.8GiB""}]"
2026-09-09T08:01:27Z,3,568,9,125,25,2666141363,"[{""name"":""lab-worker-1"",""cpu"":""2.28%"",""mem"":""124.2MiB / 122.8GiB""},{""name"":""lab-api"",""cpu"":""0.00%"",""mem"":""176.1MiB / 122.8GiB""},{""name"":""lab-wc-tls"",""cpu"":""0.00%"",""mem"":""30.18MiB / 122.8GiB""},{""name"":""lab-prestashop"",""cpu"":""0.00%"",""mem"":""109MiB / 122.8GiB""},{""name"":""lab-woocommerce"",""cpu"":""0.01%"",""mem"":""200.1MiB / 122.8GiB""},{""name"":""lab-redis"",""cpu"":""0.65%"",""mem"":""75.74MiB / 122.8GiB""},{""name"":""lab-postgres"",""cpu"":""19.24%"",""mem"":""243.5MiB / 122.8GiB""},{""name"":""lab-mysql"",""cpu"":""0.88%"",""mem"":""713.3MiB / 122.8GiB""},{""name"":""lab-woocommerce-mysql"",""cpu"":""0.88%"",""mem"":""485.5MiB / 122.8GiB""},{""name"":""lab-allegro-stub"",""cpu"":""0.00%"",""mem"":""30.19MiB / 122.8GiB""}]"
2026-09-09T08:01:31Z,4,568,9,125,25,2666141363,"[{""name"":""lab-worker-1"",""cpu"":""4.16%"",""mem"":""124.1MiB / 122.8GiB""},{""name"":""lab-api"",""cpu"":""0.00%"",""mem"":""176.1MiB / 122.8GiB""},{""name"":""lab-wc-tls"",""cpu"":""0.00%"",""mem"":""30.18MiB / 122.8GiB""},{""name"":""lab-prestashop"",""cpu"":""0.01%"",""mem"":""109MiB / 122.8GiB""},{""name"":""lab-woocommerce"",""cpu"":""0.01%"",""mem"":""200.1MiB / 122.8GiB""},{""name"":""lab-redis"",""cpu"":""0.80%"",""mem"":""75.74MiB / 122.8GiB""},{""name"":""lab-postgres"",""cpu"":""20.90%"",""mem"":""243.9MiB / 122.8GiB""},{""name"":""lab-mysql"",""cpu"":""0.86%"",""mem"":""713.3MiB / 122.8GiB""},{""name"":""lab-woocommerce-mysql"",""cpu"":""0.87%"",""mem"":""485.5MiB / 122.8GiB""},{""name"":""lab-allegro-stub"",""cpu"":""0.00%"",""mem"":""30.19MiB / 122.8GiB""}]"
2026-09-09T08:01:34Z,4,573,9,125,19,2666141363,"[{""name"":""lab-worker-1"",""cpu"":""0.74%"",""mem"":""124.4MiB / 122.8GiB""},{""name"":""lab-api"",""cpu"":""0.00%"",""mem"":""176.1MiB / 122.8GiB""},{""name"":""lab-wc-tls"",""cpu"":""0.00%"",""mem"":""30.18MiB / 122.8GiB""},{""name"":""lab-prestashop"",""cpu"":""0.01%"",""mem"":""109MiB / 122.8GiB""},{""name"":""lab-woocommerce"",""cpu"":""0.01%"",""mem"":""200.1MiB / 122.8GiB""},{""name"":""lab-redis"",""cpu"":""0.35%"",""mem"":""75.74MiB / 122.8GiB""},{""name"":""lab-postgres"",""cpu"":""19.33%"",""mem"":""238.8MiB / 122.8GiB""},{""name"":""lab-mysql"",""cpu"":""0.85%"",""mem"":""713.3MiB / 122.8GiB""},{""name"":""lab-woocommerce-mysql"",""cpu"":""6.01%"",""mem"":""485.5MiB / 122.8GiB""},{""name"":""lab-allegro-stub"",""cpu"":""0.01%"",""mem"":""30.19MiB / 122.8GiB""}]"
2026-09-09T08:01:38Z,3,576,7,125,19,2666149555,"[{""name"":""lab-worker-1"",""cpu"":""3.77%"",""mem"":""124.2MiB / 122.8GiB""},{""name"":""lab-api"",""cpu"":""0.00%"",""mem"":""176.1MiB / 122.8GiB""},{""name"":""lab-wc-tls"",""cpu"":""0.00%"",""mem"":""30.18MiB / 122.8GiB""},{""name"":""lab-prestashop"",""cpu"":""0.00%"",""mem"":""109MiB / 122.8GiB""},{""name"":""lab-woocommerce"",""cpu"":""0.01%"",""mem"":""200.1MiB / 122.8GiB""},{""name"":""lab-redis"",""cpu"":""0.78%"",""mem"":""75.74MiB / 122.8GiB""},{""name"":""lab-postgres"",""cpu"":""20.15%"",""mem"":""243.1MiB / 122.8GiB""},{""name"":""lab-mysql"",""cpu"":""0.85%"",""mem"":""713.3MiB / 122.8GiB""},{""name"":""lab-woocommerce-mysql"",""cpu"":""0.84%"",""mem"":""485.5MiB / 122.8GiB""},{""name"":""lab-allegro-stub"",""cpu"":""0.00%"",""mem"":""30.19MiB / 122.8GiB""}]"
2026-09-09T08:01:42Z,4,571,10,125,22,2666149555,"[{""name"":""lab-worker-1"",""cpu"":""3.61%"",""mem"":""123.9MiB / 122.8GiB""},{""name"":""lab-api"",""cpu"":""0.00%"",""mem"":""176.1MiB / 122.8GiB""},{""name"":""lab-wc-tls"",""cpu"":""0.00%"",""mem"":""30.18MiB / 122.8GiB""},{""name"":""lab-prestashop"",""cpu"":""0.00%"",""mem"":""109MiB / 122.8GiB""},{""name"":""lab-woocommerce"",""cpu"":""0.01%"",""mem"":""200.1MiB / 122.8GiB""},{""name"":""lab-redis"",""cpu"":""0.77%"",""mem"":""75.74MiB / 122.8GiB""},{""name"":""lab-postgres"",""cpu"":""17.04%"",""mem"":""248.6MiB / 122.8GiB""},{""name"":""lab-mysql"",""cpu"":""0.92%"",""mem"":""713.3MiB / 122.8GiB""},{""name"":""lab-woocommerce-mysql"",""cpu"":""0.92%"",""mem"":""485.5MiB / 122.8GiB""},{""name"":""lab-allegro-stub"",""cpu"":""0.00%"",""mem"":""30.19MiB / 122.8GiB""}]"
2026-09-09T08:01:45Z,4,575,9,125,18,2666149555,"[{""name"":""lab-worker-1"",""cpu"":""5.89%"",""mem"":""124.4MiB / 122.8GiB""},{""name"":""lab-api"",""cpu"":""0.00%"",""mem"":""176.1MiB / 122.8GiB""},{""name"":""lab-wc-tls"",""cpu"":""0.00%"",""mem"":""30.18MiB / 122.8GiB""},{""name"":""lab-prestashop"",""cpu"":""0.01%"",""mem"":""109MiB / 122.8GiB""},{""name"":""lab-woocommerce"",""cpu"":""0.00%"",""mem"":""200.1MiB / 122.8GiB""},{""name"":""lab-redis"",""cpu"":""0.93%"",""mem"":""75.74MiB / 122.8GiB""},{""name"":""lab-postgres"",""cpu"":""19.06%"",""mem"":""243.4MiB / 122.8GiB""},{""name"":""lab-mysql"",""cpu"":""0.90%"",""mem"":""713.3MiB / 122.8GiB""},{""name"":""lab-woocommerce-mysql"",""cpu"":""0.92%"",""mem"":""485.5MiB / 122.8GiB""},{""name"":""lab-allegro-stub"",""cpu"":""0.00%"",""mem"":""30.2MiB / 122.8GiB""}]"
2026-09-09T08:01:49Z,3,571,9,125,24,2666157747,"[{""name"":""lab-worker-1"",""cpu"":""3.30%"",""mem"":""124.2MiB / 122.8GiB""},{""name"":""lab-api"",""cpu"":""0.00%"",""mem"":""176.1MiB / 122.8GiB""},{""name"":""lab-wc-tls"",""cpu"":""0.00%"",""mem"":""30.18MiB / 122.8GiB""},{""name"":""lab-prestashop"",""cpu"":""0.00%"",""mem"":""109MiB / 122.8GiB""},{""name"":""lab-woocommerce"",""cpu"":""0.01%"",""mem"":""200.1MiB / 122.8GiB""},{""name"":""lab-redis"",""cpu"":""0.50%"",""mem"":""75.75MiB / 122.8GiB""},{""name"":""lab-postgres"",""cpu"":""20.24%"",""mem"":""243.4MiB / 122.8GiB""},{""name"":""lab-mysql"",""cpu"":""0.79%"",""mem"":""713.3MiB / 122.8GiB""},{""name"":""lab-woocommerce-mysql"",""cpu"":""0.80%"",""mem"":""485.5MiB / 122.8GiB""},{""name"":""lab-allegro-stub"",""cpu"":""2.86%"",""mem"":""30.19MiB / 122.8GiB""}]"
2026-09-09T08:01:53Z,4,574,8,125,21,2666174131,"[{""name"":""lab-worker-1"",""cpu"":""3.76%"",""mem"":""124MiB / 122.8GiB""},{""name"":""lab-api"",""cpu"":""0.00%"",""mem"":""176.1MiB / 122.8GiB""},{""name"":""lab-wc-tls"",""cpu"":""0.00%"",""mem"":""30.18MiB / 122.8GiB""},{""name"":""lab-prestashop"",""cpu"":""0.01%"",""mem"":""109MiB / 122.8GiB""},{""name"":""lab-woocommerce"",""cpu"":""0.01%"",""mem"":""200.1MiB / 122.8GiB""},{""name"":""lab-redis"",""cpu"":""0.68%"",""mem"":""75.74MiB / 122.8GiB""},{""name"":""lab-postgres"",""cpu"":""19.36%"",""mem"":""243.5MiB / 122.8GiB""},{""name"":""lab-mysql"",""cpu"":""0.85%"",""mem"":""713.3MiB / 122.8GiB""},{""name"":""lab-woocommerce-mysql"",""cpu"":""0.91%"",""mem"":""485.5MiB / 122.8GiB""},{""name"":""lab-allegro-stub"",""cpu"":""3.86%"",""mem"":""30.2MiB / 122.8GiB""}]"
2026-09-09T08:01:56Z,4,576,10,125,23,2666182323,"[{""name"":""lab-worker-1"",""cpu"":""5.99%"",""mem"":""124.2MiB / 122.8GiB""},{""name"":""lab-api"",""cpu"":""0.00%"",""mem"":""176.2MiB / 122.8GiB""},{""name"":""lab-wc-tls"",""cpu"":""0.00%"",""mem"":""30.18MiB / 122.8GiB""},{""name"":""lab-prestashop"",""cpu"":""0.01%"",""mem"":""109MiB / 122.8GiB""},{""name"":""lab-woocommerce"",""cpu"":""0.01%"",""mem"":""200.1MiB / 122.8GiB""},{""name"":""lab-redis"",""cpu"":""0.73%"",""mem"":""76MiB / 122.8GiB""},{""name"":""lab-postgres"",""cpu"":""21.20%"",""mem"":""247.9MiB / 122.8GiB""},{""name"":""lab-mysql"",""cpu"":""0.91%"",""mem"":""713.3MiB / 122.8GiB""},{""name"":""lab-woocommerce-mysql"",""cpu"":""0.89%"",""mem"":""485.5MiB / 122.8GiB""},{""name"":""lab-allegro-stub"",""cpu"":""0.00%"",""mem"":""30.19MiB / 122.8GiB""}]"
2026-09-09T08:02:00Z,3,569,9,125,26,2666182323,"[{""name"":""lab-worker-1"",""cpu"":""10.98%"",""mem"":""127.9MiB / 122.8GiB""},{""name"":""lab-api"",""cpu"":""0.01%"",""mem"":""176.2MiB / 122.8GiB""},{""name"":""lab-wc-tls"",""cpu"":""0.00%"",""mem"":""30.18MiB / 122.8GiB""},{""name"":""lab-prestashop"",""cpu"":""0.01%"",""mem"":""109MiB / 122.8GiB""},{""name"":""lab-woocommerce"",""cpu"":""0.01%"",""mem"":""200.1MiB / 122.8GiB""},{""name"":""lab-redis"",""cpu"":""4.51%"",""mem"":""75.75MiB / 122.8GiB""},{""name"":""lab-postgres"",""cpu"":""19.70%"",""mem"":""248.4MiB / 122.8GiB""},{""name"":""lab-mysql"",""cpu"":""5.62%"",""mem"":""713.3MiB / 122.8GiB""},{""name"":""lab-woocommerce-mysql"",""cpu"":""0.85%"",""mem"":""485.5MiB / 122.8GiB""},{""name"":""lab-allegro-stub"",""cpu"":""0.00%"",""mem"":""30.19MiB / 122.8GiB""}]"
2026-09-09T08:02:04Z,4,567,9,125,29,2666182323,"[{""name"":""lab-worker-1"",""cpu"":""4.62%"",""mem"":""124.3MiB / 122.8GiB""},{""name"":""lab-api"",""cpu"":""0.00%"",""mem"":""176.2MiB / 122.8GiB""},{""name"":""lab-wc-tls"",""cpu"":""0.00%"",""mem"":""30.18MiB / 122.8GiB""},{""name"":""lab-prestashop"",""cpu"":""0.01%"",""mem"":""109.1MiB / 122.8GiB""},{""name"":""lab-woocommerce"",""cpu"":""0.01%"",""mem"":""200.1MiB / 122.8GiB""},{""name"":""lab-redis"",""cpu"":""0.75%"",""mem"":""75.99MiB / 122.8GiB""},{""name"":""lab-postgres"",""cpu"":""19.49%"",""mem"":""248.1MiB / 122.8GiB""},{""name"":""lab-mysql"",""cpu"":""0.91%"",""mem"":""713.3MiB / 122.8GiB""},{""name"":""lab-woocommerce-mysql"",""cpu"":""5.68%"",""mem"":""485.5MiB / 122.8GiB""},{""name"":""lab-allegro-stub"",""cpu"":""3.85%"",""mem"":""30.21MiB / 122.8GiB""}]"
2026-09-09T08:02:08Z,4,563,7,125,33,2666182323,"[{""name"":""lab-worker-1"",""cpu"":""2.92%"",""mem"":""124.5MiB / 122.8GiB""},{""name"":""lab-api"",""cpu"":""0.00%"",""mem"":""176.2MiB / 122.8GiB""},{""name"":""lab-wc-tls"",""cpu"":""0.00%"",""mem"":""30.18MiB / 122.8GiB""},{""name"":""lab-prestashop"",""cpu"":""0.01%"",""mem"":""109MiB / 122.8GiB""},{""name"":""lab-woocommerce"",""cpu"":""0.00%"",""mem"":""200.1MiB / 122.8GiB""},{""name"":""lab-redis"",""cpu"":""0.49%"",""mem"":""75.74MiB / 122.8GiB""},{""name"":""lab-postgres"",""cpu"":""19.67%"",""mem"":""245.7MiB / 122.8GiB""},{""name"":""lab-mysql"",""cpu"":""0.77%"",""mem"":""713.3MiB / 122.8GiB""},{""name"":""lab-woocommerce-mysql"",""cpu"":""0.81%"",""mem"":""485.5MiB / 122.8GiB""},{""name"":""lab-allegro-stub"",""cpu"":""0.00%"",""mem"":""30.19MiB / 122.8GiB""}]"
2026-09-09T08:02:11Z,4,568,7,125,31,2666182323,"[{""name"":""lab-worker-1"",""cpu"":""6.98%"",""mem"":""125MiB / 122.8GiB""},{""name"":""lab-api"",""cpu"":""0.00%"",""mem"":""176.2MiB / 122.8GiB""},{""name"":""lab-wc-tls"",""cpu"":""0.00%"",""mem"":""30.18MiB / 122.8GiB""},{""name"":""lab-prestashop"",""cpu"":""0.01%"",""mem"":""109MiB / 122.8GiB""},{""name"":""lab-woocommerce"",""cpu"":""0.01%"",""mem"":""200.1MiB / 122.8GiB""},{""name"":""lab-redis"",""cpu"":""4.74%"",""mem"":""76.06MiB / 122.8GiB""},{""name"":""lab-postgres"",""cpu"":""22.62%"",""mem"":""246MiB / 122.8GiB""},{""name"":""lab-mysql"",""cpu"":""0.95%"",""mem"":""713.3MiB / 122.8GiB""},{""name"":""lab-woocommerce-mysql"",""cpu"":""0.90%"",""mem"":""485.5MiB / 122.8GiB""},{""name"":""lab-allegro-stub"",""cpu"":""0.00%"",""mem"":""30.19MiB / 122.8GiB""}]"
2026-09-09T08:02:15Z,3,562,10,125,33,2666190515,"[{""name"":""lab-worker-1"",""cpu"":""2.20%"",""mem"":""124.6MiB / 122.8GiB""},{""name"":""lab-api"",""cpu"":""0.01%"",""mem"":""176.2MiB / 122.8GiB""},{""name"":""lab-wc-tls"",""cpu"":""0.00%"",""mem"":""30.18MiB / 122.8GiB""},{""name"":""lab-prestashop"",""cpu"":""0.01%"",""mem"":""109MiB / 122.8GiB""},{""name"":""lab-woocommerce"",""cpu"":""0.01%"",""mem"":""200.1MiB / 122.8GiB""},{""name"":""lab-redis"",""cpu"":""0.60%"",""mem"":""75.75MiB / 122.8GiB""},{""name"":""lab-postgres"",""cpu"":""19.43%"",""mem"":""245.9MiB / 122.8GiB""},{""name"":""lab-mysql"",""cpu"":""0.89%"",""mem"":""713.3MiB / 122.8GiB""},{""name"":""lab-woocommerce-mysql"",""cpu"":""0.86%"",""mem"":""485.5MiB / 122.8GiB""},{""name"":""lab-allegro-stub"",""cpu"":""0.00%"",""mem"":""30.19MiB / 122.8GiB""}]"
2026-09-09T08:02:19Z,4,566,10,125,29,2666190515,"[{""name"":""lab-worker-1"",""cpu"":""1.29%"",""mem"":""124.1MiB / 122.8GiB""},{""name"":""lab-api"",""cpu"":""0.00%"",""mem"":""176.2MiB / 122.8GiB""},{""name"":""lab-wc-tls"",""cpu"":""0.00%"",""mem"":""30.18MiB / 122.8GiB""},{""name"":""lab-prestashop"",""cpu"":""0.01%"",""mem"":""109MiB / 122.8GiB""},{""name"":""lab-woocommerce"",""cpu"":""0.01%"",""mem"":""200.1MiB / 122.8GiB""},{""name"":""lab-redis"",""cpu"":""0.45%"",""mem"":""76MiB / 122.8GiB""},{""name"":""lab-postgres"",""cpu"":""18.61%"",""mem"":""245.7MiB / 122.8GiB""},{""name"":""lab-mysql"",""cpu"":""0.88%"",""mem"":""713.3MiB / 122.8GiB""},{""name"":""lab-woocommerce-mysql"",""cpu"":""0.90%"",""mem"":""485.5MiB / 122.8GiB""},{""name"":""lab-allegro-stub"",""cpu"":""4.14%"",""mem"":""30.27MiB / 122.8GiB""}]"
2026-09-09T08:02:22Z,4,565,9,125,32,2666190515,"[{""name"":""lab-worker-1"",""cpu"":""4.20%"",""mem"":""124.6MiB / 122.8GiB""},{""name"":""lab-api"",""cpu"":""0.00%"",""mem"":""176.2MiB / 122.8GiB""},{""name"":""lab-wc-tls"",""cpu"":""0.00%"",""mem"":""30.18MiB / 122.8GiB""},{""name"":""lab-prestashop"",""cpu"":""0.00%"",""mem"":""109MiB / 122.8GiB""},{""name"":""lab-woocommerce"",""cpu"":""0.01%"",""mem"":""200.1MiB / 122.8GiB""},{""name"":""lab-redis"",""cpu"":""0.84%"",""mem"":""75.74MiB / 122.8GiB""},{""name"":""lab-postgres"",""cpu"":""20.94%"",""mem"":""248MiB / 122.8GiB""},{""name"":""lab-mysql"",""cpu"":""0.89%"",""mem"":""713.3MiB / 122.8GiB""},{""name"":""lab-woocommerce-mysql"",""cpu"":""0.91%"",""mem"":""485.5MiB / 122.8GiB""},{""name"":""lab-allegro-stub"",""cpu"":""0.00%"",""mem"":""30.19MiB / 122.8GiB""}]"
2026-09-09T08:02:26Z,3,565,9,125,31,2666198707,"[{""name"":""lab-worker-1"",""cpu"":""1.86%"",""mem"":""124.8MiB / 122.8GiB""},{""name"":""lab-api"",""cpu"":""0.00%"",""mem"":""176.2MiB / 122.8GiB""},{""name"":""lab-wc-tls"",""cpu"":""0.00%"",""mem"":""30.18MiB / 122.8GiB""},{""name"":""lab-prestashop"",""cpu"":""0.01%"",""mem"":""109MiB / 122.8GiB""},{""name"":""lab-woocommerce"",""cpu"":""0.01%"",""mem"":""200.1MiB / 122.8GiB""},{""name"":""lab-redis"",""cpu"":""25.43%"",""mem"":""75.74MiB / 122.8GiB""},{""name"":""lab-postgres"",""cpu"":""19.94%"",""mem"":""248MiB / 122.8GiB""},{""name"":""lab-mysql"",""cpu"":""0.80%"",""mem"":""713.3MiB / 122.8GiB""},{""name"":""lab-woocommerce-mysql"",""cpu"":""0.79%"",""mem"":""485.5MiB / 122.8GiB""},{""name"":""lab-allegro-stub"",""cpu"":""0.00%"",""mem"":""30.19MiB / 122.8GiB""}]"
2026-09-09T08:02:30Z,4,566,9,125,31,2666198707,"[{""name"":""lab-worker-1"",""cpu"":""4.60%"",""mem"":""124.4MiB / 122.8GiB""},{""name"":""lab-api"",""cpu"":""0.01%"",""mem"":""176.2MiB / 122.8GiB""},{""name"":""lab-wc-tls"",""cpu"":""0.00%"",""mem"":""30.18MiB / 122.8GiB""},{""name"":""lab-prestashop"",""cpu"":""0.01%"",""mem"":""109MiB / 122.8GiB""},{""name"":""lab-woocommerce"",""cpu"":""0.01%"",""mem"":""200.1MiB / 122.8GiB""},{""name"":""lab-redis"",""cpu"":""4.35%"",""mem"":""76.12MiB / 122.8GiB""},{""name"":""lab-postgres"",""cpu"":""20.87%"",""mem"":""248.1MiB / 122.8GiB""},{""name"":""lab-mysql"",""cpu"":""5.29%"",""mem"":""713.4MiB / 122.8GiB""},{""name"":""lab-woocommerce-mysql"",""cpu"":""0.84%"",""mem"":""485.5MiB / 122.8GiB""},{""name"":""lab-allegro-stub"",""cpu"":""0.00%"",""mem"":""30.19MiB / 122.8GiB""}]"
2026-09-09T08:02:33Z,4,562,9,125,35,2666198707,"[{""name"":""lab-worker-1"",""cpu"":""2.09%"",""mem"":""124.7MiB / 122.8GiB""},{""name"":""lab-api"",""cpu"":""0.00%"",""mem"":""176.2MiB / 122.8GiB""},{""name"":""lab-wc-tls"",""cpu"":""0.00%"",""mem"":""30.18MiB / 122.8GiB""},{""name"":""lab-prestashop"",""cpu"":""5.83%"",""mem"":""109MiB / 122.8GiB""},{""name"":""lab-woocommerce"",""cpu"":""17.56%"",""mem"":""200.1MiB / 122.8GiB""},{""name"":""lab-redis"",""cpu"":""0.53%"",""mem"":""76.48MiB / 122.8GiB""},{""name"":""lab-postgres"",""cpu"":""24.42%"",""mem"":""243.4MiB / 122.8GiB""},{""name"":""lab-mysql"",""cpu"":""1.74%"",""mem"":""713.3MiB / 122.8GiB""},{""name"":""lab-woocommerce-mysql"",""cpu"":""5.13%"",""mem"":""485.5MiB / 122.8GiB""},{""name"":""lab-allegro-stub"",""cpu"":""0.00%"",""mem"":""30.19MiB / 122.8GiB""}]"
2026-09-09T08:02:37Z,3,567,8,125,31,2666198707,"[{""name"":""lab-worker-1"",""cpu"":""2.66%"",""mem"":""124.3MiB / 122.8GiB""},{""name"":""lab-api"",""cpu"":""0.00%"",""mem"":""176.2MiB / 122.8GiB""},{""name"":""lab-wc-tls"",""cpu"":""0.00%"",""mem"":""30.18MiB / 122.8GiB""},{""name"":""lab-prestashop"",""cpu"":""0.01%"",""mem"":""109MiB / 122.8GiB""},{""name"":""lab-woocommerce"",""cpu"":""0.01%"",""mem"":""200.1MiB / 122.8GiB""},{""name"":""lab-redis"",""cpu"":""0.56%"",""mem"":""75.75MiB / 122.8GiB""},{""name"":""lab-postgres"",""cpu"":""20.09%"",""mem"":""243.8MiB / 122.8GiB""},{""name"":""lab-mysql"",""cpu"":""0.83%"",""mem"":""713.3MiB / 122.8GiB""},{""name"":""lab-woocommerce-mysql"",""cpu"":""0.84%"",""mem"":""485.5MiB / 122.8GiB""},{""name"":""lab-allegro-stub"",""cpu"":""0.00%"",""mem"":""30.19MiB / 122.8GiB""}]"
2026-09-09T08:02:41Z,4,563,9,125,34,2666206899,"[{""name"":""lab-worker-1"",""cpu"":""6.19%"",""mem"":""125.3MiB / 122.8GiB""},{""name"":""lab-api"",""cpu"":""0.00%"",""mem"":""176.2MiB / 122.8GiB""},{""name"":""lab-wc-tls"",""cpu"":""0.00%"",""mem"":""30.18MiB / 122.8GiB""},{""name"":""lab-prestashop"",""cpu"":""0.00%"",""mem"":""109MiB / 122.8GiB""},{""name"":""lab-woocommerce"",""cpu"":""0.01%"",""mem"":""200.1MiB / 122.8GiB""},{""name"":""lab-redis"",""cpu"":""0.66%"",""mem"":""76MiB / 122.8GiB""},{""name"":""lab-postgres"",""cpu"":""20.08%"",""mem"":""243.4MiB / 122.8GiB""},{""name"":""lab-mysql"",""cpu"":""0.83%"",""mem"":""713.3MiB / 122.8GiB""},{""name"":""lab-woocommerce-mysql"",""cpu"":""0.81%"",""mem"":""485.5MiB / 122.8GiB""},{""name"":""lab-allegro-stub"",""cpu"":""0.00%"",""mem"":""30.19MiB / 122.8GiB""}]"
2026-09-09T08:02:45Z,4,566,10,125,30,2666215091,"[{""name"":""lab-worker-1"",""cpu"":""2.93%"",""mem"":""124.3MiB / 122.8GiB""},{""name"":""lab-api"",""cpu"":""0.01%"",""mem"":""176.2MiB / 122.8GiB""},{""name"":""lab-wc-tls"",""cpu"":""0.00%"",""mem"":""30.18MiB / 122.8GiB""},{""name"":""lab-prestashop"",""cpu"":""0.00%"",""mem"":""109MiB / 122.8GiB""},{""name"":""lab-woocommerce"",""cpu"":""0.01%"",""mem"":""200.1MiB / 122.8GiB""},{""name"":""lab-redis"",""cpu"":""0.78%"",""mem"":""76MiB / 122.8GiB""},{""name"":""lab-postgres"",""cpu"":""17.80%"",""mem"":""243.4MiB / 122.8GiB""},{""name"":""lab-mysql"",""cpu"":""0.77%"",""mem"":""713.3MiB / 122.8GiB""},{""name"":""lab-woocommerce-mysql"",""cpu"":""5.51%"",""mem"":""485.5MiB / 122.8GiB""},{""name"":""lab-allegro-stub"",""cpu"":""4.20%"",""mem"":""30.2MiB / 122.8GiB""}]"
2026-09-09T08:02:48Z,4,568,10,125,29,2666215091,"[{""name"":""lab-worker-1"",""cpu"":""2.21%"",""mem"":""124.3MiB / 122.8GiB""},{""name"":""lab-api"",""cpu"":""0.00%"",""mem"":""176.2MiB / 122.8GiB""},{""name"":""lab-wc-tls"",""cpu"":""0.00%"",""mem"":""30.18MiB / 122.8GiB""},{""name"":""lab-prestashop"",""cpu"":""0.01%"",""mem"":""109MiB / 122.8GiB""},{""name"":""lab-woocommerce"",""cpu"":""0.01%"",""mem"":""200.1MiB / 122.8GiB""},{""name"":""lab-redis"",""cpu"":""0.43%"",""mem"":""76MiB / 122.8GiB""},{""name"":""lab-postgres"",""cpu"":""18.82%"",""mem"":""241.3MiB / 122.8GiB""},{""name"":""lab-mysql"",""cpu"":""0.81%"",""mem"":""713.3MiB / 122.8GiB""},{""name"":""lab-woocommerce-mysql"",""cpu"":""0.85%"",""mem"":""485.5MiB / 122.8GiB""},{""name"":""lab-allegro-stub"",""cpu"":""0.00%"",""mem"":""30.19MiB / 122.8GiB""}]"
2026-09-09T08:02:52Z,3,572,9,125,26,2666215091,"[{""name"":""lab-worker-1"",""cpu"":""5.41%"",""mem"":""125.1MiB / 122.8GiB""},{""name"":""lab-api"",""cpu"":""0.00%"",""mem"":""176.2MiB / 122.8GiB""},{""name"":""lab-wc-tls"",""cpu"":""0.00%"",""mem"":""30.18MiB / 122.8GiB""},{""name"":""lab-prestashop"",""cpu"":""0.01%"",""mem"":""109MiB / 122.8GiB""},{""name"":""lab-woocommerce"",""cpu"":""0.01%"",""mem"":""200.1MiB / 122.8GiB""},{""name"":""lab-redis"",""cpu"":""0.94%"",""mem"":""76MiB / 122.8GiB""},{""name"":""lab-postgres"",""cpu"":""24.62%"",""mem"":""245.5MiB / 122.8GiB""},{""name"":""lab-mysql"",""cpu"":""0.82%"",""mem"":""713.3MiB / 122.8GiB""},{""name"":""lab-woocommerce-mysql"",""cpu"":""0.78%"",""mem"":""485.5MiB / 122.8GiB""},{""name"":""lab-allegro-stub"",""cpu"":""0.00%"",""mem"":""30.19MiB / 122.8GiB""}]"
2026-09-09T08:02:56Z,4,573,10,125,25,2666215091,"[{""name"":""lab-worker-1"",""cpu"":""3.71%"",""mem"":""126.5MiB / 122.8GiB""},{""name"":""lab-api"",""cpu"":""0.00%"",""mem"":""176.2MiB / 122.8GiB""},{""name"":""lab-wc-tls"",""cpu"":""0.00%"",""mem"":""30.18MiB / 122.8GiB""},{""name"":""lab-prestashop"",""cpu"":""0.01%"",""mem"":""109MiB / 122.8GiB""},{""name"":""lab-woocommerce"",""cpu"":""0.01%"",""mem"":""200.1MiB / 122.8GiB""},{""name"":""lab-redis"",""cpu"":""0.72%"",""mem"":""75.99MiB / 122.8GiB""},{""name"":""lab-postgres"",""cpu"":""21.02%"",""mem"":""245.9MiB / 122.8GiB""},{""name"":""lab-mysql"",""cpu"":""0.83%"",""mem"":""713.3MiB / 122.8GiB""},{""name"":""lab-woocommerce-mysql"",""cpu"":""0.72%"",""mem"":""485.5MiB / 122.8GiB""},{""name"":""lab-allegro-stub"",""cpu"":""0.00%"",""mem"":""30.19MiB / 122.8GiB""}]"
2026-09-09T08:02:59Z,4,572,9,125,26,2666215091,"[{""name"":""lab-worker-1"",""cpu"":""3.52%"",""mem"":""126.8MiB / 122.8GiB""},{""name"":""lab-api"",""cpu"":""0.00%"",""mem"":""176.2MiB / 122.8GiB""},{""name"":""lab-wc-tls"",""cpu"":""0.00%"",""mem"":""30.18MiB / 122.8GiB""},{""name"":""lab-prestashop"",""cpu"":""0.00%"",""mem"":""109MiB / 122.8GiB""},{""name"":""lab-woocommerce"",""cpu"":""0.01%"",""mem"":""200.1MiB / 122.8GiB""},{""name"":""lab-redis"",""cpu"":""0.67%"",""mem"":""75.74MiB / 122.8GiB""},{""name"":""lab-postgres"",""cpu"":""20.76%"",""mem"":""245.7MiB / 122.8GiB""},{""name"":""lab-mysql"",""cpu"":""0.99%"",""mem"":""713.3MiB / 122.8GiB""},{""name"":""lab-woocommerce-mysql"",""cpu"":""0.76%"",""mem"":""485.5MiB / 122.8GiB""},{""name"":""lab-allegro-stub"",""cpu"":""4.34%"",""mem"":""30.26MiB / 122.8GiB""}]"
2026-09-09T08:03:03Z,3,574,10,125,25,2666223283,"[{""name"":""lab-worker-1"",""cpu"":""7.87%"",""mem"":""126.4MiB / 122.8GiB""},{""name"":""lab-api"",""cpu"":""0.00%"",""mem"":""176.2MiB / 122.8GiB""},{""name"":""lab-wc-tls"",""cpu"":""0.00%"",""mem"":""30.18MiB / 122.8GiB""},{""name"":""lab-prestashop"",""cpu"":""5.52%"",""mem"":""109.1MiB / 122.8GiB""},{""name"":""lab-woocommerce"",""cpu"":""13.14%"",""mem"":""202.4MiB / 122.8GiB""},{""name"":""lab-redis"",""cpu"":""0.83%"",""mem"":""75.74MiB / 122.8GiB""},{""name"":""lab-postgres"",""cpu"":""23.72%"",""mem"":""250.8MiB / 122.8GiB""},{""name"":""lab-mysql"",""cpu"":""1.34%"",""mem"":""713.3MiB / 122.8GiB""},{""name"":""lab-woocommerce-mysql"",""cpu"":""2.23%"",""mem"":""485.5MiB / 122.8GiB""},{""name"":""lab-allegro-stub"",""cpu"":""0.00%"",""mem"":""30.2MiB / 122.8GiB""}]"
2026-09-09T08:03:07Z,4,573,9,125,26,2666239667,"[{""name"":""lab-worker-1"",""cpu"":""4.08%"",""mem"":""126.9MiB / 122.8GiB""},{""name"":""lab-api"",""cpu"":""0.01%"",""mem"":""176.2MiB / 122.8GiB""},{""name"":""lab-wc-tls"",""cpu"":""0.00%"",""mem"":""30.18MiB / 122.8GiB""},{""name"":""lab-prestashop"",""cpu"":""0.01%"",""mem"":""109MiB / 122.8GiB""},{""name"":""lab-woocommerce"",""cpu"":""0.00%"",""mem"":""202.1MiB / 122.8GiB""},{""name"":""lab-redis"",""cpu"":""0.63%"",""mem"":""76MiB / 122.8GiB""},{""name"":""lab-postgres"",""cpu"":""20.46%"",""mem"":""243.4MiB / 122.8GiB""},{""name"":""lab-mysql"",""cpu"":""0.87%"",""mem"":""713.3MiB / 122.8GiB""},{""name"":""lab-woocommerce-mysql"",""cpu"":""0.92%"",""mem"":""485.5MiB / 122.8GiB""},{""name"":""lab-allegro-stub"",""cpu"":""0.00%"",""mem"":""30.19MiB / 122.8GiB""}]"
2026-09-09T08:03:10Z,4,574,9,125,26,2666239667,"[{""name"":""lab-worker-1"",""cpu"":""13.93%"",""mem"":""128MiB / 122.8GiB""},{""name"":""lab-api"",""cpu"":""0.01%"",""mem"":""176.2MiB / 122.8GiB""},{""name"":""lab-wc-tls"",""cpu"":""0.00%"",""mem"":""30.18MiB / 122.8GiB""},{""name"":""lab-prestashop"",""cpu"":""0.00%"",""mem"":""109MiB / 122.8GiB""},{""name"":""lab-woocommerce"",""cpu"":""0.01%"",""mem"":""202.1MiB / 122.8GiB""},{""name"":""lab-redis"",""cpu"":""5.56%"",""mem"":""75.75MiB / 122.8GiB""},{""name"":""lab-postgres"",""cpu"":""25.56%"",""mem"":""247.8MiB / 122.8GiB""},{""name"":""lab-mysql"",""cpu"":""6.09%"",""mem"":""713.3MiB / 122.8GiB""},{""name"":""lab-woocommerce-mysql"",""cpu"":""0.96%"",""mem"":""485.5MiB / 122.8GiB""},{""name"":""lab-allegro-stub"",""cpu"":""0.01%"",""mem"":""30.19MiB / 122.8GiB""}]"
2026-09-09T08:03:14Z,3,571,9,125,29,2666239667,"[{""name"":""lab-worker-1"",""cpu"":""2.24%"",""mem"":""127.1MiB / 122.8GiB""},{""name"":""lab-api"",""cpu"":""0.00%"",""mem"":""176.2MiB / 122.8GiB""},{""name"":""lab-wc-tls"",""cpu"":""0.00%"",""mem"":""30.18MiB / 122.8GiB""},{""name"":""lab-prestashop"",""cpu"":""0.00%"",""mem"":""109MiB / 122.8GiB""},{""name"":""lab-woocommerce"",""cpu"":""0.01%"",""mem"":""202.1MiB / 122.8GiB""},{""name"":""lab-redis"",""cpu"":""0.69%"",""mem"":""76MiB / 122.8GiB""},{""name"":""lab-postgres"",""cpu"":""18.40%"",""mem"":""250.3MiB / 122.8GiB""},{""name"":""lab-mysql"",""cpu"":""0.87%"",""mem"":""713.3MiB / 122.8GiB""},{""name"":""lab-woocommerce-mysql"",""cpu"":""5.32%"",""mem"":""485.5MiB / 122.8GiB""},{""name"":""lab-allegro-stub"",""cpu"":""4.10%"",""mem"":""30.31MiB / 122.8GiB""}]"
2026-09-09T08:03:18Z,4,569,8,125,32,2666239667,"[{""name"":""lab-worker-1"",""cpu"":""4.14%"",""mem"":""127.4MiB / 122.8GiB""},{""name"":""lab-api"",""cpu"":""0.00%"",""mem"":""176.2MiB / 122.8GiB""},{""name"":""lab-wc-tls"",""cpu"":""0.00%"",""mem"":""30.18MiB / 122.8GiB""},{""name"":""lab-prestashop"",""cpu"":""0.01%"",""mem"":""109MiB / 122.8GiB""},{""name"":""lab-woocommerce"",""cpu"":""0.01%"",""mem"":""202.1MiB / 122.8GiB""},{""name"":""lab-redis"",""cpu"":""0.51%"",""mem"":""76MiB / 122.8GiB""},{""name"":""lab-postgres"",""cpu"":""20.27%"",""mem"":""248.2MiB / 122.8GiB""},{""name"":""lab-mysql"",""cpu"":""0.89%"",""mem"":""713.3MiB / 122.8GiB""},{""name"":""lab-woocommerce-mysql"",""cpu"":""0.95%"",""mem"":""485.5MiB / 122.8GiB""},{""name"":""lab-allegro-stub"",""cpu"":""0.00%"",""mem"":""30.19MiB / 122.8GiB""}]"
2026-09-09T08:03:22Z,4,565,7,125,37,2666239667,"[{""name"":""lab-worker-1"",""cpu"":""3.65%"",""mem"":""127.7MiB / 122.8GiB""},{""name"":""lab-api"",""cpu"":""0.00%"",""mem"":""176.2MiB / 122.8GiB""},{""name"":""lab-wc-tls"",""cpu"":""0.00%"",""mem"":""30.18MiB / 122.8GiB""},{""name"":""lab-prestashop"",""cpu"":""0.01%"",""mem"":""109MiB / 122.8GiB""},{""name"":""lab-woocommerce"",""cpu"":""0.01%"",""mem"":""202.1MiB / 122.8GiB""},{""name"":""lab-redis"",""cpu"":""0.74%"",""mem"":""75.76MiB / 122.8GiB""},{""name"":""lab-postgres"",""cpu"":""21.43%"",""mem"":""243.6MiB / 122.8GiB""},{""name"":""lab-mysql"",""cpu"":""1.02%"",""mem"":""713.3MiB / 122.8GiB""},{""name"":""lab-woocommerce-mysql"",""cpu"":""0.90%"",""mem"":""485.5MiB / 122.8GiB""},{""name"":""lab-allegro-stub"",""cpu"":""0.00%"",""mem"":""30.19MiB / 122.8GiB""}]"
2026-09-09T08:03:25Z,4,565,8,125,37,2666247859,"[{""name"":""lab-worker-1"",""cpu"":""1.49%"",""mem"":""127.8MiB / 122.8GiB""},{""name"":""lab-api"",""cpu"":""0.01%"",""mem"":""176.2MiB / 122.8GiB""},{""name"":""lab-wc-tls"",""cpu"":""0.00%"",""mem"":""30.18MiB / 122.8GiB""},{""name"":""lab-prestashop"",""cpu"":""0.00%"",""mem"":""109MiB / 122.8GiB""},{""name"":""lab-woocommerce"",""cpu"":""0.01%"",""mem"":""202.1MiB / 122.8GiB""},{""name"":""lab-redis"",""cpu"":""0.46%"",""mem"":""75.75MiB / 122.8GiB""},{""name"":""lab-postgres"",""cpu"":""12.91%"",""mem"":""245.6MiB / 122.8GiB""},{""name"":""lab-mysql"",""cpu"":""1.06%"",""mem"":""713.3MiB / 122.8GiB""},{""name"":""lab-woocommerce-mysql"",""cpu"":""0.98%"",""mem"":""485.5MiB / 122.8GiB""},{""name"":""lab-allegro-stub"",""cpu"":""0.01%"",""mem"":""30.19MiB / 122.8GiB""}]"
2026-09-09T08:03:29Z,3,566,10,125,34,2666247859,"[{""name"":""lab-worker-1"",""cpu"":""4.70%"",""mem"":""128.2MiB / 122.8GiB""},{""name"":""lab-api"",""cpu"":""0.00%"",""mem"":""176.2MiB / 122.8GiB""},{""name"":""lab-wc-tls"",""cpu"":""0.00%"",""mem"":""30.18MiB / 122.8GiB""},{""name"":""lab-prestashop"",""cpu"":""0.01%"",""mem"":""109MiB / 122.8GiB""},{""name"":""lab-woocommerce"",""cpu"":""0.00%"",""mem"":""202.1MiB / 122.8GiB""},{""name"":""lab-redis"",""cpu"":""0.66%"",""mem"":""75.75MiB / 122.8GiB""},{""name"":""lab-postgres"",""cpu"":""20.85%"",""mem"":""246MiB / 122.8GiB""},{""name"":""lab-mysql"",""cpu"":""0.92%"",""mem"":""713.3MiB / 122.8GiB""},{""name"":""lab-woocommerce-mysql"",""cpu"":""0.84%"",""mem"":""485.5MiB / 122.8GiB""},{""name"":""lab-allegro-stub"",""cpu"":""0.00%"",""mem"":""30.19MiB / 122.8GiB""}]"
2026-09-09T08:03:33Z,4,566,10,125,35,2666247859,"[{""name"":""lab-worker-1"",""cpu"":""3.63%"",""mem"":""127.7MiB / 122.8GiB""},{""name"":""lab-api"",""cpu"":""0.00%"",""mem"":""176.2MiB / 122.8GiB""},{""name"":""lab-wc-tls"",""cpu"":""0.00%"",""mem"":""30.18MiB / 122.8GiB""},{""name"":""lab-prestashop"",""cpu"":""0.01%"",""mem"":""109MiB / 122.8GiB""},{""name"":""lab-woocommerce"",""cpu"":""0.01%"",""mem"":""202.1MiB / 122.8GiB""},{""name"":""lab-redis"",""cpu"":""0.77%"",""mem"":""76MiB / 122.8GiB""},{""name"":""lab-postgres"",""cpu"":""20.38%"",""mem"":""245.7MiB / 122.8GiB""},{""name"":""lab-mysql"",""cpu"":""0.80%"",""mem"":""713.3MiB / 122.8GiB""},{""name"":""lab-woocommerce-mysql"",""cpu"":""0.87%"",""mem"":""485.5MiB / 122.8GiB""},{""name"":""lab-allegro-stub"",""cpu"":""0.00%"",""mem"":""30.19MiB / 122.8GiB""}]"
2026-09-09T08:03:36Z,4,567,10,125,33,2666247859,"[{""name"":""lab-worker-1"",""cpu"":""2.66%"",""mem"":""128.4MiB / 122.8GiB""},{""name"":""lab-api"",""cpu"":""0.00%"",""mem"":""176.2MiB / 122.8GiB""},{""name"":""lab-wc-tls"",""cpu"":""0.00%"",""mem"":""30.18MiB / 122.8GiB""},{""name"":""lab-prestashop"",""cpu"":""0.00%"",""mem"":""109MiB / 122.8GiB""},{""name"":""lab-woocommerce"",""cpu"":""0.01%"",""mem"":""202.1MiB / 122.8GiB""},{""name"":""lab-redis"",""cpu"":""0.74%"",""mem"":""75.99MiB / 122.8GiB""},{""name"":""lab-postgres"",""cpu"":""17.74%"",""mem"":""243.3MiB / 122.8GiB""},{""name"":""lab-mysql"",""cpu"":""0.89%"",""mem"":""713.3MiB / 122.8GiB""},{""name"":""lab-woocommerce-mysql"",""cpu"":""1.04%"",""mem"":""485.5MiB / 122.8GiB""},{""name"":""lab-allegro-stub"",""cpu"":""0.00%"",""mem"":""30.19MiB / 122.8GiB""}]"
2026-09-09T08:03:40Z,3,563,10,125,37,2666256051,"[{""name"":""lab-worker-1"",""cpu"":""7.03%"",""mem"":""128.2MiB / 122.8GiB""},{""name"":""lab-api"",""cpu"":""0.02%"",""mem"":""176.2MiB / 122.8GiB""},{""name"":""lab-wc-tls"",""cpu"":""0.00%"",""mem"":""30.18MiB / 122.8GiB""},{""name"":""lab-prestashop"",""cpu"":""0.01%"",""mem"":""109MiB / 122.8GiB""},{""name"":""lab-woocommerce"",""cpu"":""0.01%"",""mem"":""202.1MiB / 122.8GiB""},{""name"":""lab-redis"",""cpu"":""5.07%"",""mem"":""75.77MiB / 122.8GiB""},{""name"":""lab-postgres"",""cpu"":""19.83%"",""mem"":""245.6MiB / 122.8GiB""},{""name"":""lab-mysql"",""cpu"":""5.25%"",""mem"":""713.3MiB / 122.8GiB""},{""name"":""lab-woocommerce-mysql"",""cpu"":""0.85%"",""mem"":""485.5MiB / 122.8GiB""},{""name"":""lab-allegro-stub"",""cpu"":""3.80%"",""mem"":""30.19MiB / 122.8GiB""}]"
2026-09-09T08:03:44Z,4,566,9,125,36,2666264243,"[{""name"":""lab-worker-1"",""cpu"":""4.48%"",""mem"":""128.6MiB / 122.8GiB""},{""name"":""lab-api"",""cpu"":""0.00%"",""mem"":""176.2MiB / 122.8GiB""},{""name"":""lab-wc-tls"",""cpu"":""0.00%"",""mem"":""30.18MiB / 122.8GiB""},{""name"":""lab-prestashop"",""cpu"":""0.01%"",""mem"":""109MiB / 122.8GiB""},{""name"":""lab-woocommerce"",""cpu"":""0.01%"",""mem"":""202.1MiB / 122.8GiB""},{""name"":""lab-redis"",""cpu"":""0.61%"",""mem"":""75.75MiB / 122.8GiB""},{""name"":""lab-postgres"",""cpu"":""25.46%"",""mem"":""245.9MiB / 122.8GiB""},{""name"":""lab-mysql"",""cpu"":""0.83%"",""mem"":""713.3MiB / 122.8GiB""},{""name"":""lab-woocommerce-mysql"",""cpu"":""0.91%"",""mem"":""485.5MiB / 122.8GiB""},{""name"":""lab-allegro-stub"",""cpu"":""0.00%"",""mem"":""30.19MiB / 122.8GiB""}]"
2026-09-09T08:03:48Z,4,564,10,125,37,2666272435,"[{""name"":""lab-worker-1"",""cpu"":""4.13%"",""mem"":""129.1MiB / 122.8GiB""},{""name"":""lab-api"",""cpu"":""0.00%"",""mem"":""176.2MiB / 122.8GiB""},{""name"":""lab-wc-tls"",""cpu"":""0.00%"",""mem"":""30.18MiB / 122.8GiB""},{""name"":""lab-prestashop"",""cpu"":""0.01%"",""mem"":""109MiB / 122.8GiB""},{""name"":""lab-woocommerce"",""cpu"":""0.01%"",""mem"":""202.1MiB / 122.8GiB""},{""name"":""lab-redis"",""cpu"":""0.74%"",""mem"":""76MiB / 122.8GiB""},{""name"":""lab-postgres"",""cpu"":""14.21%"",""mem"":""245.7MiB / 122.8GiB""},{""name"":""lab-mysql"",""cpu"":""0.98%"",""mem"":""713.3MiB / 122.8GiB""},{""name"":""lab-woocommerce-mysql"",""cpu"":""0.92%"",""mem"":""485.5MiB / 122.8GiB""},{""name"":""lab-allegro-stub"",""cpu"":""0.00%"",""mem"":""30.19MiB / 122.8GiB""}]"
2026-09-09T08:03:51Z,4,563,10,125,39,2666272435,"[{""name"":""lab-worker-1"",""cpu"":""4.88%"",""mem"":""128.4MiB / 122.8GiB""},{""name"":""lab-api"",""cpu"":""0.00%"",""mem"":""176.2MiB / 122.8GiB""},{""name"":""lab-wc-tls"",""cpu"":""0.00%"",""mem"":""30.18MiB / 122.8GiB""},{""name"":""lab-prestashop"",""cpu"":""0.01%"",""mem"":""109MiB / 122.8GiB""},{""name"":""lab-woocommerce"",""cpu"":""0.01%"",""mem"":""202.1MiB / 122.8GiB""},{""name"":""lab-redis"",""cpu"":""0.82%"",""mem"":""76.01MiB / 122.8GiB""},{""name"":""lab-postgres"",""cpu"":""19.67%"",""mem"":""246MiB / 122.8GiB""},{""name"":""lab-mysql"",""cpu"":""0.98%"",""mem"":""713.3MiB / 122.8GiB""},{""name"":""lab-woocommerce-mysql"",""cpu"":""0.89%"",""mem"":""485.5MiB / 122.8GiB""},{""name"":""lab-allegro-stub"",""cpu"":""0.01%"",""mem"":""30.19MiB / 122.8GiB""}]"
2026-09-09T08:03:55Z,3,565,10,125,36,2666272435,"[{""name"":""lab-worker-1"",""cpu"":""3.50%"",""mem"":""128.5MiB / 122.8GiB""},{""name"":""lab-api"",""cpu"":""0.02%"",""mem"":""176.2MiB / 122.8GiB""},{""name"":""lab-wc-tls"",""cpu"":""0.00%"",""mem"":""30.18MiB / 122.8GiB""},{""name"":""lab-prestashop"",""cpu"":""0.01%"",""mem"":""109MiB / 122.8GiB""},{""name"":""lab-woocommerce"",""cpu"":""0.01%"",""mem"":""202.1MiB / 122.8GiB""},{""name"":""lab-redis"",""cpu"":""0.75%"",""mem"":""76MiB / 122.8GiB""},{""name"":""lab-postgres"",""cpu"":""21.57%"",""mem"":""245.7MiB / 122.8GiB""},{""name"":""lab-mysql"",""cpu"":""0.82%"",""mem"":""713.3MiB / 122.8GiB""},{""name"":""lab-woocommerce-mysql"",""cpu"":""5.58%"",""mem"":""485.5MiB / 122.8GiB""},{""name"":""lab-allegro-stub"",""cpu"":""4.28%"",""mem"":""30.26MiB / 122.8GiB""}]"
2026-09-09T08:03:59Z,4,565,9,125,39,2666272435,"[{""name"":""lab-worker-1"",""cpu"":""3.02%"",""mem"":""129MiB / 122.8GiB""},{""name"":""lab-api"",""cpu"":""0.00%"",""mem"":""176.2MiB / 122.8GiB""},{""name"":""lab-wc-tls"",""cpu"":""0.00%"",""mem"":""30.18MiB / 122.8GiB""},{""name"":""lab-prestashop"",""cpu"":""0.01%"",""mem"":""109MiB / 122.8GiB""},{""name"":""lab-woocommerce"",""cpu"":""0.01%"",""mem"":""202.1MiB / 122.8GiB""},{""name"":""lab-redis"",""cpu"":""0.89%"",""mem"":""75.75MiB / 122.8GiB""},{""name"":""lab-postgres"",""cpu"":""18.28%"",""mem"":""243.3MiB / 122.8GiB""},{""name"":""lab-mysql"",""cpu"":""0.87%"",""mem"":""713.3MiB / 122.8GiB""},{""name"":""lab-woocommerce-mysql"",""cpu"":""0.86%"",""mem"":""485.5MiB / 122.8GiB""},{""name"":""lab-allegro-stub"",""cpu"":""0.00%"",""mem"":""30.19MiB / 122.8GiB""}]"
2026-09-09T08:04:02Z,4,568,10,125,34,2666272435,"[{""name"":""lab-worker-1"",""cpu"":""3.14%"",""mem"":""128.8MiB / 122.8GiB""},{""name"":""lab-api"",""cpu"":""0.00%"",""mem"":""176.2MiB / 122.8GiB""},{""name"":""lab-wc-tls"",""cpu"":""0.00%"",""mem"":""30.18MiB / 122.8GiB""},{""name"":""lab-prestashop"",""cpu"":""0.01%"",""mem"":""109MiB / 122.8GiB""},{""name"":""lab-woocommerce"",""cpu"":""0.01%"",""mem"":""202.1MiB / 122.8GiB""},{""name"":""lab-redis"",""cpu"":""0.82%"",""mem"":""75.75MiB / 122.8GiB""},{""name"":""lab-postgres"",""cpu"":""19.40%"",""mem"":""244MiB / 122.8GiB""},{""name"":""lab-mysql"",""cpu"":""0.92%"",""mem"":""713.3MiB / 122.8GiB""},{""name"":""lab-woocommerce-mysql"",""cpu"":""1.05%"",""mem"":""485.5MiB / 122.8GiB""},{""name"":""lab-allegro-stub"",""cpu"":""0.00%"",""mem"":""30.19MiB / 122.8GiB""}]"
2026-09-09T08:04:06Z,3,570,10,125,32,2666272435,"[{""name"":""lab-worker-1"",""cpu"":""5.18%"",""mem"":""129MiB / 122.8GiB""},{""name"":""lab-api"",""cpu"":""0.00%"",""mem"":""176.2MiB / 122.8GiB""},{""name"":""lab-wc-tls"",""cpu"":""0.00%"",""mem"":""30.18MiB / 122.8GiB""},{""name"":""lab-prestashop"",""cpu"":""0.01%"",""mem"":""109.1MiB / 122.8GiB""},{""name"":""lab-woocommerce"",""cpu"":""0.01%"",""mem"":""204.1MiB / 122.8GiB""},{""name"":""lab-redis"",""cpu"":""0.82%"",""mem"":""75.75MiB / 122.8GiB""},{""name"":""lab-postgres"",""cpu"":""11.80%"",""mem"":""250.9MiB / 122.8GiB""},{""name"":""lab-mysql"",""cpu"":""0.85%"",""mem"":""713.3MiB / 122.8GiB""},{""name"":""lab-woocommerce-mysql"",""cpu"":""1.08%"",""mem"":""485.5MiB / 122.8GiB""},{""name"":""lab-allegro-stub"",""cpu"":""0.01%"",""mem"":""30.19MiB / 122.8GiB""}]"
2026-09-09T08:04:10Z,4,575,10,125,27,2666272435,"[{""name"":""lab-worker-1"",""cpu"":""5.03%"",""mem"":""129.8MiB / 122.8GiB""},{""name"":""lab-api"",""cpu"":""0.00%"",""mem"":""176.2MiB / 122.8GiB""},{""name"":""lab-wc-tls"",""cpu"":""0.00%"",""mem"":""30.18MiB / 122.8GiB""},{""name"":""lab-prestashop"",""cpu"":""0.01%"",""mem"":""109MiB / 122.8GiB""},{""name"":""lab-woocommerce"",""cpu"":""0.01%"",""mem"":""204.1MiB / 122.8GiB""},{""name"":""lab-redis"",""cpu"":""0.81%"",""mem"":""75.76MiB / 122.8GiB""},{""name"":""lab-postgres"",""cpu"":""18.86%"",""mem"":""243.1MiB / 122.8GiB""},{""name"":""lab-mysql"",""cpu"":""0.92%"",""mem"":""713.3MiB / 122.8GiB""},{""name"":""lab-woocommerce-mysql"",""cpu"":""0.98%"",""mem"":""485.5MiB / 122.8GiB""},{""name"":""lab-allegro-stub"",""cpu"":""0.00%"",""mem"":""30.19MiB / 122.8GiB""}]"
2026-09-09T08:04:13Z,4,574,9,125,29,2666460851,"[{""name"":""lab-worker-1"",""cpu"":""16.78%"",""mem"":""129.7MiB / 122.8GiB""},{""name"":""lab-api"",""cpu"":""0.00%"",""mem"":""176.2MiB / 122.8GiB""},{""name"":""lab-wc-tls"",""cpu"":""0.00%"",""mem"":""30.18MiB / 122.8GiB""},{""name"":""lab-prestashop"",""cpu"":""0.01%"",""mem"":""109MiB / 122.8GiB""},{""name"":""lab-woocommerce"",""cpu"":""0.01%"",""mem"":""204.1MiB / 122.8GiB""},{""name"":""lab-redis"",""cpu"":""0.69%"",""mem"":""75.75MiB / 122.8GiB""},{""name"":""lab-postgres"",""cpu"":""6.89%"",""mem"":""243.3MiB / 122.8GiB""},{""name"":""lab-mysql"",""cpu"":""0.96%"",""mem"":""713.3MiB / 122.8GiB""},{""name"":""lab-woocommerce-mysql"",""cpu"":""1.06%"",""mem"":""485.5MiB / 122.8GiB""},{""name"":""lab-allegro-stub"",""cpu"":""0.00%"",""mem"":""30.19MiB / 122.8GiB""}]"
2026-09-09T08:04:17Z,3,572,10,125,30,2666469043,"[{""name"":""lab-worker-1"",""cpu"":""2.34%"",""mem"":""130MiB / 122.8GiB""},{""name"":""lab-api"",""cpu"":""0.00%"",""mem"":""176.2MiB / 122.8GiB""},{""name"":""lab-wc-tls"",""cpu"":""0.00%"",""mem"":""30.18MiB / 122.8GiB""},{""name"":""lab-prestashop"",""cpu"":""0.01%"",""mem"":""109MiB / 122.8GiB""},{""name"":""lab-woocommerce"",""cpu"":""0.00%"",""mem"":""204.1MiB / 122.8GiB""},{""name"":""lab-redis"",""cpu"":""0.60%"",""mem"":""76MiB / 122.8GiB""},{""name"":""lab-postgres"",""cpu"":""6.74%"",""mem"":""245.6MiB / 122.8GiB""},{""name"":""lab-mysql"",""cpu"":""1.04%"",""mem"":""713.3MiB / 122.8GiB""},{""name"":""lab-woocommerce-mysql"",""cpu"":""0.92%"",""mem"":""485.5MiB / 122.8GiB""},{""name"":""lab-allegro-stub"",""cpu"":""0.00%"",""mem"":""30.19MiB / 122.8GiB""}]"
2026-09-09T08:04:21Z,4,573,10,125,29,2666469043,"[{""name"":""lab-worker-1"",""cpu"":""8.25%"",""mem"":""130MiB / 122.8GiB""},{""name"":""lab-api"",""cpu"":""0.00%"",""mem"":""176.2MiB / 122.8GiB""},{""name"":""lab-wc-tls"",""cpu"":""0.00%"",""mem"":""30.18MiB / 122.8GiB""},{""name"":""lab-prestashop"",""cpu"":""0.00%"",""mem"":""109MiB / 122.8GiB""},{""name"":""lab-woocommerce"",""cpu"":""0.01%"",""mem"":""204.1MiB / 122.8GiB""},{""name"":""lab-redis"",""cpu"":""4.66%"",""mem"":""76.01MiB / 122.8GiB""},{""name"":""lab-postgres"",""cpu"":""17.64%"",""mem"":""245.6MiB / 122.8GiB""},{""name"":""lab-mysql"",""cpu"":""6.14%"",""mem"":""713.4MiB / 122.8GiB""},{""name"":""lab-woocommerce-mysql"",""cpu"":""0.81%"",""mem"":""485.5MiB / 122.8GiB""},{""name"":""lab-allegro-stub"",""cpu"":""3.91%"",""mem"":""30.2MiB / 122.8GiB""}]"
2026-09-09T08:04:25Z,4,573,8,125,31,2666469043,"[{""name"":""lab-worker-1"",""cpu"":""2.53%"",""mem"":""129.7MiB / 122.8GiB""},{""name"":""lab-api"",""cpu"":""0.00%"",""mem"":""176.2MiB / 122.8GiB""},{""name"":""lab-wc-tls"",""cpu"":""0.00%"",""mem"":""30.18MiB / 122.8GiB""},{""name"":""lab-prestashop"",""cpu"":""0.01%"",""mem"":""109MiB / 122.8GiB""},{""name"":""lab-woocommerce"",""cpu"":""0.01%"",""mem"":""204.1MiB / 122.8GiB""},{""name"":""lab-redis"",""cpu"":""0.75%"",""mem"":""75.75MiB / 122.8GiB""},{""name"":""lab-postgres"",""cpu"":""29.62%"",""mem"":""246.6MiB / 122.8GiB""},{""name"":""lab-mysql"",""cpu"":""0.84%"",""mem"":""713.3MiB / 122.8GiB""},{""name"":""lab-woocommerce-mysql"",""cpu"":""5.31%"",""mem"":""485.5MiB / 122.8GiB""},{""name"":""lab-allegro-stub"",""cpu"":""0.00%"",""mem"":""30.19MiB / 122.8GiB""}]"
2026-09-09T08:04:28Z,4,572,9,126,29,2666469043,"[{""name"":""lab-worker-1"",""cpu"":""5.65%"",""mem"":""130.1MiB / 122.8GiB""},{""name"":""lab-api"",""cpu"":""0.00%"",""mem"":""176.2MiB / 122.8GiB""},{""name"":""lab-wc-tls"",""cpu"":""0.00%"",""mem"":""30.18MiB / 122.8GiB""},{""name"":""lab-prestashop"",""cpu"":""0.01%"",""mem"":""109MiB / 122.8GiB""},{""name"":""lab-woocommerce"",""cpu"":""0.00%"",""mem"":""204.1MiB / 122.8GiB""},{""name"":""lab-redis"",""cpu"":""0.48%"",""mem"":""76MiB / 122.8GiB""},{""name"":""lab-postgres"",""cpu"":""20.02%"",""mem"":""243.4MiB / 122.8GiB""},{""name"":""lab-mysql"",""cpu"":""0.90%"",""mem"":""713.3MiB / 122.8GiB""},{""name"":""lab-woocommerce-mysql"",""cpu"":""0.86%"",""mem"":""485.5MiB / 122.8GiB""},{""name"":""lab-allegro-stub"",""cpu"":""0.00%"",""mem"":""30.2MiB / 122.8GiB""}]"
2026-09-09T08:04:32Z,3,570,9,126,32,2666469043,"[{""name"":""lab-worker-1"",""cpu"":""3.66%"",""mem"":""130.2MiB / 122.8GiB""},{""name"":""lab-api"",""cpu"":""0.00%"",""mem"":""176.2MiB / 122.8GiB""},{""name"":""lab-wc-tls"",""cpu"":""0.00%"",""mem"":""30.18MiB / 122.8GiB""},{""name"":""lab-prestashop"",""cpu"":""0.01%"",""mem"":""109MiB / 122.8GiB""},{""name"":""lab-woocommerce"",""cpu"":""0.01%"",""mem"":""204.1MiB / 122.8GiB""},{""name"":""lab-redis"",""cpu"":""0.71%"",""mem"":""76.02MiB / 122.8GiB""},{""name"":""lab-postgres"",""cpu"":""16.79%"",""mem"":""243.6MiB / 122.8GiB""},{""name"":""lab-mysql"",""cpu"":""0.95%"",""mem"":""713.3MiB / 122.8GiB""},{""name"":""lab-woocommerce-mysql"",""cpu"":""0.82%"",""mem"":""485.5MiB / 122.8GiB""},{""name"":""lab-allegro-stub"",""cpu"":""0.00%"",""mem"":""30.19MiB / 122.8GiB""}]"
2026-09-09T08:04:36Z,4,568,7,126,36,2666469043,"[{""name"":""lab-worker-1"",""cpu"":""3.90%"",""mem"":""130.1MiB / 122.8GiB""},{""name"":""lab-api"",""cpu"":""0.02%"",""mem"":""176.2MiB / 122.8GiB""},{""name"":""lab-wc-tls"",""cpu"":""0.00%"",""mem"":""30.18MiB / 122.8GiB""},{""name"":""lab-prestashop"",""cpu"":""0.01%"",""mem"":""109MiB / 122.8GiB""},{""name"":""lab-woocommerce"",""cpu"":""0.00%"",""mem"":""204.2MiB / 122.8GiB""},{""name"":""lab-redis"",""cpu"":""0.55%"",""mem"":""76MiB / 122.8GiB""},{""name"":""lab-postgres"",""cpu"":""28.51%"",""mem"":""246MiB / 122.8GiB""},{""name"":""lab-mysql"",""cpu"":""0.86%"",""mem"":""713.3MiB / 122.8GiB""},{""name"":""lab-woocommerce-mysql"",""cpu"":""0.96%"",""mem"":""485.5MiB / 122.8GiB""},{""name"":""lab-allegro-stub"",""cpu"":""4.30%"",""mem"":""30.2MiB / 122.8GiB""}]"
2026-09-09T08:04:39Z,4,563,7,126,41,2666469043,"[{""name"":""lab-worker-1"",""cpu"":""3.57%"",""mem"":""130.5MiB / 122.8GiB""},{""name"":""lab-api"",""cpu"":""0.00%"",""mem"":""176.2MiB / 122.8GiB""},{""name"":""lab-wc-tls"",""cpu"":""0.00%"",""mem"":""30.18MiB / 122.8GiB""},{""name"":""lab-prestashop"",""cpu"":""0.01%"",""mem"":""109MiB / 122.8GiB""},{""name"":""lab-woocommerce"",""cpu"":""0.01%"",""mem"":""204.1MiB / 122.8GiB""},{""name"":""lab-redis"",""cpu"":""0.67%"",""mem"":""75.76MiB / 122.8GiB""},{""name"":""lab-postgres"",""cpu"":""16.39%"",""mem"":""243.3MiB / 122.8GiB""},{""name"":""lab-mysql"",""cpu"":""0.84%"",""mem"":""713.3MiB / 122.8GiB""},{""name"":""lab-woocommerce-mysql"",""cpu"":""0.89%"",""mem"":""485.5MiB / 122.8GiB""},{""name"":""lab-allegro-stub"",""cpu"":""4.23%"",""mem"":""30.27MiB / 122.8GiB""}]"
2026-09-09T08:04:43Z,3,563,8,126,39,2666469043,"[{""name"":""lab-worker-1"",""cpu"":""4.64%"",""mem"":""130.4MiB / 122.8GiB""},{""name"":""lab-api"",""cpu"":""0.00%"",""mem"":""176.2MiB / 122.8GiB""},{""name"":""lab-wc-tls"",""cpu"":""0.00%"",""mem"":""30.18MiB / 122.8GiB""},{""name"":""lab-prestashop"",""cpu"":""0.01%"",""mem"":""109MiB / 122.8GiB""},{""name"":""lab-woocommerce"",""cpu"":""0.01%"",""mem"":""204.1MiB / 122.8GiB""},{""name"":""lab-redis"",""cpu"":""0.58%"",""mem"":""75.75MiB / 122.8GiB""},{""name"":""lab-postgres"",""cpu"":""16.43%"",""mem"":""243.4MiB / 122.8GiB""},{""name"":""lab-mysql"",""cpu"":""0.88%"",""mem"":""713.3MiB / 122.8GiB""},{""name"":""lab-woocommerce-mysql"",""cpu"":""0.92%"",""mem"":""485.5MiB / 122.8GiB""},{""name"":""lab-allegro-stub"",""cpu"":""0.00%"",""mem"":""30.19MiB / 122.8GiB""}]"
2026-09-09T08:04:47Z,4,565,8,126,38,2666469043,"[{""name"":""lab-worker-1"",""cpu"":""2.37%"",""mem"":""129.8MiB / 122.8GiB""},{""name"":""lab-api"",""cpu"":""0.00%"",""mem"":""176.2MiB / 122.8GiB""},{""name"":""lab-wc-tls"",""cpu"":""0.00%"",""mem"":""30.18MiB / 122.8GiB""},{""name"":""lab-prestashop"",""cpu"":""0.01%"",""mem"":""109MiB / 122.8GiB""},{""name"":""lab-woocommerce"",""cpu"":""0.01%"",""mem"":""204.1MiB / 122.8GiB""},{""name"":""lab-redis"",""cpu"":""0.78%"",""mem"":""75.75MiB / 122.8GiB""},{""name"":""lab-postgres"",""cpu"":""10.09%"",""mem"":""247.6MiB / 122.8GiB""},{""name"":""lab-mysql"",""cpu"":""0.94%"",""mem"":""713.3MiB / 122.8GiB""},{""name"":""lab-woocommerce-mysql"",""cpu"":""0.86%"",""mem"":""485.5MiB / 122.8GiB""},{""name"":""lab-allegro-stub"",""cpu"":""0.00%"",""mem"":""30.19MiB / 122.8GiB""}]"
2026-09-09T08:04:51Z,4,563,10,126,38,2666469043,"[{""name"":""lab-worker-1"",""cpu"":""1.64%"",""mem"":""129.7MiB / 122.8GiB""},{""name"":""lab-api"",""cpu"":""0.00%"",""mem"":""176.2MiB / 122.8GiB""},{""name"":""lab-wc-tls"",""cpu"":""0.00%"",""mem"":""30.18MiB / 122.8GiB""},{""name"":""lab-prestashop"",""cpu"":""0.01%"",""mem"":""109MiB / 122.8GiB""},{""name"":""lab-woocommerce"",""cpu"":""0.01%"",""mem"":""204.1MiB / 122.8GiB""},{""name"":""lab-redis"",""cpu"":""5.14%"",""mem"":""75.82MiB / 122.8GiB""},{""name"":""lab-postgres"",""cpu"":""16.39%"",""mem"":""243.4MiB / 122.8GiB""},{""name"":""lab-mysql"",""cpu"":""4.30%"",""mem"":""718.5MiB / 122.8GiB""},{""name"":""lab-woocommerce-mysql"",""cpu"":""0.89%"",""mem"":""485.5MiB / 122.8GiB""},{""name"":""lab-allegro-stub"",""cpu"":""0.01%"",""mem"":""30.19MiB / 122.8GiB""}]"
2026-09-09T08:04:54Z,4,564,9,127,37,2666469043,"[{""name"":""lab-worker-1"",""cpu"":""5.52%"",""mem"":""129.8MiB / 122.8GiB""},{""name"":""lab-api"",""cpu"":""0.00%"",""mem"":""176.2MiB / 122.8GiB""},{""name"":""lab-wc-tls"",""cpu"":""0.00%"",""mem"":""30.18MiB / 122.8GiB""},{""name"":""lab-prestashop"",""cpu"":""0.00%"",""mem"":""109MiB / 122.8GiB""},{""name"":""lab-woocommerce"",""cpu"":""0.01%"",""mem"":""204.1MiB / 122.8GiB""},{""name"":""lab-redis"",""cpu"":""0.70%"",""mem"":""75.75MiB / 122.8GiB""},{""name"":""lab-postgres"",""cpu"":""23.02%"",""mem"":""243.4MiB / 122.8GiB""},{""name"":""lab-mysql"",""cpu"":""0.89%"",""mem"":""713.3MiB / 122.8GiB""},{""name"":""lab-woocommerce-mysql"",""cpu"":""0.91%"",""mem"":""485.5MiB / 122.8GiB""},{""name"":""lab-allegro-stub"",""cpu"":""0.00%"",""mem"":""30.19MiB / 122.8GiB""}]"
2026-09-09T08:04:58Z,3,563,9,127,38,2666469043,"[{""name"":""lab-worker-1"",""cpu"":""3.32%"",""mem"":""129.7MiB / 122.8GiB""},{""name"":""lab-api"",""cpu"":""0.00%"",""mem"":""176.2MiB / 122.8GiB""},{""name"":""lab-wc-tls"",""cpu"":""0.00%"",""mem"":""30.18MiB / 122.8GiB""},{""name"":""lab-prestashop"",""cpu"":""0.01%"",""mem"":""109MiB / 122.8GiB""},{""name"":""lab-woocommerce"",""cpu"":""0.01%"",""mem"":""204.1MiB / 122.8GiB""},{""name"":""lab-redis"",""cpu"":""0.60%"",""mem"":""75.75MiB / 122.8GiB""},{""name"":""lab-postgres"",""cpu"":""10.74%"",""mem"":""247.3MiB / 122.8GiB""},{""name"":""lab-mysql"",""cpu"":""0.95%"",""mem"":""713.3MiB / 122.8GiB""},{""name"":""lab-woocommerce-mysql"",""cpu"":""1.01%"",""mem"":""485.5MiB / 122.8GiB""},{""name"":""lab-allegro-stub"",""cpu"":""0.00%"",""mem"":""30.19MiB / 122.8GiB""}]"
2026-09-09T08:05:02Z,4,565,7,128,37,2666469043,"[{""name"":""lab-worker-1"",""cpu"":""1.78%"",""mem"":""130MiB / 122.8GiB""},{""name"":""lab-api"",""cpu"":""0.00%"",""mem"":""176.2MiB / 122.8GiB""},{""name"":""lab-wc-tls"",""cpu"":""0.00%"",""mem"":""30.18MiB / 122.8GiB""},{""name"":""lab-prestashop"",""cpu"":""0.01%"",""mem"":""109MiB / 122.8GiB""},{""name"":""lab-woocommerce"",""cpu"":""0.01%"",""mem"":""204.1MiB / 122.8GiB""},{""name"":""lab-redis"",""cpu"":""0.59%"",""mem"":""75.75MiB / 122.8GiB""},{""name"":""lab-postgres"",""cpu"":""27.76%"",""mem"":""243.6MiB / 122.8GiB""},{""name"":""lab-mysql"",""cpu"":""0.81%"",""mem"":""713.3MiB / 122.8GiB""},{""name"":""lab-woocommerce-mysql"",""cpu"":""0.87%"",""mem"":""485.5MiB / 122.8GiB""},{""name"":""lab-allegro-stub"",""cpu"":""0.00%"",""mem"":""30.19MiB / 122.8GiB""}]"
2026-09-09T08:05:05Z,4,562,8,128,38,2666469043,"[{""name"":""lab-worker-1"",""cpu"":""2.83%"",""mem"":""130.5MiB / 122.8GiB""},{""name"":""lab-api"",""cpu"":""0.01%"",""mem"":""176.2MiB / 122.8GiB""},{""name"":""lab-wc-tls"",""cpu"":""0.00%"",""mem"":""30.18MiB / 122.8GiB""},{""name"":""lab-prestashop"",""cpu"":""0.01%"",""mem"":""109MiB / 122.8GiB""},{""name"":""lab-woocommerce"",""cpu"":""0.01%"",""mem"":""204.1MiB / 122.8GiB""},{""name"":""lab-redis"",""cpu"":""0.54%"",""mem"":""75.76MiB / 122.8GiB""},{""name"":""lab-postgres"",""cpu"":""15.20%"",""mem"":""243.4MiB / 122.8GiB""},{""name"":""lab-mysql"",""cpu"":""0.79%"",""mem"":""713.3MiB / 122.8GiB""},{""name"":""lab-woocommerce-mysql"",""cpu"":""6.41%"",""mem"":""485.5MiB / 122.8GiB""},{""name"":""lab-allegro-stub"",""cpu"":""0.01%"",""mem"":""30.19MiB / 122.8GiB""}]"
2026-09-09T08:05:09Z,3,563,9,129,36,2666469043,"[{""name"":""lab-worker-1"",""cpu"":""3.00%"",""mem"":""130MiB / 122.8GiB""},{""name"":""lab-api"",""cpu"":""0.00%"",""mem"":""176.2MiB / 122.8GiB""},{""name"":""lab-wc-tls"",""cpu"":""0.00%"",""mem"":""30.18MiB / 122.8GiB""},{""name"":""lab-prestashop"",""cpu"":""0.01%"",""mem"":""109MiB / 122.8GiB""},{""name"":""lab-woocommerce"",""cpu"":""0.01%"",""mem"":""204.1MiB / 122.8GiB""},{""name"":""lab-redis"",""cpu"":""0.74%"",""mem"":""75.75MiB / 122.8GiB""},{""name"":""lab-postgres"",""cpu"":""10.68%"",""mem"":""243.5MiB / 122.8GiB""},{""name"":""lab-mysql"",""cpu"":""0.92%"",""mem"":""713.3MiB / 122.8GiB""},{""name"":""lab-woocommerce-mysql"",""cpu"":""0.92%"",""mem"":""485.5MiB / 122.8GiB""},{""name"":""lab-allegro-stub"",""cpu"":""0.00%"",""mem"":""30.19MiB / 122.8GiB""}]"
2026-09-09T08:05:13Z,4,562,7,129,39,2666469043,"[{""name"":""lab-worker-1"",""cpu"":""2.83%"",""mem"":""130MiB / 122.8GiB""},{""name"":""lab-api"",""cpu"":""0.00%"",""mem"":""176.2MiB / 122.8GiB""},{""name"":""lab-wc-tls"",""cpu"":""0.00%"",""mem"":""30.18MiB / 122.8GiB""},{""name"":""lab-prestashop"",""cpu"":""0.01%"",""mem"":""109MiB / 122.8GiB""},{""name"":""lab-woocommerce"",""cpu"":""0.01%"",""mem"":""204.1MiB / 122.8GiB""},{""name"":""lab-redis"",""cpu"":""0.47%"",""mem"":""75.75MiB / 122.8GiB""},{""name"":""lab-postgres"",""cpu"":""14.03%"",""mem"":""246.9MiB / 122.8GiB""},{""name"":""lab-mysql"",""cpu"":""0.83%"",""mem"":""713.3MiB / 122.8GiB""},{""name"":""lab-woocommerce-mysql"",""cpu"":""0.75%"",""mem"":""485.5MiB / 122.8GiB""},{""name"":""lab-allegro-stub"",""cpu"":""0.00%"",""mem"":""30.19MiB / 122.8GiB""}]"
2026-09-09T08:05:16Z,4,561,8,130,38,2666469043,"[{""name"":""lab-worker-1"",""cpu"":""3.06%"",""mem"":""129.8MiB / 122.8GiB""},{""name"":""lab-api"",""cpu"":""0.00%"",""mem"":""176.2MiB / 122.8GiB""},{""name"":""lab-wc-tls"",""cpu"":""0.00%"",""mem"":""30.18MiB / 122.8GiB""},{""name"":""lab-prestashop"",""cpu"":""0.01%"",""mem"":""109MiB / 122.8GiB""},{""name"":""lab-woocommerce"",""cpu"":""0.01%"",""mem"":""204.1MiB / 122.8GiB""},{""name"":""lab-redis"",""cpu"":""0.76%"",""mem"":""75.75MiB / 122.8GiB""},{""name"":""lab-postgres"",""cpu"":""7.27%"",""mem"":""245.1MiB / 122.8GiB""},{""name"":""lab-mysql"",""cpu"":""1.07%"",""mem"":""713.3MiB / 122.8GiB""},{""name"":""lab-woocommerce-mysql"",""cpu"":""0.98%"",""mem"":""485.5MiB / 122.8GiB""},{""name"":""lab-allegro-stub"",""cpu"":""4.20%"",""mem"":""30.19MiB / 122.8GiB""}]"
2026-09-09T08:05:20Z,3,564,8,130,35,2666469043,"[{""name"":""lab-worker-1"",""cpu"":""3.33%"",""mem"":""129.8MiB / 122.8GiB""},{""name"":""lab-api"",""cpu"":""0.00%"",""mem"":""176.2MiB / 122.8GiB""},{""name"":""lab-wc-tls"",""cpu"":""0.00%"",""mem"":""30.18MiB / 122.8GiB""},{""name"":""lab-prestashop"",""cpu"":""0.01%"",""mem"":""109MiB / 122.8GiB""},{""name"":""lab-woocommerce"",""cpu"":""0.01%"",""mem"":""204.1MiB / 122.8GiB""},{""name"":""lab-redis"",""cpu"":""0.76%"",""mem"":""75.75MiB / 122.8GiB""},{""name"":""lab-postgres"",""cpu"":""3.58%"",""mem"":""252.5MiB / 122.8GiB""},{""name"":""lab-mysql"",""cpu"":""0.89%"",""mem"":""713.3MiB / 122.8GiB""},{""name"":""lab-woocommerce-mysql"",""cpu"":""0.98%"",""mem"":""485.5MiB / 122.8GiB""},{""name"":""lab-allegro-stub"",""cpu"":""0.00%"",""mem"":""30.19MiB / 122.8GiB""}]"
2026-09-09T08:05:24Z,4,565,8,130,34,2666469043,"[{""name"":""lab-worker-1"",""cpu"":""4.17%"",""mem"":""130.2MiB / 122.8GiB""},{""name"":""lab-api"",""cpu"":""0.00%"",""mem"":""176.2MiB / 122.8GiB""},{""name"":""lab-wc-tls"",""cpu"":""0.00%"",""mem"":""30.18MiB / 122.8GiB""},{""name"":""lab-prestashop"",""cpu"":""0.01%"",""mem"":""109MiB / 122.8GiB""},{""name"":""lab-woocommerce"",""cpu"":""0.01%"",""mem"":""204.1MiB / 122.8GiB""},{""name"":""lab-redis"",""cpu"":""0.70%"",""mem"":""75.75MiB / 122.8GiB""},{""name"":""lab-postgres"",""cpu"":""9.50%"",""mem"":""243.5MiB / 122.8GiB""},{""name"":""lab-mysql"",""cpu"":""0.89%"",""mem"":""713.3MiB / 122.8GiB""},{""name"":""lab-woocommerce-mysql"",""cpu"":""0.89%"",""mem"":""485.5MiB / 122.8GiB""},{""name"":""lab-allegro-stub"",""cpu"":""0.00%"",""mem"":""30.19MiB / 122.8GiB""}]"
2026-09-09T08:05:28Z,4,566,9,130,33,2666469043,"[{""name"":""lab-worker-1"",""cpu"":""3.57%"",""mem"":""130MiB / 122.8GiB""},{""name"":""lab-api"",""cpu"":""0.00%"",""mem"":""176.2MiB / 122.8GiB""},{""name"":""lab-wc-tls"",""cpu"":""0.00%"",""mem"":""30.18MiB / 122.8GiB""},{""name"":""lab-prestashop"",""cpu"":""0.01%"",""mem"":""109MiB / 122.8GiB""},{""name"":""lab-woocommerce"",""cpu"":""0.01%"",""mem"":""204.1MiB / 122.8GiB""},{""name"":""lab-redis"",""cpu"":""0.72%"",""mem"":""75.75MiB / 122.8GiB""},{""name"":""lab-postgres"",""cpu"":""29.64%"",""mem"":""244.1MiB / 122.8GiB""},{""name"":""lab-mysql"",""cpu"":""0.73%"",""mem"":""713.3MiB / 122.8GiB""},{""name"":""lab-woocommerce-mysql"",""cpu"":""0.79%"",""mem"":""485.5MiB / 122.8GiB""},{""name"":""lab-allegro-stub"",""cpu"":""0.00%"",""mem"":""30.19MiB / 122.8GiB""}]"
2026-09-09T08:05:31Z,4,565,9,130,34,2666469043,"[{""name"":""lab-worker-1"",""cpu"":""2.78%"",""mem"":""129.8MiB / 122.8GiB""},{""name"":""lab-api"",""cpu"":""0.00%"",""mem"":""176.2MiB / 122.8GiB""},{""name"":""lab-wc-tls"",""cpu"":""0.00%"",""mem"":""30.18MiB / 122.8GiB""},{""name"":""lab-prestashop"",""cpu"":""0.01%"",""mem"":""109MiB / 122.8GiB""},{""name"":""lab-woocommerce"",""cpu"":""0.01%"",""mem"":""204.1MiB / 122.8GiB""},{""name"":""lab-redis"",""cpu"":""5.14%"",""mem"":""75.8MiB / 122.8GiB""},{""name"":""lab-postgres"",""cpu"":""15.39%"",""mem"":""243.4MiB / 122.8GiB""},{""name"":""lab-mysql"",""cpu"":""5.30%"",""mem"":""713.3MiB / 122.8GiB""},{""name"":""lab-woocommerce-mysql"",""cpu"":""0.93%"",""mem"":""485.5MiB / 122.8GiB""},{""name"":""lab-allegro-stub"",""cpu"":""4.15%"",""mem"":""30.2MiB / 122.8GiB""}]"
2026-09-09T08:05:35Z,3,567,10,131,29,2666469043,"[{""name"":""lab-worker-1"",""cpu"":""5.79%"",""mem"":""130MiB / 122.8GiB""},{""name"":""lab-api"",""cpu"":""0.01%"",""mem"":""176.2MiB / 122.8GiB""},{""name"":""lab-wc-tls"",""cpu"":""0.00%"",""mem"":""30.18MiB / 122.8GiB""},{""name"":""lab-prestashop"",""cpu"":""0.00%"",""mem"":""109MiB / 122.8GiB""},{""name"":""lab-woocommerce"",""cpu"":""18.10%"",""mem"":""204.1MiB / 122.8GiB""},{""name"":""lab-redis"",""cpu"":""0.73%"",""mem"":""76MiB / 122.8GiB""},{""name"":""lab-postgres"",""cpu"":""21.07%"",""mem"":""243.4MiB / 122.8GiB""},{""name"":""lab-mysql"",""cpu"":""0.87%"",""mem"":""713.3MiB / 122.8GiB""},{""name"":""lab-woocommerce-mysql"",""cpu"":""9.45%"",""mem"":""485.5MiB / 122.8GiB""},{""name"":""lab-allegro-stub"",""cpu"":""0.01%"",""mem"":""30.19MiB / 122.8GiB""}]"
2026-09-09T08:05:39Z,4,565,10,131,31,2666469043,"[{""name"":""lab-worker-1"",""cpu"":""1.58%"",""mem"":""129.8MiB / 122.8GiB""},{""name"":""lab-api"",""cpu"":""0.00%"",""mem"":""176.2MiB / 122.8GiB""},{""name"":""lab-wc-tls"",""cpu"":""0.00%"",""mem"":""30.18MiB / 122.8GiB""},{""name"":""lab-prestashop"",""cpu"":""0.01%"",""mem"":""109MiB / 122.8GiB""},{""name"":""lab-woocommerce"",""cpu"":""0.01%"",""mem"":""204.1MiB / 122.8GiB""},{""name"":""lab-redis"",""cpu"":""0.51%"",""mem"":""76MiB / 122.8GiB""},{""name"":""lab-postgres"",""cpu"":""18.13%"",""mem"":""243.4MiB / 122.8GiB""},{""name"":""lab-mysql"",""cpu"":""0.93%"",""mem"":""713.3MiB / 122.8GiB""},{""name"":""lab-woocommerce-mysql"",""cpu"":""0.94%"",""mem"":""485.5MiB / 122.8GiB""},{""name"":""lab-allegro-stub"",""cpu"":""0.00%"",""mem"":""30.19MiB / 122.8GiB""}]"
2026-09-09T08:05:42Z,4,567,12,133,28,2666469043,"[{""name"":""lab-worker-1"",""cpu"":""2.92%"",""mem"":""130.3MiB / 122.8GiB""},{""name"":""lab-api"",""cpu"":""0.00%"",""mem"":""176.2MiB / 122.8GiB""},{""name"":""lab-wc-tls"",""cpu"":""0.00%"",""mem"":""30.18MiB / 122.8GiB""},{""name"":""lab-prestashop"",""cpu"":""0.00%"",""mem"":""109MiB / 122.8GiB""},{""name"":""lab-woocommerce"",""cpu"":""0.01%"",""mem"":""204.1MiB / 122.8GiB""},{""name"":""lab-redis"",""cpu"":""0.65%"",""mem"":""75.75MiB / 122.8GiB""},{""name"":""lab-postgres"",""cpu"":""12.57%"",""mem"":""243.4MiB / 122.8GiB""},{""name"":""lab-mysql"",""cpu"":""0.99%"",""mem"":""713.3MiB / 122.8GiB""},{""name"":""lab-woocommerce-mysql"",""cpu"":""0.90%"",""mem"":""485.5MiB / 122.8GiB""},{""name"":""lab-allegro-stub"",""cpu"":""0.01%"",""mem"":""30.19MiB / 122.8GiB""}]"
2026-09-09T08:05:46Z,3,566,8,133,30,2666469043,"[{""name"":""lab-worker-1"",""cpu"":""3.63%"",""mem"":""129.9MiB / 122.8GiB""},{""name"":""lab-api"",""cpu"":""0.00%"",""mem"":""176.2MiB / 122.8GiB""},{""name"":""lab-wc-tls"",""cpu"":""0.00%"",""mem"":""30.18MiB / 122.8GiB""},{""name"":""lab-prestashop"",""cpu"":""0.00%"",""mem"":""109MiB / 122.8GiB""},{""name"":""lab-woocommerce"",""cpu"":""0.01%"",""mem"":""204.1MiB / 122.8GiB""},{""name"":""lab-redis"",""cpu"":""0.77%"",""mem"":""75.75MiB / 122.8GiB""},{""name"":""lab-postgres"",""cpu"":""16.83%"",""mem"":""243.4MiB / 122.8GiB""},{""name"":""lab-mysql"",""cpu"":""0.93%"",""mem"":""713.3MiB / 122.8GiB""},{""name"":""lab-woocommerce-mysql"",""cpu"":""0.96%"",""mem"":""485.5MiB / 122.8GiB""},{""name"":""lab-allegro-stub"",""cpu"":""4.26%"",""mem"":""30.21MiB / 122.8GiB""}]"
2026-09-09T08:05:50Z,4,564,9,133,31,2666469043,"[{""name"":""lab-worker-1"",""cpu"":""2.97%"",""mem"":""129.9MiB / 122.8GiB""},{""name"":""lab-api"",""cpu"":""0.00%"",""mem"":""176.2MiB / 122.8GiB""},{""name"":""lab-wc-tls"",""cpu"":""0.00%"",""mem"":""30.18MiB / 122.8GiB""},{""name"":""lab-prestashop"",""cpu"":""0.01%"",""mem"":""109MiB / 122.8GiB""},{""name"":""lab-woocommerce"",""cpu"":""0.01%"",""mem"":""204.1MiB / 122.8GiB""},{""name"":""lab-redis"",""cpu"":""0.52%"",""mem"":""75.75MiB / 122.8GiB""},{""name"":""lab-postgres"",""cpu"":""17.58%"",""mem"":""243.4MiB / 122.8GiB""},{""name"":""lab-mysql"",""cpu"":""0.84%"",""mem"":""713.3MiB / 122.8GiB""},{""name"":""lab-woocommerce-mysql"",""cpu"":""0.95%"",""mem"":""485.5MiB / 122.8GiB""},{""name"":""lab-allegro-stub"",""cpu"":""0.00%"",""mem"":""30.19MiB / 122.8GiB""}]"
2026-09-09T08:05:54Z,4,562,7,134,34,2666469043,"[{""name"":""lab-worker-1"",""cpu"":""7.14%"",""mem"":""130.3MiB / 122.8GiB""},{""name"":""lab-api"",""cpu"":""0.00%"",""mem"":""176.2MiB / 122.8GiB""},{""name"":""lab-wc-tls"",""cpu"":""0.00%"",""mem"":""30.18MiB / 122.8GiB""},{""name"":""lab-prestashop"",""cpu"":""0.01%"",""mem"":""109MiB / 122.8GiB""},{""name"":""lab-woocommerce"",""cpu"":""0.00%"",""mem"":""204.1MiB / 122.8GiB""},{""name"":""lab-redis"",""cpu"":""0.82%"",""mem"":""75.75MiB / 122.8GiB""},{""name"":""lab-postgres"",""cpu"":""29.01%"",""mem"":""249.2MiB / 122.8GiB""},{""name"":""lab-mysql"",""cpu"":""0.88%"",""mem"":""713.3MiB / 122.8GiB""},{""name"":""lab-woocommerce-mysql"",""cpu"":""0.92%"",""mem"":""485.5MiB / 122.8GiB""},{""name"":""lab-allegro-stub"",""cpu"":""0.00%"",""mem"":""30.19MiB / 122.8GiB""}]"
2026-09-09T08:05:57Z,4,561,9,134,33,2666469043,"[{""name"":""lab-worker-1"",""cpu"":""1.23%"",""mem"":""129.9MiB / 122.8GiB""},{""name"":""lab-api"",""cpu"":""0.00%"",""mem"":""176.2MiB / 122.8GiB""},{""name"":""lab-wc-tls"",""cpu"":""0.00%"",""mem"":""30.18MiB / 122.8GiB""},{""name"":""lab-prestashop"",""cpu"":""0.01%"",""mem"":""109MiB / 122.8GiB""},{""name"":""lab-woocommerce"",""cpu"":""0.01%"",""mem"":""204.1MiB / 122.8GiB""},{""name"":""lab-redis"",""cpu"":""0.47%"",""mem"":""75.75MiB / 122.8GiB""},{""name"":""lab-postgres"",""cpu"":""6.99%"",""mem"":""245.7MiB / 122.8GiB""},{""name"":""lab-mysql"",""cpu"":""1.05%"",""mem"":""713.3MiB / 122.8GiB""},{""name"":""lab-woocommerce-mysql"",""cpu"":""0.95%"",""mem"":""485.5MiB / 122.8GiB""},{""name"":""lab-allegro-stub"",""cpu"":""0.01%"",""mem"":""30.19MiB / 122.8GiB""}]"
2026-09-09T08:06:01Z,3,564,8,134,31,2666469043,"[{""name"":""lab-worker-1"",""cpu"":""2.30%"",""mem"":""129.9MiB / 122.8GiB""},{""name"":""lab-api"",""cpu"":""0.00%"",""mem"":""176.2MiB / 122.8GiB""},{""name"":""lab-wc-tls"",""cpu"":""0.00%"",""mem"":""30.18MiB / 122.8GiB""},{""name"":""lab-prestashop"",""cpu"":""0.01%"",""mem"":""109MiB / 122.8GiB""},{""name"":""lab-woocommerce"",""cpu"":""0.01%"",""mem"":""204.1MiB / 122.8GiB""},{""name"":""lab-redis"",""cpu"":""4.66%"",""mem"":""76.02MiB / 122.8GiB""},{""name"":""lab-postgres"",""cpu"":""16.13%"",""mem"":""245.7MiB / 122.8GiB""},{""name"":""lab-mysql"",""cpu"":""5.53%"",""mem"":""713.6MiB / 122.8GiB""},{""name"":""lab-woocommerce-mysql"",""cpu"":""0.93%"",""mem"":""485.5MiB / 122.8GiB""},{""name"":""lab-allegro-stub"",""cpu"":""4.03%"",""mem"":""30.59MiB / 122.8GiB""}]"
2026-09-09T08:06:05Z,4,560,7,135,35,2666469043,"[{""name"":""lab-worker-1"",""cpu"":""1.46%"",""mem"":""129.9MiB / 122.8GiB""},{""name"":""lab-api"",""cpu"":""0.00%"",""mem"":""176.2MiB / 122.8GiB""},{""name"":""lab-wc-tls"",""cpu"":""0.00%"",""mem"":""30.18MiB / 122.8GiB""},{""name"":""lab-prestashop"",""cpu"":""0.01%"",""mem"":""109MiB / 122.8GiB""},{""name"":""lab-woocommerce"",""cpu"":""14.51%"",""mem"":""204.4MiB / 122.8GiB""},{""name"":""lab-redis"",""cpu"":""0.49%"",""mem"":""75.75MiB / 122.8GiB""},{""name"":""lab-postgres"",""cpu"":""31.43%"",""mem"":""243.4MiB / 122.8GiB""},{""name"":""lab-mysql"",""cpu"":""0.95%"",""mem"":""713.3MiB / 122.8GiB""},{""name"":""lab-woocommerce-mysql"",""cpu"":""2.33%"",""mem"":""485.7MiB / 122.8GiB""},{""name"":""lab-allegro-stub"",""cpu"":""0.00%"",""mem"":""30.19MiB / 122.8GiB""}]"
2026-09-09T08:06:08Z,4,562,9,135,31,2666469043,"[{""name"":""lab-worker-1"",""cpu"":""3.00%"",""mem"":""129.9MiB / 122.8GiB""},{""name"":""lab-api"",""cpu"":""0.00%"",""mem"":""176.2MiB / 122.8GiB""},{""name"":""lab-wc-tls"",""cpu"":""0.00%"",""mem"":""30.18MiB / 122.8GiB""},{""name"":""lab-prestashop"",""cpu"":""0.01%"",""mem"":""109MiB / 122.8GiB""},{""name"":""lab-woocommerce"",""cpu"":""0.01%"",""mem"":""204.1MiB / 122.8GiB""},{""name"":""lab-redis"",""cpu"":""0.56%"",""mem"":""75.75MiB / 122.8GiB""},{""name"":""lab-postgres"",""cpu"":""16.52%"",""mem"":""243.6MiB / 122.8GiB""},{""name"":""lab-mysql"",""cpu"":""0.97%"",""mem"":""713.3MiB / 122.8GiB""},{""name"":""lab-woocommerce-mysql"",""cpu"":""0.96%"",""mem"":""485.5MiB / 122.8GiB""},{""name"":""lab-allegro-stub"",""cpu"":""0.00%"",""mem"":""30.19MiB / 122.8GiB""}]"
2026-09-09T08:06:12Z,3,561,7,135,33,2666469043,"[{""name"":""lab-worker-1"",""cpu"":""3.52%"",""mem"":""129.9MiB / 122.8GiB""},{""name"":""lab-api"",""cpu"":""0.00%"",""mem"":""176.2MiB / 122.8GiB""},{""name"":""lab-wc-tls"",""cpu"":""0.00%"",""mem"":""30.18MiB / 122.8GiB""},{""name"":""lab-prestashop"",""cpu"":""0.01%"",""mem"":""109MiB / 122.8GiB""},{""name"":""lab-woocommerce"",""cpu"":""0.01%"",""mem"":""204.1MiB / 122.8GiB""},{""name"":""lab-redis"",""cpu"":""0.64%"",""mem"":""75.75MiB / 122.8GiB""},{""name"":""lab-postgres"",""cpu"":""16.60%"",""mem"":""243.5MiB / 122.8GiB""},{""name"":""lab-mysql"",""cpu"":""0.99%"",""mem"":""713.5MiB / 122.8GiB""},{""name"":""lab-woocommerce-mysql"",""cpu"":""0.83%"",""mem"":""485.5MiB / 122.8GiB""},{""name"":""lab-allegro-stub"",""cpu"":""0.01%"",""mem"":""30.2MiB / 122.8GiB""}]"
2026-09-09T08:06:16Z,4,562,8,136,31,2666469043,"[{""name"":""lab-worker-1"",""cpu"":""3.57%"",""mem"":""130.3MiB / 122.8GiB""},{""name"":""lab-api"",""cpu"":""0.00%"",""mem"":""176.2MiB / 122.8GiB""},{""name"":""lab-wc-tls"",""cpu"":""0.00%"",""mem"":""30.18MiB / 122.8GiB""},{""name"":""lab-prestashop"",""cpu"":""0.00%"",""mem"":""109MiB / 122.8GiB""},{""name"":""lab-woocommerce"",""cpu"":""0.01%"",""mem"":""204.1MiB / 122.8GiB""},{""name"":""lab-redis"",""cpu"":""0.63%"",""mem"":""75.75MiB / 122.8GiB""},{""name"":""lab-postgres"",""cpu"":""17.72%"",""mem"":""243.4MiB / 122.8GiB""},{""name"":""lab-mysql"",""cpu"":""0.86%"",""mem"":""713.3MiB / 122.8GiB""},{""name"":""lab-woocommerce-mysql"",""cpu"":""5.15%"",""mem"":""485.5MiB / 122.8GiB""},{""name"":""lab-allegro-stub"",""cpu"":""0.00%"",""mem"":""30.19MiB / 122.8GiB""}]"
2026-09-09T08:06:20Z,4,558,9,136,34,2666469043,"[{""name"":""lab-worker-1"",""cpu"":""3.25%"",""mem"":""130.1MiB / 122.8GiB""},{""name"":""lab-api"",""cpu"":""0.00%"",""mem"":""176.2MiB / 122.8GiB""},{""name"":""lab-wc-tls"",""cpu"":""0.00%"",""mem"":""30.18MiB / 122.8GiB""},{""name"":""lab-prestashop"",""cpu"":""0.01%"",""mem"":""109MiB / 122.8GiB""},{""name"":""lab-woocommerce"",""cpu"":""0.01%"",""mem"":""204.1MiB / 122.8GiB""},{""name"":""lab-redis"",""cpu"":""0.98%"",""mem"":""75.75MiB / 122.8GiB""},{""name"":""lab-postgres"",""cpu"":""27.85%"",""mem"":""243.4MiB / 122.8GiB""},{""name"":""lab-mysql"",""cpu"":""0.84%"",""mem"":""713.3MiB / 122.8GiB""},{""name"":""lab-woocommerce-mysql"",""cpu"":""0.86%"",""mem"":""485.5MiB / 122.8GiB""},{""name"":""lab-allegro-stub"",""cpu"":""0.00%"",""mem"":""30.19MiB / 122.8GiB""}]"
2026-09-09T08:06:23Z,4,557,9,136,34,2666469043,"[{""name"":""lab-worker-1"",""cpu"":""2.83%"",""mem"":""130MiB / 122.8GiB""},{""name"":""lab-api"",""cpu"":""0.00%"",""mem"":""176.2MiB / 122.8GiB""},{""name"":""lab-wc-tls"",""cpu"":""0.00%"",""mem"":""30.18MiB / 122.8GiB""},{""name"":""lab-prestashop"",""cpu"":""0.01%"",""mem"":""109MiB / 122.8GiB""},{""name"":""lab-woocommerce"",""cpu"":""0.01%"",""mem"":""204.1MiB / 122.8GiB""},{""name"":""lab-redis"",""cpu"":""0.58%"",""mem"":""76MiB / 122.8GiB""},{""name"":""lab-postgres"",""cpu"":""16.46%"",""mem"":""243.9MiB / 122.8GiB""},{""name"":""lab-mysql"",""cpu"":""0.90%"",""mem"":""713.3MiB / 122.8GiB""},{""name"":""lab-woocommerce-mysql"",""cpu"":""0.94%"",""mem"":""485.5MiB / 122.8GiB""},{""name"":""lab-allegro-stub"",""cpu"":""0.00%"",""mem"":""30.2MiB / 122.8GiB""}]"
2026-09-09T08:06:27Z,3,556,8,137,36,2666469043,"[{""name"":""lab-worker-1"",""cpu"":""3.38%"",""mem"":""130.3MiB / 122.8GiB""},{""name"":""lab-api"",""cpu"":""0.00%"",""mem"":""176.2MiB / 122.8GiB""},{""name"":""lab-wc-tls"",""cpu"":""0.00%"",""mem"":""30.18MiB / 122.8GiB""},{""name"":""lab-prestashop"",""cpu"":""0.00%"",""mem"":""109MiB / 122.8GiB""},{""name"":""lab-woocommerce"",""cpu"":""0.01%"",""mem"":""204.1MiB / 122.8GiB""},{""name"":""lab-redis"",""cpu"":""0.73%"",""mem"":""76.02MiB / 122.8GiB""},{""name"":""lab-postgres"",""cpu"":""7.84%"",""mem"":""243.7MiB / 122.8GiB""},{""name"":""lab-mysql"",""cpu"":""0.94%"",""mem"":""713.3MiB / 122.8GiB""},{""name"":""lab-woocommerce-mysql"",""cpu"":""1.39%"",""mem"":""485.7MiB / 122.8GiB""},{""name"":""lab-allegro-stub"",""cpu"":""4.20%"",""mem"":""30.2MiB / 122.8GiB""}]"
2026-09-09T08:06:31Z,4,553,8,137,39,2666469043,"[{""name"":""lab-worker-1"",""cpu"":""2.35%"",""mem"":""130.1MiB / 122.8GiB""},{""name"":""lab-api"",""cpu"":""0.00%"",""mem"":""176.2MiB / 122.8GiB""},{""name"":""lab-wc-tls"",""cpu"":""0.00%"",""mem"":""30.18MiB / 122.8GiB""},{""name"":""lab-prestashop"",""cpu"":""0.01%"",""mem"":""109MiB / 122.8GiB""},{""name"":""lab-woocommerce"",""cpu"":""0.01%"",""mem"":""204.1MiB / 122.8GiB""},{""name"":""lab-redis"",""cpu"":""0.58%"",""mem"":""75.75MiB / 122.8GiB""},{""name"":""lab-postgres"",""cpu"":""28.66%"",""mem"":""245.9MiB / 122.8GiB""},{""name"":""lab-mysql"",""cpu"":""0.91%"",""mem"":""713.3MiB / 122.8GiB""},{""name"":""lab-woocommerce-mysql"",""cpu"":""0.83%"",""mem"":""485.5MiB / 122.8GiB""},{""name"":""lab-allegro-stub"",""cpu"":""0.00%"",""mem"":""30.19MiB / 122.8GiB""}]"
2026-09-09T08:06:34Z,4,559,8,137,33,2666469043,"[{""name"":""lab-worker-1"",""cpu"":""3.51%"",""mem"":""130MiB / 122.8GiB""},{""name"":""lab-api"",""cpu"":""0.00%"",""mem"":""176.2MiB / 122.8GiB""},{""name"":""lab-wc-tls"",""cpu"":""0.00%"",""mem"":""30.18MiB / 122.8GiB""},{""name"":""lab-prestashop"",""cpu"":""0.01%"",""mem"":""109.1MiB / 122.8GiB""},{""name"":""lab-woocommerce"",""cpu"":""0.01%"",""mem"":""204.1MiB / 122.8GiB""},{""name"":""lab-redis"",""cpu"":""0.78%"",""mem"":""75.75MiB / 122.8GiB""},{""name"":""lab-postgres"",""cpu"":""16.53%"",""mem"":""250.4MiB / 122.8GiB""},{""name"":""lab-mysql"",""cpu"":""0.92%"",""mem"":""713.3MiB / 122.8GiB""},{""name"":""lab-woocommerce-mysql"",""cpu"":""0.85%"",""mem"":""485.5MiB / 122.8GiB""},{""name"":""lab-allegro-stub"",""cpu"":""0.00%"",""mem"":""30.19MiB / 122.8GiB""}]"
2026-09-09T08:06:38Z,3,561,8,137,31,2666469043,"[{""name"":""lab-worker-1"",""cpu"":""2.28%"",""mem"":""130MiB / 122.8GiB""},{""name"":""lab-api"",""cpu"":""0.00%"",""mem"":""176.2MiB / 122.8GiB""},{""name"":""lab-wc-tls"",""cpu"":""0.00%"",""mem"":""30.18MiB / 122.8GiB""},{""name"":""lab-prestashop"",""cpu"":""0.00%"",""mem"":""109MiB / 122.8GiB""},{""name"":""lab-woocommerce"",""cpu"":""0.01%"",""mem"":""204.2MiB / 122.8GiB""},{""name"":""lab-redis"",""cpu"":""0.64%"",""mem"":""75.75MiB / 122.8GiB""},{""name"":""lab-postgres"",""cpu"":""15.00%"",""mem"":""241.1MiB / 122.8GiB""},{""name"":""lab-mysql"",""cpu"":""0.85%"",""mem"":""713.3MiB / 122.8GiB""},{""name"":""lab-woocommerce-mysql"",""cpu"":""1.00%"",""mem"":""485.5MiB / 122.8GiB""},{""name"":""lab-allegro-stub"",""cpu"":""0.00%"",""mem"":""30.19MiB / 122.8GiB""}]"
2026-09-09T08:06:42Z,4,560,8,137,31,2666469043,"[{""name"":""lab-worker-1"",""cpu"":""3.75%"",""mem"":""130MiB / 122.8GiB""},{""name"":""lab-api"",""cpu"":""0.00%"",""mem"":""176.2MiB / 122.8GiB""},{""name"":""lab-wc-tls"",""cpu"":""0.00%"",""mem"":""30.18MiB / 122.8GiB""},{""name"":""lab-prestashop"",""cpu"":""0.01%"",""mem"":""109MiB / 122.8GiB""},{""name"":""lab-woocommerce"",""cpu"":""0.01%"",""mem"":""204.2MiB / 122.8GiB""},{""name"":""lab-redis"",""cpu"":""5.05%"",""mem"":""75.75MiB / 122.8GiB""},{""name"":""lab-postgres"",""cpu"":""14.86%"",""mem"":""253MiB / 122.8GiB""},{""name"":""lab-mysql"",""cpu"":""5.74%"",""mem"":""713.3MiB / 122.8GiB""},{""name"":""lab-woocommerce-mysql"",""cpu"":""0.89%"",""mem"":""485.5MiB / 122.8GiB""},{""name"":""lab-allegro-stub"",""cpu"":""4.08%"",""mem"":""30.28MiB / 122.8GiB""}]"
2026-09-09T08:06:46Z,4,562,8,137,30,2666469043,"[{""name"":""lab-worker-1"",""cpu"":""2.79%"",""mem"":""130MiB / 122.8GiB""},{""name"":""lab-api"",""cpu"":""0.00%"",""mem"":""176.2MiB / 122.8GiB""},{""name"":""lab-wc-tls"",""cpu"":""0.00%"",""mem"":""30.18MiB / 122.8GiB""},{""name"":""lab-prestashop"",""cpu"":""0.01%"",""mem"":""109MiB / 122.8GiB""},{""name"":""lab-woocommerce"",""cpu"":""0.01%"",""mem"":""204.2MiB / 122.8GiB""},{""name"":""lab-redis"",""cpu"":""0.53%"",""mem"":""75.75MiB / 122.8GiB""},{""name"":""lab-postgres"",""cpu"":""24.24%"",""mem"":""246MiB / 122.8GiB""},{""name"":""lab-mysql"",""cpu"":""0.74%"",""mem"":""713.3MiB / 122.8GiB""},{""name"":""lab-woocommerce-mysql"",""cpu"":""5.49%"",""mem"":""485.5MiB / 122.8GiB""},{""name"":""lab-allegro-stub"",""cpu"":""0.00%"",""mem"":""30.2MiB / 122.8GiB""}]"
2026-09-09T08:06:49Z,4,567,7,137,26,2666469043,"[{""name"":""lab-worker-1"",""cpu"":""4.68%"",""mem"":""130.1MiB / 122.8GiB""},{""name"":""lab-api"",""cpu"":""0.00%"",""mem"":""176.2MiB / 122.8GiB""},{""name"":""lab-wc-tls"",""cpu"":""0.00%"",""mem"":""30.18MiB / 122.8GiB""},{""name"":""lab-prestashop"",""cpu"":""0.00%"",""mem"":""109MiB / 122.8GiB""},{""name"":""lab-woocommerce"",""cpu"":""0.01%"",""mem"":""204.2MiB / 122.8GiB""},{""name"":""lab-redis"",""cpu"":""0.77%"",""mem"":""75.75MiB / 122.8GiB""},{""name"":""lab-postgres"",""cpu"":""17.12%"",""mem"":""243.3MiB / 122.8GiB""},{""name"":""lab-mysql"",""cpu"":""0.85%"",""mem"":""713.3MiB / 122.8GiB""},{""name"":""lab-woocommerce-mysql"",""cpu"":""0.85%"",""mem"":""485.5MiB / 122.8GiB""},{""name"":""lab-allegro-stub"",""cpu"":""0.00%"",""mem"":""30.19MiB / 122.8GiB""}]"
2026-09-09T08:06:53Z,3,565,8,137,28,2666469043,"[{""name"":""lab-worker-1"",""cpu"":""3.15%"",""mem"":""130.1MiB / 122.8GiB""},{""name"":""lab-api"",""cpu"":""0.00%"",""mem"":""176.2MiB / 122.8GiB""},{""name"":""lab-wc-tls"",""cpu"":""0.00%"",""mem"":""30.18MiB / 122.8GiB""},{""name"":""lab-prestashop"",""cpu"":""0.00%"",""mem"":""109MiB / 122.8GiB""},{""name"":""lab-woocommerce"",""cpu"":""0.01%"",""mem"":""204.2MiB / 122.8GiB""},{""name"":""lab-redis"",""cpu"":""0.69%"",""mem"":""75.75MiB / 122.8GiB""},{""name"":""lab-postgres"",""cpu"":""2.93%"",""mem"":""250MiB / 122.8GiB""},{""name"":""lab-mysql"",""cpu"":""1.06%"",""mem"":""713.3MiB / 122.8GiB""},{""name"":""lab-woocommerce-mysql"",""cpu"":""1.00%"",""mem"":""485.5MiB / 122.8GiB""},{""name"":""lab-allegro-stub"",""cpu"":""0.00%"",""mem"":""30.19MiB / 122.8GiB""}]"
2026-09-09T08:06:57Z,4,567,8,137,25,2666469043,"[{""name"":""lab-worker-1"",""cpu"":""3.78%"",""mem"":""130.1MiB / 122.8GiB""},{""name"":""lab-api"",""cpu"":""0.00%"",""mem"":""176.2MiB / 122.8GiB""},{""name"":""lab-wc-tls"",""cpu"":""0.00%"",""mem"":""30.18MiB / 122.8GiB""},{""name"":""lab-prestashop"",""cpu"":""0.01%"",""mem"":""109MiB / 122.8GiB""},{""name"":""lab-woocommerce"",""cpu"":""0.01%"",""mem"":""204.2MiB / 122.8GiB""},{""name"":""lab-redis"",""cpu"":""0.62%"",""mem"":""75.75MiB / 122.8GiB""},{""name"":""lab-postgres"",""cpu"":""21.76%"",""mem"":""243.5MiB / 122.8GiB""},{""name"":""lab-mysql"",""cpu"":""0.81%"",""mem"":""713.3MiB / 122.8GiB""},{""name"":""lab-woocommerce-mysql"",""cpu"":""0.84%"",""mem"":""485.5MiB / 122.8GiB""},{""name"":""lab-allegro-stub"",""cpu"":""3.81%"",""mem"":""30.31MiB / 122.8GiB""}]"
2026-09-09T08:07:00Z,4,565,8,137,27,2666469043,"[{""name"":""lab-worker-1"",""cpu"":""1.60%"",""mem"":""130.5MiB / 122.8GiB""},{""name"":""lab-api"",""cpu"":""0.00%"",""mem"":""176.2MiB / 122.8GiB""},{""name"":""lab-wc-tls"",""cpu"":""0.00%"",""mem"":""30.18MiB / 122.8GiB""},{""name"":""lab-prestashop"",""cpu"":""0.01%"",""mem"":""109MiB / 122.8GiB""},{""name"":""lab-woocommerce"",""cpu"":""0.00%"",""mem"":""204.2MiB / 122.8GiB""},{""name"":""lab-redis"",""cpu"":""0.46%"",""mem"":""75.77MiB / 122.8GiB""},{""name"":""lab-postgres"",""cpu"":""14.91%"",""mem"":""243.3MiB / 122.8GiB""},{""name"":""lab-mysql"",""cpu"":""0.82%"",""mem"":""713.3MiB / 122.8GiB""},{""name"":""lab-woocommerce-mysql"",""cpu"":""0.96%"",""mem"":""485.5MiB / 122.8GiB""},{""name"":""lab-allegro-stub"",""cpu"":""0.00%"",""mem"":""30.19MiB / 122.8GiB""}]"
2026-09-09T08:07:04Z,3,563,8,137,29,2666469043,"[{""name"":""lab-worker-1"",""cpu"":""2.39%"",""mem"":""130.5MiB / 122.8GiB""},{""name"":""lab-api"",""cpu"":""0.00%"",""mem"":""176.2MiB / 122.8GiB""},{""name"":""lab-wc-tls"",""cpu"":""0.00%"",""mem"":""30.18MiB / 122.8GiB""},{""name"":""lab-prestashop"",""cpu"":""5.40%"",""mem"":""109MiB / 122.8GiB""},{""name"":""lab-woocommerce"",""cpu"":""0.01%"",""mem"":""204.2MiB / 122.8GiB""},{""name"":""lab-redis"",""cpu"":""0.44%"",""mem"":""76MiB / 122.8GiB""},{""name"":""lab-postgres"",""cpu"":""10.18%"",""mem"":""243.5MiB / 122.8GiB""},{""name"":""lab-mysql"",""cpu"":""1.32%"",""mem"":""713.4MiB / 122.8GiB""},{""name"":""lab-woocommerce-mysql"",""cpu"":""0.94%"",""mem"":""485.5MiB / 122.8GiB""},{""name"":""lab-allegro-stub"",""cpu"":""0.00%"",""mem"":""30.19MiB / 122.8GiB""}]"
2026-09-09T08:07:08Z,4,562,6,137,32,2666469043,"[{""name"":""lab-worker-1"",""cpu"":""3.43%"",""mem"":""130.4MiB / 122.8GiB""},{""name"":""lab-api"",""cpu"":""0.00%"",""mem"":""176.2MiB / 122.8GiB""},{""name"":""lab-wc-tls"",""cpu"":""0.00%"",""mem"":""30.18MiB / 122.8GiB""},{""name"":""lab-prestashop"",""cpu"":""0.01%"",""mem"":""109MiB / 122.8GiB""},{""name"":""lab-woocommerce"",""cpu"":""0.01%"",""mem"":""204.1MiB / 122.8GiB""},{""name"":""lab-redis"",""cpu"":""0.66%"",""mem"":""75.75MiB / 122.8GiB""},{""name"":""lab-postgres"",""cpu"":""17.36%"",""mem"":""245.6MiB / 122.8GiB""},{""name"":""lab-mysql"",""cpu"":""0.97%"",""mem"":""713.3MiB / 122.8GiB""},{""name"":""lab-woocommerce-mysql"",""cpu"":""0.94%"",""mem"":""485.5MiB / 122.8GiB""},{""name"":""lab-allegro-stub"",""cpu"":""0.01%"",""mem"":""30.19MiB / 122.8GiB""}]"
2026-09-09T08:07:11Z,4,557,8,137,33,2666469043,"[{""name"":""lab-worker-1"",""cpu"":""0.76%"",""mem"":""130.2MiB / 122.8GiB""},{""name"":""lab-api"",""cpu"":""0.00%"",""mem"":""176.2MiB / 122.8GiB""},{""name"":""lab-wc-tls"",""cpu"":""0.00%"",""mem"":""30.18MiB / 122.8GiB""},{""name"":""lab-prestashop"",""cpu"":""0.00%"",""mem"":""109MiB / 122.8GiB""},{""name"":""lab-woocommerce"",""cpu"":""0.01%"",""mem"":""204.1MiB / 122.8GiB""},{""name"":""lab-redis"",""cpu"":""4.42%"",""mem"":""76.03MiB / 122.8GiB""},{""name"":""lab-postgres"",""cpu"":""16.74%"",""mem"":""245.6MiB / 122.8GiB""},{""name"":""lab-mysql"",""cpu"":""5.40%"",""mem"":""713.5MiB / 122.8GiB""},{""name"":""lab-woocommerce-mysql"",""cpu"":""0.86%"",""mem"":""485.5MiB / 122.8GiB""},{""name"":""lab-allegro-stub"",""cpu"":""0.00%"",""mem"":""30.19MiB / 122.8GiB""}]"
2026-09-09T08:07:15Z,4,561,7,137,33,2666469043,"[{""name"":""lab-worker-1"",""cpu"":""4.14%"",""mem"":""130.4MiB / 122.8GiB""},{""name"":""lab-api"",""cpu"":""0.00%"",""mem"":""176.2MiB / 122.8GiB""},{""name"":""lab-wc-tls"",""cpu"":""0.00%"",""mem"":""30.18MiB / 122.8GiB""},{""name"":""lab-prestashop"",""cpu"":""0.00%"",""mem"":""109MiB / 122.8GiB""},{""name"":""lab-woocommerce"",""cpu"":""0.01%"",""mem"":""204.1MiB / 122.8GiB""},{""name"":""lab-redis"",""cpu"":""0.84%"",""mem"":""75.75MiB / 122.8GiB""},{""name"":""lab-postgres"",""cpu"":""19.38%"",""mem"":""245.7MiB / 122.8GiB""},{""name"":""lab-mysql"",""cpu"":""0.84%"",""mem"":""713.3MiB / 122.8GiB""},{""name"":""lab-woocommerce-mysql"",""cpu"":""0.91%"",""mem"":""485.5MiB / 122.8GiB""},{""name"":""lab-allegro-stub"",""cpu"":""0.00%"",""mem"":""30.19MiB / 122.8GiB""}]"
2026-09-09T08:07:19Z,3,557,6,137,37,2666469043,"[{""name"":""lab-worker-1"",""cpu"":""1.34%"",""mem"":""130.3MiB / 122.8GiB""},{""name"":""lab-api"",""cpu"":""0.00%"",""mem"":""176.2MiB / 122.8GiB""},{""name"":""lab-wc-tls"",""cpu"":""0.00%"",""mem"":""30.18MiB / 122.8GiB""},{""name"":""lab-prestashop"",""cpu"":""0.01%"",""mem"":""109MiB / 122.8GiB""},{""name"":""lab-woocommerce"",""cpu"":""0.01%"",""mem"":""204.1MiB / 122.8GiB""},{""name"":""lab-redis"",""cpu"":""0.55%"",""mem"":""75.75MiB / 122.8GiB""},{""name"":""lab-postgres"",""cpu"":""15.01%"",""mem"":""243.5MiB / 122.8GiB""},{""name"":""lab-mysql"",""cpu"":""0.89%"",""mem"":""713.3MiB / 122.8GiB""},{""name"":""lab-woocommerce-mysql"",""cpu"":""0.92%"",""mem"":""485.5MiB / 122.8GiB""},{""name"":""lab-allegro-stub"",""cpu"":""0.00%"",""mem"":""30.19MiB / 122.8GiB""}]"
2026-09-09T08:07:23Z,4,560,8,137,32,2666469043,"[{""name"":""lab-worker-1"",""cpu"":""5.38%"",""mem"":""130.5MiB / 122.8GiB""},{""name"":""lab-api"",""cpu"":""0.00%"",""mem"":""176.2MiB / 122.8GiB""},{""name"":""lab-wc-tls"",""cpu"":""0.00%"",""mem"":""30.18MiB / 122.8GiB""},{""name"":""lab-prestashop"",""cpu"":""0.01%"",""mem"":""109MiB / 122.8GiB""},{""name"":""lab-woocommerce"",""cpu"":""0.01%"",""mem"":""204.1MiB / 122.8GiB""},{""name"":""lab-redis"",""cpu"":""0.82%"",""mem"":""76.25MiB / 122.8GiB""},{""name"":""lab-postgres"",""cpu"":""23.54%"",""mem"":""245.5MiB / 122.8GiB""},{""name"":""lab-mysql"",""cpu"":""0.89%"",""mem"":""713.3MiB / 122.8GiB""},{""name"":""lab-woocommerce-mysql"",""cpu"":""0.91%"",""mem"":""485.5MiB / 122.8GiB""},{""name"":""lab-allegro-stub"",""cpu"":""4.07%"",""mem"":""30.19MiB / 122.8GiB""}]"
2026-09-09T08:07:26Z,4,558,8,137,34,2666469043,"[{""name"":""lab-worker-1"",""cpu"":""3.10%"",""mem"":""130.8MiB / 122.8GiB""},{""name"":""lab-api"",""cpu"":""0.00%"",""mem"":""176.2MiB / 122.8GiB""},{""name"":""lab-wc-tls"",""cpu"":""0.00%"",""mem"":""30.18MiB / 122.8GiB""},{""name"":""lab-prestashop"",""cpu"":""0.01%"",""mem"":""109MiB / 122.8GiB""},{""name"":""lab-woocommerce"",""cpu"":""0.01%"",""mem"":""204.1MiB / 122.8GiB""},{""name"":""lab-redis"",""cpu"":""0.82%"",""mem"":""75.75MiB / 122.8GiB""},{""name"":""lab-postgres"",""cpu"":""13.89%"",""mem"":""245.7MiB / 122.8GiB""},{""name"":""lab-mysql"",""cpu"":""0.95%"",""mem"":""713.3MiB / 122.8GiB""},{""name"":""lab-woocommerce-mysql"",""cpu"":""5.45%"",""mem"":""485.5MiB / 122.8GiB""},{""name"":""lab-allegro-stub"",""cpu"":""4.36%"",""mem"":""30.24MiB / 122.8GiB""}]"
2026-09-09T08:07:30Z,3,558,8,137,33,2666469043,"[{""name"":""lab-worker-1"",""cpu"":""3.35%"",""mem"":""130.3MiB / 122.8GiB""},{""name"":""lab-api"",""cpu"":""0.00%"",""mem"":""176.2MiB / 122.8GiB""},{""name"":""lab-wc-tls"",""cpu"":""0.00%"",""mem"":""30.18MiB / 122.8GiB""},{""name"":""lab-prestashop"",""cpu"":""0.00%"",""mem"":""109MiB / 122.8GiB""},{""name"":""lab-woocommerce"",""cpu"":""0.01%"",""mem"":""204.1MiB / 122.8GiB""},{""name"":""lab-redis"",""cpu"":""0.41%"",""mem"":""75.75MiB / 122.8GiB""},{""name"":""lab-postgres"",""cpu"":""17.34%"",""mem"":""245.8MiB / 122.8GiB""},{""name"":""lab-mysql"",""cpu"":""0.87%"",""mem"":""713.3MiB / 122.8GiB""},{""name"":""lab-woocommerce-mysql"",""cpu"":""0.88%"",""mem"":""485.5MiB / 122.8GiB""},{""name"":""lab-allegro-stub"",""cpu"":""0.00%"",""mem"":""30.2MiB / 122.8GiB""}]"
2026-09-09T08:07:34Z,4,555,8,137,37,2666469043,"[{""name"":""lab-worker-1"",""cpu"":""2.95%"",""mem"":""131MiB / 122.8GiB""},{""name"":""lab-api"",""cpu"":""0.00%"",""mem"":""176.2MiB / 122.8GiB""},{""name"":""lab-wc-tls"",""cpu"":""0.00%"",""mem"":""30.18MiB / 122.8GiB""},{""name"":""lab-prestashop"",""cpu"":""5.73%"",""mem"":""109.1MiB / 122.8GiB""},{""name"":""lab-woocommerce"",""cpu"":""0.01%"",""mem"":""204.1MiB / 122.8GiB""},{""name"":""lab-redis"",""cpu"":""0.63%"",""mem"":""76MiB / 122.8GiB""},{""name"":""lab-postgres"",""cpu"":""16.84%"",""mem"":""248MiB / 122.8GiB""},{""name"":""lab-mysql"",""cpu"":""1.41%"",""mem"":""713.3MiB / 122.8GiB""},{""name"":""lab-woocommerce-mysql"",""cpu"":""0.90%"",""mem"":""485.5MiB / 122.8GiB""},{""name"":""lab-allegro-stub"",""cpu"":""0.00%"",""mem"":""30.19MiB / 122.8GiB""}]"
2026-09-09T08:07:37Z,4,555,8,137,36,2666469043,"[{""name"":""lab-worker-1"",""cpu"":""3.35%"",""mem"":""130.8MiB / 122.8GiB""},{""name"":""lab-api"",""cpu"":""0.00%"",""mem"":""176.2MiB / 122.8GiB""},{""name"":""lab-wc-tls"",""cpu"":""0.00%"",""mem"":""30.18MiB / 122.8GiB""},{""name"":""lab-prestashop"",""cpu"":""0.01%"",""mem"":""109MiB / 122.8GiB""},{""name"":""lab-woocommerce"",""cpu"":""0.01%"",""mem"":""204.1MiB / 122.8GiB""},{""name"":""lab-redis"",""cpu"":""0.63%"",""mem"":""75.75MiB / 122.8GiB""},{""name"":""lab-postgres"",""cpu"":""16.53%"",""mem"":""248.6MiB / 122.8GiB""},{""name"":""lab-mysql"",""cpu"":""0.91%"",""mem"":""713.3MiB / 122.8GiB""},{""name"":""lab-woocommerce-mysql"",""cpu"":""0.86%"",""mem"":""485.5MiB / 122.8GiB""},{""name"":""lab-allegro-stub"",""cpu"":""3.96%"",""mem"":""30.29MiB / 122.8GiB""}]"
2026-09-09T08:07:41Z,3,553,8,137,37,2666469043,"[{""name"":""lab-worker-1"",""cpu"":""2.01%"",""mem"":""130.3MiB / 122.8GiB""},{""name"":""lab-api"",""cpu"":""0.00%"",""mem"":""176.2MiB / 122.8GiB""},{""name"":""lab-wc-tls"",""cpu"":""0.00%"",""mem"":""30.18MiB / 122.8GiB""},{""name"":""lab-prestashop"",""cpu"":""0.00%"",""mem"":""109MiB / 122.8GiB""},{""name"":""lab-woocommerce"",""cpu"":""0.00%"",""mem"":""204.1MiB / 122.8GiB""},{""name"":""lab-redis"",""cpu"":""0.61%"",""mem"":""76MiB / 122.8GiB""},{""name"":""lab-postgres"",""cpu"":""14.66%"",""mem"":""248MiB / 122.8GiB""},{""name"":""lab-mysql"",""cpu"":""0.78%"",""mem"":""713.3MiB / 122.8GiB""},{""name"":""lab-woocommerce-mysql"",""cpu"":""0.80%"",""mem"":""485.5MiB / 122.8GiB""},{""name"":""lab-allegro-stub"",""cpu"":""0.00%"",""mem"":""30.19MiB / 122.8GiB""}]"
2026-09-09T08:07:45Z,4,554,8,137,38,2666469043,"[{""name"":""lab-worker-1"",""cpu"":""1.11%"",""mem"":""130.3MiB / 122.8GiB""},{""name"":""lab-api"",""cpu"":""0.00%"",""mem"":""176.2MiB / 122.8GiB""},{""name"":""lab-wc-tls"",""cpu"":""0.00%"",""mem"":""30.18MiB / 122.8GiB""},{""name"":""lab-prestashop"",""cpu"":""0.01%"",""mem"":""109MiB / 122.8GiB""},{""name"":""lab-woocommerce"",""cpu"":""0.00%"",""mem"":""204.1MiB / 122.8GiB""},{""name"":""lab-redis"",""cpu"":""0.44%"",""mem"":""75.75MiB / 122.8GiB""},{""name"":""lab-postgres"",""cpu"":""20.33%"",""mem"":""248.5MiB / 122.8GiB""},{""name"":""lab-mysql"",""cpu"":""0.79%"",""mem"":""713.3MiB / 122.8GiB""},{""name"":""lab-woocommerce-mysql"",""cpu"":""0.93%"",""mem"":""485.5MiB / 122.8GiB""},{""name"":""lab-allegro-stub"",""cpu"":""0.00%"",""mem"":""30.19MiB / 122.8GiB""}]"
2026-09-09T08:07:49Z,4,558,8,137,33,2666469043,"[{""name"":""lab-worker-1"",""cpu"":""3.35%"",""mem"":""130.7MiB / 122.8GiB""},{""name"":""lab-api"",""cpu"":""0.00%"",""mem"":""176.2MiB / 122.8GiB""},{""name"":""lab-wc-tls"",""cpu"":""0.00%"",""mem"":""30.18MiB / 122.8GiB""},{""name"":""lab-prestashop"",""cpu"":""0.00%"",""mem"":""109MiB / 122.8GiB""},{""name"":""lab-woocommerce"",""cpu"":""0.00%"",""mem"":""204.1MiB / 122.8GiB""},{""name"":""lab-redis"",""cpu"":""0.63%"",""mem"":""75.75MiB / 122.8GiB""},{""name"":""lab-postgres"",""cpu"":""22.14%"",""mem"":""248.9MiB / 122.8GiB""},{""name"":""lab-mysql"",""cpu"":""0.80%"",""mem"":""713.3MiB / 122.8GiB""},{""name"":""lab-woocommerce-mysql"",""cpu"":""0.86%"",""mem"":""485.5MiB / 122.8GiB""},{""name"":""lab-allegro-stub"",""cpu"":""0.01%"",""mem"":""30.19MiB / 122.8GiB""}]"
2026-09-09T08:07:52Z,4,562,8,137,30,2666469043,"[{""name"":""lab-worker-1"",""cpu"":""1.74%"",""mem"":""130.5MiB / 122.8GiB""},{""name"":""lab-api"",""cpu"":""0.00%"",""mem"":""176.2MiB / 122.8GiB""},{""name"":""lab-wc-tls"",""cpu"":""0.00%"",""mem"":""30.18MiB / 122.8GiB""},{""name"":""lab-prestashop"",""cpu"":""0.01%"",""mem"":""109MiB / 122.8GiB""},{""name"":""lab-woocommerce"",""cpu"":""0.00%"",""mem"":""204.1MiB / 122.8GiB""},{""name"":""lab-redis"",""cpu"":""4.67%"",""mem"":""75.78MiB / 122.8GiB""},{""name"":""lab-postgres"",""cpu"":""7.30%"",""mem"":""241.1MiB / 122.8GiB""},{""name"":""lab-mysql"",""cpu"":""5.46%"",""mem"":""713.5MiB / 122.8GiB""},{""name"":""lab-woocommerce-mysql"",""cpu"":""1.06%"",""mem"":""485.5MiB / 122.8GiB""},{""name"":""lab-allegro-stub"",""cpu"":""4.10%"",""mem"":""30.23MiB / 122.8GiB""}]"
2026-09-09T08:07:56Z,3,566,7,137,27,2666469043,"[{""name"":""lab-worker-1"",""cpu"":""3.71%"",""mem"":""130.5MiB / 122.8GiB""},{""name"":""lab-api"",""cpu"":""0.00%"",""mem"":""176.2MiB / 122.8GiB""},{""name"":""lab-wc-tls"",""cpu"":""0.00%"",""mem"":""30.18MiB / 122.8GiB""},{""name"":""lab-prestashop"",""cpu"":""0.00%"",""mem"":""109MiB / 122.8GiB""},{""name"":""lab-woocommerce"",""cpu"":""0.01%"",""mem"":""204.1MiB / 122.8GiB""},{""name"":""lab-redis"",""cpu"":""0.69%"",""mem"":""75.75MiB / 122.8GiB""},{""name"":""lab-postgres"",""cpu"":""17.86%"",""mem"":""245.8MiB / 122.8GiB""},{""name"":""lab-mysql"",""cpu"":""0.90%"",""mem"":""713.3MiB / 122.8GiB""},{""name"":""lab-woocommerce-mysql"",""cpu"":""5.80%"",""mem"":""485.6MiB / 122.8GiB""},{""name"":""lab-allegro-stub"",""cpu"":""0.00%"",""mem"":""30.19MiB / 122.8GiB""}]"
2026-09-09T08:08:00Z,4,562,7,137,31,2666469043,"[{""name"":""lab-worker-1"",""cpu"":""1.28%"",""mem"":""130.5MiB / 122.8GiB""},{""name"":""lab-api"",""cpu"":""0.00%"",""mem"":""176.2MiB / 122.8GiB""},{""name"":""lab-wc-tls"",""cpu"":""0.00%"",""mem"":""30.18MiB / 122.8GiB""},{""name"":""lab-prestashop"",""cpu"":""0.01%"",""mem"":""109MiB / 122.8GiB""},{""name"":""lab-woocommerce"",""cpu"":""0.00%"",""mem"":""204.1MiB / 122.8GiB""},{""name"":""lab-redis"",""cpu"":""0.45%"",""mem"":""75.75MiB / 122.8GiB""},{""name"":""lab-postgres"",""cpu"":""21.02%"",""mem"":""245.7MiB / 122.8GiB""},{""name"":""lab-mysql"",""cpu"":""0.88%"",""mem"":""713.3MiB / 122.8GiB""},{""name"":""lab-woocommerce-mysql"",""cpu"":""0.97%"",""mem"":""485.5MiB / 122.8GiB""},{""name"":""lab-allegro-stub"",""cpu"":""0.00%"",""mem"":""30.19MiB / 122.8GiB""}]"
2026-09-09T08:08:03Z,4,565,8,137,27,2666469043,"[{""name"":""lab-worker-1"",""cpu"":""4.53%"",""mem"":""130.3MiB / 122.8GiB""},{""name"":""lab-api"",""cpu"":""0.00%"",""mem"":""176.2MiB / 122.8GiB""},{""name"":""lab-wc-tls"",""cpu"":""0.00%"",""mem"":""30.18MiB / 122.8GiB""},{""name"":""lab-prestashop"",""cpu"":""0.01%"",""mem"":""109MiB / 122.8GiB""},{""name"":""lab-woocommerce"",""cpu"":""0.01%"",""mem"":""204.1MiB / 122.8GiB""},{""name"":""lab-redis"",""cpu"":""0.80%"",""mem"":""75.75MiB / 122.8GiB""},{""name"":""lab-postgres"",""cpu"":""17.24%"",""mem"":""245.9MiB / 122.8GiB""},{""name"":""lab-mysql"",""cpu"":""0.90%"",""mem"":""713.3MiB / 122.8GiB""},{""name"":""lab-woocommerce-mysql"",""cpu"":""1.01%"",""mem"":""485.5MiB / 122.8GiB""},{""name"":""lab-allegro-stub"",""cpu"":""0.01%"",""mem"":""30.2MiB / 122.8GiB""}]"
2026-09-09T08:08:07Z,3,563,7,137,30,2666469043,"[{""name"":""lab-worker-1"",""cpu"":""2.23%"",""mem"":""130.5MiB / 122.8GiB""},{""name"":""lab-api"",""cpu"":""0.00%"",""mem"":""176.2MiB / 122.8GiB""},{""name"":""lab-wc-tls"",""cpu"":""0.00%"",""mem"":""30.18MiB / 122.8GiB""},{""name"":""lab-prestashop"",""cpu"":""0.01%"",""mem"":""109MiB / 122.8GiB""},{""name"":""lab-woocommerce"",""cpu"":""0.01%"",""mem"":""204.1MiB / 122.8GiB""},{""name"":""lab-redis"",""cpu"":""0.68%"",""mem"":""76MiB / 122.8GiB""},{""name"":""lab-postgres"",""cpu"":""15.09%"",""mem"":""245.8MiB / 122.8GiB""},{""name"":""lab-mysql"",""cpu"":""0.86%"",""mem"":""713.3MiB / 122.8GiB""},{""name"":""lab-woocommerce-mysql"",""cpu"":""0.96%"",""mem"":""485.5MiB / 122.8GiB""},{""name"":""lab-allegro-stub"",""cpu"":""0.00%"",""mem"":""30.19MiB / 122.8GiB""}]"
2026-09-09T08:08:11Z,4,562,8,137,28,2666469043,"[{""name"":""lab-worker-1"",""cpu"":""2.27%"",""mem"":""130.5MiB / 122.8GiB""},{""name"":""lab-api"",""cpu"":""0.00%"",""mem"":""176.2MiB / 122.8GiB""},{""name"":""lab-wc-tls"",""cpu"":""0.00%"",""mem"":""30.18MiB / 122.8GiB""},{""name"":""lab-prestashop"",""cpu"":""0.00%"",""mem"":""109MiB / 122.8GiB""},{""name"":""lab-woocommerce"",""cpu"":""0.01%"",""mem"":""204.1MiB / 122.8GiB""},{""name"":""lab-redis"",""cpu"":""0.40%"",""mem"":""75.75MiB / 122.8GiB""},{""name"":""lab-postgres"",""cpu"":""16.37%"",""mem"":""245.7MiB / 122.8GiB""},{""name"":""lab-mysql"",""cpu"":""0.89%"",""mem"":""713.3MiB / 122.8GiB""},{""name"":""lab-woocommerce-mysql"",""cpu"":""0.98%"",""mem"":""485.5MiB / 122.8GiB""},{""name"":""lab-allegro-stub"",""cpu"":""0.00%"",""mem"":""30.19MiB / 122.8GiB""}]"
2026-09-09T08:08:14Z,4,562,7,137,31,2666469043,"[{""name"":""lab-worker-1"",""cpu"":""6.01%"",""mem"":""130.4MiB / 122.8GiB""},{""name"":""lab-api"",""cpu"":""0.00%"",""mem"":""176.2MiB / 122.8GiB""},{""name"":""lab-wc-tls"",""cpu"":""0.00%"",""mem"":""30.18MiB / 122.8GiB""},{""name"":""lab-prestashop"",""cpu"":""0.01%"",""mem"":""109MiB / 122.8GiB""},{""name"":""lab-woocommerce"",""cpu"":""0.01%"",""mem"":""204.1MiB / 122.8GiB""},{""name"":""lab-redis"",""cpu"":""0.50%"",""mem"":""75.75MiB / 122.8GiB""},{""name"":""lab-postgres"",""cpu"":""22.51%"",""mem"":""245.7MiB / 122.8GiB""},{""name"":""lab-mysql"",""cpu"":""0.88%"",""mem"":""713.3MiB / 122.8GiB""},{""name"":""lab-woocommerce-mysql"",""cpu"":""0.90%"",""mem"":""485.5MiB / 122.8GiB""},{""name"":""lab-allegro-stub"",""cpu"":""0.00%"",""mem"":""30.2MiB / 122.8GiB""}]"
2026-09-09T08:08:18Z,3,561,7,137,32,2666469043,"[{""name"":""lab-worker-1"",""cpu"":""2.77%"",""mem"":""130.4MiB / 122.8GiB""},{""name"":""lab-api"",""cpu"":""0.00%"",""mem"":""176.2MiB / 122.8GiB""},{""name"":""lab-wc-tls"",""cpu"":""0.00%"",""mem"":""30.18MiB / 122.8GiB""},{""name"":""lab-prestashop"",""cpu"":""0.01%"",""mem"":""109MiB / 122.8GiB""},{""name"":""lab-woocommerce"",""cpu"":""0.01%"",""mem"":""204.1MiB / 122.8GiB""},{""name"":""lab-redis"",""cpu"":""0.58%"",""mem"":""75.75MiB / 122.8GiB""},{""name"":""lab-postgres"",""cpu"":""8.58%"",""mem"":""245.7MiB / 122.8GiB""},{""name"":""lab-mysql"",""cpu"":""0.99%"",""mem"":""713.3MiB / 122.8GiB""},{""name"":""lab-woocommerce-mysql"",""cpu"":""0.89%"",""mem"":""485.5MiB / 122.8GiB""},{""name"":""lab-allegro-stub"",""cpu"":""4.06%"",""mem"":""30.19MiB / 122.8GiB""}]"
2026-09-09T08:08:22Z,4,557,8,137,35,2666469043,"[{""name"":""lab-worker-1"",""cpu"":""3.71%"",""mem"":""130.3MiB / 122.8GiB""},{""name"":""lab-api"",""cpu"":""0.00%"",""mem"":""176.2MiB / 122.8GiB""},{""name"":""lab-wc-tls"",""cpu"":""0.00%"",""mem"":""30.18MiB / 122.8GiB""},{""name"":""lab-prestashop"",""cpu"":""0.01%"",""mem"":""109MiB / 122.8GiB""},{""name"":""lab-woocommerce"",""cpu"":""0.01%"",""mem"":""204.1MiB / 122.8GiB""},{""name"":""lab-redis"",""cpu"":""4.78%"",""mem"":""75.76MiB / 122.8GiB""},{""name"":""lab-postgres"",""cpu"":""11.20%"",""mem"":""243.3MiB / 122.8GiB""},{""name"":""lab-mysql"",""cpu"":""5.40%"",""mem"":""713.3MiB / 122.8GiB""},{""name"":""lab-woocommerce-mysql"",""cpu"":""0.81%"",""mem"":""485.5MiB / 122.8GiB""},{""name"":""lab-allegro-stub"",""cpu"":""0.00%"",""mem"":""30.19MiB / 122.8GiB""}]"
2026-09-09T08:08:26Z,4,554,8,137,37,2666469043,"[{""name"":""lab-worker-1"",""cpu"":""2.58%"",""mem"":""130.3MiB / 122.8GiB""},{""name"":""lab-api"",""cpu"":""0.00%"",""mem"":""176.2MiB / 122.8GiB""},{""name"":""lab-wc-tls"",""cpu"":""0.00%"",""mem"":""30.18MiB / 122.8GiB""},{""name"":""lab-prestashop"",""cpu"":""0.01%"",""mem"":""109MiB / 122.8GiB""},{""name"":""lab-woocommerce"",""cpu"":""0.01%"",""mem"":""204.1MiB / 122.8GiB""},{""name"":""lab-redis"",""cpu"":""0.43%"",""mem"":""75.76MiB / 122.8GiB""},{""name"":""lab-postgres"",""cpu"":""30.94%"",""mem"":""243.4MiB / 122.8GiB""},{""name"":""lab-mysql"",""cpu"":""0.97%"",""mem"":""713.3MiB / 122.8GiB""},{""name"":""lab-woocommerce-mysql"",""cpu"":""0.82%"",""mem"":""485.5MiB / 122.8GiB""},{""name"":""lab-allegro-stub"",""cpu"":""0.00%"",""mem"":""30.19MiB / 122.8GiB""}]"
2026-09-09T08:08:29Z,4,559,8,137,34,2666469043,"[{""name"":""lab-worker-1"",""cpu"":""6.29%"",""mem"":""130.6MiB / 122.8GiB""},{""name"":""lab-api"",""cpu"":""0.00%"",""mem"":""176.2MiB / 122.8GiB""},{""name"":""lab-wc-tls"",""cpu"":""0.00%"",""mem"":""30.18MiB / 122.8GiB""},{""name"":""lab-prestashop"",""cpu"":""0.01%"",""mem"":""109MiB / 122.8GiB""},{""name"":""lab-woocommerce"",""cpu"":""0.00%"",""mem"":""204.1MiB / 122.8GiB""},{""name"":""lab-redis"",""cpu"":""0.72%"",""mem"":""76MiB / 122.8GiB""},{""name"":""lab-postgres"",""cpu"":""16.97%"",""mem"":""243.4MiB / 122.8GiB""},{""name"":""lab-mysql"",""cpu"":""0.83%"",""mem"":""713.3MiB / 122.8GiB""},{""name"":""lab-woocommerce-mysql"",""cpu"":""0.90%"",""mem"":""485.5MiB / 122.8GiB""},{""name"":""lab-allegro-stub"",""cpu"":""0.01%"",""mem"":""30.19MiB / 122.8GiB""}]"
2026-09-09T08:08:33Z,3,560,7,137,33,2666469043,"[{""name"":""lab-worker-1"",""cpu"":""3.55%"",""mem"":""130.7MiB / 122.8GiB""},{""name"":""lab-api"",""cpu"":""0.00%"",""mem"":""176.2MiB / 122.8GiB""},{""name"":""lab-wc-tls"",""cpu"":""0.00%"",""mem"":""30.18MiB / 122.8GiB""},{""name"":""lab-prestashop"",""cpu"":""0.00%"",""mem"":""109MiB / 122.8GiB""},{""name"":""lab-woocommerce"",""cpu"":""0.01%"",""mem"":""204.1MiB / 122.8GiB""},{""name"":""lab-redis"",""cpu"":""0.78%"",""mem"":""76.01MiB / 122.8GiB""},{""name"":""lab-postgres"",""cpu"":""16.27%"",""mem"":""243.4MiB / 122.8GiB""},{""name"":""lab-mysql"",""cpu"":""0.80%"",""mem"":""713.3MiB / 122.8GiB""},{""name"":""lab-woocommerce-mysql"",""cpu"":""0.79%"",""mem"":""485.5MiB / 122.8GiB""},{""name"":""lab-allegro-stub"",""cpu"":""4.15%"",""mem"":""30.22MiB / 122.8GiB""}]"
2026-09-09T08:08:37Z,4,562,7,137,31,2666469043,"[{""name"":""lab-worker-1"",""cpu"":""1.98%"",""mem"":""130.6MiB / 122.8GiB""},{""name"":""lab-api"",""cpu"":""0.00%"",""mem"":""176.2MiB / 122.8GiB""},{""name"":""lab-wc-tls"",""cpu"":""0.00%"",""mem"":""30.18MiB / 122.8GiB""},{""name"":""lab-prestashop"",""cpu"":""0.01%"",""mem"":""109MiB / 122.8GiB""},{""name"":""lab-woocommerce"",""cpu"":""0.01%"",""mem"":""204.1MiB / 122.8GiB""},{""name"":""lab-redis"",""cpu"":""0.65%"",""mem"":""75.75MiB / 122.8GiB""},{""name"":""lab-postgres"",""cpu"":""15.31%"",""mem"":""243.6MiB / 122.8GiB""},{""name"":""lab-mysql"",""cpu"":""0.78%"",""mem"":""713.3MiB / 122.8GiB""},{""name"":""lab-woocommerce-mysql"",""cpu"":""5.90%"",""mem"":""485.5MiB / 122.8GiB""},{""name"":""lab-allegro-stub"",""cpu"":""0.00%"",""mem"":""30.19MiB / 122.8GiB""}]"
2026-09-09T08:08:40Z,4,557,8,137,33,2666469043,"[{""name"":""lab-worker-1"",""cpu"":""1.69%"",""mem"":""130.6MiB / 122.8GiB""},{""name"":""lab-api"",""cpu"":""0.00%"",""mem"":""176.2MiB / 122.8GiB""},{""name"":""lab-wc-tls"",""cpu"":""0.00%"",""mem"":""30.18MiB / 122.8GiB""},{""name"":""lab-prestashop"",""cpu"":""0.00%"",""mem"":""109MiB / 122.8GiB""},{""name"":""lab-woocommerce"",""cpu"":""0.00%"",""mem"":""204.1MiB / 122.8GiB""},{""name"":""lab-redis"",""cpu"":""0.40%"",""mem"":""75.75MiB / 122.8GiB""},{""name"":""lab-postgres"",""cpu"":""23.10%"",""mem"":""250.1MiB / 122.8GiB""},{""name"":""lab-mysql"",""cpu"":""0.82%"",""mem"":""713.3MiB / 122.8GiB""},{""name"":""lab-woocommerce-mysql"",""cpu"":""0.80%"",""mem"":""485.5MiB / 122.8GiB""},{""name"":""lab-allegro-stub"",""cpu"":""0.00%"",""mem"":""30.19MiB / 122.8GiB""}]"
2026-09-09T08:08:44Z,3,559,7,137,34,2666469043,"[{""name"":""lab-worker-1"",""cpu"":""1.05%"",""mem"":""130.6MiB / 122.8GiB""},{""name"":""lab-api"",""cpu"":""0.00%"",""mem"":""176.2MiB / 122.8GiB""},{""name"":""lab-wc-tls"",""cpu"":""0.00%"",""mem"":""30.18MiB / 122.8GiB""},{""name"":""lab-prestashop"",""cpu"":""0.01%"",""mem"":""109MiB / 122.8GiB""},{""name"":""lab-woocommerce"",""cpu"":""0.01%"",""mem"":""204.1MiB / 122.8GiB""},{""name"":""lab-redis"",""cpu"":""0.40%"",""mem"":""75.75MiB / 122.8GiB""},{""name"":""lab-postgres"",""cpu"":""15.00%"",""mem"":""243.7MiB / 122.8GiB""},{""name"":""lab-mysql"",""cpu"":""0.93%"",""mem"":""713.3MiB / 122.8GiB""},{""name"":""lab-woocommerce-mysql"",""cpu"":""0.83%"",""mem"":""485.5MiB / 122.8GiB""},{""name"":""lab-allegro-stub"",""cpu"":""0.00%"",""mem"":""30.19MiB / 122.8GiB""}]"
2026-09-09T08:08:48Z,4,556,8,137,37,2666469043,"[{""name"":""lab-worker-1"",""cpu"":""7.57%"",""mem"":""130.8MiB / 122.8GiB""},{""name"":""lab-api"",""cpu"":""0.00%"",""mem"":""176.2MiB / 122.8GiB""},{""name"":""lab-wc-tls"",""cpu"":""0.00%"",""mem"":""30.18MiB / 122.8GiB""},{""name"":""lab-prestashop"",""cpu"":""0.01%"",""mem"":""109MiB / 122.8GiB""},{""name"":""lab-woocommerce"",""cpu"":""0.01%"",""mem"":""204.1MiB / 122.8GiB""},{""name"":""lab-redis"",""cpu"":""0.59%"",""mem"":""75.75MiB / 122.8GiB""},{""name"":""lab-postgres"",""cpu"":""8.31%"",""mem"":""243.4MiB / 122.8GiB""},{""name"":""lab-mysql"",""cpu"":""0.87%"",""mem"":""713.3MiB / 122.8GiB""},{""name"":""lab-woocommerce-mysql"",""cpu"":""0.94%"",""mem"":""485.5MiB / 122.8GiB""},{""name"":""lab-allegro-stub"",""cpu"":""3.81%"",""mem"":""30.73MiB / 122.8GiB""}]"
2026-09-09T08:08:52Z,4,555,8,138,37,2666469043,"[{""name"":""lab-worker-1"",""cpu"":""6.47%"",""mem"":""130.6MiB / 122.8GiB""},{""name"":""lab-api"",""cpu"":""0.00%"",""mem"":""176.2MiB / 122.8GiB""},{""name"":""lab-wc-tls"",""cpu"":""0.00%"",""mem"":""30.18MiB / 122.8GiB""},{""name"":""lab-prestashop"",""cpu"":""0.01%"",""mem"":""109MiB / 122.8GiB""},{""name"":""lab-woocommerce"",""cpu"":""0.00%"",""mem"":""204.1MiB / 122.8GiB""},{""name"":""lab-redis"",""cpu"":""0.59%"",""mem"":""75.75MiB / 122.8GiB""},{""name"":""lab-postgres"",""cpu"":""28.41%"",""mem"":""243.6MiB / 122.8GiB""},{""name"":""lab-mysql"",""cpu"":""0.82%"",""mem"":""713.3MiB / 122.8GiB""},{""name"":""lab-woocommerce-mysql"",""cpu"":""0.82%"",""mem"":""485.5MiB / 122.8GiB""},{""name"":""lab-allegro-stub"",""cpu"":""0.00%"",""mem"":""30.19MiB / 122.8GiB""}]"
2026-09-09T08:08:55Z,4,552,7,140,38,2666469043,"[{""name"":""lab-worker-1"",""cpu"":""3.05%"",""mem"":""130.9MiB / 122.8GiB""},{""name"":""lab-api"",""cpu"":""0.00%"",""mem"":""176.2MiB / 122.8GiB""},{""name"":""lab-wc-tls"",""cpu"":""0.00%"",""mem"":""30.18MiB / 122.8GiB""},{""name"":""lab-prestashop"",""cpu"":""0.00%"",""mem"":""109MiB / 122.8GiB""},{""name"":""lab-woocommerce"",""cpu"":""0.00%"",""mem"":""204.1MiB / 122.8GiB""},{""name"":""lab-redis"",""cpu"":""0.54%"",""mem"":""75.75MiB / 122.8GiB""},{""name"":""lab-postgres"",""cpu"":""15.56%"",""mem"":""244.9MiB / 122.8GiB""},{""name"":""lab-mysql"",""cpu"":""0.76%"",""mem"":""713.3MiB / 122.8GiB""},{""name"":""lab-woocommerce-mysql"",""cpu"":""0.85%"",""mem"":""485.5MiB / 122.8GiB""},{""name"":""lab-allegro-stub"",""cpu"":""0.00%"",""mem"":""30.19MiB / 122.8GiB""}]"
2026-09-09T08:08:59Z,3,547,8,140,42,2666469043,"[{""name"":""lab-worker-1"",""cpu"":""3.31%"",""mem"":""131.6MiB / 122.8GiB""},{""name"":""lab-api"",""cpu"":""0.00%"",""mem"":""176.2MiB / 122.8GiB""},{""name"":""lab-wc-tls"",""cpu"":""0.00%"",""mem"":""30.18MiB / 122.8GiB""},{""name"":""lab-prestashop"",""cpu"":""0.01%"",""mem"":""109MiB / 122.8GiB""},{""name"":""lab-woocommerce"",""cpu"":""0.01%"",""mem"":""204.1MiB / 122.8GiB""},{""name"":""lab-redis"",""cpu"":""0.54%"",""mem"":""75.75MiB / 122.8GiB""},{""name"":""lab-postgres"",""cpu"":""16.12%"",""mem"":""243.4MiB / 122.8GiB""},{""name"":""lab-mysql"",""cpu"":""0.89%"",""mem"":""713.3MiB / 122.8GiB""},{""name"":""lab-woocommerce-mysql"",""cpu"":""0.94%"",""mem"":""485.5MiB / 122.8GiB""},{""name"":""lab-allegro-stub"",""cpu"":""1.11%"",""mem"":""30.19MiB / 122.8GiB""}]"
2026-09-09T08:09:03Z,4,547,8,140,42,2666469043,"[{""name"":""lab-worker-1"",""cpu"":""2.15%"",""mem"":""130.6MiB / 122.8GiB""},{""name"":""lab-api"",""cpu"":""0.00%"",""mem"":""176.2MiB / 122.8GiB""},{""name"":""lab-wc-tls"",""cpu"":""0.00%"",""mem"":""30.18MiB / 122.8GiB""},{""name"":""lab-prestashop"",""cpu"":""0.01%"",""mem"":""109MiB / 122.8GiB""},{""name"":""lab-woocommerce"",""cpu"":""0.01%"",""mem"":""204.1MiB / 122.8GiB""},{""name"":""lab-redis"",""cpu"":""4.74%"",""mem"":""75.75MiB / 122.8GiB""},{""name"":""lab-postgres"",""cpu"":""16.99%"",""mem"":""243.6MiB / 122.8GiB""},{""name"":""lab-mysql"",""cpu"":""4.72%"",""mem"":""713.3MiB / 122.8GiB""},{""name"":""lab-woocommerce-mysql"",""cpu"":""0.74%"",""mem"":""485.5MiB / 122.8GiB""},{""name"":""lab-allegro-stub"",""cpu"":""4.09%"",""mem"":""30.19MiB / 122.8GiB""}]"
2026-09-09T08:09:06Z,4,547,8,140,42,2666469043,"[{""name"":""lab-worker-1"",""cpu"":""4.44%"",""mem"":""130.8MiB / 122.8GiB""},{""name"":""lab-api"",""cpu"":""0.00%"",""mem"":""176.2MiB / 122.8GiB""},{""name"":""lab-wc-tls"",""cpu"":""0.00%"",""mem"":""30.18MiB / 122.8GiB""},{""name"":""lab-prestashop"",""cpu"":""0.00%"",""mem"":""109MiB / 122.8GiB""},{""name"":""lab-woocommerce"",""cpu"":""14.49%"",""mem"":""204.2MiB / 122.8GiB""},{""name"":""lab-redis"",""cpu"":""0.60%"",""mem"":""76MiB / 122.8GiB""},{""name"":""lab-postgres"",""cpu"":""19.40%"",""mem"":""243.4MiB / 122.8GiB""},{""name"":""lab-mysql"",""cpu"":""0.80%"",""mem"":""713.3MiB / 122.8GiB""},{""name"":""lab-woocommerce-mysql"",""cpu"":""6.66%"",""mem"":""485.5MiB / 122.8GiB""},{""name"":""lab-allegro-stub"",""cpu"":""0.00%"",""mem"":""30.19MiB / 122.8GiB""}]"
2026-09-09T08:09:10Z,3,551,8,140,38,2666469043,"[{""name"":""lab-worker-1"",""cpu"":""1.56%"",""mem"":""130.5MiB / 122.8GiB""},{""name"":""lab-api"",""cpu"":""0.00%"",""mem"":""176.2MiB / 122.8GiB""},{""name"":""lab-wc-tls"",""cpu"":""0.00%"",""mem"":""30.18MiB / 122.8GiB""},{""name"":""lab-prestashop"",""cpu"":""0.00%"",""mem"":""109MiB / 122.8GiB""},{""name"":""lab-woocommerce"",""cpu"":""0.00%"",""mem"":""204.1MiB / 122.8GiB""},{""name"":""lab-redis"",""cpu"":""0.48%"",""mem"":""75.75MiB / 122.8GiB""},{""name"":""lab-postgres"",""cpu"":""16.12%"",""mem"":""241.5MiB / 122.8GiB""},{""name"":""lab-mysql"",""cpu"":""0.90%"",""mem"":""713.3MiB / 122.8GiB""},{""name"":""lab-woocommerce-mysql"",""cpu"":""0.88%"",""mem"":""485.5MiB / 122.8GiB""},{""name"":""lab-allegro-stub"",""cpu"":""0.00%"",""mem"":""30.19MiB / 122.8GiB""}]"
2026-09-09T08:09:14Z,4,550,7,140,40,2666469043,"[{""name"":""lab-worker-1"",""cpu"":""0.72%"",""mem"":""130.6MiB / 122.8GiB""},{""name"":""lab-api"",""cpu"":""0.00%"",""mem"":""176.2MiB / 122.8GiB""},{""name"":""lab-wc-tls"",""cpu"":""0.00%"",""mem"":""30.18MiB / 122.8GiB""},{""name"":""lab-prestashop"",""cpu"":""0.01%"",""mem"":""109MiB / 122.8GiB""},{""name"":""lab-woocommerce"",""cpu"":""0.01%"",""mem"":""204.1MiB / 122.8GiB""},{""name"":""lab-redis"",""cpu"":""0.36%"",""mem"":""75.75MiB / 122.8GiB""},{""name"":""lab-postgres"",""cpu"":""12.41%"",""mem"":""249.7MiB / 122.8GiB""},{""name"":""lab-mysql"",""cpu"":""1.02%"",""mem"":""713.3MiB / 122.8GiB""},{""name"":""lab-woocommerce-mysql"",""cpu"":""0.97%"",""mem"":""485.5MiB / 122.8GiB""},{""name"":""lab-allegro-stub"",""cpu"":""4.13%"",""mem"":""30.19MiB / 122.8GiB""}]"
2026-09-09T08:09:17Z,4,547,8,141,40,2666469043,"[{""name"":""lab-worker-1"",""cpu"":""2.07%"",""mem"":""130.6MiB / 122.8GiB""},{""name"":""lab-api"",""cpu"":""0.00%"",""mem"":""176.2MiB / 122.8GiB""},{""name"":""lab-wc-tls"",""cpu"":""0.00%"",""mem"":""30.18MiB / 122.8GiB""},{""name"":""lab-prestashop"",""cpu"":""0.01%"",""mem"":""109MiB / 122.8GiB""},{""name"":""lab-woocommerce"",""cpu"":""0.01%"",""mem"":""204.1MiB / 122.8GiB""},{""name"":""lab-redis"",""cpu"":""0.42%"",""mem"":""75.75MiB / 122.8GiB""},{""name"":""lab-postgres"",""cpu"":""20.46%"",""mem"":""243.4MiB / 122.8GiB""},{""name"":""lab-mysql"",""cpu"":""0.85%"",""mem"":""713.3MiB / 122.8GiB""},{""name"":""lab-woocommerce-mysql"",""cpu"":""0.88%"",""mem"":""485.5MiB / 122.8GiB""},{""name"":""lab-allegro-stub"",""cpu"":""0.00%"",""mem"":""30.19MiB / 122.8GiB""}]"
2026-09-09T08:09:21Z,3,550,8,142,38,2666469043,"[{""name"":""lab-worker-1"",""cpu"":""2.92%"",""mem"":""130.6MiB / 122.8GiB""},{""name"":""lab-api"",""cpu"":""0.00%"",""mem"":""176.2MiB / 122.8GiB""},{""name"":""lab-wc-tls"",""cpu"":""0.00%"",""mem"":""30.18MiB / 122.8GiB""},{""name"":""lab-prestashop"",""cpu"":""0.00%"",""mem"":""109MiB / 122.8GiB""},{""name"":""lab-woocommerce"",""cpu"":""0.01%"",""mem"":""204.1MiB / 122.8GiB""},{""name"":""lab-redis"",""cpu"":""0.55%"",""mem"":""75.75MiB / 122.8GiB""},{""name"":""lab-postgres"",""cpu"":""14.53%"",""mem"":""243.5MiB / 122.8GiB""},{""name"":""lab-mysql"",""cpu"":""0.81%"",""mem"":""713.3MiB / 122.8GiB""},{""name"":""lab-woocommerce-mysql"",""cpu"":""0.94%"",""mem"":""485.5MiB / 122.8GiB""},{""name"":""lab-allegro-stub"",""cpu"":""0.00%"",""mem"":""30.19MiB / 122.8GiB""}]"
2026-09-09T08:09:25Z,4,551,7,142,37,2666469043,"[{""name"":""lab-worker-1"",""cpu"":""4.04%"",""mem"":""131MiB / 122.8GiB""},{""name"":""lab-api"",""cpu"":""0.00%"",""mem"":""176.2MiB / 122.8GiB""},{""name"":""lab-wc-tls"",""cpu"":""0.00%"",""mem"":""30.18MiB / 122.8GiB""},{""name"":""lab-prestashop"",""cpu"":""0.01%"",""mem"":""109MiB / 122.8GiB""},{""name"":""lab-woocommerce"",""cpu"":""0.00%"",""mem"":""204.1MiB / 122.8GiB""},{""name"":""lab-redis"",""cpu"":""0.71%"",""mem"":""76MiB / 122.8GiB""},{""name"":""lab-postgres"",""cpu"":""11.98%"",""mem"":""243.4MiB / 122.8GiB""},{""name"":""lab-mysql"",""cpu"":""0.87%"",""mem"":""713.3MiB / 122.8GiB""},{""name"":""lab-woocommerce-mysql"",""cpu"":""0.98%"",""mem"":""485.5MiB / 122.8GiB""},{""name"":""lab-allegro-stub"",""cpu"":""0.00%"",""mem"":""30.19MiB / 122.8GiB""}]"
2026-09-09T08:09:28Z,4,549,8,142,38,2666469043,"[{""name"":""lab-worker-1"",""cpu"":""6.10%"",""mem"":""130.6MiB / 122.8GiB""},{""name"":""lab-api"",""cpu"":""0.00%"",""mem"":""176.2MiB / 122.8GiB""},{""name"":""lab-wc-tls"",""cpu"":""0.00%"",""mem"":""30.18MiB / 122.8GiB""},{""name"":""lab-prestashop"",""cpu"":""0.00%"",""mem"":""109MiB / 122.8GiB""},{""name"":""lab-woocommerce"",""cpu"":""0.01%"",""mem"":""204.1MiB / 122.8GiB""},{""name"":""lab-redis"",""cpu"":""24.93%"",""mem"":""78.44MiB / 122.8GiB""},{""name"":""lab-postgres"",""cpu"":""16.80%"",""mem"":""243.4MiB / 122.8GiB""},{""name"":""lab-mysql"",""cpu"":""0.87%"",""mem"":""713.3MiB / 122.8GiB""},{""name"":""lab-woocommerce-mysql"",""cpu"":""0.90%"",""mem"":""485.5MiB / 122.8GiB""},{""name"":""lab-allegro-stub"",""cpu"":""4.04%"",""mem"":""30.19MiB / 122.8GiB""}]"
2026-09-09T08:09:32Z,3,550,8,142,37,2666469043,"[{""name"":""lab-worker-1"",""cpu"":""3.41%"",""mem"":""131.1MiB / 122.8GiB""},{""name"":""lab-api"",""cpu"":""0.00%"",""mem"":""176.2MiB / 122.8GiB""},{""name"":""lab-wc-tls"",""cpu"":""0.00%"",""mem"":""30.18MiB / 122.8GiB""},{""name"":""lab-prestashop"",""cpu"":""0.01%"",""mem"":""109MiB / 122.8GiB""},{""name"":""lab-woocommerce"",""cpu"":""0.01%"",""mem"":""204.1MiB / 122.8GiB""},{""name"":""lab-redis"",""cpu"":""4.96%"",""mem"":""76.05MiB / 122.8GiB""},{""name"":""lab-postgres"",""cpu"":""16.90%"",""mem"":""243.5MiB / 122.8GiB""},{""name"":""lab-mysql"",""cpu"":""0.77%"",""mem"":""713.3MiB / 122.8GiB""},{""name"":""lab-woocommerce-mysql"",""cpu"":""0.87%"",""mem"":""485.5MiB / 122.8GiB""},{""name"":""lab-allegro-stub"",""cpu"":""0.00%"",""mem"":""30.19MiB / 122.8GiB""}]"
2026-09-09T08:09:36Z,4,549,8,143,37,2666469043,"[{""name"":""lab-worker-1"",""cpu"":""3.04%"",""mem"":""130.6MiB / 122.8GiB""},{""name"":""lab-api"",""cpu"":""0.01%"",""mem"":""176.2MiB / 122.8GiB""},{""name"":""lab-wc-tls"",""cpu"":""0.00%"",""mem"":""30.18MiB / 122.8GiB""},{""name"":""lab-prestashop"",""cpu"":""0.01%"",""mem"":""109MiB / 122.8GiB""},{""name"":""lab-woocommerce"",""cpu"":""14.56%"",""mem"":""214.2MiB / 122.8GiB""},{""name"":""lab-redis"",""cpu"":""0.57%"",""mem"":""75.75MiB / 122.8GiB""},{""name"":""lab-postgres"",""cpu"":""21.48%"",""mem"":""243.4MiB / 122.8GiB""},{""name"":""lab-mysql"",""cpu"":""0.86%"",""mem"":""713.3MiB / 122.8GiB""},{""name"":""lab-woocommerce-mysql"",""cpu"":""1.96%"",""mem"":""485.7MiB / 122.8GiB""},{""name"":""lab-allegro-stub"",""cpu"":""0.00%"",""mem"":""30.19MiB / 122.8GiB""}]"
2026-09-09T08:09:40Z,4,548,8,143,37,2666469043,"[{""name"":""lab-worker-1"",""cpu"":""3.82%"",""mem"":""130.6MiB / 122.8GiB""},{""name"":""lab-api"",""cpu"":""0.00%"",""mem"":""176.2MiB / 122.8GiB""},{""name"":""lab-wc-tls"",""cpu"":""0.00%"",""mem"":""30.18MiB / 122.8GiB""},{""name"":""lab-prestashop"",""cpu"":""0.01%"",""mem"":""109MiB / 122.8GiB""},{""name"":""lab-woocommerce"",""cpu"":""0.01%"",""mem"":""204.1MiB / 122.8GiB""},{""name"":""lab-redis"",""cpu"":""0.75%"",""mem"":""76MiB / 122.8GiB""},{""name"":""lab-postgres"",""cpu"":""16.29%"",""mem"":""243.4MiB / 122.8GiB""},{""name"":""lab-mysql"",""cpu"":""0.93%"",""mem"":""713.3MiB / 122.8GiB""},{""name"":""lab-woocommerce-mysql"",""cpu"":""0.99%"",""mem"":""485.5MiB / 122.8GiB""},{""name"":""lab-allegro-stub"",""cpu"":""0.00%"",""mem"":""30.19MiB / 122.8GiB""}]"
2026-09-09T08:09:43Z,4,549,7,145,36,2666469043,"[{""name"":""lab-worker-1"",""cpu"":""4.62%"",""mem"":""130.9MiB / 122.8GiB""},{""name"":""lab-api"",""cpu"":""0.00%"",""mem"":""176.2MiB / 122.8GiB""},{""name"":""lab-wc-tls"",""cpu"":""0.00%"",""mem"":""30.18MiB / 122.8GiB""},{""name"":""lab-prestashop"",""cpu"":""0.01%"",""mem"":""109MiB / 122.8GiB""},{""name"":""lab-woocommerce"",""cpu"":""0.01%"",""mem"":""204.1MiB / 122.8GiB""},{""name"":""lab-redis"",""cpu"":""0.79%"",""mem"":""75.75MiB / 122.8GiB""},{""name"":""lab-postgres"",""cpu"":""25.90%"",""mem"":""244.5MiB / 122.8GiB""},{""name"":""lab-mysql"",""cpu"":""2.57%"",""mem"":""713.3MiB / 122.8GiB""},{""name"":""lab-woocommerce-mysql"",""cpu"":""0.83%"",""mem"":""485.5MiB / 122.8GiB""},{""name"":""lab-allegro-stub"",""cpu"":""0.00%"",""mem"":""30.19MiB / 122.8GiB""}]"
2026-09-09T08:09:47Z,3,549,7,145,34,2666469043,"[{""name"":""lab-worker-1"",""cpu"":""1.32%"",""mem"":""130.9MiB / 122.8GiB""},{""name"":""lab-api"",""cpu"":""0.00%"",""mem"":""176.2MiB / 122.8GiB""},{""name"":""lab-wc-tls"",""cpu"":""0.00%"",""mem"":""30.18MiB / 122.8GiB""},{""name"":""lab-prestashop"",""cpu"":""0.01%"",""mem"":""109MiB / 122.8GiB""},{""name"":""lab-woocommerce"",""cpu"":""0.01%"",""mem"":""204.1MiB / 122.8GiB""},{""name"":""lab-redis"",""cpu"":""0.48%"",""mem"":""75.75MiB / 122.8GiB""},{""name"":""lab-postgres"",""cpu"":""6.55%"",""mem"":""243.4MiB / 122.8GiB""},{""name"":""lab-mysql"",""cpu"":""1.00%"",""mem"":""713.3MiB / 122.8GiB""},{""name"":""lab-woocommerce-mysql"",""cpu"":""4.47%"",""mem"":""485.5MiB / 122.8GiB""},{""name"":""lab-allegro-stub"",""cpu"":""0.00%"",""mem"":""30.19MiB / 122.8GiB""}]"
2026-09-09T08:09:51Z,4,550,8,146,35,2666469043,"[{""name"":""lab-worker-1"",""cpu"":""1.00%"",""mem"":""130.6MiB / 122.8GiB""},{""name"":""lab-api"",""cpu"":""0.00%"",""mem"":""176.2MiB / 122.8GiB""},{""name"":""lab-wc-tls"",""cpu"":""0.00%"",""mem"":""30.18MiB / 122.8GiB""},{""name"":""lab-prestashop"",""cpu"":""0.01%"",""mem"":""109MiB / 122.8GiB""},{""name"":""lab-woocommerce"",""cpu"":""0.00%"",""mem"":""204.1MiB / 122.8GiB""},{""name"":""lab-redis"",""cpu"":""0.33%"",""mem"":""75.75MiB / 122.8GiB""},{""name"":""lab-postgres"",""cpu"":""15.55%"",""mem"":""243.4MiB / 122.8GiB""},{""name"":""lab-mysql"",""cpu"":""0.97%"",""mem"":""713.3MiB / 122.8GiB""},{""name"":""lab-woocommerce-mysql"",""cpu"":""0.97%"",""mem"":""485.5MiB / 122.8GiB""},{""name"":""lab-allegro-stub"",""cpu"":""0.00%"",""mem"":""30.19MiB / 122.8GiB""}]"
2026-09-09T08:09:54Z,4,547,7,147,36,2666469043,"[{""name"":""lab-worker-1"",""cpu"":""0.84%"",""mem"":""130.6MiB / 122.8GiB""},{""name"":""lab-api"",""cpu"":""0.00%"",""mem"":""176.2MiB / 122.8GiB""},{""name"":""lab-wc-tls"",""cpu"":""0.00%"",""mem"":""30.18MiB / 122.8GiB""},{""name"":""lab-prestashop"",""cpu"":""0.01%"",""mem"":""109MiB / 122.8GiB""},{""name"":""lab-woocommerce"",""cpu"":""0.00%"",""mem"":""204.1MiB / 122.8GiB""},{""name"":""lab-redis"",""cpu"":""0.39%"",""mem"":""75.75MiB / 122.8GiB""},{""name"":""lab-postgres"",""cpu"":""23.70%"",""mem"":""243.6MiB / 122.8GiB""},{""name"":""lab-mysql"",""cpu"":""0.74%"",""mem"":""713.3MiB / 122.8GiB""},{""name"":""lab-woocommerce-mysql"",""cpu"":""0.85%"",""mem"":""485.5MiB / 122.8GiB""},{""name"":""lab-allegro-stub"",""cpu"":""4.24%"",""mem"":""30.19MiB / 122.8GiB""}]"
2026-09-09T08:09:58Z,3,549,8,147,33,2666469043,"[{""name"":""lab-worker-1"",""cpu"":""3.68%"",""mem"":""130.6MiB / 122.8GiB""},{""name"":""lab-api"",""cpu"":""0.00%"",""mem"":""176.2MiB / 122.8GiB""},{""name"":""lab-wc-tls"",""cpu"":""0.00%"",""mem"":""30.18MiB / 122.8GiB""},{""name"":""lab-prestashop"",""cpu"":""0.00%"",""mem"":""109MiB / 122.8GiB""},{""name"":""lab-woocommerce"",""cpu"":""0.01%"",""mem"":""204.1MiB / 122.8GiB""},{""name"":""lab-redis"",""cpu"":""0.62%"",""mem"":""75.76MiB / 122.8GiB""},{""name"":""lab-postgres"",""cpu"":""16.91%"",""mem"":""243.4MiB / 122.8GiB""},{""name"":""lab-mysql"",""cpu"":""0.86%"",""mem"":""713.3MiB / 122.8GiB""},{""name"":""lab-woocommerce-mysql"",""cpu"":""0.90%"",""mem"":""485.5MiB / 122.8GiB""},{""name"":""lab-allegro-stub"",""cpu"":""0.00%"",""mem"":""30.19MiB / 122.8GiB""}]"
2026-09-09T08:10:02Z,4,551,7,149,31,2666469043,"[{""name"":""lab-worker-1"",""cpu"":""2.32%"",""mem"":""130.6MiB / 122.8GiB""},{""name"":""lab-api"",""cpu"":""0.00%"",""mem"":""176.2MiB / 122.8GiB""},{""name"":""lab-wc-tls"",""cpu"":""0.00%"",""mem"":""30.18MiB / 122.8GiB""},{""name"":""lab-prestashop"",""cpu"":""0.01%"",""mem"":""109MiB / 122.8GiB""},{""name"":""lab-woocommerce"",""cpu"":""0.01%"",""mem"":""204.1MiB / 122.8GiB""},{""name"":""lab-redis"",""cpu"":""0.53%"",""mem"":""75.75MiB / 122.8GiB""},{""name"":""lab-postgres"",""cpu"":""15.32%"",""mem"":""243.5MiB / 122.8GiB""},{""name"":""lab-mysql"",""cpu"":""0.89%"",""mem"":""713.3MiB / 122.8GiB""},{""name"":""lab-woocommerce-mysql"",""cpu"":""0.82%"",""mem"":""485.5MiB / 122.8GiB""},{""name"":""lab-allegro-stub"",""cpu"":""0.00%"",""mem"":""30.19MiB / 122.8GiB""}]"
2026-09-09T08:10:05Z,4,547,8,149,34,2666469043,"[{""name"":""lab-worker-1"",""cpu"":""3.91%"",""mem"":""130.7MiB / 122.8GiB""},{""name"":""lab-api"",""cpu"":""0.01%"",""mem"":""176.2MiB / 122.8GiB""},{""name"":""lab-wc-tls"",""cpu"":""0.00%"",""mem"":""30.18MiB / 122.8GiB""},{""name"":""lab-prestashop"",""cpu"":""0.01%"",""mem"":""109MiB / 122.8GiB""},{""name"":""lab-woocommerce"",""cpu"":""0.01%"",""mem"":""204.1MiB / 122.8GiB""},{""name"":""lab-redis"",""cpu"":""0.70%"",""mem"":""75.75MiB / 122.8GiB""},{""name"":""lab-postgres"",""cpu"":""16.72%"",""mem"":""243.5MiB / 122.8GiB""},{""name"":""lab-mysql"",""cpu"":""0.88%"",""mem"":""713.3MiB / 122.8GiB""},{""name"":""lab-woocommerce-mysql"",""cpu"":""0.87%"",""mem"":""485.5MiB / 122.8GiB""},{""name"":""lab-allegro-stub"",""cpu"":""0.01%"",""mem"":""30.19MiB / 122.8GiB""}]"
2026-09-09T08:10:09Z,3,543,8,149,38,2666469043,"[{""name"":""lab-worker-1"",""cpu"":""2.88%"",""mem"":""130.6MiB / 122.8GiB""},{""name"":""lab-api"",""cpu"":""0.00%"",""mem"":""176.2MiB / 122.8GiB""},{""name"":""lab-wc-tls"",""cpu"":""0.00%"",""mem"":""30.18MiB / 122.8GiB""},{""name"":""lab-prestashop"",""cpu"":""0.01%"",""mem"":""109MiB / 122.8GiB""},{""name"":""lab-woocommerce"",""cpu"":""0.01%"",""mem"":""204.1MiB / 122.8GiB""},{""name"":""lab-redis"",""cpu"":""0.64%"",""mem"":""75.75MiB / 122.8GiB""},{""name"":""lab-postgres"",""cpu"":""29.56%"",""mem"":""243.6MiB / 122.8GiB""},{""name"":""lab-mysql"",""cpu"":""0.84%"",""mem"":""713.3MiB / 122.8GiB""},{""name"":""lab-woocommerce-mysql"",""cpu"":""0.89%"",""mem"":""485.5MiB / 122.8GiB""},{""name"":""lab-allegro-stub"",""cpu"":""4.14%"",""mem"":""30.21MiB / 122.8GiB""}]"
2026-09-09T08:10:13Z,4,543,8,150,36,2666469043,"[{""name"":""lab-worker-1"",""cpu"":""3.31%"",""mem"":""130.6MiB / 122.8GiB""},{""name"":""lab-api"",""cpu"":""0.00%"",""mem"":""176.2MiB / 122.8GiB""},{""name"":""lab-wc-tls"",""cpu"":""0.00%"",""mem"":""30.18MiB / 122.8GiB""},{""name"":""lab-prestashop"",""cpu"":""0.00%"",""mem"":""109MiB / 122.8GiB""},{""name"":""lab-woocommerce"",""cpu"":""0.00%"",""mem"":""204.1MiB / 122.8GiB""},{""name"":""lab-redis"",""cpu"":""4.82%"",""mem"":""76.25MiB / 122.8GiB""},{""name"":""lab-postgres"",""cpu"":""12.00%"",""mem"":""250.8MiB / 122.8GiB""},{""name"":""lab-mysql"",""cpu"":""5.45%"",""mem"":""713.3MiB / 122.8GiB""},{""name"":""lab-woocommerce-mysql"",""cpu"":""0.87%"",""mem"":""485.5MiB / 122.8GiB""},{""name"":""lab-allegro-stub"",""cpu"":""0.00%"",""mem"":""30.19MiB / 122.8GiB""}]"
2026-09-09T08:10:17Z,4,541,8,150,38,2666469043,"[{""name"":""lab-worker-1"",""cpu"":""2.22%"",""mem"":""130.6MiB / 122.8GiB""},{""name"":""lab-api"",""cpu"":""0.00%"",""mem"":""176.2MiB / 122.8GiB""},{""name"":""lab-wc-tls"",""cpu"":""0.00%"",""mem"":""30.18MiB / 122.8GiB""},{""name"":""lab-prestashop"",""cpu"":""0.01%"",""mem"":""109MiB / 122.8GiB""},{""name"":""lab-woocommerce"",""cpu"":""0.01%"",""mem"":""204.1MiB / 122.8GiB""},{""name"":""lab-redis"",""cpu"":""0.65%"",""mem"":""76MiB / 122.8GiB""},{""name"":""lab-postgres"",""cpu"":""12.85%"",""mem"":""243.5MiB / 122.8GiB""},{""name"":""lab-mysql"",""cpu"":""0.91%"",""mem"":""713.3MiB / 122.8GiB""},{""name"":""lab-woocommerce-mysql"",""cpu"":""5.64%"",""mem"":""485.5MiB / 122.8GiB""},{""name"":""lab-allegro-stub"",""cpu"":""0.00%"",""mem"":""30.19MiB / 122.8GiB""}]"
2026-09-09T08:10:20Z,4,541,8,151,36,2666469043,"[{""name"":""lab-worker-1"",""cpu"":""1.76%"",""mem"":""130.6MiB / 122.8GiB""},{""name"":""lab-api"",""cpu"":""0.00%"",""mem"":""176.2MiB / 122.8GiB""},{""name"":""lab-wc-tls"",""cpu"":""0.00%"",""mem"":""30.18MiB / 122.8GiB""},{""name"":""lab-prestashop"",""cpu"":""0.01%"",""mem"":""109MiB / 122.8GiB""},{""name"":""lab-woocommerce"",""cpu"":""0.01%"",""mem"":""204.1MiB / 122.8GiB""},{""name"":""lab-redis"",""cpu"":""0.44%"",""mem"":""76MiB / 122.8GiB""},{""name"":""lab-postgres"",""cpu"":""26.95%"",""mem"":""244MiB / 122.8GiB""},{""name"":""lab-mysql"",""cpu"":""0.96%"",""mem"":""713.3MiB / 122.8GiB""},{""name"":""lab-woocommerce-mysql"",""cpu"":""0.79%"",""mem"":""485.5MiB / 122.8GiB""},{""name"":""lab-allegro-stub"",""cpu"":""0.01%"",""mem"":""30.19MiB / 122.8GiB""}]"
2026-09-09T08:10:24Z,3,543,8,151,35,2666469043,"[{""name"":""lab-worker-1"",""cpu"":""4.96%"",""mem"":""131.4MiB / 122.8GiB""},{""name"":""lab-api"",""cpu"":""0.00%"",""mem"":""176.2MiB / 122.8GiB""},{""name"":""lab-wc-tls"",""cpu"":""0.00%"",""mem"":""30.18MiB / 122.8GiB""},{""name"":""lab-prestashop"",""cpu"":""0.01%"",""mem"":""109MiB / 122.8GiB""},{""name"":""lab-woocommerce"",""cpu"":""0.00%"",""mem"":""204.1MiB / 122.8GiB""},{""name"":""lab-redis"",""cpu"":""0.74%"",""mem"":""75.75MiB / 122.8GiB""},{""name"":""lab-postgres"",""cpu"":""14.42%"",""mem"":""248.5MiB / 122.8GiB""},{""name"":""lab-mysql"",""cpu"":""1.03%"",""mem"":""713.3MiB / 122.8GiB""},{""name"":""lab-woocommerce-mysql"",""cpu"":""0.87%"",""mem"":""485.5MiB / 122.8GiB""},{""name"":""lab-allegro-stub"",""cpu"":""4.24%"",""mem"":""30.2MiB / 122.8GiB""}]"
2026-09-09T08:10:28Z,4,543,8,151,35,2666469043,"[{""name"":""lab-worker-1"",""cpu"":""2.01%"",""mem"":""130.6MiB / 122.8GiB""},{""name"":""lab-api"",""cpu"":""0.00%"",""mem"":""176.2MiB / 122.8GiB""},{""name"":""lab-wc-tls"",""cpu"":""0.00%"",""mem"":""30.18MiB / 122.8GiB""},{""name"":""lab-prestashop"",""cpu"":""0.00%"",""mem"":""109MiB / 122.8GiB""},{""name"":""lab-woocommerce"",""cpu"":""0.01%"",""mem"":""204.1MiB / 122.8GiB""},{""name"":""lab-redis"",""cpu"":""0.36%"",""mem"":""75.75MiB / 122.8GiB""},{""name"":""lab-postgres"",""cpu"":""16.12%"",""mem"":""243.4MiB / 122.8GiB""},{""name"":""lab-mysql"",""cpu"":""0.88%"",""mem"":""713.3MiB / 122.8GiB""},{""name"":""lab-woocommerce-mysql"",""cpu"":""1.10%"",""mem"":""485.5MiB / 122.8GiB""},{""name"":""lab-allegro-stub"",""cpu"":""0.00%"",""mem"":""30.19MiB / 122.8GiB""}]"
2026-09-09T08:10:31Z,4,541,7,151,38,2666469043,"[{""name"":""lab-worker-1"",""cpu"":""3.78%"",""mem"":""131.1MiB / 122.8GiB""},{""name"":""lab-api"",""cpu"":""0.00%"",""mem"":""176.2MiB / 122.8GiB""},{""name"":""lab-wc-tls"",""cpu"":""0.00%"",""mem"":""30.18MiB / 122.8GiB""},{""name"":""lab-prestashop"",""cpu"":""0.01%"",""mem"":""109MiB / 122.8GiB""},{""name"":""lab-woocommerce"",""cpu"":""0.01%"",""mem"":""204.1MiB / 122.8GiB""},{""name"":""lab-redis"",""cpu"":""0.71%"",""mem"":""75.75MiB / 122.8GiB""},{""name"":""lab-postgres"",""cpu"":""21.84%"",""mem"":""243.4MiB / 122.8GiB""},{""name"":""lab-mysql"",""cpu"":""0.89%"",""mem"":""713.3MiB / 122.8GiB""},{""name"":""lab-woocommerce-mysql"",""cpu"":""0.89%"",""mem"":""485.5MiB / 122.8GiB""},{""name"":""lab-allegro-stub"",""cpu"":""0.00%"",""mem"":""30.2MiB / 122.8GiB""}]"
2026-09-09T08:10:35Z,3,539,8,151,39,2666469043,"[{""name"":""lab-worker-1"",""cpu"":""2.70%"",""mem"":""131.3MiB / 122.8GiB""},{""name"":""lab-api"",""cpu"":""0.00%"",""mem"":""176.2MiB / 122.8GiB""},{""name"":""lab-wc-tls"",""cpu"":""0.00%"",""mem"":""30.18MiB / 122.8GiB""},{""name"":""lab-prestashop"",""cpu"":""0.01%"",""mem"":""109MiB / 122.8GiB""},{""name"":""lab-woocommerce"",""cpu"":""0.01%"",""mem"":""204.1MiB / 122.8GiB""},{""name"":""lab-redis"",""cpu"":""0.54%"",""mem"":""75.75MiB / 122.8GiB""},{""name"":""lab-postgres"",""cpu"":""18.84%"",""mem"":""245.3MiB / 122.8GiB""},{""name"":""lab-mysql"",""cpu"":""0.88%"",""mem"":""713.3MiB / 122.8GiB""},{""name"":""lab-woocommerce-mysql"",""cpu"":""0.85%"",""mem"":""485.5MiB / 122.8GiB""},{""name"":""lab-allegro-stub"",""cpu"":""0.02%"",""mem"":""30.19MiB / 122.8GiB""}]"
2026-09-09T08:10:39Z,4,544,8,152,34,2666477235,"[{""name"":""lab-worker-1"",""cpu"":""2.88%"",""mem"":""131.4MiB / 122.8GiB""},{""name"":""lab-api"",""cpu"":""0.00%"",""mem"":""176.2MiB / 122.8GiB""},{""name"":""lab-wc-tls"",""cpu"":""0.00%"",""mem"":""30.18MiB / 122.8GiB""},{""name"":""lab-prestashop"",""cpu"":""0.01%"",""mem"":""109MiB / 122.8GiB""},{""name"":""lab-woocommerce"",""cpu"":""0.01%"",""mem"":""204.1MiB / 122.8GiB""},{""name"":""lab-redis"",""cpu"":""0.47%"",""mem"":""75.75MiB / 122.8GiB""},{""name"":""lab-postgres"",""cpu"":""20.53%"",""mem"":""243.4MiB / 122.8GiB""},{""name"":""lab-mysql"",""cpu"":""0.82%"",""mem"":""713.3MiB / 122.8GiB""},{""name"":""lab-woocommerce-mysql"",""cpu"":""0.84%"",""mem"":""485.5MiB / 122.8GiB""},{""name"":""lab-allegro-stub"",""cpu"":""0.00%"",""mem"":""30.19MiB / 122.8GiB""}]"
2026-09-09T08:10:43Z,4,540,8,154,36,2666477235,"[{""name"":""lab-worker-1"",""cpu"":""2.11%"",""mem"":""131.3MiB / 122.8GiB""},{""name"":""lab-api"",""cpu"":""0.00%"",""mem"":""176.2MiB / 122.8GiB""},{""name"":""lab-wc-tls"",""cpu"":""0.00%"",""mem"":""30.18MiB / 122.8GiB""},{""name"":""lab-prestashop"",""cpu"":""0.01%"",""mem"":""109MiB / 122.8GiB""},{""name"":""lab-woocommerce"",""cpu"":""0.01%"",""mem"":""204.1MiB / 122.8GiB""},{""name"":""lab-redis"",""cpu"":""4.82%"",""mem"":""75.77MiB / 122.8GiB""},{""name"":""lab-postgres"",""cpu"":""20.45%"",""mem"":""248.6MiB / 122.8GiB""},{""name"":""lab-mysql"",""cpu"":""0.95%"",""mem"":""713.3MiB / 122.8GiB""},{""name"":""lab-woocommerce-mysql"",""cpu"":""0.93%"",""mem"":""485.5MiB / 122.8GiB""},{""name"":""lab-allegro-stub"",""cpu"":""0.00%"",""mem"":""30.19MiB / 122.8GiB""}]"
2026-09-09T08:10:46Z,4,541,8,154,33,2666477235,"[{""name"":""lab-worker-1"",""cpu"":""2.41%"",""mem"":""131.2MiB / 122.8GiB""},{""name"":""lab-api"",""cpu"":""0.00%"",""mem"":""176.2MiB / 122.8GiB""},{""name"":""lab-wc-tls"",""cpu"":""0.00%"",""mem"":""30.18MiB / 122.8GiB""},{""name"":""lab-prestashop"",""cpu"":""0.01%"",""mem"":""109MiB / 122.8GiB""},{""name"":""lab-woocommerce"",""cpu"":""0.01%"",""mem"":""204.1MiB / 122.8GiB""},{""name"":""lab-redis"",""cpu"":""0.51%"",""mem"":""75.75MiB / 122.8GiB""},{""name"":""lab-postgres"",""cpu"":""20.58%"",""mem"":""245.8MiB / 122.8GiB""},{""name"":""lab-mysql"",""cpu"":""0.82%"",""mem"":""713.3MiB / 122.8GiB""},{""name"":""lab-woocommerce-mysql"",""cpu"":""0.84%"",""mem"":""485.5MiB / 122.8GiB""},{""name"":""lab-allegro-stub"",""cpu"":""0.00%"",""mem"":""30.2MiB / 122.8GiB""}]"
2026-09-09T08:10:50Z,3,541,5,156,35,2666477235,"[{""name"":""lab-worker-1"",""cpu"":""5.28%"",""mem"":""131.1MiB / 122.8GiB""},{""name"":""lab-api"",""cpu"":""0.00%"",""mem"":""176.2MiB / 122.8GiB""},{""name"":""lab-wc-tls"",""cpu"":""0.00%"",""mem"":""30.18MiB / 122.8GiB""},{""name"":""lab-prestashop"",""cpu"":""0.01%"",""mem"":""109MiB / 122.8GiB""},{""name"":""lab-woocommerce"",""cpu"":""0.00%"",""mem"":""204.1MiB / 122.8GiB""},{""name"":""lab-redis"",""cpu"":""0.61%"",""mem"":""76MiB / 122.8GiB""},{""name"":""lab-postgres"",""cpu"":""19.54%"",""mem"":""246.1MiB / 122.8GiB""},{""name"":""lab-mysql"",""cpu"":""0.87%"",""mem"":""713.3MiB / 122.8GiB""},{""name"":""lab-woocommerce-mysql"",""cpu"":""0.86%"",""mem"":""485.5MiB / 122.8GiB""},{""name"":""lab-allegro-stub"",""cpu"":""4.11%"",""mem"":""30.19MiB / 122.8GiB""}]"
2026-09-09T08:10:54Z,4,537,8,156,35,2666477235,"[{""name"":""lab-worker-1"",""cpu"":""1.36%"",""mem"":""131.1MiB / 122.8GiB""},{""name"":""lab-api"",""cpu"":""0.00%"",""mem"":""176.2MiB / 122.8GiB""},{""name"":""lab-wc-tls"",""cpu"":""0.00%"",""mem"":""30.18MiB / 122.8GiB""},{""name"":""lab-prestashop"",""cpu"":""0.01%"",""mem"":""109MiB / 122.8GiB""},{""name"":""lab-woocommerce"",""cpu"":""0.01%"",""mem"":""204.1MiB / 122.8GiB""},{""name"":""lab-redis"",""cpu"":""0.41%"",""mem"":""75.75MiB / 122.8GiB""},{""name"":""lab-postgres"",""cpu"":""18.94%"",""mem"":""245.7MiB / 122.8GiB""},{""name"":""lab-mysql"",""cpu"":""5.18%"",""mem"":""713.3MiB / 122.8GiB""},{""name"":""lab-woocommerce-mysql"",""cpu"":""0.74%"",""mem"":""485.5MiB / 122.8GiB""},{""name"":""lab-allegro-stub"",""cpu"":""0.00%"",""mem"":""30.19MiB / 122.8GiB""}]"
2026-09-09T08:10:57Z,4,538,8,156,36,2666477235,"[{""name"":""lab-worker-1"",""cpu"":""4.24%"",""mem"":""131.6MiB / 122.8GiB""},{""name"":""lab-api"",""cpu"":""0.00%"",""mem"":""176.2MiB / 122.8GiB""},{""name"":""lab-wc-tls"",""cpu"":""0.00%"",""mem"":""30.18MiB / 122.8GiB""},{""name"":""lab-prestashop"",""cpu"":""0.00%"",""mem"":""109MiB / 122.8GiB""},{""name"":""lab-woocommerce"",""cpu"":""0.01%"",""mem"":""204.1MiB / 122.8GiB""},{""name"":""lab-redis"",""cpu"":""0.73%"",""mem"":""75.75MiB / 122.8GiB""},{""name"":""lab-postgres"",""cpu"":""20.53%"",""mem"":""246MiB / 122.8GiB""},{""name"":""lab-mysql"",""cpu"":""0.87%"",""mem"":""713.3MiB / 122.8GiB""},{""name"":""lab-woocommerce-mysql"",""cpu"":""4.94%"",""mem"":""485.6MiB / 122.8GiB""},{""name"":""lab-allegro-stub"",""cpu"":""0.00%"",""mem"":""30.19MiB / 122.8GiB""}]"
2026-09-09T08:11:01Z,3,537,7,157,36,2666477235,"[{""name"":""lab-worker-1"",""cpu"":""0.85%"",""mem"":""131.3MiB / 122.8GiB""},{""name"":""lab-api"",""cpu"":""0.00%"",""mem"":""176.2MiB / 122.8GiB""},{""name"":""lab-wc-tls"",""cpu"":""0.00%"",""mem"":""30.18MiB / 122.8GiB""},{""name"":""lab-prestashop"",""cpu"":""0.01%"",""mem"":""109MiB / 122.8GiB""},{""name"":""lab-woocommerce"",""cpu"":""0.01%"",""mem"":""204.1MiB / 122.8GiB""},{""name"":""lab-redis"",""cpu"":""0.36%"",""mem"":""76MiB / 122.8GiB""},{""name"":""lab-postgres"",""cpu"":""19.55%"",""mem"":""245.9MiB / 122.8GiB""},{""name"":""lab-mysql"",""cpu"":""0.91%"",""mem"":""713.3MiB / 122.8GiB""},{""name"":""lab-woocommerce-mysql"",""cpu"":""0.87%"",""mem"":""485.5MiB / 122.8GiB""},{""name"":""lab-allegro-stub"",""cpu"":""0.00%"",""mem"":""30.19MiB / 122.8GiB""}]"
2026-09-09T08:11:05Z,4,539,8,157,34,2666477235,"[{""name"":""lab-worker-1"",""cpu"":""4.79%"",""mem"":""131.1MiB / 122.8GiB""},{""name"":""lab-api"",""cpu"":""0.00%"",""mem"":""176.2MiB / 122.8GiB""},{""name"":""lab-wc-tls"",""cpu"":""0.00%"",""mem"":""30.18MiB / 122.8GiB""},{""name"":""lab-prestashop"",""cpu"":""5.34%"",""mem"":""109.1MiB / 122.8GiB""},{""name"":""lab-woocommerce"",""cpu"":""0.01%"",""mem"":""204.1MiB / 122.8GiB""},{""name"":""lab-redis"",""cpu"":""0.80%"",""mem"":""75.75MiB / 122.8GiB""},{""name"":""lab-postgres"",""cpu"":""20.65%"",""mem"":""246MiB / 122.8GiB""},{""name"":""lab-mysql"",""cpu"":""1.51%"",""mem"":""713.3MiB / 122.8GiB""},{""name"":""lab-woocommerce-mysql"",""cpu"":""0.85%"",""mem"":""485.5MiB / 122.8GiB""},{""name"":""lab-allegro-stub"",""cpu"":""3.93%"",""mem"":""30.23MiB / 122.8GiB""}]"
2026-09-09T08:11:08Z,4,536,7,157,37,2666477235,"[{""name"":""lab-worker-1"",""cpu"":""4.21%"",""mem"":""132.1MiB / 122.8GiB""},{""name"":""lab-api"",""cpu"":""0.00%"",""mem"":""176.2MiB / 122.8GiB""},{""name"":""lab-wc-tls"",""cpu"":""0.00%"",""mem"":""30.18MiB / 122.8GiB""},{""name"":""lab-prestashop"",""cpu"":""0.00%"",""mem"":""109MiB / 122.8GiB""},{""name"":""lab-woocommerce"",""cpu"":""0.01%"",""mem"":""204.1MiB / 122.8GiB""},{""name"":""lab-redis"",""cpu"":""0.79%"",""mem"":""75.75MiB / 122.8GiB""},{""name"":""lab-postgres"",""cpu"":""19.91%"",""mem"":""245.8MiB / 122.8GiB""},{""name"":""lab-mysql"",""cpu"":""0.79%"",""mem"":""713.3MiB / 122.8GiB""},{""name"":""lab-woocommerce-mysql"",""cpu"":""0.89%"",""mem"":""485.5MiB / 122.8GiB""},{""name"":""lab-allegro-stub"",""cpu"":""0.00%"",""mem"":""30.2MiB / 122.8GiB""}]"
2026-09-09T08:11:12Z,3,536,8,158,35,2666477235,"[{""name"":""lab-worker-1"",""cpu"":""4.38%"",""mem"":""131.6MiB / 122.8GiB""},{""name"":""lab-api"",""cpu"":""0.00%"",""mem"":""176.2MiB / 122.8GiB""},{""name"":""lab-wc-tls"",""cpu"":""0.00%"",""mem"":""30.18MiB / 122.8GiB""},{""name"":""lab-prestashop"",""cpu"":""0.01%"",""mem"":""109MiB / 122.8GiB""},{""name"":""lab-woocommerce"",""cpu"":""0.00%"",""mem"":""204.1MiB / 122.8GiB""},{""name"":""lab-redis"",""cpu"":""0.61%"",""mem"":""75.75MiB / 122.8GiB""},{""name"":""lab-postgres"",""cpu"":""33.69%"",""mem"":""246.2MiB / 122.8GiB""},{""name"":""lab-mysql"",""cpu"":""0.83%"",""mem"":""713.3MiB / 122.8GiB""},{""name"":""lab-woocommerce-mysql"",""cpu"":""0.87%"",""mem"":""485.5MiB / 122.8GiB""},{""name"":""lab-allegro-stub"",""cpu"":""0.00%"",""mem"":""30.19MiB / 122.8GiB""}]"
2026-09-09T08:11:16Z,4,534,7,159,37,2666477235,"[{""name"":""lab-worker-1"",""cpu"":""2.46%"",""mem"":""131.5MiB / 122.8GiB""},{""name"":""lab-api"",""cpu"":""0.00%"",""mem"":""176.2MiB / 122.8GiB""},{""name"":""lab-wc-tls"",""cpu"":""0.00%"",""mem"":""30.18MiB / 122.8GiB""},{""name"":""lab-prestashop"",""cpu"":""0.00%"",""mem"":""109MiB / 122.8GiB""},{""name"":""lab-woocommerce"",""cpu"":""0.01%"",""mem"":""204.1MiB / 122.8GiB""},{""name"":""lab-redis"",""cpu"":""0.56%"",""mem"":""76MiB / 122.8GiB""},{""name"":""lab-postgres"",""cpu"":""7.65%"",""mem"":""245.9MiB / 122.8GiB""},{""name"":""lab-mysql"",""cpu"":""1.01%"",""mem"":""713.3MiB / 122.8GiB""},{""name"":""lab-woocommerce-mysql"",""cpu"":""0.91%"",""mem"":""485.5MiB / 122.8GiB""},{""name"":""lab-allegro-stub"",""cpu"":""0.00%"",""mem"":""30.19MiB / 122.8GiB""}]"
2026-09-09T08:11:19Z,4,531,7,159,38,2666477235,"[{""name"":""lab-worker-1"",""cpu"":""1.67%"",""mem"":""131MiB / 122.8GiB""},{""name"":""lab-api"",""cpu"":""0.00%"",""mem"":""176.2MiB / 122.8GiB""},{""name"":""lab-wc-tls"",""cpu"":""0.00%"",""mem"":""30.18MiB / 122.8GiB""},{""name"":""lab-prestashop"",""cpu"":""0.01%"",""mem"":""109MiB / 122.8GiB""},{""name"":""lab-woocommerce"",""cpu"":""0.01%"",""mem"":""204.1MiB / 122.8GiB""},{""name"":""lab-redis"",""cpu"":""0.46%"",""mem"":""76MiB / 122.8GiB""},{""name"":""lab-postgres"",""cpu"":""7.54%"",""mem"":""245.8MiB / 122.8GiB""},{""name"":""lab-mysql"",""cpu"":""0.91%"",""mem"":""713.3MiB / 122.8GiB""},{""name"":""lab-woocommerce-mysql"",""cpu"":""0.81%"",""mem"":""485.5MiB / 122.8GiB""},{""name"":""lab-allegro-stub"",""cpu"":""0.00%"",""mem"":""30.19MiB / 122.8GiB""}]"
2026-09-09T08:11:23Z,3,528,8,159,42,2666477235,"[{""name"":""lab-worker-1"",""cpu"":""3.97%"",""mem"":""131.3MiB / 122.8GiB""},{""name"":""lab-api"",""cpu"":""0.00%"",""mem"":""176.2MiB / 122.8GiB""},{""name"":""lab-wc-tls"",""cpu"":""0.00%"",""mem"":""30.18MiB / 122.8GiB""},{""name"":""lab-prestashop"",""cpu"":""0.00%"",""mem"":""109MiB / 122.8GiB""},{""name"":""lab-woocommerce"",""cpu"":""0.00%"",""mem"":""204.1MiB / 122.8GiB""},{""name"":""lab-redis"",""cpu"":""4.75%"",""mem"":""76.04MiB / 122.8GiB""},{""name"":""lab-postgres"",""cpu"":""30.80%"",""mem"":""254.9MiB / 122.8GiB""},{""name"":""lab-mysql"",""cpu"":""5.58%"",""mem"":""713.3MiB / 122.8GiB""},{""name"":""lab-woocommerce-mysql"",""cpu"":""0.84%"",""mem"":""485.5MiB / 122.8GiB""},{""name"":""lab-allegro-stub"",""cpu"":""0.00%"",""mem"":""30.19MiB / 122.8GiB""}]"
2026-09-09T08:11:27Z,4,529,8,160,41,2666477235,"[{""name"":""lab-worker-1"",""cpu"":""1.15%"",""mem"":""131.5MiB / 122.8GiB""},{""name"":""lab-api"",""cpu"":""0.00%"",""mem"":""176.2MiB / 122.8GiB""},{""name"":""lab-wc-tls"",""cpu"":""0.00%"",""mem"":""30.18MiB / 122.8GiB""},{""name"":""lab-prestashop"",""cpu"":""0.00%"",""mem"":""109MiB / 122.8GiB""},{""name"":""lab-woocommerce"",""cpu"":""0.01%"",""mem"":""204.1MiB / 122.8GiB""},{""name"":""lab-redis"",""cpu"":""0.44%"",""mem"":""75.75MiB / 122.8GiB""},{""name"":""lab-postgres"",""cpu"":""24.83%"",""mem"":""246.2MiB / 122.8GiB""},{""name"":""lab-mysql"",""cpu"":""0.89%"",""mem"":""713.3MiB / 122.8GiB""},{""name"":""lab-woocommerce-mysql"",""cpu"":""0.81%"",""mem"":""485.5MiB / 122.8GiB""},{""name"":""lab-allegro-stub"",""cpu"":""0.00%"",""mem"":""30.19MiB / 122.8GiB""}]"
2026-09-09T08:11:30Z,4,529,7,160,42,2666477235,"[{""name"":""lab-worker-1"",""cpu"":""2.72%"",""mem"":""131.3MiB / 122.8GiB""},{""name"":""lab-api"",""cpu"":""0.00%"",""mem"":""176.2MiB / 122.8GiB""},{""name"":""lab-wc-tls"",""cpu"":""0.00%"",""mem"":""30.18MiB / 122.8GiB""},{""name"":""lab-prestashop"",""cpu"":""0.01%"",""mem"":""109MiB / 122.8GiB""},{""name"":""lab-woocommerce"",""cpu"":""0.00%"",""mem"":""204.1MiB / 122.8GiB""},{""name"":""lab-redis"",""cpu"":""0.63%"",""mem"":""76MiB / 122.8GiB""},{""name"":""lab-postgres"",""cpu"":""21.23%"",""mem"":""246.5MiB / 122.8GiB""},{""name"":""lab-mysql"",""cpu"":""0.88%"",""mem"":""713.3MiB / 122.8GiB""},{""name"":""lab-woocommerce-mysql"",""cpu"":""0.84%"",""mem"":""485.5MiB / 122.8GiB""},{""name"":""lab-allegro-stub"",""cpu"":""0.00%"",""mem"":""30.19MiB / 122.8GiB""}]"
2026-09-09T08:11:34Z,3,529,8,160,40,2666477235,"[{""name"":""lab-worker-1"",""cpu"":""1.41%"",""mem"":""131.3MiB / 122.8GiB""},{""name"":""lab-api"",""cpu"":""0.00%"",""mem"":""176.2MiB / 122.8GiB""},{""name"":""lab-wc-tls"",""cpu"":""0.00%"",""mem"":""30.18MiB / 122.8GiB""},{""name"":""lab-prestashop"",""cpu"":""5.14%"",""mem"":""109.1MiB / 122.8GiB""},{""name"":""lab-woocommerce"",""cpu"":""0.01%"",""mem"":""204.1MiB / 122.8GiB""},{""name"":""lab-redis"",""cpu"":""0.46%"",""mem"":""75.75MiB / 122.8GiB""},{""name"":""lab-postgres"",""cpu"":""14.01%"",""mem"":""245.8MiB / 122.8GiB""},{""name"":""lab-mysql"",""cpu"":""1.30%"",""mem"":""713.3MiB / 122.8GiB""},{""name"":""lab-woocommerce-mysql"",""cpu"":""0.86%"",""mem"":""485.5MiB / 122.8GiB""},{""name"":""lab-allegro-stub"",""cpu"":""0.00%"",""mem"":""30.19MiB / 122.8GiB""}]"
2026-09-09T08:11:38Z,4,530,8,160,39,2666477235,"[{""name"":""lab-worker-1"",""cpu"":""4.35%"",""mem"":""131MiB / 122.8GiB""},{""name"":""lab-api"",""cpu"":""0.00%"",""mem"":""176.2MiB / 122.8GiB""},{""name"":""lab-wc-tls"",""cpu"":""0.00%"",""mem"":""30.18MiB / 122.8GiB""},{""name"":""lab-prestashop"",""cpu"":""0.00%"",""mem"":""109MiB / 122.8GiB""},{""name"":""lab-woocommerce"",""cpu"":""1.56%"",""mem"":""204.1MiB / 122.8GiB""},{""name"":""lab-redis"",""cpu"":""0.75%"",""mem"":""75.75MiB / 122.8GiB""},{""name"":""lab-postgres"",""cpu"":""32.01%"",""mem"":""246.1MiB / 122.8GiB""},{""name"":""lab-mysql"",""cpu"":""0.81%"",""mem"":""713.3MiB / 122.8GiB""},{""name"":""lab-woocommerce-mysql"",""cpu"":""5.49%"",""mem"":""485.5MiB / 122.8GiB""},{""name"":""lab-allegro-stub"",""cpu"":""0.00%"",""mem"":""30.19MiB / 122.8GiB""}]"
2026-09-09T08:11:42Z,4,529,8,160,39,2666477235,"[{""name"":""lab-worker-1"",""cpu"":""4.55%"",""mem"":""131.3MiB / 122.8GiB""},{""name"":""lab-api"",""cpu"":""0.00%"",""mem"":""176.2MiB / 122.8GiB""},{""name"":""lab-wc-tls"",""cpu"":""0.00%"",""mem"":""30.18MiB / 122.8GiB""},{""name"":""lab-prestashop"",""cpu"":""0.01%"",""mem"":""109MiB / 122.8GiB""},{""name"":""lab-woocommerce"",""cpu"":""0.00%"",""mem"":""204.1MiB / 122.8GiB""},{""name"":""lab-redis"",""cpu"":""0.58%"",""mem"":""76MiB / 122.8GiB""},{""name"":""lab-postgres"",""cpu"":""21.70%"",""mem"":""243.3MiB / 122.8GiB""},{""name"":""lab-mysql"",""cpu"":""0.91%"",""mem"":""713.3MiB / 122.8GiB""},{""name"":""lab-woocommerce-mysql"",""cpu"":""0.95%"",""mem"":""485.5MiB / 122.8GiB""},{""name"":""lab-allegro-stub"",""cpu"":""0.00%"",""mem"":""30.19MiB / 122.8GiB""}]"
2026-09-09T08:11:45Z,4,532,8,160,38,2666477235,"[{""name"":""lab-worker-1"",""cpu"":""2.61%"",""mem"":""131MiB / 122.8GiB""},{""name"":""lab-api"",""cpu"":""0.00%"",""mem"":""176.2MiB / 122.8GiB""},{""name"":""lab-wc-tls"",""cpu"":""0.00%"",""mem"":""30.18MiB / 122.8GiB""},{""name"":""lab-prestashop"",""cpu"":""0.01%"",""mem"":""109MiB / 122.8GiB""},{""name"":""lab-woocommerce"",""cpu"":""0.00%"",""mem"":""204.1MiB / 122.8GiB""},{""name"":""lab-redis"",""cpu"":""0.60%"",""mem"":""75.75MiB / 122.8GiB""},{""name"":""lab-postgres"",""cpu"":""11.62%"",""mem"":""249.3MiB / 122.8GiB""},{""name"":""lab-mysql"",""cpu"":""0.91%"",""mem"":""713.3MiB / 122.8GiB""},{""name"":""lab-woocommerce-mysql"",""cpu"":""0.82%"",""mem"":""485.5MiB / 122.8GiB""},{""name"":""lab-allegro-stub"",""cpu"":""4.03%"",""mem"":""30.19MiB / 122.8GiB""}]"
2026-09-09T08:11:49Z,3,528,7,160,42,2666477235,"[{""name"":""lab-worker-1"",""cpu"":""2.71%"",""mem"":""131MiB / 122.8GiB""},{""name"":""lab-api"",""cpu"":""0.00%"",""mem"":""176.2MiB / 122.8GiB""},{""name"":""lab-wc-tls"",""cpu"":""0.00%"",""mem"":""30.18MiB / 122.8GiB""},{""name"":""lab-prestashop"",""cpu"":""0.01%"",""mem"":""109MiB / 122.8GiB""},{""name"":""lab-woocommerce"",""cpu"":""0.00%"",""mem"":""204.1MiB / 122.8GiB""},{""name"":""lab-redis"",""cpu"":""0.51%"",""mem"":""75.75MiB / 122.8GiB""},{""name"":""lab-postgres"",""cpu"":""20.03%"",""mem"":""243.5MiB / 122.8GiB""},{""name"":""lab-mysql"",""cpu"":""0.81%"",""mem"":""713.3MiB / 122.8GiB""},{""name"":""lab-woocommerce-mysql"",""cpu"":""0.81%"",""mem"":""485.5MiB / 122.8GiB""},{""name"":""lab-allegro-stub"",""cpu"":""0.00%"",""mem"":""30.19MiB / 122.8GiB""}]"
2026-09-09T08:11:53Z,4,530,8,162,37,2666477235,"[{""name"":""lab-worker-1"",""cpu"":""3.60%"",""mem"":""131.3MiB / 122.8GiB""},{""name"":""lab-api"",""cpu"":""0.00%"",""mem"":""176.2MiB / 122.8GiB""},{""name"":""lab-wc-tls"",""cpu"":""0.00%"",""mem"":""30.18MiB / 122.8GiB""},{""name"":""lab-prestashop"",""cpu"":""0.01%"",""mem"":""109MiB / 122.8GiB""},{""name"":""lab-woocommerce"",""cpu"":""0.01%"",""mem"":""204.1MiB / 122.8GiB""},{""name"":""lab-redis"",""cpu"":""0.62%"",""mem"":""75.76MiB / 122.8GiB""},{""name"":""lab-postgres"",""cpu"":""19.38%"",""mem"":""243.4MiB / 122.8GiB""},{""name"":""lab-mysql"",""cpu"":""0.88%"",""mem"":""713.3MiB / 122.8GiB""},{""name"":""lab-woocommerce-mysql"",""cpu"":""0.89%"",""mem"":""485.5MiB / 122.8GiB""},{""name"":""lab-allegro-stub"",""cpu"":""0.00%"",""mem"":""30.19MiB / 122.8GiB""}]"
2026-09-09T08:11:56Z,4,529,8,164,38,2666477235,"[{""name"":""lab-worker-1"",""cpu"":""2.36%"",""mem"":""131.4MiB / 122.8GiB""},{""name"":""lab-api"",""cpu"":""0.00%"",""mem"":""176.2MiB / 122.8GiB""},{""name"":""lab-wc-tls"",""cpu"":""0.00%"",""mem"":""30.18MiB / 122.8GiB""},{""name"":""lab-prestashop"",""cpu"":""0.01%"",""mem"":""109MiB / 122.8GiB""},{""name"":""lab-woocommerce"",""cpu"":""0.01%"",""mem"":""204.1MiB / 122.8GiB""},{""name"":""lab-redis"",""cpu"":""0.73%"",""mem"":""75.76MiB / 122.8GiB""},{""name"":""lab-postgres"",""cpu"":""21.14%"",""mem"":""250.8MiB / 122.8GiB""},{""name"":""lab-mysql"",""cpu"":""0.95%"",""mem"":""713.3MiB / 122.8GiB""},{""name"":""lab-woocommerce-mysql"",""cpu"":""1.05%"",""mem"":""485.5MiB / 122.8GiB""},{""name"":""lab-allegro-stub"",""cpu"":""0.02%"",""mem"":""30.19MiB / 122.8GiB""}]"
2026-09-09T08:12:00Z,3,526,8,165,38,2666477235,"[{""name"":""lab-worker-1"",""cpu"":""4.91%"",""mem"":""132.2MiB / 122.8GiB""},{""name"":""lab-api"",""cpu"":""0.00%"",""mem"":""176.2MiB / 122.8GiB""},{""name"":""lab-wc-tls"",""cpu"":""0.00%"",""mem"":""30.18MiB / 122.8GiB""},{""name"":""lab-prestashop"",""cpu"":""0.00%"",""mem"":""109MiB / 122.8GiB""},{""name"":""lab-woocommerce"",""cpu"":""0.00%"",""mem"":""204.1MiB / 122.8GiB""},{""name"":""lab-redis"",""cpu"":""0.51%"",""mem"":""75.75MiB / 122.8GiB""},{""name"":""lab-postgres"",""cpu"":""20.25%"",""mem"":""243.5MiB / 122.8GiB""},{""name"":""lab-mysql"",""cpu"":""0.92%"",""mem"":""713.3MiB / 122.8GiB""},{""name"":""lab-woocommerce-mysql"",""cpu"":""0.93%"",""mem"":""485.5MiB / 122.8GiB""},{""name"":""lab-allegro-stub"",""cpu"":""4.17%"",""mem"":""30.24MiB / 122.8GiB""}]"
2026-09-09T08:12:04Z,4,527,7,166,37,2666477235,"[{""name"":""lab-worker-1"",""cpu"":""2.38%"",""mem"":""131.6MiB / 122.8GiB""},{""name"":""lab-api"",""cpu"":""0.00%"",""mem"":""176.2MiB / 122.8GiB""},{""name"":""lab-wc-tls"",""cpu"":""0.00%"",""mem"":""30.18MiB / 122.8GiB""},{""name"":""lab-prestashop"",""cpu"":""0.01%"",""mem"":""109MiB / 122.8GiB""},{""name"":""lab-woocommerce"",""cpu"":""0.01%"",""mem"":""204.1MiB / 122.8GiB""},{""name"":""lab-redis"",""cpu"":""4.91%"",""mem"":""75.75MiB / 122.8GiB""},{""name"":""lab-postgres"",""cpu"":""19.85%"",""mem"":""243.4MiB / 122.8GiB""},{""name"":""lab-mysql"",""cpu"":""5.65%"",""mem"":""713.3MiB / 122.8GiB""},{""name"":""lab-woocommerce-mysql"",""cpu"":""0.85%"",""mem"":""485.5MiB / 122.8GiB""},{""name"":""lab-allegro-stub"",""cpu"":""0.00%"",""mem"":""30.19MiB / 122.8GiB""}]"
2026-09-09T08:12:07Z,4,527,6,168,35,2666477235,"[{""name"":""lab-worker-1"",""cpu"":""1.64%"",""mem"":""132.3MiB / 122.8GiB""},{""name"":""lab-api"",""cpu"":""0.00%"",""mem"":""176.2MiB / 122.8GiB""},{""name"":""lab-wc-tls"",""cpu"":""0.00%"",""mem"":""30.18MiB / 122.8GiB""},{""name"":""lab-prestashop"",""cpu"":""0.01%"",""mem"":""109MiB / 122.8GiB""},{""name"":""lab-woocommerce"",""cpu"":""14.25%"",""mem"":""204.4MiB / 122.8GiB""},{""name"":""lab-redis"",""cpu"":""0.47%"",""mem"":""75.75MiB / 122.8GiB""},{""name"":""lab-postgres"",""cpu"":""19.32%"",""mem"":""243.4MiB / 122.8GiB""},{""name"":""lab-mysql"",""cpu"":""0.82%"",""mem"":""713.3MiB / 122.8GiB""},{""name"":""lab-woocommerce-mysql"",""cpu"":""6.83%"",""mem"":""485.5MiB / 122.8GiB""},{""name"":""lab-allegro-stub"",""cpu"":""0.00%"",""mem"":""30.19MiB / 122.8GiB""}]"
2026-09-09T08:12:11Z,3,525,8,170,34,2666477235,"[{""name"":""lab-worker-1"",""cpu"":""2.73%"",""mem"":""131.1MiB / 122.8GiB""},{""name"":""lab-api"",""cpu"":""0.00%"",""mem"":""176.2MiB / 122.8GiB""},{""name"":""lab-wc-tls"",""cpu"":""0.00%"",""mem"":""30.18MiB / 122.8GiB""},{""name"":""lab-prestashop"",""cpu"":""0.01%"",""mem"":""109MiB / 122.8GiB""},{""name"":""lab-woocommerce"",""cpu"":""0.00%"",""mem"":""204.1MiB / 122.8GiB""},{""name"":""lab-redis"",""cpu"":""0.50%"",""mem"":""76MiB / 122.8GiB""},{""name"":""lab-postgres"",""cpu"":""22.11%"",""mem"":""245.8MiB / 122.8GiB""},{""name"":""lab-mysql"",""cpu"":""0.82%"",""mem"":""713.3MiB / 122.8GiB""},{""name"":""lab-woocommerce-mysql"",""cpu"":""0.91%"",""mem"":""485.5MiB / 122.8GiB""},{""name"":""lab-allegro-stub"",""cpu"":""0.01%"",""mem"":""30.19MiB / 122.8GiB""}]"
2026-09-09T08:12:15Z,4,523,8,171,36,2666485427,"[{""name"":""lab-worker-1"",""cpu"":""1.16%"",""mem"":""131.2MiB / 122.8GiB""},{""name"":""lab-api"",""cpu"":""0.00%"",""mem"":""176.2MiB / 122.8GiB""},{""name"":""lab-wc-tls"",""cpu"":""0.00%"",""mem"":""30.18MiB / 122.8GiB""},{""name"":""lab-prestashop"",""cpu"":""0.00%"",""mem"":""109MiB / 122.8GiB""},{""name"":""lab-woocommerce"",""cpu"":""0.01%"",""mem"":""204.1MiB / 122.8GiB""},{""name"":""lab-redis"",""cpu"":""0.38%"",""mem"":""75.75MiB / 122.8GiB""},{""name"":""lab-postgres"",""cpu"":""29.59%"",""mem"":""245.7MiB / 122.8GiB""},{""name"":""lab-mysql"",""cpu"":""0.79%"",""mem"":""713.3MiB / 122.8GiB""},{""name"":""lab-woocommerce-mysql"",""cpu"":""0.88%"",""mem"":""485.5MiB / 122.8GiB""},{""name"":""lab-allegro-stub"",""cpu"":""0.00%"",""mem"":""30.19MiB / 122.8GiB""}]"
2026-09-09T08:12:19Z,4,527,7,172,32,2666485427,"[{""name"":""lab-worker-1"",""cpu"":""2.87%"",""mem"":""131.3MiB / 122.8GiB""},{""name"":""lab-api"",""cpu"":""0.00%"",""mem"":""176.2MiB / 122.8GiB""},{""name"":""lab-wc-tls"",""cpu"":""0.00%"",""mem"":""30.18MiB / 122.8GiB""},{""name"":""lab-prestashop"",""cpu"":""0.01%"",""mem"":""109MiB / 122.8GiB""},{""name"":""lab-woocommerce"",""cpu"":""0.01%"",""mem"":""204.1MiB / 122.8GiB""},{""name"":""lab-redis"",""cpu"":""0.54%"",""mem"":""76MiB / 122.8GiB""},{""name"":""lab-postgres"",""cpu"":""6.68%"",""mem"":""246.1MiB / 122.8GiB""},{""name"":""lab-mysql"",""cpu"":""0.78%"",""mem"":""713.3MiB / 122.8GiB""},{""name"":""lab-woocommerce-mysql"",""cpu"":""1.13%"",""mem"":""485.5MiB / 122.8GiB""},{""name"":""lab-allegro-stub"",""cpu"":""0.00%"",""mem"":""30.19MiB / 122.8GiB""}]"
2026-09-09T08:12:22Z,4,522,8,176,30,2666485427,"[{""name"":""lab-worker-1"",""cpu"":""1.79%"",""mem"":""131.1MiB / 122.8GiB""},{""name"":""lab-api"",""cpu"":""0.00%"",""mem"":""176.2MiB / 122.8GiB""},{""name"":""lab-wc-tls"",""cpu"":""0.00%"",""mem"":""30.18MiB / 122.8GiB""},{""name"":""lab-prestashop"",""cpu"":""0.01%"",""mem"":""109MiB / 122.8GiB""},{""name"":""lab-woocommerce"",""cpu"":""0.01%"",""mem"":""204.1MiB / 122.8GiB""},{""name"":""lab-redis"",""cpu"":""0.52%"",""mem"":""75.75MiB / 122.8GiB""},{""name"":""lab-postgres"",""cpu"":""11.58%"",""mem"":""253.2MiB / 122.8GiB""},{""name"":""lab-mysql"",""cpu"":""0.92%"",""mem"":""713.3MiB / 122.8GiB""},{""name"":""lab-woocommerce-mysql"",""cpu"":""1.07%"",""mem"":""485.5MiB / 122.8GiB""},{""name"":""lab-allegro-stub"",""cpu"":""0.00%"",""mem"":""30.2MiB / 122.8GiB""}]"
2026-09-09T08:12:26Z,3,524,8,176,28,2666485427,"[{""name"":""lab-worker-1"",""cpu"":""3.67%"",""mem"":""131.5MiB / 122.8GiB""},{""name"":""lab-api"",""cpu"":""0.00%"",""mem"":""176.2MiB / 122.8GiB""},{""name"":""lab-wc-tls"",""cpu"":""0.00%"",""mem"":""30.18MiB / 122.8GiB""},{""name"":""lab-prestashop"",""cpu"":""0.01%"",""mem"":""109MiB / 122.8GiB""},{""name"":""lab-woocommerce"",""cpu"":""0.00%"",""mem"":""204.1MiB / 122.8GiB""},{""name"":""lab-redis"",""cpu"":""0.69%"",""mem"":""75.75MiB / 122.8GiB""},{""name"":""lab-postgres"",""cpu"":""21.13%"",""mem"":""245.3MiB / 122.8GiB""},{""name"":""lab-mysql"",""cpu"":""0.87%"",""mem"":""713.3MiB / 122.8GiB""},{""name"":""lab-woocommerce-mysql"",""cpu"":""1.33%"",""mem"":""485.5MiB / 122.8GiB""},{""name"":""lab-allegro-stub"",""cpu"":""4.33%"",""mem"":""30.19MiB / 122.8GiB""}]"
2026-09-09T08:12:30Z,4,524,6,181,26,2666485427,"[{""name"":""lab-worker-1"",""cpu"":""4.16%"",""mem"":""131.8MiB / 122.8GiB""},{""name"":""lab-api"",""cpu"":""0.00%"",""mem"":""176.2MiB / 122.8GiB""},{""name"":""lab-wc-tls"",""cpu"":""0.00%"",""mem"":""30.18MiB / 122.8GiB""},{""name"":""lab-prestashop"",""cpu"":""0.01%"",""mem"":""109MiB / 122.8GiB""},{""name"":""lab-woocommerce"",""cpu"":""0.01%"",""mem"":""204.1MiB / 122.8GiB""},{""name"":""lab-redis"",""cpu"":""0.60%"",""mem"":""75.75MiB / 122.8GiB""},{""name"":""lab-postgres"",""cpu"":""19.60%"",""mem"":""245.5MiB / 122.8GiB""},{""name"":""lab-mysql"",""cpu"":""0.87%"",""mem"":""713.3MiB / 122.8GiB""},{""name"":""lab-woocommerce-mysql"",""cpu"":""0.80%"",""mem"":""485.5MiB / 122.8GiB""},{""name"":""lab-allegro-stub"",""cpu"":""0.00%"",""mem"":""30.19MiB / 122.8GiB""}]"
2026-09-09T08:12:33Z,4,522,8,183,24,2666485427,"[{""name"":""lab-worker-1"",""cpu"":""4.85%"",""mem"":""131.7MiB / 122.8GiB""},{""name"":""lab-api"",""cpu"":""0.00%"",""mem"":""176.2MiB / 122.8GiB""},{""name"":""lab-wc-tls"",""cpu"":""0.00%"",""mem"":""30.18MiB / 122.8GiB""},{""name"":""lab-prestashop"",""cpu"":""0.00%"",""mem"":""109MiB / 122.8GiB""},{""name"":""lab-woocommerce"",""cpu"":""0.01%"",""mem"":""204.1MiB / 122.8GiB""},{""name"":""lab-redis"",""cpu"":""4.96%"",""mem"":""75.79MiB / 122.8GiB""},{""name"":""lab-postgres"",""cpu"":""15.27%"",""mem"":""245.2MiB / 122.8GiB""},{""name"":""lab-mysql"",""cpu"":""5.33%"",""mem"":""713.4MiB / 122.8GiB""},{""name"":""lab-woocommerce-mysql"",""cpu"":""0.78%"",""mem"":""485.5MiB / 122.8GiB""},{""name"":""lab-allegro-stub"",""cpu"":""0.00%"",""mem"":""30.19MiB / 122.8GiB""}]"
2026-09-09T08:12:37Z,3,519,8,184,27,2666485427,"[{""name"":""lab-worker-1"",""cpu"":""1.42%"",""mem"":""131.5MiB / 122.8GiB""},{""name"":""lab-api"",""cpu"":""0.00%"",""mem"":""176.2MiB / 122.8GiB""},{""name"":""lab-wc-tls"",""cpu"":""0.00%"",""mem"":""30.18MiB / 122.8GiB""},{""name"":""lab-prestashop"",""cpu"":""0.01%"",""mem"":""109MiB / 122.8GiB""},{""name"":""lab-woocommerce"",""cpu"":""0.01%"",""mem"":""204.1MiB / 122.8GiB""},{""name"":""lab-redis"",""cpu"":""0.47%"",""mem"":""76MiB / 122.8GiB""},{""name"":""lab-postgres"",""cpu"":""22.42%"",""mem"":""245.2MiB / 122.8GiB""},{""name"":""lab-mysql"",""cpu"":""0.89%"",""mem"":""713.3MiB / 122.8GiB""},{""name"":""lab-woocommerce-mysql"",""cpu"":""0.86%"",""mem"":""485.5MiB / 122.8GiB""},{""name"":""lab-allegro-stub"",""cpu"":""0.00%"",""mem"":""30.19MiB / 122.8GiB""}]"
2026-09-09T08:12:41Z,4,517,8,184,27,2666485427,"[{""name"":""lab-worker-1"",""cpu"":""4.13%"",""mem"":""131.3MiB / 122.8GiB""},{""name"":""lab-api"",""cpu"":""0.00%"",""mem"":""176.2MiB / 122.8GiB""},{""name"":""lab-wc-tls"",""cpu"":""0.00%"",""mem"":""30.18MiB / 122.8GiB""},{""name"":""lab-prestashop"",""cpu"":""0.00%"",""mem"":""109MiB / 122.8GiB""},{""name"":""lab-woocommerce"",""cpu"":""0.01%"",""mem"":""204.1MiB / 122.8GiB""},{""name"":""lab-redis"",""cpu"":""0.34%"",""mem"":""75.75MiB / 122.8GiB""},{""name"":""lab-postgres"",""cpu"":""31.83%"",""mem"":""245.5MiB / 122.8GiB""},{""name"":""lab-mysql"",""cpu"":""0.79%"",""mem"":""713.3MiB / 122.8GiB""},{""name"":""lab-woocommerce-mysql"",""cpu"":""0.93%"",""mem"":""485.5MiB / 122.8GiB""},{""name"":""lab-allegro-stub"",""cpu"":""3.83%"",""mem"":""30.24MiB / 122.8GiB""}]"
2026-09-09T08:12:44Z,4,520,8,184,27,2666485427,"[{""name"":""lab-worker-1"",""cpu"":""2.79%"",""mem"":""131.6MiB / 122.8GiB""},{""name"":""lab-api"",""cpu"":""0.00%"",""mem"":""176.2MiB / 122.8GiB""},{""name"":""lab-wc-tls"",""cpu"":""0.00%"",""mem"":""30.18MiB / 122.8GiB""},{""name"":""lab-prestashop"",""cpu"":""0.00%"",""mem"":""109MiB / 122.8GiB""},{""name"":""lab-woocommerce"",""cpu"":""0.01%"",""mem"":""204.1MiB / 122.8GiB""},{""name"":""lab-redis"",""cpu"":""0.51%"",""mem"":""75.75MiB / 122.8GiB""},{""name"":""lab-postgres"",""cpu"":""16.28%"",""mem"":""243MiB / 122.8GiB""},{""name"":""lab-mysql"",""cpu"":""0.88%"",""mem"":""713.5MiB / 122.8GiB""},{""name"":""lab-woocommerce-mysql"",""cpu"":""0.84%"",""mem"":""485.5MiB / 122.8GiB""},{""name"":""lab-allegro-stub"",""cpu"":""0.00%"",""mem"":""30.19MiB / 122.8GiB""}]"
2026-09-09T08:12:48Z,3,518,7,187,25,2666485427,"[{""name"":""lab-worker-1"",""cpu"":""2.21%"",""mem"":""131.4MiB / 122.8GiB""},{""name"":""lab-api"",""cpu"":""0.00%"",""mem"":""176.2MiB / 122.8GiB""},{""name"":""lab-wc-tls"",""cpu"":""0.00%"",""mem"":""30.18MiB / 122.8GiB""},{""name"":""lab-prestashop"",""cpu"":""0.01%"",""mem"":""109MiB / 122.8GiB""},{""name"":""lab-woocommerce"",""cpu"":""0.01%"",""mem"":""204.1MiB / 122.8GiB""},{""name"":""lab-redis"",""cpu"":""0.61%"",""mem"":""75.75MiB / 122.8GiB""},{""name"":""lab-postgres"",""cpu"":""18.29%"",""mem"":""243.5MiB / 122.8GiB""},{""name"":""lab-mysql"",""cpu"":""0.87%"",""mem"":""713.3MiB / 122.8GiB""},{""name"":""lab-woocommerce-mysql"",""cpu"":""5.37%"",""mem"":""485.5MiB / 122.8GiB""},{""name"":""lab-allegro-stub"",""cpu"":""0.00%"",""mem"":""30.19MiB / 122.8GiB""}]"
2026-09-09T08:12:52Z,4,517,8,188,24,2666485427,"[{""name"":""lab-worker-1"",""cpu"":""4.13%"",""mem"":""131.4MiB / 122.8GiB""},{""name"":""lab-api"",""cpu"":""0.00%"",""mem"":""176.2MiB / 122.8GiB""},{""name"":""lab-wc-tls"",""cpu"":""0.00%"",""mem"":""30.18MiB / 122.8GiB""},{""name"":""lab-prestashop"",""cpu"":""0.01%"",""mem"":""109MiB / 122.8GiB""},{""name"":""lab-woocommerce"",""cpu"":""0.01%"",""mem"":""204.1MiB / 122.8GiB""},{""name"":""lab-redis"",""cpu"":""0.74%"",""mem"":""75.75MiB / 122.8GiB""},{""name"":""lab-postgres"",""cpu"":""18.79%"",""mem"":""242.9MiB / 122.8GiB""},{""name"":""lab-mysql"",""cpu"":""0.86%"",""mem"":""713.3MiB / 122.8GiB""},{""name"":""lab-woocommerce-mysql"",""cpu"":""0.85%"",""mem"":""485.5MiB / 122.8GiB""},{""name"":""lab-allegro-stub"",""cpu"":""0.00%"",""mem"":""30.19MiB / 122.8GiB""}]"
2026-09-09T08:12:55Z,4,519,8,188,22,2666485427,"[{""name"":""lab-worker-1"",""cpu"":""3.34%"",""mem"":""132.1MiB / 122.8GiB""},{""name"":""lab-api"",""cpu"":""0.00%"",""mem"":""176.2MiB / 122.8GiB""},{""name"":""lab-wc-tls"",""cpu"":""0.00%"",""mem"":""30.18MiB / 122.8GiB""},{""name"":""lab-prestashop"",""cpu"":""0.01%"",""mem"":""109MiB / 122.8GiB""},{""name"":""lab-woocommerce"",""cpu"":""0.01%"",""mem"":""204.1MiB / 122.8GiB""},{""name"":""lab-redis"",""cpu"":""0.70%"",""mem"":""76.01MiB / 122.8GiB""},{""name"":""lab-postgres"",""cpu"":""8.08%"",""mem"":""243.1MiB / 122.8GiB""},{""name"":""lab-mysql"",""cpu"":""0.96%"",""mem"":""713.3MiB / 122.8GiB""},{""name"":""lab-woocommerce-mysql"",""cpu"":""0.95%"",""mem"":""485.5MiB / 122.8GiB""},{""name"":""lab-allegro-stub"",""cpu"":""0.00%"",""mem"":""30.19MiB / 122.8GiB""}]"
2026-09-09T08:12:59Z,3,519,8,188,22,2666485427,"[{""name"":""lab-worker-1"",""cpu"":""3.33%"",""mem"":""131.9MiB / 122.8GiB""},{""name"":""lab-api"",""cpu"":""0.00%"",""mem"":""176.2MiB / 122.8GiB""},{""name"":""lab-wc-tls"",""cpu"":""0.00%"",""mem"":""30.18MiB / 122.8GiB""},{""name"":""lab-prestashop"",""cpu"":""0.00%"",""mem"":""109MiB / 122.8GiB""},{""name"":""lab-woocommerce"",""cpu"":""0.00%"",""mem"":""204.1MiB / 122.8GiB""},{""name"":""lab-redis"",""cpu"":""0.50%"",""mem"":""75.75MiB / 122.8GiB""},{""name"":""lab-postgres"",""cpu"":""20.53%"",""mem"":""240.7MiB / 122.8GiB""},{""name"":""lab-mysql"",""cpu"":""0.93%"",""mem"":""713.3MiB / 122.8GiB""},{""name"":""lab-woocommerce-mysql"",""cpu"":""0.95%"",""mem"":""485.5MiB / 122.8GiB""},{""name"":""lab-allegro-stub"",""cpu"":""0.00%"",""mem"":""30.19MiB / 122.8GiB""}]"
2026-09-09T08:13:03Z,4,517,8,188,24,2666485427,"[{""name"":""lab-worker-1"",""cpu"":""3.63%"",""mem"":""131.6MiB / 122.8GiB""},{""name"":""lab-api"",""cpu"":""0.00%"",""mem"":""176.2MiB / 122.8GiB""},{""name"":""lab-wc-tls"",""cpu"":""0.00%"",""mem"":""30.18MiB / 122.8GiB""},{""name"":""lab-prestashop"",""cpu"":""0.01%"",""mem"":""109MiB / 122.8GiB""},{""name"":""lab-woocommerce"",""cpu"":""0.01%"",""mem"":""204.1MiB / 122.8GiB""},{""name"":""lab-redis"",""cpu"":""0.61%"",""mem"":""76MiB / 122.8GiB""},{""name"":""lab-postgres"",""cpu"":""21.81%"",""mem"":""243MiB / 122.8GiB""},{""name"":""lab-mysql"",""cpu"":""0.85%"",""mem"":""713.3MiB / 122.8GiB""},{""name"":""lab-woocommerce-mysql"",""cpu"":""0.95%"",""mem"":""485.5MiB / 122.8GiB""},{""name"":""lab-allegro-stub"",""cpu"":""0.00%"",""mem"":""30.19MiB / 122.8GiB""}]"
2026-09-09T08:13:07Z,4,515,7,188,27,2666485427,"[{""name"":""lab-worker-1"",""cpu"":""1.55%"",""mem"":""131.3MiB / 122.8GiB""},{""name"":""lab-api"",""cpu"":""0.01%"",""mem"":""176.2MiB / 122.8GiB""},{""name"":""lab-wc-tls"",""cpu"":""0.00%"",""mem"":""30.18MiB / 122.8GiB""},{""name"":""lab-prestashop"",""cpu"":""0.01%"",""mem"":""109MiB / 122.8GiB""},{""name"":""lab-woocommerce"",""cpu"":""0.01%"",""mem"":""204.1MiB / 122.8GiB""},{""name"":""lab-redis"",""cpu"":""0.56%"",""mem"":""75.75MiB / 122.8GiB""},{""name"":""lab-postgres"",""cpu"":""32.00%"",""mem"":""243.2MiB / 122.8GiB""},{""name"":""lab-mysql"",""cpu"":""0.84%"",""mem"":""713.3MiB / 122.8GiB""},{""name"":""lab-woocommerce-mysql"",""cpu"":""0.83%"",""mem"":""485.5MiB / 122.8GiB""},{""name"":""lab-allegro-stub"",""cpu"":""0.00%"",""mem"":""30.19MiB / 122.8GiB""}]"
2026-09-09T08:13:10Z,4,516,7,190,24,2666485427,"[{""name"":""lab-worker-1"",""cpu"":""2.83%"",""mem"":""131.3MiB / 122.8GiB""},{""name"":""lab-api"",""cpu"":""0.00%"",""mem"":""176.2MiB / 122.8GiB""},{""name"":""lab-wc-tls"",""cpu"":""0.00%"",""mem"":""30.18MiB / 122.8GiB""},{""name"":""lab-prestashop"",""cpu"":""0.01%"",""mem"":""109MiB / 122.8GiB""},{""name"":""lab-woocommerce"",""cpu"":""0.01%"",""mem"":""204.1MiB / 122.8GiB""},{""name"":""lab-redis"",""cpu"":""0.49%"",""mem"":""76MiB / 122.8GiB""},{""name"":""lab-postgres"",""cpu"":""20.99%"",""mem"":""243.2MiB / 122.8GiB""},{""name"":""lab-mysql"",""cpu"":""0.84%"",""mem"":""713.3MiB / 122.8GiB""},{""name"":""lab-woocommerce-mysql"",""cpu"":""0.82%"",""mem"":""485.5MiB / 122.8GiB""},{""name"":""lab-allegro-stub"",""cpu"":""0.00%"",""mem"":""30.19MiB / 122.8GiB""}]"
2026-09-09T08:13:14Z,3,516,8,190,24,2666485427,"[{""name"":""lab-worker-1"",""cpu"":""3.47%"",""mem"":""131.6MiB / 122.8GiB""},{""name"":""lab-api"",""cpu"":""0.00%"",""mem"":""176.2MiB / 122.8GiB""},{""name"":""lab-wc-tls"",""cpu"":""0.00%"",""mem"":""30.18MiB / 122.8GiB""},{""name"":""lab-prestashop"",""cpu"":""0.00%"",""mem"":""109MiB / 122.8GiB""},{""name"":""lab-woocommerce"",""cpu"":""0.01%"",""mem"":""204.1MiB / 122.8GiB""},{""name"":""lab-redis"",""cpu"":""4.92%"",""mem"":""76MiB / 122.8GiB""},{""name"":""lab-postgres"",""cpu"":""20.75%"",""mem"":""242.9MiB / 122.8GiB""},{""name"":""lab-mysql"",""cpu"":""5.59%"",""mem"":""713.3MiB / 122.8GiB""},{""name"":""lab-woocommerce-mysql"",""cpu"":""0.88%"",""mem"":""485.5MiB / 122.8GiB""},{""name"":""lab-allegro-stub"",""cpu"":""0.00%"",""mem"":""30.19MiB / 122.8GiB""}]"
2026-09-09T08:13:18Z,4,511,8,193,25,2666485427,"[{""name"":""lab-worker-1"",""cpu"":""3.02%"",""mem"":""131.6MiB / 122.8GiB""},{""name"":""lab-api"",""cpu"":""0.00%"",""mem"":""176.2MiB / 122.8GiB""},{""name"":""lab-wc-tls"",""cpu"":""0.00%"",""mem"":""30.18MiB / 122.8GiB""},{""name"":""lab-prestashop"",""cpu"":""0.01%"",""mem"":""109MiB / 122.8GiB""},{""name"":""lab-woocommerce"",""cpu"":""0.01%"",""mem"":""204.1MiB / 122.8GiB""},{""name"":""lab-redis"",""cpu"":""0.61%"",""mem"":""75.75MiB / 122.8GiB""},{""name"":""lab-postgres"",""cpu"":""37.77%"",""mem"":""243.2MiB / 122.8GiB""},{""name"":""lab-mysql"",""cpu"":""0.77%"",""mem"":""713.3MiB / 122.8GiB""},{""name"":""lab-woocommerce-mysql"",""cpu"":""5.79%"",""mem"":""485.5MiB / 122.8GiB""},{""name"":""lab-allegro-stub"",""cpu"":""0.00%"",""mem"":""30.19MiB / 122.8GiB""}]"
2026-09-09T08:13:21Z,4,509,8,194,26,2666485427,"[{""name"":""lab-worker-1"",""cpu"":""3.00%"",""mem"":""131.3MiB / 122.8GiB""},{""name"":""lab-api"",""cpu"":""0.00%"",""mem"":""176.2MiB / 122.8GiB""},{""name"":""lab-wc-tls"",""cpu"":""0.00%"",""mem"":""30.18MiB / 122.8GiB""},{""name"":""lab-prestashop"",""cpu"":""0.01%"",""mem"":""109MiB / 122.8GiB""},{""name"":""lab-woocommerce"",""cpu"":""0.01%"",""mem"":""204.1MiB / 122.8GiB""},{""name"":""lab-redis"",""cpu"":""0.60%"",""mem"":""75.75MiB / 122.8GiB""},{""name"":""lab-postgres"",""cpu"":""11.17%"",""mem"":""245.9MiB / 122.8GiB""},{""name"":""lab-mysql"",""cpu"":""0.94%"",""mem"":""713.3MiB / 122.8GiB""},{""name"":""lab-woocommerce-mysql"",""cpu"":""0.90%"",""mem"":""485.5MiB / 122.8GiB""},{""name"":""lab-allegro-stub"",""cpu"":""4.10%"",""mem"":""30.19MiB / 122.8GiB""}]"
2026-09-09T08:13:25Z,3,507,7,196,27,2666485427,"[{""name"":""lab-worker-1"",""cpu"":""1.26%"",""mem"":""131.7MiB / 122.8GiB""},{""name"":""lab-api"",""cpu"":""0.00%"",""mem"":""176.2MiB / 122.8GiB""},{""name"":""lab-wc-tls"",""cpu"":""0.00%"",""mem"":""30.18MiB / 122.8GiB""},{""name"":""lab-prestashop"",""cpu"":""0.01%"",""mem"":""109MiB / 122.8GiB""},{""name"":""lab-woocommerce"",""cpu"":""0.01%"",""mem"":""204.1MiB / 122.8GiB""},{""name"":""lab-redis"",""cpu"":""0.37%"",""mem"":""75.75MiB / 122.8GiB""},{""name"":""lab-postgres"",""cpu"":""7.32%"",""mem"":""243.1MiB / 122.8GiB""},{""name"":""lab-mysql"",""cpu"":""0.87%"",""mem"":""713.3MiB / 122.8GiB""},{""name"":""lab-woocommerce-mysql"",""cpu"":""0.93%"",""mem"":""485.5MiB / 122.8GiB""},{""name"":""lab-allegro-stub"",""cpu"":""0.00%"",""mem"":""30.19MiB / 122.8GiB""}]"
2026-09-09T08:13:29Z,4,505,7,197,28,2666485427,"[{""name"":""lab-worker-1"",""cpu"":""1.34%"",""mem"":""132MiB / 122.8GiB""},{""name"":""lab-api"",""cpu"":""0.00%"",""mem"":""176.2MiB / 122.8GiB""},{""name"":""lab-wc-tls"",""cpu"":""0.00%"",""mem"":""30.18MiB / 122.8GiB""},{""name"":""lab-prestashop"",""cpu"":""0.01%"",""mem"":""109MiB / 122.8GiB""},{""name"":""lab-woocommerce"",""cpu"":""0.00%"",""mem"":""204.1MiB / 122.8GiB""},{""name"":""lab-redis"",""cpu"":""0.48%"",""mem"":""76MiB / 122.8GiB""},{""name"":""lab-postgres"",""cpu"":""14.48%"",""mem"":""243MiB / 122.8GiB""},{""name"":""lab-mysql"",""cpu"":""0.92%"",""mem"":""713.3MiB / 122.8GiB""},{""name"":""lab-woocommerce-mysql"",""cpu"":""1.00%"",""mem"":""485.5MiB / 122.8GiB""},{""name"":""lab-allegro-stub"",""cpu"":""0.00%"",""mem"":""30.19MiB / 122.8GiB""}]"
2026-09-09T08:13:32Z,4,500,8,197,31,2666485427,"[{""name"":""lab-worker-1"",""cpu"":""17.64%"",""mem"":""131.7MiB / 122.8GiB""},{""name"":""lab-api"",""cpu"":""0.00%"",""mem"":""176.2MiB / 122.8GiB""},{""name"":""lab-wc-tls"",""cpu"":""0.00%"",""mem"":""30.18MiB / 122.8GiB""},{""name"":""lab-prestashop"",""cpu"":""0.01%"",""mem"":""109MiB / 122.8GiB""},{""name"":""lab-woocommerce"",""cpu"":""0.01%"",""mem"":""204.1MiB / 122.8GiB""},{""name"":""lab-redis"",""cpu"":""0.64%"",""mem"":""75.76MiB / 122.8GiB""},{""name"":""lab-postgres"",""cpu"":""18.25%"",""mem"":""243.9MiB / 122.8GiB""},{""name"":""lab-mysql"",""cpu"":""0.95%"",""mem"":""713.3MiB / 122.8GiB""},{""name"":""lab-woocommerce-mysql"",""cpu"":""0.92%"",""mem"":""485.5MiB / 122.8GiB""},{""name"":""lab-allegro-stub"",""cpu"":""0.01%"",""mem"":""30.19MiB / 122.8GiB""}]"
2026-09-09T08:13:36Z,3,504,7,198,27,2666485427,"[{""name"":""lab-worker-1"",""cpu"":""1.14%"",""mem"":""131.6MiB / 122.8GiB""},{""name"":""lab-api"",""cpu"":""0.01%"",""mem"":""176.2MiB / 122.8GiB""},{""name"":""lab-wc-tls"",""cpu"":""0.00%"",""mem"":""30.18MiB / 122.8GiB""},{""name"":""lab-prestashop"",""cpu"":""4.78%"",""mem"":""109MiB / 122.8GiB""},{""name"":""lab-woocommerce"",""cpu"":""0.00%"",""mem"":""204.1MiB / 122.8GiB""},{""name"":""lab-redis"",""cpu"":""0.47%"",""mem"":""76MiB / 122.8GiB""},{""name"":""lab-postgres"",""cpu"":""17.72%"",""mem"":""243MiB / 122.8GiB""},{""name"":""lab-mysql"",""cpu"":""0.89%"",""mem"":""713.3MiB / 122.8GiB""},{""name"":""lab-woocommerce-mysql"",""cpu"":""0.88%"",""mem"":""485.5MiB / 122.8GiB""},{""name"":""lab-allegro-stub"",""cpu"":""0.02%"",""mem"":""30.19MiB / 122.8GiB""}]"
2026-09-09T08:13:40Z,4,500,8,199,30,2666485427,"[{""name"":""lab-worker-1"",""cpu"":""3.61%"",""mem"":""131.8MiB / 122.8GiB""},{""name"":""lab-api"",""cpu"":""0.00%"",""mem"":""176.2MiB / 122.8GiB""},{""name"":""lab-wc-tls"",""cpu"":""0.00%"",""mem"":""30.18MiB / 122.8GiB""},{""name"":""lab-prestashop"",""cpu"":""0.01%"",""mem"":""109MiB / 122.8GiB""},{""name"":""lab-woocommerce"",""cpu"":""0.01%"",""mem"":""204.1MiB / 122.8GiB""},{""name"":""lab-redis"",""cpu"":""0.67%"",""mem"":""76MiB / 122.8GiB""},{""name"":""lab-postgres"",""cpu"":""20.88%"",""mem"":""243.2MiB / 122.8GiB""},{""name"":""lab-mysql"",""cpu"":""0.83%"",""mem"":""713.3MiB / 122.8GiB""},{""name"":""lab-woocommerce-mysql"",""cpu"":""0.87%"",""mem"":""485.5MiB / 122.8GiB""},{""name"":""lab-allegro-stub"",""cpu"":""0.00%"",""mem"":""30.19MiB / 122.8GiB""}]"
2026-09-09T08:13:44Z,4,498,8,201,30,2666485427,"[{""name"":""lab-worker-1"",""cpu"":""4.27%"",""mem"":""131.8MiB / 122.8GiB""},{""name"":""lab-api"",""cpu"":""0.00%"",""mem"":""176.2MiB / 122.8GiB""},{""name"":""lab-wc-tls"",""cpu"":""0.00%"",""mem"":""30.18MiB / 122.8GiB""},{""name"":""lab-prestashop"",""cpu"":""0.01%"",""mem"":""109MiB / 122.8GiB""},{""name"":""lab-woocommerce"",""cpu"":""0.00%"",""mem"":""204.1MiB / 122.8GiB""},{""name"":""lab-redis"",""cpu"":""31.64%"",""mem"":""78.61MiB / 122.8GiB""},{""name"":""lab-postgres"",""cpu"":""24.98%"",""mem"":""243.2MiB / 122.8GiB""},{""name"":""lab-mysql"",""cpu"":""0.76%"",""mem"":""713.3MiB / 122.8GiB""},{""name"":""lab-woocommerce-mysql"",""cpu"":""0.84%"",""mem"":""485.5MiB / 122.8GiB""},{""name"":""lab-allegro-stub"",""cpu"":""0.00%"",""mem"":""30.19MiB / 122.8GiB""}]"
2026-09-09T08:13:47Z,4,497,7,203,31,2666485427,"[{""name"":""lab-worker-1"",""cpu"":""0.79%"",""mem"":""131.8MiB / 122.8GiB""},{""name"":""lab-api"",""cpu"":""0.00%"",""mem"":""176.2MiB / 122.8GiB""},{""name"":""lab-wc-tls"",""cpu"":""0.00%"",""mem"":""30.18MiB / 122.8GiB""},{""name"":""lab-prestashop"",""cpu"":""0.01%"",""mem"":""109MiB / 122.8GiB""},{""name"":""lab-woocommerce"",""cpu"":""0.01%"",""mem"":""204.1MiB / 122.8GiB""},{""name"":""lab-redis"",""cpu"":""0.36%"",""mem"":""76MiB / 122.8GiB""},{""name"":""lab-postgres"",""cpu"":""23.88%"",""mem"":""243MiB / 122.8GiB""},{""name"":""lab-mysql"",""cpu"":""0.85%"",""mem"":""713.3MiB / 122.8GiB""},{""name"":""lab-woocommerce-mysql"",""cpu"":""0.79%"",""mem"":""485.5MiB / 122.8GiB""},{""name"":""lab-allegro-stub"",""cpu"":""0.02%"",""mem"":""30.19MiB / 122.8GiB""}]"
2026-09-09T08:13:51Z,3,493,8,205,31,2666485427,"[{""name"":""lab-worker-1"",""cpu"":""1.19%"",""mem"":""131.8MiB / 122.8GiB""},{""name"":""lab-api"",""cpu"":""0.00%"",""mem"":""176.2MiB / 122.8GiB""},{""name"":""lab-wc-tls"",""cpu"":""0.00%"",""mem"":""30.18MiB / 122.8GiB""},{""name"":""lab-prestashop"",""cpu"":""0.01%"",""mem"":""109MiB / 122.8GiB""},{""name"":""lab-woocommerce"",""cpu"":""0.01%"",""mem"":""204.1MiB / 122.8GiB""},{""name"":""lab-redis"",""cpu"":""0.46%"",""mem"":""75.75MiB / 122.8GiB""},{""name"":""lab-postgres"",""cpu"":""19.31%"",""mem"":""245.4MiB / 122.8GiB""},{""name"":""lab-mysql"",""cpu"":""0.77%"",""mem"":""713.3MiB / 122.8GiB""},{""name"":""lab-woocommerce-mysql"",""cpu"":""0.80%"",""mem"":""485.5MiB / 122.8GiB""},{""name"":""lab-allegro-stub"",""cpu"":""0.00%"",""mem"":""30.19MiB / 122.8GiB""}]"
2026-09-09T08:13:55Z,4,492,6,206,33,2666485427,"[{""name"":""lab-worker-1"",""cpu"":""1.58%"",""mem"":""131.8MiB / 122.8GiB""},{""name"":""lab-api"",""cpu"":""0.00%"",""mem"":""176.2MiB / 122.8GiB""},{""name"":""lab-wc-tls"",""cpu"":""0.00%"",""mem"":""30.18MiB / 122.8GiB""},{""name"":""lab-prestashop"",""cpu"":""0.01%"",""mem"":""109MiB / 122.8GiB""},{""name"":""lab-woocommerce"",""cpu"":""0.01%"",""mem"":""204.1MiB / 122.8GiB""},{""name"":""lab-redis"",""cpu"":""0.50%"",""mem"":""75.75MiB / 122.8GiB""},{""name"":""lab-postgres"",""cpu"":""6.05%"",""mem"":""250.3MiB / 122.8GiB""},{""name"":""lab-mysql"",""cpu"":""5.79%"",""mem"":""713.3MiB / 122.8GiB""},{""name"":""lab-woocommerce-mysql"",""cpu"":""0.89%"",""mem"":""485.5MiB / 122.8GiB""},{""name"":""lab-allegro-stub"",""cpu"":""0.00%"",""mem"":""30.19MiB / 122.8GiB""}]"
2026-09-09T08:13:58Z,4,490,8,206,34,2666485427,"[{""name"":""lab-worker-1"",""cpu"":""4.32%"",""mem"":""132MiB / 122.8GiB""},{""name"":""lab-api"",""cpu"":""0.00%"",""mem"":""176.2MiB / 122.8GiB""},{""name"":""lab-wc-tls"",""cpu"":""0.00%"",""mem"":""30.18MiB / 122.8GiB""},{""name"":""lab-prestashop"",""cpu"":""0.01%"",""mem"":""109MiB / 122.8GiB""},{""name"":""lab-woocommerce"",""cpu"":""0.01%"",""mem"":""204.1MiB / 122.8GiB""},{""name"":""lab-redis"",""cpu"":""0.68%"",""mem"":""75.76MiB / 122.8GiB""},{""name"":""lab-postgres"",""cpu"":""8.53%"",""mem"":""243.2MiB / 122.8GiB""},{""name"":""lab-mysql"",""cpu"":""0.85%"",""mem"":""713.3MiB / 122.8GiB""},{""name"":""lab-woocommerce-mysql"",""cpu"":""5.51%"",""mem"":""485.5MiB / 122.8GiB""},{""name"":""lab-allegro-stub"",""cpu"":""0.00%"",""mem"":""30.19MiB / 122.8GiB""}]"
2026-09-09T08:14:02Z,3,491,8,206,32,2666485427,"[{""name"":""lab-worker-1"",""cpu"":""5.52%"",""mem"":""132.1MiB / 122.8GiB""},{""name"":""lab-api"",""cpu"":""0.00%"",""mem"":""176.2MiB / 122.8GiB""},{""name"":""lab-wc-tls"",""cpu"":""0.00%"",""mem"":""30.18MiB / 122.8GiB""},{""name"":""lab-prestashop"",""cpu"":""0.01%"",""mem"":""109MiB / 122.8GiB""},{""name"":""lab-woocommerce"",""cpu"":""0.01%"",""mem"":""204.1MiB / 122.8GiB""},{""name"":""lab-redis"",""cpu"":""0.74%"",""mem"":""75.75MiB / 122.8GiB""},{""name"":""lab-postgres"",""cpu"":""19.93%"",""mem"":""243MiB / 122.8GiB""},{""name"":""lab-mysql"",""cpu"":""0.85%"",""mem"":""713.3MiB / 122.8GiB""},{""name"":""lab-woocommerce-mysql"",""cpu"":""0.82%"",""mem"":""485.5MiB / 122.8GiB""},{""name"":""lab-allegro-stub"",""cpu"":""3.87%"",""mem"":""30.19MiB / 122.8GiB""}]"
2026-09-09T08:14:06Z,4,490,8,208,31,2666485427,"[{""name"":""lab-worker-1"",""cpu"":""3.20%"",""mem"":""131.9MiB / 122.8GiB""},{""name"":""lab-api"",""cpu"":""0.01%"",""mem"":""176.2MiB / 122.8GiB""},{""name"":""lab-wc-tls"",""cpu"":""0.00%"",""mem"":""30.18MiB / 122.8GiB""},{""name"":""lab-prestashop"",""cpu"":""0.01%"",""mem"":""109.1MiB / 122.8GiB""},{""name"":""lab-woocommerce"",""cpu"":""0.01%"",""mem"":""204.1MiB / 122.8GiB""},{""name"":""lab-redis"",""cpu"":""0.71%"",""mem"":""75.76MiB / 122.8GiB""},{""name"":""lab-postgres"",""cpu"":""17.72%"",""mem"":""242.9MiB / 122.8GiB""},{""name"":""lab-mysql"",""cpu"":""0.78%"",""mem"":""713.3MiB / 122.8GiB""},{""name"":""lab-woocommerce-mysql"",""cpu"":""0.83%"",""mem"":""485.5MiB / 122.8GiB""},{""name"":""lab-allegro-stub"",""cpu"":""0.00%"",""mem"":""30.19MiB / 122.8GiB""}]"
2026-09-09T08:14:09Z,4,492,8,208,28,2666485427,"[{""name"":""lab-worker-1"",""cpu"":""3.71%"",""mem"":""131.7MiB / 122.8GiB""},{""name"":""lab-api"",""cpu"":""0.00%"",""mem"":""176.2MiB / 122.8GiB""},{""name"":""lab-wc-tls"",""cpu"":""0.00%"",""mem"":""30.18MiB / 122.8GiB""},{""name"":""lab-prestashop"",""cpu"":""0.00%"",""mem"":""109MiB / 122.8GiB""},{""name"":""lab-woocommerce"",""cpu"":""0.01%"",""mem"":""204.2MiB / 122.8GiB""},{""name"":""lab-redis"",""cpu"":""0.56%"",""mem"":""75.75MiB / 122.8GiB""},{""name"":""lab-postgres"",""cpu"":""30.87%"",""mem"":""243MiB / 122.8GiB""},{""name"":""lab-mysql"",""cpu"":""0.70%"",""mem"":""713.3MiB / 122.8GiB""},{""name"":""lab-woocommerce-mysql"",""cpu"":""0.71%"",""mem"":""485.5MiB / 122.8GiB""},{""name"":""lab-allegro-stub"",""cpu"":""0.00%"",""mem"":""30.2MiB / 122.8GiB""}]"
2026-09-09T08:14:13Z,3,497,8,209,24,2666485427,"[{""name"":""lab-worker-1"",""cpu"":""2.83%"",""mem"":""131.7MiB / 122.8GiB""},{""name"":""lab-api"",""cpu"":""0.00%"",""mem"":""176.2MiB / 122.8GiB""},{""name"":""lab-wc-tls"",""cpu"":""0.00%"",""mem"":""30.18MiB / 122.8GiB""},{""name"":""lab-prestashop"",""cpu"":""0.01%"",""mem"":""109MiB / 122.8GiB""},{""name"":""lab-woocommerce"",""cpu"":""0.00%"",""mem"":""204.1MiB / 122.8GiB""},{""name"":""lab-redis"",""cpu"":""0.59%"",""mem"":""76.25MiB / 122.8GiB""},{""name"":""lab-postgres"",""cpu"":""19.82%"",""mem"":""240.1MiB / 122.8GiB""},{""name"":""lab-mysql"",""cpu"":""0.79%"",""mem"":""713.3MiB / 122.8GiB""},{""name"":""lab-woocommerce-mysql"",""cpu"":""0.86%"",""mem"":""485.5MiB / 122.8GiB""},{""name"":""lab-allegro-stub"",""cpu"":""0.00%"",""mem"":""30.19MiB / 122.8GiB""}]"
2026-09-09T08:14:17Z,4,494,7,209,27,2666485427,"[{""name"":""lab-worker-1"",""cpu"":""4.62%"",""mem"":""132.8MiB / 122.8GiB""},{""name"":""lab-api"",""cpu"":""0.00%"",""mem"":""176.2MiB / 122.8GiB""},{""name"":""lab-wc-tls"",""cpu"":""0.00%"",""mem"":""30.18MiB / 122.8GiB""},{""name"":""lab-prestashop"",""cpu"":""0.00%"",""mem"":""109MiB / 122.8GiB""},{""name"":""lab-woocommerce"",""cpu"":""0.01%"",""mem"":""204.1MiB / 122.8GiB""},{""name"":""lab-redis"",""cpu"":""0.54%"",""mem"":""75.75MiB / 122.8GiB""},{""name"":""lab-postgres"",""cpu"":""20.07%"",""mem"":""241.6MiB / 122.8GiB""},{""name"":""lab-mysql"",""cpu"":""0.81%"",""mem"":""713.3MiB / 122.8GiB""},{""name"":""lab-woocommerce-mysql"",""cpu"":""0.84%"",""mem"":""485.5MiB / 122.8GiB""},{""name"":""lab-allegro-stub"",""cpu"":""0.00%"",""mem"":""30.2MiB / 122.8GiB""}]"
2026-09-09T08:14:20Z,4,492,8,209,28,2666485427,"[{""name"":""lab-worker-1"",""cpu"":""2.73%"",""mem"":""131.7MiB / 122.8GiB""},{""name"":""lab-api"",""cpu"":""0.00%"",""mem"":""176.2MiB / 122.8GiB""},{""name"":""lab-wc-tls"",""cpu"":""0.00%"",""mem"":""30.18MiB / 122.8GiB""},{""name"":""lab-prestashop"",""cpu"":""0.01%"",""mem"":""109MiB / 122.8GiB""},{""name"":""lab-woocommerce"",""cpu"":""0.00%"",""mem"":""204.1MiB / 122.8GiB""},{""name"":""lab-redis"",""cpu"":""0.60%"",""mem"":""75.75MiB / 122.8GiB""},{""name"":""lab-postgres"",""cpu"":""32.26%"",""mem"":""245.4MiB / 122.8GiB""},{""name"":""lab-mysql"",""cpu"":""0.85%"",""mem"":""713.3MiB / 122.8GiB""},{""name"":""lab-woocommerce-mysql"",""cpu"":""0.79%"",""mem"":""485.5MiB / 122.8GiB""},{""name"":""lab-allegro-stub"",""cpu"":""0.00%"",""mem"":""30.19MiB / 122.8GiB""}]"
2026-09-09T08:14:24Z,3,492,7,211,28,2666485427,"[{""name"":""lab-worker-1"",""cpu"":""3.03%"",""mem"":""131.8MiB / 122.8GiB""},{""name"":""lab-api"",""cpu"":""0.00%"",""mem"":""176.2MiB / 122.8GiB""},{""name"":""lab-wc-tls"",""cpu"":""0.00%"",""mem"":""30.18MiB / 122.8GiB""},{""name"":""lab-prestashop"",""cpu"":""0.01%"",""mem"":""109MiB / 122.8GiB""},{""name"":""lab-woocommerce"",""cpu"":""0.01%"",""mem"":""204.1MiB / 122.8GiB""},{""name"":""lab-redis"",""cpu"":""4.81%"",""mem"":""75.75MiB / 122.8GiB""},{""name"":""lab-postgres"",""cpu"":""8.06%"",""mem"":""243.4MiB / 122.8GiB""},{""name"":""lab-mysql"",""cpu"":""6.29%"",""mem"":""713.3MiB / 122.8GiB""},{""name"":""lab-woocommerce-mysql"",""cpu"":""1.20%"",""mem"":""485.5MiB / 122.8GiB""},{""name"":""lab-allegro-stub"",""cpu"":""0.00%"",""mem"":""30.19MiB / 122.8GiB""}]"
2026-09-09T08:14:28Z,4,488,8,213,28,2666485427,"[{""name"":""lab-worker-1"",""cpu"":""1.45%"",""mem"":""132MiB / 122.8GiB""},{""name"":""lab-api"",""cpu"":""0.00%"",""mem"":""176.2MiB / 122.8GiB""},{""name"":""lab-wc-tls"",""cpu"":""0.00%"",""mem"":""30.18MiB / 122.8GiB""},{""name"":""lab-prestashop"",""cpu"":""0.01%"",""mem"":""109MiB / 122.8GiB""},{""name"":""lab-woocommerce"",""cpu"":""0.00%"",""mem"":""204.1MiB / 122.8GiB""},{""name"":""lab-redis"",""cpu"":""0.43%"",""mem"":""75.75MiB / 122.8GiB""},{""name"":""lab-postgres"",""cpu"":""11.60%"",""mem"":""242.6MiB / 122.8GiB""},{""name"":""lab-mysql"",""cpu"":""0.94%"",""mem"":""713.3MiB / 122.8GiB""},{""name"":""lab-woocommerce-mysql"",""cpu"":""0.89%"",""mem"":""485.5MiB / 122.8GiB""},{""name"":""lab-allegro-stub"",""cpu"":""0.00%"",""mem"":""30.19MiB / 122.8GiB""}]"
2026-09-09T08:14:31Z,4,488,8,215,27,2666485427,"[{""name"":""lab-worker-1"",""cpu"":""2.77%"",""mem"":""131.8MiB / 122.8GiB""},{""name"":""lab-api"",""cpu"":""0.00%"",""mem"":""176.2MiB / 122.8GiB""},{""name"":""lab-wc-tls"",""cpu"":""0.00%"",""mem"":""30.18MiB / 122.8GiB""},{""name"":""lab-prestashop"",""cpu"":""0.00%"",""mem"":""109MiB / 122.8GiB""},{""name"":""lab-woocommerce"",""cpu"":""0.01%"",""mem"":""204.1MiB / 122.8GiB""},{""name"":""lab-redis"",""cpu"":""0.63%"",""mem"":""75.75MiB / 122.8GiB""},{""name"":""lab-postgres"",""cpu"":""14.58%"",""mem"":""242.5MiB / 122.8GiB""},{""name"":""lab-mysql"",""cpu"":""0.95%"",""mem"":""713.3MiB / 122.8GiB""},{""name"":""lab-woocommerce-mysql"",""cpu"":""1.02%"",""mem"":""485.5MiB / 122.8GiB""},{""name"":""lab-allegro-stub"",""cpu"":""1.24%"",""mem"":""37.36MiB / 122.8GiB""}]"
2026-09-09T08:14:35Z,3,487,6,217,27,2666485427,"[{""name"":""lab-worker-1"",""cpu"":""3.15%"",""mem"":""132MiB / 122.8GiB""},{""name"":""lab-api"",""cpu"":""0.00%"",""mem"":""176.2MiB / 122.8GiB""},{""name"":""lab-wc-tls"",""cpu"":""0.00%"",""mem"":""30.18MiB / 122.8GiB""},{""name"":""lab-prestashop"",""cpu"":""4.72%"",""mem"":""109MiB / 122.8GiB""},{""name"":""lab-woocommerce"",""cpu"":""0.00%"",""mem"":""204.1MiB / 122.8GiB""},{""name"":""lab-redis"",""cpu"":""0.68%"",""mem"":""75.76MiB / 122.8GiB""},{""name"":""lab-postgres"",""cpu"":""31.23%"",""mem"":""245.2MiB / 122.8GiB""},{""name"":""lab-mysql"",""cpu"":""1.27%"",""mem"":""713.3MiB / 122.8GiB""},{""name"":""lab-woocommerce-mysql"",""cpu"":""0.80%"",""mem"":""485.5MiB / 122.8GiB""},{""name"":""lab-allegro-stub"",""cpu"":""0.01%"",""mem"":""30.19MiB / 122.8GiB""}]"
2026-09-09T08:14:39Z,4,484,8,217,28,2666485427,"[{""name"":""lab-worker-1"",""cpu"":""3.59%"",""mem"":""132MiB / 122.8GiB""},{""name"":""lab-api"",""cpu"":""0.00%"",""mem"":""176.2MiB / 122.8GiB""},{""name"":""lab-wc-tls"",""cpu"":""0.00%"",""mem"":""30.18MiB / 122.8GiB""},{""name"":""lab-prestashop"",""cpu"":""0.01%"",""mem"":""109MiB / 122.8GiB""},{""name"":""lab-woocommerce"",""cpu"":""19.86%"",""mem"":""204.1MiB / 122.8GiB""},{""name"":""lab-redis"",""cpu"":""0.67%"",""mem"":""75.76MiB / 122.8GiB""},{""name"":""lab-postgres"",""cpu"":""25.54%"",""mem"":""242.6MiB / 122.8GiB""},{""name"":""lab-mysql"",""cpu"":""0.86%"",""mem"":""713.3MiB / 122.8GiB""},{""name"":""lab-woocommerce-mysql"",""cpu"":""10.00%"",""mem"":""485.5MiB / 122.8GiB""},{""name"":""lab-allegro-stub"",""cpu"":""0.00%"",""mem"":""30.19MiB / 122.8GiB""}]"
2026-09-09T08:14:43Z,4,481,8,220,28,2666485427,"[{""name"":""lab-worker-1"",""cpu"":""3.20%"",""mem"":""131.7MiB / 122.8GiB""},{""name"":""lab-api"",""cpu"":""0.00%"",""mem"":""176.2MiB / 122.8GiB""},{""name"":""lab-wc-tls"",""cpu"":""0.00%"",""mem"":""30.18MiB / 122.8GiB""},{""name"":""lab-prestashop"",""cpu"":""0.01%"",""mem"":""109MiB / 122.8GiB""},{""name"":""lab-woocommerce"",""cpu"":""0.00%"",""mem"":""204.1MiB / 122.8GiB""},{""name"":""lab-redis"",""cpu"":""0.71%"",""mem"":""75.75MiB / 122.8GiB""},{""name"":""lab-postgres"",""cpu"":""17.22%"",""mem"":""242.5MiB / 122.8GiB""},{""name"":""lab-mysql"",""cpu"":""0.89%"",""mem"":""713.3MiB / 122.8GiB""},{""name"":""lab-woocommerce-mysql"",""cpu"":""0.87%"",""mem"":""485.5MiB / 122.8GiB""},{""name"":""lab-allegro-stub"",""cpu"":""3.98%"",""mem"":""30.2MiB / 122.8GiB""}]"
2026-09-09T08:14:46Z,4,483,8,224,22,2666485427,"[{""name"":""lab-worker-1"",""cpu"":""2.80%"",""mem"":""131.8MiB / 122.8GiB""},{""name"":""lab-api"",""cpu"":""0.00%"",""mem"":""176.2MiB / 122.8GiB""},{""name"":""lab-wc-tls"",""cpu"":""0.00%"",""mem"":""30.18MiB / 122.8GiB""},{""name"":""lab-prestashop"",""cpu"":""0.00%"",""mem"":""109MiB / 122.8GiB""},{""name"":""lab-woocommerce"",""cpu"":""0.01%"",""mem"":""204.1MiB / 122.8GiB""},{""name"":""lab-redis"",""cpu"":""0.62%"",""mem"":""75.76MiB / 122.8GiB""},{""name"":""lab-postgres"",""cpu"":""32.71%"",""mem"":""242.5MiB / 122.8GiB""},{""name"":""lab-mysql"",""cpu"":""0.79%"",""mem"":""713.3MiB / 122.8GiB""},{""name"":""lab-woocommerce-mysql"",""cpu"":""0.85%"",""mem"":""485.5MiB / 122.8GiB""},{""name"":""lab-allegro-stub"",""cpu"":""4.14%"",""mem"":""30.21MiB / 122.8GiB""}]"
2026-09-09T08:14:50Z,3,483,8,227,20,2666485427,"[{""name"":""lab-worker-1"",""cpu"":""2.63%"",""mem"":""131.8MiB / 122.8GiB""},{""name"":""lab-api"",""cpu"":""0.00%"",""mem"":""176.2MiB / 122.8GiB""},{""name"":""lab-wc-tls"",""cpu"":""0.00%"",""mem"":""30.18MiB / 122.8GiB""},{""name"":""lab-prestashop"",""cpu"":""0.00%"",""mem"":""109MiB / 122.8GiB""},{""name"":""lab-woocommerce"",""cpu"":""0.01%"",""mem"":""204.1MiB / 122.8GiB""},{""name"":""lab-redis"",""cpu"":""0.60%"",""mem"":""75.75MiB / 122.8GiB""},{""name"":""lab-postgres"",""cpu"":""21.70%"",""mem"":""242.5MiB / 122.8GiB""},{""name"":""lab-mysql"",""cpu"":""0.75%"",""mem"":""713.3MiB / 122.8GiB""},{""name"":""lab-woocommerce-mysql"",""cpu"":""0.94%"",""mem"":""485.5MiB / 122.8GiB""},{""name"":""lab-allegro-stub"",""cpu"":""0.00%"",""mem"":""30.19MiB / 122.8GiB""}]"
2026-09-09T08:14:54Z,4,481,7,228,20,2666485427,"[{""name"":""lab-worker-1"",""cpu"":""1.00%"",""mem"":""131.8MiB / 122.8GiB""},{""name"":""lab-api"",""cpu"":""0.00%"",""mem"":""176.2MiB / 122.8GiB""},{""name"":""lab-wc-tls"",""cpu"":""0.00%"",""mem"":""30.18MiB / 122.8GiB""},{""name"":""lab-prestashop"",""cpu"":""0.01%"",""mem"":""109MiB / 122.8GiB""},{""name"":""lab-woocommerce"",""cpu"":""0.01%"",""mem"":""204.1MiB / 122.8GiB""},{""name"":""lab-redis"",""cpu"":""0.42%"",""mem"":""76MiB / 122.8GiB""},{""name"":""lab-postgres"",""cpu"":""10.03%"",""mem"":""248MiB / 122.8GiB""},{""name"":""lab-mysql"",""cpu"":""0.89%"",""mem"":""713.3MiB / 122.8GiB""},{""name"":""lab-woocommerce-mysql"",""cpu"":""0.95%"",""mem"":""485.5MiB / 122.8GiB""},{""name"":""lab-allegro-stub"",""cpu"":""0.00%"",""mem"":""30.19MiB / 122.8GiB""}]"
2026-09-09T08:14:57Z,4,480,8,232,18,2666485427,"[{""name"":""lab-worker-1"",""cpu"":""3.05%"",""mem"":""131.8MiB / 122.8GiB""},{""name"":""lab-api"",""cpu"":""0.00%"",""mem"":""176.2MiB / 122.8GiB""},{""name"":""lab-wc-tls"",""cpu"":""0.00%"",""mem"":""30.18MiB / 122.8GiB""},{""name"":""lab-prestashop"",""cpu"":""0.01%"",""mem"":""109MiB / 122.8GiB""},{""name"":""lab-woocommerce"",""cpu"":""0.01%"",""mem"":""204.1MiB / 122.8GiB""},{""name"":""lab-redis"",""cpu"":""0.66%"",""mem"":""76MiB / 122.8GiB""},{""name"":""lab-postgres"",""cpu"":""8.42%"",""mem"":""242.8MiB / 122.8GiB""},{""name"":""lab-mysql"",""cpu"":""0.88%"",""mem"":""713.3MiB / 122.8GiB""},{""name"":""lab-woocommerce-mysql"",""cpu"":""0.93%"",""mem"":""485.5MiB / 122.8GiB""},{""name"":""lab-allegro-stub"",""cpu"":""0.01%"",""mem"":""30.19MiB / 122.8GiB""}]"
2026-09-09T08:15:01Z,3,480,7,233,17,2666485427,"[{""name"":""lab-worker-1"",""cpu"":""3.05%"",""mem"":""132.3MiB / 122.8GiB""},{""name"":""lab-api"",""cpu"":""0.00%"",""mem"":""176.2MiB / 122.8GiB""},{""name"":""lab-wc-tls"",""cpu"":""0.00%"",""mem"":""30.18MiB / 122.8GiB""},{""name"":""lab-prestashop"",""cpu"":""0.01%"",""mem"":""109MiB / 122.8GiB""},{""name"":""lab-woocommerce"",""cpu"":""0.00%"",""mem"":""204.1MiB / 122.8GiB""},{""name"":""lab-redis"",""cpu"":""0.65%"",""mem"":""75.76MiB / 122.8GiB""},{""name"":""lab-postgres"",""cpu"":""19.91%"",""mem"":""242.5MiB / 122.8GiB""},{""name"":""lab-mysql"",""cpu"":""0.84%"",""mem"":""713.3MiB / 122.8GiB""},{""name"":""lab-woocommerce-mysql"",""cpu"":""0.87%"",""mem"":""485.5MiB / 122.8GiB""},{""name"":""lab-allegro-stub"",""cpu"":""0.00%"",""mem"":""30.19MiB / 122.8GiB""}]"
2026-09-09T08:15:05Z,4,477,7,235,18,2666485427,"[{""name"":""lab-worker-1"",""cpu"":""3.52%"",""mem"":""131.8MiB / 122.8GiB""},{""name"":""lab-api"",""cpu"":""0.00%"",""mem"":""176.2MiB / 122.8GiB""},{""name"":""lab-wc-tls"",""cpu"":""0.00%"",""mem"":""30.18MiB / 122.8GiB""},{""name"":""lab-prestashop"",""cpu"":""4.82%"",""mem"":""109.3MiB / 122.8GiB""},{""name"":""lab-woocommerce"",""cpu"":""0.00%"",""mem"":""204.1MiB / 122.8GiB""},{""name"":""lab-redis"",""cpu"":""4.85%"",""mem"":""76MiB / 122.8GiB""},{""name"":""lab-postgres"",""cpu"":""18.80%"",""mem"":""242.5MiB / 122.8GiB""},{""name"":""lab-mysql"",""cpu"":""6.00%"",""mem"":""713.5MiB / 122.8GiB""},{""name"":""lab-woocommerce-mysql"",""cpu"":""0.86%"",""mem"":""485.5MiB / 122.8GiB""},{""name"":""lab-allegro-stub"",""cpu"":""0.01%"",""mem"":""30.2MiB / 122.8GiB""}]"
2026-09-09T08:15:08Z,4,475,8,238,17,2666485427,"[{""name"":""lab-worker-1"",""cpu"":""3.02%"",""mem"":""132.1MiB / 122.8GiB""},{""name"":""lab-api"",""cpu"":""0.00%"",""mem"":""176.2MiB / 122.8GiB""},{""name"":""lab-wc-tls"",""cpu"":""0.00%"",""mem"":""30.18MiB / 122.8GiB""},{""name"":""lab-prestashop"",""cpu"":""0.00%"",""mem"":""109.1MiB / 122.8GiB""},{""name"":""lab-woocommerce"",""cpu"":""12.95%"",""mem"":""204.6MiB / 122.8GiB""},{""name"":""lab-redis"",""cpu"":""0.65%"",""mem"":""76MiB / 122.8GiB""},{""name"":""lab-postgres"",""cpu"":""24.93%"",""mem"":""242.5MiB / 122.8GiB""},{""name"":""lab-mysql"",""cpu"":""0.75%"",""mem"":""713.3MiB / 122.8GiB""},{""name"":""lab-woocommerce-mysql"",""cpu"":""5.94%"",""mem"":""485.5MiB / 122.8GiB""},{""name"":""lab-allegro-stub"",""cpu"":""0.01%"",""mem"":""30.19MiB / 122.8GiB""}]"
2026-09-09T08:15:12Z,3,472,7,240,19,2666485427,"[{""name"":""lab-worker-1"",""cpu"":""2.78%"",""mem"":""132.4MiB / 122.8GiB""},{""name"":""lab-api"",""cpu"":""0.00%"",""mem"":""176.2MiB / 122.8GiB""},{""name"":""lab-wc-tls"",""cpu"":""0.00%"",""mem"":""30.18MiB / 122.8GiB""},{""name"":""lab-prestashop"",""cpu"":""0.00%"",""mem"":""109MiB / 122.8GiB""},{""name"":""lab-woocommerce"",""cpu"":""0.01%"",""mem"":""204.1MiB / 122.8GiB""},{""name"":""lab-redis"",""cpu"":""0.67%"",""mem"":""75.76MiB / 122.8GiB""},{""name"":""lab-postgres"",""cpu"":""32.06%"",""mem"":""242.5MiB / 122.8GiB""},{""name"":""lab-mysql"",""cpu"":""0.91%"",""mem"":""713.3MiB / 122.8GiB""},{""name"":""lab-woocommerce-mysql"",""cpu"":""0.88%"",""mem"":""485.5MiB / 122.8GiB""},{""name"":""lab-allegro-stub"",""cpu"":""3.75%"",""mem"":""30.27MiB / 122.8GiB""}]"
2026-09-09T08:15:16Z,4,467,8,241,21,2666485427,"[{""name"":""lab-worker-1"",""cpu"":""2.30%"",""mem"":""132MiB / 122.8GiB""},{""name"":""lab-api"",""cpu"":""0.00%"",""mem"":""176.2MiB / 122.8GiB""},{""name"":""lab-wc-tls"",""cpu"":""0.00%"",""mem"":""30.18MiB / 122.8GiB""},{""name"":""lab-prestashop"",""cpu"":""0.00%"",""mem"":""109MiB / 122.8GiB""},{""name"":""lab-woocommerce"",""cpu"":""0.01%"",""mem"":""204.1MiB / 122.8GiB""},{""name"":""lab-redis"",""cpu"":""0.48%"",""mem"":""76MiB / 122.8GiB""},{""name"":""lab-postgres"",""cpu"":""20.02%"",""mem"":""242.6MiB / 122.8GiB""},{""name"":""lab-mysql"",""cpu"":""0.87%"",""mem"":""713.3MiB / 122.8GiB""},{""name"":""lab-woocommerce-mysql"",""cpu"":""0.86%"",""mem"":""485.5MiB / 122.8GiB""},{""name"":""lab-allegro-stub"",""cpu"":""0.00%"",""mem"":""30.2MiB / 122.8GiB""}]"
2026-09-09T08:15:19Z,4,467,7,242,21,2666485427,"[{""name"":""lab-worker-1"",""cpu"":""2.33%"",""mem"":""132.1MiB / 122.8GiB""},{""name"":""lab-api"",""cpu"":""0.00%"",""mem"":""176.2MiB / 122.8GiB""},{""name"":""lab-wc-tls"",""cpu"":""0.00%"",""mem"":""30.18MiB / 122.8GiB""},{""name"":""lab-prestashop"",""cpu"":""0.01%"",""mem"":""109MiB / 122.8GiB""},{""name"":""lab-woocommerce"",""cpu"":""0.01%"",""mem"":""204.1MiB / 122.8GiB""},{""name"":""lab-redis"",""cpu"":""0.64%"",""mem"":""75.75MiB / 122.8GiB""},{""name"":""lab-postgres"",""cpu"":""18.95%"",""mem"":""242.5MiB / 122.8GiB""},{""name"":""lab-mysql"",""cpu"":""0.93%"",""mem"":""713.3MiB / 122.8GiB""},{""name"":""lab-woocommerce-mysql"",""cpu"":""0.97%"",""mem"":""485.5MiB / 122.8GiB""},{""name"":""lab-allegro-stub"",""cpu"":""0.00%"",""mem"":""30.19MiB / 122.8GiB""}]"
2026-09-09T08:15:23Z,3,469,8,242,18,2666485427,"[{""name"":""lab-worker-1"",""cpu"":""2.48%"",""mem"":""132MiB / 122.8GiB""},{""name"":""lab-api"",""cpu"":""0.00%"",""mem"":""176.2MiB / 122.8GiB""},{""name"":""lab-wc-tls"",""cpu"":""0.00%"",""mem"":""30.18MiB / 122.8GiB""},{""name"":""lab-prestashop"",""cpu"":""0.01%"",""mem"":""109MiB / 122.8GiB""},{""name"":""lab-woocommerce"",""cpu"":""0.01%"",""mem"":""204.1MiB / 122.8GiB""},{""name"":""lab-redis"",""cpu"":""0.64%"",""mem"":""75.75MiB / 122.8GiB""},{""name"":""lab-postgres"",""cpu"":""21.78%"",""mem"":""240.3MiB / 122.8GiB""},{""name"":""lab-mysql"",""cpu"":""0.97%"",""mem"":""713.3MiB / 122.8GiB""},{""name"":""lab-woocommerce-mysql"",""cpu"":""0.94%"",""mem"":""485.5MiB / 122.8GiB""},{""name"":""lab-allegro-stub"",""cpu"":""0.01%"",""mem"":""30.19MiB / 122.8GiB""}]"
2026-09-09T08:15:27Z,4,469,8,242,17,2666485427,"[{""name"":""lab-worker-1"",""cpu"":""3.73%"",""mem"":""131.9MiB / 122.8GiB""},{""name"":""lab-api"",""cpu"":""0.00%"",""mem"":""176.2MiB / 122.8GiB""},{""name"":""lab-wc-tls"",""cpu"":""0.00%"",""mem"":""30.18MiB / 122.8GiB""},{""name"":""lab-prestashop"",""cpu"":""0.01%"",""mem"":""109MiB / 122.8GiB""},{""name"":""lab-woocommerce"",""cpu"":""0.00%"",""mem"":""204.1MiB / 122.8GiB""},{""name"":""lab-redis"",""cpu"":""0.72%"",""mem"":""75.76MiB / 122.8GiB""},{""name"":""lab-postgres"",""cpu"":""8.07%"",""mem"":""240.2MiB / 122.8GiB""},{""name"":""lab-mysql"",""cpu"":""0.98%"",""mem"":""713.3MiB / 122.8GiB""},{""name"":""lab-woocommerce-mysql"",""cpu"":""1.01%"",""mem"":""485.5MiB / 122.8GiB""},{""name"":""lab-allegro-stub"",""cpu"":""0.00%"",""mem"":""30.19MiB / 122.8GiB""}]"
2026-09-09T08:15:31Z,4,469,8,244,16,2666485427,"[{""name"":""lab-worker-1"",""cpu"":""2.89%"",""mem"":""132.2MiB / 122.8GiB""},{""name"":""lab-api"",""cpu"":""0.00%"",""mem"":""176.2MiB / 122.8GiB""},{""name"":""lab-wc-tls"",""cpu"":""0.00%"",""mem"":""30.18MiB / 122.8GiB""},{""name"":""lab-prestashop"",""cpu"":""0.01%"",""mem"":""109MiB / 122.8GiB""},{""name"":""lab-woocommerce"",""cpu"":""0.01%"",""mem"":""204.1MiB / 122.8GiB""},{""name"":""lab-redis"",""cpu"":""0.52%"",""mem"":""75.75MiB / 122.8GiB""},{""name"":""lab-postgres"",""cpu"":""14.30%"",""mem"":""241.7MiB / 122.8GiB""},{""name"":""lab-mysql"",""cpu"":""0.92%"",""mem"":""713.3MiB / 122.8GiB""},{""name"":""lab-woocommerce-mysql"",""cpu"":""0.93%"",""mem"":""485.5MiB / 122.8GiB""},{""name"":""lab-allegro-stub"",""cpu"":""0.00%"",""mem"":""30.19MiB / 122.8GiB""}]"
2026-09-09T08:15:34Z,4,468,8,245,16,2666485427,"[{""name"":""lab-worker-1"",""cpu"":""1.37%"",""mem"":""132.3MiB / 122.8GiB""},{""name"":""lab-api"",""cpu"":""0.00%"",""mem"":""176.2MiB / 122.8GiB""},{""name"":""lab-wc-tls"",""cpu"":""0.00%"",""mem"":""30.18MiB / 122.8GiB""},{""name"":""lab-prestashop"",""cpu"":""0.01%"",""mem"":""109MiB / 122.8GiB""},{""name"":""lab-woocommerce"",""cpu"":""0.01%"",""mem"":""204.1MiB / 122.8GiB""},{""name"":""lab-redis"",""cpu"":""4.84%"",""mem"":""76.1MiB / 122.8GiB""},{""name"":""lab-postgres"",""cpu"":""20.32%"",""mem"":""240.1MiB / 122.8GiB""},{""name"":""lab-mysql"",""cpu"":""0.89%"",""mem"":""713.3MiB / 122.8GiB""},{""name"":""lab-woocommerce-mysql"",""cpu"":""0.88%"",""mem"":""485.5MiB / 122.8GiB""},{""name"":""lab-allegro-stub"",""cpu"":""0.01%"",""mem"":""30.19MiB / 122.8GiB""}]"
2026-09-09T08:15:38Z,3,466,8,248,17,2666485427,"[{""name"":""lab-worker-1"",""cpu"":""1.43%"",""mem"":""132.1MiB / 122.8GiB""},{""name"":""lab-api"",""cpu"":""0.00%"",""mem"":""176.2MiB / 122.8GiB""},{""name"":""lab-wc-tls"",""cpu"":""0.00%"",""mem"":""30.18MiB / 122.8GiB""},{""name"":""lab-prestashop"",""cpu"":""0.01%"",""mem"":""109MiB / 122.8GiB""},{""name"":""lab-woocommerce"",""cpu"":""0.00%"",""mem"":""204.1MiB / 122.8GiB""},{""name"":""lab-redis"",""cpu"":""0.48%"",""mem"":""76MiB / 122.8GiB""},{""name"":""lab-postgres"",""cpu"":""36.39%"",""mem"":""242.6MiB / 122.8GiB""},{""name"":""lab-mysql"",""cpu"":""0.71%"",""mem"":""713.3MiB / 122.8GiB""},{""name"":""lab-woocommerce-mysql"",""cpu"":""0.83%"",""mem"":""485.5MiB / 122.8GiB""},{""name"":""lab-allegro-stub"",""cpu"":""4.42%"",""mem"":""30.25MiB / 122.8GiB""}]"
2026-09-09T08:15:42Z,4,464,7,249,17,2666485427,"[{""name"":""lab-worker-1"",""cpu"":""2.45%"",""mem"":""132.3MiB / 122.8GiB""},{""name"":""lab-api"",""cpu"":""0.00%"",""mem"":""176.2MiB / 122.8GiB""},{""name"":""lab-wc-tls"",""cpu"":""0.00%"",""mem"":""30.18MiB / 122.8GiB""},{""name"":""lab-prestashop"",""cpu"":""0.00%"",""mem"":""109MiB / 122.8GiB""},{""name"":""lab-woocommerce"",""cpu"":""0.00%"",""mem"":""204.1MiB / 122.8GiB""},{""name"":""lab-redis"",""cpu"":""0.46%"",""mem"":""75.76MiB / 122.8GiB""},{""name"":""lab-postgres"",""cpu"":""19.04%"",""mem"":""242.4MiB / 122.8GiB""},{""name"":""lab-mysql"",""cpu"":""0.86%"",""mem"":""713.3MiB / 122.8GiB""},{""name"":""lab-woocommerce-mysql"",""cpu"":""0.97%"",""mem"":""485.5MiB / 122.8GiB""},{""name"":""lab-allegro-stub"",""cpu"":""0.00%"",""mem"":""30.19MiB / 122.8GiB""}]"
2026-09-09T08:15:45Z,4,461,8,250,18,2666485427,"[{""name"":""lab-worker-1"",""cpu"":""3.38%"",""mem"":""132.2MiB / 122.8GiB""},{""name"":""lab-api"",""cpu"":""0.00%"",""mem"":""176.2MiB / 122.8GiB""},{""name"":""lab-wc-tls"",""cpu"":""0.00%"",""mem"":""30.18MiB / 122.8GiB""},{""name"":""lab-prestashop"",""cpu"":""0.01%"",""mem"":""109MiB / 122.8GiB""},{""name"":""lab-woocommerce"",""cpu"":""0.01%"",""mem"":""204.1MiB / 122.8GiB""},{""name"":""lab-redis"",""cpu"":""0.70%"",""mem"":""76.01MiB / 122.8GiB""},{""name"":""lab-postgres"",""cpu"":""19.62%"",""mem"":""242.5MiB / 122.8GiB""},{""name"":""lab-mysql"",""cpu"":""5.66%"",""mem"":""713.3MiB / 122.8GiB""},{""name"":""lab-woocommerce-mysql"",""cpu"":""0.94%"",""mem"":""485.5MiB / 122.8GiB""},{""name"":""lab-allegro-stub"",""cpu"":""0.00%"",""mem"":""30.19MiB / 122.8GiB""}]"
2026-09-09T08:15:49Z,3,458,7,252,20,2666485427,"[{""name"":""lab-worker-1"",""cpu"":""1.31%"",""mem"":""132.3MiB / 122.8GiB""},{""name"":""lab-api"",""cpu"":""0.00%"",""mem"":""176.2MiB / 122.8GiB""},{""name"":""lab-wc-tls"",""cpu"":""0.00%"",""mem"":""30.18MiB / 122.8GiB""},{""name"":""lab-prestashop"",""cpu"":""0.01%"",""mem"":""109MiB / 122.8GiB""},{""name"":""lab-woocommerce"",""cpu"":""0.01%"",""mem"":""204.1MiB / 122.8GiB""},{""name"":""lab-redis"",""cpu"":""0.47%"",""mem"":""75.76MiB / 122.8GiB""},{""name"":""lab-postgres"",""cpu"":""31.09%"",""mem"":""242.8MiB / 122.8GiB""},{""name"":""lab-mysql"",""cpu"":""0.76%"",""mem"":""713.3MiB / 122.8GiB""},{""name"":""lab-woocommerce-mysql"",""cpu"":""5.41%"",""mem"":""485.8MiB / 122.8GiB""},{""name"":""lab-allegro-stub"",""cpu"":""0.00%"",""mem"":""30.19MiB / 122.8GiB""}]"
2026-09-09T08:15:53Z,4,455,7,254,21,2666485427,"[{""name"":""lab-worker-1"",""cpu"":""3.95%"",""mem"":""132MiB / 122.8GiB""},{""name"":""lab-api"",""cpu"":""0.00%"",""mem"":""176.2MiB / 122.8GiB""},{""name"":""lab-wc-tls"",""cpu"":""0.00%"",""mem"":""30.18MiB / 122.8GiB""},{""name"":""lab-prestashop"",""cpu"":""0.00%"",""mem"":""109MiB / 122.8GiB""},{""name"":""lab-woocommerce"",""cpu"":""0.01%"",""mem"":""204.1MiB / 122.8GiB""},{""name"":""lab-redis"",""cpu"":""0.74%"",""mem"":""75.75MiB / 122.8GiB""},{""name"":""lab-postgres"",""cpu"":""10.99%"",""mem"":""248.3MiB / 122.8GiB""},{""name"":""lab-mysql"",""cpu"":""0.92%"",""mem"":""713.3MiB / 122.8GiB""},{""name"":""lab-woocommerce-mysql"",""cpu"":""0.96%"",""mem"":""485.5MiB / 122.8GiB""},{""name"":""lab-allegro-stub"",""cpu"":""4.20%"",""mem"":""30.19MiB / 122.8GiB""}]"
2026-09-09T08:15:56Z,4,452,7,255,23,2666485427,"[{""name"":""lab-worker-1"",""cpu"":""3.02%"",""mem"":""132.3MiB / 122.8GiB""},{""name"":""lab-api"",""cpu"":""0.00%"",""mem"":""176.2MiB / 122.8GiB""},{""name"":""lab-wc-tls"",""cpu"":""0.00%"",""mem"":""30.18MiB / 122.8GiB""},{""name"":""lab-prestashop"",""cpu"":""0.01%"",""mem"":""109MiB / 122.8GiB""},{""name"":""lab-woocommerce"",""cpu"":""0.00%"",""mem"":""204.1MiB / 122.8GiB""},{""name"":""lab-redis"",""cpu"":""0.62%"",""mem"":""75.76MiB / 122.8GiB""},{""name"":""lab-postgres"",""cpu"":""8.06%"",""mem"":""242.5MiB / 122.8GiB""},{""name"":""lab-mysql"",""cpu"":""0.95%"",""mem"":""713.3MiB / 122.8GiB""},{""name"":""lab-woocommerce-mysql"",""cpu"":""1.03%"",""mem"":""485.5MiB / 122.8GiB""},{""name"":""lab-allegro-stub"",""cpu"":""0.00%"",""mem"":""30.19MiB / 122.8GiB""}]"
2026-09-09T08:16:00Z,3,449,8,256,24,2666493619,"[{""name"":""lab-worker-1"",""cpu"":""5.22%"",""mem"":""132MiB / 122.8GiB""},{""name"":""lab-api"",""cpu"":""0.00%"",""mem"":""176.2MiB / 122.8GiB""},{""name"":""lab-wc-tls"",""cpu"":""0.00%"",""mem"":""30.18MiB / 122.8GiB""},{""name"":""lab-prestashop"",""cpu"":""0.00%"",""mem"":""109MiB / 122.8GiB""},{""name"":""lab-woocommerce"",""cpu"":""0.01%"",""mem"":""204.1MiB / 122.8GiB""},{""name"":""lab-redis"",""cpu"":""0.81%"",""mem"":""75.77MiB / 122.8GiB""},{""name"":""lab-postgres"",""cpu"":""21.94%"",""mem"":""244.9MiB / 122.8GiB""},{""name"":""lab-mysql"",""cpu"":""0.85%"",""mem"":""713.3MiB / 122.8GiB""},{""name"":""lab-woocommerce-mysql"",""cpu"":""0.91%"",""mem"":""485.5MiB / 122.8GiB""},{""name"":""lab-allegro-stub"",""cpu"":""0.00%"",""mem"":""30.19MiB / 122.8GiB""}]"
2026-09-09T08:16:04Z,4,447,8,257,25,2666493619,"[{""name"":""lab-worker-1"",""cpu"":""1.83%"",""mem"":""132MiB / 122.8GiB""},{""name"":""lab-api"",""cpu"":""0.00%"",""mem"":""176.2MiB / 122.8GiB""},{""name"":""lab-wc-tls"",""cpu"":""0.00%"",""mem"":""30.18MiB / 122.8GiB""},{""name"":""lab-prestashop"",""cpu"":""0.01%"",""mem"":""109MiB / 122.8GiB""},{""name"":""lab-woocommerce"",""cpu"":""0.00%"",""mem"":""204.1MiB / 122.8GiB""},{""name"":""lab-redis"",""cpu"":""0.65%"",""mem"":""76.01MiB / 122.8GiB""},{""name"":""lab-postgres"",""cpu"":""19.91%"",""mem"":""251.3MiB / 122.8GiB""},{""name"":""lab-mysql"",""cpu"":""0.98%"",""mem"":""713.3MiB / 122.8GiB""},{""name"":""lab-woocommerce-mysql"",""cpu"":""0.95%"",""mem"":""485.5MiB / 122.8GiB""},{""name"":""lab-allegro-stub"",""cpu"":""0.00%"",""mem"":""30.19MiB / 122.8GiB""}]"
2026-09-09T08:16:07Z,4,445,7,258,27,2666493619,"[{""name"":""lab-worker-1"",""cpu"":""2.03%"",""mem"":""132MiB / 122.8GiB""},{""name"":""lab-api"",""cpu"":""0.00%"",""mem"":""176.2MiB / 122.8GiB""},{""name"":""lab-wc-tls"",""cpu"":""0.00%"",""mem"":""30.18MiB / 122.8GiB""},{""name"":""lab-prestashop"",""cpu"":""0.00%"",""mem"":""109MiB / 122.8GiB""},{""name"":""lab-woocommerce"",""cpu"":""0.01%"",""mem"":""204.1MiB / 122.8GiB""},{""name"":""lab-redis"",""cpu"":""0.41%"",""mem"":""75.75MiB / 122.8GiB""},{""name"":""lab-postgres"",""cpu"":""20.00%"",""mem"":""244.9MiB / 122.8GiB""},{""name"":""lab-mysql"",""cpu"":""0.85%"",""mem"":""713.3MiB / 122.8GiB""},{""name"":""lab-woocommerce-mysql"",""cpu"":""0.83%"",""mem"":""485.5MiB / 122.8GiB""},{""name"":""lab-allegro-stub"",""cpu"":""0.00%"",""mem"":""30.19MiB / 122.8GiB""}]"
2026-09-09T08:16:11Z,3,442,8,259,27,2666493619,"[{""name"":""lab-worker-1"",""cpu"":""1.38%"",""mem"":""132.2MiB / 122.8GiB""},{""name"":""lab-api"",""cpu"":""0.00%"",""mem"":""176.2MiB / 122.8GiB""},{""name"":""lab-wc-tls"",""cpu"":""0.00%"",""mem"":""30.18MiB / 122.8GiB""},{""name"":""lab-prestashop"",""cpu"":""0.01%"",""mem"":""109MiB / 122.8GiB""},{""name"":""lab-woocommerce"",""cpu"":""0.00%"",""mem"":""204.1MiB / 122.8GiB""},{""name"":""lab-redis"",""cpu"":""0.46%"",""mem"":""76MiB / 122.8GiB""},{""name"":""lab-postgres"",""cpu"":""19.14%"",""mem"":""244.9MiB / 122.8GiB""},{""name"":""lab-mysql"",""cpu"":""0.94%"",""mem"":""713.3MiB / 122.8GiB""},{""name"":""lab-woocommerce-mysql"",""cpu"":""0.84%"",""mem"":""485.5MiB / 122.8GiB""},{""name"":""lab-allegro-stub"",""cpu"":""0.00%"",""mem"":""30.19MiB / 122.8GiB""}]"
2026-09-09T08:16:15Z,4,439,8,260,29,2666493619,"[{""name"":""lab-worker-1"",""cpu"":""1.38%"",""mem"":""132.3MiB / 122.8GiB""},{""name"":""lab-api"",""cpu"":""0.00%"",""mem"":""176.2MiB / 122.8GiB""},{""name"":""lab-wc-tls"",""cpu"":""0.00%"",""mem"":""30.18MiB / 122.8GiB""},{""name"":""lab-prestashop"",""cpu"":""0.00%"",""mem"":""109MiB / 122.8GiB""},{""name"":""lab-woocommerce"",""cpu"":""0.00%"",""mem"":""204.1MiB / 122.8GiB""},{""name"":""lab-redis"",""cpu"":""4.38%"",""mem"":""76MiB / 122.8GiB""},{""name"":""lab-postgres"",""cpu"":""31.87%"",""mem"":""245.2MiB / 122.8GiB""},{""name"":""lab-mysql"",""cpu"":""5.39%"",""mem"":""713.3MiB / 122.8GiB""},{""name"":""lab-woocommerce-mysql"",""cpu"":""0.80%"",""mem"":""485.5MiB / 122.8GiB""},{""name"":""lab-allegro-stub"",""cpu"":""0.00%"",""mem"":""30.19MiB / 122.8GiB""}]"
2026-09-09T08:16:19Z,4,443,6,261,29,2666493619,"[{""name"":""lab-worker-1"",""cpu"":""1.80%"",""mem"":""132MiB / 122.8GiB""},{""name"":""lab-api"",""cpu"":""0.00%"",""mem"":""176.2MiB / 122.8GiB""},{""name"":""lab-wc-tls"",""cpu"":""0.00%"",""mem"":""30.18MiB / 122.8GiB""},{""name"":""lab-prestashop"",""cpu"":""0.01%"",""mem"":""109MiB / 122.8GiB""},{""name"":""lab-woocommerce"",""cpu"":""0.01%"",""mem"":""204.1MiB / 122.8GiB""},{""name"":""lab-redis"",""cpu"":""0.60%"",""mem"":""75.76MiB / 122.8GiB""},{""name"":""lab-postgres"",""cpu"":""22.18%"",""mem"":""247.7MiB / 122.8GiB""},{""name"":""lab-mysql"",""cpu"":""0.90%"",""mem"":""713.3MiB / 122.8GiB""},{""name"":""lab-woocommerce-mysql"",""cpu"":""5.05%"",""mem"":""485.9MiB / 122.8GiB""},{""name"":""lab-allegro-stub"",""cpu"":""4.23%"",""mem"":""30.21MiB / 122.8GiB""}]"
2026-09-09T08:16:22Z,4,438,7,262,30,2666493619,"[{""name"":""lab-worker-1"",""cpu"":""2.49%"",""mem"":""131.9MiB / 122.8GiB""},{""name"":""lab-api"",""cpu"":""0.00%"",""mem"":""176.2MiB / 122.8GiB""},{""name"":""lab-wc-tls"",""cpu"":""0.00%"",""mem"":""30.18MiB / 122.8GiB""},{""name"":""lab-prestashop"",""cpu"":""0.00%"",""mem"":""109MiB / 122.8GiB""},{""name"":""lab-woocommerce"",""cpu"":""0.00%"",""mem"":""204.1MiB / 122.8GiB""},{""name"":""lab-redis"",""cpu"":""0.38%"",""mem"":""75.75MiB / 122.8GiB""},{""name"":""lab-postgres"",""cpu"":""20.73%"",""mem"":""244.9MiB / 122.8GiB""},{""name"":""lab-mysql"",""cpu"":""0.86%"",""mem"":""713.3MiB / 122.8GiB""},{""name"":""lab-woocommerce-mysql"",""cpu"":""0.83%"",""mem"":""485.5MiB / 122.8GiB""},{""name"":""lab-allegro-stub"",""cpu"":""4.20%"",""mem"":""30.2MiB / 122.8GiB""}]"
2026-09-09T08:16:26Z,3,436,8,263,30,2666493619,"[{""name"":""lab-worker-1"",""cpu"":""2.34%"",""mem"":""131.9MiB / 122.8GiB""},{""name"":""lab-api"",""cpu"":""0.00%"",""mem"":""176.2MiB / 122.8GiB""},{""name"":""lab-wc-tls"",""cpu"":""0.00%"",""mem"":""30.18MiB / 122.8GiB""},{""name"":""lab-prestashop"",""cpu"":""0.01%"",""mem"":""109MiB / 122.8GiB""},{""name"":""lab-woocommerce"",""cpu"":""0.00%"",""mem"":""204.1MiB / 122.8GiB""},{""name"":""lab-redis"",""cpu"":""0.74%"",""mem"":""75.75MiB / 122.8GiB""},{""name"":""lab-postgres"",""cpu"":""9.12%"",""mem"":""251.4MiB / 122.8GiB""},{""name"":""lab-mysql"",""cpu"":""0.92%"",""mem"":""713.3MiB / 122.8GiB""},{""name"":""lab-woocommerce-mysql"",""cpu"":""0.91%"",""mem"":""485.5MiB / 122.8GiB""},{""name"":""lab-allegro-stub"",""cpu"":""0.00%"",""mem"":""30.19MiB / 122.8GiB""}]"
2026-09-09T08:16:30Z,4,432,8,266,31,2666493619,"[{""name"":""lab-worker-1"",""cpu"":""2.54%"",""mem"":""132MiB / 122.8GiB""},{""name"":""lab-api"",""cpu"":""0.00%"",""mem"":""176.2MiB / 122.8GiB""},{""name"":""lab-wc-tls"",""cpu"":""0.00%"",""mem"":""30.18MiB / 122.8GiB""},{""name"":""lab-prestashop"",""cpu"":""0.00%"",""mem"":""109MiB / 122.8GiB""},{""name"":""lab-woocommerce"",""cpu"":""0.01%"",""mem"":""204.1MiB / 122.8GiB""},{""name"":""lab-redis"",""cpu"":""0.60%"",""mem"":""75.75MiB / 122.8GiB""},{""name"":""lab-postgres"",""cpu"":""5.79%"",""mem"":""246.4MiB / 122.8GiB""},{""name"":""lab-mysql"",""cpu"":""0.96%"",""mem"":""713.3MiB / 122.8GiB""},{""name"":""lab-woocommerce-mysql"",""cpu"":""0.96%"",""mem"":""485.5MiB / 122.8GiB""},{""name"":""lab-allegro-stub"",""cpu"":""0.00%"",""mem"":""30.19MiB / 122.8GiB""}]"
2026-09-09T08:16:33Z,4,432,8,268,29,2666493619,"[{""name"":""lab-worker-1"",""cpu"":""2.59%"",""mem"":""133.3MiB / 122.8GiB""},{""name"":""lab-api"",""cpu"":""0.00%"",""mem"":""176.2MiB / 122.8GiB""},{""name"":""lab-wc-tls"",""cpu"":""0.00%"",""mem"":""30.18MiB / 122.8GiB""},{""name"":""lab-prestashop"",""cpu"":""0.01%"",""mem"":""109MiB / 122.8GiB""},{""name"":""lab-woocommerce"",""cpu"":""0.01%"",""mem"":""204.1MiB / 122.8GiB""},{""name"":""lab-redis"",""cpu"":""0.49%"",""mem"":""75.76MiB / 122.8GiB""},{""name"":""lab-postgres"",""cpu"":""19.98%"",""mem"":""242.6MiB / 122.8GiB""},{""name"":""lab-mysql"",""cpu"":""0.89%"",""mem"":""713.3MiB / 122.8GiB""},{""name"":""lab-woocommerce-mysql"",""cpu"":""0.86%"",""mem"":""485.5MiB / 122.8GiB""},{""name"":""lab-allegro-stub"",""cpu"":""4.17%"",""mem"":""30.19MiB / 122.8GiB""}]"
2026-09-09T08:16:37Z,3,430,8,269,30,2666493619,"[{""name"":""lab-worker-1"",""cpu"":""2.10%"",""mem"":""132.5MiB / 122.8GiB""},{""name"":""lab-api"",""cpu"":""0.00%"",""mem"":""176.2MiB / 122.8GiB""},{""name"":""lab-wc-tls"",""cpu"":""0.00%"",""mem"":""30.18MiB / 122.8GiB""},{""name"":""lab-prestashop"",""cpu"":""0.00%"",""mem"":""109MiB / 122.8GiB""},{""name"":""lab-woocommerce"",""cpu"":""0.01%"",""mem"":""204.1MiB / 122.8GiB""},{""name"":""lab-redis"",""cpu"":""0.53%"",""mem"":""75.76MiB / 122.8GiB""},{""name"":""lab-postgres"",""cpu"":""19.40%"",""mem"":""242.7MiB / 122.8GiB""},{""name"":""lab-mysql"",""cpu"":""0.92%"",""mem"":""713.3MiB / 122.8GiB""},{""name"":""lab-woocommerce-mysql"",""cpu"":""0.89%"",""mem"":""485.5MiB / 122.8GiB""},{""name"":""lab-allegro-stub"",""cpu"":""0.00%"",""mem"":""30.19MiB / 122.8GiB""}]"
2026-09-09T08:16:41Z,4,433,8,269,27,2666493619,"[{""name"":""lab-worker-1"",""cpu"":""3.05%"",""mem"":""132.3MiB / 122.8GiB""},{""name"":""lab-api"",""cpu"":""0.00%"",""mem"":""176.2MiB / 122.8GiB""},{""name"":""lab-wc-tls"",""cpu"":""0.00%"",""mem"":""30.18MiB / 122.8GiB""},{""name"":""lab-prestashop"",""cpu"":""0.01%"",""mem"":""109MiB / 122.8GiB""},{""name"":""lab-woocommerce"",""cpu"":""0.00%"",""mem"":""204.2MiB / 122.8GiB""},{""name"":""lab-redis"",""cpu"":""0.68%"",""mem"":""75.75MiB / 122.8GiB""},{""name"":""lab-postgres"",""cpu"":""28.86%"",""mem"":""250.3MiB / 122.8GiB""},{""name"":""lab-mysql"",""cpu"":""0.88%"",""mem"":""713.3MiB / 122.8GiB""},{""name"":""lab-woocommerce-mysql"",""cpu"":""1.28%"",""mem"":""485.5MiB / 122.8GiB""},{""name"":""lab-allegro-stub"",""cpu"":""0.00%"",""mem"":""30.2MiB / 122.8GiB""}]"
2026-09-09T08:16:44Z,4,434,8,269,25,2666493619,"[{""name"":""lab-worker-1"",""cpu"":""5.82%"",""mem"":""132.8MiB / 122.8GiB""},{""name"":""lab-api"",""cpu"":""0.00%"",""mem"":""176.2MiB / 122.8GiB""},{""name"":""lab-wc-tls"",""cpu"":""0.00%"",""mem"":""30.18MiB / 122.8GiB""},{""name"":""lab-prestashop"",""cpu"":""0.01%"",""mem"":""109MiB / 122.8GiB""},{""name"":""lab-woocommerce"",""cpu"":""0.01%"",""mem"":""204.1MiB / 122.8GiB""},{""name"":""lab-redis"",""cpu"":""4.68%"",""mem"":""75.82MiB / 122.8GiB""},{""name"":""lab-postgres"",""cpu"":""21.15%"",""mem"":""240.4MiB / 122.8GiB""},{""name"":""lab-mysql"",""cpu"":""0.90%"",""mem"":""713.3MiB / 122.8GiB""},{""name"":""lab-woocommerce-mysql"",""cpu"":""0.90%"",""mem"":""485.5MiB / 122.8GiB""},{""name"":""lab-allegro-stub"",""cpu"":""0.01%"",""mem"":""30.19MiB / 122.8GiB""}]"
2026-09-09T08:16:48Z,3,433,8,270,25,2666493619,"[{""name"":""lab-worker-1"",""cpu"":""3.02%"",""mem"":""132MiB / 122.8GiB""},{""name"":""lab-api"",""cpu"":""0.00%"",""mem"":""176.2MiB / 122.8GiB""},{""name"":""lab-wc-tls"",""cpu"":""0.00%"",""mem"":""30.18MiB / 122.8GiB""},{""name"":""lab-prestashop"",""cpu"":""0.01%"",""mem"":""109MiB / 122.8GiB""},{""name"":""lab-woocommerce"",""cpu"":""0.01%"",""mem"":""204.1MiB / 122.8GiB""},{""name"":""lab-redis"",""cpu"":""0.40%"",""mem"":""75.75MiB / 122.8GiB""},{""name"":""lab-postgres"",""cpu"":""25.54%"",""mem"":""240.4MiB / 122.8GiB""},{""name"":""lab-mysql"",""cpu"":""0.92%"",""mem"":""713.3MiB / 122.8GiB""},{""name"":""lab-woocommerce-mysql"",""cpu"":""0.93%"",""mem"":""485.5MiB / 122.8GiB""},{""name"":""lab-allegro-stub"",""cpu"":""3.93%"",""mem"":""30.2MiB / 122.8GiB""}]"
2026-09-09T08:16:52Z,4,432,8,273,24,2666493619,"[{""name"":""lab-worker-1"",""cpu"":""3.61%"",""mem"":""132.2MiB / 122.8GiB""},{""name"":""lab-api"",""cpu"":""0.00%"",""mem"":""176.2MiB / 122.8GiB""},{""name"":""lab-wc-tls"",""cpu"":""0.00%"",""mem"":""30.18MiB / 122.8GiB""},{""name"":""lab-prestashop"",""cpu"":""0.01%"",""mem"":""109MiB / 122.8GiB""},{""name"":""lab-woocommerce"",""cpu"":""0.01%"",""mem"":""204.1MiB / 122.8GiB""},{""name"":""lab-redis"",""cpu"":""0.79%"",""mem"":""76MiB / 122.8GiB""},{""name"":""lab-postgres"",""cpu"":""15.23%"",""mem"":""242.5MiB / 122.8GiB""},{""name"":""lab-mysql"",""cpu"":""0.99%"",""mem"":""713.3MiB / 122.8GiB""},{""name"":""lab-woocommerce-mysql"",""cpu"":""0.95%"",""mem"":""485.5MiB / 122.8GiB""},{""name"":""lab-allegro-stub"",""cpu"":""0.00%"",""mem"":""30.19MiB / 122.8GiB""}]"
2026-09-09T08:16:56Z,4,433,8,274,23,2666493619,"[{""name"":""lab-worker-1"",""cpu"":""4.23%"",""mem"":""132.1MiB / 122.8GiB""},{""name"":""lab-api"",""cpu"":""0.00%"",""mem"":""176.2MiB / 122.8GiB""},{""name"":""lab-wc-tls"",""cpu"":""0.00%"",""mem"":""30.18MiB / 122.8GiB""},{""name"":""lab-prestashop"",""cpu"":""0.01%"",""mem"":""109MiB / 122.8GiB""},{""name"":""lab-woocommerce"",""cpu"":""0.00%"",""mem"":""204.1MiB / 122.8GiB""},{""name"":""lab-redis"",""cpu"":""0.41%"",""mem"":""75.75MiB / 122.8GiB""},{""name"":""lab-postgres"",""cpu"":""12.35%"",""mem"":""245.4MiB / 122.8GiB""},{""name"":""lab-mysql"",""cpu"":""5.22%"",""mem"":""713.3MiB / 122.8GiB""},{""name"":""lab-woocommerce-mysql"",""cpu"":""0.89%"",""mem"":""485.5MiB / 122.8GiB""},{""name"":""lab-allegro-stub"",""cpu"":""0.00%"",""mem"":""30.19MiB / 122.8GiB""}]"
2026-09-09T08:16:59Z,4,432,7,275,23,2666493619,"[{""name"":""lab-worker-1"",""cpu"":""4.22%"",""mem"":""132.1MiB / 122.8GiB""},{""name"":""lab-api"",""cpu"":""0.00%"",""mem"":""176.2MiB / 122.8GiB""},{""name"":""lab-wc-tls"",""cpu"":""0.00%"",""mem"":""30.18MiB / 122.8GiB""},{""name"":""lab-prestashop"",""cpu"":""0.00%"",""mem"":""109MiB / 122.8GiB""},{""name"":""lab-woocommerce"",""cpu"":""0.01%"",""mem"":""204.1MiB / 122.8GiB""},{""name"":""lab-redis"",""cpu"":""0.74%"",""mem"":""75.76MiB / 122.8GiB""},{""name"":""lab-postgres"",""cpu"":""8.29%"",""mem"":""242.7MiB / 122.8GiB""},{""name"":""lab-mysql"",""cpu"":""0.85%"",""mem"":""713.3MiB / 122.8GiB""},{""name"":""lab-woocommerce-mysql"",""cpu"":""6.15%"",""mem"":""485.6MiB / 122.8GiB""},{""name"":""lab-allegro-stub"",""cpu"":""0.01%"",""mem"":""30.19MiB / 122.8GiB""}]"
2026-09-09T08:17:03Z,3,430,8,277,23,2666493619,"[{""name"":""lab-worker-1"",""cpu"":""2.71%"",""mem"":""132.8MiB / 122.8GiB""},{""name"":""lab-api"",""cpu"":""0.00%"",""mem"":""176.2MiB / 122.8GiB""},{""name"":""lab-wc-tls"",""cpu"":""0.00%"",""mem"":""30.18MiB / 122.8GiB""},{""name"":""lab-prestashop"",""cpu"":""0.01%"",""mem"":""109MiB / 122.8GiB""},{""name"":""lab-woocommerce"",""cpu"":""0.00%"",""mem"":""204.1MiB / 122.8GiB""},{""name"":""lab-redis"",""cpu"":""0.64%"",""mem"":""75.75MiB / 122.8GiB""},{""name"":""lab-postgres"",""cpu"":""18.56%"",""mem"":""242.6MiB / 122.8GiB""},{""name"":""lab-mysql"",""cpu"":""0.99%"",""mem"":""713.3MiB / 122.8GiB""},{""name"":""lab-woocommerce-mysql"",""cpu"":""0.99%"",""mem"":""485.5MiB / 122.8GiB""},{""name"":""lab-allegro-stub"",""cpu"":""0.00%"",""mem"":""30.19MiB / 122.8GiB""}]"
2026-09-09T08:17:07Z,4,430,7,278,22,2666493619,"[{""name"":""lab-worker-1"",""cpu"":""3.94%"",""mem"":""131.9MiB / 122.8GiB""},{""name"":""lab-api"",""cpu"":""0.00%"",""mem"":""176.2MiB / 122.8GiB""},{""name"":""lab-wc-tls"",""cpu"":""0.00%"",""mem"":""30.18MiB / 122.8GiB""},{""name"":""lab-prestashop"",""cpu"":""0.01%"",""mem"":""109MiB / 122.8GiB""},{""name"":""lab-woocommerce"",""cpu"":""0.01%"",""mem"":""204.1MiB / 122.8GiB""},{""name"":""lab-redis"",""cpu"":""0.65%"",""mem"":""75.75MiB / 122.8GiB""},{""name"":""lab-postgres"",""cpu"":""33.65%"",""mem"":""242.6MiB / 122.8GiB""},{""name"":""lab-mysql"",""cpu"":""0.82%"",""mem"":""713.3MiB / 122.8GiB""},{""name"":""lab-woocommerce-mysql"",""cpu"":""0.85%"",""mem"":""485.5MiB / 122.8GiB""},{""name"":""lab-allegro-stub"",""cpu"":""0.00%"",""mem"":""30.19MiB / 122.8GiB""}]"
2026-09-09T08:17:10Z,4,426,8,280,23,2666493619,"[{""name"":""lab-worker-1"",""cpu"":""2.46%"",""mem"":""131.9MiB / 122.8GiB""},{""name"":""lab-api"",""cpu"":""0.00%"",""mem"":""176.2MiB / 122.8GiB""},{""name"":""lab-wc-tls"",""cpu"":""0.00%"",""mem"":""30.18MiB / 122.8GiB""},{""name"":""lab-prestashop"",""cpu"":""0.01%"",""mem"":""109MiB / 122.8GiB""},{""name"":""lab-woocommerce"",""cpu"":""0.01%"",""mem"":""204.2MiB / 122.8GiB""},{""name"":""lab-redis"",""cpu"":""0.49%"",""mem"":""76MiB / 122.8GiB""},{""name"":""lab-postgres"",""cpu"":""19.29%"",""mem"":""242.8MiB / 122.8GiB""},{""name"":""lab-mysql"",""cpu"":""0.96%"",""mem"":""713.3MiB / 122.8GiB""},{""name"":""lab-woocommerce-mysql"",""cpu"":""0.95%"",""mem"":""485.5MiB / 122.8GiB""},{""name"":""lab-allegro-stub"",""cpu"":""0.00%"",""mem"":""30.19MiB / 122.8GiB""}]"
2026-09-09T08:17:14Z,3,426,8,281,22,2666493619,"[{""name"":""lab-worker-1"",""cpu"":""4.60%"",""mem"":""132.1MiB / 122.8GiB""},{""name"":""lab-api"",""cpu"":""0.00%"",""mem"":""176.2MiB / 122.8GiB""},{""name"":""lab-wc-tls"",""cpu"":""0.00%"",""mem"":""30.18MiB / 122.8GiB""},{""name"":""lab-prestashop"",""cpu"":""0.00%"",""mem"":""109MiB / 122.8GiB""},{""name"":""lab-woocommerce"",""cpu"":""0.01%"",""mem"":""204.1MiB / 122.8GiB""},{""name"":""lab-redis"",""cpu"":""0.89%"",""mem"":""76.01MiB / 122.8GiB""},{""name"":""lab-postgres"",""cpu"":""19.77%"",""mem"":""242.7MiB / 122.8GiB""},{""name"":""lab-mysql"",""cpu"":""0.85%"",""mem"":""713.3MiB / 122.8GiB""},{""name"":""lab-woocommerce-mysql"",""cpu"":""0.97%"",""mem"":""485.5MiB / 122.8GiB""},{""name"":""lab-allegro-stub"",""cpu"":""4.09%"",""mem"":""30.19MiB / 122.8GiB""}]"
2026-09-09T08:17:18Z,4,425,6,282,24,2666493619,"[{""name"":""lab-worker-1"",""cpu"":""3.36%"",""mem"":""132.2MiB / 122.8GiB""},{""name"":""lab-api"",""cpu"":""0.00%"",""mem"":""176.2MiB / 122.8GiB""},{""name"":""lab-wc-tls"",""cpu"":""0.00%"",""mem"":""30.18MiB / 122.8GiB""},{""name"":""lab-prestashop"",""cpu"":""0.00%"",""mem"":""109MiB / 122.8GiB""},{""name"":""lab-woocommerce"",""cpu"":""0.01%"",""mem"":""204.1MiB / 122.8GiB""},{""name"":""lab-redis"",""cpu"":""0.69%"",""mem"":""76.01MiB / 122.8GiB""},{""name"":""lab-postgres"",""cpu"":""25.72%"",""mem"":""242.5MiB / 122.8GiB""},{""name"":""lab-mysql"",""cpu"":""0.79%"",""mem"":""713.3MiB / 122.8GiB""},{""name"":""lab-woocommerce-mysql"",""cpu"":""0.85%"",""mem"":""485.5MiB / 122.8GiB""},{""name"":""lab-allegro-stub"",""cpu"":""0.00%"",""mem"":""30.19MiB / 122.8GiB""}]"
2026-09-09T08:17:22Z,4,421,8,283,25,2666493619,"[{""name"":""lab-worker-1"",""cpu"":""2.30%"",""mem"":""132.3MiB / 122.8GiB""},{""name"":""lab-api"",""cpu"":""0.00%"",""mem"":""176.2MiB / 122.8GiB""},{""name"":""lab-wc-tls"",""cpu"":""0.00%"",""mem"":""30.18MiB / 122.8GiB""},{""name"":""lab-prestashop"",""cpu"":""0.01%"",""mem"":""109MiB / 122.8GiB""},{""name"":""lab-woocommerce"",""cpu"":""0.00%"",""mem"":""204.1MiB / 122.8GiB""},{""name"":""lab-redis"",""cpu"":""0.44%"",""mem"":""76MiB / 122.8GiB""},{""name"":""lab-postgres"",""cpu"":""20.51%"",""mem"":""242.5MiB / 122.8GiB""},{""name"":""lab-mysql"",""cpu"":""0.86%"",""mem"":""713.3MiB / 122.8GiB""},{""name"":""lab-woocommerce-mysql"",""cpu"":""0.90%"",""mem"":""485.5MiB / 122.8GiB""},{""name"":""lab-allegro-stub"",""cpu"":""0.00%"",""mem"":""30.19MiB / 122.8GiB""}]"
2026-09-09T08:17:25Z,4,415,8,285,26,2666493619,"[{""name"":""lab-worker-1"",""cpu"":""1.61%"",""mem"":""131.9MiB / 122.8GiB""},{""name"":""lab-api"",""cpu"":""0.00%"",""mem"":""176.2MiB / 122.8GiB""},{""name"":""lab-wc-tls"",""cpu"":""0.00%"",""mem"":""30.18MiB / 122.8GiB""},{""name"":""lab-prestashop"",""cpu"":""0.01%"",""mem"":""109MiB / 122.8GiB""},{""name"":""lab-woocommerce"",""cpu"":""0.01%"",""mem"":""204.1MiB / 122.8GiB""},{""name"":""lab-redis"",""cpu"":""5.00%"",""mem"":""75.76MiB / 122.8GiB""},{""name"":""lab-postgres"",""cpu"":""18.85%"",""mem"":""242.5MiB / 122.8GiB""},{""name"":""lab-mysql"",""cpu"":""5.37%"",""mem"":""713.3MiB / 122.8GiB""},{""name"":""lab-woocommerce-mysql"",""cpu"":""0.88%"",""mem"":""485.5MiB / 122.8GiB""},{""name"":""lab-allegro-stub"",""cpu"":""0.00%"",""mem"":""30.19MiB / 122.8GiB""}]"
2026-09-09T08:17:29Z,3,417,7,286,26,2666493619,"[{""name"":""lab-worker-1"",""cpu"":""2.01%"",""mem"":""132MiB / 122.8GiB""},{""name"":""lab-api"",""cpu"":""0.00%"",""mem"":""176.2MiB / 122.8GiB""},{""name"":""lab-wc-tls"",""cpu"":""0.00%"",""mem"":""30.18MiB / 122.8GiB""},{""name"":""lab-prestashop"",""cpu"":""0.00%"",""mem"":""109MiB / 122.8GiB""},{""name"":""lab-woocommerce"",""cpu"":""0.01%"",""mem"":""204.1MiB / 122.8GiB""},{""name"":""lab-redis"",""cpu"":""0.35%"",""mem"":""75.75MiB / 122.8GiB""},{""name"":""lab-postgres"",""cpu"":""30.58%"",""mem"":""242.5MiB / 122.8GiB""},{""name"":""lab-mysql"",""cpu"":""0.87%"",""mem"":""713.3MiB / 122.8GiB""},{""name"":""lab-woocommerce-mysql"",""cpu"":""5.22%"",""mem"":""485.5MiB / 122.8GiB""},{""name"":""lab-allegro-stub"",""cpu"":""0.00%"",""mem"":""30.19MiB / 122.8GiB""}]"
2026-09-09T08:17:33Z,4,414,8,287,29,2666493619,"[{""name"":""lab-worker-1"",""cpu"":""3.56%"",""mem"":""132MiB / 122.8GiB""},{""name"":""lab-api"",""cpu"":""0.00%"",""mem"":""176.2MiB / 122.8GiB""},{""name"":""lab-wc-tls"",""cpu"":""0.00%"",""mem"":""30.18MiB / 122.8GiB""},{""name"":""lab-prestashop"",""cpu"":""0.00%"",""mem"":""109MiB / 122.8GiB""},{""name"":""lab-woocommerce"",""cpu"":""0.01%"",""mem"":""204.1MiB / 122.8GiB""},{""name"":""lab-redis"",""cpu"":""0.68%"",""mem"":""75.76MiB / 122.8GiB""},{""name"":""lab-postgres"",""cpu"":""20.94%"",""mem"":""242.6MiB / 122.8GiB""},{""name"":""lab-mysql"",""cpu"":""0.75%"",""mem"":""713.3MiB / 122.8GiB""},{""name"":""lab-woocommerce-mysql"",""cpu"":""0.86%"",""mem"":""485.5MiB / 122.8GiB""},{""name"":""lab-allegro-stub"",""cpu"":""0.00%"",""mem"":""30.19MiB / 122.8GiB""}]"
2026-09-09T08:17:36Z,4,413,7,287,30,2666493619,"[{""name"":""lab-worker-1"",""cpu"":""1.38%"",""mem"":""132.2MiB / 122.8GiB""},{""name"":""lab-api"",""cpu"":""0.01%"",""mem"":""176.2MiB / 122.8GiB""},{""name"":""lab-wc-tls"",""cpu"":""0.00%"",""mem"":""30.18MiB / 122.8GiB""},{""name"":""lab-prestashop"",""cpu"":""0.00%"",""mem"":""109MiB / 122.8GiB""},{""name"":""lab-woocommerce"",""cpu"":""0.01%"",""mem"":""204.1MiB / 122.8GiB""},{""name"":""lab-redis"",""cpu"":""0.54%"",""mem"":""76MiB / 122.8GiB""},{""name"":""lab-postgres"",""cpu"":""18.82%"",""mem"":""242.6MiB / 122.8GiB""},{""name"":""lab-mysql"",""cpu"":""0.80%"",""mem"":""713.3MiB / 122.8GiB""},{""name"":""lab-woocommerce-mysql"",""cpu"":""0.98%"",""mem"":""485.5MiB / 122.8GiB""},{""name"":""lab-allegro-stub"",""cpu"":""0.00%"",""mem"":""30.19MiB / 122.8GiB""}]"
2026-09-09T08:17:40Z,3,411,7,288,32,2666493619,"[{""name"":""lab-worker-1"",""cpu"":""3.71%"",""mem"":""132MiB / 122.8GiB""},{""name"":""lab-api"",""cpu"":""0.00%"",""mem"":""176.2MiB / 122.8GiB""},{""name"":""lab-wc-tls"",""cpu"":""0.00%"",""mem"":""30.18MiB / 122.8GiB""},{""name"":""lab-prestashop"",""cpu"":""0.01%"",""mem"":""109MiB / 122.8GiB""},{""name"":""lab-woocommerce"",""cpu"":""19.23%"",""mem"":""204.4MiB / 122.8GiB""},{""name"":""lab-redis"",""cpu"":""0.70%"",""mem"":""75.77MiB / 122.8GiB""},{""name"":""lab-postgres"",""cpu"":""20.04%"",""mem"":""242.5MiB / 122.8GiB""},{""name"":""lab-mysql"",""cpu"":""0.75%"",""mem"":""713.3MiB / 122.8GiB""},{""name"":""lab-woocommerce-mysql"",""cpu"":""5.29%"",""mem"":""485.5MiB / 122.8GiB""},{""name"":""lab-allegro-stub"",""cpu"":""0.01%"",""mem"":""30.19MiB / 122.8GiB""}]"
2026-09-09T08:17:44Z,4,406,8,290,33,2666493619,"[{""name"":""lab-worker-1"",""cpu"":""2.43%"",""mem"":""132.2MiB / 122.8GiB""},{""name"":""lab-api"",""cpu"":""0.00%"",""mem"":""176.2MiB / 122.8GiB""},{""name"":""lab-wc-tls"",""cpu"":""0.00%"",""mem"":""30.18MiB / 122.8GiB""},{""name"":""lab-prestashop"",""cpu"":""0.01%"",""mem"":""109MiB / 122.8GiB""},{""name"":""lab-woocommerce"",""cpu"":""0.00%"",""mem"":""204.1MiB / 122.8GiB""},{""name"":""lab-redis"",""cpu"":""0.41%"",""mem"":""76MiB / 122.8GiB""},{""name"":""lab-postgres"",""cpu"":""32.41%"",""mem"":""242.8MiB / 122.8GiB""},{""name"":""lab-mysql"",""cpu"":""0.79%"",""mem"":""713.3MiB / 122.8GiB""},{""name"":""lab-woocommerce-mysql"",""cpu"":""0.78%"",""mem"":""485.5MiB / 122.8GiB""},{""name"":""lab-allegro-stub"",""cpu"":""4.24%"",""mem"":""30.82MiB / 122.8GiB""}]"
2026-09-09T08:17:47Z,4,406,7,291,33,2666493619,"[{""name"":""lab-worker-1"",""cpu"":""3.63%"",""mem"":""132.3MiB / 122.8GiB""},{""name"":""lab-api"",""cpu"":""0.00%"",""mem"":""176.2MiB / 122.8GiB""},{""name"":""lab-wc-tls"",""cpu"":""0.00%"",""mem"":""30.18MiB / 122.8GiB""},{""name"":""lab-prestashop"",""cpu"":""0.01%"",""mem"":""109MiB / 122.8GiB""},{""name"":""lab-woocommerce"",""cpu"":""0.01%"",""mem"":""204.1MiB / 122.8GiB""},{""name"":""lab-redis"",""cpu"":""0.65%"",""mem"":""76MiB / 122.8GiB""},{""name"":""lab-postgres"",""cpu"":""19.35%"",""mem"":""242.7MiB / 122.8GiB""},{""name"":""lab-mysql"",""cpu"":""0.88%"",""mem"":""713.3MiB / 122.8GiB""},{""name"":""lab-woocommerce-mysql"",""cpu"":""0.92%"",""mem"":""485.5MiB / 122.8GiB""},{""name"":""lab-allegro-stub"",""cpu"":""0.00%"",""mem"":""30.19MiB / 122.8GiB""}]"
2026-09-09T08:17:51Z,3,404,7,292,34,2666493619,"[{""name"":""lab-worker-1"",""cpu"":""2.89%"",""mem"":""132.1MiB / 122.8GiB""},{""name"":""lab-api"",""cpu"":""0.00%"",""mem"":""176.2MiB / 122.8GiB""},{""name"":""lab-wc-tls"",""cpu"":""0.00%"",""mem"":""30.18MiB / 122.8GiB""},{""name"":""lab-prestashop"",""cpu"":""0.00%"",""mem"":""109MiB / 122.8GiB""},{""name"":""lab-woocommerce"",""cpu"":""0.01%"",""mem"":""204.1MiB / 122.8GiB""},{""name"":""lab-redis"",""cpu"":""0.84%"",""mem"":""75.75MiB / 122.8GiB""},{""name"":""lab-postgres"",""cpu"":""19.26%"",""mem"":""242.8MiB / 122.8GiB""},{""name"":""lab-mysql"",""cpu"":""0.84%"",""mem"":""713.3MiB / 122.8GiB""},{""name"":""lab-woocommerce-mysql"",""cpu"":""0.96%"",""mem"":""485.7MiB / 122.8GiB""},{""name"":""lab-allegro-stub"",""cpu"":""0.00%"",""mem"":""30.19MiB / 122.8GiB""}]"
2026-09-09T08:17:55Z,4,405,8,292,32,2666493619,"[{""name"":""lab-worker-1"",""cpu"":""2.60%"",""mem"":""132.5MiB / 122.8GiB""},{""name"":""lab-api"",""cpu"":""0.00%"",""mem"":""176.2MiB / 122.8GiB""},{""name"":""lab-wc-tls"",""cpu"":""0.00%"",""mem"":""30.18MiB / 122.8GiB""},{""name"":""lab-prestashop"",""cpu"":""0.01%"",""mem"":""109MiB / 122.8GiB""},{""name"":""lab-woocommerce"",""cpu"":""0.00%"",""mem"":""204.1MiB / 122.8GiB""},{""name"":""lab-redis"",""cpu"":""4.65%"",""mem"":""76.06MiB / 122.8GiB""},{""name"":""lab-postgres"",""cpu"":""18.57%"",""mem"":""242.5MiB / 122.8GiB""},{""name"":""lab-mysql"",""cpu"":""0.82%"",""mem"":""713.3MiB / 122.8GiB""},{""name"":""lab-woocommerce-mysql"",""cpu"":""0.90%"",""mem"":""485.5MiB / 122.8GiB""},{""name"":""lab-allegro-stub"",""cpu"":""0.01%"",""mem"":""30.19MiB / 122.8GiB""}]"
2026-09-09T08:17:59Z,4,407,8,292,30,2666493619,"[{""name"":""lab-worker-1"",""cpu"":""4.82%"",""mem"":""132MiB / 122.8GiB""},{""name"":""lab-api"",""cpu"":""0.00%"",""mem"":""176.2MiB / 122.8GiB""},{""name"":""lab-wc-tls"",""cpu"":""0.00%"",""mem"":""30.18MiB / 122.8GiB""},{""name"":""lab-prestashop"",""cpu"":""0.00%"",""mem"":""109MiB / 122.8GiB""},{""name"":""lab-woocommerce"",""cpu"":""0.01%"",""mem"":""204.1MiB / 122.8GiB""},{""name"":""lab-redis"",""cpu"":""0.83%"",""mem"":""75.75MiB / 122.8GiB""},{""name"":""lab-postgres"",""cpu"":""31.30%"",""mem"":""248MiB / 122.8GiB""},{""name"":""lab-mysql"",""cpu"":""0.85%"",""mem"":""713.3MiB / 122.8GiB""},{""name"":""lab-woocommerce-mysql"",""cpu"":""0.91%"",""mem"":""485.5MiB / 122.8GiB""},{""name"":""lab-allegro-stub"",""cpu"":""0.00%"",""mem"":""30.19MiB / 122.8GiB""}]"
2026-09-09T08:18:02Z,4,409,8,292,28,2666493619,"[{""name"":""lab-worker-1"",""cpu"":""3.80%"",""mem"":""132.1MiB / 122.8GiB""},{""name"":""lab-api"",""cpu"":""0.00%"",""mem"":""176.2MiB / 122.8GiB""},{""name"":""lab-wc-tls"",""cpu"":""0.00%"",""mem"":""30.18MiB / 122.8GiB""},{""name"":""lab-prestashop"",""cpu"":""0.01%"",""mem"":""109MiB / 122.8GiB""},{""name"":""lab-woocommerce"",""cpu"":""0.01%"",""mem"":""204.1MiB / 122.8GiB""},{""name"":""lab-redis"",""cpu"":""0.79%"",""mem"":""76.01MiB / 122.8GiB""},{""name"":""lab-postgres"",""cpu"":""14.75%"",""mem"":""247.1MiB / 122.8GiB""},{""name"":""lab-mysql"",""cpu"":""0.90%"",""mem"":""713.3MiB / 122.8GiB""},{""name"":""lab-woocommerce-mysql"",""cpu"":""0.95%"",""mem"":""485.5MiB / 122.8GiB""},{""name"":""lab-allegro-stub"",""cpu"":""0.00%"",""mem"":""30.19MiB / 122.8GiB""}]"
2026-09-09T08:18:06Z,3,408,8,293,28,2666493619,"[{""name"":""lab-worker-1"",""cpu"":""2.74%"",""mem"":""132.6MiB / 122.8GiB""},{""name"":""lab-api"",""cpu"":""0.01%"",""mem"":""176.2MiB / 122.8GiB""},{""name"":""lab-wc-tls"",""cpu"":""0.00%"",""mem"":""30.18MiB / 122.8GiB""},{""name"":""lab-prestashop"",""cpu"":""0.01%"",""mem"":""109MiB / 122.8GiB""},{""name"":""lab-woocommerce"",""cpu"":""0.01%"",""mem"":""204.1MiB / 122.8GiB""},{""name"":""lab-redis"",""cpu"":""0.56%"",""mem"":""76.01MiB / 122.8GiB""},{""name"":""lab-postgres"",""cpu"":""7.97%"",""mem"":""242.5MiB / 122.8GiB""},{""name"":""lab-mysql"",""cpu"":""5.34%"",""mem"":""713.3MiB / 122.8GiB""},{""name"":""lab-woocommerce-mysql"",""cpu"":""0.98%"",""mem"":""485.5MiB / 122.8GiB""},{""name"":""lab-allegro-stub"",""cpu"":""0.00%"",""mem"":""30.19MiB / 122.8GiB""}]"
2026-09-09T08:18:10Z,4,406,8,293,29,2666493619,"[{""name"":""lab-worker-1"",""cpu"":""2.70%"",""mem"":""132.3MiB / 122.8GiB""},{""name"":""lab-api"",""cpu"":""0.00%"",""mem"":""176.2MiB / 122.8GiB""},{""name"":""lab-wc-tls"",""cpu"":""0.00%"",""mem"":""30.18MiB / 122.8GiB""},{""name"":""lab-prestashop"",""cpu"":""0.00%"",""mem"":""109MiB / 122.8GiB""},{""name"":""lab-woocommerce"",""cpu"":""13.78%"",""mem"":""204.2MiB / 122.8GiB""},{""name"":""lab-redis"",""cpu"":""0.42%"",""mem"":""76MiB / 122.8GiB""},{""name"":""lab-postgres"",""cpu"":""33.18%"",""mem"":""242.5MiB / 122.8GiB""},{""name"":""lab-mysql"",""cpu"":""0.78%"",""mem"":""713.3MiB / 122.8GiB""},{""name"":""lab-woocommerce-mysql"",""cpu"":""6.63%"",""mem"":""485.7MiB / 122.8GiB""},{""name"":""lab-allegro-stub"",""cpu"":""4.09%"",""mem"":""30.21MiB / 122.8GiB""}]"
2026-09-09T08:18:13Z,4,404,8,295,30,2666493619,"[{""name"":""lab-worker-1"",""cpu"":""1.27%"",""mem"":""132.1MiB / 122.8GiB""},{""name"":""lab-api"",""cpu"":""0.00%"",""mem"":""176.2MiB / 122.8GiB""},{""name"":""lab-wc-tls"",""cpu"":""0.00%"",""mem"":""30.18MiB / 122.8GiB""},{""name"":""lab-prestashop"",""cpu"":""0.01%"",""mem"":""109MiB / 122.8GiB""},{""name"":""lab-woocommerce"",""cpu"":""0.01%"",""mem"":""204.1MiB / 122.8GiB""},{""name"":""lab-redis"",""cpu"":""0.54%"",""mem"":""75.75MiB / 122.8GiB""},{""name"":""lab-postgres"",""cpu"":""19.45%"",""mem"":""242.9MiB / 122.8GiB""},{""name"":""lab-mysql"",""cpu"":""0.91%"",""mem"":""713.3MiB / 122.8GiB""},{""name"":""lab-woocommerce-mysql"",""cpu"":""0.86%"",""mem"":""485.5MiB / 122.8GiB""},{""name"":""lab-allegro-stub"",""cpu"":""0.00%"",""mem"":""30.19MiB / 122.8GiB""}]"
2026-09-09T08:18:17Z,3,404,6,296,30,2666493619,"[{""name"":""lab-worker-1"",""cpu"":""0.85%"",""mem"":""132.2MiB / 122.8GiB""},{""name"":""lab-api"",""cpu"":""0.00%"",""mem"":""176.2MiB / 122.8GiB""},{""name"":""lab-wc-tls"",""cpu"":""0.00%"",""mem"":""30.18MiB / 122.8GiB""},{""name"":""lab-prestashop"",""cpu"":""0.01%"",""mem"":""109MiB / 122.8GiB""},{""name"":""lab-woocommerce"",""cpu"":""0.01%"",""mem"":""204.1MiB / 122.8GiB""},{""name"":""lab-redis"",""cpu"":""0.40%"",""mem"":""75.75MiB / 122.8GiB""},{""name"":""lab-postgres"",""cpu"":""19.09%"",""mem"":""242.8MiB / 122.8GiB""},{""name"":""lab-mysql"",""cpu"":""0.90%"",""mem"":""713.3MiB / 122.8GiB""},{""name"":""lab-woocommerce-mysql"",""cpu"":""0.93%"",""mem"":""485.5MiB / 122.8GiB""},{""name"":""lab-allegro-stub"",""cpu"":""0.00%"",""mem"":""30.19MiB / 122.8GiB""}]"
2026-09-09T08:18:21Z,4,402,7,299,30,2666493619,"[{""name"":""lab-worker-1"",""cpu"":""2.59%"",""mem"":""132.5MiB / 122.8GiB""},{""name"":""lab-api"",""cpu"":""0.00%"",""mem"":""176.2MiB / 122.8GiB""},{""name"":""lab-wc-tls"",""cpu"":""0.00%"",""mem"":""30.18MiB / 122.8GiB""},{""name"":""lab-prestashop"",""cpu"":""0.01%"",""mem"":""109MiB / 122.8GiB""},{""name"":""lab-woocommerce"",""cpu"":""0.00%"",""mem"":""204.1MiB / 122.8GiB""},{""name"":""lab-redis"",""cpu"":""0.49%"",""mem"":""76MiB / 122.8GiB""},{""name"":""lab-postgres"",""cpu"":""20.95%"",""mem"":""242.6MiB / 122.8GiB""},{""name"":""lab-mysql"",""cpu"":""0.82%"",""mem"":""713.3MiB / 122.8GiB""},{""name"":""lab-woocommerce-mysql"",""cpu"":""0.94%"",""mem"":""485.7MiB / 122.8GiB""},{""name"":""lab-allegro-stub"",""cpu"":""0.00%"",""mem"":""30.19MiB / 122.8GiB""}]"
2026-09-09T08:18:25Z,4,398,8,299,32,2666493619,"[{""name"":""lab-worker-1"",""cpu"":""2.82%"",""mem"":""132.1MiB / 122.8GiB""},{""name"":""lab-api"",""cpu"":""0.00%"",""mem"":""176.2MiB / 122.8GiB""},{""name"":""lab-wc-tls"",""cpu"":""0.00%"",""mem"":""30.18MiB / 122.8GiB""},{""name"":""lab-prestashop"",""cpu"":""0.01%"",""mem"":""109MiB / 122.8GiB""},{""name"":""lab-woocommerce"",""cpu"":""0.01%"",""mem"":""204.1MiB / 122.8GiB""},{""name"":""lab-redis"",""cpu"":""0.50%"",""mem"":""75.75MiB / 122.8GiB""},{""name"":""lab-postgres"",""cpu"":""20.28%"",""mem"":""242.6MiB / 122.8GiB""},{""name"":""lab-mysql"",""cpu"":""0.95%"",""mem"":""713.3MiB / 122.8GiB""},{""name"":""lab-woocommerce-mysql"",""cpu"":""0.97%"",""mem"":""485.5MiB / 122.8GiB""},{""name"":""lab-allegro-stub"",""cpu"":""6.10%"",""mem"":""30.59MiB / 122.8GiB""}]"
2026-09-09T08:18:28Z,4,399,7,301,31,2666493619,"[{""name"":""lab-worker-1"",""cpu"":""3.95%"",""mem"":""133.1MiB / 122.8GiB""},{""name"":""lab-api"",""cpu"":""0.00%"",""mem"":""176.2MiB / 122.8GiB""},{""name"":""lab-wc-tls"",""cpu"":""0.00%"",""mem"":""30.18MiB / 122.8GiB""},{""name"":""lab-prestashop"",""cpu"":""0.01%"",""mem"":""109MiB / 122.8GiB""},{""name"":""lab-woocommerce"",""cpu"":""0.01%"",""mem"":""204.1MiB / 122.8GiB""},{""name"":""lab-redis"",""cpu"":""0.82%"",""mem"":""76.01MiB / 122.8GiB""},{""name"":""lab-postgres"",""cpu"":""20.03%"",""mem"":""242.5MiB / 122.8GiB""},{""name"":""lab-mysql"",""cpu"":""0.81%"",""mem"":""713.3MiB / 122.8GiB""},{""name"":""lab-woocommerce-mysql"",""cpu"":""0.90%"",""mem"":""485.5MiB / 122.8GiB""},{""name"":""lab-allegro-stub"",""cpu"":""0.00%"",""mem"":""30.2MiB / 122.8GiB""}]"
2026-09-09T08:18:32Z,3,395,8,302,32,2666493619,"[{""name"":""lab-worker-1"",""cpu"":""2.47%"",""mem"":""132.1MiB / 122.8GiB""},{""name"":""lab-api"",""cpu"":""0.00%"",""mem"":""176.2MiB / 122.8GiB""},{""name"":""lab-wc-tls"",""cpu"":""0.00%"",""mem"":""30.18MiB / 122.8GiB""},{""name"":""lab-prestashop"",""cpu"":""0.01%"",""mem"":""109MiB / 122.8GiB""},{""name"":""lab-woocommerce"",""cpu"":""0.01%"",""mem"":""204.1MiB / 122.8GiB""},{""name"":""lab-redis"",""cpu"":""0.40%"",""mem"":""75.75MiB / 122.8GiB""},{""name"":""lab-postgres"",""cpu"":""18.55%"",""mem"":""250MiB / 122.8GiB""},{""name"":""lab-mysql"",""cpu"":""0.91%"",""mem"":""713.3MiB / 122.8GiB""},{""name"":""lab-woocommerce-mysql"",""cpu"":""0.91%"",""mem"":""485.5MiB / 122.8GiB""},{""name"":""lab-allegro-stub"",""cpu"":""0.00%"",""mem"":""30.2MiB / 122.8GiB""}]"
2026-09-09T08:18:36Z,4,392,8,305,32,2666493619,"[{""name"":""lab-worker-1"",""cpu"":""4.83%"",""mem"":""132.5MiB / 122.8GiB""},{""name"":""lab-api"",""cpu"":""0.00%"",""mem"":""176.2MiB / 122.8GiB""},{""name"":""lab-wc-tls"",""cpu"":""0.00%"",""mem"":""30.18MiB / 122.8GiB""},{""name"":""lab-prestashop"",""cpu"":""4.88%"",""mem"":""109MiB / 122.8GiB""},{""name"":""lab-woocommerce"",""cpu"":""0.01%"",""mem"":""204.1MiB / 122.8GiB""},{""name"":""lab-redis"",""cpu"":""4.92%"",""mem"":""75.75MiB / 122.8GiB""},{""name"":""lab-postgres"",""cpu"":""15.89%"",""mem"":""242.5MiB / 122.8GiB""},{""name"":""lab-mysql"",""cpu"":""5.81%"",""mem"":""713.6MiB / 122.8GiB""},{""name"":""lab-woocommerce-mysql"",""cpu"":""0.81%"",""mem"":""485.5MiB / 122.8GiB""},{""name"":""lab-allegro-stub"",""cpu"":""0.00%"",""mem"":""30.2MiB / 122.8GiB""}]"
2026-09-09T08:18:39Z,4,392,8,307,30,2666493619,"[{""name"":""lab-worker-1"",""cpu"":""3.67%"",""mem"":""132.8MiB / 122.8GiB""},{""name"":""lab-api"",""cpu"":""0.00%"",""mem"":""176.2MiB / 122.8GiB""},{""name"":""lab-wc-tls"",""cpu"":""0.00%"",""mem"":""30.18MiB / 122.8GiB""},{""name"":""lab-prestashop"",""cpu"":""0.01%"",""mem"":""109MiB / 122.8GiB""},{""name"":""lab-woocommerce"",""cpu"":""0.00%"",""mem"":""204.1MiB / 122.8GiB""},{""name"":""lab-redis"",""cpu"":""0.50%"",""mem"":""75.76MiB / 122.8GiB""},{""name"":""lab-postgres"",""cpu"":""25.39%"",""mem"":""242.5MiB / 122.8GiB""},{""name"":""lab-mysql"",""cpu"":""0.76%"",""mem"":""713.3MiB / 122.8GiB""},{""name"":""lab-woocommerce-mysql"",""cpu"":""4.72%"",""mem"":""491.5MiB / 122.8GiB""},{""name"":""lab-allegro-stub"",""cpu"":""4.13%"",""mem"":""30.3MiB / 122.8GiB""}]"
2026-09-09T08:18:43Z,3,393,7,309,28,2666493619,"[{""name"":""lab-worker-1"",""cpu"":""5.32%"",""mem"":""132.8MiB / 122.8GiB""},{""name"":""lab-api"",""cpu"":""0.00%"",""mem"":""176.2MiB / 122.8GiB""},{""name"":""lab-wc-tls"",""cpu"":""0.00%"",""mem"":""30.18MiB / 122.8GiB""},{""name"":""lab-prestashop"",""cpu"":""0.01%"",""mem"":""109MiB / 122.8GiB""},{""name"":""lab-woocommerce"",""cpu"":""0.00%"",""mem"":""204.1MiB / 122.8GiB""},{""name"":""lab-redis"",""cpu"":""0.50%"",""mem"":""76MiB / 122.8GiB""},{""name"":""lab-postgres"",""cpu"":""21.06%"",""mem"":""242.5MiB / 122.8GiB""},{""name"":""lab-mysql"",""cpu"":""0.82%"",""mem"":""713.3MiB / 122.8GiB""},{""name"":""lab-woocommerce-mysql"",""cpu"":""0.96%"",""mem"":""485.5MiB / 122.8GiB""},{""name"":""lab-allegro-stub"",""cpu"":""0.00%"",""mem"":""30.2MiB / 122.8GiB""}]"
2026-09-09T08:18:47Z,4,390,7,313,26,2666493619,"[{""name"":""lab-worker-1"",""cpu"":""3.57%"",""mem"":""133.3MiB / 122.8GiB""},{""name"":""lab-api"",""cpu"":""0.00%"",""mem"":""176.2MiB / 122.8GiB""},{""name"":""lab-wc-tls"",""cpu"":""0.00%"",""mem"":""30.18MiB / 122.8GiB""},{""name"":""lab-prestashop"",""cpu"":""0.00%"",""mem"":""109MiB / 122.8GiB""},{""name"":""lab-woocommerce"",""cpu"":""0.01%"",""mem"":""204.1MiB / 122.8GiB""},{""name"":""lab-redis"",""cpu"":""0.59%"",""mem"":""75.76MiB / 122.8GiB""},{""name"":""lab-postgres"",""cpu"":""17.69%"",""mem"":""242.5MiB / 122.8GiB""},{""name"":""lab-mysql"",""cpu"":""0.85%"",""mem"":""713.3MiB / 122.8GiB""},{""name"":""lab-woocommerce-mysql"",""cpu"":""0.92%"",""mem"":""485.5MiB / 122.8GiB""},{""name"":""lab-allegro-stub"",""cpu"":""0.00%"",""mem"":""30.2MiB / 122.8GiB""}]"
2026-09-09T08:18:50Z,4,391,8,313,25,2666493619,"[{""name"":""lab-worker-1"",""cpu"":""1.41%"",""mem"":""132.6MiB / 122.8GiB""},{""name"":""lab-api"",""cpu"":""0.00%"",""mem"":""176.2MiB / 122.8GiB""},{""name"":""lab-wc-tls"",""cpu"":""0.00%"",""mem"":""30.18MiB / 122.8GiB""},{""name"":""lab-prestashop"",""cpu"":""0.01%"",""mem"":""109MiB / 122.8GiB""},{""name"":""lab-woocommerce"",""cpu"":""0.03%"",""mem"":""204.1MiB / 122.8GiB""},{""name"":""lab-redis"",""cpu"":""0.49%"",""mem"":""75.75MiB / 122.8GiB""},{""name"":""lab-postgres"",""cpu"":""19.76%"",""mem"":""242.6MiB / 122.8GiB""},{""name"":""lab-mysql"",""cpu"":""0.86%"",""mem"":""713.3MiB / 122.8GiB""},{""name"":""lab-woocommerce-mysql"",""cpu"":""0.92%"",""mem"":""485.5MiB / 122.8GiB""},{""name"":""lab-allegro-stub"",""cpu"":""0.01%"",""mem"":""30.2MiB / 122.8GiB""}]"
2026-09-09T08:18:54Z,3,388,8,315,26,2666493619,"[{""name"":""lab-worker-1"",""cpu"":""2.15%"",""mem"":""132.8MiB / 122.8GiB""},{""name"":""lab-api"",""cpu"":""0.00%"",""mem"":""176.2MiB / 122.8GiB""},{""name"":""lab-wc-tls"",""cpu"":""0.00%"",""mem"":""30.18MiB / 122.8GiB""},{""name"":""lab-prestashop"",""cpu"":""0.01%"",""mem"":""109MiB / 122.8GiB""},{""name"":""lab-woocommerce"",""cpu"":""0.01%"",""mem"":""204.1MiB / 122.8GiB""},{""name"":""lab-redis"",""cpu"":""0.66%"",""mem"":""76MiB / 122.8GiB""},{""name"":""lab-postgres"",""cpu"":""19.58%"",""mem"":""244.9MiB / 122.8GiB""},{""name"":""lab-mysql"",""cpu"":""0.76%"",""mem"":""713.3MiB / 122.8GiB""},{""name"":""lab-woocommerce-mysql"",""cpu"":""0.90%"",""mem"":""485.5MiB / 122.8GiB""},{""name"":""lab-allegro-stub"",""cpu"":""0.00%"",""mem"":""30.2MiB / 122.8GiB""}]"
2026-09-09T08:18:58Z,4,386,7,316,28,2666493619,"[{""name"":""lab-worker-1"",""cpu"":""1.53%"",""mem"":""133.3MiB / 122.8GiB""},{""name"":""lab-api"",""cpu"":""0.00%"",""mem"":""176.2MiB / 122.8GiB""},{""name"":""lab-wc-tls"",""cpu"":""0.00%"",""mem"":""30.18MiB / 122.8GiB""},{""name"":""lab-prestashop"",""cpu"":""0.01%"",""mem"":""109MiB / 122.8GiB""},{""name"":""lab-woocommerce"",""cpu"":""0.01%"",""mem"":""204.1MiB / 122.8GiB""},{""name"":""lab-redis"",""cpu"":""0.52%"",""mem"":""75.76MiB / 122.8GiB""},{""name"":""lab-postgres"",""cpu"":""18.27%"",""mem"":""244.8MiB / 122.8GiB""},{""name"":""lab-mysql"",""cpu"":""0.86%"",""mem"":""713.3MiB / 122.8GiB""},{""name"":""lab-woocommerce-mysql"",""cpu"":""0.84%"",""mem"":""485.5MiB / 122.8GiB""},{""name"":""lab-allegro-stub"",""cpu"":""0.00%"",""mem"":""30.2MiB / 122.8GiB""}]"
2026-09-09T08:19:01Z,4,385,8,317,28,2666493619,"[{""name"":""lab-worker-1"",""cpu"":""1.81%"",""mem"":""132.6MiB / 122.8GiB""},{""name"":""lab-api"",""cpu"":""0.00%"",""mem"":""176.2MiB / 122.8GiB""},{""name"":""lab-wc-tls"",""cpu"":""0.00%"",""mem"":""30.18MiB / 122.8GiB""},{""name"":""lab-prestashop"",""cpu"":""0.01%"",""mem"":""109MiB / 122.8GiB""},{""name"":""lab-woocommerce"",""cpu"":""0.01%"",""mem"":""204.1MiB / 122.8GiB""},{""name"":""lab-redis"",""cpu"":""0.53%"",""mem"":""75.75MiB / 122.8GiB""},{""name"":""lab-postgres"",""cpu"":""18.79%"",""mem"":""244.8MiB / 122.8GiB""},{""name"":""lab-mysql"",""cpu"":""0.87%"",""mem"":""713.3MiB / 122.8GiB""},{""name"":""lab-woocommerce-mysql"",""cpu"":""0.90%"",""mem"":""485.5MiB / 122.8GiB""},{""name"":""lab-allegro-stub"",""cpu"":""0.00%"",""mem"":""30.2MiB / 122.8GiB""}]"
2026-09-09T08:19:05Z,4,384,8,320,26,2666493619,"[{""name"":""lab-worker-1"",""cpu"":""4.44%"",""mem"":""132.8MiB / 122.8GiB""},{""name"":""lab-api"",""cpu"":""0.00%"",""mem"":""176.2MiB / 122.8GiB""},{""name"":""lab-wc-tls"",""cpu"":""0.00%"",""mem"":""30.18MiB / 122.8GiB""},{""name"":""lab-prestashop"",""cpu"":""4.98%"",""mem"":""109.1MiB / 122.8GiB""},{""name"":""lab-woocommerce"",""cpu"":""0.01%"",""mem"":""204.1MiB / 122.8GiB""},{""name"":""lab-redis"",""cpu"":""4.70%"",""mem"":""75.81MiB / 122.8GiB""},{""name"":""lab-postgres"",""cpu"":""9.01%"",""mem"":""244.8MiB / 122.8GiB""},{""name"":""lab-mysql"",""cpu"":""1.24%"",""mem"":""713.3MiB / 122.8GiB""},{""name"":""lab-woocommerce-mysql"",""cpu"":""0.90%"",""mem"":""485.5MiB / 122.8GiB""},{""name"":""lab-allegro-stub"",""cpu"":""4.13%"",""mem"":""30.2MiB / 122.8GiB""}]"
2026-09-09T08:19:09Z,3,382,8,321,26,2666493619,"[{""name"":""lab-worker-1"",""cpu"":""2.09%"",""mem"":""133.3MiB / 122.8GiB""},{""name"":""lab-api"",""cpu"":""0.00%"",""mem"":""176.2MiB / 122.8GiB""},{""name"":""lab-wc-tls"",""cpu"":""0.00%"",""mem"":""30.18MiB / 122.8GiB""},{""name"":""lab-prestashop"",""cpu"":""0.00%"",""mem"":""109MiB / 122.8GiB""},{""name"":""lab-woocommerce"",""cpu"":""0.01%"",""mem"":""204.1MiB / 122.8GiB""},{""name"":""lab-redis"",""cpu"":""0.66%"",""mem"":""76.01MiB / 122.8GiB""},{""name"":""lab-postgres"",""cpu"":""17.69%"",""mem"":""244.8MiB / 122.8GiB""},{""name"":""lab-mysql"",""cpu"":""0.89%"",""mem"":""713.3MiB / 122.8GiB""},{""name"":""lab-woocommerce-mysql"",""cpu"":""0.93%"",""mem"":""485.5MiB / 122.8GiB""},{""name"":""lab-allegro-stub"",""cpu"":""3.80%"",""mem"":""30.23MiB / 122.8GiB""}]"
2026-09-09T08:19:13Z,4,384,8,321,24,2666493619,"[{""name"":""lab-worker-1"",""cpu"":""2.88%"",""mem"":""132.8MiB / 122.8GiB""},{""name"":""lab-api"",""cpu"":""0.00%"",""mem"":""176.2MiB / 122.8GiB""},{""name"":""lab-wc-tls"",""cpu"":""0.00%"",""mem"":""30.18MiB / 122.8GiB""},{""name"":""lab-prestashop"",""cpu"":""0.01%"",""mem"":""109MiB / 122.8GiB""},{""name"":""lab-woocommerce"",""cpu"":""0.01%"",""mem"":""204.1MiB / 122.8GiB""},{""name"":""lab-redis"",""cpu"":""0.60%"",""mem"":""75.76MiB / 122.8GiB""},{""name"":""lab-postgres"",""cpu"":""31.89%"",""mem"":""240.6MiB / 122.8GiB""},{""name"":""lab-mysql"",""cpu"":""0.91%"",""mem"":""713.3MiB / 122.8GiB""},{""name"":""lab-woocommerce-mysql"",""cpu"":""0.94%"",""mem"":""485.5MiB / 122.8GiB""},{""name"":""lab-allegro-stub"",""cpu"":""0.00%"",""mem"":""30.2MiB / 122.8GiB""}]"
2026-09-09T08:19:16Z,4,386,8,321,22,2666493619,"[{""name"":""lab-worker-1"",""cpu"":""4.10%"",""mem"":""133MiB / 122.8GiB""},{""name"":""lab-api"",""cpu"":""0.00%"",""mem"":""176.2MiB / 122.8GiB""},{""name"":""lab-wc-tls"",""cpu"":""0.00%"",""mem"":""30.18MiB / 122.8GiB""},{""name"":""lab-prestashop"",""cpu"":""0.00%"",""mem"":""109MiB / 122.8GiB""},{""name"":""lab-woocommerce"",""cpu"":""0.01%"",""mem"":""204.1MiB / 122.8GiB""},{""name"":""lab-redis"",""cpu"":""0.60%"",""mem"":""75.75MiB / 122.8GiB""},{""name"":""lab-postgres"",""cpu"":""20.94%"",""mem"":""242.3MiB / 122.8GiB""},{""name"":""lab-mysql"",""cpu"":""5.43%"",""mem"":""713.3MiB / 122.8GiB""},{""name"":""lab-woocommerce-mysql"",""cpu"":""0.88%"",""mem"":""485.5MiB / 122.8GiB""},{""name"":""lab-allegro-stub"",""cpu"":""0.01%"",""mem"":""30.22MiB / 122.8GiB""}]"
2026-09-09T08:19:20Z,3,384,7,322,25,2666493619,"[{""name"":""lab-worker-1"",""cpu"":""2.00%"",""mem"":""133.1MiB / 122.8GiB""},{""name"":""lab-api"",""cpu"":""0.00%"",""mem"":""176.2MiB / 122.8GiB""},{""name"":""lab-wc-tls"",""cpu"":""0.00%"",""mem"":""30.18MiB / 122.8GiB""},{""name"":""lab-prestashop"",""cpu"":""0.01%"",""mem"":""109MiB / 122.8GiB""},{""name"":""lab-woocommerce"",""cpu"":""0.01%"",""mem"":""204.1MiB / 122.8GiB""},{""name"":""lab-redis"",""cpu"":""0.60%"",""mem"":""75.76MiB / 122.8GiB""},{""name"":""lab-postgres"",""cpu"":""21.91%"",""mem"":""242.6MiB / 122.8GiB""},{""name"":""lab-mysql"",""cpu"":""0.81%"",""mem"":""713.3MiB / 122.8GiB""},{""name"":""lab-woocommerce-mysql"",""cpu"":""5.18%"",""mem"":""485.5MiB / 122.8GiB""},{""name"":""lab-allegro-stub"",""cpu"":""3.79%"",""mem"":""30.27MiB / 122.8GiB""}]"
2026-09-09T08:19:24Z,4,382,8,323,23,2666493619,"[{""name"":""lab-worker-1"",""cpu"":""3.93%"",""mem"":""133.1MiB / 122.8GiB""},{""name"":""lab-api"",""cpu"":""0.00%"",""mem"":""176.2MiB / 122.8GiB""},{""name"":""lab-wc-tls"",""cpu"":""0.00%"",""mem"":""30.18MiB / 122.8GiB""},{""name"":""lab-prestashop"",""cpu"":""0.01%"",""mem"":""109MiB / 122.8GiB""},{""name"":""lab-woocommerce"",""cpu"":""0.01%"",""mem"":""204.1MiB / 122.8GiB""},{""name"":""lab-redis"",""cpu"":""0.72%"",""mem"":""75.76MiB / 122.8GiB""},{""name"":""lab-postgres"",""cpu"":""20.89%"",""mem"":""242.7MiB / 122.8GiB""},{""name"":""lab-mysql"",""cpu"":""0.94%"",""mem"":""713.3MiB / 122.8GiB""},{""name"":""lab-woocommerce-mysql"",""cpu"":""0.90%"",""mem"":""485.5MiB / 122.8GiB""},{""name"":""lab-allegro-stub"",""cpu"":""0.00%"",""mem"":""30.2MiB / 122.8GiB""}]"
2026-09-09T08:19:27Z,4,381,7,326,23,2666493619,"[{""name"":""lab-worker-1"",""cpu"":""1.40%"",""mem"":""132.6MiB / 122.8GiB""},{""name"":""lab-api"",""cpu"":""0.00%"",""mem"":""176.2MiB / 122.8GiB""},{""name"":""lab-wc-tls"",""cpu"":""0.00%"",""mem"":""30.18MiB / 122.8GiB""},{""name"":""lab-prestashop"",""cpu"":""0.01%"",""mem"":""109MiB / 122.8GiB""},{""name"":""lab-woocommerce"",""cpu"":""0.01%"",""mem"":""204.1MiB / 122.8GiB""},{""name"":""lab-redis"",""cpu"":""0.48%"",""mem"":""75.75MiB / 122.8GiB""},{""name"":""lab-postgres"",""cpu"":""32.45%"",""mem"":""242.7MiB / 122.8GiB""},{""name"":""lab-mysql"",""cpu"":""0.90%"",""mem"":""713.3MiB / 122.8GiB""},{""name"":""lab-woocommerce-mysql"",""cpu"":""0.83%"",""mem"":""485.5MiB / 122.8GiB""},{""name"":""lab-allegro-stub"",""cpu"":""0.00%"",""mem"":""30.2MiB / 122.8GiB""}]"
2026-09-09T08:19:31Z,3,379,8,328,22,2666493619,"[{""name"":""lab-worker-1"",""cpu"":""3.51%"",""mem"":""132.8MiB / 122.8GiB""},{""name"":""lab-api"",""cpu"":""0.00%"",""mem"":""176.2MiB / 122.8GiB""},{""name"":""lab-wc-tls"",""cpu"":""0.00%"",""mem"":""30.18MiB / 122.8GiB""},{""name"":""lab-prestashop"",""cpu"":""0.01%"",""mem"":""109MiB / 122.8GiB""},{""name"":""lab-woocommerce"",""cpu"":""0.01%"",""mem"":""204.1MiB / 122.8GiB""},{""name"":""lab-redis"",""cpu"":""0.71%"",""mem"":""76MiB / 122.8GiB""},{""name"":""lab-postgres"",""cpu"":""8.06%"",""mem"":""242.5MiB / 122.8GiB""},{""name"":""lab-mysql"",""cpu"":""0.95%"",""mem"":""713.3MiB / 122.8GiB""},{""name"":""lab-woocommerce-mysql"",""cpu"":""0.98%"",""mem"":""485.8MiB / 122.8GiB""},{""name"":""lab-allegro-stub"",""cpu"":""0.01%"",""mem"":""30.2MiB / 122.8GiB""}]"
2026-09-09T08:19:35Z,4,377,8,330,23,2666493619,"[{""name"":""lab-worker-1"",""cpu"":""1.42%"",""mem"":""132.6MiB / 122.8GiB""},{""name"":""lab-api"",""cpu"":""0.00%"",""mem"":""176.2MiB / 122.8GiB""},{""name"":""lab-wc-tls"",""cpu"":""0.00%"",""mem"":""30.18MiB / 122.8GiB""},{""name"":""lab-prestashop"",""cpu"":""0.01%"",""mem"":""109MiB / 122.8GiB""},{""name"":""lab-woocommerce"",""cpu"":""0.01%"",""mem"":""204.1MiB / 122.8GiB""},{""name"":""lab-redis"",""cpu"":""0.50%"",""mem"":""75.76MiB / 122.8GiB""},{""name"":""lab-postgres"",""cpu"":""6.94%"",""mem"":""242.5MiB / 122.8GiB""},{""name"":""lab-mysql"",""cpu"":""1.05%"",""mem"":""713.3MiB / 122.8GiB""},{""name"":""lab-woocommerce-mysql"",""cpu"":""0.97%"",""mem"":""485.5MiB / 122.8GiB""},{""name"":""lab-allegro-stub"",""cpu"":""4.31%"",""mem"":""30.5MiB / 122.8GiB""}]"
2026-09-09T08:19:39Z,4,377,7,331,23,2666501811,"[{""name"":""lab-worker-1"",""cpu"":""3.64%"",""mem"":""132.6MiB / 122.8GiB""},{""name"":""lab-api"",""cpu"":""0.00%"",""mem"":""176.2MiB / 122.8GiB""},{""name"":""lab-wc-tls"",""cpu"":""0.00%"",""mem"":""30.18MiB / 122.8GiB""},{""name"":""lab-prestashop"",""cpu"":""0.00%"",""mem"":""109MiB / 122.8GiB""},{""name"":""lab-woocommerce"",""cpu"":""0.01%"",""mem"":""204.1MiB / 122.8GiB""},{""name"":""lab-redis"",""cpu"":""0.61%"",""mem"":""75.76MiB / 122.8GiB""},{""name"":""lab-postgres"",""cpu"":""32.94%"",""mem"":""242.6MiB / 122.8GiB""},{""name"":""lab-mysql"",""cpu"":""0.89%"",""mem"":""713.3MiB / 122.8GiB""},{""name"":""lab-woocommerce-mysql"",""cpu"":""0.96%"",""mem"":""485.5MiB / 122.8GiB""},{""name"":""lab-allegro-stub"",""cpu"":""0.00%"",""mem"":""30.2MiB / 122.8GiB""}]"
2026-09-09T08:19:42Z,4,373,8,332,24,2666501811,"[{""name"":""lab-worker-1"",""cpu"":""2.20%"",""mem"":""132.6MiB / 122.8GiB""},{""name"":""lab-api"",""cpu"":""0.00%"",""mem"":""176.2MiB / 122.8GiB""},{""name"":""lab-wc-tls"",""cpu"":""0.00%"",""mem"":""30.18MiB / 122.8GiB""},{""name"":""lab-prestashop"",""cpu"":""0.01%"",""mem"":""109MiB / 122.8GiB""},{""name"":""lab-woocommerce"",""cpu"":""0.01%"",""mem"":""204.1MiB / 122.8GiB""},{""name"":""lab-redis"",""cpu"":""0.41%"",""mem"":""75.76MiB / 122.8GiB""},{""name"":""lab-postgres"",""cpu"":""20.50%"",""mem"":""242.8MiB / 122.8GiB""},{""name"":""lab-mysql"",""cpu"":""0.86%"",""mem"":""713.3MiB / 122.8GiB""},{""name"":""lab-woocommerce-mysql"",""cpu"":""0.97%"",""mem"":""485.5MiB / 122.8GiB""},{""name"":""lab-allegro-stub"",""cpu"":""0.00%"",""mem"":""30.2MiB / 122.8GiB""}]"
2026-09-09T08:19:46Z,3,372,12,335,24,2666501811,"[{""name"":""lab-worker-1"",""cpu"":""3.62%"",""mem"":""133.1MiB / 122.8GiB""},{""name"":""lab-api"",""cpu"":""0.00%"",""mem"":""176.2MiB / 122.8GiB""},{""name"":""lab-wc-tls"",""cpu"":""0.00%"",""mem"":""30.18MiB / 122.8GiB""},{""name"":""lab-prestashop"",""cpu"":""0.01%"",""mem"":""109MiB / 122.8GiB""},{""name"":""lab-woocommerce"",""cpu"":""0.00%"",""mem"":""204.1MiB / 122.8GiB""},{""name"":""lab-redis"",""cpu"":""4.23%"",""mem"":""75.75MiB / 122.8GiB""},{""name"":""lab-postgres"",""cpu"":""18.96%"",""mem"":""242.6MiB / 122.8GiB""},{""name"":""lab-mysql"",""cpu"":""5.32%"",""mem"":""713.6MiB / 122.8GiB""},{""name"":""lab-woocommerce-mysql"",""cpu"":""0.81%"",""mem"":""485.5MiB / 122.8GiB""},{""name"":""lab-allegro-stub"",""cpu"":""0.00%"",""mem"":""30.2MiB / 122.8GiB""}]"
2026-09-09T08:19:50Z,4,368,7,338,24,2666501811,"[{""name"":""lab-worker-1"",""cpu"":""2.77%"",""mem"":""132.6MiB / 122.8GiB""},{""name"":""lab-api"",""cpu"":""0.00%"",""mem"":""176.2MiB / 122.8GiB""},{""name"":""lab-wc-tls"",""cpu"":""0.00%"",""mem"":""30.18MiB / 122.8GiB""},{""name"":""lab-prestashop"",""cpu"":""0.00%"",""mem"":""109MiB / 122.8GiB""},{""name"":""lab-woocommerce"",""cpu"":""0.01%"",""mem"":""204.1MiB / 122.8GiB""},{""name"":""lab-redis"",""cpu"":""0.41%"",""mem"":""75.76MiB / 122.8GiB""},{""name"":""lab-postgres"",""cpu"":""23.81%"",""mem"":""242.5MiB / 122.8GiB""},{""name"":""lab-mysql"",""cpu"":""0.87%"",""mem"":""713.3MiB / 122.8GiB""},{""name"":""lab-woocommerce-mysql"",""cpu"":""4.65%"",""mem"":""492.7MiB / 122.8GiB""},{""name"":""lab-allegro-stub"",""cpu"":""0.00%"",""mem"":""30.2MiB / 122.8GiB""}]"
2026-09-09T08:19:53Z,4,367,8,338,24,2666501811,"[{""name"":""lab-worker-1"",""cpu"":""3.88%"",""mem"":""132.6MiB / 122.8GiB""},{""name"":""lab-api"",""cpu"":""0.00%"",""mem"":""176.2MiB / 122.8GiB""},{""name"":""lab-wc-tls"",""cpu"":""0.00%"",""mem"":""30.18MiB / 122.8GiB""},{""name"":""lab-prestashop"",""cpu"":""0.01%"",""mem"":""109MiB / 122.8GiB""},{""name"":""lab-woocommerce"",""cpu"":""0.01%"",""mem"":""204.1MiB / 122.8GiB""},{""name"":""lab-redis"",""cpu"":""0.66%"",""mem"":""75.76MiB / 122.8GiB""},{""name"":""lab-postgres"",""cpu"":""23.03%"",""mem"":""250.2MiB / 122.8GiB""},{""name"":""lab-mysql"",""cpu"":""0.82%"",""mem"":""713.3MiB / 122.8GiB""},{""name"":""lab-woocommerce-mysql"",""cpu"":""0.83%"",""mem"":""485.5MiB / 122.8GiB""},{""name"":""lab-allegro-stub"",""cpu"":""0.00%"",""mem"":""30.2MiB / 122.8GiB""}]"
2026-09-09T08:19:57Z,3,365,7,339,25,2666501811,"[{""name"":""lab-worker-1"",""cpu"":""4.17%"",""mem"":""132.6MiB / 122.8GiB""},{""name"":""lab-api"",""cpu"":""0.00%"",""mem"":""176.2MiB / 122.8GiB""},{""name"":""lab-wc-tls"",""cpu"":""0.00%"",""mem"":""30.18MiB / 122.8GiB""},{""name"":""lab-prestashop"",""cpu"":""0.01%"",""mem"":""109MiB / 122.8GiB""},{""name"":""lab-woocommerce"",""cpu"":""0.01%"",""mem"":""204.1MiB / 122.8GiB""},{""name"":""lab-redis"",""cpu"":""0.76%"",""mem"":""75.75MiB / 122.8GiB""},{""name"":""lab-postgres"",""cpu"":""20.61%"",""mem"":""242.7MiB / 122.8GiB""},{""name"":""lab-mysql"",""cpu"":""0.91%"",""mem"":""713.3MiB / 122.8GiB""},{""name"":""lab-woocommerce-mysql"",""cpu"":""0.99%"",""mem"":""485.5MiB / 122.8GiB""},{""name"":""lab-allegro-stub"",""cpu"":""0.00%"",""mem"":""30.22MiB / 122.8GiB""}]"
2026-09-09T08:20:01Z,4,364,8,340,25,2666501811,"[{""name"":""lab-worker-1"",""cpu"":""2.07%"",""mem"":""132.6MiB / 122.8GiB""},{""name"":""lab-api"",""cpu"":""0.00%"",""mem"":""176.2MiB / 122.8GiB""},{""name"":""lab-wc-tls"",""cpu"":""0.00%"",""mem"":""30.18MiB / 122.8GiB""},{""name"":""lab-prestashop"",""cpu"":""0.00%"",""mem"":""109MiB / 122.8GiB""},{""name"":""lab-woocommerce"",""cpu"":""0.01%"",""mem"":""204.1MiB / 122.8GiB""},{""name"":""lab-redis"",""cpu"":""0.61%"",""mem"":""76MiB / 122.8GiB""},{""name"":""lab-postgres"",""cpu"":""10.32%"",""mem"":""250.2MiB / 122.8GiB""},{""name"":""lab-mysql"",""cpu"":""0.97%"",""mem"":""713.3MiB / 122.8GiB""},{""name"":""lab-woocommerce-mysql"",""cpu"":""1.45%"",""mem"":""485.5MiB / 122.8GiB""},{""name"":""lab-allegro-stub"",""cpu"":""4.37%"",""mem"":""30.2MiB / 122.8GiB""}]"
2026-09-09T08:20:05Z,4,362,8,344,23,2666510003,"[{""name"":""lab-worker-1"",""cpu"":""1.76%"",""mem"":""132.6MiB / 122.8GiB""},{""name"":""lab-api"",""cpu"":""0.00%"",""mem"":""176.2MiB / 122.8GiB""},{""name"":""lab-wc-tls"",""cpu"":""0.00%"",""mem"":""30.18MiB / 122.8GiB""},{""name"":""lab-prestashop"",""cpu"":""0.00%"",""mem"":""109MiB / 122.8GiB""},{""name"":""lab-woocommerce"",""cpu"":""0.01%"",""mem"":""204.1MiB / 122.8GiB""},{""name"":""lab-redis"",""cpu"":""0.57%"",""mem"":""76MiB / 122.8GiB""},{""name"":""lab-postgres"",""cpu"":""21.27%"",""mem"":""242.6MiB / 122.8GiB""},{""name"":""lab-mysql"",""cpu"":""0.92%"",""mem"":""713.3MiB / 122.8GiB""},{""name"":""lab-woocommerce-mysql"",""cpu"":""0.83%"",""mem"":""485.5MiB / 122.8GiB""},{""name"":""lab-allegro-stub"",""cpu"":""3.71%"",""mem"":""30.25MiB / 122.8GiB""}]"
2026-09-09T08:20:08Z,4,360,7,345,25,2666510003,"[{""name"":""lab-worker-1"",""cpu"":""1.74%"",""mem"":""132.8MiB / 122.8GiB""},{""name"":""lab-api"",""cpu"":""0.00%"",""mem"":""176.2MiB / 122.8GiB""},{""name"":""lab-wc-tls"",""cpu"":""0.00%"",""mem"":""30.18MiB / 122.8GiB""},{""name"":""lab-prestashop"",""cpu"":""0.01%"",""mem"":""109MiB / 122.8GiB""},{""name"":""lab-woocommerce"",""cpu"":""0.01%"",""mem"":""204.1MiB / 122.8GiB""},{""name"":""lab-redis"",""cpu"":""0.57%"",""mem"":""75.75MiB / 122.8GiB""},{""name"":""lab-postgres"",""cpu"":""16.01%"",""mem"":""247.9MiB / 122.8GiB""},{""name"":""lab-mysql"",""cpu"":""1.05%"",""mem"":""713.3MiB / 122.8GiB""},{""name"":""lab-woocommerce-mysql"",""cpu"":""1.00%"",""mem"":""485.5MiB / 122.8GiB""},{""name"":""lab-allegro-stub"",""cpu"":""0.00%"",""mem"":""30.2MiB / 122.8GiB""}]"
2026-09-09T08:20:12Z,3,355,8,349,25,2666510003,"[{""name"":""lab-worker-1"",""cpu"":""1.22%"",""mem"":""132.8MiB / 122.8GiB""},{""name"":""lab-api"",""cpu"":""0.00%"",""mem"":""176.2MiB / 122.8GiB""},{""name"":""lab-wc-tls"",""cpu"":""0.00%"",""mem"":""30.18MiB / 122.8GiB""},{""name"":""lab-prestashop"",""cpu"":""0.01%"",""mem"":""109MiB / 122.8GiB""},{""name"":""lab-woocommerce"",""cpu"":""0.01%"",""mem"":""204.2MiB / 122.8GiB""},{""name"":""lab-redis"",""cpu"":""0.44%"",""mem"":""75.76MiB / 122.8GiB""},{""name"":""lab-postgres"",""cpu"":""20.20%"",""mem"":""242.7MiB / 122.8GiB""},{""name"":""lab-mysql"",""cpu"":""0.92%"",""mem"":""713.3MiB / 122.8GiB""},{""name"":""lab-woocommerce-mysql"",""cpu"":""0.88%"",""mem"":""485.5MiB / 122.8GiB""},{""name"":""lab-allegro-stub"",""cpu"":""0.00%"",""mem"":""30.2MiB / 122.8GiB""}]"
2026-09-09T08:20:16Z,4,353,7,352,26,2666510003,"[{""name"":""lab-worker-1"",""cpu"":""3.01%"",""mem"":""132.8MiB / 122.8GiB""},{""name"":""lab-api"",""cpu"":""0.00%"",""mem"":""176.2MiB / 122.8GiB""},{""name"":""lab-wc-tls"",""cpu"":""0.00%"",""mem"":""30.18MiB / 122.8GiB""},{""name"":""lab-prestashop"",""cpu"":""0.01%"",""mem"":""109MiB / 122.8GiB""},{""name"":""lab-woocommerce"",""cpu"":""0.01%"",""mem"":""204.1MiB / 122.8GiB""},{""name"":""lab-redis"",""cpu"":""4.62%"",""mem"":""75.88MiB / 122.8GiB""},{""name"":""lab-postgres"",""cpu"":""19.27%"",""mem"":""242.6MiB / 122.8GiB""},{""name"":""lab-mysql"",""cpu"":""0.89%"",""mem"":""713.3MiB / 122.8GiB""},{""name"":""lab-woocommerce-mysql"",""cpu"":""0.88%"",""mem"":""485.5MiB / 122.8GiB""},{""name"":""lab-allegro-stub"",""cpu"":""3.84%"",""mem"":""30.2MiB / 122.8GiB""}]"
2026-09-09T08:20:19Z,4,352,7,354,24,2666510003,"[{""name"":""lab-worker-1"",""cpu"":""0.96%"",""mem"":""132.6MiB / 122.8GiB""},{""name"":""lab-api"",""cpu"":""0.00%"",""mem"":""176.2MiB / 122.8GiB""},{""name"":""lab-wc-tls"",""cpu"":""0.00%"",""mem"":""30.18MiB / 122.8GiB""},{""name"":""lab-prestashop"",""cpu"":""0.02%"",""mem"":""109MiB / 122.8GiB""},{""name"":""lab-woocommerce"",""cpu"":""0.01%"",""mem"":""204.1MiB / 122.8GiB""},{""name"":""lab-redis"",""cpu"":""0.38%"",""mem"":""76MiB / 122.8GiB""},{""name"":""lab-postgres"",""cpu"":""16.98%"",""mem"":""242.8MiB / 122.8GiB""},{""name"":""lab-mysql"",""cpu"":""0.80%"",""mem"":""713.3MiB / 122.8GiB""},{""name"":""lab-woocommerce-mysql"",""cpu"":""0.84%"",""mem"":""485.5MiB / 122.8GiB""},{""name"":""lab-allegro-stub"",""cpu"":""0.00%"",""mem"":""30.2MiB / 122.8GiB""}]"
2026-09-09T08:20:23Z,3,350,8,355,24,2666510003,"[{""name"":""lab-worker-1"",""cpu"":""2.01%"",""mem"":""132.8MiB / 122.8GiB""},{""name"":""lab-api"",""cpu"":""0.00%"",""mem"":""176.2MiB / 122.8GiB""},{""name"":""lab-wc-tls"",""cpu"":""0.00%"",""mem"":""30.18MiB / 122.8GiB""},{""name"":""lab-prestashop"",""cpu"":""0.01%"",""mem"":""109MiB / 122.8GiB""},{""name"":""lab-woocommerce"",""cpu"":""0.01%"",""mem"":""204.1MiB / 122.8GiB""},{""name"":""lab-redis"",""cpu"":""0.71%"",""mem"":""75.75MiB / 122.8GiB""},{""name"":""lab-postgres"",""cpu"":""19.30%"",""mem"":""242.8MiB / 122.8GiB""},{""name"":""lab-mysql"",""cpu"":""0.87%"",""mem"":""713.3MiB / 122.8GiB""},{""name"":""lab-woocommerce-mysql"",""cpu"":""0.91%"",""mem"":""485.5MiB / 122.8GiB""},{""name"":""lab-allegro-stub"",""cpu"":""0.00%"",""mem"":""30.2MiB / 122.8GiB""}]"
2026-09-09T08:20:27Z,4,351,8,355,23,2666510003,"[{""name"":""lab-worker-1"",""cpu"":""2.88%"",""mem"":""132.8MiB / 122.8GiB""},{""name"":""lab-api"",""cpu"":""0.00%"",""mem"":""176.2MiB / 122.8GiB""},{""name"":""lab-wc-tls"",""cpu"":""0.00%"",""mem"":""30.18MiB / 122.8GiB""},{""name"":""lab-prestashop"",""cpu"":""0.01%"",""mem"":""109MiB / 122.8GiB""},{""name"":""lab-woocommerce"",""cpu"":""0.01%"",""mem"":""204.1MiB / 122.8GiB""},{""name"":""lab-redis"",""cpu"":""0.63%"",""mem"":""75.75MiB / 122.8GiB""},{""name"":""lab-postgres"",""cpu"":""18.87%"",""mem"":""242.8MiB / 122.8GiB""},{""name"":""lab-mysql"",""cpu"":""5.74%"",""mem"":""713.3MiB / 122.8GiB""},{""name"":""lab-woocommerce-mysql"",""cpu"":""0.88%"",""mem"":""485.5MiB / 122.8GiB""},{""name"":""lab-allegro-stub"",""cpu"":""0.00%"",""mem"":""30.2MiB / 122.8GiB""}]"
2026-09-09T08:20:30Z,4,352,8,355,22,2666510003,"[{""name"":""lab-worker-1"",""cpu"":""2.84%"",""mem"":""133.1MiB / 122.8GiB""},{""name"":""lab-api"",""cpu"":""0.00%"",""mem"":""176.2MiB / 122.8GiB""},{""name"":""lab-wc-tls"",""cpu"":""0.00%"",""mem"":""30.18MiB / 122.8GiB""},{""name"":""lab-prestashop"",""cpu"":""0.01%"",""mem"":""109MiB / 122.8GiB""},{""name"":""lab-woocommerce"",""cpu"":""0.00%"",""mem"":""204.1MiB / 122.8GiB""},{""name"":""lab-redis"",""cpu"":""0.55%"",""mem"":""75.75MiB / 122.8GiB""},{""name"":""lab-postgres"",""cpu"":""26.89%"",""mem"":""240.2MiB / 122.8GiB""},{""name"":""lab-mysql"",""cpu"":""0.78%"",""mem"":""713.3MiB / 122.8GiB""},{""name"":""lab-woocommerce-mysql"",""cpu"":""5.29%"",""mem"":""485.5MiB / 122.8GiB""},{""name"":""lab-allegro-stub"",""cpu"":""0.00%"",""mem"":""30.2MiB / 122.8GiB""}]"
2026-09-09T08:20:34Z,3,350,8,356,23,2666510003,"[{""name"":""lab-worker-1"",""cpu"":""2.71%"",""mem"":""132.6MiB / 122.8GiB""},{""name"":""lab-api"",""cpu"":""0.00%"",""mem"":""176.2MiB / 122.8GiB""},{""name"":""lab-wc-tls"",""cpu"":""0.00%"",""mem"":""30.18MiB / 122.8GiB""},{""name"":""lab-prestashop"",""cpu"":""0.01%"",""mem"":""109MiB / 122.8GiB""},{""name"":""lab-woocommerce"",""cpu"":""0.01%"",""mem"":""204.1MiB / 122.8GiB""},{""name"":""lab-redis"",""cpu"":""0.67%"",""mem"":""75.75MiB / 122.8GiB""},{""name"":""lab-postgres"",""cpu"":""8.02%"",""mem"":""242.9MiB / 122.8GiB""},{""name"":""lab-mysql"",""cpu"":""1.00%"",""mem"":""713.3MiB / 122.8GiB""},{""name"":""lab-woocommerce-mysql"",""cpu"":""1.00%"",""mem"":""485.5MiB / 122.8GiB""},{""name"":""lab-allegro-stub"",""cpu"":""0.01%"",""mem"":""30.2MiB / 122.8GiB""}]"
2026-09-09T08:20:38Z,4,349,8,358,23,2666510003,"[{""name"":""lab-worker-1"",""cpu"":""3.45%"",""mem"":""132.8MiB / 122.8GiB""},{""name"":""lab-api"",""cpu"":""0.00%"",""mem"":""176.2MiB / 122.8GiB""},{""name"":""lab-wc-tls"",""cpu"":""0.00%"",""mem"":""30.18MiB / 122.8GiB""},{""name"":""lab-prestashop"",""cpu"":""0.00%"",""mem"":""109MiB / 122.8GiB""},{""name"":""lab-woocommerce"",""cpu"":""0.01%"",""mem"":""204.1MiB / 122.8GiB""},{""name"":""lab-redis"",""cpu"":""0.67%"",""mem"":""75.76MiB / 122.8GiB""},{""name"":""lab-postgres"",""cpu"":""20.62%"",""mem"":""242.7MiB / 122.8GiB""},{""name"":""lab-mysql"",""cpu"":""0.98%"",""mem"":""713.3MiB / 122.8GiB""},{""name"":""lab-woocommerce-mysql"",""cpu"":""0.80%"",""mem"":""485.5MiB / 122.8GiB""},{""name"":""lab-allegro-stub"",""cpu"":""0.00%"",""mem"":""30.2MiB / 122.8GiB""}]"
2026-09-09T08:20:41Z,4,346,8,360,23,2666510003,"[{""name"":""lab-worker-1"",""cpu"":""2.23%"",""mem"":""132.8MiB / 122.8GiB""},{""name"":""lab-api"",""cpu"":""0.00%"",""mem"":""176.2MiB / 122.8GiB""},{""name"":""lab-wc-tls"",""cpu"":""0.00%"",""mem"":""30.18MiB / 122.8GiB""},{""name"":""lab-prestashop"",""cpu"":""0.01%"",""mem"":""109MiB / 122.8GiB""},{""name"":""lab-woocommerce"",""cpu"":""18.63%"",""mem"":""204.2MiB / 122.8GiB""},{""name"":""lab-redis"",""cpu"":""0.37%"",""mem"":""76MiB / 122.8GiB""},{""name"":""lab-postgres"",""cpu"":""31.33%"",""mem"":""242.5MiB / 122.8GiB""},{""name"":""lab-mysql"",""cpu"":""0.89%"",""mem"":""713.3MiB / 122.8GiB""},{""name"":""lab-woocommerce-mysql"",""cpu"":""5.34%"",""mem"":""485.5MiB / 122.8GiB""},{""name"":""lab-allegro-stub"",""cpu"":""3.92%"",""mem"":""30.2MiB / 122.8GiB""}]"
2026-09-09T08:20:45Z,3,344,7,360,25,2666510003,"[{""name"":""lab-worker-1"",""cpu"":""1.42%"",""mem"":""132.6MiB / 122.8GiB""},{""name"":""lab-api"",""cpu"":""0.00%"",""mem"":""176.2MiB / 122.8GiB""},{""name"":""lab-wc-tls"",""cpu"":""0.00%"",""mem"":""30.18MiB / 122.8GiB""},{""name"":""lab-prestashop"",""cpu"":""0.01%"",""mem"":""109MiB / 122.8GiB""},{""name"":""lab-woocommerce"",""cpu"":""0.01%"",""mem"":""204.1MiB / 122.8GiB""},{""name"":""lab-redis"",""cpu"":""0.44%"",""mem"":""75.75MiB / 122.8GiB""},{""name"":""lab-postgres"",""cpu"":""19.00%"",""mem"":""242.9MiB / 122.8GiB""},{""name"":""lab-mysql"",""cpu"":""0.92%"",""mem"":""713.3MiB / 122.8GiB""},{""name"":""lab-woocommerce-mysql"",""cpu"":""0.87%"",""mem"":""485.5MiB / 122.8GiB""},{""name"":""lab-allegro-stub"",""cpu"":""0.00%"",""mem"":""30.2MiB / 122.8GiB""}]"
2026-09-09T08:20:49Z,4,342,7,362,26,2666510003,"[{""name"":""lab-worker-1"",""cpu"":""2.52%"",""mem"":""133.1MiB / 122.8GiB""},{""name"":""lab-api"",""cpu"":""0.00%"",""mem"":""176.2MiB / 122.8GiB""},{""name"":""lab-wc-tls"",""cpu"":""0.00%"",""mem"":""30.18MiB / 122.8GiB""},{""name"":""lab-prestashop"",""cpu"":""0.01%"",""mem"":""109MiB / 122.8GiB""},{""name"":""lab-woocommerce"",""cpu"":""0.01%"",""mem"":""204.1MiB / 122.8GiB""},{""name"":""lab-redis"",""cpu"":""0.53%"",""mem"":""75.76MiB / 122.8GiB""},{""name"":""lab-postgres"",""cpu"":""17.94%"",""mem"":""242.9MiB / 122.8GiB""},{""name"":""lab-mysql"",""cpu"":""0.93%"",""mem"":""713.3MiB / 122.8GiB""},{""name"":""lab-woocommerce-mysql"",""cpu"":""0.88%"",""mem"":""485.5MiB / 122.8GiB""},{""name"":""lab-allegro-stub"",""cpu"":""0.00%"",""mem"":""30.2MiB / 122.8GiB""}]"
2026-09-09T08:20:53Z,4,341,8,364,23,2666510003,"[{""name"":""lab-worker-1"",""cpu"":""3.32%"",""mem"":""133.1MiB / 122.8GiB""},{""name"":""lab-api"",""cpu"":""0.00%"",""mem"":""176.2MiB / 122.8GiB""},{""name"":""lab-wc-tls"",""cpu"":""0.00%"",""mem"":""30.18MiB / 122.8GiB""},{""name"":""lab-prestashop"",""cpu"":""0.01%"",""mem"":""109MiB / 122.8GiB""},{""name"":""lab-woocommerce"",""cpu"":""0.01%"",""mem"":""204.1MiB / 122.8GiB""},{""name"":""lab-redis"",""cpu"":""0.61%"",""mem"":""76MiB / 122.8GiB""},{""name"":""lab-postgres"",""cpu"":""21.41%"",""mem"":""242.8MiB / 122.8GiB""},{""name"":""lab-mysql"",""cpu"":""0.84%"",""mem"":""713.3MiB / 122.8GiB""},{""name"":""lab-woocommerce-mysql"",""cpu"":""0.93%"",""mem"":""485.5MiB / 122.8GiB""},{""name"":""lab-allegro-stub"",""cpu"":""0.01%"",""mem"":""30.2MiB / 122.8GiB""}]"
2026-09-09T08:20:56Z,4,343,7,367,20,2666510003,"[{""name"":""lab-worker-1"",""cpu"":""2.86%"",""mem"":""132.6MiB / 122.8GiB""},{""name"":""lab-api"",""cpu"":""0.00%"",""mem"":""176.2MiB / 122.8GiB""},{""name"":""lab-wc-tls"",""cpu"":""0.00%"",""mem"":""30.18MiB / 122.8GiB""},{""name"":""lab-prestashop"",""cpu"":""0.01%"",""mem"":""109MiB / 122.8GiB""},{""name"":""lab-woocommerce"",""cpu"":""0.01%"",""mem"":""204.1MiB / 122.8GiB""},{""name"":""lab-redis"",""cpu"":""4.61%"",""mem"":""75.75MiB / 122.8GiB""},{""name"":""lab-postgres"",""cpu"":""28.93%"",""mem"":""250MiB / 122.8GiB""},{""name"":""lab-mysql"",""cpu"":""3.95%"",""mem"":""713.4MiB / 122.8GiB""},{""name"":""lab-woocommerce-mysql"",""cpu"":""0.94%"",""mem"":""485.5MiB / 122.8GiB""},{""name"":""lab-allegro-stub"",""cpu"":""0.01%"",""mem"":""30.2MiB / 122.8GiB""}]"
2026-09-09T08:21:00Z,3,341,8,368,21,2666510003,"[{""name"":""lab-worker-1"",""cpu"":""4.62%"",""mem"":""132.6MiB / 122.8GiB""},{""name"":""lab-api"",""cpu"":""0.00%"",""mem"":""176.2MiB / 122.8GiB""},{""name"":""lab-wc-tls"",""cpu"":""0.00%"",""mem"":""30.18MiB / 122.8GiB""},{""name"":""lab-prestashop"",""cpu"":""0.01%"",""mem"":""109MiB / 122.8GiB""},{""name"":""lab-woocommerce"",""cpu"":""0.01%"",""mem"":""204.1MiB / 122.8GiB""},{""name"":""lab-redis"",""cpu"":""0.74%"",""mem"":""75.75MiB / 122.8GiB""},{""name"":""lab-postgres"",""cpu"":""13.74%"",""mem"":""246.3MiB / 122.8GiB""},{""name"":""lab-mysql"",""cpu"":""0.88%"",""mem"":""713.3MiB / 122.8GiB""},{""name"":""lab-woocommerce-mysql"",""cpu"":""0.92%"",""mem"":""485.5MiB / 122.8GiB""},{""name"":""lab-allegro-stub"",""cpu"":""4.00%"",""mem"":""30.23MiB / 122.8GiB""}]"
2026-09-09T08:21:04Z,4,338,8,368,23,2666510003,"[{""name"":""lab-worker-1"",""cpu"":""3.41%"",""mem"":""132.9MiB / 122.8GiB""},{""name"":""lab-api"",""cpu"":""0.00%"",""mem"":""176.2MiB / 122.8GiB""},{""name"":""lab-wc-tls"",""cpu"":""0.00%"",""mem"":""30.18MiB / 122.8GiB""},{""name"":""lab-prestashop"",""cpu"":""0.01%"",""mem"":""109MiB / 122.8GiB""},{""name"":""lab-woocommerce"",""cpu"":""0.01%"",""mem"":""204.1MiB / 122.8GiB""},{""name"":""lab-redis"",""cpu"":""0.71%"",""mem"":""75.75MiB / 122.8GiB""},{""name"":""lab-postgres"",""cpu"":""8.74%"",""mem"":""242.6MiB / 122.8GiB""},{""name"":""lab-mysql"",""cpu"":""0.94%"",""mem"":""713.3MiB / 122.8GiB""},{""name"":""lab-woocommerce-mysql"",""cpu"":""0.99%"",""mem"":""485.5MiB / 122.8GiB""},{""name"":""lab-allegro-stub"",""cpu"":""0.00%"",""mem"":""30.2MiB / 122.8GiB""}]"
2026-09-09T08:21:07Z,4,336,7,370,23,2666510003,"[{""name"":""lab-worker-1"",""cpu"":""1.40%"",""mem"":""132.6MiB / 122.8GiB""},{""name"":""lab-api"",""cpu"":""0.00%"",""mem"":""176.2MiB / 122.8GiB""},{""name"":""lab-wc-tls"",""cpu"":""0.00%"",""mem"":""30.18MiB / 122.8GiB""},{""name"":""lab-prestashop"",""cpu"":""0.01%"",""mem"":""109MiB / 122.8GiB""},{""name"":""lab-woocommerce"",""cpu"":""0.00%"",""mem"":""204.1MiB / 122.8GiB""},{""name"":""lab-redis"",""cpu"":""0.50%"",""mem"":""75.76MiB / 122.8GiB""},{""name"":""lab-postgres"",""cpu"":""27.11%"",""mem"":""242.5MiB / 122.8GiB""},{""name"":""lab-mysql"",""cpu"":""0.89%"",""mem"":""713.3MiB / 122.8GiB""},{""name"":""lab-woocommerce-mysql"",""cpu"":""0.97%"",""mem"":""485.5MiB / 122.8GiB""},{""name"":""lab-allegro-stub"",""cpu"":""0.01%"",""mem"":""30.2MiB / 122.8GiB""}]"
2026-09-09T08:21:11Z,3,335,7,372,23,2666518195,"[{""name"":""lab-worker-1"",""cpu"":""2.60%"",""mem"":""133MiB / 122.8GiB""},{""name"":""lab-api"",""cpu"":""0.00%"",""mem"":""176.2MiB / 122.8GiB""},{""name"":""lab-wc-tls"",""cpu"":""0.00%"",""mem"":""30.18MiB / 122.8GiB""},{""name"":""lab-prestashop"",""cpu"":""0.01%"",""mem"":""109MiB / 122.8GiB""},{""name"":""lab-woocommerce"",""cpu"":""13.94%"",""mem"":""204.5MiB / 122.8GiB""},{""name"":""lab-redis"",""cpu"":""0.49%"",""mem"":""76MiB / 122.8GiB""},{""name"":""lab-postgres"",""cpu"":""20.13%"",""mem"":""242.5MiB / 122.8GiB""},{""name"":""lab-mysql"",""cpu"":""0.77%"",""mem"":""713.3MiB / 122.8GiB""},{""name"":""lab-woocommerce-mysql"",""cpu"":""6.31%"",""mem"":""486MiB / 122.8GiB""},{""name"":""lab-allegro-stub"",""cpu"":""4.38%"",""mem"":""30.34MiB / 122.8GiB""}]"
2026-09-09T08:21:15Z,4,333,8,374,22,2666518195,"[{""name"":""lab-worker-1"",""cpu"":""2.55%"",""mem"":""133.1MiB / 122.8GiB""},{""name"":""lab-api"",""cpu"":""0.00%"",""mem"":""176.2MiB / 122.8GiB""},{""name"":""lab-wc-tls"",""cpu"":""0.00%"",""mem"":""30.18MiB / 122.8GiB""},{""name"":""lab-prestashop"",""cpu"":""0.01%"",""mem"":""109MiB / 122.8GiB""},{""name"":""lab-woocommerce"",""cpu"":""0.01%"",""mem"":""204.1MiB / 122.8GiB""},{""name"":""lab-redis"",""cpu"":""0.52%"",""mem"":""75.75MiB / 122.8GiB""},{""name"":""lab-postgres"",""cpu"":""20.46%"",""mem"":""242.9MiB / 122.8GiB""},{""name"":""lab-mysql"",""cpu"":""0.91%"",""mem"":""713.3MiB / 122.8GiB""},{""name"":""lab-woocommerce-mysql"",""cpu"":""0.91%"",""mem"":""485.5MiB / 122.8GiB""},{""name"":""lab-allegro-stub"",""cpu"":""0.00%"",""mem"":""30.2MiB / 122.8GiB""}]"
2026-09-09T08:21:19Z,4,333,7,376,21,2666518195,"[{""name"":""lab-worker-1"",""cpu"":""3.00%"",""mem"":""132.8MiB / 122.8GiB""},{""name"":""lab-api"",""cpu"":""0.00%"",""mem"":""176.2MiB / 122.8GiB""},{""name"":""lab-wc-tls"",""cpu"":""0.00%"",""mem"":""30.18MiB / 122.8GiB""},{""name"":""lab-prestashop"",""cpu"":""0.01%"",""mem"":""109MiB / 122.8GiB""},{""name"":""lab-woocommerce"",""cpu"":""0.00%"",""mem"":""204.1MiB / 122.8GiB""},{""name"":""lab-redis"",""cpu"":""0.77%"",""mem"":""75.76MiB / 122.8GiB""},{""name"":""lab-postgres"",""cpu"":""17.16%"",""mem"":""243MiB / 122.8GiB""},{""name"":""lab-mysql"",""cpu"":""0.89%"",""mem"":""713.3MiB / 122.8GiB""},{""name"":""lab-woocommerce-mysql"",""cpu"":""1.06%"",""mem"":""485.5MiB / 122.8GiB""},{""name"":""lab-allegro-stub"",""cpu"":""0.00%"",""mem"":""30.2MiB / 122.8GiB""}]"
2026-09-09T08:21:22Z,4,327,8,378,24,2666518195,"[{""name"":""lab-worker-1"",""cpu"":""2.52%"",""mem"":""132.6MiB / 122.8GiB""},{""name"":""lab-api"",""cpu"":""0.00%"",""mem"":""176.2MiB / 122.8GiB""},{""name"":""lab-wc-tls"",""cpu"":""0.00%"",""mem"":""30.18MiB / 122.8GiB""},{""name"":""lab-prestashop"",""cpu"":""0.01%"",""mem"":""109MiB / 122.8GiB""},{""name"":""lab-woocommerce"",""cpu"":""0.01%"",""mem"":""204.1MiB / 122.8GiB""},{""name"":""lab-redis"",""cpu"":""0.46%"",""mem"":""75.75MiB / 122.8GiB""},{""name"":""lab-postgres"",""cpu"":""27.64%"",""mem"":""242.7MiB / 122.8GiB""},{""name"":""lab-mysql"",""cpu"":""0.87%"",""mem"":""713.3MiB / 122.8GiB""},{""name"":""lab-woocommerce-mysql"",""cpu"":""0.91%"",""mem"":""485.5MiB / 122.8GiB""},{""name"":""lab-allegro-stub"",""cpu"":""0.00%"",""mem"":""30.2MiB / 122.8GiB""}]"
2026-09-09T08:21:26Z,3,325,8,380,24,2666518195,"[{""name"":""lab-worker-1"",""cpu"":""4.92%"",""mem"":""132.9MiB / 122.8GiB""},{""name"":""lab-api"",""cpu"":""0.00%"",""mem"":""176.2MiB / 122.8GiB""},{""name"":""lab-wc-tls"",""cpu"":""0.00%"",""mem"":""30.18MiB / 122.8GiB""},{""name"":""lab-prestashop"",""cpu"":""0.01%"",""mem"":""109MiB / 122.8GiB""},{""name"":""lab-woocommerce"",""cpu"":""0.01%"",""mem"":""204.1MiB / 122.8GiB""},{""name"":""lab-redis"",""cpu"":""4.36%"",""mem"":""76.29MiB / 122.8GiB""},{""name"":""lab-postgres"",""cpu"":""19.26%"",""mem"":""242.5MiB / 122.8GiB""},{""name"":""lab-mysql"",""cpu"":""0.77%"",""mem"":""713.3MiB / 122.8GiB""},{""name"":""lab-woocommerce-mysql"",""cpu"":""0.76%"",""mem"":""485.5MiB / 122.8GiB""},{""name"":""lab-allegro-stub"",""cpu"":""0.00%"",""mem"":""30.2MiB / 122.8GiB""}]"
2026-09-09T08:21:30Z,4,321,7,381,28,2666518195,"[{""name"":""lab-worker-1"",""cpu"":""2.12%"",""mem"":""132.9MiB / 122.8GiB""},{""name"":""lab-api"",""cpu"":""0.00%"",""mem"":""176.2MiB / 122.8GiB""},{""name"":""lab-wc-tls"",""cpu"":""0.00%"",""mem"":""30.18MiB / 122.8GiB""},{""name"":""lab-prestashop"",""cpu"":""0.01%"",""mem"":""109MiB / 122.8GiB""},{""name"":""lab-woocommerce"",""cpu"":""0.01%"",""mem"":""204.1MiB / 122.8GiB""},{""name"":""lab-redis"",""cpu"":""0.65%"",""mem"":""75.75MiB / 122.8GiB""},{""name"":""lab-postgres"",""cpu"":""9.99%"",""mem"":""250MiB / 122.8GiB""},{""name"":""lab-mysql"",""cpu"":""0.95%"",""mem"":""713.3MiB / 122.8GiB""},{""name"":""lab-woocommerce-mysql"",""cpu"":""1.04%"",""mem"":""485.5MiB / 122.8GiB""},{""name"":""lab-allegro-stub"",""cpu"":""0.00%"",""mem"":""30.2MiB / 122.8GiB""}]"
2026-09-09T08:21:33Z,4,319,8,382,29,2666518195,"[{""name"":""lab-worker-1"",""cpu"":""3.69%"",""mem"":""132.9MiB / 122.8GiB""},{""name"":""lab-api"",""cpu"":""0.00%"",""mem"":""176.2MiB / 122.8GiB""},{""name"":""lab-wc-tls"",""cpu"":""0.00%"",""mem"":""30.18MiB / 122.8GiB""},{""name"":""lab-prestashop"",""cpu"":""0.01%"",""mem"":""109MiB / 122.8GiB""},{""name"":""lab-woocommerce"",""cpu"":""0.00%"",""mem"":""204.1MiB / 122.8GiB""},{""name"":""lab-redis"",""cpu"":""0.68%"",""mem"":""75.76MiB / 122.8GiB""},{""name"":""lab-postgres"",""cpu"":""20.67%"",""mem"":""242.7MiB / 122.8GiB""},{""name"":""lab-mysql"",""cpu"":""0.85%"",""mem"":""713.3MiB / 122.8GiB""},{""name"":""lab-woocommerce-mysql"",""cpu"":""0.86%"",""mem"":""485.5MiB / 122.8GiB""},{""name"":""lab-allegro-stub"",""cpu"":""0.00%"",""mem"":""30.21MiB / 122.8GiB""}]"
2026-09-09T08:21:37Z,3,316,8,383,31,2666518195,"[{""name"":""lab-worker-1"",""cpu"":""2.93%"",""mem"":""132.8MiB / 122.8GiB""},{""name"":""lab-api"",""cpu"":""0.00%"",""mem"":""176.2MiB / 122.8GiB""},{""name"":""lab-wc-tls"",""cpu"":""0.00%"",""mem"":""30.18MiB / 122.8GiB""},{""name"":""lab-prestashop"",""cpu"":""0.01%"",""mem"":""109.1MiB / 122.8GiB""},{""name"":""lab-woocommerce"",""cpu"":""0.00%"",""mem"":""204.1MiB / 122.8GiB""},{""name"":""lab-redis"",""cpu"":""0.81%"",""mem"":""75.76MiB / 122.8GiB""},{""name"":""lab-postgres"",""cpu"":""16.95%"",""mem"":""242.7MiB / 122.8GiB""},{""name"":""lab-mysql"",""cpu"":""5.33%"",""mem"":""713.3MiB / 122.8GiB""},{""name"":""lab-woocommerce-mysql"",""cpu"":""0.92%"",""mem"":""485.5MiB / 122.8GiB""},{""name"":""lab-allegro-stub"",""cpu"":""4.01%"",""mem"":""30.2MiB / 122.8GiB""}]"
2026-09-09T08:21:41Z,4,315,8,384,29,2666518195,"[{""name"":""lab-worker-1"",""cpu"":""2.87%"",""mem"":""133.1MiB / 122.8GiB""},{""name"":""lab-api"",""cpu"":""0.00%"",""mem"":""176.2MiB / 122.8GiB""},{""name"":""lab-wc-tls"",""cpu"":""0.00%"",""mem"":""30.18MiB / 122.8GiB""},{""name"":""lab-prestashop"",""cpu"":""0.00%"",""mem"":""109MiB / 122.8GiB""},{""name"":""lab-woocommerce"",""cpu"":""0.00%"",""mem"":""204.1MiB / 122.8GiB""},{""name"":""lab-redis"",""cpu"":""0.64%"",""mem"":""75.76MiB / 122.8GiB""},{""name"":""lab-postgres"",""cpu"":""24.05%"",""mem"":""242.5MiB / 122.8GiB""},{""name"":""lab-mysql"",""cpu"":""0.76%"",""mem"":""713.3MiB / 122.8GiB""},{""name"":""lab-woocommerce-mysql"",""cpu"":""5.28%"",""mem"":""485.6MiB / 122.8GiB""},{""name"":""lab-allegro-stub"",""cpu"":""0.00%"",""mem"":""30.2MiB / 122.8GiB""}]"
2026-09-09T08:21:44Z,4,317,8,384,28,2666518195,"[{""name"":""lab-worker-1"",""cpu"":""3.33%"",""mem"":""133.1MiB / 122.8GiB""},{""name"":""lab-api"",""cpu"":""0.00%"",""mem"":""176.2MiB / 122.8GiB""},{""name"":""lab-wc-tls"",""cpu"":""0.00%"",""mem"":""30.18MiB / 122.8GiB""},{""name"":""lab-prestashop"",""cpu"":""0.01%"",""mem"":""109MiB / 122.8GiB""},{""name"":""lab-woocommerce"",""cpu"":""0.00%"",""mem"":""204.1MiB / 122.8GiB""},{""name"":""lab-redis"",""cpu"":""0.73%"",""mem"":""75.75MiB / 122.8GiB""},{""name"":""lab-postgres"",""cpu"":""18.17%"",""mem"":""242.6MiB / 122.8GiB""},{""name"":""lab-mysql"",""cpu"":""0.84%"",""mem"":""713.3MiB / 122.8GiB""},{""name"":""lab-woocommerce-mysql"",""cpu"":""0.91%"",""mem"":""485.5MiB / 122.8GiB""},{""name"":""lab-allegro-stub"",""cpu"":""0.00%"",""mem"":""30.2MiB / 122.8GiB""}]"
2026-09-09T08:21:48Z,3,318,8,384,27,2666518195,"[{""name"":""lab-worker-1"",""cpu"":""2.89%"",""mem"":""132.6MiB / 122.8GiB""},{""name"":""lab-api"",""cpu"":""0.00%"",""mem"":""176.2MiB / 122.8GiB""},{""name"":""lab-wc-tls"",""cpu"":""0.00%"",""mem"":""30.18MiB / 122.8GiB""},{""name"":""lab-prestashop"",""cpu"":""0.01%"",""mem"":""109MiB / 122.8GiB""},{""name"":""lab-woocommerce"",""cpu"":""0.00%"",""mem"":""204.1MiB / 122.8GiB""},{""name"":""lab-redis"",""cpu"":""0.62%"",""mem"":""75.75MiB / 122.8GiB""},{""name"":""lab-postgres"",""cpu"":""18.11%"",""mem"":""240.2MiB / 122.8GiB""},{""name"":""lab-mysql"",""cpu"":""0.83%"",""mem"":""713.3MiB / 122.8GiB""},{""name"":""lab-woocommerce-mysql"",""cpu"":""0.96%"",""mem"":""485.5MiB / 122.8GiB""},{""name"":""lab-allegro-stub"",""cpu"":""0.00%"",""mem"":""30.2MiB / 122.8GiB""}]"
2026-09-09T08:21:52Z,4,316,8,387,26,2666518195,"[{""name"":""lab-worker-1"",""cpu"":""3.80%"",""mem"":""132.8MiB / 122.8GiB""},{""name"":""lab-api"",""cpu"":""0.00%"",""mem"":""176.2MiB / 122.8GiB""},{""name"":""lab-wc-tls"",""cpu"":""0.00%"",""mem"":""30.18MiB / 122.8GiB""},{""name"":""lab-prestashop"",""cpu"":""0.00%"",""mem"":""109MiB / 122.8GiB""},{""name"":""lab-woocommerce"",""cpu"":""0.01%"",""mem"":""204.1MiB / 122.8GiB""},{""name"":""lab-redis"",""cpu"":""0.55%"",""mem"":""75.75MiB / 122.8GiB""},{""name"":""lab-postgres"",""cpu"":""21.40%"",""mem"":""242.7MiB / 122.8GiB""},{""name"":""lab-mysql"",""cpu"":""0.84%"",""mem"":""713.3MiB / 122.8GiB""},{""name"":""lab-woocommerce-mysql"",""cpu"":""0.89%"",""mem"":""485.5MiB / 122.8GiB""},{""name"":""lab-allegro-stub"",""cpu"":""4.15%"",""mem"":""30.21MiB / 122.8GiB""}]"
2026-09-09T08:21:56Z,4,313,8,390,27,2666518195,"[{""name"":""lab-worker-1"",""cpu"":""1.39%"",""mem"":""132.9MiB / 122.8GiB""},{""name"":""lab-api"",""cpu"":""0.00%"",""mem"":""176.2MiB / 122.8GiB""},{""name"":""lab-wc-tls"",""cpu"":""0.00%"",""mem"":""30.18MiB / 122.8GiB""},{""name"":""lab-prestashop"",""cpu"":""0.01%"",""mem"":""109MiB / 122.8GiB""},{""name"":""lab-woocommerce"",""cpu"":""0.01%"",""mem"":""204.1MiB / 122.8GiB""},{""name"":""lab-redis"",""cpu"":""0.45%"",""mem"":""75.75MiB / 122.8GiB""},{""name"":""lab-postgres"",""cpu"":""18.85%"",""mem"":""242.7MiB / 122.8GiB""},{""name"":""lab-mysql"",""cpu"":""0.94%"",""mem"":""713.3MiB / 122.8GiB""},{""name"":""lab-woocommerce-mysql"",""cpu"":""0.99%"",""mem"":""485.5MiB / 122.8GiB""},{""name"":""lab-allegro-stub"",""cpu"":""0.00%"",""mem"":""30.2MiB / 122.8GiB""}]"
2026-09-09T08:21:59Z,4,315,7,391,25,2666518195,"[{""name"":""lab-worker-1"",""cpu"":""3.52%"",""mem"":""132.8MiB / 122.8GiB""},{""name"":""lab-api"",""cpu"":""0.00%"",""mem"":""176.2MiB / 122.8GiB""},{""name"":""lab-wc-tls"",""cpu"":""0.00%"",""mem"":""30.18MiB / 122.8GiB""},{""name"":""lab-prestashop"",""cpu"":""0.01%"",""mem"":""109MiB / 122.8GiB""},{""name"":""lab-woocommerce"",""cpu"":""0.01%"",""mem"":""204.1MiB / 122.8GiB""},{""name"":""lab-redis"",""cpu"":""0.57%"",""mem"":""75.76MiB / 122.8GiB""},{""name"":""lab-postgres"",""cpu"":""34.07%"",""mem"":""242.5MiB / 122.8GiB""},{""name"":""lab-mysql"",""cpu"":""0.80%"",""mem"":""713.3MiB / 122.8GiB""},{""name"":""lab-woocommerce-mysql"",""cpu"":""0.82%"",""mem"":""485.5MiB / 122.8GiB""},{""name"":""lab-allegro-stub"",""cpu"":""0.00%"",""mem"":""30.2MiB / 122.8GiB""}]"
2026-09-09T08:22:03Z,3,314,8,392,23,2666518195,"[{""name"":""lab-worker-1"",""cpu"":""3.34%"",""mem"":""132.6MiB / 122.8GiB""},{""name"":""lab-api"",""cpu"":""0.00%"",""mem"":""176.2MiB / 122.8GiB""},{""name"":""lab-wc-tls"",""cpu"":""0.00%"",""mem"":""30.18MiB / 122.8GiB""},{""name"":""lab-prestashop"",""cpu"":""0.01%"",""mem"":""109MiB / 122.8GiB""},{""name"":""lab-woocommerce"",""cpu"":""0.01%"",""mem"":""204.1MiB / 122.8GiB""},{""name"":""lab-redis"",""cpu"":""0.50%"",""mem"":""75.75MiB / 122.8GiB""},{""name"":""lab-postgres"",""cpu"":""8.51%"",""mem"":""242.5MiB / 122.8GiB""},{""name"":""lab-mysql"",""cpu"":""0.90%"",""mem"":""713.3MiB / 122.8GiB""},{""name"":""lab-woocommerce-mysql"",""cpu"":""0.93%"",""mem"":""485.5MiB / 122.8GiB""},{""name"":""lab-allegro-stub"",""cpu"":""0.00%"",""mem"":""30.2MiB / 122.8GiB""}]"
2026-09-09T08:22:07Z,4,313,8,393,23,2666518195,"[{""name"":""lab-worker-1"",""cpu"":""3.69%"",""mem"":""132.6MiB / 122.8GiB""},{""name"":""lab-api"",""cpu"":""0.01%"",""mem"":""176.2MiB / 122.8GiB""},{""name"":""lab-wc-tls"",""cpu"":""0.00%"",""mem"":""30.18MiB / 122.8GiB""},{""name"":""lab-prestashop"",""cpu"":""0.00%"",""mem"":""109MiB / 122.8GiB""},{""name"":""lab-woocommerce"",""cpu"":""0.00%"",""mem"":""204.1MiB / 122.8GiB""},{""name"":""lab-redis"",""cpu"":""4.84%"",""mem"":""75.77MiB / 122.8GiB""},{""name"":""lab-postgres"",""cpu"":""17.73%"",""mem"":""242.5MiB / 122.8GiB""},{""name"":""lab-mysql"",""cpu"":""5.66%"",""mem"":""713.4MiB / 122.8GiB""},{""name"":""lab-woocommerce-mysql"",""cpu"":""0.86%"",""mem"":""485.5MiB / 122.8GiB""},{""name"":""lab-allegro-stub"",""cpu"":""3.90%"",""mem"":""30.2MiB / 122.8GiB""}]"
2026-09-09T08:22:10Z,4,310,8,395,24,2666518195,"[{""name"":""lab-worker-1"",""cpu"":""2.67%"",""mem"":""133.1MiB / 122.8GiB""},{""name"":""lab-api"",""cpu"":""0.00%"",""mem"":""176.2MiB / 122.8GiB""},{""name"":""lab-wc-tls"",""cpu"":""0.00%"",""mem"":""30.18MiB / 122.8GiB""},{""name"":""lab-prestashop"",""cpu"":""0.00%"",""mem"":""109MiB / 122.8GiB""},{""name"":""lab-woocommerce"",""cpu"":""0.01%"",""mem"":""204.1MiB / 122.8GiB""},{""name"":""lab-redis"",""cpu"":""0.60%"",""mem"":""76MiB / 122.8GiB""},{""name"":""lab-postgres"",""cpu"":""25.79%"",""mem"":""242.7MiB / 122.8GiB""},{""name"":""lab-mysql"",""cpu"":""0.86%"",""mem"":""713.3MiB / 122.8GiB""},{""name"":""lab-woocommerce-mysql"",""cpu"":""0.81%"",""mem"":""485.5MiB / 122.8GiB""},{""name"":""lab-allegro-stub"",""cpu"":""0.00%"",""mem"":""30.2MiB / 122.8GiB""}]"
2026-09-09T08:22:14Z,3,308,11,398,24,2666518195,"[{""name"":""lab-worker-1"",""cpu"":""3.34%"",""mem"":""133.3MiB / 122.8GiB""},{""name"":""lab-api"",""cpu"":""0.00%"",""mem"":""176.2MiB / 122.8GiB""},{""name"":""lab-wc-tls"",""cpu"":""0.00%"",""mem"":""30.18MiB / 122.8GiB""},{""name"":""lab-prestashop"",""cpu"":""0.01%"",""mem"":""109MiB / 122.8GiB""},{""name"":""lab-woocommerce"",""cpu"":""0.01%"",""mem"":""204.1MiB / 122.8GiB""},{""name"":""lab-redis"",""cpu"":""0.91%"",""mem"":""76.01MiB / 122.8GiB""},{""name"":""lab-postgres"",""cpu"":""19.24%"",""mem"":""242.6MiB / 122.8GiB""},{""name"":""lab-mysql"",""cpu"":""0.89%"",""mem"":""713.3MiB / 122.8GiB""},{""name"":""lab-woocommerce-mysql"",""cpu"":""0.93%"",""mem"":""485.5MiB / 122.8GiB""},{""name"":""lab-allegro-stub"",""cpu"":""0.00%"",""mem"":""30.2MiB / 122.8GiB""}]"
2026-09-09T08:22:18Z,4,304,7,398,28,2666518195,"[{""name"":""lab-worker-1"",""cpu"":""2.66%"",""mem"":""132.8MiB / 122.8GiB""},{""name"":""lab-api"",""cpu"":""0.00%"",""mem"":""176.2MiB / 122.8GiB""},{""name"":""lab-wc-tls"",""cpu"":""0.00%"",""mem"":""30.18MiB / 122.8GiB""},{""name"":""lab-prestashop"",""cpu"":""0.01%"",""mem"":""109MiB / 122.8GiB""},{""name"":""lab-woocommerce"",""cpu"":""0.01%"",""mem"":""204.1MiB / 122.8GiB""},{""name"":""lab-redis"",""cpu"":""0.50%"",""mem"":""75.76MiB / 122.8GiB""},{""name"":""lab-postgres"",""cpu"":""19.76%"",""mem"":""240.7MiB / 122.8GiB""},{""name"":""lab-mysql"",""cpu"":""0.90%"",""mem"":""713.3MiB / 122.8GiB""},{""name"":""lab-woocommerce-mysql"",""cpu"":""0.88%"",""mem"":""485.5MiB / 122.8GiB""},{""name"":""lab-allegro-stub"",""cpu"":""0.01%"",""mem"":""30.2MiB / 122.8GiB""}]"
2026-09-09T08:22:21Z,4,303,8,399,26,2666518195,"[{""name"":""lab-worker-1"",""cpu"":""5.03%"",""mem"":""132.6MiB / 122.8GiB""},{""name"":""lab-api"",""cpu"":""0.00%"",""mem"":""176.2MiB / 122.8GiB""},{""name"":""lab-wc-tls"",""cpu"":""0.00%"",""mem"":""30.18MiB / 122.8GiB""},{""name"":""lab-prestashop"",""cpu"":""0.01%"",""mem"":""109MiB / 122.8GiB""},{""name"":""lab-woocommerce"",""cpu"":""0.01%"",""mem"":""204.1MiB / 122.8GiB""},{""name"":""lab-redis"",""cpu"":""0.75%"",""mem"":""76.01MiB / 122.8GiB""},{""name"":""lab-postgres"",""cpu"":""23.25%"",""mem"":""242.6MiB / 122.8GiB""},{""name"":""lab-mysql"",""cpu"":""0.74%"",""mem"":""713.3MiB / 122.8GiB""},{""name"":""lab-woocommerce-mysql"",""cpu"":""5.47%"",""mem"":""485.5MiB / 122.8GiB""},{""name"":""lab-allegro-stub"",""cpu"":""0.00%"",""mem"":""30.2MiB / 122.8GiB""}]"
2026-09-09T08:22:25Z,4,301,7,400,29,2666518195,"[{""name"":""lab-worker-1"",""cpu"":""2.98%"",""mem"":""132.8MiB / 122.8GiB""},{""name"":""lab-api"",""cpu"":""0.00%"",""mem"":""176.2MiB / 122.8GiB""},{""name"":""lab-wc-tls"",""cpu"":""0.00%"",""mem"":""30.18MiB / 122.8GiB""},{""name"":""lab-prestashop"",""cpu"":""0.00%"",""mem"":""109MiB / 122.8GiB""},{""name"":""lab-woocommerce"",""cpu"":""0.01%"",""mem"":""204.1MiB / 122.8GiB""},{""name"":""lab-redis"",""cpu"":""0.60%"",""mem"":""75.75MiB / 122.8GiB""},{""name"":""lab-postgres"",""cpu"":""32.44%"",""mem"":""242.5MiB / 122.8GiB""},{""name"":""lab-mysql"",""cpu"":""0.81%"",""mem"":""713.3MiB / 122.8GiB""},{""name"":""lab-woocommerce-mysql"",""cpu"":""0.88%"",""mem"":""485.5MiB / 122.8GiB""},{""name"":""lab-allegro-stub"",""cpu"":""0.00%"",""mem"":""30.21MiB / 122.8GiB""}]"
2026-09-09T08:22:29Z,3,299,7,402,29,2666518195,"[{""name"":""lab-worker-1"",""cpu"":""2.93%"",""mem"":""132.6MiB / 122.8GiB""},{""name"":""lab-api"",""cpu"":""0.00%"",""mem"":""176.2MiB / 122.8GiB""},{""name"":""lab-wc-tls"",""cpu"":""0.00%"",""mem"":""30.18MiB / 122.8GiB""},{""name"":""lab-prestashop"",""cpu"":""0.01%"",""mem"":""109MiB / 122.8GiB""},{""name"":""lab-woocommerce"",""cpu"":""0.01%"",""mem"":""204.1MiB / 122.8GiB""},{""name"":""lab-redis"",""cpu"":""0.65%"",""mem"":""75.76MiB / 122.8GiB""},{""name"":""lab-postgres"",""cpu"":""12.27%"",""mem"":""249.4MiB / 122.8GiB""},{""name"":""lab-mysql"",""cpu"":""1.09%"",""mem"":""713.3MiB / 122.8GiB""},{""name"":""lab-woocommerce-mysql"",""cpu"":""1.23%"",""mem"":""485.5MiB / 122.8GiB""},{""name"":""lab-allegro-stub"",""cpu"":""0.00%"",""mem"":""30.2MiB / 122.8GiB""}]"
2026-09-09T08:22:33Z,4,298,8,403,29,2666518195,"[{""name"":""lab-worker-1"",""cpu"":""3.38%"",""mem"":""132.8MiB / 122.8GiB""},{""name"":""lab-api"",""cpu"":""0.00%"",""mem"":""176.2MiB / 122.8GiB""},{""name"":""lab-wc-tls"",""cpu"":""0.00%"",""mem"":""30.18MiB / 122.8GiB""},{""name"":""lab-prestashop"",""cpu"":""0.01%"",""mem"":""109MiB / 122.8GiB""},{""name"":""lab-woocommerce"",""cpu"":""0.01%"",""mem"":""204.1MiB / 122.8GiB""},{""name"":""lab-redis"",""cpu"":""0.69%"",""mem"":""76.25MiB / 122.8GiB""},{""name"":""lab-postgres"",""cpu"":""7.27%"",""mem"":""242.8MiB / 122.8GiB""},{""name"":""lab-mysql"",""cpu"":""0.73%"",""mem"":""713.3MiB / 122.8GiB""},{""name"":""lab-woocommerce-mysql"",""cpu"":""0.74%"",""mem"":""485.5MiB / 122.8GiB""},{""name"":""lab-allegro-stub"",""cpu"":""4.48%"",""mem"":""30.2MiB / 122.8GiB""}]"
2026-09-09T08:22:36Z,4,299,7,406,25,2666518195,"[{""name"":""lab-worker-1"",""cpu"":""2.80%"",""mem"":""132.6MiB / 122.8GiB""},{""name"":""lab-api"",""cpu"":""0.01%"",""mem"":""176.2MiB / 122.8GiB""},{""name"":""lab-wc-tls"",""cpu"":""0.00%"",""mem"":""30.18MiB / 122.8GiB""},{""name"":""lab-prestashop"",""cpu"":""5.22%"",""mem"":""109MiB / 122.8GiB""},{""name"":""lab-woocommerce"",""cpu"":""0.00%"",""mem"":""204.1MiB / 122.8GiB""},{""name"":""lab-redis"",""cpu"":""0.52%"",""mem"":""75.76MiB / 122.8GiB""},{""name"":""lab-postgres"",""cpu"":""30.50%"",""mem"":""243MiB / 122.8GiB""},{""name"":""lab-mysql"",""cpu"":""1.26%"",""mem"":""713.3MiB / 122.8GiB""},{""name"":""lab-woocommerce-mysql"",""cpu"":""0.81%"",""mem"":""485.5MiB / 122.8GiB""},{""name"":""lab-allegro-stub"",""cpu"":""0.00%"",""mem"":""30.2MiB / 122.8GiB""}]"
2026-09-09T08:22:40Z,3,297,8,409,23,2666518195,"[{""name"":""lab-worker-1"",""cpu"":""1.50%"",""mem"":""133.1MiB / 122.8GiB""},{""name"":""lab-api"",""cpu"":""0.00%"",""mem"":""176.2MiB / 122.8GiB""},{""name"":""lab-wc-tls"",""cpu"":""0.00%"",""mem"":""30.18MiB / 122.8GiB""},{""name"":""lab-prestashop"",""cpu"":""0.01%"",""mem"":""109MiB / 122.8GiB""},{""name"":""lab-woocommerce"",""cpu"":""0.01%"",""mem"":""204.1MiB / 122.8GiB""},{""name"":""lab-redis"",""cpu"":""0.49%"",""mem"":""75.76MiB / 122.8GiB""},{""name"":""lab-postgres"",""cpu"":""14.60%"",""mem"":""242.5MiB / 122.8GiB""},{""name"":""lab-mysql"",""cpu"":""0.86%"",""mem"":""713.3MiB / 122.8GiB""},{""name"":""lab-woocommerce-mysql"",""cpu"":""1.03%"",""mem"":""485.5MiB / 122.8GiB""},{""name"":""lab-allegro-stub"",""cpu"":""0.00%"",""mem"":""30.2MiB / 122.8GiB""}]"
2026-09-09T08:22:44Z,4,295,7,412,23,2666518195,"[{""name"":""lab-worker-1"",""cpu"":""3.34%"",""mem"":""133.1MiB / 122.8GiB""},{""name"":""lab-api"",""cpu"":""0.00%"",""mem"":""176.2MiB / 122.8GiB""},{""name"":""lab-wc-tls"",""cpu"":""0.00%"",""mem"":""30.18MiB / 122.8GiB""},{""name"":""lab-prestashop"",""cpu"":""0.01%"",""mem"":""109MiB / 122.8GiB""},{""name"":""lab-woocommerce"",""cpu"":""0.01%"",""mem"":""204.2MiB / 122.8GiB""},{""name"":""lab-redis"",""cpu"":""0.68%"",""mem"":""75.75MiB / 122.8GiB""},{""name"":""lab-postgres"",""cpu"":""20.89%"",""mem"":""242.5MiB / 122.8GiB""},{""name"":""lab-mysql"",""cpu"":""0.88%"",""mem"":""713.3MiB / 122.8GiB""},{""name"":""lab-woocommerce-mysql"",""cpu"":""0.94%"",""mem"":""485.5MiB / 122.8GiB""},{""name"":""lab-allegro-stub"",""cpu"":""0.00%"",""mem"":""30.2MiB / 122.8GiB""}]"
2026-09-09T08:22:47Z,4,294,6,413,24,2666518195,"[{""name"":""lab-worker-1"",""cpu"":""2.73%"",""mem"":""133.1MiB / 122.8GiB""},{""name"":""lab-api"",""cpu"":""0.00%"",""mem"":""176.2MiB / 122.8GiB""},{""name"":""lab-wc-tls"",""cpu"":""0.00%"",""mem"":""30.18MiB / 122.8GiB""},{""name"":""lab-prestashop"",""cpu"":""0.00%"",""mem"":""109MiB / 122.8GiB""},{""name"":""lab-woocommerce"",""cpu"":""0.01%"",""mem"":""204.1MiB / 122.8GiB""},{""name"":""lab-redis"",""cpu"":""0.57%"",""mem"":""76.01MiB / 122.8GiB""},{""name"":""lab-postgres"",""cpu"":""19.72%"",""mem"":""242.5MiB / 122.8GiB""},{""name"":""lab-mysql"",""cpu"":""5.25%"",""mem"":""713.3MiB / 122.8GiB""},{""name"":""lab-woocommerce-mysql"",""cpu"":""0.90%"",""mem"":""485.5MiB / 122.8GiB""},{""name"":""lab-allegro-stub"",""cpu"":""0.01%"",""mem"":""30.21MiB / 122.8GiB""}]"
2026-09-09T08:22:51Z,3,290,8,414,25,2666518195,"[{""name"":""lab-worker-1"",""cpu"":""3.70%"",""mem"":""132.6MiB / 122.8GiB""},{""name"":""lab-api"",""cpu"":""0.00%"",""mem"":""176.2MiB / 122.8GiB""},{""name"":""lab-wc-tls"",""cpu"":""0.00%"",""mem"":""30.18MiB / 122.8GiB""},{""name"":""lab-prestashop"",""cpu"":""0.00%"",""mem"":""109MiB / 122.8GiB""},{""name"":""lab-woocommerce"",""cpu"":""0.01%"",""mem"":""204.1MiB / 122.8GiB""},{""name"":""lab-redis"",""cpu"":""0.74%"",""mem"":""76.01MiB / 122.8GiB""},{""name"":""lab-postgres"",""cpu"":""32.39%"",""mem"":""242.5MiB / 122.8GiB""},{""name"":""lab-mysql"",""cpu"":""0.76%"",""mem"":""713.3MiB / 122.8GiB""},{""name"":""lab-woocommerce-mysql"",""cpu"":""5.22%"",""mem"":""485.5MiB / 122.8GiB""},{""name"":""lab-allegro-stub"",""cpu"":""0.00%"",""mem"":""30.2MiB / 122.8GiB""}]"
2026-09-09T08:22:55Z,4,288,8,415,26,2666518195,"[{""name"":""lab-worker-1"",""cpu"":""2.31%"",""mem"":""132.9MiB / 122.8GiB""},{""name"":""lab-api"",""cpu"":""0.00%"",""mem"":""176.2MiB / 122.8GiB""},{""name"":""lab-wc-tls"",""cpu"":""0.00%"",""mem"":""30.18MiB / 122.8GiB""},{""name"":""lab-prestashop"",""cpu"":""0.01%"",""mem"":""109MiB / 122.8GiB""},{""name"":""lab-woocommerce"",""cpu"":""0.00%"",""mem"":""204.1MiB / 122.8GiB""},{""name"":""lab-redis"",""cpu"":""0.62%"",""mem"":""76.01MiB / 122.8GiB""},{""name"":""lab-postgres"",""cpu"":""19.23%"",""mem"":""242.6MiB / 122.8GiB""},{""name"":""lab-mysql"",""cpu"":""0.97%"",""mem"":""713.3MiB / 122.8GiB""},{""name"":""lab-woocommerce-mysql"",""cpu"":""0.99%"",""mem"":""485.5MiB / 122.8GiB""},{""name"":""lab-allegro-stub"",""cpu"":""0.00%"",""mem"":""30.2MiB / 122.8GiB""}]"
2026-09-09T08:22:59Z,4,292,8,415,22,2666518195,"[{""name"":""lab-worker-1"",""cpu"":""2.17%"",""mem"":""132.6MiB / 122.8GiB""},{""name"":""lab-api"",""cpu"":""0.00%"",""mem"":""176.2MiB / 122.8GiB""},{""name"":""lab-wc-tls"",""cpu"":""0.00%"",""mem"":""30.18MiB / 122.8GiB""},{""name"":""lab-prestashop"",""cpu"":""0.01%"",""mem"":""109MiB / 122.8GiB""},{""name"":""lab-woocommerce"",""cpu"":""0.01%"",""mem"":""204.1MiB / 122.8GiB""},{""name"":""lab-redis"",""cpu"":""0.60%"",""mem"":""75.76MiB / 122.8GiB""},{""name"":""lab-postgres"",""cpu"":""19.60%"",""mem"":""242.6MiB / 122.8GiB""},{""name"":""lab-mysql"",""cpu"":""0.80%"",""mem"":""713.3MiB / 122.8GiB""},{""name"":""lab-woocommerce-mysql"",""cpu"":""0.88%"",""mem"":""485.5MiB / 122.8GiB""},{""name"":""lab-allegro-stub"",""cpu"":""0.01%"",""mem"":""30.2MiB / 122.8GiB""}]"
2026-09-09T08:23:02Z,4,294,8,415,20,2666518195,"[{""name"":""lab-worker-1"",""cpu"":""2.17%"",""mem"":""132.8MiB / 122.8GiB""},{""name"":""lab-api"",""cpu"":""0.00%"",""mem"":""176.2MiB / 122.8GiB""},{""name"":""lab-wc-tls"",""cpu"":""0.00%"",""mem"":""30.18MiB / 122.8GiB""},{""name"":""lab-prestashop"",""cpu"":""0.01%"",""mem"":""109MiB / 122.8GiB""},{""name"":""lab-woocommerce"",""cpu"":""0.01%"",""mem"":""204.1MiB / 122.8GiB""},{""name"":""lab-redis"",""cpu"":""0.61%"",""mem"":""75.76MiB / 122.8GiB""},{""name"":""lab-postgres"",""cpu"":""19.58%"",""mem"":""242.5MiB / 122.8GiB""},{""name"":""lab-mysql"",""cpu"":""0.86%"",""mem"":""713.3MiB / 122.8GiB""},{""name"":""lab-woocommerce-mysql"",""cpu"":""0.92%"",""mem"":""485.5MiB / 122.8GiB""},{""name"":""lab-allegro-stub"",""cpu"":""3.98%"",""mem"":""30.26MiB / 122.8GiB""}]"
2026-09-09T08:23:06Z,3,291,7,416,23,2666518195,"[{""name"":""lab-worker-1"",""cpu"":""2.65%"",""mem"":""132.9MiB / 122.8GiB""},{""name"":""lab-api"",""cpu"":""0.02%"",""mem"":""176.2MiB / 122.8GiB""},{""name"":""lab-wc-tls"",""cpu"":""0.00%"",""mem"":""30.18MiB / 122.8GiB""},{""name"":""lab-prestashop"",""cpu"":""4.95%"",""mem"":""109.1MiB / 122.8GiB""},{""name"":""lab-woocommerce"",""cpu"":""0.01%"",""mem"":""204.1MiB / 122.8GiB""},{""name"":""lab-redis"",""cpu"":""0.43%"",""mem"":""76.01MiB / 122.8GiB""},{""name"":""lab-postgres"",""cpu"":""8.64%"",""mem"":""242.4MiB / 122.8GiB""},{""name"":""lab-mysql"",""cpu"":""1.37%"",""mem"":""713.3MiB / 122.8GiB""},{""name"":""lab-woocommerce-mysql"",""cpu"":""0.90%"",""mem"":""485.5MiB / 122.8GiB""},{""name"":""lab-allegro-stub"",""cpu"":""0.00%"",""mem"":""30.2MiB / 122.8GiB""}]"
2026-09-09T08:23:10Z,4,289,8,416,24,2666518195,"[{""name"":""lab-worker-1"",""cpu"":""3.62%"",""mem"":""133.4MiB / 122.8GiB""},{""name"":""lab-api"",""cpu"":""0.00%"",""mem"":""176.2MiB / 122.8GiB""},{""name"":""lab-wc-tls"",""cpu"":""0.00%"",""mem"":""30.18MiB / 122.8GiB""},{""name"":""lab-prestashop"",""cpu"":""0.01%"",""mem"":""109MiB / 122.8GiB""},{""name"":""lab-woocommerce"",""cpu"":""0.01%"",""mem"":""204.1MiB / 122.8GiB""},{""name"":""lab-redis"",""cpu"":""0.75%"",""mem"":""75.76MiB / 122.8GiB""},{""name"":""lab-postgres"",""cpu"":""20.04%"",""mem"":""242.5MiB / 122.8GiB""},{""name"":""lab-mysql"",""cpu"":""0.86%"",""mem"":""713.3MiB / 122.8GiB""},{""name"":""lab-woocommerce-mysql"",""cpu"":""0.84%"",""mem"":""485.5MiB / 122.8GiB""},{""name"":""lab-allegro-stub"",""cpu"":""0.00%"",""mem"":""30.2MiB / 122.8GiB""}]"
2026-09-09T08:23:13Z,4,287,7,417,26,2666518195,"[{""name"":""lab-worker-1"",""cpu"":""2.85%"",""mem"":""133.2MiB / 122.8GiB""},{""name"":""lab-api"",""cpu"":""0.00%"",""mem"":""176.2MiB / 122.8GiB""},{""name"":""lab-wc-tls"",""cpu"":""0.00%"",""mem"":""30.18MiB / 122.8GiB""},{""name"":""lab-prestashop"",""cpu"":""0.01%"",""mem"":""109MiB / 122.8GiB""},{""name"":""lab-woocommerce"",""cpu"":""0.01%"",""mem"":""204.2MiB / 122.8GiB""},{""name"":""lab-redis"",""cpu"":""0.54%"",""mem"":""75.76MiB / 122.8GiB""},{""name"":""lab-postgres"",""cpu"":""20.42%"",""mem"":""242.6MiB / 122.8GiB""},{""name"":""lab-mysql"",""cpu"":""0.98%"",""mem"":""713.3MiB / 122.8GiB""},{""name"":""lab-woocommerce-mysql"",""cpu"":""0.84%"",""mem"":""485.5MiB / 122.8GiB""},{""name"":""lab-allegro-stub"",""cpu"":""0.01%"",""mem"":""30.2MiB / 122.8GiB""}]"
2026-09-09T08:23:17Z,3,284,7,419,27,2666518195,"[{""name"":""lab-worker-1"",""cpu"":""3.47%"",""mem"":""133MiB / 122.8GiB""},{""name"":""lab-api"",""cpu"":""0.00%"",""mem"":""176.2MiB / 122.8GiB""},{""name"":""lab-wc-tls"",""cpu"":""0.00%"",""mem"":""30.18MiB / 122.8GiB""},{""name"":""lab-prestashop"",""cpu"":""0.01%"",""mem"":""109MiB / 122.8GiB""},{""name"":""lab-woocommerce"",""cpu"":""0.01%"",""mem"":""204.1MiB / 122.8GiB""},{""name"":""lab-redis"",""cpu"":""4.82%"",""mem"":""75.76MiB / 122.8GiB""},{""name"":""lab-postgres"",""cpu"":""26.08%"",""mem"":""242.8MiB / 122.8GiB""},{""name"":""lab-mysql"",""cpu"":""0.78%"",""mem"":""713.3MiB / 122.8GiB""},{""name"":""lab-woocommerce-mysql"",""cpu"":""0.77%"",""mem"":""485.5MiB / 122.8GiB""},{""name"":""lab-allegro-stub"",""cpu"":""0.00%"",""mem"":""30.2MiB / 122.8GiB""}]"
2026-09-09T08:23:21Z,4,283,8,422,24,2666518195,"[{""name"":""lab-worker-1"",""cpu"":""2.83%"",""mem"":""133MiB / 122.8GiB""},{""name"":""lab-api"",""cpu"":""0.00%"",""mem"":""176.2MiB / 122.8GiB""},{""name"":""lab-wc-tls"",""cpu"":""0.00%"",""mem"":""30.18MiB / 122.8GiB""},{""name"":""lab-prestashop"",""cpu"":""0.00%"",""mem"":""109MiB / 122.8GiB""},{""name"":""lab-woocommerce"",""cpu"":""0.01%"",""mem"":""204.1MiB / 122.8GiB""},{""name"":""lab-redis"",""cpu"":""0.52%"",""mem"":""75.76MiB / 122.8GiB""},{""name"":""lab-postgres"",""cpu"":""26.18%"",""mem"":""242.6MiB / 122.8GiB""},{""name"":""lab-mysql"",""cpu"":""0.78%"",""mem"":""713.3MiB / 122.8GiB""},{""name"":""lab-woocommerce-mysql"",""cpu"":""0.81%"",""mem"":""485.5MiB / 122.8GiB""},{""name"":""lab-allegro-stub"",""cpu"":""0.00%"",""mem"":""30.2MiB / 122.8GiB""}]"
2026-09-09T08:23:24Z,4,283,7,423,24,2666518195,"[{""name"":""lab-worker-1"",""cpu"":""2.80%"",""mem"":""133.2MiB / 122.8GiB""},{""name"":""lab-api"",""cpu"":""0.00%"",""mem"":""176.2MiB / 122.8GiB""},{""name"":""lab-wc-tls"",""cpu"":""0.00%"",""mem"":""30.18MiB / 122.8GiB""},{""name"":""lab-prestashop"",""cpu"":""0.01%"",""mem"":""109MiB / 122.8GiB""},{""name"":""lab-woocommerce"",""cpu"":""0.01%"",""mem"":""204.1MiB / 122.8GiB""},{""name"":""lab-redis"",""cpu"":""0.61%"",""mem"":""75.76MiB / 122.8GiB""},{""name"":""lab-postgres"",""cpu"":""18.80%"",""mem"":""242.5MiB / 122.8GiB""},{""name"":""lab-mysql"",""cpu"":""0.94%"",""mem"":""713.3MiB / 122.8GiB""},{""name"":""lab-woocommerce-mysql"",""cpu"":""0.93%"",""mem"":""485.5MiB / 122.8GiB""},{""name"":""lab-allegro-stub"",""cpu"":""0.00%"",""mem"":""30.2MiB / 122.8GiB""}]"
