ts,dt,queued,running,dead,deferred,pg_database_size_bytes,docker_stats_json
2026-09-10T13:49:18Z,0,1,0,47,0,2668869299,"[{""name"":""lab-worker-1"",""cpu"":""38.70%"",""mem"":""137MiB / 122.8GiB""},{""name"":""lab-api"",""cpu"":""0.00%"",""mem"":""145.4MiB / 122.8GiB""},{""name"":""lab-allegro-stub"",""cpu"":""0.13%"",""mem"":""21.05MiB / 122.8GiB""},{""name"":""lab-erli-stub"",""cpu"":""0.01%"",""mem"":""18.05MiB / 122.8GiB""},{""name"":""lab-eparagony-stub"",""cpu"":""0.00%"",""mem"":""20.37MiB / 122.8GiB""},{""name"":""lab-invoicing-stub"",""cpu"":""0.01%"",""mem"":""16.6MiB / 122.8GiB""},{""name"":""lab-shipping-stub"",""cpu"":""0.01%"",""mem"":""16.58MiB / 122.8GiB""},{""name"":""lab-eparagony-stub-tls"",""cpu"":""0.00%"",""mem"":""23.3MiB / 122.8GiB""},{""name"":""lab-erli-stub-tls"",""cpu"":""0.00%"",""mem"":""22.67MiB / 122.8GiB""},{""name"":""lab-wc-tls"",""cpu"":""0.00%"",""mem"":""29.51MiB / 122.8GiB""},{""name"":""lab-prestashop"",""cpu"":""10.55%"",""mem"":""153.9MiB / 122.8GiB""},{""name"":""lab-woocommerce"",""cpu"":""0.00%"",""mem"":""294.6MiB / 122.8GiB""},{""name"":""lab-redis"",""cpu"":""3.20%"",""mem"":""80.67MiB / 122.8GiB""},{""name"":""lab-postgres"",""cpu"":""40.33%"",""mem"":""242MiB / 122.8GiB""},{""name"":""lab-mysql"",""cpu"":""12.81%"",""mem"":""726.5MiB / 122.8GiB""},{""name"":""lab-woocommerce-mysql"",""cpu"":""0.75%"",""mem"":""511.8MiB / 122.8GiB""}]"
2026-09-10T13:49:21Z,3,98,2,47,0,2668869299,"[{""name"":""lab-worker-1"",""cpu"":""13.88%"",""mem"":""136.6MiB / 122.8GiB""},{""name"":""lab-api"",""cpu"":""0.00%"",""mem"":""145.4MiB / 122.8GiB""},{""name"":""lab-allegro-stub"",""cpu"":""0.08%"",""mem"":""21.05MiB / 122.8GiB""},{""name"":""lab-erli-stub"",""cpu"":""0.00%"",""mem"":""18.05MiB / 122.8GiB""},{""name"":""lab-eparagony-stub"",""cpu"":""4.20%"",""mem"":""20.41MiB / 122.8GiB""},{""name"":""lab-invoicing-stub"",""cpu"":""0.00%"",""mem"":""16.6MiB / 122.8GiB""},{""name"":""lab-shipping-stub"",""cpu"":""0.00%"",""mem"":""16.58MiB / 122.8GiB""},{""name"":""lab-eparagony-stub-tls"",""cpu"":""0.00%"",""mem"":""23.3MiB / 122.8GiB""},{""name"":""lab-erli-stub-tls"",""cpu"":""0.00%"",""mem"":""22.67MiB / 122.8GiB""},{""name"":""lab-wc-tls"",""cpu"":""0.07%"",""mem"":""29.54MiB / 122.8GiB""},{""name"":""lab-prestashop"",""cpu"":""10.42%"",""mem"":""154.2MiB / 122.8GiB""},{""name"":""lab-woocommerce"",""cpu"":""18.10%"",""mem"":""296.6MiB / 122.8GiB""},{""name"":""lab-redis"",""cpu"":""0.85%"",""mem"":""80.67MiB / 122.8GiB""},{""name"":""lab-postgres"",""cpu"":""39.15%"",""mem"":""249MiB / 122.8GiB""},{""name"":""lab-mysql"",""cpu"":""8.63%"",""mem"":""726.5MiB / 122.8GiB""},{""name"":""lab-woocommerce-mysql"",""cpu"":""22.43%"",""mem"":""512MiB / 122.8GiB""}]"
2026-09-10T13:49:25Z,3,95,2,47,0,2668877491,"[{""name"":""lab-worker-1"",""cpu"":""10.40%"",""mem"":""136.6MiB / 122.8GiB""},{""name"":""lab-api"",""cpu"":""0.00%"",""mem"":""145.4MiB / 122.8GiB""},{""name"":""lab-allegro-stub"",""cpu"":""0.08%"",""mem"":""21.05MiB / 122.8GiB""},{""name"":""lab-erli-stub"",""cpu"":""0.00%"",""mem"":""18.05MiB / 122.8GiB""},{""name"":""lab-eparagony-stub"",""cpu"":""0.00%"",""mem"":""20.37MiB / 122.8GiB""},{""name"":""lab-invoicing-stub"",""cpu"":""0.00%"",""mem"":""16.61MiB / 122.8GiB""},{""name"":""lab-shipping-stub"",""cpu"":""0.00%"",""mem"":""16.58MiB / 122.8GiB""},{""name"":""lab-eparagony-stub-tls"",""cpu"":""0.00%"",""mem"":""23.3MiB / 122.8GiB""},{""name"":""lab-erli-stub-tls"",""cpu"":""0.00%"",""mem"":""22.67MiB / 122.8GiB""},{""name"":""lab-wc-tls"",""cpu"":""0.07%"",""mem"":""29.79MiB / 122.8GiB""},{""name"":""lab-prestashop"",""cpu"":""7.53%"",""mem"":""153.9MiB / 122.8GiB""},{""name"":""lab-woocommerce"",""cpu"":""18.49%"",""mem"":""298.6MiB / 122.8GiB""},{""name"":""lab-redis"",""cpu"":""5.32%"",""mem"":""80.67MiB / 122.8GiB""},{""name"":""lab-postgres"",""cpu"":""36.49%"",""mem"":""249.9MiB / 122.8GiB""},{""name"":""lab-mysql"",""cpu"":""7.87%"",""mem"":""726.7MiB / 122.8GiB""},{""name"":""lab-woocommerce-mysql"",""cpu"":""21.63%"",""mem"":""511.8MiB / 122.8GiB""}]"
2026-09-10T13:49:28Z,4,92,2,47,0,2668885683,"[{""name"":""lab-worker-1"",""cpu"":""17.36%"",""mem"":""137.1MiB / 122.8GiB""},{""name"":""lab-api"",""cpu"":""0.00%"",""mem"":""145.6MiB / 122.8GiB""},{""name"":""lab-allegro-stub"",""cpu"":""4.28%"",""mem"":""21.05MiB / 122.8GiB""},{""name"":""lab-erli-stub"",""cpu"":""4.10%"",""mem"":""18.05MiB / 122.8GiB""},{""name"":""lab-eparagony-stub"",""cpu"":""0.00%"",""mem"":""20.37MiB / 122.8GiB""},{""name"":""lab-invoicing-stub"",""cpu"":""3.82%"",""mem"":""16.6MiB / 122.8GiB""},{""name"":""lab-shipping-stub"",""cpu"":""4.56%"",""mem"":""16.59MiB / 122.8GiB""},{""name"":""lab-eparagony-stub-tls"",""cpu"":""0.00%"",""mem"":""23.3MiB / 122.8GiB""},{""name"":""lab-erli-stub-tls"",""cpu"":""0.00%"",""mem"":""22.67MiB / 122.8GiB""},{""name"":""lab-wc-tls"",""cpu"":""0.05%"",""mem"":""29.54MiB / 122.8GiB""},{""name"":""lab-prestashop"",""cpu"":""8.19%"",""mem"":""153.9MiB / 122.8GiB""},{""name"":""lab-woocommerce"",""cpu"":""17.42%"",""mem"":""298.6MiB / 122.8GiB""},{""name"":""lab-redis"",""cpu"":""1.73%"",""mem"":""80.7MiB / 122.8GiB""},{""name"":""lab-postgres"",""cpu"":""43.30%"",""mem"":""250.5MiB / 122.8GiB""},{""name"":""lab-mysql"",""cpu"":""6.87%"",""mem"":""726.5MiB / 122.8GiB""},{""name"":""lab-woocommerce-mysql"",""cpu"":""20.77%"",""mem"":""511.8MiB / 122.8GiB""}]"
2026-09-10T13:49:31Z,3,139,2,47,0,2668893875,"[{""name"":""lab-worker-1"",""cpu"":""11.84%"",""mem"":""136.7MiB / 122.8GiB""},{""name"":""lab-api"",""cpu"":""0.00%"",""mem"":""145.6MiB / 122.8GiB""},{""name"":""lab-allegro-stub"",""cpu"":""0.09%"",""mem"":""21.05MiB / 122.8GiB""},{""name"":""lab-erli-stub"",""cpu"":""0.00%"",""mem"":""18.05MiB / 122.8GiB""},{""name"":""lab-eparagony-stub"",""cpu"":""0.00%"",""mem"":""20.37MiB / 122.8GiB""},{""name"":""lab-invoicing-stub"",""cpu"":""0.00%"",""mem"":""16.6MiB / 122.8GiB""},{""name"":""lab-shipping-stub"",""cpu"":""0.00%"",""mem"":""16.58MiB / 122.8GiB""},{""name"":""lab-eparagony-stub-tls"",""cpu"":""0.00%"",""mem"":""23.3MiB / 122.8GiB""},{""name"":""lab-erli-stub-tls"",""cpu"":""0.00%"",""mem"":""22.67MiB / 122.8GiB""},{""name"":""lab-wc-tls"",""cpu"":""0.09%"",""mem"":""29.55MiB / 122.8GiB""},{""name"":""lab-prestashop"",""cpu"":""6.91%"",""mem"":""153.9MiB / 122.8GiB""},{""name"":""lab-woocommerce"",""cpu"":""25.36%"",""mem"":""296.6MiB / 122.8GiB""},{""name"":""lab-redis"",""cpu"":""0.79%"",""mem"":""80.71MiB / 122.8GiB""},{""name"":""lab-postgres"",""cpu"":""39.08%"",""mem"":""251MiB / 122.8GiB""},{""name"":""lab-mysql"",""cpu"":""6.74%"",""mem"":""726.5MiB / 122.8GiB""},{""name"":""lab-woocommerce-mysql"",""cpu"":""38.05%"",""mem"":""511.8MiB / 122.8GiB""}]"
2026-09-10T13:49:34Z,3,136,2,47,0,2668902067,"[{""name"":""lab-worker-1"",""cpu"":""11.22%"",""mem"":""136.5MiB / 122.8GiB""},{""name"":""lab-api"",""cpu"":""0.00%"",""mem"":""145.6MiB / 122.8GiB""},{""name"":""lab-allegro-stub"",""cpu"":""0.09%"",""mem"":""21.05MiB / 122.8GiB""},{""name"":""lab-erli-stub"",""cpu"":""0.00%"",""mem"":""18.05MiB / 122.8GiB""},{""name"":""lab-eparagony-stub"",""cpu"":""0.00%"",""mem"":""20.37MiB / 122.8GiB""},{""name"":""lab-invoicing-stub"",""cpu"":""0.00%"",""mem"":""16.6MiB / 122.8GiB""},{""name"":""lab-shipping-stub"",""cpu"":""0.00%"",""mem"":""16.58MiB / 122.8GiB""},{""name"":""lab-eparagony-stub-tls"",""cpu"":""0.00%"",""mem"":""23.3MiB / 122.8GiB""},{""name"":""lab-erli-stub-tls"",""cpu"":""0.00%"",""mem"":""22.67MiB / 122.8GiB""},{""name"":""lab-wc-tls"",""cpu"":""0.07%"",""mem"":""29.55MiB / 122.8GiB""},{""name"":""lab-prestashop"",""cpu"":""7.99%"",""mem"":""153.9MiB / 122.8GiB""},{""name"":""lab-woocommerce"",""cpu"":""19.43%"",""mem"":""296.6MiB / 122.8GiB""},{""name"":""lab-redis"",""cpu"":""4.56%"",""mem"":""80.75MiB / 122.8GiB""},{""name"":""lab-postgres"",""cpu"":""38.27%"",""mem"":""254.2MiB / 122.8GiB""},{""name"":""lab-mysql"",""cpu"":""7.43%"",""mem"":""726.5MiB / 122.8GiB""},{""name"":""lab-woocommerce-mysql"",""cpu"":""23.72%"",""mem"":""511.8MiB / 122.8GiB""}]"
2026-09-10T13:49:37Z,3,133,2,47,0,2668902067,"[{""name"":""lab-worker-1"",""cpu"":""13.67%"",""mem"":""136.8MiB / 122.8GiB""},{""name"":""lab-api"",""cpu"":""0.86%"",""mem"":""145.6MiB / 122.8GiB""},{""name"":""lab-allegro-stub"",""cpu"":""0.19%"",""mem"":""21.05MiB / 122.8GiB""},{""name"":""lab-erli-stub"",""cpu"":""4.13%"",""mem"":""18.07MiB / 122.8GiB""},{""name"":""lab-eparagony-stub"",""cpu"":""4.02%"",""mem"":""20.37MiB / 122.8GiB""},{""name"":""lab-invoicing-stub"",""cpu"":""0.00%"",""mem"":""16.6MiB / 122.8GiB""},{""name"":""lab-shipping-stub"",""cpu"":""0.00%"",""mem"":""16.58MiB / 122.8GiB""},{""name"":""lab-eparagony-stub-tls"",""cpu"":""0.00%"",""mem"":""23.3MiB / 122.8GiB""},{""name"":""lab-erli-stub-tls"",""cpu"":""0.00%"",""mem"":""22.67MiB / 122.8GiB""},{""name"":""lab-wc-tls"",""cpu"":""0.07%"",""mem"":""29.55MiB / 122.8GiB""},{""name"":""lab-prestashop"",""cpu"":""9.94%"",""mem"":""153.9MiB / 122.8GiB""},{""name"":""lab-woocommerce"",""cpu"":""17.71%"",""mem"":""298.6MiB / 122.8GiB""},{""name"":""lab-redis"",""cpu"":""1.00%"",""mem"":""80.72MiB / 122.8GiB""},{""name"":""lab-postgres"",""cpu"":""36.46%"",""mem"":""254.5MiB / 122.8GiB""},{""name"":""lab-mysql"",""cpu"":""13.09%"",""mem"":""726.5MiB / 122.8GiB""},{""name"":""lab-woocommerce-mysql"",""cpu"":""23.74%"",""mem"":""511.8MiB / 122.8GiB""}]"
2026-09-10T13:49:40Z,3,130,2,47,0,2668902067,"[{""name"":""lab-worker-1"",""cpu"":""11.87%"",""mem"":""136.7MiB / 122.8GiB""},{""name"":""lab-api"",""cpu"":""0.00%"",""mem"":""145.6MiB / 122.8GiB""},{""name"":""lab-allegro-stub"",""cpu"":""0.10%"",""mem"":""21.3MiB / 122.8GiB""},{""name"":""lab-erli-stub"",""cpu"":""0.00%"",""mem"":""18.05MiB / 122.8GiB""},{""name"":""lab-eparagony-stub"",""cpu"":""0.00%"",""mem"":""20.37MiB / 122.8GiB""},{""name"":""lab-invoicing-stub"",""cpu"":""0.00%"",""mem"":""16.6MiB / 122.8GiB""},{""name"":""lab-shipping-stub"",""cpu"":""0.00%"",""mem"":""16.58MiB / 122.8GiB""},{""name"":""lab-eparagony-stub-tls"",""cpu"":""0.00%"",""mem"":""23.3MiB / 122.8GiB""},{""name"":""lab-erli-stub-tls"",""cpu"":""0.00%"",""mem"":""22.67MiB / 122.8GiB""},{""name"":""lab-wc-tls"",""cpu"":""0.08%"",""mem"":""29.55MiB / 122.8GiB""},{""name"":""lab-prestashop"",""cpu"":""7.82%"",""mem"":""153.9MiB / 122.8GiB""},{""name"":""lab-woocommerce"",""cpu"":""18.47%"",""mem"":""298.6MiB / 122.8GiB""},{""name"":""lab-redis"",""cpu"":""0.85%"",""mem"":""80.71MiB / 122.8GiB""},{""name"":""lab-postgres"",""cpu"":""40.37%"",""mem"":""254.5MiB / 122.8GiB""},{""name"":""lab-mysql"",""cpu"":""7.27%"",""mem"":""726.5MiB / 122.8GiB""},{""name"":""lab-woocommerce-mysql"",""cpu"":""25.63%"",""mem"":""511.8MiB / 122.8GiB""}]"
2026-09-10T13:49:43Z,3,127,1,47,0,2668910259,"[{""name"":""lab-worker-1"",""cpu"":""11.11%"",""mem"":""136.7MiB / 122.8GiB""},{""name"":""lab-api"",""cpu"":""0.01%"",""mem"":""145.6MiB / 122.8GiB""},{""name"":""lab-allegro-stub"",""cpu"":""4.10%"",""mem"":""21.29MiB / 122.8GiB""},{""name"":""lab-erli-stub"",""cpu"":""0.01%"",""mem"":""18.05MiB / 122.8GiB""},{""name"":""lab-eparagony-stub"",""cpu"":""0.00%"",""mem"":""20.37MiB / 122.8GiB""},{""name"":""lab-invoicing-stub"",""cpu"":""3.27%"",""mem"":""16.6MiB / 122.8GiB""},{""name"":""lab-shipping-stub"",""cpu"":""3.32%"",""mem"":""16.58MiB / 122.8GiB""},{""name"":""lab-eparagony-stub-tls"",""cpu"":""0.00%"",""mem"":""23.3MiB / 122.8GiB""},{""name"":""lab-erli-stub-tls"",""cpu"":""0.00%"",""mem"":""22.67MiB / 122.8GiB""},{""name"":""lab-wc-tls"",""cpu"":""0.09%"",""mem"":""29.55MiB / 122.8GiB""},{""name"":""lab-prestashop"",""cpu"":""7.41%"",""mem"":""149.9MiB / 122.8GiB""},{""name"":""lab-woocommerce"",""cpu"":""18.77%"",""mem"":""298.6MiB / 122.8GiB""},{""name"":""lab-redis"",""cpu"":""0.78%"",""mem"":""80.96MiB / 122.8GiB""},{""name"":""lab-postgres"",""cpu"":""36.55%"",""mem"":""254.6MiB / 122.8GiB""},{""name"":""lab-mysql"",""cpu"":""9.02%"",""mem"":""726.7MiB / 122.8GiB""},{""name"":""lab-woocommerce-mysql"",""cpu"":""20.90%"",""mem"":""512.1MiB / 122.8GiB""}]"
2026-09-10T13:49:46Z,3,124,1,47,0,2668934835,"[{""name"":""lab-worker-1"",""cpu"":""13.00%"",""mem"":""136.7MiB / 122.8GiB""},{""name"":""lab-api"",""cpu"":""0.61%"",""mem"":""145.7MiB / 122.8GiB""},{""name"":""lab-allegro-stub"",""cpu"":""0.08%"",""mem"":""21.29MiB / 122.8GiB""},{""name"":""lab-erli-stub"",""cpu"":""0.00%"",""mem"":""18.05MiB / 122.8GiB""},{""name"":""lab-eparagony-stub"",""cpu"":""0.00%"",""mem"":""20.37MiB / 122.8GiB""},{""name"":""lab-invoicing-stub"",""cpu"":""0.00%"",""mem"":""16.6MiB / 122.8GiB""},{""name"":""lab-shipping-stub"",""cpu"":""0.00%"",""mem"":""16.58MiB / 122.8GiB""},{""name"":""lab-eparagony-stub-tls"",""cpu"":""0.00%"",""mem"":""23.3MiB / 122.8GiB""},{""name"":""lab-erli-stub-tls"",""cpu"":""0.00%"",""mem"":""22.67MiB / 122.8GiB""},{""name"":""lab-wc-tls"",""cpu"":""0.08%"",""mem"":""29.55MiB / 122.8GiB""},{""name"":""lab-prestashop"",""cpu"":""8.08%"",""mem"":""149.9MiB / 122.8GiB""},{""name"":""lab-woocommerce"",""cpu"":""20.76%"",""mem"":""298.6MiB / 122.8GiB""},{""name"":""lab-redis"",""cpu"":""0.84%"",""mem"":""80.73MiB / 122.8GiB""},{""name"":""lab-postgres"",""cpu"":""45.72%"",""mem"":""254.8MiB / 122.8GiB""},{""name"":""lab-mysql"",""cpu"":""11.15%"",""mem"":""726.5MiB / 122.8GiB""},{""name"":""lab-woocommerce-mysql"",""cpu"":""15.55%"",""mem"":""511.8MiB / 122.8GiB""}]"
2026-09-10T13:49:50Z,3,121,1,47,0,2668951219,"[{""name"":""lab-worker-1"",""cpu"":""9.64%"",""mem"":""137.4MiB / 122.8GiB""},{""name"":""lab-api"",""cpu"":""0.00%"",""mem"":""145.7MiB / 122.8GiB""},{""name"":""lab-allegro-stub"",""cpu"":""0.09%"",""mem"":""21.3MiB / 122.8GiB""},{""name"":""lab-erli-stub"",""cpu"":""0.00%"",""mem"":""18.05MiB / 122.8GiB""},{""name"":""lab-eparagony-stub"",""cpu"":""0.00%"",""mem"":""20.39MiB / 122.8GiB""},{""name"":""lab-invoicing-stub"",""cpu"":""0.00%"",""mem"":""16.6MiB / 122.8GiB""},{""name"":""lab-shipping-stub"",""cpu"":""0.00%"",""mem"":""16.58MiB / 122.8GiB""},{""name"":""lab-eparagony-stub-tls"",""cpu"":""0.00%"",""mem"":""23.3MiB / 122.8GiB""},{""name"":""lab-erli-stub-tls"",""cpu"":""0.00%"",""mem"":""22.67MiB / 122.8GiB""},{""name"":""lab-wc-tls"",""cpu"":""0.08%"",""mem"":""29.55MiB / 122.8GiB""},{""name"":""lab-prestashop"",""cpu"":""6.31%"",""mem"":""149.9MiB / 122.8GiB""},{""name"":""lab-woocommerce"",""cpu"":""16.81%"",""mem"":""300.6MiB / 122.8GiB""},{""name"":""lab-redis"",""cpu"":""0.69%"",""mem"":""80.72MiB / 122.8GiB""},{""name"":""lab-postgres"",""cpu"":""38.34%"",""mem"":""254.6MiB / 122.8GiB""},{""name"":""lab-mysql"",""cpu"":""6.01%"",""mem"":""726.7MiB / 122.8GiB""},{""name"":""lab-woocommerce-mysql"",""cpu"":""25.13%"",""mem"":""511.9MiB / 122.8GiB""}]"
2026-09-10T13:49:53Z,4,118,1,47,0,2668959411,"[{""name"":""lab-worker-1"",""cpu"":""9.38%"",""mem"":""137.4MiB / 122.8GiB""},{""name"":""lab-api"",""cpu"":""0.01%"",""mem"":""145.7MiB / 122.8GiB""},{""name"":""lab-allegro-stub"",""cpu"":""3.62%"",""mem"":""21.31MiB / 122.8GiB""},{""name"":""lab-erli-stub"",""cpu"":""4.54%"",""mem"":""18.06MiB / 122.8GiB""},{""name"":""lab-eparagony-stub"",""cpu"":""1.66%"",""mem"":""20.37MiB / 122.8GiB""},{""name"":""lab-invoicing-stub"",""cpu"":""4.42%"",""mem"":""16.63MiB / 122.8GiB""},{""name"":""lab-shipping-stub"",""cpu"":""3.87%"",""mem"":""16.59MiB / 122.8GiB""},{""name"":""lab-eparagony-stub-tls"",""cpu"":""0.00%"",""mem"":""23.3MiB / 122.8GiB""},{""name"":""lab-erli-stub-tls"",""cpu"":""0.00%"",""mem"":""22.67MiB / 122.8GiB""},{""name"":""lab-wc-tls"",""cpu"":""0.06%"",""mem"":""29.55MiB / 122.8GiB""},{""name"":""lab-prestashop"",""cpu"":""6.24%"",""mem"":""149.9MiB / 122.8GiB""},{""name"":""lab-woocommerce"",""cpu"":""22.00%"",""mem"":""300.9MiB / 122.8GiB""},{""name"":""lab-redis"",""cpu"":""0.74%"",""mem"":""80.71MiB / 122.8GiB""},{""name"":""lab-postgres"",""cpu"":""35.86%"",""mem"":""254.6MiB / 122.8GiB""},{""name"":""lab-mysql"",""cpu"":""5.76%"",""mem"":""726.5MiB / 122.8GiB""},{""name"":""lab-woocommerce-mysql"",""cpu"":""22.60%"",""mem"":""511.8MiB / 122.8GiB""}]"
2026-09-10T13:49:56Z,3,115,1,47,0,2668967603,"[{""name"":""lab-worker-1"",""cpu"":""13.51%"",""mem"":""137.3MiB / 122.8GiB""},{""name"":""lab-api"",""cpu"":""0.00%"",""mem"":""145.7MiB / 122.8GiB""},{""name"":""lab-allegro-stub"",""cpu"":""0.08%"",""mem"":""21.3MiB / 122.8GiB""},{""name"":""lab-erli-stub"",""cpu"":""0.00%"",""mem"":""18.05MiB / 122.8GiB""},{""name"":""lab-eparagony-stub"",""cpu"":""0.00%"",""mem"":""20.37MiB / 122.8GiB""},{""name"":""lab-invoicing-stub"",""cpu"":""0.00%"",""mem"":""16.6MiB / 122.8GiB""},{""name"":""lab-shipping-stub"",""cpu"":""0.01%"",""mem"":""16.58MiB / 122.8GiB""},{""name"":""lab-eparagony-stub-tls"",""cpu"":""0.00%"",""mem"":""23.3MiB / 122.8GiB""},{""name"":""lab-erli-stub-tls"",""cpu"":""0.00%"",""mem"":""22.67MiB / 122.8GiB""},{""name"":""lab-wc-tls"",""cpu"":""0.04%"",""mem"":""29.55MiB / 122.8GiB""},{""name"":""lab-prestashop"",""cpu"":""7.05%"",""mem"":""149.9MiB / 122.8GiB""},{""name"":""lab-woocommerce"",""cpu"":""18.18%"",""mem"":""300.6MiB / 122.8GiB""},{""name"":""lab-redis"",""cpu"":""0.77%"",""mem"":""80.71MiB / 122.8GiB""},{""name"":""lab-postgres"",""cpu"":""37.13%"",""mem"":""254.6MiB / 122.8GiB""},{""name"":""lab-mysql"",""cpu"":""7.35%"",""mem"":""726.5MiB / 122.8GiB""},{""name"":""lab-woocommerce-mysql"",""cpu"":""22.82%"",""mem"":""511.8MiB / 122.8GiB""}]"
2026-09-10T13:49:59Z,3,113,1,47,0,2668975795,"[{""name"":""lab-worker-1"",""cpu"":""11.57%"",""mem"":""138.6MiB / 122.8GiB""},{""name"":""lab-api"",""cpu"":""0.00%"",""mem"":""145.7MiB / 122.8GiB""},{""name"":""lab-allegro-stub"",""cpu"":""0.09%"",""mem"":""21.31MiB / 122.8GiB""},{""name"":""lab-erli-stub"",""cpu"":""0.00%"",""mem"":""18.05MiB / 122.8GiB""},{""name"":""lab-eparagony-stub"",""cpu"":""0.00%"",""mem"":""20.37MiB / 122.8GiB""},{""name"":""lab-invoicing-stub"",""cpu"":""0.01%"",""mem"":""16.6MiB / 122.8GiB""},{""name"":""lab-shipping-stub"",""cpu"":""0.01%"",""mem"":""16.58MiB / 122.8GiB""},{""name"":""lab-eparagony-stub-tls"",""cpu"":""0.00%"",""mem"":""23.3MiB / 122.8GiB""},{""name"":""lab-erli-stub-tls"",""cpu"":""0.00%"",""mem"":""22.67MiB / 122.8GiB""},{""name"":""lab-wc-tls"",""cpu"":""0.07%"",""mem"":""29.54MiB / 122.8GiB""},{""name"":""lab-prestashop"",""cpu"":""12.99%"",""mem"":""149.9MiB / 122.8GiB""},{""name"":""lab-woocommerce"",""cpu"":""17.93%"",""mem"":""302.6MiB / 122.8GiB""},{""name"":""lab-redis"",""cpu"":""0.83%"",""mem"":""80.97MiB / 122.8GiB""},{""name"":""lab-postgres"",""cpu"":""36.49%"",""mem"":""254.9MiB / 122.8GiB""},{""name"":""lab-mysql"",""cpu"":""15.74%"",""mem"":""726.5MiB / 122.8GiB""},{""name"":""lab-woocommerce-mysql"",""cpu"":""23.02%"",""mem"":""511.8MiB / 122.8GiB""}]"
2026-09-10T13:50:02Z,3,109,1,47,0,2668992179,"[{""name"":""lab-worker-1"",""cpu"":""12.18%"",""mem"":""137.7MiB / 122.8GiB""},{""name"":""lab-api"",""cpu"":""0.00%"",""mem"":""145.7MiB / 122.8GiB""},{""name"":""lab-allegro-stub"",""cpu"":""0.11%"",""mem"":""21.3MiB / 122.8GiB""},{""name"":""lab-erli-stub"",""cpu"":""0.00%"",""mem"":""18.05MiB / 122.8GiB""},{""name"":""lab-eparagony-stub"",""cpu"":""4.25%"",""mem"":""20.39MiB / 122.8GiB""},{""name"":""lab-invoicing-stub"",""cpu"":""0.00%"",""mem"":""16.6MiB / 122.8GiB""},{""name"":""lab-shipping-stub"",""cpu"":""0.00%"",""mem"":""16.58MiB / 122.8GiB""},{""name"":""lab-eparagony-stub-tls"",""cpu"":""0.00%"",""mem"":""23.3MiB / 122.8GiB""},{""name"":""lab-erli-stub-tls"",""cpu"":""0.00%"",""mem"":""22.67MiB / 122.8GiB""},{""name"":""lab-wc-tls"",""cpu"":""0.08%"",""mem"":""29.54MiB / 122.8GiB""},{""name"":""lab-prestashop"",""cpu"":""7.71%"",""mem"":""149.9MiB / 122.8GiB""},{""name"":""lab-woocommerce"",""cpu"":""17.83%"",""mem"":""302.6MiB / 122.8GiB""},{""name"":""lab-redis"",""cpu"":""0.84%"",""mem"":""80.72MiB / 122.8GiB""},{""name"":""lab-postgres"",""cpu"":""34.75%"",""mem"":""254.6MiB / 122.8GiB""},{""name"":""lab-mysql"",""cpu"":""9.77%"",""mem"":""726.5MiB / 122.8GiB""},{""name"":""lab-woocommerce-mysql"",""cpu"":""22.53%"",""mem"":""511.8MiB / 122.8GiB""}]"
2026-09-10T13:50:05Z,3,106,1,47,0,2669000371,"[{""name"":""lab-worker-1"",""cpu"":""8.99%"",""mem"":""137.3MiB / 122.8GiB""},{""name"":""lab-api"",""cpu"":""0.00%"",""mem"":""145.7MiB / 122.8GiB""},{""name"":""lab-allegro-stub"",""cpu"":""0.06%"",""mem"":""21.3MiB / 122.8GiB""},{""name"":""lab-erli-stub"",""cpu"":""0.00%"",""mem"":""18.05MiB / 122.8GiB""},{""name"":""lab-eparagony-stub"",""cpu"":""0.00%"",""mem"":""20.37MiB / 122.8GiB""},{""name"":""lab-invoicing-stub"",""cpu"":""0.00%"",""mem"":""16.6MiB / 122.8GiB""},{""name"":""lab-shipping-stub"",""cpu"":""0.00%"",""mem"":""16.58MiB / 122.8GiB""},{""name"":""lab-eparagony-stub-tls"",""cpu"":""0.00%"",""mem"":""23.3MiB / 122.8GiB""},{""name"":""lab-erli-stub-tls"",""cpu"":""0.00%"",""mem"":""22.67MiB / 122.8GiB""},{""name"":""lab-wc-tls"",""cpu"":""0.07%"",""mem"":""29.55MiB / 122.8GiB""},{""name"":""lab-prestashop"",""cpu"":""7.79%"",""mem"":""149.9MiB / 122.8GiB""},{""name"":""lab-woocommerce"",""cpu"":""16.49%"",""mem"":""302.6MiB / 122.8GiB""},{""name"":""lab-redis"",""cpu"":""0.74%"",""mem"":""80.72MiB / 122.8GiB""},{""name"":""lab-postgres"",""cpu"":""39.03%"",""mem"":""251.5MiB / 122.8GiB""},{""name"":""lab-mysql"",""cpu"":""7.48%"",""mem"":""726.5MiB / 122.8GiB""},{""name"":""lab-woocommerce-mysql"",""cpu"":""21.75%"",""mem"":""511.8MiB / 122.8GiB""}]"
2026-09-10T13:50:08Z,3,103,1,47,0,2669000371,"[{""name"":""lab-worker-1"",""cpu"":""10.43%"",""mem"":""137.3MiB / 122.8GiB""},{""name"":""lab-api"",""cpu"":""0.01%"",""mem"":""145.8MiB / 122.8GiB""},{""name"":""lab-allegro-stub"",""cpu"":""4.31%"",""mem"":""21.3MiB / 122.8GiB""},{""name"":""lab-erli-stub"",""cpu"":""4.20%"",""mem"":""18.05MiB / 122.8GiB""},{""name"":""lab-eparagony-stub"",""cpu"":""0.01%"",""mem"":""20.39MiB / 122.8GiB""},{""name"":""lab-invoicing-stub"",""cpu"":""3.39%"",""mem"":""16.6MiB / 122.8GiB""},{""name"":""lab-shipping-stub"",""cpu"":""3.81%"",""mem"":""16.58MiB / 122.8GiB""},{""name"":""lab-eparagony-stub-tls"",""cpu"":""0.00%"",""mem"":""23.3MiB / 122.8GiB""},{""name"":""lab-erli-stub-tls"",""cpu"":""0.00%"",""mem"":""22.67MiB / 122.8GiB""},{""name"":""lab-wc-tls"",""cpu"":""0.07%"",""mem"":""29.54MiB / 122.8GiB""},{""name"":""lab-prestashop"",""cpu"":""9.31%"",""mem"":""149.9MiB / 122.8GiB""},{""name"":""lab-woocommerce"",""cpu"":""20.77%"",""mem"":""302.6MiB / 122.8GiB""},{""name"":""lab-redis"",""cpu"":""0.99%"",""mem"":""80.73MiB / 122.8GiB""},{""name"":""lab-postgres"",""cpu"":""35.23%"",""mem"":""251.3MiB / 122.8GiB""},{""name"":""lab-mysql"",""cpu"":""8.52%"",""mem"":""726.5MiB / 122.8GiB""},{""name"":""lab-woocommerce-mysql"",""cpu"":""22.81%"",""mem"":""511.8MiB / 122.8GiB""}]"
2026-09-10T13:50:11Z,3,100,1,47,0,2669008563,"[{""name"":""lab-worker-1"",""cpu"":""10.43%"",""mem"":""137.5MiB / 122.8GiB""},{""name"":""lab-api"",""cpu"":""0.00%"",""mem"":""145.8MiB / 122.8GiB""},{""name"":""lab-allegro-stub"",""cpu"":""0.10%"",""mem"":""21.3MiB / 122.8GiB""},{""name"":""lab-erli-stub"",""cpu"":""0.00%"",""mem"":""18.05MiB / 122.8GiB""},{""name"":""lab-eparagony-stub"",""cpu"":""0.00%"",""mem"":""20.39MiB / 122.8GiB""},{""name"":""lab-invoicing-stub"",""cpu"":""0.00%"",""mem"":""16.6MiB / 122.8GiB""},{""name"":""lab-shipping-stub"",""cpu"":""0.00%"",""mem"":""16.58MiB / 122.8GiB""},{""name"":""lab-eparagony-stub-tls"",""cpu"":""0.00%"",""mem"":""23.3MiB / 122.8GiB""},{""name"":""lab-erli-stub-tls"",""cpu"":""0.00%"",""mem"":""22.67MiB / 122.8GiB""},{""name"":""lab-wc-tls"",""cpu"":""0.08%"",""mem"":""29.55MiB / 122.8GiB""},{""name"":""lab-prestashop"",""cpu"":""7.48%"",""mem"":""145.9MiB / 122.8GiB""},{""name"":""lab-woocommerce"",""cpu"":""17.24%"",""mem"":""302.6MiB / 122.8GiB""},{""name"":""lab-redis"",""cpu"":""0.76%"",""mem"":""80.72MiB / 122.8GiB""},{""name"":""lab-postgres"",""cpu"":""34.51%"",""mem"":""254.5MiB / 122.8GiB""},{""name"":""lab-mysql"",""cpu"":""7.47%"",""mem"":""726.5MiB / 122.8GiB""},{""name"":""lab-woocommerce-mysql"",""cpu"":""23.40%"",""mem"":""511.8MiB / 122.8GiB""}]"
2026-09-10T13:50:14Z,3,97,1,47,0,2669033139,"[{""name"":""lab-worker-1"",""cpu"":""9.64%"",""mem"":""137.3MiB / 122.8GiB""},{""name"":""lab-api"",""cpu"":""0.00%"",""mem"":""145.8MiB / 122.8GiB""},{""name"":""lab-allegro-stub"",""cpu"":""0.07%"",""mem"":""21.3MiB / 122.8GiB""},{""name"":""lab-erli-stub"",""cpu"":""0.00%"",""mem"":""18.05MiB / 122.8GiB""},{""name"":""lab-eparagony-stub"",""cpu"":""0.00%"",""mem"":""20.37MiB / 122.8GiB""},{""name"":""lab-invoicing-stub"",""cpu"":""0.01%"",""mem"":""16.6MiB / 122.8GiB""},{""name"":""lab-shipping-stub"",""cpu"":""0.01%"",""mem"":""16.58MiB / 122.8GiB""},{""name"":""lab-eparagony-stub-tls"",""cpu"":""0.00%"",""mem"":""23.3MiB / 122.8GiB""},{""name"":""lab-erli-stub-tls"",""cpu"":""0.00%"",""mem"":""22.67MiB / 122.8GiB""},{""name"":""lab-wc-tls"",""cpu"":""0.05%"",""mem"":""29.54MiB / 122.8GiB""},{""name"":""lab-prestashop"",""cpu"":""7.06%"",""mem"":""143.9MiB / 122.8GiB""},{""name"":""lab-woocommerce"",""cpu"":""17.90%"",""mem"":""302.6MiB / 122.8GiB""},{""name"":""lab-redis"",""cpu"":""4.89%"",""mem"":""80.73MiB / 122.8GiB""},{""name"":""lab-postgres"",""cpu"":""36.18%"",""mem"":""254.7MiB / 122.8GiB""},{""name"":""lab-mysql"",""cpu"":""7.35%"",""mem"":""726.5MiB / 122.8GiB""},{""name"":""lab-woocommerce-mysql"",""cpu"":""21.47%"",""mem"":""511.8MiB / 122.8GiB""}]"
2026-09-10T13:50:18Z,4,94,1,47,0,2669049523,"[{""name"":""lab-worker-1"",""cpu"":""14.07%"",""mem"":""137.3MiB / 122.8GiB""},{""name"":""lab-api"",""cpu"":""0.41%"",""mem"":""145.8MiB / 122.8GiB""},{""name"":""lab-allegro-stub"",""cpu"":""0.15%"",""mem"":""21.3MiB / 122.8GiB""},{""name"":""lab-erli-stub"",""cpu"":""4.57%"",""mem"":""18.38MiB / 122.8GiB""},{""name"":""lab-eparagony-stub"",""cpu"":""4.15%"",""mem"":""20.37MiB / 122.8GiB""},{""name"":""lab-invoicing-stub"",""cpu"":""0.00%"",""mem"":""16.6MiB / 122.8GiB""},{""name"":""lab-shipping-stub"",""cpu"":""0.00%"",""mem"":""16.58MiB / 122.8GiB""},{""name"":""lab-eparagony-stub-tls"",""cpu"":""0.00%"",""mem"":""23.3MiB / 122.8GiB""},{""name"":""lab-erli-stub-tls"",""cpu"":""0.00%"",""mem"":""22.67MiB / 122.8GiB""},{""name"":""lab-wc-tls"",""cpu"":""0.07%"",""mem"":""29.55MiB / 122.8GiB""},{""name"":""lab-prestashop"",""cpu"":""8.94%"",""mem"":""143.9MiB / 122.8GiB""},{""name"":""lab-woocommerce"",""cpu"":""17.19%"",""mem"":""302.6MiB / 122.8GiB""},{""name"":""lab-redis"",""cpu"":""0.85%"",""mem"":""80.72MiB / 122.8GiB""},{""name"":""lab-postgres"",""cpu"":""38.17%"",""mem"":""254.7MiB / 122.8GiB""},{""name"":""lab-mysql"",""cpu"":""9.11%"",""mem"":""726.7MiB / 122.8GiB""},{""name"":""lab-woocommerce-mysql"",""cpu"":""21.61%"",""mem"":""511.8MiB / 122.8GiB""}]"
2026-09-10T13:50:21Z,3,91,1,47,0,2669049523,"[{""name"":""lab-worker-1"",""cpu"":""9.66%"",""mem"":""137.4MiB / 122.8GiB""},{""name"":""lab-api"",""cpu"":""0.01%"",""mem"":""145.8MiB / 122.8GiB""},{""name"":""lab-allegro-stub"",""cpu"":""0.10%"",""mem"":""21.39MiB / 122.8GiB""},{""name"":""lab-erli-stub"",""cpu"":""0.00%"",""mem"":""18.05MiB / 122.8GiB""},{""name"":""lab-eparagony-stub"",""cpu"":""0.00%"",""mem"":""20.37MiB / 122.8GiB""},{""name"":""lab-invoicing-stub"",""cpu"":""0.00%"",""mem"":""16.6MiB / 122.8GiB""},{""name"":""lab-shipping-stub"",""cpu"":""0.00%"",""mem"":""16.58MiB / 122.8GiB""},{""name"":""lab-eparagony-stub-tls"",""cpu"":""0.00%"",""mem"":""23.3MiB / 122.8GiB""},{""name"":""lab-erli-stub-tls"",""cpu"":""0.00%"",""mem"":""22.67MiB / 122.8GiB""},{""name"":""lab-wc-tls"",""cpu"":""0.07%"",""mem"":""29.54MiB / 122.8GiB""},{""name"":""lab-prestashop"",""cpu"":""8.26%"",""mem"":""143.9MiB / 122.8GiB""},{""name"":""lab-woocommerce"",""cpu"":""17.40%"",""mem"":""302.6MiB / 122.8GiB""},{""name"":""lab-redis"",""cpu"":""0.82%"",""mem"":""80.72MiB / 122.8GiB""},{""name"":""lab-postgres"",""cpu"":""35.65%"",""mem"":""254.7MiB / 122.8GiB""},{""name"":""lab-mysql"",""cpu"":""7.91%"",""mem"":""726.5MiB / 122.8GiB""},{""name"":""lab-woocommerce-mysql"",""cpu"":""21.67%"",""mem"":""511.9MiB / 122.8GiB""}]"
2026-09-10T13:50:24Z,3,88,2,47,0,2669057715,"[{""name"":""lab-worker-1"",""cpu"":""9.78%"",""mem"":""137.5MiB / 122.8GiB""},{""name"":""lab-api"",""cpu"":""0.00%"",""mem"":""145.8MiB / 122.8GiB""},{""name"":""lab-allegro-stub"",""cpu"":""4.41%"",""mem"":""21.4MiB / 122.8GiB""},{""name"":""lab-erli-stub"",""cpu"":""0.00%"",""mem"":""18.05MiB / 122.8GiB""},{""name"":""lab-eparagony-stub"",""cpu"":""0.00%"",""mem"":""20.37MiB / 122.8GiB""},{""name"":""lab-invoicing-stub"",""cpu"":""3.99%"",""mem"":""16.6MiB / 122.8GiB""},{""name"":""lab-shipping-stub"",""cpu"":""4.14%"",""mem"":""16.58MiB / 122.8GiB""},{""name"":""lab-eparagony-stub-tls"",""cpu"":""0.00%"",""mem"":""23.3MiB / 122.8GiB""},{""name"":""lab-erli-stub-tls"",""cpu"":""0.00%"",""mem"":""22.67MiB / 122.8GiB""},{""name"":""lab-wc-tls"",""cpu"":""0.05%"",""mem"":""29.54MiB / 122.8GiB""},{""name"":""lab-prestashop"",""cpu"":""8.93%"",""mem"":""143.9MiB / 122.8GiB""},{""name"":""lab-woocommerce"",""cpu"":""18.75%"",""mem"":""302.6MiB / 122.8GiB""},{""name"":""lab-redis"",""cpu"":""0.89%"",""mem"":""80.73MiB / 122.8GiB""},{""name"":""lab-postgres"",""cpu"":""35.18%"",""mem"":""254.7MiB / 122.8GiB""},{""name"":""lab-mysql"",""cpu"":""8.64%"",""mem"":""726.5MiB / 122.8GiB""},{""name"":""lab-woocommerce-mysql"",""cpu"":""22.23%"",""mem"":""511.9MiB / 122.8GiB""}]"
2026-09-10T13:50:27Z,3,85,2,47,0,2669057715,"[{""name"":""lab-worker-1"",""cpu"":""10.62%"",""mem"":""137.2MiB / 122.8GiB""},{""name"":""lab-api"",""cpu"":""1.27%"",""mem"":""146MiB / 122.8GiB""},{""name"":""lab-allegro-stub"",""cpu"":""0.08%"",""mem"":""21.4MiB / 122.8GiB""},{""name"":""lab-erli-stub"",""cpu"":""0.00%"",""mem"":""18.05MiB / 122.8GiB""},{""name"":""lab-eparagony-stub"",""cpu"":""4.01%"",""mem"":""20.59MiB / 122.8GiB""},{""name"":""lab-invoicing-stub"",""cpu"":""0.00%"",""mem"":""16.6MiB / 122.8GiB""},{""name"":""lab-shipping-stub"",""cpu"":""0.00%"",""mem"":""16.58MiB / 122.8GiB""},{""name"":""lab-eparagony-stub-tls"",""cpu"":""0.00%"",""mem"":""23.3MiB / 122.8GiB""},{""name"":""lab-erli-stub-tls"",""cpu"":""0.00%"",""mem"":""22.67MiB / 122.8GiB""},{""name"":""lab-wc-tls"",""cpu"":""0.07%"",""mem"":""29.55MiB / 122.8GiB""},{""name"":""lab-prestashop"",""cpu"":""7.85%"",""mem"":""143.9MiB / 122.8GiB""},{""name"":""lab-woocommerce"",""cpu"":""19.27%"",""mem"":""302.6MiB / 122.8GiB""},{""name"":""lab-redis"",""cpu"":""0.87%"",""mem"":""80.73MiB / 122.8GiB""},{""name"":""lab-postgres"",""cpu"":""40.14%"",""mem"":""251.2MiB / 122.8GiB""},{""name"":""lab-mysql"",""cpu"":""12.08%"",""mem"":""726.5MiB / 122.8GiB""},{""name"":""lab-woocommerce-mysql"",""cpu"":""23.05%"",""mem"":""511.9MiB / 122.8GiB""}]"
2026-09-10T13:50:30Z,3,81,2,47,0,2669057715,"[{""name"":""lab-worker-1"",""cpu"":""7.94%"",""mem"":""137.3MiB / 122.8GiB""},{""name"":""lab-api"",""cpu"":""0.00%"",""mem"":""146MiB / 122.8GiB""},{""name"":""lab-allegro-stub"",""cpu"":""0.07%"",""mem"":""21.41MiB / 122.8GiB""},{""name"":""lab-erli-stub"",""cpu"":""0.00%"",""mem"":""18.05MiB / 122.8GiB""},{""name"":""lab-eparagony-stub"",""cpu"":""0.00%"",""mem"":""20.37MiB / 122.8GiB""},{""name"":""lab-invoicing-stub"",""cpu"":""0.00%"",""mem"":""16.6MiB / 122.8GiB""},{""name"":""lab-shipping-stub"",""cpu"":""0.00%"",""mem"":""16.58MiB / 122.8GiB""},{""name"":""lab-eparagony-stub-tls"",""cpu"":""0.00%"",""mem"":""23.3MiB / 122.8GiB""},{""name"":""lab-erli-stub-tls"",""cpu"":""0.00%"",""mem"":""22.67MiB / 122.8GiB""},{""name"":""lab-wc-tls"",""cpu"":""0.36%"",""mem"":""29.57MiB / 122.8GiB""},{""name"":""lab-prestashop"",""cpu"":""8.28%"",""mem"":""145.9MiB / 122.8GiB""},{""name"":""lab-woocommerce"",""cpu"":""28.62%"",""mem"":""302.6MiB / 122.8GiB""},{""name"":""lab-redis"",""cpu"":""0.73%"",""mem"":""80.73MiB / 122.8GiB""},{""name"":""lab-postgres"",""cpu"":""34.04%"",""mem"":""251.2MiB / 122.8GiB""},{""name"":""lab-mysql"",""cpu"":""7.46%"",""mem"":""726.5MiB / 122.8GiB""},{""name"":""lab-woocommerce-mysql"",""cpu"":""38.67%"",""mem"":""511.9MiB / 122.8GiB""}]"
2026-09-10T13:50:33Z,3,78,2,47,0,2669074099,"[{""name"":""lab-worker-1"",""cpu"":""14.01%"",""mem"":""138.7MiB / 122.8GiB""},{""name"":""lab-api"",""cpu"":""0.01%"",""mem"":""146MiB / 122.8GiB""},{""name"":""lab-allegro-stub"",""cpu"":""4.32%"",""mem"":""21.46MiB / 122.8GiB""},{""name"":""lab-erli-stub"",""cpu"":""4.19%"",""mem"":""18.07MiB / 122.8GiB""},{""name"":""lab-eparagony-stub"",""cpu"":""0.01%"",""mem"":""20.37MiB / 122.8GiB""},{""name"":""lab-invoicing-stub"",""cpu"":""4.17%"",""mem"":""16.63MiB / 122.8GiB""},{""name"":""lab-shipping-stub"",""cpu"":""3.97%"",""mem"":""16.6MiB / 122.8GiB""},{""name"":""lab-eparagony-stub-tls"",""cpu"":""0.00%"",""mem"":""23.3MiB / 122.8GiB""},{""name"":""lab-erli-stub-tls"",""cpu"":""0.00%"",""mem"":""22.67MiB / 122.8GiB""},{""name"":""lab-wc-tls"",""cpu"":""0.06%"",""mem"":""29.59MiB / 122.8GiB""},{""name"":""lab-prestashop"",""cpu"":""8.06%"",""mem"":""145.9MiB / 122.8GiB""},{""name"":""lab-woocommerce"",""cpu"":""18.34%"",""mem"":""300.6MiB / 122.8GiB""},{""name"":""lab-redis"",""cpu"":""0.85%"",""mem"":""80.73MiB / 122.8GiB""},{""name"":""lab-postgres"",""cpu"":""38.06%"",""mem"":""253.6MiB / 122.8GiB""},{""name"":""lab-mysql"",""cpu"":""8.22%"",""mem"":""726.5MiB / 122.8GiB""},{""name"":""lab-woocommerce-mysql"",""cpu"":""21.40%"",""mem"":""511.9MiB / 122.8GiB""}]"
2026-09-10T13:50:36Z,3,76,2,47,0,2669106867,"[{""name"":""lab-worker-1"",""cpu"":""8.54%"",""mem"":""137.5MiB / 122.8GiB""},{""name"":""lab-api"",""cpu"":""0.00%"",""mem"":""146MiB / 122.8GiB""},{""name"":""lab-allegro-stub"",""cpu"":""0.08%"",""mem"":""21.4MiB / 122.8GiB""},{""name"":""lab-erli-stub"",""cpu"":""0.00%"",""mem"":""18.05MiB / 122.8GiB""},{""name"":""lab-eparagony-stub"",""cpu"":""0.00%"",""mem"":""20.37MiB / 122.8GiB""},{""name"":""lab-invoicing-stub"",""cpu"":""0.00%"",""mem"":""16.6MiB / 122.8GiB""},{""name"":""lab-shipping-stub"",""cpu"":""0.00%"",""mem"":""16.58MiB / 122.8GiB""},{""name"":""lab-eparagony-stub-tls"",""cpu"":""0.00%"",""mem"":""23.3MiB / 122.8GiB""},{""name"":""lab-erli-stub-tls"",""cpu"":""0.00%"",""mem"":""22.67MiB / 122.8GiB""},{""name"":""lab-wc-tls"",""cpu"":""0.07%"",""mem"":""29.55MiB / 122.8GiB""},{""name"":""lab-prestashop"",""cpu"":""7.22%"",""mem"":""145.9MiB / 122.8GiB""},{""name"":""lab-woocommerce"",""cpu"":""17.27%"",""mem"":""300.6MiB / 122.8GiB""},{""name"":""lab-redis"",""cpu"":""0.80%"",""mem"":""80.74MiB / 122.8GiB""},{""name"":""lab-postgres"",""cpu"":""41.06%"",""mem"":""254.9MiB / 122.8GiB""},{""name"":""lab-mysql"",""cpu"":""7.24%"",""mem"":""726.5MiB / 122.8GiB""},{""name"":""lab-woocommerce-mysql"",""cpu"":""22.08%"",""mem"":""511.9MiB / 122.8GiB""}]"
2026-09-10T13:50:39Z,3,73,3,47,0,2669106867,"[{""name"":""lab-worker-1"",""cpu"":""9.24%"",""mem"":""137.8MiB / 122.8GiB""},{""name"":""lab-api"",""cpu"":""0.00%"",""mem"":""146MiB / 122.8GiB""},{""name"":""lab-allegro-stub"",""cpu"":""0.08%"",""mem"":""21.4MiB / 122.8GiB""},{""name"":""lab-erli-stub"",""cpu"":""0.01%"",""mem"":""18.05MiB / 122.8GiB""},{""name"":""lab-eparagony-stub"",""cpu"":""0.00%"",""mem"":""20.37MiB / 122.8GiB""},{""name"":""lab-invoicing-stub"",""cpu"":""0.01%"",""mem"":""16.6MiB / 122.8GiB""},{""name"":""lab-shipping-stub"",""cpu"":""0.01%"",""mem"":""16.58MiB / 122.8GiB""},{""name"":""lab-eparagony-stub-tls"",""cpu"":""0.00%"",""mem"":""23.3MiB / 122.8GiB""},{""name"":""lab-erli-stub-tls"",""cpu"":""0.00%"",""mem"":""22.67MiB / 122.8GiB""},{""name"":""lab-wc-tls"",""cpu"":""0.08%"",""mem"":""29.55MiB / 122.8GiB""},{""name"":""lab-prestashop"",""cpu"":""9.81%"",""mem"":""145.9MiB / 122.8GiB""},{""name"":""lab-woocommerce"",""cpu"":""16.89%"",""mem"":""300.6MiB / 122.8GiB""},{""name"":""lab-redis"",""cpu"":""0.97%"",""mem"":""80.74MiB / 122.8GiB""},{""name"":""lab-postgres"",""cpu"":""37.53%"",""mem"":""254.6MiB / 122.8GiB""},{""name"":""lab-mysql"",""cpu"":""9.30%"",""mem"":""726.5MiB / 122.8GiB""},{""name"":""lab-woocommerce-mysql"",""cpu"":""20.78%"",""mem"":""511.9MiB / 122.8GiB""}]"
2026-09-10T13:50:43Z,3,70,2,47,0,2669131443,"[{""name"":""lab-worker-1"",""cpu"":""9.44%"",""mem"":""137.6MiB / 122.8GiB""},{""name"":""lab-api"",""cpu"":""0.00%"",""mem"":""146MiB / 122.8GiB""},{""name"":""lab-allegro-stub"",""cpu"":""0.08%"",""mem"":""21.4MiB / 122.8GiB""},{""name"":""lab-erli-stub"",""cpu"":""0.01%"",""mem"":""18.05MiB / 122.8GiB""},{""name"":""lab-eparagony-stub"",""cpu"":""3.99%"",""mem"":""20.38MiB / 122.8GiB""},{""name"":""lab-invoicing-stub"",""cpu"":""0.00%"",""mem"":""16.6MiB / 122.8GiB""},{""name"":""lab-shipping-stub"",""cpu"":""0.00%"",""mem"":""16.58MiB / 122.8GiB""},{""name"":""lab-eparagony-stub-tls"",""cpu"":""0.00%"",""mem"":""23.3MiB / 122.8GiB""},{""name"":""lab-erli-stub-tls"",""cpu"":""0.00%"",""mem"":""22.67MiB / 122.8GiB""},{""name"":""lab-wc-tls"",""cpu"":""0.06%"",""mem"":""29.55MiB / 122.8GiB""},{""name"":""lab-prestashop"",""cpu"":""13.07%"",""mem"":""143.9MiB / 122.8GiB""},{""name"":""lab-woocommerce"",""cpu"":""19.34%"",""mem"":""300.6MiB / 122.8GiB""},{""name"":""lab-redis"",""cpu"":""0.91%"",""mem"":""80.74MiB / 122.8GiB""},{""name"":""lab-postgres"",""cpu"":""33.09%"",""mem"":""251.2MiB / 122.8GiB""},{""name"":""lab-mysql"",""cpu"":""7.74%"",""mem"":""726.5MiB / 122.8GiB""},{""name"":""lab-woocommerce-mysql"",""cpu"":""22.60%"",""mem"":""511.9MiB / 122.8GiB""}]"
2026-09-10T13:50:46Z,4,67,2,47,0,2669131443,"[{""name"":""lab-worker-1"",""cpu"":""7.58%"",""mem"":""137.6MiB / 122.8GiB""},{""name"":""lab-api"",""cpu"":""0.00%"",""mem"":""146MiB / 122.8GiB""},{""name"":""lab-allegro-stub"",""cpu"":""0.09%"",""mem"":""21.4MiB / 122.8GiB""},{""name"":""lab-erli-stub"",""cpu"":""0.00%"",""mem"":""18.05MiB / 122.8GiB""},{""name"":""lab-eparagony-stub"",""cpu"":""0.00%"",""mem"":""20.37MiB / 122.8GiB""},{""name"":""lab-invoicing-stub"",""cpu"":""0.00%"",""mem"":""16.6MiB / 122.8GiB""},{""name"":""lab-shipping-stub"",""cpu"":""0.00%"",""mem"":""16.58MiB / 122.8GiB""},{""name"":""lab-eparagony-stub-tls"",""cpu"":""0.00%"",""mem"":""23.3MiB / 122.8GiB""},{""name"":""lab-erli-stub-tls"",""cpu"":""0.00%"",""mem"":""22.67MiB / 122.8GiB""},{""name"":""lab-wc-tls"",""cpu"":""0.06%"",""mem"":""29.55MiB / 122.8GiB""},{""name"":""lab-prestashop"",""cpu"":""8.08%"",""mem"":""143.9MiB / 122.8GiB""},{""name"":""lab-woocommerce"",""cpu"":""32.23%"",""mem"":""300.6MiB / 122.8GiB""},{""name"":""lab-redis"",""cpu"":""0.80%"",""mem"":""80.74MiB / 122.8GiB""},{""name"":""lab-postgres"",""cpu"":""35.56%"",""mem"":""254.6MiB / 122.8GiB""},{""name"":""lab-mysql"",""cpu"":""8.37%"",""mem"":""726.5MiB / 122.8GiB""},{""name"":""lab-woocommerce-mysql"",""cpu"":""25.63%"",""mem"":""513.9MiB / 122.8GiB""}]"
2026-09-10T13:50:49Z,3,65,2,47,0,2669147827,"[{""name"":""lab-worker-1"",""cpu"":""10.58%"",""mem"":""138.6MiB / 122.8GiB""},{""name"":""lab-api"",""cpu"":""0.00%"",""mem"":""146.1MiB / 122.8GiB""},{""name"":""lab-allegro-stub"",""cpu"":""4.66%"",""mem"":""21.41MiB / 122.8GiB""},{""name"":""lab-erli-stub"",""cpu"":""0.01%"",""mem"":""18.05MiB / 122.8GiB""},{""name"":""lab-eparagony-stub"",""cpu"":""0.00%"",""mem"":""20.37MiB / 122.8GiB""},{""name"":""lab-invoicing-stub"",""cpu"":""4.21%"",""mem"":""16.6MiB / 122.8GiB""},{""name"":""lab-shipping-stub"",""cpu"":""3.78%"",""mem"":""16.58MiB / 122.8GiB""},{""name"":""lab-eparagony-stub-tls"",""cpu"":""0.00%"",""mem"":""23.3MiB / 122.8GiB""},{""name"":""lab-erli-stub-tls"",""cpu"":""0.00%"",""mem"":""22.67MiB / 122.8GiB""},{""name"":""lab-wc-tls"",""cpu"":""0.07%"",""mem"":""29.55MiB / 122.8GiB""},{""name"":""lab-prestashop"",""cpu"":""12.26%"",""mem"":""143.9MiB / 122.8GiB""},{""name"":""lab-woocommerce"",""cpu"":""18.78%"",""mem"":""300.6MiB / 122.8GiB""},{""name"":""lab-redis"",""cpu"":""1.23%"",""mem"":""80.74MiB / 122.8GiB""},{""name"":""lab-postgres"",""cpu"":""34.59%"",""mem"":""254.9MiB / 122.8GiB""},{""name"":""lab-mysql"",""cpu"":""15.87%"",""mem"":""726.5MiB / 122.8GiB""},{""name"":""lab-woocommerce-mysql"",""cpu"":""23.70%"",""mem"":""514.5MiB / 122.8GiB""}]"
2026-09-10T13:50:52Z,3,61,2,47,0,2669156019,"[{""name"":""lab-worker-1"",""cpu"":""8.67%"",""mem"":""137.9MiB / 122.8GiB""},{""name"":""lab-api"",""cpu"":""0.00%"",""mem"":""146.1MiB / 122.8GiB""},{""name"":""lab-allegro-stub"",""cpu"":""0.10%"",""mem"":""21.4MiB / 122.8GiB""},{""name"":""lab-erli-stub"",""cpu"":""0.00%"",""mem"":""18.05MiB / 122.8GiB""},{""name"":""lab-eparagony-stub"",""cpu"":""0.00%"",""mem"":""20.37MiB / 122.8GiB""},{""name"":""lab-invoicing-stub"",""cpu"":""0.00%"",""mem"":""16.6MiB / 122.8GiB""},{""name"":""lab-shipping-stub"",""cpu"":""0.00%"",""mem"":""16.58MiB / 122.8GiB""},{""name"":""lab-eparagony-stub-tls"",""cpu"":""0.00%"",""mem"":""23.3MiB / 122.8GiB""},{""name"":""lab-erli-stub-tls"",""cpu"":""0.00%"",""mem"":""22.67MiB / 122.8GiB""},{""name"":""lab-wc-tls"",""cpu"":""0.07%"",""mem"":""29.55MiB / 122.8GiB""},{""name"":""lab-prestashop"",""cpu"":""7.79%"",""mem"":""143.9MiB / 122.8GiB""},{""name"":""lab-woocommerce"",""cpu"":""17.64%"",""mem"":""300.6MiB / 122.8GiB""},{""name"":""lab-redis"",""cpu"":""0.78%"",""mem"":""80.75MiB / 122.8GiB""},{""name"":""lab-postgres"",""cpu"":""35.49%"",""mem"":""254.7MiB / 122.8GiB""},{""name"":""lab-mysql"",""cpu"":""6.77%"",""mem"":""726.5MiB / 122.8GiB""},{""name"":""lab-woocommerce-mysql"",""cpu"":""23.68%"",""mem"":""514.5MiB / 122.8GiB""}]"
2026-09-10T13:50:55Z,3,58,2,47,0,2669164211,"[{""name"":""lab-worker-1"",""cpu"":""9.49%"",""mem"":""137.6MiB / 122.8GiB""},{""name"":""lab-api"",""cpu"":""0.00%"",""mem"":""146.1MiB / 122.8GiB""},{""name"":""lab-allegro-stub"",""cpu"":""0.09%"",""mem"":""21.41MiB / 122.8GiB""},{""name"":""lab-erli-stub"",""cpu"":""0.00%"",""mem"":""18.05MiB / 122.8GiB""},{""name"":""lab-eparagony-stub"",""cpu"":""0.00%"",""mem"":""20.37MiB / 122.8GiB""},{""name"":""lab-invoicing-stub"",""cpu"":""0.00%"",""mem"":""16.6MiB / 122.8GiB""},{""name"":""lab-shipping-stub"",""cpu"":""0.00%"",""mem"":""16.58MiB / 122.8GiB""},{""name"":""lab-eparagony-stub-tls"",""cpu"":""0.00%"",""mem"":""23.3MiB / 122.8GiB""},{""name"":""lab-erli-stub-tls"",""cpu"":""0.00%"",""mem"":""22.67MiB / 122.8GiB""},{""name"":""lab-wc-tls"",""cpu"":""0.06%"",""mem"":""29.55MiB / 122.8GiB""},{""name"":""lab-prestashop"",""cpu"":""8.46%"",""mem"":""143.9MiB / 122.8GiB""},{""name"":""lab-woocommerce"",""cpu"":""19.68%"",""mem"":""300.6MiB / 122.8GiB""},{""name"":""lab-redis"",""cpu"":""2.46%"",""mem"":""81MiB / 122.8GiB""},{""name"":""lab-postgres"",""cpu"":""36.24%"",""mem"":""254.7MiB / 122.8GiB""},{""name"":""lab-mysql"",""cpu"":""8.22%"",""mem"":""726.7MiB / 122.8GiB""},{""name"":""lab-woocommerce-mysql"",""cpu"":""23.84%"",""mem"":""514.5MiB / 122.8GiB""}]"
2026-09-10T13:50:58Z,3,55,2,47,0,2669180595,"[{""name"":""lab-worker-1"",""cpu"":""13.02%"",""mem"":""137.8MiB / 122.8GiB""},{""name"":""lab-api"",""cpu"":""0.04%"",""mem"":""146.1MiB / 122.8GiB""},{""name"":""lab-allegro-stub"",""cpu"":""0.13%"",""mem"":""21.41MiB / 122.8GiB""},{""name"":""lab-erli-stub"",""cpu"":""4.17%"",""mem"":""18.07MiB / 122.8GiB""},{""name"":""lab-eparagony-stub"",""cpu"":""4.07%"",""mem"":""20.37MiB / 122.8GiB""},{""name"":""lab-invoicing-stub"",""cpu"":""0.00%"",""mem"":""16.6MiB / 122.8GiB""},{""name"":""lab-shipping-stub"",""cpu"":""0.00%"",""mem"":""16.58MiB / 122.8GiB""},{""name"":""lab-eparagony-stub-tls"",""cpu"":""0.00%"",""mem"":""23.3MiB / 122.8GiB""},{""name"":""lab-erli-stub-tls"",""cpu"":""0.00%"",""mem"":""22.67MiB / 122.8GiB""},{""name"":""lab-wc-tls"",""cpu"":""0.10%"",""mem"":""29.55MiB / 122.8GiB""},{""name"":""lab-prestashop"",""cpu"":""13.65%"",""mem"":""143.9MiB / 122.8GiB""},{""name"":""lab-woocommerce"",""cpu"":""21.63%"",""mem"":""300.6MiB / 122.8GiB""},{""name"":""lab-redis"",""cpu"":""1.48%"",""mem"":""80.76MiB / 122.8GiB""},{""name"":""lab-postgres"",""cpu"":""34.50%"",""mem"":""254.7MiB / 122.8GiB""},{""name"":""lab-mysql"",""cpu"":""17.95%"",""mem"":""726.7MiB / 122.8GiB""},{""name"":""lab-woocommerce-mysql"",""cpu"":""20.79%"",""mem"":""514.5MiB / 122.8GiB""}]"
2026-09-10T13:51:01Z,3,52,2,47,0,2669188787,"[{""name"":""lab-worker-1"",""cpu"":""11.83%"",""mem"":""137.7MiB / 122.8GiB""},{""name"":""lab-api"",""cpu"":""0.00%"",""mem"":""146.1MiB / 122.8GiB""},{""name"":""lab-allegro-stub"",""cpu"":""0.10%"",""mem"":""21.41MiB / 122.8GiB""},{""name"":""lab-erli-stub"",""cpu"":""0.00%"",""mem"":""18.05MiB / 122.8GiB""},{""name"":""lab-eparagony-stub"",""cpu"":""0.00%"",""mem"":""20.37MiB / 122.8GiB""},{""name"":""lab-invoicing-stub"",""cpu"":""0.00%"",""mem"":""16.6MiB / 122.8GiB""},{""name"":""lab-shipping-stub"",""cpu"":""0.00%"",""mem"":""16.58MiB / 122.8GiB""},{""name"":""lab-eparagony-stub-tls"",""cpu"":""0.00%"",""mem"":""23.3MiB / 122.8GiB""},{""name"":""lab-erli-stub-tls"",""cpu"":""0.00%"",""mem"":""22.67MiB / 122.8GiB""},{""name"":""lab-wc-tls"",""cpu"":""0.06%"",""mem"":""29.55MiB / 122.8GiB""},{""name"":""lab-prestashop"",""cpu"":""8.13%"",""mem"":""143.9MiB / 122.8GiB""},{""name"":""lab-woocommerce"",""cpu"":""18.29%"",""mem"":""302.6MiB / 122.8GiB""},{""name"":""lab-redis"",""cpu"":""0.88%"",""mem"":""80.75MiB / 122.8GiB""},{""name"":""lab-postgres"",""cpu"":""35.86%"",""mem"":""254.7MiB / 122.8GiB""},{""name"":""lab-mysql"",""cpu"":""7.57%"",""mem"":""726.7MiB / 122.8GiB""},{""name"":""lab-woocommerce-mysql"",""cpu"":""23.20%"",""mem"":""514.5MiB / 122.8GiB""}]"
2026-09-10T13:51:04Z,3,50,1,47,0,2669188787,"[{""name"":""lab-worker-1"",""cpu"":""9.26%"",""mem"":""137.7MiB / 122.8GiB""},{""name"":""lab-api"",""cpu"":""0.00%"",""mem"":""146.1MiB / 122.8GiB""},{""name"":""lab-allegro-stub"",""cpu"":""0.05%"",""mem"":""21.41MiB / 122.8GiB""},{""name"":""lab-erli-stub"",""cpu"":""0.01%"",""mem"":""18.05MiB / 122.8GiB""},{""name"":""lab-eparagony-stub"",""cpu"":""0.00%"",""mem"":""20.37MiB / 122.8GiB""},{""name"":""lab-invoicing-stub"",""cpu"":""0.01%"",""mem"":""16.6MiB / 122.8GiB""},{""name"":""lab-shipping-stub"",""cpu"":""0.01%"",""mem"":""16.58MiB / 122.8GiB""},{""name"":""lab-eparagony-stub-tls"",""cpu"":""0.00%"",""mem"":""23.3MiB / 122.8GiB""},{""name"":""lab-erli-stub-tls"",""cpu"":""0.00%"",""mem"":""22.67MiB / 122.8GiB""},{""name"":""lab-wc-tls"",""cpu"":""0.00%"",""mem"":""29.55MiB / 122.8GiB""},{""name"":""lab-prestashop"",""cpu"":""12.37%"",""mem"":""141.9MiB / 122.8GiB""},{""name"":""lab-woocommerce"",""cpu"":""0.01%"",""mem"":""302.6MiB / 122.8GiB""},{""name"":""lab-redis"",""cpu"":""4.47%"",""mem"":""80.86MiB / 122.8GiB""},{""name"":""lab-postgres"",""cpu"":""34.74%"",""mem"":""254.8MiB / 122.8GiB""},{""name"":""lab-mysql"",""cpu"":""12.07%"",""mem"":""726.5MiB / 122.8GiB""},{""name"":""lab-woocommerce-mysql"",""cpu"":""0.73%"",""mem"":""514.5MiB / 122.8GiB""}]"
2026-09-10T13:51:08Z,3,50,0,47,0,2669188787,"[{""name"":""lab-worker-1"",""cpu"":""8.72%"",""mem"":""137.6MiB / 122.8GiB""},{""name"":""lab-api"",""cpu"":""0.95%"",""mem"":""146.3MiB / 122.8GiB""},{""name"":""lab-allegro-stub"",""cpu"":""0.12%"",""mem"":""21.41MiB / 122.8GiB""},{""name"":""lab-erli-stub"",""cpu"":""0.00%"",""mem"":""18.05MiB / 122.8GiB""},{""name"":""lab-eparagony-stub"",""cpu"":""3.93%"",""mem"":""20.39MiB / 122.8GiB""},{""name"":""lab-invoicing-stub"",""cpu"":""0.00%"",""mem"":""16.6MiB / 122.8GiB""},{""name"":""lab-shipping-stub"",""cpu"":""0.00%"",""mem"":""16.58MiB / 122.8GiB""},{""name"":""lab-eparagony-stub-tls"",""cpu"":""0.00%"",""mem"":""23.3MiB / 122.8GiB""},{""name"":""lab-erli-stub-tls"",""cpu"":""0.00%"",""mem"":""22.67MiB / 122.8GiB""},{""name"":""lab-wc-tls"",""cpu"":""0.35%"",""mem"":""29.55MiB / 122.8GiB""},{""name"":""lab-prestashop"",""cpu"":""7.96%"",""mem"":""141.9MiB / 122.8GiB""},{""name"":""lab-woocommerce"",""cpu"":""5.15%"",""mem"":""302.6MiB / 122.8GiB""},{""name"":""lab-redis"",""cpu"":""0.95%"",""mem"":""80.76MiB / 122.8GiB""},{""name"":""lab-postgres"",""cpu"":""33.26%"",""mem"":""251.3MiB / 122.8GiB""},{""name"":""lab-mysql"",""cpu"":""13.18%"",""mem"":""726.5MiB / 122.8GiB""},{""name"":""lab-woocommerce-mysql"",""cpu"":""2.57%"",""mem"":""514.8MiB / 122.8GiB""}]"
2026-09-10T13:51:11Z,4,47,2,47,0,2669196979,"[{""name"":""lab-worker-1"",""cpu"":""12.12%"",""mem"":""137.7MiB / 122.8GiB""},{""name"":""lab-api"",""cpu"":""0.00%"",""mem"":""146.3MiB / 122.8GiB""},{""name"":""lab-allegro-stub"",""cpu"":""0.13%"",""mem"":""21.42MiB / 122.8GiB""},{""name"":""lab-erli-stub"",""cpu"":""0.00%"",""mem"":""18.05MiB / 122.8GiB""},{""name"":""lab-eparagony-stub"",""cpu"":""0.00%"",""mem"":""20.37MiB / 122.8GiB""},{""name"":""lab-invoicing-stub"",""cpu"":""0.00%"",""mem"":""16.6MiB / 122.8GiB""},{""name"":""lab-shipping-stub"",""cpu"":""0.00%"",""mem"":""16.58MiB / 122.8GiB""},{""name"":""lab-eparagony-stub-tls"",""cpu"":""0.00%"",""mem"":""23.3MiB / 122.8GiB""},{""name"":""lab-erli-stub-tls"",""cpu"":""0.00%"",""mem"":""22.67MiB / 122.8GiB""},{""name"":""lab-wc-tls"",""cpu"":""0.05%"",""mem"":""29.55MiB / 122.8GiB""},{""name"":""lab-prestashop"",""cpu"":""8.65%"",""mem"":""141.9MiB / 122.8GiB""},{""name"":""lab-woocommerce"",""cpu"":""18.08%"",""mem"":""302.6MiB / 122.8GiB""},{""name"":""lab-redis"",""cpu"":""0.84%"",""mem"":""80.76MiB / 122.8GiB""},{""name"":""lab-postgres"",""cpu"":""35.47%"",""mem"":""254.5MiB / 122.8GiB""},{""name"":""lab-mysql"",""cpu"":""8.32%"",""mem"":""726.5MiB / 122.8GiB""},{""name"":""lab-woocommerce-mysql"",""cpu"":""26.85%"",""mem"":""514.8MiB / 122.8GiB""}]"
2026-09-10T13:51:14Z,3,44,2,47,0,2669196979,"[{""name"":""lab-worker-1"",""cpu"":""8.13%"",""mem"":""137.6MiB / 122.8GiB""},{""name"":""lab-api"",""cpu"":""0.01%"",""mem"":""146.3MiB / 122.8GiB""},{""name"":""lab-allegro-stub"",""cpu"":""4.34%"",""mem"":""21.47MiB / 122.8GiB""},{""name"":""lab-erli-stub"",""cpu"":""3.33%"",""mem"":""18.05MiB / 122.8GiB""},{""name"":""lab-eparagony-stub"",""cpu"":""0.00%"",""mem"":""20.38MiB / 122.8GiB""},{""name"":""lab-invoicing-stub"",""cpu"":""4.18%"",""mem"":""16.61MiB / 122.8GiB""},{""name"":""lab-shipping-stub"",""cpu"":""4.42%"",""mem"":""16.59MiB / 122.8GiB""},{""name"":""lab-eparagony-stub-tls"",""cpu"":""0.00%"",""mem"":""23.3MiB / 122.8GiB""},{""name"":""lab-erli-stub-tls"",""cpu"":""0.00%"",""mem"":""22.67MiB / 122.8GiB""},{""name"":""lab-wc-tls"",""cpu"":""0.08%"",""mem"":""29.55MiB / 122.8GiB""},{""name"":""lab-prestashop"",""cpu"":""7.98%"",""mem"":""139.9MiB / 122.8GiB""},{""name"":""lab-woocommerce"",""cpu"":""18.21%"",""mem"":""302.6MiB / 122.8GiB""},{""name"":""lab-redis"",""cpu"":""0.84%"",""mem"":""80.76MiB / 122.8GiB""},{""name"":""lab-postgres"",""cpu"":""34.34%"",""mem"":""254.6MiB / 122.8GiB""},{""name"":""lab-mysql"",""cpu"":""8.14%"",""mem"":""726.5MiB / 122.8GiB""},{""name"":""lab-woocommerce-mysql"",""cpu"":""24.28%"",""mem"":""515.1MiB / 122.8GiB""}]"
2026-09-10T13:51:17Z,3,41,2,47,0,2669221555,"[{""name"":""lab-worker-1"",""cpu"":""10.15%"",""mem"":""137.7MiB / 122.8GiB""},{""name"":""lab-api"",""cpu"":""0.00%"",""mem"":""146.5MiB / 122.8GiB""},{""name"":""lab-allegro-stub"",""cpu"":""0.08%"",""mem"":""21.42MiB / 122.8GiB""},{""name"":""lab-erli-stub"",""cpu"":""0.00%"",""mem"":""18.05MiB / 122.8GiB""},{""name"":""lab-eparagony-stub"",""cpu"":""0.00%"",""mem"":""20.37MiB / 122.8GiB""},{""name"":""lab-invoicing-stub"",""cpu"":""0.00%"",""mem"":""16.6MiB / 122.8GiB""},{""name"":""lab-shipping-stub"",""cpu"":""0.00%"",""mem"":""16.58MiB / 122.8GiB""},{""name"":""lab-eparagony-stub-tls"",""cpu"":""0.00%"",""mem"":""23.3MiB / 122.8GiB""},{""name"":""lab-erli-stub-tls"",""cpu"":""0.00%"",""mem"":""22.67MiB / 122.8GiB""},{""name"":""lab-wc-tls"",""cpu"":""0.07%"",""mem"":""29.8MiB / 122.8GiB""},{""name"":""lab-prestashop"",""cpu"":""8.97%"",""mem"":""139.9MiB / 122.8GiB""},{""name"":""lab-woocommerce"",""cpu"":""18.60%"",""mem"":""302.6MiB / 122.8GiB""},{""name"":""lab-redis"",""cpu"":""0.85%"",""mem"":""80.77MiB / 122.8GiB""},{""name"":""lab-postgres"",""cpu"":""38.17%"",""mem"":""254.7MiB / 122.8GiB""},{""name"":""lab-mysql"",""cpu"":""13.31%"",""mem"":""726.5MiB / 122.8GiB""},{""name"":""lab-woocommerce-mysql"",""cpu"":""21.27%"",""mem"":""514.6MiB / 122.8GiB""}]"
2026-09-10T13:51:20Z,3,38,2,47,0,2669246131,"[{""name"":""lab-worker-1"",""cpu"":""8.49%"",""mem"":""137.7MiB / 122.8GiB""},{""name"":""lab-api"",""cpu"":""0.00%"",""mem"":""146.3MiB / 122.8GiB""},{""name"":""lab-allegro-stub"",""cpu"":""0.06%"",""mem"":""21.42MiB / 122.8GiB""},{""name"":""lab-erli-stub"",""cpu"":""0.00%"",""mem"":""18.05MiB / 122.8GiB""},{""name"":""lab-eparagony-stub"",""cpu"":""0.00%"",""mem"":""20.37MiB / 122.8GiB""},{""name"":""lab-invoicing-stub"",""cpu"":""0.00%"",""mem"":""16.6MiB / 122.8GiB""},{""name"":""lab-shipping-stub"",""cpu"":""0.00%"",""mem"":""16.58MiB / 122.8GiB""},{""name"":""lab-eparagony-stub-tls"",""cpu"":""0.00%"",""mem"":""23.3MiB / 122.8GiB""},{""name"":""lab-erli-stub-tls"",""cpu"":""0.00%"",""mem"":""22.67MiB / 122.8GiB""},{""name"":""lab-wc-tls"",""cpu"":""0.07%"",""mem"":""29.55MiB / 122.8GiB""},{""name"":""lab-prestashop"",""cpu"":""7.84%"",""mem"":""139.9MiB / 122.8GiB""},{""name"":""lab-woocommerce"",""cpu"":""19.13%"",""mem"":""302.6MiB / 122.8GiB""},{""name"":""lab-redis"",""cpu"":""0.86%"",""mem"":""81.01MiB / 122.8GiB""},{""name"":""lab-postgres"",""cpu"":""39.87%"",""mem"":""254.4MiB / 122.8GiB""},{""name"":""lab-mysql"",""cpu"":""7.51%"",""mem"":""726.5MiB / 122.8GiB""},{""name"":""lab-woocommerce-mysql"",""cpu"":""24.00%"",""mem"":""514.6MiB / 122.8GiB""}]"
2026-09-10T13:51:23Z,3,35,2,47,0,2669246131,"[{""name"":""lab-worker-1"",""cpu"":""7.12%"",""mem"":""137.8MiB / 122.8GiB""},{""name"":""lab-api"",""cpu"":""0.01%"",""mem"":""146.3MiB / 122.8GiB""},{""name"":""lab-allegro-stub"",""cpu"":""0.09%"",""mem"":""21.41MiB / 122.8GiB""},{""name"":""lab-erli-stub"",""cpu"":""4.26%"",""mem"":""18.1MiB / 122.8GiB""},{""name"":""lab-eparagony-stub"",""cpu"":""3.91%"",""mem"":""20.37MiB / 122.8GiB""},{""name"":""lab-invoicing-stub"",""cpu"":""0.00%"",""mem"":""16.6MiB / 122.8GiB""},{""name"":""lab-shipping-stub"",""cpu"":""0.00%"",""mem"":""16.58MiB / 122.8GiB""},{""name"":""lab-eparagony-stub-tls"",""cpu"":""0.00%"",""mem"":""23.3MiB / 122.8GiB""},{""name"":""lab-erli-stub-tls"",""cpu"":""0.00%"",""mem"":""22.67MiB / 122.8GiB""},{""name"":""lab-wc-tls"",""cpu"":""0.07%"",""mem"":""29.55MiB / 122.8GiB""},{""name"":""lab-prestashop"",""cpu"":""8.58%"",""mem"":""139.9MiB / 122.8GiB""},{""name"":""lab-woocommerce"",""cpu"":""18.40%"",""mem"":""302.6MiB / 122.8GiB""},{""name"":""lab-redis"",""cpu"":""0.78%"",""mem"":""80.76MiB / 122.8GiB""},{""name"":""lab-postgres"",""cpu"":""36.71%"",""mem"":""254.6MiB / 122.8GiB""},{""name"":""lab-mysql"",""cpu"":""7.80%"",""mem"":""726.5MiB / 122.8GiB""},{""name"":""lab-woocommerce-mysql"",""cpu"":""24.19%"",""mem"":""514.6MiB / 122.8GiB""}]"
2026-09-10T13:51:26Z,3,32,2,47,0,2669246131,"[{""name"":""lab-worker-1"",""cpu"":""8.77%"",""mem"":""138.3MiB / 122.8GiB""},{""name"":""lab-api"",""cpu"":""0.00%"",""mem"":""146.3MiB / 122.8GiB""},{""name"":""lab-allegro-stub"",""cpu"":""0.12%"",""mem"":""21.42MiB / 122.8GiB""},{""name"":""lab-erli-stub"",""cpu"":""0.00%"",""mem"":""18.05MiB / 122.8GiB""},{""name"":""lab-eparagony-stub"",""cpu"":""0.00%"",""mem"":""20.37MiB / 122.8GiB""},{""name"":""lab-invoicing-stub"",""cpu"":""0.01%"",""mem"":""16.6MiB / 122.8GiB""},{""name"":""lab-shipping-stub"",""cpu"":""0.01%"",""mem"":""16.58MiB / 122.8GiB""},{""name"":""lab-eparagony-stub-tls"",""cpu"":""0.00%"",""mem"":""23.3MiB / 122.8GiB""},{""name"":""lab-erli-stub-tls"",""cpu"":""0.00%"",""mem"":""22.67MiB / 122.8GiB""},{""name"":""lab-wc-tls"",""cpu"":""0.08%"",""mem"":""29.55MiB / 122.8GiB""},{""name"":""lab-prestashop"",""cpu"":""9.05%"",""mem"":""139.9MiB / 122.8GiB""},{""name"":""lab-woocommerce"",""cpu"":""18.16%"",""mem"":""302.6MiB / 122.8GiB""},{""name"":""lab-redis"",""cpu"":""0.79%"",""mem"":""80.76MiB / 122.8GiB""},{""name"":""lab-postgres"",""cpu"":""36.48%"",""mem"":""254.6MiB / 122.8GiB""},{""name"":""lab-mysql"",""cpu"":""8.14%"",""mem"":""726.5MiB / 122.8GiB""},{""name"":""lab-woocommerce-mysql"",""cpu"":""23.27%"",""mem"":""514.6MiB / 122.8GiB""}]"
2026-09-10T13:51:29Z,3,30,1,47,0,2669262515,"[{""name"":""lab-worker-1"",""cpu"":""9.33%"",""mem"":""138.6MiB / 122.8GiB""},{""name"":""lab-api"",""cpu"":""0.00%"",""mem"":""146.4MiB / 122.8GiB""},{""name"":""lab-allegro-stub"",""cpu"":""4.12%"",""mem"":""21.43MiB / 122.8GiB""},{""name"":""lab-erli-stub"",""cpu"":""0.01%"",""mem"":""18.05MiB / 122.8GiB""},{""name"":""lab-eparagony-stub"",""cpu"":""0.01%"",""mem"":""20.37MiB / 122.8GiB""},{""name"":""lab-invoicing-stub"",""cpu"":""3.84%"",""mem"":""16.6MiB / 122.8GiB""},{""name"":""lab-shipping-stub"",""cpu"":""3.63%"",""mem"":""16.58MiB / 122.8GiB""},{""name"":""lab-eparagony-stub-tls"",""cpu"":""0.00%"",""mem"":""23.3MiB / 122.8GiB""},{""name"":""lab-erli-stub-tls"",""cpu"":""0.00%"",""mem"":""22.67MiB / 122.8GiB""},{""name"":""lab-wc-tls"",""cpu"":""0.41%"",""mem"":""29.58MiB / 122.8GiB""},{""name"":""lab-prestashop"",""cpu"":""13.51%"",""mem"":""139.9MiB / 122.8GiB""},{""name"":""lab-woocommerce"",""cpu"":""24.01%"",""mem"":""302.6MiB / 122.8GiB""},{""name"":""lab-redis"",""cpu"":""1.25%"",""mem"":""81.01MiB / 122.8GiB""},{""name"":""lab-postgres"",""cpu"":""35.35%"",""mem"":""254.7MiB / 122.8GiB""},{""name"":""lab-mysql"",""cpu"":""14.30%"",""mem"":""726.5MiB / 122.8GiB""},{""name"":""lab-woocommerce-mysql"",""cpu"":""21.97%"",""mem"":""514.8MiB / 122.8GiB""}]"
2026-09-10T13:51:33Z,3,27,0,47,0,2669287091,"[{""name"":""lab-worker-1"",""cpu"":""8.71%"",""mem"":""137.7MiB / 122.8GiB""},{""name"":""lab-api"",""cpu"":""0.00%"",""mem"":""146.4MiB / 122.8GiB""},{""name"":""lab-allegro-stub"",""cpu"":""0.07%"",""mem"":""21.42MiB / 122.8GiB""},{""name"":""lab-erli-stub"",""cpu"":""0.00%"",""mem"":""18.05MiB / 122.8GiB""},{""name"":""lab-eparagony-stub"",""cpu"":""0.00%"",""mem"":""20.37MiB / 122.8GiB""},{""name"":""lab-invoicing-stub"",""cpu"":""0.00%"",""mem"":""16.6MiB / 122.8GiB""},{""name"":""lab-shipping-stub"",""cpu"":""0.00%"",""mem"":""16.58MiB / 122.8GiB""},{""name"":""lab-eparagony-stub-tls"",""cpu"":""0.00%"",""mem"":""23.3MiB / 122.8GiB""},{""name"":""lab-erli-stub-tls"",""cpu"":""0.00%"",""mem"":""22.67MiB / 122.8GiB""},{""name"":""lab-wc-tls"",""cpu"":""0.03%"",""mem"":""29.6MiB / 122.8GiB""},{""name"":""lab-prestashop"",""cpu"":""8.53%"",""mem"":""139.9MiB / 122.8GiB""},{""name"":""lab-woocommerce"",""cpu"":""10.83%"",""mem"":""301.2MiB / 122.8GiB""},{""name"":""lab-redis"",""cpu"":""0.74%"",""mem"":""80.77MiB / 122.8GiB""},{""name"":""lab-postgres"",""cpu"":""38.85%"",""mem"":""254.7MiB / 122.8GiB""},{""name"":""lab-mysql"",""cpu"":""9.14%"",""mem"":""726.5MiB / 122.8GiB""},{""name"":""lab-woocommerce-mysql"",""cpu"":""17.83%"",""mem"":""514.6MiB / 122.8GiB""}]"
2026-09-10T13:51:36Z,4,24,1,47,0,2669303475,"[{""name"":""lab-worker-1"",""cpu"":""8.72%"",""mem"":""137.7MiB / 122.8GiB""},{""name"":""lab-api"",""cpu"":""0.00%"",""mem"":""146.4MiB / 122.8GiB""},{""name"":""lab-allegro-stub"",""cpu"":""0.08%"",""mem"":""21.42MiB / 122.8GiB""},{""name"":""lab-erli-stub"",""cpu"":""0.00%"",""mem"":""18.05MiB / 122.8GiB""},{""name"":""lab-eparagony-stub"",""cpu"":""0.00%"",""mem"":""20.37MiB / 122.8GiB""},{""name"":""lab-invoicing-stub"",""cpu"":""0.00%"",""mem"":""16.6MiB / 122.8GiB""},{""name"":""lab-shipping-stub"",""cpu"":""0.00%"",""mem"":""16.58MiB / 122.8GiB""},{""name"":""lab-eparagony-stub-tls"",""cpu"":""0.00%"",""mem"":""23.3MiB / 122.8GiB""},{""name"":""lab-erli-stub-tls"",""cpu"":""0.00%"",""mem"":""22.67MiB / 122.8GiB""},{""name"":""lab-wc-tls"",""cpu"":""0.06%"",""mem"":""29.55MiB / 122.8GiB""},{""name"":""lab-prestashop"",""cpu"":""7.40%"",""mem"":""139.9MiB / 122.8GiB""},{""name"":""lab-woocommerce"",""cpu"":""15.76%"",""mem"":""301.2MiB / 122.8GiB""},{""name"":""lab-redis"",""cpu"":""0.83%"",""mem"":""81.02MiB / 122.8GiB""},{""name"":""lab-postgres"",""cpu"":""35.11%"",""mem"":""251.2MiB / 122.8GiB""},{""name"":""lab-mysql"",""cpu"":""6.64%"",""mem"":""726.5MiB / 122.8GiB""},{""name"":""lab-woocommerce-mysql"",""cpu"":""20.43%"",""mem"":""514.6MiB / 122.8GiB""}]"
2026-09-10T13:51:39Z,3,21,1,47,0,2669336243,"[{""name"":""lab-worker-1"",""cpu"":""11.27%"",""mem"":""138.5MiB / 122.8GiB""},{""name"":""lab-api"",""cpu"":""0.00%"",""mem"":""146.4MiB / 122.8GiB""},{""name"":""lab-allegro-stub"",""cpu"":""3.98%"",""mem"":""21.56MiB / 122.8GiB""},{""name"":""lab-erli-stub"",""cpu"":""3.86%"",""mem"":""18.05MiB / 122.8GiB""},{""name"":""lab-eparagony-stub"",""cpu"":""0.01%"",""mem"":""20.37MiB / 122.8GiB""},{""name"":""lab-invoicing-stub"",""cpu"":""4.07%"",""mem"":""16.6MiB / 122.8GiB""},{""name"":""lab-shipping-stub"",""cpu"":""4.57%"",""mem"":""16.61MiB / 122.8GiB""},{""name"":""lab-eparagony-stub-tls"",""cpu"":""0.00%"",""mem"":""23.3MiB / 122.8GiB""},{""name"":""lab-erli-stub-tls"",""cpu"":""0.00%"",""mem"":""22.67MiB / 122.8GiB""},{""name"":""lab-wc-tls"",""cpu"":""0.04%"",""mem"":""29.55MiB / 122.8GiB""},{""name"":""lab-prestashop"",""cpu"":""13.38%"",""mem"":""139.9MiB / 122.8GiB""},{""name"":""lab-woocommerce"",""cpu"":""14.08%"",""mem"":""311.1MiB / 122.8GiB""},{""name"":""lab-redis"",""cpu"":""1.24%"",""mem"":""80.77MiB / 122.8GiB""},{""name"":""lab-postgres"",""cpu"":""36.54%"",""mem"":""254.3MiB / 122.8GiB""},{""name"":""lab-mysql"",""cpu"":""15.90%"",""mem"":""726.5MiB / 122.8GiB""},{""name"":""lab-woocommerce-mysql"",""cpu"":""22.54%"",""mem"":""514.6MiB / 122.8GiB""}]"
2026-09-10T13:51:42Z,3,18,1,47,0,2669344435,"[{""name"":""lab-worker-1"",""cpu"":""9.89%"",""mem"":""138.8MiB / 122.8GiB""},{""name"":""lab-api"",""cpu"":""0.00%"",""mem"":""146.4MiB / 122.8GiB""},{""name"":""lab-allegro-stub"",""cpu"":""0.08%"",""mem"":""21.42MiB / 122.8GiB""},{""name"":""lab-erli-stub"",""cpu"":""0.00%"",""mem"":""18.05MiB / 122.8GiB""},{""name"":""lab-eparagony-stub"",""cpu"":""0.00%"",""mem"":""20.37MiB / 122.8GiB""},{""name"":""lab-invoicing-stub"",""cpu"":""0.00%"",""mem"":""16.6MiB / 122.8GiB""},{""name"":""lab-shipping-stub"",""cpu"":""0.00%"",""mem"":""16.58MiB / 122.8GiB""},{""name"":""lab-eparagony-stub-tls"",""cpu"":""0.00%"",""mem"":""23.3MiB / 122.8GiB""},{""name"":""lab-erli-stub-tls"",""cpu"":""0.00%"",""mem"":""22.67MiB / 122.8GiB""},{""name"":""lab-wc-tls"",""cpu"":""0.05%"",""mem"":""29.56MiB / 122.8GiB""},{""name"":""lab-prestashop"",""cpu"":""13.23%"",""mem"":""137.9MiB / 122.8GiB""},{""name"":""lab-woocommerce"",""cpu"":""18.14%"",""mem"":""311.3MiB / 122.8GiB""},{""name"":""lab-redis"",""cpu"":""0.77%"",""mem"":""81.03MiB / 122.8GiB""},{""name"":""lab-postgres"",""cpu"":""36.33%"",""mem"":""254.5MiB / 122.8GiB""},{""name"":""lab-mysql"",""cpu"":""7.33%"",""mem"":""726.5MiB / 122.8GiB""},{""name"":""lab-woocommerce-mysql"",""cpu"":""21.43%"",""mem"":""514.6MiB / 122.8GiB""}]"
2026-09-10T13:51:45Z,3,15,1,47,0,2669352627,"[{""name"":""lab-worker-1"",""cpu"":""9.87%"",""mem"":""138MiB / 122.8GiB""},{""name"":""lab-api"",""cpu"":""0.00%"",""mem"":""146.4MiB / 122.8GiB""},{""name"":""lab-allegro-stub"",""cpu"":""0.08%"",""mem"":""21.43MiB / 122.8GiB""},{""name"":""lab-erli-stub"",""cpu"":""0.00%"",""mem"":""18.05MiB / 122.8GiB""},{""name"":""lab-eparagony-stub"",""cpu"":""0.00%"",""mem"":""20.37MiB / 122.8GiB""},{""name"":""lab-invoicing-stub"",""cpu"":""0.01%"",""mem"":""16.6MiB / 122.8GiB""},{""name"":""lab-shipping-stub"",""cpu"":""0.01%"",""mem"":""16.59MiB / 122.8GiB""},{""name"":""lab-eparagony-stub-tls"",""cpu"":""0.00%"",""mem"":""23.3MiB / 122.8GiB""},{""name"":""lab-erli-stub-tls"",""cpu"":""0.00%"",""mem"":""22.67MiB / 122.8GiB""},{""name"":""lab-wc-tls"",""cpu"":""0.07%"",""mem"":""29.55MiB / 122.8GiB""},{""name"":""lab-prestashop"",""cpu"":""6.86%"",""mem"":""137.9MiB / 122.8GiB""},{""name"":""lab-woocommerce"",""cpu"":""21.62%"",""mem"":""315.2MiB / 122.8GiB""},{""name"":""lab-redis"",""cpu"":""4.96%"",""mem"":""81.04MiB / 122.8GiB""},{""name"":""lab-postgres"",""cpu"":""37.84%"",""mem"":""255.3MiB / 122.8GiB""},{""name"":""lab-mysql"",""cpu"":""6.84%"",""mem"":""726.5MiB / 122.8GiB""},{""name"":""lab-woocommerce-mysql"",""cpu"":""22.98%"",""mem"":""515.6MiB / 122.8GiB""}]"
2026-09-10T13:51:48Z,3,12,1,47,0,2669377203,"[{""name"":""lab-worker-1"",""cpu"":""10.21%"",""mem"":""137.7MiB / 122.8GiB""},{""name"":""lab-api"",""cpu"":""0.01%"",""mem"":""146.6MiB / 122.8GiB""},{""name"":""lab-allegro-stub"",""cpu"":""0.15%"",""mem"":""21.43MiB / 122.8GiB""},{""name"":""lab-erli-stub"",""cpu"":""0.00%"",""mem"":""18.05MiB / 122.8GiB""},{""name"":""lab-eparagony-stub"",""cpu"":""4.25%"",""mem"":""20.39MiB / 122.8GiB""},{""name"":""lab-invoicing-stub"",""cpu"":""0.00%"",""mem"":""16.6MiB / 122.8GiB""},{""name"":""lab-shipping-stub"",""cpu"":""0.00%"",""mem"":""16.58MiB / 122.8GiB""},{""name"":""lab-eparagony-stub-tls"",""cpu"":""0.00%"",""mem"":""23.3MiB / 122.8GiB""},{""name"":""lab-erli-stub-tls"",""cpu"":""0.00%"",""mem"":""22.67MiB / 122.8GiB""},{""name"":""lab-wc-tls"",""cpu"":""0.08%"",""mem"":""29.56MiB / 122.8GiB""},{""name"":""lab-prestashop"",""cpu"":""13.09%"",""mem"":""139.9MiB / 122.8GiB""},{""name"":""lab-woocommerce"",""cpu"":""18.64%"",""mem"":""315.2MiB / 122.8GiB""},{""name"":""lab-redis"",""cpu"":""0.87%"",""mem"":""80.77MiB / 122.8GiB""},{""name"":""lab-postgres"",""cpu"":""38.41%"",""mem"":""254.6MiB / 122.8GiB""},{""name"":""lab-mysql"",""cpu"":""15.15%"",""mem"":""726.7MiB / 122.8GiB""},{""name"":""lab-woocommerce-mysql"",""cpu"":""22.03%"",""mem"":""515.6MiB / 122.8GiB""}]"
2026-09-10T13:51:51Z,3,9,1,47,0,2669409971,"[{""name"":""lab-worker-1"",""cpu"":""13.50%"",""mem"":""138.4MiB / 122.8GiB""},{""name"":""lab-api"",""cpu"":""0.00%"",""mem"":""146.6MiB / 122.8GiB""},{""name"":""lab-allegro-stub"",""cpu"":""0.10%"",""mem"":""21.43MiB / 122.8GiB""},{""name"":""lab-erli-stub"",""cpu"":""0.00%"",""mem"":""18.05MiB / 122.8GiB""},{""name"":""lab-eparagony-stub"",""cpu"":""0.00%"",""mem"":""20.37MiB / 122.8GiB""},{""name"":""lab-invoicing-stub"",""cpu"":""0.00%"",""mem"":""16.6MiB / 122.8GiB""},{""name"":""lab-shipping-stub"",""cpu"":""0.00%"",""mem"":""16.58MiB / 122.8GiB""},{""name"":""lab-eparagony-stub-tls"",""cpu"":""0.00%"",""mem"":""23.3MiB / 122.8GiB""},{""name"":""lab-erli-stub-tls"",""cpu"":""0.00%"",""mem"":""22.67MiB / 122.8GiB""},{""name"":""lab-wc-tls"",""cpu"":""0.08%"",""mem"":""29.56MiB / 122.8GiB""},{""name"":""lab-prestashop"",""cpu"":""9.21%"",""mem"":""137.9MiB / 122.8GiB""},{""name"":""lab-woocommerce"",""cpu"":""17.03%"",""mem"":""315.2MiB / 122.8GiB""},{""name"":""lab-redis"",""cpu"":""0.82%"",""mem"":""80.78MiB / 122.8GiB""},{""name"":""lab-postgres"",""cpu"":""37.46%"",""mem"":""254.6MiB / 122.8GiB""},{""name"":""lab-mysql"",""cpu"":""8.02%"",""mem"":""726.5MiB / 122.8GiB""},{""name"":""lab-woocommerce-mysql"",""cpu"":""23.82%"",""mem"":""515.6MiB / 122.8GiB""}]"
2026-09-10T13:51:54Z,3,6,1,47,0,2669418163,"[{""name"":""lab-worker-1"",""cpu"":""10.44%"",""mem"":""137.8MiB / 122.8GiB""},{""name"":""lab-api"",""cpu"":""0.00%"",""mem"":""146.6MiB / 122.8GiB""},{""name"":""lab-allegro-stub"",""cpu"":""4.04%"",""mem"":""21.44MiB / 122.8GiB""},{""name"":""lab-erli-stub"",""cpu"":""0.00%"",""mem"":""18.05MiB / 122.8GiB""},{""name"":""lab-eparagony-stub"",""cpu"":""0.01%"",""mem"":""20.37MiB / 122.8GiB""},{""name"":""lab-invoicing-stub"",""cpu"":""4.05%"",""mem"":""16.61MiB / 122.8GiB""},{""name"":""lab-shipping-stub"",""cpu"":""4.03%"",""mem"":""16.58MiB / 122.8GiB""},{""name"":""lab-eparagony-stub-tls"",""cpu"":""0.00%"",""mem"":""23.3MiB / 122.8GiB""},{""name"":""lab-erli-stub-tls"",""cpu"":""0.00%"",""mem"":""22.67MiB / 122.8GiB""},{""name"":""lab-wc-tls"",""cpu"":""0.07%"",""mem"":""29.55MiB / 122.8GiB""},{""name"":""lab-prestashop"",""cpu"":""8.14%"",""mem"":""139.9MiB / 122.8GiB""},{""name"":""lab-woocommerce"",""cpu"":""22.16%"",""mem"":""317.3MiB / 122.8GiB""},{""name"":""lab-redis"",""cpu"":""5.12%"",""mem"":""81.11MiB / 122.8GiB""},{""name"":""lab-postgres"",""cpu"":""39.57%"",""mem"":""254.9MiB / 122.8GiB""},{""name"":""lab-mysql"",""cpu"":""6.83%"",""mem"":""726.5MiB / 122.8GiB""},{""name"":""lab-woocommerce-mysql"",""cpu"":""21.59%"",""mem"":""515.7MiB / 122.8GiB""}]"
2026-09-10T13:51:58Z,3,3,1,47,0,2669426355,"[{""name"":""lab-worker-1"",""cpu"":""11.28%"",""mem"":""137.8MiB / 122.8GiB""},{""name"":""lab-api"",""cpu"":""0.76%"",""mem"":""146.6MiB / 122.8GiB""},{""name"":""lab-allegro-stub"",""cpu"":""0.08%"",""mem"":""21.43MiB / 122.8GiB""},{""name"":""lab-erli-stub"",""cpu"":""0.00%"",""mem"":""18.05MiB / 122.8GiB""},{""name"":""lab-eparagony-stub"",""cpu"":""0.01%"",""mem"":""20.37MiB / 122.8GiB""},{""name"":""lab-invoicing-stub"",""cpu"":""0.00%"",""mem"":""16.6MiB / 122.8GiB""},{""name"":""lab-shipping-stub"",""cpu"":""0.00%"",""mem"":""16.58MiB / 122.8GiB""},{""name"":""lab-eparagony-stub-tls"",""cpu"":""0.00%"",""mem"":""23.3MiB / 122.8GiB""},{""name"":""lab-erli-stub-tls"",""cpu"":""0.00%"",""mem"":""22.67MiB / 122.8GiB""},{""name"":""lab-wc-tls"",""cpu"":""0.07%"",""mem"":""29.55MiB / 122.8GiB""},{""name"":""lab-prestashop"",""cpu"":""5.99%"",""mem"":""139.9MiB / 122.8GiB""},{""name"":""lab-woocommerce"",""cpu"":""18.62%"",""mem"":""317.4MiB / 122.8GiB""},{""name"":""lab-redis"",""cpu"":""0.81%"",""mem"":""80.78MiB / 122.8GiB""},{""name"":""lab-postgres"",""cpu"":""43.66%"",""mem"":""251.2MiB / 122.8GiB""},{""name"":""lab-mysql"",""cpu"":""11.69%"",""mem"":""726.5MiB / 122.8GiB""},{""name"":""lab-woocommerce-mysql"",""cpu"":""20.82%"",""mem"":""515.7MiB / 122.8GiB""}]"
2026-09-10T13:52:01Z,4,0,1,47,0,2669442739,"[{""name"":""lab-worker-1"",""cpu"":""9.17%"",""mem"":""137.7MiB / 122.8GiB""},{""name"":""lab-api"",""cpu"":""0.00%"",""mem"":""146.6MiB / 122.8GiB""},{""name"":""lab-allegro-stub"",""cpu"":""0.00%"",""mem"":""21.44MiB / 122.8GiB""},{""name"":""lab-erli-stub"",""cpu"":""0.00%"",""mem"":""18.05MiB / 122.8GiB""},{""name"":""lab-eparagony-stub"",""cpu"":""0.00%"",""mem"":""20.37MiB / 122.8GiB""},{""name"":""lab-invoicing-stub"",""cpu"":""0.00%"",""mem"":""16.6MiB / 122.8GiB""},{""name"":""lab-shipping-stub"",""cpu"":""0.00%"",""mem"":""16.58MiB / 122.8GiB""},{""name"":""lab-eparagony-stub-tls"",""cpu"":""0.00%"",""mem"":""23.3MiB / 122.8GiB""},{""name"":""lab-erli-stub-tls"",""cpu"":""0.00%"",""mem"":""22.67MiB / 122.8GiB""},{""name"":""lab-wc-tls"",""cpu"":""0.00%"",""mem"":""29.55MiB / 122.8GiB""},{""name"":""lab-prestashop"",""cpu"":""10.94%"",""mem"":""139.9MiB / 122.8GiB""},{""name"":""lab-woocommerce"",""cpu"":""0.01%"",""mem"":""317.2MiB / 122.8GiB""},{""name"":""lab-redis"",""cpu"":""0.80%"",""mem"":""80.78MiB / 122.8GiB""},{""name"":""lab-postgres"",""cpu"":""37.49%"",""mem"":""251.2MiB / 122.8GiB""},{""name"":""lab-mysql"",""cpu"":""10.32%"",""mem"":""726.5MiB / 122.8GiB""},{""name"":""lab-woocommerce-mysql"",""cpu"":""5.16%"",""mem"":""515.7MiB / 122.8GiB""}]"
2026-09-10T13:52:04Z,3,1,0,47,0,2669459123,"[{""name"":""lab-worker-1"",""cpu"":""10.17%"",""mem"":""137.8MiB / 122.8GiB""},{""name"":""lab-api"",""cpu"":""0.01%"",""mem"":""146.6MiB / 122.8GiB""},{""name"":""lab-allegro-stub"",""cpu"":""0.00%"",""mem"":""21.43MiB / 122.8GiB""},{""name"":""lab-erli-stub"",""cpu"":""4.11%"",""mem"":""18.07MiB / 122.8GiB""},{""name"":""lab-eparagony-stub"",""cpu"":""4.19%"",""mem"":""20.38MiB / 122.8GiB""},{""name"":""lab-invoicing-stub"",""cpu"":""0.00%"",""mem"":""16.6MiB / 122.8GiB""},{""name"":""lab-shipping-stub"",""cpu"":""0.00%"",""mem"":""16.58MiB / 122.8GiB""},{""name"":""lab-eparagony-stub-tls"",""cpu"":""0.00%"",""mem"":""23.3MiB / 122.8GiB""},{""name"":""lab-erli-stub-tls"",""cpu"":""0.00%"",""mem"":""22.67MiB / 122.8GiB""},{""name"":""lab-wc-tls"",""cpu"":""0.02%"",""mem"":""29.52MiB / 122.8GiB""},{""name"":""lab-prestashop"",""cpu"":""10.42%"",""mem"":""139.9MiB / 122.8GiB""},{""name"":""lab-woocommerce"",""cpu"":""0.00%"",""mem"":""317.2MiB / 122.8GiB""},{""name"":""lab-redis"",""cpu"":""0.87%"",""mem"":""81.04MiB / 122.8GiB""},{""name"":""lab-postgres"",""cpu"":""36.13%"",""mem"":""251.3MiB / 122.8GiB""},{""name"":""lab-mysql"",""cpu"":""8.68%"",""mem"":""726.5MiB / 122.8GiB""},{""name"":""lab-woocommerce-mysql"",""cpu"":""1.40%"",""mem"":""515.7MiB / 122.8GiB""}]"
2026-09-10T13:52:07Z,3,1,0,47,0,2669459123,"[{""name"":""lab-worker-1"",""cpu"":""11.30%"",""mem"":""137.5MiB / 122.8GiB""},{""name"":""lab-api"",""cpu"":""0.00%"",""mem"":""146.6MiB / 122.8GiB""},{""name"":""lab-allegro-stub"",""cpu"":""0.00%"",""mem"":""21.43MiB / 122.8GiB""},{""name"":""lab-erli-stub"",""cpu"":""0.00%"",""mem"":""18.06MiB / 122.8GiB""},{""name"":""lab-eparagony-stub"",""cpu"":""0.00%"",""mem"":""20.37MiB / 122.8GiB""},{""name"":""lab-invoicing-stub"",""cpu"":""0.00%"",""mem"":""16.6MiB / 122.8GiB""},{""name"":""lab-shipping-stub"",""cpu"":""0.00%"",""mem"":""16.58MiB / 122.8GiB""},{""name"":""lab-eparagony-stub-tls"",""cpu"":""0.00%"",""mem"":""23.3MiB / 122.8GiB""},{""name"":""lab-erli-stub-tls"",""cpu"":""0.00%"",""mem"":""22.67MiB / 122.8GiB""},{""name"":""lab-wc-tls"",""cpu"":""0.00%"",""mem"":""29.52MiB / 122.8GiB""},{""name"":""lab-prestashop"",""cpu"":""10.99%"",""mem"":""139.9MiB / 122.8GiB""},{""name"":""lab-woocommerce"",""cpu"":""0.00%"",""mem"":""317.2MiB / 122.8GiB""},{""name"":""lab-redis"",""cpu"":""0.86%"",""mem"":""80.8MiB / 122.8GiB""},{""name"":""lab-postgres"",""cpu"":""41.12%"",""mem"":""251.6MiB / 122.8GiB""},{""name"":""lab-mysql"",""cpu"":""11.18%"",""mem"":""726.5MiB / 122.8GiB""},{""name"":""lab-woocommerce-mysql"",""cpu"":""0.81%"",""mem"":""515.7MiB / 122.8GiB""}]"
2026-09-10T13:52:10Z,3,2,0,47,0,2669459123,"[{""name"":""lab-worker-1"",""cpu"":""16.16%"",""mem"":""137.6MiB / 122.8GiB""},{""name"":""lab-api"",""cpu"":""0.00%"",""mem"":""146.7MiB / 122.8GiB""},{""name"":""lab-allegro-stub"",""cpu"":""0.01%"",""mem"":""21.43MiB / 122.8GiB""},{""name"":""lab-erli-stub"",""cpu"":""0.00%"",""mem"":""18.05MiB / 122.8GiB""},{""name"":""lab-eparagony-stub"",""cpu"":""0.00%"",""mem"":""20.37MiB / 122.8GiB""},{""name"":""lab-invoicing-stub"",""cpu"":""0.01%"",""mem"":""16.6MiB / 122.8GiB""},{""name"":""lab-shipping-stub"",""cpu"":""1.66%"",""mem"":""16.58MiB / 122.8GiB""},{""name"":""lab-eparagony-stub-tls"",""cpu"":""0.00%"",""mem"":""23.3MiB / 122.8GiB""},{""name"":""lab-erli-stub-tls"",""cpu"":""0.00%"",""mem"":""22.67MiB / 122.8GiB""},{""name"":""lab-wc-tls"",""cpu"":""0.00%"",""mem"":""29.52MiB / 122.8GiB""},{""name"":""lab-prestashop"",""cpu"":""13.90%"",""mem"":""139.9MiB / 122.8GiB""},{""name"":""lab-woocommerce"",""cpu"":""0.01%"",""mem"":""317.2MiB / 122.8GiB""},{""name"":""lab-redis"",""cpu"":""1.06%"",""mem"":""80.79MiB / 122.8GiB""},{""name"":""lab-postgres"",""cpu"":""40.73%"",""mem"":""247.8MiB / 122.8GiB""},{""name"":""lab-mysql"",""cpu"":""17.33%"",""mem"":""726.5MiB / 122.8GiB""},{""name"":""lab-woocommerce-mysql"",""cpu"":""0.71%"",""mem"":""515.7MiB / 122.8GiB""}]"
2026-09-10T13:52:13Z,3,1,0,47,0,2669459123,"[{""name"":""lab-worker-1"",""cpu"":""13.37%"",""mem"":""137.6MiB / 122.8GiB""},{""name"":""lab-api"",""cpu"":""0.00%"",""mem"":""146.7MiB / 122.8GiB""},{""name"":""lab-allegro-stub"",""cpu"":""0.00%"",""mem"":""21.43MiB / 122.8GiB""},{""name"":""lab-erli-stub"",""cpu"":""0.00%"",""mem"":""18.05MiB / 122.8GiB""},{""name"":""lab-eparagony-stub"",""cpu"":""4.21%"",""mem"":""20.42MiB / 122.8GiB""},{""name"":""lab-invoicing-stub"",""cpu"":""0.00%"",""mem"":""16.6MiB / 122.8GiB""},{""name"":""lab-shipping-stub"",""cpu"":""0.00%"",""mem"":""16.58MiB / 122.8GiB""},{""name"":""lab-eparagony-stub-tls"",""cpu"":""0.00%"",""mem"":""23.3MiB / 122.8GiB""},{""name"":""lab-erli-stub-tls"",""cpu"":""0.00%"",""mem"":""22.67MiB / 122.8GiB""},{""name"":""lab-wc-tls"",""cpu"":""0.00%"",""mem"":""29.52MiB / 122.8GiB""},{""name"":""lab-prestashop"",""cpu"":""11.32%"",""mem"":""139.9MiB / 122.8GiB""},{""name"":""lab-woocommerce"",""cpu"":""0.00%"",""mem"":""317.2MiB / 122.8GiB""},{""name"":""lab-redis"",""cpu"":""0.83%"",""mem"":""80.79MiB / 122.8GiB""},{""name"":""lab-postgres"",""cpu"":""36.66%"",""mem"":""244.2MiB / 122.8GiB""},{""name"":""lab-mysql"",""cpu"":""9.92%"",""mem"":""726.5MiB / 122.8GiB""},{""name"":""lab-woocommerce-mysql"",""cpu"":""1.32%"",""mem"":""515.7MiB / 122.8GiB""}]"
2026-09-10T13:52:16Z,3,1,0,47,0,2669467315,"[{""name"":""lab-worker-1"",""cpu"":""12.59%"",""mem"":""137.7MiB / 122.8GiB""},{""name"":""lab-api"",""cpu"":""0.00%"",""mem"":""146.7MiB / 122.8GiB""},{""name"":""lab-allegro-stub"",""cpu"":""0.00%"",""mem"":""21.43MiB / 122.8GiB""},{""name"":""lab-erli-stub"",""cpu"":""0.00%"",""mem"":""18.05MiB / 122.8GiB""},{""name"":""lab-eparagony-stub"",""cpu"":""0.00%"",""mem"":""20.37MiB / 122.8GiB""},{""name"":""lab-invoicing-stub"",""cpu"":""0.00%"",""mem"":""16.6MiB / 122.8GiB""},{""name"":""lab-shipping-stub"",""cpu"":""0.00%"",""mem"":""16.58MiB / 122.8GiB""},{""name"":""lab-eparagony-stub-tls"",""cpu"":""0.00%"",""mem"":""23.3MiB / 122.8GiB""},{""name"":""lab-erli-stub-tls"",""cpu"":""0.00%"",""mem"":""22.67MiB / 122.8GiB""},{""name"":""lab-wc-tls"",""cpu"":""0.00%"",""mem"":""29.52MiB / 122.8GiB""},{""name"":""lab-prestashop"",""cpu"":""10.61%"",""mem"":""140.2MiB / 122.8GiB""},{""name"":""lab-woocommerce"",""cpu"":""13.32%"",""mem"":""317.3MiB / 122.8GiB""},{""name"":""lab-redis"",""cpu"":""0.82%"",""mem"":""80.79MiB / 122.8GiB""},{""name"":""lab-postgres"",""cpu"":""36.78%"",""mem"":""244.3MiB / 122.8GiB""},{""name"":""lab-mysql"",""cpu"":""10.17%"",""mem"":""726.5MiB / 122.8GiB""},{""name"":""lab-woocommerce-mysql"",""cpu"":""1.80%"",""mem"":""515.7MiB / 122.8GiB""}]"
2026-09-10T13:52:19Z,3,2,1,47,0,2669467315,"[{""name"":""lab-worker-1"",""cpu"":""12.46%"",""mem"":""138.4MiB / 122.8GiB""},{""name"":""lab-api"",""cpu"":""0.00%"",""mem"":""146.7MiB / 122.8GiB""},{""name"":""lab-allegro-stub"",""cpu"":""4.30%"",""mem"":""21.46MiB / 122.8GiB""},{""name"":""lab-erli-stub"",""cpu"":""4.41%"",""mem"":""18.05MiB / 122.8GiB""},{""name"":""lab-eparagony-stub"",""cpu"":""0.01%"",""mem"":""20.39MiB / 122.8GiB""},{""name"":""lab-invoicing-stub"",""cpu"":""4.51%"",""mem"":""16.6MiB / 122.8GiB""},{""name"":""lab-shipping-stub"",""cpu"":""4.22%"",""mem"":""16.62MiB / 122.8GiB""},{""name"":""lab-eparagony-stub-tls"",""cpu"":""0.00%"",""mem"":""23.3MiB / 122.8GiB""},{""name"":""lab-erli-stub-tls"",""cpu"":""0.00%"",""mem"":""22.67MiB / 122.8GiB""},{""name"":""lab-wc-tls"",""cpu"":""0.00%"",""mem"":""29.52MiB / 122.8GiB""},{""name"":""lab-prestashop"",""cpu"":""17.88%"",""mem"":""139.9MiB / 122.8GiB""},{""name"":""lab-woocommerce"",""cpu"":""0.01%"",""mem"":""317.3MiB / 122.8GiB""},{""name"":""lab-redis"",""cpu"":""1.48%"",""mem"":""80.79MiB / 122.8GiB""},{""name"":""lab-postgres"",""cpu"":""37.58%"",""mem"":""244.3MiB / 122.8GiB""},{""name"":""lab-mysql"",""cpu"":""21.47%"",""mem"":""726.5MiB / 122.8GiB""},{""name"":""lab-woocommerce-mysql"",""cpu"":""0.71%"",""mem"":""515.7MiB / 122.8GiB""}]"
2026-09-10T13:52:22Z,3,1,0,47,0,2669475507,"[{""name"":""lab-worker-1"",""cpu"":""8.56%"",""mem"":""137.6MiB / 122.8GiB""},{""name"":""lab-api"",""cpu"":""0.00%"",""mem"":""146.7MiB / 122.8GiB""},{""name"":""lab-allegro-stub"",""cpu"":""0.00%"",""mem"":""21.43MiB / 122.8GiB""},{""name"":""lab-erli-stub"",""cpu"":""0.00%"",""mem"":""18.05MiB / 122.8GiB""},{""name"":""lab-eparagony-stub"",""cpu"":""0.00%"",""mem"":""20.39MiB / 122.8GiB""},{""name"":""lab-invoicing-stub"",""cpu"":""0.00%"",""mem"":""16.6MiB / 122.8GiB""},{""name"":""lab-shipping-stub"",""cpu"":""0.00%"",""mem"":""16.58MiB / 122.8GiB""},{""name"":""lab-eparagony-stub-tls"",""cpu"":""0.00%"",""mem"":""23.3MiB / 122.8GiB""},{""name"":""lab-erli-stub-tls"",""cpu"":""0.00%"",""mem"":""22.67MiB / 122.8GiB""},{""name"":""lab-wc-tls"",""cpu"":""0.00%"",""mem"":""29.52MiB / 122.8GiB""},{""name"":""lab-prestashop"",""cpu"":""9.68%"",""mem"":""139.9MiB / 122.8GiB""},{""name"":""lab-woocommerce"",""cpu"":""0.01%"",""mem"":""317.3MiB / 122.8GiB""},{""name"":""lab-redis"",""cpu"":""0.77%"",""mem"":""80.79MiB / 122.8GiB""},{""name"":""lab-postgres"",""cpu"":""35.52%"",""mem"":""244.5MiB / 122.8GiB""},{""name"":""lab-mysql"",""cpu"":""10.70%"",""mem"":""726.5MiB / 122.8GiB""},{""name"":""lab-woocommerce-mysql"",""cpu"":""0.79%"",""mem"":""515.7MiB / 122.8GiB""}]"
2026-09-10T13:52:26Z,3,1,0,47,0,2669475507,"[{""name"":""lab-worker-1"",""cpu"":""10.28%"",""mem"":""137.5MiB / 122.8GiB""},{""name"":""lab-api"",""cpu"":""0.00%"",""mem"":""146.7MiB / 122.8GiB""},{""name"":""lab-allegro-stub"",""cpu"":""0.00%"",""mem"":""21.43MiB / 122.8GiB""},{""name"":""lab-erli-stub"",""cpu"":""0.00%"",""mem"":""18.05MiB / 122.8GiB""},{""name"":""lab-eparagony-stub"",""cpu"":""0.00%"",""mem"":""20.37MiB / 122.8GiB""},{""name"":""lab-invoicing-stub"",""cpu"":""0.00%"",""mem"":""16.6MiB / 122.8GiB""},{""name"":""lab-shipping-stub"",""cpu"":""0.00%"",""mem"":""16.59MiB / 122.8GiB""},{""name"":""lab-eparagony-stub-tls"",""cpu"":""0.00%"",""mem"":""23.3MiB / 122.8GiB""},{""name"":""lab-erli-stub-tls"",""cpu"":""0.00%"",""mem"":""22.67MiB / 122.8GiB""},{""name"":""lab-wc-tls"",""cpu"":""0.00%"",""mem"":""29.52MiB / 122.8GiB""},{""name"":""lab-prestashop"",""cpu"":""9.92%"",""mem"":""139.9MiB / 122.8GiB""},{""name"":""lab-woocommerce"",""cpu"":""0.01%"",""mem"":""317.3MiB / 122.8GiB""},{""name"":""lab-redis"",""cpu"":""0.82%"",""mem"":""80.79MiB / 122.8GiB""},{""name"":""lab-postgres"",""cpu"":""35.43%"",""mem"":""244.3MiB / 122.8GiB""},{""name"":""lab-mysql"",""cpu"":""9.70%"",""mem"":""726.5MiB / 122.8GiB""},{""name"":""lab-woocommerce-mysql"",""cpu"":""0.76%"",""mem"":""515.7MiB / 122.8GiB""}]"
2026-09-10T13:52:29Z,4,1,0,47,0,2669475507,"[{""name"":""lab-worker-1"",""cpu"":""9.83%"",""mem"":""138MiB / 122.8GiB""},{""name"":""lab-api"",""cpu"":""0.00%"",""mem"":""146.9MiB / 122.8GiB""},{""name"":""lab-allegro-stub"",""cpu"":""0.09%"",""mem"":""21.43MiB / 122.8GiB""},{""name"":""lab-erli-stub"",""cpu"":""2.17%"",""mem"":""25.13MiB / 122.8GiB""},{""name"":""lab-eparagony-stub"",""cpu"":""3.96%"",""mem"":""20.38MiB / 122.8GiB""},{""name"":""lab-invoicing-stub"",""cpu"":""0.00%"",""mem"":""16.6MiB / 122.8GiB""},{""name"":""lab-shipping-stub"",""cpu"":""0.00%"",""mem"":""16.58MiB / 122.8GiB""},{""name"":""lab-eparagony-stub-tls"",""cpu"":""0.00%"",""mem"":""23.3MiB / 122.8GiB""},{""name"":""lab-erli-stub-tls"",""cpu"":""0.00%"",""mem"":""22.67MiB / 122.8GiB""},{""name"":""lab-wc-tls"",""cpu"":""0.00%"",""mem"":""29.52MiB / 122.8GiB""},{""name"":""lab-prestashop"",""cpu"":""11.72%"",""mem"":""139.9MiB / 122.8GiB""},{""name"":""lab-woocommerce"",""cpu"":""0.00%"",""mem"":""317.3MiB / 122.8GiB""},{""name"":""lab-redis"",""cpu"":""0.95%"",""mem"":""80.79MiB / 122.8GiB""},{""name"":""lab-postgres"",""cpu"":""35.97%"",""mem"":""244.2MiB / 122.8GiB""},{""name"":""lab-mysql"",""cpu"":""10.95%"",""mem"":""726.8MiB / 122.8GiB""},{""name"":""lab-woocommerce-mysql"",""cpu"":""0.74%"",""mem"":""515.7MiB / 122.8GiB""}]"
2026-09-10T13:52:32Z,3,1,0,47,0,2669483699,"[{""name"":""lab-worker-1"",""cpu"":""11.53%"",""mem"":""137.7MiB / 122.8GiB""},{""name"":""lab-api"",""cpu"":""0.00%"",""mem"":""146.9MiB / 122.8GiB""},{""name"":""lab-allegro-stub"",""cpu"":""0.03%"",""mem"":""21.43MiB / 122.8GiB""},{""name"":""lab-erli-stub"",""cpu"":""0.00%"",""mem"":""18.05MiB / 122.8GiB""},{""name"":""lab-eparagony-stub"",""cpu"":""0.00%"",""mem"":""20.37MiB / 122.8GiB""},{""name"":""lab-invoicing-stub"",""cpu"":""0.00%"",""mem"":""16.6MiB / 122.8GiB""},{""name"":""lab-shipping-stub"",""cpu"":""0.00%"",""mem"":""16.58MiB / 122.8GiB""},{""name"":""lab-eparagony-stub-tls"",""cpu"":""0.00%"",""mem"":""23.3MiB / 122.8GiB""},{""name"":""lab-erli-stub-tls"",""cpu"":""0.00%"",""mem"":""22.67MiB / 122.8GiB""},{""name"":""lab-wc-tls"",""cpu"":""0.00%"",""mem"":""29.52MiB / 122.8GiB""},{""name"":""lab-prestashop"",""cpu"":""11.25%"",""mem"":""139.9MiB / 122.8GiB""},{""name"":""lab-woocommerce"",""cpu"":""0.00%"",""mem"":""317.3MiB / 122.8GiB""},{""name"":""lab-redis"",""cpu"":""0.77%"",""mem"":""80.79MiB / 122.8GiB""},{""name"":""lab-postgres"",""cpu"":""48.69%"",""mem"":""244.3MiB / 122.8GiB""},{""name"":""lab-mysql"",""cpu"":""8.99%"",""mem"":""726.5MiB / 122.8GiB""},{""name"":""lab-woocommerce-mysql"",""cpu"":""0.68%"",""mem"":""515.7MiB / 122.8GiB""}]"
2026-09-10T13:52:35Z,3,1,0,47,0,2669483699,"[{""name"":""lab-worker-1"",""cpu"":""8.20%"",""mem"":""137.5MiB / 122.8GiB""},{""name"":""lab-api"",""cpu"":""0.00%"",""mem"":""146.9MiB / 122.8GiB""},{""name"":""lab-allegro-stub"",""cpu"":""3.85%"",""mem"":""21.43MiB / 122.8GiB""},{""name"":""lab-erli-stub"",""cpu"":""0.01%"",""mem"":""18.05MiB / 122.8GiB""},{""name"":""lab-eparagony-stub"",""cpu"":""0.00%"",""mem"":""20.37MiB / 122.8GiB""},{""name"":""lab-invoicing-stub"",""cpu"":""3.79%"",""mem"":""16.6MiB / 122.8GiB""},{""name"":""lab-shipping-stub"",""cpu"":""4.08%"",""mem"":""16.61MiB / 122.8GiB""},{""name"":""lab-eparagony-stub-tls"",""cpu"":""0.00%"",""mem"":""23.3MiB / 122.8GiB""},{""name"":""lab-erli-stub-tls"",""cpu"":""0.00%"",""mem"":""22.67MiB / 122.8GiB""},{""name"":""lab-wc-tls"",""cpu"":""0.00%"",""mem"":""29.52MiB / 122.8GiB""},{""name"":""lab-prestashop"",""cpu"":""11.43%"",""mem"":""139.9MiB / 122.8GiB""},{""name"":""lab-woocommerce"",""cpu"":""0.00%"",""mem"":""317.3MiB / 122.8GiB""},{""name"":""lab-redis"",""cpu"":""5.14%"",""mem"":""80.86MiB / 122.8GiB""},{""name"":""lab-postgres"",""cpu"":""35.62%"",""mem"":""244.3MiB / 122.8GiB""},{""name"":""lab-mysql"",""cpu"":""9.70%"",""mem"":""726.5MiB / 122.8GiB""},{""name"":""lab-woocommerce-mysql"",""cpu"":""0.73%"",""mem"":""515.7MiB / 122.8GiB""}]"
2026-09-10T13:52:38Z,3,1,0,47,0,2669483699,"[{""name"":""lab-worker-1"",""cpu"":""10.66%"",""mem"":""137.6MiB / 122.8GiB""},{""name"":""lab-api"",""cpu"":""1.32%"",""mem"":""146.8MiB / 122.8GiB""},{""name"":""lab-allegro-stub"",""cpu"":""0.00%"",""mem"":""21.43MiB / 122.8GiB""},{""name"":""lab-erli-stub"",""cpu"":""0.00%"",""mem"":""18.05MiB / 122.8GiB""},{""name"":""lab-eparagony-stub"",""cpu"":""0.00%"",""mem"":""20.37MiB / 122.8GiB""},{""name"":""lab-invoicing-stub"",""cpu"":""0.00%"",""mem"":""16.6MiB / 122.8GiB""},{""name"":""lab-shipping-stub"",""cpu"":""0.00%"",""mem"":""16.58MiB / 122.8GiB""},{""name"":""lab-eparagony-stub-tls"",""cpu"":""0.00%"",""mem"":""23.3MiB / 122.8GiB""},{""name"":""lab-erli-stub-tls"",""cpu"":""0.00%"",""mem"":""22.67MiB / 122.8GiB""},{""name"":""lab-wc-tls"",""cpu"":""0.00%"",""mem"":""29.52MiB / 122.8GiB""},{""name"":""lab-prestashop"",""cpu"":""11.61%"",""mem"":""140.2MiB / 122.8GiB""},{""name"":""lab-woocommerce"",""cpu"":""0.00%"",""mem"":""317.3MiB / 122.8GiB""},{""name"":""lab-redis"",""cpu"":""0.96%"",""mem"":""81.04MiB / 122.8GiB""},{""name"":""lab-postgres"",""cpu"":""38.82%"",""mem"":""247.1MiB / 122.8GiB""},{""name"":""lab-mysql"",""cpu"":""16.25%"",""mem"":""726.5MiB / 122.8GiB""},{""name"":""lab-woocommerce-mysql"",""cpu"":""0.74%"",""mem"":""515.7MiB / 122.8GiB""}]"
2026-09-10T13:52:41Z,3,1,0,47,0,2669491891,"[{""name"":""lab-worker-1"",""cpu"":""8.29%"",""mem"":""138.3MiB / 122.8GiB""},{""name"":""lab-api"",""cpu"":""0.00%"",""mem"":""146.8MiB / 122.8GiB""},{""name"":""lab-allegro-stub"",""cpu"":""0.00%"",""mem"":""21.43MiB / 122.8GiB""},{""name"":""lab-erli-stub"",""cpu"":""0.00%"",""mem"":""18.05MiB / 122.8GiB""},{""name"":""lab-eparagony-stub"",""cpu"":""0.00%"",""mem"":""20.38MiB / 122.8GiB""},{""name"":""lab-invoicing-stub"",""cpu"":""0.00%"",""mem"":""16.6MiB / 122.8GiB""},{""name"":""lab-shipping-stub"",""cpu"":""0.00%"",""mem"":""16.58MiB / 122.8GiB""},{""name"":""lab-eparagony-stub-tls"",""cpu"":""0.00%"",""mem"":""23.3MiB / 122.8GiB""},{""name"":""lab-erli-stub-tls"",""cpu"":""0.00%"",""mem"":""22.67MiB / 122.8GiB""},{""name"":""lab-wc-tls"",""cpu"":""0.00%"",""mem"":""29.52MiB / 122.8GiB""},{""name"":""lab-prestashop"",""cpu"":""10.52%"",""mem"":""139.9MiB / 122.8GiB""},{""name"":""lab-woocommerce"",""cpu"":""0.00%"",""mem"":""317.3MiB / 122.8GiB""},{""name"":""lab-redis"",""cpu"":""0.78%"",""mem"":""80.79MiB / 122.8GiB""},{""name"":""lab-postgres"",""cpu"":""33.85%"",""mem"":""247.1MiB / 122.8GiB""},{""name"":""lab-mysql"",""cpu"":""10.44%"",""mem"":""726.7MiB / 122.8GiB""},{""name"":""lab-woocommerce-mysql"",""cpu"":""5.53%"",""mem"":""515.7MiB / 122.8GiB""}]"
2026-09-10T13:52:44Z,3,1,0,47,0,2669500083,"[{""name"":""lab-worker-1"",""cpu"":""11.45%"",""mem"":""138.3MiB / 122.8GiB""},{""name"":""lab-api"",""cpu"":""0.01%"",""mem"":""146.8MiB / 122.8GiB""},{""name"":""lab-allegro-stub"",""cpu"":""3.93%"",""mem"":""21.64MiB / 122.8GiB""},{""name"":""lab-erli-stub"",""cpu"":""4.18%"",""mem"":""18.06MiB / 122.8GiB""},{""name"":""lab-eparagony-stub"",""cpu"":""4.34%"",""mem"":""20.37MiB / 122.8GiB""},{""name"":""lab-invoicing-stub"",""cpu"":""3.93%"",""mem"":""24MiB / 122.8GiB""},{""name"":""lab-shipping-stub"",""cpu"":""3.51%"",""mem"":""25.88MiB / 122.8GiB""},{""name"":""lab-eparagony-stub-tls"",""cpu"":""0.00%"",""mem"":""23.3MiB / 122.8GiB""},{""name"":""lab-erli-stub-tls"",""cpu"":""0.00%"",""mem"":""22.67MiB / 122.8GiB""},{""name"":""lab-wc-tls"",""cpu"":""0.00%"",""mem"":""29.52MiB / 122.8GiB""},{""name"":""lab-prestashop"",""cpu"":""12.91%"",""mem"":""140MiB / 122.8GiB""},{""name"":""lab-woocommerce"",""cpu"":""0.00%"",""mem"":""317.3MiB / 122.8GiB""},{""name"":""lab-redis"",""cpu"":""0.82%"",""mem"":""80.79MiB / 122.8GiB""},{""name"":""lab-postgres"",""cpu"":""36.03%"",""mem"":""247.1MiB / 122.8GiB""},{""name"":""lab-mysql"",""cpu"":""10.47%"",""mem"":""726.5MiB / 122.8GiB""},{""name"":""lab-woocommerce-mysql"",""cpu"":""0.83%"",""mem"":""515.7MiB / 122.8GiB""}]"
2026-09-10T13:52:47Z,3,1,0,47,0,2669500083,"[{""name"":""lab-worker-1"",""cpu"":""14.98%"",""mem"":""138.1MiB / 122.8GiB""},{""name"":""lab-api"",""cpu"":""0.00%"",""mem"":""146.8MiB / 122.8GiB""},{""name"":""lab-allegro-stub"",""cpu"":""0.00%"",""mem"":""21.43MiB / 122.8GiB""},{""name"":""lab-erli-stub"",""cpu"":""0.00%"",""mem"":""18.05MiB / 122.8GiB""},{""name"":""lab-eparagony-stub"",""cpu"":""0.00%"",""mem"":""20.37MiB / 122.8GiB""},{""name"":""lab-invoicing-stub"",""cpu"":""0.00%"",""mem"":""16.6MiB / 122.8GiB""},{""name"":""lab-shipping-stub"",""cpu"":""0.00%"",""mem"":""16.58MiB / 122.8GiB""},{""name"":""lab-eparagony-stub-tls"",""cpu"":""0.00%"",""mem"":""23.3MiB / 122.8GiB""},{""name"":""lab-erli-stub-tls"",""cpu"":""0.00%"",""mem"":""22.67MiB / 122.8GiB""},{""name"":""lab-wc-tls"",""cpu"":""0.00%"",""mem"":""29.52MiB / 122.8GiB""},{""name"":""lab-prestashop"",""cpu"":""11.94%"",""mem"":""140MiB / 122.8GiB""},{""name"":""lab-woocommerce"",""cpu"":""12.24%"",""mem"":""315.3MiB / 122.8GiB""},{""name"":""lab-redis"",""cpu"":""0.94%"",""mem"":""80.8MiB / 122.8GiB""},{""name"":""lab-postgres"",""cpu"":""40.32%"",""mem"":""247.1MiB / 122.8GiB""},{""name"":""lab-mysql"",""cpu"":""14.50%"",""mem"":""726.5MiB / 122.8GiB""},{""name"":""lab-woocommerce-mysql"",""cpu"":""17.11%"",""mem"":""515.7MiB / 122.8GiB""}]"
2026-09-10T13:52:51Z,3,1,0,47,0,2669500083,"[{""name"":""lab-worker-1"",""cpu"":""26.30%"",""mem"":""138.3MiB / 122.8GiB""},{""name"":""lab-api"",""cpu"":""0.01%"",""mem"":""147MiB / 122.8GiB""},{""name"":""lab-allegro-stub"",""cpu"":""0.01%"",""mem"":""21.43MiB / 122.8GiB""},{""name"":""lab-erli-stub"",""cpu"":""0.01%"",""mem"":""18.05MiB / 122.8GiB""},{""name"":""lab-eparagony-stub"",""cpu"":""0.00%"",""mem"":""20.37MiB / 122.8GiB""},{""name"":""lab-invoicing-stub"",""cpu"":""0.01%"",""mem"":""16.6MiB / 122.8GiB""},{""name"":""lab-shipping-stub"",""cpu"":""0.01%"",""mem"":""16.58MiB / 122.8GiB""},{""name"":""lab-eparagony-stub-tls"",""cpu"":""0.00%"",""mem"":""23.3MiB / 122.8GiB""},{""name"":""lab-erli-stub-tls"",""cpu"":""0.00%"",""mem"":""22.67MiB / 122.8GiB""},{""name"":""lab-wc-tls"",""cpu"":""0.00%"",""mem"":""29.52MiB / 122.8GiB""},{""name"":""lab-prestashop"",""cpu"":""11.13%"",""mem"":""140MiB / 122.8GiB""},{""name"":""lab-woocommerce"",""cpu"":""0.00%"",""mem"":""315.3MiB / 122.8GiB""},{""name"":""lab-redis"",""cpu"":""0.85%"",""mem"":""80.79MiB / 122.8GiB""},{""name"":""lab-postgres"",""cpu"":""35.42%"",""mem"":""247.3MiB / 122.8GiB""},{""name"":""lab-mysql"",""cpu"":""10.06%"",""mem"":""726.7MiB / 122.8GiB""},{""name"":""lab-woocommerce-mysql"",""cpu"":""5.42%"",""mem"":""515.8MiB / 122.8GiB""}]"
2026-09-10T13:52:54Z,4,1,0,47,0,2669500083,"[{""name"":""lab-worker-1"",""cpu"":""10.75%"",""mem"":""138.8MiB / 122.8GiB""},{""name"":""lab-api"",""cpu"":""0.01%"",""mem"":""147MiB / 122.8GiB""},{""name"":""lab-allegro-stub"",""cpu"":""0.00%"",""mem"":""21.43MiB / 122.8GiB""},{""name"":""lab-erli-stub"",""cpu"":""0.00%"",""mem"":""18.05MiB / 122.8GiB""},{""name"":""lab-eparagony-stub"",""cpu"":""4.38%"",""mem"":""20.44MiB / 122.8GiB""},{""name"":""lab-invoicing-stub"",""cpu"":""0.00%"",""mem"":""16.6MiB / 122.8GiB""},{""name"":""lab-shipping-stub"",""cpu"":""0.00%"",""mem"":""16.58MiB / 122.8GiB""},{""name"":""lab-eparagony-stub-tls"",""cpu"":""0.00%"",""mem"":""23.3MiB / 122.8GiB""},{""name"":""lab-erli-stub-tls"",""cpu"":""0.00%"",""mem"":""22.67MiB / 122.8GiB""},{""name"":""lab-wc-tls"",""cpu"":""0.00%"",""mem"":""29.52MiB / 122.8GiB""},{""name"":""lab-prestashop"",""cpu"":""12.27%"",""mem"":""140MiB / 122.8GiB""},{""name"":""lab-woocommerce"",""cpu"":""0.01%"",""mem"":""315.3MiB / 122.8GiB""},{""name"":""lab-redis"",""cpu"":""0.87%"",""mem"":""80.8MiB / 122.8GiB""},{""name"":""lab-postgres"",""cpu"":""34.94%"",""mem"":""247.1MiB / 122.8GiB""},{""name"":""lab-mysql"",""cpu"":""13.18%"",""mem"":""726.5MiB / 122.8GiB""},{""name"":""lab-woocommerce-mysql"",""cpu"":""0.78%"",""mem"":""515.7MiB / 122.8GiB""}]"
2026-09-10T13:52:57Z,3,1,0,47,0,2669508275,"[{""name"":""lab-worker-1"",""cpu"":""14.32%"",""mem"":""138.8MiB / 122.8GiB""},{""name"":""lab-api"",""cpu"":""0.00%"",""mem"":""147MiB / 122.8GiB""},{""name"":""lab-allegro-stub"",""cpu"":""0.01%"",""mem"":""21.43MiB / 122.8GiB""},{""name"":""lab-erli-stub"",""cpu"":""0.00%"",""mem"":""18.05MiB / 122.8GiB""},{""name"":""lab-eparagony-stub"",""cpu"":""0.01%"",""mem"":""20.37MiB / 122.8GiB""},{""name"":""lab-invoicing-stub"",""cpu"":""0.01%"",""mem"":""16.61MiB / 122.8GiB""},{""name"":""lab-shipping-stub"",""cpu"":""0.00%"",""mem"":""16.58MiB / 122.8GiB""},{""name"":""lab-eparagony-stub-tls"",""cpu"":""0.00%"",""mem"":""23.3MiB / 122.8GiB""},{""name"":""lab-erli-stub-tls"",""cpu"":""0.00%"",""mem"":""22.67MiB / 122.8GiB""},{""name"":""lab-wc-tls"",""cpu"":""0.00%"",""mem"":""29.52MiB / 122.8GiB""},{""name"":""lab-prestashop"",""cpu"":""11.27%"",""mem"":""142MiB / 122.8GiB""},{""name"":""lab-woocommerce"",""cpu"":""0.00%"",""mem"":""315.3MiB / 122.8GiB""},{""name"":""lab-redis"",""cpu"":""0.95%"",""mem"":""80.8MiB / 122.8GiB""},{""name"":""lab-postgres"",""cpu"":""36.75%"",""mem"":""247.1MiB / 122.8GiB""},{""name"":""lab-mysql"",""cpu"":""10.84%"",""mem"":""726.5MiB / 122.8GiB""},{""name"":""lab-woocommerce-mysql"",""cpu"":""1.43%"",""mem"":""515.7MiB / 122.8GiB""}]"
2026-09-10T13:53:00Z,3,1,1,47,0,2669516467,"[{""name"":""lab-worker-1"",""cpu"":""11.04%"",""mem"":""139.6MiB / 122.8GiB""},{""name"":""lab-api"",""cpu"":""0.00%"",""mem"":""147MiB / 122.8GiB""},{""name"":""lab-allegro-stub"",""cpu"":""4.47%"",""mem"":""21.43MiB / 122.8GiB""},{""name"":""lab-erli-stub"",""cpu"":""4.16%"",""mem"":""18.06MiB / 122.8GiB""},{""name"":""lab-eparagony-stub"",""cpu"":""0.01%"",""mem"":""20.37MiB / 122.8GiB""},{""name"":""lab-invoicing-stub"",""cpu"":""4.36%"",""mem"":""16.61MiB / 122.8GiB""},{""name"":""lab-shipping-stub"",""cpu"":""3.38%"",""mem"":""16.6MiB / 122.8GiB""},{""name"":""lab-eparagony-stub-tls"",""cpu"":""0.00%"",""mem"":""23.3MiB / 122.8GiB""},{""name"":""lab-erli-stub-tls"",""cpu"":""0.00%"",""mem"":""22.67MiB / 122.8GiB""},{""name"":""lab-wc-tls"",""cpu"":""0.00%"",""mem"":""29.52MiB / 122.8GiB""},{""name"":""lab-prestashop"",""cpu"":""11.33%"",""mem"":""142MiB / 122.8GiB""},{""name"":""lab-woocommerce"",""cpu"":""0.01%"",""mem"":""315.3MiB / 122.8GiB""},{""name"":""lab-redis"",""cpu"":""1.27%"",""mem"":""80.8MiB / 122.8GiB""},{""name"":""lab-postgres"",""cpu"":""34.29%"",""mem"":""244.3MiB / 122.8GiB""},{""name"":""lab-mysql"",""cpu"":""10.23%"",""mem"":""726.5MiB / 122.8GiB""},{""name"":""lab-woocommerce-mysql"",""cpu"":""0.76%"",""mem"":""515.7MiB / 122.8GiB""}]"
2026-09-10T13:53:03Z,3,1,0,47,0,2669516467,"[{""name"":""lab-worker-1"",""cpu"":""9.48%"",""mem"":""139.2MiB / 122.8GiB""},{""name"":""lab-api"",""cpu"":""0.00%"",""mem"":""147MiB / 122.8GiB""},{""name"":""lab-allegro-stub"",""cpu"":""0.00%"",""mem"":""21.43MiB / 122.8GiB""},{""name"":""lab-erli-stub"",""cpu"":""0.00%"",""mem"":""18.05MiB / 122.8GiB""},{""name"":""lab-eparagony-stub"",""cpu"":""0.00%"",""mem"":""20.37MiB / 122.8GiB""},{""name"":""lab-invoicing-stub"",""cpu"":""0.00%"",""mem"":""16.6MiB / 122.8GiB""},{""name"":""lab-shipping-stub"",""cpu"":""0.00%"",""mem"":""16.58MiB / 122.8GiB""},{""name"":""lab-eparagony-stub-tls"",""cpu"":""0.00%"",""mem"":""23.3MiB / 122.8GiB""},{""name"":""lab-erli-stub-tls"",""cpu"":""0.00%"",""mem"":""22.67MiB / 122.8GiB""},{""name"":""lab-wc-tls"",""cpu"":""0.00%"",""mem"":""29.52MiB / 122.8GiB""},{""name"":""lab-prestashop"",""cpu"":""11.14%"",""mem"":""142.2MiB / 122.8GiB""},{""name"":""lab-woocommerce"",""cpu"":""0.00%"",""mem"":""315.3MiB / 122.8GiB""},{""name"":""lab-redis"",""cpu"":""0.84%"",""mem"":""80.8MiB / 122.8GiB""},{""name"":""lab-postgres"",""cpu"":""33.93%"",""mem"":""244.3MiB / 122.8GiB""},{""name"":""lab-mysql"",""cpu"":""11.61%"",""mem"":""727MiB / 122.8GiB""},{""name"":""lab-woocommerce-mysql"",""cpu"":""0.73%"",""mem"":""515.7MiB / 122.8GiB""}]"
2026-09-10T13:53:06Z,3,1,0,47,0,2669524659,"[{""name"":""lab-worker-1"",""cpu"":""10.19%"",""mem"":""140.1MiB / 122.8GiB""},{""name"":""lab-api"",""cpu"":""0.00%"",""mem"":""147MiB / 122.8GiB""},{""name"":""lab-allegro-stub"",""cpu"":""0.00%"",""mem"":""21.43MiB / 122.8GiB""},{""name"":""lab-erli-stub"",""cpu"":""0.00%"",""mem"":""18.05MiB / 122.8GiB""},{""name"":""lab-eparagony-stub"",""cpu"":""0.00%"",""mem"":""20.37MiB / 122.8GiB""},{""name"":""lab-invoicing-stub"",""cpu"":""0.00%"",""mem"":""16.6MiB / 122.8GiB""},{""name"":""lab-shipping-stub"",""cpu"":""0.01%"",""mem"":""16.58MiB / 122.8GiB""},{""name"":""lab-eparagony-stub-tls"",""cpu"":""0.00%"",""mem"":""23.3MiB / 122.8GiB""},{""name"":""lab-erli-stub-tls"",""cpu"":""0.00%"",""mem"":""22.67MiB / 122.8GiB""},{""name"":""lab-wc-tls"",""cpu"":""0.00%"",""mem"":""29.52MiB / 122.8GiB""},{""name"":""lab-prestashop"",""cpu"":""10.37%"",""mem"":""142MiB / 122.8GiB""},{""name"":""lab-woocommerce"",""cpu"":""0.01%"",""mem"":""315.3MiB / 122.8GiB""},{""name"":""lab-redis"",""cpu"":""0.88%"",""mem"":""80.8MiB / 122.8GiB""},{""name"":""lab-postgres"",""cpu"":""36.10%"",""mem"":""244.3MiB / 122.8GiB""},{""name"":""lab-mysql"",""cpu"":""10.87%"",""mem"":""726.5MiB / 122.8GiB""},{""name"":""lab-woocommerce-mysql"",""cpu"":""0.73%"",""mem"":""515.7MiB / 122.8GiB""}]"
2026-09-10T13:53:09Z,3,1,0,47,0,2669524659,"[{""name"":""lab-worker-1"",""cpu"":""8.21%"",""mem"":""139.3MiB / 122.8GiB""},{""name"":""lab-api"",""cpu"":""0.01%"",""mem"":""147.2MiB / 122.8GiB""},{""name"":""lab-allegro-stub"",""cpu"":""0.06%"",""mem"":""21.43MiB / 122.8GiB""},{""name"":""lab-erli-stub"",""cpu"":""4.18%"",""mem"":""18.09MiB / 122.8GiB""},{""name"":""lab-eparagony-stub"",""cpu"":""4.33%"",""mem"":""20.37MiB / 122.8GiB""},{""name"":""lab-invoicing-stub"",""cpu"":""0.00%"",""mem"":""16.6MiB / 122.8GiB""},{""name"":""lab-shipping-stub"",""cpu"":""0.00%"",""mem"":""16.58MiB / 122.8GiB""},{""name"":""lab-eparagony-stub-tls"",""cpu"":""0.00%"",""mem"":""23.3MiB / 122.8GiB""},{""name"":""lab-erli-stub-tls"",""cpu"":""0.00%"",""mem"":""22.67MiB / 122.8GiB""},{""name"":""lab-wc-tls"",""cpu"":""0.00%"",""mem"":""29.52MiB / 122.8GiB""},{""name"":""lab-prestashop"",""cpu"":""10.56%"",""mem"":""142MiB / 122.8GiB""},{""name"":""lab-woocommerce"",""cpu"":""0.00%"",""mem"":""315.3MiB / 122.8GiB""},{""name"":""lab-redis"",""cpu"":""0.87%"",""mem"":""80.8MiB / 122.8GiB""},{""name"":""lab-postgres"",""cpu"":""36.96%"",""mem"":""247.1MiB / 122.8GiB""},{""name"":""lab-mysql"",""cpu"":""9.55%"",""mem"":""726.5MiB / 122.8GiB""},{""name"":""lab-woocommerce-mysql"",""cpu"":""0.71%"",""mem"":""515.7MiB / 122.8GiB""}]"
2026-09-10T13:53:12Z,3,1,0,47,0,2669524659,"[{""name"":""lab-worker-1"",""cpu"":""9.51%"",""mem"":""139.5MiB / 122.8GiB""},{""name"":""lab-api"",""cpu"":""0.00%"",""mem"":""147.2MiB / 122.8GiB""},{""name"":""lab-allegro-stub"",""cpu"":""0.07%"",""mem"":""21.43MiB / 122.8GiB""},{""name"":""lab-erli-stub"",""cpu"":""0.01%"",""mem"":""18.05MiB / 122.8GiB""},{""name"":""lab-eparagony-stub"",""cpu"":""0.00%"",""mem"":""20.37MiB / 122.8GiB""},{""name"":""lab-invoicing-stub"",""cpu"":""0.00%"",""mem"":""16.6MiB / 122.8GiB""},{""name"":""lab-shipping-stub"",""cpu"":""0.00%"",""mem"":""16.58MiB / 122.8GiB""},{""name"":""lab-eparagony-stub-tls"",""cpu"":""0.00%"",""mem"":""23.3MiB / 122.8GiB""},{""name"":""lab-erli-stub-tls"",""cpu"":""0.00%"",""mem"":""22.67MiB / 122.8GiB""},{""name"":""lab-wc-tls"",""cpu"":""0.00%"",""mem"":""29.52MiB / 122.8GiB""},{""name"":""lab-prestashop"",""cpu"":""17.07%"",""mem"":""140MiB / 122.8GiB""},{""name"":""lab-woocommerce"",""cpu"":""0.01%"",""mem"":""315.3MiB / 122.8GiB""},{""name"":""lab-redis"",""cpu"":""0.78%"",""mem"":""80.8MiB / 122.8GiB""},{""name"":""lab-postgres"",""cpu"":""36.19%"",""mem"":""247.1MiB / 122.8GiB""},{""name"":""lab-mysql"",""cpu"":""10.52%"",""mem"":""726.5MiB / 122.8GiB""},{""name"":""lab-woocommerce-mysql"",""cpu"":""0.75%"",""mem"":""515.7MiB / 122.8GiB""}]"
2026-09-10T13:53:16Z,3,0,0,47,0,2669532851,"[{""name"":""lab-worker-1"",""cpu"":""3.26%"",""mem"":""139MiB / 122.8GiB""},{""name"":""lab-api"",""cpu"":""0.00%"",""mem"":""147.2MiB / 122.8GiB""},{""name"":""lab-allegro-stub"",""cpu"":""4.40%"",""mem"":""21.47MiB / 122.8GiB""},{""name"":""lab-erli-stub"",""cpu"":""0.01%"",""mem"":""18.05MiB / 122.8GiB""},{""name"":""lab-eparagony-stub"",""cpu"":""0.01%"",""mem"":""20.37MiB / 122.8GiB""},{""name"":""lab-invoicing-stub"",""cpu"":""4.33%"",""mem"":""16.6MiB / 122.8GiB""},{""name"":""lab-shipping-stub"",""cpu"":""3.98%"",""mem"":""16.58MiB / 122.8GiB""},{""name"":""lab-eparagony-stub-tls"",""cpu"":""0.00%"",""mem"":""23.3MiB / 122.8GiB""},{""name"":""lab-erli-stub-tls"",""cpu"":""0.00%"",""mem"":""22.67MiB / 122.8GiB""},{""name"":""lab-wc-tls"",""cpu"":""0.00%"",""mem"":""29.52MiB / 122.8GiB""},{""name"":""lab-prestashop"",""cpu"":""7.71%"",""mem"":""140MiB / 122.8GiB""},{""name"":""lab-woocommerce"",""cpu"":""0.01%"",""mem"":""315.3MiB / 122.8GiB""},{""name"":""lab-redis"",""cpu"":""4.74%"",""mem"":""80.8MiB / 122.8GiB""},{""name"":""lab-postgres"",""cpu"":""31.61%"",""mem"":""247.1MiB / 122.8GiB""},{""name"":""lab-mysql"",""cpu"":""6.56%"",""mem"":""726.5MiB / 122.8GiB""},{""name"":""lab-woocommerce-mysql"",""cpu"":""0.79%"",""mem"":""515.7MiB / 122.8GiB""}]"
2026-09-10T13:53:19Z,4,0,0,47,0,2669532851,"[{""name"":""lab-worker-1"",""cpu"":""6.40%"",""mem"":""139.1MiB / 122.8GiB""},{""name"":""lab-api"",""cpu"":""0.88%"",""mem"":""147.2MiB / 122.8GiB""},{""name"":""lab-allegro-stub"",""cpu"":""0.04%"",""mem"":""21.43MiB / 122.8GiB""},{""name"":""lab-erli-stub"",""cpu"":""0.00%"",""mem"":""18.05MiB / 122.8GiB""},{""name"":""lab-eparagony-stub"",""cpu"":""0.00%"",""mem"":""20.37MiB / 122.8GiB""},{""name"":""lab-invoicing-stub"",""cpu"":""0.00%"",""mem"":""16.6MiB / 122.8GiB""},{""name"":""lab-shipping-stub"",""cpu"":""0.00%"",""mem"":""16.58MiB / 122.8GiB""},{""name"":""lab-eparagony-stub-tls"",""cpu"":""0.00%"",""mem"":""23.3MiB / 122.8GiB""},{""name"":""lab-erli-stub-tls"",""cpu"":""0.00%"",""mem"":""22.67MiB / 122.8GiB""},{""name"":""lab-wc-tls"",""cpu"":""0.00%"",""mem"":""29.52MiB / 122.8GiB""},{""name"":""lab-prestashop"",""cpu"":""8.50%"",""mem"":""142MiB / 122.8GiB""},{""name"":""lab-woocommerce"",""cpu"":""0.00%"",""mem"":""317.3MiB / 122.8GiB""},{""name"":""lab-redis"",""cpu"":""0.97%"",""mem"":""80.8MiB / 122.8GiB""},{""name"":""lab-postgres"",""cpu"":""34.20%"",""mem"":""243.5MiB / 122.8GiB""},{""name"":""lab-mysql"",""cpu"":""8.79%"",""mem"":""726.5MiB / 122.8GiB""},{""name"":""lab-woocommerce-mysql"",""cpu"":""0.71%"",""mem"":""515.7MiB / 122.8GiB""}]"
2026-09-10T13:53:22Z,3,0,0,47,0,2669549235,"[{""name"":""lab-worker-1"",""cpu"":""4.96%"",""mem"":""139.9MiB / 122.8GiB""},{""name"":""lab-api"",""cpu"":""0.00%"",""mem"":""147.2MiB / 122.8GiB""},{""name"":""lab-allegro-stub"",""cpu"":""0.00%"",""mem"":""21.43MiB / 122.8GiB""},{""name"":""lab-erli-stub"",""cpu"":""0.00%"",""mem"":""18.06MiB / 122.8GiB""},{""name"":""lab-eparagony-stub"",""cpu"":""0.00%"",""mem"":""20.37MiB / 122.8GiB""},{""name"":""lab-invoicing-stub"",""cpu"":""0.00%"",""mem"":""16.6MiB / 122.8GiB""},{""name"":""lab-shipping-stub"",""cpu"":""0.00%"",""mem"":""16.58MiB / 122.8GiB""},{""name"":""lab-eparagony-stub-tls"",""cpu"":""0.00%"",""mem"":""23.3MiB / 122.8GiB""},{""name"":""lab-erli-stub-tls"",""cpu"":""0.00%"",""mem"":""22.67MiB / 122.8GiB""},{""name"":""lab-wc-tls"",""cpu"":""0.00%"",""mem"":""29.52MiB / 122.8GiB""},{""name"":""lab-prestashop"",""cpu"":""6.27%"",""mem"":""142MiB / 122.8GiB""},{""name"":""lab-woocommerce"",""cpu"":""0.00%"",""mem"":""317.3MiB / 122.8GiB""},{""name"":""lab-redis"",""cpu"":""0.59%"",""mem"":""80.8MiB / 122.8GiB""},{""name"":""lab-postgres"",""cpu"":""34.30%"",""mem"":""243.6MiB / 122.8GiB""},{""name"":""lab-mysql"",""cpu"":""6.71%"",""mem"":""726.5MiB / 122.8GiB""},{""name"":""lab-woocommerce-mysql"",""cpu"":""0.77%"",""mem"":""515.7MiB / 122.8GiB""}]"
2026-09-10T13:53:25Z,3,0,0,47,0,2669549235,"[{""name"":""lab-worker-1"",""cpu"":""4.48%"",""mem"":""139MiB / 122.8GiB""},{""name"":""lab-api"",""cpu"":""0.00%"",""mem"":""147.2MiB / 122.8GiB""},{""name"":""lab-allegro-stub"",""cpu"":""4.11%"",""mem"":""21.55MiB / 122.8GiB""},{""name"":""lab-erli-stub"",""cpu"":""3.98%"",""mem"":""18.06MiB / 122.8GiB""},{""name"":""lab-eparagony-stub"",""cpu"":""0.01%"",""mem"":""20.37MiB / 122.8GiB""},{""name"":""lab-invoicing-stub"",""cpu"":""3.74%"",""mem"":""16.63MiB / 122.8GiB""},{""name"":""lab-shipping-stub"",""cpu"":""3.92%"",""mem"":""16.59MiB / 122.8GiB""},{""name"":""lab-eparagony-stub-tls"",""cpu"":""0.00%"",""mem"":""23.3MiB / 122.8GiB""},{""name"":""lab-erli-stub-tls"",""cpu"":""0.00%"",""mem"":""22.67MiB / 122.8GiB""},{""name"":""lab-wc-tls"",""cpu"":""0.00%"",""mem"":""29.52MiB / 122.8GiB""},{""name"":""lab-prestashop"",""cpu"":""6.28%"",""mem"":""142MiB / 122.8GiB""},{""name"":""lab-woocommerce"",""cpu"":""0.00%"",""mem"":""317.3MiB / 122.8GiB""},{""name"":""lab-redis"",""cpu"":""4.65%"",""mem"":""80.91MiB / 122.8GiB""},{""name"":""lab-postgres"",""cpu"":""33.78%"",""mem"":""243.5MiB / 122.8GiB""},{""name"":""lab-mysql"",""cpu"":""5.81%"",""mem"":""726.5MiB / 122.8GiB""},{""name"":""lab-woocommerce-mysql"",""cpu"":""0.67%"",""mem"":""515.7MiB / 122.8GiB""}]"
2026-09-10T13:53:28Z,3,0,0,47,0,2669549235,"[{""name"":""lab-worker-1"",""cpu"":""5.22%"",""mem"":""139MiB / 122.8GiB""},{""name"":""lab-api"",""cpu"":""0.92%"",""mem"":""147.3MiB / 122.8GiB""},{""name"":""lab-allegro-stub"",""cpu"":""0.00%"",""mem"":""21.43MiB / 122.8GiB""},{""name"":""lab-erli-stub"",""cpu"":""0.00%"",""mem"":""18.05MiB / 122.8GiB""},{""name"":""lab-eparagony-stub"",""cpu"":""0.00%"",""mem"":""20.37MiB / 122.8GiB""},{""name"":""lab-invoicing-stub"",""cpu"":""0.00%"",""mem"":""16.6MiB / 122.8GiB""},{""name"":""lab-shipping-stub"",""cpu"":""0.00%"",""mem"":""16.58MiB / 122.8GiB""},{""name"":""lab-eparagony-stub-tls"",""cpu"":""0.00%"",""mem"":""23.3MiB / 122.8GiB""},{""name"":""lab-erli-stub-tls"",""cpu"":""0.00%"",""mem"":""22.67MiB / 122.8GiB""},{""name"":""lab-wc-tls"",""cpu"":""0.00%"",""mem"":""29.52MiB / 122.8GiB""},{""name"":""lab-prestashop"",""cpu"":""8.83%"",""mem"":""142MiB / 122.8GiB""},{""name"":""lab-woocommerce"",""cpu"":""0.00%"",""mem"":""317.3MiB / 122.8GiB""},{""name"":""lab-redis"",""cpu"":""0.83%"",""mem"":""80.8MiB / 122.8GiB""},{""name"":""lab-postgres"",""cpu"":""37.49%"",""mem"":""243.6MiB / 122.8GiB""},{""name"":""lab-mysql"",""cpu"":""12.25%"",""mem"":""726.5MiB / 122.8GiB""},{""name"":""lab-woocommerce-mysql"",""cpu"":""0.73%"",""mem"":""515.7MiB / 122.8GiB""}]"
2026-09-10T13:53:31Z,3,0,0,47,0,2669549235,"[{""name"":""lab-worker-1"",""cpu"":""6.54%"",""mem"":""139.8MiB / 122.8GiB""},{""name"":""lab-api"",""cpu"":""0.00%"",""mem"":""147.3MiB / 122.8GiB""},{""name"":""lab-allegro-stub"",""cpu"":""0.01%"",""mem"":""21.43MiB / 122.8GiB""},{""name"":""lab-erli-stub"",""cpu"":""0.00%"",""mem"":""18.05MiB / 122.8GiB""},{""name"":""lab-eparagony-stub"",""cpu"":""0.00%"",""mem"":""20.37MiB / 122.8GiB""},{""name"":""lab-invoicing-stub"",""cpu"":""0.01%"",""mem"":""16.6MiB / 122.8GiB""},{""name"":""lab-shipping-stub"",""cpu"":""0.01%"",""mem"":""16.58MiB / 122.8GiB""},{""name"":""lab-eparagony-stub-tls"",""cpu"":""0.00%"",""mem"":""23.3MiB / 122.8GiB""},{""name"":""lab-erli-stub-tls"",""cpu"":""0.00%"",""mem"":""22.67MiB / 122.8GiB""},{""name"":""lab-wc-tls"",""cpu"":""0.00%"",""mem"":""29.52MiB / 122.8GiB""},{""name"":""lab-prestashop"",""cpu"":""12.48%"",""mem"":""142MiB / 122.8GiB""},{""name"":""lab-woocommerce"",""cpu"":""0.00%"",""mem"":""317.3MiB / 122.8GiB""},{""name"":""lab-redis"",""cpu"":""0.99%"",""mem"":""80.8MiB / 122.8GiB""},{""name"":""lab-postgres"",""cpu"":""32.39%"",""mem"":""243.5MiB / 122.8GiB""},{""name"":""lab-mysql"",""cpu"":""13.94%"",""mem"":""726.5MiB / 122.8GiB""},{""name"":""lab-woocommerce-mysql"",""cpu"":""4.94%"",""mem"":""515.7MiB / 122.8GiB""}]"
2026-09-10T13:53:34Z,3,0,0,47,0,2669549235,"[{""name"":""lab-worker-1"",""cpu"":""4.68%"",""mem"":""139.2MiB / 122.8GiB""},{""name"":""lab-api"",""cpu"":""0.01%"",""mem"":""147.3MiB / 122.8GiB""},{""name"":""lab-allegro-stub"",""cpu"":""0.00%"",""mem"":""21.43MiB / 122.8GiB""},{""name"":""lab-erli-stub"",""cpu"":""0.00%"",""mem"":""18.05MiB / 122.8GiB""},{""name"":""lab-eparagony-stub"",""cpu"":""4.20%"",""mem"":""20.43MiB / 122.8GiB""},{""name"":""lab-invoicing-stub"",""cpu"":""0.00%"",""mem"":""16.6MiB / 122.8GiB""},{""name"":""lab-shipping-stub"",""cpu"":""0.00%"",""mem"":""16.58MiB / 122.8GiB""},{""name"":""lab-eparagony-stub-tls"",""cpu"":""0.00%"",""mem"":""23.3MiB / 122.8GiB""},{""name"":""lab-erli-stub-tls"",""cpu"":""0.00%"",""mem"":""22.67MiB / 122.8GiB""},{""name"":""lab-wc-tls"",""cpu"":""0.00%"",""mem"":""29.52MiB / 122.8GiB""},{""name"":""lab-prestashop"",""cpu"":""6.32%"",""mem"":""142MiB / 122.8GiB""},{""name"":""lab-woocommerce"",""cpu"":""0.01%"",""mem"":""317.3MiB / 122.8GiB""},{""name"":""lab-redis"",""cpu"":""0.58%"",""mem"":""80.81MiB / 122.8GiB""},{""name"":""lab-postgres"",""cpu"":""33.24%"",""mem"":""243.5MiB / 122.8GiB""},{""name"":""lab-mysql"",""cpu"":""6.02%"",""mem"":""726.5MiB / 122.8GiB""},{""name"":""lab-woocommerce-mysql"",""cpu"":""0.70%"",""mem"":""515.7MiB / 122.8GiB""}]"
2026-09-10T13:53:37Z,3,0,0,47,0,2669549235,"[{""name"":""lab-worker-1"",""cpu"":""4.04%"",""mem"":""139MiB / 122.8GiB""},{""name"":""lab-api"",""cpu"":""0.00%"",""mem"":""147.3MiB / 122.8GiB""},{""name"":""lab-allegro-stub"",""cpu"":""0.00%"",""mem"":""21.43MiB / 122.8GiB""},{""name"":""lab-erli-stub"",""cpu"":""0.00%"",""mem"":""18.05MiB / 122.8GiB""},{""name"":""lab-eparagony-stub"",""cpu"":""0.00%"",""mem"":""20.37MiB / 122.8GiB""},{""name"":""lab-invoicing-stub"",""cpu"":""0.00%"",""mem"":""16.6MiB / 122.8GiB""},{""name"":""lab-shipping-stub"",""cpu"":""0.00%"",""mem"":""16.58MiB / 122.8GiB""},{""name"":""lab-eparagony-stub-tls"",""cpu"":""0.00%"",""mem"":""23.3MiB / 122.8GiB""},{""name"":""lab-erli-stub-tls"",""cpu"":""0.00%"",""mem"":""22.67MiB / 122.8GiB""},{""name"":""lab-wc-tls"",""cpu"":""0.00%"",""mem"":""29.52MiB / 122.8GiB""},{""name"":""lab-prestashop"",""cpu"":""6.47%"",""mem"":""142MiB / 122.8GiB""},{""name"":""lab-woocommerce"",""cpu"":""0.01%"",""mem"":""317.3MiB / 122.8GiB""},{""name"":""lab-redis"",""cpu"":""0.52%"",""mem"":""80.8MiB / 122.8GiB""},{""name"":""lab-postgres"",""cpu"":""37.72%"",""mem"":""243.8MiB / 122.8GiB""},{""name"":""lab-mysql"",""cpu"":""6.49%"",""mem"":""726.5MiB / 122.8GiB""},{""name"":""lab-woocommerce-mysql"",""cpu"":""0.82%"",""mem"":""515.7MiB / 122.8GiB""}]"
2026-09-10T13:53:40Z,3,0,0,47,0,2669549235,"[{""name"":""lab-worker-1"",""cpu"":""6.49%"",""mem"":""139MiB / 122.8GiB""},{""name"":""lab-api"",""cpu"":""0.00%"",""mem"":""147.3MiB / 122.8GiB""},{""name"":""lab-allegro-stub"",""cpu"":""3.98%"",""mem"":""21.43MiB / 122.8GiB""},{""name"":""lab-erli-stub"",""cpu"":""1.01%"",""mem"":""18.05MiB / 122.8GiB""},{""name"":""lab-eparagony-stub"",""cpu"":""0.01%"",""mem"":""20.37MiB / 122.8GiB""},{""name"":""lab-invoicing-stub"",""cpu"":""4.00%"",""mem"":""16.6MiB / 122.8GiB""},{""name"":""lab-shipping-stub"",""cpu"":""3.98%"",""mem"":""16.58MiB / 122.8GiB""},{""name"":""lab-eparagony-stub-tls"",""cpu"":""0.00%"",""mem"":""23.3MiB / 122.8GiB""},{""name"":""lab-erli-stub-tls"",""cpu"":""0.00%"",""mem"":""22.67MiB / 122.8GiB""},{""name"":""lab-wc-tls"",""cpu"":""0.00%"",""mem"":""29.52MiB / 122.8GiB""},{""name"":""lab-prestashop"",""cpu"":""8.08%"",""mem"":""142.2MiB / 122.8GiB""},{""name"":""lab-woocommerce"",""cpu"":""0.01%"",""mem"":""317.3MiB / 122.8GiB""},{""name"":""lab-redis"",""cpu"":""0.65%"",""mem"":""80.8MiB / 122.8GiB""},{""name"":""lab-postgres"",""cpu"":""34.24%"",""mem"":""243.6MiB / 122.8GiB""},{""name"":""lab-mysql"",""cpu"":""7.30%"",""mem"":""726.5MiB / 122.8GiB""},{""name"":""lab-woocommerce-mysql"",""cpu"":""0.74%"",""mem"":""515.7MiB / 122.8GiB""}]"
2026-09-10T13:53:44Z,4,0,0,47,0,2669549235,"[{""name"":""lab-worker-1"",""cpu"":""5.13%"",""mem"":""139MiB / 122.8GiB""},{""name"":""lab-api"",""cpu"":""0.00%"",""mem"":""147.3MiB / 122.8GiB""},{""name"":""lab-allegro-stub"",""cpu"":""0.00%"",""mem"":""21.43MiB / 122.8GiB""},{""name"":""lab-erli-stub"",""cpu"":""0.00%"",""mem"":""18.05MiB / 122.8GiB""},{""name"":""lab-eparagony-stub"",""cpu"":""0.00%"",""mem"":""20.37MiB / 122.8GiB""},{""name"":""lab-invoicing-stub"",""cpu"":""0.00%"",""mem"":""16.6MiB / 122.8GiB""},{""name"":""lab-shipping-stub"",""cpu"":""0.00%"",""mem"":""16.58MiB / 122.8GiB""},{""name"":""lab-eparagony-stub-tls"",""cpu"":""0.00%"",""mem"":""23.3MiB / 122.8GiB""},{""name"":""lab-erli-stub-tls"",""cpu"":""0.00%"",""mem"":""22.67MiB / 122.8GiB""},{""name"":""lab-wc-tls"",""cpu"":""0.00%"",""mem"":""29.52MiB / 122.8GiB""},{""name"":""lab-prestashop"",""cpu"":""8.39%"",""mem"":""139.9MiB / 122.8GiB""},{""name"":""lab-woocommerce"",""cpu"":""0.01%"",""mem"":""317.3MiB / 122.8GiB""},{""name"":""lab-redis"",""cpu"":""0.74%"",""mem"":""80.8MiB / 122.8GiB""},{""name"":""lab-postgres"",""cpu"":""33.78%"",""mem"":""243.6MiB / 122.8GiB""},{""name"":""lab-mysql"",""cpu"":""7.73%"",""mem"":""726.5MiB / 122.8GiB""},{""name"":""lab-woocommerce-mysql"",""cpu"":""0.79%"",""mem"":""515.7MiB / 122.8GiB""}]"
2026-09-10T13:53:47Z,3,0,0,47,0,2669557427,"[{""name"":""lab-worker-1"",""cpu"":""4.67%"",""mem"":""139.3MiB / 122.8GiB""},{""name"":""lab-api"",""cpu"":""0.00%"",""mem"":""147.3MiB / 122.8GiB""},{""name"":""lab-allegro-stub"",""cpu"":""0.00%"",""mem"":""21.43MiB / 122.8GiB""},{""name"":""lab-erli-stub"",""cpu"":""0.00%"",""mem"":""18.05MiB / 122.8GiB""},{""name"":""lab-eparagony-stub"",""cpu"":""0.00%"",""mem"":""20.37MiB / 122.8GiB""},{""name"":""lab-invoicing-stub"",""cpu"":""0.00%"",""mem"":""16.6MiB / 122.8GiB""},{""name"":""lab-shipping-stub"",""cpu"":""0.00%"",""mem"":""16.58MiB / 122.8GiB""},{""name"":""lab-eparagony-stub-tls"",""cpu"":""0.00%"",""mem"":""23.3MiB / 122.8GiB""},{""name"":""lab-erli-stub-tls"",""cpu"":""0.00%"",""mem"":""22.67MiB / 122.8GiB""},{""name"":""lab-wc-tls"",""cpu"":""0.00%"",""mem"":""29.52MiB / 122.8GiB""},{""name"":""lab-prestashop"",""cpu"":""7.50%"",""mem"":""139.9MiB / 122.8GiB""},{""name"":""lab-woocommerce"",""cpu"":""0.01%"",""mem"":""317.3MiB / 122.8GiB""},{""name"":""lab-redis"",""cpu"":""0.68%"",""mem"":""80.8MiB / 122.8GiB""},{""name"":""lab-postgres"",""cpu"":""31.93%"",""mem"":""243.6MiB / 122.8GiB""},{""name"":""lab-mysql"",""cpu"":""7.81%"",""mem"":""726.5MiB / 122.8GiB""},{""name"":""lab-woocommerce-mysql"",""cpu"":""0.74%"",""mem"":""515.7MiB / 122.8GiB""}]"
2026-09-10T13:53:50Z,3,1,0,47,0,2669565619,"[{""name"":""lab-worker-1"",""cpu"":""6.25%"",""mem"":""139MiB / 122.8GiB""},{""name"":""lab-api"",""cpu"":""0.00%"",""mem"":""147.4MiB / 122.8GiB""},{""name"":""lab-allegro-stub"",""cpu"":""0.00%"",""mem"":""21.43MiB / 122.8GiB""},{""name"":""lab-erli-stub"",""cpu"":""4.17%"",""mem"":""18.11MiB / 122.8GiB""},{""name"":""lab-eparagony-stub"",""cpu"":""4.04%"",""mem"":""20.37MiB / 122.8GiB""},{""name"":""lab-invoicing-stub"",""cpu"":""0.00%"",""mem"":""16.6MiB / 122.8GiB""},{""name"":""lab-shipping-stub"",""cpu"":""0.00%"",""mem"":""16.58MiB / 122.8GiB""},{""name"":""lab-eparagony-stub-tls"",""cpu"":""0.00%"",""mem"":""23.3MiB / 122.8GiB""},{""name"":""lab-erli-stub-tls"",""cpu"":""0.00%"",""mem"":""22.67MiB / 122.8GiB""},{""name"":""lab-wc-tls"",""cpu"":""0.00%"",""mem"":""29.52MiB / 122.8GiB""},{""name"":""lab-prestashop"",""cpu"":""13.74%"",""mem"":""139.9MiB / 122.8GiB""},{""name"":""lab-woocommerce"",""cpu"":""0.01%"",""mem"":""315.3MiB / 122.8GiB""},{""name"":""lab-redis"",""cpu"":""1.21%"",""mem"":""80.8MiB / 122.8GiB""},{""name"":""lab-postgres"",""cpu"":""29.74%"",""mem"":""242.7MiB / 122.8GiB""},{""name"":""lab-mysql"",""cpu"":""15.73%"",""mem"":""726.5MiB / 122.8GiB""},{""name"":""lab-woocommerce-mysql"",""cpu"":""0.72%"",""mem"":""515.7MiB / 122.8GiB""}]"
2026-09-10T13:53:53Z,3,0,0,47,0,2669565619,"[{""name"":""lab-worker-1"",""cpu"":""3.42%"",""mem"":""139MiB / 122.8GiB""},{""name"":""lab-api"",""cpu"":""0.00%"",""mem"":""147.4MiB / 122.8GiB""},{""name"":""lab-allegro-stub"",""cpu"":""0.00%"",""mem"":""21.43MiB / 122.8GiB""},{""name"":""lab-erli-stub"",""cpu"":""0.00%"",""mem"":""18.05MiB / 122.8GiB""},{""name"":""lab-eparagony-stub"",""cpu"":""0.00%"",""mem"":""20.37MiB / 122.8GiB""},{""name"":""lab-invoicing-stub"",""cpu"":""0.00%"",""mem"":""16.61MiB / 122.8GiB""},{""name"":""lab-shipping-stub"",""cpu"":""0.00%"",""mem"":""16.58MiB / 122.8GiB""},{""name"":""lab-eparagony-stub-tls"",""cpu"":""0.00%"",""mem"":""23.3MiB / 122.8GiB""},{""name"":""lab-erli-stub-tls"",""cpu"":""0.00%"",""mem"":""22.67MiB / 122.8GiB""},{""name"":""lab-wc-tls"",""cpu"":""0.00%"",""mem"":""29.52MiB / 122.8GiB""},{""name"":""lab-prestashop"",""cpu"":""7.60%"",""mem"":""140.2MiB / 122.8GiB""},{""name"":""lab-woocommerce"",""cpu"":""0.00%"",""mem"":""315.3MiB / 122.8GiB""},{""name"":""lab-redis"",""cpu"":""0.66%"",""mem"":""80.8MiB / 122.8GiB""},{""name"":""lab-postgres"",""cpu"":""32.93%"",""mem"":""242.7MiB / 122.8GiB""},{""name"":""lab-mysql"",""cpu"":""7.09%"",""mem"":""726.5MiB / 122.8GiB""},{""name"":""lab-woocommerce-mysql"",""cpu"":""0.78%"",""mem"":""515.7MiB / 122.8GiB""}]"
2026-09-10T13:53:56Z,3,0,0,47,0,2669573811,"[{""name"":""lab-worker-1"",""cpu"":""4.61%"",""mem"":""139.1MiB / 122.8GiB""},{""name"":""lab-api"",""cpu"":""0.00%"",""mem"":""147.4MiB / 122.8GiB""},{""name"":""lab-allegro-stub"",""cpu"":""0.01%"",""mem"":""21.43MiB / 122.8GiB""},{""name"":""lab-erli-stub"",""cpu"":""0.01%"",""mem"":""18.05MiB / 122.8GiB""},{""name"":""lab-eparagony-stub"",""cpu"":""0.00%"",""mem"":""20.37MiB / 122.8GiB""},{""name"":""lab-invoicing-stub"",""cpu"":""0.02%"",""mem"":""16.6MiB / 122.8GiB""},{""name"":""lab-shipping-stub"",""cpu"":""0.99%"",""mem"":""16.58MiB / 122.8GiB""},{""name"":""lab-eparagony-stub-tls"",""cpu"":""0.00%"",""mem"":""23.3MiB / 122.8GiB""},{""name"":""lab-erli-stub-tls"",""cpu"":""0.00%"",""mem"":""22.67MiB / 122.8GiB""},{""name"":""lab-wc-tls"",""cpu"":""0.00%"",""mem"":""29.52MiB / 122.8GiB""},{""name"":""lab-prestashop"",""cpu"":""8.40%"",""mem"":""139.9MiB / 122.8GiB""},{""name"":""lab-woocommerce"",""cpu"":""0.00%"",""mem"":""315.3MiB / 122.8GiB""},{""name"":""lab-redis"",""cpu"":""1.01%"",""mem"":""80.8MiB / 122.8GiB""},{""name"":""lab-postgres"",""cpu"":""33.09%"",""mem"":""242.7MiB / 122.8GiB""},{""name"":""lab-mysql"",""cpu"":""8.09%"",""mem"":""726.5MiB / 122.8GiB""},{""name"":""lab-woocommerce-mysql"",""cpu"":""0.81%"",""mem"":""515.7MiB / 122.8GiB""}]"
2026-09-10T13:53:59Z,3,0,0,47,0,2669573811,"[{""name"":""lab-worker-1"",""cpu"":""5.34%"",""mem"":""139.1MiB / 122.8GiB""},{""name"":""lab-api"",""cpu"":""0.01%"",""mem"":""147.5MiB / 122.8GiB""},{""name"":""lab-allegro-stub"",""cpu"":""0.09%"",""mem"":""21.43MiB / 122.8GiB""},{""name"":""lab-erli-stub"",""cpu"":""0.00%"",""mem"":""18.05MiB / 122.8GiB""},{""name"":""lab-eparagony-stub"",""cpu"":""4.02%"",""mem"":""20.47MiB / 122.8GiB""},{""name"":""lab-invoicing-stub"",""cpu"":""0.00%"",""mem"":""16.6MiB / 122.8GiB""},{""name"":""lab-shipping-stub"",""cpu"":""0.00%"",""mem"":""16.58MiB / 122.8GiB""},{""name"":""lab-eparagony-stub-tls"",""cpu"":""0.00%"",""mem"":""23.3MiB / 122.8GiB""},{""name"":""lab-erli-stub-tls"",""cpu"":""0.00%"",""mem"":""22.67MiB / 122.8GiB""},{""name"":""lab-wc-tls"",""cpu"":""0.00%"",""mem"":""29.52MiB / 122.8GiB""},{""name"":""lab-prestashop"",""cpu"":""7.64%"",""mem"":""139.9MiB / 122.8GiB""},{""name"":""lab-woocommerce"",""cpu"":""0.00%"",""mem"":""315.3MiB / 122.8GiB""},{""name"":""lab-redis"",""cpu"":""0.82%"",""mem"":""80.8MiB / 122.8GiB""},{""name"":""lab-postgres"",""cpu"":""33.17%"",""mem"":""242.7MiB / 122.8GiB""},{""name"":""lab-mysql"",""cpu"":""8.08%"",""mem"":""726.5MiB / 122.8GiB""},{""name"":""lab-woocommerce-mysql"",""cpu"":""0.74%"",""mem"":""515.7MiB / 122.8GiB""}]"
2026-09-10T13:54:02Z,3,0,0,47,0,2669573811,"[{""name"":""lab-worker-1"",""cpu"":""4.41%"",""mem"":""139MiB / 122.8GiB""},{""name"":""lab-api"",""cpu"":""0.00%"",""mem"":""147.5MiB / 122.8GiB""},{""name"":""lab-allegro-stub"",""cpu"":""0.04%"",""mem"":""21.43MiB / 122.8GiB""},{""name"":""lab-erli-stub"",""cpu"":""0.00%"",""mem"":""18.05MiB / 122.8GiB""},{""name"":""lab-eparagony-stub"",""cpu"":""0.00%"",""mem"":""20.37MiB / 122.8GiB""},{""name"":""lab-invoicing-stub"",""cpu"":""0.00%"",""mem"":""16.6MiB / 122.8GiB""},{""name"":""lab-shipping-stub"",""cpu"":""0.00%"",""mem"":""16.58MiB / 122.8GiB""},{""name"":""lab-eparagony-stub-tls"",""cpu"":""0.00%"",""mem"":""23.3MiB / 122.8GiB""},{""name"":""lab-erli-stub-tls"",""cpu"":""0.00%"",""mem"":""22.67MiB / 122.8GiB""},{""name"":""lab-wc-tls"",""cpu"":""0.00%"",""mem"":""29.52MiB / 122.8GiB""},{""name"":""lab-prestashop"",""cpu"":""9.65%"",""mem"":""139.9MiB / 122.8GiB""},{""name"":""lab-woocommerce"",""cpu"":""0.00%"",""mem"":""315.3MiB / 122.8GiB""},{""name"":""lab-redis"",""cpu"":""0.70%"",""mem"":""80.8MiB / 122.8GiB""},{""name"":""lab-postgres"",""cpu"":""34.79%"",""mem"":""242.7MiB / 122.8GiB""},{""name"":""lab-mysql"",""cpu"":""8.52%"",""mem"":""726.5MiB / 122.8GiB""},{""name"":""lab-woocommerce-mysql"",""cpu"":""0.77%"",""mem"":""515.7MiB / 122.8GiB""}]"
2026-09-10T13:54:05Z,3,0,0,47,0,2669590195,"[{""name"":""lab-worker-1"",""cpu"":""4.85%"",""mem"":""139MiB / 122.8GiB""},{""name"":""lab-api"",""cpu"":""0.00%"",""mem"":""147.5MiB / 122.8GiB""},{""name"":""lab-allegro-stub"",""cpu"":""3.78%"",""mem"":""21.45MiB / 122.8GiB""},{""name"":""lab-erli-stub"",""cpu"":""3.45%"",""mem"":""18.05MiB / 122.8GiB""},{""name"":""lab-eparagony-stub"",""cpu"":""0.01%"",""mem"":""20.37MiB / 122.8GiB""},{""name"":""lab-invoicing-stub"",""cpu"":""4.05%"",""mem"":""16.64MiB / 122.8GiB""},{""name"":""lab-shipping-stub"",""cpu"":""4.93%"",""mem"":""16.59MiB / 122.8GiB""},{""name"":""lab-eparagony-stub-tls"",""cpu"":""0.00%"",""mem"":""23.3MiB / 122.8GiB""},{""name"":""lab-erli-stub-tls"",""cpu"":""0.00%"",""mem"":""22.67MiB / 122.8GiB""},{""name"":""lab-wc-tls"",""cpu"":""0.00%"",""mem"":""29.52MiB / 122.8GiB""},{""name"":""lab-prestashop"",""cpu"":""8.11%"",""mem"":""139.9MiB / 122.8GiB""},{""name"":""lab-woocommerce"",""cpu"":""0.01%"",""mem"":""315.3MiB / 122.8GiB""},{""name"":""lab-redis"",""cpu"":""4.62%"",""mem"":""80.82MiB / 122.8GiB""},{""name"":""lab-postgres"",""cpu"":""30.45%"",""mem"":""242.7MiB / 122.8GiB""},{""name"":""lab-mysql"",""cpu"":""7.25%"",""mem"":""726.5MiB / 122.8GiB""},{""name"":""lab-woocommerce-mysql"",""cpu"":""0.66%"",""mem"":""515.7MiB / 122.8GiB""}]"
2026-09-10T13:54:09Z,3,0,0,47,0,2669598387,"[{""name"":""lab-worker-1"",""cpu"":""5.71%"",""mem"":""138.9MiB / 122.8GiB""},{""name"":""lab-api"",""cpu"":""0.79%"",""mem"":""147.6MiB / 122.8GiB""},{""name"":""lab-allegro-stub"",""cpu"":""0.04%"",""mem"":""21.43MiB / 122.8GiB""},{""name"":""lab-erli-stub"",""cpu"":""0.00%"",""mem"":""18.05MiB / 122.8GiB""},{""name"":""lab-eparagony-stub"",""cpu"":""0.00%"",""mem"":""20.37MiB / 122.8GiB""},{""name"":""lab-invoicing-stub"",""cpu"":""0.00%"",""mem"":""16.6MiB / 122.8GiB""},{""name"":""lab-shipping-stub"",""cpu"":""0.00%"",""mem"":""16.58MiB / 122.8GiB""},{""name"":""lab-eparagony-stub-tls"",""cpu"":""0.00%"",""mem"":""23.3MiB / 122.8GiB""},{""name"":""lab-erli-stub-tls"",""cpu"":""0.00%"",""mem"":""22.67MiB / 122.8GiB""},{""name"":""lab-wc-tls"",""cpu"":""0.00%"",""mem"":""29.52MiB / 122.8GiB""},{""name"":""lab-prestashop"",""cpu"":""8.15%"",""mem"":""139.9MiB / 122.8GiB""},{""name"":""lab-woocommerce"",""cpu"":""0.00%"",""mem"":""315.3MiB / 122.8GiB""},{""name"":""lab-redis"",""cpu"":""0.83%"",""mem"":""80.8MiB / 122.8GiB""},{""name"":""lab-postgres"",""cpu"":""37.77%"",""mem"":""244.7MiB / 122.8GiB""},{""name"":""lab-mysql"",""cpu"":""11.12%"",""mem"":""726.5MiB / 122.8GiB""},{""name"":""lab-woocommerce-mysql"",""cpu"":""0.75%"",""mem"":""515.7MiB / 122.8GiB""}]"
2026-09-10T13:54:12Z,4,0,0,47,0,2669598387,"[{""name"":""lab-worker-1"",""cpu"":""5.76%"",""mem"":""139.3MiB / 122.8GiB""},{""name"":""lab-api"",""cpu"":""0.00%"",""mem"":""147.6MiB / 122.8GiB""},{""name"":""lab-allegro-stub"",""cpu"":""0.00%"",""mem"":""21.44MiB / 122.8GiB""},{""name"":""lab-erli-stub"",""cpu"":""0.00%"",""mem"":""18.05MiB / 122.8GiB""},{""name"":""lab-eparagony-stub"",""cpu"":""0.00%"",""mem"":""20.37MiB / 122.8GiB""},{""name"":""lab-invoicing-stub"",""cpu"":""0.00%"",""mem"":""16.6MiB / 122.8GiB""},{""name"":""lab-shipping-stub"",""cpu"":""0.00%"",""mem"":""16.58MiB / 122.8GiB""},{""name"":""lab-eparagony-stub-tls"",""cpu"":""0.00%"",""mem"":""23.3MiB / 122.8GiB""},{""name"":""lab-erli-stub-tls"",""cpu"":""0.00%"",""mem"":""22.67MiB / 122.8GiB""},{""name"":""lab-wc-tls"",""cpu"":""0.00%"",""mem"":""29.52MiB / 122.8GiB""},{""name"":""lab-prestashop"",""cpu"":""8.36%"",""mem"":""139.9MiB / 122.8GiB""},{""name"":""lab-woocommerce"",""cpu"":""0.01%"",""mem"":""315.3MiB / 122.8GiB""},{""name"":""lab-redis"",""cpu"":""0.73%"",""mem"":""80.8MiB / 122.8GiB""},{""name"":""lab-postgres"",""cpu"":""34.15%"",""mem"":""245.3MiB / 122.8GiB""},{""name"":""lab-mysql"",""cpu"":""8.54%"",""mem"":""726.5MiB / 122.8GiB""},{""name"":""lab-woocommerce-mysql"",""cpu"":""4.84%"",""mem"":""515.7MiB / 122.8GiB""}]"
2026-09-10T13:54:15Z,3,0,0,47,0,2669598387,"[{""name"":""lab-worker-1"",""cpu"":""3.55%"",""mem"":""139.3MiB / 122.8GiB""},{""name"":""lab-api"",""cpu"":""0.01%"",""mem"":""147.6MiB / 122.8GiB""},{""name"":""lab-allegro-stub"",""cpu"":""0.01%"",""mem"":""21.43MiB / 122.8GiB""},{""name"":""lab-erli-stub"",""cpu"":""3.85%"",""mem"":""25.56MiB / 122.8GiB""},{""name"":""lab-eparagony-stub"",""cpu"":""4.60%"",""mem"":""20.37MiB / 122.8GiB""},{""name"":""lab-invoicing-stub"",""cpu"":""0.00%"",""mem"":""16.6MiB / 122.8GiB""},{""name"":""lab-shipping-stub"",""cpu"":""0.00%"",""mem"":""16.58MiB / 122.8GiB""},{""name"":""lab-eparagony-stub-tls"",""cpu"":""0.00%"",""mem"":""23.3MiB / 122.8GiB""},{""name"":""lab-erli-stub-tls"",""cpu"":""0.00%"",""mem"":""22.67MiB / 122.8GiB""},{""name"":""lab-wc-tls"",""cpu"":""0.00%"",""mem"":""29.52MiB / 122.8GiB""},{""name"":""lab-prestashop"",""cpu"":""7.51%"",""mem"":""137.9MiB / 122.8GiB""},{""name"":""lab-woocommerce"",""cpu"":""0.01%"",""mem"":""315.3MiB / 122.8GiB""},{""name"":""lab-redis"",""cpu"":""0.73%"",""mem"":""80.79MiB / 122.8GiB""},{""name"":""lab-postgres"",""cpu"":""31.49%"",""mem"":""245.4MiB / 122.8GiB""},{""name"":""lab-mysql"",""cpu"":""8.30%"",""mem"":""726.5MiB / 122.8GiB""},{""name"":""lab-woocommerce-mysql"",""cpu"":""0.70%"",""mem"":""515.7MiB / 122.8GiB""}]"
